0,0,1229.652,-0.2419012,-0.2465301,-0.1218199,-0.3620041,-0.2471046,-0.1277172,-5.377793E-05,0.247726,0.3692007,0.2376511,0.3783855,0,0.1194641,0.8358118,-0.2414372,26,26,27,26,26,26,27,26,27,27,27,27,27,27,27,27
1,10,1230.376,-0.7256264,-0.2465301,-1.218657,-0.3620041,-0.2471046,-0.6385856,-5.377793E-05,0.3715886,0,0.3564771,0,0.3576473,0.2389265,0.4776066,0.4828761,26,26,27,26,26,26,27,26,27,27,27,27,27,27,27,27
2,20,1229.411,0.8464807,-0.6163256,0.243793,-0.6033402,0,-0.5108685,-0.3767858,0.3715886,-0.4922687,0.2376511,0.630643,0.1192152,0.1194641,0,0.2414388,26,26,27,26,26,26,27,26,27,27,27,27,27,27,27,27
3,30,1230.979,-0.6046823,0.1232654,-0.4874319,0.4826722,-0.9884181,-0.7663028,-0.2512088,-0.8670403,-0.8614699,-0.8317792,0,-0.119216,0,0.1194023,0,26,26,27,26,26,26,27,26,27,27,27,27,27,27,27,27
4,40,1230.497,0.1208992,-0.7395902,0.6094059,-0.6033402,0.7413135,-0.7663028,-0.2512088,-0.6193147,0.3692007,-0.1188259,-0.3783855,-0.3576481,-0.4778546,0.5970089,0.6035939,26,26,27,26,26,26,27,26,27,27,27,27,27,27,27,27
5,50,1231.341,-3.210623E-05,0.3697955,-0.2436899,0.6033402,-0.8648659,0.1277172,-0.7535179,0.123863,-0.6153359,-0.3564771,-0.504514,-0.2384321,-0.4778546,0.1194023,0.6035939,26,26,27,26,26,26,27,26,27,27,27,27,27,27,27,27
6,60,1230.979,-0.1209634,0.2465301,0.2437938,0.3620041,0,0.1277172,-0.1256309,-0.3715886,0.3692007,-0.3564771,0.630643,-0.5960802,0.1194641,-0.4776066,-0.1207178,26,26,27,26,26,26,27,26,27,27,27,27,27,27,27,27
7,70,1230.858,0.7255493,-0.1232654,-0.121819,0.2413361,-0.1235524,0.2554343,-0.3767858,0,-0.2461344,0.4753022,-0.630643,0.1192152,-1.314101,0,-0.8450295,26,26,27,26,26,26,27,26,27,27,27,27,27,27,27,27
8,80,1230.617,-3.210623E-05,0.3697955,0.1219226,0.4826722,0.2471044,0.3831515,-0.376785,0,0.8614694,0,-0.1261285,-0.2384321,0.4778546,-0.7164099,-0.362155,26,26,27,26,26,26,27,26,27,27,27,27,27,27,27,27
9,90,1230.255,0.3627618,0.1232654,0.4875355,0.3620041,0.7413135,0.1277172,0.3766791,0.3715886,-0.3692015,0,0,0.3576473,-0.9557109,0.5970089,-0.6035923,26,26,27,26,26,26,27,26,27,27,27,27,27,27,27,27
10,100,1230.376,-0.2418947,0.1232654,5.217262E-05,0.4826722,0.2471044,0.3831515,-0.2512079,0.3715886,0.2461336,0.5941281,0.252257,-0.4768642,0.8362468,0,0.9657505,26,26,27,26,26,26,27,26,27,27,27,27,27,27,27,27
11,110,1229.411,-0.8465449,-0.7395902,-0.7311732,-0.3620041,-0.2471046,0.1277172,0.5022562,-0.123863,-0.3692015,0.2376511,0.7567711,-0.3576481,-0.1194641,0.3582052,-0.1207178,26,26,27,26,26,26,27,26,27,27,27,27,27,27,27,27
12,120,1230.376,-0.7256136,0,-0.6093023,-0.2413361,-0.9884181,0.2554343,-0.5023621,-0.247726,-0.3692015,0.4753022,0,-0.119216,0.1194641,0.3582052,-0.1207178,26,26,27,26,26,26,27,26,27,27,27,27,27,27,27,27
13,130,1230.255,0.4836867,-0.4930601,-0.2436899,-0.2413361,0.123552,-0.2554341,-0.7535171,0.123863,-0.123068,-0.5941281,0.1261285,-0.3576481,0.5973187,0.3582052,0.3621566,26,26,27,26,26,26,27,26,27,27,27,27,27,27,27,27
14,140,1230.738,-0.2418947,-0.2465301,-0.3655607,0.2413361,-1.235523,-0.6385856,-1.004672,-0.9909033,-0.7384031,0.1188251,-0.252257,-0.3576481,-0.1194641,0.1194023,-0.1207178,26,26,27,26,26,26,27,26,27,27,27,27,27,27,27,27
15,150,1230.135,0.1208992,-0.6163256,1.096889,-0.8446763,0.2471044,-0.89402,-0.5023621,-0.247726,-0.123068,-0.2376511,-0.1261285,-0.2384321,-0.1194641,-0.2388037,0.4828761,26,26,27,26,26,26,27,26,27,27,27,27,27,27,27,27
16,160,1230.014,-0.1209634,0.1232654,-0.2436899,0.7240083,-0.4942091,0.1277172,-0.62794,-0.123863,-0.7384031,-0.2376511,-0.1261285,-0.119216,-0.3583922,0.5970089,0,26,26,27,26,26,26,27,26,27,27,27,27,27,27,27,27
17,170,1230.979,0.3627618,0,-0.121819,0.120668,0.4942091,-0.2554341,0.1255241,-0.8670403,0.7384023,-0.8317792,0.7567711,-0.2384321,0.3583906,-0.1194015,-0.1207178,26,26,27,26,26,26,27,26,27,27,27,27,27,27,27,27
18,180,1230.617,0.362794,-0.2465301,0.1219226,0.4826722,-0.3706568,0.3831515,-0.5023621,0.4954517,-0.7384031,0.4753022,-1.135157,0.2384313,-1.314101,-0.4776066,-0.362155,26,26,27,26,26,26,27,26,27,27,27,27,27,27,27,27
19,190,1230.255,-0.3627875,0.1232654,0.3656642,0.3620041,0.6177611,0,0.8789882,-0.3715886,0.1230664,-0.1188259,0.1261285,-0.7152954,0.7167827,0.1194023,0.3621566,26,26,27,26,26,26,27,26,27,27,27,27,27,27,27,27
20,200,1230.858,0.1209313,-0.3697955,0.7312763,0.7240083,0.2471044,0.5108687,-0.376785,0,0,0.4753022,0.3783855,0.3576473,-0.4778546,-0.1194015,-0.9657489,26,26,27,26,26,26,27,26,27,27,27,27,27,27,27,27
21,210,1230.135,-0.1209313,0,-0.2436903,0.2413361,0.2471044,0.2554343,-0.2512079,0.4954517,0,0.2376511,0.7567711,-0.119216,0.2389265,0,0.3621566,26,26,27,26,26,26,27,26,27,27,27,27,27,27,27,27
22,220,1229.773,-0.1209313,-0.3697955,-0.1218199,0,-5.136996E-05,-0.5108685,0.3766791,0.4954517,0.6153351,0.1188251,0.504514,0,-0.5973187,0.5970089,-0.1207178,26,26,27,26,26,26,27,26,27,27,27,27,27,27,27,27
23,230,1230.738,-0.8465128,-0.4930601,-0.3655611,-0.120668,0.1235014,0.3831515,-5.297528E-05,0.4954517,0.2461336,0.1188251,0,-0.119216,0.2389265,0.3582052,0.6035939,26,26,27,26,26,26,27,26,27,27,27,27,27,27,27,27
24,240,1230.014,0,-0.7395902,0.1219218,-0.4826722,0.1235014,-0.6385856,-0.7535179,0.3715886,0.3692007,0.3564771,0.252257,-0.4768642,0.5973187,0.3582052,0.1207194,26,26,27,26,26,26,27,26,27,27,27,27,27,27,27,27
25,250,1230.979,0.2418626,0.4930601,-0.2436903,0.120668,-0.4942601,-0.2554341,-0.5023629,-0.4954517,-0.6153359,-0.1188259,0.1261285,0,-0.4778546,0.1194023,-0.1207178,26,26,27,26,26,26,27,26,27,27,27,27,27,27,27,27
26,260,1230.617,0.2418626,-0.4930601,0.1219218,0,1.111919,-0.5108685,-0.2512088,-0.8670403,0.2461336,-0.7129533,-0.1261285,-0.3576481,0,0.4776066,-0.1207178,26,26,27,26,26,26,27,26,27,27,27,27,27,27,27,27
27,270,1231.1,0,0.6163256,0.1219218,0.6033402,-0.2471557,0.3831515,-0.2512088,0.3715886,-0.7384031,-0.3564771,-1.513543,-1.072944,-0.7167827,-0.3582052,-0.6035923,26,26,27,26,26,26,27,26,27,27,27,27,27,27,27,27
28,280,1230.979,-0.1209313,0,-0.1218199,0.2413361,0.6177102,-0.1277172,0.3766783,-0.3715886,0.2461336,-0.7129533,-0.3783855,-0.9537275,-0.4778546,0,-0.362155,26,26,27,26,26,26,27,26,27,27,27,27,27,27,27,27
29,290,1230.858,0.4837252,-0.1232654,0.243793,0.120668,-5.136996E-05,0.5108687,-5.377793E-05,0.3715886,-0.6153359,0.2376511,0,0.3576473,-1.194637,0.4776066,-0.4828745,26,26,27,26,26,26,27,26,27,27,27,27,27,27,27,27
30,300,1230.255,-0.1209313,-0.4930601,-0.1218199,0.6033402,-5.136996E-05,0.7663028,0.5022554,0.247726,0,-0.4753022,0.504514,-0.7152954,0.5973187,-0.3582052,0.6035939,26,26,27,26,26,26,27,26,27,27,27,27,27,27,27,27
31,310,1229.894,0,-0.3697955,0.4875347,-0.120668,0.6177102,0.5108687,0.3766783,-0.247726,0.4922679,-0.1188259,-0.3783855,0.4768634,-0.4778546,0.955214,-1.207186,26,26,27,26,26,26,27,26,27,27,27,27,27,27,27,27
32,320,1229.773,-0.8465128,-0.8628557,-0.3655611,0.3620041,0.6177102,0.6385858,0.5022554,-0.123863,0.1230664,0.4753022,0.3783855,0.1192152,0.2389265,-0.1194015,0.8450311,26,26,27,26,26,26,27,26,27,27,27,27,27,27,27,27
33,330,1229.652,0.2418626,-0.3697955,-0.2436903,-0.9653444,-0.7413647,0.2554343,0.3766783,0.123863,0.6153351,-0.2376511,0.3783855,0,-0.1194641,0.2388037,0.3621566,26,26,27,26,26,26,27,26,27,27,27,27,27,27,27,27
34,340,1230.617,-0.362826,0.6163256,-0.4874319,-0.2413361,-0.6178125,-0.1277172,-0.6279408,-0.123863,-0.3692015,-0.3564771,0.630643,0.4768634,0.1194641,0.4776066,0.1207194,26,26,27,26,26,26,27,26,27,27,27,27,27,27,27,27
35,350,1230.014,0.3627618,-0.1232654,0.3656634,-0.4826722,0.2470534,-0.1277172,-0.2512088,-0.123863,-0.7384031,0,0.7567711,-0.2384321,0.4778546,0.2388037,0.8450311,26,26,27,26,26,26,27,26,27,27,27,27,27,27,27,27
36,360,1230.738,-3.210623E-05,0.3697955,0.2437938,0.8446763,-0.8649171,0.3831515,-1.255827,0.123863,-0.7384031,-0.7129533,-0.7567714,-0.7152954,-0.8362468,0.1194023,-0.2414372,26,26,27,26,26,26,27,26,27,27,27,27,27,27,27,27
37,370,1231.1,0.6046181,-0.1232654,5.217262E-05,0,0.3706058,0.2554343,-0.1256309,-0.4954517,-0.6153359,-0.7129533,0.3783855,-0.2384321,0,-0.1194015,0.2414388,26,26,27,26,26,26,27,26,27,27,27,27,27,27,27,27
38,380,1231.22,0.7255493,0.6163256,-0.121819,0.6033402,-0.1235528,0.5108687,-0.3767858,-0.123863,-0.7384031,0.3564771,-1.009028,-0.3576481,-1.194637,-0.4776066,-0.362155,26,26,27,26,26,26,27,26,27,27,27,27,27,27,27,27
39,390,1230.979,-3.210623E-05,0.6163256,-0.121819,0.4826722,0.4942088,-0.1277172,-5.377793E-05,-0.6193147,0.8614694,-0.4753022,0,-0.3576481,-0.1194641,-0.2388037,-0.4828745,26,26,27,26,26,26,27,26,27,27,27,27,27,27,27,27
40,400,1230.859,0.2418305,0.2465301,0.4875355,0,0.3706564,0.1277172,0.2511028,0.4954517,-0.3692015,0.5941281,0.3783855,0.2384313,-1.075175,0.2388037,-0.4828745,26,26,27,26,26,26,27,26,27,27,27,27,27,27,27,27
41,410,1229.773,-0.4837509,-0.2465301,-0.2436899,0.3620041,0.247104,0.3831515,0.1255249,0.247726,0.1230664,0.5941281,0,-0.2384321,0.5973187,-0.4776066,0.6035939,26,26,27,26,26,26,27,26,27,27,27,27,27,27,27,27
42,420,1230.135,-0.7256136,-0.3697955,5.217262E-05,0.2413361,-4.013278E-07,0,0.2511028,0.3715886,0.6153351,0,0.3783855,-0.2384321,0.2389265,0.7164103,-0.4828745,26,26,27,26,26,26,27,26,27,27,27,27,27,27,27,27
43,430,1230.255,-0.8465449,0.1232654,5.217262E-05,0,-0.4942093,0.5108687,0.1255249,0.247726,0,0.1188251,0.252257,-0.119216,0,0.2388037,0.6035939,26,26,27,26,26,26,27,26,27,27,27,27,27,27,27,27
44,440,1229.652,-0.1209634,-0.6163256,0.1219226,-0.6033402,-4.013278E-07,0.1277172,-0.2512071,0.123863,-0.123068,0.2376511,0.252257,0.1192152,0.2389265,0,0.1207194,26,26,27,26,26,26,27,26,27,27,27,27,27,27,27,27
45,450,1230.859,-0.4837509,0.6163256,-0.2436899,0.3620041,-0.7413139,-0.5108685,-0.6279392,-0.3715886,-0.2461344,-0.2376511,0,0.2384313,0,0,0.4828761,26,26,27,26,26,26,27,26,27,27,27,27,27,27,27,27
46,460,1230.376,0.6046181,-0.3697955,0.6094059,-0.120668,0.7413131,-0.5108685,-0.5023613,-0.3715886,-0.123068,-0.3564771,-0.630643,-0.2384321,-0.5973187,-0.2388037,0.2414388,26,26,27,26,26,26,27,26,27,27,27,27,27,27,27,27
47,470,1230.255,-0.362826,-0.1232654,0.4875355,0.6033402,0.123552,0,-0.1256293,-0.123863,-0.7384031,0,-0.7567714,-0.2384321,-0.8362468,-0.3582052,-0.4828745,26,26,27,26,26,26,27,26,27,27,27,27,27,27,27,27
48,480,1230.859,0.3627618,0,-0.3655607,0.3620041,0.7413131,-0.5108685,0.502257,-0.123863,0.7384023,-0.5941281,-0.504514,-0.7152954,-0.2389281,-0.4776066,-0.4828745,26,26,27,26,26,26,27,26,27,27,27,27,27,27,27,27
49,490,1230.858,0.967412,-0.2465301,0.4875355,0.6033402,-4.013278E-07,0,-5.217262E-05,1.114766,-0.6153359,0.1188251,-0.252257,-0.5960802,-0.9557109,-0.1194015,-0.7243116,26,26,27,26,26,26,27,26,27,27,27,27,27,27,27,27
50,500,1230.376,0.241548,0.3697955,-0.121819,0.4826722,0.123552,-0.5108685,0.3766799,-0.247726,0.4922679,-0.7129533,-0.1261285,-0.8345115,0,-0.597008,0.1207194,26,26,27,26,26,26,27,26,27,27,27,27,27,27,27,27
51,510,1230.135,0.4833657,0.1232654,0.6094059,0.8446763,0.6177607,0,-0.3767842,0.6193147,-0.7384031,0.2376511,-0.3783855,0.8345115,-0.7167827,0.8358118,-1.086467,26,26,27,26,26,26,27,26,27,27,27,27,27,27,27,27
52,520,1230.135,0.36246,0.2465301,-0.2436899,0.6033402,-0.2471048,0.5108687,0.2511028,0.3715886,0.2461336,0.2376511,0.630643,0,0.7167827,0.2388037,0.9657505,26,26,27,26,26,26,27,26,27,27,27,27,27,27,27,27
53,530,1229.411,-0.2420874,-0.3697955,5.217262E-05,-0.2413425,-0.2471048,-0.3831513,0.1255249,-0.123863,0.7384023,-0.1188259,0.630643,0.3576473,-0.2389281,0.5970089,0,26,26,27,26,26,26,27,26,27,27,27,27,27,27,27,27
54,540,1230.135,-0.483905,-0.2465301,-0.6093023,-0.1206745,-0.1236034,-0.6385856,-0.3767842,0.123863,-0.3692015,-0.3564771,0.1261285,0,-0.5973187,0.2388037,0.2414388,26,26,27,26,26,26,27,26,27,27,27,27,27,27,27,27
55,550,1229.894,-0.2420874,-0.9861203,-0.121819,-0.4826786,-0.1236034,-0.2554341,-0.8790934,-0.6193147,-0.4922687,-0.5941281,0.504514,-0.5960802,-0.2389281,0.7164103,0.7243133,26,26,27,26,26,26,27,26,27,27,27,27,27,27,27,27
56,560,1231.22,-0.0002696923,0.1232654,-0.2436899,0.8446699,-0.9884692,-0.3831513,-0.5023629,-0.6193147,-0.6153359,-0.2376511,0.1261285,-0.119216,-0.1194641,0.1194023,0.2414388,26,26,27,26,26,26,27,26,27,27,27,27,27,27,27,27
57,570,1230.617,-0.1211817,-0.3697955,0.2437938,-0.8446828,0.6177102,-0.5108685,-0.5023629,-0.7431773,0.1230664,-0.4753022,0.504514,-0.119216,0.2389265,0.1194023,0.6035939,26,26,27,26,26,26,27,26,27,27,27,27,27,27,27,27
58,580,1231.1,-0.7257227,0.6163256,-0.3655607,0.3619977,-0.4942601,0.1277172,-0.3767858,-0.123863,-0.8614699,0,0.1261285,-0.2384321,-0.4778546,-0.1194015,0,26,26,27,26,26,26,27,26,27,27,27,27,27,27,27,27
59,590,1231.1,0.6042777,0,-0.121819,-0.2413425,0.7412626,-0.3831513,0.5022554,-0.7431773,-0.2461344,-0.7129533,-0.1261285,-1.311376,-0.4778546,0.2388037,-0.2414372,26,26,27,26,26,26,27,26,27,27,27,27,27,27,27,27
60,600,1230.497,0.4833657,0,5.217262E-05,0.1206616,-5.136996E-05,0.5108687,-0.1256309,0.7431773,-0.2461344,0.7129533,-0.7567714,0.4768634,-1.194637,-0.2388037,-0.6035923,26,26,27,26,26,26,27,26,27,27,27,27,27,27,27,27
61,610,1230.738,0.4833657,0.4930601,0.2437938,0.3619977,-0.2471557,0.3831515,0.1255233,-0.123863,0.7384023,-0.7129533,0.3783855,-0.5960802,0.4778546,-0.597008,-0.2414372,26,26,27,26,26,26,27,26,27,27,27,27,27,27,27,27
62,620,1230.738,0.6042777,-0.7395902,0.4875355,-6.421245E-06,0.6177102,0.2554343,-0.2512088,0.123863,-0.3692015,0.1188251,0.1261285,0.3576473,-0.8362468,-0.2388037,-0.1207178,26,26,27,26,26,26,27,26,27,27,27,27,27,27,27,27
63,630,1229.773,-0.0002696923,0.1232654,-0.2436899,0.3619977,-5.136996E-05,0.3831515,0.2511012,0.123863,-0.2461344,0.3564771,0.3783855,-0.119216,0.7167827,0.2388037,0.4828761,26,26,27,26,26,26,27,26,27,27,27,27,27,27,27,27
64,640,1229.894,-0.6048171,-0.4930601,0.1219226,0.3619977,-5.136996E-05,0.3831515,-5.377793E-05,0.4954517,0,0.2376511,0.3783855,0.4768634,-0.2389281,0.3582052,-0.362155,26,26,27,26,26,26,27,26,27,27,27,27,27,27,27,27
65,650,1230.617,-0.6048171,0,-0.4874315,-6.421245E-06,-0.4942601,-0.3831513,0.3766783,-0.123863,-0.3692015,0.3564771,-0.1261285,0.4768634,0.1194641,0.1194023,0.1207194,26,26,27,26,26,26,27,26,27,27,27,27,27,27,27,27
66,660,1230.617,0.1208992,-1.602446,-0.121819,-0.3620105,-0.1236034,-0.2554341,-0.7535179,-0.3715886,0.1230664,0.1188251,1.009029,0.2384313,0.5973187,-0.2388037,0.4828761,26,26,27,26,26,26,27,26,27,27,27,27,27,27,27,27
67,670,1230.376,0.1208992,0.4930601,-0.2436899,0.1206616,-0.4942601,0.2554343,-0.879095,-0.123863,-0.7384031,-0.9506044,-0.1261285,-0.119216,-0.5973187,0.5970089,0.4828761,26,26,27,26,26,26,27,26,27,27,27,27,27,27,27,27
68,680,1230.738,0.2418305,-0.4930601,0.4875355,-0.6033466,0.4941582,-0.7663028,-0.5023629,-0.7431773,0,-0.7129533,0,0.2384313,-0.2389281,0.2388037,0.2414388,26,26,27,26,26,26,27,26,27,27,27,27,27,27,27,27
69,690,1230.617,-3.210623E-05,0.6163256,-0.853044,0.3620041,-0.6178125,0.1277172,-1.13025,0.123863,-1.353738,-0.9506044,0.1261285,-0.8345115,-0.1194641,-0.1194015,0.4828761,26,26,27,26,26,26,27,26,27,27,27,27,27,27,27,27
70,700,1230.738,-0.1209634,-0.1232654,0.1219226,0.120668,0.6177611,0.2554343,-5.377793E-05,-0.3715886,0.1230664,-0.5941281,-0.1261285,-0.8345115,-0.2389281,-0.3582052,-0.2414372,26,26,27,26,26,26,27,26,27,27,27,27,27,27,27,27
71,710,1230.135,0.6046181,-0.2465301,-0.121819,0.6033402,0.4942091,0.2554343,-0.7535179,0.3715886,-1.107604,0.1188251,-0.252257,-0.2384321,-1.672494,-0.8358118,-0.362155,26,26,27,26,26,26,27,26,27,27,27,27,27,27,27,27
72,720,1230.979,0.3627618,0.4930601,0.4875355,1.086012,0.9884179,0,0.5022554,-0.123863,0.8614694,-0.4753022,0,-0.9537275,0,0.1194023,-0.6035923,26,26,27,26,26,26,27,26,27,27,27,27,27,27,27,27
73,730,1230.497,0.6046181,0.1232654,0.2437938,0.120668,0.3706568,0,-0.5023629,0.123863,-0.4922687,0.5941281,-0.1261285,0.2384313,-0.4778546,-0.3582052,-0.4828745,26,26,27,26,26,26,27,26,27,27,27,27,27,27,27,27
74,740,1230.255,0.6046181,0.4930601,0.3656642,0.6033402,-0.2471046,0.1277172,0.1255233,-0.123863,0.3692007,0.1188251,0,-0.9537275,0.5973187,-0.3582052,0.7243133,26,26,27,26,26,26,27,26,27,27,27,27,27,27,27,27
75,750,1230.135,0.8464807,-0.2465301,0.4875355,-0.120668,0.4942091,0.1277172,0.6278332,0.123863,-0.2461344,0.4753022,0.1261285,0.3576473,-0.8362468,0.2388037,-0.362155,26,26,27,26,26,26,27,26,27,27,27,27,27,27,27,27
76,760,1230.255,-0.7256136,0.6163256,5.217262E-05,-0.120668,-0.2471046,0.2554343,-5.377793E-05,0.123863,0.1230664,0.2376511,0,0.2384313,0,-0.3582052,0.1207194,26,26,27,26,26,26,27,26,27,27,27,27,27,27,27,27
77,770,1230.255,-0.362826,-0.2465301,0.1219226,-0.120668,0.123552,0,0.3766783,0,0,0,0.3783855,0.2384313,0,0.2388037,-0.6035923,26,26,27,26,26,26,27,26,27,27,27,27,27,27,27,27
78,780,1230.497,-0.7256136,0,-1.096786,0,-0.4942091,-0.5108685,-0.6279408,0.247726,-0.123068,0.7129533,0.630643,0,0,0.2388037,0,26,26,27,26,26,26,27,26,27,27,27,27,27,27,27,27
79,790,1230.376,-0.4837509,-1.109386,-0.2436899,-0.8446763,0,-0.6385856,-0.3767858,-0.247726,0.1230664,-0.1188259,0.7567711,0.1192152,-0.1194641,0.1194023,0,26,26,27,26,26,26,27,26,27,27,27,27,27,27,27,27
80,800,1230.497,-0.2418947,-0.1232654,-0.7311732,-0.4826722,-0.1235524,0.1277172,-0.5023629,-0.247726,-0.6153359,0.1188251,0.630643,0.1192152,0,0.8358118,0.3621566,26,26,27,26,26,26,27,26,27,27,27,27,27,27,27,27
81,810,1230.255,0.2418305,-0.2465301,0.1219226,-0.6033402,0.123552,-0.2554341,-0.7535179,-0.247726,0,-0.4753022,-0.504514,-0.3576481,0.1194641,-0.2388037,0.4828761,26,26,27,26,26,26,27,26,27,27,27,27,27,27,27,27
82,820,1230.738,0.1208864,0,-0.2436899,0.8446763,-0.4942091,0.1277172,-1.632559,-0.123863,-0.6153359,0,-0.504514,-0.2384321,-0.7167827,-0.4776066,-0.8450295,26,26,27,26,26,26,27,26,27,27,27,27,27,27,27,27
83,830,1230.738,0.1208864,-0.2465301,-0.2436899,0.2413361,0.6177611,-0.3831513,0.2511012,-0.4954517,0.2461336,-0.5941281,-0.1261285,-0.3576481,-0.3583922,-0.1194015,-0.2414372,26,26,27,26,26,26,27,26,27,27,27,27,27,27,27,27
84,840,1230.859,0.2418177,0.2465301,0.243793,0.120668,0,0,-0.5023629,0.247726,-1.476805,-0.1188259,-0.504514,-0.119216,-0.7167827,-0.8358118,-0.6035923,26,26,27,26,26,26,27,26,27,27,27,27,27,27,27,27
85,850,1230.255,0.1208864,0.7395902,-0.1218199,0.2413361,0.3706568,0.1277172,0.5022554,-0.7431773,0.6153351,0,0.504514,-0.4768642,0.2389265,-0.4776066,0,26,26,27,26,26,26,27,26,27,27,27,27,27,27,27,27
86,860,1230.376,0.6046116,-0.8628557,0.243793,0.3620041,0.7413131,-0.1277172,0.1255233,0,0,0.4753022,-0.630643,0.1192152,-0.9557109,0,-0.7243116,26,26,27,26,26,26,27,26,27,27,27,27,27,27,27,27
87,870,1230.617,-3.852747E-05,0.1232654,-0.1218199,0.4826722,0.6177607,0.8940201,-0.3767858,0.123863,0.6153351,-0.1188259,0.252257,-0.3576481,0.3583906,-0.2388037,0,26,26,27,26,26,26,27,26,27,27,27,27,27,27,27,27
88,880,1230.376,0.1208864,0.2465301,0.243793,0.120668,0.4942088,0.1277172,0.2511028,0.123863,-0.2461344,0.3564771,-0.1261285,0.2384313,-0.4778546,0.1194023,-1.086467,26,26,27,26,26,26,27,26,27,27,27,27,27,27,27,27
89,890,1230.135,-0.3628325,-0.1232654,-0.2436903,0,0.6177607,0.3831515,0.1255249,0.6193147,0.7384023,0.2376511,0.8828996,-0.4768642,0.7167827,0,0.1207194,26,26,27,26,26,26,27,26,27,27,27,27,27,27,27,27
90,900,1229.17,-0.8465513,-0.6163256,5.136996E-05,0.4826722,0.3706564,0.1277172,0.2511028,0.247726,0.8614694,-0.2376511,0,-0.5960802,-0.2389281,0.4776066,-0.2414372,26,26,27,26,26,26,27,26,27,27,27,27,27,27,27,27
91,910,1230.497,-0.4837638,-0.2465301,-0.4874319,-0.4826722,-0.8648661,-0.2554341,-0.2512071,0.6193147,0,0.3564771,0.1261285,0.3576473,0.1194641,0.5970089,0.7243133,26,26,27,26,26,26,27,26,27,27,27,27,27,27,27,27
92,920,1230.255,-0.6046951,-0.9861203,-0.6093028,-0.4826722,-0.1235528,-0.1277172,-5.217262E-05,0.123863,0.1230664,0,0.252257,-0.119216,-0.1194641,0.3582052,0.3621566,26,26,27,26,26,26,27,26,27,27,27,27,27,27,27,27
93,930,1230.979,-0.6046951,0,-0.1218199,0,-0.6177616,-0.1277172,-1.004671,-0.7431773,-0.8614699,0,0.1261285,-0.3576481,0,0.5970089,0.3621566,26,26,27,26,26,26,27,26,27,27,27,27,27,27,27,27
94,940,1230.497,0.4836803,-0.1232654,0.7312763,-0.6033402,0.4942088,-0.89402,-0.2512071,-0.6193147,-0.2461344,0,-0.1261285,0.1192152,0.4778546,0.1194023,0.4828761,26,26,27,26,26,26,27,26,27,27,27,27,27,27,27,27
95,950,1230.979,0.1208864,0.8628557,-0.1218199,0.3620041,-0.6177616,0,-1.004671,-0.123863,-1.107604,-0.8317792,-0.630643,-0.3576481,-0.3583922,0,-0.2414372,26,26,27,26,26,26,27,26,27,27,27,27,27,27,27,27
96,960,1230.859,0.2418177,-0.2465301,0.4875347,-0.2413361,0.247104,-0.5108685,0.1255249,-0.6193147,-0.123068,-0.7129533,-0.252257,-0.8345115,0,-0.1194015,0,26,26,27,26,26,26,27,26,27,27,27,27,27,27,27,27
97,970,1231.22,0.6046116,-0.2465301,0.3656634,0.6033402,0.247104,0.5108687,-5.217262E-05,0.247726,-0.7384031,0.1188251,-0.504514,0.2384313,-0.9557109,0.1194023,-0.9657489,26,26,27,26,26,26,27,26,27,27,27,27,27,27,27,27
98,980,1230.617,-3.852747E-05,0.6163256,0.1219218,0.8446763,-0.2471048,0,-0.1256293,-0.123863,-0.123068,-0.1188259,0.3783855,-0.4768642,0.5973187,-0.3582052,0.2414388,26,26,27,26,26,26,27,26,27,27,27,27,27,27,27,27
99,990,1230.858,0.362749,0,0.7312763,0.4826722,0.247104,0.1277172,0.2511028,0.123863,0.2461336,0.1188251,0.3783855,0.3576473,-0.3583922,0.3582052,-0.9657489,26,26,27,26,26,26,27,26,27,27,27,27,27,27,27,27
100,1000,1230.255,-0.2419012,-0.1232654,-0.3656113,0.120668,-0.4942093,0.7663028,-0.3767842,0.4954517,0.2461336,0.5941281,0.3783855,-0.3576481,0.2389265,-0.1194015,0,26,26,27,26,26,26,27,26,27,27,27,27,27,27,27,27
101,1010,1229.894,-0.3628325,-0.2465301,-0.6093529,-0.2413425,0.6177607,-0.1277172,0.502257,0.123863,0.3692007,0,0.252257,0.1192152,-0.1194641,0.1194023,-0.362155,26,26,27,26,26,26,27,26,27,27,27,27,27,27,27,27
102,1020,1230.979,-0.7256264,-0.1232654,-0.7312238,0.1206616,-0.3706568,0.5108687,-0.1256293,0.4954517,-0.123068,0.1188251,0.1261285,0.4768634,-0.4778546,-0.4776066,0.1207194,26,26,27,26,26,26,27,26,27,27,27,27,27,27,27,27
103,1030,1230.135,0.6046116,-0.7395902,-0.4874821,-0.8446828,-0.2471046,0,-0.1256293,-0.123863,-0.3692015,0.1188251,0.3783855,-0.3576481,0.2389265,0.2388037,0.1207194,26,26,27,26,26,26,27,26,27,27,27,27,27,27,27,27
104,1040,1231.1,-0.6046951,-0.1232654,-0.6093529,-6.421245E-06,-1.11197,-0.3831513,-0.3767858,-0.247726,0.1230664,0.2376511,0.1261285,0.1192152,0.3583906,0.5970089,0.1207194,26,26,27,26,26,26,27,26,27,27,27,27,27,27,27,27
105,1050,1230.617,0.362749,-0.7395902,-0.2437404,-0.6033466,0.6177611,-0.6385856,-0.2512088,-0.123863,-0.4922687,-0.4753022,-0.3783855,-0.3576481,0.1194641,0.2388037,1.086468,26,26,27,26,26,26,27,26,27,27,27,27,27,27,27,27
106,1060,1230.979,-0.4837638,0.3697955,-0.8530946,0.4826657,-0.6177613,-0.2554341,-0.5023629,-0.4954517,-0.9845371,-0.2376511,-0.1261285,-0.119216,-0.7167827,-0.1194015,0.1207194,26,26,27,26,26,26,27,26,27,27,27,27,27,27,27,27
107,1070,1230.738,0.2418177,-0.2465301,0.6093553,-0.2413425,0.3706568,-1.021737,-0.1256309,-0.123863,-0.4922687,-0.9506044,0.1261285,-0.7152954,0.3583906,0.2388037,-0.2414372,26,26,27,26,26,26,27,26,27,27,27,27,27,27,27,27
108,1080,1230.858,0.6046116,0,0.121872,0.4826657,-0.7413135,0.6385858,-0.5023629,0.247726,-0.8614699,0.2376511,-0.1261285,-0.119216,-1.194637,-0.9552136,-0.6035923,26,26,27,26,26,26,27,26,27,27,27,27,27,27,27,27
109,1090,1231.1,-3.852747E-05,-0.1232654,0.121872,0.3619977,0.2471044,0,0.6278332,-0.3715886,0.1230664,-0.4753022,-0.1261285,-0.5960802,-0.1194641,-0.9552136,0.2414388,26,26,27,26,26,26,27,26,27,27,27,27,27,27,27,27
110,1100,1230.738,0.2418177,0,0.4874841,0.2413297,0.6177611,0.1277172,0.2511012,0.7431773,-0.6153359,0.1188251,-0.504514,-0.4768642,-0.5973187,-0.2388037,-0.9657489,26,26,27,26,26,26,27,26,27,27,27,27,27,27,27,27
111,1110,1230.858,-3.852747E-05,0.2465301,0.121872,0.8446699,0.3706568,0.5108687,-0.1256309,-0.123863,0.7384023,-0.3564771,0.1261285,-0.2384321,0.8362468,0.1194023,0.1207194,26,26,27,26,26,26,27,26,27,27,27,27,27,27,27,27
112,1120,1230.497,-0.1209698,-0.3697955,-0.7312238,-0.1206745,0.3706568,-0.1277172,0.5022554,-0.247726,0.3692007,0.1188251,-0.1261285,0.3576473,0.1194641,-0.1194015,-0.4828745,26,26,27,26,26,26,27,26,27,27,27,27,27,27,27,27
113,1130,1229.532,-1.088414,-0.1232654,-0.4874821,0.2413297,-0.3706568,-0.1277172,-0.1256309,0.7431773,-0.123068,0.4753022,-0.504514,0.3576473,0.2389265,0.4776066,0.3621566,26,26,27,26,26,26,27,26,27,27,27,27,27,27,27,27
114,1140,1230.135,-0.3629994,-1.109386,-0.1218696,0.4826657,0.6177611,-0.3831513,0.2511012,0.123863,0.1230664,-0.1188259,0.252257,0,-0.1194641,0.4776066,-0.1207178,26,26,27,26,26,26,27,26,27,27,27,27,27,27,27,27
115,1150,1230.255,-0.2420874,-0.3697955,-0.6093529,-6.421245E-06,-0.3706568,0,-0.1256309,0,0,0.3564771,0.3783855,-0.119216,0.2389265,0.2388037,-0.1207178,26,26,27,26,26,26,27,26,27,27,27,27,27,27,27,27
116,1160,1229.652,-0.0002696923,-0.6163256,0.3656642,-0.4826786,0.6177611,-0.5108685,-0.6279408,-0.3715886,0.1230664,0.1188251,-0.252257,-0.5960802,0.4778546,0.4776066,0.7243133,26,26,27,26,26,26,27,26,27,27,27,27,27,27,27,27
117,1170,1230.858,0.241548,0.4930601,-0.9749148,0.120668,-0.9884181,-0.5108685,-0.7535179,-0.123863,-0.9845371,-0.1188259,0,0.2384313,-0.7167827,0.5970089,0,26,26,27,26,26,26,27,26,27,27,27,27,27,27,27,27
118,1180,1230.617,0.4833657,-0.6163256,5.217262E-05,-0.3620041,0.2471044,-1.660323,-5.377793E-05,-0.4954517,-0.4922687,-1.188256,-0.504514,-0.9537275,-0.2389281,0.2388037,0.2414388,26,26,27,26,26,26,27,26,27,27,27,27,27,27,27,27
119,1190,1230.858,0.1206424,-0.1232654,0.2437938,0.7240083,-0.4942091,0.2554343,-0.7535179,-0.247726,-0.6153359,0.1188251,-0.3783855,-0.3576481,-0.8362468,-0.2388037,-0.4828745,26,26,27,26,26,26,27,26,27,27,27,27,27,27,27,27
120,1200,1230.858,-0.1211817,0,0.3656642,0.6033402,0.3706568,-0.2554341,0.251102,-0.247726,0.6153351,-0.5941281,0.630643,-0.5960802,0.4778546,-0.8358118,-0.1207178,26,26,27,26,26,26,27,26,27,27,27,27,27,27,27,27
121,1210,1230.858,0.6042777,0.1232654,0.4875355,0.6033402,0.3706568,-0.1277172,-0.2512079,1.114766,-0.4922687,0.7129533,-0.252257,0.3576473,-1.194637,-0.2388037,-0.6035923,26,26,27,26,26,26,27,26,27,27,27,27,27,27,27,27
122,1220,1230.617,0.36246,0,0.4875355,0.4826722,0.3706568,0.5108687,0.1255241,0.123863,0.4922679,-0.8317792,1.009029,-0.8345115,0,-0.597008,-0.1207178,26,26,27,26,26,26,27,26,27,27,27,27,27,27,27,27
123,1230,1230.617,0.1206424,-0.6163256,0.7312771,-0.120668,0.6177611,0,0.3766791,-0.123863,0.2461336,-0.3564771,0,0.3576473,-0.4778546,0.4776066,-0.7243116,26,26,27,26,26,26,27,26,27,27,27,27,27,27,27,27
124,1240,1230.014,-0.7257227,-0.4930601,-0.2436899,0.120668,-0.2471046,0.3831515,-0.2512079,0.6193147,-0.3692015,0.1188251,0.504514,0,0.2389265,-0.1194015,0.3621566,26,26,27,26,26,26,27,26,27,27,27,27,27,27,27,27
125,1250,1229.652,-0.483905,-0.9861203,-0.4874315,-0.8446763,-0.6177613,-0.1277172,0.1255241,-0.123863,0.6153351,0.2376511,0.3783855,0,0,0.2388037,-0.7243116,26,26,27,26,26,26,27,26,27,27,27,27,27,27,27,27
126,1260,1230.738,-0.8466348,-0.6163256,-0.7311732,-0.2413361,-0.1235524,-0.5108685,-0.62794,0.123863,-0.123068,0.8317792,0,0.1192152,-0.2389281,0.955214,0.3621566,26,26,27,26,26,26,27,26,27,27,27,27,27,27,27,27
127,1270,1229.773,0.241548,-0.6163256,5.217262E-05,-0.3620041,0.123552,-0.7663028,-0.2512079,0.123863,0.1230664,-0.2376511,0.504514,-0.119216,-0.1194641,0.2388037,0.2414388,26,26,27,26,26,26,27,26,27,27,27,27,27,27,27,27
128,1280,1230.376,0.241548,0.4930601,-0.7311732,0.4826722,-0.2471046,0,-0.62794,-0.3715886,-0.4922687,-0.4753022,-0.1261285,-0.5960802,-0.4778546,0.1194023,-0.2414372,26,26,27,26,26,26,27,26,27,27,27,27,27,27,27,27
129,1290,1230.979,0.1206424,-0.7395902,0.6094059,0,0.9884179,-0.3831513,0.6278341,-1.114766,-0.2461344,-0.9506044,-0.7567714,-0.3576481,0.1194641,-0.3582052,-0.1207178,26,26,27,26,26,26,27,26,27,27,27,27,27,27,27,27
130,1300,1230.738,-0.6046951,0.3697955,0.3656642,0.2413361,0.123552,0.3831515,0.1255241,0.123863,-0.9845371,0.4753022,-0.7567714,-0.7152954,-1.075175,-0.2388037,-0.2414372,26,26,27,26,26,26,27,26,27,27,27,27,27,27,27,27
131,1310,1230.738,0.1208864,0.1232654,0.3656642,-0.3620041,0.123552,0.3831515,0.3766791,-0.9909033,0.7384023,-0.4753022,0.1261285,-0.5960802,0.2389265,-0.1194015,-0.362155,26,26,27,26,26,26,27,26,27,27,27,27,27,27,27,27
132,1320,1230.738,0.362749,-0.6163256,0.7312763,0.4826722,0.3706568,0.3831515,0.3766791,0.4954517,-0.6153359,0.3564771,0,0.2384313,-0.1194641,0.3582052,-0.8450295,26,26,27,26,26,26,27,26,27,27,27,27,27,27,27,27
133,1330,1230.255,0.1208864,0.1232654,-0.1218199,0.3620041,0.3706568,0.2554343,-5.297528E-05,0.6193147,0.1230664,0.2376511,0,-0.2384321,-0.2389281,0,0.2414388,26,26,27,26,26,26,27,26,27,27,27,27,27,27,27,27
134,1340,1230.135,-0.2419012,0.2465301,0.3656634,0.120668,0.6177607,0.1277172,-5.297528E-05,0.247726,-0.6153359,0.7129533,-0.252257,0.2384313,-0.3583922,0.3582052,-0.8450295,26,26,27,26,26,26,27,26,27,27,27,27,27,27,27,27
135,1350,1230.497,-3.852747E-05,-0.4930601,-0.9749152,-0.2413361,-0.7413139,0.3831515,0.6278341,0.7431773,-0.123068,0.4753022,0,0.1192152,0.2389265,-0.3582052,0,26,26,27,26,26,26,27,26,27,27,27,27,27,27,27,27
136,1360,1230.376,-0.4837638,-0.7395902,-0.2436903,-0.120668,0.123552,0,-0.5023629,-0.123863,0.2461336,-0.2376511,0.1261285,0.1192152,0.3583906,0.8358118,0,26,26,27,26,26,26,27,26,27,27,27,27,27,27,27,27
137,1370,1230.617,-0.6046951,0.2465301,-0.7311736,0.2413361,-0.7413139,0,-0.6279408,-0.123863,-0.4922687,0.1188251,0.7567711,0.4768634,-0.1194641,0.955214,0.1207194,26,26,27,26,26,26,27,26,27,27,27,27,27,27,27,27
138,1380,1230.135,0.362749,-0.7395902,0.1219218,-0.6033402,0.123552,-0.7663028,-5.377793E-05,-0.4954517,0.2461336,-0.5941281,0.252257,0.5960794,0.2389265,0.5970089,0.6035939,26,26,27,26,26,26,27,26,27,27,27,27,27,27,27,27
139,1390,1230.376,-0.3628325,0.6163256,0.6094051,0.6033402,-0.6177616,0,-1.381405,-0.247726,-1.107604,-0.2376511,-0.3783855,-0.8345115,-0.2389281,-0.1194015,-0.362155,26,26,27,26,26,26,27,26,27,27,27,27,27,27,27,27
140,1400,1230.858,0.1208864,-0.3697955,0.1219218,-0.6033402,0.6177607,-0.7663028,0.1255233,-0.4954517,0.1230664,-0.5941281,-0.630643,-0.4768642,0.2389265,-0.2388037,-0.1207178,26,26,27,26,26,26,27,26,27,27,27,27,27,27,27,27
141,1410,1230.497,-3.852747E-05,0,0.1219218,0.4826722,-0.2471048,0.5108687,-0.5023629,-0.3715886,-1.230671,-0.2376511,-0.252257,-0.4768642,-1.075175,-0.597008,-0.7243116,26,26,27,26,26,26,27,26,27,27,27,27,27,27,27,27
142,1420,1230.738,0.2418177,0.3697955,0.243793,0.3620041,-0.1235528,0.2554343,-5.377793E-05,-0.123863,0.3692007,-0.4753022,0.1261285,-0.9537275,0,-0.3582052,0.3621566,26,26,27,26,26,26,27,26,27,27,27,27,27,27,27,27
143,1430,1230.014,0.6046116,-0.4930601,0.3656634,0,0.7413131,-0.1277172,0.2511012,-0.123863,0,-0.2376511,0.1261285,0.3576473,-0.5973187,0.4776066,-0.7243116,26,26,27,26,26,26,27,26,27,27,27,27,27,27,27,27
144,1440,1230.135,0.2418177,-0.1232654,-0.2436903,0.2413361,0.123552,0.1277172,-0.3767858,0.6193147,0.4922679,-0.1188259,0.3783855,-0.3576481,0.5973187,-0.1194015,0.4828761,26,26,27,26,26,26,27,26,27,27,27,27,27,27,27,27
145,1450,1230.255,-0.2419012,-0.4930601,0.3656634,0.2413361,0.3706564,0.5108687,0.2511012,0.3715886,0.6153351,0.3564771,0.1261285,0.2384313,-0.4778546,1.074615,-0.2414372,26,26,27,26,26,26,27,26,27,27,27,27,27,27,27,27
146,1460,1230.376,-0.8465385,-0.2465301,-1.096786,0.3620041,-0.3706572,0.1277172,-0.6279408,0.4954517,-0.4922687,0.8317792,0.252257,0.3576473,0.1194641,0.4776066,0.1207194,26,26,27,26,26,26,27,26,27,27,27,27,27,27,27,27
147,1470,1230.014,-0.4837509,-0.4930601,5.136996E-05,0,0.3706564,0.1277172,-5.377793E-05,0,0,0.1188251,0.3783855,-0.2384321,-0.2389281,0.4776066,0.3621566,26,26,27,26,26,26,27,26,27,27,27,27,27,27,27,27
148,1480,1230.255,-0.3628196,0.2465301,-0.6093529,0.120668,-0.8648661,-0.3831513,0.1255233,-0.247726,-0.2461344,0.4753022,0,0,0,0.7164103,0.7243133,26,26,27,26,26,26,27,26,27,27,27,27,27,27,27,27
149,1490,1229.652,0.3627618,-0.8628557,0.4874841,-0.4826786,0.3706564,-0.89402,-0.6279408,-0.123863,0,-0.3564771,0.1261285,0,0.5973187,0.4776066,0.4828761,26,26,27,26,26,26,27,26,27,27,27,27,27,27,27,27
150,1500,1230.858,0.241837,0.6163256,0.2437433,0.7240018,-0.1236034,0,-0.7535179,-0.247726,-0.7384031,-0.4753022,-0.3783855,-0.7152954,-0.2389281,-0.3582052,-0.362155,26,26,27,26,26,26,27,26,27,27,27,27,27,27,27,27
151,1510,1230.497,0.3627618,-0.2465301,0.4874841,0.1206616,0.6177102,-0.5108685,0.1255233,-0.6193147,0,-0.2376511,-0.630643,-0.7152954,-0.4778546,0,0.2414388,26,26,27,26,26,26,27,26,27,27,27,27,27,27,27,27
152,1520,1230.738,-2.568498E-05,-0.1232654,0.2437433,0.6033338,-0.3707079,0.7663028,-0.5023621,0.6193147,-1.230671,0,-0.3783855,-0.4768642,-0.3583922,0,-0.6035923,26,26,27,26,26,26,27,26,27,27,27,27,27,27,27,27
153,1530,1230.617,0.241837,0.6163256,0.121872,0.3619977,0.4941582,0.1277172,0.3766791,-0.123863,0.6153351,-0.3564771,0.504514,-0.5960802,-0.3583922,-0.597008,0,26,26,27,26,26,26,27,26,27,27,27,27,27,27,27,27
154,1540,1230.617,-0.120957,-0.4930601,0.3656137,0.3619977,0.8648149,0.3831515,0.6278341,0.3715886,-0.123068,0,-0.252257,0.2384313,-0.5973187,0,-0.2414372,26,26,27,26,26,26,27,26,27,27,27,27,27,27,27,27
155,1550,1229.894,-0.4837509,0.3697955,-0.4874821,0.6033338,-0.1236034,0.1277172,-0.1256301,0.3715886,0,0.2376511,1.261286,-0.2384321,0.5973187,0.1194023,0.2414388,26,26,27,26,26,26,27,26,27,27,27,27,27,27,27,27
156,1560,1230.376,0.4836932,-0.6163256,-0.1218696,0.3619977,0.7412626,0.2554343,0.251102,0,0.6153351,0,0.1261285,0.3576473,0.1194641,-0.1194015,-0.362155,26,26,27,26,26,26,27,26,27,27,27,27,27,27,27,27
157,1570,1230.617,-0.8465385,0.1232654,-0.8530946,0.1206616,-5.136996E-05,0.3831515,-5.297528E-05,0.3715886,-0.8614699,0.3564771,0.252257,0.2384313,0.3583906,0.1194023,0.7243133,26,26,27,26,26,26,27,26,27,27,27,27,27,27,27,27
158,1580,1229.773,0.1209056,-0.7395902,-0.2437404,-0.2413425,-0.1236034,-0.2554341,-0.376785,-0.247726,-0.6153359,-0.1188259,0.8828996,-0.3576481,0.3583906,0.5970089,0.4828761,26,26,27,26,26,26,27,26,27,27,27,27,27,27,27,27
159,1590,1230.858,-0.3628196,0.2465301,-0.3656113,0.7240018,-1.235574,-0.2554341,-0.8790942,-0.9909033,-0.6153359,-0.4753022,-0.3783855,0,-0.3583922,0.5970089,0.2414388,26,26,27,26,26,26,27,26,27,27,27,27,27,27,27,27
160,1600,1230.376,0.6046245,-0.6163256,0.9749674,-0.1206745,-0.1236034,-1.021737,-0.5023621,-0.247726,-1.107604,0,0,0,0.4778546,-0.1194015,0.1207194,26,26,27,26,26,26,27,26,27,27,27,27,27,27,27,27
161,1610,1230.979,-0.3628196,0.3697955,0.121872,0.6033338,-0.9884692,0.5108687,-0.7535171,-0.123863,-0.8614699,-0.3564771,-0.630643,-0.4768642,-0.7167827,0.4776066,0,26,26,27,26,26,26,27,26,27,27,27,27,27,27,27,27
162,1620,1230.979,0.6046181,0,-0.4874821,-6.421245E-06,0.9883669,-0.2554341,-0.5023621,-0.3715886,0.7384023,-0.7129533,-0.252257,-0.4768642,-0.3583922,-0.2388037,-0.1207178,26,26,27,26,26,26,27,26,27,27,27,27,27,27,27,27
163,1630,1230.376,-3.210623E-05,0.2465301,0.4874841,0.6033338,0.3706058,-0.3831513,-0.1256301,-0.123863,-0.3692015,0,-0.630643,0,-0.3583922,0,-0.6035923,26,26,27,26,26,26,27,26,27,27,27,27,27,27,27,27
164,1640,1230.376,0.6046181,0.6163256,0.1219218,0.1206616,0.2470534,0.2554343,0.3766791,-0.3715886,0.1230664,-0.1188259,0.630643,-0.2384321,0.4778546,0.2388037,0.4828761,26,26,27,26,26,26,27,26,27,27,27,27,27,27,27,27
165,1650,1230.617,-3.210623E-05,-0.2465301,-0.6093028,0.2413361,1.111919,-0.1277172,0.3766791,-0.247726,0.4922679,0.2376511,0,0.2384313,-0.2389281,0.3582052,-0.2414372,26,26,27,26,26,26,27,26,27,27,27,27,27,27,27,27
166,1660,1230.497,-0.4837509,-0.4930601,-0.1218199,0.6033402,0.1235014,0.3831515,-5.297528E-05,-0.123863,-0.123068,0.8317792,0.1261285,0.1192152,0.3583906,0.5970089,1.086468,26,26,27,26,26,26,27,26,27,27,27,27,27,27,27,27
167,1670,1229.532,0.2418305,-1.109386,-0.2436903,-0.3620041,-5.136996E-05,0.1277172,0.6278341,0,0.4922679,0,0.504514,-0.119216,0.3583906,0.1194023,0.9657505,26,26,27,26,26,26,27,26,27,27,27,27,27,27,27,27
168,1680,1230.376,-0.362826,0,-0.2436903,0,-0.8649171,-0.2554341,-0.6278895,-0.123863,0.1230664,-0.3564771,-0.1261285,0.1192152,0.4778546,0.7164103,0.4828761,26,26,27,26,26,26,27,26,27,27,27,27,27,27,27,27
169,1690,1230.497,0.7255493,0.1232654,-0.1218199,-0.120668,0.9883669,-0.7663028,-0.1255795,-1.114766,-0.4922687,-0.3564771,-0.504514,-0.4768642,-0.2389281,0.7164103,0.3621566,26,26,27,26,26,26,27,26,27,27,27,27,27,27,27,27
170,1700,1230.376,0.1208992,0.9861203,-0.2436903,0.120668,-0.1236034,0.3831515,-0.5023115,0,-0.8614699,-0.1188259,-0.7567714,-0.4768642,-0.5973187,-0.3582052,-0.1207178,26,26,27,26,26,26,27,26,27,27,27,27,27,27,27,27
171,1710,1230.617,0.7255493,0,0.4875347,0,0.6177102,-1.021737,0.5023068,0.247726,0.2461336,0,-0.252257,-0.8345115,0.1194641,0,-0.362155,26,26,27,26,26,26,27,26,27,27,27,27,27,27,27,27
172,1720,1230.738,0.967412,0.1232654,0.3656634,0.3620041,0.1235014,0.8940201,-0.5023115,0.247726,-0.8614699,0.3564771,-0.504514,0.8345115,-0.8362468,-0.1194015,-0.7243116,26,26,27,26,26,26,27,26,27,27,27,27,27,27,27,27
173,1730,1230.014,0.3627618,0.6163256,0.1219218,0,0.1235014,0.5108687,-0.2511574,-0.4954517,0.4922679,-0.2376511,-0.1261285,-0.119216,0.7167827,0,0.4828761,26,26,27,26,26,26,27,26,27,27,27,27,27,27,27,27
174,1740,1230.376,-0.2418947,0,0.243793,0.3620041,0.2470534,0.3831515,0.6278846,0,0.4922679,0.1188251,-0.252257,0,-0.2389281,0.4776066,-0.8450295,26,26,27,26,26,26,27,26,27,27,27,27,27,27,27,27
175,1750,1230.014,-0.1209634,-0.4930601,-0.6093028,0.2413361,-0.2471557,0.7663028,0.5023068,0,-0.2461344,0,0.1261285,0.1192152,0.1194641,0.3582052,0.7243133,26,26,27,26,26,26,27,26,27,27,27,27,27,27,27,27
176,1760,1230.014,-0.362826,-0.8628557,-0.6093028,0.2413361,-0.2471557,0.2554343,0.1255747,0,0.1230664,0,0.252257,0.2384313,-0.5973187,0.4776066,-0.362155,26,26,27,26,26,26,27,26,27,27,27,27,27,27,27,27
177,1770,1230.979,-0.7256136,-0.1232654,-0.3655611,-0.120668,-0.7413647,0,0.3767297,0.123863,-0.4922687,-0.2376511,0.504514,0.1192152,-0.4778546,0.3582052,0.4828761,26,26,27,26,26,26,27,26,27,27,27,27,27,27,27,27
178,1780,1230.014,0.241837,-0.7395902,0.243793,-0.3620041,-5.136996E-05,-0.1277172,-0.7534665,-0.3715886,-0.3692015,-0.3564771,-0.252257,0,0.3583906,-0.1194015,0.6035939,26,26,27,26,26,26,27,26,27,27,27,27,27,27,27,27
179,1790,1230.376,-0.7256072,0.4930601,-0.8530444,0,-0.8649171,-0.6385856,-0.6278895,-0.3715886,-0.3692015,-0.2376511,-0.1261285,0,0,0.3582052,0,26,26,27,26,26,26,27,26,27,27,27,27,27,27,27,27
180,1800,1230.376,0.6046245,-0.7395902,0.3656634,-0.8446763,0.3706058,0.2554343,-0.3767345,-0.7431773,0.2461336,-0.1188259,-0.7567714,-0.8345115,-0.2389281,0.3582052,0.1207194,26,26,27,26,26,26,27,26,27,27,27,27,27,27,27,27
181,1810,1230.617,0.1209056,0.1232654,0.243793,0.9653444,-0.2471557,0.5108687,-0.5023115,0.3715886,-0.4922687,0.2376511,-0.252257,-0.7152954,-0.5973187,-0.3582052,-0.7243116,26,26,27,26,26,26,27,26,27,27,27,27,27,27,27,27
182,1820,1230.497,0.241837,0.3697955,-0.1218199,0.3620041,0.2471044,-0.1277172,-2.407967E-06,-0.247726,0.9845359,-0.7129533,0.1261285,-0.4768642,0.3583906,0,-0.362155,26,26,27,26,26,26,27,26,27,27,27,27,27,27,27,27
183,1830,1230.617,0.241837,0.3697955,0.1219218,0.2413361,0.7413135,0,0.2511526,-0.123863,-0.8614699,0.2376511,-0.1261285,0.5960794,-0.4778546,-0.1194015,-0.6035923,26,26,27,26,26,26,27,26,27,27,27,27,27,27,27,27
184,1840,1230.135,-2.568498E-05,0.4930601,-0.1218199,0.120668,0.3706568,0.6385858,0.2511012,0.4954517,-0.123068,-0.2376511,0.504514,-0.4768642,0.5973187,0,-0.1207178,26,26,27,26,26,26,27,26,27,27,27,27,27,27,27,27
185,1850,1229.652,-0.120957,-0.8628557,-0.1218199,-0.3620041,0.3706568,-0.2554341,0.1255233,0,0.4922679,0.2376511,0.8828996,-0.3576481,-0.3583922,0.2388037,-0.362155,26,26,27,26,26,26,27,26,27,27,27,27,27,27,27,27
186,1860,1229.894,-0.7256072,-0.2465301,-0.7311736,0,-0.4942091,0.2554343,0.1255233,0.3715886,-0.123068,0.4753022,-0.1261285,0.4768634,-0.1194641,0.955214,0.3621566,26,26,27,26,26,26,27,26,27,27,27,27,27,27,27,27
187,1870,1229.894,-0.120957,-0.7395902,0.243793,-0.6033402,-0.3706568,0.1277172,-0.7535179,-0.123863,0.1230664,0.3564771,0.1261285,-0.119216,0.5973187,-0.2388037,-0.1207178,26,26,27,26,26,26,27,26,27,27,27,27,27,27,27,27
188,1880,1230.497,-0.6046758,0.1232654,-0.2436903,0.3620041,-0.3706568,0.2554343,-0.7535179,-0.6193147,-0.8614699,-0.2376511,-0.504514,0.1192152,-0.3583922,0.3582052,0,26,26,27,26,26,26,27,26,27,27,27,27,27,27,27,27
189,1890,1230.738,0.1209056,-0.4930601,0.1219218,0,0,-0.1277172,-5.377793E-05,-0.6193147,0.3692007,-0.4753022,-0.504514,-0.5960802,-0.1194641,0.2388037,0.8450311,26,26,27,26,26,26,27,26,27,27,27,27,27,27,27,27
190,1900,1230.617,0.241837,0.1232654,-0.2436903,0.9653444,-0.2471046,0.1277172,-0.6279408,-0.247726,-1.107604,-0.5941281,0.1261285,-0.119216,-0.7167827,0.4776066,-0.362155,26,26,27,26,26,26,27,26,27,27,27,27,27,27,27,27
191,1910,1230.979,0.1209056,-0.2465301,-0.1218199,0.2413361,0.3706568,-0.3831513,0.6278332,-0.247726,0.4922679,-0.3564771,0.1261285,-0.7152954,-0.2389281,0.1194023,0.1207194,26,26,27,26,26,26,27,26,27,27,27,27,27,27,27,27
192,1920,1230.979,-2.568498E-05,0.2465301,-0.3655611,0.7240083,0.4942091,0.2554343,0.1255233,0.123863,-0.4922687,0.2376511,-0.3783855,0.1192152,-0.8362468,0,-0.6035923,26,26,27,26,26,26,27,26,27,27,27,27,27,27,27,27
193,1930,1230.738,-0.3628196,0.2465301,0.4875347,0.4826722,0.3706568,0.1277172,0.5022554,-0.123863,0.1230664,-0.1188259,0.8828996,-0.7152954,0.4778546,-0.597008,0.6035939,26,26,27,26,26,26,27,26,27,27,27,27,27,27,27,27
194,1940,1229.894,0.2418626,0.6163256,0.243793,-0.120668,0.3706568,0.2554343,0.3766783,0.4954517,-0.2461344,0.4753022,0.252257,0.1192152,-0.2389281,0.8358118,-0.6035923,26,26,27,26,26,26,27,26,27,27,27,27,27,27,27,27
195,1950,1229.894,-0.1209313,-0.6163256,-0.1218199,0.9653444,0,0.7663028,-5.377793E-05,0.4954517,-0.2461344,0.3564771,0.504514,0,0.2389265,-0.4776066,0,26,26,27,26,26,26,27,26,27,27,27,27,27,27,27,27
196,1960,1230.255,-0.4837188,-0.8628557,-0.6093028,-0.2413361,-0.2471046,0.1277172,-5.377793E-05,0.4954517,0.8614694,0.2376511,0.7567711,0.3576473,0,-0.4776066,-0.2414372,26,26,27,26,26,26,27,26,27,27,27,27,27,27,27,27
197,1970,1230.376,-0.4837188,-0.3697955,-0.7311736,0,-0.8648659,-0.2554341,-0.6279408,-0.123863,-0.2461344,0.1188251,0,0.3576473,0.4778546,0.4776066,0.2414388,26,26,27,26,26,26,27,26,27,27,27,27,27,27,27,27
198,1980,1229.894,0.8465128,-1.23265,-0.1218199,-1.086012,0.2470534,-0.5108685,-0.6279408,-0.247726,0,0,0.630643,-0.4768642,0.1194641,0,0.4828761,26,26,27,26,26,26,27,26,27,27,27,27,27,27,27,27
199,1990,1230.979,0.1209313,0,-0.4874319,0.4826722,-0.7413647,0.1277172,-1.506982,-0.6193147,-1.230671,0,-0.504514,-0.3576481,-0.9557109,0.1194023,-0.2414372,26,26,27,26,26,26,27,26,27,27,27,27,27,27,27,27
200,2000,1230.376,0.6046501,-0.3697955,0.7312763,-0.2413361,0.8648149,-0.3831513,0.251102,-0.9909033,0,-0.4753022,-0.7567714,-0.5960802,-0.1194641,-0.4776066,0.4828761,26,26,27,26,26,26,27,26,27,27,27,27,27,27,27,27
201,2010,1230.617,0.2418626,0.1232654,0.1219218,0.3620041,-0.3707079,0.3831515,-1.130249,0.247726,-0.6153359,0,-0.630643,0,-0.9557109,-0.4776066,-0.6035923,26,26,27,26,26,26,27,26,27,27,27,27,27,27,27,27
202,2020,1230.617,0.2418626,0.1232654,0.1219218,0.7240083,0.6177102,-0.3831513,0.251102,0,0.2461336,-0.7129533,0.1261285,0,-0.2389281,0.1194023,-0.1207178,26,26,27,26,26,26,27,26,27,27,27,27,27,27,27,27
203,2030,1230.617,0.7255815,-0.1232654,0.3656634,0.4826722,-5.136996E-05,0.7663028,0.251102,0.3715886,-0.4922687,0.1188251,-0.630643,-0.2384321,-0.4778546,-0.597008,-0.8450295,26,26,27,26,26,26,27,26,27,27,27,27,27,27,27,27
204,2040,1230.255,0,-0.4930601,0.1219218,0.8446763,-0.1236034,0.8940201,0.7534112,0.3715886,0.6153351,0.1188251,0.504514,-0.5960802,0,-0.1194015,0.2414388,26,26,27,26,26,26,27,26,27,27,27,27,27,27,27,27
205,2050,1230.255,0.362794,-0.2465301,5.136996E-05,0,0.4941582,-0.2554341,0.1255241,0.4954517,0,0.2376511,0.504514,0.5960794,-0.4778546,0.7164103,-0.4828745,26,26,27,26,26,26,27,26,27,27,27,27,27,27,27,27
206,2060,1229.773,-0.6046501,-0.4930601,-0.7311736,-0.120668,-0.1236034,0.8940201,-0.2512079,0,0.3692007,0.2376511,0.1261285,0.3576473,0.1194641,0,0.2414388,26,26,27,26,26,26,27,26,27,27,27,27,27,27,27,27
207,2070,1230.135,0.6046501,-0.8628557,-0.1218199,-1.086012,-0.2471557,0,-0.376785,0.123863,-0.123068,0.2376511,0.504514,0.4768634,0.3583906,0.3582052,0.1207194,26,26,27,26,26,26,27,26,27,27,27,27,27,27,27,27
208,2080,1230.858,-0.4837188,0.6163256,-0.6093028,0.4826722,-0.9884692,0.1277172,-0.62794,-0.3715886,-0.7384031,0.1188251,0.3783855,-0.119216,-0.1194641,0.4776066,0.4828761,26,26,27,26,26,26,27,26,27,27,27,27,27,27,27,27
209,2090,1229.894,0.1209313,-0.7395902,0.7312763,-0.4826722,-5.136996E-05,-0.89402,-0.7535171,-0.4954517,-0.3692015,0.3564771,-0.252257,-0.2384321,0.1194641,0.5970089,0.2414388,26,26,27,26,26,26,27,26,27,27,27,27,27,27,27,27
210,2100,1230.617,-0.6046951,0.1232654,-0.1218199,-0.2413361,-0.4942601,-0.1277172,-0.7535171,-0.123863,-0.6153359,-0.5941281,0,-0.5960802,-0.2389281,0.3582052,0.1207194,26,26,27,26,26,26,27,26,27,27,27,27,27,27,27,27
211,2110,1230.497,-3.852747E-05,0.2465301,0.243793,0.2413361,0.9883669,-0.1277172,-0.1256301,-0.123863,0.7384023,-1.06943,0.1261285,-0.8345115,0.2389265,0,-0.362155,26,26,27,26,26,26,27,26,27,27,27,27,27,27,27,27
212,2120,1230.617,0.6046116,0.3697955,0.6094051,0,-0.6178125,0.2554343,-0.376785,0.123863,-0.6153359,0.1188251,-0.8829,-0.119216,-0.8362468,0,-0.6035923,26,26,27,26,26,26,27,26,27,27,27,27,27,27,27,27
213,2130,1230.497,-0.4837638,0.2465301,0.3656634,0.120668,0.4941582,0.6385858,-5.297528E-05,0.247726,0.6153351,-0.8317792,-0.1261285,-0.5960802,0.7167827,0,0.6035939,26,26,27,26,26,26,27,26,27,27,27,27,27,27,27,27
214,2140,1229.894,-0.6046951,-0.6163256,0.243793,0.120668,0.7413131,0.1277172,0.6278341,0.123863,-0.123068,0.3564771,-0.1261285,0.1192152,-0.3583922,0.5970089,-0.8450295,26,26,27,26,26,26,27,26,27,27,27,27,27,27,27,27
215,2150,1230.376,-0.4837638,-0.3697955,-0.6093028,-0.3620041,-0.2471048,-0.1277172,-0.62794,0.7431773,-0.2461344,0.7129533,0.252257,0.4768634,0.2389265,0.2388037,-0.2414372,26,26,27,26,26,26,27,26,27,27,27,27,27,27,27,27
216,2160,1229.532,0.6046116,-0.2465301,-0.1218199,-0.7240083,0.3706564,-0.5108685,-0.3767858,-0.123863,-0.7384031,0.1188251,-0.252257,0.2384313,0,0.3582052,0.4828761,26,26,27,26,26,26,27,26,27,27,27,27,27,27,27,27
217,2170,1230.859,-0.4837638,0.4930601,-0.6093028,-0.2413361,-0.8648661,-0.3831513,-1.004673,-0.4954517,-0.8614699,0,-0.504514,-0.3576481,-0.1194641,1.074615,0,26,26,27,26,26,26,27,26,27,27,27,27,27,27,27,27
218,2180,1230.255,0.725543,-0.1232654,0.6094051,-0.2413361,0.123552,-0.7663028,0.1255233,0,-0.123068,-0.4753022,-0.1261285,-0.3576481,0.1194641,0.4776066,0.8450311,26,26,27,26,26,26,27,26,27,27,27,27,27,27,27,27
219,2190,1230.497,-3.852747E-05,0.1232654,0.1219218,0.8446763,-4.013278E-07,0.7663028,-1.004673,0.6193147,-0.8614699,0.1188251,-0.3783855,-1.072944,-1.672494,-0.8358118,-1.086467,26,26,27,26,26,26,27,26,27,27,27,27,27,27,27,27
220,2200,1230.979,0.4836803,0.2465301,-0.3655611,0.120668,-4.013278E-07,-0.2554341,-5.377793E-05,0.247726,0.4922679,-0.2376511,0.504514,-0.7152954,-0.1194641,-0.4776066,0.4828761,26,26,27,26,26,26,27,26,27,27,27,27,27,27,27,27
221,2210,1230.497,0.6046116,0,0.4875347,0.2413361,0.4942088,0,-0.5023629,0.247726,-0.7384031,0,-0.1261285,0.1192152,-0.8362468,0,-0.9657489,26,26,27,26,26,26,27,26,27,27,27,27,27,27,27,27
222,2220,1229.532,-0.2419012,0.2465301,-0.3655611,0.3620041,0.247104,0.6385858,-0.3767858,-0.123863,0,0.1188251,-0.3783855,-0.3576481,0.5973187,-0.3582052,0.6035939,26,26,27,26,26,26,27,26,27,27,27,27,27,27,27,27
223,2230,1230.135,-0.2419012,-0.8628557,5.136996E-05,-0.3620041,0.3706564,0,0.3766783,-0.123863,-0.2461344,-0.1188259,0.630643,0.3576473,-0.1194641,0.4776066,-0.6035923,26,26,27,26,26,26,27,26,27,27,27,27,27,27,27,27
224,2240,1229.894,-0.4837638,-0.1232654,-0.7311736,-0.120668,-0.2471048,-0.1277172,0.3766783,0.247726,-0.123068,0,-0.3783855,0.3576473,0,0.2388037,0.6035939,26,26,27,26,26,26,27,26,27,27,27,27,27,27,27,27
225,2250,1230.135,-3.852747E-05,-0.9861203,-0.2436903,-0.4826722,-0.7413139,-0.2554341,-0.3767858,-0.123863,-0.123068,0,-0.3783855,0,0.2389265,0.4776066,0.3621566,26,26,27,26,26,26,27,26,27,27,27,27,27,27,27,27
226,2260,1230.497,-0.4837638,0.8628557,-0.4874319,0.8446763,-1.111971,-0.2554341,-1.004673,0,-0.8614699,-0.4753022,-0.1261285,-0.3576481,-0.2389281,0.4776066,-0.1207178,26,26,27,26,26,26,27,26,27,27,27,27,27,27,27,27
227,2270,1230.617,0.725543,-0.6163256,0.8531467,-0.4826722,0.6177607,-0.5108685,0.1255233,-0.3715886,-0.8614699,-0.3564771,-0.3783855,-0.4768642,0.3583906,0,0.2414388,26,26,27,26,26,26,27,26,27,27,27,27,27,27,27,27
228,2280,1230.979,-3.852747E-05,0.1232654,0.243793,0.6033402,-0.7413139,0.6385858,-0.3767858,-0.6193147,-0.7384031,-0.3564771,-0.7567714,-0.4768642,-0.8362468,-0.9552136,-0.1207178,26,26,27,26,26,26,27,26,27,27,27,27,27,27,27,27
229,2290,1230.617,0.2418177,-0.3697955,0.243793,0,1.11197,-0.6385856,0.5022554,-0.123863,0.6153351,-0.7129533,-0.504514,-0.8345115,-0.5973187,0.1194023,-0.4828745,26,26,27,26,26,26,27,26,27,27,27,27,27,27,27,27
230,2300,1230.617,0.362749,0.6163256,0.243793,0.3620041,-4.013278E-07,0.5108687,-0.1256309,0,-0.4922687,-0.1188259,-0.504514,0,-0.4778546,-0.2388037,-0.4828745,26,26,27,26,26,26,27,26,27,27,27,27,27,27,27,27
231,2310,1230.376,-3.852747E-05,0.2465301,5.136996E-05,0.4826722,-4.013278E-07,-0.2554341,0.1255233,0.247726,0.3692007,-0.4753022,0.630643,-1.072944,0.3583906,-0.597008,0.4828761,26,26,27,26,26,26,27,26,27,27,27,27,27,27,27,27
232,2320,1230.376,0.6046116,0.3697955,0.4875347,0.2413361,0.6177607,0.2554343,0.3766799,-0.4954517,-0.3692015,0.4753022,-0.3783855,0.2384313,-0.7167827,0,-0.6035923,26,26,27,26,26,26,27,26,27,27,27,27,27,27,27,27
233,2330,1230.135,-0.3628325,-0.3697955,5.136996E-05,0.3620041,-0.4942093,0.7663028,-5.217262E-05,0.3715886,0.7384023,0,0.252257,-0.3576481,0.5973187,-0.2388037,0.1207194,26,26,27,26,26,26,27,26,27,27,27,27,27,27,27,27
234,2340,1229.652,-0.4837638,-0.3697955,-0.9749152,-0.3620041,-0.2471048,0,0.1255249,0.247726,0.7384023,-0.4753022,1.009029,-0.5960802,-0.1194641,0.2388037,0.1207194,26,26,27,26,26,26,27,26,27,27,27,27,27,27,27,27
235,2350,1230.859,-0.8465513,0,-0.7311736,-0.4826722,-0.9884183,-0.1277172,-5.217262E-05,0.123863,-0.123068,-0.2376511,-0.1261285,0.3576473,-0.2389281,0.7164103,0,26,26,27,26,26,26,27,26,27,27,27,27,27,27,27,27
236,2360,1230.014,0.2418177,-1.355916,-0.1218199,-0.6033402,-0.1235528,-0.7663028,-0.1256293,-0.247726,-0.123068,-0.2376511,0.7567711,-0.119216,1.075173,0.2388037,0.2414388,26,26,27,26,26,26,27,26,27,27,27,27,27,27,27,27
237,2370,1230.497,-3.852747E-05,0.4930601,-0.8530444,0.2413361,-0.8648661,-0.2554341,-0.6279392,-0.123863,-0.9845371,-0.3564771,0.252257,-0.4768642,-0.4778546,0.7164103,0.1207194,26,26,27,26,26,26,27,26,27,27,27,27,27,27,27,27
238,2380,1230.738,0.2418177,-0.1232654,0.243793,0.3620041,-4.013278E-07,-0.2554341,0.6278341,-0.6193147,0.3692007,-0.1188259,0.1261285,-0.8345115,-0.1194641,-0.3582052,-0.4828745,26,26,27,26,26,26,27,26,27,27,27,27,27,27,27,27
239,2390,1230.738,0.362749,-0.1232654,0.1219218,0.4826722,0.123552,0.1277172,-0.1256293,0.247726,-1.230671,0.7129533,-0.504514,-0.3576481,-0.7167827,-0.1194015,-0.8450295,26,26,27,26,26,26,27,26,27,27,27,27,27,27,27,27
240,2400,1230.617,0.2418177,0.4930601,-0.1218199,0.2413361,0.247104,0.1277172,-0.1256293,-0.247726,0,-0.1188259,0.630643,-1.072944,0.3583906,-0.1194015,0.7243133,26,26,27,26,26,26,27,26,27,27,27,27,27,27,27,27
241,2410,1229.894,-3.852747E-05,-0.6163256,0.1219218,0.120668,0.247104,0.2554343,0.7534119,0.3715886,0.2461336,0.5941281,0.3783855,0.2384313,-0.4778546,0.7164103,-0.362155,26,26,27,26,26,26,27,26,27,27,27,27,27,27,27,27
242,2420,1230.135,-0.8465385,-0.1232654,-0.3655611,-0.2413361,-0.7413139,0.2554343,-0.2512071,0.123863,-0.2461344,0.3564771,0.504514,0,0.1194641,0.2388037,0.9657505,26,26,27,26,26,26,27,26,27,27,27,27,27,27,27,27
243,2430,1229.773,-0.3628196,-0.8628557,-0.4874319,-0.6033402,-0.6177616,-0.1277172,0.1255249,0.247726,0,0.1188251,0.630643,0.1192152,-0.1194641,0.7164103,-0.1207178,26,26,27,26,26,26,27,26,27,27,27,27,27,27,27,27
244,2440,1231.1,-0.4837509,0.3697955,-0.6093023,-0.4826722,-0.6177616,-0.3831513,-5.217262E-05,0.123863,0.3692007,0.1188251,0.1261285,-0.119216,-0.2389281,0.2388037,0.2414388,26,26,27,26,26,26,27,26,27,27,27,27,27,27,27,27
245,2450,1229.652,0.1209056,-0.7395902,0.2437938,-0.4826786,1.11197,-0.7663028,-0.7535163,-0.6193147,0,-0.2376511,0,-0.5960802,0.5973187,0.1194023,0.4828761,26,26,27,26,26,26,27,26,27,27,27,27,27,27,27,27
246,2460,1230.858,0.1209056,0.6163256,-0.4874315,0.3619977,-0.9884183,0.7663028,-0.6279392,-0.6193147,-0.8614699,-0.5941281,0.504514,-0.8345115,-0.2389281,0.1194023,-0.362155,26,26,27,26,26,26,27,26,27,27,27,27,27,27,27,27
247,2470,1230.376,0.241837,0.1232654,0.3656642,-0.4826786,0.123552,-0.2554341,0.1255249,-0.6193147,0,-1.06943,-0.630643,-0.119216,-0.4778546,0.2388037,-0.2414372,26,26,27,26,26,26,27,26,27,27,27,27,27,27,27,27
248,2480,1230.979,-2.568498E-05,0.4930601,0.3656642,0.2413297,-0.2471048,0.6385858,-0.7535171,0.247726,-0.8614699,0.2376511,-0.252257,0,-1.55303,-0.3582052,-0.1207178,26,26,27,26,26,26,27,26,27,27,27,27,27,27,27,27
249,2490,1230.738,0.241837,0.6163256,0.1219226,0.3619977,-0.2471048,0,0.3766791,-0.4954517,0.4922679,-0.3564771,0.3783855,-0.8345115,0,-0.3582052,0,26,26,27,26,26,26,27,26,27,27,27,27,27,27,27,27
250,2500,1230.738,-2.568498E-05,0.4930601,0.4875355,0.3619977,0.3706564,-0.2554341,0.1255241,0.3715886,-0.123068,0.3564771,-0.252257,0,-0.9557109,0.2388037,-0.7243116,26,26,27,26,26,26,27,26,27,27,27,27,27,27,27,27
251,2510,1230.014,-2.568498E-05,0.4930601,-0.2436899,0.8446699,0.3706564,0.7663028,0.1255241,-0.3715886,0.1230664,-0.2376511,0.3783855,-0.4768642,0.2389265,-0.3582052,0.6035939,26,26,27,26,26,26,27,26,27,27,27,27,27,27,27,27
252,2520,1230.255,-2.568498E-05,-0.7395902,5.217262E-05,-0.1206745,1.235522,0.2554343,0.251102,0.4954517,0.2461336,0.5941281,0.8828996,0.2384313,0.1194641,0.3582052,0,26,26,27,26,26,26,27,26,27,27,27,27,27,27,27,27
253,2530,1230.376,-0.8465385,-0.2465301,-0.6093023,-0.4826786,-0.6177616,0,-0.2512079,-0.247726,-0.123068,0.2376511,-0.1261285,0,0.5973187,0.5970089,0.4828761,26,26,27,26,26,26,27,26,27,27,27,27,27,27,27,27
254,2540,1230.014,0.6046245,-0.6163256,-0.2436899,-0.2413425,-4.013278E-07,-0.89402,-0.62794,0.3715886,-0.123068,0.1188251,-0.1261285,-0.119216,0,0.8358118,0.3621566,26,26,27,26,26,26,27,26,27,27,27,27,27,27,27,27
255,2550,1230.738,-0.120957,0.4930601,-1.096786,0.3619977,-1.235523,0.3831515,-0.5023621,-0.247726,-0.8614699,-0.2376511,0.1261285,0.1192152,-0.4778546,0.8358118,0.4828761,26,26,27,26,26,26,27,26,27,27,27,27,27,27,27,27
256,2560,1230.738,-2.568498E-05,-0.4930601,0.4875355,0.1206616,0.7413131,-0.89402,0.5022562,-0.4954517,0.1230664,-0.5941281,-0.3783855,-0.7152954,-0.7167827,-0.2388037,0.2414388,26,26,27,26,26,26,27,26,27,27,27,27,27,27,27,27
257,2570,1231.1,0.3627618,-0.2465301,0.1219226,0.4826657,-4.013278E-07,-0.2554341,-5.297528E-05,0.7431773,-0.9845371,0.2376511,-0.7567714,-0.119216,-1.314101,-0.3582052,-0.8450295,26,26,27,26,26,26,27,26,27,27,27,27,27,27,27,27
258,2580,1230.979,-3.210623E-05,0.6163256,5.217262E-05,-0.1206745,-4.013278E-07,0.1277172,0.6278341,0.123863,1.107604,-0.1188259,0.3783855,-0.4768642,-0.2389281,-0.4776066,-0.362155,26,26,27,26,26,26,27,26,27,27,27,27,27,27,27,27
259,2590,1230.979,0.8464807,-0.2465301,0.8531475,-6.421245E-06,0.6177607,-0.2554341,-5.297528E-05,0,-0.7384031,0.3564771,0,-0.119216,-0.7167827,0.3582052,-0.8450295,26,26,27,26,26,26,27,26,27,27,27,27,27,27,27,27
260,2600,1229.773,-3.210623E-05,0,0.3656634,0.8446699,0.8648655,0.1277172,-5.297528E-05,0,0.2461336,0.3564771,0.1261285,-0.119216,0.1194641,0.2388037,0.4828761,26,26,27,26,26,26,27,26,27,27,27,27,27,27,27,27
261,2610,1230.135,0.1208992,-0.7395902,-0.3655611,-0.7240083,0.247104,0.2554343,-0.2512079,-0.123863,0.2461336,-0.3564771,-0.1261285,0.1192152,-0.1194641,0.2388037,-0.2414372,26,26,27,26,26,26,27,26,27,27,27,27,27,27,27,27
262,2620,1230.738,-0.6046823,-0.1232654,-0.4874319,0,-0.6178125,0.1277172,-0.2512079,0.3715886,-0.2461344,0.4753022,0.252257,0.1192152,-0.1194641,0.8358118,0.2414388,26,26,27,26,26,26,27,26,27,27,27,27,27,27,27,27
263,2630,1229.894,0.2418305,-0.8628557,-0.3655611,-0.7240083,-0.7413647,-0.5108685,-0.7535171,-0.247726,-0.3692015,-0.4753022,0,0.1192152,0.1194641,0.4776066,0.1207194,26,26,27,26,26,26,27,26,27,27,27,27,27,27,27,27
264,2640,1230.497,-0.362826,0.1232654,-0.4874319,0.6033402,-0.1236034,0,-0.879095,-0.123863,-1.107604,-0.2376511,-0.252257,-0.119216,-0.2389281,0.3582052,0,26,26,27,26,26,26,27,26,27,27,27,27,27,27,27,27
265,2650,1230.255,-3.210623E-05,0.3697955,0.3656634,-0.2413361,0.2470534,0,-0.3767858,-0.123863,-0.123068,-0.5941281,0.1261285,-0.2384321,0.1194641,0.1194023,0,26,26,27,26,26,26,27,26,27,27,27,27,27,27,27,27
266,2660,1230.738,-3.210623E-05,-0.2465301,-0.1218199,0.6033402,-0.2471557,0.2554343,-0.7535179,-0.3715886,-0.9845371,-0.4753022,-0.7567714,-0.4768642,-0.5973187,-0.3582052,-0.2414372,26,26,27,26,26,26,27,26,27,27,27,27,27,27,27,27
267,2670,1230.497,0.4836867,0.4930601,5.136996E-05,0.120668,0.3706058,0,-0.2512088,-0.123863,-0.123068,-1.307081,-0.252257,-0.9537275,0,0.1194023,0.1207194,26,26,27,26,26,26,27,26,27,27,27,27,27,27,27,27
268,2680,1230.617,0.4836867,-0.3697955,0.7312763,0.6033402,0.7412626,0.7663028,0.1255233,0,-0.3692015,0.7129533,-0.252257,-0.119216,-0.7167827,-0.2388037,-0.362155,26,26,27,26,26,26,27,26,27,27,27,27,27,27,27,27
269,2690,1230.617,-3.210623E-05,0.4930601,0.243793,0.120668,0.6177102,0.3831515,-0.1256309,-0.6193147,0,0.1188251,0.252257,-0.7152954,0,0,0.1207194,26,26,27,26,26,26,27,26,27,27,27,27,27,27,27,27
270,2700,1230.497,0.2418305,0.2465301,0.3656634,0.2413361,0.4941582,0.2554343,-0.3767858,-0.247726,-0.4922687,0.2376511,-0.3783855,0.2384313,-0.3583922,0.1194023,-0.8450295,26,26,27,26,26,26,27,26,27,27,27,27,27,27,27,27
271,2710,1229.894,0.1208992,0.2465301,-0.2436903,0.7240083,-0.1236034,0.1277172,0.1255233,-0.123863,0.3692007,-0.3564771,0.3783855,-0.2384321,0.7167827,-0.3582052,0.3621566,26,26,27,26,26,26,27,26,27,27,27,27,27,27,27,27
272,2720,1229.894,-0.1209634,-0.2465301,-0.1218199,0.2413361,0.6177102,-0.1277172,0.3766783,0.123863,0.4922679,-0.2376511,0,-0.2384321,0,-0.1194015,-0.1207178,26,26,27,26,26,26,27,26,27,27,27,27,27,27,27,27
273,2730,1230.255,-0.4837509,-0.2465301,-0.7311736,-0.7240083,-0.7413647,0.1277172,0.2511012,0.3715886,-0.6153359,0,0.252257,0.3576473,0,0.2388037,0.3621566,26,26,27,26,26,26,27,26,27,27,27,27,27,27,27,27
274,2740,1229.894,-0.2420874,-0.2465301,-0.1218199,-0.4826722,-0.6178125,0.3831515,-0.2512088,-0.3715886,0.4922679,0.1188251,0.3783855,0.2384313,-0.1194641,0.1194023,-0.362155,26,26,27,26,26,26,27,26,27,27,27,27,27,27,27,27
275,2750,1230.738,-0.3629994,0.2465301,-0.3655611,0.4826722,-0.6178125,-0.6385856,-0.7535179,-0.4954517,-0.3692015,-0.3564771,-0.252257,0.1192152,0,0.7164103,0.4828761,26,26,27,26,26,26,27,26,27,27,27,27,27,27,27,27
276,2760,1231.1,0.4833657,-0.6163256,8.026557E-07,-0.6033402,0.1235014,-0.7663028,-1.004673,-0.4954517,0.1230664,0,-0.1261285,-0.2384321,0.7167827,0.3582052,0.3621566,26,26,27,26,26,26,27,26,27,27,27,27,27,27,27,27
277,2770,1230.617,-0.1211817,0.3697955,-1.218707,0.3620041,-0.8649171,-1.021737,-0.6279408,-0.6193147,-0.7384031,-0.8317792,-0.1261285,-0.3576481,0,0.2388037,0.8450311,26,26,27,26,26,26,27,26,27,27,27,27,27,27,27,27
278,2780,1230.376,0.8460954,-0.1232654,0.9749674,-0.2413361,0.4941582,-0.6385856,-0.5023629,-0.4954517,0,-0.4753022,-0.8829,-0.4768642,-0.2389281,0.3582052,0.1207194,26,26,27,26,26,26,27,26,27,27,27,27,27,27,27,27
279,2790,1230.738,0.1206424,-0.2465301,-0.8530946,0.3620041,0.1235014,0,-0.1256309,-0.123863,-1.107604,-0.1188259,-0.1261285,-0.8345115,-0.7167827,-0.4776066,0.2414388,26,26,27,26,26,26,27,26,27,27,27,27,27,27,27,27
280,2800,1230.738,0.241548,0.1232654,0.3656137,0,0.3706058,-0.2554341,0.3766783,-0.3715886,0.7384023,-0.5941281,0,-0.3576481,-0.4778546,-0.4776066,-0.2414372,26,26,27,26,26,26,27,26,27,27,27,27,27,27,27,27
281,2810,1230.617,-0.2420874,0.1232654,0.2437433,0.4826722,-5.136996E-05,0.3831515,-0.5023629,0.7431773,-0.9845371,0.4753022,-0.7567714,0.1192152,-0.9557109,-0.7164099,-0.4828745,26,26,27,26,26,26,27,26,27,27,27,27,27,27,27,27
282,2820,1231.22,-0.1211817,0.4930601,8.026557E-07,0,0.4941582,-0.1277172,0.5022554,-0.3715886,0.7384023,-0.3564771,0,-0.9537275,0,-0.1194015,0.3621566,26,26,27,26,26,26,27,26,27,27,27,27,27,27,27,27
283,2830,1230.376,0.36246,0.3697955,0.3656137,0.2413361,0.3706058,0.1277172,0.2511012,0.3715886,-0.4922687,0.3564771,0.1261285,-0.2384321,-1.194637,-0.2388037,-0.9657489,26,26,27,26,26,26,27,26,27,27,27,27,27,27,27,27
284,2840,1230.255,0.241548,-0.1232654,-0.1218696,1.086012,0.6177102,0.2554343,-0.1256309,0.4954517,0.2461336,-0.1188259,0.630643,-0.3576481,0.1194641,-0.4776066,0.2414388,26,26,27,26,26,26,27,26,27,27,27,27,27,27,27,27
285,2850,1230.617,0.1206424,0.2465301,0.7312266,0.9653444,-5.136996E-05,0.1277172,0.2511012,-0.123863,0,-0.2376511,0,0.2384313,-0.4778546,0.2388037,-0.7243116,26,26,27,26,26,26,27,26,27,27,27,27,27,27,27,27
286,2860,1229.652,-0.6048171,-0.4930601,-0.2437404,0.4826722,-5.136996E-05,0.7663028,-0.1256309,0.4954517,0.4922679,-0.2376511,0.3783855,-0.119216,0.4778546,-0.2388037,0.6035939,26,26,27,26,26,26,27,26,27,27,27,27,27,27,27,27
287,2870,1230.014,-0.3629994,-0.4930601,-0.1218696,0,0.6177102,0.1277172,-0.1256309,0,0.4922679,0.4753022,0.504514,0.9537267,-0.3583922,0.2388037,0.1207194,26,26,27,26,26,26,27,26,27,27,27,27,27,27,27,27
288,2880,1230.135,-0.8466348,-0.8628557,-0.2437404,-0.2413361,0.2470534,-0.1277172,-5.377793E-05,0,-0.2461344,0.4753022,0.504514,0.4768634,-0.2389281,0.3582052,0.8450311,26,26,27,26,26,26,27,26,27,27,27,27,27,27,27,27
289,2890,1229.532,-0.0002696923,-0.9861203,0.2437433,-0.6033402,-0.3707079,0,-0.2512088,-0.123863,0.4922679,-0.3564771,0.252257,-0.2384321,0.2389265,0.3582052,-0.4828745,26,26,27,26,26,26,27,26,27,27,27,27,27,27,27,27
290,2900,1230.014,-0.7256072,-0.2465301,-0.7312238,-0.7240083,-0.3707079,-0.1277172,-5.377793E-05,-0.123863,-0.2461344,0,-0.1261285,0.3576473,0.4778546,0.7164103,0.2414388,26,26,27,26,26,26,27,26,27,27,27,27,27,27,27,27
291,2910,1230.135,0.3627618,-1.355916,0.121872,-0.4826722,0.2470534,-0.7663028,-0.5023629,-0.3715886,-0.6153359,0.2376511,0.630643,-0.5960802,-0.4778546,-0.4776066,0.3621566,26,26,27,26,26,26,27,26,27,27,27,27,27,27,27,27
292,2920,1230.617,-0.4837509,0.3697955,-0.3655611,0.4826722,-0.7413647,0,-0.7535179,-0.123863,-0.7384031,-0.3564771,-0.252257,0,-0.3583922,0.5970089,0.2414388,26,26,27,26,26,26,27,26,27,27,27,27,27,27,27,27
293,2930,1230.376,0.4836932,-0.1232654,0.3656634,-0.120668,0.4941582,-0.2554341,-0.5023629,-0.3715886,-0.8614699,-0.3564771,-0.630643,-0.4768642,-0.1194641,0.2388037,0.2414388,26,26,27,26,26,26,27,26,27,27,27,27,27,27,27,27
294,2940,1230.497,0.4836932,-0.2465301,-0.1218199,0.4826722,-0.3706568,0.5108687,-0.7535179,0,-1.353738,-0.3564771,-0.252257,-0.4768642,-0.4778546,-0.3582052,-0.7243116,26,26,27,26,26,26,27,26,27,27,27,27,27,27,27,27
295,2950,1230.738,0.1209056,-0.3697955,0.1219218,0,0.7413135,-0.2554341,-0.1256309,-0.247726,0.6153351,-0.5941281,0,-1.311376,-0.4778546,-0.3582052,0,26,26,27,26,26,26,27,26,27,27,27,27,27,27,27,27
296,2960,1230.255,0.6046245,0.2465301,0.7312763,0.6033402,0.3706568,0.2554343,-0.2512071,0.3715886,-0.9845371,0,-0.1261285,0.1192152,-0.3583922,-0.3582052,-1.448623,26,26,27,26,26,26,27,26,27,27,27,27,27,27,27,27
297,2970,1229.652,-0.120957,0.2465301,5.136996E-05,0.120668,0.3706568,0.2554343,0.3766799,-0.123863,0.4922679,0.1188251,0.3783855,-0.5960802,0.4778546,-1.194017,0.2414388,26,26,27,26,26,26,27,26,27,27,27,27,27,27,27,27
298,2980,1230.014,0.241837,-0.1232654,0.243793,-0.2413361,0.7413135,0.6385858,0.3766799,0.4954517,-0.123068,0.2376511,0.504514,0.4768634,-0.8362468,0.5970089,-0.7243116,26,26,27,26,26,26,27,26,27,27,27,27,27,27,27,27
299,2990,1229.291,-0.4837509,-0.6163256,-0.2436903,0.4826722,0,-0.1277172,-5.217262E-05,0,0.2461336,0,-0.252257,-0.3576481,0.4778546,0,0.2414388,26,26,27,26,26,26,27,26,27,27,27,27,27,27,27,27
300,3000,1229.652,-0.8465385,-0.4930601,-0.3655611,0.120668,0.2471044,0.1277172,-0.1256293,0.3715886,0.3692007,0.2376511,-0.1261285,0.4768634,0.3583906,0.1194023,0.3621566,26,26,27,26,26,26,27,26,27,27,27,27,27,27,27,27
301,3010,1229.773,-0.7256072,-0.1232654,-0.9749152,-0.3620041,0,0.6385858,0.1255249,0.3715886,-0.2461344,0.2376511,0.504514,0,0.2389265,0.4776066,0.4828761,26,26,27,26,26,26,27,26,27,27,27,27,27,27,27,27
302,3020,1229.652,-2.568498E-05,-1.109386,-0.3655611,-0.4826722,-0.2471046,-0.5108685,-0.5023613,-0.123863,0.2461336,-0.2376511,0.630643,-0.119216,0.1194641,0.2388037,0.3621566,26,26,27,26,26,26,27,26,27,27,27,27,27,27,27,27
303,3030,1230.497,-0.6046758,0.6163256,-0.6093028,0.4826722,-0.3706568,-0.6385856,-0.5023613,-0.8670403,-0.8614699,0.1188251,-0.1261285,0.2384313,-0.5973187,0.955214,-0.1207178,26,26,27,26,26,26,27,26,27,27,27,27,27,27,27,27
304,3040,1230.014,0.8464871,-0.2465301,0.3656634,-0.2413361,0.6177611,-1.149454,-0.5023613,-0.7431773,0,-0.7129533,-0.252257,-0.7152954,0.1194641,0.3582052,0.4828761,26,26,27,26,26,26,27,26,27,27,27,27,27,27,27,27
305,3050,1230.014,-0.3628196,0.2465301,0.1219218,0.6033402,0.2471044,0.3831515,-1.004671,-0.123863,-1.353738,-0.3564771,-0.630643,-0.7152954,-0.7167827,-0.597008,0.1207194,26,26,27,26,26,26,27,26,27,27,27,27,27,27,27,27
306,3060,1229.894,0.2418305,-0.1232654,0.1219218,0.7240083,0.4942091,0,0.1255249,-0.123863,0.3692007,-0.7129533,0.630643,-1.072944,0.1194641,-0.1194015,-0.362155,26,26,27,26,26,26,27,26,27,27,27,27,27,27,27,27
307,3070,1230.255,0.3627618,-0.2465301,0.7312763,0.3620041,0.3706568,0.5108687,0.502257,0.7431773,-0.2461344,0.1188251,0,0.1192152,-1.55303,-0.3582052,-0.8450295,26,26,27,26,26,26,27,26,27,27,27,27,27,27,27,27
308,3080,1230.255,0.3627618,0.2465301,-0.4874319,0.7240083,0.3706568,0.1277172,-1.004671,-0.123863,0.7384023,-0.1188259,0,-0.8345115,0.5973187,-0.1194015,0.6035939,26,26,27,26,26,26,27,26,27,27,27,27,27,27,27,27
309,3090,1229.652,-0.2418947,-0.2465301,-0.3655611,0.2413361,0.2471044,0.1277172,0.502257,0.247726,0.2461336,0.2376511,0.1261285,0,-0.2389281,0.955214,0,26,26,27,26,26,26,27,26,27,27,27,27,27,27,27,27
310,3100,1229.652,-0.2418947,-0.3697955,-0.7311736,0.3620041,0.3706058,0.5108687,-5.217262E-05,0.9909033,0.1230664,0.2376511,0.1261285,0,0.7167827,0.4776066,0.2414388,26,26,27,26,26,26,27,26,27,27,27,27,27,27,27,27
311,3110,1229.411,-0.8465449,-0.7395902,-0.4874319,-0.2413361,0.2470534,0.5108687,0.3766799,-0.123863,0.1230664,0,0.252257,-0.119216,-0.1194641,0.1194023,-0.1207178,26,26,27,26,26,26,27,26,27,27,27,27,27,27,27,27
312,3120,1229.411,-0.9674762,-0.3697955,-0.4874319,-0.120668,-0.1236034,0.1277172,-0.3767858,-0.123863,-0.7384031,0,-0.3783855,0.3576473,0.5973187,0,0,26,26,27,26,26,26,27,26,27,27,27,27,27,27,27,27
313,3130,1229.411,0.4836867,-0.9861203,5.136996E-05,-0.3620041,-5.136996E-05,-0.5108685,-0.6279408,-0.247726,-0.123068,-0.4753022,0.504514,0.4768634,0.4778546,0.2388037,-0.1207178,26,26,27,26,26,26,27,26,27,27,27,27,27,27,27,27
314,3140,1230.497,-0.6046823,0.6163256,-0.8530444,0.2413361,0.2470534,-0.1277172,-0.6279408,-0.4954517,-0.7384031,-0.5941281,-0.3783855,-0.7152954,-0.7167827,0,-0.1207178,26,26,27,26,26,26,27,26,27,27,27,27,27,27,27,27
315,3150,1230.497,0.3627618,-0.1232654,0.8531467,-0.3620041,0.2470534,-0.7663028,0.2511012,-0.247726,-0.123068,-0.4753022,0,-0.7152954,-0.4778546,0,0,26,26,27,26,26,26,27,26,27,27,27,27,27,27,27,27
316,3160,1230.014,0.2418305,0.2465301,0.243793,1.086012,-0.3707079,0.8940201,-0.7535179,-0.123863,-1.230671,-0.3564771,-0.504514,0,-0.9557109,-0.3582052,-0.4828745,26,26,27,26,26,26,27,26,27,27,27,27,27,27,27,27
317,3170,1230.979,-3.210623E-05,0.4930601,0.243793,0.6033402,0.1235014,-0.1277172,0.2511012,0,0.1230664,-1.307081,0.3783855,-0.7152954,0.3583906,-0.597008,-0.2414372,26,26,27,26,26,26,27,26,27,27,27,27,27,27,27,27
318,3180,1230.135,0.8464807,0.1232654,0.7312763,0.3620041,-0.1236034,0,-5.377793E-05,0.3715886,-0.6153359,0.2376511,-0.3783855,0.2384313,-0.4778546,-0.4776066,-1.327904,26,26,27,26,26,26,27,26,27,27,27,27,27,27,27,27
319,3190,1229.894,0.3627618,0,0.4875347,0,-5.136996E-05,0.5108687,-0.3767858,0,0.2461336,-0.2376511,-0.1261285,0.1192152,0.1194641,0,0.6035939,26,26,27,26,26,26,27,26,27,27,27,27,27,27,27,27
320,3200,1230.617,0.2418305,-0.1232654,0.4875347,-0.120668,0.3706058,0.3831515,-0.1256309,0.123863,0.1230664,0.3564771,0.3783855,0.1192152,-0.3583922,0.1194023,-0.9657489,26,26,27,26,26,26,27,26,27,27,27,27,27,27,27,27
321,3210,1229.652,-0.7256136,-0.3697955,-0.1218199,0.120668,-0.3707079,-0.3831513,-5.377793E-05,0.123863,0.1230664,0.3564771,-0.504514,0,0.1194641,0,-0.1207178,26,26,27,26,26,26,27,26,27,27,27,27,27,27,27,27
322,3220,1228.687,-0.1209634,-1.109386,-0.1218199,-0.6033402,-0.3707079,-0.1277172,-0.2512088,0,0.4922679,-0.1188259,0.252257,0.3576473,0.1194641,0,0.3621566,26,26,27,26,26,26,27,26,27,27,27,27,27,27,27,27
323,3230,1230.135,-0.362826,-0.2465301,-0.6093028,-0.120668,-0.4942601,-0.5108685,-0.879095,-0.247726,-0.7384031,0,-0.252257,0.2384313,-0.4778546,0.955214,0.1207194,26,26,27,26,26,26,27,26,27,27,27,27,27,27,27,27
324,3240,1230.014,0.4836867,-0.7395902,0.8531475,-0.7240083,0.1235014,-1.277171,-0.1256309,-0.4954517,0,-0.4753022,0.252257,-0.2384321,0,0.4776066,0,26,26,27,26,26,26,27,26,27,27,27,27,27,27,27,27
325,3250,1230.617,-0.2418947,0,0.2437938,0.120668,-0.4942601,0.8940201,-0.2512088,-0.4954517,-0.3692015,-0.2376511,-0.8829,-0.5960802,-0.1194641,-0.4776066,0,26,26,27,26,26,26,27,26,27,27,27,27,27,27,27,27
326,3260,1230.376,0.4836867,0.4930601,0.6094059,-0.120668,0.4941582,0,0.6278332,-0.123863,1.107604,-0.7129533,0.252257,-0.9537275,0,-0.1194015,0.1207194,26,26,27,26,26,26,27,26,27,27,27,27,27,27,27,27
327,3270,1230.255,0.3627618,0.2465301,0.1219226,0.3620041,-0.3707079,-0.2554341,-0.2512088,0.247726,-0.4922687,0.4753022,-0.252257,0,-0.7167827,-0.1194015,-1.086467,26,26,27,26,26,26,27,26,27,27,27,27,27,27,27,27
328,3280,1229.773,0.3627618,0.6163256,0.1219226,0.4826722,0.1235014,0.2554343,0.3766799,-0.123863,0.6153351,-0.2376511,0.504514,-0.8345115,0.5973187,-0.2388037,0.1207194,26,26,27,26,26,26,27,26,27,27,27,27,27,27,27,27
329,3290,1229.532,-0.2418947,-0.1232654,0.1219226,0,0.6177102,0,1.004567,0.123863,-0.3692015,0,0.3783855,0.2384313,-0.5973187,0.2388037,-0.8450295,26,26,27,26,26,26,27,26,27,27,27,27,27,27,27,27
330,3300,1229.049,-0.2418947,-0.1232654,-0.3655607,0,-5.136996E-05,0.7663028,0.1255249,0.123863,0,0.2376511,0.252257,-0.119216,0,-0.4776066,0.8450311,26,26,27,26,26,26,27,26,27,27,27,27,27,27,27,27
331,3310,1229.049,-0.4837509,-0.6163256,-0.3655607,0.2413361,0.1235014,-0.6385856,0.2511028,0.3715886,0.6153351,-0.1188259,0.8828996,-0.3576481,-0.2389281,0.3582052,0.1207194,26,26,27,26,26,26,27,26,27,27,27,27,27,27,27,27
332,3320,1230.014,-0.6046823,-0.1232654,-0.2436899,-0.120668,-0.2471557,-0.5108685,-0.2512071,0.123863,0.3692007,0.7129533,0.3783855,0.2384313,-0.1194641,0.2388037,0.7243133,26,26,27,26,26,26,27,26,27,27,27,27,27,27,27,27
333,3330,1229.532,-0.1209634,-0.1232654,-0.2436899,-0.2413361,-5.136996E-05,-0.7663028,-0.1256293,-0.4954517,0.3692007,0.2376511,-0.1261285,0.1192152,0.2389265,0.2388037,0.3621566,26,26,27,26,26,26,27,26,27,27,27,27,27,27,27,27
334,3340,1230.135,-0.2418947,0.6163256,-0.853044,0.120668,-0.7413647,0,-0.8790934,-0.7431773,-0.7384031,-0.7129533,-0.1261285,-0.2384321,-0.3583922,0,-0.6035923,26,26,27,26,26,26,27,26,27,27,27,27,27,27,27,27
335,3350,1229.894,0.3627618,-0.2465301,0.4875355,-0.2413361,0.3706058,-0.89402,-0.3767842,-0.7431773,-0.9845371,-0.9506044,0,0,-0.5973187,0.1194023,0,26,26,27,26,26,26,27,26,27,27,27,27,27,27,27,27
336,3360,1230.376,-3.210623E-05,0.4930601,-0.6093023,0.6033402,0.1235014,-0.1277172,-0.7535163,0.123863,-0.9845371,-0.3564771,-0.504514,-0.2384321,0.1194641,-0.1194015,-0.2414372,26,26,27,26,26,26,27,26,27,27,27,27,27,27,27,27
337,3370,1230.376,0.1208992,0.1232654,0.1219226,0.7240083,0.9883669,-0.3831513,0.2511028,-0.247726,0.9845359,-0.8317792,-0.7567714,-0.5960802,-0.3583922,0.1194023,-0.362155,26,26,27,26,26,26,27,26,27,27,27,27,27,27,27,27
338,3380,1229.532,0.4836803,0.6163256,0.7312771,0.3620041,-5.136996E-05,-0.3831513,0.1255249,-0.247726,-0.6153359,0,-0.504514,0.1192152,-1.314101,-0.3582052,-0.7243116,26,26,27,26,26,26,27,26,27,27,27,27,27,27,27,27
339,3390,1229.894,-3.852747E-05,0.3697955,0.4875355,0.3620041,-0.1236034,0.5108687,0.2511028,-0.8670403,0.1230664,0,0.630643,-0.2384321,0.4778546,-0.2388037,0.2414388,26,26,27,26,26,26,27,26,27,27,27,27,27,27,27,27
340,3400,1230.014,0.1208864,0.2465301,0,0.6033402,0.4941582,-0.1277172,0.502257,0.3715886,0.4922679,0.1188251,0,0.5960794,-0.3583922,0.8358118,-0.2414372,26,26,27,26,26,26,27,26,27,27,27,27,27,27,27,27
341,3410,1229.17,-0.1209698,0.4930601,-0.4874833,-0.120668,-0.3707079,0.5108687,0.3766799,0,0.1230664,0.3564771,0.252257,0.2384313,1.075173,0.1194023,0.2414388,26,26,27,26,26,26,27,26,27,27,27,27,27,27,27,27
342,3420,1229.049,-0.8465513,-0.4930601,-0.3656125,-0.7240083,0.3706568,-0.5108685,0.6278341,0.123863,0.2461336,0,0.3783855,0.2384313,0.3583906,0.2388037,-0.2414372,26,26,27,26,26,26,27,26,27,27,27,27,27,27,27,27
343,3430,1230.135,-0.6046951,0.3697955,-0.6093541,-0.120668,-0.2471046,-0.6385856,-0.1256293,0,0.6153351,-0.1188259,0.7567711,-0.119216,-0.1194641,0.2388037,0.1207194,26,26,27,26,26,26,27,26,27,27,27,27,27,27,27,27
344,3440,1229.894,0.725543,-0.3697955,0.1218704,-0.3620041,0.4942091,-0.6385856,-0.1256309,-0.4954517,-0.6153359,-0.2376511,-0.252257,-0.2384321,0.7167827,0.5970089,0.6035939,26,26,27,26,26,26,27,26,27,27,27,27,27,27,27,27
345,3450,1229.773,-0.1209698,0.3697955,-0.2437416,1.086012,-0.4942091,-0.2554341,-0.7535179,0,-0.9845371,-0.5941281,-0.252257,0.1192152,0.1194641,0.2388037,-0.1207178,26,26,27,26,26,26,27,26,27,27,27,27,27,27,27,27
346,3460,1229.773,-3.852747E-05,-0.4930601,0.3656121,-0.2413361,0.4942091,0.1277172,-5.377793E-05,-0.6193147,0.3692007,0,-0.3783855,-0.4768642,0,0,0,26,26,27,26,26,26,27,26,27,27,27,27,27,27,27,27
347,3470,1229.894,0.362749,0.2465301,0.3656121,0.8446763,-0.2471046,0.1277172,-0.3767858,-0.123863,-0.9845371,-0.2376511,-0.252257,-0.3576481,-1.672494,-0.8358118,-0.362155,26,26,27,26,26,26,27,26,27,27,27,27,27,27,27,27
348,3480,1230.014,0.6046116,0.4930601,-0.1218712,0.3620041,0.2471044,0.5108687,-0.1256309,0.123863,0.3692007,-0.4753022,1.135157,-0.9537275,0,-0.597008,0,26,26,27,26,26,26,27,26,27,27,27,27,27,27,27,27
349,3490,1230.014,0.2418177,-0.6163256,0.2437416,0.120668,0.9884179,-0.2554341,0.3766783,0.4954517,0.1230664,0.3564771,0.1261285,0.5960794,-0.8362468,0.3582052,-0.4828745,26,26,27,26,26,26,27,26,27,27,27,27,27,27,27,27
350,3500,1229.411,-0.1209698,0.1232654,0.3656121,0.2413361,0.123552,0.2554343,-5.377793E-05,-0.247726,0.3692007,0.3564771,0.7567711,-0.2384321,0.2389265,0,0.3621566,26,26,27,26,26,26,27,26,27,27,27,27,27,27,27,27
351,3510,1228.446,-0.4837638,-0.4930601,-0.4874833,0.2413361,-0.3706568,0,-0.2512088,0.123863,0.8614694,0,0.7567711,0,0.1194641,0.2388037,-0.362155,26,26,27,26,26,26,27,26,27,27,27,27,27,27,27,27
352,3520,1229.894,-0.8465513,-0.3697955,-0.6093541,-0.2413361,-0.7413135,-0.2554341,-0.3767858,-0.123863,-0.3692015,0.8317792,0.3783855,0.7152954,0,0.7164103,0.7243133,26,26,27,26,26,26,27,26,27,27,27,27,27,27,27,27
353,3530,1229.17,-3.852747E-05,-0.8628557,0.2437416,-0.6033402,0,-0.5108685,-0.7535179,0.247726,0.1230664,-0.2376511,0.504514,0.2384313,0.8362468,0.4776066,0.8450311,26,26,27,26,26,26,27,26,27,27,27,27,27,27,27,27
354,3540,1230.014,-0.6046951,0.1232654,-0.3656125,0.3620041,-0.3706568,-0.6385856,-0.879095,-0.247726,-0.3692015,0.2376511,0,0.3576473,0.1194641,0.4776066,0,26,26,27,26,26,26,27,26,27,27,27,27,27,27,27,27
355,3550,1230.014,0.362749,-0.4930601,0.1218704,-0.8446763,0.3706568,-0.7663028,-0.3767858,-0.4954517,-0.3692015,-0.2376511,0,-0.4768642,-0.1194641,0.4776066,0.4828761,26,26,27,26,26,26,27,26,27,27,27,27,27,27,27,27
356,3560,1230.255,-3.852747E-05,0.6163256,-0.3655611,0.8446763,0,0.3831515,-0.6279408,-0.6193147,-0.7384031,-0.4753022,0.1261285,-0.4768642,-0.7167827,0.2388037,-0.2414372,26,26,27,26,26,26,27,26,27,27,27,27,27,27,27,27
357,3570,1230.376,-3.852747E-05,-0.7395902,0.243793,0.2413361,0.7413135,-0.7663028,0.1255233,-0.3715886,0.8614694,-0.2376511,-0.252257,-1.072944,-0.8362468,-0.3582052,0,26,26,27,26,26,26,27,26,27,27,27,27,27,27,27,27
358,3580,1229.411,0.2418177,0.4930601,0.3656634,1.086012,-0.3706572,0.8940201,-0.879095,0.123863,-0.8614699,-0.1188259,-0.7567714,-0.5960802,-0.9557109,-0.597008,-0.4828745,26,26,27,26,26,26,27,26,27,27,27,27,27,27,27,27
359,3590,1229.773,-0.3628325,0.3697955,0.1219218,0.6033402,-4.013278E-07,0.2554343,0.2511012,-0.123863,0.2461336,-0.7129533,0,-0.4768642,0,-0.597008,-0.6035923,26,26,27,26,26,26,27,26,27,27,27,27,27,27,27,27
360,3600,1229.532,-3.852747E-05,0.1232654,0.1219218,0.2413361,0.8648655,0,-5.217262E-05,0,0,0.3564771,-0.1261285,0.4768634,-0.7167827,-0.2388037,-0.4828745,26,26,27,26,26,26,27,26,27,27,27,27,27,27,27,27
361,3610,1229.049,0.2418177,0.4930601,0.3656634,0.6033402,-4.013278E-07,0.6385858,0.1255249,0.247726,0.2461336,-0.4753022,0.252257,-0.5960802,0.5973187,0.2388037,0.1207194,26,26,27,26,26,26,27,26,27,27,27,27,27,27,27,27
362,3620,1229.652,-0.6046951,-0.8628557,0.3656634,0.3620041,0.3706564,-0.2554341,-5.217262E-05,-0.3715886,0.3692007,0.4753022,0.504514,0.1192152,-0.9557109,0.1194023,-0.6035923,26,26,27,26,26,26,27,26,27,27,27,27,27,27,27,27
363,3630,1228.929,-0.1209698,-0.1232654,5.136996E-05,-0.2413361,-0.2471048,0.8940201,-0.3767842,0.4954517,-0.123068,-0.1188259,-0.504514,0.3576473,0.1194641,-0.3582052,0.6035939,26,26,27,26,26,26,27,26,27,27,27,27,27,27,27,27
364,3640,1228.929,0.1208864,-0.2465301,-0.6093028,-0.6033402,0.247104,-0.6385856,-0.1256293,0.4954517,0.6153351,-0.7129533,0.7567711,-0.119216,-0.2389281,0.3582052,-0.1207178,26,26,27,26,26,26,27,26,27,27,27,27,27,27,27,27
365,3650,1229.894,-0.4837638,0.1232654,-0.8530444,0,0.123552,0.1277172,-5.217262E-05,-0.247726,0.1230664,0.5941281,-0.504514,0.4768634,0.5973187,0.2388037,0.1207194,26,26,27,26,26,26,27,26,27,27,27,27,27,27,27,27
366,3660,1229.17,-0.3628325,-1.109386,-0.7311736,-0.3620041,-0.1235528,-0.3831513,-0.1256293,-0.247726,0.1230664,0.3564771,0.630643,0.4768634,0,0.1194023,0.2414388,26,26,27,26,26,26,27,26,27,27,27,27,27,27,27,27
367,3670,1230.376,-0.3628325,-0.1232654,-0.2436903,-0.2413361,-0.7413139,-0.1277172,-0.5023613,-0.6193147,-0.6153359,-0.2376511,-0.3783855,-0.119216,-0.3583922,0.5970089,0.1207194,26,26,27,26,26,26,27,26,27,27,27,27,27,27,27,27
368,3680,1229.894,0.2418177,-0.8628557,0.1219218,-0.7240083,0.6177607,-0.89402,-0.3767842,-0.247726,-0.123068,0,-0.1261285,0.2384313,0.3583906,0.1194023,0.2414388,26,26,27,26,26,26,27,26,27,27,27,27,27,27,27,27
369,3690,1230.135,0.2418177,0.4930601,0.243793,0.3620041,-0.4942093,-0.2554341,-0.6279392,-0.4954517,-0.6153359,-0.3564771,-0.252257,-0.5960802,-0.3583922,0.5970089,-0.2414372,26,26,27,26,26,26,27,26,27,27,27,27,27,27,27,27
370,3700,1230.014,0.4836867,-0.6163256,0.243793,-0.6033402,0.4942088,-0.7663028,-0.5023613,-1.114766,-0.4922687,-0.5941281,-0.7567714,-0.4768642,0.1194641,0.4776066,0.1207194,26,26,27,26,26,26,27,26,27,27,27,27,27,27,27,27
371,3710,1229.652,-0.1209634,0.1232654,-0.2436903,0.2413361,-0.2471048,0.6385858,-0.8790934,0.3715886,-0.7384031,-0.2376511,-0.7567714,-0.2384321,-0.8362468,-0.4776066,-0.6035923,26,26,27,26,26,26,27,26,27,27,27,27,27,27,27,27
372,3720,1230.135,0.1208992,0,0.2437938,0.120668,0.7413131,-0.1277172,0.502257,0,0.4922679,-0.9506044,0.1261285,-0.4768642,-0.2389281,-0.1194015,-0.9657489,26,26,27,26,26,26,27,26,27,27,27,27,27,27,27,27
373,3730,1229.773,0.4836867,-0.2465301,0.1219226,-0.2413361,0.4942088,0,-0.3767842,0.123863,-0.7384031,0.2376511,-1.009028,-0.2384321,-0.5973187,-0.7164099,-0.362155,26,26,27,26,26,26,27,26,27,27,27,27,27,27,27,27
374,3740,1229.894,-3.210623E-05,0.4930601,-0.2436899,0.3620041,0.123552,-0.1277172,0.1255249,0.3715886,0.3692007,-0.3564771,0.252257,-0.8345115,0.3583906,-0.8358118,0.2414388,26,26,27,26,26,26,27,26,27,27,27,27,27,27,27,27
375,3750,1230.014,-0.362826,-0.3697955,-0.2436899,0.3620041,0.7413135,0.2554343,0.502257,0.123863,0,0.2376511,-0.630643,0.1192152,-1.314101,0.4776066,-0.1207178,26,26,27,26,26,26,27,26,27,27,27,27,27,27,27,27
376,3760,1229.411,-0.362826,-0.3697955,0.1219226,0.6033402,0.123552,0.1277172,0.3766783,0.123863,-0.2461344,0.3564771,0.1261285,0,-0.2389281,0.2388037,0.3621566,26,26,27,26,26,26,27,26,27,27,27,27,27,27,27,27
377,3770,1229.17,-0.4837509,0,-0.121819,-0.3620041,0.6177611,0.2554343,0.5022554,-0.123863,0.1230664,-0.2376511,0.1261285,0.1192152,-0.3583922,0.4776066,-0.4828745,26,26,27,26,26,26,27,26,27,27,27,27,27,27,27,27
378,3780,1229.652,-0.362826,-0.6163256,-0.7311732,-0.3620041,-0.6177613,0,-0.2512088,-0.123863,-0.123068,0.4753022,0.1261285,0.4768634,-0.1194641,0,0.6035939,26,26,27,26,26,26,27,26,27,27,27,27,27,27,27,27
379,3790,1229.532,-3.210623E-05,-0.8628557,-0.6093023,-0.2413361,-0.4942091,-0.2554341,-5.377793E-05,0.3715886,0.3692007,-0.1188259,0.3783855,-0.2384321,0.3583906,0.1194023,0.1207194,26,26,27,26,26,26,27,26,27,27,27,27,27,27,27,27
380,3800,1229.411,-0.4837509,0.1232654,-0.3655607,-0.3620041,-0.2471046,0,-0.6279408,-0.123863,-0.123068,-0.1188259,-0.3783855,0.5960794,-0.1194641,0.1194023,0.6035939,26,26,27,26,26,26,27,26,27,27,27,27,27,27,27,27
381,3810,1229.411,0.6046181,-0.4930601,0.1219226,-0.6033402,-0.4942091,-0.5108685,-0.7535179,-0.123863,0.1230664,-0.2376511,0.3783855,0.2384313,0,-0.2388037,0.8450311,26,26,27,26,26,26,27,26,27,27,27,27,27,27,27,27
382,3820,1230.255,-0.2418947,0,-0.7311732,0.8446763,-0.7413135,0.1277172,-0.6279408,-0.247726,-0.8614699,-0.3564771,-0.3783855,-0.2384321,-0.2389281,0.4776066,0.1207194,26,26,27,26,26,26,27,26,27,27,27,27,27,27,27,27
383,3830,1230.255,0.3627618,-0.3697955,0.2437938,0,0.4942091,0,0.3766783,-0.3715886,0.2461336,-0.4753022,-0.504514,-0.7152954,-0.2389281,0.1194023,0,26,26,27,26,26,26,27,26,27,27,27,27,27,27,27,27
384,3840,1230.255,0.3627618,0.4930601,0.1219226,0.9653444,-0.3706568,0.3831515,-0.6279408,-0.123863,-0.6153359,0.1188251,-0.252257,-0.2384321,-0.5973187,-0.3582052,-0.6035923,26,26,27,26,26,26,27,26,27,27,27,27,27,27,27,27
385,3850,1230.135,0.1208992,0,5.217262E-05,0.2413361,0.4942091,-0.7663028,-5.377793E-05,-0.6193147,-0.2461344,-0.4753022,-0.1261285,-0.8345115,-0.4778546,-0.3582052,-0.2414372,26,26,27,26,26,26,27,26,27,27,27,27,27,27,27,27
386,3860,1230.617,0.362794,-0.4930601,-0.2436899,0,0.6177611,-0.2554341,0.2511012,0.123863,-0.4922687,0.1188251,-0.7567714,0.5960794,-0.7167827,0.2388037,-0.9657489,26,26,27,26,26,26,27,26,27,27,27,27,27,27,27,27
387,3870,1229.532,0.1209313,-0.1232654,5.217262E-05,0.7240083,0.123552,0.3831515,0.2511012,0.247726,0.3692007,0.2376511,0.3783855,-0.119216,0.4778546,-0.3582052,0.3621566,26,26,27,26,26,26,27,26,27,27,27,27,27,27,27,27
388,3880,1229.411,0.362794,-0.4930601,-0.1218199,0.2413361,0.8648659,0.3831515,-0.2512088,0.4954517,0.4922679,-0.2376511,0.1261285,0.5960794,-0.4778546,0.2388037,-0.7243116,26,26,27,26,26,26,27,26,27,27,27,27,27,27,27,27
389,3890,1229.411,-0.2418626,-0.2465301,-0.2436903,0,-0.1235524,0.3831515,0.2511012,0.6193147,0,0.7129533,0.1261285,-0.3576481,0.4778546,-0.1194015,0.7243133,26,26,27,26,26,26,27,26,27,27,27,27,27,27,27,27
390,3900,1229.291,-0.1209313,-0.8628557,-0.3655611,-0.4826722,-0.1235524,-0.7663028,-0.879095,-0.4954517,-0.3692015,0,0.504514,-0.2384321,-0.2389281,0.3582052,0.4828761,26,26,27,26,26,26,27,26,27,27,27,27,27,27,27,27
391,3910,1230.617,-0.2418626,0,-0.7311736,0.120668,-0.6177613,-0.2554341,-0.3767858,-0.7431773,-0.123068,0.3564771,0.3783855,0.7152954,0.1194641,0.5970089,0.2414388,26,26,27,26,26,26,27,26,27,27,27,27,27,27,27,27
392,3920,1230.376,-0.1209313,-0.8628557,0.6094051,0.2413361,0.6177611,-0.5108685,-5.377793E-05,-0.4954517,-0.2461344,-0.5941281,0,-0.5960802,0.2389265,0.2388037,0.6035939,26,26,27,26,26,26,27,26,27,27,27,27,27,27,27,27
393,3930,1230.376,-0.2418626,0.3697955,-0.2436903,0.8446763,-0.4942091,0,-0.879095,-0.123863,-0.6153359,-0.5941281,-0.252257,-0.3576481,-0.1194641,0,0,26,26,27,26,26,26,27,26,27,27,27,27,27,27,27,27
394,3940,1230.738,-0.1209313,0.3697955,0.243793,0.2413361,0.6177611,-0.5108685,0.2511012,0,0.2461336,-1.188256,-0.252257,-1.072944,-0.4778546,-0.3582052,-0.2414372,26,26,27,26,26,26,27,26,27,27,27,27,27,27,27,27
395,3950,1230.255,0.362794,-0.1232654,0.1219218,0.6033402,-0.2471046,0.5108687,-0.5023629,0,-1.107604,0.5941281,-0.1261285,-0.2384321,-0.8362468,-0.4776066,-0.4828745,26,26,27,26,26,26,27,26,27,27,27,27,27,27,27,27
396,3960,1230.497,0.1209313,0.1232654,0.3656634,0.2413361,0.7413135,0.2554343,0.6278332,0.3715886,0,-0.7129533,0.1261285,-0.8345115,0,0,-0.1207178,26,26,27,26,26,26,27,26,27,27,27,27,27,27,27,27
397,3970,1230.738,-0.1209313,0.1232654,0.6094051,0.6033402,0.4942091,0.1277172,0.3766783,0.123863,-0.2461344,0.2376511,0,0.2384313,-1.075175,0.1194023,-0.6035923,26,26,27,26,26,26,27,26,27,27,27,27,27,27,27,27
398,3980,1229.894,0,0.2465301,-0.1218199,0.4826722,0.2471044,0.8940201,-5.377793E-05,0.6193147,0.3692007,-0.2376511,0.3783855,-0.119216,0.3583906,-0.1194015,1.086468,26,26,27,26,26,26,27,26,27,27,27,27,27,27,27,27
399,3990,1229.652,0,0.2465301,5.136996E-05,0.3620041,0.6177611,0.2554343,0.2511012,-0.123863,0,0.2376511,-0.252257,-0.2384321,-0.1194641,0.3582052,-0.8450295,26,26,27,26,26,26,27,26,27,27,27,27,27,27,27,27
400,4000,1230.135,-0.8465128,-0.7395902,-0.2436903,0.4826722,0.2471044,0.5108687,0.1255233,0.4954517,-0.2461344,0.2376511,0,-0.4768642,0.4778546,0.2388037,0.2414388,26,26,27,26,26,26,27,26,27,27,27,27,27,27,27,27
401,4010,1229.291,0,-0.7395902,-0.3655611,-0.2413361,-0.2471046,-0.1277172,0.1255233,0.247726,0.2461336,0.1188251,0.630643,-0.7152954,0.4778546,0.2388037,0,26,26,27,26,26,26,27,26,27,27,27,27,27,27,27,27
402,4020,1230.014,-0.4837509,0,-0.9749152,-0.120668,-0.3706568,-0.7663028,-0.7535179,-0.6193147,0,-0.2376511,-0.252257,0,0.3583906,0.7164103,0,26,26,27,26,26,26,27,26,27,27,27,27,27,27,27,27
403,4030,1229.894,0.2418305,-0.7395902,0.6094051,-1.327336,-0.4942091,-0.6385856,-0.2512088,-0.3715886,0.3692007,-0.1188259,0.504514,-0.119216,0.3583906,0.3582052,0.2414388,26,26,27,26,26,26,27,26,27,27,27,27,27,27,27,27
404,4040,1230.135,-0.2418947,0.7395902,-0.3655607,0.6033402,-1.235523,-0.5108685,-0.6279408,-0.8670403,-0.8614699,-0.2376511,-0.504514,-0.2384321,-0.2389281,0.3582052,-0.2414372,26,26,27,26,26,26,27,26,27,27,27,27,27,27,27,27
405,4050,1230.255,0.7255493,-0.1232654,-0.2436899,-0.2413361,0.4942091,-0.1277172,-5.377793E-05,-0.123863,0.1230664,-0.9506044,-0.252257,-0.9537275,-0.3583922,-0.597008,-0.6035923,26,26,27,26,26,26,27,26,27,27,27,27,27,27,27,27
406,4060,1230.617,0.8464807,0.1232654,0.2437938,0.3620041,0.123552,0.2554343,0.3766783,0.7431773,-0.9845371,0,-0.7567714,-0.9537275,-0.5973187,-0.3582052,-0.2414372,26,26,27,26,26,26,27,26,27,27,27,27,27,27,27,27
407,4070,1230.858,-0.1209634,0.2465301,0.1219226,0.2413361,0.4942088,-0.1277172,0.5022554,-0.4954517,0.4922679,-0.7129533,-0.1261285,-1.19216,0.1194641,-0.3582052,0.3621566,26,26,27,26,26,26,27,26,27,27,27,27,27,27,27,27
408,4080,1229.773,0.967412,-0.4930601,0.1219226,0.4826722,0.9884175,0.5108687,-0.1256293,-0.3715886,0,0.4753022,0.252257,-0.119216,-0.8362468,0.5970089,-0.8450295,26,26,27,26,26,26,27,26,27,27,27,27,27,27,27,27
409,4090,1229.894,0.1208992,0.1232654,0.1219226,0.120668,0.123552,0.3831515,0.2511028,0.3715886,0.4922679,0.4753022,0,-0.3576481,0.3583906,-0.3582052,0.8450311,26,26,27,26,26,26,27,26,27,27,27,27,27,27,27,27
410,4100,1229.773,-0.6046823,-0.7395902,5.217262E-05,0,0.6177607,0.5108687,-5.217262E-05,0.3715886,0.1230664,0,0.252257,0.4768634,-0.3583922,0.3582052,-0.4828745,26,26,27,26,26,26,27,26,27,27,27,27,27,27,27,27
411,4110,1229.532,-0.4837509,-0.1232654,-0.6093023,0.3620041,-0.4942093,0,-0.2512071,0.4954517,0.3692007,0.4753022,0,0,0.2389265,-0.1194015,0.1207194,26,26,27,26,26,26,27,26,27,27,27,27,27,27,27,27
412,4120,1229.894,-0.2418947,-0.6163256,-0.4874315,-0.2413361,0.6177607,0,0.502257,0,0.2461336,-0.4753022,0.8828996,0.1192152,0.5973187,0.4776066,-0.2414372,26,26,27,26,26,26,27,26,27,27,27,27,27,27,27,27
413,4130,1230.014,-0.1209634,-0.2465301,-0.853044,-0.6033402,-0.8648661,-0.1277172,-0.6279392,-0.3715886,-0.123068,-0.2376511,0.252257,0.7152954,0,0.4776066,0.4828761,26,26,27,26,26,26,27,26,27,27,27,27,27,27,27,27
414,4140,1229.894,0.2418305,-0.8628557,-0.3655607,-0.3620041,0.3706564,-0.6385856,-0.5023613,-0.123863,-0.123068,0,0.504514,-0.119216,0,0.1194023,0,26,26,27,26,26,26,27,26,27,27,27,27,27,27,27,27
415,4150,1230.617,-3.210623E-05,0.7395902,-0.3655607,0.2413361,-0.8648661,0.1277172,-0.3767842,-0.123863,-0.3692015,-0.1188259,-0.3783855,0.2384313,-0.5973187,0.2388037,0.1207194,26,26,27,26,26,26,27,26,27,27,27,27,27,27,27,27
416,4160,1230.979,0.4836867,-0.3697955,0.3656642,-0.2413361,0.6177607,-0.6385856,0.1255249,-0.247726,-0.3692015,-1.188256,-0.3783855,-0.5960802,0.2389265,-0.1194015,0.2414388,26,26,27,26,26,26,27,26,27,27,27,27,27,27,27,27
417,4170,1230.376,0.1208992,0.2465301,-0.3655607,0,-0.6177616,0.3831515,-0.5023613,-0.6193147,-0.8614699,0,-0.252257,-0.4768642,-0.9557109,0.2388037,0.1207194,26,26,27,26,26,26,27,26,27,27,27,27,27,27,27,27
418,4180,1230.979,-0.1211817,0,5.217262E-05,0,-4.013278E-07,-0.2554341,0.2511028,-0.123863,0.4922679,-0.8317792,0.252257,-0.5960802,-0.7167827,-0.597008,-0.362155,26,26,27,26,26,26,27,26,27,27,27,27,27,27,27,27
419,4190,1230.738,0.4833657,-0.1232654,5.217262E-05,0.7240083,-0.1235528,0.1277172,-0.2512071,0.247726,-0.8614699,0.1188251,-0.504514,-0.4768642,-1.194637,0.1194023,0,26,26,27,26,26,26,27,26,27,27,27,27,27,27,27,27
420,4200,1230.497,-0.3629994,0.1232654,0.121872,0.2413361,0.247104,0.2554343,0.3766799,0.247726,0.2461336,-0.2376511,0.1261285,-0.8345115,0.7167827,-0.4776066,0.3621566,26,26,27,26,26,26,27,26,27,27,27,27,27,27,27,27
421,4210,1229.773,0.241548,-0.3697955,0.4874841,0.3620041,1.11197,0,-5.217262E-05,-0.123863,-0.3692015,0,0.504514,0.2384313,-0.7167827,0.955214,-0.4828745,26,26,27,26,26,26,27,26,27,27,27,27,27,27,27,27
422,4220,1229.291,-0.0002696923,-0.2465301,0.3656137,0.6033402,0,0.1277172,-5.217262E-05,0.247726,0.3692007,-0.5941281,0.252257,-0.119216,0.5973187,-0.2388037,0.8450311,26,26,27,26,26,26,27,26,27,27,27,27,27,27,27,27
423,4230,1229.17,-0.483905,-0.1232654,8.026557E-07,-0.2413361,0.9884179,-0.2554341,0.2511028,0.247726,-0.3692015,0.3564771,0,0.4768634,-0.3583922,0.2388037,-0.362155,26,26,27,26,26,26,27,26,27,27,27,27,27,27,27,27
424,4240,1229.894,-0.483905,0.2465301,-0.4874821,-0.2413361,-0.8648659,0.2554343,-0.2512088,0.247726,-0.4922687,0.1188251,-0.1261285,0,0.5973187,-0.1194015,0.6035939,26,26,27,26,26,26,27,26,27,27,27,27,27,27,27,27
425,4250,1228.929,-0.6048171,-0.8628557,-0.3656113,-0.8446763,0.123552,-0.5108685,-1.004673,-0.247726,0.2461336,0.1188251,-0.252257,0.2384313,1.075173,0.7164103,0,26,26,27,26,26,26,27,26,27,27,27,27,27,27,27,27
426,4260,1230.617,-0.1211817,0,-1.340578,0,-1.11197,0.6385858,-1.004673,0,-0.8614699,-0.1188259,0.252257,0.3576473,0,0.5970089,0.4828761,26,26,27,26,26,26,27,26,27,27,27,27,27,27,27,27
427,4270,1230.376,0.36246,-0.7395902,0.121872,-0.6033402,0,-0.6385856,-0.7535179,-0.247726,-0.6153359,-0.4753022,0.630643,-0.3576481,0.3583906,-0.1194015,0.3621566,26,26,27,26,26,26,27,26,27,27,27,27,27,27,27,27
428,4280,1230.135,0.1206424,0.4930601,-0.3656113,0.4826722,-0.6177613,0.6385858,-0.6279408,-0.123863,-0.8614699,-0.7129533,-0.3783855,-0.3576481,0,0,0.1207194,26,26,27,26,26,26,27,26,27,27,27,27,27,27,27,27
429,4290,1230.617,-0.1211817,-0.4930601,0.9749674,-0.7240083,0.6177611,-0.3831513,-5.377793E-05,-0.6193147,-0.123068,-0.9506044,-0.252257,-0.3576481,-0.4778546,0.2388037,-0.362155,26,26,27,26,26,26,27,26,27,27,27,27,27,27,27,27
430,4300,1230.376,0.7251834,0.1232654,8.026557E-07,0.4826722,-0.6177613,0.1277172,-0.3767858,0.247726,-0.123068,-0.1188259,-0.7567714,-0.4768642,-0.8362468,-0.4776066,-0.6035923,26,26,27,26,26,26,27,26,27,27,27,27,27,27,27,27
431,4310,1231.1,-0.1211817,0.1232654,0.2437433,0.120668,0.3706568,0,0.2511012,-0.123863,0.2461336,-0.5941281,0.8828996,-0.7152954,0.3583906,-0.4776066,-0.2414372,26,26,27,26,26,26,27,26,27,27,27,27,27,27,27,27
432,4320,1230.135,0.4833657,0.1232654,1.096839,0.3620041,0.2471044,-0.3831513,0.5022554,0.247726,-0.123068,0,0,0.2384313,-0.7167827,-0.2388037,-0.7243116,26,26,27,26,26,26,27,26,27,27,27,27,27,27,27,27
433,4330,1230.255,-0.3629994,0.2465301,-0.1218696,0.7240083,-0.1235524,0.6385858,-0.5023629,0.123863,0.1230664,-0.1188259,0.3783855,-0.4768642,0.9557093,-0.1194015,0.3621566,26,26,27,26,26,26,27,26,27,27,27,27,27,27,27,27
434,4340,1230.255,-0.2419012,-0.7395902,-0.1218696,0.120668,1.11197,0,0.3766783,-0.123863,0.4922679,0.3564771,0.252257,0.3576473,-0.7167827,0.5970089,-0.1207178,26,26,27,26,26,26,27,26,27,27,27,27,27,27,27,27
435,4350,1229.894,-0.3628325,-0.4930601,-0.7312238,0.120668,-0.4942091,-0.1277172,-0.1256309,0,0.2461336,0.5941281,0.630643,-0.119216,0.1194641,0.3582052,0.4828761,26,26,27,26,26,26,27,26,27,27,27,27,27,27,27,27
436,4360,1229.049,0.362749,-0.9861203,-0.121819,-0.120668,0,-0.3831513,-0.1256309,0.4954517,0.4922679,0.3564771,0.504514,0.3576473,0.3583906,0.8358118,-0.2414372,26,26,27,26,26,26,27,26,27,27,27,27,27,27,27,27
437,4370,1230.497,-0.6046951,-0.1232654,-0.6093023,-0.3620041,-0.7413135,-0.3831513,-0.879095,-0.123863,-0.2461344,-0.2376511,-0.252257,0.5960794,-0.3583922,0.7164103,0.1207194,26,26,27,26,26,26,27,26,27,27,27,27,27,27,27,27
438,4380,1229.773,0.2418177,-0.4930601,0.2437938,-1.086012,-0.1235524,-0.89402,-0.5023629,-0.123863,-0.2461344,0.2376511,0.252257,0,0.5973187,0.2388037,0.3621566,26,26,27,26,26,26,27,26,27,27,27,27,27,27,27,27
439,4390,1230.014,-3.852747E-05,0.2465301,-0.6093023,0.4826722,-0.4942091,0.2554343,-1.13025,-0.4954517,-0.6153359,-0.7129533,-0.504514,-0.3576481,-0.3583922,-0.1194015,0,26,26,27,26,26,26,27,26,27,27,27,27,27,27,27,27
440,4400,1230.497,0.4836803,-0.2465301,0.6094059,-0.3620041,0.3706568,0,0.1255241,-0.4954517,0.3692007,-0.7129533,-0.3783855,-0.5960802,0,-0.1194015,0.1207194,26,26,27,26,26,26,27,26,27,27,27,27,27,27,27,27
441,4410,1230.617,0.9673991,0.2465301,0.4875355,0.4826722,0,0,0.1255241,0.247726,-1.107604,-0.1188259,-0.504514,-0.119216,-1.075175,-0.9552136,-0.6035923,26,26,27,26,26,26,27,26,27,27,27,27,27,27,27,27
442,4420,1230.738,-0.1209698,-0.4930601,0.6094059,-0.120668,0.4942091,0.3831515,0.7534112,-0.123863,0.7384023,-0.1188259,-0.1261285,-0.8345115,-0.5973187,0.4776066,-0.2414372,26,26,27,26,26,26,27,26,27,27,27,27,27,27,27,27
443,4430,1230.497,0.725543,0.3697955,0.2437938,0.4826722,0.123552,0.5108687,-0.1256301,0.123863,-0.2461344,0,0.1261285,0.5960794,-0.9557109,0.3582052,-1.086467,26,26,27,26,26,26,27,26,27,27,27,27,27,27,27,27
444,4440,1230.255,-0.1209698,0.4930601,0.1219226,-0.120668,0.2471044,0.2554343,-5.297528E-05,-0.123863,0.3692007,-0.3564771,0.252257,-1.19216,0.2389265,-0.4776066,0.1207194,26,26,27,26,26,26,27,26,27,27,27,27,27,27,27,27
445,4450,1230.014,0.2418177,-0.3697955,0.4875355,0.4826722,0.7413135,0,-0.1256301,0.247726,0,0.5941281,-0.252257,0,-1.075175,0.3582052,-0.4828745,26,26,27,26,26,26,27,26,27,27,27,27,27,27,27,27
446,4460,1230.014,-0.6046951,-0.3697955,0.2437938,0.2413361,0.2471044,0.7663028,0.251102,-0.123863,0.6153351,0,0.630643,-0.3576481,0.1194641,0,0.6035939,26,26,27,26,26,26,27,26,27,27,27,27,27,27,27,27
447,4470,1229.894,0.2418177,-0.7395902,0.1219226,-0.120668,0.123552,0.1277172,-5.297528E-05,0.123863,0.4922679,-0.2376511,0.504514,0,-0.2389281,-0.3582052,-0.362155,26,26,27,26,26,26,27,26,27,27,27,27,27,27,27,27
448,4480,1230.497,-0.6046951,-0.8628557,-0.4874315,0.2413361,0.123552,0.1277172,0.1255241,-0.247726,-0.123068,0.2376511,0.1261285,0.4768634,-0.1194641,0,0.9657505,26,26,27,26,26,26,27,26,27,27,27,27,27,27,27,27
449,4490,1229.773,-0.3628325,-0.6163256,-0.121819,-0.2413361,-0.2471046,-0.6385856,-0.376785,0.123863,-0.123068,-0.3564771,0.3783855,0.2384313,0.8362468,0.8358118,0.6035939,26,26,27,26,26,26,27,26,27,27,27,27,27,27,27,27
450,4500,1230.617,-3.210623E-05,-0.3697955,-0.121819,0.4826722,-0.6177613,-0.6385856,-1.130249,-0.123863,-0.8614699,-0.5941281,-0.1261285,-0.2384321,-0.3583922,0.4776066,-0.4828745,26,26,27,26,26,26,27,26,27,27,27,27,27,27,27,27
451,4510,1230.135,0.1208992,0.1232654,0.7312771,-0.3620041,0.4942091,-0.89402,0.251102,-0.4954517,-0.4922687,-0.7129533,-0.630643,-0.119216,-0.4778546,0.2388037,0.4828761,26,26,27,26,26,26,27,26,27,27,27,27,27,27,27,27
452,4520,1230.497,0.1208992,0.4930601,5.136996E-05,0.7240083,-0.4942091,0.5108687,-0.5023621,0.123863,-1.230671,-0.3564771,-0.3783855,-0.2384321,-0.8362468,-0.1194015,0,26,26,27,26,26,26,27,26,27,27,27,27,27,27,27,27
453,4530,1230.738,0.3627618,0.8628557,0.1219218,-0.120668,0.6177611,-0.2554341,-0.1256301,-0.7431773,0.3692007,-1.307081,0.3783855,-0.5960802,-0.4778546,0.1194023,-0.7243116,26,26,27,26,26,26,27,26,27,27,27,27,27,27,27,27
454,4540,1230.617,0.6046181,0.2465301,0.4875347,0,0.3706564,-0.3831513,-0.2512079,0.123863,-0.3692015,0.4753022,-0.504514,0.1192152,-1.075175,0.2388037,-1.207186,26,26,27,26,26,26,27,26,27,27,27,27,27,27,27,27
455,4550,1230.617,0.1208992,0.1232654,0.1219218,0.4826722,-0.2471048,0.1277172,-0.1256301,-0.123863,0.1230664,0.2376511,1.135157,-0.2384321,0.7167827,0,-0.1207178,26,26,27,26,26,26,27,26,27,27,27,27,27,27,27,27
456,4560,1230.135,0.967412,0.2465301,0.243793,0.3620041,1.11197,0.2554343,-5.297528E-05,-0.123863,-1.230671,0.5941281,0.1261285,0,-0.5973187,0.2388037,-0.362155,26,26,27,26,26,26,27,26,27,27,27,27,27,27,27,27
457,4570,1230.014,-0.2418947,-0.7395902,0.1219218,0.2413361,-4.013278E-07,0.1277172,0.3766791,0.4954517,0.2461336,-0.1188259,0.1261285,0,0.3583906,-0.2388037,0.4828761,26,26,27,26,26,26,27,26,27,27,27,27,27,27,27,27
458,4580,1229.894,-0.6046823,-0.7395902,-0.1218199,0,0.123552,-0.2554341,0.3766791,0.3715886,0.2461336,-0.1188259,0,-0.2384321,0.1194641,0,0.3621566,26,26,27,26,26,26,27,26,27,27,27,27,27,27,27,27
459,4590,1230.255,-0.362826,-0.6163256,-0.7311736,-0.120668,-0.9884183,0.3831515,-5.297528E-05,-0.3715886,0.1230664,0.4753022,0.252257,-0.3576481,-0.1194641,0.4776066,-0.1207178,26,26,27,26,26,26,27,26,27,27,27,27,27,27,27,27
460,4600,1229.652,0.4836867,-1.109386,-0.3655611,-0.3620041,-0.4942093,-0.1277172,-0.2512079,0.3715886,0,0.5941281,0.8828996,-0.2384321,0.8362468,0.3582052,0.3621566,26,26,27,26,26,26,27,26,27,27,27,27,27,27,27,27
461,4610,1230.376,-0.6046823,-0.1232654,-0.9749152,-0.4826722,-0.3706572,-0.3831513,-0.7535171,-0.123863,-0.7384031,0.5941281,0.1261285,0.3576473,-0.2389281,0.5970089,-0.1207178,26,26,27,26,26,26,27,26,27,27,27,27,27,27,27,27
462,4620,1230.255,0.4836867,-0.7395902,0.6094051,-0.2413361,0.123552,-0.5108685,-5.297528E-05,-0.6193147,-0.123068,-0.5941281,0,-0.2384321,-0.3583922,0.1194023,0.1207194,26,26,27,26,26,26,27,26,27,27,27,27,27,27,27,27
463,4630,1230.859,-0.6046823,0,-0.3655611,0.9653444,-0.7413139,0.5108687,-1.130249,-0.123863,-0.9845371,-0.3564771,0.1261285,-0.4768642,-0.5973187,0.1194023,-0.2414372,26,26,27,26,26,26,27,26,27,27,27,27,27,27,27,27
464,4640,1230.738,0.2418305,-0.4930601,-0.1218199,-0.120668,-0.1235528,-0.3831513,0.1255241,-0.3715886,0,-0.9506044,0.252257,-0.5960802,-0.2389281,0.3582052,0.4828761,26,26,27,26,26,26,27,26,27,27,27,27,27,27,27,27
465,4650,1230.255,-3.210623E-05,0.4930601,0.3656634,0.8446763,-0.2471048,0.7663028,-0.8790942,0.123863,-0.4922687,-0.2376511,0,-0.7152954,-1.075175,-0.8358118,-0.4828745,26,26,27,26,26,26,27,26,27,27,27,27,27,27,27,27
466,4660,1231.1,-0.1209634,0.1232654,-0.2436903,0.120668,0.3706564,0.1277172,0.7534112,-0.123863,0.6153351,0,0,-0.5960802,-0.1194641,-0.2388037,-0.8450295,26,26,27,26,26,26,27,26,27,27,27,27,27,27,27,27
467,4670,1230.014,-0.1209634,0.1232654,5.136996E-05,0.8446763,0.7413131,0.8940201,0.251102,-0.123863,-0.3692015,0.3564771,0,0.5960794,-1.194637,0.5970089,-0.6035923,26,26,27,26,26,26,27,26,27,27,27,27,27,27,27,27
468,4680,1230.135,-0.1209634,0.3697955,-0.3655607,0.3620041,0.247104,0.2554343,0.6278341,-0.123863,0.1230664,-0.5941281,0.7567711,-1.072944,0.8362468,0.1194023,0.1207194,26,26,27,26,26,26,27,26,27,27,27,27,27,27,27,27
469,4690,1229.894,0.2418305,-0.2465301,0.6094059,0.9653444,0.4942088,0.1277172,0.3766791,0.123863,-0.123068,0.3564771,-0.252257,0,-0.8362468,0.4776066,-0.6035923,26,26,27,26,26,26,27,26,27,27,27,27,27,27,27,27
470,4700,1230.014,-0.2418947,-0.6163256,-0.4874315,0.8446763,0,0.5108687,0.251102,0.123863,-0.4922687,-0.7129533,-0.504514,0.2384313,0.3583906,0.2388037,0.3621566,26,26,27,26,26,26,27,26,27,27,27,27,27,27,27,27
471,4710,1229.894,-0.4837509,-0.4930601,-0.3655607,0.120668,0.123552,-0.1277172,0.3766791,-0.247726,-0.123068,-0.1188259,0.1261285,-0.119216,-0.2389281,0.8358118,-0.2414372,26,26,27,26,26,26,27,26,27,27,27,27,27,27,27,27
472,4720,1230.376,-0.6046823,-0.4930601,5.217262E-05,-0.3620041,-0.3706568,0.6385858,-0.3767345,0.8670407,0,0.2376511,0.630643,0.1192152,0.3583906,0.2388037,0.6035939,26,26,27,26,26,26,27,26,27,27,27,27,27,27,27,27
473,4730,1230.255,0.1208992,-0.6163256,-0.2436899,-0.2413361,-0.1235524,-0.5108685,-0.6278895,-0.6193147,-0.2461344,0.3564771,0.630643,-0.2384321,0.1194641,0.1194023,0.2414388,26,26,27,26,26,26,27,26,27,27,27,27,27,27,27,27
474,4740,1230.738,-0.7256136,0.2465301,-0.3655607,0.120668,-0.6177613,-0.5108685,-0.2511574,-0.123863,-0.4922687,-0.3564771,-0.1261285,0.2384313,0.3583906,0.3582052,0.4828761,26,26,27,26,26,26,27,26,27,27,27,27,27,27,27,27
475,4750,1230.376,0.2418305,-0.6163256,-0.2436899,-0.6033402,0,-0.6385856,-0.6278895,-0.247726,-0.2461344,-0.1188259,0.504514,0.2384313,0.4778546,0,0.7243133,26,26,27,26,26,26,27,26,27,27,27,27,27,27,27,27
476,4760,1230.738,-3.210623E-05,0.2465301,-0.3655607,0.2413361,-0.4942091,-0.5108685,-0.7534665,-0.4954517,-0.8614699,0,0.504514,-0.119216,-0.4778546,0.2388037,0.6035939,26,26,27,26,26,26,27,26,27,27,27,27,27,27,27,27
477,4770,1230.497,0.3627618,-0.3697955,0.4875355,-0.2413361,0.6177611,-0.5108685,0.5023068,-0.6193147,0.4922679,-0.8317792,-0.504514,-0.4768642,-0.1194641,0.2388037,-0.2414372,26,26,27,26,26,26,27,26,27,27,27,27,27,27,27,27
478,4780,1230.255,0.4836867,0.2465301,5.217262E-05,0.6033402,-0.3706568,0.7663028,-0.5023115,0.123863,-0.8614699,0.2376511,-0.7567714,-0.3576481,-0.7167827,-0.1194015,-0.6035923,26,26,27,26,26,26,27,26,27,27,27,27,27,27,27,27
479,4790,1230.858,-0.1209634,0.1232654,0.1219226,0.120668,0.4942091,-0.7663028,0.3767297,-0.3715886,0.1230664,0,0.1261285,-0.5960802,0,0.1194023,-0.1207178,26,26,27,26,26,26,27,26,27,27,27,27,27,27,27,27
480,4800,1230.376,0.6046181,0.7395902,0.8531475,0.3620041,0.123552,0.3831515,-0.5023115,0.6193147,-0.8614699,0.8317792,-0.8829,-0.2384321,-1.075175,0,-0.7243116,26,26,27,26,26,26,27,26,27,27,27,27,27,27,27,27
481,4810,1230.135,-0.1209634,0.3697955,0.2437938,0.6033402,0.3706568,0.2554343,0.1255747,0,0.4922679,0.1188251,0.252257,-0.5960802,0.7167827,-0.1194015,0.3621566,26,26,27,26,26,26,27,26,27,27,27,27,27,27,27,27
482,4820,1230.255,0,-0.1232654,0.8531475,0.2413361,0.3706568,0.1277172,-2.407967E-06,-0.123863,-0.123068,-0.3564771,-0.504514,-0.119216,-0.3583922,0.3582052,-0.9657489,26,26,27,26,26,26,27,26,27,27,27,27,27,27,27,27
483,4830,1229.894,-0.9674441,0,-0.4874315,0.120668,0,0.3831515,-0.2511574,0.7431773,0.1230664,0.2376511,0.1261285,-0.2384321,0.4778546,-0.4776066,0.1207194,26,26,27,26,26,26,27,26,27,27,27,27,27,27,27,27
484,4840,1229.532,-0.4837188,-0.4930601,-0.6093023,0.120668,0.2471044,-0.6385856,0.2511526,-0.123863,-0.123068,0.3564771,0.630643,0.1192152,-0.3583922,0.955214,-0.362155,26,26,27,26,26,26,27,26,27,27,27,27,27,27,27,27
485,4850,1230.135,-0.4837188,0,-0.2436899,0.2413361,-0.2471046,-0.5108685,0.3767297,0.7431773,-0.2461344,0.4753022,0.504514,-0.3576481,0.3583906,0.4776066,-0.2414372,26,26,27,26,26,26,27,26,27,27,27,27,27,27,27,27
486,4860,1229.532,0.1209313,-0.9861203,-0.853044,-0.120668,0.2471044,0.3831515,-0.3767345,-0.123863,0,-0.1188259,0.252257,0.2384313,0,0,-0.2414372,26,26,27,26,26,26,27,26,27,27,27,27,27,27,27,27
487,4870,1230.497,-0.7255815,-0.2465301,-0.9749148,0.2413361,-0.3706568,0,0.2511526,-0.247726,0.3692007,-0.3564771,-0.1261285,0.2384313,-0.2389281,0.4776066,0.3621566,26,26,27,26,26,26,27,26,27,27,27,27,27,27,27,27
488,4880,1230.014,0.1209313,-0.4930601,0.4875355,-0.7240083,0.123552,0,0.1255233,-0.3715886,-0.3692015,0.3564771,-0.8829,-0.119216,0,0.1194023,0.7243133,26,26,27,26,26,26,27,26,27,27,27,27,27,27,27,27
489,4890,1230.979,-0.2418626,0.2465301,-0.853044,0.7240083,-0.6177613,0.5108687,-0.3767858,-0.6193147,-0.3692015,-0.7129533,-0.1261285,0.4768634,-0.2389281,0.7164103,-0.2414372,26,26,27,26,26,26,27,26,27,27,27,27,27,27,27,27
490,4900,1230.014,0.7255815,-0.4930601,0.4875355,-0.6033402,0.3706568,-0.7663028,-0.3767858,-0.4954517,-0.4922687,-0.4753022,-0.630643,-0.7152954,-0.3583922,0.3582052,0.1207194,26,26,27,26,26,26,27,26,27,27,27,27,27,27,27,27
491,4910,1230.497,-0.3627875,0,-0.3655607,0.7240083,-0.2471046,0.1277172,-0.5023629,-0.123863,-0.3692015,-0.3564771,-0.252257,-0.3576481,-0.5973187,0.1194023,0.1207194,26,26,27,26,26,26,27,26,27,27,27,27,27,27,27,27
492,4920,1231.22,-0.1209313,0.3697955,0.1219226,0.4826722,0.6177611,-0.3831513,1.004565,-0.123863,0.3692007,-1.06943,0,-0.5960802,-0.5973187,0.1194023,0.3621566,26,26,27,26,26,26,27,26,27,27,27,27,27,27,27,27
493,4930,1230.376,0.9674441,0.8628557,5.217262E-05,0,-0.2471046,0.1277172,-0.2512088,0.4954517,-0.7384031,0.3564771,-0.504514,0.3576473,-0.7167827,-0.4776066,-0.8450295,26,26,27,26,26,26,27,26,27,27,27,27,27,27,27,27
494,4940,1230.497,0.4837252,0.4930601,5.217262E-05,0.120668,0.6177611,0,0.2511012,0,0.7384023,-0.3564771,0.630643,-0.7152954,0.3583906,0,0.3621566,26,26,27,26,26,26,27,26,27,27,27,27,27,27,27,27
495,4950,1230.497,0.362794,-0.3697955,5.217262E-05,0,0.8648659,0,0.6278332,0,-0.123068,0.1188251,-0.1261285,0.3576473,-0.5973187,0.3582052,-1.086467,26,26,27,26,26,26,27,26,27,27,27,27,27,27,27,27
496,4960,1229.532,-0.1209313,0,-0.2436899,0.120668,0.123552,0.2554343,0.3766783,0,0.4922679,-0.1188259,0.504514,-0.2384321,0.4778546,0.1194023,0.4828761,26,26,27,26,26,26,27,26,27,27,27,27,27,27,27,27
497,4970,1229.652,-0.7255815,-0.6163256,-0.3655607,0.2413361,0.123552,-0.5108685,-0.2512088,-0.247726,0.3692007,0.2376511,1.009029,-0.119216,-0.2389281,0.2388037,-0.4828745,26,26,27,26,26,26,27,26,27,27,27,27,27,27,27,27
498,4980,1229.652,-0.7255558,-0.1232654,-0.7311732,-0.3620041,-0.6177613,-0.1277172,0.2511012,0.6193147,-0.2461344,0.8317792,1.009029,0.4768634,0,0,0.6035939,26,26,27,26,26,26,27,26,27,27,27,27,27,27,27,27
499,4990,1229.652,2.568498E-05,-1.109386,-0.6093023,-0.9653444,-0.2471046,-1.021737,-5.377793E-05,0.3715886,0.3692007,0.3564771,0.1261285,0.3576473,0.5973187,-0.1194015,0,26,26,27,26,26,26,27,26,27,27,27,27,27,27,27,27
500,5000,1230.979,-0.3627683,0.7395902,-0.7312238,0.4826722,-0.6177613,-0.1277172,-5.377793E-05,-0.3715886,-0.6153359,-0.5941281,-0.3783855,0,-0.3583922,0.5970089,0,26,26,27,26,26,26,27,26,27,27,27,27,27,27,27,27
501,5010,1230.738,0.3628132,-0.9861203,0.3656137,-0.1206745,0.4942091,-0.7663028,-0.3767858,-0.123863,0.1230664,-0.4753022,-0.3783855,0.1192152,0,0.4776066,0.7243133,26,26,27,26,26,26,27,26,27,27,27,27,27,27,27,27
502,5020,1230.376,0.120957,0.8628557,-0.1218696,0.6033338,0.123552,0.3831515,-0.2512088,-0.123863,-1.230671,-0.1188259,-0.1261285,-0.4768642,-0.4778546,-0.1194015,-0.362155,26,26,27,26,26,26,27,26,27,27,27,27,27,27,27,27
503,5030,1230.497,2.568498E-05,0.1232654,0.6093553,-0.4826786,0.123552,-0.5108685,0.6278332,-0.7431773,0,-0.4753022,-0.3783855,-0.5960802,0.2389265,-0.3582052,0.3621566,26,26,27,26,26,26,27,26,27,27,27,27,27,27,27,27
504,5040,1230.135,0.2418883,-0.1232654,0.3656137,0.6033338,0.123552,1.021737,-0.1256293,0.4954517,-0.3692015,0.8317792,-0.3783855,0.5960794,-0.3583922,0.1194023,-0.6035923,26,26,27,26,26,26,27,26,27,27,27,27,27,27,27,27
505,5050,1230.376,0.120957,0,-0.3656113,0.4826657,-0.1235524,0.3831515,-0.6279392,0.123863,0.2461336,-0.3564771,0.504514,-0.4768642,0.4778546,0,0.1207194,26,26,27,26,26,26,27,26,27,27,27,27,27,27,27,27
506,5060,1229.894,-0.241837,0,8.026557E-07,-0.1206745,0.6177611,0.2554343,0.3766799,0.4954517,0.1230664,0.1188251,0.252257,0.2384313,-0.9557109,0.2388037,-0.1207178,26,26,27,26,26,26,27,26,27,27,27,27,27,27,27,27
507,5070,1229.291,-1.08835,-0.2465301,-0.2437404,-0.1206745,0.7413135,1.021737,0.1255249,0.123863,0.1230664,0.3564771,0.252257,0,0.1194641,0.1194023,0.7243133,26,26,27,26,26,26,27,26,27,27,27,27,27,27,27,27
508,5080,1229.773,0.2418883,-0.2465301,-0.1218696,-0.6033466,0.123552,0.2554343,-0.1256293,0.3715886,0.1230664,0.2376511,1.009029,0.3576473,-0.2389281,0.3582052,0,26,26,27,26,26,26,27,26,27,27,27,27,27,27,27,27
509,5090,1230.376,-0.7255558,-0.1232654,-0.3656113,-6.421245E-06,-0.7413135,0.1277172,-5.217262E-05,-0.3715886,0.1230664,-0.1188259,0.252257,0.8345115,0.1194641,0.5970089,0.2414388,26,26,27,26,26,26,27,26,27,27,27,27,27,27,27,27
510,5100,1230.255,-0.1209056,-1.23265,8.026557E-07,-1.086019,0,-0.6385856,-0.5023613,-0.247726,0,0.1188251,-0.252257,0.1192152,0.1194641,0.4776066,0.6035939,26,26,27,26,26,26,27,26,27,27,27,27,27,27,27,27
511,5110,1230.858,0.120957,0.2465301,-0.4874821,0.6033338,-0.9884181,-0.3831513,-0.6279392,-0.123863,-1.599873,-0.5941281,0.1261285,0.1192152,-0.3583922,0,0.2414388,26,26,27,26,26,26,27,26,27,27,27,27,27,27,27,27
512,5120,1230.497,0.3628132,0,0.6093553,-0.9653507,0.8648659,-0.1277172,0.1255249,-0.8670403,0.4922679,-0.4753022,-0.252257,-0.2384321,-0.1194641,0,0.2414388,26,26,27,26,26,26,27,26,27,27,27,27,27,27,27,27
513,5130,1230.738,0.6046758,-0.3697955,-0.1218696,0.8446699,-0.2471046,0.5108687,-1.004671,0.123863,-0.9845371,-0.7129533,-0.504514,-0.7152954,-0.7167827,-0.597008,-0.362155,26,26,27,26,26,26,27,26,27,27,27,27,27,27,27,27
514,5140,1230.255,-3.210623E-05,0.1232654,8.026557E-07,-0.2413425,0.6177611,-0.3831513,0.6278341,-0.6193147,0.8614694,-0.7129533,0.252257,-0.5960802,0,-0.2388037,-0.1207178,26,26,27,26,26,26,27,26,27,27,27,27,27,27,27,27
515,5150,1230.255,0.3627618,-0.1232654,0.7312266,0.4826657,0.4942091,0.3831515,-0.1256293,0.4954517,-0.2461344,0.4753022,-0.1261285,0.5960794,-0.3583922,0,-0.8450295,26,26,27,26,26,26,27,26,27,27,27,27,27,27,27,27
516,5160,1230.135,-0.362826,0.2465301,-0.2437404,0.4826657,0.3706568,0.2554343,0.502257,0.3715886,0.4922679,-0.1188259,0.3783855,-0.5960802,0.4778546,0,0.1207194,26,26,27,26,26,26,27,26,27,27,27,27,27,27,27,27
517,5170,1229.894,-0.362826,-0.3697955,0.3656137,0.2413361,1.11197,-0.1277172,0.502257,0.3715886,-0.2461344,0.8317792,-0.1261285,0.4768634,-0.8362468,0.5970089,-0.6035923,26,26,27,26,26,26,27,26,27,27,27,27,27,27,27,27
518,5180,1229.773,-0.6046823,-0.2465301,-0.1218696,-0.3620041,0.123552,1.149454,0.2511028,0.123863,0.4922679,0.1188251,0.3783855,0.1192152,0,-0.1194015,0.7243133,26,26,27,26,26,26,27,26,27,27,27,27,27,27,27,27
519,5190,1229.049,-0.362826,-0.7395902,-0.1218696,-0.120668,-0.4942091,0.5108687,0.3766799,-0.123863,0.6153351,-0.2376511,0.3783855,0.1192152,0,0.8358118,-0.1207178,26,26,27,26,26,26,27,26,27,27,27,27,27,27,27,27
520,5200,1230.497,-0.2418947,-0.1232654,-0.7312238,-0.120668,-0.6177613,-0.1277172,-0.2511574,0.247726,-0.2461344,0.1188251,0.3783855,0,0,-0.1194015,0,26,26,27,26,26,26,27,26,27,27,27,27,27,27,27,27
521,5210,1229.532,0.3627618,-0.8628557,-0.1218696,-1.086012,0.2471044,-0.7663028,-0.8790436,-0.123863,0.4922679,-0.2376511,0.8828996,0,0.2389265,0.3582052,0.3621566,26,26,27,26,26,26,27,26,27,27,27,27,27,27,27,27
522,5220,1230.014,-0.4837509,0.3697955,-0.3656113,0.2413361,-0.3706568,-0.5108685,-0.5023115,-0.6193147,-1.107604,-0.3564771,-0.3783855,0.2384313,-0.2389281,0.3582052,0.1207194,26,26,27,26,26,26,27,26,27,27,27,27,27,27,27,27
523,5230,1229.894,0.1208992,-0.6163256,8.026557E-07,0,0.7413135,-0.5108685,-2.407967E-06,-0.247726,0.4922679,-0.4753022,-0.504514,-0.119216,-0.1194641,-0.1194015,0.1207194,26,26,27,26,26,26,27,26,27,27,27,27,27,27,27,27
524,5240,1230.255,0.6046181,0.3697955,0.2437433,0.8446763,-0.2471046,0.1277172,-0.6278895,0.3715886,-0.9845371,0.3564771,-0.3783855,-0.2384321,-0.8362468,-0.2388037,-0.1207178,26,26,27,26,26,26,27,26,27,27,27,27,27,27,27,27
525,5250,1230.497,-0.1209634,0,8.026557E-07,0.3620041,0.123552,-0.2554341,-0.1255795,0.4954517,0.1230664,-0.5941281,0.252257,-0.8345115,0.1194641,-0.1194015,-0.1207178,26,26,27,26,26,26,27,26,27,27,27,27,27,27,27,27
526,5260,1229.652,-3.210623E-05,-0.1232654,0.2437433,0.2413361,0.2471044,0,0.2511526,0.4954517,-0.2461344,0.2376511,-0.8829,0,-0.5973187,0.7164103,-0.362155,26,26,27,26,26,26,27,26,27,27,27,27,27,27,27,27
527,5270,1229.049,-0.4837509,-0.1232654,-0.2437404,0.4826722,0.3706568,0.6385858,-0.3767345,0.247726,0,0.4753022,-0.252257,-0.2384321,0.2389265,-0.2388037,0.6035939,26,26,27,26,26,26,27,26,27,27,27,27,27,27,27,27
528,5280,1229.411,-3.210623E-05,-0.9861203,-0.1218696,0,0.7413135,0.2554343,0.3767297,0.4954517,0.4922679,0.4753022,0.252257,0.1192152,-0.3583922,0.2388037,-0.362155,26,26,27,26,26,26,27,26,27,27,27,27,27,27,27,27
529,5290,1229.532,-0.7256136,-0.3697955,-0.4874821,-0.120668,-0.1235524,0,-2.407967E-06,0.4954517,-0.123068,-0.2376511,-0.1261285,-0.4768642,-0.1194641,0.7164103,0.2414388,26,26,27,26,26,26,27,26,27,27,27,27,27,27,27,27
530,5300,1229.411,0.362749,-0.9861203,-0.1218696,-0.7240083,-0.7413135,-1.021737,-0.1255795,-0.6193147,0,0.2376511,0.7567711,-0.4768642,0.5973187,0.4776066,-0.1207178,26,26,27,26,26,26,27,26,27,27,27,27,27,27,27,27
531,5310,1230.135,-0.4837638,0.4930601,-0.4874821,0.3620041,0,0,-0.8790436,-0.123863,-0.3692015,-0.1188259,0.1261285,0.5960794,-0.1194641,0.5970089,0.1207194,26,26,27,26,26,26,27,26,27,27,27,27,27,27,27,27
532,5320,1230.376,0.8464742,-0.6163256,0.4874841,-0.120668,0.2471044,-0.6385856,-0.3767345,-0.3715886,-0.7384031,-0.1188259,-0.3783855,0,0.2389265,0.8358118,0.9657505,26,26,27,26,26,26,27,26,27,27,27,27,27,27,27,27
533,5330,1230.617,-0.3628325,0.7395902,-0.3656113,0.8446763,-0.8648659,0.1277172,-0.8790436,-0.123863,-0.8614699,-0.8317792,0.1261285,-0.3576481,-0.9557109,0.5970089,0.4828761,26,26,27,26,26,26,27,26,27,27,27,27,27,27,27,27
534,5340,1230.014,0.2418177,0.1232654,0.4874841,-0.120668,0.8648659,-0.2554341,0.6278846,-0.8670403,0.4922679,-0.5941281,-0.3783855,-0.5960802,0.2389265,-0.1194015,0.3621566,26,26,27,26,26,26,27,26,27,27,27,27,27,27,27,27
535,5350,1230.135,0.362749,0,8.026557E-07,0.9653444,0.123552,0.3831515,-0.3767345,0.3715886,-0.9845371,0.4753022,0.1261285,0.3576473,-0.7167827,-0.4776066,-0.9657489,26,26,27,26,26,26,27,26,27,27,27,27,27,27,27,27
536,5360,1229.652,-3.852747E-05,0.4930601,0.121872,0.6033402,0,0,0.6278341,-0.3715886,0.6153351,-0.3564771,0.3783855,-0.119216,0.8362468,-0.1194015,-0.7243116,26,26,27,26,26,26,27,26,27,27,27,27,27,27,27,27
537,5370,1229.894,0.1208864,0.4930601,0.2437433,0.6033402,0.8648659,0.2554343,0.5022562,0.123863,-0.123068,0.5941281,-0.252257,-0.119216,-0.8362468,0.1194023,0,26,26,27,26,26,26,27,26,27,27,27,27,27,27,27,27
538,5380,1229.291,-0.6046951,-0.6163256,0.121872,0.3620041,0.3706568,0.6385858,0.3766791,0.6193147,0,0.2376511,0,0,0.2389265,0.1194023,0.8450311,26,26,27,26,26,26,27,26,27,27,27,27,27,27,27,27
539,5390,1229.411,-0.1209698,-0.7395902,8.026557E-07,-0.2413361,-0.3706568,0.2554343,0.1255241,-0.123863,0.4922679,0.2376511,0.8828996,0.2384313,0.1194641,-0.1194015,0.2414388,26,26,27,26,26,26,27,26,27,27,27,27,27,27,27,27
540,5400,1229.773,-0.4837638,0.1232654,-0.7312238,-0.6033402,-0.7413135,-0.2554341,-0.2512079,-0.123863,-0.2461344,0.2376511,0.504514,0.3576473,-0.2389281,1.313419,0,26,26,27,26,26,26,27,26,27,27,27,27,27,27,27,27
541,5410,1229.411,0.4836803,0,0.3656137,-0.3620041,0.2471044,-0.1277172,-0.376785,-0.4954517,0.2461336,-0.5941281,-0.252257,-0.119216,0.2389265,0.2388037,0.4828761,26,26,27,26,26,26,27,26,27,27,27,27,27,27,27,27
542,5420,1230.497,0.1208864,0.4930601,-0.4874821,0.6033402,-0.2471046,0.2554343,-5.297528E-05,0,-1.107604,-0.3564771,-0.3783855,-0.5960802,-0.8362468,0.2388037,0.1207194,26,26,27,26,26,26,27,26,27,27,27,27,27,27,27,27
543,5430,1230.135,0.1208864,-0.1232654,8.026557E-07,0.120668,0.4942091,0.1277172,0.251102,-0.123863,0,-0.9506044,-0.1261285,-0.3576481,-0.4778546,0,-0.2414372,26,26,27,26,26,26,27,26,27,27,27,27,27,27,27,27
544,5440,1230.376,0.4836803,0.2465301,0.3656137,0.3620041,0.2471044,0.5108687,-0.5023621,0.6193147,-0.7384031,0.2376511,-0.630643,-0.7152954,-0.7167827,0,-0.362155,26,26,27,26,26,26,27,26,27,27,27,27,27,27,27,27
545,5450,1230.497,0.1208864,0.3697955,0.2437433,0,0.3706568,0,-0.2512079,-0.247726,0.1230664,-0.3564771,0.3783855,-0.8345115,0.4778546,-0.597008,-0.2414372,26,26,27,26,26,26,27,26,27,27,27,27,27,27,27,27
546,5460,1229.773,-0.2418626,-0.6163256,8.026557E-07,0.6033402,0.3706568,-0.2554341,-5.297528E-05,0.3715886,0.2461336,0.1188251,0,-0.119216,-0.8362468,0.4776066,-0.7243116,26,26,27,26,26,26,27,26,27,27,27,27,27,27,27,27
547,5470,1229.291,-0.1209313,-0.3697955,-0.3656113,0.120668,0,0.6385858,-5.297528E-05,0.123863,-0.3692015,0.7129533,0,-0.2384321,0,0.3582052,0.6035939,26,26,27,26,26,26,27,26,27,27,27,27,27,27,27,27
548,5480,1229.291,-0.4837188,-0.3697955,-0.6093023,-0.4826722,-0.2471046,0,0.5022562,0.6193147,0.2461336,0,0.252257,0,-0.1194641,0.1194023,0.3621566,26,26,27,26,26,26,27,26,27,27,27,27,27,27,27,27
549,5490,1230.014,-0.6046501,0.1232654,-0.853044,0.120668,-0.7413135,-0.2554341,-0.7535171,-0.4954517,-0.6153359,-0.2376511,0.3783855,0.1192152,-0.3583922,0.955214,0.1207194,26,26,27,26,26,26,27,26,27,27,27,27,27,27,27,27
550,5500,1230.497,0.4837252,-0.2465301,0.4875355,-0.6033402,0.2470534,-0.2554341,-0.62794,-0.3715886,0.1230664,-0.3564771,-0.630643,-0.4768642,0.1194641,0.2388037,0.7243133,26,26,27,26,26,26,27,26,27,27,27,27,27,27,27,27
551,5510,1230.255,-0.2418626,-0.1232654,-0.2436899,1.086012,-0.6178125,0.3831515,-1.130249,-0.123863,-0.8614699,-0.1188259,-0.3783855,0,-0.3583922,0.1194023,-0.2414372,26,26,27,26,26,26,27,26,27,27,27,27,27,27,27,27
552,5520,1230.497,0.1209313,-0.3697955,0.3656642,-0.4826722,0.8648149,0.1277172,0.251102,-0.123863,0.3692007,-0.8317792,0.252257,-0.8345115,-0.4778546,0.1194023,-0.1207178,26,26,27,26,26,26,27,26,27,27,27,27,27,27,27,27
553,5530,1229.894,0.6046501,0.4930601,0.3656642,0.120668,0.3706058,0.2554343,0.1255241,0.247726,-0.4922687,0.4753022,-0.7567714,0,-0.9557109,-0.2388037,-0.8450295,26,26,27,26,26,26,27,26,27,27,27,27,27,27,27,27
554,5540,1229.532,0,0.3697955,0.1219226,0.4826722,0.1235014,0.2554343,0.1255241,0.247726,1.107604,-0.7129533,1.009029,-0.4768642,0.1194641,-0.7164099,0.1207194,26,26,27,26,26,26,27,26,27,27,27,27,27,27,27,27
555,5550,1229.894,0.7255815,-0.1232654,0.1219226,-0.2413361,0.6177102,-0.1277172,0.1255241,0.8670407,0,0.1188251,-0.1261285,0.4768634,-0.9557109,-0.3582052,-0.4828745,26,26,27,26,26,26,27,26,27,27,27,27,27,27,27,27
556,5560,1229.652,-0.1209313,-0.1232654,5.217262E-05,0,0.2470534,0.8940201,-0.1256301,0.123863,-0.123068,0,-0.1261285,-0.4768642,0.3583906,0,0.3621566,26,26,27,26,26,26,27,26,27,27,27,27,27,27,27,27
557,5570,1229.411,0,-1.109386,-0.2436899,-0.120668,0.4941582,-1.021737,-0.1256301,0.123863,0.3692007,0.4753022,0,-0.4768642,-0.1194641,0,0.2414388,26,26,27,26,26,26,27,26,27,27,27,27,27,27,27,27
558,5580,1230.497,-0.9674441,0,-1.096786,0.6033402,-0.6178125,-0.6385856,-0.8790942,-0.3715886,-0.7384031,-0.8317792,0.252257,-0.3576481,-0.1194641,0.8358118,0.2414388,26,26,27,26,26,26,27,26,27,27,27,27,27,27,27,27
559,5590,1230.014,0.7255815,-0.2465301,0.4875355,-0.4826722,0.3706058,-0.6385856,-0.2512079,-0.123863,-0.7384031,-0.4753022,-0.504514,-0.8345115,0.5973187,0,0.2414388,26,26,27,26,26,26,27,26,27,27,27,27,27,27,27,27
560,5600,1229.773,0.6046501,0,5.217262E-05,0.8446763,-0.2471557,0.2554343,-0.62794,-0.123863,-1.230671,0.1188251,-0.7567714,-0.8345115,-0.8362468,-0.7164099,-0.8450295,26,26,27,26,26,26,27,26,27,27,27,27,27,27,27,27
561,5610,1229.894,-0.1209313,0.2465301,0.4875355,0.3620041,-0.1236034,-0.3831513,0.251102,-0.3715886,0.6153351,-0.2376511,0.504514,-0.9537275,-0.3583922,-0.4776066,0,26,26,27,26,26,26,27,26,27,27,27,27,27,27,27,27
562,5620,1230.255,0.362749,0.3697955,0.2437938,0.120668,0.3706058,0.1277172,-0.5023621,0.4954517,-0.123068,0.9506044,-0.1261285,-0.119216,-0.5973187,0.2388037,-0.7243116,26,26,27,26,26,26,27,26,27,27,27,27,27,27,27,27
563,5630,1229.894,0.362749,0.2465301,0.1219226,0.2413361,-5.136996E-05,0.6385858,0.251102,0.3715886,0.3692007,0.2376511,0.3783855,-0.4768642,0.3583906,0.2388037,0.3621566,26,26,27,26,26,26,27,26,27,27,27,27,27,27,27,27
564,5640,1229.411,-0.4837638,0,-0.2436903,-0.3620041,0.1235014,0.1277172,0.251102,-0.247726,0.2461336,0.4753022,0.1261285,-0.2384321,-0.1194641,-0.3582052,-0.1207178,26,26,27,26,26,26,27,26,27,27,27,27,27,27,27,27
565,5650,1229.532,-0.2419012,-0.1232654,-0.4874319,-0.4826786,-0.1236034,-0.5108685,0.1255241,0.123863,0.2461336,0.2376511,0.7567711,0.2384313,-0.2389281,0.5970089,0.4828761,26,26,27,26,26,26,27,26,27,27,27,27,27,27,27,27
566,5660,1229.291,-3.852747E-05,-0.7395902,-0.1218199,0.2413297,0,-0.5108685,-0.2512079,0,-0.2461344,0.1188251,-0.252257,-0.2384321,0.2389265,0.2388037,0.2414388,26,26,27,26,26,26,27,26,27,27,27,27,27,27,27,27
567,5670,1230.255,-0.4837638,0.3697955,-0.9749152,-6.421245E-06,-0.7413135,0,-0.5023621,-0.3715886,-0.3692015,-0.2376511,0.3783855,0.7152954,0.1194641,0.7164103,0.3621566,26,26,27,26,26,26,27,26,27,27,27,27,27,27,27,27
568,5680,1229.652,0.362749,-0.6163256,0.8531467,-0.3620105,0.3706568,-1.149454,0.2511012,-0.7431773,0,-0.9506044,0.1261285,0.2384313,0,-0.1194015,-0.2414372,26,26,27,26,26,26,27,26,27,27,27,27,27,27,27,27
569,5690,1230.497,0.1208864,0.3697955,5.136996E-05,0.7240018,-0.4942091,-0.1277172,-1.004673,-0.123863,-1.107604,-0.4753022,-0.8829,-0.2384321,-0.2389281,-0.1194015,-0.4828745,26,26,27,26,26,26,27,26,27,27,27,27,27,27,27,27
570,5700,1230.376,0.362749,-0.1232654,0.3656634,-0.1206745,0.6177611,-0.3831513,0.3766783,-0.3715886,0.1230664,-0.5941281,-0.3783855,-0.4768642,-0.2389281,-0.2388037,-0.6035923,26,26,27,26,26,26,27,26,27,27,27,27,27,27,27,27
571,5710,1230.014,0.4836803,0.4930601,0.1219218,0.4826657,0,0.3831515,-0.5023629,-0.247726,-0.9845371,0.1188251,-0.8829,0,-0.5973187,-0.3582052,-0.1207178,26,26,27,26,26,26,27,26,27,27,27,27,27,27,27,27
572,5720,1229.773,0.2418177,0.6163256,0.243793,0.1206616,0.3706568,0.1277172,0.2511012,-0.123863,0,-0.7129533,0,-0.5960802,0.2389265,-0.3582052,0.2414388,26,26,27,26,26,26,27,26,27,27,27,27,27,27,27,27
573,5730,1230.376,0.1208864,-0.1232654,0.7312763,0.2413297,0.3706568,0.2554343,-0.7535179,0.123863,-0.3692015,0.2376511,-0.504514,0.2384313,-1.314101,-0.1194015,-0.4828745,26,26,27,26,26,26,27,26,27,27,27,27,27,27,27,27
574,5740,1229.532,0.2418177,0.4930601,-0.2436903,0.4826657,-0.3706568,0.5108687,0.2511012,-0.3715886,0.6153351,-0.2376511,0.504514,-0.2384321,0.2389265,-0.4776066,0.3621566,26,26,27,26,26,26,27,26,27,27,27,27,27,27,27,27
575,5750,1229.773,-0.2419012,0,0.7312763,0.1206616,0.4942091,-0.1277172,-0.1256309,0.3715886,0.2461336,0.3564771,-0.3783855,-0.2384321,-0.8362468,0.1194023,-0.6035923,26,26,27,26,26,26,27,26,27,27,27,27,27,27,27,27
576,5760,1229.652,-0.7256264,-0.3697955,-0.1218199,-6.421245E-06,-0.3706568,0.7663028,-0.7535179,0.3715886,-0.123068,0.4753022,0.3783855,0.1192152,0.3583906,0.5970089,0.3621566,26,26,27,26,26,26,27,26,27,27,27,27,27,27,27,27
577,5770,1229.291,0.1208864,-0.9861203,-0.2436903,-0.7240147,0.123552,-0.1277172,-0.5023629,-0.123863,0.3692007,0,0.3783855,0.1192152,0.2389265,0.3582052,-0.1207178,26,26,27,26,26,26,27,26,27,27,27,27,27,27,27,27
578,5780,1230.014,-0.8465385,0,-0.1218199,-0.4826786,-0.2471046,-0.5108685,-0.2512088,-0.123863,-0.2461344,0.2376511,0.1261285,0.3576473,0,0.5970089,0.2414388,26,26,27,26,26,26,27,26,27,27,27,27,27,27,27,27
579,5790,1229.532,0.1209056,-1.109386,5.136996E-05,-0.8446828,0.4942091,-0.6385856,-0.2512088,0.123863,-0.123068,0.2376511,0.7567711,-0.3576481,0.7167827,0.1194023,0.2414388,26,26,27,26,26,26,27,26,27,27,27,27,27,27,27,27
580,5800,1230.376,-0.120957,0.6163256,-0.121819,0.6033338,-0.3706568,-0.3831513,-1.13025,-0.4954517,-0.3692015,-1.06943,-0.630643,-0.119216,0.2389265,0.1194023,0.4828761,26,26,27,26,26,26,27,26,27,27,27,27,27,27,27,27
581,5810,1230.014,0.241837,-0.1232654,0.7312771,-0.1206745,0.4942091,-0.89402,-0.2512088,-0.247726,0,-0.2376511,-0.7567714,-0.2384321,0,0.7164103,0.1207194,26,26,27,26,26,26,27,26,27,27,27,27,27,27,27,27
582,5820,1229.894,-0.7256072,0.2465301,-0.7311732,0.8446699,-0.2471046,0.2554343,-0.7535179,-0.6193147,-0.8614699,-0.8317792,-0.3783855,-0.3576481,-0.7167827,0,0,26,26,27,26,26,26,27,26,27,27,27,27,27,27,27,27
583,5830,1230.376,-2.568498E-05,-0.3697955,-0.3655607,-0.3620105,0.4942091,-0.1277172,0.3766783,-0.6193147,0.2461336,-0.4753022,0.1261285,-0.3576481,-0.2389281,-0.2388037,-0.7243116,26,26,27,26,26,26,27,26,27,27,27,27,27,27,27,27
584,5840,1229.773,0.3627618,-0.1232654,0.975018,0.3619977,0,0.3831515,-0.2512071,-0.123863,-1.107604,-0.1188259,0.252257,0,-0.9557109,-0.4776066,-0.7243116,26,26,27,26,26,26,27,26,27,27,27,27,27,27,27,27
585,5850,1230.255,-2.568498E-05,-0.1232654,-0.2436899,0.3619977,0.4942091,0,-0.6279392,-0.123863,0.9845359,0.1188251,0.504514,-0.5960802,0.4778546,-0.4776066,-0.362155,26,26,27,26,26,26,27,26,27,27,27,27,27,27,27,27
586,5860,1230.014,0.3627618,0,0.8531475,0.4826657,0.6177611,0.3831515,0.2511028,0.123863,-0.7384031,0.1188251,-0.3783855,0.1192152,-0.3583922,-0.1194015,-0.2414372,26,26,27,26,26,26,27,26,27,27,27,27,27,27,27,27
587,5870,1229.532,-0.120957,-0.4930601,-0.2436899,0.3619977,-0.1235524,0.2554343,0.2511028,0.4954517,0.6153351,0.2376511,0.1261285,-0.8345115,0.2389265,0,0.7243133,26,26,27,26,26,26,27,26,27,27,27,27,27,27,27,27
588,5880,1229.411,-0.8465385,-0.7395902,0.1219226,0.1206616,0.8648659,-0.1277172,0.2511028,0.4954517,0.6153351,0.2376511,0.252257,-0.119216,0.4778546,0.1194023,-0.362155,26,26,27,26,26,26,27,26,27,27,27,27,27,27,27,27
589,5890,1229.17,-0.9674698,-0.4930601,-0.4874315,-0.3620105,-0.2471046,0.3831515,0.2511028,0,0.6153351,0.3564771,0.3783855,0.2384313,0.1194641,0.1194023,0.1207194,26,26,27,26,26,26,27,26,27,27,27,27,27,27,27,27
590,5900,1229.894,-0.2418883,0,-0.7311732,-0.6033466,-0.4942091,-0.5108685,-0.3767842,0.3715886,0.1230664,0.4753022,0.8828996,-0.119216,-0.1194641,0.2388037,0,26,26,27,26,26,26,27,26,27,27,27,27,27,27,27,27
591,5910,1230.376,-0.9674698,0.3697955,-0.121819,0.6033338,-0.7413135,-0.3831513,-0.7535163,-0.123863,-0.123068,-0.1188259,-0.252257,0,-0.3583922,0.5970089,0.1207194,26,26,27,26,26,26,27,26,27,27,27,27,27,27,27,27
592,5920,1230.135,0.4836932,-0.9861203,0.2437938,-0.2413425,0.2471044,-0.6385856,-0.2512071,-0.4954517,0,-0.3564771,-0.630643,-0.119216,0.2389265,-0.2388037,0.1207194,26,26,27,26,26,26,27,26,27,27,27,27,27,27,27,27
593,5930,1229.773,-0.4837509,0.1232654,-0.2436899,0.8446699,-0.4942091,0.5108687,-0.8790934,0.123863,-0.8614699,0.2376511,-0.3783855,-0.5960802,-0.3583922,0.3582052,0,26,26,27,26,26,26,27,26,27,27,27,27,27,27,27,27
594,5940,1230.014,-0.483905,-0.1232654,0.1219226,-0.7240147,0.2471044,-0.2554341,0.6278341,-0.123863,0.3692007,-0.2376511,-0.3783855,-0.9537275,-0.2389281,-0.2388037,-0.362155,26,26,27,26,26,26,27,26,27,27,27,27,27,27,27,27
595,5950,1229.894,1.087913,-0.1232654,0.6094059,1.086006,0.123552,0.2554343,-0.3767842,0.4954517,-0.3692015,0.8317792,-0.3783855,0,-0.9557109,-0.3582052,-1.327904,26,26,27,26,26,26,27,26,27,27,27,27,27,27,27,27
596,5960,1230.014,0.36246,0.6163256,0.243793,0.6033338,0.6177611,0.5108687,-0.1256293,-0.3715886,0.6153351,-0.3564771,0.8828996,-0.5960802,0.7167827,-0.9552136,0.1207194,26,26,27,26,26,26,27,26,27,27,27,27,27,27,27,27
597,5970,1229.773,0.4833657,0,0.8531467,0.6033338,-0.1235524,-0.2554341,0.2511028,0.3715886,-0.123068,0.4753022,-0.252257,0.3576473,-0.3583922,0.4776066,-0.8450295,26,26,27,26,26,26,27,26,27,27,27,27,27,27,27,27
598,5980,1229.894,-0.7257227,0.3697955,-0.3655611,0.3619977,0.123552,0.2554343,0.502257,-0.123863,-0.123068,0.2376511,0.252257,-0.5960802,0.5973187,0.3582052,0.3621566,26,26,27,26,26,26,27,26,27,27,27,27,27,27,27,27
599,5990,1229.17,-0.483905,-0.3697955,5.136996E-05,-0.2413425,0,-0.1277172,-0.1256293,0.123863,0.6153351,-0.3564771,0.504514,-0.2384321,-0.1194641,0.2388037,-0.7243116,26,26,27,26,26,26,27,26,27,27,27,27,27,27,27,27
600,6000,1229.532,-0.2420874,-0.3697955,-0.3655611,-0.3620105,-0.2471046,-0.2554341,0.2511012,1.114766,0.3692007,0.3564771,0.1261285,0.4768634,0.1194641,0.8358118,0.4828761,26,26,27,26,26,26,27,26,27,27,27,27,27,27,27,27
601,6010,1229.049,0.6042777,-1.109386,-1.096786,-0.4826786,-0.6177613,-0.5108685,0.2511012,0.247726,0,0,0.630643,-0.3576481,0.1194641,0.4776066,0.2414388,26,26,27,26,26,26,27,26,27,27,27,27,27,27,27,27
602,6020,1230.858,0.1206424,0.2465301,-0.9749152,0.3619977,-0.6177613,0.2554343,-0.2512088,-0.6193147,-0.9845371,0,0.252257,-0.119216,-0.3583922,0.5970089,0.4828761,26,26,27,26,26,26,27,26,27,27,27,27,27,27,27,27
603,6030,1229.773,-0.0002696923,-1.23265,0.243793,-0.2413425,0.8648659,-0.2554341,-0.1256309,-0.3715886,-0.7384031,-0.4753022,-0.252257,-0.5960802,0.1194641,-0.1194015,0.3621566,26,26,27,26,26,26,27,26,27,27,27,27,27,27,27,27
604,6040,1230.497,-0.1211817,0.8628557,0.1219218,1.206674,-0.4942091,0.6385858,-1.13025,0.123863,-0.4922687,-0.3564771,0,-0.3576481,0.1194641,0.2388037,0.4828761,26,26,27,26,26,26,27,26,27,27,27,27,27,27,27,27
605,6050,1230.014,0.6042777,-0.2465301,0.1219218,-0.6033466,0.4942091,-0.5108685,0.1255233,-0.123863,-0.2461344,-0.4753022,-0.252257,-0.7152954,0,0.3582052,0.7243133,26,26,27,26,26,26,27,26,27,27,27,27,27,27,27,27
606,6060,1229.773,0.36246,-0.1232654,5.136996E-05,0.6033338,-0.2471046,0.3831515,-0.5023629,0.123863,-1.599873,-0.1188259,-0.504514,0,-1.194637,-0.7164099,-0.362155,26,26,27,26,26,26,27,26,27,27,27,27,27,27,27,27
607,6070,1229.773,0.241548,0.3697955,0.243793,-0.1206745,0.3706568,-0.2554341,0.1255233,-0.247726,0.4922679,-0.7129533,-0.1261285,-0.5960802,-0.1194641,-0.4776066,-0.1207178,26,26,27,26,26,26,27,26,27,27,27,27,27,27,27,27
608,6080,1230.014,0.8460954,0.1232654,0.4875347,0.4826657,0.7413135,0.5108687,0.5022554,0.123863,-0.7384031,0.2376511,-0.7567714,0.4768634,-1.075175,-0.2388037,-0.6035923,26,26,27,26,26,26,27,26,27,27,27,27,27,27,27,27
609,6090,1229.291,-0.2420874,-0.2465301,0.3656634,0.7240018,0.123552,0.3831515,0.2511012,-0.3715886,0.1230664,-0.1188259,0.252257,-0.119216,0.8362468,0,0.1207194,26,26,27,26,26,26,27,26,27,27,27,27,27,27,27,27
610,6100,1229.652,-0.1209313,-0.7395902,0.1219218,-6.421245E-06,0.3706568,0.6385858,-5.377793E-05,0,0,-0.2376511,0.252257,0.1192152,-0.3583922,0.5970089,-0.4828745,26,26,27,26,26,26,27,26,27,27,27,27,27,27,27,27
611,6110,1229.049,-0.4837188,-0.2465301,-0.3655611,0.4826657,0.3706568,-0.1277172,-0.1256309,0.4954517,0.2461336,0.3564771,0,0.1192152,0.9557093,0.2388037,0.6035939,26,26,27,26,26,26,27,26,27,27,27,27,27,27,27,27
612,6120,1229.652,-0.4837188,-0.9861203,-0.3655611,-0.3620105,0.6177611,0.5108687,0.2511012,0.247726,0,0.1188251,0.3783855,0.7152954,0.1194641,0.3582052,0.3621566,26,26,27,26,26,26,27,26,27,27,27,27,27,27,27,27
613,6130,1229.894,-1.330232,-0.3697955,-0.2436903,-0.2413361,-0.2471046,0.2554343,0.5022554,-0.123863,-0.6153359,0.3564771,0.504514,0.2384313,0.4778546,0.3582052,0.4828761,26,26,27,26,26,26,27,26,27,27,27,27,27,27,27,27
614,6140,1229.532,0,-0.1232654,5.136996E-05,-0.9653444,0.123552,-0.2554341,-0.3767858,-0.247726,0,0.4753022,0,-0.3576481,0.3583906,0.4776066,0.4828761,26,26,27,26,26,26,27,26,27,27,27,27,27,27,27,27
615,6150,1230.135,-0.1209313,0.7395902,-0.3655611,0.3620041,-0.4942091,-0.3831513,-0.7535179,-0.9909033,-0.4922687,-0.5941281,-0.3783855,0.4768634,-0.4778546,0.4776066,-0.1207178,26,26,27,26,26,26,27,26,27,27,27,27,27,27,27,27
616,6160,1229.652,0.7255815,-0.6163256,0.3656634,-0.6033402,-0.1235524,-0.3831513,-5.377793E-05,-0.247726,-0.123068,-0.8317792,-0.1261285,-0.3576481,0.3583906,0,0.2414388,26,26,27,26,26,26,27,26,27,27,27,27,27,27,27,27
617,6170,1230.014,0.362794,0.2465301,5.136996E-05,0.8446763,0.123552,0.2554343,-0.5023629,-0.123863,-0.9845371,-0.3564771,-0.504514,-0.2384321,-0.7167827,-0.4776066,0.1207194,26,26,27,26,26,26,27,26,27,27,27,27,27,27,27,27
618,6180,1230.255,-0.3627875,0.2465301,0.4875347,0,0.9884179,-0.2554341,-0.2512088,-0.123863,0.4922679,-0.7129533,0,0,-0.1194641,0.2388037,-0.6035923,26,26,27,26,26,26,27,26,27,27,27,27,27,27,27,27
619,6190,1229.652,0.6046501,-0.1232654,0.8531467,0.3620041,0,0.3831515,-0.2512088,0.247726,0.1230664,0.1188251,-0.252257,0.2384313,-1.075175,-0.1194015,-1.086467,26,26,27,26,26,26,27,26,27,27,27,27,27,27,27,27
620,6200,1230.014,0.2418626,0.3697955,-0.2436903,0.8446763,0.123552,0.1277172,0.5022554,-0.123863,0.6153351,-0.2376511,0.3783855,-1.072944,0.3583906,-0.597008,0.3621566,26,26,27,26,26,26,27,26,27,27,27,27,27,27,27,27
621,6210,1229.652,0.7255815,0,0.243793,0.3620041,0.8648659,-0.1277172,0.3766783,0.3715886,-0.6153359,0.4753022,-0.630643,-0.119216,-0.5973187,0.2388037,-0.9657489,26,26,27,26,26,26,27,26,27,27,27,27,27,27,27,27
622,6220,1229.049,-0.7255815,-0.1232654,-0.2436903,0,0.2471044,0.3831515,-0.5023629,0.6193147,0.1230664,0.2376511,-0.3783855,-0.4768642,0.1194641,0.3582052,0.4828761,26,26,27,26,26,26,27,26,27,27,27,27,27,27,27,27
623,6230,1229.17,-0.7255815,0,-0.3655611,-0.120668,0.2471044,0.3831515,0.7534103,0.7431773,0.1230664,0.2376511,0.1261285,0.1192152,-0.2389281,0.2388037,-0.2414372,26,26,27,26,26,26,27,26,27,27,27,27,27,27,27,27
624,6240,1229.532,-1.330232,-0.4930601,-0.2436903,0,-0.2471046,0.2554343,-0.2512088,0.6193147,0,0,0.1261285,-0.119216,0.2389265,0.1194023,0.6035939,26,26,27,26,26,26,27,26,27,27,27,27,27,27,27,27
625,6250,1229.049,0.7255815,-0.9861203,0.1219218,-0.4826722,-0.1235524,-0.6385856,-0.879095,-0.123863,0,-0.4753022,0.252257,0,0.8362468,0.2388037,0.3621566,26,26,27,26,26,26,27,26,27,27,27,27,27,27,27,27
626,6260,1230.497,-0.3628325,0.1232654,-0.6093028,0.2413361,-0.4942091,0.1277172,-1.255827,-0.8670403,-0.6153359,-0.1188259,0,-0.2384321,0,0.7164103,0.3621566,26,26,27,26,26,26,27,26,27,27,27,27,27,27,27,27
627,6270,1229.17,0.362749,-0.7395902,0.4875347,-0.8446763,0.6177611,-0.7663028,-0.3767858,-0.6193147,0,-0.5941281,0.1261285,0,0.1194641,0.4776066,0.4828761,26,26,27,26,26,26,27,26,27,27,27,27,27,27,27,27
628,6280,1229.532,-3.852747E-05,0.6163256,0.243793,0.8446763,-0.8648659,-0.1277172,-1.004673,-0.3715886,-0.9845371,-0.5941281,-0.3783855,-0.3576481,-0.4778546,0.3582052,-0.2414372,26,26,27,26,26,26,27,26,27,27,27,27,27,27,27,27
629,6290,1230.497,-3.852747E-05,0,0.3656634,0,0.3706568,-0.5108685,0.8789874,-0.6193147,0.2461336,-0.7129533,0.1261285,-0.2384321,-0.4778546,-0.3582052,-0.4828745,26,26,27,26,26,26,27,26,27,27,27,27,27,27,27,27
630,6300,1230.135,0.6046116,0,0.3656634,0.6033402,-0.2471048,0,-5.377793E-05,0.6193147,-0.3692015,0.1188251,-0.7567714,-0.4768642,-0.5973187,-0.597008,-0.6035923,26,26,27,26,26,26,27,26,27,27,27,27,27,27,27,27
631,6310,1230.497,-0.1209698,-0.1232654,0.4875347,0.4826722,0.123552,-0.1277172,0.1255233,0.247726,0.8614694,-0.1188259,0.3783855,-0.9537275,0.4778546,-0.1194015,-0.2414372,26,26,27,26,26,26,27,26,27,27,27,27,27,27,27,27
632,6320,1230.135,-3.852747E-05,0.1232654,0.1219218,0.8446763,0.6177607,0.2554343,0.1255241,0.123863,0.1230664,0.4753022,0.1261285,0.2384313,-0.4778546,0.3582052,-0.362155,26,26,27,26,26,26,27,26,27,27,27,27,27,27,27,27
633,6330,1229.291,-0.3628325,0.1232654,5.136996E-05,0.3620041,-0.1235528,0.1277172,0.6278341,0.6193147,0.2461336,0.3564771,0.630643,-0.2384321,0.7167827,0.1194023,0.7243133,26,26,27,26,26,26,27,26,27,27,27,27,27,27,27,27
634,6340,1228.929,-0.2419012,-0.4930601,5.136996E-05,0.2413361,-0.1235528,0.2554343,-0.5023621,-0.123863,0.3692007,0,0.3783855,0.5960794,0.1194641,0.3582052,-0.2414372,26,26,27,26,26,26,27,26,27,27,27,27,27,27,27,27
635,6350,1229.17,-0.3628325,-0.7395902,-0.8530444,0.3620041,-0.2471048,0.1277172,0.1255241,0.3715886,0.4922679,0.2376511,-0.1261285,0.7152954,0,0.2388037,0.3621566,26,26,27,26,26,26,27,26,27,27,27,27,27,27,27,27
636,6360,1228.808,0.4836803,-0.6163256,0.243793,-0.3620041,-0.1235528,-0.6385856,-0.376785,0.247726,0.3692007,0.4753022,0.7567711,0.3576473,0.3583906,0.1194023,0.1207194,26,26,27,26,26,26,27,26,27,27,27,27,27,27,27,27
637,6370,1230.014,-0.3628325,0,-0.8530444,0.3620041,-0.7413139,0.2554343,-0.7535171,-0.123863,-0.6153359,-0.1188259,-0.504514,-0.119216,-0.7167827,-0.1194015,0.3621566,26,26,27,26,26,26,27,26,27,27,27,27,27,27,27,27
638,6380,1230.135,0.4836803,-0.2465301,0.4875347,-0.4826722,0.3706564,-0.6385856,-5.297528E-05,-0.4954517,0.3692007,-0.9506044,0,-0.2384321,-0.1194641,-0.1194015,-0.1207178,26,26,27,26,26,26,27,26,27,27,27,27,27,27,27,27
639,6390,1230.376,0.1208864,-0.1232654,0.3656634,0.9653444,-0.9884183,0.2554343,-0.62794,0,-0.8614699,-0.3564771,-0.252257,-0.2384321,-0.8362468,0,-0.9657489,26,26,27,26,26,26,27,26,27,27,27,27,27,27,27,27
640,6400,1230.135,0.2418177,0.4930601,-0.1218199,0.6033402,0.3706564,-0.1277172,0.6278341,-0.3715886,0.4922679,-0.5941281,-0.252257,-0.3576481,0.5973187,-0.4776066,0.2414388,26,26,27,26,26,26,27,26,27,27,27,27,27,27,27,27
641,6410,1229.532,0.2418177,-0.1232654,0.7312763,0.120668,0.7413131,0.8940201,0.1255241,-0.123863,0,0.4753022,0,-0.2384321,-0.9557109,0.2388037,-0.9657489,26,26,27,26,26,26,27,26,27,27,27,27,27,27,27,27
642,6420,1230.014,0.241548,-0.1232654,-0.4874319,0.7240083,0.123552,0.2554343,-0.376785,0.6193147,0.3692007,0.3564771,1.135157,-0.4768642,0.7167827,-0.1194015,0,26,26,27,26,26,26,27,26,27,27,27,27,27,27,27,27
643,6430,1229.291,-0.2420874,-0.2465301,5.136996E-05,0,0.247104,-0.3831513,0.5022562,0.3715886,0.3692007,0.4753022,-0.504514,0,-0.3583922,0.1194023,-0.2414372,26,26,27,26,26,26,27,26,27,27,27,27,27,27,27,27
644,6440,1229.773,-0.483905,0.1232654,-0.2437404,-0.120668,-0.1235528,-0.1277172,-0.376785,0.3715886,0.1230664,0.7129533,0.3783855,0.3576473,0.2389265,0.3582052,0.3621566,26,26,27,26,26,26,27,26,27,27,27,27,27,27,27,27
645,6450,1228.446,-0.1211817,-1.23265,-0.4874821,-0.3620105,-4.013278E-07,0.1277172,-0.5023621,-0.123863,0.1230664,0.1188251,1.009029,-0.119216,0.3583906,0,-0.1207178,26,26,27,26,26,26,27,26,27,27,27,27,27,27,27,27
646,6460,1229.291,-0.8466348,-0.4930601,-0.4874821,-0.1206745,-0.4942601,-0.1277172,-0.2512079,-0.123863,0,0.1188251,0.7567711,0.4768634,0,0.2388037,0.3621566,26,26,27,26,26,26,27,26,27,27,27,27,27,27,27,27
647,6470,1228.808,-0.3629994,-0.8628557,0.3656137,-0.8446828,-5.136996E-05,0,-0.62794,-0.123863,-0.6153359,0.1188251,0,0,0.1194641,0.4776066,0.2414388,26,26,27,26,26,26,27,26,27,27,27,27,27,27,27,27
648,6480,1230.497,-0.2420874,0.6163256,-0.6093529,0.4826657,-0.2471557,0,-0.3767858,-0.3715886,-1.107604,-0.5941281,-0.630643,-0.5960802,0.2389265,0.5970089,0.2414388,26,26,27,26,26,26,27,26,27,27,27,27,27,27,27,27
649,6490,1229.894,0.36246,-0.1232654,0.3656137,-0.1206745,0.3706058,0,-5.377793E-05,-1.238629,0,-0.9506044,0.252257,0,-0.2389281,0.2388037,0.4828761,26,26,27,26,26,26,27,26,27,27,27,27,27,27,27,27
650,6500,1229.894,-0.0002696923,0.3697955,-0.3656113,0.6033338,0.1235014,0.7663028,-0.7535179,-0.3715886,-1.107604,-0.5941281,-0.1261285,-0.2384321,-0.3583922,-0.3582052,0,26,26,27,26,26,26,27,26,27,27,27,27,27,27,27,27
651,6510,1229.291,0.36246,0.6163256,0.3656137,0.4826657,0.3706058,-0.89402,-5.377793E-05,-0.6193147,0,-0.9506044,0.1261285,-0.4768642,-0.5973187,-0.3582052,-0.8450295,26,26,27,26,26,26,27,26,27,27,27,27,27,27,27,27
652,6520,1229.291,0.7251834,0.3697955,0.6093553,0.4826657,0.1235014,0.3831515,-0.2512088,0.3715886,-0.8614699,0.2376511,-0.3783855,0,-1.194637,0,-0.6035923,26,26,27,26,26,26,27,26,27,27,27,27,27,27,27,27
653,6530,1229.652,0.36246,-0.1232654,0.121872,0.9653379,-5.136996E-05,0.2554343,0.1255233,-0.247726,0.3692007,-0.3564771,0.504514,-0.4768642,1.194637,-0.597008,0.8450311,26,26,27,26,26,26,27,26,27,27,27,27,27,27,27,27
654,6540,1229.291,0.241548,-0.1232654,0.2437433,0.3619977,0.6177102,0,-5.377793E-05,0.123863,-0.2461344,0.1188251,0,0.4768634,-0.9557109,0.7164103,-0.8450295,26,26,27,26,26,26,27,26,27,27,27,27,27,27,27,27
655,6550,1229.049,-0.0002696923,-0.1232654,-0.2437404,0.2413297,-0.1236034,0.2554343,0.1255233,0.3715886,0.7384023,0.4753022,0.3783855,0.2384313,0,0.1194023,0.4828761,26,26,27,26,26,26,27,26,27,27,27,27,27,27,27,27
656,6560,1228.929,0.241548,-0.4930601,-0.3656113,-0.2413425,0.1235014,0.1277172,-5.377793E-05,0.123863,0,-0.2376511,0.1261285,0.3576473,0.3583906,0.3582052,0,26,26,27,26,26,26,27,26,27,27,27,27,27,27,27,27
657,6570,1229.291,-0.2420874,-0.2465301,-0.7312238,0.1206616,-0.6178125,-0.5108685,-1.004673,0,-0.3692015,0.1188251,-0.3783855,0.3576473,-0.1194641,0.2388037,-0.1207178,26,26,27,26,26,26,27,26,27,27,27,27,27,27,27,27
658,6580,1229.17,-0.1211817,-0.3697955,0.4874841,-0.3620105,-0.2471557,-0.89402,-0.6279408,-0.4954517,0.4922679,0,-0.3783855,0.1192152,0.2389265,0.4776066,0,26,26,27,26,26,26,27,26,27,27,27,27,27,27,27,27
659,6590,1229.652,-0.0002696923,0.2465301,-0.2437404,0.8446699,-0.4942601,0.1277172,-0.6279408,0,-0.6153359,-0.2376511,-0.8829,-0.5960802,-0.9557109,0.1194023,0.7243133,26,26,27,26,26,26,27,26,27,27,27,27,27,27,27,27
660,6600,1230.014,0.6042777,-0.2465301,0.2437938,-0.3620105,0.8648149,-0.3831513,0.1255233,-0.123863,0,-0.5941281,-0.1261285,-0.5960802,-0.7167827,-0.1194015,-0.1207178,26,26,27,26,26,26,27,26,27,27,27,27,27,27,27,27
661,6610,1229.291,0.241548,0.1232654,-0.121819,0.4826722,-0.2471557,0.6385858,-0.5023629,-0.123863,-0.7384031,-0.2376511,-0.504514,-0.2384321,-1.194637,-0.2388037,-0.2414372,26,26,27,26,26,26,27,26,27,27,27,27,27,27,27,27
662,6620,1229.773,-0.1211817,0.4930601,0.4875355,0,0.8648659,0.2554343,0.7534103,0.123863,0.2461336,-0.5941281,0.1261285,-0.5960802,0.2389265,-0.597008,-0.1207178,26,26,27,26,26,26,27,26,27,27,27,27,27,27,27,27
663,6630,1229.532,0.241548,0.3697955,0.3656642,0.3620041,0.3706568,0,-5.377793E-05,-0.247726,0.4922679,-0.1188259,0,0.3576473,-0.3583922,0.3582052,-0.9657489,26,26,27,26,26,26,27,26,27,27,27,27,27,27,27,27
664,6640,1229.17,-0.0002696923,0,-0.9749148,0.6033402,0.2471044,0.5108687,-0.1256301,-0.3715886,0.3692007,0,0.504514,-0.2384321,0.3583906,-0.3582052,0.4828761,26,26,27,26,26,26,27,26,27,27,27,27,27,27,27,27
665,6650,1229.17,-0.2420874,-0.2465301,0.1219226,0.120668,0,0.1277172,0.1255241,0.247726,0.4922679,0.3564771,0.252257,0.3576473,-0.3583922,-0.1194015,-0.362155,26,26,27,26,26,26,27,26,27,27,27,27,27,27,27,27
666,6660,1228.808,-0.8466348,-0.3697955,-0.4874315,-0.3620041,0.3706568,0,0.1255241,0.123863,0.1230664,-0.1188259,0.1261285,0.1192152,0.3583906,-0.2388037,0.6035939,26,26,27,26,26,26,27,26,27,27,27,27,27,27,27,27
667,6670,1229.049,0.1206424,-0.4930601,-0.121819,-0.3620041,-0.1235524,-0.2554341,-0.376785,-0.247726,-0.123068,0,1.387414,-0.3576481,0.2389265,0.2388037,0.2414388,26,26,27,26,26,26,27,26,27,27,27,27,27,27,27,27
668,6680,1230.014,-0.9675404,0,-0.3655607,0,-0.6177613,-0.3831513,-5.297528E-05,-0.6193147,-0.2461344,-0.2376511,0.7567711,0.1192152,0,0.4776066,0.2414388,26,26,27,26,26,26,27,26,27,27,27,27,27,27,27,27
669,6690,1229.411,0.1206424,-0.4930601,0.6094059,-0.3620041,0.8648659,0.1277172,-0.5023621,-0.123863,-0.4922687,0.1188251,-0.1261285,0,0.3583906,0.3582052,0.1207194,26,26,27,26,26,26,27,26,27,27,27,27,27,27,27,27
670,6700,1229.773,-0.0002696923,0.4930601,5.217262E-05,0.9653444,-0.3706568,-0.1277172,-0.2512079,-0.4954517,-0.6153359,-0.5941281,-0.1261285,0.1192152,-0.8362468,-0.1194015,-0.2414372,26,26,27,26,26,26,27,26,27,27,27,27,27,27,27,27
671,6710,1229.411,0.4833657,-0.4930601,-0.121819,0.2413361,0.3706568,0.1277172,0.5022562,0.123863,0.4922679,-0.5941281,0.3783855,-0.7152954,-0.2389281,-0.2388037,-0.1207178,26,26,27,26,26,26,27,26,27,27,27,27,27,27,27,27
672,6720,1229.773,0.6042777,0.8628557,5.217262E-05,0.120668,0.2471044,0.1277172,-0.2512079,0.4954517,-0.6153359,0.2376511,-0.252257,-0.2384321,-0.8362468,-0.2388037,-0.2414372,26,26,27,26,26,26,27,26,27,27,27,27,27,27,27,27
673,6730,1229.894,-0.1211817,0.4930601,0.1219226,0.8446763,-0.1235524,0.3831515,-0.5023621,0.247726,0.4922679,-0.4753022,0.630643,-0.5960802,0.3583906,-0.4776066,0,26,26,27,26,26,26,27,26,27,27,27,27,27,27,27,27
674,6740,1229.652,0.1209313,-0.6163256,0.4875355,0.3620041,0.3706568,0,0.1255241,0.247726,0,0.2376511,-0.252257,0.4768634,-0.7167827,0.2388037,-1.086467,26,26,27,26,26,26,27,26,27,27,27,27,27,27,27,27
675,6750,1229.17,0,-0.4930601,0.1219226,0.120668,-0.2471046,0.7663028,0.251102,0.247726,-0.3692015,0.3564771,-0.1261285,-0.2384321,0.3583906,-0.1194015,1.086468,26,26,27,26,26,26,27,26,27,27,27,27,27,27,27,27
676,6760,1228.205,-0.1209313,-0.9861203,0.2437938,0.120668,0,-0.2554341,0.1255241,0.247726,0.4922679,0,0.630643,0.2384313,0.3583906,0,-0.6035923,26,26,27,26,26,26,27,26,27,27,27,27,27,27,27,27
677,6770,1229.411,-0.4837188,-0.2465301,-0.853044,-0.6033402,-0.6177613,-0.5108685,-0.5023621,0,-0.7384031,0.1188251,0.1261285,0.8345115,0,0.8358118,0.1207194,26,26,27,26,26,26,27,26,27,27,27,27,27,27,27,27
678,6780,1228.929,0,-0.6163256,-0.3655607,-0.7240083,0.2471044,-0.5108685,-0.376785,-0.3715886,-0.4922687,0.1188251,0.1261285,-0.2384321,0.4778546,0.1194023,0.6035939,26,26,27,26,26,26,27,26,27,27,27,27,27,27,27,27
679,6790,1229.411,0,0.4930601,-0.2436899,0.6033402,-0.2471046,0.8940201,-0.5023621,-0.247726,-1.230671,-0.4753022,-0.3783855,-0.5960802,-1.075175,-0.4776066,-0.4828745,26,26,27,26,26,26,27,26,27,27,27,27,27,27,27,27
680,6800,1229.894,0,0.3697955,5.217262E-05,-0.6033402,0.7413135,-0.3831513,0.3766791,-0.247726,0.1230664,-0.8317792,0.1261285,-0.9537275,-0.2389281,-0.2388037,-0.1207178,26,26,27,26,26,26,27,26,27,27,27,27,27,27,27,27
681,6810,1229.291,0.9674441,0.2465301,0.2437938,0.3620041,0.123552,0.6385858,-0.2512079,0.4954517,-0.3692015,0,-0.504514,0.3576473,-1.194637,-0.3582052,-0.362155,26,26,27,26,26,26,27,26,27,27,27,27,27,27,27,27
682,6820,1229.17,-0.2418626,0.3697955,0.3656642,0.4826722,-0.2471046,0.2554343,0.251102,0.123863,0,0.1188251,-0.1261285,0,0.3583906,-0.1194015,0.4828761,26,26,27,26,26,26,27,26,27,27,27,27,27,27,27,27
683,6830,1228.326,-0.4837188,-0.8628557,-0.2436899,-0.2413361,0.3706568,0.1277172,0.6278341,0.7431773,0.2461336,0.1188251,0.630643,0,-0.3583922,0.2388037,-0.362155,26,26,27,26,26,26,27,26,27,27,27,27,27,27,27,27
684,6840,1229.411,-0.4837188,-0.4930601,-1.340527,0.120668,-0.6177613,-0.1277172,-0.1256301,0,-0.2461344,0.1188251,0.252257,-0.3576481,0,0.4776066,0.3621566,26,26,27,26,26,26,27,26,27,27,27,27,27,27,27,27
685,6850,1228.808,0,-0.7395902,-0.3655607,-0.4826722,0.6177611,-0.6385856,-0.376785,-0.247726,0,-0.8317792,0.1261285,-0.3576481,0.5973187,0.3582052,0.4828761,26,26,27,26,26,26,27,26,27,27,27,27,27,27,27,27
686,6860,1229.17,-0.1209313,0.3697955,0.3656642,1.086012,-0.1235524,0.5108687,-0.376785,-0.247726,-1.353738,-0.5941281,-1.009028,-0.5960802,-0.7167827,-0.7164099,0.4828761,26,26,27,26,26,26,27,26,27,27,27,27,27,27,27,27
687,6870,1229.532,0.1209313,0.2465301,0.1219226,0.120668,0.7413135,-0.3831513,0.5022562,-0.123863,0.2461336,-0.2376511,-0.504514,-0.7152954,-0.4778546,-0.2388037,0,26,26,27,26,26,26,27,26,27,27,27,27,27,27,27,27
688,6880,1229.411,0.9674441,0.3697955,0.1219226,0.4826722,0.3706568,0.1277172,-0.62794,0.4954517,-0.3692015,-0.1188259,-0.252257,0.4768634,-0.5973187,0,-0.9657489,26,26,27,26,26,26,27,26,27,27,27,27,27,27,27,27
689,6890,1229.049,0,0.1232654,5.217262E-05,0.2413361,0,0.1277172,-0.2512079,-0.123863,0.1230664,-0.2376511,0.252257,-0.5960802,0.2389265,-0.7164099,0.2414388,26,26,27,26,26,26,27,26,27,27,27,27,27,27,27,27
690,6900,1228.929,-0.6046501,-0.4930601,-0.3655607,-0.120668,0.4942091,0,0.3766791,0,0.4922679,0.1188251,0.3783855,0.4768634,-0.2389281,0.2388037,-0.2414372,26,26,27,26,26,26,27,26,27,27,27,27,27,27,27,27
691,6910,1229.049,-0.6046501,-0.3697955,-0.853044,0.120668,-0.2471046,0.2554343,0.251102,0.247726,-0.6153359,0.8317792,0.7567711,0.1192152,0.1194641,0.1194023,0.6035939,26,26,27,26,26,26,27,26,27,27,27,27,27,27,27,27
692,6920,1228.687,0.4837252,-0.2465301,0.1219226,-0.8446763,-0.3706568,-0.89402,-0.2512079,0,-0.123068,0.3564771,-0.1261285,0.1192152,0.1194641,0.5970089,0.7243133,26,26,27,26,26,26,27,26,27,27,27,27,27,27,27,27
693,6930,1229.773,0.2418626,0.1232654,-0.3655607,0.3620041,-0.2471046,0.2554343,-5.297528E-05,-0.247726,-1.353738,-0.3564771,-0.8829,-0.2384321,-0.4778546,-0.4776066,-0.362155,26,26,27,26,26,26,27,26,27,27,27,27,27,27,27,27
694,6940,1229.773,-0.1209313,-0.1232654,-0.3655607,-0.120668,0.3706568,0,0.5022562,-0.247726,0.1230664,-0.3564771,-0.1261285,-1.072944,-0.2389281,-0.1194015,-0.2414372,26,26,27,26,26,26,27,26,27,27,27,27,27,27,27,27
695,6950,1229.291,0.7255815,0,0.2437938,0.7240083,0.7413135,0.3831515,-0.376785,0.7431773,-0.3692015,0.1188251,-0.3783855,0.4768634,-1.314101,-0.1194015,-0.6035923,26,26,27,26,26,26,27,26,27,27,27,27,27,27,27,27
696,6960,1229.652,-0.2418626,0.2465301,5.217262E-05,0.6033402,-0.1235524,0.8940201,-5.217262E-05,0.3715886,0.7384023,0.3564771,0.7567711,-0.4768642,0.4778546,-0.2388037,-0.2414372,26,26,27,26,26,26,27,26,27,27,27,27,27,27,27,27
697,6970,1229.049,-0.3627875,-0.7395902,-0.2436899,0.2413361,0.4942091,-0.1277172,0.2511028,0.4954517,0.3692007,-0.1188259,0.3783855,0,-0.1194641,0.4776066,-0.4828745,26,26,27,26,26,26,27,26,27,27,27,27,27,27,27,27
698,6980,1228.687,-1.088375,-0.4930601,-0.4874315,-0.120668,-0.4942091,-0.2554341,-0.3767842,-0.247726,0,0.4753022,-0.1261285,0.2384313,0.2389265,0.3582052,0.3621566,26,26,27,26,26,26,27,26,27,27,27,27,27,27,27,27
699,6990,1229.049,0.4837252,-1.23265,0.4875355,-0.6033402,0.123552,-0.89402,-5.217262E-05,-0.123863,0.2461336,0.1188251,0.3783855,-0.119216,0.7167827,0.4776066,0.4828761,26,26,27,26,26,26,27,26,27,27,27,27,27,27,27,27
700,7000,1230.135,-0.1209313,0.8628557,-0.7311732,0.8446763,-0.6177613,0.2554343,-0.6279392,-0.3715886,-0.9845371,-0.3564771,-0.504514,0,-0.1194641,0.2388037,-0.1207178,26,26,27,26,26,26,27,26,27,27,27,27,27,27,27,27
701,7010,1229.773,0.362794,-0.1232654,0.1219226,0.120668,0.2471044,-0.5108685,0.3766799,-0.7431773,0.7384023,-0.8317792,0.1261285,-1.311376,0.1194641,-0.1194015,0,26,26,27,26,26,26,27,26,27,27,27,27,27,27,27,27
702,7020,1229.773,0.2418626,0,0.4875355,0.7240083,0,0.2554343,0.3766799,0.247726,-0.8614699,0.4753022,-0.1261285,0.3576473,-0.5973187,-0.1194015,-0.7243116,26,26,27,26,26,26,27,26,27,27,27,27,27,27,27,27
703,7030,1228.929,-0.3627875,-0.1232654,-0.2436899,0.3620041,0.2471044,-0.1277172,0.3766799,0.6193147,0.2461336,-0.5941281,0.1261285,0.1192152,0.5973187,0.1194023,0.1207194,26,26,27,26,26,26,27,26,27,27,27,27,27,27,27,27
704,7040,1229.049,-0.6046501,-0.2465301,5.217262E-05,-0.8446763,-0.1235524,0.1277172,0.1255249,0.3715886,0.1230664,0,0.7567711,0.1192152,-0.3583922,0.4776066,-0.4828745,26,26,27,26,26,26,27,26,27,27,27,27,27,27,27,27
705,7050,1229.411,-0.3627875,0.1232654,-0.853044,0.120668,-0.3706568,0,-1.004671,-0.3715886,-0.123068,0,0.504514,0.1192152,-0.2389281,0.1194023,-0.1207178,26,26,27,26,26,26,27,26,27,27,27,27,27,27,27,27
706,7060,1229.17,0.241548,-0.6163256,5.217262E-05,-0.7240083,0.2471044,-0.6385856,-0.5023613,-0.4954517,-0.3692015,-0.4753022,-0.1261285,0.5960794,0.1194641,0.4776066,0,26,26,27,26,26,26,27,26,27,27,27,27,27,27,27,27
707,7070,1229.894,-0.1211817,0.1232654,5.217262E-05,0.8446763,-0.3706568,0,-0.5023613,-0.123863,-0.8614699,-0.4753022,-0.252257,-0.119216,-0.2389281,0.1194023,-0.4828745,26,26,27,26,26,26,27,26,27,27,27,27,27,27,27,27
708,7080,1230.135,-0.0002696923,-0.1232654,0.1219218,0,0.9884179,-0.6385856,0.3766799,-0.123863,0,-0.7129533,-0.1261285,-1.430591,-0.3583922,-0.597008,0.2414388,26,26,27,26,26,26,27,26,27,27,27,27,27,27,27,27
709,7090,1229.773,0.36246,0.6163256,0.4875347,0.4826722,0.2471044,0.3831515,-0.1256293,0,-0.123068,0.1188251,-0.630643,0,-0.9557109,-0.597008,-0.7243116,26,26,27,26,26,26,27,26,27,27,27,27,27,27,27,27
710,7100,1229.532,-0.1211817,0.3697955,-0.2436903,0.9653444,1.235523,0,-5.217262E-05,-0.123863,0.4922679,0,0.3783855,-0.5960802,0.2389265,-0.3582052,-0.2414372,26,26,27,26,26,26,27,26,27,27,27,27,27,27,27,27
711,7110,1229.411,-0.1211817,-0.4930601,0.1219218,0.3620041,0.4942091,0.2554343,0.502257,0.3715886,-0.2461344,0.2376511,-0.504514,0,-0.4778546,0.4776066,-0.4828745,26,26,27,26,26,26,27,26,27,27,27,27,27,27,27,27
712,7120,1228.567,-0.1211817,0,-0.1218199,0.4826722,-0.1235524,0.6385858,-5.377793E-05,0.247726,0.6153351,-0.2376511,0.7567711,-0.3576481,0.4778546,-0.1194015,0.9657505,26,26,27,26,26,26,27,26,27,27,27,27,27,27,27,27
713,7130,1228.687,-0.6048171,-0.6163256,0.243793,0.3620041,0.4942091,-0.1277172,0.3766783,-0.123863,-0.3692015,0,0.3783855,0,0,0.5970089,-0.1207178,26,26,27,26,26,26,27,26,27,27,27,27,27,27,27,27
714,7140,1229.411,-0.8466348,-0.9861203,-0.4874319,0,-0.4942091,-0.2554341,-0.1256309,0.7431773,0.3692007,0.8317792,0.1261285,-0.119216,0.2389265,0,0.4828761,26,26,27,26,26,26,27,26,27,27,27,27,27,27,27,27
715,7150,1229.773,-0.8466348,-0.8628557,-1.218657,0.120668,0.123552,0.2554343,0.5022554,0.3715886,0.1230664,-0.3564771,0.504514,0.1192152,0.3583906,0.1194023,-0.362155,26,26,27,26,26,26,27,26,27,27,27,27,27,27,27,27
716,7160,1229.894,-0.2420874,0,-0.7311736,0.120668,-0.8648659,-0.3831513,-0.6279408,-0.6193147,-0.4922687,-0.4753022,0.252257,0.1192152,-0.1194641,0.3582052,0.3621566,26,26,27,26,26,26,27,26,27,27,27,27,27,27,27,27
717,7170,1229.411,0.241548,-0.3697955,0.9750171,-0.120668,0,-0.5108685,0.5022554,-0.247726,0.2461336,0,-0.3783855,0,-0.1194641,0.3582052,0.1207194,26,26,27,26,26,26,27,26,27,27,27,27,27,27,27,27
718,7180,1229.411,-0.2420874,0.4930601,-0.1218199,0.4826722,-0.4942091,0.2554343,-0.7535179,-0.123863,-0.9845371,-0.4753022,-0.8829,-0.8345115,-0.5973187,-0.1194015,-0.1207178,26,26,27,26,26,26,27,26,27,27,27,27,27,27,27,27
719,7190,1229.652,0.241548,0.1232654,0.243793,0,0.4942091,-0.1277172,0.2511012,-0.123863,0.6153351,-0.3564771,-0.1261285,-0.5960802,-0.1194641,-0.1194015,-0.362155,26,26,27,26,26,26,27,26,27,27,27,27,27,27,27,27
720,7200,1229.411,-0.0002696923,-0.4930601,0.8531467,0.4826722,0.3706568,0,0.2511012,0.123863,-0.8614699,0.4753022,0,0.1192152,-0.9557109,0.3582052,-0.4828745,26,26,27,26,26,26,27,26,27,27,27,27,27,27,27,27
721,7210,1229.17,-0.2420874,-0.4930601,-0.2436903,0.8446763,-0.2471046,0.6385858,-5.377793E-05,0.6193147,0.1230664,0,0.3783855,-0.2384321,0.1194641,-0.3582052,-0.1207178,26,26,27,26,26,26,27,26,27,27,27,27,27,27,27,27
722,7220,1229.291,-0.3628325,-0.4930601,0.1219218,0.3620041,0.3706568,0.3831515,-0.3767858,0,0.4922679,0,1.135157,-0.4768642,-0.3583922,0.4776066,-0.2414372,26,26,27,26,26,26,27,26,27,27,27,27,27,27,27,27
723,7230,1228.446,-0.7256264,-0.4930601,-0.7311736,-0.2413361,0.2471044,0.3831515,0.1255233,0.4954517,-0.4922687,0.5941281,0.1261285,0.2384313,0.2389265,0,0.6035939,26,26,27,26,26,26,27,26,27,27,27,27,27,27,27,27
724,7240,1229.049,-3.852747E-05,-0.9861203,-0.6093023,-0.2413361,-0.3706568,-0.2554341,-0.2512088,0.123863,-0.2461344,-0.1188259,0.252257,0.1192152,0.2389265,0.1194023,0.4828761,26,26,27,26,26,26,27,26,27,27,27,27,27,27,27,27
725,7250,1229.894,0.1208864,0.7395902,-0.7311732,0.6033402,-1.235523,-0.5108685,-1.13025,-0.4954517,-0.7384031,-0.3564771,0.252257,0.2384313,-0.1194641,0.5970089,0.3621566,26,26,27,26,26,26,27,26,27,27,27,27,27,27,27,27
726,7260,1229.291,0.2418177,-0.3697955,0.1219226,-0.3620041,0.7413135,-1.021737,-0.7535179,-1.114766,0,-0.5941281,-0.252257,-0.119216,0.5973187,0.1194023,0.2414388,26,26,27,26,26,26,27,26,27,27,27,27,27,27,27,27
727,7270,1229.532,-3.852747E-05,0.1232654,-0.4874315,0.4826722,-1.11197,0.5108687,-0.7535179,-0.3715886,-0.9845371,-0.4753022,-0.252257,-0.5960802,-0.4778546,0.2388037,-0.2414372,26,26,27,26,26,26,27,26,27,27,27,27,27,27,27,27
728,7280,1229.532,-3.852747E-05,-0.1232654,0.3656642,0,-0.1235524,-0.3831513,0.7534103,-0.123863,0,-0.3564771,0.504514,-0.7152954,-0.7167827,0.3582052,-0.1207178,26,26,27,26,26,26,27,26,27,27,27,27,27,27,27,27
729,7290,1229.652,1.088331,0.4930601,0.3656642,0.3620041,0.123552,0.2554343,-0.3767858,0.247726,-0.6153359,0.1188251,0,-0.8345115,-0.4778546,-0.1194015,-0.362155,26,26,27,26,26,26,27,26,27,27,27,27,27,27,27,27
730,7300,1230.014,-3.852747E-05,-0.1232654,-0.121819,0.6033402,0.123552,0,0.2511012,-0.3715886,0.3692007,-0.7129533,0.1261285,-0.5960802,-0.1194641,-0.2388037,-0.4828745,26,26,27,26,26,26,27,26,27,27,27,27,27,27,27,27
731,7310,1229.773,0.4836803,0.4930601,0.3656642,0.4826722,0.2471044,0.1277172,-0.1256309,0.4954517,-0.4922687,0.2376511,-0.252257,0,-0.4778546,-0.1194015,-0.6035923,26,26,27,26,26,26,27,26,27,27,27,27,27,27,27,27
732,7320,1229.652,-0.2419012,0.4930601,5.217262E-05,0.4826722,-0.1235524,0.2554343,0.1255233,0.3715886,0.4922679,-0.3564771,-0.1261285,-0.4768642,0.2389265,0.1194023,0.7243133,26,26,27,26,26,26,27,26,27,27,27,27,27,27,27,27
733,7330,1229.532,0.4836803,-0.3697955,0.6094059,-0.120668,0.2471044,-0.2554341,0.6278332,0.123863,-0.123068,0.1188251,0.252257,0.4768634,-0.8362468,0.4776066,-0.362155,26,26,27,26,26,26,27,26,27,27,27,27,27,27,27,27
734,7340,1228.808,-0.2419012,-0.7395902,0.1219226,0.4826722,0.2471044,0.5108687,0.3766783,0.3715886,0,-0.4753022,0.504514,-0.4768642,0.3583906,0,0.6035939,26,26,27,26,26,26,27,26,27,27,27,27,27,27,27,27
735,7350,1228.687,-0.3628325,-0.8628557,-0.4874315,-0.3620041,0,0.1277172,0.1255233,-0.247726,0.4922679,0.2376511,0.504514,0,0.2389265,0.5970089,-0.362155,26,26,27,26,26,26,27,26,27,27,27,27,27,27,27,27
736,7360,1229.652,-1.088414,-0.3697955,-0.7311732,-0.8446763,0,-0.5108685,-0.2512088,-0.123863,-0.123068,0.2376511,0.1261285,0.4768634,-0.1194641,0.955214,0.4828761,26,26,27,26,26,26,27,26,27,27,27,27,27,27,27,27
737,7370,1229.049,-0.2419012,-0.2465301,5.217262E-05,0,-0.1235524,-0.7663028,-1.004673,-0.247726,0,-0.5941281,0.8828996,-0.3576481,0.2389265,-0.2388037,0.2414388,26,26,27,26,26,26,27,26,27,27,27,27,27,27,27,27
738,7380,1229.773,-0.3628325,0.1232654,-0.6093023,0.3620041,-0.8648659,-0.5108685,-0.879095,0,-0.8614699,-0.3564771,0.252257,0.5960794,-0.7167827,0.2388037,0.3621566,26,26,27,26,26,26,27,26,27,27,27,27,27,27,27,27
739,7390,1229.652,0.6046116,-0.3697955,0.2437938,0.120668,0.8648659,-1.021737,0.1255233,-0.3715886,0.2461336,0,-0.252257,-0.7152954,0,0.4776066,0.4828761,26,26,27,26,26,26,27,26,27,27,27,27,27,27,27,27
740,7400,1230.135,-3.852747E-05,0.1232654,-0.1218199,0.6033402,-0.4942091,0.5108687,-0.3767858,-0.247726,-0.9845371,-0.1188259,-0.630643,-0.5960802,-0.7167827,0.2388037,0,26,26,27,26,26,26,27,26,27,27,27,27,27,27,27,27
741,7410,1230.014,-3.852747E-05,0.2465301,0.4875347,0.120668,0.3706568,-0.1277172,0.3766783,-0.3715886,-0.123068,-0.5941281,0,-1.19216,0.1194641,0.2388037,0.1207194,26,26,27,26,26,26,27,26,27,27,27,27,27,27,27,27
742,7420,1230.617,-3.852747E-05,-0.1232654,0.4875347,0.2413361,-0.1235528,0.3831515,-0.3767858,0.123863,-0.9845371,-0.2376511,-0.7567714,-0.119216,-1.194637,0,-0.362155,26,26,27,26,26,26,27,26,27,27,27,27,27,27,27,27
743,7430,1229.411,0.1208864,0.3697955,0.1219218,0.3620041,0.6177607,0,0.5022554,0.3715886,0.3692007,-0.2376511,0.252257,-0.2384321,0.1194641,-0.2388037,0.2414388,26,26,27,26,26,26,27,26,27,27,27,27,27,27,27,27
744,7440,1228.929,-0.2419012,0,-0.1218199,-0.120668,1.11197,0.2554343,0.878989,0,0.1230664,0.1188251,-0.1261285,0.4768634,-0.7167827,0.4776066,-0.7243116,26,26,27,26,26,26,27,26,27,27,27,27,27,27,27,27
745,7450,1228.567,-0.2419012,0,0.3656634,0,0.123552,0.8940201,-0.2512071,0.3715886,0,0.3564771,0.1261285,0.2384313,0,-0.597008,0.8450311,26,26,27,26,26,26,27,26,27,27,27,27,27,27,27,27
746,7460,1229.17,-0.2419012,-0.4930601,-0.1218199,-0.120668,0.123552,0,0.1255249,0.247726,0.6153351,0.4753022,0,0,0,0.4776066,-0.2414372,26,26,27,26,26,26,27,26,27,27,27,27,27,27,27,27
747,7470,1230.014,0.1208864,-0.2465301,-0.6093028,-0.6033402,-0.2471048,-0.3831513,-0.1256293,-0.123863,-0.6153359,0.1188251,-0.252257,0.2384313,0.5973187,0.4776066,0.2414388,26,26,27,26,26,26,27,26,27,27,27,27,27,27,27,27
748,7480,1228.808,0.2418177,-0.4930601,-0.7311736,-0.4826722,0.123552,-0.7663028,-0.7535163,-0.123863,-0.123068,-0.1188259,0.252257,0,0.1194641,0.2388037,0.4828761,26,26,27,26,26,26,27,26,27,27,27,27,27,27,27,27
749,7490,1230.014,-0.8465513,-0.3697955,-0.7311736,-0.120668,-0.7413139,-1.021737,-0.6279392,-0.247726,-0.3692015,0.1188251,0,-0.3576481,-0.5973187,1.074615,0.1207194,26,26,27,26,26,26,27,26,27,27,27,27,27,27,27,27
750,7500,1229.773,0.2418177,-0.2465301,0.4875347,-0.7240083,0.4942088,-0.7663028,-5.217262E-05,-0.3715886,-0.123068,-0.7129533,-0.3783855,-0.7152954,-0.1194641,0.2388037,0.1207194,26,26,27,26,26,26,27,26,27,27,27,27,27,27,27,27
751,7510,1229.773,0.2418177,0.2465301,0.1219218,0.3620041,-0.7413139,0.1277172,-1.004671,-0.123863,-1.476805,-0.7129533,-0.504514,-0.7152954,-0.9557109,0,-0.4828745,26,26,27,26,26,26,27,26,27,27,27,27,27,27,27,27
752,7520,1230.255,0.2418177,0.2465301,0.243793,-0.120668,0.4942088,-0.2554341,1.130144,-0.7431773,0.2461336,-0.8317792,-0.252257,-0.5960802,-0.5973187,-0.1194015,-0.1207178,26,26,27,26,26,26,27,26,27,27,27,27,27,27,27,27
753,7530,1229.894,0.362749,0.3697955,1.096888,0.7240083,-4.013278E-07,0.1277172,-0.2512071,0.3715886,-1.230671,0.2376511,-0.1261285,-0.2384321,-1.075175,-0.597008,-0.4828745,26,26,27,26,26,26,27,26,27,27,27,27,27,27,27,27
754,7540,1230.135,0.36246,0.1232654,-0.1218199,0.6033402,0.247104,-0.1277172,0.6278341,-0.123863,0.6153351,-0.4753022,0.252257,-0.9537275,0.2389265,0.1194023,-0.1207178,26,26,27,26,26,26,27,26,27,27,27,27,27,27,27,27
755,7550,1229.049,-0.0002696923,-0.4930601,0.7312763,0.6033402,0.8648655,-0.1277172,0.2511028,-0.123863,-0.123068,0.3564771,-0.504514,0.3576473,-0.3583922,-0.1194015,-0.7243116,26,26,27,26,26,26,27,26,27,27,27,27,27,27,27,27
756,7560,1229.532,-0.483905,0,5.217262E-05,0.8446763,-0.2471048,0.2554343,-5.217262E-05,0.3715886,0.2461336,-0.1188259,0.3783855,0,0.5973187,-0.2388037,0.3621566,26,26,27,26,26,26,27,26,27,27,27,27,27,27,27,27
757,7570,1228.929,-0.0002696923,-0.4930601,5.217262E-05,0.7240018,0.4942088,0,0.7534119,0.247726,0.3692007,0.3564771,0.1261285,0,-0.5973187,0.3582052,-0.362155,26,26,27,26,26,26,27,26,27,27,27,27,27,27,27,27
758,7580,1229.532,-0.6048171,-0.8628557,-0.9749148,0.2413297,-0.7413647,-0.2554341,0.1255249,0,-0.123068,-0.1188259,0.3783855,0.4768634,0,0.5970089,0.4828761,26,26,27,26,26,26,27,26,27,27,27,27,27,27,27,27
759,7590,1229.291,-0.1211817,-0.8628557,-0.3655607,-0.4826786,0.3706058,-0.3831513,-0.5023613,-0.123863,-0.123068,-0.4753022,0.252257,-0.2384321,0,0.5970089,0.6035939,26,26,27,26,26,26,27,26,27,27,27,27,27,27,27,27
760,7600,1229.773,-0.1211817,-0.1232654,-0.7311732,0.7240018,-1.112022,-0.3831513,-1.381404,-0.123863,-0.7384031,-0.8317792,-0.252257,-0.5960802,-0.3583922,0.1194023,-0.2414372,26,26,27,26,26,26,27,26,27,27,27,27,27,27,27,27
761,7610,1229.532,-0.0002696923,-0.3697955,0.1219226,-0.2413425,0.6177102,-1.021737,-0.1256301,-0.4954517,0.2461336,-0.4753022,-0.7567714,-0.119216,-0.4778546,0.1194023,-0.1207178,26,26,27,26,26,26,27,26,27,27,27,27,27,27,27,27
762,7620,1230.135,0.241548,0.1232654,0.2437938,0.1206616,-0.4942601,0.7663028,-0.5023621,0.247726,-0.6153359,0.3564771,-0.252257,0.1192152,-1.194637,-0.597008,-0.7243116,26,26,27,26,26,26,27,26,27,27,27,27,27,27,27,27
763,7630,1230.738,-0.3629994,0.1232654,-0.2436899,0.3619977,0.4941582,-0.2554341,0.1255241,-0.123863,0.4922679,-0.1188259,0,-0.8345115,0,0.1194023,-0.1207178,26,26,27,26,26,26,27,26,27,27,27,27,27,27,27,27
764,7640,1230.376,0.36246,0.2465301,0.975018,-0.1206745,0.9883669,0.6385858,0.1255241,0,-0.123068,0.2376511,0,0.7152954,-0.5973187,0.4776066,-1.086467,26,26,27,26,26,26,27,26,27,27,27,27,27,27,27,27
765,7650,1229.652,0.1206424,0,-0.121819,0.3619977,0.2470534,0.5108687,-5.297528E-05,0.123863,0.2461336,0.1188251,0.252257,-0.2384321,0.1194641,0.1194023,1.086468,26,26,27,26,26,26,27,26,27,27,27,27,27,27,27,27
766,7660,1229.894,-0.2420874,-0.6163256,5.217262E-05,0.1206616,0.2470534,0.1277172,0.1255241,0.4954517,0,-0.1188259,0.3783855,0.2384313,-0.4778546,0.7164103,0.2414388,26,26,27,26,26,26,27,26,27,27,27,27,27,27,27,27
767,7670,1229.291,-0.2420874,-0.4930601,-0.9749148,-0.4826786,-0.2471557,-0.1277172,-0.1256301,-0.3715886,-0.123068,0.3564771,0.630643,0.5960794,0,0.2388037,0.4828761,26,26,27,26,26,26,27,26,27,27,27,27,27,27,27,27
768,7680,1229.411,0.1206424,-0.2465301,-0.121819,-0.7240147,-5.136996E-05,0,-0.376785,-0.247726,0.3692007,0.4753022,0.3783855,0.1192152,0.2389265,0.8358118,0.7243133,26,26,27,26,26,26,27,26,27,27,27,27,27,27,27,27
769,7690,1229.773,-0.3629994,0.3697955,-0.4874315,0.8446699,-0.9884692,-0.2554341,-0.376785,-0.7431773,-0.6153359,-0.4753022,0,-0.4768642,0.1194641,0.1194023,0.2414388,26,26,27,26,26,26,27,26,27,27,27,27,27,27,27,27
770,7700,1229.652,0.241548,-1.109386,0.3656642,-0.6033466,-5.136996E-05,-0.89402,-0.5023621,-0.247726,-0.123068,-0.8317792,0.252257,-0.119216,0.1194641,0.2388037,0.3621566,26,26,27,26,26,26,27,26,27,27,27,27,27,27,27,27
771,7710,1230.255,-0.0002696923,0.6163256,-0.4874315,0.3619977,-0.4942601,0.1277172,-5.297528E-05,-0.3715886,-0.8614699,-1.06943,-0.7567714,-0.5960802,-0.3583922,-0.1194015,0,26,26,27,26,26,26,27,26,27,27,27,27,27,27,27,27
772,7720,1229.652,0.1206424,-0.1232654,0.7312763,-0.6033466,0.1235014,-0.5108685,0.1255241,-0.247726,-0.4922687,-0.8317792,-0.504514,-0.3576481,-0.4778546,-0.4776066,-0.1207178,26,26,27,26,26,26,27,26,27,27,27,27,27,27,27,27
773,7730,1229.773,0.8460954,-0.2465301,0.8531467,0.8446763,0.4941582,0.1277172,-0.62794,0.8670407,-0.4922687,0.1188251,-0.504514,0.1192152,-0.5973187,0.2388037,-0.4828745,26,26,27,26,26,26,27,26,27,27,27,27,27,27,27,27
774,7740,1229.894,-0.483905,0,-0.3655611,-0.120668,0.9884179,0.2554343,0.5022562,-0.3715886,0.6153351,-0.5941281,0.3783855,-0.8345115,0.7167827,-0.4776066,-0.2414372,26,26,27,26,26,26,27,26,27,27,27,27,27,27,27,27
775,7750,1229.894,0.241548,0,0.6094051,0,0.3706568,0,-5.297528E-05,0.3715886,0.1230664,0.3564771,-0.630643,0.8345115,-0.4778546,0.1194023,-0.8450295,26,26,27,26,26,26,27,26,27,27,27,27,27,27,27,27
776,7760,1229.652,0.1206424,0.2465301,5.136996E-05,0.8446763,-0.2471046,0.6385858,-0.2512088,0.247726,0.4922679,0,0.1261285,-0.3576481,0.9557093,0.7164103,0.6035939,26,26,27,26,26,26,27,26,27,27,27,27,27,27,27,27
777,7770,1229.652,-0.2420874,-0.4930601,-0.6093028,0.2413361,0.2471044,-0.2554341,0.1255233,0.3715886,0.1230664,0.3564771,0.504514,0.2384313,-0.1194641,0.5970089,-0.362155,26,26,27,26,26,26,27,26,27,27,27,27,27,27,27,27
778,7780,1229.773,-0.3629994,-0.4930601,-0.6093028,-0.3620041,0.3706568,0.1277172,-0.5023629,0.3715886,-0.2461344,0.3564771,0,0,0.2389265,0.2388037,0.2414388,26,26,27,26,26,26,27,26,27,27,27,27,27,27,27,27
779,7790,1229.049,-0.6048171,-0.7395902,-0.1218199,-0.120668,0.2471044,-0.5108685,-0.2512088,0.247726,0.6153351,0,1.009029,-0.2384321,0.1194641,0.4776066,0.3621566,26,26,27,26,26,26,27,26,27,27,27,27,27,27,27,27
780,7800,1230.255,-0.483905,0,-0.6093028,-0.120668,-0.6177613,-0.3831513,-0.2512088,-0.123863,-0.6153359,-0.2376511,-0.3783855,0.4768634,0.3583906,0.8358118,-0.2414372,26,26,27,26,26,26,27,26,27,27,27,27,27,27,27,27
781,7810,1229.411,0.36246,0,0.9750171,-0.2413361,0.6177611,-0.7663028,-5.377793E-05,-0.123863,0.1230664,-0.7129533,-0.1261285,-0.5960802,-0.1194641,-0.1194015,0.3621566,26,26,27,26,26,26,27,26,27,27,27,27,27,27,27,27
782,7820,1230.497,-0.483905,0.6163256,5.136996E-05,0.4826722,-0.8648659,0.3831515,-0.7535179,0,-1.230671,-0.5941281,-0.252257,0.1192152,0.1194641,-0.2388037,0.2414388,26,26,27,26,26,26,27,26,27,27,27,27,27,27,27,27
783,7830,1229.773,0.1206424,0.2465301,-0.1218199,-0.4826722,0.7413135,-0.5108685,-0.1256309,-0.123863,0.2461336,-0.9506044,-0.504514,-0.5960802,-0.2389281,-0.3582052,0,26,26,27,26,26,26,27,26,27,27,27,27,27,27,27,27
784,7840,1229.532,0.241548,0.2465301,-0.2436903,1.086012,-0.6177613,0.1277172,-0.6279408,0.7431773,-0.2461344,-0.4753022,-0.3783855,-0.3576481,-1.075175,-0.3582052,-0.362155,26,26,27,26,26,26,27,26,27,27,27,27,27,27,27,27
785,7850,1230.255,0.1206424,0.6163256,0.3656634,0.3620041,0.4942091,-0.3831513,-0.2512088,0,0.1230664,-0.9506044,-0.1261285,-1.072944,0.2389265,-0.597008,-0.2414372,26,26,27,26,26,26,27,26,27,27,27,27,27,27,27,27
786,7860,1230.014,0.725543,0,0.3656634,0.7240083,0.4942091,0.1277172,-0.1256309,0.4954517,-0.6153359,0.9506044,-0.504514,-0.119216,-0.8362468,0.1194023,-1.086467,26,26,27,26,26,26,27,26,27,27,27,27,27,27,27,27
787,7870,1229.773,-3.852747E-05,0.1232654,0.1219218,0.120668,0.2471044,-0.1277172,0.6278332,0.123863,0.4922679,0.1188251,0.1261285,-0.3576481,0.3583906,-0.597008,0.7243133,26,26,27,26,26,26,27,26,27,27,27,27,27,27,27,27
788,7880,1228.929,-3.852747E-05,0,0.7312771,0.4826722,0.6177611,0.6385858,-0.1256309,0.123863,0.1230664,0.2376511,0.1261285,0,-0.7167827,0.4776066,-0.8450295,26,26,27,26,26,26,27,26,27,27,27,27,27,27,27,27
789,7890,1229.532,-0.4837638,-0.3697955,-0.3655607,-0.2413361,-0.3706568,-0.1277172,-0.1256309,0.3715886,-0.123068,0.4753022,0,0.5960794,1.075173,0.1194023,0.7243133,26,26,27,26,26,26,27,26,27,27,27,27,27,27,27,27
790,7900,1229.532,-0.3628325,-0.9861203,0.1219226,0,0.3706568,-0.5108685,-5.377793E-05,0.123863,0.3692007,0.2376511,1.261286,-0.3576481,0.4778546,0.5970089,-0.1207178,26,26,27,26,26,26,27,26,27,27,27,27,27,27,27,27
791,7910,1229.773,-3.852747E-05,-0.3697955,-0.2436899,-0.2413361,-0.1235524,-0.6385856,-0.2512088,0,0.2461336,0.3564771,0.3783855,-0.2384321,-0.2389281,0.3582052,0.3621566,26,26,27,26,26,26,27,26,27,27,27,27,27,27,27,27
792,7920,1229.652,0.1208864,-0.8628557,0.1219226,-0.6033402,0.4942091,-0.3831513,-1.004673,-0.3715886,-0.2461344,-0.2376511,-0.252257,-0.3576481,0.8362468,-0.2388037,0.4828761,26,26,27,26,26,26,27,26,27,27,27,27,27,27,27,27
793,7930,1230.014,-0.4837638,0.4930601,-0.3655607,0.6033402,-0.3706568,0.1277172,-1.255827,-0.3715886,-0.7384031,-0.1188259,-0.1261285,-0.7152954,0.3583906,0,0.4828761,26,26,27,26,26,26,27,26,27,27,27,27,27,27,27,27
794,7940,1229.652,0.725543,-0.2465301,0.6094059,-0.7240083,1.11197,-0.6385856,-0.1256309,-0.3715886,0.1230664,-0.7129533,-0.630643,-0.2384321,0.1194641,0.4776066,0.7243133,26,26,27,26,26,26,27,26,27,27,27,27,27,27,27,27
795,7950,1230.135,-3.852747E-05,0.1232654,0.1219226,0.7240083,0,0.1277172,-0.7535179,-0.123863,-0.4922687,-0.3564771,-1.135157,-0.7152954,-1.194637,0.1194023,-0.362155,26,26,27,26,26,26,27,26,27,27,27,27,27,27,27,27
796,7960,1230.014,0.2418177,0.3697955,0.4875355,0.120668,0.4942091,0.2554343,-5.377793E-05,-0.123863,0.8614694,-0.5941281,0.1261285,-0.4768642,0.4778546,-0.2388037,-0.2414372,26,26,27,26,26,26,27,26,27,27,27,27,27,27,27,27
797,7970,1230.497,-3.852747E-05,0.3697955,0.7312771,0,0.6177611,0.6385858,-0.5023629,-0.123863,0.1230664,0.5941281,0,-0.4768642,-0.7167827,0,-1.086467,26,26,27,26,26,26,27,26,27,27,27,27,27,27,27,27
798,7980,1229.049,0.1208864,0.1232654,-0.3655607,0.8446763,0.2471044,0.2554343,-0.1256309,-0.123863,0.1230664,0.1188251,0,-0.8345115,0.7167827,-0.2388037,0.4828761,26,26,27,26,26,26,27,26,27,27,27,27,27,27,27,27
799,7990,1229.411,-0.1209698,-0.3697955,0.1219226,-0.2413361,0.3706568,-0.1277172,0.5022554,0.4954517,-0.2461344,0.4753022,0.1261285,0.5960794,-0.4778546,-0.2388037,-0.7243116,26,26,27,26,26,26,27,26,27,27,27,27,27,27,27,27
800,8000,1230.014,-0.2419012,-0.3697955,-0.4874315,-0.120668,-0.2471046,0.1277172,-5.377793E-05,0.123863,-0.6153359,0.5941281,0.1261285,0.5960794,-0.2389281,0.4776066,0.1207194,26,26,27,26,26,26,27,26,27,27,27,27,27,27,27,27
801,8010,1228.808,0.6046116,-0.3697955,-0.121819,-0.120668,0.3706568,-0.2554341,-0.2512088,-0.123863,-0.123068,-0.3564771,0.630643,0,0.3583906,-0.2388037,-0.6035923,26,26,27,26,26,26,27,26,27,27,27,27,27,27,27,27
802,8020,1229.894,-0.6048171,0.4930601,-1.218656,0.120668,-0.7413135,-0.7663028,-0.5023629,-0.123863,-0.9845371,-0.1188259,-0.504514,0.2384313,0,0.955214,0.3621566,26,26,27,26,26,26,27,26,27,27,27,27,27,27,27,27
803,8030,1229.652,0.7251834,-0.7395902,0.7312771,-0.120668,0.4942091,-0.2554341,-0.1256309,-0.4954517,-0.123068,-0.7129533,-0.504514,-0.3576481,-0.2389281,-0.1194015,0.2414388,26,26,27,26,26,26,27,26,27,27,27,27,27,27,27,27
804,8040,1229.894,0.1206424,0.9861203,-0.6093028,1.20668,-0.2471046,0.7663028,-0.6279408,0.247726,-0.9845371,-0.2376511,-0.3783855,-0.3576481,-1.075175,0,-0.8450295,26,26,27,26,26,26,27,26,27,27,27,27,27,27,27,27
805,8050,1229.894,-0.1211817,-0.8628557,0.243793,0.120668,0.7413135,0,0.6278332,-0.123863,-0.123068,-0.4753022,-0.1261285,-0.7152954,-0.3583922,-0.597008,-0.7243116,26,26,27,26,26,26,27,26,27,27,27,27,27,27,27,27
806,8060,1229.532,0.1206424,-0.1232654,0.1219218,0.4826722,-0.1235528,0,-0.5023629,0,-0.6153359,0.7129533,-0.630643,0.3576473,-0.9557109,-0.1194015,-1.327904,26,26,27,26,26,26,27,26,27,27,27,27,27,27,27,27
807,8070,1229.773,0.241548,0.4930601,-0.7311736,0.4826722,0.123552,-0.1277172,0.7534103,-0.123863,0.3692007,-0.5941281,0.3783855,-1.072944,-0.1194641,-0.8358118,-0.362155,26,26,27,26,26,26,27,26,27,27,27,27,27,27,27,27
808,8080,1229.652,-0.0002696923,-0.1232654,0.3656634,-0.120668,0.4942088,0.1277172,0.502257,-0.123863,0,0.2376511,-0.3783855,0.5960794,-0.4778546,0.2388037,-0.6035923,26,26,27,26,26,26,27,26,27,27,27,27,27,27,27,27
809,8090,1229.291,-0.3629994,-0.2465301,-0.3655611,0.6033402,-0.1235528,0.7663028,-0.1256293,0.6193147,0.2461336,-0.2376511,0.7567711,0,0.4778546,0.3582052,0.7243133,26,26,27,26,26,26,27,26,27,27,27,27,27,27,27,27
810,8100,1228.687,0.241548,-0.2465301,5.136996E-05,0.3620041,-0.1235528,0.1277172,0.502257,0.123863,0.2461336,0,-0.1261285,0.2384313,-0.2389281,-0.1194015,-0.2414372,26,26,27,26,26,26,27,26,27,27,27,27,27,27,27,27
811,8110,1229.652,-0.6048171,-0.3697955,-0.6093028,-0.120668,-0.4942093,-0.2554341,-0.1256293,-0.247726,-0.3692015,0.3564771,0.1261285,0.8345115,-0.1194641,0.3582052,0.7243133,26,26,27,26,26,26,27,26,27,27,27,27,27,27,27,27
812,8120,1228.929,0.1206424,-0.8628557,0.3656634,-0.7240083,-4.013278E-07,-0.7663028,-0.3767842,-0.247726,0.2461336,-0.1188259,0.1261285,0,-0.1194641,0.5970089,0.2414388,26,26,27,26,26,26,27,26,27,27,27,27,27,27,27,27
813,8130,1229.652,-0.2420874,0.6163256,-0.2436903,1.086012,-0.4942093,-0.2554341,-0.8790934,0,-0.7384031,-0.4753022,-0.1261285,0.2384313,-0.4778546,0.3582052,0.3621566,26,26,27,26,26,26,27,26,27,27,27,27,27,27,27,27
814,8140,1229.652,0.4833657,0,0.1219218,-0.3620041,0.4942088,-0.89402,-0.1256293,-0.6193147,0,-0.4753022,-0.504514,-0.2384321,-0.5973187,0,0.7243133,26,26,27,26,26,26,27,26,27,27,27,27,27,27,27,27
815,8150,1229.291,0.241548,0,0.243793,1.086012,-0.4942093,0.2554343,-0.5023613,0,-0.4922687,0.1188251,-0.8829,-0.2384321,-1.433565,-0.8358118,-1.086467,26,26,27,26,26,26,27,26,27,27,27,27,27,27,27,27
816,8160,1230.376,0.36246,0.7395902,0.4875347,0.4826722,0.247104,-0.7663028,-0.1256293,-0.3715886,0.4922679,-0.7129533,0.1261285,-0.9537275,0.2389265,-0.4776066,-0.362155,26,26,27,26,26,26,27,26,27,27,27,27,27,27,27,27
817,8170,1229.652,1.208825,0.2465301,5.136996E-05,0.2413361,0.123552,0,-0.3767842,0,-0.6153359,0.1188251,-0.252257,0,-0.9557109,0.2388037,-0.4828745,26,26,27,26,26,26,27,26,27,27,27,27,27,27,27,27
818,8180,1229.411,-3.210623E-05,0.4930601,0.4875347,0.7240083,0.123552,0.2554343,0.1255249,0.123863,0.1230664,-0.2376511,0.7567711,-0.7152954,0.1194641,0.1194023,0,26,26,27,26,26,26,27,26,27,27,27,27,27,27,27,27
819,8190,1229.532,-3.210623E-05,-0.3697955,5.136996E-05,0.120668,0.3706564,0.3831515,-5.217262E-05,-0.123863,0.1230664,0.3564771,0.7567711,0.2384313,-0.1194641,0.5970089,-0.4828745,26,26,27,26,26,26,27,26,27,27,27,27,27,27,27,27
820,8200,1228.687,-0.362826,-0.8628557,-0.3656113,0.120668,-0.2471048,0.5108687,-0.1256293,0.3715886,-0.2461344,0.2376511,0.8828996,0.1192152,0.3583906,0.3582052,0.8450311,26,26,27,26,26,26,27,26,27,27,27,27,27,27,27,27
821,8210,1228.929,-0.1209634,-0.7395902,8.026557E-07,-0.2413425,-0.1235528,-0.3831513,0.3766799,0,0.6153351,0.2376511,0.7567711,0.1192152,0.2389265,0.4776066,-0.7243116,26,26,27,26,26,26,27,26,27,27,27,27,27,27,27,27
822,8220,1230.014,-0.4837509,-0.1232654,-0.7312238,-6.421245E-06,-0.4942601,0.1277172,-5.217262E-05,-0.3715886,0,0.1188251,0,0.9537267,-0.2389281,0.8358118,0.3621566,26,26,27,26,26,26,27,26,27,27,27,27,27,27,27,27
823,8230,1229.652,0.6046181,-0.6163256,0.6093553,-0.7240147,-5.136996E-05,-0.89402,-0.2512071,-0.123863,-0.123068,-0.4753022,-0.1261285,-0.7152954,-0.2389281,0,0.4828761,26,26,27,26,26,26,27,26,27,27,27,27,27,27,27,27
824,8240,1230.014,0.1208992,0,-0.7312238,0.2413297,-0.1236034,-0.1277172,-1.130249,-0.123863,-1.230671,-0.3564771,-0.3783855,-0.5960802,-0.3583922,-0.2388037,-0.2414372,26,26,27,26,26,26,27,26,27,27,27,27,27,27,27,27
825,8250,1229.532,0.4836867,0,0.3656137,-0.2413425,0.8648149,-0.6385856,-5.297528E-05,-0.123863,0.1230664,-0.9506044,0.252257,-0.2384321,-0.4778546,0.4776066,0.3621566,26,26,27,26,26,26,27,26,27,27,27,27,27,27,27,27
826,8260,1229.652,0.3627618,0.1232654,-0.2437404,0.6033338,0.1235014,0.6385858,-5.297528E-05,0.3715886,-0.8614699,0.2376511,-0.504514,0,-1.075175,-0.4776066,0,26,26,27,26,26,26,27,26,27,27,27,27,27,27,27,27
827,8270,1230.255,-3.210623E-05,-0.1232654,0.2437433,-0.3620105,0.3706058,-0.1277172,0.5022562,-0.3715886,0.7384023,-0.3564771,0.3783855,-0.8345115,-0.3583922,0.2388037,0,26,26,27,26,26,26,27,26,27,27,27,27,27,27,27,27
828,8280,1229.773,0.6046181,-0.3697955,0.7312266,0.2413297,0.2470534,-0.1277172,-0.376785,-0.123863,-0.4922687,0.4753022,-0.630643,0.1192152,-1.194637,-0.3582052,-0.8450295,26,26,27,26,26,26,27,26,27,27,27,27,27,27,27,27
829,8290,1229.17,0.3627618,0.6163256,-0.1218696,0.8446699,0.4941582,0.1277172,0.3766791,-0.123863,0.1230664,-0.1188259,0.630643,-0.7152954,0.4778546,-0.3582052,-0.4828745,26,26,27,26,26,26,27,26,27,27,27,27,27,27,27,27
830,8300,1229.652,0.3627618,0.2465301,0.6093553,0.1206616,0.1235014,-0.2554341,-0.1256301,0.123863,-0.123068,0.7129533,-0.630643,-0.119216,-0.9557109,0.1194023,-0.6035923,26,26,27,26,26,26,27,26,27,27,27,27,27,27,27,27
831,8310,1228.808,0.2418305,0.2465301,0.2437433,0.4826657,-0.3707079,0.2554343,0.1255241,0.247726,-0.4922687,0.4753022,0.504514,-0.2384321,0.7167827,0,0.9657505,26,26,27,26,26,26,27,26,27,27,27,27,27,27,27,27
832,8320,1228.687,-0.362826,-0.2465301,0.2437433,-0.3620105,-0.1236034,-0.3831513,-5.297528E-05,0.4954517,0.3692007,0,0.504514,-0.119216,0,0.3582052,-0.1207178,26,26,27,26,26,26,27,26,27,27,27,27,27,27,27,27
833,8330,1229.411,-0.4837509,-0.2465301,-0.2437404,-0.2413425,-0.6178125,-0.6385856,-0.5023621,-0.123863,0.1230664,0.2376511,-0.252257,0.5960794,0.2389265,0.3582052,0.3621566,26,26,27,26,26,26,27,26,27,27,27,27,27,27,27,27
834,8340,1230.014,0.6046245,-0.4930601,-0.3656113,-0.8446828,0.1235014,-0.6385856,-0.5023621,-0.7431773,-0.3692015,-0.1188259,-0.7567714,0,-0.2389281,-0.3582052,0.1207194,26,26,27,26,26,26,27,26,27,27,27,27,27,27,27,27
835,8350,1229.773,-0.4837509,0.2465301,-0.2437404,0.4826657,-0.4942601,0,-0.5023621,-0.123863,-0.4922687,-0.9506044,-0.504514,-0.3576481,-1.194637,0,0.2414388,26,26,27,26,26,26,27,26,27,27,27,27,27,27,27,27
836,8360,1230.376,0.1209056,-0.1232654,0.4875355,-0.1206745,0.3706058,-0.5108685,0.7534112,-0.123863,0.7384023,-1.06943,-0.252257,-0.5960802,-0.3583922,0.1194023,-0.362155,26,26,27,26,26,26,27,26,27,27,27,27,27,27,27,27
837,8370,1229.532,0.1209056,0.3697955,-0.121819,0.7240083,-0.3707079,0,0.1255241,0.247726,-0.8614699,0,-0.1261285,0.1192152,-1.075175,0.1194023,-0.4828745,26,26,27,26,26,26,27,26,27,27,27,27,27,27,27,27
838,8380,1229.652,-0.2418883,-0.1232654,0.2437938,0.6033402,0,0.2554343,0.5022562,0.6193147,0.3692007,-0.5941281,0.504514,-0.9537275,0.5973187,-0.4776066,0.1207194,26,26,27,26,26,26,27,26,27,27,27,27,27,27,27,27
839,8390,1229.291,-0.120957,-0.4930601,5.217262E-05,0.4826722,0.7413135,-0.2554341,0.1255241,0.247726,0.3692007,0.3564771,0.8828996,0.3576473,-0.8362468,0.3582052,-0.362155,26,26,27,26,26,26,27,26,27,27,27,27,27,27,27,27
840,8400,1228.808,-0.8465385,-0.1232654,-0.121819,-0.3620041,0.123552,0.3831515,-5.377793E-05,0.3715886,0.4922679,-0.1188259,0.1261285,0.2384313,0,0.1194023,1.086468,26,26,27,26,26,26,27,26,27,27,27,27,27,27,27,27
841,8410,1229.17,-0.7256072,-1.109386,-0.121819,0.4826722,0.3706568,0,0.1255233,-0.123863,-0.2461344,0,0.8828996,0.2384313,0.3583906,0.7164103,0,26,26,27,26,26,26,27,26,27,27,27,27,27,27,27,27
842,8420,1230.135,-0.8465385,0.2465301,-0.3655607,0,-0.6177613,0.3831515,-0.2512088,-0.123863,0.1230664,0.2376511,0.1261285,-0.119216,0,0.5970089,0.2414388,26,26,27,26,26,26,27,26,27,27,27,27,27,27,27,27
843,8430,1228.929,0.7255558,-0.4930601,0.2437938,-0.7240083,0.2471044,0.1277172,-0.2512088,-0.3715886,0.2461336,0,0.1261285,-0.4768642,-0.2389281,0.1194023,0.6035939,26,26,27,26,26,26,27,26,27,27,27,27,27,27,27,27
844,8440,1229.532,-0.3628196,0.3697955,-0.2436899,0.2413361,-0.6177613,-0.1277172,-0.7535179,-0.123863,-1.107604,-0.7129533,-0.252257,0.1192152,-0.5973187,0.2388037,0,26,26,27,26,26,26,27,26,27,27,27,27,27,27,27,27
845,8450,1229.773,0.1209056,0,0.2437938,-0.120668,0.7413135,-0.3831513,0.6278332,-0.7431773,-0.123068,-0.3564771,-0.1261285,-0.2384321,-0.3583922,0.1194023,0.2414388,26,26,27,26,26,26,27,26,27,27,27,27,27,27,27,27
846,8460,1230.135,0.3627618,0.3697955,0.2437938,0.7240083,0,0.1277172,-0.6279408,0.3715886,-0.8614699,0,-0.630643,-0.119216,-0.4778546,-0.1194015,-1.327904,26,26,27,26,26,26,27,26,27,27,27,27,27,27,27,27
847,8470,1229.652,-2.568498E-05,0.9861203,0.2437938,0.4826722,0.2471044,0.3831515,0.2511012,-0.3715886,0.8614694,-0.4753022,0.252257,-1.19216,0.3583906,-0.1194015,0.2414388,26,26,27,26,26,26,27,26,27,27,27,27,27,27,27,27
848,8480,1228.929,0.1209056,0,0.7312771,0.120668,0.3706568,0.1277172,-0.2512088,0,-0.4922687,0,-0.3783855,0.1192152,-0.9557109,0.3582052,-0.7243116,26,26,27,26,26,26,27,26,27,27,27,27,27,27,27,27
849,8490,1228.687,-0.6046758,-0.1232654,-0.121819,0.3620041,0,0.1277172,-0.3767858,0.123863,0.1230664,-0.4753022,0.1261285,-0.119216,0.2389265,0.1194023,0.4828761,26,26,27,26,26,26,27,26,27,27,27,27,27,27,27,27
850,8500,1229.532,-0.2418626,-1.23265,-0.2436899,0,0.6177611,0.5108687,0.1255233,0,0.8614694,0,0.504514,0.2384313,0.1194641,0.8358118,-0.6035923,26,26,27,26,26,26,27,26,27,27,27,27,27,27,27,27
851,8510,1229.291,-0.2418626,-0.8628557,-0.6093023,0,-0.4942091,0.2554343,-0.1256309,0.247726,0.2461336,0.5941281,0.3783855,0,0.2389265,0.2388037,0.6035939,26,26,27,26,26,26,27,26,27,27,27,27,27,27,27,27
852,8520,1229.17,-0.4837188,-0.4930601,-0.7311732,-0.2413361,0.4942091,0.2554343,-0.5023629,-0.247726,0.4922679,0,0.630643,-0.3576481,0.3583906,-0.4776066,-0.1207178,26,26,27,26,26,26,27,26,27,27,27,27,27,27,27,27
853,8530,1229.291,-0.3627875,0.4930601,-0.6093023,0.4826657,-1.11197,-0.2554341,-0.1256309,-0.4954517,-0.123068,-0.7129533,0.252257,0.1192152,-0.8362468,0.1194023,0.9657505,26,26,27,26,26,26,27,26,27,27,27,27,27,27,27,27
854,8540,1229.411,0.7255815,-0.4930601,0.3656642,-0.6033466,0.4942091,-0.3831513,-0.3767858,-0.7431773,-0.2461344,0.1188251,-0.3783855,0.1192152,0.2389265,0.2388037,0,26,26,27,26,26,26,27,26,27,27,27,27,27,27,27,27
855,8550,1230.255,-0.3627875,0.4930601,-0.121819,0.8446699,-0.3706568,0.3831515,-1.255827,-0.4954517,-0.7384031,-0.4753022,-0.504514,-0.5960802,-0.3583922,0,-0.2414372,26,26,27,26,26,26,27,26,27,27,27,27,27,27,27,27
856,8560,1229.652,0.4837252,0,0.2437938,-0.9653507,0.6177611,-0.2554341,-0.1256301,-0.4954517,0,-0.8317792,-0.252257,-0.3576481,-0.2389281,0.2388037,-0.2414372,26,26,27,26,26,26,27,26,27,27,27,27,27,27,27,27
857,8570,1229.652,0.362794,-0.2465301,0.3656642,0.7240018,-0.1235524,0.6385858,-0.2512079,0.3715886,-0.7384031,-0.2376511,-0.504514,-0.119216,-0.8362468,-0.3582052,-0.8450295,26,26,27,26,26,26,27,26,27,27,27,27,27,27,27,27
858,8580,1229.894,0.362794,0.6163256,-0.2436899,0.8446699,0,0,-0.1256301,0,0.6153351,-0.2376511,0.504514,-0.119216,0.7167827,-0.1194015,-0.2414372,26,26,27,26,26,26,27,26,27,27,27,27,27,27,27,27
859,8590,1229.652,0.362794,-0.2465301,0.3656642,0.1206616,0.4942091,0,0.1255241,0.4954517,-0.4922687,0.3564771,-0.1261285,0.7152954,-0.3583922,0.4776066,-1.086467,26,26,27,26,26,26,27,26,27,27,27,27,27,27,27,27
860,8600,1229.291,0,-0.1232654,0.8531475,0.9653379,0.2471044,1.149454,-0.1256301,0.3715886,0.6153351,0.5941281,0.3783855,-0.9537275,0.3583906,0.1194023,0.9657505,26,26,27,26,26,26,27,26,27,27,27,27,27,27,27,27
861,8610,1228.326,-0.4837188,-1.23265,-0.3655607,-0.3620105,0.4942091,-0.2554341,0.5022562,-0.123863,0.4922679,0.3564771,0.630643,0.2384313,0.4778546,0.4776066,-0.1207178,26,26,27,26,26,26,27,26,27,27,27,27,27,27,27,27
862,8620,1229.17,-0.3627875,-0.1232654,-0.2436899,-0.1206745,-0.1235524,0,0.3766791,0.247726,0.2461336,0.3564771,0,-0.119216,0,0,0.4828761,26,26,27,26,26,26,27,26,27,27,27,27,27,27,27,27
863,8630,1228.567,-0.1209313,-0.4930601,-0.7311732,-0.6033466,0.123552,-0.6385856,-0.62794,0.123863,-0.123068,0.1188251,0.1261285,-0.119216,0.3583906,0.2388037,-0.1207178,26,26,27,26,26,26,27,26,27,27,27,27,27,27,27,27
864,8640,1229.411,0,-0.1232654,-0.6093023,-0.1206745,-0.6177613,-1.021737,-1.004672,-0.123863,-0.2461344,-0.3564771,0.630643,0.1192152,-0.1194641,0.3582052,0.1207194,26,26,27,26,26,26,27,26,27,27,27,27,27,27,27,27
865,8650,1229.411,0.2418626,-0.6163256,0.2437938,-0.1206745,0.6177611,-0.6385856,-0.7535171,-0.3715886,-0.6153359,-0.4753022,-0.252257,-0.4768642,-0.2389281,0.2388037,0.7243133,26,26,27,26,26,26,27,26,27,27,27,27,27,27,27,27
866,8660,1229.291,-0.1209698,0.2465301,-0.121819,0.7240018,0,0.3831515,-0.5023621,0.4954517,-1.107604,-0.3564771,-0.7567714,-0.8345115,-0.8362468,-0.597008,-0.7243116,26,26,27,26,26,26,27,26,27,27,27,27,27,27,27,27
867,8670,1229.291,0.1208864,0.1232654,0.2437938,0.3619977,0.3706568,-0.2554341,0.7534112,-0.4954517,0.3692007,-0.4753022,0.252257,-1.072944,-0.7167827,-0.1194015,-0.2414372,26,26,27,26,26,26,27,26,27,27,27,27,27,27,27,27
868,8680,1229.652,0.362749,0,0.3656121,0.2413297,0,-0.2554341,-0.1256301,0.247726,-0.4922687,0.3564771,0,0.1192152,-0.9557109,0.4776066,-0.6035923,26,26,27,26,26,26,27,26,27,27,27,27,27,27,27,27
869,8690,1228.567,-3.852747E-05,-0.1232654,-0.1218712,0,-0.1235524,0.5108687,0.251102,0.4954517,0.1230664,-0.1188259,0.3783855,-0.119216,0.4778546,-0.1194015,0.7243133,26,26,27,26,26,26,27,26,27,27,27,27,27,27,27,27
870,8700,1228.446,0.2418177,0.1232654,0.1218704,0.120668,0.8648655,-0.5108685,0.5022562,0.7431773,-0.123068,0.4753022,-0.1261285,0.5960794,-0.2389281,0.1194023,-0.8450295,26,26,27,26,26,26,27,26,27,27,27,27,27,27,27,27
871,8710,1228.808,-0.3628325,-0.2465301,0.1218704,0.4826722,0.123552,0.3831515,0.6278341,0.123863,0.1230664,0.3564771,-0.1261285,-0.2384321,0.5973187,-0.3582052,-0.1207178,26,26,27,26,26,26,27,26,27,27,27,27,27,27,27,27
872,8720,1228.326,-0.2419012,-0.9861203,-0.2437416,0,0.123552,0.2554343,-0.1256301,0.247726,0.4922679,0.4753022,1.009029,-0.119216,0.7167827,-0.1194015,0.4828761,26,26,27,26,26,26,27,26,27,27,27,27,27,27,27,27
873,8730,1229.17,-0.8465513,0,-1.096837,-0.6033402,-0.2471048,-0.1277172,-0.8790942,0,-0.2461344,0.2376511,0.1261285,0.5960794,-0.4778546,0.955214,0.3621566,26,26,27,26,26,26,27,26,27,27,27,27,27,27,27,27
874,8740,1228.688,0.6046116,-0.8628557,-0.1218712,0,0.247104,-0.6385856,-0.376785,-0.247726,-0.3692015,0.1188251,0.504514,0.1192152,0.2389265,0.3582052,0.3621566,26,26,27,26,26,26,27,26,27,27,27,27,27,27,27,27
875,8750,1229.049,-0.4837638,0.1232654,-0.6093541,0.4826722,-0.8648661,0,-1.255826,-0.123863,-0.7384031,-0.4753022,-0.252257,-0.2384321,-0.2389281,0.2388037,-0.4828745,26,26,27,26,26,26,27,26,27,27,27,27,27,27,27,27
876,8760,1229.532,0.2418177,-0.2465301,-0.1218712,-0.2413361,0.8648655,-0.6385856,-5.297528E-05,-0.123863,0.3692007,-0.4753022,-0.1261285,-0.7152954,0.1194641,0,-0.1207178,26,26,27,26,26,26,27,26,27,27,27,27,27,27,27,27
877,8770,1229.291,0.362749,-0.2465301,0.1218704,0.120668,0.7413131,0.2554343,-0.5023621,0,-0.6153359,0.8317792,-1.135157,-0.119216,-1.314101,-0.2388037,-0.9657489,26,26,27,26,26,26,27,26,27,27,27,27,27,27,27,27
878,8780,1229.532,-3.852747E-05,0.3697955,-0.1218712,0.8446763,0.247104,0.3831515,0.1255241,-0.123863,0.3692007,-0.7129533,0.1261285,-0.3576481,0.4778546,-0.4776066,-0.362155,26,26,27,26,26,26,27,26,27,27,27,27,27,27,27,27
879,8790,1229.17,0.1208864,-0.2465301,-0.1218712,0.7240083,0.3706564,0.3831515,0.6278341,0.123863,0.1230664,0.7129533,-0.252257,0.3576473,-0.8362468,0.5970089,-0.8450295,26,26,27,26,26,26,27,26,27,27,27,27,27,27,27,27
880,8800,1228.929,-0.4837638,-0.7395902,-0.4874833,-0.120668,0.6177607,0.2554343,-5.297528E-05,0.6193147,0.3692007,0.2376511,0.252257,-0.2384321,0.3583906,0.1194023,-0.1207178,26,26,27,26,26,26,27,26,27,27,27,27,27,27,27,27
881,8810,1228.084,-3.852747E-05,-0.6163256,-0.1218712,0.2413361,0.3706564,0.2554343,0.3766791,0.7431773,0.1230664,-0.2376511,0.3783855,0,-0.2389281,0.4776066,0.2414388,26,26,27,26,26,26,27,26,27,27,27,27,27,27,27,27
882,8820,1228.446,-0.6046758,-0.3697955,-0.9749666,-0.4826722,-0.7413139,0,-0.2512079,0.4954517,0.4922679,0.5941281,0,0.8345115,0.2389265,0.4776066,0,26,26,27,26,26,26,27,26,27,27,27,27,27,27,27,27
883,8830,1228.084,0.241837,-0.7395902,0.1218704,-0.3620041,-0.2471048,-0.3831513,-5.297528E-05,0.247726,0.6153351,0.5941281,0.252257,0.2384313,0.7167827,0.3582052,0.2414388,26,26,27,26,26,26,27,26,27,27,27,27,27,27,27,27
884,8840,1229.411,-0.6046758,0.4930601,0.1219226,0.2413361,-0.7413139,0.1277172,-0.8790942,-0.3715886,-0.8614699,-0.5941281,-0.1261285,0.3576473,0,0.5970089,0.3621566,26,26,27,26,26,26,27,26,27,27,27,27,27,27,27,27
885,8850,1228.929,0.3627618,-0.7395902,0.8531475,-6.421245E-06,0.6177607,-0.89402,-5.297528E-05,-0.7431773,-0.123068,-0.4753022,0,-0.3576481,0.5973187,0.4776066,0.1207194,26,26,27,26,26,26,27,26,27,27,27,27,27,27,27,27
886,8860,1229.411,-0.120957,0,5.217262E-05,0.7240018,-0.4942093,0.2554343,-0.8790942,0.123863,-0.9845371,-0.4753022,-0.3783855,-0.4768642,-0.7167827,-0.597008,-0.2414372,26,26,27,26,26,26,27,26,27,27,27,27,27,27,27,27
887,8870,1229.17,-0.2418883,-0.3697955,0.1219226,-0.2413425,0.3706564,-0.7663028,0.1255241,-0.123863,0.4922679,-0.3564771,-0.1261285,-0.7152954,-0.4778546,-0.4776066,-0.6035923,26,26,27,26,26,26,27,26,27,27,27,27,27,27,27,27
888,8880,1229.291,-2.568498E-05,0.6163256,0.4875355,0.4826657,0.123552,-0.1277172,-0.1256293,0.3715886,-0.3692015,0,-0.252257,0.7152954,-0.8362468,0.3582052,-0.1207178,26,26,27,26,26,26,27,26,27,27,27,27,27,27,27,27
889,8890,1229.291,-2.568498E-05,0.3697955,0.3656642,0.2413297,-4.013278E-07,0.6385858,0.1255249,0.4954517,0.2461336,0,0.7567711,-0.3576481,0.4778546,0,0.6035939,26,26,27,26,26,26,27,26,27,27,27,27,27,27,27,27
890,8900,1228.567,-0.3628196,0,-0.2436899,-0.3620105,0.3706564,0.1277172,0.1255249,0,-0.123068,0.2376511,0.3783855,0.3576473,-0.3583922,0.2388037,-0.4828745,26,26,27,26,26,26,27,26,27,27,27,27,27,27,27,27
891,8910,1229.411,-0.9674698,-0.6163256,-0.7311732,-6.421245E-06,-0.6177616,0,-0.6279392,-0.247726,-0.3692015,0,0.1261285,0.3576473,-0.2389281,0.5970089,0.4828761,26,26,27,26,26,26,27,26,27,27,27,27,27,27,27,27
892,8920,1228.808,-2.568498E-05,-0.7395902,0.1219226,-0.7240147,0.123552,-0.5108685,-0.5023613,-0.3715886,-0.123068,-0.3564771,-0.504514,0,0.5973187,0.1194023,0.2414388,26,26,27,26,26,26,27,26,27,27,27,27,27,27,27,27
893,8930,1229.532,-0.4837509,-0.2465301,-0.121819,0.6033338,-0.3706572,-0.1277172,-0.2512071,-0.123863,-1.107604,-0.4753022,0.504514,-0.119216,-0.3583922,0.2388037,-0.6035923,26,26,27,26,26,26,27,26,27,27,27,27,27,27,27,27
894,8940,1229.532,-0.120957,-0.4930601,5.217262E-05,-0.3620105,0.4942088,-0.6385856,0.2511028,-0.4954517,0,-0.3564771,0.1261285,-0.8345115,-0.2389281,0.1194023,0.2414388,26,26,27,26,26,26,27,26,27,27,27,27,27,27,27,27
895,8950,1229.291,0.241837,-0.2465301,5.217262E-05,0.6033338,-0.2471048,0.6385858,-0.2512071,0,-1.476805,0.5941281,0.1261285,-0.119216,-0.7167827,-0.597008,-1.086467,26,26,27,26,26,26,27,26,27,27,27,27,27,27,27,27
896,8960,1229.291,0.3627618,0.2465301,-0.2436899,0.4826657,0.123552,0.1277172,0.3766799,-0.247726,0.3692007,-0.2376511,0,-0.2384321,0,-0.3582052,0.2414388,26,26,27,26,26,26,27,26,27,27,27,27,27,27,27,27
897,8970,1229.291,-0.120957,-0.2465301,0.3656642,0.1206616,0.3706564,0.1277172,0.2511028,0.123863,-0.6153359,0.1188251,-0.252257,0.3576473,-0.9557109,0.2388037,-0.9657489,26,26,27,26,26,26,27,26,27,27,27,27,27,27,27,27
898,8980,1229.411,-0.4837509,0.1232654,-0.121819,0.6033338,0.123552,0.7663028,0.6278341,-0.123863,0.1230664,0,0.630643,0.2384313,0.7167827,-0.2388037,0.6035939,26,26,27,26,26,26,27,26,27,27,27,27,27,27,27,27
899,8990,1228.687,-0.362826,-0.8628557,0.1219226,-0.3620105,0.4942088,-0.1277172,0.3766799,-0.123863,0.1230664,-0.1188259,0.8828996,0.4768634,-0.1194641,0.7164103,-0.2414372,26,26,27,26,26,26,27,26,27,27,27,27,27,27,27,27
900,9000,1228.567,-0.4837509,-0.6163256,-0.2436899,0.2413297,0.123552,-0.3831513,-5.217262E-05,0.123863,-0.123068,0.4753022,0.252257,0.1192152,0.1194641,0.4776066,0.4828761,26,26,27,26,26,26,27,26,27,27,27,27,27,27,27,27
901,9010,1228.205,0.1208992,-0.9861203,0.1219226,-0.3620105,-0.1235528,-0.1277172,-5.217262E-05,0.123863,0.7384023,0,0.504514,0.4768634,0.2389265,0.4776066,0.2414388,26,26,27,26,26,26,27,26,27,27,27,27,27,27,27,27
902,9020,1229.411,-0.1209634,0.3697955,-0.4874315,0.7240018,-0.3707079,0,-0.5023613,-0.6193147,-0.7384031,-0.7129533,-0.1261285,0,-0.4778546,0.7164103,0.2414388,26,26,27,26,26,26,27,26,27,27,27,27,27,27,27,27
903,9030,1229.291,0.6046181,-0.7395902,0.1219226,-0.6033466,0.3706058,-0.5108685,-0.5023613,-0.247726,-0.123068,0,-0.3783855,-0.5960802,-0.2389281,-0.3582052,0.7243133,26,26,27,26,26,26,27,26,27,27,27,27,27,27,27,27
904,9040,1229.17,-0.362826,0,0.2437938,0.8446699,-0.4942601,0,-0.62794,0,-0.4922687,-0.2376511,-0.252257,0,-0.4778546,-0.3582052,0.1207194,26,26,27,26,26,26,27,26,27,27,27,27,27,27,27,27
905,9050,1228.929,-3.210623E-05,0.1232654,0.2437938,0.4826657,0.8648149,-0.3831513,0.3766791,-0.123863,0,-0.5941281,0.1261285,-0.4768642,-0.7167827,0,0.1207194,26,26,27,26,26,26,27,26,27,27,27,27,27,27,27,27
906,9060,1229.049,-3.210623E-05,0.2465301,-0.121819,0.1206616,-5.136996E-05,0.6385858,-0.2512079,0.7431773,0.2461336,0,0.252257,-0.7152954,0.7167827,0,0.6035939,26,26,27,26,26,26,27,26,27,27,27,27,27,27,27,27
907,9070,1228.929,0.1208992,0.1232654,5.217262E-05,0.1206616,-5.136996E-05,0,0.6278341,0,0.6153351,-0.8317792,0.7567711,-0.4768642,0.8362468,-0.597008,-0.362155,26,26,27,26,26,26,27,26,27,27,27,27,27,27,27,27
908,9080,1228.808,0.4836867,0,0.1219226,0.1206616,0.4941582,-0.1277172,-0.1256301,0.6193147,0.2461336,0.1188251,0.1261285,0.3576473,-0.7167827,0.2388037,-0.1207178,26,26,27,26,26,26,27,26,27,27,27,27,27,27,27,27
909,9090,1228.567,0.4836867,-0.3697955,-0.2436899,0.3619977,-0.4942601,1.277171,-0.1256301,0.3715886,0.3692007,-0.1188259,0.3783855,-0.119216,0.4778546,-0.4776066,0.3621566,26,26,27,26,26,26,27,26,27,27,27,27,27,27,27,27
910,9100,1228.567,-0.4837509,-0.4930601,0.1219226,0.1206616,0.4941582,-0.1277172,0.251102,0.123863,0.2461336,-0.3564771,0.1261285,-0.3576481,-0.3583922,0.4776066,-0.7243116,26,26,27,26,26,26,27,26,27,27,27,27,27,27,27,27
911,9110,1228.446,-0.2418947,-0.3697955,-0.6093023,-0.7240147,-0.2471557,-0.1277172,0.3766791,0.6193147,-0.123068,0.3564771,0.1261285,0.5960794,0,0.4776066,0.7243133,26,26,27,26,26,26,27,26,27,27,27,27,27,27,27,27
912,9120,1228.687,-0.1209634,-0.4930601,5.217262E-05,-0.4826786,0.2470534,-0.1277172,0.5022562,-0.247726,1.107604,0.3564771,0.1261285,-0.119216,-0.1194641,0.8358118,0,26,26,27,26,26,26,27,26,27,27,27,27,27,27,27,27
913,9130,1228.446,-0.1209634,-0.2465301,-0.6093023,-0.3620105,-0.6178125,-0.6385856,-0.2512079,0.3715886,-0.123068,0,0.504514,0.2384313,-0.2389281,-0.2388037,0.3621566,26,26,27,26,26,26,27,26,27,27,27,27,27,27,27,27
914,9140,1229.049,0.1209056,-0.7395902,0.2437938,-0.4826786,0.3706058,-0.89402,-0.5023621,-0.7431773,-0.2461344,-0.3564771,0.1261285,-0.5960802,0.1194641,0.1194023,0.7243133,26,26,27,26,26,26,27,26,27,27,27,27,27,27,27,27
915,9150,1229.411,-0.7256072,0.6163256,-0.4874315,0.9653379,-0.3707079,-0.5108685,-1.004672,-0.3715886,-0.7384031,-0.1188259,0.1261285,0.3576473,-0.3583922,0.4776066,0,26,26,27,26,26,26,27,26,27,27,27,27,27,27,27,27
916,9160,1228.808,0.241837,-0.7395902,0.7312771,-1.086019,-0.2471557,-0.2554341,-0.1256301,-0.6193147,0.1230664,-0.3564771,-0.1261285,-0.119216,0,0,0.1207194,26,26,27,26,26,26,27,26,27,27,27,27,27,27,27,27
917,9170,1229.049,-0.120957,0.7395902,-0.6093023,0.8446763,-0.4942601,0.2554343,-0.7535171,-0.6193147,-0.9845371,0.1188251,-0.1261285,-0.119216,0.2389265,0.7164103,0.1207194,26,26,27,26,26,26,27,26,27,27,27,27,27,27,27,27
918,9180,1228.687,-2.568498E-05,0.1232654,0.3656642,0.3620041,0.7413135,-0.5108685,0.6278341,-0.7431773,0.2461336,0,0.1261285,-0.9537275,-0.7167827,0,0.2414388,26,26,27,26,26,26,27,26,27,27,27,27,27,27,27,27
919,9190,1229.17,0.9674184,0,5.217262E-05,0.8446763,0.3706568,0.2554343,-0.2512079,0.4954517,-0.3692015,0,-0.7567714,-0.2384321,-0.9557109,0,-0.1207178,26,26,27,26,26,26,27,26,27,27,27,27,27,27,27,27
920,9200,1228.808,-0.2418883,0.6163256,0.1219226,0.120668,0.123552,-0.3831513,0.251102,-0.3715886,0.3692007,-0.7129533,0.1261285,-0.8345115,0,0.1194023,-0.1207178,26,26,27,26,26,26,27,26,27,27,27,27,27,27,27,27
921,9210,1229.291,0.1209056,0.1232654,0.3656642,0.4826722,0.123552,0.1277172,-0.62794,0.7431773,-0.7384031,0.3564771,-0.630643,0.1192152,-0.8362468,-0.7164099,-0.4828745,26,26,27,26,26,26,27,26,27,27,27,27,27,27,27,27
922,9220,1227.964,-0.4837509,0.6163256,0.2437938,0.4826722,0.123552,0.2554343,0.6278341,0.4954517,0.1230664,0,0.1261285,0,0.2389265,-0.3582052,0.2414388,26,26,27,26,26,26,27,26,27,27,27,27,27,27,27,27
923,9230,1228.326,-0.120957,-0.3697955,0.1219226,0.8446763,0.8648659,0.3831515,0.3766791,0.247726,-0.2461344,0.3564771,0.3783855,0,0.3583906,0.1194023,-0.6035923,26,26,27,26,26,26,27,26,27,27,27,27,27,27,27,27
924,9240,1228.084,-0.8465385,-0.4930601,-0.3655607,0.2413361,-0.6177613,0.1277172,0.5022562,0.3715886,0,0.5941281,0.1261285,0.7152954,0,0.2388037,0,26,26,27,26,26,26,27,26,27,27,27,27,27,27,27,27
925,9250,1228.687,0.1209056,-0.3697955,-0.6093023,-0.2413361,-0.2471046,-0.6385856,-5.297528E-05,0.3715886,-0.123068,-0.1188259,0.8828996,0.1192152,0.4778546,0.2388037,0.3621566,26,26,27,26,26,26,27,26,27,27,27,27,27,27,27,27
926,9260,1228.808,-0.9674698,0.3697955,-0.3655607,0.2413361,-1.235523,-0.1277172,-1.004672,-0.123863,-0.3692015,-0.3564771,0,0.1192152,0.2389265,0.955214,0,26,26,27,26,26,26,27,26,27,27,27,27,27,27,27,27
927,9270,1228.567,0.4836932,-0.2465301,-0.121819,0,0.6177611,-0.3831513,-0.376785,-0.3715886,-0.2461344,-0.3564771,0,-0.5960802,0.2389265,-0.2388037,0.6035939,26,26,27,26,26,26,27,26,27,27,27,27,27,27,27,27
928,9280,1228.808,-0.4837509,0.6163256,-0.2436899,0.7240083,0,0.2554343,-0.7535171,-0.247726,-0.6153359,-0.3564771,0,-0.4768642,-0.2389281,0,-0.1207178,26,26,27,26,26,26,27,26,27,27,27,27,27,27,27,27
929,9290,1228.687,0.3627618,0.1232654,5.217262E-05,-0.120668,0.6177611,-0.1277172,-5.297528E-05,-0.3715886,0.4922679,-0.9506044,-0.1261285,-0.7152954,0,0.3582052,0,26,26,27,26,26,26,27,26,27,27,27,27,27,27,27,27
930,9300,1229.291,0.2418177,0.3697955,0.1219226,-0.120668,0,0.6385858,-0.2512079,-0.123863,-0.7384031,0.3564771,-0.3783855,-0.4768642,-1.194637,-0.3582052,-0.2414372,26,26,27,26,26,26,27,26,27,27,27,27,27,27,27,27
931,9310,1228.929,-0.3628325,0.3697955,-0.121819,0.3620041,0.4942091,0.2554343,0.7534112,-0.247726,0.2461336,-0.8317792,0,-0.8345115,0.2389265,-0.1194015,0.1207194,26,26,27,26,26,26,27,26,27,27,27,27,27,27,27,27
932,9320,1228.808,0.725543,0,0.3656121,0.8446763,0.4942091,0.3831515,-5.297528E-05,-0.123863,-0.3692015,0.5941281,0.3783855,0.5960794,-0.4778546,-0.1194015,-0.4828745,26,26,27,26,26,26,27,26,27,27,27,27,27,27,27,27
933,9330,1228.205,-0.2419012,-0.4930601,0.1218704,0,0.2471044,0,-0.5023621,0.123863,0.3692007,0,0.1261285,-0.5960802,1.075173,0.3582052,0.8450311,26,26,27,26,26,26,27,26,27,27,27,27,27,27,27,27
934,9340,1227.843,-0.3628325,-1.109386,-0.1218712,0,0,0.6385858,0.6278341,0.247726,0.7384023,-0.1188259,0.3783855,0,-0.1194641,0.8358118,0.3621566,26,26,27,26,26,26,27,26,27,27,27,27,27,27,27,27
935,9350,1228.446,-0.7256264,-0.6163256,-0.4874833,0.120668,-0.4942091,-0.2554341,-0.1256301,0.247726,0.1230664,0.4753022,0.252257,-0.2384321,0,0.5970089,0.2414388,26,26,27,26,26,26,27,26,27,27,27,27,27,27,27,27
936,9360,1228.205,0.4836803,-0.7395902,-0.8530958,-0.9653444,0,-0.3831513,-0.5023629,-0.3715886,0.3692007,0.3564771,-0.1261285,-0.2384321,0.5973187,0.8358118,0.8450311,26,26,27,26,26,26,27,26,27,27,27,27,27,27,27,27
937,9370,1229.049,-0.1209698,0.6163256,-0.4874833,0.4826722,-0.9884181,-0.3831513,-0.2512088,-0.4954517,-0.8614699,-0.5941281,-0.3783855,-0.5960802,-0.5973187,0,-0.362155,26,26,27,26,26,26,27,26,27,27,27,27,27,27,27,27
938,9380,1228.808,0.362749,-0.9861203,0.731225,-0.3620041,0.4942091,-0.89402,-0.2512088,-0.6193147,-0.4922687,0,-0.252257,-0.3576481,0.1194641,0.1194023,0.4828761,26,26,27,26,26,26,27,26,27,27,27,27,27,27,27,27
939,9390,1229.049,0.4836803,0.7395902,0,0.6033402,-0.4942091,-0.5108685,-0.3767858,-0.4954517,-0.8614699,-0.3564771,-0.8829,-0.4768642,-0.2389281,0.2388037,-0.1207178,26,26,27,26,26,26,27,26,27,27,27,27,27,27,27,27
940,9400,1229.17,0.362749,0,0.3656121,-0.3620041,0.6177611,-0.89402,-0.1256309,-0.123863,-0.3692015,-0.4753022,-0.3783855,0,-0.1194641,0.2388037,0.4828761,26,26,27,26,26,26,27,26,27,27,27,27,27,27,27,27
941,9410,1229.049,0.362749,0,0.2437416,0.7240083,-0.1235524,0.6385858,-0.2512088,0.123863,-0.7384031,0.1188251,-0.504514,0,-0.7167827,-0.1194015,-0.362155,26,26,27,26,26,26,27,26,27,27,27,27,27,27,27,27
942,9420,1228.567,-0.4837638,-0.1232654,0.1218704,0.4826722,0.2471044,-0.5108685,0.3766783,0.123863,0.6153351,-0.2376511,0.3783855,-0.5960802,0,-0.2388037,-0.362155,26,26,27,26,26,26,27,26,27,27,27,27,27,27,27,27
943,9430,1228.929,0.6046116,-0.7395902,0.3656121,0.120668,0.4942091,0.2554343,-5.377793E-05,-0.123863,-0.4922687,0.1188251,-0.3783855,0.1192152,-0.5973187,0,-0.9657489,26,26,27,26,26,26,27,26,27,27,27,27,27,27,27,27
944,9440,1227.964,-0.2419012,-0.1232654,0,0.4826722,-0.1235524,0.8940201,0.6278332,0.7431773,0.6153351,-0.7129533,0.3783855,-0.3576481,0.4778546,-0.2388037,0.6035939,26,26,27,26,26,26,27,26,27,27,27,27,27,27,27,27
945,9450,1228.446,-0.3628325,0,-0.4874833,0.3620041,0.2471044,-0.1277172,0.3766783,0.247726,0.4922679,-0.4753022,0.3783855,0.1192152,-0.7167827,0.7164103,0,26,26,27,26,26,26,27,26,27,27,27,27,27,27,27,27
946,9460,1227.723,-0.8466348,-0.3697955,-0.6093541,-0.2413361,-0.1235524,0,-0.1256309,0.123863,0,0,0.1261285,0.3576473,-0.1194641,-0.1194015,0,26,26,27,26,26,26,27,26,27,27,27,27,27,27,27,27
947,9470,1228.326,-0.2420874,-0.4930601,-0.3656125,-0.6033402,-0.2471046,0,-5.377793E-05,-0.123863,0.4922679,0.1188251,0.7567711,0.1192152,0.2389265,0.3582052,-0.362155,26,26,27,26,26,26,27,26,27,27,27,27,27,27,27,27
948,9480,1229.049,-0.2420874,0.2465301,8.026557E-07,0.7240083,-1.359075,0,-1.13025,-0.4954517,-0.9845371,-0.4753022,0.252257,-0.119216,-0.1194641,0.955214,0,26,26,27,26,26,26,27,26,27,27,27,27,27,27,27,27
949,9490,1227.964,0.4833657,-0.3697955,0.7312266,-0.7240147,0.8648659,-0.5108685,-0.1256309,-0.3715886,0,-0.3564771,0,0.3576473,-0.3583922,0.1194023,0.3621566,26,26,27,26,26,26,27,26,27,27,27,27,27,27,27,27
950,9500,1228.808,-0.0002696923,0.1232654,0.121872,0.6033338,-0.4942091,-0.1277172,-0.5023629,0,-0.7384031,-0.3564771,-0.7567714,-0.3576481,-0.2389281,-0.2388037,0.1207194,26,26,27,26,26,26,27,26,27,27,27,27,27,27,27,27
951,9510,1229.291,-0.1211817,-0.6163256,0.2437433,-0.2413425,0.6177611,0,0.3766783,-0.123863,0.3692007,-0.5941281,-0.3783855,-0.9537275,-0.5973187,-0.3582052,-0.1207178,26,26,27,26,26,26,27,26,27,27,27,27,27,27,27,27
952,9520,1229.291,0.36246,0.6163256,8.026557E-07,0.2413297,0.4942091,0.6385858,-0.3767842,-0.123863,-0.8614699,0.1188251,0.1261285,0,-0.8362468,0,-1.207186,26,26,27,26,26,26,27,26,27,27,27,27,27,27,27,27
953,9530,1229.049,-0.1211817,0.4930601,0.2437433,0.6033338,-0.3706568,0.1277172,-0.8790934,0.4954517,0.4922679,-0.2376511,0.7567711,-0.3576481,0.1194641,-0.2388037,0.3621566,26,26,27,26,26,26,27,26,27,27,27,27,27,27,27,27
954,9540,1229.049,0.4833657,0.1232654,0.121872,0.1206616,0.7413135,0.5108687,-0.7535163,0.123863,0.1230664,0.2376511,0,0.2384313,-0.4778546,0.3582052,-0.6035923,26,26,27,26,26,26,27,26,27,27,27,27,27,27,27,27
955,9550,1228.205,-0.1211817,-0.2465301,0.4874841,-0.1206745,-0.1235524,0.3831515,0.3766799,0.247726,-0.2461344,0.1188251,0.504514,-0.2384321,0.9557093,-0.1194015,0.7243133,26,26,27,26,26,26,27,26,27,27,27,27,27,27,27,27
956,9560,1227.964,-0.1211817,-0.7395902,-0.2437404,-0.3620105,0.3706568,-0.5108685,-5.217262E-05,-0.123863,0.2461336,0.4753022,0.630643,0.2384313,0.1194641,0.1194023,-0.362155,26,26,27,26,26,26,27,26,27,27,27,27,27,27,27,27
957,9570,1228.808,-0.9675404,-0.3697955,8.026557E-07,-0.1206745,-0.6177613,0.3831515,-0.3767842,-0.123863,-0.3692015,0.3564771,0.504514,-0.2384321,0.7167827,0.7164103,0.3621566,26,26,27,26,26,26,27,26,27,27,27,27,27,27,27,27
958,9580,1228.687,-0.0002696923,-0.2465301,-0.2437404,-1.086019,-0.2471046,-0.89402,-0.3767842,0.247726,-0.2461344,0,0.7567711,-0.2384321,0.2389265,0.2388037,0.4828761,26,26,27,26,26,26,27,26,27,27,27,27,27,27,27,27
959,9590,1229.17,-0.3629994,0.2465301,-0.2437404,0.7240018,-0.9884181,-0.6385856,-0.5023613,-0.6193147,-0.6153359,-0.5941281,-0.1261285,0.2384313,-0.1194641,-0.4776066,0.1207194,26,26,27,26,26,26,27,26,27,27,27,27,27,27,27,27
960,9600,1228.929,0.36246,-0.2465301,0.6093553,-0.2413425,1.235523,-0.2554341,-0.1256293,-0.9909033,0.2461336,-0.5941281,-0.630643,-0.3576481,0,0.2388037,0.3621566,26,26,27,26,26,26,27,26,27,27,27,27,27,27,27,27
961,9610,1229.049,0.241548,-0.3697955,-0.4874821,0.4826657,-0.2471046,0.2554343,-1.130248,-0.247726,-1.230671,-0.4753022,-0.504514,-0.2384321,-0.3583922,-0.3582052,0,26,26,27,26,26,26,27,26,27,27,27,27,27,27,27,27
962,9620,1228.567,-0.0002696923,0,0.121872,0.1206616,0.6177611,-0.5108685,-0.2512071,-0.8670403,0.4922679,-0.5941281,-0.1261285,-0.9537275,0,-0.3582052,-0.6035923,26,26,27,26,26,26,27,26,27,27,27,27,27,27,27,27
963,9630,1228.567,0.4833657,0.3697955,0.7312266,0.4826657,0.7413135,0.5108687,0.1255249,0.7431773,-0.3692015,0.4753022,-0.7567714,-0.2384321,-1.314101,-0.4776066,-0.362155,26,26,27,26,26,26,27,26,27,27,27,27,27,27,27,27
964,9640,1228.687,0.36246,0.3697955,5.136996E-05,0.3619977,0.123552,0,-5.217262E-05,-0.123863,0.4922679,-0.8317792,0.1261285,-0.3576481,0.8362468,-0.4776066,0.3621566,26,26,27,26,26,26,27,26,27,27,27,27,27,27,27,27
965,9650,1228.687,0.1206424,0.2465301,0.4875347,-0.1206745,0.6177611,0,-5.217262E-05,0,0,0,0.252257,0.4768634,-0.8362468,0.5970089,-0.2414372,26,26,27,26,26,26,27,26,27,27,27,27,27,27,27,27
966,9660,1228.567,0.1206424,-0.1232654,0.1219218,0.1206616,-0.2471046,0.2554343,-0.2512071,0.8670407,0.2461336,0.4753022,0.1261285,-0.119216,0.3583906,0,0.3621566,26,26,27,26,26,26,27,26,27,27,27,27,27,27,27,27
967,9670,1228.205,-0.483905,-0.9861203,-0.6093028,-0.4826786,-0.2471046,-0.5108685,-5.217262E-05,-0.123863,0.2461336,-0.1188259,0.8828996,0,0,0.3582052,-0.362155,26,26,27,26,26,26,27,26,27,27,27,27,27,27,27,27
968,9680,1229.049,-0.3629994,0,-0.2436903,-6.421245E-06,-1.11197,-0.5108685,-0.5023629,0.123863,-0.2461344,0,0.252257,0.2384313,0.1194641,0.5970089,0.3621566,26,26,27,26,26,26,27,26,27,27,27,27,27,27,27,27
969,9690,1228.084,0.241548,-0.3697955,0.6094051,-0.7240147,-0.1235524,-0.89402,-0.5023629,-0.123863,-0.6153359,0,0.252257,0,0.8362468,0.955214,0.3621566,26,26,27,26,26,26,27,26,27,27,27,27,27,27,27,27
970,9700,1229.291,-0.3629994,0.1232654,-0.6093028,0.8446699,-0.6177613,0.1277172,-0.5023629,-0.6193147,-0.8614699,-0.2376511,0.1261285,-0.8345115,-0.3583922,0.1194023,0.4828761,26,26,27,26,26,26,27,26,27,27,27,27,27,27,27,27
971,9710,1228.446,-0.0002696923,0.1232654,0.1219218,-0.2413425,0.7413135,0,0.1255233,-0.6193147,0.7384023,-0.3564771,0.252257,-0.9537275,0,0.1194023,-0.2414372,26,26,27,26,26,26,27,26,27,27,27,27,27,27,27,27
972,9720,1228.808,0.4833657,-0.2465301,0.3656634,0.3619977,-0.2471046,0.7663028,-0.879095,-0.123863,-0.6153359,0,-0.252257,-0.2384321,-1.314101,-0.3582052,-0.6035923,26,26,27,26,26,26,27,26,27,27,27,27,27,27,27,27
973,9730,1229.17,0.241548,0.6163256,0.1219218,0.3619977,0,-0.5108685,1.130142,-0.3715886,0.6153351,-0.5941281,-0.1261285,-1.072944,0.2389265,-0.4776066,-0.362155,26,26,27,26,26,26,27,26,27,27,27,27,27,27,27,27
974,9740,1228.567,0.4833657,0,0.4875347,-6.421245E-06,0.2471044,0.3831515,-0.2512088,-0.123863,-0.8614699,0.2376511,-0.7567714,-0.119216,-0.7167827,-0.1194015,-0.8450295,26,26,27,26,26,26,27,26,27,27,27,27,27,27,27,27
975,9750,1227.843,-0.6048171,-0.4930601,-0.7311736,0.3619977,0.3706568,0.3831515,-0.3767858,0.247726,0.3692007,-0.4753022,1.135157,-0.3576481,0.7167827,-0.2388037,0.7243133,26,26,27,26,26,26,27,26,27,27,27,27,27,27,27,27
976,9760,1228.326,0.241548,0,-0.4874319,-6.421245E-06,0.4942091,-0.3831513,0.3766783,0,0.3692007,0.4753022,-0.252257,0.3576473,-0.2389281,-0.3582052,-0.4828745,26,26,27,26,26,26,27,26,27,27,27,27,27,27,27,27
977,9770,1227.964,-0.9675404,0,0.6094051,-0.1206745,0.2471044,0.6385858,0.5022554,0,0.1230664,0.5941281,0.252257,-0.2384321,0.8362468,0,0.9657505,26,26,27,26,26,26,27,26,27,27,27,27,27,27,27,27
978,9780,1228.084,-0.1209698,-1.479181,-0.4874319,-6.421245E-06,0.4942091,-0.3831513,0.1255233,0.123863,0.8614694,0,0.252257,0.1192152,-0.1194641,0.7164103,-0.8450295,26,26,27,26,26,26,27,26,27,27,27,27,27,27,27,27
979,9790,1229.049,-0.6046951,-0.7395902,-0.3655611,-0.2413425,-0.4942091,-0.7663028,-5.377793E-05,0.123863,0.1230664,0.4753022,-0.1261285,0.4768634,-0.1194641,0.4776066,0.6035939,26,26,27,26,26,26,27,26,27,27,27,27,27,27,27,27
980,9800,1228.326,-3.852747E-05,-0.3697955,-0.2437404,-0.6033466,-0.2471046,-0.2554341,0.1255233,0.247726,0.6153351,0.2376511,0.8828996,-0.4768642,0.4778546,-0.1194015,-0.1207178,26,26,27,26,26,26,27,26,27,27,27,27,27,27,27,27
981,9810,1229.17,-0.8465513,0.3697955,-0.6093529,0.6033338,-0.6177613,-0.3831513,-0.2512088,-0.247726,-0.2461344,0.1188251,0.3783855,0.4768634,-0.2389281,0.8358118,-0.6035923,26,26,27,26,26,26,27,26,27,27,27,27,27,27,27,27
982,9820,1228.205,0.2418177,-0.4930601,0.4874841,-0.6033466,0.4942091,-1.149454,-0.7535179,-0.123863,-0.4922687,-0.5941281,0,-0.2384321,0.7167827,0.4776066,0.2414388,26,26,27,26,26,26,27,26,27,27,27,27,27,27,27,27
983,9830,1229.652,-0.3628325,0.2465301,0.121872,-6.421245E-06,-0.4942091,0,-0.2512088,-0.6193147,-0.9845371,-0.3564771,-0.3783855,-0.4768642,0.1194641,0.1194023,0,26,26,27,26,26,26,27,26,27,27,27,27,27,27,27,27
984,9840,1229.17,0.362749,-0.1232654,0.121872,-0.1206745,0.6177611,-0.89402,0.2511012,0,0.4922679,-0.5941281,-0.1261285,-0.4768642,-0.2389281,0.1194023,-0.2414372,26,26,27,26,26,26,27,26,27,27,27,27,27,27,27,27
985,9850,1228.567,0.362749,0.3697955,8.026557E-07,0.8446699,-0.2471046,0.8940201,-5.377793E-05,0,-0.9845371,0.1188251,-0.8829,-0.5960802,-1.075175,-0.3582052,-0.2414372,26,26,27,26,26,26,27,26,27,27,27,27,27,27,27,27
986,9860,1228.808,-0.1209698,0.1232654,0.7312266,0.3619977,0.3706568,0.3831515,0.1255233,-0.123863,0.7384023,-0.1188259,0.3783855,-0.4768642,0.3583906,-0.4776066,-0.1207178,26,26,27,26,26,26,27,26,27,27,27,27,27,27,27,27
987,9870,1228.929,0.1208864,0.1232654,0.2437433,0.3619977,0.4942091,0.1277172,-0.1256309,0.123863,-0.3692015,0.4753022,-0.504514,0.1192152,-0.8362468,0.1194023,-0.7243116,26,26,27,26,26,26,27,26,27,27,27,27,27,27,27,27
988,9880,1228.326,-0.1209698,0,0.121872,0.7240018,0.123552,1.021737,-5.377793E-05,-0.123863,0.1230664,-0.2376511,0.252257,-0.5960802,0.7167827,-0.597008,1.086468,26,26,27,26,26,26,27,26,27,27,27,27,27,27,27,27
989,9890,1228.205,-0.4837638,0.1232654,-0.3656113,0.2413297,0,-0.2554341,0.7534103,0.247726,-0.123068,-0.2376511,0.630643,-0.4768642,-1.194637,0.4776066,-0.9657489,26,26,27,26,26,26,27,26,27,27,27,27,27,27,27,27
990,9900,1228.446,-0.4837638,-0.4930601,-0.7312238,-0.4826786,-0.6177613,0.1277172,-0.7535179,-0.123863,-0.3692015,0.2376511,0.1261285,0.2384313,-0.3583922,0.1194023,0.8450311,26,26,27,26,26,26,27,26,27,27,27,27,27,27,27,27
991,9910,1228.084,0.1208864,-0.4930601,-0.6093529,-0.8446828,-0.4942091,-0.5108685,-0.3767858,0.123863,0.2461336,0.1188251,0.630643,-0.3576481,0.5973187,0.2388037,0.2414388,26,26,27,26,26,26,27,26,27,27,27,27,27,27,27,27
992,9920,1228.567,-0.7256264,0.3697955,-0.9749654,0.2413297,-0.4942091,0,-0.6279408,-0.123863,-0.8614699,-0.4753022,0.1261285,0.3576473,0.1194641,-0.1194015,0.6035939,26,26,27,26,26,26,27,26,27,27,27,27,27,27,27,27
993,9930,1228.929,0.8464742,-0.3697955,0.6093553,-0.8446828,-0.1235524,-0.6385856,-0.5023629,-0.123863,-0.2461344,-0.5941281,-0.1261285,-0.119216,0,0.8358118,0.7243133,26,26,27,26,26,26,27,26,27,27,27,27,27,27,27,27
994,9940,1228.446,-0.2419012,0.6163256,0.7312266,0.6033338,-0.4942091,0,-0.5023629,-0.4954517,-0.9845371,-0.4753022,-0.3783855,-0.4768642,-0.8362468,-0.1194015,-0.9657489,26,26,27,26,26,26,27,26,27,27,27,27,27,27,27,27
995,9950,1228.808,0.1208864,0.3697955,-0.2437404,0.1206616,0.7413135,-0.3831513,0.5022554,-0.8670403,0.4922679,-0.5941281,-0.252257,-0.5960802,-0.1194641,-0.1194015,-0.2414372,26,26,27,26,26,26,27,26,27,27,27,27,27,27,27,27
996,9960,1228.326,0.4836803,-0.3697955,0.2437416,0.7240018,-0.1235524,0.5108687,-0.5023629,0.123863,-1.107604,0.3564771,-0.3783855,-0.4768642,-0.7167827,0.1194023,0,26,26,27,26,26,26,27,26,27,27,27,27,27,27,27,27
997,9970,1228.808,0.725543,0.3697955,-0.3656125,0.2413361,0.6177611,-0.2554341,0.3766783,-0.8670403,0,-0.5941281,0.8828996,-0.4768642,0.1194641,0.1194023,-0.1207178,26,26,27,26,26,26,27,26,27,27,27,27,27,27,27,27
998,9980,1228.567,0.725543,0.1232654,-0.731225,0,0.9884175,0.2554343,-0.1256309,0,0,0.3564771,0,0.7152954,-0.9557109,0.2388037,-0.1207178,26,26,27,26,26,26,27,26,27,27,27,27,27,27,27,27
999,9990,1227.843,-0.1209698,0.2465301,-0.1218712,0.7240083,0.123552,0.8940201,0.5022554,0.4954517,0.4922679,0,0.1261285,0.2384313,0.5973187,0.1194023,0.2414388,26,26,27,26,26,26,27,26,27,27,27,27,27,27,27,27
