0,0,471.9019,0.3627297,0,0.1218905,0.8446828,-0.4942099,0.5108687,-0.1256285,0.123863,-0.7384031,-0.1188259,-0.252257,-0.2384321,-0.7167827,-0.2388037,-0.1207178,26,26,27,27,26,26,27,26,27,27,27,27,27,27,27,27
1,10,472.1428,-0.1209891,0.2465301,0.3656321,-0.1206616,0.2471036,-0.1277172,0.1255257,-0.247726,0.2461336,-0.7129533,-0.504514,-0.5960802,-0.4778546,-0.1194015,-0.2414372,26,27,27,27,26,26,27,26,27,27,27,27,27,27,27,27
2,20,471.9019,0.8464871,0,0.4875025,1.086019,0.1235512,0.2554343,-0.2512063,0.8670407,-0.123068,0.3564771,-0.504514,0.2384313,-0.9557109,-0.3582052,-0.7243116,26,27,27,27,26,26,27,26,27,27,27,27,27,27,27,27
3,30,472.0224,0.1209056,0.6163256,0.1218905,6.421245E-06,0.6177599,-0.1277172,0.7534127,0,0.9845359,-0.5941281,0.504514,-0.7152954,0.1194641,0.3582052,-0.1207178,26,27,27,27,26,26,27,26,27,27,27,27,27,27,27,27
4,40,472.1428,0.4836996,0,-0.3655928,0.6033466,0.1235512,0.5108687,-5.136996E-05,0.4954517,-0.9845371,-0.2376511,-0.3783855,0,-0.5973187,0.1194023,-0.1207178,26,27,27,27,26,26,27,26,27,27,27,27,27,27,27,27
5,50,472.5042,-0.1209506,0.4930601,1.926374E-05,6.421245E-06,0.6177599,-0.6385856,0.2511028,-0.3715886,0.4922679,-1.06943,0,-0.3576481,-0.3583922,0.3582052,0.1207194,26,27,27,27,26,26,27,26,27,27,27,27,27,27,27,27
6,60,471.6611,0.241837,0.1232654,0.1218905,-0.1206616,-1.605311E-06,0.3831515,-0.2512063,0.123863,-0.9845371,0.4753022,-0.3783855,-0.3576481,-0.5973187,-0.4776066,-0.9657489,26,27,27,27,26,26,27,26,27,27,27,27,27,27,27,27
7,70,471.9019,0.241837,0,0.1218905,0.7240147,0.7413119,0,0.3766807,-0.4954517,0.1230664,-0.7129533,-0.504514,-0.8345115,0,-0.3582052,-0.1207178,26,27,27,27,26,26,27,26,27,27,27,27,27,27,27,27
8,80,471.4201,0.4836996,0.1232654,1.926374E-05,0.4826786,-0.4942102,0.5108687,-0.2512055,0.247726,-1.107604,-0.1188259,-0.8829,-0.5960802,-1.314101,-0.2388037,-0.362155,26,27,27,27,26,26,27,26,27,27,27,27,27,27,27,27
9,90,472.2633,-2.568498E-05,0.2465301,-0.2437224,-0.1206616,0.4942075,-0.3831513,0.6278357,-0.247726,0.7384023,-0.3564771,-0.504514,-0.8345115,-0.1194641,-0.3582052,0,26,27,27,27,26,26,27,26,27,27,27,27,27,27,27,27
10,100,471.7815,0.4836996,0.1232654,0.2437609,0.6033466,-1.605311E-06,-0.6385856,-0.5023597,0,-1.107604,0.2376511,0,-0.5960802,-0.5973187,-0.1194015,-0.8450295,26,27,27,27,26,26,27,26,27,27,27,27,27,27,27,27
11,110,472.1428,0.3627683,0,0.2437609,0.1206745,-1.605311E-06,-0.1277172,-0.1256277,-0.123863,0,-0.2376511,0.3783855,-0.8345115,-0.5973187,0.1194023,-0.1207178,26,27,27,27,26,26,27,26,27,27,27,27,27,27,27,27
12,120,472.0224,0.1209056,0.2465301,-0.3655928,0.2413425,-0.4942102,0.3831515,-0.6279376,0.123863,-0.8614699,-0.3564771,-0.252257,-0.5960802,-0.7167827,-0.3582052,0,26,27,27,27,26,26,27,26,27,27,27,27,27,27,27,27
13,130,472.1428,0.1209056,-0.6163256,-0.3655928,-0.2413297,0.4942075,-0.6385856,0.3766815,-0.9909033,0.2461336,-0.8317792,-0.1261285,-0.8345115,-0.1194641,-0.3582052,-0.2414372,26,27,27,27,26,26,27,26,27,27,27,27,27,27,27,27
14,140,471.6611,0.3627683,0,0.1218905,0.6033466,-0.1235536,0.6385858,-0.5023597,0,-0.7384031,0.1188251,-0.3783855,-0.7152954,-0.2389281,-0.597008,0.2414388,26,27,27,27,26,26,27,26,27,27,27,27,27,27,27,27
15,150,472.2633,-0.1209506,0,-0.2437224,0.2413425,0.2471032,0.1277172,-0.1256277,-0.247726,0.1230664,-0.9506044,0.1261285,-1.072944,0.1194641,-0.4776066,-0.4828745,26,27,27,27,26,26,27,26,27,27,27,27,27,27,27,27
16,160,471.6611,0.4836996,0.3697955,1.926374E-05,0.4826786,0.3706551,0.7663028,-0.8790918,-0.123863,-0.8614699,0.1188251,-0.630643,-0.119216,-0.9557109,-0.2388037,-0.6035923,26,27,27,27,26,26,27,26,27,27,27,27,27,27,27,27
17,170,472.8655,-2.568498E-05,0.3697955,0.2437609,-0.1206616,0.7413119,-0.2554341,0.2511036,-0.3715886,0.1230664,-0.3564771,0.1261285,-0.9537275,0.1194641,-0.3582052,0,26,27,27,27,26,26,27,26,27,27,27,27,27,27,27,27
18,180,472.0224,0.4836996,0,0.6093738,0.2413425,-0.2471058,0.3831515,-5.056731E-05,0.8670407,-0.3692015,0.3564771,-0.504514,-0.4768642,-0.5973187,-0.3582052,-0.6035923,26,27,27,27,26,26,27,26,27,27,27,27,27,27,27,27
19,190,472.3838,-0.2418819,0.1232654,-0.1218512,0.2413425,0.2471032,0,1.130145,-0.247726,0.9845359,0.1188251,0.252257,-0.7152954,0.1194641,0.2388037,-0.2414372,26,27,27,27,26,26,27,26,27,27,27,27,27,27,27,27
20,200,472.0224,1.209281,-0.1232654,-0.3655928,0.4826786,-0.8648669,0.7663028,-0.3767826,0.247726,-0.6153359,0,-0.3783855,-0.3576481,-1.194637,-0.597008,-0.362155,26,27,27,27,26,26,27,26,27,27,27,27,27,27,27,27
21,210,472.6247,-2.568498E-05,0,-0.1218512,0.2413425,0.4942075,-0.1277172,0.7534136,-0.123863,0.7384023,-0.4753022,0,-1.19216,0.1194641,-0.1194015,0,26,27,27,27,26,26,27,26,27,27,27,27,27,27,27,27
22,220,471.7815,0.4836996,0.2465301,0.2437609,0.8446828,0.2471032,0.2554343,-5.056731E-05,0.6193147,-0.2461344,0,0.252257,-0.2384321,-0.9557109,-0.1194015,-0.8450295,26,27,27,27,26,26,27,26,27,27,27,27,27,27,27,27
23,230,471.7815,0.1209056,0.2465301,-0.2437224,0.3620105,0.4942075,0.2554343,0.7534136,0,0.3692007,0,0.252257,-0.7152954,-0.3583922,-0.2388037,0,26,27,27,27,26,26,27,26,27,27,27,27,27,27,27,27
24,240,471.7815,1.08835,0.1232654,0.8531146,0.8446828,-1.605311E-06,0.3831515,-0.2512055,0.3715886,-0.7384031,0.4753022,0.1261285,-0.2384321,-1.314101,-0.1194015,-0.7243116,26,27,27,27,26,26,27,26,27,27,27,27,27,27,27,27
25,250,471.1793,-0.3628132,0.2465301,0.1218905,0.7240147,0.6177595,0.2554343,-0.2512055,-0.4954517,0.3692007,-0.3564771,0,-0.5960802,0.1194641,-0.4776066,0.2414388,26,27,27,27,26,26,27,26,27,27,27,27,27,27,27,27
26,260,471.7815,0.6046309,0.3697955,0.6093738,0.7240147,0.2471032,0.5108687,-0.1256277,0.247726,-0.8614699,0.2376511,-0.630643,-0.2384321,-1.194637,-0.597008,-0.4828745,26,27,27,27,26,26,27,26,27,27,27,27,27,27,27,27
27,270,472.2633,0.241837,0.3697955,-0.1218512,-0.2413297,-0.1235536,-0.1277172,0.2511036,-0.6193147,0.4922679,-0.8317792,0.3783855,-0.9537275,-0.1194641,-0.3582052,-0.2414372,26,27,27,27,26,26,27,26,27,27,27,27,27,27,27,27
28,280,471.902,0.3627683,0,0.2437609,0.6033466,0.2471032,0.6385858,-5.056731E-05,0.247726,-0.4922687,0,-0.8829,-0.119216,-0.9557109,-0.7164099,-0.6035923,26,27,27,27,26,26,27,26,27,27,27,27,27,27,27,27
29,290,472.2633,0.1209056,0.1232654,0.1218905,0.3620105,-1.605311E-06,0.3831515,0.2511036,0.123863,0.3692007,-0.1188259,0.504514,-0.5960802,0.3583906,0,-0.2414372,26,27,27,27,26,26,27,26,27,27,27,27,27,27,27,27
30,300,471.6611,-0.1209506,0.2465301,1.926374E-05,0.4826786,0.7413119,0.5108687,-5.056731E-05,0.123863,-0.9845371,-0.1188259,-0.504514,-0.5960802,-0.5973187,0,-1.086467,26,27,27,27,26,26,27,26,27,27,27,27,27,27,27,27
31,310,472.1429,-0.2418819,0.7395902,-0.2437224,0.4826786,-1.605311E-06,0.2554343,0.5022586,0,0.3692007,-0.7129533,0.504514,-0.9537275,0,-0.3582052,-0.1207178,26,27,27,27,26,26,27,26,27,27,27,27,27,27,27,27
32,320,471.902,-2.568498E-05,0.2465301,0.1218905,0.3620105,-0.1235536,0,-0.8790918,0.6193147,-0.4922687,0.2376511,-0.7567714,-0.5960802,-1.075175,-0.3582052,-0.362155,26,27,27,27,26,26,27,26,27,27,27,27,27,27,27,27
33,330,472.0224,-0.1209506,0.2465301,0.3656321,0.6033466,0.3706551,0.1277172,0.1255265,-0.123863,0.8614694,-0.1188259,-0.1261285,-1.072944,0.3583906,-0.4776066,-0.6035923,26,27,27,27,26,26,27,26,27,27,27,27,27,27,27,27
34,340,472.5042,0.483706,0,0.6093738,0.9653507,-1.605311E-06,0.3831515,-5.056731E-05,0.8670407,-0.8614699,0,-0.3783855,-0.2384321,-1.075175,-0.3582052,-0.362155,26,27,27,27,26,26,27,26,27,27,27,27,27,27,27,27
35,350,472.5042,0.1209121,0.3697955,0.2437609,0.3620105,0.3706551,-0.3831513,0.5022586,-0.123863,0.4922679,-0.5941281,-0.252257,-0.3576481,-0.3583922,-0.3582052,-0.4828745,26,27,27,27,26,26,27,26,27,27,27,27,27,27,27,27
36,360,472.1429,0.9674248,-0.1232654,0.7312442,1.086019,-0.1235536,0.2554343,-0.2512055,0.7431773,-0.9845371,0.1188251,-0.630643,-0.119216,-0.9557109,0.3582052,-0.4828745,26,27,27,27,26,26,27,26,27,27,27,27,27,27,27,27
37,370,472.1429,-0.2418755,0.7395902,1.926374E-05,-0.1206616,0.3706551,0.2554343,-0.3767826,-0.8670403,0.8614694,-0.4753022,-0.1261285,-0.3576481,0.3583906,-0.597008,0.1207194,26,27,27,27,26,26,27,26,27,27,27,27,27,27,27,27
38,380,472.2633,0.6046309,-0.1232654,0.4875025,0.6033466,0.3706556,0.2554343,0.1255265,0.123863,-0.2461344,0,-0.1261285,0,-0.8362468,-0.7164099,-0.9657489,26,27,27,27,26,26,27,26,27,27,27,27,27,27,27,27
39,390,472.0224,-0.3628068,0.1232654,-0.1218512,0.3620105,0.3706556,0.1277172,0.6278357,0.247726,0.4922679,-0.2376511,0.504514,-0.3576481,0.1194641,-0.1194015,-0.4828745,26,27,27,27,26,26,27,26,27,27,27,27,27,27,27,27
40,400,472.2633,0.6046309,0.1232654,0.3656321,1.206687,0.8648647,0.5108687,-0.2512055,0.247726,-0.6153359,0.3564771,-0.252257,0,-1.075175,0.3582052,-0.8450295,26,27,27,27,26,26,27,26,27,27,27,27,27,27,27,27
41,410,471.6611,0.1209121,0,0.2437609,0.8446828,-0.1235532,0.2554343,-5.056731E-05,0.3715886,0.6153351,-0.5941281,0.3783855,-0.4768642,0.3583906,-0.9552136,-0.2414372,26,27,27,27,26,26,27,26,27,27,27,27,27,27,27,27
42,420,471.902,0.3627747,0.2465301,0.3656321,0.4826786,0.1235512,0.7663028,-0.2512055,0.9909033,-0.3692015,0.3564771,-0.630643,0,-0.2389281,0,-0.9657489,26,27,27,27,26,26,27,26,27,27,27,27,27,27,27,27
43,430,471.4202,-1.926374E-05,0.2465301,0.1218905,0.7240147,-0.2471056,0.7663028,0.3766815,0.247726,0.7384023,-0.8317792,0.3783855,-0.3576481,-0.2389281,-0.2388037,-0.1207178,26,27,27,27,26,26,27,26,27,27,27,27,27,27,27,27
44,440,471.0589,-0.1209506,-0.4930601,0.2437609,0.1206745,0.3706556,0.1277172,0.2511036,0.123863,0.1230664,0.1188251,0.630643,0.2384313,0.1194641,0.8358118,-0.6035923,26,27,27,27,26,26,27,26,27,27,27,27,27,27,27,27
45,450,470.9384,-0.1209506,-0.2465301,-0.4874636,6.421245E-06,0.4942079,0.1277172,-0.2512055,0.3715886,0,-0.1188259,0.1261285,-0.119216,0.3583906,-0.1194015,0.6035939,26,27,27,27,26,26,27,26,27,27,27,27,27,27,27,27
46,460,470.9384,-0.2418755,-0.1232654,0.1218905,0.3620105,0.6177599,0.2554343,-5.056731E-05,0.3715886,-0.123068,0,-0.252257,0.2384313,-0.5973187,0.4776066,-0.4828745,26,27,27,27,26,26,27,26,27,27,27,27,27,27,27,27
47,470,471.5406,-0.3628068,-0.3697955,-0.2437224,0.3620105,0.3706556,0.5108687,0.1255265,1.114766,0.2461336,-0.4753022,0.504514,-0.3576481,1.075173,0.1194023,-0.1207178,26,27,27,27,26,26,27,26,27,27,27,27,27,27,27,27
48,480,471.4202,-0.6046694,0.1232654,-0.7312049,0.3620105,0.4942079,0.1277172,-5.056731E-05,0.123863,0.2461336,0.2376511,0.3783855,-0.2384321,-0.4778546,0.3582052,-0.2414372,26,27,27,27,26,26,27,26,27,27,27,27,27,27,27,27
49,490,470.6975,-0.1209506,-0.6163256,1.926374E-05,0.2413425,-0.4942099,0.3831515,-0.5023597,0.247726,-0.3692015,0.1188251,0.1261285,-0.119216,0.4778546,-0.597008,0.2414388,26,26,27,27,26,26,27,26,27,27,27,27,27,27,27,27
50,500,471.6611,-0.4837381,-1.109386,-0.6093345,-0.1206616,-8.026557E-07,0,0.8789907,0.7431773,0.1230664,-0.1188259,0.1261285,0.2384313,-0.3583922,0.5970089,-0.6035923,26,26,27,27,26,26,27,26,27,27,27,27,27,27,27,27
51,510,471.0589,-0.2418755,0.1232654,-0.2437224,0.1206745,0.2471036,0.6385858,0.1255265,0.247726,0.4922679,-0.2376511,0.252257,-0.3576481,0.8362468,-0.1194015,0.9657505,26,26,27,27,26,26,27,26,27,27,27,27,27,27,27,27
52,520,471.4202,-0.6046694,-0.8628557,-0.2437224,-0.1206616,0.3706556,-0.1277172,0.2511036,0.7431773,0.6153351,0.1188251,0.504514,0.2384313,0,0.2388037,0.2414388,26,26,27,27,26,26,27,26,27,27,27,27,27,27,27,27
53,530,471.4202,-0.6046694,0,-0.9749465,6.421245E-06,-0.4942099,0,-0.2512055,0.247726,-0.123068,0.4753022,0,-0.119216,0.1194641,0.3582052,0.4828761,26,26,27,27,26,26,27,26,27,27,27,27,27,27,27,27
54,540,471.7815,0.3627747,-0.3697955,-0.4874636,-0.6033338,-0.6177621,0.2554343,0.3766815,0,0.3692007,-0.1188259,0.252257,0.4768634,0,0.5970089,-0.1207178,26,26,27,27,26,26,27,26,27,27,27,27,27,27,27,27
55,550,471.5406,-1.20932,-0.6163256,-0.9749465,-0.4826657,-0.2471056,-0.1277172,-5.056731E-05,0.247726,0.3692007,0.5941281,0.3783855,0.3576473,0.3583906,0.3582052,0.1207194,26,26,27,27,26,26,27,26,27,27,27,27,27,27,27,27
56,560,471.6611,0.483706,-1.479181,-0.3655928,-0.1206616,-0.3706578,-0.2554341,-0.5023605,0.247726,0.1230664,0.4753022,0.1261285,0.4768634,0.3583906,-0.2388037,0.4828761,26,26,27,27,26,26,27,26,27,27,27,27,27,27,27,27
57,570,472.2633,-0.3628068,0.6163256,-0.7312049,0.1206745,-0.1235532,-0.2554341,-0.2512063,-0.9909033,-0.2461344,-0.1188259,0,-0.3576481,0.2389265,0.8358118,0.4828761,26,26,27,27,26,26,27,26,27,27,27,27,27,27,27,27
58,580,471.4202,0.2418434,-0.7395902,0.3656321,-0.4826657,-8.026557E-07,-0.2554341,-0.6279384,-0.123863,-0.2461344,0.3564771,0.252257,0,0.1194641,0.7164103,0.8450311,26,26,27,27,26,26,27,26,27,27,27,27,27,27,27,27
59,590,472.0224,-0.6046694,0.2465301,-0.9749465,0.6033466,-1.235523,0.3831515,-0.1256285,-0.3715886,-0.9845371,-0.7129533,-0.1261285,-0.119216,0,0.1194023,-0.1207178,26,26,27,27,26,26,27,26,27,27,27,27,27,27,27,27
60,600,471.7815,0.3627747,-0.1232654,0.1218905,6.421245E-06,0.4942079,-0.7663028,-0.6279384,-0.3715886,-0.123068,-0.1188259,-0.1261285,-0.119216,0.2389265,0.5970089,0.3621566,26,26,27,27,26,26,27,26,27,27,27,27,27,27,27,27
61,610,472.3838,-0.6046694,0.4930601,-0.9749465,0.6033466,-0.6177621,0,-0.6279384,-0.7431773,-0.8614699,-0.3564771,0,-0.4768642,-0.3583922,0.5970089,0.1207194,26,26,27,27,26,26,27,26,27,27,27,27,27,27,27,27
62,620,472.0224,0.3627747,-0.1232654,1.926374E-05,-0.1206616,0.1235512,-0.2554341,-0.3767834,-0.6193147,-0.4922687,-0.5941281,0,0.2384313,0.4778546,0.8358118,0.7243133,26,26,27,27,26,26,27,26,27,27,27,27,27,27,27,27
63,630,472.1429,-0.2418755,0.4930601,-0.4874636,0.4826786,-0.2471056,0.3831515,-0.6279384,-0.7431773,-0.6153359,-0.5941281,-0.1261285,0.1192152,-0.2389281,0.4776066,0.1207194,26,26,27,27,26,26,27,26,27,27,27,27,27,27,27,27
64,640,472.2633,-1.926374E-05,-0.6163256,0.6093738,0.1206745,0.9884167,-0.3831513,0.3766807,-0.123863,0.4922679,-0.9506044,-0.504514,-0.2384321,0.2389265,0.4776066,0.8450311,26,26,27,27,26,26,27,26,27,27,27,27,27,27,27,27
65,650,472.3837,-0.1209506,0.1232654,-0.2437224,0.8446828,-0.1235532,0.1277172,-0.6279384,-0.123863,-0.8614699,-0.2376511,-0.504514,-0.7152954,-0.7167827,-0.4776066,0,26,26,27,27,26,26,27,26,27,27,27,27,27,27,27,27
66,660,472.0224,0.3627297,-0.7395902,0.8531146,6.421245E-06,0.2471036,-0.5108685,-0.1256285,-0.123863,0,-0.5941281,-0.630643,-0.9537275,-0.3583922,0.4776066,0.6035939,26,26,27,27,26,26,27,26,27,27,27,27,27,27,27,27
67,670,472.1428,-5.779121E-05,0,-0.2437224,1.086019,-0.2471056,0,-0.5023605,-0.3715886,-1.353738,-0.3564771,0,-0.3576481,-0.8362468,-0.3582052,-0.362155,26,26,27,26,26,26,27,26,27,27,27,27,27,27,27,27
68,680,472.0224,-0.483783,0.4930601,0.6094035,-0.1206616,0.3706556,-0.1277172,0.3766807,-0.247726,0.1230664,-0.5941281,0.252257,-0.3576481,-0.1194641,-0.2388037,-0.2414372,26,26,27,26,26,26,27,26,27,27,27,27,27,27,27,27
69,690,471.7815,0.6045924,0,-0.1218215,0.4826786,-0.2471056,0.3831515,-0.7535155,0.123863,-1.353738,-0.2376511,-0.3783855,-0.3576481,-0.3583922,0.3582052,-0.7243116,26,26,27,26,26,26,27,26,27,27,27,27,27,27,27,27
70,700,472.5042,0.2417984,0,0.1219202,0.7240147,0.3706556,-0.6385856,0.5022578,-0.123863,0.1230664,-0.4753022,-0.504514,-0.8345115,-0.2389281,0.1194023,0.2414388,26,26,27,26,26,26,27,26,27,27,27,27,27,27,27,27
71,710,472.8655,0.3627297,0.4930601,0.1219202,0.7240147,0.2471036,0.3831515,-0.3767834,0,-1.107604,-0.2376511,-0.7567714,-0.5960802,-0.4778546,-0.1194015,-0.4828745,26,26,27,26,26,26,27,26,27,27,27,27,27,27,27,27
72,720,472.0224,-0.3628517,0.2465301,0.4875331,6.421245E-06,0.4942079,-0.2554341,-0.1256277,-0.123863,0.3692007,-1.06943,-0.252257,-0.4768642,-0.5973187,0.2388037,0.2414388,26,26,27,26,26,26,27,26,27,27,27,27,27,27,27,27
73,730,472.0224,0.2417984,0.1232654,-0.2436919,0.4826786,-0.7413144,0.1277172,-0.7535147,-0.123863,-0.9845371,-0.1188259,-0.3783855,-0.4768642,-0.1194641,-0.2388037,0.4828761,26,26,27,26,26,26,27,26,27,27,27,27,27,27,27,27
74,740,472.2633,0.3627297,-0.3697955,0.3656618,0.1206745,0.8648647,-0.6385856,0.1255265,-0.6193147,0.2461336,-0.4753022,-0.3783855,0,-0.2389281,0.5970089,0.3621566,26,26,27,26,26,26,27,26,27,27,27,27,27,27,27,27
75,750,472.1428,0.2417984,-0.3697955,4.976465E-05,0.4826786,-0.2471056,0.8940201,-0.6279376,-0.247726,-0.7384031,-0.2376511,-0.504514,-0.3576481,-0.4778546,-0.4776066,-0.1207178,26,26,27,26,26,26,27,26,27,27,27,27,27,27,27,27
76,760,472.1428,-0.483783,-0.2465301,0.1219202,6.421245E-06,1.235521,-0.3831513,0.1255265,-0.8670403,0.1230664,-0.9506044,-0.3783855,-0.3576481,-0.3583922,0.1194023,-0.2414372,26,26,27,26,26,26,27,26,27,27,27,27,27,27,27,27
77,770,472.2633,0.2417984,0.3697955,-0.9749164,0.3620105,-8.026557E-07,1.021737,-1.004669,-0.123863,-0.9845371,-0.5941281,0.1261285,-0.4768642,-0.7167827,0.1194023,-0.362155,26,26,27,26,26,26,27,26,27,27,27,27,27,27,27,27
78,780,472.2633,0.1208735,0.2465301,0.3656618,-0.4826657,0.3706556,0.1277172,0.6278357,-0.3715886,0.3692007,-0.8317792,0,-0.3576481,-0.4778546,-0.3582052,0.4828761,26,26,27,26,26,26,27,26,27,27,27,27,27,27,27,27
79,790,472.3837,1.330174,0.4930601,0.1219202,0.6033466,-0.3706578,0.7663028,-0.3767826,0.123863,-1.230671,-0.8317792,-0.3783855,-0.4768642,-0.7167827,0,0.2414388,26,26,27,26,26,26,27,26,27,27,27,27,27,27,27,27
80,800,472.1428,-0.1209891,-0.2465301,0.4875331,-0.4826657,0.7413123,-0.6385856,0.1255265,-0.4954517,0,-1.188256,-0.630643,-0.3576481,-0.8362468,0.3582052,0,26,26,27,26,26,26,27,26,27,27,27,27,27,27,27,27
81,810,471.902,-0.1209891,0,-0.7311748,1.086019,-0.4942099,0.3831515,-0.6279376,-0.123863,-1.107604,-0.5941281,-0.3783855,-0.4768642,-0.4778546,0.5970089,-0.2414372,26,26,27,26,26,26,27,26,27,27,27,27,27,27,27,27
82,820,472.0224,-0.1209891,-0.2465301,0.7312747,0.1206745,0.1235512,-0.1277172,0.2511036,-0.3715886,0.1230664,-1.06943,-0.252257,-1.072944,-0.1194641,-0.1194015,0.1207194,26,26,27,26,26,26,27,26,27,27,27,27,27,27,27,27
83,830,472.0224,0.4836611,-0.3697955,0.1219202,1.086019,-8.026557E-07,0.3831515,-0.5023597,-0.123863,-0.7384031,0.1188251,-0.3783855,-0.7152954,-0.4778546,0.1194023,0,26,26,27,26,26,26,27,26,27,27,27,27,27,27,27,27
84,840,472.0224,0.1208735,0.2465301,0.1219202,0.2413425,1.235521,-0.7663028,0.3766815,-0.247726,0.1230664,-0.7129533,-0.504514,-0.8345115,-0.1194641,-0.3582052,0.2414388,26,26,27,26,26,26,27,26,27,27,27,27,27,27,27,27
85,850,472.2633,-0.2419204,0.2465301,-0.2436919,0.8446828,-0.8648665,0.3831515,-0.5023597,0.123863,-1.230671,0.1188251,-0.1261285,-0.119216,-0.5973187,-0.4776066,-0.8450295,26,26,27,26,26,26,27,26,27,27,27,27,27,27,27,27
86,860,472.3838,0.1208735,0.4930601,0.3656618,0.8446828,0.3706046,0.3831515,0.3766815,-0.3715886,0.2461336,-0.9506044,-0.1261285,-1.072944,0.3583906,-0.597008,-0.2414372,26,26,27,26,26,26,27,26,27,27,27,27,27,27,27,27
87,870,471.4202,0.846455,0.2465301,0.6094035,0.3620105,0.494157,0.2554343,-0.5023597,0,-0.9845371,-0.1188259,-0.8829,0,-1.194637,-0.3582052,-0.6035923,26,26,27,26,26,26,27,26,27,27,27,27,27,27,27,27
88,880,471.7815,0.1208735,0.2465301,0.2437914,0.3620105,0.1235002,0.3831515,0.2511036,-0.123863,0.3692007,-0.8317792,0.252257,-0.3576481,0.2389265,-0.597008,-0.362155,26,26,27,26,26,26,27,26,27,27,27,27,27,27,27,27
89,890,472.1429,-0.1209891,0.8628557,0.3656618,0.3620105,0.1235002,0.5108687,0.1255265,0.123863,-0.4922687,0.2376511,-0.3783855,0.1192152,-0.4778546,-0.1194015,-1.327904,26,26,27,26,26,26,27,26,27,27,27,27,27,27,27,27
90,900,471.4202,-0.483783,0.2465301,0.2437914,0.2413425,-0.1236042,0.1277172,-0.1256277,0.247726,0.1230664,-0.2376511,0.504514,-0.5960802,0.1194641,0.1194023,0.7243133,26,26,27,26,26,26,27,26,27,27,27,27,27,27,27,27
91,910,472.0224,-0.2419204,0,0.2437914,-0.1206616,0.8648137,0.1277172,0.6278357,0,-0.123068,0,-0.7567714,0.4768634,-0.5973187,0.3582052,-0.8450295,26,26,27,26,26,26,27,26,27,27,27,27,27,27,27,27
92,920,471.5406,-0.2419204,-0.1232654,-0.1218215,0.4826786,0.2470526,0.5108687,-5.056731E-05,0.6193147,0.3692007,-0.2376511,0.7567711,-0.119216,0.4778546,-0.8358118,0.7243133,26,26,27,26,26,26,27,26,27,27,27,27,27,27,27,27
93,930,471.7815,-0.483783,-0.1232654,0.1219202,0.4826786,0.617709,-0.5108685,0.2511036,0.7431773,-0.123068,0,0.3783855,0.1192152,-0.3583922,0.2388037,-0.2414372,26,26,27,26,26,26,27,26,27,27,27,27,27,27,27,27
94,940,471.4202,-0.8465706,-0.9861203,0.1219202,-0.1206616,-0.1236042,0,0.2511036,0.6193147,-0.123068,0.5941281,0.252257,-0.3576481,0.3583906,0,0.6035939,26,26,27,26,26,26,27,26,27,27,27,27,27,27,27,27
95,950,471.4202,-0.7256393,-0.2465301,-0.1218215,0.2413425,0.2470526,-0.2554341,0.1255265,0,0.6153351,0.3564771,0.252257,0.1192152,-0.3583922,0.4776066,-0.8450295,26,26,27,26,26,26,27,26,27,27,27,27,27,27,27,27
96,960,471.6611,-0.2419204,-0.2465301,0.3656618,0.2413425,0.3706046,0.7663028,-0.2512055,0.247726,-0.3692015,0.3564771,0.630643,0,0.3583906,-0.4776066,0.7243133,26,26,27,26,26,26,27,26,27,27,27,27,27,27,27,27
97,970,471.5406,-0.483783,-0.4930601,4.976465E-05,0.6033466,0.494157,0.1277172,0.2511036,0.3715886,0.3692007,0.2376511,0.504514,-0.119216,-0.7167827,0.955214,-0.362155,26,26,27,26,26,26,27,26,27,27,27,27,27,27,27,27
98,980,471.1793,-0.8465706,-0.3697955,-0.7311748,-0.1206616,-0.1236042,0.1277172,-0.1256277,0.247726,0,0.2376511,0.1261285,0,0,-0.3582052,0.4828761,26,26,27,26,26,26,27,26,27,27,27,27,27,27,27,27
99,990,471.2998,-0.483783,-0.9861203,-0.3655627,-0.1206616,0.3706046,-0.1277172,0.8789907,0.7431773,0,0,0.504514,-0.119216,-0.7167827,0.2388037,-0.2414372,26,26,27,26,26,26,27,26,27,27,27,27,27,27,27,27
100,1000,472.2633,-0.9675019,-0.3697955,-0.6093549,0.3620105,-0.4942609,-0.3831513,-0.3767826,0.247726,0,0,0,0.7152954,0.3583906,0.1194023,0.3621566,26,26,27,26,26,26,27,26,27,27,27,27,27,27,27,27
101,1010,471.2998,-0.6047144,-1.109386,0.2437408,-0.2413297,-0.2471565,0.1277172,0.1255265,-0.123863,0.1230664,-0.2376511,0.7567711,-0.2384321,-0.3583922,0.3582052,-0.7243116,26,26,27,26,26,26,27,26,27,27,27,27,27,27,27,27
102,1020,472.1429,-0.7256393,-0.2465301,-0.4874841,-0.3619977,-0.1236042,0.2554343,0.1255265,0.123863,-0.4922687,0.3564771,0.252257,-0.2384321,0.7167827,0.2388037,0.3621566,26,26,27,26,26,26,27,26,27,27,27,27,27,27,27,27
103,1030,471.5406,-0.3628517,-0.6163256,-0.4874841,0.1206745,0.2470526,0.6385858,0.2511036,0.123863,0.7384023,0.2376511,0.252257,0.2384313,-0.4778546,0.1194023,-0.4828745,26,26,27,26,26,26,27,26,27,27,27,27,27,27,27,27
104,1040,471.2998,-0.8465706,-0.4930601,-0.121872,6.421245E-06,0.1235002,0,0.1255257,0.8670407,0.1230664,0.4753022,0.252257,0.3576473,0.5973187,-0.3582052,0.6035939,26,26,27,26,26,26,27,26,27,27,27,27,27,27,27,27
105,1050,471.4202,-0.3628517,-0.2465301,-0.2437425,-0.8446699,0.2470526,0,-0.2512063,0.123863,-0.123068,0.4753022,0.630643,0,0.3583906,0.4776066,0.1207194,26,26,27,26,26,26,27,26,27,27,27,27,27,27,27,27
106,1060,471.7815,-0.6047144,0.2465301,-0.7312257,0.6033466,-0.2471565,-0.2554341,-0.5023605,0.4954517,-0.2461344,0,0.504514,0.3576473,0.1194641,0.4776066,0.2414388,26,26,27,26,26,26,27,26,27,27,27,27,27,27,27,27
107,1070,471.6611,-5.779121E-05,-0.4930601,-0.2437425,-0.1206616,-0.2471565,-0.3831513,0.2511028,0.247726,0.3692007,0,0.7567711,0.5960794,0,0.2388037,-0.2414372,26,26,27,26,26,26,27,26,27,27,27,27,27,27,27,27
108,1080,471.0589,-0.2419204,-0.4930601,-0.3656133,0.4826786,-5.217262E-05,-0.1277172,-0.1256285,0.6193147,0.4922679,0.7129533,-0.252257,0,-0.2389281,0.2388037,0.6035939,26,26,27,26,26,26,27,26,27,27,27,27,27,27,27,27
109,1090,471.6611,-0.1209891,-0.6163256,-8.026557E-07,-0.6033338,-0.1236042,-0.2554341,-0.3767834,-0.247726,0,-0.1188259,0.8828996,0.1192152,-0.3583922,0.4776066,0.1207194,26,26,27,26,26,26,27,26,27,27,27,27,27,27,27,27
110,1100,472.1429,-0.2419204,0.2465301,-0.8530965,-0.7240018,-1.112022,-0.2554341,-0.8790926,0.3715886,0,0.2376511,0.1261285,0.2384313,-0.1194641,0.1194023,0.1207194,26,26,27,26,26,26,27,26,27,27,27,27,27,27,27,27
111,1110,471.2998,-0.1209891,-0.4930601,-0.121872,6.421245E-06,-0.2471565,-0.2554341,-0.2512063,0.4954517,0.8614694,0.1188251,0.3783855,0.1192152,0,0.3582052,-0.7243116,26,26,27,26,26,26,27,26,27,27,27,27,27,27,27,27
112,1120,472.2633,-0.1209891,0.4930601,-0.121872,-0.1206616,-0.4942609,-0.1277172,-0.3767834,-0.123863,-0.4922687,0.4753022,-0.1261285,-0.119216,0.3583906,0.1194023,0.2414388,26,26,27,26,26,26,27,26,27,27,27,27,27,27,27,27
113,1130,470.9384,0.1208735,-0.7395902,-0.6093549,-0.4826657,-0.2471565,-0.5108685,-0.3767834,0,-0.2461344,0.1188251,0.630643,0.3576473,0.3583906,0.4776066,-0.4828745,26,26,27,26,26,26,27,26,27,27,27,27,27,27,27,27
114,1140,472.1429,-0.8465706,-0.1232654,-0.4874841,-0.3619977,-0.7413655,-0.1277172,0.1255257,0.247726,0.3692007,0.3564771,0,0.5960794,0,0.3582052,0.2414388,26,26,27,26,26,26,27,26,27,27,27,27,27,27,27,27
115,1150,471.6611,-0.1209891,-0.6163256,-0.121872,-0.1206616,0.494157,-0.1277172,-0.2512063,0.123863,0,0,0.7567711,-0.2384321,0.7167827,0.7164103,0.1207194,26,26,27,26,26,26,27,26,27,27,27,27,27,27,27,27
116,1160,472.0224,-1.088433,-0.1232654,-1.34058,6.421245E-06,-5.217262E-05,-0.5108685,-0.3767834,0.123863,-0.4922687,0.8317792,0.3783855,0.4768634,0,-0.1194015,0.8450311,26,26,27,26,26,26,27,26,27,27,27,27,27,27,27,27
117,1170,471.4202,0.2417984,-0.8628557,-0.2437425,-0.6033338,-5.217262E-05,-0.6385856,-0.2512063,0.3715886,0.4922679,-0.3564771,0.630643,0,0.3583906,0.1194023,0,26,26,27,26,26,26,27,26,27,27,27,27,27,27,27,27
118,1180,471.7815,-0.2419204,0.1232654,-0.6093549,0.3620105,-0.2471565,0.2554343,-0.1256285,0.3715886,0,0.1188251,0,0.2384313,-0.1194641,0.4776066,0.3621566,26,26,27,26,26,26,27,26,27,27,27,27,27,27,27,27
119,1190,471.7815,0.2417984,-0.9861203,-0.2437425,0.3620105,0.494157,0,-0.8790926,0,-0.2461344,0,1.135157,0.2384313,0.1194641,0.5970089,0.1207194,26,26,27,26,26,26,27,26,27,27,27,27,27,27,27,27
120,1200,471.902,-0.483783,-0.1232654,-0.7312257,0.2413425,-0.7413655,-0.7663028,-0.5023605,-0.3715886,-0.123068,0.2376511,0.630643,0.2384313,0,0.955214,0.6035939,26,26,27,26,26,26,27,26,27,27,27,27,27,27,27,27
121,1210,471.2997,0.3627297,-0.6163256,-8.026557E-07,-0.1206616,0.494157,-0.6385856,-0.2512063,0.7431773,-0.2461344,-0.1188259,0.8828996,0,0.1194641,0,0.4828761,26,26,27,26,26,26,27,26,27,27,27,27,27,27,27,27
122,1220,471.5406,-0.3628517,-0.1232654,-0.8530965,-0.1206616,-0.2471565,-0.2554341,-1.130248,-0.3715886,0,0.7129533,0.504514,0.3576473,0.3583906,0.2388037,0.8450311,26,26,27,26,26,26,27,26,27,27,27,27,27,27,27,27
123,1230,471.4202,-0.1209891,-1.109386,-0.3656133,-0.3619977,-5.217262E-05,-0.5108685,-0.5023605,0.6193147,0.2461336,-0.2376511,1.009029,0.3576473,0,0.1194023,0.2414388,26,26,27,26,26,26,27,26,27,27,27,27,27,27,27,27
124,1240,472.8655,-0.6047144,0.2465301,-0.3656133,0.4826786,-0.2471565,-0.6385856,-0.3767834,-0.6193147,-0.3692015,0,-0.1261285,0.8345115,-0.3583922,0.4776066,0.1207194,26,26,27,26,26,26,27,26,27,27,27,27,27,27,27,27
125,1250,470.818,-0.1209891,-0.8628557,-0.3656133,0.1206745,-5.217262E-05,-0.3831513,-0.3767834,-0.123863,0.4922679,-0.3564771,1.009029,-0.119216,-0.1194641,0.5970089,-0.1207178,26,26,27,26,26,26,27,26,27,27,27,27,27,27,27,27
126,1260,472.5042,-0.8465706,-0.1232654,-0.3656133,6.421245E-06,-0.4942609,0.1277172,-0.8790926,1.114766,-0.3692015,0.2376511,0.1261285,0.4768634,0,0.2388037,0.2414388,26,26,27,26,26,26,27,26,27,27,27,27,27,27,27,27
127,1270,471.1793,-0.2419204,-0.7395902,-0.2437425,-0.6033338,-0.3707087,-0.3831513,-0.5023605,-0.123863,0.1230664,0.1188251,1.513543,0.2384313,-0.1194641,0.3582052,-0.1207178,26,26,27,26,26,26,27,26,27,27,27,27,27,27,27,27
128,1280,472.2633,-0.483783,-0.2465301,-0.8530965,0.3620105,-0.6178133,-0.1277172,-0.2512063,-0.123863,0.2461336,0.2376511,0.252257,0.2384313,-0.1194641,0.7164103,0.8450311,26,26,27,26,26,26,27,26,27,27,27,27,27,27,27,27
129,1290,471.6611,0.2417984,-1.355916,-0.121872,-0.6033338,0.1235002,-0.3831513,-5.136996E-05,0.4954517,0.2461336,0.2376511,0.630643,0.2384313,0.3583906,0.4776066,-0.1207178,26,26,27,26,26,26,27,26,27,27,27,27,27,27,27,27
130,1300,471.902,-0.9675019,-0.4930601,-0.6093549,-0.1206616,-0.7413655,-0.3831513,-5.136996E-05,-0.123863,-0.123068,0.3564771,0,0.1192152,0,0.5970089,0.2414388,26,26,27,26,26,26,27,26,27,27,27,27,27,27,27,27
131,1310,471.1793,-0.483783,-0.9861203,-8.026557E-07,-0.4826657,-5.217262E-05,0.2554343,-5.136996E-05,0,0.3692007,0.2376511,0.630643,0.2384313,-0.1194641,0.3582052,0,26,26,27,26,26,26,27,26,27,27,27,27,27,27,27,27
132,1320,472.6247,-0.6047144,-0.1232654,-0.7311748,-0.3619977,-0.8649177,-0.6385856,-5.136996E-05,-0.6193147,0,0.3564771,0.1261285,0.1192152,0.2389265,0.7164103,0.3621566,26,26,27,26,26,26,27,26,27,27,27,27,27,27,27,27
133,1330,471.5406,-0.2419204,-0.6163256,-0.2436919,-0.4826657,-0.1236042,-0.3831513,-0.6279384,0.3715886,0.7384023,0.4753022,0.630643,0.2384313,0,0.3582052,0.3621566,26,26,27,26,26,26,27,26,27,27,27,27,27,27,27,27
134,1340,472.0224,-0.2419204,0,-0.8530456,6.421245E-06,-0.4942609,-0.7663028,0.2511028,0,0,0.3564771,0.3783855,-0.119216,-0.2389281,0.2388037,-0.1207178,26,26,27,26,26,26,27,26,27,27,27,27,27,27,27,27
135,1350,471.6611,-5.779121E-05,-0.3697955,0.1219202,-0.4826657,-5.217262E-05,-0.89402,-5.136996E-05,-0.123863,0.1230664,0,0.252257,0,0.2389265,0.2388037,0.3621566,26,26,27,26,26,26,27,26,27,27,27,27,27,27,27,27
136,1360,472.0224,-0.1209891,0.1232654,-0.609304,0.2413425,-1.112022,-0.2554341,-0.6279376,-0.123863,-0.123068,-0.3564771,0.3783855,-0.119216,0,0.4776066,0.3621566,26,26,27,26,26,26,27,26,27,27,27,27,27,27,27,27
137,1370,471.902,-5.779121E-05,-0.8628557,0.1219202,-1.085993,0.1235002,-0.5108685,-1.004669,-0.247726,-0.123068,-0.1188259,0.3783855,0.3576473,0.5973187,0.3582052,0.4828761,26,26,27,26,26,26,27,26,27,27,27,27,27,27,27,27
138,1380,472.1429,-0.7256393,-0.2465301,-0.7311748,0.2413425,-0.1236042,-0.2554341,-1.004669,-0.3715886,-0.2461344,-0.2376511,0,0.3576473,-0.4778546,0.3582052,0.3621566,26,26,27,26,26,26,27,26,27,27,27,27,27,27,27,27
139,1390,472.5042,-0.2419204,-0.8628557,-0.1218215,-0.6033338,-0.8649177,-0.6385856,-0.3767826,-0.123863,0,-0.4753022,0.3783855,-0.119216,0.1194641,0.1194023,0,26,26,27,26,26,26,27,26,27,27,27,27,27,27,27,27
140,1400,472.2633,-0.6047144,0.6163256,-0.4874335,0.7240147,-0.4942609,0.1277172,-0.8790918,-0.4954517,-0.3692015,-0.4753022,-0.252257,0.5960794,-0.2389281,0.4776066,0.4828761,26,26,27,26,26,26,27,26,27,27,27,27,27,27,27,27
141,1410,472.0224,0.2417984,-0.4930601,0.4875331,-1.085993,0.8648137,-0.3831513,-0.5023597,-0.247726,0.2461336,-0.2376511,0,0.2384313,0.8362468,0.3582052,0.3621566,26,26,27,26,26,26,27,26,27,27,27,27,27,27,27,27
142,1420,471.6611,-0.6047144,0,4.976465E-05,0.2413425,-0.6178133,-0.6385856,-1.004669,-1.114766,-0.9845371,-0.3564771,-0.3783855,0.9537267,0.1194641,0.4776066,0.1207194,26,26,27,26,26,26,27,26,27,27,27,27,27,27,27,27
143,1430,472.1429,0.4836611,0.2465301,0.4875331,0.1206745,-5.217262E-05,-0.2554341,-0.1256277,-0.6193147,-0.4922687,-0.1188259,-0.504514,0,0.5973187,0.7164103,0.6035939,26,26,27,26,26,26,27,26,27,27,27,27,27,27,27,27
144,1440,472.1429,-0.2419204,0.1232654,-0.609304,0.1206745,-0.3707087,-0.6385856,-0.1256277,-0.3715886,-0.7384031,-0.7129533,0,0.1192152,-0.2389281,0.2388037,0.4828761,26,26,27,26,26,26,27,26,27,27,27,27,27,27,27,27
145,1450,472.2633,0.3627297,-0.9861203,0.4875331,-0.4826657,0.3706046,-0.5108685,-0.8790918,0,-0.123068,0,1.009029,-0.119216,0.2389265,0.5970089,0.2414388,26,27,27,26,26,26,27,26,27,27,27,27,27,27,27,27
146,1460,472.5042,0.2418434,0.3697955,-0.8530456,0.2413425,-0.9884701,-0.7663028,-0.8790918,-0.4954517,-0.8614699,0,0.7567711,-0.119216,0.1194641,0.3582052,0.3621566,26,27,27,26,26,26,27,26,27,27,27,27,27,27,27,27
147,1470,472.1429,-0.2418755,-0.2465301,-0.1218215,-0.7240018,0.1235002,-1.149454,-0.6279376,-0.247726,-0.6153359,-0.2376511,0,0.2384313,-0.2389281,0.3582052,0.3621566,26,27,27,27,26,26,27,26,27,27,27,27,27,27,27,27
148,1480,472.5042,-0.4837381,0.7395902,-0.4874636,0.6033466,-0.4942609,-0.6385856,-0.1256277,-0.8670403,-0.8614699,-0.2376511,-0.252257,0,-0.7167827,0.3582052,-0.1207178,26,27,27,27,26,26,27,26,27,27,27,27,27,27,27,27
149,1490,472.0224,0.2418434,-0.9861203,1.926374E-05,-0.1206616,0.494157,-0.89402,-0.3767826,-0.247726,-0.2461344,-0.4753022,0.1261285,-0.2384321,0.2389265,0.1194023,0.4828761,26,27,27,27,26,26,27,26,27,27,27,27,27,27,27,27
150,1500,472.3838,-0.2418755,-0.1232654,-0.9749465,0.4826786,-0.6177621,-0.2554341,-0.6279376,-0.3715886,-0.8614699,-0.3564771,-0.252257,-0.4768642,-0.1194641,0.3582052,0,26,27,27,27,26,26,27,26,27,27,27,27,27,27,27,27
151,1510,471.5406,0.6046309,-0.6163256,0.1218905,-0.7240018,0.7413123,-1.021737,0.2511036,-0.123863,0.1230664,-0.3564771,-0.252257,-0.8345115,0,0.1194023,0.2414388,26,27,27,27,26,26,27,26,27,27,27,27,27,27,27,27
152,1520,472.2633,-1.926374E-05,0.6163256,-0.3655928,0.7240147,-0.7413144,-0.1277172,-1.004669,-0.4954517,-1.107604,-0.9506044,-0.504514,-0.3576481,-0.7167827,0.1194023,0,26,27,27,27,26,26,27,26,27,27,27,27,27,27,27,27
153,1530,472.5042,0.7255622,-0.2465301,0.6093738,-0.4826657,0.6177599,-0.7663028,-0.1256277,-0.4954517,0,-0.9506044,-0.3783855,-0.7152954,0.8362468,0.2388037,0.6035939,26,27,27,27,26,26,27,26,27,27,27,27,27,27,27,27
154,1540,471.902,0.483706,0.2465301,0.2437609,1.086019,-0.6177621,0.3831515,-0.2512055,-0.123863,-0.9845371,-0.2376511,-0.504514,0,-0.5973187,-0.1194015,-0.8450295,26,27,27,27,26,26,27,26,27,27,27,27,27,27,27,27
155,1550,472.6247,-0.3628068,0.2465301,0.3656321,0.4826786,0.7413123,-0.89402,0.1255265,-0.7431773,0.1230664,-1.06943,-0.630643,-0.2384321,-0.1194641,0.1194023,-0.2414372,26,27,27,27,26,26,27,26,27,27,27,27,27,27,27,27
156,1560,472.0224,-0.1209506,0,0.1218905,1.086019,-0.7413144,0.8940201,0.1255265,0.247726,-1.599873,-0.3564771,-0.1261285,-0.5960802,-0.5973187,0,-0.7243116,26,27,27,27,26,26,27,26,27,27,27,27,27,27,27,27
157,1570,472.2633,-0.2418755,-0.1232654,0.1218905,0.4826786,0.8648647,-0.2554341,0.6278357,-0.123863,0.1230664,-0.4753022,0.1261285,-0.4768642,0,-0.1194015,0.3621566,26,27,27,27,26,26,27,26,27,27,27,27,27,27,27,27
158,1580,471.7815,0.2418434,-0.8628557,0.7312442,0.1206745,0.3706556,0.7663028,-0.5023597,0.3715886,-0.6153359,0.1188251,-0.3783855,-0.4768642,-0.3583922,-0.3582052,-0.7243116,26,27,27,27,26,26,27,26,27,27,27,27,27,27,27,27
159,1590,472.1429,-1.926374E-05,0.3697955,-0.1218512,0.4826786,-8.026557E-07,0.2554343,-0.2512055,-0.3715886,0.4922679,-0.5941281,0.504514,-1.072944,-0.3583922,-0.1194015,-0.2414372,26,27,27,27,26,26,27,26,27,27,27,27,27,27,27,27
160,1600,472.1429,0.2418434,0.2465301,0.2437609,0.1206745,-8.026557E-07,0.1277172,-0.5023597,0,-0.7384031,0.4753022,-0.7567714,-0.119216,-0.8362468,0,-0.6035923,26,27,27,27,26,26,27,26,27,27,27,27,27,27,27,27
161,1610,472.7451,0.3627747,0.2465301,1.926374E-05,0.2413425,0.2471036,-0.1277172,0.3766815,-0.123863,0.1230664,0,-0.1261285,-0.9537275,-0.3583922,-0.1194015,-0.6035923,26,27,27,27,26,26,27,26,27,27,27,27,27,27,27,27
162,1620,472.986,0.3627747,0,0.6093738,0.4826786,-0.3706578,0.7663028,-0.3767826,0.7431773,-0.3692015,-0.2376511,-0.3783855,0.1192152,-0.7167827,0,-0.2414372,26,27,27,27,26,26,27,26,27,27,27,27,27,27,27,27
163,1630,472.6247,0.3627747,0.3697955,-0.1218512,0.4826786,0.8648647,0.1277172,0.1255265,-0.123863,0.9845359,0,0.1261285,-0.5960802,0.2389265,-0.3582052,0,26,27,27,27,26,26,27,26,27,27,27,27,27,27,27,27
164,1640,472.5042,0.483706,-0.3697955,0.1218905,1.086019,-0.3706578,0.3831515,-0.2512055,0.3715886,-0.123068,0.3564771,-0.504514,-0.2384321,-0.7167827,-1.194017,-0.6035923,26,27,27,27,26,26,27,26,27,27,27,27,27,27,27,27
165,1650,472.1429,-0.3628068,0,1.926374E-05,6.421245E-06,0.9884167,-0.2554341,0.8789907,-0.4954517,0.4922679,-0.4753022,0,-1.072944,0.5973187,-0.1194015,0.4828761,26,27,27,27,26,26,27,26,27,27,27,27,27,27,27,27
166,1660,472.1429,0.3627747,0.1232654,0.2437609,0.7240147,0.1235508,0.6385858,-0.1256277,0.247726,-0.7384031,0.4753022,-0.1261285,0.1192152,-1.075175,-0.3582052,-0.8450295,26,27,27,27,26,26,27,26,27,27,27,27,27,27,27,27
167,1670,472.8655,-1.926374E-05,0.1232654,-0.3655928,0.4826786,0.7413119,0.1277172,0.2511036,-0.123863,0.3692007,-0.1188259,0.504514,-0.5960802,-0.5973187,-0.1194015,-0.362155,26,27,27,27,26,26,27,26,27,27,27,27,27,27,27,27
168,1680,472.1429,0.7255622,0,0.4875025,0.3620105,-0.2471058,0.1277172,-0.5023589,0.6193147,-0.123068,-0.3564771,-0.252257,0,-1.075175,-0.8358118,-0.6035923,26,27,27,27,26,26,27,26,27,27,27,27,27,27,27,27
169,1690,471.902,0.6046309,-0.2465301,-0.1218512,0.6033466,0.3706551,0.1277172,-0.1256268,-0.247726,0.9845359,-0.4753022,-0.252257,-0.4768642,0.3583906,-0.4776066,0,26,27,27,27,26,26,27,26,27,27,27,27,27,27,27,27
170,1700,472.6247,0.3627747,-0.1232654,0.2437609,0.6033466,0.4942075,-0.3831513,-0.6279368,0.3715886,-0.8614699,0.3564771,-0.504514,0.5960794,-0.5973187,0.1194023,-1.086467,26,27,27,27,26,26,27,26,27,27,27,27,27,27,27,27
171,1710,472.2633,-1.926374E-05,0.1232654,-0.3655928,0.6033466,0.3706551,-0.1277172,0.1255273,-0.123863,0.2461336,-0.2376511,0.252257,-0.3576481,0,-0.7164099,-0.362155,26,27,27,27,26,26,27,26,27,27,27,27,27,27,27,27
172,1720,472.5042,-0.2418755,0.3697955,0.4875025,0.4826786,0.2471032,-0.1277172,-0.1256268,0.123863,-0.7384031,-0.1188259,-0.3783855,-0.3576481,-0.7167827,-0.3582052,-0.8450295,26,27,27,27,26,26,27,26,27,27,27,27,27,27,27,27
173,1730,472.3838,0.2418434,0.1232654,0.1218905,0.3620105,1.111969,-0.2554341,0.2511044,-0.4954517,0.4922679,-1.06943,0.1261285,-0.7152954,-0.1194641,0.2388037,0.2414388,26,27,27,27,26,26,27,26,27,27,27,27,27,27,27,27
174,1740,472.5042,0.3627747,0,0.6093738,0.3620105,0.6177595,0.1277172,-0.3767818,0.123863,-0.4922687,0.1188251,-0.3783855,0.1192152,-1.194637,-0.1194015,-0.6035923,26,27,27,27,26,26,27,26,27,27,27,27,27,27,27,27
175,1750,472.2633,-1.926374E-05,0.1232654,-0.3655928,0.2413425,0.2471032,0,0.3766823,0.3715886,0.4922679,-0.3564771,0.252257,-0.8345115,0.1194641,-0.4776066,-0.7243116,26,27,27,27,26,26,27,26,27,27,27,27,27,27,27,27
176,1760,472.3838,0.1209121,0,0.4875025,0.8446828,-0.2471058,-0.1277172,-0.3767818,0.123863,-0.8614699,-0.1188259,-0.630643,-0.2384321,-0.9557109,-0.3582052,-1.086467,26,27,27,27,26,26,27,26,27,27,27,27,27,27,27,27
177,1770,472.5042,-1.926374E-05,0.3697955,1.926374E-05,0.4826786,-1.605311E-06,-0.6385856,-0.3767818,-0.123863,0.6153351,-0.7129533,0.3783855,-1.072944,0.1194641,-0.3582052,-0.4828745,26,27,27,27,26,26,27,26,27,27,27,27,27,27,27,27
178,1780,472.8655,0.2418434,-0.4930601,1.926374E-05,0.8446828,-0.2471058,0,0.1255273,0.247726,-0.7384031,0.3564771,-0.7567714,0.3576473,-0.7167827,-0.2388037,-0.9657489,26,27,27,27,26,26,27,26,27,27,27,27,27,27,27,27
179,1790,472.6247,-0.3628068,0,-0.2437224,0.4826786,0.7413119,0.3831515,0.3766823,-0.123863,0,-0.3564771,0.3783855,-0.8345115,0.1194641,-0.3582052,0,26,27,27,27,26,26,27,26,27,27,27,27,27,27,27,27
180,1800,472.2633,0.7255622,0.2465301,0.3656321,0.8446828,0.3706551,0.1277172,-0.1256268,0.247726,-0.3692015,0.4753022,-0.504514,0.4768634,-1.314101,0.1194023,-0.4828745,26,27,27,27,26,26,27,26,27,27,27,27,27,27,27,27
181,1810,471.902,0.2418434,-0.2465301,-0.1218512,0.6033466,0.3706551,0.7663028,-4.976465E-05,-0.123863,0.8614694,-0.7129533,0.504514,-0.3576481,0.5973187,-0.4776066,0.4828761,26,27,27,27,26,26,27,26,27,27,27,27,27,27,27,27
182,1820,472.0224,-0.3628068,0.3697955,0.3656321,0.3620105,-1.605311E-06,0.3831515,-0.1256268,0.4954517,-0.3692015,0.1188251,-0.3783855,0.2384313,-0.9557109,-0.1194015,-0.362155,26,27,27,27,26,26,27,26,27,27,27,27,27,27,27,27
183,1830,471.902,-0.1209506,0.3697955,-0.1218512,0.3620105,-1.605311E-06,-0.2554341,0.1255273,0.123863,0.6153351,-0.2376511,0.3783855,-0.8345115,0.4778546,-0.4776066,0.1207194,26,27,27,27,26,26,27,26,27,27,27,27,27,27,27,27
184,1840,471.902,0.483706,-0.3697955,0.4875025,0.1206745,0.4942075,0,0.2511036,0.247726,-0.2461344,0.7129533,-0.8829,0.2384313,-0.7167827,0,-0.9657489,26,27,27,27,26,26,27,26,27,27,27,27,27,27,27,27
185,1850,471.6611,-0.2418755,0.3697955,-0.1218512,0.6033466,0.1235508,0.2554343,0.2511036,-0.247726,0.3692007,-0.4753022,0.504514,-0.119216,0.4778546,0.1194023,-0.362155,26,27,27,27,26,26,27,26,27,27,27,27,27,27,27,27
186,1860,471.902,0.2418434,0.3697955,0.2437609,0.1206745,0.8648643,0,0.2511036,0.123863,-0.2461344,0.2376511,-0.1261285,0.2384313,-0.4778546,-0.1194015,-0.6035923,26,27,27,27,26,26,27,26,27,27,27,27,27,27,27,27
187,1870,471.902,-0.2418755,-0.2465301,-0.8530757,0.4826786,0.4942075,0.3831515,0.5022586,0.4954517,0.2461336,-0.7129533,0,-0.119216,0.7167827,0,0.4828761,26,27,27,27,26,26,27,26,27,27,27,27,27,27,27,27
188,1880,471.4202,-1.926374E-05,0,-0.7312049,0.1206745,0.6177595,0.1277172,0.2511036,-0.123863,0.4922679,0.2376511,0.3783855,0.5960794,-0.1194641,0.7164103,-0.4828745,26,27,27,27,26,26,27,26,27,27,27,27,27,27,27,27
189,1890,472.2633,-0.6046694,-0.1232654,-0.1218512,0.4826786,-0.7413147,0.6385858,-0.1256277,0.4954517,0.3692007,0.5941281,0.252257,-0.2384321,0.7167827,-0.3582052,0.8450311,26,27,27,27,26,26,27,26,27,27,27,27,27,27,27,27
190,1900,472.1429,-0.7256007,-0.4930601,-0.2437224,0.1206745,0.3706551,-0.3831513,-5.056731E-05,-0.123863,0.7384023,0,0,0.1192152,-0.7167827,0.3582052,-0.362155,26,27,27,27,26,26,27,26,27,27,27,27,27,27,27,27
191,1910,471.902,0.1209121,0,-0.4874636,0.1206745,-1.605311E-06,0.3831515,-0.1256277,0.3715886,0,-0.1188259,0.630643,-0.5960802,0.2389265,-0.1194015,0.8450311,26,27,27,27,26,26,27,26,27,27,27,27,27,27,27,27
192,1920,471.6611,-0.2418755,-0.2465301,-0.2437224,0.1206745,0.2471032,0.2554343,0.5022586,0.123863,0.4922679,0.3564771,0.1261285,0.1192152,-0.4778546,0.1194023,-0.6035923,26,27,27,27,26,26,27,26,27,27,27,27,27,27,27,27
193,1930,471.5406,-0.7256007,-0.3697955,-0.8530757,0.2413425,-0.4942102,0,0.1255265,0.6193147,0.2461336,0.5941281,0.504514,0.1192152,0.3583906,-0.2388037,0.4828761,26,26,27,27,26,26,27,26,27,27,27,27,27,27,27,27
194,1940,471.5406,-0.1209891,-0.6163256,-0.3655928,-0.2413297,-0.1235536,-0.6385856,0.5022586,0.123863,0.2461336,-0.1188259,0.504514,-0.2384321,0.1194641,-0.1194015,0.2414388,26,26,27,27,26,26,27,26,27,27,27,27,27,27,27,27
195,1950,471.902,-0.8465706,0.2465301,-0.4874636,-0.3619977,-0.1235536,0,-5.056731E-05,0.247726,-0.4922687,0.1188251,-0.252257,0.5960794,0.4778546,-0.1194015,0.3621566,26,26,27,26,26,26,27,26,27,27,27,27,27,27,27,27
196,1960,471.7815,0.3627297,-1.602446,-0.4874841,-0.4826657,0.2471032,-0.5108685,-0.5023597,-0.123863,0.2461336,0,0.630643,-0.119216,0,-0.3582052,-0.2414372,26,26,27,26,26,26,27,26,27,27,27,27,27,27,27,27
197,1970,472.2633,-0.483783,-0.4930601,-0.3656133,0.1206745,-0.4942102,0,-0.2512055,0.3715886,-0.2461344,0.1188251,0.504514,-0.119216,0.3583906,0.2388037,0.2414388,26,26,27,26,26,26,27,26,27,27,27,27,27,27,27,27
198,1980,471.6611,0.1208735,-1.109386,-0.2437425,-0.6033338,-0.2471565,-0.5108685,-0.6279376,0.123863,-0.123068,0.1188251,0.7567711,-0.5960802,0,0.1194023,0.1207194,26,26,27,26,26,26,27,26,27,27,27,27,27,27,27,27
199,1990,471.902,-0.9675019,-0.1232654,-0.4874841,-0.1206616,-0.9884701,-0.2554341,-0.3767826,-0.123863,-0.3692015,0.5941281,0.252257,0.8345115,0.1194641,0,0,26,26,27,26,26,26,27,26,27,27,27,27,27,27,27,27
200,2000,472.1429,0.7255237,0,0.1218696,-0.8446699,0.2470526,-0.89402,-0.7535147,-0.247726,0,-0.1188259,0,-0.2384321,0.4778546,-0.1194015,-0.1207178,26,26,27,26,26,26,27,26,27,27,27,27,27,27,27,27
201,2010,472.6247,-0.3628517,0.9861203,-0.4874841,0.8446828,-0.4942609,-0.1277172,-0.7535147,-0.7431773,-0.3692015,-0.7129533,0.252257,0.1192152,-0.2389281,0.3582052,0,26,26,27,26,26,26,27,26,27,27,27,27,27,27,27,27
202,2020,472.2633,0.3627297,-0.4930601,0.8530946,-0.1206616,0.1235002,-0.2554341,0.6278357,-0.123863,0.2461336,-0.3564771,-0.252257,-0.3576481,0.2389265,0.1194023,0.4828761,26,26,27,26,26,26,27,26,27,27,27,27,27,27,27,27
203,2030,472.7451,-0.2419204,0.3697955,-0.3656133,0.7240147,-0.4942609,0,-0.8790918,-0.123863,-0.9845371,-0.9506044,-0.1261285,-0.3576481,-0.5973187,0.5970089,-0.2414372,26,26,27,26,26,26,27,26,27,27,27,27,27,27,27,27
204,2040,472.8655,0.2417984,0,0.3656113,0.2413425,0.617709,-0.1277172,-0.1256277,-0.6193147,0.3692007,-0.8317792,-0.630643,-0.9537275,0,0.2388037,0.2414388,26,26,27,26,26,26,27,26,27,27,27,27,27,27,27,27
205,2050,472.5042,0.1208735,0.2465301,0.3656113,0.4826786,-0.6178133,0.2554343,0.1255265,-0.123863,-0.9845371,0.1188251,-0.1261285,-0.3576481,-0.5973187,0.1194023,0,26,26,27,26,26,26,27,26,27,27,27,27,27,27,27,27
206,2060,472.0224,0.1208735,0.1232654,0.2437408,6.421245E-06,0.3706046,-0.7663028,0.5022586,-0.247726,-0.3692015,-0.3564771,-0.1261285,-0.3576481,0,0,0.4828761,26,26,27,26,26,26,27,26,27,27,27,27,27,27,27,27
207,2070,472.2633,-0.2419204,0.2465301,0.1218696,0.6033466,-0.4942609,0.3831515,-0.2512055,-0.247726,-0.7384031,-0.3564771,-0.252257,-0.2384321,-0.8362468,-0.3582052,-0.1207178,26,26,27,26,26,26,27,26,27,27,27,27,27,27,27,27
208,2080,472.2633,-5.779121E-05,0.4930601,0.3656113,6.421245E-06,-5.217262E-05,0.3831515,0.1255265,0,0.6153351,-0.1188259,0.1261285,-1.072944,0.3583906,-0.9552136,-0.2414372,26,26,27,26,26,26,27,26,27,27,27,27,27,27,27,27
209,2090,472.3837,0.1208735,0.1232654,0.1218696,0.8446828,0.494157,0.3831515,-0.3767826,0.3715886,-0.7384031,0.3564771,-0.504514,-0.2384321,-1.194637,-0.4776066,-0.362155,26,26,27,26,26,26,27,26,27,27,27,27,27,27,27,27
210,2100,472.0224,0.1208735,0.1232654,0.1218696,0.7240147,0.617709,0.1277172,0.7534136,-0.123863,0.9845359,-0.3564771,-0.252257,-0.4768642,-0.3583922,-0.4776066,0.3621566,26,26,27,26,26,26,27,26,27,27,27,27,27,27,27,27
211,2110,471.4201,0.1208735,-0.2465301,0.7312241,0.6033466,0.9883657,0,-5.056731E-05,0.123863,-0.123068,0.1188251,0,0.4768634,-1.075175,-0.2388037,-1.086467,26,26,27,26,26,26,27,26,27,27,27,27,27,27,27,27
212,2120,471.9019,-5.779121E-05,0.2465301,0.2437914,0.2413425,-0.3707087,0.2554343,0.2511036,-0.247726,0.4922679,0.1188251,0.504514,-0.4768642,0.5973187,0,0,26,26,27,26,26,26,27,26,27,27,27,27,27,27,27,27
213,2130,471.9019,0.2417984,-0.1232654,-0.1218215,0.7240147,0.3706046,0,1.130145,0.3715886,0,0.7129533,0.1261285,0,-0.4778546,0,-0.9657489,26,26,27,26,26,26,27,26,27,27,27,27,27,27,27,27
214,2140,471.5406,-0.9675019,-0.3697955,0.3656618,0.8446828,-0.3707087,0.2554343,0.3766815,0.123863,0.1230664,0,0.3783855,0,0,-0.4776066,0.1207194,26,26,27,26,26,26,27,26,27,27,27,27,27,27,27,27
215,2150,471.1793,-0.2419204,-0.1232654,0.4875331,0.2413425,0.617709,0.1277172,0.5022586,0.8670407,-0.2461344,0.1188251,-0.252257,0.3576473,-0.7167827,-0.1194015,-0.8450295,26,26,27,26,26,26,27,26,27,27,27,27,27,27,27,27
216,2160,470.8179,-0.7256393,-0.3697955,-0.4874335,0.1206745,-0.1236042,0.7663028,-0.1256285,0.4954517,-0.6153359,0.3564771,-0.252257,-0.119216,0.2389265,-0.597008,0.4828761,26,26,27,26,26,26,27,26,27,27,27,27,27,27,27,27
217,2170,470.8179,-0.1209891,-0.4930601,-0.3655627,-0.6033338,0.2470526,-0.2554341,-5.136996E-05,-0.247726,0.6153351,-0.4753022,0.7567711,-0.2384321,0.1194641,0.4776066,0.2414388,26,26,27,26,26,26,27,26,27,27,27,27,27,27,27,27
218,2180,472.1428,-0.3628517,-0.3697955,-0.4874335,0.1206745,-0.6178133,0.2554343,-5.136996E-05,-0.123863,-0.123068,0.4753022,0.1261285,0,0,0.2388037,0.4828761,26,26,27,26,26,26,27,26,27,27,27,27,27,27,27,27
219,2190,471.1793,0.1208735,-0.4930601,-0.2436919,6.421245E-06,0.2470526,-0.6385856,-0.1256285,-0.247726,-0.9845371,0.2376511,0.252257,0.3576473,0.8362468,0.4776066,0.3621566,26,26,27,26,26,26,27,26,27,27,27,27,27,27,27,27
220,2200,472.6246,-0.6047144,0.2465301,-0.8530456,0.7240147,-0.7413655,-0.3831513,-0.2512063,-0.8670403,-0.4922687,-0.2376511,1.009029,0.3576473,-0.1194641,0.4776066,0.2414388,26,26,27,26,26,26,27,26,27,27,27,27,27,27,27,27
221,2210,472.2633,0.1208735,-0.2465301,0.3656618,-0.2413297,-5.217262E-05,-0.7663028,-0.3767834,-0.123863,0.2461336,-0.2376511,0.1261285,-0.3576481,0.3583906,0.7164103,0.8450311,26,26,27,26,26,26,27,26,27,27,27,27,27,27,27,27
222,2220,471.9019,-0.483783,-0.2465301,-0.4874335,0.1206745,-0.3707087,0,-0.5023605,-0.123863,-0.123068,-0.3564771,0.252257,0.2384313,0.1194641,0.3582052,0.2414388,26,26,27,26,26,26,27,26,27,27,27,27,27,27,27,27
223,2230,472.0224,0.2417984,-0.3697955,0.4875331,0.3620105,-0.1236042,-0.6385856,-5.136996E-05,-0.6193147,-0.6153359,-0.2376511,-0.630643,-0.4768642,-0.2389281,0.5970089,-0.2414372,26,26,27,26,26,26,27,26,27,27,27,27,27,27,27,27
224,2240,471.9019,0.3627297,0.6163256,-0.2436919,0.8446828,-0.8649177,-0.1277172,-0.7535155,0,-0.4922687,-0.4753022,-0.630643,-0.3576481,-0.5973187,0.8358118,-0.1207178,26,26,27,26,26,26,27,26,27,27,27,27,27,27,27,27
225,2250,472.1429,0.2417984,0,0.2437914,-0.1206616,0.7412614,-0.6385856,0.2511028,-0.3715886,0.1230664,-0.4753022,-0.3783855,-0.2384321,-0.3583922,0.2388037,0.2414388,26,27,27,26,26,26,27,26,27,27,27,27,27,27,27,27
226,2260,472.0224,0.6046309,-0.1232654,-0.3655627,0.6033466,0.2470526,0.5108687,-0.7535155,-0.123863,-0.9845371,-0.2376511,-0.504514,-0.4768642,-0.7167827,-0.2388037,-0.6035923,26,27,27,26,26,26,27,26,27,27,27,27,27,27,27,27
227,2270,472.1429,0.3627683,0.6163256,0.3656618,0.8446828,0.617709,-0.1277172,0.1255257,0,0.4922679,-0.4753022,0,-0.8345115,0.4778546,-1.074615,-0.2414372,26,27,27,27,26,26,27,26,27,27,27,27,27,27,27,27
228,2280,471.6611,0.6046309,0.1232654,0.4875025,6.421245E-06,0.2470526,0.2554343,-0.3767834,-0.123863,-0.7384031,0.2376511,-0.630643,0.1192152,-0.3583922,0,-0.7243116,26,27,27,27,26,26,27,26,27,27,27,27,27,27,27,27
229,2290,471.902,0.241837,0.1232654,0.2437609,0.8446828,0.7412614,0,0.1255257,0.247726,0.3692007,-0.1188259,0.504514,-0.7152954,0.1194641,-0.1194015,-0.4828745,26,27,27,27,26,26,27,26,27,27,27,27,27,27,27,27
230,2300,471.902,0.4836996,-0.3697955,0.4875025,0.1206745,-0.1235536,0.2554343,0.2511028,-0.123863,-0.2461344,0.1188251,-0.8829,0.4768634,-0.8362468,-0.2388037,-1.207186,26,27,27,27,26,26,27,26,27,27,27,27,27,27,27,27
231,2310,471.1793,-0.2418819,0,-0.2437224,0.8446828,0.3706551,0.6385858,0.7534127,0.123863,0.7384023,0.2376511,0.1261285,-0.7152954,0.2389265,-0.597008,0.2414388,26,27,27,27,26,26,27,26,27,27,27,27,27,27,27,27
232,2320,471.0589,-2.568498E-05,0.2465301,1.926374E-05,0.1206745,0.9884163,0.3831515,0.3766823,-0.247726,-0.3692015,0.4753022,0.252257,-0.5960802,-1.075175,-0.1194015,-0.8450295,26,27,27,27,26,26,27,26,27,27,27,27,27,27,27,27
233,2330,470.9384,0.3627683,0.1232654,0.4875025,0.2413425,0.1235508,0.3831515,0.2511044,0.247726,0.4922679,0,0.1261285,-0.5960802,0.5973187,-0.1194015,0.6035939,26,27,27,27,26,26,27,26,27,27,27,27,27,27,27,27
234,2340,471.2997,-0.8465385,-0.2465301,-0.3655928,0.2413425,0.6177595,0,0.3766823,0.247726,0.2461336,0,-0.504514,0.2384313,-0.5973187,0.8358118,-0.9657489,26,27,27,27,26,26,27,26,27,27,27,27,27,27,27,27
235,2350,470.6975,-0.6046758,0.2465301,-0.2437224,0.8446828,-1.605311E-06,0.7663028,-4.976465E-05,0.123863,0,0.3564771,0.3783855,-0.3576481,-0.1194641,0,0.6035939,26,27,27,27,26,26,27,26,27,27,27,27,27,27,27,27
236,2360,470.9384,-0.1209506,-0.8628557,-0.2437224,6.421245E-06,0.2471032,0.1277172,0.2511044,0.247726,0.3692007,0.3564771,0.3783855,0.2384313,-0.1194641,0.8358118,-0.7243116,26,27,27,27,26,26,27,26,27,27,27,27,27,27,27,27
237,2370,471.5406,-0.3628132,-0.4930601,0.1218905,0.1206745,-0.1235536,0.3831515,-0.1256268,0.247726,0.3692007,-0.1188259,-0.1261285,-0.4768642,1.075173,0.1194023,0.4828761,26,27,27,27,26,26,27,26,27,27,27,27,27,27,27,27
238,2380,471.5406,0.1209056,-0.8628557,-0.8530757,-0.3619977,0.3706551,-0.1277172,0.8789914,-0.123863,0.4922679,0.2376511,0.252257,-0.7152954,0.1194641,0.4776066,-0.2414372,26,27,27,27,26,26,27,26,27,27,27,27,27,27,27,27
239,2390,471.0589,-1.330257,-0.4930601,-0.3655928,0.6033466,-1.605311E-06,0.6385858,-0.5023589,0.7431773,0.1230664,0,-0.1261285,0,0.1194641,0.2388037,0.4828761,26,27,27,27,26,26,27,26,27,27,27,27,27,27,27,27
240,2400,470.4567,-2.568498E-05,-0.2465301,-0.1218512,-0.1206616,0.4942075,-0.1277172,0.6278365,0.3715886,0.1230664,0.7129533,-0.1261285,0.2384313,-0.8362468,-0.2388037,0.1207194,26,27,27,27,26,26,27,26,27,27,27,27,27,27,27,27
241,2410,471.1793,-0.6046758,-0.3697955,-0.4874636,0.2413425,0.1235508,0.6385858,-4.976465E-05,0.6193147,-0.123068,0,0.3783855,0,0.7167827,0.4776066,0.6035939,26,26,27,27,26,26,27,26,27,27,27,27,27,27,27,27
242,2420,471.4202,-1.926374E-05,-0.7395902,-1.218688,0.2413425,-0.1235536,-0.1277172,-0.1256268,0.6193147,-0.123068,0.2376511,0.3783855,-0.119216,-0.1194641,0.2388037,-0.2414372,26,26,27,27,26,26,27,26,27,27,27,27,27,27,27,27
243,2430,471.2998,-0.4837381,0,-0.3655928,0.2413425,0.1235508,0,-0.1256268,0.247726,0,0.1188251,-0.1261285,0.1192152,0.1194641,0.4776066,0.8450311,26,26,27,27,26,26,27,26,27,27,27,27,27,27,27,27
244,2440,470.6975,-0.2418755,-0.4930601,-0.7312049,-0.2413297,0.7413119,-0.1277172,0.3766823,-0.123863,0.2461336,0,0,0.1192152,-0.3583922,0.3582052,-0.1207178,26,26,27,27,26,26,27,26,27,27,27,27,27,27,27,27
245,2450,470.818,-0.3628068,-0.2465301,-0.2437224,0.1206745,0.1235508,0.3831515,-0.1256268,0.247726,0.4922679,0,0,-0.119216,0.3583906,-0.4776066,0.7243133,26,26,27,27,26,26,27,26,27,27,27,27,27,27,27,27
246,2460,470.4567,0.2418434,-0.7395902,-0.4874636,-0.2413297,-8.026557E-07,0.2554343,-4.976465E-05,-0.123863,0.2461336,0.1188251,0.252257,0.3576473,-0.2389281,0.5970089,0.3621566,26,26,27,27,26,26,27,26,27,27,27,27,27,27,27,27
247,2470,470.818,-0.2418755,0,-0.3655928,6.421245E-06,-0.3706578,-0.1277172,-0.3767818,0.247726,-0.3692015,0.8317792,0.7567711,0.4768634,0.4778546,0,0.2414388,26,26,27,27,26,26,27,26,27,27,27,27,27,27,27,27
248,2480,470.4567,0.1209121,-0.7395902,0.2437609,6.421245E-06,-0.2471056,-0.1277172,0.3766815,-0.123863,0.1230664,0.1188251,-0.1261285,0.7152954,0.1194641,0.955214,0.1207194,26,26,27,27,26,26,27,26,27,27,27,27,27,27,27,27
249,2490,471.0589,-1.20932,-0.2465301,-0.8530757,0.1206745,-0.6177621,-0.2554341,-0.3767826,0.3715886,-0.2461344,0.3564771,0.252257,0.7152954,0.3583906,0.1194023,-0.1207178,26,26,27,27,26,26,27,26,27,27,27,27,27,27,27,27
250,2500,470.6975,0.2418434,-0.2465301,-0.3655928,-0.3619977,-8.026557E-07,-0.5108685,-1.004669,0,0,0.2376511,0.7567711,0.1192152,0.4778546,-0.2388037,0.4828761,26,26,27,27,26,26,27,26,27,27,27,27,27,27,27,27
251,2510,471.4202,-1.926374E-05,0.6163256,-0.6093345,0.2413425,-0.7413144,-0.6385856,-5.056731E-05,0.123863,-0.6153359,-0.1188259,0.1261285,0.1192152,-0.4778546,0.2388037,0,26,26,27,27,26,26,27,26,27,27,27,27,27,27,27,27
252,2520,471.1793,0.483706,-0.3697955,0.1218905,-0.3619977,-8.026557E-07,-0.5108685,-0.5023597,-0.123863,-0.2461344,0.1188251,0.3783855,-0.119216,0.1194641,0.5970089,0.2414388,26,26,27,27,26,26,27,26,27,27,27,27,27,27,27,27
253,2530,471.6611,-0.3628068,0,-0.4874636,1.086019,-0.1235532,-0.3831513,-1.004669,-0.8670403,-0.3692015,-0.7129533,-0.252257,-0.4768642,0.1194641,0.2388037,0.2414388,26,26,27,27,26,26,27,26,27,27,27,27,27,27,27,27
254,2540,470.818,0.3627747,-0.2465301,1.926374E-05,-0.1206616,0.3706556,-0.5108685,-0.2512055,-0.6193147,0.1230664,-0.1188259,0.630643,0.1192152,0.2389265,0.5970089,0.2414388,26,26,27,27,26,26,27,26,27,27,27,27,27,27,27,27
255,2550,471.6611,-0.3628068,0.1232654,-0.2437224,0.8446828,-1.235523,-0.3831513,-0.3767826,-0.247726,-0.9845371,-0.5941281,-0.252257,0.2384313,0.1194641,0.3582052,0.6035939,26,26,27,27,26,26,27,26,27,27,27,27,27,27,27,27
256,2560,471.5406,0.9674248,-0.4930601,0.1218905,-0.2413297,0.1235512,-0.5108685,-0.1256277,-0.123863,-0.2461344,0.1188251,0.630643,-0.119216,0.4778546,0.2388037,0,26,26,27,27,26,26,27,26,27,27,27,27,27,27,27,27
257,2570,471.6611,-0.2418755,0.2465301,1.926374E-05,0.2413425,-0.6177621,0,-1.004669,-0.247726,-0.9845371,-0.3564771,-0.252257,-0.3576481,0.2389265,0.8358118,0.3621566,26,26,27,27,26,26,27,26,27,27,27,27,27,27,27,27
258,2580,471.4202,0.6045924,-0.4930601,1.926374E-05,-0.3619977,0.1235512,-0.5108685,-0.8790918,0,0.1230664,-0.3564771,0,-0.119216,0.7167827,0.7164103,0.6035939,26,26,27,27,26,26,27,26,27,27,27,27,27,27,27,27
259,2590,471.902,-0.2419204,0,-0.3655928,0.4826786,-0.6177621,0.1277172,-0.7535147,-0.247726,-0.4922687,-0.9506044,-0.504514,-0.119216,0.1194641,0.8358118,0.1207194,26,26,27,26,26,26,27,26,27,27,27,27,27,27,27,27
260,2600,470.9384,0.2417984,-0.6163256,0.1218696,-0.1206616,0.3706556,-1.277171,0.2511036,-0.4954517,-0.2461344,0.1188251,-0.1261285,0,0.4778546,0,0.3621566,26,26,27,26,26,26,27,26,27,27,27,27,27,27,27,27
261,2610,471.4202,-0.2419204,0,-8.026557E-07,0.7240147,-0.6177621,0.7663028,-0.3767826,-0.123863,-1.107604,-0.5941281,0,-0.2384321,-0.3583922,0.3582052,-0.2414372,26,26,27,26,26,26,27,26,27,27,27,27,27,27,27,27
262,2620,471.6611,-0.2419204,0.1232654,0.6093529,0.3620105,0.3706556,-0.1277172,0.2511036,-0.6193147,-0.2461344,-0.3564771,-0.252257,-0.2384321,-0.2389281,0.7164103,0.7243133,26,26,27,26,26,26,27,26,27,27,27,27,27,27,27,27
263,2630,471.6611,-0.2419204,0.2465301,-0.2437425,0.6033466,-0.7413144,0.5108687,-1.004669,-0.123863,-0.8614699,-0.3564771,-0.504514,-0.8345115,-0.3583922,-0.2388037,-0.1207178,26,26,27,26,26,26,27,26,27,27,27,27,27,27,27,27
264,2640,471.4202,-5.779121E-05,-0.3697955,0.4874825,0.1206745,0.8648647,-0.5108685,-0.1256277,-0.6193147,0.1230664,-0.7129533,-0.3783855,0.1192152,0.3583906,-0.1194015,0.3621566,26,26,27,26,26,26,27,26,27,27,27,27,27,27,27,27
265,2650,470.6975,0.7255237,-0.7395902,0.6093529,1.086019,-0.1235532,0.5108687,-0.1256277,0.123863,-0.4922687,-0.2376511,-0.252257,-0.4768642,-0.7167827,-0.1194015,0.1207194,26,26,27,26,26,26,27,26,27,27,27,27,27,27,27,27
266,2660,471.2998,0.2417984,0.4930601,0.8530946,0.1206745,0.7413123,0.3831515,0.1255265,-0.3715886,0.6153351,-0.2376511,0,-1.072944,-0.2389281,-0.2388037,-0.1207178,26,26,27,26,26,26,27,26,27,27,27,27,27,27,27,27
267,2670,470.6975,0.3627297,0.6163256,0.3656113,0.9653507,0.1235512,0.3831515,-0.2512055,0.3715886,-0.4922687,0.3564771,-0.3783855,0.7152954,-1.314101,0.2388037,-0.2414372,26,26,27,26,26,26,27,26,27,27,27,27,27,27,27,27
268,2680,470.818,0.3627297,0.6163256,-0.3656133,0.4826786,-0.2471056,-0.3831513,0.2511036,-0.123863,0.3692007,-0.2376511,0.504514,-0.4768642,0,-0.3582052,-0.7243116,26,26,27,26,26,26,27,26,27,27,27,27,27,27,27,27
269,2690,470.9384,-0.1209891,-0.3697955,0.4874825,0.6033466,0.3706556,0.3831515,-0.1256277,0.3715886,0,0.2376511,-0.630643,0.3576473,-1.075175,0.4776066,-0.7243116,26,26,27,26,26,26,27,26,27,27,27,27,27,27,27,27
270,2700,470.818,-0.2419204,0.4930601,0.4874825,0.3620105,-0.2471056,0.7663028,-0.1256277,-0.247726,0.4922679,-0.4753022,0.3783855,-0.4768642,0.7167827,-0.1194015,-0.362155,26,26,27,26,26,26,27,26,27,27,27,27,27,27,27,27
271,2710,471.1793,0.2417984,-0.3697955,0.8530946,0.4826786,0.2471036,0,0.6278357,0.7431773,-0.9845371,0.1188251,-0.630643,-0.3576481,-1.075175,0.955214,0.2414388,26,26,27,26,26,26,27,26,27,27,27,27,27,27,27,27
272,2720,471.0589,-5.779121E-05,0.2465301,0.3656113,0.6033466,0.4942079,0,0.1255265,-0.123863,0.3692007,0.4753022,1.135157,-0.2384321,0,-0.2388037,-0.2414372,26,26,27,26,26,26,27,26,27,27,27,27,27,27,27,27
273,2730,470.6975,-0.2419204,-0.8628557,-0.2437425,0.1206745,0.9884167,0.5108687,0.3766815,0.8670407,-0.123068,0.2376511,-0.1261285,-0.2384321,-0.3583922,0.2388037,-0.4828745,26,26,27,26,26,26,27,26,27,27,27,27,27,27,27,27
274,2740,470.8179,-5.779121E-05,0,-0.3656133,0.1206745,0.1235512,1.149454,-5.056731E-05,0.247726,0.9845359,0.2376511,0.630643,-0.9537275,0.2389265,-0.3582052,-0.1207178,26,26,27,26,26,26,27,26,27,27,27,27,27,27,27,27
275,2750,471.4201,-0.1209891,0.7395902,0.4874825,0.7240147,-0.3706578,0.1277172,-5.056731E-05,0,-0.2461344,0.3564771,0.1261285,0.5960794,-0.4778546,0.4776066,-0.9657489,26,26,27,26,26,26,27,26,27,27,27,27,27,27,27,27
276,2760,470.8179,0.2417984,-0.1232654,0.4875331,0.3620105,0.1235512,-0.1277172,-0.6279376,0.4954517,0.3692007,-0.3564771,-0.252257,0.2384313,0.5973187,-0.1194015,1.207188,26,26,27,26,26,26,27,26,27,27,27,27,27,27,27,27
277,2770,470.3362,-1.088433,-1.355916,0.1219202,-0.1206616,0.1235512,0.3831515,1.004568,0.247726,0.3692007,0.5941281,0.252257,-0.3576481,-0.3583922,0.2388037,-0.4828745,26,26,27,26,26,26,27,26,27,27,27,27,27,27,27,27
278,2780,470.8179,-0.6047144,0,-0.2436919,0.2413425,-5.217262E-05,0.3831515,0.3766815,0.6193147,0.3692007,-0.3564771,0.504514,0,1.075173,0.2388037,0.3621566,26,26,27,26,26,26,27,26,27,27,27,27,27,27,27,27
279,2790,470.4566,-0.3628517,-0.8628557,-0.2436919,-0.1206616,0.7412614,0.5108687,0.2511036,0.247726,-0.123068,0.5941281,0.7567711,0,-0.2389281,0.8358118,-0.2414372,26,26,27,26,26,26,27,26,27,27,27,27,27,27,27,27
280,2800,470.5771,-0.8465706,-0.7395902,-0.7311748,0.4826786,0.1235002,-0.1277172,-0.2512063,0.8670407,0.1230664,0.5941281,0.252257,0.7152954,0.2389265,0.1194023,0.3621566,26,26,27,26,26,26,27,26,27,27,27,27,27,27,27,27
281,2810,470.0953,-0.3628517,-0.7395902,-0.1218215,-0.1206616,-0.2471565,-0.1277172,0.1255257,0.9909033,0.7384023,0.1188251,0.3783855,0.4768634,0,0,-0.1207178,26,26,27,26,26,26,27,26,27,27,27,27,27,27,27,27
282,2820,470.8179,-0.2419204,0,-0.2436919,0.1206745,0.1235002,0.5108687,-5.136996E-05,0,-0.7384031,0.3564771,0.504514,0.2384313,0,0.5970089,0.7243133,26,26,27,26,26,26,27,26,27,27,27,27,27,27,27,27
283,2830,469.7339,-0.7256393,-0.4930601,-0.3655627,0.1206745,-5.217262E-05,-0.2554341,-0.2512063,0.4954517,0.3692007,0.3564771,0.7567711,0.3576473,0.1194641,0.4776066,-0.362155,26,26,27,26,26,26,27,26,27,27,27,27,27,27,27,27
284,2840,470.8179,-0.2419204,-0.6163256,-0.1218215,0.7240147,-0.2471565,-0.7663028,-5.136996E-05,-0.247726,-0.7384031,0.4753022,0.252257,0.2384313,-0.3583922,0.2388037,0.2414388,26,26,27,26,26,26,27,26,27,27,27,27,27,27,27,27
285,2850,470.3362,-0.1209891,-0.8628557,0.1219202,-0.1206616,0.2470526,-0.6385856,-0.2512063,0,0.2461336,0.2376511,0.8828996,0,0.5973187,0.7164103,-0.4828745,26,26,27,26,26,26,27,26,27,27,27,27,27,27,27,27
286,2860,470.8179,-0.3628517,-0.1232654,-0.9749164,0.1206745,-0.6178133,0.5108687,0.2511028,0.4954517,0.3692007,0.7129533,0.1261285,0.3576473,0,0.2388037,0,26,26,27,26,26,26,27,26,27,27,27,27,27,27,27,27
287,2870,470.0953,0.4836611,-0.4930601,-0.1218215,-0.9653379,-0.3707087,-0.2554341,-0.1256285,0.247726,0,0.3564771,0.1261285,0.2384313,0.5973187,0.1194023,-0.1207178,26,26,27,26,26,26,27,26,27,27,27,27,27,27,27,27
288,2880,470.9384,-0.8465706,0.1232654,-0.8530456,0.1206745,-0.4942609,-0.6385856,0.1255257,-0.247726,-0.3692015,0.4753022,0.1261285,-0.2384321,-0.1194641,0.7164103,0,26,26,27,26,26,26,27,26,27,27,27,27,27,27,27,27
289,2890,470.2158,-0.1209891,-1.109386,0.2437914,-0.3619977,0.3706046,-0.5108685,0.2511028,-0.123863,-0.123068,0.1188251,0.1261285,-0.119216,0.3583906,0.1194023,0.8450311,26,26,27,26,26,26,27,26,27,27,27,27,27,27,27,27
290,2900,471.1793,-0.2418755,-0.3697955,-1.096787,0.6033466,-0.9884701,-0.5108685,-0.3767834,-0.247726,-0.123068,-0.1188259,0,0.5960794,-0.1194641,0.4776066,0,26,26,27,26,26,26,27,26,27,27,27,27,27,27,27,27
291,2910,470.4567,0.1209121,-0.3697955,-0.3655627,-0.4826657,-0.1236042,-0.89402,-0.5023605,-0.123863,0,-0.3564771,0.7567711,-0.2384321,0.2389265,0.3582052,-0.1207178,26,26,27,27,26,26,27,26,27,27,27,27,27,27,27,27
292,2920,470.818,-0.3628068,0.2465301,-0.7312049,0.2413425,-0.3707087,0.1277172,-0.7535155,-0.247726,-0.3692015,-0.3564771,0,0.2384313,-0.1194641,0.5970089,0,26,26,27,27,26,26,27,26,27,27,27,27,27,27,27,27
293,2930,470.6975,0.8464935,-0.7395902,-0.1218512,-0.8446699,0.1235002,-0.6385856,-0.2512063,-0.7431773,-0.8614699,-0.1188259,-0.504514,0.2384313,0.4778546,0.7164103,0.4828761,26,26,27,27,26,26,27,26,27,27,27,27,27,27,27,27
294,2940,471.6611,-0.2418755,0.4930601,-1.096817,0.4826786,-1.111971,-0.3831513,-0.7535155,-0.4954517,-0.3692015,-0.2376511,0.252257,0.2384313,-0.2389281,0.7164103,-0.362155,26,26,27,27,26,26,27,26,27,27,27,27,27,27,27,27
295,2950,470.9384,0.1209121,-0.2465301,0.1218905,-0.6033338,0.3706556,-0.89402,-0.1256285,-0.3715886,-0.6153359,-0.3564771,-0.504514,0.1192152,-0.3583922,0.5970089,0.4828761,26,26,27,27,26,26,27,26,27,27,27,27,27,27,27,27
296,2960,471.0589,0.1209121,0.8628557,-0.6093345,1.448023,-0.4942099,0,-0.6279376,-0.4954517,-1.107604,-0.5941281,0,0.1192152,-0.5973187,0.4776066,0.1207194,26,26,27,27,26,26,27,26,27,27,27,27,27,27,27,27
297,2970,470.9384,0.6046309,-0.4930601,0.3656321,-0.6033338,0.7413123,-0.7663028,-0.1256277,-1.238629,-0.2461344,-0.7129533,0,-0.2384321,0.3583906,0.3582052,0.3621566,26,26,27,27,26,26,27,26,27,27,27,27,27,27,27,27
298,2980,471.5406,-0.7256007,0.4930601,-0.6093345,1.086019,-0.6177621,-0.2554341,-0.5023597,-0.3715886,-0.6153359,-0.3564771,0.1261285,0,-0.5973187,0.2388037,0.2414388,26,26,27,27,26,26,27,26,27,27,27,27,27,27,27,27
299,2990,471.2997,-0.1209506,0.1232654,0.3656321,-0.1206616,0.3706556,-0.1277172,1.004568,-0.4954517,-0.123068,-0.5941281,-0.252257,-0.8345115,-0.2389281,0.1194023,0.6035939,26,26,27,27,26,26,27,26,27,27,27,27,27,27,27,27
300,3000,471.0589,-0.2418755,0.2465301,-0.3655928,1.206687,-0.7413144,0.8940201,-0.8790918,-0.3715886,-0.9845371,-0.5941281,-0.252257,-0.3576481,-0.2389281,-0.2388037,-0.2414372,26,26,27,27,26,26,27,26,27,27,27,27,27,27,27,27
301,3010,471.1793,-1.926374E-05,0.2465301,0.4875025,0.1206745,0.4942079,-0.6385856,-5.056731E-05,-0.123863,0.4922679,-1.06943,-0.7567714,-0.7152954,0.4778546,0.4776066,0.7243133,26,26,27,27,26,26,27,26,27,27,27,27,27,27,27,27
302,3020,470.5771,0.2418434,0.4930601,-0.4874636,0.7240147,-0.3706578,0.3831515,-0.3767826,-0.123863,-0.8614699,-0.1188259,0.1261285,-0.2384321,-0.8362468,0,-0.2414372,26,26,27,27,26,26,27,26,27,27,27,27,27,27,27,27
303,3030,470.5771,-1.926374E-05,-0.1232654,-0.2437224,0.1206745,0.4942079,-0.1277172,0.6278357,-0.123863,0.7384023,-0.2376511,0.630643,-0.3576481,0.2389265,-0.1194015,-0.4828745,26,26,27,27,26,26,27,26,27,27,27,27,27,27,27,27
304,3040,469.9749,0.483706,0.2465301,0.3656321,0.4826786,-0.3706578,1.277171,-0.5023597,0.123863,-0.6153359,0.3564771,0.1261285,-0.119216,-0.5973187,-0.3582052,-0.4828745,26,26,27,27,26,26,27,26,27,27,27,27,27,27,27,27
305,3050,470.9384,-0.2418755,0.4930601,-0.3655928,0.3620105,-8.026557E-07,0,0.7534136,-0.7431773,0.4922679,-0.7129533,-0.252257,0,-0.2389281,0.2388037,-0.1207178,26,27,27,27,26,26,27,26,27,27,27,27,27,27,27,27
306,3060,470.818,0.7255558,-0.3697955,0.4875025,0.6033466,-0.2471056,0,0.1255265,0.7431773,-0.4922687,0.1188251,-0.252257,-0.4768642,-1.075175,-0.3582052,-0.7243116,26,27,27,27,26,26,27,26,27,27,27,27,27,27,27,27
307,3070,469.9749,-0.2418819,0.1232654,-0.3655928,0.6033466,-8.026557E-07,0,0.2511036,-0.123863,0.7384023,-0.7129533,0.630643,-0.7152954,0.7167827,-0.1194015,-0.4828745,26,27,27,27,26,26,27,26,27,27,27,27,27,27,27,27
308,3080,470.9384,0.7255558,0.1232654,0.2437609,0.7240147,0.4942079,0.6385858,0.2511036,0.247726,-0.6153359,0.2376511,-0.630643,0.2384313,-0.4778546,-0.1194015,-0.9657489,26,27,27,27,26,26,27,26,27,27,27,27,27,27,27,27
309,3090,471.1793,0.1209056,0.3697955,-0.1218512,0.7240147,0.7413123,0.2554343,0.7534136,-0.7431773,-0.2461344,-0.3564771,0.252257,-0.8345115,0.3583906,-0.4776066,0.1207194,26,27,27,27,26,26,27,26,27,27,27,27,27,27,27,27
310,3100,470.3362,0.241837,0.6163256,0.1218905,6.421245E-06,0.4942075,0.3831515,0.7534136,0.123863,0.3692007,0.5941281,0.504514,0.2384313,-0.5973187,-0.3582052,-0.6035923,26,27,27,27,26,26,27,26,27,27,27,27,27,27,27,27
311,3110,470.5771,-0.1209506,0.2465301,1.926374E-05,0.4826786,-1.605311E-06,0.5108687,0.2511036,0.123863,0.2461336,0,0.3783855,-0.4768642,0.5973187,-0.1194015,0.8450311,26,27,27,27,26,26,27,26,27,27,27,27,27,27,27,27
312,3120,470.4567,0.1209056,0.3697955,0.1218905,-0.2413297,0.3706551,0.1277172,0.7534136,-0.123863,-0.3692015,0.2376511,0.3783855,0.3576473,-0.9557109,-0.2388037,-0.362155,26,27,27,27,26,26,27,26,27,27,27,27,27,27,27,27
313,3130,469.9749,-0.3628132,-0.1232654,0.3656321,0.8446828,0.3706551,0.8940201,-5.056731E-05,-0.123863,0.3692007,0,0.3783855,-0.2384321,0.1194641,-0.597008,1.086468,26,27,27,27,26,26,27,26,27,27,27,27,27,27,27,27
314,3140,469.6135,-0.4837445,-0.6163256,-0.8530757,0.1206745,0.3706551,0.2554343,0.5022586,0.8670407,0.1230664,0.2376511,-0.1261285,-0.2384321,-0.3583922,-0.1194015,-0.8450295,26,27,27,27,26,26,27,26,27,27,27,27,27,27,27,27
315,3150,470.0953,-0.9674634,-0.8628557,-0.1218512,6.421245E-06,-0.4942102,0.6385858,-0.3767826,0.7431773,-0.123068,0.2376511,0.630643,-0.2384321,0.7167827,0.4776066,0.9657505,26,27,27,27,26,26,27,26,27,27,27,27,27,27,27,27
316,3160,469.9749,-0.2418819,0.2465301,-0.4874636,0.1206745,0.1235508,0.2554343,0.5022586,0,0.1230664,-0.4753022,-0.1261285,0.1192152,-0.2389281,0.4776066,-0.4828745,26,27,27,27,26,26,27,26,27,27,27,27,27,27,27,27
317,3170,469.734,-0.3628132,-0.4930601,-0.6093345,0.1206745,0.1235508,-0.2554341,0.1255265,0.3715886,0,0.1188251,0.504514,0.2384313,0.4778546,0.3582052,0.9657505,26,27,27,27,26,26,27,26,27,27,27,27,27,27,27,27
318,3180,470.0953,0.3627683,-0.7395902,-0.2437224,-0.6033338,-0.370658,-0.1277172,-0.2512055,-0.123863,-0.123068,0.3564771,0.630643,-0.119216,0.2389265,0.5970089,-0.1207178,26,27,27,27,26,26,27,26,27,27,27,27,27,27,27,27
319,3190,470.5771,-0.1209506,-0.1232654,0.1218905,-0.1206616,-0.370658,-0.1277172,-0.2512055,-0.123863,-0.3692015,0.4753022,0.1261285,-0.3576481,0.1194641,-0.2388037,0.2414388,26,27,27,27,26,26,27,26,27,27,27,27,27,27,27,27
320,3200,470.0953,-0.1209506,-0.6163256,-0.3655928,-0.7240018,-0.370658,-0.1277172,-0.1256277,0.4954517,0.2461336,0.2376511,0.630643,0.3576473,0.8362468,0.3582052,0.6035939,26,27,27,27,26,26,27,26,27,27,27,27,27,27,27,27
321,3210,470.818,-0.7256072,-0.2465301,-0.4874636,0.8446828,-1.605311E-06,-0.5108685,-0.2512055,0.247726,-0.123068,0.1188251,-0.1261285,0,0.1194641,0.4776066,0.4828761,26,26,27,27,26,26,27,26,27,27,27,27,27,27,27,27
322,3220,469.6135,0.1208735,-0.4930601,0.4875025,-0.7240018,0.1235508,-0.5108685,0.2511036,-0.6193147,0,-0.4753022,0.630643,0.1192152,0.9557093,0.2388037,0.3621566,26,26,27,27,26,26,27,26,27,27,27,27,27,27,27,27
323,3230,470.818,-0.2419204,0.2465301,-0.4874636,0.3620105,-0.4942102,0.1277172,-0.8790918,-0.6193147,-0.2461344,-0.3564771,0.3783855,0.7152954,0,0.4776066,-0.362155,26,26,27,27,26,26,27,26,27,27,27,27,27,27,27,27
324,3240,470.4567,0.1208735,-0.6163256,1.926374E-05,-0.7240018,-0.2471058,-0.5108685,-0.5023597,-0.7431773,0.3692007,0.3564771,0.252257,0.1192152,0,0.2388037,0.3621566,26,26,27,27,26,26,27,26,27,27,27,27,27,27,27,27
325,3250,470.818,-0.2419204,0.6163256,-0.4874636,0.1206745,-1.60618,-0.1277172,-0.5023597,-0.4954517,0.4922679,0.3564771,0.3783855,0.2384313,0,0.5970089,0.1207194,26,26,27,27,26,26,27,26,27,27,27,27,27,27,27,27
326,3260,470.5771,0.2417984,-0.4930601,0.6093738,6.421245E-06,0.3706046,-0.89402,-0.8790918,-0.123863,-0.6153359,-0.2376511,-0.252257,-0.119216,-0.1194641,-0.1194015,0,26,26,27,27,26,26,27,26,27,27,27,27,27,27,27,27
327,3270,471.4202,-0.7256393,0.2465301,-0.6093345,0.8446828,-0.9884701,-0.3831513,-0.8790918,-0.247726,-0.8614699,0,0,-0.119216,-0.1194641,0.2388037,0,26,26,27,27,26,26,27,26,27,27,27,27,27,27,27,27
328,3280,470.6975,0.3627297,0.2465301,0.2437609,-0.7240018,0.617709,-0.7663028,-0.2512055,-0.123863,0.1230664,-0.1188259,-0.3783855,-0.119216,0.1194641,0.2388037,0.2414388,26,26,27,27,26,26,27,26,27,27,27,27,27,27,27,27
329,3290,470.4567,0.6045924,-0.2465301,-0.7312049,0.3620105,-0.3707087,0.7663028,-0.6279376,-0.3715886,-1.476805,-0.4753022,-0.7567714,-0.5960802,-0.2389281,0.1194023,-0.2414372,26,26,27,27,26,26,27,26,27,27,27,27,27,27,27,27
330,3300,471.2998,0.1208735,0,0.2437609,-0.1206616,0.3706046,-0.5108685,0.1255265,-0.247726,0,-0.8317792,-0.7567714,-0.2384321,-0.2389281,0.3582052,-0.2414372,26,26,27,27,26,26,27,26,27,27,27,27,27,27,27,27
331,3310,470.3362,-0.1209891,-0.1232654,-0.7312049,0.3620105,-0.3707087,-0.1277172,-0.5023597,-0.247726,-0.7384031,-0.4753022,-0.3783855,-0.7152954,-0.4778546,0.1194023,0.2414388,26,26,27,27,26,26,27,26,27,27,27,27,27,27,27,27
332,3320,470.6975,-0.1209891,-0.2465301,0.2437609,-0.3619977,0.8648137,-0.2554341,-0.5023597,-0.247726,0.1230664,-0.2376511,-0.504514,-0.5960802,0.4778546,0,0.8450311,26,26,27,27,26,26,27,26,27,27,27,27,27,27,27,27
333,3330,470.6975,-5.779121E-05,-0.2465301,1.926374E-05,0.7240147,-0.6178133,0.2554343,-0.7535147,0.123863,-0.9845371,-0.5941281,-1.009028,-0.2384321,-0.7167827,-0.1194015,0.3621566,26,26,27,27,26,26,27,26,27,27,27,27,27,27,27,27
334,3340,470.5771,-0.2419204,-0.2465301,1.926374E-05,0.2413425,0.8648137,-0.3831513,0.3766815,-0.6193147,0.6153351,-0.8317792,-0.3783855,-0.2384321,-0.4778546,0.1194023,0,26,26,27,27,26,26,27,26,27,27,27,27,27,27,27,27
335,3350,470.4567,0.2417984,0.2465301,-0.4874636,0.8446828,-5.217262E-05,0.2554343,-5.056731E-05,0.123863,-0.9845371,0.1188251,-0.252257,-0.4768642,-0.8362468,0.1194023,-0.1207178,26,26,27,27,26,26,27,26,27,27,27,27,27,27,27,27
336,3360,470.818,-0.6047144,-0.1232654,1.926374E-05,0.3620105,0.7412614,-0.7663028,0.2511036,-0.247726,0.3692007,-1.188256,-0.630643,-0.4768642,-0.3583922,0.1194023,0,26,26,27,27,26,26,27,26,27,27,27,27,27,27,27,27
337,3370,470.2157,0.2417984,0.4930601,0.2437609,0.9653507,0.2470526,0.2554343,-0.7535147,0.6193147,-0.7384031,-0.2376511,-1.009028,-0.119216,-0.9557109,-0.4776066,-0.2414372,26,26,27,27,26,26,27,26,27,27,27,27,27,27,27,27
338,3380,470.3362,0.2417984,0.1232654,-0.1218512,-0.1206616,0.3706046,-0.6385856,0.8789907,-0.6193147,0.2461336,-0.5941281,0.1261285,-0.7152954,-0.7167827,0.1194023,-0.362155,26,26,27,27,26,26,27,26,27,27,27,27,27,27,27,27
339,3390,469.6135,0.2417984,0.6163256,-0.1218512,0.4826786,0.3706046,0.5108687,-0.2512055,0.3715886,-0.8614699,-0.2376511,-0.3783855,0,-0.7167827,-0.4776066,0.1207194,26,26,27,27,26,26,27,26,27,27,27,27,27,27,27,27
340,3400,470.6975,-0.2419204,0.3697955,-0.2437224,0.4826786,0.2470526,-0.3831513,0.3766815,-0.8670403,0.1230664,-0.9506044,-0.3783855,-1.19216,-0.3583922,-0.3582052,0.4828761,26,26,27,27,26,26,27,26,27,27,27,27,27,27,27,27
341,3410,469.493,0.2417984,0.2465301,-0.1218512,1.206687,0.617709,0.3831515,0.1255265,0.4954517,-0.4922687,0.4753022,-0.504514,0.1192152,-1.194637,-0.2388037,-0.7243116,26,26,27,27,26,26,27,26,27,27,27,27,27,27,27,27
342,3420,470.3362,-5.779121E-05,0.6163256,1.926374E-05,0.3620105,0.2471036,0,-0.1256277,-0.247726,0.7384023,-0.7129533,0.7567711,-0.7152954,0,-0.1194015,-0.2414372,26,26,27,27,26,26,27,26,27,27,27,27,27,27,27,27
343,3430,470.3362,0.1208735,-0.3697955,-0.4874636,0.6033466,0.2471036,0.3831515,-0.3767826,0,-1.353738,0.4753022,-0.7567714,0,-1.194637,-0.2388037,-0.9657489,26,26,27,27,26,26,27,26,27,27,27,27,27,27,27,27
344,3440,469.9748,-0.1209891,0.4930601,1.926374E-05,0.6033466,0.1235512,-0.2554341,1.004568,-0.247726,0.8614694,-0.4753022,0.630643,-0.4768642,-0.4778546,-0.597008,0,26,26,27,27,26,26,27,26,27,27,27,27,27,27,27,27
345,3450,470.2157,0.6045924,0.2465301,0.2437609,0.6033466,-0.1235532,-0.2554341,-0.3767826,0.4954517,-0.3692015,0.3564771,0,0.2384313,-0.8362468,0.1194023,-0.362155,26,26,27,27,26,26,27,26,27,27,27,27,27,27,27,27
346,3460,470.4566,0.1208735,0,0.2437609,0.4826786,-8.026557E-07,0,0.3766815,-0.247726,0.9845359,-0.5941281,0.3783855,-0.3576481,0.5973187,-0.1194015,0.7243133,26,26,27,27,26,26,27,26,27,27,27,27,27,27,27,27
347,3470,470.2157,-5.779121E-05,0,0.4875025,-0.2413297,0.4942079,0.2554343,-0.2512055,0.6193147,-0.2461344,0.2376511,-0.8829,0,-0.8362468,0.1194023,-0.9657489,26,26,27,27,26,26,27,26,27,27,27,27,27,27,27,27
348,3480,469.8544,0.1208735,0.2465301,-0.2437224,0.3620105,0.2471036,0,0.8789907,0.247726,0.7384023,-0.1188259,1.009029,-0.3576481,0,-0.1194015,0.9657505,26,26,27,27,26,26,27,26,27,27,27,27,27,27,27,27
349,3490,469.493,-0.3628517,-0.1232654,1.926374E-05,0.7240147,0.4942079,0.1277172,0.3766815,0.247726,0.1230664,0.4753022,0.3783855,0.5960794,-1.314101,0.4776066,0,26,26,27,27,26,26,27,26,27,27,27,27,27,27,27,27
350,3500,469.3726,-5.779121E-05,0.2465301,1.926374E-05,0.1206745,-8.026557E-07,0.5108687,-5.056731E-05,0.4954517,0.4922679,0.1188251,0.1261285,-0.119216,0.8362468,-0.3582052,0.3621566,26,26,27,27,26,26,27,26,27,27,27,27,27,27,27,27
351,3510,469.3726,-5.779121E-05,-0.7395902,-0.1218512,0.6033466,0.7413123,-0.5108685,0.6278357,0.6193147,-0.3692015,0,-0.630643,0.3576473,-0.3583922,-0.2388037,-0.2414372,26,26,27,27,26,26,27,26,27,27,27,27,27,27,27,27
352,3520,469.8544,-0.9675019,-0.1232654,-0.1218512,0.2413425,0.3706556,0,-0.6279376,0.3715886,-0.123068,1.06943,0.252257,0.2384313,0.3583906,0.3582052,0.7243133,26,26,27,27,26,26,27,26,27,27,27,27,27,27,27,27
353,3530,469.3727,-0.483783,-1.109386,-0.8530757,-0.6033338,-8.026557E-07,0.1277172,-0.3767826,0.3715886,0.7384023,-0.1188259,0.504514,0.1192152,0.2389265,0.1194023,-0.2414372,26,26,27,27,26,26,27,26,27,27,27,27,27,27,27,27
354,3540,470.2158,-0.6047144,-0.1232654,-0.2437224,-0.1206616,-8.026557E-07,-0.1277172,-0.1256277,0,0,0.2376511,-0.252257,0,0,0.3582052,0.1207194,26,26,27,27,26,26,27,26,27,27,27,27,27,27,27,27
355,3550,468.8909,0.1208735,-0.4930601,-0.9749465,0.4826786,0.2471036,0,-0.6279376,-0.123863,0,0.2376511,0.504514,-0.3576481,0.1194641,0.5970089,0.1207194,26,26,27,26,26,26,27,26,27,27,27,27,27,27,27,27
356,3560,469.9749,-0.1209891,0.1232654,-0.121872,0.1206745,-0.6177621,0,-0.6279376,-0.247726,-0.123068,-0.1188259,0,0.1192152,0,0.7164103,0.4828761,26,26,27,26,26,26,27,26,27,27,27,27,27,27,27,27
357,3570,469.8544,0.4836611,-0.7395902,0.4874825,-0.6033338,0.3706556,-0.5108685,-0.2512055,-0.3715886,-0.3692015,-0.1188259,0.252257,0.2384313,0.3583906,0,0.2414388,26,26,27,26,26,26,27,26,27,27,27,27,27,27,27,27
358,3580,469.6135,0.1208735,0.4930601,-0.6093549,0.3620105,-0.4942099,0.1277172,-0.5023597,-0.7431773,-0.6153359,-0.7129533,0.3783855,0,-0.1194641,0.8358118,0.2414388,26,26,27,26,26,26,27,26,27,27,27,27,27,27,27,27
359,3590,469.734,0.2417984,-0.2465301,0.8530946,-0.3619977,-8.026557E-07,-0.7663028,-0.5023597,-0.3715886,0,-0.8317792,-0.3783855,-0.2384321,0.2389265,0.7164103,0,26,26,27,26,26,26,27,26,27,27,27,27,27,27,27,27
360,3600,470.3362,-5.779121E-05,0.7395902,-0.3656133,0.9653507,-0.3706578,-0.3831513,-1.00467,-0.123863,-0.7384031,-0.3564771,-0.8829,-0.2384321,-0.8362468,0.1194023,0,26,26,27,26,26,26,27,26,27,27,27,27,27,27,27,27
361,3610,470.3362,-5.779121E-05,0.1232654,0.3656113,6.421245E-06,0.2471036,-0.2554341,0.2511028,-0.247726,0.3692007,-0.8317792,-0.1261285,-0.8345115,-0.5973187,0.4776066,-0.362155,26,26,27,26,26,26,27,26,27,27,27,27,27,27,27,27
362,3620,469.4931,0.1208735,0,0.4874825,0.8446828,-0.6177621,0.3831515,-0.5023605,0.3715886,-0.3692015,-0.3564771,-0.252257,-0.7152954,-0.7167827,0,0.1207194,26,26,27,26,26,26,27,26,27,27,27,27,27,27,27,27
363,3630,469.8544,0.1208735,0.1232654,0.1218696,0.3620105,0.3706556,0.1277172,0.5022578,-0.123863,0.3692007,-0.3564771,0.3783855,-0.4768642,0,-0.1194015,-0.1207178,26,26,27,26,26,26,27,26,27,27,27,27,27,27,27,27
364,3640,469.9749,0.6045924,-0.2465301,0.2437408,0.3620105,-0.3706578,0,-0.3767834,0.247726,-0.8614699,0.4753022,-0.252257,-0.2384321,-0.9557109,0.1194023,-0.7243116,26,26,27,26,26,26,27,26,27,27,27,27,27,27,27,27
365,3650,470.2158,-0.1209891,0.6163256,0.2437408,0.6033466,0.2471036,0,0.5022578,-0.3715886,0.6153351,-0.8317792,-0.3783855,-0.119216,0.3583906,-0.4776066,-0.2414372,26,26,27,26,26,26,27,26,27,27,27,27,27,27,27,27
366,3660,470.2158,0.2417984,0.2465301,0.3656113,0.1206745,0.3706556,0.6385858,-0.1256285,0.247726,-0.6153359,0.5941281,0,0.4768634,-0.8362468,0,-0.7243116,26,26,27,26,26,26,27,26,27,27,27,27,27,27,27,27
367,3670,469.6135,-0.3628517,-0.1232654,-0.2437425,0.8446828,0.2471036,0.2554343,0.1255257,0.123863,0.3692007,0.2376511,0.7567711,-0.3576481,0.3583906,0,0.4828761,26,26,27,26,26,26,27,26,27,27,27,27,27,27,27,27
368,3680,469.4931,-5.779121E-05,0.2465301,-0.3656133,0.4826786,0.6177599,0.1277172,0.2511028,0.3715886,0.3692007,0.3564771,0.3783855,0.3576473,-1.075175,-0.1194015,-0.8450295,26,26,27,26,26,26,27,26,27,27,27,27,27,27,27,27
369,3690,469.2522,0.1208735,-0.3697955,-0.121872,0.1206745,0.2471036,0.3831515,-0.2512063,0.3715886,0.4922679,-0.3564771,0,-0.2384321,0.3583906,-0.1194015,0.3621566,26,27,27,26,26,26,27,26,27,27,27,27,27,27,27,27
370,3700,469.734,0.3627747,-0.6163256,-0.121872,-0.1206616,0.4942079,-0.2554341,0.3766807,0.123863,0.2461336,0,0.252257,0.1192152,-0.2389281,0.5970089,-0.6035923,26,27,27,26,26,26,27,26,27,27,27,27,27,27,27,27
371,3710,469.2522,-0.7256007,-0.6163256,-8.026557E-07,-0.4826657,0.1235512,-0.2554341,-5.136996E-05,0.3715886,0.2461336,0.7129533,0.504514,0.2384313,0,0.2388037,0.6035939,26,27,27,27,26,26,27,26,27,27,27,27,27,27,27,27
372,3720,469.2522,-0.4837381,-0.9861203,-0.2437224,-0.1206616,0.6177599,-0.2554341,1.004567,0.247726,0.3692007,0.2376511,0.1261285,0,0.4778546,0.2388037,-0.362155,26,27,27,27,26,26,27,26,27,27,27,27,27,27,27,27
373,3730,469.3727,-1.088388,-0.3697955,-0.9749465,6.421245E-06,-0.1235532,0.1277172,-0.5023605,0,-0.3692015,0.1188251,-0.1261285,0.4768634,0.3583906,0,0.1207194,26,27,27,27,26,26,27,26,27,27,27,27,27,27,27,27
374,3740,469.0113,-0.2418755,-0.3697955,-0.7312049,-0.8446699,-0.4942609,-0.2554341,0.1255257,0.3715886,-0.123068,0.4753022,0.3783855,0.1192152,0.1194641,0.4776066,-0.1207178,26,27,27,27,26,26,27,26,27,27,27,27,27,27,27,27
375,3750,470.2158,-0.3628068,0,-0.3655928,6.421245E-06,-1.235574,-0.5108685,-0.7535155,-0.7431773,-0.4922687,-0.4753022,0.8828996,0.3576473,-0.1194641,0.8358118,-0.6035923,26,27,27,27,26,26,27,26,27,27,27,27,27,27,27,27
376,3760,469.8544,0.1209121,-0.6163256,0.4875025,-0.1206616,0.494157,-0.89402,-0.2512063,-0.123863,-0.2461344,0,-0.3783855,0.1192152,0.5973187,0.7164103,0.6035939,26,27,27,27,26,26,27,26,27,27,27,27,27,27,27,27
377,3770,469.8544,-1.926374E-05,0.3697955,-0.7312049,0.1206745,-1.112022,1.149454,-1.50698,-0.4954517,-1.230671,0,0.1261285,0.1192152,-0.7167827,0.1194023,0.8450311,26,27,27,27,26,26,27,26,27,27,27,27,27,27,27,27
378,3780,469.3727,-1.926374E-05,0.3697955,0.3656321,-0.3619977,0.494157,-0.2554341,-5.136996E-05,-0.6193147,0.1230664,-0.4753022,-0.504514,-0.119216,0,0,0.1207194,26,27,27,27,26,26,27,26,27,27,27,27,27,27,27,27
379,3790,469.4931,-0.3628068,0.3697955,0.2437609,0.4826786,-0.2471565,-0.2554341,0.1255257,0.247726,-1.353738,0.3564771,-0.504514,-0.3576481,-0.9557109,-0.7164099,-0.362155,26,27,27,27,26,26,27,26,27,27,27,27,27,27,27,27
380,3800,470.0953,-0.2418755,0.1232654,0.1218905,0.4826786,0.1235002,-0.5108685,0.3766807,-0.123863,0.6153351,0.1188251,0.3783855,-1.311376,0,-0.3582052,-0.8450295,26,27,27,27,26,26,27,26,27,27,27,27,27,27,27,27
381,3810,469.8544,0.8464935,0.6163256,-0.1218512,0.6033466,-5.217262E-05,-0.2554341,-0.1256285,0.4954517,-0.6153359,0.7129533,-0.630643,0,-1.194637,0.1194023,-0.4828745,26,27,27,27,26,26,27,26,27,27,27,27,27,27,27,27
382,3820,469.4931,-0.846532,0.2465301,1.926374E-05,0.3620105,0.1235002,0.2554343,-0.3767834,-0.247726,0.7384023,-0.5941281,0.1261285,-0.2384321,0.2389265,-0.3582052,-0.4828745,26,27,27,27,26,26,27,26,27,27,27,27,27,27,27,27
383,3830,469.6135,-0.3628068,-0.1232654,0.6093738,0.6033466,0.7412614,-0.2554341,0.2511028,0,-0.2461344,0.5941281,-0.630643,0.3576473,-0.5973187,0.1194023,-0.362155,26,27,27,27,26,26,27,26,27,27,27,27,27,27,27,27
384,3840,469.8544,-0.1209506,-0.1232654,-0.2437224,0.6033466,0.1235002,1.149454,0.6278349,0.4954517,-0.3692015,0,0.630643,-0.3576481,0,-0.1194015,0.9657505,26,27,27,27,26,26,27,26,27,27,27,27,27,27,27,27
385,3850,469.8544,-0.2418755,0,-0.2437224,6.421245E-06,0.494157,0.2554343,-5.136996E-05,0,0,0.2376511,0.504514,0.3576473,-0.5973187,1.074615,-0.9657489,26,26,27,27,26,26,27,26,27,27,27,27,27,27,27,27
386,3860,468.8909,-5.779121E-05,0.3697955,-0.3655928,0.3620105,-0.1236042,0.3831515,-5.136996E-05,0.6193147,0.1230664,0.1188251,0.504514,-0.119216,0.4778546,0.4776066,0.8450311,26,26,27,27,26,26,27,26,27,27,27,27,27,27,27,27
387,3870,468.7704,0.3627297,-0.4930601,-0.2437224,-0.1206616,1.111918,0.3831515,0.5022578,-0.123863,0.1230664,0.2376511,0.630643,0.7152954,-0.2389281,0.4776066,-0.7243116,26,26,27,26,26,26,27,26,27,27,27,27,27,27,27,27
388,3880,468.8909,-0.7256393,0,0.2437914,0.6033466,-0.2471565,0.3831515,-0.2512063,0.3715886,0.4922679,0.3564771,0.630643,-0.2384321,0.5973187,0.1194023,0.4828761,26,26,27,26,26,26,27,26,27,27,27,27,27,27,27,27
389,3890,469.1318,-0.483783,-0.3697955,-0.4874335,-0.1206616,0.3706046,0.1277172,0.3766807,0.123863,0.1230664,-0.1188259,-0.3783855,0.3576473,-0.4778546,0,0,26,26,27,26,26,26,27,26,27,27,27,27,27,27,27,27
390,3900,469.4931,-0.7256393,-0.4930601,-0.8530456,6.421245E-06,-0.1236042,-0.5108685,-0.1256285,0.6193147,-0.123068,0.4753022,0.1261285,0.2384313,0.2389265,0.3582052,0.6035939,26,26,27,26,26,26,27,26,27,27,27,27,27,27,27,27
391,3910,468.65,-0.7256393,-0.9861203,4.976465E-05,0.1206745,0.2470526,-0.1277172,-5.136996E-05,-0.123863,0.1230664,0.3564771,0.630643,-0.119216,0.1194641,0.3582052,-0.362155,26,26,27,26,26,26,27,26,27,27,27,27,27,27,27,27
392,3920,469.3727,-0.2419204,-0.3697955,-0.7311748,-0.4826657,-5.217262E-05,-0.1277172,-0.2512063,0.4954517,0,0.3564771,0.3783855,0.8345115,0.3583906,-0.2388037,0.8450311,26,26,27,26,26,26,27,26,27,27,27,27,27,27,27,27
393,3930,469.1318,-0.8465706,-0.7395902,-0.2436919,-0.1206616,0.1235002,-0.1277172,0.5022578,0,0.4922679,0.4753022,0.3783855,0.1192152,0,0.3582052,-0.362155,26,26,27,26,26,26,27,26,27,27,27,27,27,27,27,27
394,3940,469.734,-0.7256393,-0.3697955,-1.096787,-0.2413297,-0.6178133,-0.2554341,-5.136996E-05,0.4954517,-0.3692015,0.1188251,-0.252257,0,-0.1194641,0.8358118,-0.1207178,26,26,27,26,26,26,27,26,27,27,27,27,27,27,27,27
395,3950,468.8909,-0.483783,-0.8628557,-0.1218215,-0.8446699,-0.2471565,-0.3831513,-0.1256285,0,0.1230664,0.2376511,0.504514,0.4768634,0.2389265,0.2388037,0.1207194,26,26,27,26,26,26,27,26,27,27,27,27,27,27,27,27
396,3960,469.1318,-0.7256393,-0.2465301,-0.609304,-0.1206616,-0.6178133,-0.5108685,0.1255257,0,0.3692007,0,-0.1261285,0.2384313,-0.3583922,0.3582052,0,26,26,27,26,26,26,27,26,27,27,27,27,27,27,27,27
397,3970,469.2522,-5.779121E-05,-0.1232654,-0.2436919,-0.3619977,-0.2471565,-0.7663028,-0.5023605,-0.123863,0.2461336,0.2376511,0.504514,0,0,0.2388037,-0.362155,26,26,27,26,26,26,27,26,27,27,27,27,27,27,27,27
398,3980,469.734,-0.1209891,0.3697955,-0.1218215,0.4826786,-1.112022,0.3831515,-1.00467,-0.6193147,-0.6153359,0.1188251,0.1261285,0,-0.1194641,0.4776066,0.3621566,26,26,27,26,26,26,27,26,27,27,27,27,27,27,27,27
399,3990,469.4931,0.7255237,-0.6163256,0.4875331,-0.6033338,0.1235002,-0.6385856,-0.8790926,-0.6193147,-0.123068,0.1188251,-0.3783855,0,0.2389265,0.8358118,0.3621566,26,26,27,26,26,26,27,26,27,27,27,27,27,27,27,27
400,4000,469.6135,-0.483783,0.1232654,-0.2436919,0.2413425,-0.6178133,-0.5108685,-1.00467,-0.247726,-0.8614699,-0.9506044,0.1261285,-0.119216,0.1194641,0.7164103,-0.362155,26,26,27,26,26,26,27,26,27,27,27,27,27,27,27,27
401,4010,469.4931,0.2417984,-0.6163256,0.1219202,6.421245E-06,0.2470526,-0.2554341,-0.2512063,-0.247726,-0.3692015,-0.3564771,-0.3783855,-0.119216,0.4778546,0.2388037,0.2414388,26,27,27,26,26,26,27,26,27,27,27,27,27,27,27,27
402,4020,469.2522,-0.1209506,-0.1232654,0.1219202,0.8446828,-0.7413655,0.3831515,-0.8790926,-0.247726,-0.8614699,0.1188251,-0.504514,-0.4768642,-0.5973187,-0.2388037,0,26,27,27,26,26,26,27,26,27,27,27,27,27,27,27,27
403,4030,469.734,-0.2418755,0.2465301,-0.2436919,-0.1206616,1.23547,-0.5108685,-0.1256285,-0.7431773,-0.123068,-0.5941281,0.1261285,-0.5960802,-0.1194641,-0.1194015,0.4828761,26,27,27,27,26,26,27,26,27,27,27,27,27,27,27,27
404,4040,469.1318,-0.3628068,-0.1232654,-0.3655928,0.8446828,-0.1236042,0.3831515,-1.00467,-0.4954517,-0.9845371,-0.7129533,-0.630643,-0.4768642,-0.4778546,0.1194023,0.1207194,26,27,27,27,26,26,27,26,27,27,27,27,27,27,27,27
405,4050,469.6135,0.2418434,0.1232654,1.926374E-05,0.2413425,0.617709,0.1277172,-5.136996E-05,-0.247726,0.8614694,-0.7129533,-0.252257,-0.8345115,-0.3583922,0.3582052,-0.6035923,26,27,27,27,26,26,27,26,27,27,27,27,27,27,27,27
406,4060,469.734,0.6046309,0.3697955,0.3656321,0.4826786,-0.1235536,-0.1277172,-0.1256285,-0.123863,-1.107604,-0.5941281,-0.252257,-0.4768642,-1.194637,-0.597008,-0.2414372,26,27,27,27,26,26,27,26,27,27,27,27,27,27,27,27
407,4070,470.2158,0.1209121,0.4930601,-0.3655928,-0.6033338,0.2471032,-0.1277172,0.3766807,-0.6193147,-0.3692015,-0.5941281,-0.3783855,-0.9537275,-0.4778546,0.4776066,-0.362155,26,27,27,27,26,26,27,26,27,27,27,27,27,27,27,27
408,4080,469.734,0.2418434,0.4930601,0.3656321,0.8446828,0.2471032,0.2554343,-0.3767818,-0.123863,-1.107604,0.1188251,-0.630643,-0.8345115,-0.5973187,-0.3582052,-0.2414372,26,27,27,27,26,26,27,26,27,27,27,27,27,27,27,27
409,4090,469.734,-0.1209506,0.1232654,0.1218905,0.6033466,0.3706551,0.2554343,0.3766823,-0.6193147,0.8614694,-0.4753022,0,-1.072944,-0.3583922,-0.2388037,0,26,27,27,27,26,26,27,26,27,27,27,27,27,27,27,27
410,4100,469.8544,0.1209121,-0.1232654,-0.1218512,0.3620105,-1.605311E-06,0.3831515,-0.2512047,0.247726,-0.7384031,0.1188251,-0.504514,-0.4768642,-1.075175,-0.1194015,-0.8450295,26,27,27,27,26,26,27,26,27,27,27,27,27,27,27,27
411,4110,469.8544,-0.1209506,0,1.926374E-05,0.6033466,0.3706551,0.3831515,0.7534136,-0.3715886,0.6153351,-0.2376511,-0.3783855,-1.072944,-0.1194641,0.1194023,0,26,27,27,27,26,26,27,26,27,27,27,27,27,27,27,27
412,4120,469.4931,0.7255622,-0.3697955,-0.1218512,0.7240147,0.1235508,0.5108687,-0.2512047,0.6193147,-0.8614699,0.2376511,-0.252257,-0.3576481,-1.314101,-0.4776066,-0.8450295,26,27,27,27,26,26,27,26,27,27,27,27,27,27,27,27
413,4130,469.8544,0.2418434,0.4930601,-0.3655928,0.7240147,-0.1235536,-0.1277172,0.2511044,0.247726,0.4922679,-0.8317792,0.1261285,-0.4768642,0,-0.597008,0,26,27,27,27,26,26,27,26,27,27,27,27,27,27,27,27
414,4140,469.6135,0.1209121,-0.1232654,0.8531146,0.4826786,-0.370658,-0.2554341,-4.976465E-05,0.247726,-0.8614699,0,0.1261285,0,-0.8362468,0.2388037,-0.9657489,26,27,27,27,26,26,27,26,27,27,27,27,27,27,27,27
415,4150,469.1318,-1.926374E-05,0.2465301,-0.1218512,0.4826786,0.2471032,0.8940201,-4.976465E-05,-0.123863,0.2461336,-0.2376511,0,-0.4768642,1.075173,-0.3582052,0,26,27,27,27,26,26,27,26,27,27,27,27,27,27,27,27
416,4160,469.3727,0.2418434,0.2465301,0.2437609,0.8446828,-1.605311E-06,0.2554343,0.3766823,0.4954517,-0.8614699,0.2376511,-0.504514,0.2384313,-0.9557109,-0.4776066,-0.9657489,26,27,27,27,26,26,27,26,27,27,27,27,27,27,27,27
417,4170,469.3727,-0.3628068,-0.2465301,-0.1218512,0.6033466,-1.605311E-06,0.2554343,-0.3767818,0.7431773,0,0,0.1261285,-0.3576481,0.2389265,0.2388037,0,26,27,27,27,26,26,27,26,27,27,27,27,27,27,27,27
418,4180,469.1318,-0.3628132,0.2465301,0.6093738,-0.1206616,-1.605311E-06,0.1277172,0.2511044,0.3715886,-0.123068,0.1188251,0.252257,-0.2384321,-0.8362468,0.5970089,-0.4828745,26,27,27,27,26,26,27,26,27,27,27,27,27,27,27,27
419,4190,468.7704,0.6046309,0.1232654,0.2437609,1.327355,-1.605311E-06,0.6385858,-0.1256268,0.247726,0.4922679,-0.2376511,0.504514,-0.4768642,0.9557093,-0.7164099,0,26,27,27,27,26,26,27,26,27,27,27,27,27,27,27,27
420,4200,468.65,-0.8465385,-0.9861203,-0.7312049,0.3620105,0.6177595,0.6385858,-0.1256268,0.3715886,0.4922679,0,-0.1261285,0,-0.5973187,0,-0.2414372,26,27,27,27,26,26,27,26,27,27,27,27,27,27,27,27
421,4210,468.5296,-0.9674634,-1.479181,1.926374E-05,0.4826786,0.1235508,0.2554343,-0.1256268,0.8670407,0.3692007,-0.2376511,-0.1261285,-0.2384321,0.3583906,-0.1194015,-0.1207178,26,27,27,27,26,26,27,26,27,27,27,27,27,27,27,27
422,4220,468.7704,-2.568498E-05,-0.3697955,-0.1218512,0.3620105,1.111969,0,0.3766823,0,0.3692007,0,0.3783855,0.1192152,0,0.4776066,0.1207194,26,27,27,27,26,26,27,26,27,27,27,27,27,27,27,27
423,4230,468.65,-0.7256072,-0.3697955,1.926374E-05,0.6033466,-0.4942099,0.3831515,-0.5023589,0.247726,0.1230664,0.4753022,0.252257,-0.2384321,0.1194641,-0.2388037,0.3621566,26,27,27,27,26,26,27,26,27,27,27,27,27,27,27,27
424,4240,468.65,-0.4837445,-0.4930601,0.3656321,0.4826786,0.8648647,0.3831515,0.8789907,0.247726,0.4922679,0.5941281,-0.1261285,-0.2384321,-0.4778546,0.4776066,-0.4828745,26,27,27,27,26,26,27,26,27,27,27,27,27,27,27,27
425,4250,469.1318,-0.7256072,-0.6163256,-0.3655928,-0.4826657,0.1235512,0.7663028,-5.056731E-05,0,0.4922679,0.3564771,0.1261285,0.2384313,0.8362468,0.2388037,0.8450311,26,27,27,27,26,26,27,26,27,27,27,27,27,27,27,27
426,4260,469.0113,-2.568498E-05,-0.6163256,-0.4874636,-0.1206616,0.4942079,-0.2554341,-5.056731E-05,-0.123863,0.1230664,0.1188251,0.7567711,0.4768634,-0.1194641,0.1194023,-0.362155,26,27,27,27,26,26,27,26,27,27,27,27,27,27,27,27
427,4270,469.0113,-0.6046758,-0.2465301,-0.4874636,0.2413425,-0.4942099,-0.2554341,-0.1256277,0.123863,0,0.9506044,-0.1261285,0,0,-0.1194015,0.4828761,26,27,27,27,26,26,27,26,27,27,27,27,27,27,27,27
428,4280,468.5296,0.4836996,-0.7395902,-0.1218512,-0.6033338,-0.4942099,0,-0.2512055,0,0.6153351,0.3564771,0.8828996,0,0,0.1194023,-0.7243116,26,27,27,27,26,26,27,26,27,27,27,27,27,27,27,27
429,4290,469.2522,-0.2418819,-0.2465301,-1.340559,0.1206745,-0.9884189,-0.3831513,0.5022586,0.3715886,0.3692007,0.1188251,0.252257,-0.2384321,0.3583906,0.2388037,0.6035939,26,27,27,27,26,26,27,26,27,27,27,27,27,27,27,27
430,4300,469.3727,0.4836996,-0.7395902,-0.2437224,-0.6033338,0.3706556,-0.2554341,-0.3767826,-0.123863,0.8614694,0.3564771,0.3783855,0.3576473,0.5973187,0.2388037,-0.2414372,26,27,27,27,26,26,27,26,27,27,27,27,27,27,27,27
431,4310,468.8909,-0.4837445,-0.6163256,-0.7312049,-0.3619977,-0.4942099,-0.5108685,-0.5023597,0.3715886,-0.6153359,0,0.630643,-0.2384321,-0.1194641,0.4776066,0.1207194,26,27,27,27,26,26,27,26,27,27,27,27,27,27,27,27
432,4320,469.0113,0.241837,-0.6163256,1.926374E-05,-0.4826657,-0.2471056,-0.2554341,-0.7535147,-0.123863,-0.123068,0.1188251,0.252257,0,0.3583906,0.5970089,0.7243133,26,27,27,27,26,26,27,26,27,27,27,27,27,27,27,27
433,4330,469.1318,-0.1209506,-0.1232654,-0.7312049,0.3620105,-0.6177621,-0.1277172,-0.7535147,-0.3715886,-0.3692015,-0.3564771,0.1261285,0.3576473,0.3583906,0,0.4828761,26,26,27,27,26,26,27,26,27,27,27,27,27,27,27,27
434,4340,468.65,-0.1209891,-0.1232654,1.926374E-05,-0.2413297,0.2471036,-0.89402,-1.004669,0,-0.6153359,-0.3564771,0.630643,0.1192152,0.2389265,0.7164103,0.4828761,26,26,27,27,26,26,27,26,27,27,27,27,27,27,27,27
435,4350,469.8544,-0.6047144,0.1232654,-0.3655928,6.421245E-06,-0.6177621,-0.7663028,-0.5023597,-0.4954517,-0.3692015,0.4753022,0.504514,0.7152954,-0.1194641,1.313419,0.1207194,26,26,27,27,26,26,27,26,27,27,27,27,27,27,27,27
436,4360,468.65,-0.3628517,-0.4930601,0.6093738,-0.6033338,0.6177599,-1.149454,-0.7535147,-0.8670403,-0.6153359,-0.3564771,0,-0.7152954,0.3583906,0.4776066,0.9657505,26,26,27,27,26,26,27,26,27,27,27,27,27,27,27,27
437,4370,469.2522,-0.3628517,-0.3697955,-0.4874636,0.2413425,-0.3706578,-0.1277172,-1.004669,-0.7431773,-0.7384031,-0.4753022,0.252257,0.2384313,0,0.4776066,0.4828761,26,26,27,27,26,26,27,26,27,27,27,27,27,27,27,27
438,4380,469.3727,-0.3628517,0.1232654,0.2437609,-0.6033338,0.4942079,-0.89402,-0.7535147,-0.3715886,-0.2461344,-0.3564771,0.252257,-0.3576481,0.4778546,0.2388037,0.3621566,26,26,27,27,26,26,27,26,27,27,27,27,27,27,27,27
439,4390,468.8909,0.1208735,0.3697955,0.6093738,0.3620105,-0.4942099,0.3831515,-0.5023597,-0.9909033,-0.8614699,-0.7129533,-0.7567714,0.1192152,-1.075175,0.4776066,0.3621566,26,26,27,27,26,26,27,26,27,27,27,27,27,27,27,27
440,4400,469.3727,-5.779121E-05,-0.1232654,0.6093738,-0.3619977,0.3706556,-0.6385856,-5.056731E-05,-0.8670403,-0.3692015,-0.8317792,0.1261285,-0.4768642,0,0.1194023,0.2414388,26,26,27,27,26,26,27,26,27,27,27,27,27,27,27,27
441,4410,469.4931,0.2417984,0.1232654,-0.2437224,0.4826786,-0.4942099,0.2554343,-1.004669,0,-0.123068,0.1188251,-0.504514,-1.072944,-0.9557109,0.2388037,0,26,26,27,27,26,26,27,26,27,27,27,27,27,27,27,27
442,4420,469.0113,-5.779121E-05,0.1232654,0.7312442,0.2413425,0.2471036,0.1277172,-0.1256277,-0.6193147,-0.123068,-1.06943,-0.3783855,-0.2384321,-0.2389281,0,0.3621566,26,26,27,27,26,26,27,26,27,27,27,27,27,27,27,27
443,4430,469.6135,0.6045924,0.2465301,0.4875025,0.7240147,-0.6177621,0,-0.1256277,0.6193147,-1.107604,0,-0.3783855,-0.119216,-0.9557109,-0.3582052,-0.4828745,26,26,27,27,26,26,27,26,27,27,27,27,27,27,27,27
444,4440,469.6135,0.1208735,0.8628557,0.1218905,0.3620105,0.3706556,-0.1277172,-5.056731E-05,0,0.6153351,-0.4753022,-0.3783855,-0.5960802,-0.2389281,-0.2388037,-0.362155,26,26,27,27,26,26,27,26,27,27,27,27,27,27,27,27
445,4450,468.7704,-5.779121E-05,0.4930601,-0.3655928,0.3620105,-8.026557E-07,0.6385858,-0.1256277,0.7431773,-1.107604,0.2376511,-0.504514,-0.3576481,-1.314101,0.1194023,0.1207194,26,26,27,27,26,26,27,26,27,27,27,27,27,27,27,27
446,4460,469.6135,0.1208735,0.2465301,0.3656321,0.4826786,0.8648647,-0.6385856,0.2511036,-0.123863,0.1230664,-0.4753022,-0.1261285,-0.9537275,0,0.2388037,-0.1207178,26,26,27,27,26,26,27,26,27,27,27,27,27,27,27,27
447,4470,468.5296,0.4836611,-0.1232654,0.2437609,0.3620105,0.7413123,0.1277172,-0.5023597,0.3715886,-0.8614699,0.3564771,-0.504514,-0.119216,-0.8362468,-0.3582052,-0.4828745,26,26,27,27,26,26,27,26,27,27,27,27,27,27,27,27
448,4480,469.2522,-5.779121E-05,0,-0.4874636,0.8446828,-8.026557E-07,0.3831515,-0.1256277,-0.123863,0.6153351,-0.2376511,0.1261285,-0.5960802,-0.2389281,0.2388037,0,26,26,27,27,26,26,27,26,27,27,27,27,27,27,27,27
449,4490,469.0113,0.1208735,-0.4930601,0.3656321,0.3620105,-8.026557E-07,0.1277172,-0.3767826,0.123863,-0.3692015,0.5941281,-0.1261285,0.2384313,-0.9557109,0.1194023,-0.6035923,26,26,27,27,26,26,27,26,27,27,27,27,27,27,27,27
450,4500,469.493,0.1208735,0.8628557,0.1218905,0.3620105,0.1235512,-0.3831513,0.3766815,-0.4954517,0.3692007,0.2376511,0.252257,-0.8345115,0.2389265,-0.2388037,0.1207194,26,26,27,27,26,26,27,26,27,27,27,27,27,27,27,27
451,4510,469.3726,0.2417984,-0.2465301,0.8531146,0.8446828,1.359073,-0.3831513,0.1255265,0.123863,-0.2461344,0.8317792,-0.3783855,0.7152954,-0.4778546,0,-0.362155,26,26,27,26,26,26,27,26,27,27,27,27,27,27,27,27
452,4520,468.2886,-0.1209891,0.4930601,0.3656113,0.8446828,-0.1235532,0.6385858,-0.1256277,0.247726,0.4922679,-0.2376511,0,-0.7152954,0,-0.4776066,-0.1207178,26,26,27,26,26,26,27,26,27,27,27,27,27,27,27,27
453,4530,469.0113,0.4836611,-0.2465301,0.1218696,0.3620105,0.3706556,0.2554343,0.3766815,-0.247726,-0.2461344,0.5941281,0,0.5960794,-0.9557109,0.4776066,-0.7243116,26,26,27,26,26,26,27,26,27,27,27,27,27,27,27,27
454,4540,468.4091,-0.2419204,0.3697955,-0.3656133,0.6033466,-0.1236042,0.8940201,-5.056731E-05,0.3715886,0.2461336,-0.2376511,0.252257,-0.2384321,0.7167827,-0.3582052,0.7243133,26,26,27,26,26,26,27,26,27,27,27,27,27,27,27,27
455,4550,468.5295,-0.2419204,-0.6163256,-0.8530965,6.421245E-06,0.1235002,-0.2554341,0.2511036,0.247726,0.4922679,0.1188251,0.7567711,0.3576473,0.2389265,0.2388037,-0.4828745,26,26,27,26,26,26,27,26,27,27,27,27,27,27,27,27
456,4560,468.6499,-0.2419204,-0.6163256,-0.3656133,0.2413425,-0.1236042,0.3831515,-5.136996E-05,0.4954517,0.2461336,0.1188251,0.504514,-0.3576481,0.4778546,-0.1194015,0.6035939,26,26,27,26,26,26,27,26,27,27,27,27,27,27,27,27
457,4570,468.1682,-0.483783,-0.3697955,-0.4874841,-0.3619977,0.7412614,0,-5.136996E-05,0.247726,0.4922679,0.3564771,1.135157,-0.3576481,0.5973187,0.5970089,-0.362155,26,26,27,26,26,26,27,26,27,27,27,27,27,27,27,27
458,4580,469.0113,-0.7256393,-0.1232654,-0.121872,6.421245E-06,-0.7413655,0.2554343,-5.136996E-05,-0.123863,-0.3692015,0.2376511,0.1261285,-0.119216,-0.2389281,0.3582052,0.4828761,26,26,27,26,26,26,27,26,27,27,27,27,27,27,27,27
459,4590,468.0477,0.1208735,-0.8628557,0.2437408,-0.8446699,0.1235002,0.1277172,-0.1256285,-0.6193147,-0.2461344,0,0.504514,-0.119216,0.4778546,0.3582052,0.6035939,26,26,27,26,26,26,27,26,27,27,27,27,27,27,27,27
460,4600,469.493,-0.7256393,0,-0.6093549,0.2413425,-0.2471565,-0.5108685,-0.3767834,-0.6193147,0,0.1188251,0.1261285,0.3576473,0,0.2388037,0,26,26,27,26,26,26,27,26,27,27,27,27,27,27,27,27
461,4610,468.8908,-5.779121E-05,0,-0.121872,-0.1206616,0.1235002,-0.5108685,-0.8790926,-0.247726,0,-0.1188259,0.3783855,0.3576473,0.4778546,0.5970089,0.4828761,26,26,27,26,26,26,27,26,27,27,27,27,27,27,27,27
462,4620,468.8908,-0.3628517,0.1232654,-0.7312257,0.7240147,-0.2471565,0.5108687,-1.00467,0.6193147,-1.107604,-0.1188259,-0.630643,-0.2384321,0,0.4776066,0,26,26,27,26,26,26,27,26,27,27,27,27,27,27,27,27
463,4630,468.6499,0.2417984,-0.7395902,0.8530946,-0.2413297,0.7412614,-0.3831513,-0.1256285,-0.4954517,0.2461336,-0.3564771,-0.1261285,-0.2384321,-0.2389281,-0.2388037,0.1207194,26,26,27,26,26,26,27,26,27,27,27,27,27,27,27,27
464,4640,468.8908,0.1208735,0.6163256,-8.026557E-07,1.206687,-0.4942609,0.1277172,-0.5023605,-0.247726,-1.230671,-0.2376511,0.1261285,0,-0.1194641,0.2388037,0.2414388,26,26,27,26,26,26,27,26,27,27,27,27,27,27,27,27
465,4650,468.8908,0.1208735,-0.8628557,-0.4874841,0.2413425,0.617709,-0.6385856,-0.5023605,-0.9909033,-0.4922687,-0.2376511,0,-0.7152954,-0.1194641,0.3582052,0.2414388,26,27,27,26,26,26,27,26,27,27,27,27,27,27,27,27
466,4660,468.8908,0.8464871,0.2465301,-0.121872,0.2413425,-0.4942609,0,0.2511028,0.123863,-0.6153359,-0.1188259,-0.8829,-0.7152954,-0.8362468,-0.3582052,-0.9657489,26,27,27,26,26,26,27,26,27,27,27,27,27,27,27,27
467,4670,469.9749,0.3627683,0.1232654,0.2437408,0.7240147,0.494157,-0.1277172,0.2511028,-0.3715886,0.8614694,0,0.252257,-0.9537275,-0.2389281,-0.4776066,-0.1207178,26,27,27,27,26,26,27,26,27,27,27,27,27,27,27,27
468,4680,468.5296,0.6046309,0.1232654,1.926374E-05,0.7240147,-5.217262E-05,0.3831515,0.3766807,0.123863,-0.7384031,0.2376511,-0.3783855,-0.2384321,-0.9557109,0,-0.6035923,26,27,27,27,26,26,27,26,27,27,27,27,27,27,27,27
469,4690,469.1318,0.8464871,0.4930601,-0.1218512,0.7240147,0.3706046,0.2554343,0.3766807,-0.123863,0.8614694,0.1188251,0.7567711,-0.7152954,0.1194641,-0.3582052,0.1207194,26,27,27,27,26,26,27,26,27,27,27,27,27,27,27,27
470,4700,469.1318,0.1209056,0,0.7312442,0.2413425,0.4942075,-0.1277172,0.3766807,0.247726,0.3692007,0.4753022,-0.1261285,0.1192152,-0.9557109,0.3582052,-0.8450295,26,27,27,27,26,26,27,26,27,27,27,27,27,27,27,27
471,4710,468.65,0.1209056,-0.1232654,-0.3655928,0.4826786,-1.605311E-06,-0.1277172,-0.1256285,0.247726,0.4922679,0.3564771,0.3783855,-0.2384321,0.7167827,0,0.7243133,26,27,27,27,26,26,27,26,27,27,27,27,27,27,27,27
472,4720,469.1318,0.3627683,-0.1232654,0.2437609,0.9653507,1.111969,0.1277172,0.5022586,0.123863,-0.123068,0.9506044,-0.504514,-0.2384321,0,0.5970089,-0.4828745,26,27,27,27,26,26,27,26,27,27,27,27,27,27,27,27
473,4730,468.65,-0.2418819,-0.2465301,-0.4874636,0.2413425,-0.2471058,0.3831515,0.1255265,0.247726,0.2461336,0,0.252257,0.2384313,0.1194641,0.2388037,0.6035939,26,27,27,27,26,26,27,26,27,27,27,27,27,27,27,27
474,4740,468.4091,0.1209056,0,-0.4874636,-0.4826657,-1.605311E-06,-0.2554341,-0.8790918,-0.123863,0.7384023,0,0.504514,0,-0.1194641,0.5970089,0.3621566,26,27,27,27,26,26,27,26,27,27,27,27,27,27,27,27
475,4750,469.1318,-0.8465385,-0.2465301,-0.3655928,0.1206745,-0.4942102,-0.2554341,-0.1256277,0.123863,0.2461336,0.8317792,-0.1261285,0.2384313,0.4778546,-0.1194015,0.7243133,26,27,27,27,26,26,27,26,27,27,27,27,27,27,27,27
476,4760,468.7704,-0.4837445,-0.9861203,-0.3655928,-0.4826657,0.4942075,0.2554343,-5.056731E-05,0.4954517,0.3692007,0.3564771,0.7567711,0.2384313,0.1194641,0.3582052,-0.1207178,26,27,27,27,26,26,27,26,27,27,27,27,27,27,27,27
477,4770,469.1318,-0.8465385,-0.2465301,-0.9749465,0.1206745,-0.6177623,0,-5.056731E-05,0.3715886,-0.3692015,0.3564771,0.7567711,0.5960794,0,0.4776066,0.4828761,26,27,27,27,26,26,27,26,27,27,27,27,27,27,27,27
478,4780,468.65,0.9674184,-1.109386,0.3656321,-0.3619977,-0.2471058,-1.021737,-5.056731E-05,-0.6193147,0.1230664,0.1188251,0.7567711,0.1192152,1.314101,0.1194023,0.4828761,26,27,27,27,26,26,27,26,27,27,27,27,27,27,27,27
479,4790,469.6135,-0.2418819,-0.6163256,1.926374E-05,0.3620105,-1.235523,-0.3831513,-1.130247,-0.4954517,-0.7384031,-0.2376511,0,0.2384313,-0.3583922,0.3582052,0.6035939,26,27,27,27,26,26,27,26,27,27,27,27,27,27,27,27
480,4800,469.1318,0.6046309,-0.9861203,0.4875025,-0.3619977,-0.7413147,-0.3831513,-0.2512055,-0.4954517,0.2461336,-0.5941281,0,0.2384313,0.5973187,0.2388037,0,26,27,27,27,26,26,27,26,27,27,27,27,27,27,27,27
481,4810,469.3726,-2.568498E-05,0,-0.7312049,0.3620105,-0.4942102,-0.3831513,-0.7535147,-0.123863,-1.107604,-0.8317792,-0.3783855,0.4768634,-0.3583922,0.2388037,-0.362155,26,26,27,27,26,26,27,26,27,27,27,27,27,27,27,27
482,4820,469.7339,0.7255237,-0.2465301,0.4875025,0.2413425,0.4942075,-0.3831513,0.3766815,-0.6193147,0.1230664,-0.5941281,-0.8829,-0.7152954,0.1194641,0.3582052,1.086468,26,26,27,27,26,26,27,26,27,27,27,27,27,27,27,27
483,4830,469.3726,-0.2419204,0.9861203,-0.1218512,1.086019,-0.2471058,-0.1277172,-0.1256277,-0.123863,-1.353738,-0.9506044,0.1261285,0,-0.1194641,-0.7164099,0.1207194,26,26,27,27,26,26,27,26,27,27,27,27,27,27,27,27
484,4840,469.7339,0.2417984,0,0.1218905,-0.3619977,0.7413119,-0.6385856,-5.056731E-05,-0.7431773,-0.3692015,-0.7129533,-0.630643,-0.8345115,-0.3583922,-0.2388037,0.3621566,26,26,27,27,26,26,27,26,27,27,27,27,27,27,27,27
485,4850,469.1317,0.3627297,0.7395902,0.1218905,0.6033466,-0.370658,0.2554343,-0.2512055,-0.123863,-0.8614699,0.1188251,-0.3783855,-0.2384321,-0.9557109,-0.3582052,-0.9657489,26,26,27,27,26,26,27,26,27,27,27,27,27,27,27,27
486,4860,469.7339,-0.2419204,0.1232654,1.926374E-05,0.8446828,0.3706556,-0.1277172,0.5022586,0.3715886,0.1230664,-0.3564771,0.252257,-0.4768642,-0.2389281,-0.1194015,-0.1207178,26,26,27,27,26,26,27,26,27,27,27,27,27,27,27,27
487,4870,469.6135,0.6045924,0.2465301,0.4875025,0.4826786,-0.4942099,0.3831515,-0.2512055,0,-0.6153359,-0.2376511,-0.8829,0.4768634,-1.314101,-0.9552136,-0.1207178,26,26,27,27,26,26,27,26,27,27,27,27,27,27,27,27
488,4880,469.7339,-0.1209891,0,0.1218905,0.2413425,0.3706556,0.1277172,0.5022578,0.3715886,0.7384023,-0.4753022,0.7567711,-0.9537275,0,-0.1194015,0,26,26,27,27,26,26,27,26,27,27,27,27,27,27,27,27
489,4890,469.1317,0.7255237,-0.2465301,0.7312442,0.3620105,0.6177599,0,-5.136996E-05,0.247726,0.2461336,0.4753022,-0.3783855,0.2384313,-0.8362468,0.1194023,-0.7243116,26,26,27,27,26,26,27,26,27,27,27,27,27,27,27,27
490,4900,468.6499,-0.3628517,-0.3697955,-0.2437224,0.7240147,0.3706556,0.2554343,0.2511028,0.3715886,0.4922679,-0.3564771,0.3783855,-0.4768642,0.4778546,-0.1194015,-0.1207178,26,26,27,27,26,26,27,26,27,27,27,27,27,27,27,27
491,4910,468.8908,0.1208735,-0.3697955,0.4875025,0.1206745,-8.026557E-07,-0.1277172,0.5022578,-0.123863,0.2461336,0.2376511,-0.1261285,0.5960794,-1.075175,0.3582052,-0.362155,26,26,27,27,26,26,27,26,27,27,27,27,27,27,27,27
492,4920,468.6499,0.1208735,-0.1232654,-0.6093345,0.3620105,0.1235512,0.6385858,-0.3767834,0.6193147,0.4922679,0.3564771,0.7567711,-0.5960802,0.8362468,-1.074615,0.4828761,26,26,27,27,26,26,27,26,27,27,27,27,27,27,27,27
493,4930,468.7704,-0.2419204,-0.6163256,-0.7312049,0.4826786,0.2471036,0.2554343,0.2511028,0.123863,0.4922679,0.2376511,0.504514,0,0,0.5970089,0.2414388,26,26,27,27,26,26,27,26,27,27,27,27,27,27,27,27
494,4940,469.2522,-1.209365,-0.4930601,-0.6093345,-0.8446699,-0.1235532,0.2554343,0.3766807,0.4954517,-0.123068,-0.1188259,0,0.4768634,0.2389265,0.3582052,0.3621566,26,26,27,27,26,26,27,26,27,27,27,27,27,27,27,27
495,4950,468.5295,-0.483783,-0.4930601,-0.4874636,-0.2413297,-8.026557E-07,-0.7663028,-0.1256285,0.247726,0.4922679,-0.5941281,1.009029,-0.2384321,0.1194641,0.4776066,-0.362155,26,26,27,27,26,26,27,26,27,27,27,27,27,27,27,27
496,4960,469.3726,-0.9675019,0.4930601,-0.4874636,6.421245E-06,-0.7413144,-0.7663028,-0.6279384,-0.247726,-0.123068,-0.3564771,0.504514,0.2384313,-0.3583922,0.3582052,-0.2414372,26,26,27,27,26,26,27,26,27,27,27,27,27,27,27,27
497,4970,468.5296,-5.779121E-05,-1.109386,0.3656321,-0.1206616,0.2471036,-0.5108685,-0.6279384,-0.123863,0.1230664,-0.1188259,0.1261285,-0.7152954,0.3583906,0,0.3621566,26,26,27,27,26,26,27,26,27,27,27,27,27,27,27,27
498,4980,469.1318,-0.4837381,0.3697955,-0.8530757,0.2413425,-0.6177621,-0.1277172,-0.6279384,-0.6193147,-0.123068,0.3564771,-0.252257,0.3576473,-0.4778546,0.5970089,0.2414388,26,26,27,27,26,26,27,26,27,27,27,27,27,27,27,27
499,4990,469.6135,0.2418434,-0.9861203,0.4875025,-0.2413297,0.6177599,-1.021737,-0.3767834,-0.3715886,0.2461336,0.2376511,0.1261285,0.2384313,0.2389265,0.3582052,0.4828761,26,26,27,27,26,26,27,26,27,27,27,27,27,27,27,27
500,5000,469.4931,-0.1209506,0.2465301,-0.8530757,0.6033466,-0.9884189,0,-0.5023605,-1.114766,-0.9845371,0,0,0.2384313,0,0.4776066,0.2414388,26,26,27,27,26,26,27,26,27,27,27,27,27,27,27,27
501,5010,469.0113,0.1209121,-0.1232654,0.6093738,-0.4826657,0.2471036,0,-0.1256285,-0.123863,0.2461336,-0.4753022,-0.3783855,-1.072944,-0.4778546,0,0.4828761,26,26,27,27,26,26,27,26,27,27,27,27,27,27,27,27
502,5020,469.2522,-0.2418755,0.2465301,-0.1218512,0.7240147,-0.6177623,-0.1277172,-0.8790926,-0.123863,-1.230671,0,-0.7567714,-0.7152954,-0.9557109,-0.3582052,-0.2414372,26,26,27,27,26,26,27,26,27,27,27,27,27,27,27,27
503,5030,469.6135,0.3627747,0.2465301,0.4875025,6.421245E-06,-0.370658,-0.5108685,0.3766807,-0.4954517,-0.123068,-1.307081,-0.3783855,-0.3576481,-0.4778546,0.1194023,-0.4828745,26,26,27,27,26,26,27,26,27,27,27,27,27,27,27,27
504,5040,469.6135,0.1209121,0,0.3656321,0.8446828,-1.605311E-06,0.1277172,-0.1256277,0,-0.9845371,0.3564771,-0.252257,0.2384313,-0.9557109,-0.1194015,-0.362155,26,26,27,27,26,26,27,26,27,27,27,27,27,27,27,27
505,5050,469.4931,0.1209121,0.4930601,-0.2437224,6.421245E-06,0.6177595,-0.1277172,-0.3767826,-0.6193147,0.8614694,-0.2376511,0.252257,-0.119216,0.1194641,-0.3582052,-0.6035923,26,26,27,27,26,26,27,26,27,27,27,27,27,27,27,27
506,5060,469.4931,0.2418434,-0.1232654,0.1218905,0.6033466,0.6177595,0.1277172,-0.3767826,0.247726,-0.4922687,0.3564771,-0.252257,-0.119216,-1.194637,-0.7164099,-0.8450295,26,26,27,27,26,26,27,26,27,27,27,27,27,27,27,27
507,5070,468.8909,-1.926374E-05,0.3697955,0.2437609,0.4826786,0.4942075,0.2554343,0.1255265,-0.3715886,0.1230664,-0.4753022,0.252257,-0.5960802,0.2389265,-0.597008,-0.2414372,26,26,27,27,26,26,27,26,27,27,27,27,27,27,27,27
508,5080,469.0113,-1.926374E-05,-0.1232654,0.1218905,-0.1206616,0.7413119,0,0.2511036,-0.247726,0.1230664,0.4753022,0.3783855,0.1192152,-0.7167827,0,-0.2414372,26,26,27,27,26,26,27,26,27,27,27,27,27,27,27,27
509,5090,468.8909,-1.926374E-05,-0.2465301,-0.3655928,0.1206745,-0.1235536,0.5108687,0.6278357,0.9909033,0.3692007,0.1188251,0.504514,-0.4768642,0.8362468,-0.4776066,-0.1207178,26,26,27,27,26,26,27,26,27,27,27,27,27,27,27,27
510,5100,469.1318,-0.1209506,-0.6163256,-0.2437224,6.421245E-06,0.1235508,0.5108687,0.1255265,0.123863,-0.123068,0,0.1261285,0.2384313,-0.2389281,0.3582052,-0.2414372,26,26,27,27,26,26,27,26,27,27,27,27,27,27,27,27
511,5110,469.3727,-0.2418755,-0.1232654,1.926374E-05,6.421245E-06,0.1235508,0.2554343,0.1255265,0.6193147,-0.123068,0,0.504514,-0.119216,0.3583906,0.3582052,0.3621566,26,26,27,27,26,26,27,26,27,27,27,27,27,27,27,27
512,5120,468.8909,-0.3628068,-0.8628557,0.1218905,-0.3619977,0.1235508,0,0.7534136,0.4954517,0.7384023,0.4753022,0.7567711,-0.2384321,0.3583906,0.2388037,-0.4828745,26,26,27,27,26,26,27,26,27,27,27,27,27,27,27,27
513,5130,469.0113,-1.20932,-0.3697955,-0.7312049,-0.1206616,-0.4942102,-0.3831513,0.1255265,0.6193147,-0.4922687,0.2376511,-0.1261285,0.1192152,0.5973187,-0.4776066,0.1207194,26,26,27,27,26,26,27,26,27,27,27,27,27,27,27,27
514,5140,468.4091,-0.7256007,-1.109386,-0.3655928,0.1206745,-1.605311E-06,-0.1277172,0.1255265,0.6193147,0.6153351,-0.4753022,1.009029,-0.2384321,-0.4778546,0.5970089,-0.2414372,26,26,27,27,26,26,27,26,27,27,27,27,27,27,27,27
515,5150,469.4931,-0.7256007,-0.2465301,-0.8530757,0.4826786,-0.2471058,0,0.2511036,0,0,0.2376511,0.252257,0.2384313,0.1194641,0.8358118,0,26,26,27,26,26,26,27,26,27,27,27,27,27,27,27,27
516,5160,468.65,0.3627747,-0.7395902,-0.3655627,-0.9653379,-0.6177623,-1.149454,-0.6279376,-0.123863,-0.123068,0.2376511,0.504514,-0.119216,0.9557093,0.1194023,0.2414388,26,26,27,26,26,26,27,26,27,27,27,27,27,27,27,27
517,5170,469.6135,-0.7256007,0.1232654,-0.8530456,0.2413425,-0.6177623,-0.7663028,-1.004669,0.3715886,-0.123068,0.1188251,0.3783855,0.1192152,0.1194641,0.1194023,0.3621566,26,26,27,26,26,26,27,26,27,27,27,27,27,27,27,27
518,5180,468.65,0.483706,-0.8628557,0.4875331,-0.8446699,-0.1235532,-0.5108685,-0.1256277,-0.3715886,0.1230664,0.1188251,0.8828996,0.1192152,0,-0.1194015,0.3621566,26,26,27,26,26,26,27,26,27,27,27,27,27,27,27,27
519,5190,469.4931,-0.7256007,-0.1232654,-0.7311748,0.6033466,-0.9884189,-0.1277172,-0.8790918,-0.247726,0,-0.5941281,0.3783855,0.1192152,0.1194641,0.955214,-0.1207178,26,26,27,26,26,26,27,26,27,27,27,27,27,27,27,27
520,5200,469.1318,0.483706,0.1232654,0.2437914,-0.4826657,0.1235512,-1.021737,-5.056731E-05,-0.4954517,-0.2461344,0.3564771,0,-0.119216,0.2389265,0.1194023,0.4828761,26,26,27,26,26,26,27,26,27,27,27,27,27,27,27,27
521,5210,469.8544,-0.1209506,0.1232654,-0.609304,0.2413425,-0.9884189,0.2554343,-0.6279376,-0.7431773,-1.599873,-0.1188259,-0.3783855,0.2384313,-0.5973187,0,-0.2414372,26,26,27,26,26,26,27,26,27,27,27,27,27,27,27,27
522,5220,469.0113,0.8464935,0,4.976465E-05,-0.3619977,0.8648647,-0.2554341,-5.056731E-05,-0.123863,-0.3692015,-0.8317792,-0.3783855,-0.3576481,-0.2389281,-0.3582052,-0.1207178,26,26,27,26,26,26,27,26,27,27,27,27,27,27,27,27
523,5230,469.3727,0.1209121,0.3697955,0.3656618,0.8446828,-0.2471056,0.6385858,-0.8790918,0.247726,-0.8614699,0.4753022,-0.7567714,-0.8345115,-0.9557109,-0.4776066,-0.2414372,26,26,27,26,26,26,27,26,27,27,27,27,27,27,27,27
524,5240,469.4931,-0.2418755,-0.3697955,0.3656618,-0.3619977,0.2471036,0.1277172,-5.056731E-05,0,0.3692007,-1.188256,0,-0.9537275,-0.3583922,-0.3582052,0,26,26,27,26,26,26,27,26,27,27,27,27,27,27,27,27
525,5250,469.3727,-1.926374E-05,0.8628557,0.9750155,0.8446828,-8.026557E-07,0.6385858,-0.3767826,-0.123863,-0.6153359,-0.2376511,-0.630643,0.1192152,-1.194637,-0.3582052,-0.8450295,26,26,27,26,26,26,27,26,27,27,27,27,27,27,27,27
526,5260,469.4931,-0.2418755,0,0.4875331,-0.1206616,0.2471036,-0.2554341,-0.2512055,-0.6193147,0.2461336,-0.7129533,0.7567711,-0.4768642,-0.1194641,-0.597008,-0.4828745,26,26,27,26,26,26,27,26,27,27,27,27,27,27,27,27
527,5270,469.734,-1.926374E-05,-0.3697955,0.3656618,0.2413425,0.2471036,0.3831515,0.1255265,0.123863,-0.2461344,0.2376511,-0.630643,-0.119216,-0.7167827,0,-0.8450295,26,26,27,26,26,26,27,26,27,27,27,27,27,27,27,27
528,5280,469.4931,0.1209121,0.3697955,0.1219202,0.2413425,0.1235512,0.1277172,0.7534136,-0.247726,0.4922679,-0.2376511,0.8828996,-0.7152954,0.1194641,-0.3582052,0.2414388,26,26,27,26,26,26,27,26,27,27,27,27,27,27,27,27
529,5290,469.1317,-1.926374E-05,-0.3697955,0.3656618,0.2413425,-8.026557E-07,0.2554343,0.3766815,0,0.2461336,0.2376511,0,0.4768634,-0.8362468,-0.2388037,-0.362155,26,26,27,26,26,26,27,26,27,27,27,27,27,27,27,27
530,5300,468.6499,-0.483783,0.2465301,4.976465E-05,0.6033466,0.6177599,0,-0.5023597,-0.123863,-0.3692015,-0.2376511,0.630643,-0.119216,0.7167827,-0.3582052,0,26,26,27,26,26,26,27,26,27,27,27,27,27,27,27,27
531,5310,468.7704,-0.2419204,-0.8628557,-0.1218215,-0.1206616,0.4942079,-0.3831513,0.6278357,0.247726,0.1230664,-0.2376511,-0.1261285,0.5960794,-0.5973187,0.4776066,-0.362155,26,26,27,26,26,26,27,26,27,27,27,27,27,27,27,27
532,5320,468.8908,-0.6047144,-0.8628557,0.1218696,6.421245E-06,0.2471036,0.3831515,0.2511036,-0.123863,0.4922679,0.1188251,0.1261285,0.2384313,0.2389265,-0.1194015,0.2414388,26,26,27,26,26,26,27,26,27,27,27,27,27,27,27,27
533,5330,468.2886,-0.3628517,-0.4930601,-0.3656133,-0.3619977,0.4942079,-0.1277172,-5.056731E-05,0.247726,0.2461336,0,0.252257,-0.7152954,-0.1194641,0.4776066,-0.1207178,26,26,27,26,26,26,27,26,27,27,27,27,27,27,27,27
534,5340,469.0113,-1.209365,0,-0.3656133,-0.3619977,-5.217262E-05,0.3831515,0.1255265,0.123863,-0.123068,0.2376511,0.3783855,0.5960794,0.1194641,0,0.4828761,26,26,27,26,26,26,27,26,27,27,27,27,27,27,27,27
535,5350,468.6499,0.2417984,-0.9861203,0.1218696,-0.3619977,-0.3707087,-0.1277172,-0.5023597,0.247726,-0.123068,-0.2376511,0.252257,0.1192152,0.8362468,0.1194023,-0.1207178,26,26,27,26,26,26,27,26,27,27,27,27,27,27,27,27
536,5360,469.1317,-0.483783,0.3697955,-0.6093549,6.421245E-06,-0.4942609,-1.021737,-0.5023605,-0.3715886,-0.2461344,-0.2376511,0.3783855,0.4768634,-0.1194641,0.7164103,0.3621566,26,26,27,26,26,26,27,26,27,27,27,27,27,27,27,27
537,5370,468.8908,-5.779121E-05,-0.8628557,0.1218696,-0.6033338,0.1235002,-0.7663028,-0.1256285,-0.247726,-0.4922687,-0.3564771,0.1261285,-0.3576481,0.1194641,0.2388037,0.1207194,26,26,27,26,26,26,27,26,27,27,27,27,27,27,27,27
538,5380,469.2522,-0.3628517,0.3697955,-0.121872,1.206687,-0.8649177,0.2554343,-0.6279384,-0.123863,-0.6153359,-0.7129533,0.252257,-0.2384321,-0.4778546,0.2388037,-0.2414372,26,26,27,26,26,26,27,26,27,27,27,27,27,27,27,27
539,5390,469.493,0.4836611,-0.3697955,0.4874825,0.1206745,0.617709,-0.2554341,-0.2512063,-0.4954517,0,-0.8317792,-1.009028,-0.2384321,-0.2389281,0.8358118,-0.2414372,26,26,27,26,26,26,27,26,27,27,27,27,27,27,27,27
540,5400,469.493,0.1208735,0.3697955,-0.4874841,0.7240147,-0.8649177,0.1277172,-0.6279384,0.3715886,-0.2461344,-1.06943,0,-0.3576481,-0.3583922,-0.3582052,-0.2414372,26,26,27,26,26,26,27,26,27,27,27,27,27,27,27,27
541,5410,469.493,0.3627297,0,0.1218696,6.421245E-06,0.617709,-0.5108685,0.6278349,-0.123863,0.1230664,-0.3564771,-0.504514,-0.3576481,0.1194641,0,0.4828761,26,26,27,26,26,26,27,26,27,27,27,27,27,27,27,27
542,5420,469.2522,0.3627297,0.1232654,0.8530946,0.2413425,0.2470526,0.3831515,-0.6279384,0.123863,-0.8614699,-0.3564771,0.1261285,-0.119216,-1.314101,0,-0.6035923,26,26,27,26,26,26,27,26,27,27,27,27,27,27,27,27
543,5430,469.1317,0.4836611,-0.3697955,0.2437408,0.4826786,1.359022,-0.3831513,0.6278349,-0.123863,0.8614694,-0.8317792,-0.1261285,-0.4768642,0,0,-0.2414372,26,26,27,26,26,26,27,26,27,27,27,27,27,27,27,27
544,5440,469.2522,0.3627297,-0.1232654,0.2437408,0.6033466,-0.2471565,0.7663028,-0.3767834,0.6193147,-0.4922687,0.4753022,-0.1261285,-0.119216,-1.194637,0,-0.2414372,26,26,27,26,26,26,27,26,27,27,27,27,27,27,27,27
545,5450,469.1318,-0.2419204,0.1232654,-8.026557E-07,0.7240147,0.2470526,0.1277172,-0.2512063,-0.3715886,0.7384023,-0.1188259,0.8828996,-0.4768642,-0.1194641,-0.3582052,0,26,27,27,26,26,26,27,26,27,27,27,27,27,27,27,27
546,5460,468.7704,0.241837,-0.6163256,-0.4874841,0.3620105,0.2470526,0,0.6278349,0.7431773,0.1230664,-0.3564771,-0.1261285,0.2384313,-0.8362468,0.7164103,-0.6035923,26,27,27,26,26,26,27,26,27,27,27,27,27,27,27,27
547,5470,468.2886,-2.568498E-05,0.1232654,-0.3656133,0.1206745,-0.1236042,0.6385858,-0.1256285,0.4954517,0.2461336,0.2376511,0.3783855,-0.119216,0.1194641,-0.1194015,0.1207194,26,27,27,27,26,26,27,26,27,27,27,27,27,27,27,27
548,5480,467.8069,-0.6046758,-0.4930601,-0.2437224,-0.3619977,-0.2471565,0.1277172,0.3766807,0.6193147,0.7384023,-0.5941281,0.3783855,-0.119216,-0.2389281,0.7164103,-0.2414372,26,27,27,27,26,26,27,26,27,27,27,27,27,27,27,27
549,5490,468.8909,-0.3628132,0,-0.4874636,0.1206745,-0.6178133,-0.7663028,-0.6279384,-0.4954517,0.2461336,0.1188251,0,-0.2384321,-0.4778546,0.5970089,0.3621566,26,27,27,27,26,26,27,26,27,27,27,27,27,27,27,27
550,5500,468.65,-0.1209506,-0.6163256,-0.2437224,-0.8446699,-0.1236042,-0.7663028,-0.6279384,-0.123863,-0.2461344,0,0.504514,-0.119216,0.3583906,0.3582052,0.1207194,26,27,27,27,26,26,27,26,27,27,27,27,27,27,27,27
551,5510,469.0113,-0.2418819,1.109386,-0.9749465,6.421245E-06,-0.4942609,-0.2554341,-1.00467,-0.7431773,-0.7384031,-0.5941281,-0.630643,-0.119216,-0.4778546,0.7164103,0.4828761,26,27,27,27,26,26,27,26,27,27,27,27,27,27,27,27
552,5520,469.1318,0.6046309,-0.3697955,0.4875025,-0.8446699,0.7412614,-0.89402,0.1255265,-0.247726,0,-0.4753022,-0.504514,-0.4768642,0.1194641,0.4776066,0.4828761,26,27,27,27,26,26,27,26,27,27,27,27,27,27,27,27
553,5530,469.0113,-0.2418819,0.3697955,0.2437609,0.7240147,-0.4942609,0.1277172,-0.3767826,-0.7431773,-0.7384031,-0.3564771,0,0.5960794,0,0.4776066,-0.7243116,26,27,27,27,26,26,27,26,27,27,27,27,27,27,27,27
554,5540,469.734,-0.4837445,0.2465301,1.926374E-05,0.4826786,0.3706046,0.2554343,-0.2512055,-0.247726,0.4922679,-0.4753022,0.252257,-1.072944,-0.2389281,0.2388037,0.1207194,26,27,27,27,26,26,27,26,27,27,27,27,27,27,27,27
555,5550,469.1318,0.8464871,0.4930601,0.7312442,0.7240147,0.494157,0.6385858,-0.1256277,0.3715886,-0.7384031,0.4753022,-0.630643,0.2384313,-0.8362468,0,-0.2414372,26,27,27,27,26,26,27,26,27,27,27,27,27,27,27,27
556,5560,469.3727,0.1209056,-0.2465301,-0.2437224,0.6033466,0.617709,0.6385858,0.3766815,-0.123863,0.4922679,-0.1188259,0.630643,-0.8345115,0.7167827,-0.7164099,-0.2414372,26,27,27,27,26,26,27,26,27,27,27,27,27,27,27,27
557,5570,468.7704,-0.1209506,-0.1232654,1.926374E-05,0.2413425,0.3706046,0.1277172,0.1255265,0.123863,-0.3692015,0.5941281,-0.3783855,0.2384313,-0.5973187,0.5970089,-0.6035923,26,27,27,27,26,26,27,26,27,27,27,27,27,27,27,27
558,5580,468.2886,-0.2418819,0,-0.2437224,0.3620105,-0.1236042,0.5108687,-0.2512055,-0.247726,0.1230664,-0.2376511,0.7567711,-0.3576481,0,-0.4776066,0.7243133,26,27,27,27,26,26,27,26,27,27,27,27,27,27,27,27
559,5590,468.65,0.1209056,-0.9861203,1.926374E-05,0.2413425,0.3706046,0.1277172,0.5022586,0.247726,0.3692007,0.1188251,0,-0.4768642,-0.7167827,0.2388037,-0.362155,26,27,27,27,26,26,27,26,27,27,27,27,27,27,27,27
560,5600,468.0478,-0.2418819,-0.3697955,-0.3655928,0.6033466,-0.2471565,0.7663028,-0.2512055,-0.123863,0.7384023,0.2376511,0.252257,0.2384313,0.8362468,-0.3582052,0.6035939,26,27,27,27,26,26,27,26,27,27,27,27,27,27,27,27
561,5610,468.2886,-0.1209506,-0.8628557,-0.9749465,-0.3619977,-0.1236042,0,-0.1256277,0.3715886,0.7384023,0.5941281,1.135157,-0.2384321,0.4778546,0.3582052,0,26,26,27,27,26,26,27,26,27,27,27,27,27,27,27,27
562,5620,468.4091,-0.7256393,-0.3697955,-0.2437224,-0.6033338,-0.4942609,0.1277172,0.2511036,0.7431773,-0.123068,0.3564771,0.252257,-0.4768642,0.2389265,0.5970089,0.3621566,26,26,27,27,26,26,27,26,27,27,27,27,27,27,27,27
563,5630,468.1682,-5.779121E-05,-0.7395902,-0.4874636,-0.1206616,-0.2471565,-0.2554341,0.3766815,0.247726,-0.123068,-0.3564771,0.3783855,0.1192152,0,0,0.4828761,26,26,27,26,26,26,27,26,27,27,27,27,27,27,27,27
564,5640,469.4931,-0.7256393,0.1232654,-0.7311748,-0.3619977,-0.1236042,-0.1277172,-5.056731E-05,-0.123863,0,-0.1188259,0.1261285,-0.119216,-0.1194641,0,0,26,26,27,26,26,26,27,26,27,27,27,27,27,27,27,27
565,5650,469.2522,0.3627297,-0.4930601,-0.2436919,-0.2413297,0.494157,-1.021737,-0.3767826,-0.247726,-0.3692015,-0.1188259,0.1261285,0.4768634,0.5973187,0.1194023,0.4828761,26,26,27,26,26,26,27,26,27,27,27,27,27,27,27,27
566,5660,469.0113,-0.8465706,0.2465301,-0.609304,0.2413425,-0.7413144,0,-1.757943,-0.6193147,-0.9845371,-0.8317792,-0.1261285,-0.2384321,0,0.1194023,-0.2414372,26,26,27,26,26,26,27,26,27,27,27,27,27,27,27,27
567,5670,468.65,-0.483783,-0.7395902,0.3656618,-1.206661,0.1235512,-0.6385856,-0.1256277,-0.247726,-0.3692015,-0.4753022,0.1261285,0.1192152,0.1194641,0.1194023,0.3621566,26,26,27,26,26,26,27,26,27,27,27,27,27,27,27,27
568,5680,469.1318,-0.2419204,0.6163256,-0.7311748,0.7240147,-0.4942099,-0.2554341,-0.7535147,-0.123863,-0.8614699,-0.8317792,0,-0.4768642,-0.2389281,0.2388037,-0.1207178,26,26,27,26,26,26,27,26,27,27,27,27,27,27,27,27
569,5690,469.6135,-5.779121E-05,0.3697955,0.2437914,-0.8446699,0.6177599,-0.2554341,0.3766815,-0.4954517,0,-0.9506044,-0.630643,-0.5960802,0.2389265,-0.3582052,-0.1207178,26,26,27,26,26,26,27,26,27,27,27,27,27,27,27,27
570,5700,468.7704,0.6045924,0.1232654,0.3656618,0.4826786,-0.1235532,0.3831515,0.1255265,0.6193147,-0.3692015,-0.1188259,-0.252257,-0.3576481,-1.433565,0,-0.2414372,26,26,27,26,26,26,27,26,27,27,27,27,27,27,27,27
571,5710,469.4931,-0.3628517,0.1232654,4.976465E-05,0.9653507,0.2471036,-0.2554341,-0.2512055,-0.123863,0.4922679,-0.8317792,0.252257,-1.072944,0,-0.2388037,-0.6035923,26,26,27,26,26,26,27,26,27,27,27,27,27,27,27,27
572,5720,468.4091,0.4836611,0,0.6094035,0.4826786,0.4942079,0.1277172,-0.3767826,0.123863,0.1230664,0.7129533,0.1261285,0,-0.3583922,0.2388037,-0.9657489,26,26,27,26,26,26,27,26,27,27,27,27,27,27,27,27
573,5730,468.4091,-0.9675019,0.3697955,4.976465E-05,0.6033466,-0.2471056,0.6385858,0.3766815,-0.123863,0.4922679,-0.7129533,0.1261285,-0.4768642,0.7167827,-0.1194015,0.4828761,26,26,27,26,26,26,27,26,27,27,27,27,27,27,27,27
574,5740,468.2886,-0.2419204,0.6163256,0.2437914,0.2413425,0.2471036,0,0.2511036,0.6193147,-0.123068,0.5941281,0,-0.119216,-0.2389281,0.7164103,-0.9657489,26,26,27,26,26,26,27,26,27,27,27,27,27,27,27,27
575,5750,468.4091,-0.483783,0.1232654,0.1219202,0.6033466,0.4942079,0.7663028,-0.2512055,0.4954517,0.3692007,0.1188251,0.8828996,-0.2384321,0.5973187,-0.4776066,0.3621566,26,26,27,26,26,26,27,26,27,27,27,27,27,27,27,27
576,5760,467.9273,-0.2419204,-0.1232654,0.3656618,0.6033466,1.235521,0,0.1255265,0.123863,0,0.5941281,-0.7567714,0.3576473,-0.7167827,-0.2388037,-0.4828745,26,26,27,26,26,26,27,26,27,27,27,27,27,27,27,27
577,5770,468.2886,-0.483783,-0.3697955,0.2437914,0.4826786,-8.026557E-07,0.1277172,0.1255265,0.4954517,0,0.4753022,-0.1261285,0.1192152,0.4778546,0,0.8450311,26,26,27,26,26,26,27,26,27,27,27,27,27,27,27,27
578,5780,468.65,-0.1209891,-0.7395902,-0.4874335,0.3620105,0.4942079,0.2554343,-5.056731E-05,-0.123863,0.1230664,0,0.630643,0.3576473,-1.075175,0.2388037,0.1207194,26,26,27,26,26,26,27,26,27,27,27,27,27,27,27,27
579,5790,467.9273,-0.6047144,-0.7395902,-0.1218215,-0.7240018,0.1235512,-0.1277172,0.7534136,0,-0.123068,-0.1188259,0.504514,0,-0.1194641,0,0.2414388,26,26,27,26,26,26,27,26,27,27,27,27,27,27,27,27
580,5800,468.5296,-5.779121E-05,-0.7395902,-0.2436919,6.421245E-06,-0.4942099,-0.3831513,0.3766815,-0.123863,0.1230664,0,0.504514,0.2384313,0.2389265,0.7164103,0,26,26,27,26,26,26,27,26,27,27,27,27,27,27,27,27
581,5810,469.0113,-0.6047144,0,-0.3655627,6.421245E-06,-0.7413144,-0.3831513,0.3766815,0,-0.4922687,0.3564771,0,0.5960794,0.1194641,0.5970089,-0.1207178,26,26,27,26,26,26,27,26,27,27,27,27,27,27,27,27
582,5820,468.4091,0.2417984,-0.9861203,-0.609304,6.421245E-06,-0.3706578,-0.7663028,-0.1256277,0,0,0.2376511,0.8828996,-0.119216,-0.1194641,0.3582052,0,26,26,27,26,26,26,27,26,27,27,27,27,27,27,27,27
583,5830,469.0113,-0.7256393,0,-1.218658,-0.1206616,-0.7413144,-0.2554341,-0.2512055,-0.123863,0,0.1188251,0.3783855,0.1192152,-0.3583922,0.4776066,0.3621566,26,26,27,26,26,26,27,26,27,27,27,27,27,27,27,27
584,5840,468.7704,0.1208735,0.2465301,-0.3655627,-0.4826657,0.1235512,-0.89402,-0.3767826,0,-0.4922687,0,0.1261285,0.4768634,0.2389265,0.4776066,-0.1207178,26,26,27,26,26,26,27,26,27,27,27,27,27,27,27,27
585,5850,469.1318,-0.8465706,0.8628557,-0.609304,0.8446828,-1.111971,-0.2554341,-0.5023597,-0.7431773,-0.8614699,-0.7129533,0.1261285,0,-0.1194641,0.2388037,0,26,26,27,26,26,26,27,26,27,27,27,27,27,27,27,27
586,5860,468.65,0.2417984,-0.2465301,4.976465E-05,-0.1206616,0.1235512,-0.89402,-0.1256277,-0.3715886,-0.6153359,-0.7129533,0.1261285,-0.3576481,0,0.4776066,0.3621566,26,26,27,26,26,26,27,26,27,27,27,27,27,27,27,27
587,5870,469.1318,0.2417984,0,-0.4874335,0.3620105,-0.3706578,0.2554343,-0.7535147,-0.7431773,-0.6153359,-0.3564771,0,-0.7152954,-0.3583922,0.1194023,0.2414388,26,26,27,26,26,26,27,26,27,27,27,27,27,27,27,27
588,5880,468.8909,0.3627297,0,0.4875331,0.2413425,0.4942079,-0.3831513,0.1255265,-0.7431773,0,-0.9506044,-0.3783855,-0.5960802,-0.3583922,0,0.1207194,26,26,27,26,26,26,27,26,27,27,27,27,27,27,27,27
589,5890,468.4091,0.1208735,-0.1232654,4.976465E-05,0.9653507,-0.2471056,0.2554343,-0.7535147,0.4954517,-1.107604,-0.2376511,0,-0.119216,-0.8362468,0,-0.2414372,26,26,27,26,26,26,27,26,27,27,27,27,27,27,27,27
590,5900,469.6135,0.4836611,-0.3697955,-0.7311748,6.421245E-06,0.6177599,0.2554343,-0.1256277,-0.6193147,0.2461336,-0.2376511,0,-0.9537275,-0.7167827,0.2388037,-0.8450295,26,26,27,26,26,26,27,26,27,27,27,27,27,27,27,27
591,5910,469.6135,0.3627297,-0.1232654,0.3656618,0.2413425,0.9884167,0.5108687,0.1255265,0.123863,-0.8614699,-0.2376511,-0.7567714,0.1192152,-1.791958,-0.7164099,-0.7243116,26,26,27,26,26,26,27,26,27,27,27,27,27,27,27,27
592,5920,469.2522,-0.2419204,0.8628557,0.2437914,0.6033466,0.2471036,0.2554343,0.6278357,0.123863,0.8614694,-0.5941281,0.1261285,-0.8345115,0,-1.074615,-0.1207178,26,26,27,26,26,26,27,26,27,27,27,27,27,27,27,27
593,5930,469.1317,0.3627297,-0.6163256,1.340628,0.1206745,0.8648647,0.3831515,0.1255265,-0.4954517,0,0.4753022,-0.252257,0.2384313,-0.8362468,0.4776066,-0.7243116,26,26,27,26,26,26,27,26,27,27,27,27,27,27,27,27
594,5940,469.493,-5.779121E-05,0.1232654,0.2437914,0.7240147,0.2471036,0.7663028,-5.056731E-05,0,0.7384023,-0.2376511,0.252257,-0.7152954,0.4778546,-0.3582052,-0.362155,26,26,27,26,26,26,27,26,27,27,27,27,27,27,27,27
595,5950,467.8068,-0.9675019,-0.7395902,-0.2436919,-0.3619977,0.1235512,0.1277172,0.5022586,-0.123863,-0.2461344,0.7129533,0.1261285,0,-0.5973187,0,-0.362155,26,26,27,26,26,26,27,26,27,27,27,27,27,27,27,27
596,5960,467.6864,-0.2419204,-0.2465301,-8.026557E-07,-0.3619977,-0.2471056,0,-0.1256277,0.123863,0.2461336,0.2376511,-0.3783855,0,0.1194641,0.1194023,0.8450311,26,26,27,26,26,26,27,26,27,27,27,27,27,27,27,27
597,5970,468.8908,-0.1209891,-0.7395902,-0.4874841,-0.8446699,-0.1235532,-0.1277172,-5.056731E-05,-0.123863,0.3692007,0,0.8828996,0.1192152,0.1194641,-0.1194015,-0.2414372,26,26,27,26,26,26,27,26,27,27,27,27,27,27,27,27
598,5980,468.5295,-0.7256393,-0.4930601,-0.121872,0.1206745,-0.1236042,-0.1277172,-0.1256277,0.123863,-0.123068,0.7129533,0.504514,0,0.1194641,0.1194023,0.2414388,26,26,27,26,26,26,27,26,27,27,27,27,27,27,27,27
599,5990,468.7704,0.3627297,-0.9861203,0.2437408,-0.1206616,0.1235002,-1.021737,-0.5023597,-0.4954517,0.1230664,-0.3564771,-0.1261285,0.3576473,0.5973187,0.2388037,0.3621566,26,26,27,26,26,26,27,26,27,27,27,27,27,27,27,27
600,6000,469.3726,-0.2419204,0.4930601,-8.026557E-07,0.8446828,-0.6178133,-0.1277172,-0.7535155,-0.7431773,-0.3692015,-0.3564771,0,0,0.2389265,0.1194023,0.1207194,26,26,27,26,26,26,27,26,27,27,27,27,27,27,27,27
601,6010,469.1317,0.9673799,-0.4930601,0.4874825,-0.6033338,0.7412614,-0.89402,-5.136996E-05,-0.247726,-0.123068,-0.4753022,0,0,0.2389265,0.2388037,0.3621566,26,26,27,26,26,26,27,26,27,27,27,27,27,27,27,27
602,6020,468.8908,0.1208735,0.2465301,-0.3656133,0.4826786,-0.7413655,0,-0.5023605,0,-0.8614699,-0.1188259,-0.1261285,0.2384313,-0.5973187,0,-0.6035923,26,26,27,26,26,26,27,26,27,27,27,27,27,27,27,27
603,6030,469.0113,-5.779121E-05,0.1232654,-0.3656133,0.1206745,0.617709,0.3831515,0.2511028,-0.247726,0,-1.06943,0,-0.5960802,-0.2389281,-0.2388037,-0.6035923,26,26,27,26,26,26,27,26,27,27,27,27,27,27,27,27
604,6040,469.0113,0.4836611,-0.3697955,0.2437408,0.3620105,0.2470526,0.6385858,-0.2512063,0.247726,-0.4922687,0.4753022,-0.3783855,-0.119216,-0.9557109,-0.597008,-0.8450295,26,26,27,26,26,26,27,26,27,27,27,27,27,27,27,27
605,6050,469.0113,0.4836611,0.1232654,-0.121872,0.2413425,-0.3707087,-0.2554341,-0.3767834,-0.123863,0.3692007,-0.3564771,0.630643,-0.7152954,0.3583906,-0.3582052,0.2414388,26,26,27,26,26,26,27,26,27,27,27,27,27,27,27,27
606,6060,468.8908,0.1208735,0.4930601,0.7312241,0.3620105,0.3706046,0.1277172,0.1255257,0.123863,0,0.4753022,-0.252257,0.3576473,-0.8362468,0.2388037,-1.086467,26,26,27,26,26,26,27,26,27,27,27,27,27,27,27,27
607,6070,469.0113,-0.483783,-0.2465301,-0.121872,0.6033466,0.1235002,-0.1277172,-0.2512063,0.8670407,0.4922679,0.3564771,0.8828996,-0.119216,0.7167827,-0.3582052,0.8450311,26,26,27,26,26,26,27,26,27,27,27,27,27,27,27,27
608,6080,468.4091,-0.2419204,-0.6163256,-8.026557E-07,6.421245E-06,-0.1236042,0.5108687,0.1255257,0.3715886,0.9845359,0.2376511,0.7567711,0.2384313,0.1194641,0.2388037,-0.1207178,26,26,27,26,26,26,27,26,27,27,27,27,27,27,27,27
609,6090,469.2522,-0.8465706,-0.1232654,-0.121872,-0.3619977,-0.1236042,-0.5108685,-0.3767834,0,-0.4922687,-0.1188259,-0.1261285,0,-0.1194641,0.3582052,0.3621566,26,26,27,26,26,26,27,26,27,27,27,27,27,27,27,27
610,6100,468.4091,-0.1209891,-0.7395902,-8.026557E-07,-0.6033338,0.1235002,-0.1277172,0.5022578,-0.123863,0.2461336,-0.1188259,1.135157,0.2384313,0.1194641,0.1194023,0.2414388,26,26,27,26,26,26,27,26,27,27,27,27,27,27,27,27
611,6110,469.1318,-0.483783,-0.2465301,-0.4874841,0.3620105,-0.3707087,-0.7663028,-1.00467,-0.123863,-0.4922687,0.1188251,0.252257,0.2384313,-0.3583922,0.4776066,0.4828761,26,26,27,27,26,26,27,26,27,27,27,27,27,27,27,27
612,6120,468.2886,0.2417984,-0.2465301,1.926374E-05,-0.7240018,-5.217262E-05,-0.89402,-5.136996E-05,-0.3715886,-0.3692015,-0.1188259,0.1261285,-0.2384321,0.3583906,0.2388037,0.3621566,26,26,27,27,26,26,27,26,27,27,27,27,27,27,27,27
613,6130,469.2522,-0.3628517,0.2465301,-0.4874636,0.3620105,-0.7413655,-0.3831513,-0.6279384,-0.4954517,-0.6153359,0,0.252257,0.2384313,-0.5973187,0.2388037,-0.1207178,26,26,27,27,26,26,27,26,27,27,27,27,27,27,27,27
614,6140,469.2522,0.1208735,-0.3697955,0.2437609,-0.6033338,-8.026557E-07,-0.7663028,0.6278349,-0.4954517,-0.2461344,-0.4753022,0,-0.4768642,0.4778546,-0.2388037,0.1207194,26,26,27,27,26,26,27,26,27,27,27,27,27,27,27,27
615,6150,469.0113,-0.3628517,-0.2465301,-0.6093345,0.8446828,-0.4942099,0.3831515,-0.8790926,-0.3715886,-0.9845371,-0.4753022,-0.630643,-0.5960802,-0.5973187,-0.3582052,0,26,26,27,27,26,26,27,26,27,27,27,27,27,27,27,27
616,6160,469.3727,0.3627297,0,0.2437609,0.6033466,0.7413123,-0.3831513,-0.2512063,-0.3715886,0.1230664,-0.5941281,-0.3783855,-0.2384321,-0.2389281,-0.1194015,0.2414388,26,26,27,27,26,26,27,26,27,27,27,27,27,27,27,27
617,6170,469.3727,0.6045924,-0.1232654,-0.2437224,0.1206745,-8.026557E-07,0.2554343,-0.3767834,0,-0.7384031,-0.4753022,-0.504514,-0.2384321,-0.8362468,0,0,26,26,27,27,26,26,27,26,27,27,27,27,27,27,27,27
618,6180,469.734,-0.2419204,0.6163256,0.3656321,0.2413425,0.1235512,-0.1277172,0.7534127,-0.3715886,0.3692007,-0.7129533,0.1261285,-0.8345115,0.5973187,-0.2388037,-0.2414372,26,26,27,27,26,26,27,26,27,27,27,27,27,27,27,27
619,6190,469.0113,0.6045924,0,0.9749858,0.4826786,0.2471036,0.2554343,0.2511028,0.4954517,-0.7384031,0.5941281,-0.1261285,0.5960794,-0.2389281,0,-0.2414372,26,26,27,27,26,26,27,26,27,27,27,27,27,27,27,27
620,6200,468.8909,-0.1209891,0.1232654,1.926374E-05,0.4826786,-0.1235532,0.8940201,-5.136996E-05,-0.123863,0.2461336,0.1188251,0.630643,-0.3576481,0.4778546,-0.4776066,0.1207194,26,26,27,27,26,26,27,26,27,27,27,27,27,27,27,27
621,6210,469.1318,-0.483783,0,0.1218905,0.4826786,0.6177599,-0.3831513,0.6278349,-0.123863,0.1230664,0.3564771,0.1261285,0.2384313,-0.9557109,0.3582052,-0.9657489,26,26,27,27,26,26,27,26,27,27,27,27,27,27,27,27
622,6220,468.2886,-0.2419204,-0.4930601,-0.3655928,0.2413425,-0.3706578,0.5108687,-5.136996E-05,0.3715886,-0.2461344,-0.2376511,0.7567711,0.1192152,0.5973187,0.3582052,1.207188,26,26,27,27,26,26,27,26,27,27,27,27,27,27,27,27
623,6230,468.8909,-5.779121E-05,-0.3697955,-0.8530757,-0.1206616,0.1235512,0.6385858,0.8789898,0.123863,0,-0.2376511,0.252257,-0.119216,-0.1194641,0.2388037,-0.362155,26,26,27,27,26,26,27,26,27,27,27,27,27,27,27,27
624,6240,468.65,-0.7256393,-0.4930601,-0.1218512,-0.3619977,-0.1235532,0.2554343,-0.1256285,0.3715886,-0.3692015,-0.1188259,0.252257,0.1192152,0.4778546,0.7164103,0.4828761,26,26,27,27,26,26,27,26,27,27,27,27,27,27,27,27
625,6250,468.1682,-0.3628517,-1.355916,-0.6093345,-0.3619977,-0.2471056,0.1277172,0.3766807,0.6193147,0.3692007,0.1188251,0.504514,-0.2384321,0.1194641,0.4776066,0.1207194,26,26,27,27,26,26,27,26,27,27,27,27,27,27,27,27
626,6260,469.1318,-0.3628517,0.2465301,-0.9749465,0.7240147,-0.7413144,-0.3831513,-0.6279384,0.123863,-0.7384031,0,0.1261285,0.2384313,0,-0.1194015,0.3621566,26,26,27,27,26,26,27,26,27,27,27,27,27,27,27,27
627,6270,468.1682,-0.2419204,-0.8628557,0.3656321,-0.1206616,-8.026557E-07,0,-0.6279384,-0.123863,-0.3692015,-0.4753022,-0.1261285,0,-0.1194641,0.2388037,0.7243133,26,26,27,27,26,26,27,26,27,27,27,27,27,27,27,27
628,6280,469.4931,-0.6047144,0.7395902,0.3656321,0.3620105,-0.7413144,-0.5108685,-0.8790926,0,-0.6153359,0.1188251,-0.252257,-0.2384321,-0.4778546,0.7164103,-0.1207178,26,26,27,27,26,26,27,26,27,27,27,27,27,27,27,27
629,6290,469.0113,0.3627297,-0.9861203,-0.1218512,-0.3619977,0.9884167,-0.5108685,-5.136996E-05,-0.3715886,-0.2461344,0,-0.504514,-0.119216,-0.1194641,0.3582052,-0.1207178,26,26,27,27,26,26,27,26,27,27,27,27,27,27,27,27
630,6300,469.1318,0.2417984,-0.4930601,-0.1218512,0.8446828,-1.605311E-06,-0.3831513,-0.1256285,0.3715886,-1.107604,-0.1188259,-0.504514,0,-0.8362468,-0.1194015,-0.362155,26,26,27,27,26,26,27,26,27,27,27,27,27,27,27,27
631,6310,469.3727,-0.1209891,0.2465301,0.1218905,0.3620105,0.3706551,0.1277172,0.3766807,-0.6193147,0.7384023,-0.7129533,-0.1261285,-0.5960802,-0.4778546,0.4776066,-0.6035923,26,26,27,27,26,26,27,26,27,27,27,27,27,27,27,27
632,6320,469.8544,0.3627297,0,1.926374E-05,0.1206745,0.3706551,0.6385858,-0.3767818,0.247726,-0.8614699,-0.1188259,-0.1261285,0,-0.8362468,0.1194023,-0.7243116,26,26,27,27,26,26,27,26,27,27,27,27,27,27,27,27
633,6330,469.1318,0.1208735,0.6163256,-0.1218512,0.2413425,0.1235508,0.7663028,0.2511044,-0.6193147,0.4922679,-0.3564771,0.3783855,-0.8345115,0.5973187,0,-0.2414372,26,26,27,27,26,26,27,26,27,27,27,27,27,27,27,27
634,6340,469.3727,0.6045924,0.2465301,1.340598,0.6033466,0.4942075,0.3831515,0.5022594,0.123863,-0.123068,0.2376511,-0.504514,0.4768634,-1.314101,-0.3582052,-0.7243116,26,26,27,27,26,26,27,26,27,27,27,27,27,27,27,27
635,6350,468.65,-0.483783,0.1232654,-0.4874636,0.4826786,-0.370658,0.1277172,-0.1256268,-0.247726,0.4922679,-0.3564771,0.3783855,-0.119216,0.8362468,-0.3582052,0.2414388,26,26,27,27,26,26,27,26,27,27,27,27,27,27,27,27
636,6360,468.7704,0.3627297,0.2465301,0.3656321,0.2413425,0.1235508,0.3831515,0.3766823,-0.123863,-0.123068,0,-0.630643,0.1192152,-0.9557109,0,-0.9657489,26,26,27,27,26,26,27,26,27,27,27,27,27,27,27,27
637,6370,468.5296,-0.483783,-0.3697955,-0.2437224,6.421245E-06,-0.6177623,0.3831515,0.2511044,0.6193147,0.2461336,0.1188251,0.252257,-0.5960802,0.2389265,-0.1194015,0.6035939,26,26,27,27,26,26,27,26,27,27,27,27,27,27,27,27
638,6380,468.65,-0.1209891,-0.6163256,-0.7312049,-0.2413297,0.7413119,0.5108687,0.5022594,0.3715886,0,0.2376511,0.504514,-0.2384321,0,0.3582052,0,26,26,27,27,26,26,27,26,27,27,27,27,27,27,27,27
639,6390,469.2522,-0.7256393,-0.6163256,-0.4874636,0.2413425,-1.605311E-06,0.2554343,0.1255273,0.123863,-0.123068,0,-0.252257,0.1192152,-0.1194641,-0.3582052,0.2414388,26,26,27,27,26,26,27,26,27,27,27,27,27,27,27,27
640,6400,468.5296,-0.483783,-0.9861203,-0.4874636,-0.3619977,0.4942075,-0.1277172,0.3766823,-0.123863,0.3692007,-0.1188259,0.630643,0.1192152,0.3583906,0,-0.4828745,26,26,27,27,26,26,27,26,27,27,27,27,27,27,27,27
641,6410,469.2522,-0.8465706,0.2465301,-0.2437224,6.421245E-06,-0.4942102,-0.2554341,-0.7535139,-0.3715886,-0.4922687,-0.2376511,0.504514,0.4768634,0,0.4776066,-0.1207178,26,26,27,27,26,26,27,26,27,27,27,27,27,27,27,27
642,6420,468.65,-0.1209827,-0.9861203,-0.2437224,-1.085993,-0.1235536,-0.1277172,-0.7535139,0,-0.123068,0.4753022,0.1261285,0.2384313,0.4778546,0.2388037,0.2414388,26,26,27,27,26,26,27,26,27,27,27,27,27,27,27,27
643,6430,469.9749,-0.241914,0,-0.7312049,0.1206745,-0.7413147,-0.2554341,-0.2512047,-0.6193147,-0.2461344,0.1188251,-0.1261285,0.2384313,-0.2389281,0.4776066,0,26,26,27,27,26,26,27,26,27,27,27,27,27,27,27,27
644,6440,468.65,0.1208799,-0.6163256,0.4875025,-0.4826657,0.2471032,-0.5108685,-0.6279368,-0.4954517,-0.4922687,-0.3564771,0,-0.119216,-0.1194641,0,0.6035939,26,26,27,27,26,26,27,26,27,27,27,27,27,27,27,27
645,6450,469.1318,0.1208799,0.6163256,-0.4874636,0.7240147,-0.9884191,0.1277172,-0.7535139,-0.123863,-0.9845371,0,-0.252257,-0.5960802,-0.5973187,0.5970089,0.3621566,26,26,27,27,26,26,27,26,27,27,27,27,27,27,27,27
646,6460,469.1318,0.2418113,-0.1232654,0.2437609,-0.2413297,0.3706556,-0.2554341,-0.2512047,-0.123863,-0.4922687,-0.1188259,0.1261285,-0.4768642,-0.2389281,-0.2388037,0.2414388,26,26,27,27,26,26,27,26,27,27,27,27,27,27,27,27
647,6470,468.65,0.1208799,0.4930601,0.1218905,1.327355,-0.1235532,-0.2554341,-1.004668,-0.247726,-0.6153359,-0.5941281,-0.7567714,-0.8345115,-0.9557109,-0.4776066,-0.7243116,26,26,27,27,26,26,27,26,27,27,27,27,27,27,27,27
648,6480,469.1318,-0.1209827,0.3697955,0.3656321,0.8446828,0.2471036,-0.2554341,0.2511036,-0.247726,0.7384023,-0.4753022,0.630643,-0.8345115,-0.2389281,-0.597008,0,26,26,27,27,26,26,27,26,27,27,27,27,27,27,27,27
649,6490,469.0113,0.3627426,0.1232654,0.7312442,0.7240147,0.6177599,-0.1277172,-5.056731E-05,0.4954517,-0.6153359,0.2376511,0,-0.2384321,-1.194637,0.1194023,-1.327904,26,26,27,27,26,26,27,26,27,27,27,27,27,27,27,27
650,6500,469.3727,0.4836739,0.2465301,-0.1218512,0.8446828,-0.1235532,0,0.2511036,0.123863,0.7384023,-0.2376511,-0.504514,-0.2384321,0.4778546,-0.1194015,0.3621566,26,26,27,27,26,26,27,26,27,27,27,27,27,27,27,27
651,6510,469.0113,-5.136996E-05,0.1232654,1.926374E-05,0.7240147,1.111969,0.6385858,-0.1256277,-0.123863,0.4922679,0.3564771,0.3783855,0.7152954,-0.4778546,0.3582052,-0.8450295,26,26,27,27,26,26,27,26,27,27,27,27,27,27,27,27
652,6520,468.1682,-0.6047015,0.1232654,-0.3655928,0.8446828,-0.3706578,0.5108687,-0.1256277,0.3715886,0,-0.3564771,0.504514,-0.2384321,0.5973187,0.1194023,0.2414388,26,26,27,27,26,26,27,26,27,27,27,27,27,27,27,27
653,6530,467.8069,-0.6047015,-1.109386,-0.3655928,-0.4826657,0.2471036,0.2554343,0.2511036,-0.123863,0.3692007,-0.1188259,0.630643,-0.2384321,0.3583906,0.1194023,0.1207194,26,26,27,27,26,26,27,26,27,27,27,27,27,27,27,27
654,6540,468.8909,-0.9674954,-0.2465301,-0.6093345,-0.1206616,-8.026557E-07,0,-5.056731E-05,0.3715886,0.1230664,0.2376511,0.252257,0.3576473,-0.2389281,-0.1194015,0.2414388,26,26,27,27,26,26,27,26,27,27,27,27,27,27,27,27
655,6550,467.8069,0.2418113,-0.8628557,-0.7312049,-0.2413297,0.3706556,-0.3831513,-5.056731E-05,-0.123863,0.1230664,0.2376511,0.252257,-0.2384321,0.2389265,0.8358118,-0.1207178,26,26,27,27,26,26,27,26,27,27,27,27,27,27,27,27
656,6560,469.2522,-0.4837702,0,-0.3655928,0.3620105,-0.9884189,-1.021737,-0.7535147,-0.3715886,-0.7384031,-0.3564771,0,0,0,1.074615,0.1207194,26,26,27,27,26,26,27,26,27,27,27,27,27,27,27,27
657,6570,468.2886,0.3627426,-0.8628557,1.926374E-05,-0.2413297,0.6177599,-0.6385856,-0.3767826,0,-0.4922687,-0.4753022,-0.252257,-0.3576481,0.4778546,0.2388037,0.8450311,26,27,27,27,26,26,27,26,27,27,27,27,27,27,27,27
658,6580,469.0113,-0.2418755,0.6163256,-0.6093345,0.9653507,0.1235512,0,-0.7535147,-0.3715886,-1.353738,-0.3564771,0,-0.7152954,-0.3583922,-0.3582052,-0.6035923,26,27,27,27,26,26,27,26,27,27,27,27,27,27,27,27
659,6590,469.4931,0.7255622,0.2465301,0.1218905,-0.1206616,0.6177599,0.3831515,0.6278357,-0.123863,0.8614694,-0.8317792,-0.1261285,-0.7152954,-0.1194641,-0.1194015,0.1207194,26,27,27,27,26,26,27,26,27,27,27,27,27,27,27,27
660,6600,469.1318,0.8464935,0.1232654,0.1218905,0.7240147,0.1235512,0.1277172,-0.3767826,0,-0.3692015,-0.2376511,-0.504514,0,-0.9557109,0,-0.8450295,26,27,27,27,26,26,27,26,27,27,27,27,27,27,27,27
661,6610,469.0113,0.2418434,0.2465301,-0.3655928,0.9653507,-8.026557E-07,0.3831515,-5.056731E-05,0.123863,-0.123068,-0.2376511,0.630643,-0.5960802,0.8362468,-0.4776066,0,26,27,27,27,26,26,27,26,27,27,27,27,27,27,27,27
662,6620,468.65,0.3627747,0.2465301,0.1218905,0.2413425,0.2471032,0.2554343,-0.3767826,0.6193147,-0.123068,0.1188251,-0.252257,-0.2384321,-0.8362468,0.4776066,-1.086467,26,27,27,27,26,26,27,26,27,27,27,27,27,27,27,27
663,6630,468.7704,-0.1209506,-0.2465301,-0.3655928,0.6033466,0.1235508,0.2554343,0.5022586,-0.247726,-0.2461344,-0.1188259,0.630643,-0.3576481,0.4778546,-0.1194015,0.3621566,26,27,27,27,26,26,27,26,27,27,27,27,27,27,27,27
664,6640,468.1682,-0.7256007,-0.9861203,-0.2437224,0.6033466,0.9884163,0.1277172,0.6278357,0,0.1230664,0,0.630643,0.2384313,-0.9557109,0.2388037,-0.362155,26,27,27,27,26,26,27,26,27,27,27,27,27,27,27,27
665,6650,468.65,-0.3628068,-0.6163256,-0.3655928,0.3620105,-1.605311E-06,0.7663028,-5.056731E-05,0.123863,-0.3692015,0,0.504514,-0.119216,0.3583906,0.2388037,0.7243133,26,27,27,27,26,26,27,26,27,27,27,27,27,27,27,27
666,6660,467.9273,-0.7256007,-1.23265,-1.096817,0.1206745,-0.2471058,0,0.3766815,-0.123863,0.1230664,0.1188251,1.261286,0.1192152,0.3583906,0.4776066,-0.6035923,26,27,27,27,26,26,27,26,27,27,27,27,27,27,27,27
667,6670,469.1318,-0.6046694,-0.3697955,-0.7312049,0.4826786,-0.4942102,0,-0.3767826,0.247726,-0.123068,0.1188251,0.630643,0.2384313,0.2389265,0.2388037,0.7243133,26,27,27,27,26,26,27,26,27,27,27,27,27,27,27,27
668,6680,468.7704,0.2418434,-0.4930601,0.2437609,-0.6033338,0.1235508,-0.89402,-0.2512055,0,-0.123068,0.1188251,0.504514,-0.119216,0.5973187,0.4776066,0.6035939,26,27,27,27,26,26,27,26,27,27,27,27,27,27,27,27
669,6690,469.1318,-0.2418755,0.1232654,-0.8530757,0.3620105,-0.7413147,-0.7663028,-0.7535147,-0.247726,-0.6153359,0.2376511,-0.1261285,0.2384313,0,0.4776066,0.2414388,26,27,27,27,26,26,27,26,27,27,27,27,27,27,27,27
670,6700,468.0478,0.1209121,-0.7395902,0.4875025,-0.7240018,-1.605311E-06,-0.5108685,-0.6279376,-0.6193147,0,0,-0.3783855,-0.119216,0.4778546,0.955214,0.7243133,26,27,27,27,26,26,27,26,27,27,27,27,27,27,27,27
671,6710,469.0113,-0.1209506,0.6163256,1.926374E-05,0.8446828,-0.2471058,0.1277172,-5.056731E-05,-0.123863,-1.599873,-0.4753022,-0.252257,-0.5960802,-0.3583922,0.1194023,-0.6035923,26,27,27,27,26,26,27,26,27,27,27,27,27,27,27,27
672,6720,469.2522,-0.2418755,-0.6163256,0.2437609,-0.3619977,0.7413119,-0.7663028,0.3766815,-0.7431773,-0.2461344,-0.2376511,-0.8829,-0.4768642,0.1194641,0.2388037,0.6035939,26,27,27,27,26,26,27,26,27,27,27,27,27,27,27,27
673,6730,469.2522,-1.926374E-05,-0.1232654,0.1218905,0.4826786,-0.370658,0.5108687,-0.6279376,-0.123863,-0.7384031,-0.2376511,-0.1261285,-0.119216,-0.7167827,0.2388037,-0.1207178,26,26,27,27,26,26,27,26,27,27,27,27,27,27,27,27
674,6740,469.2522,0.2417984,-0.4930601,1.926374E-05,0.2413425,-1.605311E-06,-0.2554341,0.2511036,-0.6193147,-0.123068,-0.5941281,0,-0.3576481,-0.4778546,0.1194023,0,26,26,27,27,26,26,27,26,27,27,27,27,27,27,27,27
675,6750,469.2522,0.3627297,-0.1232654,-0.1218512,0.3620105,-0.370658,0.5108687,-0.1256277,0,-0.9845371,-0.2376511,-0.504514,-0.5960802,-1.194637,-0.1194015,0,26,26,27,26,26,26,27,26,27,27,27,27,27,27,27,27
676,6760,469.6135,0.3627297,0.6163256,0.3656113,0.1206745,0.4942075,-0.3831513,0.7534136,-0.123863,0.7384023,-0.4753022,0,-1.072944,0.1194641,-0.2388037,0.2414388,26,26,27,26,26,26,27,26,27,27,27,27,27,27,27,27
677,6770,469.3726,0.7255237,-0.3697955,0.4874825,0.2413425,0.3706551,0.1277172,-0.6279376,0.6193147,-0.2461344,0.5941281,-0.252257,-0.119216,-0.9557109,0,-0.2414372,26,26,27,26,26,26,27,26,27,27,27,27,27,27,27,27
678,6780,469.1317,-5.779121E-05,0.7395902,-8.026557E-07,0.6033466,0.2471036,0.1277172,0.2511036,-0.6193147,0.3692007,-0.1188259,0.630643,-0.8345115,0.1194641,-0.1194015,0.2414388,26,26,27,26,26,26,27,26,27,27,27,27,27,27,27,27
679,6790,468.6499,0.1208735,-0.2465301,0.974965,6.421245E-06,0.8648647,0.2554343,0.1255265,-0.123863,-0.3692015,0.7129533,-0.252257,0,-1.314101,-0.1194015,-0.7243116,26,26,27,26,26,26,27,26,27,27,27,27,27,27,27,27
680,6800,468.5295,-0.3628517,-0.2465301,0.1218696,0.4826786,0.2471036,0,-0.2512063,0,0.7384023,0.1188251,0,-0.119216,0.5973187,-0.3582052,0.3621566,26,26,27,26,26,26,27,26,27,27,27,27,27,27,27,27
681,6810,468.5295,-0.3628517,0,-0.121872,0.4826786,1.111969,0.3831515,-0.2512063,0.4954517,0,0,0,0.4768634,-0.4778546,0.2388037,-0.2414372,26,26,27,26,26,26,27,26,27,27,27,27,27,27,27,27
682,6820,468.1682,0.1208735,0.3697955,-0.2437425,0.9653507,0.3706556,1.149454,0.2511028,0.247726,0,-0.1188259,0.252257,-0.2384321,0.3583906,-0.1194015,0.6035939,26,26,27,26,26,26,27,26,27,27,27,27,27,27,27,27
683,6830,468.1682,-0.7256393,-0.4930601,0.2437408,0.1206745,-8.026557E-07,-0.3831513,0.6278349,0.123863,0.3692007,-0.1188259,0.252257,0,-0.1194641,0.2388037,-0.2414372,26,26,27,26,26,26,27,26,27,27,27,27,27,27,27,27
684,6840,468.5295,-0.9675019,-0.3697955,-0.6093549,0.2413425,-0.1235532,0,-0.3767834,0.3715886,0.3692007,0.5941281,-0.1261285,0.2384313,0.1194641,0.2388037,0.8450311,26,26,27,26,26,26,27,26,27,27,27,27,27,27,27,27
685,6850,468.4091,-0.6047144,-0.9861203,-0.2437425,-0.2413297,0.6177599,-0.2554341,0.1255257,0.3715886,0.1230664,-0.1188259,0.8828996,0.1192152,0,-0.1194015,-0.4828745,26,26,27,26,26,26,27,26,27,27,27,27,27,27,27,27
686,6860,468.4091,-0.8465706,-0.3697955,-0.2437425,6.421245E-06,-8.026557E-07,-0.5108685,-0.1256285,-0.123863,0,-0.4753022,-0.252257,0,0,0.4776066,0.3621566,26,26,27,26,26,26,27,26,27,27,27,27,27,27,27,27
687,6870,468.2886,-0.2419204,-1.602446,0.1218696,-0.9653379,-8.026557E-07,-0.5108685,-0.5023605,-0.123863,0,0.1188251,0.7567711,0,0,0,0,26,26,27,26,26,26,27,26,27,27,27,27,27,27,27,27
688,6880,469.1317,-0.8465706,-0.1232654,-0.8530965,6.421245E-06,-0.6177621,-0.2554341,-5.136996E-05,-0.6193147,-0.7384031,0.3564771,0,0.7152954,0.1194641,0.3582052,0.3621566,26,26,27,26,26,26,27,26,27,27,27,27,27,27,27,27
689,6890,468.65,0.6045924,-0.4930601,-0.3656133,-0.3619977,-8.026557E-07,-1.021737,-0.8790926,0.6193147,0,-0.1188259,0.7567711,0,0.5973187,0.2388037,0,26,26,27,26,26,26,27,26,27,27,27,27,27,27,27,27
690,6900,469.2522,-0.7256393,0.3697955,-0.8530965,0.6033466,-0.7413144,-0.3831513,-0.7535155,-0.247726,-1.107604,-0.2376511,-0.252257,-0.119216,0.3583906,0.7164103,0.1207194,26,26,27,26,26,26,27,26,27,27,27,27,27,27,27,27
691,6910,469.0113,0.4836611,0.1232654,0.1218696,0.2413425,0.6177599,-1.021737,0.1255257,-0.6193147,-0.3692015,-0.2376511,-0.252257,0,0.3583906,0.4776066,0.7243133,26,26,27,27,26,26,27,26,27,27,27,27,27,27,27,27
692,6920,469.4931,-0.1209891,0.1232654,-0.4874636,0.8446828,-0.8648665,-0.1277172,-1.130248,-0.9909033,-1.107604,-0.4753022,-0.1261285,-0.2384321,-0.2389281,0.2388037,-0.2414372,26,26,27,27,26,26,27,26,27,27,27,27,27,27,27,27
693,6930,468.8908,0.7255237,-0.3697955,0.6093738,0.1206745,0.6177599,-0.1277172,-5.136996E-05,-0.3715886,0,-0.5941281,-0.504514,-0.3576481,-0.1194641,0.1194023,0.4828761,26,26,27,27,26,26,27,26,27,27,27,27,27,27,27,27
694,6940,468.5296,0.1208735,0.1232654,1.926374E-05,0.6033466,-0.1235536,0.3831515,-0.5023605,0.3715886,-0.8614699,0,-0.7567714,0,-0.4778546,0.5970089,0,26,26,27,27,26,26,27,26,27,27,27,27,27,27,27,27
695,6950,469.2522,0.1208735,-0.2465301,-0.1218512,-0.1206616,0.4942075,-0.3831513,0.1255257,-0.3715886,0.1230664,-0.9506044,0,-0.9537275,-0.1194641,-0.2388037,0,26,26,27,27,26,26,27,26,27,27,27,27,27,27,27,27
696,6960,468.5296,0.3627297,0.2465301,-0.3655928,0.3620105,0.2471032,0.7663028,-0.7535147,0,-1.107604,-0.4753022,-0.504514,-0.5960802,-0.5973187,0,0,26,26,27,27,26,26,27,26,27,27,27,27,27,27,27,27
697,6970,469.6135,0.1208735,0.7395902,-0.1218512,0.7240147,0.3706551,-0.2554341,0.2511036,-0.123863,1.23067,-0.5941281,0,-0.5960802,-0.4778546,-0.1194015,-0.4828745,26,26,27,27,26,26,27,26,27,27,27,27,27,27,27,27
698,6980,469.4931,0.2417984,0,0.2437609,0.1206745,-0.2471058,0.1277172,-0.1256277,0.4954517,-0.4922687,0.5941281,-0.3783855,-0.2384321,-0.3583922,-0.1194015,-0.2414372,26,26,27,27,26,26,27,26,27,27,27,27,27,27,27,27
699,6990,469.1318,-0.1209891,0.2465301,0.1218905,1.086019,0.3706551,0.6385858,-0.2512055,-0.123863,0.8614694,-0.2376511,0.7567711,-1.19216,0.5973187,-0.3582052,-0.1207178,26,26,27,27,26,26,27,26,27,27,27,27,27,27,27,27
700,7000,469.0113,-5.779121E-05,0.6163256,0.4875025,0.1206745,0.9884163,0.2554343,-0.1256277,0.123863,-0.2461344,-0.3564771,-0.8829,0.3576473,-0.9557109,0.2388037,-0.6035923,26,26,27,27,26,26,27,26,27,27,27,27,27,27,27,27
701,7010,469.0113,-0.3628517,0.3697955,1.926374E-05,0.9653507,0.6177595,0.6385858,-0.1256277,-0.247726,0.3692007,-0.5941281,0.504514,-0.3576481,0.2389265,-0.8358118,-0.2414372,26,26,27,27,26,26,27,26,27,27,27,27,27,27,27,27
702,7020,469.1318,0.2417984,0,1.926374E-05,0.7240147,0.7413119,0.3831515,0.3766815,0.3715886,0.3692007,0.5941281,0.1261285,-0.119216,-0.7167827,0.3582052,-0.7243116,26,26,27,27,26,26,27,26,27,27,27,27,27,27,27,27
703,7030,468.5296,-0.2419204,0.2465301,1.926374E-05,0.2413425,-0.370658,0.7663028,0.2511036,0,0,-0.3564771,0.1261285,-0.4768642,0.1194641,-0.7164099,0.6035939,26,26,27,27,26,26,27,26,27,27,27,27,27,27,27,27
704,7040,468.5296,-0.2419204,0.3697955,-0.2437224,-0.1206616,0.7413119,0.5108687,0.2511036,0.247726,-0.123068,0.2376511,0.3783855,-0.3576481,-0.5973187,0.1194023,-0.4828745,26,26,27,27,26,26,27,26,27,27,27,27,27,27,27,27
705,7050,468.6499,-0.1209891,-0.2465301,0.1218905,0.2413425,0.2471032,0.8940201,-5.056731E-05,-0.123863,0.6153351,0.2376511,0.1261285,-0.8345115,0.8362468,0.1194023,0.6035939,26,27,27,27,26,26,27,26,27,27,27,27,27,27,27,27
706,7060,467.8068,-0.7256007,-1.109386,-0.3655928,6.421245E-06,-1.605311E-06,0.2554343,0.3766815,-0.247726,0.2461336,0.4753022,0.630643,0.4768634,-0.3583922,0.1194023,0,26,27,27,27,26,26,27,26,27,27,27,27,27,27,27,27
707,7070,468.4091,-1.926374E-05,-0.2465301,-0.1218512,-0.1206616,0.1235508,0.3831515,-0.1256277,0.6193147,-0.4922687,-0.3564771,-0.252257,0,0.3583906,0.1194023,0.8450311,26,27,27,27,26,26,27,26,27,27,27,27,27,27,27,27
708,7080,468.4091,-1.926374E-05,-0.8628557,-0.3655928,-0.2413297,0.1235508,0.2554343,0.5022586,0.247726,0.6153351,-0.1188259,0.3783855,0.3576473,0.1194641,0.5970089,-0.2414372,26,27,27,27,26,26,27,26,27,27,27,27,27,27,27,27
709,7090,468.8908,-0.4837381,-0.7395902,-0.3655928,-0.4826657,-0.2471058,0,-0.5023597,0,0.2461336,0.7129533,0.252257,0.1192152,-0.1194641,0.3582052,0.4828761,26,27,27,27,26,26,27,26,27,27,27,27,27,27,27,27
710,7100,468.2886,-1.926374E-05,-0.9861203,-0.1218512,-0.1206616,-0.3706578,0.1277172,-0.7535147,-0.247726,0.1230664,-0.1188259,0.252257,0.1192152,0,0.4776066,0.2414388,26,27,27,27,26,26,27,26,27,27,27,27,27,27,27,27
711,7110,469.0113,-0.7256007,0.2465301,-1.218688,-0.3619977,-0.4942099,0.1277172,-0.6279376,-0.247726,-0.4922687,0.1188251,0.3783855,0.2384313,0.1194641,0.5970089,-0.1207178,26,27,27,27,26,26,27,26,27,27,27,27,27,27,27,27
712,7120,468.4091,-0.4837381,-0.6163256,-0.2437224,-0.1206616,-0.2471056,-0.2554341,-0.5023597,0.3715886,-0.123068,-0.2376511,0.504514,-0.2384321,-0.1194641,-0.1194015,0.2414388,26,27,27,27,26,26,27,26,27,27,27,27,27,27,27,27
713,7130,469.1317,-1.926374E-05,0,-0.4874636,0.3620105,-0.9884189,-0.1277172,-0.7535147,-0.3715886,-1.107604,-0.1188259,-0.1261285,-0.4768642,-0.8362468,0.5970089,-0.2414372,26,27,27,27,26,26,27,26,27,27,27,27,27,27,27,27
714,7140,468.7704,0.8464935,-0.1232654,0.2437609,-0.2413297,0.3706556,-0.5108685,0.2511036,-0.6193147,0.4922679,-0.4753022,0.1261285,0,0.1194641,0.4776066,0.7243133,26,27,27,27,26,26,27,26,27,27,27,27,27,27,27,27
715,7150,469.3726,0.1209121,0.2465301,-0.8530757,0.8446828,-0.4942099,0.3831515,-1.130247,-0.3715886,-1.107604,-0.2376511,-0.252257,-0.2384321,-0.3583922,0.5970089,-0.2414372,26,27,27,27,26,26,27,26,27,27,27,27,27,27,27,27
716,7160,469.0113,-0.2418755,-0.2465301,0.4875025,-0.3619977,0.2471036,-0.3831513,0.5022586,-0.7431773,0,-0.2376511,0,-0.3576481,0.7167827,0.2388037,0.6035939,26,27,27,27,26,26,27,26,27,27,27,27,27,27,27,27
717,7170,469.2522,0.483706,0.4930601,1.926374E-05,0.7240147,-0.4942099,0.7663028,-0.2512055,0,-1.107604,-0.4753022,-1.009028,-0.3576481,-0.9557109,0.1194023,-0.7243116,26,27,27,27,26,26,27,26,27,27,27,27,27,27,27,27
718,7180,469.2522,0.2418434,0.6163256,1.926374E-05,0.4826786,0.9884167,-0.3831513,0.1255265,-0.123863,0.3692007,-0.8317792,-0.1261285,-0.7152954,-0.3583922,-0.2388037,-0.6035923,26,27,27,27,26,26,27,26,27,27,27,27,27,27,27,27
719,7190,469.2522,0.6046309,0.2465301,0.1218905,0.1206745,0.1235512,0.1277172,-0.2512055,0.123863,-0.7384031,-0.2376511,-0.1261285,-0.3576481,-1.075175,-0.9552136,-0.6035923,26,27,27,27,26,26,27,26,27,27,27,27,27,27,27,27
720,7200,469.6135,0.1209121,0.3697955,1.926374E-05,6.421245E-06,0.1235512,-0.2554341,0.6278357,-0.3715886,0.2461336,-0.1188259,0.630643,-0.8345115,-0.3583922,-0.3582052,-0.362155,26,27,27,27,26,26,27,26,27,27,27,27,27,27,27,27
721,7210,469.1317,0.7255622,-0.2465301,0.1218905,0.2413425,0.1235512,-0.1277172,-0.1256277,1.114766,-0.3692015,0.5941281,0.1261285,0.2384313,-1.194637,-0.4776066,-0.2414372,26,26,27,27,26,26,27,26,27,27,27,27,27,27,27,27
722,7220,468.6499,-0.1209891,0.4930601,-0.6093345,0.2413425,0.4942079,0.3831515,0.3766815,-0.247726,0.2461336,-0.4753022,-0.1261285,-0.5960802,0.2389265,0.2388037,-0.4828745,26,26,27,27,26,26,27,26,27,27,27,27,27,27,27,27
723,7230,468.7704,0.2417984,0,0.3656321,0.3620105,0.4942079,0.3831515,0.2511036,0.3715886,-0.2461344,0.5941281,0.1261285,0,-0.3583922,0.1194023,-0.7243116,26,26,27,27,26,26,27,26,27,27,27,27,27,27,27,27
724,7240,468.4091,-5.779121E-05,0.4930601,0.1218905,0.7240147,-8.026557E-07,1.021737,-5.056731E-05,-0.123863,0.3692007,0.1188251,0.3783855,-0.3576481,0.2389265,-0.1194015,0.6035939,26,26,27,27,26,26,27,26,27,27,27,27,27,27,27,27
725,7250,468.5295,-0.3628517,-0.2465301,0.4875025,0.4826786,0.9884167,-0.2554341,0.8789907,-0.3715886,-0.2461344,0.1188251,-0.1261285,-0.119216,-1.075175,0.3582052,-0.362155,26,26,27,27,26,26,27,26,27,27,27,27,27,27,27,27
726,7260,468.0477,-0.8465706,-0.2465301,-0.3655928,0.3620105,-0.1236042,0.6385858,-5.056731E-05,-0.123863,0.1230664,0.1188251,0.504514,-0.5960802,0.5973187,-0.2388037,0.1207194,26,26,27,27,26,26,27,26,27,27,27,27,27,27,27,27
727,7270,468.6499,-0.3628517,-0.1232654,0.1218905,0.2413425,0.2470526,0.7663028,0.1255265,0.3715886,0.2461336,0.3564771,-0.1261285,0.2384313,-0.3583922,0,-0.7243116,26,26,27,27,26,26,27,26,27,27,27,27,27,27,27,27
728,7280,468.5295,-0.483783,-0.4930601,-0.6093345,0.3620105,0.1235002,0,-0.1256277,0.8670407,0.1230664,0.8317792,0.3783855,-0.3576481,0.1194641,0.2388037,0.4828761,26,26,27,27,26,26,27,26,27,27,27,27,27,27,27,27
729,7290,468.6499,-0.8465706,-0.2465301,-0.3655928,-0.3619977,-0.4942609,0,0.3766815,0.4954517,0.2461336,0.1188251,0.252257,-0.119216,-0.1194641,0.2388037,0.4828761,26,26,27,27,26,26,27,26,27,27,27,27,27,27,27,27
730,7300,468.8908,-0.6047144,0.2465301,-0.6093345,-0.1206616,0.2470526,0,-0.5023597,0.4954517,0,-0.3564771,0.1261285,-0.119216,-0.3583922,0,0.6035939,26,26,27,27,26,26,27,26,27,27,27,27,27,27,27,27
731,7310,468.8908,-0.483783,-0.2465301,-0.6093345,-0.1206616,0.1235002,-0.2554341,-5.056731E-05,0,0.4922679,0.1188251,0.630643,-0.119216,-0.3583922,-0.2388037,-0.4828745,26,26,27,27,26,26,27,26,27,27,27,27,27,27,27,27
732,7320,469.2522,-0.3628517,-0.4930601,-0.8530757,-0.3619977,-0.2471565,-0.5108685,-0.2512055,0.247726,0.1230664,0.3564771,0.1261285,0,0.4778546,0.7164103,0.1207194,26,26,27,27,26,26,27,26,27,27,27,27,27,27,27,27
733,7330,468.4091,-0.2419204,-0.6163256,-0.6093345,-0.6033338,-0.2471565,-0.2554341,-0.7535147,0,-0.3692015,-0.1188259,-0.1261285,0,0.3583906,0,0.6035939,26,26,27,27,26,26,27,26,27,27,27,27,27,27,27,27
734,7340,469.0113,-0.3628517,-0.1232654,-0.9749465,-0.1206616,-1.112022,-0.7663028,-0.1256277,-0.123863,0.6153351,0.1188251,0.630643,0.5960794,0.4778546,0.4776066,0.7243133,26,26,27,27,26,26,27,26,27,27,27,27,27,27,27,27
735,7350,468.6499,0.4836611,0.1232654,0.3656321,-0.1206616,-0.7413655,-0.3831513,-0.6279376,-0.123863,-0.123068,-0.2376511,0.7567711,-0.119216,0.1194641,-0.1194015,-0.1207178,26,26,27,27,26,26,27,26,27,27,27,27,27,27,27,27
736,7360,469.0113,-0.483783,0.4930601,-0.7312049,0.6033466,-1.112022,-0.7663028,-0.8790918,-0.4954517,-0.7384031,0.1188251,0.1261285,0.4768634,-0.4778546,0.4776066,-0.362155,26,26,27,27,26,26,27,26,27,27,27,27,27,27,27,27
737,7370,468.65,-5.779121E-05,-0.2465301,1.926374E-05,-0.7240018,0.3706046,-0.7663028,-0.3767826,-0.123863,-0.2461344,0.1188251,0.252257,-0.2384321,-0.2389281,0.4776066,0.2414388,26,27,27,27,26,26,27,26,27,27,27,27,27,27,27,27
738,7380,469.6135,-0.3628132,0.2465301,-0.3655928,0.3620105,-0.4942609,-0.1277172,-0.5023597,-0.123863,-0.6153359,0,0.1261285,0.1192152,0.1194641,0.7164103,-0.362155,26,27,27,27,26,26,27,26,27,27,27,27,27,27,27,27
739,7390,469.0113,0.4836996,-0.3697955,0.2437609,-0.6033338,-0.2471565,-0.7663028,-0.3767826,-0.247726,-0.123068,0.2376511,0.1261285,-0.119216,0.7167827,0.5970089,0.6035939,26,27,27,27,26,26,27,26,27,27,27,27,27,27,27,27
740,7400,469.0113,-0.1209506,0.9861203,-0.2437224,0.3620105,-0.6178133,-0.5108685,-0.3767826,-0.123863,-0.3692015,-0.9506044,0,0.5960794,0.3583906,0.2388037,0.3621566,26,27,27,27,26,26,27,26,27,27,27,27,27,27,27,27
741,7410,468.65,0.3627683,-0.1232654,0.1218905,-0.3619977,0.494157,-0.6385856,-0.5023597,-0.3715886,-0.2461344,-0.7129533,-0.252257,-0.4768642,0.4778546,0.1194023,0.4828761,26,27,27,27,26,26,27,26,27,27,27,27,27,27,27,27
742,7420,469.3727,-0.6046758,0.6163256,-0.4874636,0.4826786,-0.3706578,0.1277172,-0.6279376,-0.123863,-1.599873,-0.3564771,-0.252257,0,-0.3583922,0.7164103,0.3621566,26,27,27,27,26,26,27,26,27,27,27,27,27,27,27,27
743,7430,468.5296,-2.568498E-05,-1.109386,0.3656321,-0.3619977,0.8648647,-1.149454,-0.1256277,-0.123863,0,-0.2376511,0.252257,-0.3576481,0.7167827,0.4776066,0.9657505,26,27,27,27,26,26,27,26,27,27,27,27,27,27,27,27
744,7440,469.3727,-2.568498E-05,0.4930601,-0.2437224,0.2413425,-0.1235532,0.6385858,-0.6279376,-0.3715886,-0.7384031,-0.1188259,-0.252257,0,-0.5973187,0.5970089,0.4828761,26,27,27,27,26,26,27,26,27,27,27,27,27,27,27,27
745,7450,468.8909,0.6046309,-0.2465301,0.2437609,6.421245E-06,-0.2471056,-1.021737,-0.3767826,-0.123863,-0.123068,-0.5941281,-0.504514,-0.5960802,0.7167827,0.4776066,0.8450311,26,27,27,27,26,26,27,26,27,27,27,27,27,27,27,27
746,7460,469.3727,0.241837,0.1232654,-0.6093345,0.6033466,-0.4942099,0.1277172,-1.004669,-0.4954517,-0.4922687,-0.2376511,-0.1261285,-0.7152954,-0.3583922,0.2388037,0.1207194,26,27,27,27,26,26,27,26,27,27,27,27,27,27,27,27
747,7470,469.8544,0.3627683,0,-0.2437224,-0.1206616,0.2471036,-1.149454,-0.2512055,-0.123863,0,-0.3564771,-0.252257,-0.119216,-0.2389281,-0.2388037,0.1207194,26,27,27,27,26,26,27,26,27,27,27,27,27,27,27,27
748,7480,469.3727,0.6046309,0.3697955,-0.1218512,0.3620105,-0.6177621,0.6385858,-1.004669,-0.123863,-0.6153359,-0.1188259,-0.504514,-0.7152954,-0.5973187,-0.1194015,-0.6035923,26,27,27,27,26,26,27,26,27,27,27,27,27,27,27,27
749,7490,469.734,0.3627683,0.3697955,0.2437609,0.1206745,0.6177599,-0.5108685,0.3766815,0.123863,-0.123068,-0.7129533,-0.252257,-0.8345115,-0.7167827,-0.3582052,-0.362155,26,27,27,27,26,26,27,26,27,27,27,27,27,27,27,27
750,7500,469.3727,-0.1209506,0.6163256,0.3656321,0.8446828,-0.1235532,0.2554343,-0.6279376,0.123863,-0.9845371,-0.1188259,-1.009028,0.2384313,-1.075175,0.3582052,-0.7243116,26,27,27,27,26,26,27,26,27,27,27,27,27,27,27,27
751,7510,468.7704,0.241837,0.6163256,-0.4874636,0.1206745,0.2471036,-0.2554341,-0.1256277,0.123863,0.9845359,-0.8317792,-0.1261285,-1.072944,-0.3583922,-0.7164099,-0.1207178,26,27,27,27,26,26,27,26,27,27,27,27,27,27,27,27
752,7520,468.65,0.7255558,-0.3697955,0.2437609,0.6033466,-0.1235532,0.2554343,-0.1256277,0.3715886,-0.9845371,0.1188251,-0.630643,-0.2384321,-1.075175,-0.2388037,-0.4828745,26,27,27,27,26,26,27,26,27,27,27,27,27,27,27,27
753,7530,469.1318,0.241837,0.2465301,1.926374E-05,0.9653507,0.8648647,-0.3831513,0.5022586,-0.123863,0.4922679,-0.3564771,-0.252257,-0.7152954,-0.3583922,0.1194023,-0.6035923,26,27,27,27,26,26,27,26,27,27,27,27,27,27,27,27
754,7540,468.8909,0.241837,-0.2465301,0.2437609,0.8446828,-0.4942099,-0.1277172,-0.2512055,-0.123863,-0.8614699,0.2376511,0,0.5960794,-0.4778546,-0.597008,-0.6035923,26,27,27,27,26,26,27,26,27,27,27,27,27,27,27,27
755,7550,468.8909,0.241837,0.8628557,0.1218905,0.6033466,0.2471036,0.8940201,0.2511036,0,-0.123068,-0.2376511,0.252257,-0.2384321,0.7167827,0,0.2414388,26,27,27,27,26,26,27,26,27,27,27,27,27,27,27,27
756,7560,468.4091,0.3627683,0.2465301,0.4875025,0.6033466,0.3706556,0.6385858,0.5022586,0.247726,0,0.3564771,0,0.5960794,-0.9557109,0.7164103,-1.207186,26,27,27,27,26,26,27,26,27,27,27,27,27,27,27,27
757,7570,468.0478,-2.568498E-05,0.2465301,-0.1218512,0.7240211,0.6177599,0.3831515,-0.1256277,-0.123863,-0.2461344,-0.5941281,0.1261285,-0.7152954,0.2389265,-0.4776066,0.8450311,26,27,27,27,26,26,27,26,27,27,27,27,27,27,27,27
758,7580,468.5296,-2.568498E-05,0.2465301,0.3656321,0.362017,0.7413119,-0.2554341,0.2511036,0.123863,-0.123068,-0.1188259,-0.252257,0.3576473,-0.7167827,0,-0.2414372,26,27,27,27,26,26,27,26,27,27,27,27,27,27,27,27
759,7590,468.4091,-0.4837445,-0.4930601,-0.9749465,0.362017,-0.1235536,0.5108687,-0.1256277,-0.123863,0.1230664,0.4753022,0,0.1192152,0.1194641,0.2388037,0.3621566,26,27,27,27,26,26,27,26,27,27,27,27,27,27,27,27
760,7600,468.2886,-0.6046758,-0.6163256,-0.1218512,0.2413489,0.7413119,0.1277172,0.5022586,0.247726,0.4922679,0.2376511,0.3783855,0.1192152,-0.7167827,0.2388037,-0.6035923,26,27,27,27,26,26,27,26,27,27,27,27,27,27,27,27
761,7610,468.8909,-0.1209506,-0.6163256,-0.4874636,0.1206809,-1.605311E-06,0.3831515,0.1255265,0.6193147,0.1230664,0.2376511,0.7567711,-0.119216,-0.3583922,-0.597008,1.086468,26,27,27,27,26,26,27,26,27,27,27,27,27,27,27,27
762,7620,468.0478,-2.568498E-05,-1.109386,-0.2437224,-0.2413232,0.3706551,0.5108687,0.3766815,0.3715886,0.2461336,0.5941281,-0.1261285,0.2384313,-0.5973187,0.1194023,0,26,27,27,27,26,26,27,26,27,27,27,27,27,27,27,27
763,7630,468.7704,-0.3628132,-0.1232654,-0.6093345,0.1206809,-0.6177623,-0.3831513,-5.056731E-05,-0.247726,0.1230664,-0.1188259,-0.3783855,-0.4768642,-0.2389281,0.4776066,0.2414388,26,27,27,27,26,26,27,26,27,27,27,27,27,27,27,27
764,7640,468.0478,-2.568498E-05,-0.7395902,-0.2437224,-0.4826593,-0.2471058,-0.5108685,-0.3767826,0.3715886,0.1230664,0.3564771,0.7567711,0.3576473,0,0.1194023,0.2414388,26,27,27,27,26,26,27,26,27,27,27,27,27,27,27,27
765,7650,469.2522,-0.2418819,0.4930601,-1.218688,1.284249E-05,-0.8648669,-0.5108685,-0.2512055,0,0.1230664,0,0.3783855,0.4768634,0.5973187,0.4776066,0,26,27,27,27,26,26,27,26,27,27,27,27,27,27,27,27
766,7660,468.7704,0.6046309,-0.6163256,0.2437609,-0.1206552,0.1235508,-0.2554341,-0.3767826,-0.4954517,0,-0.1188259,0,-0.4768642,0.3583906,0.1194023,0.3621566,26,27,27,27,26,26,27,26,27,27,27,27,27,27,27,27
767,7670,468.65,-0.7256072,0.6163256,-0.6093345,0.8446891,-0.6177623,0,-0.7535147,-0.247726,-1.107604,-0.2376511,-0.1261285,-0.7152954,-0.5973187,0,-0.1207178,26,27,27,27,26,26,27,26,27,27,27,27,27,27,27,27
768,7680,469.0113,0.6046309,-0.8628557,0.3656321,1.284249E-05,0.2471032,-0.89402,-0.1256277,-0.9909033,0.1230664,-0.4753022,0,-0.3576481,0,0.8358118,-0.2414372,26,27,27,27,26,26,27,26,27,27,27,27,27,27,27,27
769,7690,468.8909,0.241837,0,0.1218905,0.7240211,-1.605311E-06,0.3831515,-0.7535147,-0.247726,-1.353738,0,-0.8829,-0.7152954,-0.4778546,-0.4776066,0.1207194,26,26,27,27,26,26,27,26,27,27,27,27,27,27,27,27
770,7700,469.2522,-1.926374E-05,0.7395902,0.6093738,0.2413489,0.2471032,-0.2554341,-0.2512055,-0.123863,1.107604,-0.8317792,0.630643,-1.072944,0,-0.1194015,-0.1207178,26,26,27,27,26,26,27,26,27,27,27,27,27,27,27,27
771,7710,468.8909,0.483706,-0.1232654,0.2437609,0.2413489,-0.2471058,0.5108687,0.1255265,0.247726,-0.6153359,0.2376511,-0.252257,0.2384313,-1.55303,-0.1194015,-0.9657489,26,26,27,27,26,26,27,26,27,27,27,27,27,27,27,27
772,7720,468.4091,0.2418434,0,-0.4874636,0.6033531,-1.605311E-06,0.2554343,0.6278357,0.123863,0.9845359,-0.1188259,0.8828996,0.2384313,1.075173,-0.1194015,0.7243133,26,26,27,27,26,26,27,26,27,27,27,27,27,27,27,27
773,7730,469.3727,0.6046309,0.4930601,1.926374E-05,0.4826786,0.7413119,0.1277172,0.6278357,-0.123863,-0.4922687,-0.3564771,-0.630643,0.2384313,-0.9557109,0,-1.569341,26,26,27,27,26,26,27,26,27,27,27,27,27,27,27,27
774,7740,468.5296,0.1209121,0.4930601,-0.2437224,0.6033466,-0.3706578,0.6385858,-5.056731E-05,0,0.3692007,-0.4753022,0,-0.119216,-0.1194641,0,0.4828761,26,26,27,27,26,26,27,26,27,27,27,27,27,27,27,27
775,7750,467.8069,-0.3628068,-0.4930601,-0.3655928,0.3620105,-0.1235532,-0.2554341,-0.1256277,0.247726,0.1230664,0.2376511,0.1261285,0.1192152,-0.2389281,0.5970089,-0.362155,26,26,27,27,26,26,27,26,27,27,27,27,27,27,27,27
776,7760,467.8069,-0.846532,-0.2465301,-0.4874636,0.1206745,-0.2471056,0.5108687,-0.5023091,0.6193147,0,0.2376511,-0.1261285,0.2384313,0.8362468,0.3582052,0.3621566,26,26,27,27,26,26,27,26,27,27,27,27,27,27,27,27
777,7770,468.4091,-0.1209506,-0.1232654,-0.2437224,6.421245E-06,-0.1235532,-0.3831513,-0.3767321,0.123863,0.4922679,-0.1188259,0.252257,0.1192152,0,0.7164103,0.4828761,26,26,27,27,26,26,27,26,27,27,27,27,27,27,27,27
778,7780,469.0113,-0.4837381,0.9861203,-0.7312049,0.3620105,-0.4942099,-0.5108685,-0.5023091,-0.123863,-0.6153359,0.2376511,0,0,-1.075175,0,-0.362155,26,26,27,27,26,26,27,26,27,27,27,27,27,27,27,27
779,7790,468.0478,0.483706,-0.4930601,1.926374E-05,-0.3619977,-8.026557E-07,-1.149454,-0.251155,0,0.2461336,0.1188251,0.3783855,0.1192152,0.8362468,0,0.3621566,26,26,27,27,26,26,27,26,27,27,27,27,27,27,27,27
780,7800,469.1318,0.3627747,0.7395902,-0.7312049,1.086019,-0.4942099,0,-0.5023091,0.247726,-1.107604,-0.2376511,0.1261285,0.2384313,-0.1194641,0.3582052,-0.1207178,26,26,27,27,26,26,27,26,27,27,27,27,27,27,27,27
781,7810,468.5296,0.483706,0,-0.1218512,0.4826786,-8.026557E-07,0.1277172,0.1255771,-0.123863,-0.3692015,0.2376511,-0.252257,-0.2384321,-1.314101,0.1194023,-0.1207178,26,26,27,27,26,26,27,26,27,27,27,27,27,27,27,27
782,7820,469.1318,-1.926374E-05,0.9861203,1.926374E-05,1.206687,-0.2471056,0.3831515,-0.627887,0,-1.353738,-0.3564771,-0.630643,0,-0.5973187,-0.1194015,-0.362155,26,26,27,27,26,26,27,26,27,27,27,27,27,27,27,27
783,7830,469.1318,0.1209121,-0.4930601,-0.1218512,-0.3619977,0.2471036,-0.5108685,0,-1.114766,0.1230664,-0.8317792,0,-0.4768642,-0.2389281,0.1194023,-0.1207178,26,26,27,27,26,26,27,26,27,27,27,27,27,27,27,27
784,7840,468.7704,0.1209121,0.4930601,1.926374E-05,0.3620105,-0.2471056,0.7663028,-0.7534641,0,-0.4922687,0.2376511,-0.3783855,0.3576473,-0.9557109,0,-0.7243116,26,26,27,27,26,26,27,26,27,27,27,27,27,27,27,27
785,7850,469.6135,0.1209121,-0.1232654,0.3656321,0.1206745,0.1235512,-0.3831513,0.1255771,-0.3715886,0.7384023,-0.2376511,-0.252257,-0.7152954,-0.2389281,-0.597008,-0.362155,26,27,27,27,26,26,27,26,27,27,27,27,27,27,27,27
786,7860,469.1318,0.3627747,0,0.3656321,0.3620105,0.3706556,0.5108687,-0.251155,-0.123863,-0.4922687,0.3564771,0,0.2384313,-0.2389281,0.1194023,-0.7243116,26,27,27,27,26,26,27,26,27,27,27,27,27,27,27,27
787,7870,468.65,0.483706,0.3697955,0.2437609,0.9653507,0.2471036,1.021737,0.5023091,-0.123863,0.9845359,-0.2376511,0.7567711,-0.8345115,0.3583906,-0.597008,-0.2414372,26,27,27,27,26,26,27,26,27,27,27,27,27,27,27,27
788,7880,468.4091,-0.1209506,-0.3697955,-0.2437224,0.2413425,0.4942079,0.7663028,0,-0.123863,-0.2461344,0,0.504514,0.3576473,-0.9557109,0.2388037,-0.4828745,26,27,27,27,26,26,27,26,27,27,27,27,27,27,27,27
789,7890,468.0478,-0.6046694,-0.4930601,1.926374E-05,0.2413425,-0.1235532,0.5108687,-0.1255771,0.8670407,0.1230664,0.1188251,0.504514,0.4768634,0.5973187,-0.2388037,1.086468,26,27,27,27,26,26,27,26,27,27,27,27,27,27,27,27
790,7900,468.0478,-0.6046694,-0.7395902,-0.7312049,-0.3619977,-0.1235532,-0.2554341,0.1255771,-0.123863,0,-0.1188259,0.504514,-0.119216,-0.8362468,0.5970089,-0.6035923,26,27,27,27,26,26,27,26,27,27,27,27,27,27,27,27
791,7910,468.8909,-0.7256007,-0.9861203,-0.2437224,0.3620105,-0.1235532,0.3831515,0.5023091,0.247726,0.2461336,0.2376511,-0.1261285,0.4768634,0,-0.1194015,0.6035939,26,27,27,27,26,26,27,26,27,27,27,27,27,27,27,27
792,7920,468.0478,0.1209121,-0.8628557,-0.8530757,-0.2413297,0.1235512,-0.3831513,0.1255257,0,0.2461336,0.2376511,0.3783855,-0.2384321,-0.2389281,0.955214,0,26,27,27,27,26,26,27,26,27,27,27,27,27,27,27,27
793,7930,468.8909,-0.4837381,0.2465301,-0.9749465,-0.1206616,-0.6177621,-0.1277172,-0.7535155,-0.123863,0,0,0.252257,0.2384313,-0.1194641,0.3582052,0.6035939,26,27,27,27,26,26,27,26,27,27,27,27,27,27,27,27
794,7940,468.2886,0.7255622,-1.109386,0.1218905,-0.1206616,-0.1235532,-0.5108685,-0.3767834,-0.4954517,-0.3692015,-0.2376511,-0.504514,0.1192152,0.4778546,0.1194023,0.4828761,26,27,27,27,26,26,27,26,27,27,27,27,27,27,27,27
795,7950,468.4091,0.1209121,0.3697955,-0.4874636,0.6033466,-0.4942099,-0.1277172,-1.255825,-0.4954517,-0.6153359,-0.3564771,-0.252257,-0.3576481,-0.2389281,0.2388037,0.4828761,26,27,27,27,26,26,27,26,27,27,27,27,27,27,27,27
796,7960,468.7704,-0.2418755,-0.2465301,0.2437609,-0.8446699,0.2471036,-0.1277172,0.1255257,-0.7431773,-0.6153359,-0.5941281,-0.252257,-0.2384321,0.4778546,0.2388037,0.1207194,26,27,27,27,26,26,27,26,27,27,27,27,27,27,27,27
797,7970,468.8909,0.1209121,0.6163256,1.926374E-05,0.4826786,-0.4942099,-0.2554341,-1.130248,-0.123863,-0.9845371,-0.4753022,-0.252257,-0.3576481,-0.5973187,0.2388037,0.2414388,26,27,27,27,26,26,27,26,27,27,27,27,27,27,27,27
798,7980,469.0113,-0.3628068,0,0.3656321,0.3620105,0.8648647,0,0.5022578,-0.3715886,-0.123068,-0.3564771,0,-1.072944,0.1194641,0.4776066,-0.1207178,26,27,27,27,26,26,27,26,27,27,27,27,27,27,27,27
799,7990,469.2522,0.483706,0.1232654,-0.2437224,0.3620105,-0.1235532,0.6385858,0.2511028,0.247726,-0.6153359,-0.1188259,-0.504514,-0.3576481,-0.5973187,-0.1194015,0.1207194,26,27,27,27,26,26,27,26,27,27,27,27,27,27,27,27
800,8000,468.8909,-1.926374E-05,0.2465301,-0.1218512,0.8446828,0.3706556,0.3831515,0.3766807,0,0.6153351,-0.9506044,0.7567711,-0.3576481,0.8362468,-0.3582052,-0.1207178,26,27,27,27,26,26,27,26,27,27,27,27,27,27,27,27
801,8010,468.6499,0.1209121,0.2465301,0.2437609,0.4826786,0.4942079,0.3831515,0.5022578,0.247726,-0.8614699,0.2376511,0,0,-0.8362468,0.2388037,-0.9657489,26,26,27,27,26,26,27,26,27,27,27,27,27,27,27,27
802,8020,468.4091,-5.779121E-05,0.6163256,0.1218905,1.327355,-8.026557E-07,0.5108687,0.5022578,0.123863,0.6153351,0,0,-0.8345115,0.7167827,-0.3582052,0.1207194,26,26,27,27,26,26,27,26,27,27,27,27,27,27,27,27
803,8030,468.8908,-5.779121E-05,-0.3697955,0.1218905,0.2413425,0.9884167,0.5108687,0.3766807,-0.247726,0.2461336,0.3564771,0.3783855,0.4768634,-0.9557109,-0.7164099,-0.6035923,26,26,27,27,26,26,27,26,27,27,27,27,27,27,27,27
804,8040,468.1682,-0.1209891,0.3697955,-0.2437224,0.7240147,0.1235512,0,-0.1256285,0.247726,0.1230664,-0.1188259,0.3783855,0,0.1194641,-0.3582052,0.1207194,26,26,27,27,26,26,27,26,27,27,27,27,27,27,27,27
805,8050,468.0477,0.2417984,-0.2465301,-0.2437224,0.6033466,0.7413123,-0.1277172,0.6278349,0.3715886,-0.6153359,-0.1188259,-0.252257,0.4768634,-0.2389281,-0.1194015,-0.8450295,26,26,27,27,26,26,27,26,27,27,27,27,27,27,27,27
806,8060,467.8068,-0.483783,0.1232654,-0.2437224,-0.1206616,-0.3706578,0.2554343,0.3766807,0.247726,0,0,0.504514,-0.4768642,0.7167827,-0.1194015,1.086468,26,26,27,27,26,26,27,26,27,27,27,27,27,27,27,27
807,8070,468.0477,-0.6047144,0,0.1218905,0.1206745,0.1235512,-0.2554341,0.5022578,0.3715886,0.3692007,0,0,0.7152954,-0.5973187,0.4776066,-0.362155,26,26,27,27,26,26,27,26,27,27,27,27,27,27,27,27
808,8080,468.1682,-0.3628517,-0.8628557,-0.7312049,6.421245E-06,0.1235512,0.2554343,-0.1256285,0.4954517,0.3692007,0,0.252257,-0.2384321,0.2389265,0.5970089,0.3621566,26,26,27,27,26,26,27,26,27,27,27,27,27,27,27,27
809,8090,467.8068,-0.483783,-0.8628557,-0.4874636,6.421245E-06,0.2471036,0,-0.2512063,0.123863,0.7384023,0.1188251,0.252257,0.2384313,0.1194641,0.4776066,0.2414388,26,26,27,27,26,26,27,26,27,27,27,27,27,27,27,27
810,8100,468.5295,-0.6047144,0.1232654,-0.9749465,0.1206745,-0.4942099,0,0.1255257,0.247726,-0.2461344,0.1188251,0.7567711,0.7152954,0.4778546,0.8358118,0.7243133,26,26,27,27,26,26,27,26,27,27,27,27,27,27,27,27
811,8110,468.1682,-0.483783,-0.9861203,-0.3655928,-0.8446699,-0.3706578,-0.3831513,-5.136996E-05,0.247726,0,0.2376511,0.7567711,-0.3576481,0.2389265,0,0.4828761,26,26,27,27,26,26,27,26,27,27,27,27,27,27,27,27
812,8120,469.0113,-0.483783,0,-0.4874636,6.421245E-06,-0.8648665,-0.3831513,-0.5023605,-0.8670403,-0.4922687,-0.2376511,0.252257,0.2384313,-0.2389281,0.5970089,-0.1207178,26,26,27,27,26,26,27,26,27,27,27,27,27,27,27,27
813,8130,468.8908,0.2417984,-0.3697955,0.3656321,0.1206745,0.3706556,-0.7663028,-0.2512063,-0.123863,-0.3692015,0.2376511,0.3783855,-0.4768642,0.2389265,0.2388037,0.6035939,26,26,27,27,26,26,27,26,27,27,27,27,27,27,27,27
814,8140,468.5295,-0.483783,0,-0.3655928,0.7240147,-0.9884189,-0.2554341,-0.3767834,-0.3715886,0.1230664,-0.1188259,0.3783855,0.9537267,0.4778546,0.8358118,0.4828761,26,26,27,27,26,26,27,26,27,27,27,27,27,27,27,27
815,8150,468.1682,0.3627297,-0.2465301,0.1218905,-0.3619977,-0.3706578,-0.7663028,-0.7535155,-0.123863,-0.3692015,0.2376511,0.630643,-0.119216,0.2389265,0.3582052,0.6035939,26,26,27,27,26,26,27,26,27,27,27,27,27,27,27,27
816,8160,468.4091,-0.483783,0.3697955,-0.2437224,0.6033466,-0.7413144,-0.3831513,-0.6279384,-0.8670403,-0.4922687,-0.4753022,-0.1261285,-0.4768642,-0.3583922,0.4776066,0,26,26,27,27,26,26,27,26,27,27,27,27,27,27,27,27
817,8170,468.5296,0.1208735,-0.3697955,1.926374E-05,-0.4826657,-0.1235532,-0.89402,-0.8790926,-0.3715886,-0.123068,-0.4753022,-0.1261285,-0.2384321,0.2389265,0.1194023,-0.1207178,26,27,27,27,26,26,27,26,27,27,27,27,27,27,27,27
818,8180,469.2522,-0.3628132,0.8628557,-0.4874636,0.7240147,-1.235523,-0.6385856,-0.1256285,-0.6193147,-1.476805,-0.7129533,-0.252257,0,0,0.3582052,0.7243133,26,27,27,27,26,26,27,26,27,27,27,27,27,27,27,27
819,8190,468.0478,0.7255558,-0.6163256,0.4875025,-0.2413297,0.9884167,-0.3831513,-0.6279384,-0.123863,-0.123068,-0.2376511,0.1261285,-0.3576481,0.3583906,0.3582052,0.7243133,26,27,27,27,26,26,27,26,27,27,27,27,27,27,27,27
820,8200,468.8908,0.3627683,0.4930601,0.1218905,1.327355,-0.1235532,0.2554343,-0.8790926,-0.247726,-0.6153359,-0.4753022,-1.261286,-0.3576481,-0.5973187,-0.3582052,-0.6035923,26,27,27,27,26,26,27,26,27,27,27,27,27,27,27,27
821,8210,469.1318,0.3627683,0.3697955,1.926374E-05,0.1206745,0.4942079,-0.7663028,0.5022578,-0.8670403,0.2461336,-0.7129533,-0.252257,-1.311376,0,-0.2388037,-0.362155,26,27,27,27,26,26,27,26,27,27,27,27,27,27,27,27
822,8220,468.7704,0.3627683,0.2465301,-0.1218512,0.4826786,-1.605311E-06,0.5108687,-0.1256285,-0.123863,-0.9845371,0,-0.7567714,-0.2384321,-1.314101,-0.1194015,0.1207194,26,27,27,27,26,26,27,26,27,27,27,27,27,27,27,27
823,8230,468.7704,-0.1209506,-0.1232654,-0.1218512,6.421245E-06,0.4942075,-0.2554341,-5.136996E-05,-0.123863,0.2461336,-0.5941281,0.504514,-0.9537275,0.1194641,0.2388037,0.1207194,26,27,27,27,26,26,27,26,27,27,27,27,27,27,27,27
824,8240,468.2886,0.1209056,0.3697955,0.4875025,0.8446828,0.3706551,0,-5.056731E-05,0.6193147,-0.3692015,0.4753022,-0.7567714,-0.119216,-0.7167827,-0.2388037,-0.8450295,26,27,27,27,26,26,27,26,27,27,27,27,27,27,27,27
825,8250,468.8908,0.241837,0.7395902,-0.2437224,0.7240147,0.1235508,0.3831515,0.1255265,-0.4954517,0,-0.2376511,0.630643,-0.4768642,0,-0.597008,0.1207194,26,27,27,27,26,26,27,26,27,27,27,27,27,27,27,27
826,8260,468.5296,0.241837,0.1232654,0.3656321,0.1206745,0.7413119,-0.1277172,-5.056731E-05,-0.123863,0.1230664,-0.2376511,-0.1261285,0.5960794,-1.075175,-0.2388037,-1.086467,26,27,27,27,26,26,27,26,27,27,27,27,27,27,27,27
827,8270,467.6864,-0.4837445,-0.8628557,1.926374E-05,0.9653507,0.3706551,0.1277172,-0.1256277,0,-0.123068,0.1188251,0.3783855,-0.2384321,0,0.3582052,0.7243133,26,27,27,27,26,26,27,26,27,27,27,27,27,27,27,27
828,8280,468.0478,-0.3628132,-0.3697955,0.1218905,-0.1206616,0.7413119,0.1277172,0.2511036,-0.247726,-0.123068,0.4753022,-0.504514,0.1192152,-0.9557109,0.1194023,-0.362155,26,27,27,27,26,26,27,26,27,27,27,27,27,27,27,27
829,8290,467.4456,-2.568498E-05,-0.1232654,-0.3655928,-0.2413297,-0.1235536,0.8940201,-0.1256277,0.247726,0.3692007,0.7129533,0.630643,-0.8345115,0.5973187,-0.3582052,0.4828761,26,27,27,27,26,26,27,26,27,27,27,27,27,27,27,27
830,8300,467.566,-0.2418819,-0.3697955,-0.2437224,0.1206745,0.3706551,0.1277172,0.3766815,0.6193147,0,0.3564771,-0.1261285,0.3576473,-0.3583922,0.2388037,-0.4828745,26,27,27,27,26,26,27,26,27,27,27,27,27,27,27,27
831,8310,468.65,-0.6046758,-0.1232654,-0.8530757,0.6033466,0.1235508,-0.2554341,-0.1256277,0,-0.3692015,0.2376511,0.630643,-0.4768642,0.1194641,-0.1194015,0.2414388,26,27,27,27,26,26,27,26,27,27,27,27,27,27,27,27
832,8320,468.1682,0.241837,-0.7395902,-0.3655928,-0.3619977,0.3706551,-0.1277172,0.2511036,0.123863,0.4922679,0.2376511,0.252257,-0.3576481,0.1194641,0.2388037,-0.2414372,26,27,27,27,26,26,27,26,27,27,27,27,27,27,27,27
833,8330,468.65,-0.8465385,-0.4930601,-0.7312049,6.421245E-06,-0.4942102,0.2554343,0.1255265,-0.123863,0.2461336,0.7129533,0.630643,0.5960794,-0.1194641,0.1194023,0.1207194,26,26,27,27,26,26,27,26,27,27,27,27,27,27,27,27
834,8340,467.8069,-1.330296,-0.7395902,1.926374E-05,0.2413425,0.4942075,0.1277172,0.6278357,-0.123863,0.6153351,-0.1188259,0.252257,0.2384313,0.5973187,0.7164103,-0.2414372,26,26,27,27,26,26,27,26,27,27,27,27,27,27,27,27
835,8350,468.2886,-0.9675019,-0.3697955,-1.096817,-0.3619977,-0.7413147,-0.2554341,-0.1256277,0,0,0.2376511,0.1261285,0.3576473,0.1194641,-0.2388037,0.4828761,26,26,27,27,26,26,27,26,27,27,27,27,27,27,27,27
836,8360,468.2886,-0.6047144,-0.9861203,-0.4874636,0.6033466,-0.1235536,-0.1277172,0.2511036,0.123863,0.9845359,0,0.1261285,0.2384313,-0.2389281,-0.2388037,-0.2414372,26,26,27,27,26,26,27,26,27,27,27,27,27,27,27,27
837,8370,468.0478,-0.9675019,0,-0.8530757,0.2413425,-0.1235536,0,0.6278357,0.7431773,0.1230664,0.5941281,-0.3783855,0.4768634,0.1194641,0,0.7243133,26,26,27,27,26,26,27,26,27,27,27,27,27,27,27,27
838,8380,468.0478,-0.1209891,-0.9861203,-0.4874636,-0.2413297,0.1235512,-0.1277172,-0.2512055,-0.123863,0.6153351,0.1188251,-0.1261285,0,0.5973187,0.1194023,-0.2414372,26,26,27,27,26,26,27,26,27,27,27,27,27,27,27,27
839,8390,468.65,-0.2419204,-0.2465301,-0.3655928,6.421245E-06,-0.8648665,-1.021737,-0.3767826,-0.3715886,-0.3692015,-0.1188259,0,0.2384313,0.1194641,0.7164103,0.6035939,26,26,27,27,26,26,27,26,27,27,27,27,27,27,27,27
840,8400,468.2886,0.1208735,-0.4930601,-0.6093345,-0.3619977,-0.4942099,-0.3831513,-0.3767826,0.6193147,0.3692007,-0.4753022,0.252257,0.1192152,0.5973187,0.3582052,0.2414388,26,26,27,27,26,26,27,26,27,27,27,27,27,27,27,27
841,8410,468.65,-1.209365,-0.1232654,-0.4874636,6.421245E-06,-0.2471056,-0.3831513,-0.6279376,0.3715886,0.1230664,0.2376511,-0.1261285,0.2384313,0.2389265,0.4776066,0.1207194,26,26,27,27,26,26,27,26,27,27,27,27,27,27,27,27
842,8420,468.0478,0.6045924,-0.7395902,-0.4874636,-0.6033338,-0.7413144,-0.3831513,-0.3767826,-0.123863,0.1230664,0.1188251,0.630643,0.3576473,1.075173,0.3582052,0.3621566,26,26,27,27,26,26,27,26,27,27,27,27,27,27,27,27
843,8430,468.8909,-0.2419204,-0.1232654,-0.7312049,6.421245E-06,-0.2471056,-0.2554341,-0.5023597,-0.3715886,-0.123068,0.7129533,-0.1261285,-0.2384321,-0.4778546,0.5970089,0.1207194,26,26,27,27,26,26,27,26,27,27,27,27,27,27,27,27
844,8440,468.1682,-0.1209891,-1.23265,-0.4874636,-0.6033338,0.1235512,-0.2554341,-0.5023597,-0.123863,0.2461336,0,0.1261285,-0.3576481,0.7167827,0.5970089,0.2414388,26,26,27,27,26,26,27,26,27,27,27,27,27,27,27,27
845,8450,468.7704,-5.779121E-05,0.6163256,-0.4874636,-0.1206616,-0.6177621,-0.2554341,-0.3767826,-0.6193147,-0.6153359,-0.1188259,0.1261285,0.4768634,0.3583906,0.955214,0.2414388,26,26,27,27,26,26,27,26,27,27,27,27,27,27,27,27
846,8460,468.4091,-0.1209891,-0.1232654,0.1218905,-0.3619977,0.1235512,-0.7663028,-0.3767826,0.247726,-0.4922687,-0.4753022,-0.3783855,-0.2384321,-0.1194641,0.3582052,0.2414388,26,26,27,27,26,26,27,26,27,27,27,27,27,27,27,27
847,8470,468.7704,-0.2419204,0.3697955,-0.4874636,0.8446828,-0.3706578,0,-1.130247,-0.123863,-0.7384031,-0.2376511,0.1261285,0.1192152,-0.3583922,0.3582052,0.1207194,26,26,27,27,26,26,27,26,27,27,27,27,27,27,27,27
848,8480,468.7704,0.3627297,-0.2465301,0.3656321,6.421245E-06,1.359073,-1.021737,-0.6279376,-0.247726,-0.2461344,-0.2376511,-0.504514,-0.2384321,0.1194641,0.4776066,0.1207194,26,26,27,27,26,26,27,26,27,27,27,27,27,27,27,27
849,8490,468.7704,-0.2419204,0.7395902,-0.1218512,0.7240147,-0.7413144,0.5108687,-0.5023597,-0.123863,-0.9845371,-0.4753022,-0.504514,0.3576473,-0.7167827,0.7164103,-0.362155,26,26,27,27,26,26,27,26,27,27,27,27,27,27,27,27
850,8500,468.8908,-5.779121E-05,-0.1232654,1.926374E-05,-0.1206616,0.2471036,-0.5108685,-0.1256277,-0.123863,-0.4922687,-1.188256,-0.252257,-0.2384321,0,0.2388037,0,26,26,27,27,26,26,27,26,27,27,27,27,27,27,27,27
851,8510,468.8908,-0.7256393,0.1232654,-0.1218512,0.8446828,-0.4942099,0.2554343,-0.7535147,0,-1.107604,-0.7129533,-0.1261285,-0.3576481,-0.4778546,-0.3582052,0.3621566,26,26,27,26,26,26,27,26,27,27,27,27,27,27,27,27
852,8520,469.0113,0.1208735,-0.2465301,-8.026557E-07,-0.2413297,0.4942079,-0.89402,-5.056731E-05,-0.123863,0.1230664,-0.9506044,-0.252257,-0.4768642,-0.2389281,0.4776066,0.2414388,26,26,27,26,26,26,27,26,27,27,27,27,27,27,27,27
853,8530,468.5295,0.4836611,0.1232654,0.1218696,0.4826786,-0.8648665,-0.1277172,-1.004669,-0.247726,-1.107604,-0.1188259,-0.504514,-0.2384321,-0.8362468,-0.1194015,0.2414388,26,26,27,26,26,26,27,26,27,27,27,27,27,27,27,27
854,8540,468.7704,-0.2419204,0,0.7312241,0.7240147,1.111969,-0.3831513,0.1255265,-0.7431773,0.1230664,-1.188256,0,-0.5960802,-0.2389281,0,0.2414388,26,26,27,26,26,26,27,26,27,27,27,27,27,27,27,27
855,8550,468.4091,-0.3628517,0.2465301,-0.121872,0.3620105,-0.6177621,0.7663028,-1.004669,-0.123863,-0.9845371,0,-0.630643,-0.9537275,-0.7167827,-0.3582052,0.1207194,26,26,27,26,26,26,27,26,27,27,27,27,27,27,27,27
856,8560,468.5295,0.2417984,-0.4930601,0.2437408,6.421245E-06,0.8648647,-0.2554341,0.5022586,-0.6193147,-0.4922687,-0.2376511,-0.504514,-0.7152954,0.2389265,0.2388037,0.4828761,26,26,27,26,26,26,27,26,27,27,27,27,27,27,27,27
857,8570,468.8908,-5.779121E-05,0.4930601,0.1218696,0.6033466,0.2471036,0.2554343,-0.7535147,-0.123863,-0.9845371,-0.2376511,-1.009028,-0.3576481,-0.9557109,-0.2388037,-0.362155,26,26,27,26,26,26,27,26,27,27,27,27,27,27,27,27
858,8580,469.1317,-5.779121E-05,0.4930601,0.3656113,-0.2413297,0.7413123,-0.2554341,0.1255265,-0.3715886,0,-0.7129533,-0.630643,-0.8345115,-0.7167827,-0.2388037,-0.362155,26,26,27,26,26,26,27,26,27,27,27,27,27,27,27,27
859,8590,468.5295,0.1208735,0.2465301,0.4874825,0.8446828,-0.4942099,0.8940201,-0.6279376,0.247726,-1.476805,-0.2376511,-0.8829,-0.3576481,-0.8362468,0.1194023,-0.362155,26,26,27,26,26,26,27,26,27,27,27,27,27,27,27,27
860,8600,468.7704,0.2417984,0,0.6093529,-0.2413297,0.4942079,0.2554343,0.7534136,-0.3715886,0.2461336,-0.9506044,-0.252257,-0.8345115,-0.3583922,0.1194023,0.2414388,26,26,27,26,26,26,27,26,27,27,27,27,27,27,27,27
861,8610,468.7704,0.3627297,0.3697955,-0.121872,0.7240147,-0.1235532,0,-0.3767826,0.123863,-1.107604,-0.2376511,-0.3783855,-0.4768642,-0.9557109,0.1194023,-0.6035923,26,26,27,26,26,26,27,26,27,27,27,27,27,27,27,27
862,8620,469.2522,-0.2419204,0.3697955,0.2437408,6.421245E-06,0.2471036,-0.1277172,0.1255265,-0.4954517,0.2461336,-0.7129533,0.3783855,-0.4768642,-0.3583922,-0.1194015,-0.6035923,26,26,27,26,26,26,27,26,27,27,27,27,27,27,27,27
863,8630,468.6499,0.6045924,-0.3697955,0.3656113,0.1206745,0.3706556,0.3831515,0.1255265,0.123863,-0.8614699,-0.2376511,-0.252257,-0.5960802,-1.314101,-0.1194015,-0.2414372,26,26,27,26,26,26,27,26,27,27,27,27,27,27,27,27
864,8640,468.8908,-5.779121E-05,0.2465301,-0.121872,0.4826786,0.6177599,-0.2554341,0.3766815,-0.6193147,0.6153351,-0.7129533,0.252257,-0.5960802,-0.3583922,-0.3582052,0.2414388,26,26,27,26,26,26,27,26,27,27,27,27,27,27,27,27
865,8650,468.2886,-5.779121E-05,-0.7395902,0.3656113,6.421245E-06,0.1235512,0,-0.3767826,-0.123863,-0.8614699,0.7129533,-0.504514,-0.119216,-1.314101,-0.3582052,-1.086467,26,26,27,26,26,26,27,26,27,27,27,27,27,27,27,27
866,8660,468.2886,-0.1209891,0.6163256,-8.026557E-07,0.9653507,0.3706556,0.2554343,-5.056731E-05,-0.247726,0.1230664,-0.2376511,0.252257,-0.7152954,-0.2389281,-0.2388037,0.1207194,26,26,27,26,26,26,27,26,27,27,27,27,27,27,27,27
867,8670,468.8908,0.2417984,0.1232654,0.7312241,0.4826786,0.2471036,-0.6385856,-0.3767826,0.4954517,-0.4922687,0.4753022,0,0,-0.7167827,0,-0.8450295,26,26,27,26,26,26,27,26,27,27,27,27,27,27,27,27
868,8680,468.7704,0.2417984,0.4930601,0.3656618,0.8446828,-0.2471056,0.8940201,-0.1256277,-0.4954517,0.7384023,-0.3564771,0.630643,-0.7152954,-0.3583922,0.1194023,0.2414388,26,26,27,26,26,26,27,26,27,27,27,27,27,27,27,27
869,8690,467.8068,-0.3628517,-0.6163256,0.3656618,-0.2413297,0.2471036,0.2554343,-0.1256277,-0.123863,-0.3692015,-0.1188259,0.252257,0.3576473,-1.194637,0.1194023,-0.7243116,26,26,27,26,26,26,27,26,27,27,27,27,27,27,27,27
870,8700,467.8068,0.1208735,-0.4930601,0.1219202,0.3620105,-0.1236042,0.5108687,0.1255265,0.247726,0.3692007,-0.2376511,0.504514,0.2384313,0.5973187,-0.2388037,0.4828761,26,26,27,26,26,26,27,26,27,27,27,27,27,27,27,27
871,8710,467.6864,-0.6047144,-0.1232654,4.976465E-05,0.2413425,0.617709,0.1277172,-0.6279376,0,-0.3692015,0.7129533,-0.3783855,0.1192152,-0.8362468,0.3582052,-1.086467,26,26,27,26,26,26,27,26,27,27,27,27,27,27,27,27
872,8720,468.2886,-0.3628517,0.3697955,-0.2436919,0.1206745,-5.217262E-05,0.6385858,-0.1256285,0.247726,0.4922679,-0.4753022,0.1261285,-0.7152954,0.4778546,-0.4776066,0.7243133,26,26,27,26,26,26,27,26,27,27,27,27,27,27,27,27
873,8730,467.5659,-0.7256393,-0.4930601,-0.3655627,6.421245E-06,0.7412614,-0.2554341,0.1255257,0.3715886,0.4922679,0,0.252257,0.3576473,-0.1194641,0.2388037,-0.6035923,26,26,27,26,26,26,27,26,27,27,27,27,27,27,27,27
874,8740,468.0477,-0.7256393,-0.4930601,-0.3655627,0.2413425,-0.7413655,-0.1277172,0.2511028,0.4954517,0.3692007,0.1188251,0.1261285,0.4768634,0.4778546,0.2388037,0.6035939,26,26,27,26,26,26,27,26,27,27,27,27,27,27,27,27
875,8750,467.9272,-0.1209891,-0.8628557,-0.2436919,-0.4826657,0.7412614,0.2554343,-5.136996E-05,-0.4954517,0.3692007,0.5941281,0.3783855,0,0,0.2388037,-0.1207178,26,26,27,26,26,26,27,26,27,27,27,27,27,27,27,27
876,8760,468.6499,-0.483783,0.2465301,-0.8530456,0.3620105,-0.3707087,-0.2554341,-0.5023605,-0.123863,-0.123068,0,0.630643,0.3576473,-0.3583922,0.5970089,0.3621566,26,26,27,26,26,26,27,26,27,27,27,27,27,27,27,27
877,8770,468.2886,-0.2419204,-0.9861203,0.1219202,-0.7240018,-0.2471565,-0.3831513,-0.1256285,-0.4954517,0.4922679,-0.3564771,0,-0.3576481,0.2389265,0.1194023,-0.1207178,26,26,27,26,26,26,27,26,27,27,27,27,27,27,27,27
878,8780,468.2886,-0.483783,0.2465301,-0.609304,0.4826786,-0.9884701,-0.3831513,-1.00467,-0.6193147,-0.3692015,0,0.3783855,0.4768634,-0.2389281,0.4776066,-0.362155,26,26,27,26,26,26,27,26,27,27,27,27,27,27,27,27
879,8790,468.0477,0.3627297,-0.6163256,0.2437914,-0.3619977,0.2470526,-0.7663028,-0.5023605,-0.123863,0.1230664,0.2376511,0.3783855,0,0.4778546,0.3582052,0.3621566,26,26,27,26,26,26,27,26,27,27,27,27,27,27,27,27
880,8800,468.2886,-0.483783,0.7395902,-0.8530456,0.6033466,-0.8649177,0,-0.6279384,-0.247726,-0.3692015,-0.5941281,0.1261285,-0.119216,-0.8362468,-0.1194015,-0.1207178,26,26,27,26,26,26,27,26,27,27,27,27,27,27,27,27
881,8810,468.4091,0.6045924,0.1232654,0.6094035,-0.2413297,0.9883657,-0.89402,-0.5023605,-0.8670403,-0.7384031,-0.1188259,0.1261285,-0.119216,0.4778546,0.2388037,0,26,27,27,26,26,26,27,26,27,27,27,27,27,27,27,27
882,8820,468.65,-0.2418755,0.3697955,4.976465E-05,0.7240147,-0.2471565,-0.1277172,-0.8790926,-0.247726,-0.8614699,-0.9506044,-0.1261285,-0.3576481,-0.5973187,0.2388037,-0.2414372,26,27,27,26,26,26,27,26,27,27,27,27,27,27,27,27
883,8830,468.1682,-0.2418755,-0.6163256,0.3656618,0.2413425,0.7412614,-0.1277172,-0.1256285,-0.4954517,-0.3692015,-0.2376511,0.1261285,-0.4768642,-0.1194641,0.2388037,-0.2414372,26,27,27,27,26,26,27,26,27,27,27,27,27,27,27,27
884,8840,468.7704,0.2418434,0.1232654,0.3656321,0.8446828,-0.2471565,0.7663028,-0.8790926,0.247726,-1.107604,-0.1188259,-0.3783855,-0.2384321,-0.5973187,-0.7164099,-0.6035923,26,27,27,27,26,26,27,26,27,27,27,27,27,27,27,27
885,8850,469.1318,-0.2418755,0.1232654,-0.2437224,0.3620105,0.617709,-0.5108685,0.3766807,-0.3715886,0.1230664,-0.9506044,-0.3783855,-0.5960802,-0.2389281,0.1194023,-0.362155,26,27,27,27,26,26,27,26,27,27,27,27,27,27,27,27
886,8860,468.1682,0.7255622,0.3697955,-0.1218512,0.3620105,-0.2471058,0.5108687,-0.2512063,-0.123863,-0.3692015,-0.4753022,-0.3783855,-0.4768642,-1.314101,-0.4776066,-0.7243116,26,27,27,27,26,26,27,26,27,27,27,27,27,27,27,27
887,8870,468.65,-0.3628068,0.6163256,0.2437609,6.421245E-06,0.1235508,0.1277172,-0.1256285,-0.3715886,0.4922679,-0.7129533,0.3783855,-0.5960802,0.1194641,-0.3582052,-0.6035923,26,27,27,27,26,26,27,26,27,27,27,27,27,27,27,27
888,8880,468.1682,0.1209121,0,0.4875025,0.2413425,0.3706551,0.6385858,-0.3767818,-0.247726,-0.6153359,0.2376511,0.504514,0.4768634,-0.5973187,0.5970089,-0.7243116,26,27,27,27,26,26,27,26,27,27,27,27,27,27,27,27
889,8890,468.1682,-0.2418755,0.3697955,1.926374E-05,1.448023,-0.1235536,0.5108687,0.2511044,0.6193147,-0.123068,-0.2376511,0.1261285,-0.3576481,0.3583906,0,0.9657505,26,27,27,27,26,26,27,26,27,27,27,27,27,27,27,27
890,8900,468.1682,-0.1209506,-0.2465301,1.926374E-05,0.7240147,0.7413119,0.2554343,0.1255273,-0.123863,0.1230664,0.2376511,-0.504514,-0.119216,-0.8362468,0.5970089,-0.6035923,26,27,27,27,26,26,27,26,27,27,27,27,27,27,27,27
891,8910,468.0478,-0.7256007,0,-0.4874636,0.3620105,0.1235508,0.1277172,-4.976465E-05,0.6193147,0.3692007,0,0.504514,0.2384313,0,-0.1194015,1.086468,26,27,27,27,26,26,27,26,27,27,27,27,27,27,27,27
892,8920,468.0478,-0.4837381,-1.23265,-0.4874636,0.1206745,0.2471032,-0.1277172,-4.976465E-05,0,0.4922679,0.1188251,0,-0.3576481,-0.3583922,-0.1194015,0.1207194,26,27,27,27,26,26,27,26,27,27,27,27,27,27,27,27
893,8930,468.4091,-0.7256007,-0.1232654,-0.7312049,-0.1206616,0.2471032,-0.1277172,-0.2512047,0.6193147,-0.2461344,0,-0.252257,0.4768634,0.4778546,0.2388037,0.3621566,26,27,27,27,26,26,27,26,27,27,27,27,27,27,27,27
894,8940,467.6864,-0.2418755,-0.3697955,-0.6093345,-0.3619977,0.2471032,-0.1277172,0.2511044,0.3715886,0.4922679,0.4753022,0,-0.4768642,0.2389265,-0.2388037,0,26,27,27,27,26,26,27,26,27,27,27,27,27,27,27,27
895,8950,468.4091,-1.088388,0,-0.9749465,-0.1206616,-0.2471058,-0.6385856,0.1255273,0.123863,0.2461336,0.4753022,0.252257,0.4768634,0,-0.2388037,0.2414388,26,27,27,27,26,26,27,26,27,27,27,27,27,27,27,27
896,8960,467.8069,-1.926374E-05,-0.4930601,-0.3655928,-0.4826657,-0.2471058,-0.6385856,-0.879091,-0.6193147,0.4922679,-0.3564771,-0.252257,0,0.9557093,0.5970089,-0.362155,26,27,27,27,26,26,27,26,27,27,27,27,27,27,27,27
897,8970,469.1317,-0.7256007,0.3697955,-0.3655928,0.6033466,-0.7413147,-0.3831513,-1.004668,-0.123863,-0.4922687,-0.3564771,-0.3783855,-0.119216,-0.5973187,0.5970089,0.2414388,26,26,27,27,26,26,27,26,27,27,27,27,27,27,27,27
898,8980,467.9272,0.6045924,-0.9861203,0.1218905,-0.3619977,0.1235508,-0.1277172,-0.5023589,-0.7431773,0.2461336,-0.3564771,-0.504514,-0.119216,0.4778546,0.1194023,0.3621566,26,26,27,27,26,26,27,26,27,27,27,27,27,27,27,27
899,8990,468.6499,0.3627297,0.3697955,-0.2437224,0.7240147,-0.1235536,0.1277172,-0.5023589,0.6193147,-0.8614699,0.4753022,-0.7567714,-0.2384321,-0.8362468,-0.3582052,0,26,26,27,27,26,26,27,26,27,27,27,27,27,27,27,27
900,9000,468.8908,0.6045924,-0.4930601,0.2437609,0.1206745,0.8648643,-0.5108685,0.3766823,0,0.6153351,-0.2376511,-0.252257,-0.2384321,-0.4778546,-0.2388037,-0.1207178,26,26,27,27,26,26,27,26,27,27,27,27,27,27,27,27
901,9010,467.9272,0.846455,0.2465301,-0.1218512,0.482685,0.4942075,-0.5108685,-0.6279368,-0.123863,-0.8614699,0.3564771,-0.630643,-0.7152954,-1.55303,-0.2388037,-0.9657489,26,26,27,27,26,26,27,26,27,27,27,27,27,27,27,27
902,9020,468.4091,-5.779121E-05,0.4930601,-0.2437224,0.2413489,0.4942079,0.2554343,0.1255273,-0.247726,0.4922679,-0.3564771,0.252257,-0.5960802,0.3583906,-0.7164099,0,26,26,27,27,26,26,27,26,27,27,27,27,27,27,27,27
903,9030,467.8068,-0.3628517,0,1.926374E-05,0.2413489,0.3706556,0,0.6278365,0,-0.123068,0.2376511,0,0.1192152,-0.7167827,0,-0.7243116,26,26,27,27,26,26,27,26,27,27,27,27,27,27,27,27
904,9040,467.6864,-0.3628517,-0.2465301,-0.6093345,0.8446891,0.1235512,0.1277172,-0.2512063,0.247726,0,0.2376511,0.252257,0.3576473,0.7167827,0.1194023,0.9657505,26,26,27,27,26,26,27,26,27,27,27,27,27,27,27,27
905,9050,468.1682,-0.3628517,-0.3697955,-0.4874636,1.284249E-05,0.2471036,0.5108687,0.6278349,0.247726,0,-0.2376511,0.1261285,0.1192152,-0.4778546,0.2388037,-0.2414372,26,26,27,27,26,26,27,26,27,27,27,27,27,27,27,27
906,9060,468.2886,-0.7256393,-0.4930601,-1.218688,1.284249E-05,-0.2471056,0.3831515,-0.1256285,0.9909033,0.3692007,0.2376511,0.504514,0.7152954,0,0.3582052,0.6035939,26,26,27,27,26,26,27,26,27,27,27,27,27,27,27,27
907,9070,468.0477,-5.779121E-05,-0.1232654,0.2437609,-0.3619913,-0.2471056,-0.6385856,-0.5023605,-0.123863,0.1230664,0.2376511,0.504514,0.2384313,0.4778546,0.2388037,-0.4828745,26,26,27,27,26,26,27,26,27,27,27,27,27,27,27,27
908,9080,468.2886,-0.3628517,0.1232654,-1.096817,0.362017,-0.6177621,0.2554343,-0.6279384,-0.123863,-0.123068,0,-0.1261285,0.3576473,-0.4778546,0.1194023,-0.4828745,26,26,27,27,26,26,27,26,27,27,27,27,27,27,27,27
909,9090,467.9272,0.2417984,-1.109386,0.1218905,-0.3619913,-8.026557E-07,-0.5108685,-1.00467,0.123863,-0.3692015,0.1188251,0.3783855,0.1192152,0.4778546,0.3582052,0.9657505,26,26,27,27,26,26,27,26,27,27,27,27,27,27,27,27
910,9100,468.8908,0.3627297,0.2465301,-0.4874636,0.482685,-0.3706578,-0.3831513,-0.5023605,-0.247726,-0.9845371,-0.4753022,0,0.1192152,0.1194641,0.7164103,-0.4828745,26,26,27,27,26,26,27,26,27,27,27,27,27,27,27,27
911,9110,468.0477,0.6045924,-0.8628557,0.1218905,-0.3619913,0.8648647,-0.3831513,-5.136996E-05,-0.6193147,-0.2461344,-0.7129533,-0.504514,-0.3576481,0,0.1194023,0.1207194,26,26,27,27,26,26,27,26,27,27,27,27,27,27,27,27
912,9120,468.0477,0.1208735,0.3697955,-0.4874636,0.6033531,-0.3706578,0.5108687,-0.1256285,-0.123863,-1.476805,-0.3564771,-0.252257,-0.2384321,-0.4778546,-0.3582052,-0.1207178,26,26,27,27,26,26,27,26,27,27,27,27,27,27,27,27
913,9130,468.7704,0.2417984,-0.4930601,0.6093738,1.284249E-05,0.4942079,-0.7663028,0.2511028,-0.7431773,0.2461336,-0.4753022,-0.504514,-0.3576481,-0.1194641,0,0.3621566,26,27,27,27,26,26,27,26,27,27,27,27,27,27,27,27
914,9140,468.7704,0.6046309,0.3697955,0.1218905,0.6033531,-0.6177621,0.1277172,-1.130248,-0.3715886,-1.230671,-0.4753022,-0.630643,-0.2384321,-1.55303,-0.3582052,-0.6035923,26,27,27,27,26,26,27,26,27,27,27,27,27,27,27,27
915,9150,468.7704,0.241837,0.6163256,0.1218905,0.6033531,0.7413123,-0.2554341,0.2511028,-0.3715886,0.2461336,-0.4753022,0.1261285,-0.8345115,-0.4778546,-0.8358118,-0.2414372,26,27,27,27,26,26,27,26,27,27,27,27,27,27,27,27
916,9160,468.2886,0.4836996,0.2465301,0.3656321,0.8446891,-8.026557E-07,0,-0.2512063,-0.123863,-0.3692015,0.2376511,-0.3783855,0.5960794,-1.194637,-0.3582052,-0.8450295,26,27,27,27,26,26,27,26,27,27,27,27,27,27,27,27
917,9170,468.8908,-0.3628132,0.2465301,-0.1218512,0.3620105,0.4942079,0.1277172,0.6278349,-0.8670403,0,0,-0.1261285,-1.19216,0.3583906,-0.1194015,-0.362155,26,27,27,27,26,26,27,26,27,27,27,27,27,27,27,27
918,9180,467.9273,-2.568498E-05,-0.2465301,0.6093738,6.421245E-06,0.6177595,0.2554343,0.1255257,-0.123863,0,-0.1188259,-0.3783855,0.4768634,-0.5973187,0.5970089,-0.9657489,26,27,27,27,26,26,27,26,27,27,27,27,27,27,27,27
919,9190,468.1682,-0.3628132,-0.1232654,-0.4874636,0.2413425,-0.6177623,0.8940201,0.1255257,-0.123863,0.1230664,0,0.504514,-0.5960802,0.3583906,0.2388037,0.3621566,26,27,27,27,26,26,27,26,27,27,27,27,27,27,27,27
920,9200,467.6864,0.241837,-0.3697955,0.2437609,0.4826786,0.3706551,0.2554343,0.2511036,0.123863,-0.123068,0.1188251,-0.1261285,0,-0.4778546,0.4776066,-0.4828745,26,27,27,27,26,26,27,26,27,27,27,27,27,27,27,27
921,9210,467.9273,-2.568498E-05,-0.2465301,-0.2437224,6.421245E-06,0.4942075,-0.2554341,-0.1256277,0.3715886,-0.2461344,0.2376511,0.1261285,-0.2384321,0.9557093,-0.597008,0.8450311,26,27,27,27,26,26,27,26,27,27,27,27,27,27,27,27
922,9220,467.4456,-0.2418819,-0.3697955,-0.7312049,-0.1206616,-0.1235536,0.6385858,0.1255265,0.123863,0,0.2376511,0.504514,0.1192152,-0.7167827,0.2388037,0,26,27,27,27,26,26,27,26,27,27,27,27,27,27,27,27
923,9230,467.6864,-0.3628132,-0.4930601,-0.6093345,-0.3619977,-1.605311E-06,-0.3831513,-0.5023597,0,0.1230664,0.7129533,-0.3783855,0.4768634,0.3583906,0.3582052,0.2414388,26,27,27,27,26,26,27,26,27,27,27,27,27,27,27,27
924,9240,467.2046,0.1209056,-0.7395902,-0.3655928,-0.7240018,-1.605311E-06,-0.7663028,-0.6279376,0.123863,0.3692007,-0.1188259,0.3783855,0,0.2389265,0.2388037,0.6035939,26,27,27,27,26,26,27,26,27,27,27,27,27,27,27,27
925,9250,468.5296,-0.6046758,-0.1232654,-1.096817,-0.2413297,-0.370658,-0.1277172,-5.056731E-05,-0.123863,-0.2461344,0.2376511,0.504514,0.4768634,-0.3583922,0.4776066,0.2414388,26,27,27,27,26,26,27,26,27,27,27,27,27,27,27,27
926,9260,468.7704,0.6046309,-0.1232654,0.1218905,-0.3619977,0.3706551,-0.2554341,0.3766815,-0.4954517,-0.6153359,-0.2376511,-0.630643,-0.119216,0.3583906,0.1194023,-0.1207178,26,27,27,27,26,26,27,26,27,27,27,27,27,27,27,27
927,9270,468.5296,-0.1209506,0.1232654,0.2437609,0.4826786,-0.7413147,-0.3831513,-1.130247,-0.9909033,-1.476805,-0.2376511,-0.1261285,-0.2384321,-0.2389281,0,0.4828761,26,27,27,27,26,26,27,26,27,27,27,27,27,27,27,27
928,9280,468.5296,0.6046309,-0.1232654,0.3656321,-0.7240018,0.7413119,-1.021737,-0.1256277,-0.6193147,-0.6153359,-0.8317792,-0.7567714,0.2384313,-0.3583922,0.3582052,0,26,27,27,27,26,26,27,26,27,27,27,27,27,27,27,27
929,9290,468.8908,0.241837,0.8628557,-0.3655928,6.421245E-06,-0.2471058,0.8940201,-1.130247,0.123863,-0.6153359,-0.3564771,-0.504514,-0.119216,0,-0.1194015,0,26,26,27,27,26,26,27,26,27,27,27,27,27,27,27,27
930,9300,469.1317,0.6045924,0,0.3656321,6.421245E-06,-1.605311E-06,0.1277172,0.3766815,-0.4954517,1.476805,-0.3564771,-0.1261285,-0.3576481,-0.2389281,0.3582052,0,26,26,27,27,26,26,27,26,27,27,27,27,27,27,27,27
931,9310,468.1682,0.3627297,-0.3697955,-0.2437224,1.327355,-0.1235536,0.6385858,-0.7535147,0,-0.7384031,-0.2376511,-0.630643,0.1192152,-1.075175,-0.3582052,-0.4828745,26,26,27,27,26,26,27,26,27,27,27,27,27,27,27,27
932,9320,468.7704,-0.483783,0.2465301,-0.1218512,0.1206745,0.1235508,-0.2554341,-0.1256277,-0.247726,-0.2461344,-0.3564771,0.504514,-1.549807,-0.4778546,-0.2388037,-0.1207178,26,26,27,27,26,26,27,26,27,27,27,27,27,27,27,27
933,9330,468.4091,0.6045924,-0.2465301,0.2437609,0.4826786,0.6177595,0.3831515,0.2511036,0.123863,-0.2461344,0,0,0.2384313,-0.7167827,-0.4776066,-0.4828745,26,26,27,27,26,26,27,26,27,27,27,27,27,27,27,27
934,9340,468.1682,0.1208735,0.6163256,-0.1218512,0.3620105,0.8648647,0.1277172,0.6278357,-0.123863,0.4922679,-0.5941281,0.630643,-0.5960802,0,-0.597008,0.2414388,26,26,27,27,26,26,27,26,27,27,27,27,27,27,27,27
935,9350,468.2886,0.7255237,-0.3697955,0.3656321,0.6033466,0.6177599,0.2554343,-0.2512055,0.3715886,-0.6153359,0.3564771,-0.3783855,0.4768634,-1.314101,-0.2388037,-0.6035923,26,26,27,27,26,26,27,26,27,27,27,27,27,27,27,27
936,9360,467.9272,-5.779121E-05,0.1232654,-0.2437224,0.7240147,0.4942079,0.6385858,-5.056731E-05,0.7431773,0.7384023,-0.2376511,0.252257,-0.3576481,0.7167827,-0.4776066,-0.2414372,26,26,27,27,26,26,27,26,27,27,27,27,27,27,27,27
937,9370,468.5295,0.2417984,-0.4930601,0.2437609,0.3620105,0.3706556,0.5108687,0.2511036,0.3715886,-0.6153359,0.3564771,-0.3783855,0.1192152,-0.8362468,0.1194023,-0.4828745,26,26,27,27,26,26,27,26,27,27,27,27,27,27,27,27
938,9380,467.4455,-0.1209891,-0.7395902,1.926374E-05,0.6033466,0.3706556,0,0.3766815,0.247726,-0.123068,0,0.252257,-0.7152954,0.5973187,0,0.7243133,26,26,27,27,26,26,27,26,27,27,27,27,27,27,27,27
939,9390,467.4455,-0.483783,-0.2465301,1.926374E-05,0.6033466,0.7413123,0.1277172,-0.2512055,0.123863,0.3692007,0,0.3783855,0.1192152,-0.3583922,-0.2388037,-0.4828745,26,26,27,27,26,26,27,26,27,27,27,27,27,27,27,27
940,9400,468.1682,-0.3628517,-0.4930601,1.926374E-05,0.2413425,-8.026557E-07,0.1277172,0.5022586,0.123863,0.2461336,0.1188251,0,-0.3576481,0.2389265,0.2388037,0.7243133,26,26,27,27,26,26,27,26,27,27,27,27,27,27,27,27
941,9410,467.325,-0.6047144,-0.8628557,-0.4874636,6.421245E-06,-0.2471056,0.5108687,-5.056731E-05,0.123863,0.3692007,0.1188251,0.504514,-0.3576481,0.4778546,0.3582052,-0.362155,26,26,27,27,26,26,27,26,27,27,27,27,27,27,27,27
942,9420,468.0477,-0.7256393,0,-0.4874636,6.421245E-06,-0.3706578,0.6385858,-0.2512055,0.247726,-0.4922687,0.4753022,-0.1261285,0.2384313,-0.3583922,0.5970089,0.3621566,26,26,27,27,26,26,27,26,27,27,27,27,27,27,27,27
943,9430,467.325,-0.2419204,-0.8628557,-0.3655928,0.4826786,-0.1235532,0.1277172,0.1255265,0.6193147,0.3692007,-0.1188259,1.009029,0.1192152,0.4778546,0.1194023,-0.2414372,26,26,27,27,26,26,27,26,27,27,27,27,27,27,27,27
944,9440,468.0477,-0.3628517,-0.1232654,-0.4874636,-0.7240018,-0.2471056,-0.3831513,-0.3767826,-0.123863,0.2461336,-0.1188259,0.3783855,0.4768634,-0.2389281,0.2388037,0.4828761,26,26,27,27,26,26,27,26,27,27,27,27,27,27,27,27
945,9450,467.566,0.4836611,-0.9861203,1.926374E-05,-0.4826657,-0.1235532,-0.5108685,-0.6279376,-0.6193147,-0.2461344,-0.2376511,-0.1261285,-0.119216,0.3583906,0.8358118,0.3621566,26,27,27,27,26,26,27,26,27,27,27,27,27,27,27,27
946,9460,468.65,-0.3628068,0.6163256,1.926374E-05,0.6033466,-0.9884189,0,-0.6279376,-0.6193147,-1.353738,-0.4753022,-0.504514,-0.4768642,0,0.2388037,0,26,27,27,27,26,26,27,26,27,27,27,27,27,27,27,27
947,9470,468.2886,-0.3628068,-0.2465301,0.4875025,-0.3619977,0.7413123,-0.2554341,0.6278357,-0.247726,0.3692007,-0.5941281,-0.1261285,-0.2384321,-0.3583922,-0.2388037,0.6035939,26,27,27,27,26,26,27,26,27,27,27,27,27,27,27,27
948,9480,468.5296,-1.926374E-05,0.2465301,-0.6093345,0.8446828,-0.7413144,0.3831515,-0.8790918,-0.123863,-1.107604,-0.2376511,0.252257,-0.119216,-0.3583922,0.1194023,-0.362155,26,27,27,27,26,26,27,26,27,27,27,27,27,27,27,27
949,9490,468.4091,-1.926374E-05,0,0.1218905,0.6033466,0.4942079,-0.89402,0.2511036,-0.123863,0.3692007,-1.188256,0.1261285,-0.119216,-0.2389281,-0.4776066,-0.1207178,26,27,27,27,26,26,27,26,27,27,27,27,27,27,27,27
950,9500,468.65,0.3627747,0,-0.3655928,0.8446828,-0.370658,-0.5108685,-0.2512055,-0.123863,-0.8614699,0.5941281,-0.504514,-0.2384321,-0.9557109,-0.2388037,-0.7243116,26,27,27,27,26,26,27,26,27,27,27,27,27,27,27,27
951,9510,468.7704,-0.3628068,0.3697955,1.926374E-05,0.3620105,0.7413119,0.1277172,0.1255265,-0.123863,-0.123068,-0.2376511,-0.1261285,-0.4768642,0.2389265,-0.3582052,-0.362155,26,27,27,27,26,26,27,26,27,27,27,27,27,27,27,27
952,9520,468.1682,0.2418434,-0.2465301,0.1218905,0.6033466,0.7413119,0.6385858,-0.1256268,0.3715886,0.4922679,0.9506044,-0.1261285,0.1192152,-0.7167827,-0.2388037,-1.327904,26,27,27,27,26,26,27,26,27,27,27,27,27,27,27,27
953,9530,468.0478,-0.4837381,0.1232654,1.926374E-05,0.1206745,0.3706551,0,0.3766823,0.3715886,0.3692007,-0.4753022,0.3783855,-1.072944,0.3583906,-0.4776066,0.9657505,26,27,27,27,26,26,27,26,27,27,27,27,27,27,27,27
954,9540,468.0478,0.3627747,-0.2465301,0.3656321,0.4826786,0.1235508,0,-4.976465E-05,0.123863,0.1230664,-0.3564771,-0.630643,0.4768634,-0.8362468,0.8358118,-0.8450295,26,27,27,27,26,26,27,26,27,27,27,27,27,27,27,27
955,9550,467.9273,-1.088388,0.3697955,-0.6093345,0.6033466,0.1235508,0.5108687,0.2511044,0,0.6153351,0.1188251,0.504514,0.1192152,0.5973187,0,0.1207194,26,27,27,27,26,26,27,26,27,27,27,27,27,27,27,27
956,9560,467.8069,-0.1209506,-0.7395902,-0.1218512,-0.1206616,-1.605311E-06,0.3831515,0.1255273,-0.123863,0.3692007,0.3564771,0.7567711,-0.119216,0.2389265,0.2388037,-0.4828745,26,27,27,27,26,26,27,26,27,27,27,27,27,27,27,27
957,9570,467.566,-1.088388,-0.7395902,-0.2437224,0.1206745,-0.4942102,0.2554343,0.2511044,0.247726,-0.2461344,0,0.252257,0.2384313,0.2389265,0.2388037,0.3621566,26,27,27,27,26,26,27,26,27,27,27,27,27,27,27,27
958,9580,467.8069,-0.2418755,-1.109386,-0.1218512,-0.2413297,-0.1235536,0,-0.7535139,0,0.2461336,0.5941281,0.7567711,-0.2384321,0.3583906,0.2388037,-0.362155,26,27,27,27,26,26,27,26,27,27,27,27,27,27,27,27
959,9590,468.5296,-0.4837381,-0.3697955,-0.6093345,-0.1206616,-0.2471058,-0.3831513,-0.1256268,0.6193147,0.2461336,0,0,0.5960794,0.2389265,0.4776066,0.2414388,26,27,27,27,26,26,27,26,27,27,27,27,27,27,27,27
960,9600,467.2046,-0.2418755,-1.109386,-0.1218512,-0.9653379,0.2471032,-0.1277172,-0.6279368,-0.123863,0,0,0.630643,-0.119216,0.2389265,0.1194023,0.1207194,26,27,27,27,26,26,27,26,27,27,27,27,27,27,27,27
961,9610,468.8908,-0.846532,0.2465301,-0.7312049,6.421245E-06,-0.9884191,-0.7663028,-0.3767818,-0.123863,-0.3692015,-0.4753022,0.1261285,0.3576473,0.1194641,0.955214,0,26,26,27,27,26,26,27,26,27,27,27,27,27,27,27,27
962,9620,467.5659,0.3627297,-0.4930601,0.2437609,-0.4826657,-0.1235536,-0.2554341,-0.1256268,-0.3715886,0.1230664,-0.4753022,0.1261285,0,0.4778546,0.5970089,0.6035939,26,26,27,27,26,26,27,26,27,27,27,27,27,27,27,27
963,9630,468.5295,-0.3628517,0.3697955,-0.2437224,0.8446828,-1.605311E-06,-0.6385856,-0.5023589,-0.247726,-0.8614699,-0.7129533,0.1261285,-0.3576481,0,0.955214,0.1207194,26,26,27,27,26,26,27,26,27,27,27,27,27,27,27,27
964,9640,468.6499,-0.2419204,-0.4930601,0.4875025,-0.3619977,0.6177595,-0.5108685,-4.976465E-05,-0.247726,-0.123068,-0.4753022,-0.504514,-0.5960802,-0.1194641,0.3582052,0.2414388,26,26,27,27,26,26,27,26,27,27,27,27,27,27,27,27
965,9650,468.1682,-0.2419204,0.3697955,-0.1218512,1.086019,-0.1235536,0.6385858,-0.6279368,-0.247726,-1.230671,-0.4753022,-0.3783855,-0.3576481,-0.7167827,-0.3582052,-0.4828745,26,26,27,27,26,26,27,26,27,27,27,27,27,27,27,27
966,9660,468.5295,-0.6047144,0,0.4875025,0.4826786,0.8648647,-0.5108685,-0.1256268,-0.247726,0.3692007,-0.7129533,-0.504514,-1.072944,-0.2389281,0.2388037,-0.4828745,26,26,27,27,26,26,27,26,27,27,27,27,27,27,27,27
967,9670,468.1682,0.2417984,0.4930601,0.6093738,0.4826786,-0.2471056,-0.1277172,-0.7535139,-0.123863,-0.6153359,0,-0.630643,-0.119216,-1.194637,-0.4776066,-0.4828745,26,26,27,27,26,26,27,26,27,27,27,27,27,27,27,27
968,9680,468.0477,0.1208735,0,-0.6093345,0.6033466,-8.026557E-07,-0.2554341,-5.056731E-05,0.123863,0.6153351,-0.7129533,0.3783855,-0.2384321,-0.1194641,-0.1194015,-0.1207178,26,26,27,27,26,26,27,26,27,27,27,27,27,27,27,27
969,9690,467.6864,-5.779121E-05,0.3697955,0.1218905,0.4826786,0.3706556,0.2554343,-0.7535147,0,-0.4922687,-0.1188259,0.1261285,0.5960794,-0.9557109,0.2388037,-0.8450295,26,26,27,27,26,26,27,26,27,27,27,27,27,27,27,27
970,9700,468.4091,0.3627297,0.4930601,0.2437609,0.9653507,0.7413123,0.6385858,0.3766815,0.6193147,1.107604,-0.1188259,0.504514,-0.3576481,0.5973187,0,-0.362155,26,26,27,27,26,26,27,26,27,27,27,27,27,27,27,27
971,9710,468.6499,0.1208735,0.1232654,-0.1218512,-0.1206616,0.4942079,0,0.1255265,0.6193147,0.2461336,0.1188251,-0.8829,-0.119216,-0.4778546,-0.3582052,-0.7243116,26,26,27,27,26,26,27,26,27,27,27,27,27,27,27,27
972,9720,467.6864,-0.6047144,-0.2465301,-0.1218512,0.3620105,0.2471036,0.5108687,0.1255265,0.4954517,-0.123068,-0.1188259,0.252257,0,1.075173,-0.3582052,0.3621566,26,26,27,27,26,26,27,26,27,27,27,27,27,27,27,27
973,9730,468.2886,-0.1209891,0,0.3656321,0.7240147,0.3706556,-0.1277172,0.7534136,0.6193147,-0.4922687,0.2376511,-0.252257,0.3576473,-0.5973187,0.3582052,-0.8450295,26,26,27,27,26,26,27,26,27,27,27,27,27,27,27,27
974,9740,467.6864,-0.483783,0,-0.3655928,0.4826786,0.2471036,0.6385858,0.1255265,0.123863,0,0.1188251,0.3783855,-0.119216,0.3583906,-0.1194015,0.7243133,26,26,27,27,26,26,27,26,27,27,27,27,27,27,27,27
975,9750,467.8068,-0.1209891,-1.109386,0.1218905,6.421245E-06,0.6177599,-0.1277172,-0.5023597,0.123863,-0.123068,0.3564771,0.252257,-0.2384321,0.1194641,0.2388037,-0.362155,26,26,27,27,26,26,27,26,27,27,27,27,27,27,27,27
976,9760,467.8068,-0.9675019,-0.2465301,-0.8530757,-0.1206616,-0.9884189,-0.2554341,-0.2512055,0.4954517,0,-0.3564771,0.3783855,-0.3576481,0.8362468,0,0.6035939,26,26,27,27,26,26,27,26,27,27,27,27,27,27,27,27
977,9770,467.2046,-5.779121E-05,-0.6163256,-0.3655928,-0.2413297,-0.3706578,0,-0.1256277,0.247726,0.7384023,0.2376511,0.504514,0,-0.2389281,0.4776066,-0.1207178,26,26,27,27,26,26,27,26,27,27,27,27,27,27,27,27
978,9780,468.65,-0.483783,-0.1232654,-0.3655928,0.1206745,-0.7413144,-0.1277172,-0.6279376,0.247726,-0.3692015,-0.1188259,0.630643,0.1192152,-0.2389281,0.1194023,0.6035939,26,26,27,27,26,26,27,26,27,27,27,27,27,27,27,27
979,9790,467.3251,-5.779121E-05,-0.8628557,0.4875025,-0.6033338,-8.026557E-07,0,-0.8790918,-0.6193147,0.6153351,0,0.630643,0.4768634,0.4778546,0.8358118,0.7243133,26,26,27,27,26,26,27,26,27,27,27,27,27,27,27,27
980,9800,468.4091,-0.6047144,0.6163256,-1.096817,0.1206745,-0.6177621,-0.2554341,-0.5023597,-0.7431773,-0.2461344,0.4753022,0.252257,0.3576473,0.1194641,0.5970089,-0.8450295,26,26,27,27,26,26,27,26,27,27,27,27,27,27,27,27
981,9810,467.566,0.7255237,-0.6163256,-0.1218512,-0.4826657,0.4942079,-1.149454,-5.056731E-05,0,0.1230664,0.1188251,0.504514,-0.4768642,0.4778546,0.3582052,0.2414388,26,26,27,27,26,26,27,26,27,27,27,27,27,27,27,27
982,9820,468.5296,-0.483783,0.1232654,-0.6093345,0.6033466,-0.4942099,0,-0.7535147,-0.8670403,-0.8614699,-0.2376511,0,0.3576473,0.2389265,0.8358118,0,26,26,27,27,26,26,27,26,27,27,27,27,27,27,27,27
983,9830,467.9273,-0.1209891,-0.1232654,1.926374E-05,-0.3619977,0.4942079,-0.7663028,-0.2512055,-0.3715886,-0.2461344,-1.188256,-0.252257,-0.2384321,-0.5973187,0.1194023,0.7243133,26,26,27,27,26,26,27,26,27,27,27,27,27,27,27,27
984,9840,467.3251,-0.1209891,0.4930601,-0.1218512,0.3620105,0.4942079,0,-0.6279376,-0.247726,-0.9845371,-0.8317792,0.252257,0,-0.4778546,0.2388037,0,26,26,27,27,26,26,27,26,27,27,27,27,27,27,27,27
985,9850,468.65,-0.2419204,-0.1232654,1.926374E-05,-0.1206616,0.6177599,-0.6385856,-0.1256277,-0.7431773,0,-0.8317792,-0.630643,-0.8345115,0.1194641,-0.1194015,0,26,26,27,27,26,26,27,26,27,27,27,27,27,27,27,27
986,9860,467.9273,-5.779121E-05,-0.1232654,-0.2437224,0.3620105,-8.026557E-07,0.3831515,-0.3767826,0.3715886,-1.107604,-0.8317792,-0.7567714,0,-0.4778546,-0.3582052,-0.1207178,26,26,27,27,26,26,27,26,27,27,27,27,27,27,27,27
987,9870,468.8909,-5.779121E-05,0.1232654,1.926374E-05,0.1206745,0.1235512,0.1277172,0.1255265,-0.247726,0.4922679,-0.8317792,-0.1261285,-1.19216,-0.5973187,0.1194023,0.1207194,26,26,27,27,26,26,27,26,27,27,27,27,27,27,27,27
988,9880,468.5296,0.1208735,0.3697955,0.2437609,0.4826786,0.4942079,-0.2554341,-0.7535147,0.7431773,-0.8614699,0.1188251,-0.504514,0.1192152,-0.9557109,-0.2388037,-0.7243116,26,26,27,27,26,26,27,26,27,27,27,27,27,27,27,27
989,9890,468.2886,0.2417984,0.2465301,0.4875025,0.4826786,0.2471036,-0.2554341,0.2511036,0.247726,0.7384023,0,0.3783855,-0.5960802,0.2389265,0,-0.2414372,26,26,27,27,26,26,27,26,27,27,27,27,27,27,27,27
990,9900,467.9273,-5.779121E-05,0.3697955,0.2437609,0.4826786,0.3706556,0.5108687,-0.1256277,0.123863,-0.7384031,0.5941281,-0.504514,-0.3576481,-1.194637,-0.1194015,-0.362155,26,26,27,27,26,26,27,26,27,27,27,27,27,27,27,27
991,9910,467.566,-0.483783,-0.2465301,0.1218905,0.7240147,0.2471036,0.3831515,0.1255265,0.4954517,0.3692007,-0.4753022,0.630643,0,0.5973187,-0.597008,0.7243133,26,26,27,27,26,26,27,26,27,27,27,27,27,27,27,27
992,9920,467.9273,-0.3628517,-0.3697955,0.3656321,0.1206745,1.111969,-0.2554341,0.5022586,0,0.2461336,0.1188251,0,0.1192152,-0.2389281,0,-0.2414372,26,26,27,27,26,26,27,26,27,27,27,27,27,27,27,27
993,9930,467.9273,-0.1209891,-0.7395902,-0.1218512,-0.1206616,-8.026557E-07,0.5108687,-0.2512055,0.247726,0.2461336,0.3564771,0.3783855,0,0.1194641,0,0.6035939,26,26,27,27,26,26,27,26,27,27,27,27,27,27,27,27
994,9940,467.8069,-0.4837381,-0.6163256,-0.3655928,-0.8446699,-0.2471056,-0.89402,0.6278357,0.6193147,0.2461336,0,0.252257,0.1192152,0.3583906,0.3582052,-0.362155,26,26,27,27,26,26,27,26,27,27,27,27,27,27,27,27
995,9950,468.0478,-0.9674634,0.3697955,-0.8530757,0.2413425,-0.4942099,-0.1277172,-0.1256277,-0.3715886,0.1230664,0,0,0,-0.4778546,0.1194023,0.6035939,26,26,27,27,26,26,27,26,27,27,27,27,27,27,27,27
996,9960,467.8069,0.3627747,-0.7395902,0.3656321,-0.6033338,0.7413123,-0.3831513,-0.3767826,0.123863,-0.123068,-0.1188259,0.1261285,0.2384313,0,0.4776066,0.4828761,26,26,27,27,26,26,27,26,27,27,27,27,27,27,27,27
997,9970,468.0478,0.1209121,0.4930601,-0.4874636,0.8446828,-1.235523,0.1277172,-0.6279376,-0.4954517,-0.7384031,0,0.3783855,0.2384313,-0.2389281,0.4776066,0.2414388,26,26,27,27,26,26,27,26,27,27,27,27,27,27,27,27
998,9980,468.1682,-0.1209506,-0.3697955,0.6093738,-0.2413297,1.111969,-0.6385856,0.1255265,-0.247726,0.6153351,-0.8317792,-0.1261285,0,0,0.1194023,0,26,26,27,27,26,26,27,26,27,27,27,27,27,27,27,27
999,9990,467.9273,-0.2418755,0.7395902,-0.4874636,0.8446828,-0.4942102,-0.2554341,-0.7535147,-0.123863,-0.7384031,-0.3564771,-0.504514,-0.7152954,-0.5973187,0,-0.2414372,26,26,27,27,26,26,27,26,27,27,27,27,27,27,27,27
