0,0,743.4617,-0.241914,-0.1232654,-0.3656133,0,0.6177603,0,0.6278349,-0.3715886,0.4922679,0.2376511,0.252257,0.5960794,-0.2389281,-0.3582052,0.2414388,26,26,27,26,26,26,27,26,27,27,27,27,27,27,27,27
1,10,743.4617,0.7255301,-0.7395902,-8.026557E-07,-0.8446763,-0.2471052,-0.6385856,-0.2512063,-0.247726,0.1230664,0,0.7567711,0.1192152,0.2389265,-0.597008,0.7243133,26,26,27,26,26,26,27,26,27,27,27,27,27,27,27,27
2,20,744.0648,-0.1209313,0.4930601,-0.7312257,0.120668,-1.111971,-0.2554341,-0.5023605,-0.3715886,-0.2461344,0,-0.3783855,0.2384313,0.3583906,0.1194023,-0.362155,26,26,27,26,26,26,27,26,27,27,27,27,27,27,27,27
3,30,743.4617,0.362794,-0.4930601,0.3656113,-0.3620041,0.4942083,-1.149454,-0.1256285,-0.6193147,-0.2461344,0.1188251,0.504514,0.2384313,0.4778546,0,0.9657505,26,26,27,26,26,26,27,26,27,27,27,27,27,27,27,27
4,40,744.1854,-0.3627875,0.6163256,-0.8530958,0.9653444,-0.4942096,-0.1277172,-0.8790926,-0.3715886,-0.6153359,-0.5941281,0.1261285,0.1192152,-0.4778546,0.2388037,0.3621566,26,26,27,26,26,26,27,26,27,27,27,27,27,27,27,27
5,50,743.8235,-0.1209313,-0.6163256,0.2437416,-0.8446763,0.8648651,-0.3831513,-0.3767834,-0.6193147,-0.3692015,-0.1188259,-0.252257,-0.119216,-0.1194641,0.3582052,-0.2414372,26,26,27,26,26,26,27,26,27,27,27,27,27,27,27,27
6,60,743.3411,0.2418626,0.1232654,-0.1218712,1.448017,-0.2471052,0.1277172,-0.8790926,-0.123863,-0.9845371,-0.2376511,-0.252257,-0.2384321,-1.075175,0.5970089,0,26,26,27,26,26,26,27,26,27,27,27,27,27,27,27,27
7,70,743.9442,-0.3627875,0,0.4874833,0,0.370656,-0.3831513,-5.136996E-05,-0.4954517,0,-1.06943,-0.504514,-0.5960802,-0.3583922,0.3582052,0.7243133,26,26,27,26,26,26,27,26,27,27,27,27,27,27,27,27
8,80,743.8235,0.1209313,0,0.1218704,0.6033402,-8.026557E-07,0.1277172,-0.5023091,0.123863,-0.6153359,0.4753022,-0.504514,-0.4768642,-0.5973187,0.4776066,0.4828761,26,26,27,26,26,26,27,26,27,27,27,27,27,27,27,27
9,90,744.4266,-0.2418626,-0.1232654,0.4874833,0,0.4942083,0.2554343,0.2511542,-0.247726,1.23067,-0.5941281,0.1261285,-0.4768642,-0.4778546,0.4776066,-0.1207178,26,26,27,26,26,26,27,26,27,27,27,27,27,27,27,27
10,100,744.1854,0.6046501,0.2465301,0.731225,0.2413361,0.4942083,0.5108687,-0.5023091,0.4954517,-0.123068,0.9506044,-0.1261285,0.3576473,-0.4778546,0.2388037,0.6035939,26,26,27,26,26,26,27,26,27,27,27,27,27,27,27,27
11,110,744.1854,-0.3627875,0.1232654,0,0.3620041,-0.1235528,-0.2554341,0.1255771,0,0.2461336,-0.3564771,0.8828996,-0.7152954,0.1194641,-0.1194015,-0.2414372,26,26,27,26,26,26,27,26,27,27,27,27,27,27,27,27
12,120,743.4617,0.4837252,0.7395902,0.731225,0.2413361,0.8648651,0.3831515,0,0,-0.3692015,0.5941281,-0.3783855,0.5960794,-1.194637,-0.3582052,0.3621566,26,26,27,26,26,26,27,26,27,27,27,27,27,27,27,27
13,130,743.8235,-0.1209313,0.1232654,-0.4874833,0.6033402,0.247104,0.2554343,-0.3767321,0,0,-0.5941281,0.630643,-0.5960802,0.5973187,-0.2388037,-1.086467,26,26,27,26,26,26,27,26,27,27,27,27,27,27,27,27
14,140,743.5823,-0.1209313,-0.3697955,0.2437416,0.3620041,0.370656,-0.3831513,0.1255771,0.4954517,0.1230664,0,0.3783855,0.1192152,0.1194641,-0.2388037,0.2414388,26,26,27,26,26,26,27,26,27,27,27,27,27,27,27,27
15,150,743.4617,-0.4837188,-0.2465301,-0.4874833,0.120668,-0.1235528,-0.1277172,0,-0.123863,-0.2461344,0.2376511,0,0,-0.1194641,-0.4776066,-0.362155,26,26,27,26,26,26,27,26,27,27,27,27,27,27,27,27
16,160,743.4617,-0.4837188,-0.9861203,-0.4874833,-0.3620041,0.247104,-0.2554341,0.3767321,-0.123863,0.1230664,-0.1188259,0.3783855,0,-0.1194641,0.5970089,0.1207194,26,26,27,26,26,26,27,26,27,27,27,27,27,27,27,27
17,170,744.0648,-0.1209313,-0.7395902,-0.8530958,-0.2413361,-0.1235528,0,-0.1255771,-0.123863,-0.3692015,0,0.1261285,0.2384313,0.3583906,-0.7164099,-0.2414372,26,26,27,26,26,26,27,26,27,27,27,27,27,27,27,27
18,180,743.9442,0,-0.8628557,-0.1218712,-0.3620041,-0.1235528,-0.5108685,-0.3767321,0.3715886,0.7384023,0.1188251,0.252257,0.1192152,0,0.3582052,0.3621566,26,26,27,26,26,26,27,26,27,27,27,27,27,27,27,27
19,190,743.9442,0.1209313,-0.2465301,-0.3656125,0,-0.6177619,0.1277172,-0.1255771,-0.3715886,-0.7384031,-0.2376511,0.1261285,0.5960794,-0.3583922,0.4776066,-0.6035923,26,26,27,26,26,26,27,26,27,27,27,27,27,27,27,27
20,200,743.9442,0.362794,-0.3697955,0.8530946,-0.6033402,0.370656,-0.7663028,-0.3767321,-0.247726,0,0.1188251,-0.1261285,-0.119216,0.3583906,0.5970089,1.086468,26,26,27,26,26,26,27,26,27,27,27,27,27,27,27,27
21,210,743.7029,0,0.1232654,-0.4874841,0.7240083,-0.6177619,0,-1.130196,-0.247726,-0.8614699,-1.06943,0.1261285,0,-0.5973187,0.4776066,0.7243133,26,26,27,26,26,26,27,26,27,27,27,27,27,27,27,27
22,220,743.3411,0.362794,-0.7395902,0.6093529,-0.3620041,0.9884171,-0.5108685,0,-0.6193147,-0.6153359,-0.5941281,-0.1261285,-0.7152954,-0.1194641,0,0.2414388,26,26,27,26,26,26,27,26,27,27,27,27,27,27,27,27
23,230,743.8235,0.1209313,0.2465301,0.1218696,0.7240083,-0.6177619,-0.2554341,-0.7534641,-0.123863,-0.9845371,-0.4753022,-0.252257,-0.2384321,-0.7167827,0.4776066,0.2414388,26,26,27,26,26,26,27,26,27,27,27,27,27,27,27,27
24,240,743.5823,-0.3627875,-0.2465301,0.2437408,-0.4826722,1.111969,-0.1277172,0.3767321,-0.3715886,-0.2461344,-0.8317792,-0.630643,-0.8345115,-0.1194641,0.3582052,0.2414388,26,26,27,26,26,26,27,26,27,27,27,27,27,27,27,27
25,250,744.5472,0.6046501,0.2465301,0.3656113,0.6033402,0.4942083,0,-0.7534641,0.123863,-1.230671,-0.3564771,-0.3783855,-0.119216,-1.075175,0.3582052,0.6035939,26,26,27,26,26,26,27,26,27,27,27,27,27,27,27,27
26,260,743.7029,0,0.3697955,0.4874825,0.120668,-8.026557E-07,0.2554343,0,0,0.8614694,-0.5941281,0.504514,-0.4768642,-0.2389281,0.1194023,-0.2414372,26,26,27,26,26,26,27,26,27,27,27,27,27,27,27,27
27,270,743.8235,0.8465128,0.2465301,0.4874825,0.6033402,-0.1235528,0.3831515,-0.251155,0.6193147,-0.7384031,0.5941281,0,-0.119216,-0.8362468,-0.3582052,0.2414388,26,26,27,26,26,26,27,26,27,27,27,27,27,27,27,27
28,280,744.306,-0.1209313,0.3697955,-0.2437425,1.086012,0.4942083,-0.3831513,0.3767321,-0.3715886,0.4922679,-0.9506044,0.1261285,-0.8345115,0,-0.2388037,-0.362155,26,26,27,26,26,26,27,26,27,27,27,27,27,27,27,27
29,290,744.0648,0.2418626,0.1232654,0.7312241,0.6033402,0.7413127,0.2554343,0.2511542,0,-0.6153359,0.3564771,-0.3783855,0.5960794,-1.433565,-0.1194015,-0.362155,26,26,27,26,26,26,27,26,27,27,27,27,27,27,27,27
30,300,743.5823,0.2418626,0.7395902,-0.121872,0.2413361,0.370656,0.8940201,0.3767321,0.123863,0.3692007,-0.1188259,0.252257,-0.5960802,0.2389265,-0.2388037,-0.2414372,26,26,27,26,26,26,27,26,27,27,27,27,27,27,27,27
31,310,743.4617,-0.3627875,-0.1232654,0.4874825,0.2413361,0.1235516,0.1277172,-0.251155,0.3715886,-0.2461344,0.2376511,-0.3783855,0,-0.8362468,-0.3582052,0,26,26,27,26,26,26,27,26,27,27,27,27,27,27,27,27
32,320,743.3411,-0.1209313,-0.1232654,-8.026557E-07,0.3620041,0.370656,-0.2554341,-0.7534641,0.3715886,0.7384023,-0.2376511,0.8828996,-0.7152954,0.2389265,-0.1194015,-0.362155,26,26,27,26,26,26,27,26,27,27,27,27,27,27,27,27
33,330,742.9792,-0.3627875,-0.4930601,0.2437408,0.2413361,0.247104,0,0.1255771,-0.123863,0.3692007,0.5941281,1.135157,0,-0.3583922,0.1194023,0.2414388,26,26,27,26,26,26,27,26,27,27,27,27,27,27,27,27
34,340,742.738,-0.8465128,-0.3697955,-0.4874841,0.2413361,-0.4942096,0.5108687,0,0.123863,-0.3692015,0,1.135157,0.2384313,0,-0.2388037,-0.7243116,26,26,27,26,26,26,27,26,27,27,27,27,27,27,27,27
35,350,742.8587,-0.4837188,-0.9861203,0.2437408,0.120668,-8.026557E-07,-0.5108685,0.3767321,0.7431773,0.4922679,0.1188251,0.252257,0.4768634,-0.2389281,0.8358118,0.1207194,26,26,27,26,26,26,27,26,27,27,27,27,27,27,27,27
36,360,743.5823,-0.8465128,-0.9861203,-0.2436903,-0.2413361,-0.2471052,0,0,0.3715886,-0.2461344,0.2376511,0.504514,0.2384313,0,0.3582052,-0.8450295,26,26,27,26,26,26,27,26,27,27,27,27,27,27,27,27
37,370,743.5823,0,-0.6163256,0.1219218,-0.3620041,-0.3706574,-0.1277172,-0.5023091,-0.6193147,0.2461336,-0.1188259,0.7567711,0,0.4778546,0.2388037,0.6035939,26,26,27,26,26,26,27,26,27,27,27,27,27,27,27,27
38,380,743.9442,-0.3627875,0.7395902,-0.7311736,0.3620041,-0.8648661,-0.1277172,-0.1255771,-0.247726,-0.123068,0.2376511,-0.1261285,0.7152954,0,0.5970089,-0.6035923,26,26,27,26,26,26,27,26,27,27,27,27,27,27,27,27
39,390,742.9792,0.7255815,-0.7395902,0.4875347,-0.3620041,-0.1235528,-0.7663028,-0.627887,-0.247726,0,0,0.630643,0.2384313,-0.1194641,0,0.2414388,26,26,27,26,26,26,27,26,27,27,27,27,27,27,27,27
40,400,743.7029,-0.4837188,-0.2465301,-0.3655611,0,-0.8648661,-0.1277172,-0.6279392,-0.123863,-0.6153359,-0.2376511,0.1261285,0.5960794,0.1194641,0.3582052,-0.2414372,26,26,27,26,26,26,27,26,27,27,27,27,27,27,27,27
41,410,743.4617,0.362794,-0.6163256,0.6094051,0,0.3706564,-1.149454,-0.1256293,-0.247726,-0.123068,-0.7129533,0.1261285,-0.2384321,-0.2389281,0,0.6035939,26,26,27,26,26,26,27,26,27,27,27,27,27,27,27,27
42,420,743.8235,0,0.3697955,-0.6093028,1.086012,-0.3706572,0.3831515,-0.5023613,-0.123863,-0.4922687,-0.4753022,-0.630643,-0.8345115,-0.5973187,1.074615,0.3621566,26,26,27,26,26,26,27,26,27,27,27,27,27,27,27,27
43,430,743.8235,0.4837252,-0.1232654,0.4875347,-0.2413361,0.4942088,-0.3831513,0.6278341,-0.6193147,-0.3692015,-1.06943,-0.504514,-1.311376,-0.1194641,0,0.2414388,26,26,27,26,26,26,27,26,27,27,27,27,27,27,27,27
44,440,743.9442,0.4837252,0,0.1219218,0.2413361,0.247104,0.5108687,-5.217262E-05,0.247726,-0.4922687,0.1188251,-0.1261285,0.1192152,-0.8362468,0,-0.1207178,26,26,27,26,26,26,27,26,27,27,27,27,27,27,27,27
45,450,743.4617,0.362794,0.3697955,-0.1218199,-0.120668,0.3706564,0.6385858,0.2511028,-0.3715886,0.6153351,-0.4753022,0,-0.5960802,0.3583906,0.2388037,-0.362155,26,26,27,26,26,26,27,26,27,27,27,27,27,27,27,27
46,460,743.0999,0.6046501,-0.1232654,0.9750171,0.3620041,0.247104,-0.1277172,0.6278341,-0.123863,-0.4922687,-0.1188259,-0.504514,0.4768634,-1.075175,-0.3582052,0.2414388,26,26,27,26,26,26,27,26,27,27,27,27,27,27,27,27
47,470,743.4617,0.362794,0.7395902,-0.4874319,0.3620041,0.4942088,0.1277172,0.2511028,0,0.1230664,0.4753022,0.7567711,-0.2384321,0,-0.2388037,-0.9657489,26,26,27,26,26,26,27,26,27,27,27,27,27,27,27,27
48,480,743.4617,-0.7255815,0.3697955,0.7312763,0.120668,0.6177607,0.6385858,0.3766799,0,0,0,0.252257,0.5960794,-0.2389281,0.2388037,-0.362155,26,26,27,26,26,26,27,26,27,27,27,27,27,27,27,27
49,490,743.2205,-0.7255815,-0.7395902,5.136996E-05,0.120668,-0.3706572,-0.1277172,0.2511028,-0.123863,-0.3692015,0.1188251,-0.1261285,-0.119216,0.8362468,-0.1194015,-0.8450295,26,26,27,26,26,26,27,26,27,27,27,27,27,27,27,27
50,500,742.2556,-0.6046501,-0.7395902,-0.2436903,-0.120668,0.247104,0,0.1255249,-0.4954517,0.1230664,0.3564771,0.3783855,0.2384313,-0.3583922,0.2388037,-0.2414372,26,26,27,26,26,26,27,26,27,27,27,27,27,27,27,27
51,510,743.3411,-1.088375,-0.2465301,-0.3655611,-0.6033402,0.4942088,0,-0.5023613,0.3715886,0.2461336,0.4753022,0.3783855,-0.3576481,0,-0.3582052,-0.6035923,26,26,27,26,26,26,27,26,27,27,27,27,27,27,27,27
52,520,743.0999,-0.2418626,-0.7395902,-0.2437416,-0.2413361,-0.1235528,-0.2554341,-0.3767842,-0.123863,0,0.3564771,1.009029,-0.3576481,0,0.4776066,0.6035939,26,26,27,26,26,26,27,26,27,27,27,27,27,27,27,27
53,530,744.4266,-0.6046501,0.1232654,-0.6093541,0.4826722,-1.482627,-0.1277172,-0.2512071,-0.123863,-0.7384031,0.1188251,0,-0.5960802,0.3583906,0.1194023,-0.7243116,26,26,27,26,26,26,27,26,27,27,27,27,27,27,27,27
54,540,743.0999,0.362794,-0.7395902,0.1218704,-0.3620041,-0.2471052,-0.2554341,-0.6279392,0,-0.123068,-0.5941281,0.3783855,0.4768634,0.2389265,0.2388037,0.7243133,26,26,27,26,26,26,27,26,27,27,27,27,27,27,27,27
55,550,743.8235,-0.6046501,-0.1232654,-0.4874833,0.4826722,-0.8648663,-0.3831513,-0.7535163,-0.247726,-0.8614699,-0.2376511,0.3783855,-0.3576481,-0.3583922,-0.3582052,0.4828761,26,26,27,26,26,26,27,26,27,27,27,27,27,27,27,27
56,560,743.4617,0,-0.1232654,0.3656121,-0.2413361,0.8648651,-0.3831513,0.2511542,-0.247726,-0.3692015,-0.1188259,-0.504514,-0.4768642,0.2389265,0.3582052,0.4828761,26,26,27,26,26,26,27,26,27,27,27,27,27,27,27,27
57,570,743.5823,-0.1209313,0.3697955,0.4874833,0.9653444,-0.4942096,0.6385858,-0.627887,-0.6193147,-1.353738,-0.1188259,-0.504514,-0.4768642,-0.2389281,0.5970089,0.4828761,26,26,27,26,26,26,27,26,27,27,27,27,27,27,27,27
58,580,743.5823,0.1209313,0,0.4874833,0.2413361,1.111969,0,0.1255771,-0.3715886,-0.123068,-0.5941281,-0.504514,-0.4768642,0.2389265,0.1194023,0,26,26,27,26,26,26,27,26,27,27,27,27,27,27,27,27
59,590,743.5823,0.2418626,-0.3697955,0.1218704,0.4826722,-8.026557E-07,0.6385858,0.1255771,0.123863,0.3692007,0.1188251,0.630643,-0.3576481,0.2389265,0.8358118,-0.4828745,26,26,27,26,26,26,27,26,27,27,27,27,27,27,27,27
60,600,743.5823,0.2418626,0.4930601,0.1218704,0.3620041,-8.026557E-07,-0.2554341,0,0.123863,0.6153351,-0.3564771,1.009029,-0.7152954,-0.2389281,-0.1194015,-0.1207178,26,26,27,26,26,26,27,26,27,27,27,27,27,27,27,27
61,610,743.2205,0.8465128,-0.2465301,0.731225,0.6033402,0.6177603,0.6385858,-0.5023091,0.6193147,0,0.7129533,-0.630643,0,-0.8362468,-0.1194015,0.1207194,26,26,27,26,26,26,27,26,27,27,27,27,27,27,27,27
62,620,743.5823,0.1209313,0.1232654,0.1218704,0.6033402,0.247104,0,0.1255771,-0.123863,0,-0.2376511,0.1261285,-0.5960802,0.5973187,-0.8358118,0,26,26,27,26,26,26,27,26,27,27,27,27,27,27,27,27
63,630,743.3411,0.4837252,-0.6163256,0,0.2413361,0.8648651,0.3831515,0.2511542,0.247726,0.3692007,0.3564771,-0.1261285,0.4768634,-0.3583922,-0.1194015,-0.4828745,26,26,27,26,26,26,27,26,27,27,27,27,27,27,27,27
64,640,742.4968,-0.6046501,-0.2465301,-0.3656125,0,-8.026557E-07,0.2554343,0.1255771,-0.3715886,-0.123068,0.2376511,0.3783855,0,0,0,-0.8450295,26,26,27,26,26,26,27,26,27,27,27,27,27,27,27,27
65,650,742.2556,-0.7255815,-0.4930601,-0.6093541,-0.4826722,0.1235516,-0.1277172,-0.5023091,0.123863,0.2461336,0.2376511,0.504514,0.1192152,0.1194641,0.1194023,0.2414388,26,26,27,26,26,26,27,26,27,27,27,27,27,27,27,27
66,660,743.5823,-0.4837188,-0.4930601,-0.3656125,0,-0.4942096,-0.3831513,-0.251155,0.4954517,-0.8614699,0.7129533,-0.1261285,0.2384313,-0.2389281,-0.4776066,-0.7243116,26,26,27,26,26,26,27,26,27,27,27,27,27,27,27,27
67,670,743.2205,0,-0.8628557,-0.1218712,-0.4826722,-0.3706574,-0.3831513,-0.627887,-0.3715886,-0.2461344,-0.4753022,0.252257,0,0.4778546,0.4776066,0.2414388,26,26,27,26,26,26,27,26,27,27,27,27,27,27,27,27
68,680,743.3411,0,0.4930601,-0.4874833,0.4826722,-0.8648663,0.3831515,-1.004618,-0.247726,-1.353738,-0.4753022,0.3783855,0,0,0.955214,0.3621566,26,26,27,26,26,26,27,26,27,27,27,27,27,27,27,27
69,690,743.2205,0.362794,-0.4930601,0.1218704,0,0.1235516,-0.7663028,-0.1255771,-0.3715886,0.2461336,-0.4753022,-0.630643,-0.5960802,0,0.1194023,0.2414388,26,26,27,26,26,26,27,26,27,27,27,27,27,27,27,27
70,700,743.5823,0.1209313,0.2465301,-0.4874833,0.8446763,-1.111971,0.1277172,-1.004618,-0.123863,-0.4922687,0,-1.009028,-0.3576481,-0.8362468,0,0.4828761,26,26,27,26,26,26,27,26,27,27,27,27,27,27,27,27
71,710,743.8235,0,0.1232654,0.2437416,0.120668,0.370656,0.1277172,0.1255771,-0.123863,0.7384023,-0.5941281,0.1261285,-0.7152954,0,0.4776066,-0.1207178,26,26,27,26,26,26,27,26,27,27,27,27,27,27,27,27
72,720,742.738,-0.1209313,-0.3697955,0.4874833,0.4826722,0.6177603,0,-0.627887,0.8670407,-0.4922687,0.3564771,-0.504514,0.4768634,-1.314101,-0.4776066,0.4828761,26,26,27,26,26,26,27,26,27,27,27,27,27,27,27,27
73,730,742.3762,-0.2418626,0.6163256,0,0,0.6177603,0.3831515,0.8790412,0.4954517,0.3692007,-0.1188259,0.252257,-0.4768642,0.4778546,-0.2388037,-0.362155,26,26,27,26,26,26,27,26,27,27,27,27,27,27,27,27
74,740,743.2205,-0.2418626,0.3697955,0.4874833,0.2413361,0.370656,0,0.3767321,0.6193147,-0.8614699,0.3564771,0.1261285,0.2384313,-0.3583922,-0.3582052,-0.8450295,26,26,27,26,26,26,27,26,27,27,27,27,27,27,27,27
75,750,742.3762,-0.2418626,-0.3697955,-0.4874833,0.6033402,-0.2471052,0.6385858,-0.3767321,0.4954517,0.1230664,1.06943,0.252257,-0.4768642,0.5973187,-0.4776066,-0.9657489,26,26,27,26,26,26,27,26,27,27,27,27,27,27,27,27
76,760,742.738,-0.4837188,-0.3697955,0.1218704,0.7240083,0.370656,-0.1277172,-0.1255771,0.3715886,0.6153351,0.4753022,0.1261285,0.2384313,-0.4778546,0,-0.4828745,26,26,27,26,26,26,27,26,27,27,27,27,27,27,27,27
77,770,742.738,-0.7255815,-0.4930601,-0.731225,0.3620041,-0.2471052,0.2554343,0.3767321,-0.247726,0.3692007,0.3564771,0,0.2384313,0,-0.2388037,-0.6035923,26,26,27,26,26,26,27,26,27,27,27,27,27,27,27,27
78,780,742.2556,0.2418626,-0.9861203,-0.2437416,-0.8446763,-0.6177619,-0.7663028,0.2511542,-0.123863,0.4922679,0.3564771,0.7567711,0.1192152,0.3583906,0.4776066,0.6035939,26,26,27,26,26,26,27,26,27,27,27,27,27,27,27,27
79,790,743.2205,-0.4837188,0,-1.096837,-0.2413361,-0.6177619,-0.2554341,-0.251155,-0.4954517,-0.123068,0.2376511,0.252257,0.3576473,-0.3583922,0.1194023,-0.6035923,26,26,27,26,26,26,27,26,27,27,27,27,27,27,27,27
80,800,742.738,0.362794,-0.4930601,0.3656121,-0.6033402,-0.2471052,-0.1277172,-0.7534641,-0.123863,0.1230664,0.1188251,0.630643,-0.119216,0.9557093,0.5970089,0.9657505,26,26,27,26,26,26,27,26,27,27,27,27,27,27,27,27
81,810,743.7029,-0.6046501,0.3697955,-0.4874833,0.4826722,-0.6177619,-0.1277172,-0.8790412,-0.4954517,-0.7384031,0,0,0.3576473,0.3583906,0.2388037,0.1207194,26,26,27,26,26,26,27,26,27,27,27,27,27,27,27,27
82,820,743.3411,0.6045988,-1.355916,0.2437416,0,0.4942083,-0.5108685,0.1255771,-0.9909033,0.1230664,-0.4753022,-0.3783855,-0.5960802,0.1194641,-0.1194015,0.3621566,26,26,27,26,26,26,27,26,27,27,27,27,27,27,27,27
83,830,743.0999,-5.136996E-05,0.7395902,-0.3656125,0.8446763,-0.2471052,0.5108687,-0.251155,0.247726,-0.7384031,-0.3564771,-0.1261285,-0.8345115,-0.7167827,0,0.3621566,26,26,27,26,26,26,27,26,27,27,27,27,27,27,27,27
84,840,743.7029,-5.136996E-05,-0.2465301,0.7312241,-0.4826722,0.8648651,-0.5108685,-0.1255771,0.123863,0.7384023,-0.7129533,0.630643,-0.9537275,-0.4778546,-0.2388037,-0.1207178,26,26,27,26,26,26,27,26,27,27,27,27,27,27,27,27
85,850,743.4617,-5.136996E-05,-0.4930601,0.7312241,0.6033402,0.1235516,0,-0.251155,0.4954517,-0.3692015,0.8317792,-0.630643,-0.3576481,-1.075175,-0.3582052,0.9657505,26,26,27,26,26,26,27,26,27,27,27,27,27,27,27,27
86,860,742.738,-0.241914,-0.2465301,0.1218696,0.2413361,0.7413127,0.3831515,0,0.4954517,0.7384023,-0.5941281,0.504514,-0.5960802,0.1194641,-0.3582052,0,26,26,27,26,26,26,27,26,27,27,27,27,27,27,27,27
87,870,742.8587,-0.241914,-0.4930601,0.2437408,0.120668,0.370656,0.2554343,0.1255771,0.123863,-0.3692015,0.2376511,0,0.2384313,-0.9557109,-0.4776066,-0.2414372,26,26,27,26,26,26,27,26,27,27,27,27,27,27,27,27
88,880,742.8587,-0.1209827,0.2465301,0.1218696,0.6033402,0.8648651,0.6385858,-0.5023091,0.8670407,0.7384023,-0.5941281,0.252257,-0.3576481,0.5973187,-0.597008,-0.6035923,26,26,27,26,26,26,27,26,27,27,27,27,27,27,27,27
89,890,743.4617,-0.1209827,-0.1232654,-0.2437425,0.3620041,0.4942083,0.6385858,-0.1255771,-0.123863,0,0.1188251,0.252257,0.7152954,-0.4778546,0,-0.362155,26,26,27,26,26,26,27,26,27,27,27,27,27,27,27,27
90,900,742.4968,-0.3628389,-0.4930601,-0.4874841,0.6033402,0.1235516,0.7663028,-0.251155,0.3715886,-0.3692015,-0.1188259,0.7567711,0.3576473,0.3583906,0.2388037,-1.086467,26,26,27,26,26,26,27,26,27,27,27,27,27,27,27,27
91,910,742.4968,0.1208799,-0.6163256,0.1218696,0.2413361,0.247104,-0.2554341,0.2511542,0,0.1230664,0.1188251,0.3783855,0.1192152,-0.1194641,0,0.3621566,26,26,27,26,26,26,27,26,27,27,27,27,27,27,27,27
92,920,742.9792,-0.6047015,-0.1232654,-1.34058,-0.120668,-0.8648663,-0.2554341,0,-0.123863,0.3692007,0.3564771,0.7567711,0.4768634,0,0,-0.6035923,26,26,27,26,26,26,27,26,27,27,27,27,27,27,27,27
93,930,742.4968,0.4836739,-0.7395902,0.1218696,-0.3620041,0.1235516,-0.3831513,-0.1255771,-0.247726,0.4922679,-0.3564771,0.252257,0,-0.1194641,-0.1194015,0.4828761,26,26,27,26,26,26,27,26,27,27,27,27,27,27,27,27
94,940,743.2205,-5.136996E-05,-0.1232654,-0.2437425,0.3620041,-0.2471052,-0.2554341,-0.7534641,0.4954517,-0.6153359,-0.4753022,0,0.2384313,-0.3583922,0.3582052,-0.1207178,26,26,27,26,26,26,27,26,27,27,27,27,27,27,27,27
95,950,742.738,0.6045988,-0.7395902,0.4874825,-0.3620041,0.6177603,-1.277171,-0.627887,-0.3715886,0.4922679,-0.5941281,0.252257,-0.2384321,0,0.4776066,0.4828761,26,26,27,26,26,26,27,26,27,27,27,27,27,27,27,27
96,960,743.5823,-0.3628389,0.4930601,-8.026557E-07,0.3620041,-0.4942096,0.2554343,-0.251155,-0.247726,-0.9845371,0,-0.8829,-0.3576481,-0.2389281,0.7164103,-0.362155,26,26,27,26,26,26,27,26,27,27,27,27,27,27,27,27
97,970,743.2203,-0.1209827,-0.2465301,0.1218696,-0.120668,0.7413127,-0.2554341,0.1255771,0.123863,0,-0.5941281,-0.3783855,-0.9537275,0,0.7164103,0,26,26,27,26,26,26,27,26,27,27,27,27,27,27,27,27
98,980,743.3409,0.4836739,0.6163256,0.4874825,0.4826722,-0.3706574,0.6385858,-0.1255771,0.4954517,-0.4922687,0.3564771,-0.504514,0,-0.7167827,0,0.9657505,26,26,27,26,26,26,27,26,27,27,27,27,27,27,27,27
99,990,743.0997,0.4836739,0.2465301,-8.026557E-07,0.120668,0.247104,-0.3831513,0.7534641,-0.6193147,0.9845359,0.3564771,0.3783855,-1.311376,-0.2389281,0.4776066,-0.4828745,26,26,27,26,26,26,27,26,27,27,27,27,27,27,27,27
100,1000,743.4615,0.2418113,0.8628557,0.2437416,0.6033402,0.4942083,0.6385858,-0.627887,0.123863,-0.6153359,0.1188251,-0.252257,-0.3576481,-1.075175,-0.3582052,0.1207194,26,26,27,26,26,26,27,26,27,27,27,27,27,27,27,27
101,1010,743.0997,-0.241914,0.6163256,0.2437416,0.6033466,-0.1235528,1.021737,-0.251155,0.123863,0.7384023,0,0.504514,0.1192152,0,-0.2388037,-0.362155,26,26,27,26,26,26,27,26,27,27,27,27,27,27,27,27
102,1020,743.0997,-0.3628389,-0.6163256,-0.2437416,-0.1206616,0.6177603,0,0,0.3715886,-0.4922687,0,0.252257,0.1192152,-0.4778546,0,-0.6035923,26,26,27,26,26,26,27,26,27,27,27,27,27,27,27,27
103,1030,742.6173,-0.6047015,-0.2465301,-0.731225,0.4826786,-8.026557E-07,0.7663028,0.3767321,-0.123863,0.3692007,-0.1188259,-0.1261285,-0.119216,0.1194641,-0.2388037,-0.362155,26,26,27,26,26,26,27,26,27,27,27,27,27,27,27,27
104,1040,742.0142,-5.136996E-05,-0.1232654,-0.2437416,0.8446828,0.6177603,-0.2554341,0.3766799,-0.247726,0.2461336,-0.1188259,0.252257,-0.119216,-0.3583922,0.3582052,-0.362155,26,26,27,26,26,26,27,26,27,27,27,27,27,27,27,27
105,1050,742.1348,-0.241914,-0.4930601,-0.4874833,-0.2413297,-0.6177619,0.2554343,-0.5023613,0.6193147,0,0.2376511,0.3783855,0.3576473,0.5973187,0,-0.8450295,26,26,27,26,26,26,27,26,27,27,27,27,27,27,27,27
106,1060,742.376,-0.241914,-0.2465301,-0.1218712,-0.2413297,-0.2471052,-0.1277172,-5.217262E-05,0.123863,0.3692007,0.1188251,0.630643,0.4768634,0.3583906,0.5970089,0.1207194,26,26,27,26,26,26,27,26,27,27,27,27,27,27,27,27
107,1070,743.0997,-0.7256328,-0.6163256,-0.8530958,0.1206745,-0.6177619,-0.1277172,-0.5023613,0,-0.123068,0.7129533,-0.1261285,0.4768634,-0.3583922,-0.1194015,-0.8450295,26,26,27,26,26,26,27,26,27,27,27,27,27,27,27,27
108,1080,741.8936,0.3627426,-0.6163256,-0.2437416,-0.7240018,-8.026557E-07,0.1277172,0.2511028,0.247726,0.4922679,0.2376511,1.261286,0.1192152,0,0.2388037,0.9657505,26,26,27,26,26,26,27,26,27,27,27,27,27,27,27,27
109,1090,743.0997,-0.6047015,0.3697955,-0.4874833,0.7240147,-0.8648663,0,-0.6279392,-0.3715886,-0.7384031,-0.4753022,0.252257,-0.119216,0,0.1194023,0,26,26,27,26,26,26,27,26,27,27,27,27,27,27,27,27
110,1100,742.2554,0.6045988,-0.4930601,0.3656121,6.421245E-06,0.370656,-1.404889,-0.3767842,-0.6193147,-0.3692015,-0.2376511,-0.630643,0,0.2389265,0.1194023,0.2414388,26,26,27,26,26,26,27,26,27,27,27,27,27,27,27,27
111,1110,743.4615,-0.1209827,0.2465301,0.1218704,-0.1206616,-8.026557E-07,0.1277172,-1.381402,-0.4954517,-0.4922687,-0.3564771,0.1261285,-0.4768642,-0.2389281,0.5970089,-0.2414372,26,26,27,26,26,26,27,26,27,27,27,27,27,27,27,27
112,1120,742.9791,0.4836739,0,0.2437416,0.3620105,0.1235516,0.5108687,-0.1256293,0.8670407,-0.3692015,0.4753022,-0.504514,0.2384313,-0.9557109,0.2388037,0,26,26,27,26,26,26,27,26,27,27,27,27,27,27,27,27
113,1130,742.9792,0.2418113,0.2465301,0.4874833,0.4826786,-0.2471052,0.5108687,-0.2512071,0.3715886,-0.4922687,-0.2376511,-0.8829,0,-1.075175,0,0.4828761,26,26,27,26,26,26,27,26,27,27,27,27,27,27,27,27
114,1140,743.0999,0,0,-0.3656125,0.6033466,0.7413127,0,0.6278341,-0.3715886,0.7384023,-0.9506044,0.252257,-0.5960802,0.1194641,0.4776066,-0.4828745,26,26,27,26,26,26,27,26,27,27,27,27,27,27,27,27
115,1150,743.3411,0.1209313,0,0.4874833,0.6033466,0.1235516,0,-0.2512071,0.123863,-0.6153359,-0.1188259,-0.630643,-0.5960802,-1.314101,0.1194023,0.9657505,26,26,27,26,26,26,27,26,27,27,27,27,27,27,27,27
116,1160,743.0999,-0.2418626,0,0.1218696,0.7240147,0.370656,0.1277172,-0.2512071,-0.123863,0.2461336,-0.8317792,0.504514,-0.7152954,0.3583906,0,-0.1207178,26,26,27,26,26,26,27,26,27,27,27,27,27,27,27,27
117,1170,742.738,0.2418626,-0.1232654,0.8530946,0.3620041,0.370656,0.1277172,-0.2512071,-0.123863,-0.7384031,0.3564771,-0.1261285,0.4768634,-0.9557109,-0.597008,-0.1207178,26,26,27,26,26,26,27,26,27,27,27,27,27,27,27,27
118,1180,742.4968,0.2418626,-0.1232654,-0.121872,0.7240083,0.1235516,0.1277172,-0.2512071,0,-0.3692015,-0.5941281,0.3783855,-0.2384321,0.2389265,-0.4776066,-0.4828745,26,26,27,26,26,26,27,26,27,27,27,27,27,27,27,27
119,1190,742.4968,-0.3627875,-0.6163256,0.2437408,-0.2413361,0.6177603,0,-0.1256293,0.4954517,-0.123068,-0.5941281,0.3783855,-0.119216,-0.3583922,-0.1194015,0,26,26,27,26,26,26,27,26,27,27,27,27,27,27,27,27
120,1200,742.2556,-0.7255815,-0.2465301,-0.4874841,0.120668,-0.6177619,0,-0.1255771,0.7431773,0.4922679,0.1188251,0.630643,-0.119216,0,-0.597008,-0.6035923,26,26,27,26,26,26,27,26,27,27,27,27,27,27,27,27
121,1210,742.4968,-0.1209313,-0.7395902,-0.3656133,-0.120668,0.370656,0.3831515,0.1255771,0.4954517,0.4922679,0.5941281,0.252257,0.2384313,0,0.7164103,0.1207194,26,26,27,26,26,26,27,26,27,27,27,27,27,27,27,27
122,1220,743.2205,-0.8465128,-0.1232654,-0.4874841,-0.120668,-0.6177619,-0.5108685,-0.1255771,0.123863,0.1230664,0.2376511,0,0.2384313,0.3583906,-0.2388037,-0.6035923,26,26,27,26,26,26,27,26,27,27,27,27,27,27,27,27
123,1230,742.4968,0,-1.109386,0.1218696,0,-0.4942096,-0.2554341,-0.251155,-0.247726,-0.123068,-0.1188259,0.504514,0,0.3583906,0.2388037,0.8450311,26,26,27,26,26,26,27,26,27,27,27,27,27,27,27,27
124,1240,742.9792,-0.6046501,0.2465301,-8.026557E-07,0.2413361,-0.3706574,0,-0.8790412,-0.4954517,-1.107604,-0.5941281,0,-0.2384321,-0.4778546,0.1194023,0.2414388,26,26,27,26,26,26,27,26,27,27,27,27,27,27,27,27
125,1250,742.6174,0.8465128,-0.2465301,0.4874825,-0.2413361,0.370656,-0.5108685,-0.3767321,-0.6193147,0.1230664,-0.8317792,-0.504514,-0.7152954,-0.2389281,0.3582052,0.6035939,26,26,27,26,26,26,27,26,27,27,27,27,27,27,27,27
126,1260,743.0999,0.1209313,-0.3697955,-8.026557E-07,0.3620041,-0.6177619,0.2554343,-0.5023091,0.3715886,-0.8614699,-0.2376511,-0.630643,-0.4768642,0,0.7164103,0.3621566,26,26,27,26,26,26,27,26,27,27,27,27,27,27,27,27
127,1270,743.0999,0.8465128,-0.2465301,0.4874825,0.3620041,0.8648651,0.5108687,0.5023091,-0.9909033,0.1230664,-0.2376511,-0.1261285,-0.9537275,-0.5973187,0,0,26,26,27,26,26,26,27,26,27,27,27,27,27,27,27,27
128,1280,742.8586,0.8465128,0.4930601,0.3656113,0.7240083,0.6177603,0.3831515,-0.5023091,0.247726,-0.7384031,0.1188251,-0.7567714,-0.7152954,-1.075175,-0.1194015,0.3621566,26,26,27,26,26,26,27,26,27,27,27,27,27,27,27,27
129,1290,742.738,-0.4837188,0.3697955,0.1218696,0.3620041,0.1235516,-0.2554341,0,-0.123863,0.9845359,-0.1188259,0.252257,-1.072944,0,-0.3582052,-0.1207178,26,26,27,26,26,26,27,26,27,27,27,27,27,27,27,27
130,1300,742.4968,-0.1209313,0.3697955,0.3656113,0.120668,0.247104,0.3831515,-0.251155,0.3715886,-0.4922687,0.2376511,-0.1261285,0,-0.9557109,-0.3582052,0.2414388,26,26,27,26,26,26,27,26,27,27,27,27,27,27,27,27
131,1310,742.738,-0.1209313,-0.1232654,-8.026557E-07,0.7240083,0.1235516,0.5108687,0.2511542,-0.247726,0.2461336,-0.4753022,0.3783855,-0.5960802,0.4778546,0,-0.7243116,26,26,27,26,26,26,27,26,27,27,27,27,27,27,27,27
132,1320,742.9792,-0.1209313,-0.3697955,0.3656121,0.6033402,0.8648651,0,0.3767321,0.6193147,-0.123068,-0.2376511,-0.504514,0.3576473,-0.3583922,-0.3582052,-0.4828745,26,26,27,26,26,26,27,26,27,27,27,27,27,27,27,27
133,1330,741.8937,-0.1209313,-0.1232654,0.4874833,0.6033402,0.247104,0.6385858,0.1255771,0.247726,0,0.1188251,0.630643,-0.2384321,0.4778546,-0.3582052,-0.8450295,26,26,27,26,26,26,27,26,27,27,27,27,27,27,27,27
134,1340,742.4968,-0.3627875,-0.1232654,-0.3656125,0.2413361,0.4942088,0,0.1255771,0.9909033,0.6153351,-0.2376511,-0.1261285,0.2384313,-0.7167827,0.3582052,0,26,26,27,26,26,26,27,26,27,27,27,27,27,27,27,27
135,1350,742.3762,-0.8465128,-0.2465301,-0.4874833,-0.120668,-0.4942093,0.2554343,-0.5023091,0.247726,-0.123068,0.3564771,0.3783855,0,0.1194641,-0.1194015,-0.4828745,26,26,27,26,26,26,27,26,27,27,27,27,27,27,27,27
136,1360,741.5319,-0.9674441,-0.6163256,0,-0.2413361,-4.013278E-07,0.1277172,-5.217262E-05,-0.123863,0.1230664,-0.1188259,0.3783855,-0.2384321,0.2389265,-0.1194015,0,26,26,27,26,26,26,27,26,27,27,27,27,27,27,27,27
137,1370,742.3762,-0.3627875,-0.3697955,-0.6093541,0.120668,-0.1235528,0.1277172,-0.7535163,-0.123863,-0.3692015,0,1.009029,0.4768634,0.4778546,0.3582052,-0.7243116,26,26,27,26,26,26,27,26,27,27,27,27,27,27,27,27
138,1380,742.1349,0,-0.4930601,-0.2437416,-0.3620041,-0.4942093,-0.5108685,-0.3767842,0.123863,0,0,0.1261285,-0.119216,0.3583906,0.7164103,0.3621566,26,26,27,26,26,26,27,26,27,27,27,27,27,27,27,27
139,1390,742.9792,-0.7255815,0.1232654,-0.6093541,0.9653444,-0.4942093,-0.2554341,-0.1256293,-0.123863,-0.6153359,-0.3564771,0,0.2384313,0.4778546,0.2388037,-0.2414372,26,26,27,26,26,26,27,26,27,27,27,27,27,27,27,27
140,1400,742.0143,0.362794,-0.4930601,-0.2437416,-0.4826722,0.247104,-0.5108685,-0.2512071,-0.123863,-0.4922687,-0.2376511,0,-0.4768642,0.5973187,0.4776066,0.8450311,26,26,27,26,26,26,27,26,27,27,27,27,27,27,27,27
141,1410,742.4968,0.2418626,0.3697955,-0.1218712,0.2413361,-1.111971,0.2554343,-1.130248,-0.4954517,-0.8614699,-0.3564771,0,0.4768634,-0.5973187,0.1194023,-0.1207178,26,26,27,26,26,26,27,26,27,27,27,27,27,27,27,27
142,1420,742.4968,0.2418626,0.1232654,-0.1218712,0,0.247104,-0.2554341,-0.7535163,-0.123863,-0.7384031,0.2376511,-0.630643,-0.2384321,0.1194641,0.3582052,0.1207194,26,26,27,26,26,26,27,26,27,27,27,27,27,27,27,27
143,1430,742.9792,-0.2418626,0.2465301,0.1218704,0.6033402,-0.6177616,-0.3831513,-1.255825,-0.3715886,-0.7384031,-0.1188259,0.1261285,-0.8345115,-0.5973187,0.4776066,0.3621566,26,26,27,26,26,26,27,26,27,27,27,27,27,27,27,27
144,1440,742.738,0.2418626,0.2465301,0.8530954,0.120668,0.7413131,-0.3831513,0.7534119,-0.4954517,0,-0.9506044,-0.630643,-0.3576481,-0.7167827,0.1194023,-0.362155,26,26,27,26,26,26,27,26,27,27,27,27,27,27,27,27
145,1450,742.4968,0.362794,0,0.1218704,0.3620041,-0.6177616,0.7663028,-0.2512071,-0.123863,-1.353738,-0.3564771,-1.009028,-0.2384321,-0.9557109,1.074615,0.6035939,26,26,27,26,26,26,27,26,27,27,27,27,27,27,27,27
146,1460,743.0999,-5.136996E-05,0.2465301,0.1218704,0.2413361,0.6177607,-0.3831513,0.1255249,-0.6193147,0.6153351,-0.5941281,-0.252257,-0.5960802,-0.5973187,0.4776066,-0.4828745,26,26,27,26,26,26,27,26,27,27,27,27,27,27,27,27
147,1470,742.8587,0.4836739,0.1232654,0.3656121,0.7240083,0.123552,-0.1277172,-0.1256293,0.3715886,-0.9845371,0.3564771,-0.504514,0,-1.314101,-0.3582052,-0.1207178,26,26,27,26,26,26,27,26,27,27,27,27,27,27,27,27
148,1480,742.738,-0.241914,0,-0.1218712,0.7240083,0.123552,0.1277172,0.2511028,-0.123863,0.6153351,-0.4753022,0.3783855,-0.3576481,0.1194641,-0.2388037,0,26,26,27,26,26,26,27,26,27,27,27,27,27,27,27,27
149,1490,742.4968,0.6045988,0,0.9749658,0.3620041,0.3706564,0.5108687,0.3766799,0.7431773,-0.7384031,-0.1188259,-0.3783855,-0.119216,-0.8362468,-0.1194015,0.2414388,26,26,27,26,26,26,27,26,27,27,27,27,27,27,27,27
150,1500,742.738,-5.136996E-05,0.1232654,-0.731225,0.8446763,0.9884171,0.2554343,0.3766799,-0.123863,0.7384023,-0.7129533,0.252257,-0.119216,0.3583906,-0.1194015,-0.7243116,26,26,27,26,26,26,27,26,27,27,27,27,27,27,27,27
151,1510,742.4968,-0.241914,-0.2465301,-0.4874833,0.2413361,0.247104,-0.1277172,-0.6279392,0.247726,-0.3692015,0.2376511,0,0,-0.5973187,-0.3582052,-0.362155,26,26,27,26,26,26,27,26,27,27,27,27,27,27,27,27
152,1520,741.7731,-0.3628389,-0.4930601,-0.1218712,0.3620041,0.370656,1.021737,0.1255249,0.8670407,0.4922679,0,0.3783855,-0.2384321,0,-1.074615,-0.4828745,26,26,27,26,26,26,27,26,27,27,27,27,27,27,27,27
153,1530,741.8937,-5.136996E-05,0.2465301,0.1218704,0.120668,0.370656,-0.5108685,0.1255249,-0.123863,0.2461336,-0.1188259,0,0.3576473,0,0.4776066,0.1207194,26,26,27,26,26,26,27,26,27,27,27,27,27,27,27,27
154,1540,742.1349,-0.7256328,-0.4930601,-0.9749666,0.120668,-0.1235528,0.1277172,-0.1256293,0.123863,0.8614694,0.1188251,0.630643,0.1192152,0.4778546,0.1194023,-0.9657489,26,26,27,26,26,26,27,26,27,27,27,27,27,27,27,27
155,1550,742.0143,-0.6047015,-0.7395902,-0.4874833,0,0.370656,0,0.6278341,0.123863,0.2461336,0,0.630643,-0.119216,0.1194641,0.1194023,0,26,26,27,26,26,26,27,26,27,27,27,27,27,27,27,27
156,1560,742.4968,-0.3628389,0,-0.3656125,0.120668,-0.3706574,0.2554343,-0.2512071,0.247726,-0.3692015,0.1188251,0.3783855,0.3576473,0.1194641,0,-0.7243116,26,26,27,26,26,26,27,26,27,27,27,27,27,27,27,27
157,1570,741.6525,0.1208799,-1.602446,0.1218704,-0.2413361,-0.2471052,-0.3831513,0.1255249,-0.3715886,0.1230664,-0.1188259,0.252257,-0.3576481,0.8362468,0.1194023,0.4828761,26,26,27,26,26,26,27,26,27,27,27,27,27,27,27,27
158,1580,742.8587,-0.3628389,0.2465301,-0.3656125,0.4826722,-0.8648663,-0.7663028,-0.7535163,-0.247726,-0.4922687,0.1188251,-0.252257,-0.119216,-0.2389281,0.4776066,-0.6035923,26,26,27,26,26,26,27,26,27,27,27,27,27,27,27,27
159,1590,742.3762,0.7255301,-0.3697955,0.3656121,0,0.7413127,-1.021737,-0.2512071,-0.3715886,-0.3692015,-0.1188259,-0.3783855,-0.2384321,0.1194641,0.8358118,0.2414388,26,26,27,26,26,26,27,26,27,27,27,27,27,27,27,27
160,1600,742.3762,-0.1209827,0.8628557,0,0.7240083,-0.2471052,0.1277172,-0.3767842,-0.7431773,-0.8614699,0.1188251,0,0.1192152,-0.4778546,0.7164103,0.1207194,26,26,27,26,26,26,27,26,27,27,27,27,27,27,27,27
161,1610,742.7379,0.2418113,-0.3697955,0.6093537,0.120668,0.370656,-0.1277172,-5.217262E-05,-0.6193147,-0.3692015,-0.7129533,-0.252257,-0.5960802,0.1194641,-0.1194015,0,26,26,27,26,26,26,27,26,27,27,27,27,27,27,27,27
162,1620,743.0997,0.2418626,0.6163256,0.3656121,0.3620041,-0.1235528,0.6385858,-0.3767842,0,-0.9845371,0,-0.630643,0.3576473,-0.7167827,0.3582052,-0.1207178,26,26,27,26,26,26,27,26,27,27,27,27,27,27,27,27
163,1630,742.8585,0.1209313,0.3697955,0.1218704,0.2413361,0.9884171,-0.5108685,-0.1256293,-0.7431773,0.7384023,-0.8317792,0.1261285,-0.7152954,-0.3583922,0.2388037,0.2414388,26,26,27,26,26,26,27,26,27,27,27,27,27,27,27,27
164,1640,742.2554,0.9674441,0,0.4874825,0.7240083,0.370656,0.7663028,0.1255249,0.123863,-0.8614699,0.5941281,-1.009028,-0.119216,-0.5973187,0.2388037,0.4828761,26,26,27,26,26,26,27,26,27,27,27,27,27,27,27,27
165,1650,742.9791,0,0.3697955,0.2437408,0.4826786,0.7413127,0.1277172,0.1255249,-0.123863,-0.123068,-0.5941281,0.1261285,-0.7152954,0,0.2388037,-0.2414372,26,26,27,26,26,26,27,26,27,27,27,27,27,27,27,27
166,1660,742.7379,0,0.3697955,0.4874825,0.4826786,0.1235516,0.3831515,0.2511028,-0.3715886,-0.9845371,0,-0.252257,0.1192152,-1.075175,0.2388037,0,26,26,27,26,26,26,27,26,27,27,27,27,27,27,27,27
167,1670,742.8585,0.2418626,0.1232654,0.4874825,0.2413425,0.8648651,-0.3831513,0.502257,-0.3715886,0.8614694,-0.8317792,0.504514,-0.9537275,0,0.8358118,-0.2414372,26,26,27,26,26,26,27,26,27,27,27,27,27,27,27,27
168,1680,742.9791,0.362794,-0.1232654,0.7312241,1.086019,0.370656,0.5108687,-0.627887,0.247726,-0.4922687,-0.2376511,-0.252257,-0.119216,-1.194637,-0.3582052,-0.1207178,26,26,27,26,26,26,27,26,27,27,27,27,27,27,27,27
169,1690,742.7379,-0.1209313,-0.1232654,-8.026557E-07,0.6033466,0.7413127,-0.2554341,0.2511542,-0.3715886,0.9845359,-0.3564771,0.630643,-0.5960802,0,0.1194023,0,26,26,27,26,26,26,27,26,27,27,27,27,27,27,27,27
170,1700,742.4966,0.8465128,0.1232654,0.8530946,0.6033466,0.1235516,0.1277172,0,0,-0.4922687,0.2376511,-0.3783855,0,-0.7167827,-0.3582052,-0.362155,26,26,27,26,26,26,27,26,27,27,27,27,27,27,27,27
171,1710,742.4966,-0.2418626,0.3697955,0.3656113,0.8446828,0.370656,-0.3831513,0,0.3715886,0.3692007,-0.4753022,0.630643,-0.8345115,0.3583906,-0.1194015,-0.1207178,26,26,27,26,26,26,27,26,27,27,27,27,27,27,27,27
172,1720,742.376,0.4837252,0.1232654,0.7312241,0.3620105,0.7413127,-0.2554341,-0.251155,0.4954517,-0.9845371,0.1188251,-0.252257,0.5960794,-0.4778546,-0.597008,0.1207194,26,26,27,26,26,26,27,26,27,27,27,27,27,27,27,27
173,1730,742.376,-0.2418626,-0.1232654,-8.026557E-07,0.7240147,0.247104,0.1277172,-0.1255771,-0.123863,0.3692007,-0.4753022,0.630643,0,0.5973187,0,-0.7243116,26,26,27,26,26,26,27,26,27,27,27,27,27,27,27,27
174,1740,742.1348,0.362794,-0.1232654,-8.026557E-07,6.421245E-06,0.6177603,0.3831515,0.2511542,0.123863,-0.123068,0.4753022,0.1261285,0.1192152,-0.5973187,0,-0.2414372,26,26,27,26,26,26,27,26,27,27,27,27,27,27,27,27
175,1750,742.2554,-0.3627875,-0.1232654,-0.121872,0.1206745,0.247104,0.6385858,-0.251155,0.123863,0.3692007,0.7129533,0.252257,-0.3576481,-0.2389281,-0.8358118,-0.362155,26,26,27,26,26,26,27,26,27,27,27,27,27,27,27,27
176,1760,741.6523,0.1209313,-0.4930601,0.3656113,-0.1206616,0.4942083,0,0.5023091,0.4954517,0,0.5941281,0,-0.2384321,0,0,-0.6035923,26,26,27,26,26,26,27,26,27,27,27,27,27,27,27,27
177,1770,742.1349,-0.7255815,0,-0.4874841,0.4826786,-0.3706574,0.5108687,0.1255771,0.4954517,-0.123068,0,0.504514,-0.3576481,0.4778546,-0.3582052,-0.7243116,26,26,27,26,26,26,27,26,27,27,27,27,27,27,27,27
178,1780,742.3762,-0.4837188,-0.6163256,-0.4874841,-0.3619977,0.7413127,0.2554343,0.3767321,0.123863,0.1230664,0.7129533,0.1261285,-0.2384321,-0.3583922,0.1194023,-0.6035923,26,26,27,26,26,26,27,26,27,27,27,27,27,27,27,27
179,1790,741.8937,-0.2418626,0,-0.121872,-0.2413297,0.4942083,0.3831515,0,0.3715886,0.1230664,0.7129533,0.504514,-0.7152954,0.9557093,0,-1.207186,26,26,27,26,26,26,27,26,27,27,27,27,27,27,27,27
180,1800,741.6525,-0.1209313,-0.4930601,-0.3656125,0.1206745,0.8648651,-0.2554341,0.3767321,0.247726,-0.2461344,0.1188251,-0.504514,0.3576473,-0.1194641,0.2388037,0.4828761,26,26,27,26,26,26,27,26,27,27,27,27,27,27,27,27
181,1810,742.2556,-0.2418626,-0.2465301,-0.3656125,0,-0.4942096,-0.1277172,0.2511542,0.6193147,0,0.4753022,0.8828996,0.3576473,0.2389265,-0.2388037,-1.086467,26,26,27,26,26,26,27,26,27,27,27,27,27,27,27,27
182,1820,742.2556,0,-0.8628557,-0.2437416,-0.3620041,-0.3706572,-0.2554341,0,-0.123863,-0.2461344,-0.1188259,0.3783855,0.3576473,0.1194641,0.2388037,0.6035939,26,26,27,26,26,26,27,26,27,27,27,27,27,27,27,27
183,1830,742.3762,-0.8465128,-0.2465301,-0.6093541,-0.2413361,0.123552,0.2554343,-0.1255771,0.247726,0.1230664,0.2376511,0.3783855,0.3576473,0.4778546,-0.1194015,-0.8450295,26,26,27,26,26,26,27,26,27,27,27,27,27,27,27,27
184,1840,742.2556,0,-0.6163256,0,-0.120668,-0.2471048,-0.5108685,0.3767321,-0.123863,0.2461336,0.5941281,1.135157,0.2384313,0,0.5970089,-0.1207178,26,26,27,26,26,26,27,26,27,27,27,27,27,27,27,27
185,1850,742.3762,-0.7255815,0.1232654,-0.2437416,0.2413361,-0.7413139,-0.1277172,-0.3767321,0.123863,0.1230664,0.4753022,0.252257,0.2384313,-0.3583922,0,-0.362155,26,26,27,26,26,26,27,26,27,27,27,27,27,27,27,27
186,1860,741.6525,0.6046501,-0.7395902,0.6093537,-0.8446763,-4.013278E-07,-0.5108685,-0.251155,-0.3715886,0,0.3564771,0.1261285,0.2384313,0,0.3582052,0.6035939,26,26,27,26,26,26,27,26,27,27,27,27,27,27,27,27
187,1870,742.1349,-0.1209313,0.2465301,-0.2437416,0.2413361,-4.013278E-07,-0.1277172,-0.7534641,-0.123863,0.1230664,0.1188251,0.1261285,0.7152954,0,0.4776066,-0.1207178,26,26,27,26,26,26,27,26,27,27,27,27,27,27,27,27
188,1880,742.2556,0.362794,0.1232654,0.3656121,0,0.3706564,-0.6385856,-0.3767321,-0.8670403,-0.123068,0.3564771,-0.1261285,-0.5960802,0,0,0.2414388,26,26,27,26,26,26,27,26,27,27,27,27,27,27,27,27
189,1890,742.6174,0,0.6163256,-0.3656125,0.3620041,-0.1235528,0.2554343,-0.7534641,-0.3715886,-0.9845371,-0.8317792,0.252257,-0.7152954,-0.7167827,0.2388037,-0.4828745,26,26,27,26,26,26,27,26,27,27,27,27,27,27,27,27
190,1900,742.2556,0,-0.1232654,0.3656121,-0.120668,0.247104,-1.021737,0.2511542,0,0.3692007,-0.4753022,-0.252257,-0.7152954,-0.5973187,0.2388037,0.2414388,26,26,27,26,26,26,27,26,27,27,27,27,27,27,27,27
191,1910,742.738,0.1209313,0.2465301,0.1218704,0.9653444,-0.2471048,0.1277172,-1.506928,-0.123863,-1.353738,-0.2376511,-0.8829,0,-0.3583922,0.1194023,0.2414388,26,26,27,26,26,26,27,26,27,27,27,27,27,27,27,27
192,1920,742.4968,0.362794,-0.1232654,0.1218704,-0.2413361,0.123552,-0.6385856,0.1255771,-0.247726,0.1230664,-0.1188259,0.3783855,-0.4768642,-0.3583922,0.3582052,0,26,26,27,26,26,26,27,26,27,27,27,27,27,27,27,27
193,1930,743.0999,0.7255815,-0.3697955,0.4874833,0.8446763,-0.4942093,0.3831515,-0.5023091,0.3715886,-0.8614699,-0.1188259,-0.504514,-0.2384321,-0.9557109,0.5970089,0.6035939,26,26,27,26,26,26,27,26,27,27,27,27,27,27,27,27
194,1940,742.4968,0.1208799,0.6163256,0.8530954,-0.120668,0.3706564,0.1277172,0,-0.7431773,0.4922679,-1.06943,-0.3783855,-1.072944,0,0.5970089,0,26,26,27,26,26,26,27,26,27,27,27,27,27,27,27,27
195,1950,742.1349,0.8464614,-0.1232654,0.2437416,0.6033402,0.123552,0.3831515,-0.3767321,-0.123863,-0.2461344,0.1188251,-0.504514,-0.2384321,-1.314101,-0.4776066,0.1207194,26,26,27,26,26,26,27,26,27,27,27,27,27,27,27,27
196,1960,742.0143,0.1208799,0.1232654,0.2437408,1.20668,0.123552,0.2554343,0.3767321,-0.247726,0.6153351,0.2376511,0.504514,-0.3576481,0,-0.3582052,-0.6035923,26,26,27,26,26,26,27,26,27,27,27,27,27,27,27,27
197,1970,742.4968,-5.136996E-05,-0.3697955,0.7312241,0.7240083,1.235522,0.3831515,0.7534641,0.7431773,-0.123068,0.2376511,-0.1261285,0.5960794,-0.4778546,-0.1194015,0.2414388,26,26,27,26,26,26,27,26,27,27,27,27,27,27,27,27
198,1980,742.2556,-0.241914,0,-0.2437425,0.3620041,0.3706564,0.6385858,0,0.247726,-0.6153359,0,0.1261285,0,0.3583906,0.2388037,-0.1207178,26,26,27,26,26,26,27,26,27,27,27,27,27,27,27,27
199,1990,741.7731,-0.3628389,-0.2465301,-8.026557E-07,-0.120668,0.4942088,0,0.5023091,0.3715886,0.2461336,0.4753022,0.1261285,0.3576473,0,0.2388037,-0.4828745,26,26,27,26,26,26,27,26,27,27,27,27,27,27,27,27
200,2000,742.1349,-0.3628389,-0.1232654,-0.4874841,-0.120668,-0.3706572,-0.1277172,-5.217262E-05,0.3715886,-0.2461344,0,0.630643,0.4768634,0.4778546,0.2388037,-0.4828745,26,26,27,26,26,26,27,26,27,27,27,27,27,27,27,27
201,2010,741.5319,0.1208799,-1.23265,-0.7312257,-1.206668,-4.013278E-07,-0.1277172,0.1255249,0,0.3692007,-0.1188259,0.1261285,-0.3576481,0.1194641,0.3582052,0.3621566,26,26,27,26,26,26,27,26,27,27,27,27,27,27,27,27
202,2020,742.4968,-0.241914,-0.1232654,-0.6093549,0.2413361,-0.6177616,-0.3831513,-0.3767842,0,0,0.2376511,0.1261285,0.3576473,0.4778546,-0.3582052,-0.6035923,26,26,27,26,26,26,27,26,27,27,27,27,27,27,27,27
203,2030,742.1349,0.6045988,-0.8628557,-8.026557E-07,-1.448004,-0.1235528,-0.6385856,-0.3767842,0.3715886,-0.123068,0.2376511,0.504514,0,0,0,0.9657505,26,26,27,26,26,26,27,26,27,27,27,27,27,27,27,27
204,2040,742.3762,-0.3628389,0.3697955,-0.6093549,0.4826722,-0.6177616,0.2554343,-0.7535163,-0.247726,-0.7384031,-0.5941281,0.252257,0,0,0.3582052,-0.1207178,26,26,27,26,26,26,27,26,27,27,27,27,27,27,27,27
205,2050,742.1349,0.2418113,-0.6163256,0.2437408,-0.2413361,0.3706564,-0.5108685,-0.1256293,-0.247726,-0.3692015,0.3564771,-0.1261285,-0.119216,0.2389265,0.1194023,0.3621566,26,26,27,26,26,26,27,26,27,27,27,27,27,27,27,27
206,2060,742.4968,-0.241914,0.2465301,-0.6093549,0.6033402,-0.7413139,0,-1.255825,-0.3715886,-0.7384031,0.1188251,0.252257,-0.2384321,-0.1194641,0.7164103,0.2414388,26,26,27,26,26,26,27,26,27,27,27,27,27,27,27,27
207,2070,742.4968,0.2418113,-0.4930601,0.4874825,-0.3620041,0.9884175,-0.6385856,-0.3767842,-0.7431773,-0.6153359,-1.425907,-0.7567714,-0.2384321,0.2389265,0.4776066,-0.1207178,26,26,27,26,26,26,27,26,27,27,27,27,27,27,27,27
208,2080,742.2556,-5.136996E-05,0.4930601,-0.3656133,0.3620041,-0.6177616,0.8940201,-0.5023613,-0.247726,-0.7384031,-0.5941281,-0.3783855,-0.7152954,-0.2389281,0.7164103,0.3621566,26,26,27,26,26,26,27,26,27,27,27,27,27,27,27,27
209,2090,742.7379,-0.1209827,-0.1232654,0.6093529,-0.3620041,0.7413131,-0.2554341,0.2511028,-0.7431773,0.1230664,-1.188256,-0.3783855,-0.5960802,0,0.2388037,0.3621566,26,26,27,26,26,26,27,26,27,27,27,27,27,27,27,27
210,2100,741.7729,0.2418113,0.2465301,0.2437408,0.8446763,-0.2471048,0.1277172,-0.6279392,-0.247726,-1.230671,0.1188251,-0.630643,0.2384313,-0.7167827,0.1194023,0.6035939,26,26,27,26,26,26,27,26,27,27,27,27,27,27,27,27
211,2110,742.8585,0.4836739,0.3697955,0.3656113,-0.120668,0.6177607,-0.1277172,0.502257,-0.247726,0.6153351,-0.7129533,0.3783855,-0.119216,0.2389265,0,0.6035939,26,26,27,26,26,26,27,26,27,27,27,27,27,27,27,27
212,2120,742.4966,0.7255301,0,0.2437408,0.3620041,0.4942088,0.8940201,-0.1256293,0.6193147,-0.6153359,0.2376511,-0.3783855,0,-1.55303,0.1194023,0.2414388,26,26,27,26,26,26,27,26,27,27,27,27,27,27,27,27
213,2130,742.4966,-0.1209827,0.1232654,-0.121872,0.3620105,-0.3706572,0.2554343,-0.1256293,-0.123863,0.8614694,-0.5941281,0.3783855,-1.072944,0.4778546,0.1194023,-0.1207178,26,26,27,26,26,26,27,26,27,27,27,27,27,27,27,27
214,2140,742.2554,0.7255301,0.4930601,0.1218696,0.1206745,-4.013278E-07,0.1277172,-0.1256293,0.3715886,-0.3692015,0.5941281,-0.8829,0.5960794,-1.55303,-0.597008,-0.1207178,26,26,27,26,26,26,27,26,27,27,27,27,27,27,27,27
215,2150,742.2554,-0.241914,0,-0.2437425,0.6033466,0.3706564,0.5108687,0.2511028,0.247726,0.6153351,0,0.504514,-0.8345115,0.4778546,-0.2388037,-0.2414372,26,26,27,26,26,26,27,26,27,27,27,27,27,27,27,27
216,2160,742.1348,-0.6047015,0.2465301,0.6093529,0.3620105,0.6177607,0.3831515,0.3767321,0.3715886,-0.123068,-0.2376511,-0.1261285,-0.119216,-0.5973187,-0.1194015,-0.362155,26,26,27,26,26,26,27,26,27,27,27,27,27,27,27,27
217,2170,741.7729,-0.6047015,0,0.1218696,0.1206745,-0.1235528,1.021737,0.1255771,0.4954517,0,-0.2376511,0.3783855,-0.119216,1.075173,-0.2388037,-0.6035923,26,26,27,26,26,26,27,26,27,27,27,27,27,27,27,27
218,2180,742.376,-0.3628389,-0.6163256,0.3656113,0.1206745,-0.1235528,0.3831515,0.3767321,0,0,0,0.252257,0.8345115,-0.2389281,0.1194023,-0.7243116,26,26,27,26,26,26,27,26,27,27,27,27,27,27,27,27
219,2190,741.8936,-0.9674954,-0.2465301,-0.9749674,-1.085993,-4.013278E-07,-0.5108685,-0.1255771,0.123863,0.2461336,0.4753022,0.1261285,0.5960794,-0.5973187,-0.3582052,-0.4828745,26,26,27,26,26,26,27,26,27,27,27,27,27,27,27,27
220,2200,741.4111,0.2418113,-0.3697955,-0.121872,-0.3619977,-0.1235528,0,-0.1255771,0.3715886,0.8614694,-0.4753022,0.3783855,0.1192152,0.3583906,0.5970089,0.8450311,26,26,27,26,26,26,27,26,27,27,27,27,27,27,27,27
221,2210,742.0142,-0.9674954,0.2465301,-0.8530965,-0.2413297,0.123552,-0.1277172,-0.251155,-0.123863,0,0.3564771,0.3783855,0.8345115,0.2389265,-0.2388037,-0.4828745,26,26,27,26,26,26,27,26,27,27,27,27,27,27,27,27
222,2220,741.6523,-0.1209827,-1.23265,0.1218696,-0.7240018,-0.1235528,-0.5108685,-0.1255771,0,0.7384023,0.2376511,0.8828996,-0.119216,0,0.7164103,0.7243133,26,26,27,26,26,26,27,26,27,27,27,27,27,27,27,27
223,2230,742.6173,-0.3628389,-0.1232654,-0.4874841,0.4826786,-0.6177616,-0.1277172,-1.130196,-0.3715886,-0.7384031,-0.2376511,-0.252257,-0.119216,-0.1194641,-0.2388037,-0.6035923,26,26,27,26,26,26,27,26,27,27,27,27,27,27,27,27
224,2240,742.6173,0.4836739,-0.8628557,-8.026557E-07,-0.3619977,0.7413131,-0.5108685,-0.8790412,-0.247726,-0.3692015,-0.7129533,0,-0.4768642,0.1194641,0.5970089,0.4828761,26,26,27,26,26,26,27,26,27,27,27,27,27,27,27,27
225,2250,742.9792,-0.241914,0.2465301,-0.9749674,0.4826786,-1.235523,-0.5108685,-0.8790412,-0.123863,-0.6153359,-0.9506044,0,0.2384313,0,0.7164103,0,26,26,27,26,26,26,27,26,27,27,27,27,27,27,27,27
226,2260,742.4968,0.2418113,-0.3697955,0.2437408,-0.3619977,0.247104,-0.89402,-0.251155,-0.3715886,-0.8614699,-0.4753022,-0.504514,-0.119216,-0.3583922,0.3582052,0.2414388,26,26,27,26,26,26,27,26,27,27,27,27,27,27,27,27
227,2270,741.7731,0.1208799,0.4930601,-8.026557E-07,0.2413425,-0.1235528,0.3831515,-0.5023091,-0.123863,-0.9845371,0.3564771,-0.504514,-0.4768642,-0.4778546,0.955214,0.7243133,26,26,27,26,26,26,27,26,27,27,27,27,27,27,27,27
228,2280,742.738,-5.136996E-05,0.2465301,0.3656113,-0.1206616,0.8648655,-0.6385856,-0.3767321,-0.3715886,0,-0.1188259,-0.630643,-0.3576481,-0.3583922,0.1194023,-0.2414372,26,26,27,26,26,26,27,26,27,27,27,27,27,27,27,27
229,2290,742.738,0.3627426,0,-0.121872,0.6033402,-0.8648661,0.3831515,-0.7534641,-0.123863,-0.6153359,-0.5941281,-0.504514,-0.3576481,-0.3583922,0.8358118,0,26,26,27,26,26,26,27,26,27,27,27,27,27,27,27,27
230,2300,742.4968,0.3627426,0.2465301,-8.026557E-07,0.3620041,0.9884171,-0.2554341,-0.5023091,-0.7431773,0.1230664,-0.7129533,-0.1261285,-0.3576481,-0.2389281,0.5970089,0.1207194,26,26,27,26,26,26,27,26,27,27,27,27,27,27,27,27
231,2310,742.6174,0.1208799,-0.1232654,0.3656113,1.20668,-0.4942096,0.6385858,-0.3767321,-0.123863,-1.107604,-0.2376511,-0.630643,-0.4768642,-0.8362468,0.3582052,-0.1207178,26,26,27,26,26,26,27,26,27,27,27,27,27,27,27,27
232,2320,742.9792,0.1208799,0,0.1218696,-0.2413361,0.4942083,0.1277172,0,-0.6193147,0.3692007,-1.06943,-0.252257,-0.4768642,-0.3583922,0.1194023,0.4828761,26,26,27,26,26,26,27,26,27,27,27,27,27,27,27,27
233,2330,742.6174,0.8464614,0.3697955,0.1218696,0.8446763,0.1235516,0.6385858,-0.8790412,-0.6193147,-1.72294,-0.7129533,-0.630643,-0.5960802,-0.4778546,0.2388037,0.6035939,26,26,27,26,26,26,27,26,27,27,27,27,27,27,27,27
234,2340,743.3411,-5.136996E-05,0.3697955,-8.026557E-07,-0.120668,0.6177603,-0.5108685,0.5023091,-0.123863,0.4922679,-0.3564771,-0.1261285,-0.8345115,-0.3583922,0.2388037,-0.1207178,26,26,27,26,26,26,27,26,27,27,27,27,27,27,27,27
235,2350,742.738,0.6045988,0.3697955,0.2437408,0.9653444,0.247104,0.3831515,-0.7534641,0.7431773,-0.9845371,0.3564771,0.1261285,-0.2384321,-0.7167827,0.1194023,0.4828761,26,26,27,26,26,26,27,26,27,27,27,27,27,27,27,27
236,2360,743.0999,-0.1209827,0,0.974965,0.3620041,0.7413127,0.1277172,0.2511542,-0.123863,0.3692007,-0.9506044,-0.3783855,-0.7152954,-0.1194641,0.1194023,0.4828761,26,26,27,26,26,26,27,26,27,27,27,27,27,27,27,27
237,2370,742.738,0.3627426,0,-0.4874841,0.7240083,-0.1235528,0.6385858,-0.7534641,0.247726,-0.8614699,-0.3564771,-0.3783855,-0.2384321,-0.5973187,0.3582052,0.3621566,26,26,27,26,26,26,27,26,27,27,27,27,27,27,27,27
238,2380,742.6174,0.1208799,0.7395902,0.2437408,0.2413361,0.370656,0.3831515,1.004619,0.3715886,0.6153351,-0.3564771,0,-0.119216,-0.4778546,0.2388037,-0.1207178,26,26,27,26,26,26,27,26,27,27,27,27,27,27,27,27
239,2390,741.7731,0.4836739,0.6163256,0.3656113,0.6033402,-0.7413141,0.3831515,-0.3767321,0,-0.3692015,0.1188251,0,-0.2384321,-1.075175,-0.2388037,0.3621566,26,26,27,26,26,26,27,26,27,27,27,27,27,27,27,27
240,2400,742.4968,0.2418113,0.6163256,0.2437408,0.4826722,0.247104,-0.3831513,0,-0.123863,0.6153351,-0.3564771,-0.1261285,-0.5960802,0.5973187,0.2388037,0.2414388,26,26,27,26,26,26,27,26,27,27,27,27,27,27,27,27
241,2410,742.3762,0.6045988,0.2465301,0.6093529,0.7240083,-8.026557E-07,0.1277172,-0.1255771,0.247726,-0.6153359,0,-0.3783855,0,-0.8362468,-0.1194015,0.1207194,26,26,27,26,26,26,27,26,27,27,27,27,27,27,27,27
242,2420,742.2556,-0.241914,0.1232654,-8.026557E-07,0.6033402,0.1235516,0.5108687,0.1255771,-0.3715886,0.3692007,-0.5941281,0.252257,-0.7152954,-0.1194641,-0.3582052,-0.4828745,26,26,27,26,26,26,27,26,27,27,27,27,27,27,27,27
243,2430,742.1349,0.1208799,-0.1232654,-8.026557E-07,0.4826722,-8.026557E-07,0.3831515,-0.3767321,0.123863,-1.353738,0.2376511,-0.1261285,0.2384313,-1.314101,-0.1194015,0.1207194,26,26,27,26,26,26,27,26,27,27,27,27,27,27,27,27
244,2440,742.6174,-0.1209827,0.1232654,-0.3656133,0,-0.1235528,0.1277172,0.1255771,-0.123863,0.3692007,0.1188251,1.009029,-0.5960802,0,-0.2388037,-0.6035923,26,26,27,26,26,26,27,26,27,27,27,27,27,27,27,27
245,2450,742.3762,-5.136996E-05,0,0.4874825,0.2413361,0.6177603,-0.1277172,0.1255771,-0.247726,-0.4922687,0,-0.3783855,0.2384313,-0.9557109,-0.3582052,-0.2414372,26,26,27,26,26,26,27,26,27,27,27,27,27,27,27,27
246,2460,741.5319,-0.3628389,0,-0.4874841,0.3620041,-0.2471052,0.2554343,0.5023091,-0.123863,0.2461336,-0.5941281,0.3783855,-0.119216,0.7167827,-0.597008,-0.7243116,26,26,27,26,26,26,27,26,27,27,27,27,27,27,27,27
247,2470,741.8937,-5.136996E-05,0,-8.026557E-07,0.4826722,0.1235516,0,0.1255771,-0.123863,0.1230664,0.3564771,0.252257,-0.119216,0,0.8358118,-0.7243116,26,26,27,26,26,26,27,26,27,27,27,27,27,27,27,27
248,2480,742.0143,-0.4837702,-0.2465301,-8.026557E-07,-0.120668,-8.026557E-07,0.3831515,0.1255249,0.8670407,0.1230664,0.5941281,-0.252257,-0.119216,0.1194641,-0.2388037,-0.9657489,26,26,27,26,26,26,27,26,27,27,27,27,27,27,27,27
249,2490,741.7731,0.2418113,-0.7395902,-8.026557E-07,-0.2413361,0.370656,0,-5.217262E-05,0,0.1230664,0.4753022,0.3783855,-0.119216,-0.1194641,0.2388037,-0.2414372,26,26,27,26,26,26,27,26,27,27,27,27,27,27,27,27
250,2500,742.4968,-0.1209827,0.3697955,-0.2437425,0.2413361,-0.8648663,0,0.1255249,0.4954517,-0.2461344,0.2376511,0,-0.119216,0.3583906,0.1194023,-1.086467,26,26,27,26,26,26,27,26,27,27,27,27,27,27,27,27
251,2510,741.7731,-0.3628389,-1.23265,-8.026557E-07,-0.3620041,-0.1235528,-0.3831513,0.3766799,0.247726,0.6153351,0.7129533,0.504514,-0.119216,-0.3583922,0.2388037,0.3621566,26,26,27,26,26,26,27,26,27,27,27,27,27,27,27,27
252,2520,742.0143,-0.4837702,-0.2465301,-0.4874841,-0.120668,-0.2471052,-0.3831513,-0.2512071,-0.247726,0,0.1188251,0,0.3576473,0.5973187,0,-0.362155,26,26,27,26,26,26,27,26,27,27,27,27,27,27,27,27
253,2530,741.8937,0.4836739,-1.109386,-0.6093549,-0.2413361,-8.026557E-07,-0.1277172,-0.5023613,0.123863,0.1230664,0.4753022,0.1261285,-0.2384321,0.1194641,-0.1194015,0.6035939,26,26,27,26,26,26,27,26,27,27,27,27,27,27,27,27
254,2540,742.738,-0.241914,-0.2465301,-0.4874841,0.4826722,-0.8648663,0.1277172,-0.6279392,-0.247726,-0.6153359,0.5941281,-0.1261285,0.1192152,-0.3583922,0.1194023,-0.362155,26,26,27,26,26,26,27,26,27,27,27,27,27,27,27,27
255,2550,742.0143,-0.241914,-0.8628557,-8.026557E-07,-0.120668,0.1235516,0,-5.217262E-05,0.123863,0.1230664,0.3564771,0,0.1192152,0.1194641,0.2388037,0.9657505,26,26,27,26,26,26,27,26,27,27,27,27,27,27,27,27
256,2560,742.1349,-0.8465642,0,-0.3656133,0.3620041,-0.1235528,0.1277172,-0.3767842,0,-0.4922687,0.4753022,0.3783855,0.3576473,0,0.3582052,0,26,26,27,26,26,26,27,26,27,27,27,27,27,27,27,27
257,2570,742.3762,0.1208799,-0.7395902,0.1218696,-0.6033402,-8.026557E-07,-0.3831513,-0.6279392,-0.123863,-0.3692015,-0.8317792,0.7567711,-0.119216,0.2389265,0.2388037,0.2414388,26,26,27,26,26,26,27,26,27,27,27,27,27,27,27,27
258,2580,742.9792,0,-0.2465301,-0.3656133,0.3620041,-0.9884187,-0.3831513,-0.8790934,-0.3715886,-0.7384031,0.4753022,0.252257,0.5960794,-0.3583922,0.3582052,-0.1207178,26,26,27,26,26,26,27,26,27,27,27,27,27,27,27,27
259,2590,742.4968,0.2418626,-0.7395902,0.6093529,-0.4826722,-0.1235528,-0.7663028,-0.6279392,-0.4954517,0.2461336,-0.1188259,0,0.1192152,0.1194641,0.5970089,0.7243133,26,26,27,26,26,26,27,26,27,27,27,27,27,27,27,27
260,2600,742.3762,-0.2418626,-0.1232654,-0.2437416,0.3620041,-0.6177619,-0.3831513,-0.8790934,-0.123863,-0.8614699,-0.3564771,0.252257,0.1192152,-0.1194641,-0.2388037,-0.6035923,26,26,27,26,26,26,27,26,27,27,27,27,27,27,27,27
261,2610,742.4968,0.4837252,-0.4930601,0.4874833,-0.2413361,0.4942083,-0.6385856,0.1255249,-0.247726,-0.3692015,-0.3564771,0.3783855,-0.119216,-0.2389281,0.2388037,0.1207194,26,26,27,26,26,26,27,26,27,27,27,27,27,27,27,27
262,2620,742.8586,-0.2418626,0.2465301,-0.2437416,0.6033402,-0.9884187,0.1277172,-0.8790934,-0.8670403,-0.3692015,-0.3564771,-0.7567714,0,-0.2389281,0.4776066,-0.7243116,26,26,27,26,26,26,27,26,27,27,27,27,27,27,27,27
263,2630,742.8586,0.1209313,-0.4930601,0.3656121,-0.2413361,0.4942083,-0.7663028,-0.2512071,-0.8670403,-0.2461344,-0.7129533,-0.252257,-0.119216,-0.3583922,0.3582052,0.3621566,26,26,27,26,26,26,27,26,27,27,27,27,27,27,27,27
264,2640,742.738,-0.1209313,-0.2465301,0.2437416,0.7240083,-0.2471052,0.5108687,-0.5023613,-0.247726,-0.7384031,0,-0.1261285,-0.5960802,-0.4778546,0.7164103,0.4828761,26,26,27,26,26,26,27,26,27,27,27,27,27,27,27,27
265,2650,743.0999,0.6046501,-0.8628557,0.8530954,-0.7240083,0.4942083,-0.5108685,0.2511028,-0.123863,-0.2461344,-0.3564771,-0.504514,-0.2384321,0.1194641,0.3582052,-0.1207178,26,26,27,26,26,26,27,26,27,27,27,27,27,27,27,27
266,2660,742.3762,0.362794,0.3697955,-0.1218712,0.9653444,-1.111971,0.5108687,-0.5023613,-0.123863,-1.107604,0.3564771,-0.3783855,-0.4768642,-1.194637,0.5970089,0.2414388,26,26,27,26,26,26,27,26,27,27,27,27,27,27,27,27
267,2670,742.4968,0.2418626,-0.4930601,0.4874833,-0.3620041,0.6177603,-0.3831513,0.2511028,-0.123863,0.4922679,-0.5941281,-0.3783855,-0.8345115,0.3583906,0.4776066,0,26,26,27,26,26,26,27,26,27,27,27,27,27,27,27,27
268,2680,742.9792,0,0.8628557,-0.2437416,0.9653444,-0.2471052,0.3831515,-0.7535163,-0.247726,-0.6153359,-0.2376511,-0.3783855,-0.3576481,-0.5973187,0.7164103,0.2414388,26,26,27,26,26,26,27,26,27,27,27,27,27,27,27,27
269,2690,742.8586,0.1209313,0.2465301,0,0.8446763,-0.1235528,-0.5108685,-5.217262E-05,-0.123863,0.3692007,-0.4753022,0.252257,-0.2384321,-0.8362468,0.2388037,0.1207194,26,26,27,26,26,26,27,26,27,27,27,27,27,27,27,27
270,2700,742.3762,0.7255815,0.4930601,-0.1218712,1.086012,0.1235516,0.3831515,-0.6279392,0.123863,-0.6153359,-0.7129533,-0.252257,-0.8345115,-1.075175,1.074615,0.1207194,26,26,27,26,26,26,27,26,27,27,27,27,27,27,27,27
271,2710,743.0999,0.4837252,0.1232654,0.6093537,0.120668,0.7413127,-0.1277172,0.502257,-0.9909033,-0.2461344,-0.7129533,0.1261285,-0.5960802,-0.1194641,0.2388037,0.3621566,26,26,27,26,26,26,27,26,27,27,27,27,27,27,27,27
272,2720,742.738,0.1209313,0.3697955,0.731225,0.4826722,-0.2471052,0.2554343,-0.3767842,0,-0.6153359,-0.1188259,-0.1261285,-0.7152954,-1.075175,0.1194023,-0.1207178,26,26,27,26,26,26,27,26,27,27,27,27,27,27,27,27
273,2730,743.3409,-0.1209313,0.1232654,0.1218704,0.4826722,0.4942083,-0.3831513,-5.217262E-05,-0.123863,0.1230664,-0.8317792,-0.1261285,-0.8345115,-0.3583922,0.1194023,-0.362155,26,26,27,26,26,26,27,26,27,27,27,27,27,27,27,27
274,2740,742.8585,0.2418113,0.4930601,0,0.7240083,-0.1235528,0.2554343,-0.2512071,-0.123863,-0.8614699,0.1188251,-0.7567714,0,-1.55303,-0.1194015,0.4828761,26,26,27,26,26,26,27,26,27,27,27,27,27,27,27,27
275,2750,742.8585,0.1208799,-0.1232654,0.1218704,0,0.1235516,0,0.6278341,-0.123863,0.3692007,-0.4753022,-0.1261285,-0.8345115,-0.3583922,0,0.1207194,26,26,27,26,26,26,27,26,27,27,27,27,27,27,27,27
276,2760,742.4966,-5.136996E-05,0.3697955,0.4874833,0.4826722,0.247104,0.6385858,0.2511028,-0.123863,-0.3692015,0.2376511,0,-0.3576481,-1.55303,-0.4776066,-0.2414372,26,26,27,26,26,26,27,26,27,27,27,27,27,27,27,27
277,2770,742.4966,-5.136996E-05,0.8628557,-0.2437416,0.6033466,0.4942083,0.3831515,-0.3767842,0.123863,0.6153351,0,0.504514,0,0.2389265,-0.2388037,0,26,26,27,26,26,26,27,26,27,27,27,27,27,27,27,27
278,2780,742.1348,0.6045988,-0.2465301,0.4874833,0.7240147,0.8648651,0.3831515,0.1255249,0.3715886,-0.123068,-0.1188259,-0.252257,0.1192152,-0.5973187,-0.2388037,0.3621566,26,26,27,26,26,26,27,26,27,27,27,27,27,27,27,27
279,2790,742.376,0.3627426,0.4930601,-0.2437416,6.421245E-06,0.247104,0.3831515,0.1255249,-0.123863,0.2461336,-0.3564771,0.3783855,-0.4768642,0.4778546,-0.2388037,-0.2414372,26,26,27,26,26,26,27,26,27,27,27,27,27,27,27,27
280,2800,742.2554,-0.6047015,-0.1232654,-0.3656125,-0.2413297,0.4942083,0.1277172,0.2511542,0.247726,0.3692007,0.9506044,0.504514,0.5960794,-0.4778546,0.3582052,-0.2414372,26,26,27,26,26,26,27,26,27,27,27,27,27,27,27,27
281,2810,741.8936,-0.241914,-0.3697955,0,0.2413425,-8.026557E-07,0.6385858,0.6278862,0.247726,0.3692007,0.5941281,0.3783855,-0.3576481,0.4778546,0,-1.086467,26,26,27,26,26,26,27,26,27,27,27,27,27,27,27,27
282,2820,742.2554,-0.7256328,-0.7395902,0,0.2413425,0.7413127,0,0.1255771,0.247726,0,-0.4753022,0.1261285,0.1192152,-0.5973187,-0.597008,0.1207194,26,26,27,26,26,26,27,26,27,27,27,27,27,27,27,27
283,2830,742.7379,-0.3628389,-0.4930601,-0.2437416,0.4826786,-0.2471052,0.6385858,0.3767321,-0.3715886,0,0,-0.1261285,0.1192152,0.4778546,-0.3582052,-0.4828745,26,26,27,26,26,26,27,26,27,27,27,27,27,27,27,27
284,2840,741.6523,0.2418113,-1.602446,-0.2437416,-0.1206616,0.1235516,-0.6385856,0.5023091,-0.123863,0.1230664,0.2376511,0.252257,-0.119216,-0.3583922,0,0.2414388,26,26,27,26,26,26,27,26,27,27,27,27,27,27,27,27
285,2850,742.4966,-0.6047015,-0.2465301,-0.2437416,-0.2413297,-0.1235528,-0.5108685,-0.5023091,0.4954517,-0.3692015,0.3564771,0.3783855,0.5960794,0.2389265,-0.7164099,-0.2414372,26,26,27,26,26,26,27,26,27,27,27,27,27,27,27,27
286,2860,742.0142,-0.7256328,-1.355916,-0.4874833,-0.3619977,-0.1235528,-0.1277172,0.1255771,0.123863,0.7384023,0.3564771,0.504514,0,0.2389265,0.3582052,0.2414388,26,26,27,26,26,26,27,26,27,27,27,27,27,27,27,27
287,2870,743.2203,-0.7256328,0.2465301,-0.1218712,-0.3619977,-0.4942096,-0.3831513,-0.5023091,-0.123863,-0.7384031,0.7129533,0.1261285,-0.2384321,0.2389265,-0.3582052,-0.7243116,26,26,27,26,26,26,27,26,27,27,27,27,27,27,27,27
288,2880,742.4966,-0.1209827,-0.8628557,-0.3656125,-0.3619977,-0.2471052,0.2554343,-0.3767321,0.3715886,0,0.7129533,1.135157,0.4768634,0.5973187,-0.1194015,0.1207194,26,26,27,26,26,26,27,26,27,27,27,27,27,27,27,27
289,2890,742.6174,-0.1209827,0.1232654,-0.2437416,0.1206745,-0.7413141,-0.3831513,-0.251155,-0.4954517,-0.2461344,0,0.504514,0.2384313,-0.1194641,0.3582052,-0.362155,26,26,27,26,26,26,27,26,27,27,27,27,27,27,27,27
290,2900,741.5319,0.4836739,-0.6163256,0,-0.8446699,0.370656,-0.6385856,-0.8790412,0,0,0.4753022,0.7567711,0.1192152,0.9557093,0,0.6035939,26,26,27,26,26,26,27,26,27,27,27,27,27,27,27,27
291,2910,742.738,-5.136996E-05,0.2465301,-0.6093541,0.8446828,-0.9884187,0,-0.7534641,-0.6193147,-0.7384031,-0.2376511,0.1261285,0.1192152,0.1194641,0.7164103,-0.6035923,26,26,27,26,26,26,27,26,27,27,27,27,27,27,27,27
292,2920,741.7731,0.2418113,-0.6163256,0.6093529,-0.8446699,0.247104,-1.021737,-0.5023091,-0.247726,-0.3692015,-0.2376511,-0.1261285,0,0.8362468,0.5970089,0.4828761,26,26,27,26,26,26,27,26,27,27,27,27,27,27,27,27
293,2930,742.9792,-0.1209827,0.3697955,-0.3656133,0.4826722,-0.9884187,0.3831515,-1.255773,-0.247726,-0.9845371,-0.3564771,0.252257,0.2384313,-0.4778546,0.5970089,-0.362155,26,26,27,26,26,26,27,26,27,27,27,27,27,27,27,27
294,2940,742.738,-0.1209827,-0.6163256,0.6093529,-0.120668,0.1235516,-1.149454,0.1255771,-0.123863,-0.3692015,-0.3564771,-0.1261285,-0.119216,-0.2389281,0.1194023,0.4828761,26,26,27,26,26,26,27,26,27,27,27,27,27,27,27,27
295,2950,742.9792,0.1208799,0.4930601,0.2437408,0.120668,-0.6177619,0.2554343,-0.251155,-0.123863,-0.9845371,-0.1188259,-0.1261285,-0.119216,-0.8362468,0.3582052,0.7243133,26,26,27,26,26,26,27,26,27,27,27,27,27,27,27,27
296,2960,743.3411,0.3627426,-0.1232654,0.6093529,-0.120668,0.7413127,-0.2554341,0.1255771,-0.247726,-0.123068,-0.9506044,-0.1261285,-0.9537275,-0.9557109,0.8358118,0.4828761,26,26,27,26,26,26,27,26,27,27,27,27,27,27,27,27
297,2970,742.738,0.7255301,0.4930601,-8.026557E-07,1.086012,-8.026557E-07,0.6385858,-0.8790412,0.123863,-0.8614699,-0.2376511,-0.252257,-1.072944,-0.8362468,0.955214,0.4828761,26,26,27,26,26,26,27,26,27,27,27,27,27,27,27,27
298,2980,742.9792,-0.241914,0.1232654,-8.026557E-07,-0.2413361,1.111969,-0.3831513,-0.251155,-0.3715886,0.3692007,-0.5941281,-0.504514,-0.8345115,-0.2389281,0.2388037,-0.1207178,26,26,27,26,26,26,27,26,27,27,27,27,27,27,27,27
299,2990,742.6174,0.8464614,0.2465301,0.7312241,0.3620041,-0.2471052,0.1277172,-0.1255771,0,-0.7384031,0,0,-0.7152954,-0.9557109,0.1194023,0.3621566,26,26,27,26,26,26,27,26,27,27,27,27,27,27,27,27
300,3000,742.3762,-5.136996E-05,0,0.1218696,0.120668,0.4942083,0.3831515,0.6278862,-0.123863,0.3692007,-0.5941281,0.1261285,-0.5960802,0.1194641,-0.3582052,-0.362155,26,26,27,26,26,26,27,26,27,27,27,27,27,27,27,27
301,3010,742.738,0.7255301,-0.2465301,0.3656113,0.3620041,-0.1235528,-0.3831513,0.1255771,0.247726,-0.8614699,0.2376511,-0.3783855,0,-1.194637,0.3582052,0.4828761,26,26,27,26,26,26,27,26,27,27,27,27,27,27,27,27
302,3020,742.738,0.1208799,-0.2465301,0.3656113,0.2413361,-0.2471052,0.8940201,0,-0.247726,0,-0.8317792,0.252257,-0.9537275,-0.1194641,-0.2388037,-0.2414372,26,26,27,26,26,26,27,26,27,27,27,27,27,27,27,27
303,3030,742.6174,0.1208799,-0.6163256,0.4874825,0.8446763,0.370656,0.2554343,0.7534641,0.3715886,-0.8614699,0.5941281,-0.1261285,-0.119216,-0.7167827,-0.8358118,-0.2414372,26,26,27,26,26,26,27,26,27,27,27,27,27,27,27,27
304,3040,741.8937,-0.241914,0.2465301,-0.121872,0.3620041,0.247104,0.5108687,0.3767321,0.3715886,0.3692007,-0.2376511,0.630643,-0.3576481,0.7167827,-0.2388037,-0.1207178,26,26,27,26,26,26,27,26,27,27,27,27,27,27,27,27
305,3050,742.3762,0.6045988,0.1232654,-0.2437425,0,0.247104,0.2554343,0.3767321,0.4954517,-0.3692015,0.3564771,0,0.2384313,-0.7167827,0.1194023,-0.2414372,26,26,27,26,26,26,27,26,27,27,27,27,27,27,27,27
306,3060,742.0143,-0.3627875,-0.6163256,-0.4874841,-0.120668,0.4942083,0.2554343,-0.251155,0.123863,-0.123068,0.3564771,0.630643,0,0.2389265,-0.3582052,-0.1207178,26,26,27,26,26,26,27,26,27,27,27,27,27,27,27,27
307,3070,742.4968,-0.2418626,-0.1232654,-0.121872,-0.120668,-0.2471052,0.1277172,0.5023091,0.4954517,0.6153351,0.7129533,-0.504514,0.3576473,-0.4778546,-0.1194015,-0.2414372,26,26,27,26,26,26,27,26,27,27,27,27,27,27,27,27
308,3080,741.6525,-0.4837188,-0.1232654,-0.6093541,0.120668,-0.2471052,0.2554343,0.2511542,0.3715886,0,0.2376511,0.252257,-0.5960802,0.9557093,-0.4776066,-0.9657489,26,26,27,26,26,26,27,26,27,27,27,27,27,27,27,27
309,3090,741.4113,-0.1209313,-0.4930601,0.1218704,0.6033402,0.7413127,0,0.3767321,0.7431773,0.1230664,-0.1188259,0.630643,0.9537267,-0.2389281,0.1194023,0,26,26,27,26,26,26,27,26,27,27,27,27,27,27,27,27
310,3100,742.3762,-0.8465128,-0.8628557,-0.1218712,0.2413361,0.123552,0.3831515,-0.1255771,0,0.2461336,0.4753022,0.504514,-0.7152954,0,-0.2388037,-0.4828745,26,26,27,26,26,26,27,26,27,27,27,27,27,27,27,27
311,3110,742.0143,-0.2418626,-0.3697955,-0.731225,0.120668,-4.013278E-07,-0.2554341,0.1255771,0.247726,0.3692007,0.3564771,0.7567711,0.4768634,0.7167827,-0.1194015,-0.1207178,26,26,27,26,26,26,27,26,27,27,27,27,27,27,27,27
312,3120,742.3762,-0.3627875,-0.1232654,-0.731225,-0.6033402,0.247104,-0.3831513,-0.5023091,0.3715886,-0.6153359,0.4753022,-0.252257,0,0.2389265,-0.1194015,-1.086467,26,26,27,26,26,26,27,26,27,27,27,27,27,27,27,27
313,3130,742.3762,-0.2418626,-0.4930601,0.2437416,0.120668,0.123552,-0.3831513,-0.251155,0.247726,0.6153351,0,0,0.2384313,0.1194641,0.3582052,0.3621566,26,26,27,26,26,26,27,26,27,27,27,27,27,27,27,27
314,3140,743.0999,-0.8465128,0.1232654,-0.3656125,0.120668,-0.6177616,-0.6385856,-1.255773,-0.3715886,0,-0.3564771,-0.1261285,0.5960794,-0.5973187,0.3582052,-0.2414372,26,26,27,26,26,26,27,26,27,27,27,27,27,27,27,27
315,3150,742.9792,0.8465128,-0.4930601,0.8530954,-0.4826722,0.247104,-0.6385856,-0.1255771,-0.4954517,-0.2461344,-0.2376511,0.504514,0,0.2389265,0.4776066,0.2414388,26,26,27,26,26,26,27,26,27,27,27,27,27,27,27,27
316,3160,743.3411,-0.4837188,0.3697955,-0.1218712,0.2413361,-0.4942093,-0.1277172,-0.627887,-0.3715886,-0.3692015,-0.1188259,-0.1261285,0,-0.1194641,0,-0.362155,26,26,27,26,26,26,27,26,27,27,27,27,27,27,27,27
317,3170,742.0143,0.362794,-0.8628557,0.1218704,-0.7240083,0.123552,-0.6385856,-0.7534641,-0.3715886,-0.2461344,-0.2376511,0.3783855,-0.2384321,0.3583906,0.2388037,0.3621566,26,26,27,26,26,26,27,26,27,27,27,27,27,27,27,27
318,3180,742.6174,-0.6046501,0.6163256,-0.1218712,0.6033402,-0.3706572,0,-0.8790412,-0.4954517,-0.9845371,-0.2376511,-0.504514,-0.4768642,-0.1194641,0.5970089,-0.362155,26,26,27,26,26,26,27,26,27,27,27,27,27,27,27,27
319,3190,742.9792,0.4837252,-0.4930601,0.731225,0.3620041,0.6177607,-0.5108685,-0.1255771,-0.9909033,-0.4922687,-0.3564771,-0.7567714,-0.119216,0.1194641,0.2388037,0.6035939,26,26,27,26,26,26,27,26,27,27,27,27,27,27,27,27
320,3200,742.9792,-0.4837188,0.7395902,0,0.8446763,-0.6177616,0.2554343,-0.3767321,-0.123863,-1.107604,-0.3564771,-0.630643,-0.5960802,-0.2389281,0.3582052,0.4828761,26,26,27,26,26,26,27,26,27,27,27,27,27,27,27,27
321,3210,742.8585,0,-0.2465301,0,0.3620041,0.8648655,-0.3831513,0.2511542,-0.8670403,0.2461336,-0.4753022,-0.3783855,-0.4768642,0.1194641,0.7164103,-0.1207178,26,26,27,26,26,26,27,26,27,27,27,27,27,27,27,27
322,3220,742.8585,0.8465128,-0.1232654,0.1218704,0.7240083,-4.013278E-07,0.7663028,-0.5023091,0.4954517,-0.9845371,0.3564771,-0.504514,-0.9537275,-1.314101,0.1194023,1.086468,26,26,27,26,26,26,27,26,27,27,27,27,27,27,27,27
323,3230,742.7379,-0.1209313,0.3697955,-0.1218712,0.7240083,0.3706564,-0.3831513,0.5023091,0,0.4922679,-0.2376511,-0.1261285,-0.3576481,-0.1194641,0.1194023,-0.4828745,26,26,27,26,26,26,27,26,27,27,27,27,27,27,27,27
324,3240,742.4966,0.362794,-0.4930601,0.4874833,0.4826722,0.247104,-0.2554341,0,0.9909033,-0.6153359,0.3564771,-0.504514,0.1192152,-1.075175,-0.2388037,0.3621566,26,26,27,26,26,26,27,26,27,27,27,27,27,27,27,27
325,3250,742.6173,-0.2418626,0.3697955,0,0.7240083,0.7413131,0,0.1255771,-0.123863,0.1230664,-0.3564771,0.252257,-0.8345115,0,-0.1194015,-0.362155,26,26,27,26,26,26,27,26,27,27,27,27,27,27,27,27
326,3260,742.6173,-0.6046501,-0.6163256,0.9749658,0,0.7413127,-0.1277172,-0.251155,-0.123863,-0.123068,0.3564771,-0.1261285,0.2384313,-0.2389281,-0.2388037,-0.4828745,26,26,27,26,26,26,27,26,27,27,27,27,27,27,27,27
327,3270,741.8936,-0.4837188,0.2465301,0.3656121,0.3620041,-0.2471052,0.5108687,0,-0.123863,0,-0.1188259,0.252257,-0.4768642,0.4778546,-0.4776066,-0.362155,26,26,27,26,26,26,27,26,27,27,27,27,27,27,27,27
328,3280,741.7729,-0.2418626,-0.3697955,0.2437416,0,0.9884171,0.1277172,0.502257,-0.123863,-0.123068,0.2376511,0.504514,0.4768634,-0.4778546,-0.597008,-0.2414372,26,26,27,26,26,26,27,26,27,27,27,27,27,27,27,27
329,3290,742.2554,-0.6046501,0,-0.3656125,0.6033402,0.1235516,0.7663028,-5.217262E-05,0,0.2461336,0.3564771,0.504514,0.3576473,0.7167827,0.1194023,-0.6035923,26,26,27,26,26,26,27,26,27,27,27,27,27,27,27,27
330,3300,742.2554,-0.7255815,-0.2465301,-0.3656125,0.2413361,-8.026557E-07,0,-5.217262E-05,-0.123863,0.1230664,-0.2376511,0.7567711,0,-0.5973187,0,0.4828761,26,26,27,26,26,26,27,26,27,27,27,27,27,27,27,27
331,3310,741.8936,-0.3627875,-0.3697955,-0.6093541,0,-0.1235528,0.3831515,-5.217262E-05,0.4954517,-0.3692015,0,0.252257,0.5960794,0.4778546,0,-1.086467,26,26,27,26,26,26,27,26,27,27,27,27,27,27,27,27
332,3320,741.6523,-0.6046501,-0.8628557,-0.6093541,0.120668,0.370656,0.2554343,0.3766799,-0.3715886,0.3692007,0.3564771,1.009029,-0.2384321,-0.3583922,0.5970089,0.2414388,26,26,27,26,26,26,27,26,27,27,27,27,27,27,27,27
333,3330,742.7379,-0.2418626,-0.3697955,-0.4874833,-0.2413361,-0.2471052,-0.5108685,-0.2512071,0.123863,-0.123068,0.3564771,0.3783855,0.2384313,-0.1194641,-0.2388037,-0.8450295,26,26,27,26,26,26,27,26,27,27,27,27,27,27,27,27
334,3340,742.1348,0.1209313,0,-0.2437416,-0.7240083,0.247104,-1.021737,-0.5023613,0.4954517,0.2461336,-0.1188259,0.3783855,0.1192152,0.7167827,0.8358118,0.3621566,26,26,27,26,26,26,27,26,27,27,27,27,27,27,27,27
335,3350,743.0997,-0.2418626,0.7395902,-0.731225,0.3620041,-0.8648663,-1.021737,-0.2512071,-0.7431773,-0.6153359,-0.1188259,0.252257,0.4768634,0.5973187,0.1194023,-0.7243116,26,26,27,26,26,26,27,26,27,27,27,27,27,27,27,27
336,3360,742.7379,0.1209313,-0.9861203,0.1218704,-0.6033402,-0.2471052,-0.5108685,-0.3767842,0,-0.123068,-0.2376511,0.252257,0.2384313,0.4778546,-0.1194015,0.8450311,26,26,27,26,26,26,27,26,27,27,27,27,27,27,27,27
337,3370,742.9792,0,0,-0.731225,0.9653444,-0.6177619,0,-0.2512071,-0.123863,-1.476805,-0.3564771,-0.3783855,0.1192152,-0.2389281,0.4776066,-0.362155,26,26,27,26,26,26,27,26,27,27,27,27,27,27,27,27
338,3380,742.9792,0.2418113,0.3697955,-0.1218712,0.120668,0.247104,-0.89402,-0.7535163,-0.6193147,-0.2461344,-0.4753022,-0.504514,-0.2384321,-0.3583922,0.2388037,0.4828761,26,26,27,26,26,26,27,26,27,27,27,27,27,27,27,27
339,3390,743.0999,-0.1209827,-0.1232654,-0.3656125,0.9653444,-0.1235528,0,-0.7535163,-0.247726,-1.353738,-0.4753022,-0.630643,-0.4768642,-0.3583922,0.4776066,0.3621566,26,26,27,26,26,26,27,26,27,27,27,27,27,27,27,27
340,3400,742.738,0.1208799,0.2465301,-0.2437425,-0.3620041,1.111969,0.5108687,-5.217262E-05,-0.4954517,0.2461336,-0.2376511,0.252257,-0.7152954,-0.1194641,0.7164103,0,26,26,27,26,26,26,27,26,27,27,27,27,27,27,27,27
341,3410,742.8587,0.6045988,-0.3697955,0.2437408,0.9653444,-0.1235528,0.5108687,-0.3767842,-0.4954517,-0.8614699,-0.1188259,-0.8829,-0.3576481,-0.5973187,0.3582052,0.4828761,26,26,27,26,26,26,27,26,27,27,27,27,27,27,27,27
342,3420,742.4968,-0.1209827,0.7395902,0.6093529,-0.2413361,0.370656,0.1277172,0.1255249,-0.247726,0.6153351,-0.4753022,0.3783855,-0.7152954,-0.1194641,0.1194023,0,26,26,27,26,26,26,27,26,27,27,27,27,27,27,27,27
343,3430,742.738,-5.136996E-05,0.1232654,-8.026557E-07,0.7240083,-0.3706574,0.7663028,-0.5023613,0.247726,-0.6153359,0.2376511,-0.252257,0,-1.194637,-0.2388037,0.2414388,26,26,27,26,26,26,27,26,27,27,27,27,27,27,27,27
344,3440,742.8587,-5.136996E-05,0.4930601,-8.026557E-07,1.20668,-0.4942096,0.1277172,-0.7535163,-0.123863,-0.4922687,-0.2376511,-0.504514,-0.3576481,0.1194641,0,0.3621566,26,26,27,26,26,26,27,26,27,27,27,27,27,27,27,27
345,3450,742.0143,-0.3628389,-0.2465301,0.3656113,0.120668,0.9884171,0,0.2511028,0.123863,-0.3692015,0.1188251,0.3783855,0,-0.1194641,-0.3582052,-0.4828745,26,26,27,26,26,26,27,26,27,27,27,27,27,27,27,27
346,3460,741.7731,-0.3628389,0,-0.7312257,0.3620041,0.1235516,0.6385858,-0.1256293,0.123863,-0.123068,-0.1188259,0.1261285,-0.5960802,0.8362468,-0.4776066,-0.8450295,26,26,27,26,26,26,27,26,27,27,27,27,27,27,27,27
347,3470,742.1349,-5.136996E-05,-0.6163256,-0.9749674,0.4826722,0.6177603,0,-0.1256293,0.7431773,0.4922679,0.3564771,0.1261285,0.4768634,-0.4778546,0.4776066,0.1207194,26,26,27,26,26,26,27,26,27,27,27,27,27,27,27,27
348,3480,742.8587,-0.8465642,-0.1232654,-0.4874841,0,0.247104,-0.2554341,-0.5023613,0.7431773,0.1230664,0.7129533,0.252257,0.4768634,-0.1194641,-0.9552136,-0.9657489,26,26,27,26,26,26,27,26,27,27,27,27,27,27,27,27
349,3490,741.6525,0.2418113,-1.109386,-0.2437425,-0.8446763,-0.3706574,-0.5108685,-0.6279392,-0.123863,-0.4922687,0.4753022,0.504514,0.1192152,0,-0.1194015,0.4828761,26,26,27,26,26,26,27,26,27,27,27,27,27,27,27,27
350,3500,742.8587,-0.4837702,0.2465301,-0.8530965,0,-1.111971,-0.1277172,-0.3767842,-0.3715886,-0.2461344,0.1188251,0.1261285,0.1192152,0.1194641,0,-0.362155,26,26,27,26,26,26,27,26,27,27,27,27,27,27,27,27
351,3510,742.738,-5.136996E-05,-0.7395902,0.2437408,-0.9653444,-0.2471052,-0.6385856,-0.8790934,-0.9909033,-0.3692015,-0.1188259,-0.252257,0,0.2389265,0.4776066,1.086468,26,26,27,26,26,26,27,26,27,27,27,27,27,27,27,27
352,3520,742.4968,-0.241914,0.3697955,-0.4874841,0.7240083,-0.9884187,0.5108687,-0.7535163,-0.123863,-1.230671,-0.7129533,-0.3783855,-0.2384321,-0.3583922,1.074615,0.3621566,26,26,27,26,26,26,27,26,27,27,27,27,27,27,27,27
353,3530,742.9792,-0.3628389,-0.1232654,0.3656113,-0.2413361,0.7413127,-0.3831513,0.1255249,-0.7431773,0.2461336,-0.5941281,-0.504514,-1.430591,-0.2389281,0.2388037,0.6035939,26,26,27,26,26,26,27,26,27,27,27,27,27,27,27,27
354,3540,742.9792,0.8464614,-0.1232654,0.3656113,0.9653444,-8.026557E-07,0.3831515,-1.004671,0,-1.353738,-0.4753022,-0.504514,-0.7152954,-0.8362468,0.4776066,0.6035939,26,26,27,26,26,26,27,26,27,27,27,27,27,27,27,27
355,3550,743.0999,0.6045988,0.1232654,0.1218696,0.3620041,0.6177603,0,0.3766799,-0.4954517,0.3692007,-0.1188259,0.252257,-0.4768642,-0.1194641,0.1194023,0.4828761,26,26,27,26,26,26,27,26,27,27,27,27,27,27,27,27
356,3560,742.738,0.8464614,0,0.7312241,0.4826722,0.370656,0.3831515,-0.1256293,0,-0.6153359,0.2376511,-0.252257,0.2384313,-0.8362468,-0.4776066,0,26,26,27,26,26,26,27,26,27,27,27,27,27,27,27,27
357,3570,742.8586,0.1208799,0.8628557,-0.2437425,0.7240083,0.247104,0.1277172,0.1255249,0,0.9845359,-0.3564771,0.252257,-0.7152954,0.3583906,-0.1194015,0,26,26,27,26,26,26,27,26,27,27,27,27,27,27,27,27
358,3580,742.8586,0.3627426,0,0.7312241,0.120668,0.123552,0,-0.2512071,-0.123863,-0.2461344,0.4753022,-0.1261285,0.5960794,-0.9557109,-0.1194015,0.1207194,26,26,27,26,26,26,27,26,27,27,27,27,27,27,27,27
359,3590,742.3762,0.3627426,0.6163256,0.3656113,0.3620041,0.123552,0.5108687,-0.1256293,-0.123863,0.4922679,0,1.009029,-0.7152954,0.4778546,-0.597008,-0.1207178,26,26,27,26,26,26,27,26,27,27,27,27,27,27,27,27
360,3600,741.8937,-0.1209827,-0.3697955,-0.121872,0.3620041,0.3706564,-0.3831513,0.6278862,0.123863,0.1230664,0.1188251,0.252257,0.3576473,-0.4778546,0.5970089,0,26,26,27,26,26,26,27,26,27,27,27,27,27,27,27,27
361,3610,742.1349,-0.3628389,-0.1232654,-0.3656133,0.3620041,0.247104,-0.1277172,0.6278862,0.6193147,-0.123068,0.7129533,0.3783855,0.2384313,0,-0.597008,-0.6035923,26,26,27,26,26,26,27,26,27,27,27,27,27,27,27,27
362,3620,742.3762,0.1208799,-0.3697955,-0.4874841,-0.2413361,0.3706564,0,0.2511542,0.123863,0.6153351,0,0.630643,0.1192152,-0.2389281,0.7164103,0.4828761,26,26,27,26,26,26,27,26,27,27,27,27,27,27,27,27
363,3630,743.2205,-0.7256328,0.1232654,-0.4874841,0.120668,-0.3706572,-0.5108685,-0.3767321,-0.247726,-0.4922687,0.1188251,-0.7567714,0.3576473,0.2389265,0.2388037,-0.6035923,26,26,27,26,26,26,27,26,27,27,27,27,27,27,27,27
364,3640,741.8937,0.6045988,-0.7395902,0.3656113,-0.4826722,-0.2471048,-0.7663028,-1.255773,-0.123863,0,0,0,0.1192152,0.3583906,0.7164103,0.9657505,26,26,27,26,26,26,27,26,27,27,27,27,27,27,27,27
365,3650,743.2205,-0.9674954,0.2465301,-8.026557E-07,0,-0.7413139,-0.3831513,-0.7534641,-0.3715886,-0.8614699,-0.4753022,-0.1261285,-0.119216,0.1194641,0,-0.2414372,26,26,27,26,26,26,27,26,27,27,27,27,27,27,27,27
366,3660,741.8937,0.2418113,0,-8.026557E-07,-0.9653444,0.247104,-0.7663028,-0.7534641,-0.6193147,0,-0.3564771,0.504514,0,0.2389265,0.1194023,0,26,26,27,26,26,26,27,26,27,27,27,27,27,27,27,27
367,3670,742.6174,-0.6047015,0.2465301,-0.121872,0.4826722,-0.1235528,0.1277172,-0.627887,-0.123863,-0.8614699,-0.7129533,-0.504514,-0.119216,-0.4778546,0.4776066,0.1207194,26,26,27,26,26,26,27,26,27,27,27,27,27,27,27,27
368,3680,742.8586,0.4836739,0,0.1218696,-0.2413361,0.9884175,-0.5108685,0,-0.3715886,0,-1.188256,-0.1261285,-0.7152954,-0.3583922,0.5970089,0.2414388,26,26,27,26,26,26,27,26,27,27,27,27,27,27,27,27
369,3690,742.9792,0.4836739,0.4930601,-0.2437425,0.120668,-4.013278E-07,0.2554343,-1.004618,0.123863,-0.7384031,-0.2376511,-0.3783855,-0.4768642,-0.7167827,0,0.6035939,26,26,27,26,26,26,27,26,27,27,27,27,27,27,27,27
370,3700,743.0999,0.3627426,0.3697955,-0.2437425,-0.4826722,0.3706564,0.1277172,0.2511542,-0.6193147,0.7384023,-0.4753022,0,-1.072944,-0.2389281,0,-0.1207178,26,26,27,26,26,26,27,26,27,27,27,27,27,27,27,27
371,3710,742.9792,0.4836739,-0.4930601,0.7312241,0.6033402,0.123552,0,-0.7534641,0.3715886,-0.4922687,0.4753022,-0.252257,-0.2384321,-0.5973187,0.1194023,0.3621566,26,26,27,26,26,26,27,26,27,27,27,27,27,27,27,27
372,3720,742.4968,0.1208799,0.8628557,0.2437416,0.3620041,0.3706564,-0.2554341,-0.3767321,-0.4954517,0.7384023,-0.4753022,0.252257,-1.072944,0.1194641,0.3582052,0.3621566,26,26,27,26,26,26,27,26,27,27,27,27,27,27,27,27
373,3730,743.2205,0.6045988,0.1232654,0.4874833,0.6033402,-0.3706572,0.1277172,-0.627887,0,-0.8614699,-0.1188259,0,0,-0.8362468,0.4776066,0.2414388,26,26,27,26,26,26,27,26,27,27,27,27,27,27,27,27
374,3740,743.2205,-0.3628389,0,0.2437416,0,0.370656,-0.5108685,0.2511542,-0.247726,1.23067,-0.4753022,0.504514,-0.9537275,-0.3583922,0.3582052,-0.2414372,26,26,27,26,26,26,27,26,27,27,27,27,27,27,27,27
375,3750,742.6174,0.6045988,-0.4930601,0.6093537,0.4826722,-0.2471052,0.3831515,-0.7534641,0.123863,-0.6153359,0.2376511,-0.630643,0.2384313,-0.4778546,-0.1194015,-0.4828745,26,26,27,26,26,26,27,26,27,27,27,27,27,27,27,27
376,3760,743.0999,0.1208799,0.1232654,0.2437416,0.3620041,-0.3706574,-0.7663028,0.6278862,0.247726,0.9845359,-0.7129533,0.1261285,-0.5960802,0.2389265,0.2388037,-0.2414372,26,26,27,26,26,26,27,26,27,27,27,27,27,27,27,27
377,3770,743.2205,0.2418113,-0.1232654,-0.1218712,0.7240083,-8.026557E-07,0.2554343,-0.251155,0.247726,-1.107604,0.1188251,-0.3783855,-0.2384321,-1.075175,0.7164103,0.4828761,26,26,27,26,26,26,27,26,27,27,27,27,27,27,27,27
378,3780,742.738,0.4836739,0.2465301,-0.2437416,0.7240083,0.247104,0.1277172,0.6278862,-0.123863,0.4922679,-0.4753022,0.3783855,-0.7152954,0,0,-0.2414372,26,26,27,26,26,26,27,26,27,27,27,27,27,27,27,27
379,3790,742.6174,0.3627426,0.2465301,0,0.2413361,0.4942083,-0.1277172,0.1255771,-0.123863,0,0.7129533,-0.3783855,-0.2384321,-0.8362468,0.3582052,-0.1207178,26,26,27,26,26,26,27,26,27,27,27,27,27,27,27,27
380,3800,742.4968,-0.1209827,0.2465301,0.2437416,0.6033402,-8.026557E-07,0.2554343,-0.1255771,0.3715886,0.1230664,-0.3564771,0.630643,-0.4768642,0.7167827,0,-0.362155,26,26,27,26,26,26,27,26,27,27,27,27,27,27,27,27
381,3810,742.3762,0.7255301,0.1232654,0.4874833,0.6033402,0.7413127,0.2554343,0.3767321,0.6193147,0.2461336,0.4753022,-0.1261285,0.3576473,-0.9557109,-0.2388037,-0.1207178,26,26,27,26,26,26,27,26,27,27,27,27,27,27,27,27
382,3820,742.6174,0.1208799,-0.7395902,-0.2437416,0.9653444,-0.2471052,0.7663028,0.2511542,0.247726,0.8614694,-0.1188259,0.1261285,-0.5960802,0.3583906,-0.2388037,-0.7243116,26,26,27,26,26,26,27,26,27,27,27,27,27,27,27,27
383,3830,742.4968,-0.6047015,-0.7395902,0,0.120668,0.4942083,0.2554343,0,-0.247726,-0.3692015,0.5941281,0,0.2384313,-0.7167827,-0.3582052,-0.2414372,26,26,27,26,26,26,27,26,27,27,27,27,27,27,27,27
384,3840,741.8937,0.1208799,-0.3697955,-0.1218712,0,0.247104,1.021737,0,0.247726,0.6153351,0.2376511,0.3783855,-0.2384321,0.4778546,-0.4776066,-0.8450295,26,26,27,26,26,26,27,26,27,27,27,27,27,27,27,27
385,3850,742.0143,-0.1209827,0.3697955,0.3656121,0.2413361,0.247104,0,0.5023091,0.123863,0.6153351,0.3564771,0.3783855,0.2384313,-0.7167827,0,-0.2414372,26,26,27,26,26,26,27,26,27,27,27,27,27,27,27,27
386,3860,742.6174,-0.4837188,-0.4930601,-0.6093541,0.3620041,-8.026557E-07,0,-0.1255771,0.4954517,-0.8614699,-0.2376511,0,0.1192152,0.1194641,0,-1.086467,26,26,27,26,26,26,27,26,27,27,27,27,27,27,27,27
387,3870,741.6525,-0.6046501,-0.7395902,-0.1218712,-1.086012,-0.3706574,0,0.3767321,-0.123863,0.1230664,0.4753022,0.252257,-0.119216,-0.1194641,0.1194023,0.6035939,26,26,27,26,26,26,27,26,27,27,27,27,27,27,27,27
388,3880,742.1349,-0.8465128,-0.6163256,-0.2437416,-0.120668,0.247104,0.3831515,0.2511542,0,-0.123068,0.4753022,0.504514,0.3576473,0.3583906,-0.2388037,-0.1207178,26,26,27,26,26,26,27,26,27,27,27,27,27,27,27,27
389,3890,742.2556,-0.6046501,-0.9861203,-0.8530958,-0.2413361,0.1235516,-0.3831513,0.3767321,0.123863,0.2461336,0,1.009029,0.3576473,0.4778546,0.5970089,0,26,26,27,26,26,26,27,26,27,27,27,27,27,27,27,27
390,3900,742.738,-0.4837188,0.2465301,-0.6093541,0.2413361,-0.8648661,-0.6385856,-0.3767321,-0.6193147,-0.2461344,0.2376511,0.3783855,-0.4768642,-0.1194641,0.1194023,-0.362155,26,26,27,26,26,26,27,26,27,27,27,27,27,27,27,27
391,3910,741.7731,0.2418626,-0.7395902,-0.3656125,0,-4.013278E-07,-0.5108685,-0.5023091,-0.123863,-0.123068,-0.1188259,0,-0.3576481,0.3583906,0.7164103,0.6035939,26,26,27,26,26,26,27,26,27,27,27,27,27,27,27,27
392,3920,742.9792,-0.7255815,-0.2465301,-0.4874833,0,-0.6177616,-0.1277172,-0.8790934,-0.247726,-0.4922687,0,0.252257,0.2384313,-0.2389281,0.7164103,-0.1207178,26,26,27,26,26,26,27,26,27,27,27,27,27,27,27,27
393,3930,742.4968,0.1209313,-0.8628557,-0.1218712,0,0.247104,-0.7663028,-0.3767842,-0.123863,-0.4922687,-0.2376511,0,0,0,-0.1194015,0.6035939,26,26,27,26,26,26,27,26,27,27,27,27,27,27,27,27
394,3940,742.8587,-0.2418626,0.6163256,0.1218704,0.7240083,-0.6177616,0.5108687,-0.5023613,-0.123863,-0.9845371,-0.2376511,-0.3783855,-0.4768642,-0.7167827,0.4776066,0.6035939,26,26,27,26,26,26,27,26,27,27,27,27,27,27,27,27
395,3950,742.738,0.362794,-0.6163256,0.2437416,-0.2413361,0.7413131,-0.7663028,-0.1256293,-0.4954517,0.4922679,-0.3564771,-0.504514,-0.4768642,-0.4778546,0.2388037,0.6035939,26,26,27,26,26,26,27,26,27,27,27,27,27,27,27,27
396,3960,742.6174,0,0.3697955,-0.3656125,0.7240083,-0.2471048,0,-1.130248,-0.3715886,-1.230671,-0.5941281,-0.1261285,-0.7152954,-0.7167827,0.3582052,0.4828761,26,26,27,26,26,26,27,26,27,27,27,27,27,27,27,27
397,3970,743.4617,0,0.1232654,0,0,0.4942088,0,0.3766799,-0.247726,0.6153351,-1.06943,0.1261285,-1.19216,0.1194641,0,0,26,26,27,26,26,26,27,26,27,27,27,27,27,27,27,27
398,3980,742.8587,0.2418626,0,0.3656121,0.6033402,-0.4942093,0.3831515,-0.8790934,0.247726,-0.8614699,0.1188251,-0.3783855,-0.5960802,-0.7167827,0.1194023,-0.1207178,26,26,27,26,26,26,27,26,27,27,27,27,27,27,27,27
399,3990,743.2205,-0.1209313,0.1232654,0.6093537,0.3620041,0.8648655,-0.5108685,0.7534119,-0.247726,0.7384023,-0.9506044,0,-0.4768642,0.1194641,0.3582052,-0.4828745,26,26,27,26,26,26,27,26,27,27,27,27,27,27,27,27
400,4000,743.5823,0,-0.2465301,0.8530954,0.7240083,-4.013278E-07,0.8940201,-0.2512071,0.3715886,-0.7384031,0.4753022,-0.3783855,0,-1.433565,0.3582052,0.4828761,26,26,27,26,26,26,27,26,27,27,27,27,27,27,27,27
401,4010,742.738,-0.7255815,0.3697955,0,0.7240083,0.123552,0.3831515,0.2511028,0.247726,0.7384023,-0.8317792,-0.1261285,-0.2384321,-0.3583922,0.1194023,0,26,26,27,26,26,26,27,26,27,27,27,27,27,27,27,27
402,4020,742.738,-0.241914,0.2465301,0.3656121,0.120668,0.6177607,0,-5.217262E-05,0,-0.2461344,0.4753022,-0.3783855,0.3576473,-0.8362468,-0.3582052,0.3621566,26,26,27,26,26,26,27,26,27,27,27,27,27,27,27,27
403,4030,742.6174,-0.4837702,-0.1232654,-0.2437416,0.4826722,-0.2471048,0.6385858,0.1255249,-0.123863,0.6153351,-0.2376511,0.252257,-0.7152954,0.4778546,0,-0.6035923,26,26,27,26,26,26,27,26,27,27,27,27,27,27,27,27
404,4040,742.3762,-0.4837702,0.4930601,-0.1218712,0.2413361,0.4942088,0.5108687,0.3766799,0.7431773,0,0.4753022,-0.1261285,0.2384313,-0.5973187,0,0,26,26,27,26,26,26,27,26,27,27,27,27,27,27,27,27
405,4050,742.1349,-0.7256328,-0.3697955,-0.1218712,0.2413361,0.4942088,0.3831515,0.1255249,0.123863,0.3692007,0.3564771,0.1261285,-0.4768642,0.3583906,-0.3582052,-0.2414372,26,26,27,26,26,26,27,26,27,27,27,27,27,27,27,27
406,4060,742.4968,-0.3628389,-0.1232654,0.1218704,0.4826722,0.1235516,0.3831515,0.2511028,0.123863,0.1230664,0,0.3783855,0.1192152,0,0.2388037,-0.1207178,26,26,27,26,26,26,27,26,27,27,27,27,27,27,27,27
407,4070,742.6174,-0.241914,-0.2465301,-0.4874833,0.120668,-0.1235528,0.1277172,-0.2512071,0.3715886,-0.3692015,0.3564771,-0.1261285,-0.119216,0.4778546,-0.2388037,-0.7243116,26,26,27,26,26,26,27,26,27,27,27,27,27,27,27,27
408,4080,742.0143,0.1208799,-0.7395902,-0.1218712,-0.120668,-8.026557E-07,-0.1277172,0.3766799,-0.123863,0.7384023,-0.1188259,0.3783855,-0.2384321,-0.3583922,0.7164103,0.6035939,26,26,27,26,26,26,27,26,27,27,27,27,27,27,27,27
409,4090,742.2556,-0.8465642,-0.1232654,-0.6093541,-0.2413361,-8.026557E-07,-0.5108685,-0.5023613,0.247726,-0.123068,0.1188251,0.252257,0.2384313,0.5973187,-0.4776066,-0.6035923,26,26,27,26,26,26,27,26,27,27,27,27,27,27,27,27
410,4100,742.4968,-0.3628389,-1.109386,0.1218704,-0.4826722,-8.026557E-07,-0.1277172,-0.2512071,0.123863,0.3692007,-0.1188259,0.504514,0.5960794,0.7167827,0.1194023,0.6035939,26,26,27,26,26,26,27,26,27,27,27,27,27,27,27,27
411,4110,742.9792,-0.4837702,0,-0.6093541,-0.120668,-0.7413141,-0.2554341,-5.217262E-05,-0.123863,0,0.1188251,0.504514,0.5960794,0.3583906,-0.2388037,-1.086467,26,26,27,26,26,26,27,26,27,27,27,27,27,27,27,27
412,4120,741.7731,-5.136996E-05,-0.2465301,-0.4874833,0.120668,-0.2471052,-0.1277172,-0.6279392,0.123863,0.4922679,-0.3564771,0.7567711,0.3576473,0.1194641,0.1194023,0.3621566,26,26,27,26,26,26,27,26,27,27,27,27,27,27,27,27
413,4130,743.0999,-0.3628389,-0.1232654,-0.6093541,0.4826722,-0.9884187,-0.2554341,-0.6279392,-0.4954517,-0.4922687,-0.3564771,0.252257,0.2384313,0,-0.3582052,0,26,26,27,26,26,26,27,26,27,27,27,27,27,27,27,27
414,4140,742.9792,0.4836739,-0.4930601,1.096837,-0.120668,0.1235516,-0.2554341,-0.6279392,-0.123863,0,-0.4753022,0.252257,-0.3576481,0.4778546,-0.1194015,0.6035939,26,26,27,26,26,26,27,26,27,27,27,27,27,27,27,27
415,4150,743.3411,-0.8465642,0.3697955,-0.6093541,0.7240083,-0.6177619,-0.3831513,-0.6279392,-0.247726,-0.8614699,-0.4753022,-0.1261285,0.3576473,-0.2389281,0.1194023,-0.362155,26,26,27,26,26,26,27,26,27,27,27,27,27,27,27,27
416,4160,743.4617,0.6045988,-0.1232654,0.1218704,-0.6033402,0.7413127,-0.3831513,0.2511028,-0.9909033,0.3692007,-0.4753022,-0.504514,-0.4768642,-0.2389281,0.4776066,0.1207194,26,26,27,26,26,26,27,26,27,27,27,27,27,27,27,27
417,4170,742.8587,0.4836739,0.2465301,0.3656121,1.20668,-0.7413141,0.3831515,-0.6279392,0.123863,-1.107604,-0.4753022,0.1261285,-0.4768642,-0.7167827,0.4776066,0.3621566,26,26,27,26,26,26,27,26,27,27,27,27,27,27,27,27
418,4180,743.2205,-0.1209827,0,0.3656121,0.2413361,0.247104,0,0.6278341,-0.3715886,0.7384023,-1.06943,-0.7567714,-0.9537275,0,0.2388037,0.3621566,26,26,27,26,26,26,27,26,27,27,27,27,27,27,27,27
419,4190,743.0999,0.6045988,-0.1232654,0.4874833,0.6033402,-0.3706574,0.6385858,-5.217262E-05,0.4954517,-0.6153359,-0.2376511,-0.8829,-0.8345115,-0.7167827,0,0.2414388,26,26,27,26,26,26,27,26,27,27,27,27,27,27,27,27
420,4200,743.4617,0.4836739,0.9861203,0.1218696,0.6033402,0.4942083,0.3831515,0.3766799,-0.4954517,0.9845359,-0.4753022,0.630643,-0.7152954,-0.3583922,-0.1194015,-0.2414372,26,26,27,26,26,26,27,26,27,27,27,27,27,27,27,27
421,4210,743.2205,0.7255301,0.1232654,1.096836,0.7240083,0.370656,-0.1277172,0.2511028,0.9909033,-0.6153359,0.1188251,-0.252257,0.5960794,-0.3583922,-0.3582052,0.1207194,26,26,27,26,26,26,27,26,27,27,27,27,27,27,27,27
422,4220,743.0999,-0.1209827,0.4930601,-8.026557E-07,0.8446763,0.247104,0.5108687,0.3766799,-0.247726,-0.123068,-0.4753022,0.3783855,-1.311376,0.1194641,0,-0.2414372,26,26,27,26,26,26,27,26,27,27,27,27,27,27,27,27
423,4230,742.9792,0.4836739,0.3697955,0.8530946,0.120668,0.247104,0.3831515,0.1255249,0.3715886,-0.123068,0,-0.630643,0.1192152,-1.314101,-0.3582052,0.4828761,26,26,27,26,26,26,27,26,27,27,27,27,27,27,27,27
424,4240,742.9792,-0.4837702,0,-0.6093549,0.6033402,-0.2471052,1.149454,0.3767321,0.6193147,0.4922679,0,0.630643,-0.2384321,0.7167827,0,-0.4828745,26,26,27,26,26,26,27,26,27,27,27,27,27,27,27,27
425,4250,742.8587,-5.136996E-05,-0.2465301,0.2437408,0.2413361,0.4942083,0.2554343,0.2511542,0.3715886,0.1230664,0.5941281,0,0.3576473,-0.5973187,-0.3582052,-0.1207178,26,26,27,26,26,26,27,26,27,27,27,27,27,27,27,27
426,4260,742.2556,0.3627426,-0.3697955,-8.026557E-07,0.3620041,-8.026557E-07,0.7663028,0.6278862,0.247726,0.1230664,0.1188251,1.009029,0,0.5973187,-0.2388037,-0.362155,26,26,27,26,26,26,27,26,27,27,27,27,27,27,27,27
427,4270,742.2556,-5.136996E-05,0.1232654,0.3656113,0.2413361,0.6177603,0.7663028,0.5023091,0.247726,0.3692007,-0.1188259,-0.1261285,0.3576473,-0.4778546,0.4776066,-0.1207178,26,26,27,26,26,26,27,26,27,27,27,27,27,27,27,27
428,4280,743.0999,-0.9674954,-0.4930601,-0.2437425,-0.3620041,-0.4942096,-0.1277172,-0.5023091,0.247726,-0.123068,0.8317792,0.504514,0.7152954,0.2389265,0.2388037,-0.7243116,26,26,27,26,26,26,27,26,27,27,27,27,27,27,27,27
429,4290,741.8937,-5.136996E-05,-0.7395902,-0.3656133,-0.3620041,-0.1235528,0,-0.251155,0.3715886,0.8614694,-0.2376511,0.630643,0,-0.2389281,0.955214,0.2414388,26,26,27,26,26,26,27,26,27,27,27,27,27,27,27,27
430,4300,742.4968,-0.8465642,-0.6163256,-1.096838,-0.2413361,-0.1235528,-0.2554341,-0.251155,0,0.3692007,0.7129533,-0.252257,0.2384313,0,-0.1194015,-0.362155,26,26,27,26,26,26,27,26,27,27,27,27,27,27,27,27
431,4310,742.3762,0.2418113,-0.6163256,-0.3656133,-0.3620041,-8.026557E-07,0.3831515,-0.3767321,0.123863,0.4922679,0,0.3783855,0.4768634,0.2389265,0.1194023,0.1207194,26,26,27,26,26,26,27,26,27,27,27,27,27,27,27,27
432,4320,742.8587,-0.7256328,-0.2465301,-0.9749674,0.120668,-0.7413141,-1.021737,-0.7534641,-0.3715886,-0.2461344,-0.2376511,0.252257,0.4768634,-0.5973187,0.2388037,-0.2414372,26,26,27,26,26,26,27,26,27,27,27,27,27,27,27,27
433,4330,742.1349,-5.136996E-05,-1.23265,-8.026557E-07,0.2413361,-0.2471052,-0.6385856,-1.004618,-0.123863,0.2461336,-0.1188259,0,-0.4768642,0.4778546,0.7164103,0.7243133,26,26,27,26,26,26,27,26,27,27,27,27,27,27,27,27
434,4340,743.4617,-0.3627875,-0.1232654,-1.096838,0.120668,-0.2471052,-0.1277172,-0.3767321,0.123863,-0.6153359,-0.4753022,0.252257,0.1192152,0.2389265,-0.4776066,-0.7243116,26,26,27,26,26,26,27,26,27,27,27,27,27,27,27,27
435,4350,742.3762,0.2418626,-0.4930601,0.3656113,-1.086012,-0.2471052,-0.6385856,-0.627887,-0.4954517,-0.4922687,0.1188251,0.1261285,-0.2384321,1.075173,0.5970089,0.7243133,26,26,27,26,26,26,27,26,27,27,27,27,27,27,27,27
436,4360,743.3411,0,0.4930601,-0.1218712,0.8446763,-0.9884187,0.1277172,-0.251155,-0.123863,-1.107604,-0.4753022,0.1261285,-0.3576481,-0.2389281,-0.2388037,0.1207194,26,26,27,26,26,26,27,26,27,27,27,27,27,27,27,27
437,4370,743.3411,0.362794,-0.4930601,0.1218704,-0.3619977,0.7413127,-0.1277172,0.1255771,-0.8670403,-0.2461344,-0.7129533,-0.252257,-0.7152954,0.1194641,0.3582052,0.2414388,26,26,27,26,26,26,27,26,27,27,27,27,27,27,27,27
438,4380,742.738,-0.4837188,0.2465301,-0.6093541,0.6033466,-0.3706574,0.1277172,-0.8790412,0.4954517,-0.7384031,-0.1188259,0,-0.7152954,-0.8362468,1.074615,0.4828761,26,26,27,26,26,26,27,26,27,27,27,27,27,27,27,27
439,4390,743.5823,0,0.3697955,0.3656121,-0.2413297,-0.2471052,0.1277172,-0.3767321,-0.3715886,0.4922679,-0.8317792,-0.1261285,-0.5960802,0.1194641,0.1194023,-0.2414372,26,26,27,26,26,26,27,26,27,27,27,27,27,27,27,27
440,4400,742.9792,0.2418626,0.1232654,0.1218704,-0.2413297,0.247104,-0.1277172,-0.1255771,0,-0.7384031,0,-1.135157,0.2384313,-0.5973187,0.4776066,0.4828761,26,26,27,26,26,26,27,26,27,27,27,27,27,27,27,27
441,4410,743.2205,0.1209313,0.2465301,0.2437416,0.8446828,0.247104,0,0,0.3715886,0.7384023,-0.2376511,0.3783855,-1.072944,0.2389265,0.1194023,-0.1207178,26,26,27,26,26,26,27,26,27,27,27,27,27,27,27,27
442,4420,743.4617,0.362794,-0.1232654,0.2437416,0.6033466,0.4942083,0.5108687,-0.5023091,0.247726,-0.4922687,0.4753022,0,-0.119216,-0.7167827,-0.1194015,0.2414388,26,26,27,26,26,26,27,26,27,27,27,27,27,27,27,27
443,4430,742.3762,0,0.1232654,-0.3656125,0.9653507,0.247104,0.1277172,0.2511542,0.247726,0.2461336,-0.3564771,0.3783855,-0.3576481,0.5973187,0.1194023,-0.4828745,26,26,27,26,26,26,27,26,27,27,27,27,27,27,27,27
444,4440,742.8586,0.1209313,-0.3697955,0.2437416,0.3620105,0.9884171,-0.3831513,0.1255771,0.4954517,-0.7384031,0.3564771,0.252257,0.2384313,-1.075175,0.2388037,-0.1207178,26,26,27,26,26,26,27,26,27,27,27,27,27,27,27,27
445,4450,742.8586,0.362794,0.2465301,-0.1218712,0.7240147,0.4942083,0.5108687,-0.1255771,-0.123863,0.2461336,-0.5941281,0.3783855,-0.4768642,0.7167827,-0.4776066,-0.4828745,26,26,27,26,26,26,27,26,27,27,27,27,27,27,27,27
446,4460,742.738,-0.6046501,-0.3697955,0,0.4826786,0.7413127,0.1277172,0.2511542,0.6193147,-0.4922687,0.2376511,0.252257,0.2384313,-0.8362468,0.2388037,-0.2414372,26,26,27,26,26,26,27,26,27,27,27,27,27,27,27,27
447,4470,742.0143,-0.2418626,-0.7395902,-0.2437416,-0.1206616,-0.2471052,0.6385858,-0.1255771,0.123863,-0.123068,0.2376511,0.1261285,-0.119216,0.1194641,-0.7164099,-0.4828745,26,26,27,26,26,26,27,26,27,27,27,27,27,27,27,27
448,4480,742.4968,-0.4837188,-1.23265,-0.1218712,0.2413425,0.370656,0,0,-0.123863,0.1230664,0.5941281,0.252257,0.2384313,0.1194641,0,-0.1207178,26,26,27,26,26,26,27,26,27,27,27,27,27,27,27,27
449,4490,742.4968,-0.9674441,-0.3697955,0,0.1206745,-0.2471052,-0.2554341,0.2511542,-0.123863,0.1230664,0.2376511,0.504514,0.2384313,0,0.1194023,-0.8450295,26,26,27,26,26,26,27,26,27,27,27,27,27,27,27,27
450,4500,742.738,0.2418626,-0.7395902,-0.3656125,-0.2413297,-0.2471052,-0.7663028,-0.251155,-0.123863,-0.123068,0.4753022,0.630643,0,0.1194641,0,0.6035939,26,26,27,26,26,26,27,26,27,27,27,27,27,27,27,27
451,4510,742.9792,-0.2418626,0,-0.4874833,0.3620105,-0.2471052,-0.89402,-0.5023091,-0.3715886,0.4922679,0.4753022,0.504514,-0.119216,0.4778546,0.1194023,-0.7243116,26,26,27,26,26,26,27,26,27,27,27,27,27,27,27,27
452,4520,742.738,0.4837252,-0.4930601,0,-0.1206616,-8.026557E-07,-0.2554341,-0.3767321,0.123863,-0.123068,0.2376511,0.3783855,0.3576473,0.3583906,0.4776066,0.4828761,26,26,27,26,26,26,27,26,27,27,27,27,27,27,27,27
453,4530,742.738,-0.3627875,-0.3697955,-0.8530958,0.6033402,-0.8648663,-0.5108685,-0.3767321,-0.6193147,-0.7384031,-0.2376511,0,0.5960794,0.3583906,-0.597008,-0.6035923,26,26,27,26,26,26,27,26,27,27,27,27,27,27,27,27
454,4540,742.4968,0.6046501,-0.9861203,0.2437416,-0.8446763,-0.1235528,-0.1277172,-0.8790412,0.247726,-0.2461344,0,0.504514,0.1192152,0.1194641,0.5970089,0.2414388,26,26,27,26,26,26,27,26,27,27,27,27,27,27,27,27
455,4550,742.8586,-0.7255815,-0.3697955,-0.1218712,0.7240083,-0.7413141,-0.1277172,-0.627887,-0.247726,-0.7384031,-0.7129533,-0.252257,0,-0.3583922,0.3582052,-0.2414372,26,26,27,26,26,26,27,26,27,27,27,27,27,27,27,27
456,4560,742.8586,0,-0.3697955,-0.1218712,-0.4826722,-0.2471052,-0.7663028,-0.8790412,-0.3715886,-0.2461344,0.1188251,0.252257,0.4768634,0.4778546,0.1194023,0,26,26,27,26,26,26,27,26,27,27,27,27,27,27,27,27
457,4570,743.8235,-0.3627875,0.2465301,-0.6093541,0.7240083,-0.8648663,-0.2554341,-0.7534641,-0.123863,-0.2461344,-0.7129533,-0.1261285,0.1192152,-0.3583922,0.8358118,0,26,26,27,26,26,26,27,26,27,27,27,27,27,27,27,27
458,4580,742.9792,-0.2418626,-0.1232654,0.6093537,-0.7240083,1.235521,-0.2554341,0.2511542,-0.247726,0.4922679,-0.9506044,-0.3783855,0,-0.5973187,0.4776066,-0.7243116,26,26,27,26,26,26,27,26,27,27,27,27,27,27,27,27
459,4590,742.738,0,0.1232654,-0.3656125,0.2413361,-0.3706574,0,0.1255771,0,-1.107604,-0.5941281,-0.504514,-0.5960802,-0.5973187,0.2388037,0.6035939,26,26,27,26,26,26,27,26,27,27,27,27,27,27,27,27
460,4600,743.0999,0.1209313,-0.2465301,0.2437416,-0.2413361,0.7413127,-0.5108685,0.6278862,-0.3715886,0.7384023,-0.4753022,-0.1261285,-0.9537275,0.2389265,0.2388037,0.1207194,26,26,27,26,26,26,27,26,27,27,27,27,27,27,27,27
461,4610,743.3411,0.1209313,0.3697955,0.2437416,0.7240083,-0.1235528,0.6385858,-0.5023091,0.123863,-0.6153359,0,-0.504514,-0.3576481,-1.075175,-0.4776066,-0.1207178,26,26,27,26,26,26,27,26,27,27,27,27,27,27,27,27
462,4620,743.4617,-0.4837188,0.2465301,0,0.2413361,0.4942083,0.7663028,0.5023091,-0.123863,0,-0.3564771,0.1261285,-0.2384321,0.4778546,-0.1194015,0.1207194,26,26,27,26,26,26,27,26,27,27,27,27,27,27,27,27
463,4630,742.8586,0.2418626,0,0.1218704,0.4826722,0.1235516,0.6385858,0,0.3715886,-0.3692015,0.2376511,0.3783855,0.3576473,-1.314101,-0.3582052,-0.2414372,26,26,27,26,26,26,27,26,27,27,27,27,27,27,27,27
464,4640,742.738,0.2418626,-0.2465301,0.1218704,0.6033402,0.4942083,0.1277172,0.2511542,-0.247726,0.2461336,-0.3564771,0.504514,-0.5960802,0.5973187,0.1194023,-0.8450295,26,26,27,26,26,26,27,26,27,27,27,27,27,27,27,27
465,4650,742.738,0.2418626,-0.3697955,0.8530954,0.3620041,0.7413127,0.1277172,-0.251155,0.3715886,-0.2461344,-0.1188259,-0.1261285,0.3576473,-1.194637,-0.3582052,-0.4828745,26,26,27,26,26,26,27,26,27,27,27,27,27,27,27,27
466,4660,742.3762,-0.3627875,-0.1232654,-0.4874833,0.3620041,0.1235516,0.3831515,-0.5023091,0.8670407,0.1230664,-0.4753022,-0.1261285,-0.2384321,-0.2389281,-0.1194015,-0.8450295,26,26,27,26,26,26,27,26,27,27,27,27,27,27,27,27
467,4670,742.1349,-0.8465128,-0.7395902,-0.1218712,0,0.4942083,0,-0.1255771,0.3715886,0.3692007,0.1188251,0.1261285,0,-0.2389281,0.1194023,-0.6035923,26,26,27,26,26,26,27,26,27,27,27,27,27,27,27,27
468,4680,742.4968,-1.2093,-0.1232654,-0.3656125,-0.120668,-0.4942096,0.5108687,0,0.4954517,0.1230664,0.1188251,0.630643,0,0.3583906,-0.4776066,-1.086467,26,26,27,26,26,26,27,26,27,27,27,27,27,27,27,27
469,4690,742.1349,-0.2418626,-0.7395902,-0.1218712,-0.7240083,0.4942083,-0.2554341,0.8790412,-0.123863,0.3692007,0.2376511,1.261286,-0.3576481,-0.1194641,0.4776066,0.2414388,26,26,27,26,26,26,27,26,27,27,27,27,27,27,27,27
470,4700,743.7029,-0.6046501,-0.3697955,-0.6093541,0.2413361,-1.111971,-0.5108685,-0.251155,-0.123863,0.2461336,0.3564771,-0.1261285,-0.119216,0,0.1194023,-0.4828745,26,26,27,26,26,26,27,26,27,27,27,27,27,27,27,27
471,4710,742.3762,0.2418626,-0.9861203,-0.2437416,-0.8446763,-4.013278E-07,-1.021737,-0.251155,0,-0.4922687,0.1188251,0.1261285,-0.119216,0.3583906,0.4776066,1.086468,26,26,27,26,26,26,27,26,27,27,27,27,27,27,27,27
472,4720,743.3411,-0.3627875,0.1232654,-0.6093541,0.120668,-0.9884183,-0.5108685,-0.5023613,-0.123863,-0.4922687,-0.4753022,0.1261285,0.2384313,0.4778546,0.4776066,-0.6035923,26,26,27,26,26,26,27,26,27,27,27,27,27,27,27,27
473,4730,742.8587,0.2418626,-0.6163256,0.731225,-0.2413361,0.3706564,-0.5108685,-0.6279392,-0.6193147,-0.4922687,-0.2376511,-0.7567714,-0.2384321,0,0.3582052,0.2414388,26,26,27,26,26,26,27,26,27,27,27,27,27,27,27,27
474,4740,742.9792,-0.4837188,0.2465301,0.1218704,0.6033402,-4.013278E-07,0.6385858,-0.1256293,-0.3715886,-0.6153359,-0.3564771,-0.3783855,-0.5960802,0,0.3582052,0,26,26,27,26,26,26,27,26,27,27,27,27,27,27,27,27
475,4750,743.4617,-0.2418626,-0.1232654,0.3656121,-0.120668,0.123552,-0.6385856,0.6278341,-0.247726,0.3692007,-0.2376511,-0.252257,-0.7152954,-0.4778546,0.2388037,0,26,26,27,26,26,26,27,26,27,27,27,27,27,27,27,27
476,4760,742.9792,0.2418626,0.8628557,0.2437416,0.8446763,0.247104,0.1277172,-0.7535163,0.247726,-0.3692015,-0.1188259,0,-0.7152954,-0.4778546,0.7164103,-0.1207178,26,26,27,26,26,26,27,26,27,27,27,27,27,27,27,27
477,4770,743.0999,-0.1209313,-0.1232654,0.2437416,0.3620041,0.4942088,-0.3831513,-0.3767842,-0.4954517,0.4922679,-0.5941281,-0.252257,-0.7152954,-0.1194641,-0.1194015,0.3621566,26,26,27,26,26,26,27,26,27,27,27,27,27,27,27,27
478,4780,742.8587,0.2418626,-0.3697955,0.4874833,0.9653444,0.4942088,0,-0.2512071,-0.123863,-0.7384031,0,-0.8829,0,-0.9557109,0.4776066,0,26,26,27,26,26,26,27,26,27,27,27,27,27,27,27,27
479,4790,743.3411,0.2418626,1.109386,0.4874833,0.3620041,0.4942088,0.1277172,0.2511028,-0.247726,0.3692007,-0.2376511,0.1261285,-0.7152954,0,0.2388037,0.1207194,26,26,27,26,26,26,27,26,27,27,27,27,27,27,27,27
480,4800,743.2205,0.1209313,0,0.2437416,0.3620041,0.4942088,0,0.3766799,0.247726,-0.4922687,0.2376511,0,-0.2384321,-0.9557109,0.1194023,0.3621566,26,26,27,26,26,26,27,26,27,27,27,27,27,27,27,27
481,4810,742.8585,-0.1209313,0.1232654,-0.2437416,0.3620041,0.4942088,0.1277172,0.2511028,0.4954517,-0.2461344,0.3564771,0.504514,-0.8345115,0.2389265,0.1194023,-0.4828745,26,26,27,26,26,26,27,26,27,27,27,27,27,27,27,27
482,4820,742.8585,-0.3628389,0,0.1218704,-0.2413361,0.4942088,-0.3831513,0.1255249,0.123863,0,-0.1188259,0,0.3576473,-0.1194641,0.2388037,-0.1207178,26,26,27,26,26,26,27,26,27,27,27,27,27,27,27,27
483,4830,742.2554,-0.1209827,0.7395902,0.2437416,0.4826722,-0.1235528,0.5108687,-0.6279392,0.123863,0,-0.5941281,0.630643,-0.9537275,0.8362468,-0.3582052,-0.8450295,26,26,27,26,26,26,27,26,27,27,27,27,27,27,27,27
484,4840,742.6173,-0.3628389,-0.1232654,-0.1218199,-0.2413361,0.247104,-0.2554341,0.3766799,0.4954517,0.3692007,0.1188251,-0.1261285,0.2384313,-0.8362468,0,-0.1207178,26,26,27,26,26,26,27,26,27,27,27,27,27,27,27,27
485,4850,742.4966,-0.7256328,-0.1232654,-0.2436903,0,-0.3706572,0.1277172,-5.217262E-05,0.6193147,0.2461336,0.2376511,0.3783855,-0.119216,-0.1194641,-0.4776066,-0.6035923,26,26,27,26,26,26,27,26,27,27,27,27,27,27,27,27
486,4860,742.0142,0.1208799,-0.8628557,-0.2436903,0.6033402,0.3706564,-0.3831513,-0.1256293,0.3715886,0.3692007,0.2376511,0.252257,-0.119216,0.5973187,-0.2388037,0.3621566,26,26,27,26,26,26,27,26,27,27,27,27,27,27,27,27
487,4870,742.9791,-0.7256328,-0.3697955,-0.1218199,0.120668,-0.4942093,0,-0.7535163,0.123863,0.1230664,0.7129533,-0.252257,0.3576473,0.5973187,0.3582052,-0.6035923,26,26,27,26,26,26,27,26,27,27,27,27,27,27,27,27
488,4880,742.8585,0.4836739,-0.7395902,-0.1218199,-0.4826722,-0.3706572,-0.2554341,-0.5023091,0.247726,0.1230664,-0.1188259,0.8828996,-0.119216,0.4778546,0.4776066,0.8450311,26,26,27,26,26,26,27,26,27,27,27,27,27,27,27,27
489,4890,743.0997,-0.7256328,0.6163256,-0.9749152,0.120668,-0.9884183,-0.1277172,-0.8790412,-0.4954517,0.1230664,0.1188251,0,0.3576473,-0.8362468,0.4776066,0.2414388,26,26,27,26,26,26,27,26,27,27,27,27,27,27,27,27
490,4900,743.0997,0.3627426,-0.6163256,0.3656634,-0.3620041,0.4942088,-0.2554341,-0.1255771,-0.123863,-0.2461344,-0.3564771,0,-0.3576481,0.3583906,0.7164103,0.6035939,26,26,27,26,26,26,27,26,27,27,27,27,27,27,27,27
491,4910,743.3409,-0.3628389,-0.2465301,-0.4874319,0.4826722,-0.4942093,0.2554343,-0.8790412,-0.247726,-1.107604,-0.5941281,-0.630643,-0.2384321,-0.3583922,0.2388037,0.4828761,26,26,27,26,26,26,27,26,27,27,27,27,27,27,27,27
492,4920,743.4615,-0.1209827,0.1232654,0.243793,-0.4826722,0.8648655,0,-0.1255771,-0.123863,0.7384023,0,-0.1261285,-1.072944,0.3583906,0.3582052,0.1207194,26,26,27,26,26,26,27,26,27,27,27,27,27,27,27,27
493,4930,742.7379,0.3627426,0,0.3656634,0.3620041,-0.4942093,0.8940201,-0.3767321,0,-0.6153359,-0.1188259,-0.504514,-1.311376,-0.8362468,0.4776066,0.6035939,26,26,27,26,26,26,27,26,27,27,27,27,27,27,27,27
494,4940,743.0997,-5.136996E-05,0.2465301,-0.1218199,-0.120668,0.3706564,0.1277172,0.2511542,-0.123863,0.7384023,-0.4753022,0,-0.5960802,-0.1194641,0.3582052,0.1207194,26,26,27,26,26,26,27,26,27,27,27,27,27,27,27,27
495,4950,742.1348,0.4836739,0,0.8531467,0.8446763,0.123552,0.2554343,-0.3767321,0.3715886,-0.4922687,0,-0.252257,-0.119216,-1.314101,0.3582052,0.6035939,26,26,27,26,26,26,27,26,27,27,27,27,27,27,27,27
496,4960,743.2203,-5.136996E-05,0.3697955,-0.2436903,0.6033402,-4.013278E-07,0.7663028,0.3767321,-0.247726,0.4922679,-0.2376511,0.252257,-0.3576481,0.2389265,-0.1194015,-0.2414372,26,26,27,26,26,26,27,26,27,27,27,27,27,27,27,27
497,4970,742.4968,-0.1209827,0.2465301,0.4875347,0.3620041,-0.2471048,0.3831515,-0.3767321,0.123863,-0.3692015,0.4753022,0.252257,0.3576473,-0.7167827,-0.2388037,-0.4828745,26,26,27,26,26,26,27,26,27,27,27,27,27,27,27,27
498,4980,742.6174,-0.1209827,0.2465301,0.243793,0.8446763,-0.3706572,0.5108687,0.5023091,-0.123863,0,-0.3564771,0.504514,-0.9537275,0.4778546,0.3582052,-0.7243116,26,26,27,26,26,26,27,26,27,27,27,27,27,27,27,27
499,4990,742.9792,0.3627426,-0.1232654,1.096888,0.8446763,0.3706564,0.2554343,0.1255771,0.123863,-0.2461344,0,0,0.4768634,-1.075175,0,0.1207194,26,26,27,26,26,26,27,26,27,27,27,27,27,27,27,27
500,5000,742.3762,0.1208799,-0.3697955,0,0.3620041,-0.1235528,0.1277172,0.6278862,-0.123863,0.6153351,-0.4753022,0.3783855,-0.2384321,0.4778546,0,-0.9657489,26,26,27,26,26,26,27,26,27,27,27,27,27,27,27,27
501,5010,743.0999,-5.136996E-05,-0.4930601,0.4874833,0.7240083,0.4942088,0.2554343,0.3767321,0.3715886,0.3692007,-0.1188259,-0.1261285,0.1192152,-0.3583922,-0.9552136,-0.6035923,26,26,27,26,26,26,27,26,27,27,27,27,27,27,27,27
502,5020,742.0143,-5.136996E-05,-0.2465301,-0.1218712,0.9653444,-0.2471052,1.021737,0.2511542,0.4954517,0.1230664,0.3564771,0.7567711,-0.7152954,0.3583906,-0.4776066,-0.9657489,26,26,27,26,26,26,27,26,27,27,27,27,27,27,27,27
503,5030,742.3762,-0.7256328,-0.7395902,0.3656121,0.120668,0.1235516,0.2554343,0.6278862,-0.123863,0.1230664,0.2376511,0.3783855,0.2384313,-0.5973187,0.3582052,-0.8450295,26,26,27,26,26,26,27,26,27,27,27,27,27,27,27,27
504,5040,742.8587,-0.6047015,-0.2465301,-0.2437416,0,-0.1235528,0.5108687,0.1255771,0.123863,0,0.2376511,0.3783855,0,0.4778546,-0.2388037,-1.086467,26,26,27,26,26,26,27,26,27,27,27,27,27,27,27,27
505,5050,742.3762,-0.1209827,-0.3697955,0,-0.2413361,-0.1235528,0.2554343,-0.251155,-0.247726,0.1230664,0.1188251,0.504514,0.1192152,-0.1194641,0.4776066,0,26,26,27,26,26,26,27,26,27,27,27,27,27,27,27,27
506,5060,741.8937,-0.241914,-0.7395902,-0.4874833,0.2413361,0.370656,-0.3831513,-0.3767321,0.4954517,0.1230664,0.7129533,0.252257,0.2384313,0.3583906,-0.2388037,-1.207186,26,26,27,26,26,26,27,26,27,27,27,27,27,27,27,27
507,5070,742.6174,-0.241914,-0.3697955,-0.731225,-0.6033402,0.370656,0.2554343,0.1255771,0.247726,0.2461336,0.4753022,0.7567711,0.1192152,0.3583906,0.2388037,0.3621566,26,26,27,26,26,26,27,26,27,27,27,27,27,27,27,27
508,5080,743.3411,-0.241914,-0.1232654,-0.8530958,-0.2413361,-0.9884187,0,-1.130196,-0.123863,-0.6153359,0.1188251,-0.1261285,0.5960794,0.1194641,0,-0.4828745,26,26,27,26,26,26,27,26,27,27,27,27,27,27,27,27
509,5090,742.1349,0.3627426,-0.8628557,-0.2437416,-0.3620041,-0.3706574,-0.2554341,-0.251155,0,-0.123068,1.06943,0.8828996,-0.119216,0.7167827,0.4776066,0.8450311,26,26,27,26,26,26,27,26,27,27,27,27,27,27,27,27
510,5100,742.8587,-1.209352,0.2465301,-0.4874833,-0.2413361,-0.6177619,-0.7663028,-0.251155,-0.123863,-0.123068,0.7129533,-0.1261285,0.7152954,-0.3583922,-0.3582052,-0.7243116,26,26,27,26,26,26,27,26,27,27,27,27,27,27,27,27
511,5110,742.4968,-5.136996E-05,-0.7395902,-0.8530958,-0.7240083,0.1235516,-0.5108685,-0.5023091,0.3715886,0,0.2376511,0.8828996,0.2384313,0.3583906,0.2388037,0.9657505,26,26,27,26,26,26,27,26,27,27,27,27,27,27,27,27
512,5120,743.2205,-5.136996E-05,0.1232654,-0.4874833,0.4826722,-0.4942096,-0.2554341,-0.3767321,-0.7431773,-0.6153359,-0.4753022,-0.252257,0.1192152,0,-0.1194015,-0.362155,26,26,27,26,26,26,27,26,27,27,27,27,27,27,27,27
513,5130,742.6174,0.6045988,-0.8628557,0.2437416,-0.6033402,-8.026557E-07,-0.89402,-0.7534641,-0.247726,0,0.2376511,0,-0.2384321,0.7167827,0.7164103,0.6035939,26,26,27,26,26,26,27,26,27,27,27,27,27,27,27,27
514,5140,743.4617,-0.8465642,0.2465301,-0.4874833,0.4826722,-0.7413141,-0.6385856,-0.251155,-0.4954517,-0.4922687,-0.1188259,-0.252257,-0.119216,-0.4778546,0.2388037,-0.1207178,26,26,27,26,26,26,27,26,27,27,27,27,27,27,27,27
515,5150,742.4968,0.4836739,-0.2465301,0.3656121,-0.2413361,0.247104,-1.021737,-0.251155,-0.7431773,-0.3692015,-0.3564771,-0.1261285,0,0.1194641,-0.3582052,0,26,26,27,26,26,26,27,26,27,27,27,27,27,27,27,27
516,5160,743.4617,-0.1209827,0.2465301,0,0.8446763,-0.3706574,0.1277172,-0.3767321,-0.7431773,-0.2461344,-0.4753022,-0.252257,-0.3576481,0.1194641,0.2388037,0.1207194,26,26,27,26,26,26,27,26,27,27,27,27,27,27,27,27
517,5170,742.9792,0.1208799,-0.3697955,-0.1218712,-0.3620041,0.7413127,0,-0.1255771,-0.4954517,0,-0.4753022,0,-0.4768642,0.2389265,0.4776066,0,26,26,27,26,26,26,27,26,27,27,27,27,27,27,27,27
518,5180,743.0999,0.1208799,0.1232654,-0.4874833,0.7240083,-0.3706574,0.6385858,-0.251155,-0.3715886,-0.6153359,-0.1188259,-0.630643,-0.4768642,-0.1194641,0.4776066,0,26,26,27,26,26,26,27,26,27,27,27,27,27,27,27,27
519,5190,743.4617,0.2418113,-0.1232654,-0.2437416,-0.4826722,0.8648651,-0.2554341,0.6278862,-0.3715886,0.6153351,-0.7129533,-0.252257,-0.5960802,-0.8362468,-0.2388037,0,26,26,27,26,26,26,27,26,27,27,27,27,27,27,27,27
520,5200,742.8586,0.4836739,-0.1232654,0.2437416,0.8446763,-0.4942096,0.5108687,0,-0.123863,-0.7384031,0.2376511,-0.8829,-0.119216,-1.314101,0.4776066,0.7243133,26,26,27,26,26,26,27,26,27,27,27,27,27,27,27,27
521,5210,743.4617,-0.241914,0.2465301,0,0.120668,0.8648651,0.2554343,0,-0.7431773,0.2461336,-0.8317792,0.1261285,-0.3576481,0.3583906,0.4776066,0,26,26,27,26,26,26,27,26,27,27,27,27,27,27,27,27
522,5220,743.2205,0.3627426,0.6163256,0.4874833,0.2413361,-8.026557E-07,0.5108687,-0.8790412,0.123863,-0.4922687,0.2376511,-1.009028,-0.119216,-0.9557109,0.3582052,0,26,26,27,26,26,26,27,26,27,27,27,27,27,27,27,27
523,5230,742.738,0.1208799,0.4930601,0.1218704,0.120668,0.370656,0,0,-0.3715886,0.4922679,-0.3564771,0.252257,-0.3576481,-0.3583922,0.4776066,-0.6035923,26,26,27,26,26,26,27,26,27,27,27,27,27,27,27,27
524,5240,742.9792,0.6045988,-0.1232654,0.8530954,-0.120668,0.1235516,0.8940201,-0.1255771,0.4954517,-0.3692015,0,-0.504514,0,-0.9557109,-0.1194015,0,26,26,27,26,26,26,27,26,27,27,27,27,27,27,27,27
525,5250,743.2205,-5.136996E-05,0.8628557,0.6093537,0.3620041,0.370656,-0.3831513,0.2511542,-0.123863,0.4922679,-0.2376511,0,-0.5960802,0.1194641,0.4776066,-0.362155,26,26,27,26,26,26,27,26,27,27,27,27,27,27,27,27
526,5260,743.0999,0.3627426,0,0.1218704,0.7240083,0.247104,0.6385858,-0.1255771,0.247726,-0.8614699,0.3564771,-0.504514,0.3576473,-0.4778546,-0.2388037,0.1207194,26,26,27,26,26,26,27,26,27,27,27,27,27,27,27,27
527,5270,743.2205,-0.3628389,0.6163256,0.3656121,0.2413361,0.370656,0.1277172,-0.251155,-0.123863,0.6153351,0,0.504514,-0.7152954,-0.2389281,0.4776066,-0.362155,26,26,27,26,26,26,27,26,27,27,27,27,27,27,27,27
528,5280,742.738,-5.136996E-05,-0.1232654,0.2437416,0.6033402,0.247104,0,-0.251155,0.4954517,-0.4922687,0.7129533,0.1261285,0.4768634,-0.5973187,-0.3582052,0,26,26,27,26,26,26,27,26,27,27,27,27,27,27,27,27
529,5290,743.5822,-0.4837702,0.4930601,0,0.3620041,0.247104,0.2554343,0.1255771,-0.123863,0.2461336,-0.1188259,0.3783855,-0.5960802,0.4778546,0,-0.2414372,26,26,27,26,26,26,27,26,27,27,27,27,27,27,27,27
530,5300,743.3409,0.4837252,-0.1232654,-0.1218712,0.4826722,0.1235516,0.3831515,0.2511542,0.3715886,-0.6153359,0.2376511,-0.3783855,0.2384313,-1.194637,-0.597008,0.1207194,26,26,27,26,26,26,27,26,27,27,27,27,27,27,27,27
531,5310,743.0997,0.362794,0.2465301,-0.2437416,0.6033402,0.4942083,0.5108687,0.5023091,-0.123863,0.3692007,-0.4753022,1.009029,-0.7152954,0.4778546,-0.1194015,-0.2414372,26,26,27,26,26,26,27,26,27,27,27,27,27,27,27,27
532,5320,742.7379,0.2418626,-0.1232654,0.731225,0.4826722,0.6177603,0.2554343,0.1255771,0.3715886,0,0.3564771,-0.1261285,0,-0.7167827,-0.3582052,0,26,26,27,26,26,26,27,26,27,27,27,27,27,27,27,27
533,5330,742.7379,-0.1209313,-0.1232654,-0.1218712,0.3620041,0.6177603,0,-0.1255771,0.247726,0.4922679,-0.4753022,0.3783855,-0.5960802,0.4778546,-0.8358118,-0.4828745,26,26,27,26,26,26,27,26,27,27,27,27,27,27,27,27
534,5340,742.6173,-0.4837188,-0.1232654,-0.1218712,0.2413361,0.4942083,-0.1277172,0.1255771,-0.123863,0.6153351,0,0.504514,0.4768634,-0.9557109,-0.4776066,-0.1207178,26,26,27,26,26,26,27,26,27,27,27,27,27,27,27,27
535,5350,742.376,-0.2418626,-0.2465301,0,0.4826722,0.1235516,0.5108687,-0.251155,0.4954517,-0.4922687,0.2376511,0,-0.119216,1.075173,-0.3582052,-0.9657489,26,26,27,26,26,26,27,26,27,27,27,27,27,27,27,27
536,5360,742.4966,-0.1209313,-0.1232654,0.2437416,0.2413361,0.8648651,-0.1277172,0.5023091,0.3715886,0.6153351,0.3564771,-0.1261285,-0.119216,-0.1194641,-0.4776066,-0.2414372,26,26,27,26,26,26,27,26,27,27,27,27,27,27,27,27
537,5370,742.376,-0.8465128,0.1232654,-0.4874833,0.3620041,-8.026557E-07,0.1277172,-0.1255771,0.247726,-0.2461344,-0.4753022,0.3783855,0,0.4778546,-0.3582052,-0.362155,26,26,27,26,26,26,27,26,27,27,27,27,27,27,27,27
538,5380,742.6173,-0.2418626,-0.2465301,0.4874833,0.4826722,0.4942083,0.6385858,0.6278862,0.247726,0.4922679,0.2376511,0.3783855,0,-0.1194641,0.2388037,-0.362155,26,26,27,26,26,26,27,26,27,27,27,27,27,27,27,27
539,5390,742.4966,-0.8465128,-0.2465301,-0.2437416,-0.2413361,-0.3706574,0.3831515,-0.251155,0.6193147,-0.123068,0.4753022,0.3783855,0.1192152,0.1194641,-0.2388037,-0.6035923,26,26,27,26,26,26,27,26,27,27,27,27,27,27,27,27
540,5400,741.8936,-0.1209313,-0.8628557,0.2437416,0.120668,0.247104,0.1277172,0.6278862,0.247726,0.3692007,0,0.630643,0.4768634,-0.5973187,-0.1194015,0.1207194,26,26,27,26,26,26,27,26,27,27,27,27,27,27,27,27
541,5410,742.9791,-0.7255815,0.1232654,-0.6093541,0,0.370656,0.5108687,-0.251155,0.247726,0.2461336,-0.2376511,0,-0.3576481,0.3583906,-0.3582052,-0.7243116,26,26,27,26,26,26,27,26,27,27,27,27,27,27,27,27
542,5420,742.376,-0.2418626,-0.9861203,0.1218704,0.4826722,-8.026557E-07,0.2554343,0.5023091,-0.123863,0.2461336,0.5941281,0,0.3576473,0,0,0.4828761,26,26,27,26,26,26,27,26,27,27,27,27,27,27,27,27
543,5430,742.1348,-0.6046501,-0.4930601,-0.4874833,-0.2413361,-8.026557E-07,0.5108687,-0.1255771,0.4954517,0.1230664,0.9506044,-0.1261285,0.1192152,0.4778546,-0.7164099,-0.9657489,26,26,27,26,26,26,27,26,27,27,27,27,27,27,27,27
544,5440,742.376,-0.8465128,-0.4930601,0,0.2413361,-0.1235528,-0.2554341,0.3767321,0.3715886,0.6153351,-0.1188259,0.3783855,0.7152954,0,-0.1194015,0.2414388,26,26,27,26,26,26,27,26,27,27,27,27,27,27,27,27
545,5450,742.3762,-0.8465128,-0.4930601,-0.3656125,-0.120668,-0.1235528,0,-0.3767321,0.4954517,0.2461336,0.3564771,0.252257,-0.4768642,0.5973187,0.1194023,-1.086467,26,26,27,26,26,26,27,26,27,27,27,27,27,27,27,27
546,5460,742.4968,-0.2418626,-0.6163256,-0.3656125,-0.3620041,-0.4942096,-0.2554341,0.1255771,0.7431773,0.1230664,0.1188251,0.3783855,-0.3576481,0.4778546,0.7164103,0.3621566,26,26,27,26,26,26,27,26,27,27,27,27,27,27,27,27
547,5470,742.8586,-0.7255815,-0.4930601,-0.2437416,-0.6033402,-0.6177619,-0.1277172,-0.627887,-0.123863,-0.123068,0.4753022,0.252257,0.3576473,0.1194641,-0.1194015,-0.7243116,26,26,27,26,26,26,27,26,27,27,27,27,27,27,27,27
548,5480,742.1349,-0.1209313,-0.7395902,-0.4874319,0.3620041,0.247104,-0.2554341,-0.251155,-0.123863,0.2461336,-0.1188259,0.630643,-0.3576481,0,0.8358118,0,26,26,27,26,26,26,27,26,27,27,27,27,27,27,27,27
549,5490,742.8586,-0.7255815,0.4930601,-0.8530444,0.2413361,-0.7413141,-0.2554341,-0.1255771,-0.247726,-0.123068,0.4753022,0.1261285,0.7152954,-0.1194641,0,-0.7243116,26,26,27,26,26,26,27,26,27,27,27,27,27,27,27,27
550,5500,742.738,-0.3627875,-0.6163256,-0.3655611,-0.7240083,-8.026557E-07,-0.2554341,-0.3767321,0.123863,-0.3692015,0.4753022,0.3783855,0.2384313,0.2389265,0.7164103,0.7243133,26,26,27,26,26,26,27,26,27,27,27,27,27,27,27,27
551,5510,742.738,-0.8465128,0.3697955,-0.7311736,-0.4826722,-0.4942096,0,0,-0.123863,-0.4922687,0.1188251,0.252257,0.4768634,-0.2389281,-0.2388037,-0.6035923,26,26,27,26,26,26,27,26,27,27,27,27,27,27,27,27
552,5520,741.8937,0.7255815,-0.9861203,0.243793,-0.2413361,-0.2471052,-0.7663028,0,-0.3715886,0.4922679,-0.2376511,0.504514,0.1192152,-0.1194641,0.7164103,0.4828761,26,26,27,26,26,26,27,26,27,27,27,27,27,27,27,27
553,5530,743.3411,-0.3627875,-0.3697955,-1.096786,-0.120668,-0.9884187,-0.2554341,-0.1255771,0,-0.2461344,-0.4753022,0.1261285,0.2384313,0,0.3582052,-0.8450295,26,26,27,26,26,26,27,26,27,27,27,27,27,27,27,27
554,5540,742.8586,0.2418626,-0.8628557,0.6094051,-0.4826722,0.6177603,-0.7663028,-0.251155,-0.247726,-0.6153359,-0.5941281,-0.3783855,0.2384313,0.2389265,-0.1194015,0.4828761,26,26,27,26,26,26,27,26,27,27,27,27,27,27,27,27
555,5550,743.5823,-0.1209313,0,-0.4874319,0.6033402,-0.3706574,-0.3831513,-0.3767321,-0.8670403,-0.9845371,-0.7129533,0,-0.119216,-0.2389281,0.7164103,0.1207194,26,26,27,26,26,26,27,26,27,27,27,27,27,27,27,27
556,5560,743.2205,0.1209313,-0.3697955,0.4875347,-0.120668,0.4942083,-0.6385856,0.3767321,-0.4954517,0,-0.5941281,0.1261285,-0.2384321,0,0.7164103,-0.362155,26,26,27,26,26,26,27,26,27,27,27,27,27,27,27,27
557,5570,743.2205,0,0,-0.1218199,0.8446763,-8.026557E-07,0.8940201,-1.130196,0.247726,-0.7384031,-0.3564771,-0.504514,-0.3576481,-0.4778546,0.3582052,0.7243133,26,26,27,26,26,26,27,26,27,27,27,27,27,27,27,27
558,5580,743.8235,0.1209313,0.4930601,0.1219218,-0.2413361,0.6177603,-0.2554341,0,-0.4954517,0.1230664,-0.5941281,0,-0.7152954,-0.3583922,0.1194023,-0.4828745,26,26,27,26,26,26,27,26,27,27,27,27,27,27,27,27
559,5590,742.738,0.1209313,0.4930601,0.4875347,0.8446763,-0.6177619,0.7663028,-0.251155,0.7431773,-0.123068,0.4753022,-0.1261285,-0.5960802,-1.194637,0.2388037,0.3621566,26,26,27,26,26,26,27,26,27,27,27,27,27,27,27,27
560,5600,743.7029,0.1209313,0,-0.2436903,0.2413361,0.247104,-0.2554341,0.3767321,-0.123863,0.3692007,-0.7129533,-0.1261285,-0.8345115,-0.3583922,0,0.1207194,26,26,27,26,26,26,27,26,27,27,27,27,27,27,27,27
561,5610,743.0999,0.362794,0,0.4875347,0.6033402,-8.026557E-07,0.2554343,0.1255771,0,-0.7384031,0.7129533,-0.252257,-0.119216,-0.4778546,0.3582052,0.4828761,26,26,27,26,26,26,27,26,27,27,27,27,27,27,27,27
562,5620,742.738,-0.241914,0.7395902,-0.1218199,0.6033402,-8.026557E-07,-0.1277172,0.6278862,-0.123863,0.1230664,-0.2376511,0.504514,-0.4768642,0,0,-0.6035923,26,26,27,26,26,26,27,26,27,27,27,27,27,27,27,27
563,5630,743.5823,0.4836739,-0.2465301,0.9750171,0.7240083,0.8648651,0.5108687,-0.251155,0.4954517,-0.4922687,0.3564771,0.504514,0.3576473,-0.8362468,-0.597008,0,26,26,27,26,26,26,27,26,27,27,27,27,27,27,27,27
564,5640,743.5823,-5.136996E-05,0.1232654,0.731225,0.9653444,-0.3706574,0.5108687,-0.8790412,-0.4954517,0.1230664,-0.2376511,0.3783855,-0.2384321,0.3583906,-0.2388037,-0.6035923,26,26,27,26,26,26,27,26,27,27,27,27,27,27,27,27
565,5650,742.4968,-5.136996E-05,-0.3697955,-0.4874833,0.120668,0.370656,-0.7663028,0.2511542,0.4954517,0.3692007,0,0.1261285,0.3576473,-0.2389281,-0.1194015,0,26,26,27,26,26,26,27,26,27,27,27,27,27,27,27,27
566,5660,742.1349,-0.3628389,-0.3697955,-0.6093541,0.2413361,-0.3706572,0.7663028,-0.1255771,0.6193147,-0.4922687,0.7129533,0.504514,0,0,-0.4776066,-0.4828745,26,26,27,26,26,26,27,26,27,27,27,27,27,27,27,27
567,5670,742.738,-0.3628389,-0.6163256,-0.3656125,-0.4826722,0.3706564,0,0.1255771,0.6193147,0.6153351,0.4753022,0.630643,0,-0.1194641,0.2388037,0,26,26,27,26,26,26,27,26,27,27,27,27,27,27,27,27
568,5680,742.6174,-0.3628389,-0.6163256,-0.8530958,-0.2413361,-0.2471048,0.2554343,-0.1256293,0.8670407,-0.123068,0.4753022,0.504514,0,0.3583906,-0.8358118,-0.4828745,26,26,27,26,26,26,27,26,27,27,27,27,27,27,27,27
569,5690,742.738,-0.4837702,-0.7395902,-0.2437416,-0.4826722,-0.1235528,-0.2554341,-0.8790934,0.7431773,0,0.2376511,0.8828996,0.1192152,0,0.4776066,0.2414388,26,26,27,26,26,26,27,26,27,27,27,27,27,27,27,27
570,5700,743.2205,0.2418113,-0.2465301,-0.6093541,0,-0.1235528,-0.2554341,-0.1256293,0,-0.123068,0.2376511,0.3783855,0.1192152,0.1194641,0.3582052,-0.2414372,26,26,27,26,26,26,27,26,27,27,27,27,27,27,27,27
571,5710,742.3762,0.1208799,-0.9861203,-0.1218712,-0.8446763,-0.2471048,-0.7663028,-0.3767842,0,0.1230664,0.1188251,0.504514,0,0.1194641,0.2388037,0.2414388,26,26,27,26,26,26,27,26,27,27,27,27,27,27,27,27
572,5720,743.4617,-0.1209827,0.6163256,-0.4874833,0.3620041,-0.7413139,-0.1277172,-1.130248,-0.8670403,-0.2461344,0,0,0.4768634,-0.1194641,0.3582052,-0.6035923,26,26,27,26,26,26,27,26,27,27,27,27,27,27,27,27
573,5730,743.0999,0.2418113,-0.3697955,0.3656121,-0.2413361,0.4942088,-0.89402,-0.8790934,-0.4954517,-0.2461344,-0.4753022,-0.252257,0,0.7167827,0.2388037,0.1207194,26,26,27,26,26,26,27,26,27,27,27,27,27,27,27,27
574,5740,743.4617,-0.3628389,0.6163256,-0.3656125,0.2413361,-1.111971,-0.1277172,-0.8790934,-0.247726,-0.4922687,-0.4753022,0.1261285,0.7152954,-0.1194641,0.4776066,0.1207194,26,26,27,26,26,26,27,26,27,27,27,27,27,27,27,27
575,5750,743.3411,0.3627426,0.2465301,0.6093537,-0.8446763,0.6177607,-1.277171,-0.1256293,-0.247726,-0.4922687,-0.8317792,-0.630643,-0.3576481,-0.1194641,0,0.1207194,26,26,27,26,26,26,27,26,27,27,27,27,27,27,27,27
576,5760,742.738,0.2418113,0.2465301,-0.2437416,0.4826722,0.123552,0.6385858,-0.3767842,0.123863,-0.6153359,-0.1188259,0,-0.119216,-0.1194641,0.4776066,0.1207194,26,26,27,26,26,26,27,26,27,27,27,27,27,27,27,27
577,5770,743.0997,0.1208799,0.1232654,0.4874833,0.120668,0.4942088,-0.6385856,0.2511028,-0.8670403,0.2461336,-0.4753022,-0.1261285,-1.072944,-0.2389281,0,0.3621566,26,26,27,26,26,26,27,26,27,27,27,27,27,27,27,27
578,5780,743.3409,0.1208799,0.6163256,0.2437416,0.3620041,-0.7413139,0.1277172,-0.5023613,-0.123863,-1.230671,-0.3564771,-0.8829,-0.5960802,-0.9557109,0.4776066,0.3621566,26,26,27,26,26,26,27,26,27,27,27,27,27,27,27,27
579,5790,743.7028,0.2418113,-0.6163256,0.731225,0.4826722,0.6177607,-0.6385856,0.6278341,-0.7431773,0.2461336,-0.4753022,-0.252257,-0.5960802,-0.1194641,0.3582052,-0.1207178,26,26,27,26,26,26,27,26,27,27,27,27,27,27,27,27
580,5800,742.9791,0.2418113,0,0.3656113,0.6033402,0.247104,0.5108687,-0.8790934,0.247726,-1.107604,0.2376511,-0.3783855,0,-1.194637,0.2388037,0.1207194,26,26,27,26,26,26,27,26,27,27,27,27,27,27,27,27
581,5810,743.2203,-0.4837702,0.2465301,0.3656113,0.3620105,0.3706564,-0.3831513,0.502257,0,0.7384023,-0.5941281,-0.252257,-0.3576481,-0.2389281,-0.597008,0,26,26,27,26,26,26,27,26,27,27,27,27,27,27,27,27
582,5820,742.4966,0.4836739,-0.1232654,0.4874825,6.421245E-06,-0.1235528,0.1277172,-0.3767842,0.3715886,-0.4922687,0,-0.252257,0,-0.9557109,-0.1194015,0.4828761,26,26,27,26,26,26,27,26,27,27,27,27,27,27,27,27
583,5830,743.5822,-0.1209827,0.4930601,0.3656113,0.6033466,0.7413127,0.3831515,0.502257,0.247726,0.7384023,-0.4753022,0.8828996,-0.5960802,-0.1194641,0.1194023,0.1207194,26,26,27,26,26,26,27,26,27,27,27,27,27,27,27,27
584,5840,743.0997,0.1208799,0.4930601,0.4874825,0.6033466,0.6177603,-0.5108685,0.3767321,-0.123863,-0.123068,0.3564771,0.252257,0.1192152,-0.7167827,-0.3582052,-0.1207178,26,26,27,26,26,26,27,26,27,27,27,27,27,27,27,27
585,5850,742.7379,-0.1209827,-0.1232654,-0.121872,0.8446828,0.4942083,0.6385858,0.5023091,-0.123863,0.3692007,0.3564771,0.1261285,-0.3576481,1.075173,-0.597008,-0.4828745,26,26,27,26,26,26,27,26,27,27,27,27,27,27,27,27
586,5860,742.7379,0.4836739,0,0.3656113,0.3620105,1.111969,0.6385858,0.6278862,0.8670407,-0.2461344,0.4753022,-0.252257,-0.2384321,-0.4778546,-0.2388037,0.1207194,26,26,27,26,26,26,27,26,27,27,27,27,27,27,27,27
587,5870,742.376,-0.1209827,-0.1232654,0.1218696,0.6033466,-0.2471052,0.5108687,0,0.247726,0.7384023,0.1188251,0.252257,-0.2384321,0.9557093,-0.2388037,-0.362155,26,26,27,26,26,26,27,26,27,27,27,27,27,27,27,27
588,5880,742.376,-0.241914,-0.3697955,-0.3656133,-0.1206616,-8.026557E-07,0.1277172,-0.3767321,0.7431773,0.7384023,0,0.504514,0.1192152,0,0.2388037,-0.1207178,26,26,27,26,26,26,27,26,27,27,27,27,27,27,27,27
589,5890,742.4966,-0.241914,-0.6163256,-0.2437425,0.1206745,-0.2471052,0,-0.3767321,0.3715886,-0.2461344,0.1188251,0.1261285,-0.3576481,0.7167827,0.1194023,-0.1207178,26,26,27,26,26,26,27,26,27,27,27,27,27,27,27,27
590,5900,742.376,-0.7256328,-0.9861203,0.1218696,-0.2413297,0.247104,-0.5108685,0.1255771,0,0.3692007,0.1188251,0.3783855,0.3576473,-0.1194641,0.2388037,0.4828761,26,26,27,26,26,26,27,26,27,27,27,27,27,27,27,27
591,5910,742.9791,-0.4837702,0.4930601,-0.7312257,0.7240147,-0.7413141,-0.2554341,-0.3767321,-0.123863,0.1230664,0.2376511,0.3783855,1.192159,-0.1194641,0,-0.2414372,26,26,27,26,26,26,27,26,27,27,27,27,27,27,27,27
592,5920,742.8585,-0.1209827,-0.6163256,-0.6093549,-0.1206616,0.1235516,-0.2554341,0.1255771,-0.123863,0.3692007,0.2376511,0.8828996,-0.4768642,0,0.3582052,0.2414388,26,26,27,26,26,26,27,26,27,27,27,27,27,27,27,27
593,5930,743.7029,-0.7256328,0,-0.7312257,6.421245E-06,-0.4942096,0,-0.251155,-0.123863,0.1230664,0.3564771,0.1261285,0.2384313,-0.3583922,0.3582052,-0.7243116,26,26,27,26,26,26,27,26,27,27,27,27,27,27,27,27
594,5940,742.6174,-5.136996E-05,-0.7395902,-0.3656133,-0.1206616,0.1235516,-0.6385856,-0.5023091,-0.123863,0.2461336,0,0.252257,-0.3576481,-0.1194641,0.2388037,0.7243133,26,26,27,26,26,26,27,26,27,27,27,27,27,27,27,27
595,5950,743.4617,-0.3628389,0.2465301,-0.121872,0.3620105,-0.4942096,-0.1277172,-0.7534641,-0.6193147,-0.7384031,-0.8317792,0.504514,0.7152954,-0.3583922,0.2388037,-0.4828745,26,26,27,26,26,26,27,26,27,27,27,27,27,27,27,27
596,5960,743.3411,0.1208799,-0.8628557,0.3656121,-0.6033338,0.4942083,-0.1277172,-0.5023091,-0.123863,-0.2461344,-0.3564771,0.3783855,-0.2384321,0.2389265,0,0.6035939,26,26,27,26,26,26,27,26,27,27,27,27,27,27,27,27
597,5970,743.5823,-0.6047015,0.3697955,-0.4874833,0.8446763,-0.9884187,0,-0.627887,-0.247726,-0.4922687,-0.5941281,-0.1261285,0.4768634,-0.3583922,0.5970089,0.2414388,26,26,27,26,26,26,27,26,27,27,27,27,27,27,27,27
598,5980,743.0999,0.7255301,-0.4930601,0.4874833,-0.8446763,0.370656,-0.7663028,0.1255771,-0.3715886,0.1230664,-0.7129533,0,-0.3576481,0.4778546,0.4776066,0.3621566,26,26,27,26,26,26,27,26,27,27,27,27,27,27,27,27
599,5990,743.7029,0.1208799,0.3697955,0.2437416,-0.120668,-0.1235528,0,-0.627887,0.123863,-0.9845371,-0.2376511,-0.7567714,-0.5960802,-0.7167827,0.955214,0.4828761,26,26,27,26,26,26,27,26,27,27,27,27,27,27,27,27
600,6000,743.8235,0.3627426,0.4930601,0.2437416,-0.2413361,0.6177603,-0.1277172,0.2511028,-0.123863,0.6153351,-0.3564771,0.3783855,-1.311376,-0.4778546,0,-0.2414372,26,26,27,26,26,26,27,26,27,27,27,27,27,27,27,27
601,6010,742.738,0.3627426,-0.1232654,0.3656121,0.6033402,-8.026557E-07,0.5108687,-0.3767834,0.6193147,-0.6153359,-0.1188259,-0.504514,0,-0.8362468,0.5970089,0.6035939,26,26,27,26,26,26,27,26,27,27,27,27,27,27,27,27
602,6020,743.5823,-0.1209827,0,0,0.120668,0.1235516,0.2554343,0.5022578,-0.247726,0.6153351,-0.5941281,-0.1261285,-0.9537275,0.3583906,-0.1194015,-0.1207178,26,26,27,26,26,26,27,26,27,27,27,27,27,27,27,27
603,6030,742.9792,0.6045988,0.1232654,0.3656121,0.3620041,-8.026557E-07,0.3831515,0.1255257,0.3715886,-0.7384031,0.5941281,-0.504514,0.4768634,-0.7167827,-0.7164099,-0.1207178,26,26,27,26,26,26,27,26,27,27,27,27,27,27,27,27
604,6040,742.8586,-0.6047015,0.3697955,0.2437416,0.4826722,0.370656,0.6385858,-5.136996E-05,0.6193147,0.4922679,-0.1188259,0.504514,-0.9537275,0.7167827,-0.597008,-0.362155,26,26,27,26,26,26,27,26,27,27,27,27,27,27,27,27
605,6050,743.0999,0.1208799,-0.3697955,-0.1218712,0.3620041,0.1235516,0.2554343,0.3766807,0.4954517,0.1230664,0.5941281,-0.1261285,0.2384313,-0.5973187,-0.1194015,-0.2414372,26,26,27,26,26,26,27,26,27,27,27,27,27,27,27,27
606,6060,742.9792,-5.136996E-05,-0.6163256,0.2437416,0,0.1235516,0.7663028,-0.3767834,0.6193147,0.1230664,0.4753022,0.1261285,0.1192152,0.1194641,-0.597008,-0.7243116,26,26,27,26,26,26,27,26,27,27,27,27,27,27,27,27
607,6070,742.4968,-0.241914,-0.6163256,-0.1218712,-0.2413361,0.247104,-0.1277172,0.1255257,-0.3715886,0.4922679,-0.3564771,0.630643,0.5960794,0,0.2388037,-0.2414372,26,26,27,26,26,26,27,26,27,27,27,27,27,27,27,27
608,6080,743.0999,-0.1209827,-0.3697955,-0.2437416,0.6033402,-0.1235528,0.3831515,-0.1256285,0.3715886,0.1230664,0.3564771,0,-0.3576481,0.3583906,-0.2388037,-0.1207178,26,26,27,26,26,26,27,26,27,27,27,27,27,27,27,27
609,6090,742.6174,-0.3628389,-0.3697955,-0.4874833,-0.2413361,0.7413127,0.3831515,0.3766807,-0.123863,0.3692007,0.7129533,0.630643,0.2384313,-0.5973187,0.1194023,0,26,26,27,26,26,26,27,26,27,27,27,27,27,27,27,27
610,6100,742.3762,-0.7256328,-0.3697955,-0.731225,0.3620041,-0.1235528,0.1277172,-5.136996E-05,0.4954517,-0.123068,0.3564771,0.1261285,-0.119216,0.4778546,-0.1194015,-0.7243116,26,26,27,26,26,26,27,26,27,27,27,27,27,27,27,27
611,6110,742.738,-0.1209827,-1.109386,-0.6093541,-0.4826722,-0.1235528,-0.3831513,0.3766807,0.247726,0.3692007,0.1188251,0.7567711,-0.119216,-0.1194641,0.7164103,0,26,26,27,26,26,26,27,26,27,27,27,27,27,27,27,27
612,6120,743.7029,-0.1209827,-0.2465301,-0.9749666,-0.120668,-0.7413141,-0.1277172,0.1255257,0.123863,-0.3692015,0.8317792,-0.1261285,0.1192152,0.1194641,-0.597008,-0.2414372,26,26,27,26,26,26,27,26,27,27,27,27,27,27,27,27
613,6130,742.4968,-5.136996E-05,-1.109386,-0.3656125,-0.6033402,-0.2471052,0.2554343,0.2511028,0,0.3692007,0.1188251,0.3783855,0.2384313,0.1194641,0.7164103,-0.1207178,26,26,27,26,26,26,27,26,27,27,27,27,27,27,27,27
614,6140,744.0648,-0.241914,0.2465301,0,0.120668,-0.8648661,-0.1277172,-1.00467,-0.247726,-0.3692015,-0.1188259,-0.252257,0.2384313,-0.1194641,0,-0.362155,26,26,27,26,26,26,27,26,27,27,27,27,27,27,27,27
615,6150,743.0999,-5.136996E-05,-0.8628557,0,0.3620041,-0.4942093,-1.021737,-0.8790926,-0.3715886,-0.123068,-0.1188259,0.504514,-0.3576481,0.2389265,0.3582052,0.8450311,26,26,27,26,26,26,27,26,27,27,27,27,27,27,27,27
616,6160,743.5823,-5.136996E-05,0.2465301,-0.3656125,0.6033402,-0.7413139,-0.1277172,-0.5023613,-0.247726,-0.3692015,0.1188251,-0.504514,0.2384313,0.4778546,0.1194023,-0.8450295,26,26,27,26,26,26,27,26,27,27,27,27,27,27,27,27
617,6170,742.9792,-0.1209827,-0.3697955,0.2437416,-1.086012,0.123552,-0.6385856,-0.2512071,-0.123863,-0.7384031,0,0.252257,-0.2384321,-0.3583922,0.5970089,0.3621566,26,26,27,26,26,26,27,26,27,27,27,27,27,27,27,27
618,6180,743.3411,-5.136996E-05,0.2465301,-0.4874833,0.3620041,-1.235523,0.7663028,-1.004671,-0.3715886,-1.476805,-0.4753022,-0.7567714,-0.8345115,-0.4778546,0.3582052,0.4828761,26,26,27,26,26,26,27,26,27,27,27,27,27,27,27,27
619,6190,743.7029,0.1208799,-0.2465301,0.4874833,-0.2413361,0.247104,-0.3831513,-5.217262E-05,-0.123863,-0.7384031,-1.06943,0,-0.4768642,-0.5973187,0.1194023,-0.1207178,26,26,27,26,26,26,27,26,27,27,27,27,27,27,27,27
620,6200,743.8235,-0.241914,0.3697955,0,0.8446763,-0.8648661,0.3831515,-1.004671,-0.123863,-0.9845371,0,-0.7567714,-0.2384321,-0.2389281,0.2388037,0.1207194,26,26,27,26,26,26,27,26,27,27,27,27,27,27,27,27
621,6210,742.9792,0.4836739,-0.1232654,0.3656121,-0.120668,0.6177607,-0.2554341,0.3766799,-0.247726,0,-0.5941281,-0.7567714,0,0.1194641,0.1194023,0.6035939,26,26,27,26,26,26,27,26,27,27,27,27,27,27,27,27
622,6220,743.9442,-5.136996E-05,-0.2465301,-0.2437416,0.3620041,0.247104,0.2554343,-0.6279392,0,-1.107604,0,-0.3783855,-0.3576481,-0.9557109,0.4776066,0.3621566,26,26,27,26,26,26,27,26,27,27,27,27,27,27,27,27
623,6230,743.7029,-5.136996E-05,0,0.2437416,0,0.9884175,-0.6385856,-0.1256293,-0.7431773,-0.123068,-0.7129533,0.3783855,-0.4768642,-0.2389281,-0.2388037,0.6035939,26,26,27,26,26,26,27,26,27,27,27,27,27,27,27,27
624,6240,743.2205,0.1208799,0.3697955,0.731225,0.6033402,-4.013278E-07,0.2554343,-0.2512071,-0.123863,-1.107604,-0.1188259,0,-0.3576481,-0.8362468,0.955214,0.4828761,26,26,27,26,26,26,27,26,27,27,27,27,27,27,27,27
625,6250,743.7028,-0.6047015,0.2465301,-0.1218712,0.3620041,0.4942088,-1.277171,0.3766799,-0.3715886,0.4922679,-0.8317792,-0.252257,-0.7152954,0,-0.3582052,0,26,26,27,26,26,26,27,26,27,27,27,27,27,27,27,27
626,6260,743.4615,-0.1209827,0.2465301,0.2437416,0.4826722,-0.1235528,0.6385858,-0.8790934,-0.247726,-0.9845371,0.2376511,-0.7567714,-0.3576481,-1.075175,0.1194023,0,26,26,27,26,26,26,27,26,27,27,27,27,27,27,27,27
627,6270,744.1852,-0.241914,-0.1232654,0.2437416,0.6033402,0.123552,0.1277172,0.2511028,-0.123863,0.6153351,-0.3564771,0.3783855,-0.5960802,-0.1194641,0.4776066,0.3621566,26,26,27,26,26,26,27,26,27,27,27,27,27,27,27,27
628,6280,743.8234,0.8464614,0.1232654,0.4874833,0.120668,-0.1235528,0,-0.3767842,0.3715886,-0.8614699,0.4753022,-0.504514,-0.119216,-1.314101,0.3582052,0.1207194,26,26,27,26,26,26,27,26,27,27,27,27,27,27,27,27
629,6290,744.3058,-0.241914,0.1232654,0.4874833,0.8446828,0.7413131,-0.2554341,0.7534119,-0.123863,0.6153351,-0.2376511,0.3783855,-0.5960802,-0.1194641,0.5970089,0.1207194,26,26,27,26,26,26,27,26,27,27,27,27,27,27,27,27
630,6300,743.3409,-5.136996E-05,-0.4930601,0.2437416,-0.1206616,0.4942083,0,-0.2512071,-0.123863,-0.2461344,0.3564771,0.3783855,0.3576473,-0.9557109,-0.3582052,0,26,26,27,26,26,26,27,26,27,27,27,27,27,27,27,27
631,6310,743.0997,-0.1209827,0.1232654,-0.2437416,0.7240147,-0.6177619,0.5108687,0.502257,0.4954517,1.107604,-0.2376511,0.8828996,-0.8345115,0.3583906,0.4776066,-0.362155,26,26,27,26,26,26,27,26,27,27,27,27,27,27,27,27
632,6320,743.4615,-0.1209827,0.2465301,0.6093537,0.2413425,-0.1235528,0.1277172,0,-0.247726,0.3692007,0.8317792,0,0.2384313,-1.194637,-0.1194015,0,26,26,27,26,26,26,27,26,27,27,27,27,27,27,27,27
633,6330,742.6173,-0.6047015,0.1232654,-0.3656125,0.1206745,-0.4942096,0.7663028,0.1255771,0.4954517,0.6153351,0,0.630643,0.2384313,0.4778546,-0.4776066,-0.8450295,26,26,27,26,26,26,27,26,27,27,27,27,27,27,27,27
634,6340,742.8585,-0.1209827,-0.9861203,-0.4874833,-0.3619977,0.370656,0,0.1255771,0.4954517,1.23067,-0.3564771,0.504514,0.4768634,0.2389265,0.3582052,0.1207194,26,26,27,26,26,26,27,26,27,27,27,27,27,27,27,27
635,6350,742.8585,-0.8465642,-0.3697955,-0.6093541,0.2413425,-0.1235528,0.2554343,0,0.7431773,0.1230664,0.4753022,0,-0.119216,-0.1194641,-0.597008,-0.4828745,26,26,27,26,26,26,27,26,27,27,27,27,27,27,27,27
636,6360,742.6173,-0.241914,-0.7395902,-0.6093541,6.421245E-06,-0.2471052,0,0.2511542,-0.123863,0.2461336,-0.5941281,0.504514,0.1192152,-0.8362468,0,0,26,26,27,26,26,26,27,26,27,27,27,27,27,27,27,27
637,6370,743.3409,-0.241914,0,-0.4874833,-0.3619977,-0.2471052,-0.7663028,-0.251155,0,-0.123068,0.1188251,0,0.2384313,0.4778546,-0.1194015,-0.6035923,26,26,27,26,26,26,27,26,27,27,27,27,27,27,27,27
638,6380,742.7379,0.1208799,-0.9861203,-0.6093541,-0.7240018,-8.026557E-07,-0.7663028,-0.3767321,0.6193147,0.4922679,0,1.135157,0,-0.2389281,0.5970089,0.4828761,26,26,27,26,26,26,27,26,27,27,27,27,27,27,27,27
639,6390,743.5822,-0.7256328,-0.3697955,-0.6093541,0.1206745,-0.6177619,0,0.2511542,0,-0.123068,-0.1188259,0.1261285,0.2384313,-0.2389281,-0.2388037,-0.7243116,26,26,27,26,26,26,27,26,27,27,27,27,27,27,27,27
640,6400,743.2203,-0.4837702,-0.4930601,0.1218704,-0.2413297,0.1235516,-0.7663028,-0.7534641,0.123863,-0.123068,0.2376511,0.3783855,0.2384313,0.3583906,-0.1194015,0.4828761,26,26,27,26,26,26,27,26,27,27,27,27,27,27,27,27
641,6410,743.8235,-0.1209827,0.1232654,-0.2437416,0.6033466,-0.6177619,-0.2554341,-1.38135,-0.6193147,-0.9845371,-0.4753022,-0.3783855,-0.119216,-0.1194641,0.4776066,0,26,26,27,26,26,26,27,26,27,27,27,27,27,27,27,27
642,6420,743.5823,0.6045988,-0.8628557,0.2437416,-0.2413297,0.370656,-0.7663028,-0.5023091,-0.6193147,-0.3692015,0,0,0.1192152,0.5973187,0,0.4828761,26,26,27,26,26,26,27,26,27,27,27,27,27,27,27,27
643,6430,743.9442,-5.136996E-05,0,-0.3656125,0.4826786,-0.8648663,-0.2554341,-0.7534641,-0.123863,-0.4922687,-0.2376511,0.1261285,0.1192152,-0.1194641,0.7164103,0,26,26,27,26,26,26,27,26,27,27,27,27,27,27,27,27
644,6440,742.9792,0.3627426,-0.8628557,0.731225,6.421245E-06,0.247104,-0.6385856,-0.3767321,-0.247726,-0.2461344,-0.2376511,-0.1261285,-0.4768642,-0.1194641,-0.1194015,0.6035939,26,26,27,26,26,26,27,26,27,27,27,27,27,27,27,27
645,6450,743.8235,-0.1209827,0.4930601,0,0.6033402,-0.6177619,0.8940201,0,0,-1.476805,-0.7129533,-0.252257,-0.3576481,-0.7167827,0.7164103,0.8450311,26,26,27,26,26,26,27,26,27,27,27,27,27,27,27,27
646,6460,744.4266,0.2418113,0,0.1218704,0.3620041,0.617709,0.1277172,-0.1255771,-0.247726,0,-0.9506044,-0.504514,-0.8345115,-0.5973187,-0.3582052,0.3621566,26,26,27,26,26,26,27,26,27,27,27,27,27,27,27,27
647,6470,743.7029,-5.136996E-05,0.6163256,0.1218704,0.6033402,-5.217262E-05,0.6385858,-0.251155,0.3715886,-0.7384031,0,-1.009028,-0.4768642,-0.7167827,0.1194023,0.1207194,26,26,27,26,26,26,27,26,27,27,27,27,27,27,27,27
648,6480,743.9442,0.4836739,0.7395902,0.8530954,0.2413361,0.7412614,-0.7663028,0.1255771,-0.247726,0.7384023,0,0.252257,-0.5960802,0,-0.1194015,-0.2414372,26,26,27,26,26,26,27,26,27,27,27,27,27,27,27,27
649,6490,743.5823,0.4836739,0.3697955,0.6093537,0.120668,0.617709,0.2554343,-0.1255771,0.123863,-0.4922687,-0.2376511,-0.1261285,0.2384313,-0.4778546,-0.3582052,0.1207194,26,26,27,26,26,26,27,26,27,27,27,27,27,27,27,27
650,6500,743.7029,0.6045988,0.7395902,0.2437416,0.6033402,0.494157,0.5108687,0.3767321,-0.123863,0.9845359,-0.5941281,0.8828996,-0.7152954,0.5973187,0,-0.1207178,26,26,27,26,26,26,27,26,27,27,27,27,27,27,27,27
651,6510,743.3411,0.3627426,0.2465301,0.9749658,0.8446763,0.1235002,0.5108687,0.2511542,0,-0.9845371,0.3564771,-0.1261285,0.2384313,-1.194637,-0.1194015,0.1207194,26,26,27,26,26,26,27,26,27,27,27,27,27,27,27,27
652,6520,743.4617,-0.241914,0,0.3656121,0.3620041,0.494157,0.5108687,-0.3767321,0.4954517,0,-0.2376511,0.504514,-0.3576481,0.8362468,-0.3582052,-0.6035923,26,26,27,26,26,26,27,26,27,27,27,27,27,27,27,27
653,6530,743.8235,0.1208799,0.1232654,0.1218704,0.4826722,0.494157,-0.2554341,0.1255771,0.3715886,0.1230664,0,-0.1261285,0.1192152,-1.433565,0,0,26,26,27,26,26,26,27,26,27,27,27,27,27,27,27,27
654,6540,742.8586,-0.4837702,-0.1232654,0,0.3620041,-0.4942609,0.5108687,0,0.4954517,0,0.4753022,0.504514,-0.2384321,0.1194641,-0.597008,-0.2414372,26,26,27,26,26,26,27,26,27,27,27,27,27,27,27,27
655,6550,743.2205,-0.241914,-0.6163256,0.2437416,0.2413361,0.3706046,0.1277172,0.6278862,0.247726,0.4922679,0.4753022,0,0.1192152,-0.9557109,-0.3582052,0.1207194,26,26,27,26,26,26,27,26,27,27,27,27,27,27,27,27
656,6560,743.3411,-0.6047015,-0.6163256,-0.1218712,-0.6033402,-0.2471565,0.1277172,0.1255771,-0.123863,0.1230664,0.1188251,-0.1261285,0.5960794,0.1194641,-0.3582052,-0.2414372,26,26,27,26,26,26,27,26,27,27,27,27,27,27,27,27
657,6570,742.8587,0.1208799,-0.4930601,-0.3656125,-0.3620041,-0.2471565,-0.6385856,-0.3767321,0.123863,0,0,0.8828996,0,0,0,0.4828761,26,26,27,26,26,26,27,26,27,27,27,27,27,27,27,27
658,6580,743.2205,-0.8465642,-0.2465301,-0.3656125,0.2413361,-0.8649177,-0.3831513,0,-0.123863,0.2461336,0.1188251,0,0.3576473,0.5973187,0.1194023,-0.362155,26,26,27,26,26,26,27,26,27,27,27,27,27,27,27,27
659,6590,742.9792,-0.1209827,-1.109386,0.2437416,-0.3620041,-0.2471565,-0.1277172,-0.251155,-0.123863,0.3692007,0,0.252257,0.2384313,0.1194641,-0.1194015,0.6035939,26,26,27,26,26,26,27,26,27,27,27,27,27,27,27,27
660,6600,744.306,-0.3628389,0.2465301,-0.3656125,0.2413361,-0.4942609,-0.5108685,-1.004618,-0.7431773,-0.8614699,-0.4753022,-0.1261285,-0.119216,0.3583906,0.2388037,-0.8450295,26,26,27,26,26,26,27,26,27,27,27,27,27,27,27,27
661,6610,743.3411,0.3627426,0,0.3656121,-0.2413361,0.2470526,-0.6385856,-0.7534641,-0.6193147,-0.6153359,-0.3564771,-0.252257,-0.2384321,0.2389265,-0.1194015,0.1207194,26,26,27,26,26,26,27,26,27,27,27,27,27,27,27,27
662,6620,744.5472,-0.3628389,0.2465301,-0.731225,0.7240083,-0.6177619,0.3831515,-1.004618,-0.8670403,-0.8614699,-0.2376511,0.504514,0.2384313,-0.4778546,0,-0.4828745,26,26,27,26,26,26,27,26,27,27,27,27,27,27,27,27
663,6630,743.5823,0.3627426,-0.3697955,-0.2437416,-0.2413361,0.247104,-0.89402,-0.627887,0.123863,0,-0.3564771,0.1261285,0.7152954,0.2389265,0.4776066,0.1207194,26,26,27,26,26,26,27,26,27,27,27,27,27,27,27,27
664,6640,744.5472,0.2418113,0.2465301,-0.1218712,1.20668,-0.6177619,0.6385858,-1.004671,0,-1.107604,-0.9506044,-0.630643,-0.4768642,-0.8362468,0.7164103,-0.2414372,26,26,27,26,26,26,27,26,27,27,27,27,27,27,27,27
665,6650,743.8235,0.2418113,-0.2465301,0,0.120668,0.6177603,-0.3831513,-0.2512071,-0.7431773,-0.123068,-0.8317792,-0.3783855,-0.5960802,-0.3583922,0.3582052,0.6035939,26,26,27,26,26,26,27,26,27,27,27,27,27,27,27,27
666,6660,743.4617,0.2418113,0.2465301,-0.1218712,0.8446763,-0.6177619,0.1277172,-0.7535163,-0.123863,-0.9845371,-0.4753022,-0.3783855,-0.8345115,-0.7167827,0.4776066,0.4828761,26,26,27,26,26,26,27,26,27,27,27,27,27,27,27,27
667,6670,743.9442,0.2418113,0.7395902,0.2437416,0.3620041,0.6177603,-0.5108685,0.3766799,-0.247726,-0.123068,-0.7129533,0.252257,-0.7152954,-0.1194641,0.4776066,0.3621566,26,26,27,26,26,26,27,26,27,27,27,27,27,27,27,27
668,6680,743.7029,0.2418113,-0.2465301,0.2437416,0.4826722,0.1235516,0.2554343,0.1255249,0.3715886,-0.2461344,-0.1188259,-0.504514,-0.4768642,-0.9557109,0,0.6035939,26,26,27,26,26,26,27,26,27,27,27,27,27,27,27,27
669,6690,743.9442,-0.241914,0.3697955,0.3656121,0.3620041,0.6177603,0,0.2511028,0.4954517,0.4922679,-0.2376511,-0.1261285,-0.5960802,-0.1194641,-0.2388037,0.1207194,26,26,27,26,26,26,27,26,27,27,27,27,27,27,27,27
670,6700,743.8235,0.4836739,-0.2465301,0.3656121,0.3620041,0.247104,0.6385858,-0.6279392,0,-1.107604,0.2376511,-0.7567714,-0.119216,-0.7167827,0.1194023,0.7243133,26,26,27,26,26,26,27,26,27,27,27,27,27,27,27,27
671,6710,743.7029,-0.3628389,0.3697955,0,0.4826722,0.247104,0.3831515,0.2511028,-0.123863,0.6153351,0.1188251,0.3783855,-0.7152954,0.7167827,-0.2388037,-0.7243116,26,26,27,26,26,26,27,26,27,27,27,27,27,27,27,27
672,6720,743.5823,-5.136996E-05,-0.3697955,0.2437416,0.3620041,0.247104,0,-0.1256293,0.247726,-0.123068,0.5941281,0,-0.119216,-1.075175,-0.597008,-0.2414372,26,26,27,26,26,26,27,26,27,27,27,27,27,27,27,27
673,6730,743.3409,-0.241914,0.1232654,0.1218704,0.8446763,0.370656,0.8940201,-0.3767842,-0.123863,0.3692007,0,0.8828996,-0.7152954,0.1194641,0.1194023,-0.9657489,26,26,27,26,26,26,27,26,27,27,27,27,27,27,27,27
674,6740,743.8234,-0.241914,0,0.4874833,0.7240083,0.370656,0.1277172,0.1255249,0.4954517,0,0.4753022,0,0.3576473,-0.8362468,0.4776066,0,26,26,27,26,26,26,27,26,27,27,27,27,27,27,27,27
675,6750,743.4615,-0.241914,-0.6163256,-0.4874833,0.120668,-0.2471052,0.5108687,-0.3767842,0.7431773,0.3692007,0.2376511,0.3783855,-0.7152954,-0.1194641,-0.1194015,-0.362155,26,26,27,26,26,26,27,26,27,27,27,27,27,27,27,27
676,6760,742.9791,-0.7256328,-0.7395902,-0.3656125,-0.3620041,0.4942083,0.2554343,0.2511028,-0.123863,0.7384023,0.5941281,0.504514,-0.4768642,-0.4778546,-0.1194015,0.1207194,26,26,27,26,26,26,27,26,27,27,27,27,27,27,27,27
677,6770,743.0997,-0.3628389,-0.6163256,-0.731225,0.3620041,-0.3706574,0.3831515,-5.217262E-05,0.247726,-0.123068,1.06943,0.1261285,0.1192152,0.4778546,-0.1194015,-0.9657489,26,26,27,26,26,26,27,26,27,27,27,27,27,27,27,27
678,6780,743.4615,-0.6047015,-0.3697955,-0.3656125,-0.2413361,0.123552,-0.3831513,0.6278341,0.247726,0.7384023,0.3564771,0.252257,0.3576473,-0.2389281,0.4776066,0.3621566,26,26,27,26,26,26,27,26,27,27,27,27,27,27,27,27
679,6790,743.2203,-0.7256328,-0.1232654,-0.8530958,0.4826722,-0.9884183,0,-5.217262E-05,-0.247726,-0.3692015,0.7129533,0.3783855,0.3576473,0.3583906,-0.1194015,-0.6035923,26,26,27,26,26,26,27,26,27,27,27,27,27,27,27,27
680,6800,743.4615,-0.1209827,-1.109386,0.2437416,-0.6033402,-0.1235528,-0.5108685,-0.627887,-0.123863,0.1230664,0.3564771,1.009029,0,0.1194641,0.3582052,0.4828761,26,26,27,26,26,26,27,26,27,27,27,27,27,27,27,27
681,6810,744.1852,-0.4837702,0.3697955,-0.4874833,0.7240083,-0.4942093,0,-0.1255771,-0.123863,-0.4922687,0.1188251,0.3783855,-0.119216,0,0.2388037,-0.8450295,26,26,27,26,26,26,27,26,27,27,27,27,27,27,27,27
682,6820,742.7379,0.6045988,-0.8628557,0,0,0.247104,-0.89402,-0.3767321,0.3715886,-0.123068,0.2376511,0.1261285,-0.2384321,0.5973187,0.4776066,0.2414388,26,26,27,26,26,26,27,26,27,27,27,27,27,27,27,27
683,6830,743.4615,-5.136996E-05,0.1232654,-0.9749666,0.8446763,-0.9884183,-0.3831513,-1.004618,-0.247726,-0.3692015,-0.3564771,-0.630643,-0.119216,0,0.3582052,0.2414388,26,26,27,26,26,26,27,26,27,27,27,27,27,27,27,27
684,6840,743.0997,0.7255301,-0.4930601,0,-0.4826722,0.4942088,-0.7663028,-0.251155,-0.123863,0.1230664,-0.5941281,0.504514,0,0,0.1194023,0.6035939,26,26,27,26,26,26,27,26,27,27,27,27,27,27,27,27
685,6850,743.4615,-0.241914,0.2465301,-0.4874833,0.4826722,-0.3706572,-0.2554341,-1.38135,-0.7431773,-0.8614699,-0.1188259,-0.3783855,0,-0.4778546,0.4776066,0,26,26,27,26,26,26,27,26,27,27,27,27,27,27,27,27
686,6860,743.5822,0.3627426,-0.6163256,0.2437416,-0.7240083,0.3706564,-0.6385856,-0.3767321,-0.4954517,-0.3692015,-0.2376511,0,-0.4768642,0.4778546,0.2388037,-0.2414372,26,26,27,26,26,26,27,26,27,27,27,27,27,27,27,27
687,6870,743.944,-0.3628389,-0.2465301,0.2437416,0.6033402,-0.7413139,0.1277172,-1.004618,-0.123863,-0.3692015,-0.1188259,-0.8829,-0.119216,-0.7167827,0.8358118,0.4828761,26,26,27,26,26,26,27,26,27,27,27,27,27,27,27,27
688,6880,744.1852,0.2418113,0.1232654,0.2437416,-0.2413361,0.4942088,-0.5108685,0.2511542,-0.247726,-0.3692015,-0.5941281,-0.630643,-0.3576481,-0.3583922,0.3582052,-0.1207178,26,26,27,26,26,26,27,26,27,27,27,27,27,27,27,27
689,6890,744.4266,-0.1209827,0.4930601,-0.3656125,0.8446763,-0.3706572,0.1277172,-0.1255771,0.123863,-1.107604,-0.4753022,-0.3783855,-0.119216,-0.4778546,0.3582052,0.1207194,26,26,27,26,26,26,27,26,27,27,27,27,27,27,27,27
690,6900,744.1854,0.2418113,-0.2465301,0.4874833,-0.3620041,0.3706564,-0.5108685,0.5023091,-0.247726,0.1230664,-0.8317792,-0.3783855,-0.3576481,-0.1194641,0.8358118,0,26,26,27,26,26,26,27,26,27,27,27,27,27,27,27,27
691,6910,744.0648,-0.6047015,0.2465301,0.8530954,0.9653444,-0.4942093,0.6385858,-0.8790412,-0.123863,-1.107604,-0.1188259,0,-0.9537275,-0.3583922,0.4776066,-0.4828745,26,26,27,26,26,26,27,26,27,27,27,27,27,27,27,27
692,6920,743.4617,0.3627426,0.2465301,0.2437408,-0.8446763,0.9884175,-0.5108685,0.1255771,-0.8670403,0.7384023,-0.4753022,-0.1261285,-0.7152954,-0.1194641,0.4776066,-0.1207178,26,26,27,26,26,26,27,26,27,27,27,27,27,27,27,27
693,6930,743.9442,-0.3628389,0.3697955,-8.026557E-07,1.20668,-1.235523,0.2554343,-1.004618,-0.3715886,-0.6153359,-0.7129533,-0.504514,0.1192152,-0.5973187,0.3582052,0.6035939,26,26,27,26,26,26,27,26,27,27,27,27,27,27,27,27
694,6940,744.0648,0.3627426,0.2465301,0.2437408,0,0.9884171,-1.277171,0.5023091,-0.3715886,-0.123068,-0.4753022,0,-0.3576481,0,0.4776066,0.1207194,26,26,27,26,26,26,27,26,27,27,27,27,27,27,27,27
695,6950,743.4617,0.4836739,0,0.7312241,0.6033402,-0.3706574,0.3831515,-0.8790412,0.3715886,-0.7384031,-0.3564771,-0.7567714,-0.5960802,-0.7167827,0.3582052,0.3621566,26,26,27,26,26,26,27,26,27,27,27,27,27,27,27,27
696,6960,743.9442,0.1208799,0.1232654,0.8530946,0.6033402,0.7413127,-0.3831513,0.2511028,-0.247726,0,-0.5941281,-0.630643,-0.119216,-0.2389281,0.5970089,0.2414388,26,26,27,26,26,26,27,26,27,27,27,27,27,27,27,27
697,6970,744.0648,0.7255301,-0.4930601,-0.3656133,0.8446763,-0.4942096,0.3831515,-0.5023605,0,-1.107604,-0.5941281,-0.8829,-0.3576481,-0.7167827,0.5970089,0.9657505,26,26,27,26,26,26,27,26,27,27,27,27,27,27,27,27
698,6980,744.0648,-5.136996E-05,0,0.1218696,0.6033402,0.247104,0.2554343,0.3766807,0,0.4922679,-1.06943,0.1261285,-0.9537275,-0.5973187,0.1194023,0.4828761,26,26,27,26,26,26,27,26,27,27,27,27,27,27,27,27
699,6990,743.5823,0.4836739,0.4930601,-0.2437425,0.4826722,-0.6177619,-0.2554341,-0.5023605,0.6193147,-0.3692015,0,-0.8829,0.1192152,-0.7167827,1.074615,0.3621566,26,26,27,26,26,26,27,26,27,27,27,27,27,27,27,27
700,7000,744.1854,-5.136996E-05,0.4930601,0.4874825,0.2413361,-8.026557E-07,-0.1277172,0.6278349,-0.247726,0.2461336,-1.06943,0.1261285,-0.9537275,-0.3583922,0.1194023,-0.1207178,26,26,27,26,26,26,27,26,27,27,27,27,27,27,27,27
701,7010,744.306,0.6045988,-0.1232654,0.8530946,0.2413361,0.7413127,0,-0.1256285,0.7431773,-0.7384031,0.9506044,-0.3783855,0.3576473,-1.194637,0,0.2414388,26,26,27,26,26,26,27,26,27,27,27,27,27,27,27,27
702,7020,743.9442,-0.3628389,0.6163256,0.2437408,0.8446763,0.370656,0.7663028,-5.136996E-05,-0.123863,0.6153351,0,0.252257,-0.2384321,-0.1194641,0.4776066,0.2414388,26,26,27,26,26,26,27,26,27,27,27,27,27,27,27,27
703,7030,743.4617,-0.4837702,0.1232654,0.3656113,0.6033402,0.1235516,0.6385858,0.1255257,0.6193147,-0.6153359,0.1188251,-0.3783855,0.3576473,-0.3583922,-0.597008,-0.362155,26,26,27,26,26,26,27,26,27,27,27,27,27,27,27,27
704,7040,743.7029,-0.241914,0.6163256,0.2437408,0.6033402,-8.026557E-07,0.3831515,-0.5023605,0,0.9845359,0.2376511,0.504514,-0.3576481,0.2389265,-0.4776066,-0.6035923,26,26,27,26,26,26,27,26,27,27,27,27,27,27,27,27
705,7050,743.2205,-0.241914,0.1232654,0.2437408,0.2413361,0.247104,0.2554343,0.3766807,0.3715886,0.2461336,0.2376511,-0.3783855,0.4768634,0,-0.1194015,0.1207194,26,26,27,26,26,26,27,26,27,27,27,27,27,27,27,27
706,7060,742.6174,-0.3627875,-0.2465301,-0.3656133,0.3620041,0.1235516,0.1277172,-0.3767834,0,0,-0.3564771,0.252257,-0.2384321,0.4778546,-0.1194015,-0.6035923,26,26,27,26,26,26,27,26,27,27,27,27,27,27,27,27
707,7070,742.9792,-0.2418626,-0.6163256,0.3656113,0.7240083,0.247104,0,0.3766807,0.4954517,0,-0.3564771,0.1261285,0.4768634,-0.4778546,0.1194023,0.1207194,26,26,27,26,26,26,27,26,27,27,27,27,27,27,27,27
708,7080,743.3411,-0.7255815,-0.3697955,-0.4874833,-0.120668,-0.1235528,0.5108687,-0.1256285,0.247726,0.2461336,0.1188251,0.1261285,-0.3576481,0.5973187,-0.7164099,-0.9657489,26,26,27,26,26,26,27,26,27,27,27,27,27,27,27,27
709,7090,743.0999,0.2418626,-0.8628557,-0.2437416,-0.120668,0.247104,-0.1277172,-0.6279384,-0.123863,0.6153351,0,0.504514,-0.119216,-0.5973187,0.2388037,0.4828761,26,26,27,26,26,26,27,26,27,27,27,27,27,27,27,27
710,7100,743.0999,-0.9674441,-0.1232654,-0.2437416,-0.6033402,-0.1235528,0.2554343,-0.2512063,0.3715886,0.3692007,0.3564771,0.252257,0.2384313,-0.1194641,-0.1194015,-0.8450295,26,26,27,26,26,26,27,26,27,27,27,27,27,27,27,27
711,7110,742.4968,-0.3627875,-0.4930601,0.2437416,0,-0.3706572,-0.5108685,-0.1256285,0,0.3692007,0.5941281,-0.1261285,0.5960794,-0.1194641,0.4776066,0.4828761,26,26,27,26,26,26,27,26,27,27,27,27,27,27,27,27
712,7120,743.5823,-0.1209313,-0.3697955,-0.3656125,-0.3620041,-4.013278E-07,0.2554343,-0.3767842,0.3715886,0.1230664,0.1188251,-0.1261285,0.2384313,0.3583906,0.1194023,-0.7243116,26,26,27,26,26,26,27,26,27,27,27,27,27,27,27,27
713,7130,743.0999,0.6046501,-0.9861203,0.1218704,-0.7240083,-0.8648661,-0.5108685,-0.1256293,-0.123863,-0.2461344,-0.2376511,0.252257,0.2384313,0.8362468,0,0.8450311,26,26,27,26,26,26,27,26,27,27,27,27,27,27,27,27
714,7140,743.4617,-0.6046501,-0.3697955,-0.8530958,-0.6033402,-0.2471048,-0.5108685,-0.3767842,-0.6193147,0,-0.2376511,0,0.3576473,0.5973187,-0.3582052,-0.1207178,26,26,27,26,26,26,27,26,27,27,27,27,27,27,27,27
715,7150,743.0999,0.9674441,-0.7395902,0.1218704,-0.6033402,-0.2471048,-0.6385856,-0.3767842,-0.123863,0.3692007,-0.3564771,0.504514,-0.4768642,0.3583906,0.1194023,0.3621566,26,26,27,26,26,26,27,26,27,27,27,27,27,27,27,27
716,7160,744.1854,-0.2418626,0.3697955,-0.4874833,0.6033402,-0.4942093,-0.3831513,-0.2512071,0.123863,-0.8614699,0.4753022,0.630643,0.2384313,-0.1194641,0.3582052,-0.2414372,26,26,27,26,26,26,27,26,27,27,27,27,27,27,27,27
717,7170,743.0999,0.6046501,-0.3697955,0.1218704,0,0.4942088,-1.021737,-0.3767842,-0.8670403,0,-0.1188259,-0.1261285,-0.3576481,0.3583906,0.5970089,-0.1207178,26,26,27,26,26,26,27,26,27,27,27,27,27,27,27,27
718,7180,743.5823,0.362794,0.9861203,0.1218704,0.9653444,-0.2471048,0.1277172,-0.6279392,0,-1.476805,-0.9506044,-0.252257,-0.4768642,0,0,0.2414388,26,26,27,26,26,26,27,26,27,27,27,27,27,27,27,27
719,7190,743.7029,0.362794,-0.7395902,0.6093537,-0.4826722,0.123552,-0.89402,-0.5023613,-0.247726,-0.123068,-0.7129533,0.252257,0.3576473,-0.3583922,0.1194023,0.8450311,26,26,27,26,26,26,27,26,27,27,27,27,27,27,27,27
720,7200,743.8235,-0.3627875,0.3697955,-0.4874833,0.2413361,-0.7413139,0.6385858,-5.217262E-05,-0.4954517,-0.3692015,-0.4753022,-0.252257,-0.8345115,-0.5973187,0,-0.1207178,26,26,27,26,26,26,27,26,27,27,27,27,27,27,27,27
721,7210,743.4615,0,-0.3697955,0.731225,-0.2413361,0.6177607,-0.6385856,0.3766799,-0.7431773,-0.123068,-0.7129533,-0.1261285,-0.9537275,0,0.1194023,0.4828761,26,26,27,26,26,26,27,26,27,27,27,27,27,27,27,27
722,7220,743.5822,-5.136996E-05,0.1232654,-0.1218712,0.7240083,-4.013278E-07,0.1277172,-0.6279392,0.247726,-1.230671,-0.8317792,-0.252257,-0.119216,-0.8362468,0.7164103,0.9657505,26,26,27,26,26,26,27,26,27,27,27,27,27,27,27,27
723,7230,743.4615,0.2418113,-0.1232654,0.1218704,0.120668,0.6177607,0,-5.217262E-05,-0.3715886,0,-0.7129533,0,-0.8345115,-0.2389281,0.7164103,0.1207194,26,26,27,26,26,26,27,26,27,27,27,27,27,27,27,27
724,7240,743.4615,0.3627426,0.1232654,0.3656121,0.6033402,-0.2471048,0.5108687,0.2511028,-0.123863,-0.3692015,0.2376511,-0.7567714,-0.2384321,-0.9557109,0.5970089,0.6035939,26,26,27,26,26,26,27,26,27,27,27,27,27,27,27,27
725,7250,743.2203,0.1208799,0.3697955,0.2437416,0.1206745,0.7413131,0.2554343,0.6278341,-0.8670403,0.2461336,0.1188251,0.252257,-1.072944,0,0.5970089,0,26,26,27,26,26,26,27,26,27,27,27,27,27,27,27,27
726,7260,743.3409,-0.241914,-0.3697955,0.2437416,0.4826786,-0.1235528,0.1277172,-5.217262E-05,0.247726,-0.6153359,0.5941281,-0.3783855,-0.119216,-1.194637,0.4776066,0.4828761,26,26,27,26,26,26,27,26,27,27,27,27,27,27,27,27
727,7270,743.7028,0.1208799,0.1232654,-0.3656125,0.4826786,-0.1235528,-0.5108685,-5.217262E-05,-0.123863,0.3692007,-0.7129533,0.1261285,-0.3576481,-0.2389281,-0.2388037,0.2414388,26,26,27,26,26,26,27,26,27,27,27,27,27,27,27,27
728,7280,743.4615,0.2418113,0,0.2437416,0.3620105,0.7413127,0.2554343,0.1255771,0.247726,-0.8614699,0.4753022,-0.3783855,0.2384313,-0.9557109,-0.597008,0,26,26,27,26,26,26,27,26,27,27,27,27,27,27,27,27
729,7290,743.5822,-0.241914,0.2465301,0,0.9653507,0.370656,0.6385858,0.3767321,-0.123863,0.6153351,-0.4753022,0.252257,-0.8345115,0.2389265,0.1194023,-0.1207178,26,26,27,26,26,26,27,26,27,27,27,27,27,27,27,27
730,7300,743.4615,1.088324,0.1232654,0.4874833,0.3620105,0.1235516,0.7663028,0.5023091,0.8670407,-0.6153359,-0.1188259,-0.252257,0,-0.7167827,-0.3582052,0.4828761,26,26,27,26,26,26,27,26,27,27,27,27,27,27,27,27
731,7310,743.7028,0.7255301,-0.2465301,-0.2437416,0.4826786,0.1235516,-0.5108685,0.1255771,0.247726,0.7384023,-0.3564771,0.3783855,-0.2384321,0.2389265,0.2388037,-0.1207178,26,26,27,26,26,26,27,26,27,27,27,27,27,27,27,27
732,7320,743.2203,0.4836739,0,0.1218704,0.4826786,0.8648651,0.1277172,0.7534641,-0.3715886,-0.123068,0.1188251,0.1261285,1.072943,-0.9557109,-0.1194015,-0.2414372,26,26,27,26,26,26,27,26,27,27,27,27,27,27,27,27
733,7330,742.9791,0.2418113,0.3697955,0.3656121,0.8446828,0.370656,0.6385858,-0.3767321,-0.123863,0.3692007,-0.5941281,0.7567711,-0.119216,0.3583906,0.1194023,-0.1207178,26,26,27,26,26,26,27,26,27,27,27,27,27,27,27,27
734,7340,743.2203,0.1208799,0.1232654,0.9749658,0.1206745,0.6177603,0.3831515,0.6278862,0.247726,-0.123068,0.5941281,0.1261285,0,-0.5973187,-0.2388037,0.1207194,26,26,27,26,26,26,27,26,27,27,27,27,27,27,27,27
735,7350,743.0997,-0.241914,0.1232654,0.3656121,0.8446828,-8.026557E-07,0.5108687,0,1.238629,0.3692007,0.2376511,0.630643,-0.7152954,0.3583906,-0.4776066,0,26,26,27,26,26,26,27,26,27,27,27,27,27,27,27,27
736,7360,742.8585,-0.1209827,-0.1232654,-0.3656125,0.1206745,0.9884171,-0.1277172,0.2511542,-0.123863,-0.2461344,0.1188251,-0.3783855,0.7152954,-0.4778546,0.1194023,0,26,26,27,26,26,26,27,26,27,27,27,27,27,27,27,27
737,7370,742.738,-0.4837702,-0.4930601,0.2437416,0.2413425,-0.1235528,0.5108687,-0.1255771,0.123863,0.2461336,0,0.1261285,0.3576473,0.3583906,0.1194023,-0.4828745,26,26,27,26,26,26,27,26,27,27,27,27,27,27,27,27
738,7380,742.8586,-0.3627875,-0.6163256,-0.3656125,6.421245E-06,0.370656,0,0.7534641,0.6193147,0.3692007,0.4753022,0.252257,-0.119216,-0.7167827,0,-0.362155,26,26,27,26,26,26,27,26,27,27,27,27,27,27,27,27
739,7390,742.2556,-0.6046501,-0.2465301,0,-0.1206616,0.4942083,0.2554343,0.1255771,0.3715886,0.2461336,0.1188251,0,-0.119216,0.4778546,-0.1194015,-0.6035923,26,26,27,26,26,26,27,26,27,27,27,27,27,27,27,27
740,7400,742.4968,-0.4837188,-0.6163256,0.1218704,-0.1206616,0.370656,0.2554343,0.2511542,-0.3715886,0.4922679,0.3564771,0.8828996,0.3576473,-0.1194641,0.4776066,0.1207194,26,26,27,26,26,26,27,26,27,27,27,27,27,27,27,27
741,7410,742.738,-0.7255815,-0.2465301,-0.1218712,0.2413361,0.1235516,-0.1277172,0.5023091,0.8670407,-0.7384031,0.3564771,0.252257,0.3576473,0.3583906,-0.4776066,-1.207186,26,26,27,26,26,26,27,26,27,27,27,27,27,27,27,27
742,7420,742.738,-0.4837188,-0.6163256,-0.2437416,-0.120668,-4.013278E-07,-0.3831513,0,-0.247726,0.8614694,0.4753022,1.009029,-0.119216,0,0.4776066,0.2414388,26,26,27,26,26,26,27,26,27,27,27,27,27,27,27,27
743,7430,743.3411,-0.7255815,-0.1232654,-0.731225,-0.6033402,-0.7413139,-0.3831513,-0.5023091,-0.4954517,-0.3692015,-0.1188259,0,-0.119216,-0.2389281,-0.2388037,-0.8450295,26,26,27,26,26,26,27,26,27,27,27,27,27,27,27,27
744,7440,743.2205,-0.1209313,-0.3697955,-0.1218712,-0.9653444,0.247104,-0.2554341,0.1255771,-0.123863,0.4922679,0.8317792,0.3783855,-0.2384321,-0.1194641,0.3582052,0.8450311,26,26,27,26,26,26,27,26,27,27,27,27,27,27,27,27
745,7450,743.2205,-0.9674441,-0.1232654,-0.2437416,0.2413361,-0.1235528,-0.5108685,-0.3767321,0.247726,0,0.5941281,0.3783855,0.2384313,0.1194641,-0.3582052,-0.2414372,26,26,27,26,26,26,27,26,27,27,27,27,27,27,27,27
746,7460,742.1349,0.2418626,-0.6163256,-0.2437416,-0.6033402,-0.6177616,-0.5108685,0.1255771,0.3715886,0.2461336,0.1188251,1.009029,0,-0.3583922,0.5970089,0.1207194,26,26,27,26,26,26,27,26,27,27,27,27,27,27,27,27
747,7470,743.3411,-0.9674441,0.2465301,-0.3656125,0.4826722,-4.013278E-07,-0.2554341,-0.251155,0.123863,-0.123068,0.2376511,0.252257,0,-0.1194641,-0.597008,-0.1207178,26,26,27,26,26,26,27,26,27,27,27,27,27,27,27,27
748,7480,742.3762,0.1209313,-0.6163256,-0.1218712,-0.4826722,0.3706564,-0.1277172,-0.5023091,-0.123863,0.8614694,0.3564771,0.7567711,-0.119216,0.4778546,0.7164103,0.8450311,26,26,27,26,26,26,27,26,27,27,27,27,27,27,27,27
749,7490,743.4617,-1.088375,0.3697955,-0.4874833,0.6033402,-0.8648661,-0.5108685,-0.1255771,-0.123863,-0.4922687,0.1188251,0.630643,0,0.1194641,0.1194023,-1.086467,26,26,27,26,26,26,27,26,27,27,27,27,27,27,27,27
750,7500,742.2556,0.6046501,-0.2465301,0.1218704,-0.7240083,-0.2471048,-0.3831513,-0.3767321,-0.123863,-0.123068,-0.2376511,1.009029,-0.2384321,0.7167827,0.7164103,0.6035939,26,26,27,26,26,26,27,26,27,27,27,27,27,27,27,27
751,7510,743.5823,-0.6046501,0.2465301,-0.6093541,0.7240083,-0.9884183,-0.2554341,-0.5023091,-0.3715886,-0.3692015,-0.3564771,0.1261285,0.5960794,0,-0.2388037,-0.1207178,26,26,27,26,26,26,27,26,27,27,27,27,27,27,27,27
752,7520,743.4617,0.1209313,-0.4930601,-0.2437416,-0.2413361,-4.013278E-07,0,-1.130196,-0.247726,-0.3692015,0.1188251,0.1261285,0,0.2389265,0.4776066,0.6035939,26,26,27,26,26,26,27,26,27,27,27,27,27,27,27,27
753,7530,743.5823,-0.6046501,0.1232654,-0.6093541,0,-0.6177616,-0.2554341,-0.251155,-0.247726,-0.3692015,0,0.252257,-0.119216,0.2389265,-0.2388037,-0.362155,26,26,27,26,26,26,27,26,27,27,27,27,27,27,27,27
754,7540,742.2556,0.1208799,-0.2465301,0.1218704,-0.7240083,-4.013278E-07,-1.021737,-0.7534641,-0.247726,-0.2461344,0.2376511,0.252257,-0.119216,0,0,0,26,26,27,26,26,26,27,26,27,27,27,27,27,27,27,27
755,7550,743.7029,0.1208799,0.3697955,0,0,-0.4942093,0,-0.7534641,-0.4954517,-0.9845371,-0.7129533,-0.1261285,0.4768634,0.2389265,0.5970089,-0.1207178,26,26,27,26,26,26,27,26,27,27,27,27,27,27,27,27
756,7560,742.6174,0.4836739,-0.6163256,0.3656121,-0.2413361,0.3706564,-0.6385856,-0.7534641,-0.6193147,-0.123068,0,-0.252257,-0.119216,0.7167827,-0.1194015,0.3621566,26,26,27,26,26,26,27,26,27,27,27,27,27,27,27,27
757,7570,743.2205,-0.1209827,0.4930601,-0.4874833,0.4826722,-0.7413139,-0.89402,-0.7534641,-0.4954517,-0.3692015,-0.5941281,0.3783855,0.2384313,-0.5973187,0.8358118,-0.2414372,26,26,27,26,26,26,27,26,27,27,27,27,27,27,27,27
758,7580,743.5823,-5.136996E-05,0.4930601,0.4874833,0,0.494157,-1.404889,0,-0.6193147,-0.3692015,-0.4753022,0.1261285,-0.2384321,0.3583906,0.3582052,0.1207194,26,26,27,26,26,26,27,26,27,27,27,27,27,27,27,27
759,7590,743.5823,-5.136996E-05,0.2465301,-0.1218712,0.8446763,-0.8649177,-0.2554341,-0.8790412,-0.247726,-1.230671,-0.2376511,-0.630643,-0.3576481,-0.3583922,0.2388037,0.2414388,26,26,27,26,26,26,27,26,27,27,27,27,27,27,27,27
760,7600,743.2205,0.4836739,-0.2465301,0.1218704,-0.2413361,0.494157,-0.7663028,0.1255257,-0.4954517,-0.3692015,-0.9506044,-0.3783855,0,0,-0.1194015,0.2414388,26,26,27,26,26,26,27,26,27,27,27,27,27,27,27,27
761,7610,743.4617,0.3627426,0.2465301,-0.2437416,0.8446763,-0.8649177,0.2554343,-0.8790926,0.123863,-0.7384031,-0.1188259,0,-0.3576481,-0.5973187,0.7164103,-0.362155,26,26,27,26,26,26,27,26,27,27,27,27,27,27,27,27
762,7620,743.7029,0.2418113,-0.3697955,0.1218704,-0.120668,0.2470526,-0.89402,-0.5023605,-0.247726,-0.2461344,-0.4753022,-0.504514,-0.3576481,-0.3583922,0.7164103,0.3621566,26,26,27,26,26,26,27,26,27,27,27,27,27,27,27,27
763,7630,743.3411,0.4836739,0.3697955,-0.1218712,0.8446763,-0.2471565,0,-0.6279384,-0.3715886,-0.6153359,0.1188251,-0.252257,-1.072944,-0.8362468,0.3582052,0.4828761,26,26,27,26,26,26,27,26,27,27,27,27,27,27,27,27
764,7640,743.2205,-0.241914,0,0.3656121,0.120668,0.9883657,-0.2554341,0.2511028,-0.7431773,0.2461336,-0.5941281,-0.504514,-0.8345115,-0.4778546,0.2388037,-0.1207178,26,26,27,26,26,26,27,26,27,27,27,27,27,27,27,27
765,7650,743.4617,0.6045988,0.3697955,-0.2437416,0.7240083,-0.1236042,0.5108687,-0.8790926,-0.247726,-1.107604,-0.2376511,-0.3783855,-0.8345115,-0.3583922,1.074615,0.1207194,26,26,27,26,26,26,27,26,27,27,27,27,27,27,27,27
766,7660,743.3411,-5.136996E-05,0.7395902,-0.1218712,0.3620041,0.7412614,-0.5108685,0.5022578,-0.6193147,0.3692007,-1.307081,0.1261285,-0.5960802,0.2389265,-0.3582052,-0.1207178,26,26,27,26,26,26,27,26,27,27,27,27,27,27,27,27
767,7670,743.2205,0.7255301,-0.2465301,0,0.4826722,-0.1236042,0.2554343,-0.8790926,0.247726,-0.7384031,0,-0.630643,-0.3576481,-0.8362468,0.4776066,0.3621566,26,26,27,26,26,26,27,26,27,27,27,27,27,27,27,27
768,7680,743.2205,0.4836739,0.1232654,0.4874833,0.3620041,-5.217262E-05,0.1277172,0.3766807,-0.123863,0.3692007,-0.9506044,-0.252257,-1.19216,0.2389265,0.5970089,0,26,26,27,26,26,26,27,26,27,27,27,27,27,27,27,27
769,7690,743.0999,-5.136996E-05,0.1232654,0.4874833,1.086012,0.2470526,0.1277172,-0.5023605,0.3715886,-1.107604,-0.7129533,-0.3783855,-0.5960802,-0.5973187,0,0.3621566,26,26,27,26,26,26,27,26,27,27,27,27,27,27,27,27
770,7700,743.0999,0.1208799,0.9861203,0.3656121,-0.2413361,0.8648137,0,-5.136996E-05,-0.123863,0.4922679,0,0.3783855,-0.8345115,0.1194641,0.1194023,0.1207194,26,26,27,26,26,26,27,26,27,27,27,27,27,27,27,27
771,7710,742.9792,0.2418113,-0.2465301,0.3656121,0.3620041,0.494157,0.3831515,-5.136996E-05,0.7431773,-0.9845371,0.7129533,-0.3783855,0,-0.8362468,0,0,26,26,27,26,26,26,27,26,27,27,27,27,27,27,27,27
772,7720,742.9792,0.1208799,-0.2465301,0.3656113,1.086012,0.8648137,0.6385858,0.2511028,0.123863,0.4922679,-0.1188259,0.252257,-0.5960802,0.3583906,0.4776066,0.1207194,26,26,27,26,26,26,27,26,27,27,27,27,27,27,27,27
773,7730,742.8586,0.1208799,0.3697955,0.8530946,0.8446763,0.3706046,0.3831515,-0.1256285,0.123863,-0.4922687,0.5941281,0,-0.2384321,-1.194637,-0.3582052,-0.2414372,26,26,27,26,26,26,27,26,27,27,27,27,27,27,27,27
774,7740,742.3762,-0.241914,0.1232654,-0.121872,0.7240083,0.1235516,0.1277172,0.1255257,0.6193147,0.9845359,-0.3564771,0.252257,-0.8345115,0.8362468,0.1194023,-0.362155,26,26,27,26,26,26,27,26,27,27,27,27,27,27,27,27
775,7750,742.9792,0.1208799,0,0.4874825,-0.3620041,0.370656,-0.5108685,-0.6279384,-0.123863,0.1230664,0.3564771,-0.252257,0.4768634,-1.075175,-0.597008,-0.7243116,26,26,27,26,26,26,27,26,27,27,27,27,27,27,27,27
776,7760,743.2205,-0.1209827,0.1232654,0.2437408,1.327348,0.6177603,0.7663028,0.1255771,0.3715886,0.7384023,-0.7129533,0.3783855,-0.7152954,-0.1194641,-0.2388037,-0.4828745,26,26,27,26,26,26,27,26,27,27,27,27,27,27,27,27
777,7770,742.2556,-0.241914,-0.7395902,0.2437408,0.8446763,0.8648651,0.5108687,0,0.4954517,-0.3692015,0.4753022,0.504514,0.8345115,-0.4778546,-0.4776066,0,26,26,27,26,26,26,27,26,27,27,27,27,27,27,27,27
778,7780,742.3762,-0.3628389,0.1232654,-0.3656133,0.2413361,0.247104,0.2554343,-0.5023091,0.3715886,0.4922679,-0.2376511,0.630643,-0.7152954,0.9557093,-0.8358118,-0.362155,26,26,27,26,26,26,27,26,27,27,27,27,27,27,27,27
779,7790,742.2556,-5.136996E-05,-0.3697955,-8.026557E-07,0.2413361,-8.026557E-07,0.5108687,0.2511542,0.4954517,0.4922679,-0.2376511,-0.252257,-0.119216,-0.5973187,-0.2388037,-0.362155,26,26,27,26,26,26,27,26,27,27,27,27,27,27,27,27
780,7800,742.2556,-0.8465642,-0.2465301,-0.8530965,-0.2413361,-0.1235528,0.2554343,0,0.4954517,0.1230664,0.5941281,0.504514,-0.5960802,-0.2389281,-0.4776066,-0.8450295,26,26,27,26,26,26,27,26,27,27,27,27,27,27,27,27
781,7810,742.738,-5.136996E-05,-0.7395902,-0.2437425,0,-8.026557E-07,0.2554343,-0.251155,0.123863,0.4922679,0.1188251,0.630643,-0.119216,-0.5973187,0.4776066,0.3621566,26,26,27,26,26,26,27,26,27,27,27,27,27,27,27,27
782,7820,743.2205,-0.241914,-0.3697955,-0.2437425,0.2413361,-0.7413141,0,0.1255771,0.4954517,-0.123068,0.4753022,0.504514,0.4768634,-0.4778546,0.1194023,-0.362155,26,26,27,26,26,26,27,26,27,27,27,27,27,27,27,27
783,7830,742.738,0.1208799,-1.23265,-8.026557E-07,-0.2413361,-0.4942096,0,-0.1255771,0.247726,0.3692007,0,0.1261285,0.8345115,0.1194641,0.2388037,0.3621566,26,26,27,26,26,26,27,26,27,27,27,27,27,27,27,27
784,7840,742.6174,-0.8465642,0.1232654,-0.7312257,-0.120668,-0.6177619,-0.3831513,0.2511542,0,-0.8614699,0.4753022,0.3783855,0.5960794,-0.1194641,0.2388037,-0.7243116,26,26,27,26,26,26,27,26,27,27,27,27,27,27,27,27
785,7850,742.8586,-0.1209827,-0.6163256,0.6093529,-0.2413361,0.6177603,-0.6385856,-0.3767321,0.247726,-0.4922687,-0.7129533,-0.1261285,-0.4768642,0.5973187,-0.1194015,0.2414388,26,26,27,26,26,26,27,26,27,27,27,27,27,27,27,27
786,7860,743.5823,-0.241914,0.4930601,-0.6093549,0.6033402,-0.7413141,-0.2554341,-1.130196,-0.3715886,-0.6153359,-0.7129533,-0.1261285,-0.2384321,0,0.1194023,0,26,26,27,26,26,26,27,26,27,27,27,27,27,27,27,27
787,7870,742.8586,-0.1209827,0,-8.026557E-07,-0.120668,0.4942083,-0.5108685,-0.1255771,-0.123863,-0.6153359,-0.8317792,-0.252257,-0.4768642,0.5973187,0.3582052,0.3621566,26,26,27,26,26,26,27,26,27,27,27,27,27,27,27,27
788,7880,742.738,-0.6047015,-0.1232654,-0.1218712,0.7240083,-0.3706574,0.5108687,-0.5023091,-0.4954517,-0.7384031,-0.7129533,-0.7567714,-0.119216,-0.5973187,0.7164103,0.1207194,26,26,27,26,26,26,27,26,27,27,27,27,27,27,27,27
789,7890,743.3411,0.3627426,0.1232654,0.2437416,0.3620105,0.370656,0,0.5023091,-0.4954517,0.1230664,-0.7129533,-0.3783855,-0.8345115,0.1194641,0.2388037,0.2414388,26,26,27,26,26,26,27,26,27,27,27,27,27,27,27,27
790,7900,743.0999,0.6045988,0,0.1218704,0.7240147,-0.3706574,0.3831515,-0.1255771,0.247726,-0.4922687,-0.2376511,-0.7567714,-0.119216,-1.194637,0.7164103,0.9657505,26,26,27,26,26,26,27,26,27,27,27,27,27,27,27,27
791,7910,743.2205,-0.1209827,-0.3697955,0,0.4826786,0.4942083,0.1277172,0.5023091,-0.4954517,-0.123068,-0.5941281,0.504514,-0.9537275,-1.075175,0.4776066,-0.1207178,26,26,27,26,26,26,27,26,27,27,27,27,27,27,27,27
792,7920,743.0999,0.4836739,0.1232654,-0.1218712,0.2413425,0.247104,0.7663028,-0.8790412,0.123863,-0.6153359,0.2376511,-0.504514,-0.119216,-0.9557109,-0.3582052,0.6035939,26,26,27,26,26,26,27,26,27,27,27,27,27,27,27,27
793,7930,743.0999,0.1208799,0.4930601,0.1218704,0.8446828,0.370656,0,0.5023091,-0.3715886,0.6153351,-0.1188259,0.3783855,-0.7152954,0.2389265,0,-0.362155,26,26,27,26,26,26,27,26,27,27,27,27,27,27,27,27
794,7940,742.738,0.1208799,0.1232654,0.8530954,-0.1206616,0.7413127,0.1277172,-0.1255771,0.3715886,0.2461336,0.4753022,-0.1261285,-0.119216,-0.8362468,-0.4776066,0.1207194,26,26,27,26,26,26,27,26,27,27,27,27,27,27,27,27
795,7950,742.1349,-0.4837702,0.1232654,0,0.7240147,-0.1235528,0.2554343,0.1255771,-0.123863,0.3692007,0.1188251,0.7567711,-0.4768642,0.4778546,0.1194023,0,26,26,27,26,26,26,27,26,27,27,27,27,27,27,27,27
796,7960,742.3762,0.3627426,0,0.9749658,0.4826786,0.247104,0,0.1255771,0.3715886,0.1230664,0.1188251,0.3783855,0.3576473,-0.8362468,0,-0.1207178,26,26,27,26,26,26,27,26,27,27,27,27,27,27,27,27
797,7970,742.9792,-0.7256328,-0.1232654,0.1218704,0.4826786,-0.2471052,0.5108687,-0.1255771,0,0,0,0.8828996,0,0.3583906,-0.597008,-1.086467,26,26,27,26,26,26,27,26,27,27,27,27,27,27,27,27
798,7980,741.8937,0.1208799,-0.4930601,0.1218704,0.2413425,0.370656,-0.1277172,0.3767321,0.123863,0.3692007,0.7129533,0.252257,0.3576473,-0.5973187,-0.597008,-0.362155,26,26,27,26,26,26,27,26,27,27,27,27,27,27,27,27
799,7990,742.0143,-0.3628389,-0.6163256,-0.1218712,0.8446828,-8.026557E-07,0.1277172,0.1255771,0.247726,0.1230664,0.5941281,0.252257,0,0.7167827,0,-0.8450295,26,26,27,26,26,26,27,26,27,27,27,27,27,27,27,27
800,8000,742.8586,-0.6047015,-1.109386,-0.4874833,6.421245E-06,-0.1235528,0.1277172,0.3767321,-0.123863,0.8614694,-0.1188259,0.7567711,0.1192152,0.1194641,0.1194023,0.2414388,26,26,27,26,26,26,27,26,27,27,27,27,27,27,27,27
801,8010,742.8586,-0.4837702,-0.2465301,-0.4874833,-0.2413297,-0.2471052,0.6385858,-0.1255771,0.247726,-0.2461344,0,0.1261285,-0.4768642,0.5973187,-0.4776066,-0.8450295,26,26,27,26,26,26,27,26,27,27,27,27,27,27,27,27
802,8020,742.4968,-0.1209827,-0.8628557,-0.4874833,0.2413425,0.370656,0.6385858,0.6278862,-0.123863,0.4922679,0.1188251,0.252257,0.4768634,0.2389265,0,-0.1207178,26,26,27,26,26,26,27,26,27,27,27,27,27,27,27,27
803,8030,742.8586,-0.6047015,-0.4930601,-0.2437416,0.6033466,0.1235516,0.6385858,-0.1255771,0.7431773,-0.2461344,0.1188251,-0.504514,-0.3576481,0.5973187,-0.4776066,-0.7243116,26,26,27,26,26,26,27,26,27,27,27,27,27,27,27,27
804,8040,743.0999,-0.7256328,-0.7395902,-0.2437416,-0.4826657,0.247104,0.2554343,0.3767321,0.8670407,0.7384023,0.1188251,0.7567711,0,-0.1194641,0.4776066,-0.2414372,26,26,27,26,26,26,27,26,27,27,27,27,27,27,27,27
805,8050,742.8586,-0.8465642,-0.9861203,-0.4874833,0.4826722,0.247104,0.2554343,-0.251155,0.3715886,0.4922679,0.3564771,0.3783855,0.4768634,0.5973187,-0.3582052,-0.8450295,26,26,27,26,26,26,27,26,27,27,27,27,27,27,27,27
806,8060,742.1349,0.2418113,-0.1232654,-0.2437416,0.120668,0.6177607,-0.6385856,0.2511542,0.123863,0.2461336,-0.1188259,-0.252257,-0.2384321,-0.5973187,0.2388037,0.3621566,26,26,27,26,26,26,27,26,27,27,27,27,27,27,27,27
807,8070,741.7731,-0.7256328,-0.1232654,-0.731225,0,-4.013278E-07,0.1277172,0.1255771,0.6193147,0.1230664,0.5941281,0.1261285,0,0.5973187,0.3582052,-0.8450295,26,26,27,26,26,26,27,26,27,27,27,27,27,27,27,27
808,8080,742.6174,-0.241914,-0.7395902,-0.731225,-0.4826722,-0.1235528,0,-0.1255771,-0.247726,0.6153351,0.2376511,0.8828996,0,0.3583906,0.5970089,-0.1207178,26,26,27,26,26,26,27,26,27,27,27,27,27,27,27,27
809,8090,742.2556,-0.3628389,-0.1232654,-0.8530958,-0.3620041,-0.3706572,0.2554343,-0.251155,0,0.3692007,0.1188251,0,0.1192152,0.5973187,-0.4776066,-0.362155,26,26,27,26,26,26,27,26,27,27,27,27,27,27,27,27
810,8100,742.3762,-0.4837702,-0.9861203,-0.731225,-0.3620041,0.3706564,0,-0.5023091,-0.123863,0.1230664,0.5941281,0.3783855,-0.2384321,-0.4778546,1.074615,0.2414388,26,26,27,26,26,26,27,26,27,27,27,27,27,27,27,27
811,8110,742.6174,-0.4837702,-0.1232654,-0.731225,0,-1.235523,-0.1277172,0.1255771,-0.123863,0,0.4753022,-0.1261285,0.2384313,-0.1194641,-0.4776066,-0.2414372,26,26,27,26,26,26,27,26,27,27,27,27,27,27,27,27
812,8120,742.4968,0.3627426,-0.8628557,0.1218704,-0.7240083,-0.2471048,-0.7663028,-0.251155,0.123863,-0.123068,0.7129533,0.8828996,-0.2384321,0.8362468,0.5970089,0.9657505,26,26,27,26,26,26,27,26,27,27,27,27,27,27,27,27
813,8130,742.6174,-0.9674954,-0.4930601,-1.218708,-0.120668,-0.6177616,0.1277172,-0.1255771,-0.247726,-0.8614699,0.3564771,0.504514,0.7152954,-0.4778546,0.3582052,-0.6035923,26,26,27,26,26,26,27,26,27,27,27,27,27,27,27,27
814,8140,742.738,0.3627426,-0.8628557,-0.3656125,-0.4826722,-4.013278E-07,0,0,0.247726,-0.123068,0,0.252257,-0.2384321,0,0,0.7243133,26,26,27,26,26,26,27,26,27,27,27,27,27,27,27,27
815,8150,743.3411,-0.7256328,-0.7395902,-0.731225,-0.4826722,-0.4942093,-0.2554341,-0.8790412,0,-0.3692015,0.2376511,0.630643,0.2384313,-0.2389281,0.2388037,-0.4828745,26,26,27,26,26,26,27,26,27,27,27,27,27,27,27,27
816,8160,742.8586,0.7255301,-0.6163256,0.8530954,-0.7240083,0.247104,-0.5108685,-0.251155,-0.7431773,0.1230664,0,0.3783855,-0.119216,0,-0.1194015,0.1207194,26,26,27,26,26,26,27,26,27,27,27,27,27,27,27,27
817,8170,742.4968,-0.1209827,0.3697955,-0.6093541,0.7240083,-0.2471048,-0.3831513,-0.627887,-0.123863,-0.8614699,-0.3564771,0.252257,0.1192152,-0.1194641,0.3582052,-0.362155,26,26,27,26,26,26,27,26,27,27,27,27,27,27,27,27
818,8180,742.1349,0.2418113,-0.6163256,0.1218704,-0.6033402,-4.013278E-07,-0.6385856,-0.3767321,0.3715886,-0.2461344,-0.2376511,0.630643,-0.2384321,0.5973187,0,0,26,26,27,26,26,26,27,26,27,27,27,27,27,27,27,27
819,8190,743.5823,-0.6047015,0.4930601,-0.8530958,0.8446763,-0.4942093,-0.3831513,-0.627887,-0.247726,-0.8614699,-0.2376511,0.252257,0,-0.4778546,0.1194023,0.3621566,26,26,27,26,26,26,27,26,27,27,27,27,27,27,27,27
820,8200,742.8586,0.7255301,-0.7395902,0.7312241,-0.9653444,0.6177607,-0.5108685,0.1255771,0,-0.3692015,0,-0.252257,-0.119216,0.4778546,0.5970089,-0.1207178,26,26,27,26,26,26,27,26,27,27,27,27,27,27,27,27
821,8210,743.2205,-0.3628389,-0.2465301,-0.2437425,0.120668,-0.4942093,-0.7663028,-0.3767321,-0.6193147,-0.2461344,0.1188251,0.252257,0.4768634,0.1194641,0.1194023,-0.362155,26,26,27,26,26,26,27,26,27,27,27,27,27,27,27,27
822,8220,742.6174,0.3627426,-0.7395902,-8.026557E-07,-0.8446763,-0.1235528,-0.2554341,-0.251155,-0.247726,0,-0.3564771,0.3783855,0.1192152,-0.1194641,0.3582052,0.6035939,26,26,27,26,26,26,27,26,27,27,27,27,27,27,27,27
823,8230,743.2205,-0.9674954,0.4930601,-0.121872,0,-1.359075,-0.6385856,-0.8790412,-0.9909033,-0.7384031,0.7129533,0.7567711,0.3576473,-0.3583922,0.3582052,0,26,26,27,26,26,26,27,26,27,27,27,27,27,27,27,27
824,8240,742.8586,0.1208799,-0.6163256,-0.2437425,-0.2413361,-0.4942096,-0.5108685,-0.627887,-0.123863,0.1230664,-0.1188259,0.8828996,-0.119216,1.194637,1.074615,0.6035939,26,26,27,26,26,26,27,26,27,27,27,27,27,27,27,27
825,8250,743.0999,-0.4837702,0.2465301,-1.096838,-0.4826722,-0.6177619,-0.3831513,-0.251155,0.123863,-0.6153359,0.3564771,0.630643,0.2384313,0.4778546,0.1194023,-0.6035923,26,26,27,26,26,26,27,26,27,27,27,27,27,27,27,27
826,8260,743.2205,0.3627426,-0.4930601,-0.2437425,-0.120668,-0.7413141,-0.89402,0.1255771,0.6193147,0,0.7129533,0.504514,-0.119216,0.3583906,0.2388037,0.2414388,26,26,27,26,26,26,27,26,27,27,27,27,27,27,27,27
827,8270,742.8586,-0.241914,0.4930601,-0.121872,0.120668,-0.4942096,-0.7663028,-0.627887,-0.247726,-0.3692015,-0.1188259,0,0.1192152,-0.2389281,-0.2388037,-0.4828745,26,26,27,26,26,26,27,26,27,27,27,27,27,27,27,27
828,8280,742.738,0.2418113,-0.9861203,0.4874825,-0.3620041,-0.2471052,-0.5108685,-0.251155,-0.123863,0.3692007,-0.1188259,1.009029,-0.2384321,0.5973187,0.5970089,0.7243133,26,26,27,26,26,26,27,26,27,27,27,27,27,27,27,27
829,8290,743.4617,-0.7256328,0.3697955,-0.2437425,0.120668,-1.235523,-0.2554341,-0.5023091,-0.6193147,-0.3692015,-0.1188259,0.1261285,-0.3576481,0.1194641,0.2388037,-0.362155,26,26,27,26,26,26,27,26,27,27,27,27,27,27,27,27
830,8300,742.738,0.1208799,-0.7395902,-0.3656133,-0.4826722,0.1235516,-0.1277172,-0.8790412,-0.123863,-0.2461344,0.3564771,0.3783855,0.3576473,-0.2389281,0.5970089,0.4828761,26,26,27,26,26,26,27,26,27,27,27,27,27,27,27,27
831,8310,743.2205,-5.136996E-05,0.6163256,-0.4874841,0.8446763,-0.8648663,-0.6385856,-0.627887,-0.6193147,-1.107604,0,-0.3783855,-0.119216,-0.1194641,0,-0.4828745,26,26,27,26,26,26,27,26,27,27,27,27,27,27,27,27
832,8320,742.8586,0.9673927,-0.8628557,0.6093529,-0.4826722,-8.026557E-07,-0.2554341,-0.1255771,-0.7431773,-0.3692015,-0.3564771,-0.1261285,-0.119216,0.4778546,0.5970089,0.1207194,26,26,27,26,26,26,27,26,27,27,27,27,27,27,27,27
833,8330,742.6174,-0.241914,-0.2465301,-0.7312257,0.7240083,-0.8648663,-0.7663028,-0.627887,-0.247726,-0.6153359,-0.2376511,-0.252257,0.1192152,-0.7167827,0.1194023,0,26,26,27,26,26,26,27,26,27,27,27,27,27,27,27,27
834,8340,742.3762,0.4836739,0,-8.026557E-07,-0.8446763,0.7413127,-0.7663028,-0.1255771,-0.123863,0.1230664,-0.5941281,0.1261285,0.3576473,-0.1194641,0.7164103,0,26,26,27,26,26,26,27,26,27,27,27,27,27,27,27,27
835,8350,742.9792,-5.136996E-05,0.7395902,-0.6093549,0.8446763,-0.7413141,0.5108687,-0.7534641,-0.247726,-0.7384031,-0.2376511,0.1261285,-0.5960802,-0.3583922,0.1194023,0.1207194,26,26,27,26,26,26,27,26,27,27,27,27,27,27,27,27
836,8360,742.6174,0.4836739,-0.8628557,0.4874825,-0.6033402,0.247104,-0.2554341,-0.627887,-0.123863,0.1230664,0.1188251,0.504514,-0.2384321,0.3583906,0.7164103,0.2414388,26,26,27,26,26,26,27,26,27,27,27,27,27,27,27,27
837,8370,743.0999,-0.1209827,1.23265,-0.3656133,0.3620041,-0.6177619,-0.3831513,-1.130196,0,-0.8614699,-0.3564771,-0.1261285,0.3576473,-0.2389281,0,-0.1207178,26,26,27,26,26,26,27,26,27,27,27,27,27,27,27,27
838,8380,742.3762,0.4836739,-0.3697955,0.2437408,-0.3620041,0.247104,-0.7663028,-0.627887,0.247726,-0.3692015,-0.2376511,0.504514,-0.119216,0.2389265,0.3582052,0.8450311,26,26,27,26,26,26,27,26,27,27,27,27,27,27,27,27
839,8390,742.9792,-0.4837702,-0.1232654,-0.9749674,0.6033402,-0.3706574,-0.1277172,-0.627887,-0.247726,-0.7384031,-0.1188259,0.1261285,-0.3576481,-0.2389281,0.2388037,0.1207194,26,26,27,26,26,26,27,26,27,27,27,27,27,27,27,27
840,8400,742.738,0.2418113,-0.2465301,0.4874825,-0.120668,0.370656,-0.7663028,-0.8790412,-0.6193147,0.1230664,-0.4753022,-0.3783855,-0.3576481,0.8362468,0.3582052,0,26,26,27,26,26,26,27,26,27,27,27,27,27,27,27,27
841,8410,742.9792,-0.3628389,0.3697955,-0.121872,1.20668,-0.6177619,0,-0.627887,-0.6193147,-1.230671,-0.5941281,-0.252257,-0.119216,-0.3583922,0,-0.2414372,26,26,27,26,26,26,27,26,27,27,27,27,27,27,27,27
842,8420,743.0999,0.3627426,0.1232654,0.1218696,0,0.4942083,-1.021737,-0.1255771,-0.9909033,-0.2461344,-0.7129533,0.1261285,-0.119216,0.3583906,0.3582052,0.2414388,26,26,27,26,26,26,27,26,27,27,27,27,27,27,27,27
843,8430,742.8586,-0.4837702,0.3697955,-8.026557E-07,0.9653444,-0.7413141,0.5108687,-1.004618,-0.123863,-1.353738,-0.1188259,-0.1261285,-0.4768642,-0.5973187,0.5970089,-0.2414372,26,26,27,26,26,26,27,26,27,27,27,27,27,27,27,27
844,8440,742.9792,0.3627426,0,0.3656113,-0.2413361,0.7413127,-0.6385856,-0.7534641,-0.4954517,0,0,-0.504514,-0.3576481,0.4778546,0.5970089,0.8450311,26,26,27,26,26,26,27,26,27,27,27,27,27,27,27,27
845,8450,742.6174,-5.136996E-05,0.4930601,-0.4874841,0.8446763,-0.6177619,0.1277172,-0.8790412,-0.7431773,-0.8614699,-0.1188259,0.252257,-0.119216,0,0.4776066,-0.6035923,26,26,27,26,26,26,27,26,27,27,27,27,27,27,27,27
846,8460,743.0999,-5.136996E-05,-0.3697955,0.2437408,0,0.7413127,-0.3831513,-0.1255771,-0.123863,0,-0.3564771,0.252257,-0.2384321,-0.4778546,-0.1194015,-0.1207178,26,26,27,26,26,26,27,26,27,27,27,27,27,27,27,27
847,8470,743.5823,-5.136996E-05,1.109386,-0.7312257,0.8446763,-0.7413141,0.3831515,-0.5023091,-0.123863,-0.7384031,-0.4753022,0.1261285,-0.2384321,0.1194641,0.7164103,0.3621566,26,26,27,26,26,26,27,26,27,27,27,27,27,27,27,27
848,8480,743.3411,0.1208799,-0.4930601,0.4874825,-0.120668,0.4942083,-0.1277172,0.2511542,-0.123863,-0.2461344,0,-0.7567714,-0.5960802,0.2389265,0.2388037,0,26,26,27,26,26,26,27,26,27,27,27,27,27,27,27,27
849,8490,743.2205,-0.3628389,0.3697955,-0.6093549,0.9653444,-0.7413141,0.3831515,-0.5023091,-1.114766,-0.6153359,-0.7129533,-0.3783855,-0.5960802,-0.2389281,0.1194023,-0.2414372,26,26,27,26,26,26,27,26,27,27,27,27,27,27,27,27
850,8500,743.2205,-0.1209827,0.3697955,-8.026557E-07,-0.120668,0.7413127,-0.5108685,0,-0.4954517,0.6153351,-0.8317792,-0.252257,-0.9537275,0.4778546,0.4776066,0.6035939,26,26,27,26,26,26,27,26,27,27,27,27,27,27,27,27
851,8510,742.738,0.3627426,-0.1232654,-0.3656133,1.086012,-8.026557E-07,-0.2554341,-0.3767321,-0.6193147,-1.599873,-0.7129533,-0.252257,-0.4768642,-0.3583922,0.7164103,0.3621566,26,26,27,26,26,26,27,26,27,27,27,27,27,27,27,27
852,8520,742.2556,0.1208799,-0.9861203,0.2437408,0.120668,0.370656,-0.6385856,-0.5023091,-0.4954517,-0.3692015,0.2376511,-1.009028,0,-0.4778546,0.7164103,0,26,26,27,26,26,26,27,26,27,27,27,27,27,27,27,27
853,8530,742.8586,0.3627426,0.1232654,-0.3656133,1.086012,-0.4942096,0.2554343,-0.3767321,-0.123863,-1.107604,-0.5941281,0.3783855,-1.072944,-0.2389281,0.4776066,0.4828761,26,26,27,26,26,26,27,26,27,27,27,27,27,27,27,27
854,8540,742.8586,0.1208799,-0.3697955,-0.2437425,0.2413361,0.8648651,-0.3831513,-0.251155,-0.123863,-0.123068,-0.4753022,-0.504514,-0.5960802,-0.2389281,0.3582052,0.1207194,26,26,27,26,26,26,27,26,27,27,27,27,27,27,27,27
855,8550,742.738,-5.136996E-05,0.1232654,0.2437408,0.4826722,-0.4942096,0.3831515,-0.627887,0,-1.230671,-0.2376511,-0.3783855,-0.3576481,-0.3583922,0.7164103,-0.1207178,26,26,27,26,26,26,27,26,27,27,27,27,27,27,27,27
856,8560,743.0999,-5.136996E-05,-0.3697955,0.8530946,-0.120668,0.370656,-0.5108685,-0.1255771,-0.6193147,0.2461336,-0.4753022,-0.630643,-0.3576481,0.1194641,0,0,26,26,27,26,26,26,27,26,27,27,27,27,27,27,27,27
857,8570,742.9792,0.2418113,0.1232654,-0.4874841,0.4826722,-0.3706574,0.5108687,-0.3767321,0.123863,-0.8614699,-0.2376511,-0.3783855,-0.3576481,-0.3583922,0.7164103,0.7243133,26,26,27,26,26,26,27,26,27,27,27,27,27,27,27,27
858,8580,742.9792,0.3627426,-0.3697955,0.1218696,-0.120668,0.7413127,-1.021737,0,-0.3715886,-0.3692015,0.1188251,0.252257,0,0.2389265,0.5970089,0.1207194,26,26,27,26,26,26,27,26,27,27,27,27,27,27,27,27
859,8590,742.9792,-0.1209827,0.3697955,-0.121872,0.6033402,-1.111971,-0.3831513,-0.7534641,-0.3715886,-0.7384031,-0.4753022,-0.1261285,0.2384313,-0.1194641,0.7164103,0.7243133,26,26,27,26,26,26,27,26,27,27,27,27,27,27,27,27
860,8600,742.9792,0.3627426,-0.4930601,0.6093529,-0.120668,0.370656,-1.149454,-0.1255771,-0.3715886,-0.3692015,-1.06943,0.252257,-0.3576481,0,0.4776066,0.1207194,26,26,27,26,26,26,27,26,27,27,27,27,27,27,27,27
861,8610,742.6174,-5.136996E-05,0.6163256,-0.4874841,0.9653444,-0.2471052,0.2554343,-0.5023091,-0.247726,-1.230671,-0.3564771,-0.252257,0,-0.5973187,0.8358118,0.3621566,26,26,27,26,26,26,27,26,27,27,27,27,27,27,27,27
862,8620,742.8586,-0.1209827,0.4930601,0.1218696,-0.4826722,0.7413127,-0.5108685,0,-0.7431773,0,-1.06943,-0.8829,-0.3576481,-0.2389281,0,-0.6035923,26,26,27,26,26,26,27,26,27,27,27,27,27,27,27,27
863,8630,742.738,0.2418113,0.2465301,-0.4874841,0.9653444,-0.7413141,0.2554343,-0.7534641,-0.123863,-0.6153359,-0.2376511,-0.1261285,-0.2384321,-0.4778546,0.4776066,-0.2414372,26,26,27,26,26,26,27,26,27,27,27,27,27,27,27,27
864,8640,743.3411,0.1208799,0.2465301,-8.026557E-07,-0.6033402,0.370656,-0.5108685,0.5023091,-0.123863,-0.123068,-0.3564771,-0.3783855,-0.3576481,0.1194641,0.3582052,0.1207194,26,26,27,26,26,26,27,26,27,27,27,27,27,27,27,27
865,8650,742.738,-5.136996E-05,-0.2465301,-0.3656133,1.20668,-0.2471052,0.3831515,-0.7534641,-0.123863,-1.230671,-0.2376511,-0.1261285,-0.7152954,-0.8362468,0.955214,0.4828761,26,26,27,26,26,26,27,26,27,27,27,27,27,27,27,27
866,8660,743.4617,-0.241914,0.2465301,0.2437408,0.4826722,0.6177603,-0.1277172,0.3767321,-0.3715886,0.2461336,-0.5941281,0.1261285,-0.3576481,0.1194641,0.4776066,0,26,26,27,26,26,26,27,26,27,27,27,27,27,27,27,27
867,8670,742.8587,0.6045988,-0.1232654,0.2437408,0.8446763,-0.6177619,0.1277172,-0.627887,0,-1.107604,-0.4753022,-0.7567714,-0.3576481,-0.9557109,0.3582052,0.4828761,26,26,27,26,26,26,27,26,27,27,27,27,27,27,27,27
868,8680,743.0999,0.2418113,-0.1232654,0.3656113,-0.120668,0.9884171,-0.5108685,0.2511542,-0.4954517,0.3692007,-0.8317792,-0.3783855,-0.5960802,0.1194641,0.2388037,-0.2414372,26,26,27,26,26,26,27,26,27,27,27,27,27,27,27,27
869,8690,743.0999,-5.136996E-05,-0.3697955,0.6093529,0.9653444,-0.2471052,0.2554343,-0.251155,0,-0.3692015,0.1188251,-0.504514,-0.119216,-0.9557109,0.3582052,0.3621566,26,26,27,26,26,26,27,26,27,27,27,27,27,27,27,27
870,8700,742.3762,0.2418113,0.4930601,0.2437408,0.120668,0.370656,-0.3831513,0.2511542,-0.7431773,0.4922679,-0.4753022,0.1261285,-0.7152954,-0.5973187,0.3582052,0,26,26,27,26,26,26,27,26,27,27,27,27,27,27,27,27
871,8710,743.5823,-0.1209827,0.4930601,-0.3656133,0.4826722,0.247104,0.6385858,-0.8790412,0.3715886,-1.476805,-0.1188259,-0.630643,0,-0.5973187,0.8358118,0.4828761,26,26,27,26,26,26,27,26,27,27,27,27,27,27,27,27
872,8720,743.0999,-0.241914,0.2465301,0.1218696,0.3620041,0.6177603,-0.3831513,0.8790412,-0.4954517,0.4922679,-0.5941281,0.3783855,0.1192152,-0.3583922,0.4776066,0,26,26,27,26,26,26,27,26,27,27,27,27,27,27,27,27
873,8730,742.4968,0.8464614,-0.3697955,-8.026557E-07,0.7240083,-8.026557E-07,0.2554343,-0.3767321,0.4954517,-0.7384031,0.7129533,-0.1261285,-0.119216,-1.314101,-0.2388037,0.9657505,26,26,27,26,26,26,27,26,27,27,27,27,27,27,27,27
874,8740,743.2205,-0.3628389,0.7395902,-8.026557E-07,-0.3620041,0.4942083,0.1277172,0,0.123863,0.9845359,-0.9506044,0.1261285,-0.3576481,-0.3583922,0.2388037,0,26,26,27,26,26,26,27,26,27,27,27,27,27,27,27,27
875,8750,742.9792,0.7255301,0.1232654,0.7312241,0.7240083,0.4942083,0.3831515,-0.7534641,0.3715886,-0.8614699,0,-0.3783855,0,-0.5973187,-0.1194015,0.6035939,26,26,27,26,26,26,27,26,27,27,27,27,27,27,27,27
876,8760,742.9792,0.2418113,0.3697955,0.3656113,0.6033402,0.247104,0.3831515,0.7534641,0.123863,0.9845359,-0.4753022,-0.1261285,-0.5960802,0.8362468,0.3582052,-0.362155,26,26,27,26,26,26,27,26,27,27,27,27,27,27,27,27
877,8770,743.2205,0.8464614,-0.1232654,0.6093529,0.7240083,0.8648651,-0.1277172,0.1255771,0.4954517,-0.4922687,-0.1188259,-0.252257,0.2384313,-0.7167827,-0.3582052,0,26,26,27,26,26,26,27,26,27,27,27,27,27,27,27,27
878,8780,742.3762,-0.241914,0.2465301,-0.121872,1.20668,-0.1235528,0.2554343,0.6278862,0.247726,0.4922679,0,0,-0.2384321,0.2389265,-0.1194015,0,26,26,27,26,26,26,27,26,27,27,27,27,27,27,27,27
879,8790,742.3762,-5.136996E-05,-0.3697955,-0.121872,0.8446763,-8.026557E-07,0.3831515,0,0.7431773,0.1230664,-0.2376511,-0.1261285,0.1192152,-0.7167827,-0.4776066,0,26,26,27,26,26,26,27,26,27,27,27,27,27,27,27,27
880,8800,741.8937,-0.241914,0,0.1218696,0.8446763,0.1235516,0.7663028,0.6278862,0.3715886,0.3692007,0,0.1261285,-0.4768642,0,-0.4776066,-1.448623,26,26,27,26,26,26,27,26,27,27,27,27,27,27,27,27
881,8810,741.8937,-5.136996E-05,-0.2465301,0.4874825,0.2413361,0.7413127,-0.2554341,0.2511542,0,0.1230664,0.7129533,0.252257,0.5960794,-0.5973187,-0.2388037,0,26,26,27,26,26,26,27,26,27,27,27,27,27,27,27,27
882,8820,742.4968,-0.2418626,0.1232654,-8.026557E-07,0.3620041,0.247104,0.6385858,-0.251155,0.247726,0.7384023,-0.1188259,0.504514,-0.5960802,0.3583906,0.1194023,-0.9657489,26,26,27,26,26,26,27,26,27,27,27,27,27,27,27,27
883,8830,742.6174,-0.1209313,-0.6163256,0.2437408,0.3620041,0.9884171,0.3831515,0.8790412,-0.3715886,-0.6153359,0.3564771,0.1261285,0.1192152,-0.3583922,0,-0.1207178,26,26,27,26,26,26,27,26,27,27,27,27,27,27,27,27
884,8840,742.1349,-0.2418626,-0.3697955,-0.4874833,0.3620041,-0.1235528,0.3831515,0.2511542,0.247726,-0.2461344,0,0,-0.3576481,0.7167827,-0.597008,-0.8450295,26,26,27,26,26,26,27,26,27,27,27,27,27,27,27,27
885,8850,742.6174,-0.3627875,-0.6163256,-0.3656125,-0.2413361,0.4942083,0,0.2511542,-0.123863,0.1230664,0.1188251,0.3783855,-0.119216,-0.8362468,-0.2388037,-0.1207178,26,26,27,26,26,26,27,26,27,27,27,27,27,27,27,27
886,8860,742.2556,-0.7255815,-0.4930601,-0.2437416,0.3620041,-4.013278E-07,0.7663028,-0.1255771,0.4954517,-0.123068,-0.2376511,0.3783855,0.2384313,0.7167827,0.2388037,-1.086467,26,26,27,26,26,26,27,26,27,27,27,27,27,27,27,27
887,8870,742.2556,-0.3627875,-0.3697955,-0.1218712,-0.120668,-4.013278E-07,-0.1277172,0.3767321,0.123863,0,0.1188251,0,0.7152954,-0.4778546,0.2388037,-0.362155,26,26,27,26,26,26,27,26,27,27,27,27,27,27,27,27
888,8880,742.6174,-0.6046501,-0.3697955,0.1218704,0.2413361,-0.3706572,-0.1277172,0.1255249,0.7431773,0,0.4753022,0.630643,0.1192152,0.3583906,0.1194023,-0.9657489,26,26,27,26,26,26,27,26,27,27,27,27,27,27,27,27
889,8890,742.2556,-0.6046501,-0.7395902,-0.2437416,-0.120668,0.3706564,0.2554343,-5.217262E-05,0.6193147,0,0,0,0.1192152,0.2389265,0.2388037,0.3621566,26,26,27,26,26,26,27,26,27,27,27,27,27,27,27,27
890,8900,742.738,-0.6046501,-0.4930601,0,0,-0.2471048,0.5108687,0.1255249,0.247726,0.2461336,0.1188251,0.1261285,-0.119216,0.5973187,-0.4776066,-0.362155,26,26,27,26,26,26,27,26,27,27,27,27,27,27,27,27
891,8910,742.2556,-0.7255815,-0.9861203,-0.2437416,0,0.3706564,0,0.6278341,-0.123863,-0.123068,0.1188251,0.3783855,-0.3576481,-0.2389281,0.7164103,0,26,26,27,26,26,26,27,26,27,27,27,27,27,27,27,27
892,8920,743.0999,-0.7255815,-0.6163256,-0.4874833,-0.120668,0.123552,-0.6385856,-0.2512071,0.247726,-0.123068,0.1188251,0,0.7152954,0.2389265,0.1194023,-0.8450295,26,26,27,26,26,26,27,26,27,27,27,27,27,27,27,27
893,8930,742.3762,-0.2418626,-0.9861203,-0.4874833,-0.3620041,0.123552,-0.2554341,-0.1256293,0.4954517,0.7384023,0.1188251,-0.1261285,0.3576473,0,0,-0.1207178,26,26,27,26,26,26,27,26,27,27,27,27,27,27,27,27
894,8940,742.8587,-0.3627875,-0.3697955,-0.731225,-0.2413361,-0.8648661,-0.1277172,-5.217262E-05,0.8670407,0.3692007,1.06943,0.1261285,0.1192152,-0.1194641,-0.4776066,-0.4828745,26,26,27,26,26,26,27,26,27,27,27,27,27,27,27,27
895,8950,742.4968,0.2418626,-1.109386,-0.8530958,-0.3620041,0.247104,-0.3831513,0.2511028,0.3715886,0.3692007,-0.1188259,0.3783855,0.1192152,0.3583906,0.5970089,0.2414388,26,26,27,26,26,26,27,26,27,27,27,27,27,27,27,27
896,8960,742.8587,-0.2418626,0.2465301,-0.3656125,0,-0.8648661,0.1277172,-0.5023613,0.3715886,0,0.5941281,0.252257,0.1192152,-0.2389281,0.2388037,-0.1207178,26,26,27,26,26,26,27,26,27,27,27,27,27,27,27,27
897,8970,742.4968,0.4837252,-0.4930601,-0.4874833,0,0.3706564,-0.2554341,-0.3767842,0.123863,-0.123068,0.3564771,-0.1261285,-0.119216,0.4778546,0.4776066,0.8450311,26,26,27,26,26,26,27,26,27,27,27,27,27,27,27,27
898,8980,742.738,-0.7256328,-0.6163256,-0.3656125,-0.6033402,-0.7413139,-0.5108685,-0.5023613,0,-0.4922687,0.5941281,0,0.2384313,0.4778546,-0.2388037,-0.4828745,26,26,27,26,26,26,27,26,27,27,27,27,27,27,27,27
899,8990,742.8586,0.6045988,0.1232654,0.4874833,-0.6033402,0.4942088,-1.404889,-1.130248,-0.123863,0.2461336,-0.1188259,0.3783855,-0.3576481,0.5973187,0.3582052,0.4828761,26,26,27,26,26,26,27,26,27,27,27,27,27,27,27,27
900,9000,742.9792,-0.3628389,0.3697955,-0.3656125,0.4826722,-0.8648661,0.1277172,-0.2512071,-0.123863,-0.123068,-0.3564771,0.1261285,-0.2384321,0,0.3582052,-0.7243116,26,26,27,26,26,26,27,26,27,27,27,27,27,27,27,27
901,9010,743.2205,0.6045988,0,0.1218704,-0.7240083,0.4942088,-0.7663028,-0.3767842,-0.123863,0.1230664,0.1188251,0.252257,0,0.1194641,0,0.6035939,26,26,27,26,26,26,27,26,27,27,27,27,27,27,27,27
902,9020,743.5823,-5.136996E-05,0.3697955,-0.9749666,0.7240083,-0.6177616,-0.2554341,-1.255825,-0.6193147,-0.2461344,-0.1188259,0.3783855,-0.119216,-0.2389281,0,-0.8450295,26,26,27,26,26,26,27,26,27,27,27,27,27,27,27,27
903,9030,743.3411,-5.136996E-05,-0.6163256,-0.1218712,0.120668,0.3706564,-0.6385856,0.1255249,-0.3715886,-0.4922687,-0.4753022,-0.7567714,-0.8345115,-0.2389281,-0.2388037,0.8450311,26,26,27,26,26,26,27,26,27,27,27,27,27,27,27,27
904,9040,743.4617,0.3627426,0.7395902,0,1.20668,-0.8648661,0.1277172,-0.7534641,0.123863,-1.107604,-0.4753022,-0.504514,-0.119216,-0.2389281,0.4776066,-0.2414372,26,26,27,26,26,26,27,26,27,27,27,27,27,27,27,27
905,9050,743.2205,0.4836739,0.2465301,0.1218704,-0.2413361,0.7413131,-0.5108685,0.2511542,-0.7431773,0,-0.8317792,-0.252257,-0.3576481,-0.4778546,0,0.2414388,26,26,27,26,26,26,27,26,27,27,27,27,27,27,27,27
906,9060,743.4617,-5.136996E-05,0.2465301,0.1218704,0.8446763,-0.3706572,0.8940201,0.1255771,-0.7431773,-1.476805,-0.4753022,-0.252257,0,-0.1194641,0.7164103,0.4828761,26,26,27,26,26,26,27,26,27,27,27,27,27,27,27,27
907,9070,743.2205,0.1208799,0.2465301,0.3656121,-0.120668,0.3706564,-0.6385856,0.5023091,-0.4954517,0.6153351,-0.7129533,-0.3783855,-0.7152954,-0.5973187,0.5970089,0.4828761,26,26,27,26,26,26,27,26,27,27,27,27,27,27,27,27
908,9080,743.2205,0.1208799,0.1232654,0.6093537,0.2413361,-4.013278E-07,-0.1277172,-0.627887,-0.123863,-0.8614699,0,-0.1261285,-0.5960802,-1.314101,0.2388037,0.9657505,26,26,27,26,26,26,27,26,27,27,27,27,27,27,27,27
909,9090,743.4617,0.2418113,0.1232654,-0.1218712,0.4826722,0.7413131,-0.6385856,0.2511542,-0.123863,0.6153351,-0.2376511,0,-1.072944,0.3583906,0,-0.1207178,26,26,27,26,26,26,27,26,27,27,27,27,27,27,27,27
910,9100,742.9792,0.3627426,-0.6163256,0.4874833,0.8446763,0.247104,0.1277172,0.1255771,0.7431773,-0.3692015,0.5941281,-0.1261285,0.4768634,-1.791958,-0.1194015,-0.2414372,26,26,27,26,26,26,27,26,27,27,27,27,27,27,27,27
911,9110,742.9792,-5.136996E-05,0.8628557,0.6093537,0.4826722,-0.2471048,0.6385858,-0.1255771,0,0.2461336,-0.5941281,0.1261285,-0.8345115,0.2389265,0,-0.2414372,26,26,27,26,26,26,27,26,27,27,27,27,27,27,27,27
912,9120,742.8586,0.4836739,0.3697955,-0.1218712,0.2413361,0.6177607,0.3831515,-0.3767321,-0.123863,-0.7384031,0.2376511,-0.252257,-0.2384321,-0.7167827,0.2388037,0.1207194,26,26,27,26,26,26,27,26,27,27,27,27,27,27,27,27
913,9130,743.3409,0.3627426,0.1232654,0.3656121,0.2413361,0.6177607,0.1277172,0.3767321,-0.3715886,0.3692007,0,0.252257,-0.7152954,-0.1194641,0.8358118,0.1207194,26,26,27,26,26,26,27,26,27,27,27,27,27,27,27,27
914,9140,743.2203,0.1208799,-0.1232654,0.2437416,0.6033402,0.4942088,0.3831515,0.1255771,-0.247726,-0.7384031,0.1188251,0,0.2384313,-0.4778546,0.1194023,0.1207194,26,26,27,26,26,26,27,26,27,27,27,27,27,27,27,27
915,9150,743.3409,-0.1209827,0.6163256,0,0.7240083,0.4942088,-0.1277172,-0.5023091,-0.123863,0.9845359,-0.2376511,0.504514,-0.4768642,0.2389265,-0.3582052,-0.6035923,26,26,27,26,26,26,27,26,27,27,27,27,27,27,27,27
916,9160,743.7028,0.3627426,-0.7395902,0.8530954,0.8446763,0.6177607,0,-0.627887,0.7431773,-0.6153359,0.4753022,0,0.7152954,-1.433565,-0.4776066,0.3621566,26,26,27,26,26,26,27,26,27,27,27,27,27,27,27,27
917,9170,743.2203,-0.241914,0,0,0.4826722,-0.2471048,0.5108687,-0.1255771,0.247726,0.2461336,-0.3564771,0.1261285,-0.8345115,0.8362468,-0.4776066,-0.1207178,26,26,27,26,26,26,27,26,27,27,27,27,27,27,27,27
918,9180,742.8585,-0.241914,-0.6163256,0.3656121,0.2413361,0.4942083,0.3831515,0.8790412,0,-0.123068,0.2376511,-0.3783855,0.1192152,-0.4778546,-0.1194015,-0.4828745,26,26,27,26,26,26,27,26,27,27,27,27,27,27,27,27
919,9190,742.376,-0.6047015,-0.4930601,0,0.6033402,-0.1235528,0.6385858,-0.251155,0.3715886,0.1230664,0,0.252257,-0.5960802,-0.1194641,-0.3582052,-1.086467,26,26,27,26,26,26,27,26,27,27,27,27,27,27,27,27
920,9200,742.6173,-0.1209827,-0.3697955,0,0.3620041,0.7413127,0,-5.217262E-05,0.3715886,0.1230664,0.4753022,-0.1261285,-0.2384321,-0.4778546,-0.1194015,-0.4828745,26,26,27,26,26,26,27,26,27,27,27,27,27,27,27,27
921,9210,742.1348,-0.1209827,-0.6163256,0,0.7240083,0.1235516,0.2554343,0.1255249,0,0.7384023,-0.1188259,0.252257,-0.3576481,0.8362468,-0.7164099,-0.362155,26,26,27,26,26,26,27,26,27,27,27,27,27,27,27,27
922,9220,742.4966,-0.241914,0,-0.1218712,0.3620041,-8.026557E-07,-0.5108685,0.6278341,0.4954517,0.3692007,0.2376511,0.630643,0.2384313,-0.2389281,-0.1194015,-0.7243116,26,26,27,26,26,26,27,26,27,27,27,27,27,27,27,27
923,9230,743.2203,-0.6047015,-0.4930601,-0.6093541,-0.120668,-0.2471052,0.2554343,0.502257,0.247726,-0.2461344,-0.5941281,-0.1261285,-0.2384321,0.9557093,-0.3582052,-0.8450295,26,26,27,26,26,26,27,26,27,27,27,27,27,27,27,27
924,9240,742.6173,-0.241914,-0.1232654,0,0,0.370656,0.1277172,0.1255249,-0.123863,0.1230664,0,-0.252257,0.4768634,-0.4778546,0.1194023,0.1207194,26,26,27,26,26,26,27,26,27,27,27,27,27,27,27,27
925,9250,742.6173,-0.4837702,0.1232654,0.1218704,0.8446763,-0.1235528,0.3831515,0.502257,0.4954517,0.6153351,-0.3564771,-0.1261285,0.1192152,0.5973187,-0.597008,-0.6035923,26,26,27,26,26,26,27,26,27,27,27,27,27,27,27,27
926,9260,742.6173,-0.7256328,-0.8628557,0,0,0.1235516,0.1277172,0.502257,0,0,0.5941281,0.630643,0.3576473,-0.4778546,-0.1194015,-0.7243116,26,26,27,26,26,26,27,26,27,27,27,27,27,27,27,27
927,9270,742.6173,-0.241914,-0.1232654,-0.1218712,0.120668,-8.026557E-07,0.1277172,-0.1256293,0.3715886,0.4922679,0.1188251,0.252257,-0.119216,0.3583906,-0.3582052,-0.6035923,26,26,27,26,26,26,27,26,27,27,27,27,27,27,27,27
928,9280,742.7379,-0.3628389,-0.4930601,-0.4874833,0.4826722,0.4942083,0.1277172,0.3766799,0,0.4922679,0.1188251,0.252257,-0.119216,-0.7167827,-0.3582052,0.1207194,26,26,27,26,26,26,27,26,27,27,27,27,27,27,27,27
929,9290,742.6174,-1.209352,-0.2465301,-0.731225,0.3620041,-0.1235528,0.5108687,-0.1256293,0.247726,0.3692007,-0.2376511,0.3783855,-0.3576481,0.5973187,-0.4776066,-1.207186,26,26,27,26,26,26,27,26,27,27,27,27,27,27,27,27
930,9300,742.6174,-0.241914,-0.6163256,-0.4874833,0.120668,0.247104,-0.2554341,0.1255249,0.3715886,0.2461336,0.4753022,0.1261285,0.3576473,-0.8362468,-0.4776066,0.3621566,26,26,27,26,26,26,27,26,27,27,27,27,27,27,27,27
931,9310,742.738,-0.6047015,-0.4930601,0,-0.120668,-0.1235528,0.3831515,-5.217262E-05,0.6193147,0.1230664,0.2376511,0.7567711,0,0.1194641,-0.2388037,-0.9657489,26,26,27,26,26,26,27,26,27,27,27,27,27,27,27,27
932,9320,742.6174,-0.1209827,-0.8628557,-0.2437416,-0.2413361,0.370656,0,-5.217262E-05,0.123863,0.2461336,0,-0.1261285,0,-0.2389281,-0.1194015,-0.1207178,26,26,27,26,26,26,27,26,27,27,27,27,27,27,27,27
933,9330,742.738,-0.3628389,-0.2465301,0.1218704,0.2413361,-0.1235528,0.6385858,0.3766799,0.6193147,0.2461336,0.5941281,0.3783855,0.3576473,0.2389265,0,-0.362155,26,26,27,26,26,26,27,26,27,27,27,27,27,27,27,27
934,9340,742.3762,0.3627426,-1.23265,-0.4874833,-0.2413361,-4.013278E-07,-0.1277172,-0.3767842,0.4954517,0.4922679,0.1188251,0.3783855,0.1192152,-0.1194641,0.1194023,0.2414388,26,26,27,26,26,26,27,26,27,27,27,27,27,27,27,27
935,9350,742.6174,-1.088427,-0.4930601,-0.6093541,0,-0.3706572,0,0.2511028,-0.123863,-0.2461344,0,-0.504514,0.1192152,0.8362468,-0.3582052,-0.4828745,26,26,27,26,26,26,27,26,27,27,27,27,27,27,27,27
936,9360,742.1349,-0.4837702,-0.7395902,0,0,-0.1235528,0,0.6278341,0.123863,0,0.2376511,0,-0.119216,0.2389265,0.3582052,0,26,26,27,26,26,26,27,26,27,27,27,27,27,27,27,27
937,9370,743.2205,-0.8465642,-0.1232654,-0.8530958,0,-0.2471048,-0.1277172,-0.2512071,-0.123863,-0.3692015,0,0.1261285,-0.2384321,-0.3583922,0,-0.1207178,26,26,27,26,26,26,27,26,27,27,27,27,27,27,27,27
938,9380,742.0143,-0.241914,-1.109386,-0.2437416,0.120668,0.3706564,0,-0.3767842,0,0.6153351,0.1188251,0.630643,-0.2384321,0.1194641,0.4776066,0.7243133,26,26,27,26,26,26,27,26,27,27,27,27,27,27,27,27
939,9390,743.8235,-0.7256328,-0.3697955,-0.2437416,-0.3620041,-0.4942093,-0.89402,-0.3767842,-0.4954517,-0.123068,0.3564771,0.252257,0.2384313,-0.3583922,0,-0.8450295,26,26,27,26,26,26,27,26,27,27,27,27,27,27,27,27
940,9400,742.3762,-5.136996E-05,-0.9861203,-0.3656125,-0.7240083,0.123552,-0.5108685,-0.2512071,0.6193147,0.8614694,0,0.630643,0.1192152,0.2389265,0.5970089,0,26,26,27,26,26,26,27,26,27,27,27,27,27,27,27,27
941,9410,743.0999,-0.3628389,-0.3697955,-0.731225,0,-0.2471048,-0.7663028,-0.6279392,0,0,0.5941281,0.252257,0.2384313,0.1194641,0.2388037,-1.327904,26,26,27,26,26,26,27,26,27,27,27,27,27,27,27,27
942,9420,742.9792,0.1208799,-0.8628557,-0.2437416,-0.9653444,-4.013278E-07,-0.5108685,-0.3767842,0,0,0.2376511,0.3783855,0.1192152,0,0.5970089,0.4828761,26,26,27,26,26,26,27,26,27,27,27,27,27,27,27,27
943,9430,743.3411,-0.9674954,-0.2465301,-0.6093541,0,-0.3706572,-0.5108685,-5.217262E-05,0.123863,0,0.5941281,0.3783855,0.4768634,-0.3583922,-0.3582052,-0.8450295,26,26,27,26,26,26,27,26,27,27,27,27,27,27,27,27
944,9440,743.0999,0.3627426,-0.7395902,-0.6093541,-0.120668,-4.013278E-07,-0.5108685,-5.217262E-05,0.123863,0.1230664,-0.2376511,0.630643,-0.3576481,0.3583906,0.4776066,0.4828761,26,26,27,26,26,26,27,26,27,27,27,27,27,27,27,27
945,9450,743.4617,-0.241914,-0.2465301,-0.2437416,0.3620041,-0.8648661,-0.1277172,-0.5023613,-0.6193147,-0.6153359,0.1188251,0.630643,0.3576473,0,0.1194023,-0.362155,26,26,27,26,26,26,27,26,27,27,27,27,27,27,27,27
946,9460,742.9792,0.8465128,-0.7395902,0.2437416,-0.8446763,-0.3706572,-0.3831513,-0.1256293,-0.3715886,-0.6153359,0.2376511,0.504514,-0.119216,0.3583906,0.5970089,0.6035939,26,26,27,26,26,26,27,26,27,27,27,27,27,27,27,27
947,9470,743.7029,-0.1209313,-0.1232654,-0.3656125,0.2413361,-0.4942093,-0.7663028,-0.5023613,-0.9909033,-0.7384031,0.1188251,0.3783855,0.7152954,-0.1194641,0.1194023,-0.8450295,26,26,27,26,26,26,27,26,27,27,27,27,27,27,27,27
948,9480,742.8586,0.362794,-0.4930601,0.1218704,-0.9653444,0.6177607,-0.6385856,-0.6279392,-0.123863,0,-0.3564771,0.3783855,0.2384313,0.3583906,0.5970089,0.2414388,26,26,27,26,26,26,27,26,27,27,27,27,27,27,27,27
949,9490,743.8235,0.362794,0.2465301,0.2437416,0.8446763,-0.6177616,0,-0.7535163,-0.3715886,-0.7384031,-0.3564771,0.3783855,-0.3576481,-0.3583922,0.1194023,0.1207194,26,26,27,26,26,26,27,26,27,27,27,27,27,27,27,27
950,9500,742.3762,0.2418626,-0.7395902,0.6093537,-0.6033402,0.247104,-0.5108685,-5.217262E-05,-0.3715886,-0.4922687,-0.5941281,-0.252257,-0.2384321,0.7167827,0,0.1207194,26,26,27,26,26,26,27,26,27,27,27,27,27,27,27,27
951,9510,743.4617,-0.4837188,0.1232654,-1.096837,0.8446763,-1.359075,-0.2554341,-0.6279392,-0.4954517,-0.4922687,-0.3564771,0.1261285,0.3576473,0,0.4776066,0.4828761,26,26,27,26,26,26,27,26,27,27,27,27,27,27,27,27
952,9520,743.0999,0.4837252,-0.3697955,0.4874833,0,0.370656,-0.7663028,-0.7534641,-0.123863,0,-0.3564771,0.3783855,0.1192152,0.2389265,0.4776066,0.4828761,26,26,27,26,26,26,27,26,27,27,27,27,27,27,27,27
953,9530,743.4617,-0.2418626,0.9861203,-0.3656125,0.4826722,-0.6177619,0.1277172,-1.004618,-0.7431773,-0.4922687,-0.1188259,-0.252257,0.2384313,-0.4778546,0.1194023,-0.2414372,26,26,27,26,26,26,27,26,27,27,27,27,27,27,27,27
954,9540,742.9792,0,-0.3697955,-0.4874833,-0.8446763,-0.1235528,-0.2554341,-0.3767321,-0.247726,-0.3692015,-0.3564771,0.7567711,0,0.1194641,0.4776066,0.7243133,26,26,27,26,26,26,27,26,27,27,27,27,27,27,27,27
955,9550,743.2205,-0.8465128,0.7395902,-0.8530958,0.4826722,-0.7413141,-0.89402,-0.627887,-0.7431773,-0.6153359,-0.4753022,0.3783855,0.2384313,-0.2389281,0.5970089,-0.2414372,26,26,27,26,26,26,27,26,27,27,27,27,27,27,27,27
956,9560,742.738,0.2418626,-0.6163256,0.3656121,0,0.1235516,-0.89402,0.5023091,-0.123863,0.1230664,-0.4753022,-0.504514,0.1192152,-0.2389281,0.5970089,0.2414388,26,26,27,26,26,26,27,26,27,27,27,27,27,27,27,27
957,9570,743.3411,0.1209313,0.3697955,-0.4874833,0.8446763,-0.1235528,-0.1277172,-0.3767321,-0.123863,-0.7384031,-0.7129533,-0.630643,-0.5960802,-0.1194641,0.2388037,0.4828761,26,26,27,26,26,26,27,26,27,27,27,27,27,27,27,27
958,9580,744.0648,-0.2418626,-0.6163256,0.2437416,-0.4826722,0.370656,-1.021737,0,-0.3715886,0,-0.5941281,0,0.1192152,0.3583906,0.7164103,0.4828761,26,26,27,26,26,26,27,26,27,27,27,27,27,27,27,27
959,9590,743.4617,-0.3627875,0.6163256,-0.4874833,0.7240083,-0.6177619,0.1277172,-0.5023091,-0.3715886,-1.230671,-0.4753022,-0.1261285,0.2384313,-0.8362468,0.7164103,-0.362155,26,26,27,26,26,26,27,26,27,27,27,27,27,27,27,27
960,9600,743.4617,0.1209313,0.2465301,0.6093537,-0.7240083,0.7413127,-0.6385856,0.2511542,-0.6193147,-0.123068,-0.8317792,0,0,0.3583906,0.3582052,0.2414388,26,26,27,26,26,26,27,26,27,27,27,27,27,27,27,27
961,9610,743.5823,0.1209313,0.2465301,-0.3656125,0.4826722,-0.6177619,0.2554343,-0.8790412,-0.247726,-0.6153359,-0.7129533,0,-0.3576481,-0.7167827,0.955214,0.6035939,26,26,27,26,26,26,27,26,27,27,27,27,27,27,27,27
962,9620,743.8235,0.7255301,-0.2465301,0.8530954,-0.4826722,0.370656,-0.3831513,-0.1255771,0,0.1230664,-0.2376511,-0.630643,-0.7152954,-0.1194641,0.3582052,-0.362155,26,26,27,26,26,26,27,26,27,27,27,27,27,27,27,27
963,9630,743.3411,-0.241914,1.109386,-0.4874833,0.3620041,-0.1235528,0,-1.004618,0.123863,-1.230671,-0.2376511,0,-0.119216,-0.7167827,0.1194023,0.4828761,26,26,27,26,26,26,27,26,27,27,27,27,27,27,27,27
964,9640,743.5823,0.1208799,-0.1232654,-0.3656133,-0.2413361,0.7413127,-0.6385856,0.2511542,-0.6193147,0.1230664,-0.1188259,-0.1261285,-0.8345115,0,0.2388037,0.6035939,26,26,27,26,26,26,27,26,27,27,27,27,27,27,27,27
965,9650,743.0999,0.3627426,0.3697955,-0.3656133,0.8446763,-0.1235528,0.6385858,-0.7534641,-0.123863,-1.353738,-0.3564771,-0.7567714,-0.5960802,-1.314101,1.074615,0.9657505,26,26,27,26,26,26,27,26,27,27,27,27,27,27,27,27
966,9660,743.5823,-5.136996E-05,-0.1232654,0.1218696,0,0.617709,-0.6385856,0,-0.3715886,0.8614694,-0.5941281,-0.3783855,-1.19216,0.3583906,-0.1194015,-0.1207178,26,26,27,26,26,26,27,26,27,27,27,27,27,27,27,27
967,9670,742.8586,0.6045988,0.3697955,-0.3656133,0,-0.3707087,0.1277172,-0.5023091,0.3715886,-0.9845371,0.1188251,-0.7567714,0.1192152,-0.5973187,-0.2388037,0.8450311,26,26,27,26,26,26,27,26,27,27,27,27,27,27,27,27
968,9680,744.0648,0.6045988,0.6163256,0.2437408,0.6033402,0.1235002,0.2554343,0,0.123863,0.9845359,-0.3564771,0.630643,-0.4768642,-0.1194641,-0.2388037,-0.2414372,26,26,27,26,26,26,27,26,27,27,27,27,27,27,27,27
969,9690,743.7029,0.7255301,0,0.974965,0.4826722,0.494157,0.3831515,-0.5023091,-0.123863,-0.2461344,0.4753022,-0.504514,0.1192152,-1.55303,-0.1194015,0.1207194,26,26,27,26,26,26,27,26,27,27,27,27,27,27,27,27
970,9700,743.2205,0.1208799,0.1232654,-0.121872,0.4826722,0.617709,0.7663028,0.1255771,-0.247726,0.9845359,-0.4753022,0.504514,-0.7152954,0.5973187,-0.3582052,0.1207194,26,26,27,26,26,26,27,26,27,27,27,27,27,27,27,27
971,9710,743.3411,0.2418113,0.4930601,0.3656113,0.2413361,0.494157,0,0.1255771,0.4954517,0,0.5941281,-0.3783855,0.1192152,-0.9557109,-0.8358118,-0.362155,26,26,27,26,26,26,27,26,27,27,27,27,27,27,27,27
972,9720,742.6174,-0.1209827,-0.4930601,-0.6093549,0.6033402,-0.1236042,0.2554343,0,0.4954517,0.1230664,0,0.252257,0.1192152,0.7167827,-0.3582052,-0.8450295,26,26,27,26,26,26,27,26,27,27,27,27,27,27,27,27
973,9730,742.738,0.1208799,-0.3697955,-0.2437425,-0.120668,0.1235002,0.1277172,0,0.123863,0.6153351,0.1188251,0.7567711,0,-0.5973187,0,-0.362155,26,26,27,26,26,26,27,26,27,27,27,27,27,27,27,27
974,9740,742.8586,-0.3628389,-0.2465301,-0.8530965,0,0.494157,0.5108687,-0.3767321,0.9909033,0.4922679,0.3564771,0,0.3576473,0.2389265,0.4776066,-1.086467,26,26,27,26,26,26,27,26,27,27,27,27,27,27,27,27
975,9750,743.0999,-0.1209827,-0.8628557,-0.2437425,-0.6033402,-0.4942609,-0.2554341,-0.251155,0,-0.3692015,0,0.504514,-0.119216,0.1194641,0.4776066,0.2414388,26,26,27,26,26,26,27,26,27,27,27,27,27,27,27,27
976,9760,743.0999,-0.6047015,0,-1.218709,0.120668,-0.8649177,0.1277172,-0.5023091,-0.123863,-0.2461344,-0.2376511,0.630643,0,0.2389265,0.1194023,-0.2414372,26,26,27,26,26,26,27,26,27,27,27,27,27,27,27,27
977,9770,743.2205,0.1208799,-0.7395902,-0.2437425,-0.120668,-0.1236042,-0.89402,-1.130196,0.4954517,0.6153351,-0.3564771,0.504514,-0.4768642,0.7167827,0.1194023,0.4828761,26,26,27,26,26,26,27,26,27,27,27,27,27,27,27,27
978,9780,743.5823,-0.1209313,-0.1232654,-0.8530965,0,-0.6178133,-0.3831513,-1.004618,-0.247726,-0.8614699,0.1188251,-0.1261285,0.1192152,0.1194641,0.3582052,-0.362155,26,26,27,26,26,26,27,26,27,27,27,27,27,27,27,27
979,9790,742.6174,0.6046501,-0.4930601,0.8530946,-0.8446763,0.2470526,-0.6385856,-0.1255771,-0.247726,-0.2461344,-0.4753022,-0.1261285,-0.119216,0.3583906,0,0.1207194,26,26,27,26,26,26,27,26,27,27,27,27,27,27,27,27
980,9800,743.4617,-0.2418626,0.7395902,-0.2437416,0.2413361,-5.217262E-05,-0.5108685,-0.627887,-0.8670403,-0.7384031,0.1188251,0.3783855,0.4768634,-0.4778546,0.4776066,-0.6035923,26,26,27,26,26,26,27,26,27,27,27,27,27,27,27,27
981,9810,743.3411,0.4837252,-0.7395902,0,-0.2413361,0.494157,-0.7663028,-0.5023091,-0.247726,-0.2461344,-0.3564771,0.1261285,-0.3576481,0.4778546,0.7164103,0.6035939,26,26,27,26,26,26,27,26,27,27,27,27,27,27,27,27
982,9820,743.7029,-0.1209313,0.7395902,-0.3656125,0.3620041,-1.235523,0.3831515,-0.7534641,-0.3715886,-0.8614699,-0.2376511,0.252257,0.8345115,-0.1194641,0.5970089,-0.2414372,26,26,27,26,26,26,27,26,27,27,27,27,27,27,27,27
983,9830,743.5823,-0.1209313,-0.3697955,0.6093537,-0.2413361,0.4942083,0,-0.1255771,0,-0.3692015,-0.5941281,0,-0.119216,0.4778546,0.4776066,0.1207194,26,26,27,26,26,26,27,26,27,27,27,27,27,27,27,27
984,9840,743.8235,0,0.1232654,-0.2437416,0.8446763,-0.3706574,0.6385858,-1.38135,-0.123863,-1.230671,-0.4753022,-0.1261285,-0.4768642,-0.9557109,0.5970089,-0.362155,26,26,27,26,26,26,27,26,27,27,27,27,27,27,27,27
985,9850,743.2205,0.2418626,-0.2465301,0,0.2413361,0.4942083,-0.5108685,0.6278862,-0.6193147,-0.123068,-0.5941281,-0.252257,0.2384313,-0.1194641,0.7164103,-0.1207178,26,26,27,26,26,26,27,26,27,27,27,27,27,27,27,27
986,9860,743.3411,0.7255815,-0.3697955,0.4874833,1.086012,-0.3706574,0.3831515,-0.5023091,-0.123863,-0.4922687,-0.4753022,-0.252257,-0.3576481,-0.7167827,0.7164103,0.4828761,26,26,27,26,26,26,27,26,27,27,27,27,27,27,27,27
987,9870,743.8235,0.1209313,0.6163256,0.1218704,-0.120668,0.8648651,-0.2554341,0.2511542,-0.123863,0.2461336,-0.8317792,-0.252257,-0.9537275,-0.3583922,0.1194023,0.2414388,26,26,27,26,26,26,27,26,27,27,27,27,27,27,27,27
988,9880,743.8235,0.6046501,-0.2465301,1.096837,0.3620041,0.1235516,0.7663028,-0.5023091,0.123863,-0.9845371,-0.3564771,-0.630643,-0.4768642,-1.194637,0,0.4828761,26,26,27,26,26,26,27,26,27,27,27,27,27,27,27,27
989,9890,743.5823,0.2418626,0.4930601,0.731225,0.8446763,0.247104,0.2554343,0.6278862,-0.4954517,0,-0.4753022,0,-0.7152954,0,0.2388037,0.1207194,26,26,27,26,26,26,27,26,27,27,27,27,27,27,27,27
990,9900,743.5823,0.362794,-0.3697955,0.731225,-0.2413361,0.6177603,0.2554343,0.1255771,0,0,-0.1188259,-0.1261285,0.4768634,-0.9557109,-0.1194015,0.2414388,26,26,27,26,26,26,27,26,27,27,27,27,27,27,27,27
991,9910,743.3411,0.2418626,0.3697955,0.6093537,0.9653444,-8.026557E-07,0.5108687,-0.251155,0.123863,0.4922679,0.2376511,0.252257,-0.5960802,0,-0.3582052,-0.4828745,26,26,27,26,26,26,27,26,27,27,27,27,27,27,27,27
992,9920,743.4617,-0.3627875,-0.3697955,0.731225,0,-0.1235528,-0.1277172,-0.3767321,0.123863,0,0.1188251,-0.1261285,0,-0.7167827,-0.2388037,-0.1207178,26,26,27,26,26,26,27,26,27,27,27,27,27,27,27,27
993,9930,742.7379,-0.1209313,0,0.2437416,0.8446763,-0.6177619,0.5108687,-0.8790412,0.8670407,0,-0.1188259,0.504514,-0.9537275,0.2389265,-0.7164099,-0.7243116,26,26,27,26,26,26,27,26,27,27,27,27,27,27,27,27
994,9940,743.0997,-0.3628389,-0.6163256,0.3656121,0.6033402,-8.026557E-07,0,0.2511542,0.247726,0,-0.4753022,0.252257,-0.119216,0.1194641,-0.4776066,0.3621566,26,26,27,26,26,26,27,26,27,27,27,27,27,27,27,27
995,9950,743.0997,-0.4837702,-0.6163256,-0.3656125,-0.3620041,-0.2471052,0.2554343,0,0.123863,-0.3692015,0.3564771,0.252257,-0.4768642,0.1194641,-0.3582052,-0.8450295,26,26,27,26,26,26,27,26,27,27,27,27,27,27,27,27
996,9960,742.2554,-0.4837702,-0.4930601,-0.6093541,0,0.8648651,0,0.3767321,0.3715886,0.6153351,-0.2376511,0.630643,-0.119216,-0.5973187,-0.4776066,0,26,26,27,26,26,26,27,26,27,27,27,27,27,27,27,27
997,9970,742.7379,-0.7256328,-0.1232654,-0.1218712,-0.120668,-0.6177619,0.1277172,-0.251155,0.7431773,0.1230664,0,0,0,0.2389265,-0.7164099,-0.362155,26,26,27,26,26,26,27,26,27,27,27,27,27,27,27,27
998,9980,742.8585,0.3627426,-0.8628557,-0.3656125,-0.6033402,-0.3706572,-0.2554341,0,0,-0.2461344,0.3564771,0.7567711,0.2384313,0.7167827,1.074615,0.7243133,26,26,27,26,26,26,27,26,27,27,27,27,27,27,27,27
999,9990,743.3409,-0.7256328,-0.1232654,-0.4874833,-0.120668,-0.2471048,-0.5108685,-0.5023091,-0.247726,-0.4922687,0.2376511,0.504514,0.2384313,-0.1194641,0.3582052,-0.4828745,26,26,27,26,26,26,27,26,27,27,27,27,27,27,27,27
