SolidWorks IGES file using analytic representation for surfaces         S      1
1H,,1H;,19Ha380-section-clean3,66H\\vsan-fs.vlab.usc.edu\home$\suday\DesG      1
ktop\a380-section-clean3.IGS,15HSolidWorks 2023,15HSolidWorks 2023,32,  G      2
308,15,308,15,19Ha380-section-clean3,1.,6,1HM,50,0.125,13H240831.223009,G      3
1E-08,499.99,5Hsuday,,11,0,13H240831.223009;                            G      4
     314       1       0       0       0                        00000200D      1
     314       0       8       1       0                               0D      2
     128       2       0       0       0                        01010000D      3
     128       0       0      15       0                               0D      4
     126      17       0       0       0                        01010500D      5
     126       0       0       2       0                               0D      6
     110      19       0       0       0                        01010000D      7
     110       0       0       1       0                               0D      8
     126      20       0       0       0                        01010500D      9
     126       0       0       2       0                               0D     10
     126      22       0       0       0                        01010000D     11
     126       0       0       9       0                               0D     12
     126      31       0       0       0                        01010500D     13
     126       0       0       2       0                               0D     14
     110      33       0       0       0                        01010000D     15
     110       0       0       1       0                               0D     16
     126      34       0       0       0                        01010500D     17
     126       0       0       2       0                               0D     18
     126      36       0       0       0                        01010000D     19
     126       0       0       9       0                               0D     20
     102      45       0       0       0                        01010500D     21
     102       0       0       1       0                               0D     22
     102      46       0       0       0                        01010000D     23
     102       0       0       1       0                               0D     24
     142      47       0       0       0                        00010500D     25
     142       0       0       1       0                               0D     26
     126      48       0       0       0                        01010500D     27
     126       0       0       2       0                               0D     28
     126      50       0       0       0                        01010000D     29
     126       0       0       7       0                               0D     30
     126      57       0       0       0                        01010500D     31
     126       0       0      12       0                               0D     32
     126      69       0       0       0                        01010000D     33
     126       0       0      24       0                               0D     34
     126      93       0       0       0                        01010500D     35
     126       0       0       2       0                               0D     36
     110      95       0       0       0                        01010000D     37
     110       0       0       2       0                               0D     38
     126      97       0       0       0                        01010500D     39
     126       0       0      12       0                               0D     40
     126     109       0       0       0                        01010000D     41
     126       0       0      24       0                               0D     42
     126     133       0       0       0                        01010500D     43
     126       0       0       2       0                               0D     44
     126     135       0       0       0                        01010000D     45
     126       0       0       7       0                               0D     46
     126     142       0       0       0                        01010500D     47
     126       0       0      12       0                               0D     48
     126     154       0       0       0                        01010000D     49
     126       0       0      22       0                               0D     50
     126     176       0       0       0                        01010500D     51
     126       0       0       2       0                               0D     52
     110     178       0       0       0                        01010000D     53
     110       0       0       2       0                               0D     54
     126     180       0       0       0                        01010500D     55
     126       0       0      12       0                               0D     56
     126     192       0       0       0                        01010000D     57
     126       0       0      20       0                               0D     58
     102     212       0       0       0                        01010500D     59
     102       0       0       1       0                               0D     60
     102     213       0       0       0                        01010000D     61
     102       0       0       1       0                               0D     62
     142     214       0       0       0                        00010500D     63
     142       0       0       1       0                               0D     64
     126     215       0       0       0                        01010500D     65
     126       0       0       2       0                               0D     66
     126     217       0       0       0                        01010000D     67
     126       0       0       7       0                               0D     68
     126     224       0       0       0                        01010500D     69
     126       0       0      11       0                               0D     70
     126     235       0       0       0                        01010000D     71
     126       0       0      24       0                               0D     72
     126     259       0       0       0                        01010500D     73
     126       0       0       2       0                               0D     74
     110     261       0       0       0                        01010000D     75
     110       0       0       2       0                               0D     76
     126     263       0       0       0                        01010500D     77
     126       0       0      11       0                               0D     78
     126     274       0       0       0                        01010000D     79
     126       0       0      24       0                               0D     80
     126     298       0       0       0                        01010500D     81
     126       0       0       2       0                               0D     82
     126     300       0       0       0                        01010000D     83
     126       0       0       7       0                               0D     84
     126     307       0       0       0                        01010500D     85
     126       0       0      12       0                               0D     86
     126     319       0       0       0                        01010000D     87
     126       0       0      22       0                               0D     88
     126     341       0       0       0                        01010500D     89
     126       0       0       2       0                               0D     90
     110     343       0       0       0                        01010000D     91
     110       0       0       2       0                               0D     92
     126     345       0       0       0                        01010500D     93
     126       0       0      12       0                               0D     94
     126     357       0       0       0                        01010000D     95
     126       0       0      20       0                               0D     96
     102     377       0       0       0                        01010500D     97
     102       0       0       1       0                               0D     98
     102     378       0       0       0                        01010000D     99
     102       0       0       1       0                               0D    100
     142     379       0       0       0                        00010500D    101
     142       0       0       1       0                               0D    102
     126     380       0       0       0                        01010500D    103
     126       0       0       2       0                               0D    104
     126     382       0       0       0                        01010000D    105
     126       0       0       7       0                               0D    106
     126     389       0       0       0                        01010500D    107
     126       0       0      12       0                               0D    108
     126     401       0       0       0                        01010000D    109
     126       0       0      22       0                               0D    110
     126     423       0       0       0                        01010500D    111
     126       0       0       2       0                               0D    112
     110     425       0       0       0                        01010000D    113
     110       0       0       2       0                               0D    114
     126     427       0       0       0                        01010500D    115
     126       0       0      12       0                               0D    116
     126     439       0       0       0                        01010000D    117
     126       0       0      24       0                               0D    118
     126     463       0       0       0                        01010500D    119
     126       0       0       2       0                               0D    120
     126     465       0       0       0                        01010000D    121
     126       0       0       7       0                               0D    122
     126     472       0       0       0                        01010500D    123
     126       0       0      11       0                               0D    124
     126     483       0       0       0                        01010000D    125
     126       0       0      22       0                               0D    126
     126     505       0       0       0                        01010500D    127
     126       0       0       2       0                               0D    128
     110     507       0       0       0                        01010000D    129
     110       0       0       2       0                               0D    130
     126     509       0       0       0                        01010500D    131
     126       0       0      12       0                               0D    132
     126     521       0       0       0                        01010000D    133
     126       0       0      18       0                               0D    134
     102     539       0       0       0                        01010500D    135
     102       0       0       1       0                               0D    136
     102     540       0       0       0                        01010000D    137
     102       0       0       1       0                               0D    138
     142     541       0       0       0                        00010500D    139
     142       0       0       1       0                               0D    140
     126     542       0       0       0                        01010500D    141
     126       0       0       2       0                               0D    142
     126     544       0       0       0                        01010000D    143
     126       0       0       7       0                               0D    144
     126     551       0       0       0                        01010500D    145
     126       0       0      12       0                               0D    146
     126     563       0       0       0                        01010000D    147
     126       0       0      24       0                               0D    148
     126     587       0       0       0                        01010500D    149
     126       0       0       2       0                               0D    150
     110     589       0       0       0                        01010000D    151
     110       0       0       2       0                               0D    152
     126     591       0       0       0                        01010500D    153
     126       0       0      12       0                               0D    154
     126     603       0       0       0                        01010000D    155
     126       0       0      24       0                               0D    156
     126     627       0       0       0                        01010500D    157
     126       0       0       2       0                               0D    158
     126     629       0       0       0                        01010000D    159
     126       0       0       7       0                               0D    160
     126     636       0       0       0                        01010500D    161
     126       0       0      12       0                               0D    162
     126     648       0       0       0                        01010000D    163
     126       0       0      22       0                               0D    164
     126     670       0       0       0                        01010500D    165
     126       0       0       2       0                               0D    166
     110     672       0       0       0                        01010000D    167
     110       0       0       2       0                               0D    168
     126     674       0       0       0                        01010500D    169
     126       0       0      12       0                               0D    170
     126     686       0       0       0                        01010000D    171
     126       0       0      20       0                               0D    172
     102     706       0       0       0                        01010500D    173
     102       0       0       1       0                               0D    174
     102     707       0       0       0                        01010000D    175
     102       0       0       1       0                               0D    176
     142     708       0       0       0                        00010500D    177
     142       0       0       1       0                               0D    178
     126     709       0       0       0                        01010500D    179
     126       0       0       2       0                               0D    180
     126     711       0       0       0                        01010000D    181
     126       0       0       7       0                               0D    182
     126     718       0       0       0                        01010500D    183
     126       0       0      12       0                               0D    184
     126     730       0       0       0                        01010000D    185
     126       0       0      24       0                               0D    186
     126     754       0       0       0                        01010500D    187
     126       0       0       2       0                               0D    188
     110     756       0       0       0                        01010000D    189
     110       0       0       2       0                               0D    190
     126     758       0       0       0                        01010500D    191
     126       0       0      12       0                               0D    192
     126     770       0       0       0                        01010000D    193
     126       0       0      24       0                               0D    194
     126     794       0       0       0                        01010500D    195
     126       0       0       2       0                               0D    196
     126     796       0       0       0                        01010000D    197
     126       0       0       7       0                               0D    198
     126     803       0       0       0                        01010500D    199
     126       0       0      11       0                               0D    200
     126     814       0       0       0                        01010000D    201
     126       0       0      22       0                               0D    202
     126     836       0       0       0                        01010500D    203
     126       0       0       2       0                               0D    204
     110     838       0       0       0                        01010000D    205
     110       0       0       2       0                               0D    206
     126     840       0       0       0                        01010500D    207
     126       0       0      12       0                               0D    208
     126     852       0       0       0                        01010000D    209
     126       0       0      20       0                               0D    210
     102     872       0       0       0                        01010500D    211
     102       0       0       1       0                               0D    212
     102     873       0       0       0                        01010000D    213
     102       0       0       1       0                               0D    214
     142     874       0       0       0                        00010500D    215
     142       0       0       1       0                               0D    216
     126     875       0       0       0                        01010500D    217
     126       0       0       2       0                               0D    218
     126     877       0       0       0                        01010000D    219
     126       0       0       7       0                               0D    220
     126     884       0       0       0                        01010500D    221
     126       0       0      12       0                               0D    222
     126     896       0       0       0                        01010000D    223
     126       0       0      24       0                               0D    224
     126     920       0       0       0                        01010500D    225
     126       0       0       2       0                               0D    226
     110     922       0       0       0                        01010000D    227
     110       0       0       2       0                               0D    228
     126     924       0       0       0                        01010500D    229
     126       0       0      12       0                               0D    230
     126     936       0       0       0                        01010000D    231
     126       0       0      24       0                               0D    232
     126     960       0       0       0                        01010500D    233
     126       0       0       2       0                               0D    234
     126     962       0       0       0                        01010000D    235
     126       0       0       7       0                               0D    236
     126     969       0       0       0                        01010500D    237
     126       0       0      12       0                               0D    238
     126     981       0       0       0                        01010000D    239
     126       0       0      22       0                               0D    240
     126    1003       0       0       0                        01010500D    241
     126       0       0       2       0                               0D    242
     110    1005       0       0       0                        01010000D    243
     110       0       0       2       0                               0D    244
     126    1007       0       0       0                        01010500D    245
     126       0       0      12       0                               0D    246
     126    1019       0       0       0                        01010000D    247
     126       0       0      20       0                               0D    248
     102    1039       0       0       0                        01010500D    249
     102       0       0       1       0                               0D    250
     102    1040       0       0       0                        01010000D    251
     102       0       0       1       0                               0D    252
     142    1041       0       0       0                        00010500D    253
     142       0       0       1       0                               0D    254
     126    1042       0       0       0                        01010500D    255
     126       0       0       2       0                               0D    256
     126    1044       0       0       0                        01010000D    257
     126       0       0       7       0                               0D    258
     126    1051       0       0       0                        01010500D    259
     126       0       0      12       0                               0D    260
     126    1063       0       0       0                        01010000D    261
     126       0       0      24       0                               0D    262
     126    1087       0       0       0                        01010500D    263
     126       0       0       2       0                               0D    264
     110    1089       0       0       0                        01010000D    265
     110       0       0       2       0                               0D    266
     126    1091       0       0       0                        01010500D    267
     126       0       0      12       0                               0D    268
     126    1103       0       0       0                        01010000D    269
     126       0       0      24       0                               0D    270
     126    1127       0       0       0                        01010500D    271
     126       0       0       2       0                               0D    272
     126    1129       0       0       0                        01010000D    273
     126       0       0       7       0                               0D    274
     126    1136       0       0       0                        01010500D    275
     126       0       0      12       0                               0D    276
     126    1148       0       0       0                        01010000D    277
     126       0       0      22       0                               0D    278
     126    1170       0       0       0                        01010500D    279
     126       0       0       2       0                               0D    280
     110    1172       0       0       0                        01010000D    281
     110       0       0       2       0                               0D    282
     126    1174       0       0       0                        01010500D    283
     126       0       0      12       0                               0D    284
     126    1186       0       0       0                        01010000D    285
     126       0       0      20       0                               0D    286
     102    1206       0       0       0                        01010500D    287
     102       0       0       1       0                               0D    288
     102    1207       0       0       0                        01010000D    289
     102       0       0       1       0                               0D    290
     142    1208       0       0       0                        00010500D    291
     142       0       0       1       0                               0D    292
     126    1209       0       0       0                        01010500D    293
     126       0       0       2       0                               0D    294
     126    1211       0       0       0                        01010000D    295
     126       0       0       7       0                               0D    296
     126    1218       0       0       0                        01010500D    297
     126       0       0      12       0                               0D    298
     126    1230       0       0       0                        01010000D    299
     126       0       0      24       0                               0D    300
     126    1254       0       0       0                        01010500D    301
     126       0       0       2       0                               0D    302
     110    1256       0       0       0                        01010000D    303
     110       0       0       2       0                               0D    304
     126    1258       0       0       0                        01010500D    305
     126       0       0      12       0                               0D    306
     126    1270       0       0       0                        01010000D    307
     126       0       0      24       0                               0D    308
     126    1294       0       0       0                        01010500D    309
     126       0       0       2       0                               0D    310
     126    1296       0       0       0                        01010000D    311
     126       0       0       7       0                               0D    312
     126    1303       0       0       0                        01010500D    313
     126       0       0      11       0                               0D    314
     126    1314       0       0       0                        01010000D    315
     126       0       0      22       0                               0D    316
     126    1336       0       0       0                        01010500D    317
     126       0       0       2       0                               0D    318
     110    1338       0       0       0                        01010000D    319
     110       0       0       2       0                               0D    320
     126    1340       0       0       0                        01010500D    321
     126       0       0      12       0                               0D    322
     126    1352       0       0       0                        01010000D    323
     126       0       0      20       0                               0D    324
     102    1372       0       0       0                        01010500D    325
     102       0       0       1       0                               0D    326
     102    1373       0       0       0                        01010000D    327
     102       0       0       1       0                               0D    328
     142    1374       0       0       0                        00010500D    329
     142       0       0       1       0                               0D    330
     126    1375       0       0       0                        01010500D    331
     126       0       0       2       0                               0D    332
     126    1377       0       0       0                        01010000D    333
     126       0       0       7       0                               0D    334
     126    1384       0       0       0                        01010500D    335
     126       0       0      12       0                               0D    336
     126    1396       0       0       0                        01010000D    337
     126       0       0      23       0                               0D    338
     126    1419       0       0       0                        01010500D    339
     126       0       0       2       0                               0D    340
     110    1421       0       0       0                        01010000D    341
     110       0       0       2       0                               0D    342
     126    1423       0       0       0                        01010500D    343
     126       0       0      12       0                               0D    344
     126    1435       0       0       0                        01010000D    345
     126       0       0      24       0                               0D    346
     126    1459       0       0       0                        01010500D    347
     126       0       0       2       0                               0D    348
     126    1461       0       0       0                        01010000D    349
     126       0       0       7       0                               0D    350
     126    1468       0       0       0                        01010500D    351
     126       0       0      12       0                               0D    352
     126    1480       0       0       0                        01010000D    353
     126       0       0      22       0                               0D    354
     126    1502       0       0       0                        01010500D    355
     126       0       0       2       0                               0D    356
     110    1504       0       0       0                        01010000D    357
     110       0       0       2       0                               0D    358
     126    1506       0       0       0                        01010500D    359
     126       0       0      12       0                               0D    360
     126    1518       0       0       0                        01010000D    361
     126       0       0      20       0                               0D    362
     102    1538       0       0       0                        01010500D    363
     102       0       0       1       0                               0D    364
     102    1539       0       0       0                        01010000D    365
     102       0       0       1       0                               0D    366
     142    1540       0       0       0                        00010500D    367
     142       0       0       1       0                               0D    368
     126    1541       0       0       0                        01010500D    369
     126       0       0       2       0                               0D    370
     126    1543       0       0       0                        01010000D    371
     126       0       0       7       0                               0D    372
     126    1550       0       0       0                        01010500D    373
     126       0       0      12       0                               0D    374
     126    1562       0       0       0                        01010000D    375
     126       0       0      22       0                               0D    376
     126    1584       0       0       0                        01010500D    377
     126       0       0       2       0                               0D    378
     110    1586       0       0       0                        01010000D    379
     110       0       0       2       0                               0D    380
     126    1588       0       0       0                        01010500D    381
     126       0       0      12       0                               0D    382
     126    1600       0       0       0                        01010000D    383
     126       0       0      24       0                               0D    384
     126    1624       0       0       0                        01010500D    385
     126       0       0       2       0                               0D    386
     126    1626       0       0       0                        01010000D    387
     126       0       0       7       0                               0D    388
     126    1633       0       0       0                        01010500D    389
     126       0       0      12       0                               0D    390
     126    1645       0       0       0                        01010000D    391
     126       0       0      22       0                               0D    392
     126    1667       0       0       0                        01010500D    393
     126       0       0       2       0                               0D    394
     110    1669       0       0       0                        01010000D    395
     110       0       0       2       0                               0D    396
     126    1671       0       0       0                        01010500D    397
     126       0       0      12       0                               0D    398
     126    1683       0       0       0                        01010000D    399
     126       0       0      20       0                               0D    400
     102    1703       0       0       0                        01010500D    401
     102       0       0       1       0                               0D    402
     102    1704       0       0       0                        01010000D    403
     102       0       0       1       0                               0D    404
     142    1705       0       0       0                        00010500D    405
     142       0       0       1       0                               0D    406
     126    1706       0       0       0                        01010500D    407
     126       0       0       2       0                               0D    408
     126    1708       0       0       0                        01010000D    409
     126       0       0       7       0                               0D    410
     126    1715       0       0       0                        01010500D    411
     126       0       0      12       0                               0D    412
     126    1727       0       0       0                        01010000D    413
     126       0       0      22       0                               0D    414
     126    1749       0       0       0                        01010500D    415
     126       0       0       2       0                               0D    416
     110    1751       0       0       0                        01010000D    417
     110       0       0       2       0                               0D    418
     126    1753       0       0       0                        01010500D    419
     126       0       0      12       0                               0D    420
     126    1765       0       0       0                        01010000D    421
     126       0       0      24       0                               0D    422
     126    1789       0       0       0                        01010500D    423
     126       0       0       2       0                               0D    424
     126    1791       0       0       0                        01010000D    425
     126       0       0       7       0                               0D    426
     126    1798       0       0       0                        01010500D    427
     126       0       0      12       0                               0D    428
     126    1810       0       0       0                        01010000D    429
     126       0       0      22       0                               0D    430
     126    1832       0       0       0                        01010500D    431
     126       0       0       2       0                               0D    432
     110    1834       0       0       0                        01010000D    433
     110       0       0       2       0                               0D    434
     126    1836       0       0       0                        01010500D    435
     126       0       0      12       0                               0D    436
     126    1848       0       0       0                        01010000D    437
     126       0       0      20       0                               0D    438
     102    1868       0       0       0                        01010500D    439
     102       0       0       1       0                               0D    440
     102    1869       0       0       0                        01010000D    441
     102       0       0       1       0                               0D    442
     142    1870       0       0       0                        00010500D    443
     142       0       0       1       0                               0D    444
     126    1871       0       0       0                        01010500D    445
     126       0       0       2       0                               0D    446
     126    1873       0       0       0                        01010000D    447
     126       0       0       7       0                               0D    448
     126    1880       0       0       0                        01010500D    449
     126       0       0      11       0                               0D    450
     126    1891       0       0       0                        01010000D    451
     126       0       0      24       0                               0D    452
     126    1915       0       0       0                        01010500D    453
     126       0       0       2       0                               0D    454
     110    1917       0       0       0                        01010000D    455
     110       0       0       2       0                               0D    456
     126    1919       0       0       0                        01010500D    457
     126       0       0      11       0                               0D    458
     126    1930       0       0       0                        01010000D    459
     126       0       0      24       0                               0D    460
     126    1954       0       0       0                        01010500D    461
     126       0       0       2       0                               0D    462
     126    1956       0       0       0                        01010000D    463
     126       0       0       7       0                               0D    464
     126    1963       0       0       0                        01010500D    465
     126       0       0      12       0                               0D    466
     126    1975       0       0       0                        01010000D    467
     126       0       0      22       0                               0D    468
     126    1997       0       0       0                        01010500D    469
     126       0       0       2       0                               0D    470
     110    1999       0       0       0                        01010000D    471
     110       0       0       2       0                               0D    472
     126    2001       0       0       0                        01010500D    473
     126       0       0      11       0                               0D    474
     126    2012       0       0       0                        01010000D    475
     126       0       0      18       0                               0D    476
     102    2030       0       0       0                        01010500D    477
     102       0       0       1       0                               0D    478
     102    2031       0       0       0                        01010000D    479
     102       0       0       1       0                               0D    480
     142    2032       0       0       0                        00010500D    481
     142       0       0       1       0                               0D    482
     126    2033       0       0       0                        01010500D    483
     126       0       0       2       0                               0D    484
     126    2035       0       0       0                        01010000D    485
     126       0       0       7       0                               0D    486
     126    2042       0       0       0                        01010500D    487
     126       0       0      12       0                               0D    488
     126    2054       0       0       0                        01010000D    489
     126       0       0      24       0                               0D    490
     126    2078       0       0       0                        01010500D    491
     126       0       0       2       0                               0D    492
     110    2080       0       0       0                        01010000D    493
     110       0       0       2       0                               0D    494
     126    2082       0       0       0                        01010500D    495
     126       0       0      12       0                               0D    496
     126    2094       0       0       0                        01010000D    497
     126       0       0      24       0                               0D    498
     126    2118       0       0       0                        01010500D    499
     126       0       0       2       0                               0D    500
     126    2120       0       0       0                        01010000D    501
     126       0       0       7       0                               0D    502
     126    2127       0       0       0                        01010500D    503
     126       0       0      12       0                               0D    504
     126    2139       0       0       0                        01010000D    505
     126       0       0      22       0                               0D    506
     126    2161       0       0       0                        01010500D    507
     126       0       0       2       0                               0D    508
     110    2163       0       0       0                        01010000D    509
     110       0       0       2       0                               0D    510
     126    2165       0       0       0                        01010500D    511
     126       0       0      12       0                               0D    512
     126    2177       0       0       0                        01010000D    513
     126       0       0      18       0                               0D    514
     102    2195       0       0       0                        01010500D    515
     102       0       0       1       0                               0D    516
     102    2196       0       0       0                        01010000D    517
     102       0       0       1       0                               0D    518
     142    2197       0       0       0                        00010500D    519
     142       0       0       1       0                               0D    520
     126    2198       0       0       0                        01010500D    521
     126       0       0       2       0                               0D    522
     126    2200       0       0       0                        01010000D    523
     126       0       0       7       0                               0D    524
     126    2207       0       0       0                        01010500D    525
     126       0       0      11       0                               0D    526
     126    2218       0       0       0                        01010000D    527
     126       0       0      24       0                               0D    528
     126    2242       0       0       0                        01010500D    529
     126       0       0       2       0                               0D    530
     110    2244       0       0       0                        01010000D    531
     110       0       0       2       0                               0D    532
     126    2246       0       0       0                        01010500D    533
     126       0       0      12       0                               0D    534
     126    2258       0       0       0                        01010000D    535
     126       0       0      24       0                               0D    536
     126    2282       0       0       0                        01010500D    537
     126       0       0       2       0                               0D    538
     126    2284       0       0       0                        01010000D    539
     126       0       0       7       0                               0D    540
     126    2291       0       0       0                        01010500D    541
     126       0       0      12       0                               0D    542
     126    2303       0       0       0                        01010000D    543
     126       0       0      22       0                               0D    544
     126    2325       0       0       0                        01010500D    545
     126       0       0       2       0                               0D    546
     110    2327       0       0       0                        01010000D    547
     110       0       0       2       0                               0D    548
     126    2329       0       0       0                        01010500D    549
     126       0       0      12       0                               0D    550
     126    2341       0       0       0                        01010000D    551
     126       0       0      20       0                               0D    552
     102    2361       0       0       0                        01010500D    553
     102       0       0       1       0                               0D    554
     102    2362       0       0       0                        01010000D    555
     102       0       0       1       0                               0D    556
     142    2363       0       0       0                        00010500D    557
     142       0       0       1       0                               0D    558
     126    2364       0       0       0                        01010500D    559
     126       0       0       2       0                               0D    560
     126    2366       0       0       0                        01010000D    561
     126       0       0       7       0                               0D    562
     126    2373       0       0       0                        01010500D    563
     126       0       0      12       0                               0D    564
     126    2385       0       0       0                        01010000D    565
     126       0       0      24       0                               0D    566
     126    2409       0       0       0                        01010500D    567
     126       0       0       2       0                               0D    568
     110    2411       0       0       0                        01010000D    569
     110       0       0       2       0                               0D    570
     126    2413       0       0       0                        01010500D    571
     126       0       0      11       0                               0D    572
     126    2424       0       0       0                        01010000D    573
     126       0       0      24       0                               0D    574
     126    2448       0       0       0                        01010500D    575
     126       0       0       2       0                               0D    576
     126    2450       0       0       0                        01010000D    577
     126       0       0       7       0                               0D    578
     126    2457       0       0       0                        01010500D    579
     126       0       0      11       0                               0D    580
     126    2468       0       0       0                        01010000D    581
     126       0       0      22       0                               0D    582
     126    2490       0       0       0                        01010500D    583
     126       0       0       2       0                               0D    584
     110    2492       0       0       0                        01010000D    585
     110       0       0       2       0                               0D    586
     126    2494       0       0       0                        01010500D    587
     126       0       0      12       0                               0D    588
     126    2506       0       0       0                        01010000D    589
     126       0       0      20       0                               0D    590
     102    2526       0       0       0                        01010500D    591
     102       0       0       1       0                               0D    592
     102    2527       0       0       0                        01010000D    593
     102       0       0       1       0                               0D    594
     142    2528       0       0       0                        00010500D    595
     142       0       0       1       0                               0D    596
     126    2529       0       0       0                        01010500D    597
     126       0       0       2       0                               0D    598
     126    2531       0       0       0                        01010000D    599
     126       0       0       7       0                               0D    600
     126    2538       0       0       0                        01010500D    601
     126       0       0      12       0                               0D    602
     126    2550       0       0       0                        01010000D    603
     126       0       0      24       0                               0D    604
     126    2574       0       0       0                        01010500D    605
     126       0       0       2       0                               0D    606
     110    2576       0       0       0                        01010000D    607
     110       0       0       2       0                               0D    608
     126    2578       0       0       0                        01010500D    609
     126       0       0      11       0                               0D    610
     126    2589       0       0       0                        01010000D    611
     126       0       0      24       0                               0D    612
     126    2613       0       0       0                        01010500D    613
     126       0       0       2       0                               0D    614
     126    2615       0       0       0                        01010000D    615
     126       0       0       7       0                               0D    616
     126    2622       0       0       0                        01010500D    617
     126       0       0      12       0                               0D    618
     126    2634       0       0       0                        01010000D    619
     126       0       0      22       0                               0D    620
     126    2656       0       0       0                        01010500D    621
     126       0       0       2       0                               0D    622
     110    2658       0       0       0                        01010000D    623
     110       0       0       2       0                               0D    624
     126    2660       0       0       0                        01010500D    625
     126       0       0      12       0                               0D    626
     126    2672       0       0       0                        01010000D    627
     126       0       0      20       0                               0D    628
     102    2692       0       0       0                        01010500D    629
     102       0       0       1       0                               0D    630
     102    2693       0       0       0                        01010000D    631
     102       0       0       1       0                               0D    632
     142    2694       0       0       0                        00010500D    633
     142       0       0       1       0                               0D    634
     126    2695       0       0       0                        01010500D    635
     126       0       0       2       0                               0D    636
     126    2697       0       0       0                        01010000D    637
     126       0       0       7       0                               0D    638
     126    2704       0       0       0                        01010500D    639
     126       0       0      12       0                               0D    640
     126    2716       0       0       0                        01010000D    641
     126       0       0      24       0                               0D    642
     126    2740       0       0       0                        01010500D    643
     126       0       0       2       0                               0D    644
     110    2742       0       0       0                        01010000D    645
     110       0       0       2       0                               0D    646
     126    2744       0       0       0                        01010500D    647
     126       0       0      12       0                               0D    648
     126    2756       0       0       0                        01010000D    649
     126       0       0      24       0                               0D    650
     126    2780       0       0       0                        01010500D    651
     126       0       0       2       0                               0D    652
     126    2782       0       0       0                        01010000D    653
     126       0       0       7       0                               0D    654
     126    2789       0       0       0                        01010500D    655
     126       0       0      11       0                               0D    656
     126    2800       0       0       0                        01010000D    657
     126       0       0      24       0                               0D    658
     126    2824       0       0       0                        01010500D    659
     126       0       0       2       0                               0D    660
     110    2826       0       0       0                        01010000D    661
     110       0       0       2       0                               0D    662
     126    2828       0       0       0                        01010500D    663
     126       0       0      12       0                               0D    664
     126    2840       0       0       0                        01010000D    665
     126       0       0      24       0                               0D    666
     102    2864       0       0       0                        01010500D    667
     102       0       0       1       0                               0D    668
     102    2865       0       0       0                        01010000D    669
     102       0       0       1       0                               0D    670
     142    2866       0       0       0                        00010500D    671
     142       0       0       1       0                               0D    672
     126    2867       0       0       0                        01010500D    673
     126       0       0       2       0                               0D    674
     126    2869       0       0       0                        01010000D    675
     126       0       0       7       0                               0D    676
     126    2876       0       0       0                        01010500D    677
     126       0       0      12       0                               0D    678
     126    2888       0       0       0                        01010000D    679
     126       0       0      24       0                               0D    680
     126    2912       0       0       0                        01010500D    681
     126       0       0       2       0                               0D    682
     110    2914       0       0       0                        01010000D    683
     110       0       0       2       0                               0D    684
     126    2916       0       0       0                        01010500D    685
     126       0       0      12       0                               0D    686
     126    2928       0       0       0                        01010000D    687
     126       0       0      24       0                               0D    688
     126    2952       0       0       0                        01010500D    689
     126       0       0       2       0                               0D    690
     126    2954       0       0       0                        01010000D    691
     126       0       0       7       0                               0D    692
     126    2961       0       0       0                        01010500D    693
     126       0       0      11       0                               0D    694
     126    2972       0       0       0                        01010000D    695
     126       0       0      24       0                               0D    696
     126    2996       0       0       0                        01010500D    697
     126       0       0       2       0                               0D    698
     110    2998       0       0       0                        01010000D    699
     110       0       0       2       0                               0D    700
     126    3000       0       0       0                        01010500D    701
     126       0       0      12       0                               0D    702
     126    3012       0       0       0                        01010000D    703
     126       0       0      24       0                               0D    704
     102    3036       0       0       0                        01010500D    705
     102       0       0       1       0                               0D    706
     102    3037       0       0       0                        01010000D    707
     102       0       0       1       0                               0D    708
     142    3038       0       0       0                        00010500D    709
     142       0       0       1       0                               0D    710
     126    3039       0       0       0                        01010500D    711
     126       0       0       2       0                               0D    712
     126    3041       0       0       0                        01010000D    713
     126       0       0       7       0                               0D    714
     126    3048       0       0       0                        01010500D    715
     126       0       0      12       0                               0D    716
     126    3060       0       0       0                        01010000D    717
     126       0       0      24       0                               0D    718
     126    3084       0       0       0                        01010500D    719
     126       0       0       2       0                               0D    720
     110    3086       0       0       0                        01010000D    721
     110       0       0       2       0                               0D    722
     126    3088       0       0       0                        01010500D    723
     126       0       0      11       0                               0D    724
     126    3099       0       0       0                        01010000D    725
     126       0       0      24       0                               0D    726
     126    3123       0       0       0                        01010500D    727
     126       0       0       2       0                               0D    728
     126    3125       0       0       0                        01010000D    729
     126       0       0       7       0                               0D    730
     126    3132       0       0       0                        01010500D    731
     126       0       0      11       0                               0D    732
     126    3143       0       0       0                        01010000D    733
     126       0       0      24       0                               0D    734
     126    3167       0       0       0                        01010500D    735
     126       0       0       2       0                               0D    736
     110    3169       0       0       0                        01010000D    737
     110       0       0       2       0                               0D    738
     126    3171       0       0       0                        01010500D    739
     126       0       0      11       0                               0D    740
     126    3182       0       0       0                        01010000D    741
     126       0       0      24       0                               0D    742
     102    3206       0       0       0                        01010500D    743
     102       0       0       1       0                               0D    744
     102    3207       0       0       0                        01010000D    745
     102       0       0       1       0                               0D    746
     142    3208       0       0       0                        00010500D    747
     142       0       0       1       0                               0D    748
     126    3209       0       0       0                        01010500D    749
     126       0       0       2       0                               0D    750
     126    3211       0       0       0                        01010000D    751
     126       0       0       7       0                               0D    752
     126    3218       0       0       0                        01010500D    753
     126       0       0      12       0                               0D    754
     126    3230       0       0       0                        01010000D    755
     126       0       0      24       0                               0D    756
     126    3254       0       0       0                        01010500D    757
     126       0       0       2       0                               0D    758
     110    3256       0       0       0                        01010000D    759
     110       0       0       2       0                               0D    760
     126    3258       0       0       0                        01010500D    761
     126       0       0      11       0                               0D    762
     126    3269       0       0       0                        01010000D    763
     126       0       0      24       0                               0D    764
     126    3293       0       0       0                        01010500D    765
     126       0       0       2       0                               0D    766
     126    3295       0       0       0                        01010000D    767
     126       0       0       7       0                               0D    768
     126    3302       0       0       0                        01010500D    769
     126       0       0      11       0                               0D    770
     126    3313       0       0       0                        01010000D    771
     126       0       0      24       0                               0D    772
     126    3337       0       0       0                        01010500D    773
     126       0       0       2       0                               0D    774
     110    3339       0       0       0                        01010000D    775
     110       0       0       2       0                               0D    776
     126    3341       0       0       0                        01010500D    777
     126       0       0      12       0                               0D    778
     126    3353       0       0       0                        01010000D    779
     126       0       0      24       0                               0D    780
     102    3377       0       0       0                        01010500D    781
     102       0       0       1       0                               0D    782
     102    3378       0       0       0                        01010000D    783
     102       0       0       1       0                               0D    784
     142    3379       0       0       0                        00010500D    785
     142       0       0       1       0                               0D    786
     126    3380       0       0       0                        01010500D    787
     126       0       0       2       0                               0D    788
     126    3382       0       0       0                        01010000D    789
     126       0       0       7       0                               0D    790
     126    3389       0       0       0                        01010500D    791
     126       0       0      12       0                               0D    792
     126    3401       0       0       0                        01010000D    793
     126       0       0      24       0                               0D    794
     126    3425       0       0       0                        01010500D    795
     126       0       0       2       0                               0D    796
     110    3427       0       0       0                        01010000D    797
     110       0       0       2       0                               0D    798
     126    3429       0       0       0                        01010500D    799
     126       0       0      12       0                               0D    800
     126    3441       0       0       0                        01010000D    801
     126       0       0      24       0                               0D    802
     126    3465       0       0       0                        01010500D    803
     126       0       0       2       0                               0D    804
     126    3467       0       0       0                        01010000D    805
     126       0       0       7       0                               0D    806
     126    3474       0       0       0                        01010500D    807
     126       0       0      11       0                               0D    808
     126    3485       0       0       0                        01010000D    809
     126       0       0      24       0                               0D    810
     126    3509       0       0       0                        01010500D    811
     126       0       0       2       0                               0D    812
     110    3511       0       0       0                        01010000D    813
     110       0       0       2       0                               0D    814
     126    3513       0       0       0                        01010500D    815
     126       0       0      12       0                               0D    816
     126    3525       0       0       0                        01010000D    817
     126       0       0      24       0                               0D    818
     102    3549       0       0       0                        01010500D    819
     102       0       0       1       0                               0D    820
     102    3550       0       0       0                        01010000D    821
     102       0       0       1       0                               0D    822
     142    3551       0       0       0                        00010500D    823
     142       0       0       1       0                               0D    824
     126    3552       0       0       0                        01010500D    825
     126       0       0       2       0                               0D    826
     126    3554       0       0       0                        01010000D    827
     126       0       0       7       0                               0D    828
     126    3561       0       0       0                        01010500D    829
     126       0       0      12       0                               0D    830
     126    3573       0       0       0                        01010000D    831
     126       0       0      24       0                               0D    832
     126    3597       0       0       0                        01010500D    833
     126       0       0       2       0                               0D    834
     110    3599       0       0       0                        01010000D    835
     110       0       0       2       0                               0D    836
     126    3601       0       0       0                        01010500D    837
     126       0       0      11       0                               0D    838
     126    3612       0       0       0                        01010000D    839
     126       0       0      24       0                               0D    840
     126    3636       0       0       0                        01010500D    841
     126       0       0       2       0                               0D    842
     126    3638       0       0       0                        01010000D    843
     126       0       0       7       0                               0D    844
     126    3645       0       0       0                        01010500D    845
     126       0       0      11       0                               0D    846
     126    3656       0       0       0                        01010000D    847
     126       0       0      24       0                               0D    848
     126    3680       0       0       0                        01010500D    849
     126       0       0       2       0                               0D    850
     110    3682       0       0       0                        01010000D    851
     110       0       0       2       0                               0D    852
     126    3684       0       0       0                        01010500D    853
     126       0       0      12       0                               0D    854
     126    3696       0       0       0                        01010000D    855
     126       0       0      24       0                               0D    856
     102    3720       0       0       0                        01010500D    857
     102       0       0       1       0                               0D    858
     102    3721       0       0       0                        01010000D    859
     102       0       0       1       0                               0D    860
     142    3722       0       0       0                        00010500D    861
     142       0       0       1       0                               0D    862
     126    3723       0       0       0                        01010500D    863
     126       0       0       2       0                               0D    864
     126    3725       0       0       0                        01010000D    865
     126       0       0       7       0                               0D    866
     126    3732       0       0       0                        01010500D    867
     126       0       0      12       0                               0D    868
     126    3744       0       0       0                        01010000D    869
     126       0       0      24       0                               0D    870
     126    3768       0       0       0                        01010500D    871
     126       0       0       2       0                               0D    872
     110    3770       0       0       0                        01010000D    873
     110       0       0       2       0                               0D    874
     126    3772       0       0       0                        01010500D    875
     126       0       0      11       0                               0D    876
     126    3783       0       0       0                        01010000D    877
     126       0       0      24       0                               0D    878
     126    3807       0       0       0                        01010500D    879
     126       0       0       2       0                               0D    880
     126    3809       0       0       0                        01010000D    881
     126       0       0       7       0                               0D    882
     126    3816       0       0       0                        01010500D    883
     126       0       0      11       0                               0D    884
     126    3827       0       0       0                        01010000D    885
     126       0       0      24       0                               0D    886
     126    3851       0       0       0                        01010500D    887
     126       0       0       2       0                               0D    888
     110    3853       0       0       0                        01010000D    889
     110       0       0       2       0                               0D    890
     126    3855       0       0       0                        01010500D    891
     126       0       0      12       0                               0D    892
     126    3867       0       0       0                        01010000D    893
     126       0       0      24       0                               0D    894
     102    3891       0       0       0                        01010500D    895
     102       0       0       1       0                               0D    896
     102    3892       0       0       0                        01010000D    897
     102       0       0       1       0                               0D    898
     142    3893       0       0       0                        00010500D    899
     142       0       0       1       0                               0D    900
     126    3894       0       0       0                        01010500D    901
     126       0       0       2       0                               0D    902
     126    3896       0       0       0                        01010000D    903
     126       0       0       7       0                               0D    904
     126    3903       0       0       0                        01010500D    905
     126       0       0      12       0                               0D    906
     126    3915       0       0       0                        01010000D    907
     126       0       0      24       0                               0D    908
     126    3939       0       0       0                        01010500D    909
     126       0       0       2       0                               0D    910
     110    3941       0       0       0                        01010000D    911
     110       0       0       2       0                               0D    912
     126    3943       0       0       0                        01010500D    913
     126       0       0      12       0                               0D    914
     126    3955       0       0       0                        01010000D    915
     126       0       0      24       0                               0D    916
     126    3979       0       0       0                        01010500D    917
     126       0       0       2       0                               0D    918
     126    3981       0       0       0                        01010000D    919
     126       0       0       7       0                               0D    920
     126    3988       0       0       0                        01010500D    921
     126       0       0      11       0                               0D    922
     126    3999       0       0       0                        01010000D    923
     126       0       0      24       0                               0D    924
     126    4023       0       0       0                        01010500D    925
     126       0       0       2       0                               0D    926
     110    4025       0       0       0                        01010000D    927
     110       0       0       2       0                               0D    928
     126    4027       0       0       0                        01010500D    929
     126       0       0      12       0                               0D    930
     126    4039       0       0       0                        01010000D    931
     126       0       0      24       0                               0D    932
     102    4063       0       0       0                        01010500D    933
     102       0       0       1       0                               0D    934
     102    4064       0       0       0                        01010000D    935
     102       0       0       1       0                               0D    936
     142    4065       0       0       0                        00010500D    937
     142       0       0       1       0                               0D    938
     126    4066       0       0       0                        01010500D    939
     126       0       0       2       0                               0D    940
     126    4068       0       0       0                        01010000D    941
     126       0       0       7       0                               0D    942
     126    4075       0       0       0                        01010500D    943
     126       0       0      12       0                               0D    944
     126    4087       0       0       0                        01010000D    945
     126       0       0      24       0                               0D    946
     126    4111       0       0       0                        01010500D    947
     126       0       0       2       0                               0D    948
     110    4113       0       0       0                        01010000D    949
     110       0       0       2       0                               0D    950
     126    4115       0       0       0                        01010500D    951
     126       0       0      11       0                               0D    952
     126    4126       0       0       0                        01010000D    953
     126       0       0      24       0                               0D    954
     126    4150       0       0       0                        01010500D    955
     126       0       0       2       0                               0D    956
     126    4152       0       0       0                        01010000D    957
     126       0       0       7       0                               0D    958
     126    4159       0       0       0                        01010500D    959
     126       0       0      11       0                               0D    960
     126    4170       0       0       0                        01010000D    961
     126       0       0      24       0                               0D    962
     126    4194       0       0       0                        01010500D    963
     126       0       0       2       0                               0D    964
     110    4196       0       0       0                        01010000D    965
     110       0       0       2       0                               0D    966
     126    4198       0       0       0                        01010500D    967
     126       0       0      12       0                               0D    968
     126    4210       0       0       0                        01010000D    969
     126       0       0      24       0                               0D    970
     102    4234       0       0       0                        01010500D    971
     102       0       0       1       0                               0D    972
     102    4235       0       0       0                        01010000D    973
     102       0       0       1       0                               0D    974
     142    4236       0       0       0                        00010500D    975
     142       0       0       1       0                               0D    976
     126    4237       0       0       0                        01010500D    977
     126       0       0       2       0                               0D    978
     126    4239       0       0       0                        01010000D    979
     126       0       0       7       0                               0D    980
     126    4246       0       0       0                        01010500D    981
     126       0       0      12       0                               0D    982
     126    4258       0       0       0                        01010000D    983
     126       0       0      24       0                               0D    984
     126    4282       0       0       0                        01010500D    985
     126       0       0       2       0                               0D    986
     110    4284       0       0       0                        01010000D    987
     110       0       0       2       0                               0D    988
     126    4286       0       0       0                        01010500D    989
     126       0       0      11       0                               0D    990
     126    4297       0       0       0                        01010000D    991
     126       0       0      24       0                               0D    992
     126    4321       0       0       0                        01010500D    993
     126       0       0       2       0                               0D    994
     126    4323       0       0       0                        01010000D    995
     126       0       0       7       0                               0D    996
     126    4330       0       0       0                        01010500D    997
     126       0       0      11       0                               0D    998
     126    4341       0       0       0                        01010000D    999
     126       0       0      24       0                               0D   1000
     126    4365       0       0       0                        01010500D   1001
     126       0       0       2       0                               0D   1002
     110    4367       0       0       0                        01010000D   1003
     110       0       0       2       0                               0D   1004
     126    4369       0       0       0                        01010500D   1005
     126       0       0      12       0                               0D   1006
     126    4381       0       0       0                        01010000D   1007
     126       0       0      24       0                               0D   1008
     102    4405       0       0       0                        01010500D   1009
     102       0       0       1       0                               0D   1010
     102    4406       0       0       0                        01010000D   1011
     102       0       0       1       0                               0D   1012
     142    4407       0       0       0                        00010500D   1013
     142       0       0       1       0                               0D   1014
     126    4408       0       0       0                        01010500D   1015
     126       0       0       2       0                               0D   1016
     126    4410       0       0       0                        01010000D   1017
     126       0       0       7       0                               0D   1018
     126    4417       0       0       0                        01010500D   1019
     126       0       0      12       0                               0D   1020
     126    4429       0       0       0                        01010000D   1021
     126       0       0      24       0                               0D   1022
     126    4453       0       0       0                        01010500D   1023
     126       0       0       2       0                               0D   1024
     110    4455       0       0       0                        01010000D   1025
     110       0       0       2       0                               0D   1026
     126    4457       0       0       0                        01010500D   1027
     126       0       0      12       0                               0D   1028
     126    4469       0       0       0                        01010000D   1029
     126       0       0      24       0                               0D   1030
     126    4493       0       0       0                        01010500D   1031
     126       0       0       2       0                               0D   1032
     126    4495       0       0       0                        01010000D   1033
     126       0       0       7       0                               0D   1034
     126    4502       0       0       0                        01010500D   1035
     126       0       0      11       0                               0D   1036
     126    4513       0       0       0                        01010000D   1037
     126       0       0      24       0                               0D   1038
     126    4537       0       0       0                        01010500D   1039
     126       0       0       2       0                               0D   1040
     110    4539       0       0       0                        01010000D   1041
     110       0       0       2       0                               0D   1042
     126    4541       0       0       0                        01010500D   1043
     126       0       0      12       0                               0D   1044
     126    4553       0       0       0                        01010000D   1045
     126       0       0      24       0                               0D   1046
     102    4577       0       0       0                        01010500D   1047
     102       0       0       1       0                               0D   1048
     102    4578       0       0       0                        01010000D   1049
     102       0       0       1       0                               0D   1050
     142    4579       0       0       0                        00010500D   1051
     142       0       0       1       0                               0D   1052
     126    4580       0       0       0                        01010500D   1053
     126       0       0       2       0                               0D   1054
     126    4582       0       0       0                        01010000D   1055
     126       0       0       7       0                               0D   1056
     126    4589       0       0       0                        01010500D   1057
     126       0       0      11       0                               0D   1058
     126    4600       0       0       0                        01010000D   1059
     126       0       0      24       0                               0D   1060
     126    4624       0       0       0                        01010500D   1061
     126       0       0       2       0                               0D   1062
     110    4626       0       0       0                        01010000D   1063
     110       0       0       2       0                               0D   1064
     126    4628       0       0       0                        01010500D   1065
     126       0       0      12       0                               0D   1066
     126    4640       0       0       0                        01010000D   1067
     126       0       0      24       0                               0D   1068
     126    4664       0       0       0                        01010500D   1069
     126       0       0       2       0                               0D   1070
     126    4666       0       0       0                        01010000D   1071
     126       0       0       7       0                               0D   1072
     126    4673       0       0       0                        01010500D   1073
     126       0       0      11       0                               0D   1074
     126    4684       0       0       0                        01010000D   1075
     126       0       0      24       0                               0D   1076
     126    4708       0       0       0                        01010500D   1077
     126       0       0       2       0                               0D   1078
     110    4710       0       0       0                        01010000D   1079
     110       0       0       2       0                               0D   1080
     126    4712       0       0       0                        01010500D   1081
     126       0       0      11       0                               0D   1082
     126    4723       0       0       0                        01010000D   1083
     126       0       0      24       0                               0D   1084
     102    4747       0       0       0                        01010500D   1085
     102       0       0       1       0                               0D   1086
     102    4748       0       0       0                        01010000D   1087
     102       0       0       1       0                               0D   1088
     142    4749       0       0       0                        00010500D   1089
     142       0       0       1       0                               0D   1090
     126    4750       0       0       0                        01010500D   1091
     126       0       0       2       0                               0D   1092
     126    4752       0       0       0                        01010000D   1093
     126       0       0       7       0                               0D   1094
     126    4759       0       0       0                        01010500D   1095
     126       0       0      12       0                               0D   1096
     126    4771       0       0       0                        01010000D   1097
     126       0       0      24       0                               0D   1098
     126    4795       0       0       0                        01010500D   1099
     126       0       0       2       0                               0D   1100
     110    4797       0       0       0                        01010000D   1101
     110       0       0       2       0                               0D   1102
     126    4799       0       0       0                        01010500D   1103
     126       0       0      12       0                               0D   1104
     126    4811       0       0       0                        01010000D   1105
     126       0       0      24       0                               0D   1106
     126    4835       0       0       0                        01010500D   1107
     126       0       0       2       0                               0D   1108
     126    4837       0       0       0                        01010000D   1109
     126       0       0       7       0                               0D   1110
     126    4844       0       0       0                        01010500D   1111
     126       0       0      11       0                               0D   1112
     126    4855       0       0       0                        01010000D   1113
     126       0       0      24       0                               0D   1114
     126    4879       0       0       0                        01010500D   1115
     126       0       0       2       0                               0D   1116
     110    4881       0       0       0                        01010000D   1117
     110       0       0       2       0                               0D   1118
     126    4883       0       0       0                        01010500D   1119
     126       0       0      12       0                               0D   1120
     126    4895       0       0       0                        01010000D   1121
     126       0       0      24       0                               0D   1122
     102    4919       0       0       0                        01010500D   1123
     102       0       0       1       0                               0D   1124
     102    4920       0       0       0                        01010000D   1125
     102       0       0       1       0                               0D   1126
     142    4921       0       0       0                        00010500D   1127
     142       0       0       1       0                               0D   1128
     144    4922       0       0       0                        00000000D   1129
     144       0      -1       3       0                               0D   1130
314,79.2156862745098,81.9607843137255,93.3333333333333,;               1P      1
128,8,1,3,1,0,0,1,0,0,0.,0.,0.,0.,0.200374020849483,                   3P      2
0.25572688864769,0.553528677982067,0.774840947849116,                  3P      3
0.819488080050909,1.,1.,1.,1.,0.,0.,1.,1.,1.,1.,1.,1.,1.,1.,1.,        3P      4
1.,1.,1.,1.,1.,1.,1.,1.,1.,1.,1.,23.893328359,5.970105051,0.,          3P      5
23.893328359,5.970105051,0.984817685,23.893328359,5.517497544,         3P      6
2.081021574,23.893328359,3.661745836,3.563956981,23.893328359,         3P      7
1.226032082,4.253442214,23.893328359,-1.204610351,3.440809987,         3P      8
23.893328359,-2.476551653,2.098637165,23.893328359,                    3P      9
-2.521988667,1.377890414,23.893328359,-2.521988667,0.,                 3P     10
34.149401565,5.970105051,0.,34.149401565,5.970105051,                  3P     11
0.984817685,34.149401565,5.517497544,2.081021574,34.149401565,         3P     12
3.661745836,3.563956981,34.149401565,1.226032082,4.253442214,          3P     13
34.149401565,-1.204610351,3.440809987,34.149401565,                    3P     14
-2.476551653,2.098637165,34.149401565,-2.521988667,1.377890414,        3P     15
34.149401565,-2.521988667,0.,0.,1.,0.,1.;                              3P     16
126,1,1,1,0,1,0,0.,0.,1.,1.,1.,1.,1.,0.,0.,1.,1.,0.,0.,1.,0.,          5P     17
0.,1.;                                                                 5P     18
110,23.893328359,-2.521988667,0.,34.149401565,-2.521988667,0.;         7P     19
126,1,1,1,0,1,0,0.,0.,1.,1.,1.,1.,1.,1.,0.,0.,1.,0.,0.,1.,0.,          9P     20
0.,1.;                                                                 9P     21
126,8,3,1,0,1,0,0.,0.,0.,0.,0.180511919949091,                        11P     22
0.225159052150884,0.446471322017933,0.74427311135231,                 11P     23
0.799625979150517,1.,1.,1.,1.,1.,1.,1.,1.,1.,1.,1.,1.,1.,             11P     24
34.149401565,-2.521988667,0.,34.149401565,-2.521988667,               11P     25
1.377890414,34.149401565,-2.476551653,2.098637165,34.149401565,       11P     26
-1.204610351,3.440809987,34.149401565,1.226032082,4.253442214,        11P     27
34.149401565,3.661745836,3.563956981,34.149401565,5.517497544,        11P     28
2.081021574,34.149401565,5.970105051,0.984817685,34.149401565,        11P     29
5.970105051,0.,0.,1.,1.,0.,0.;                                        11P     30
126,1,1,1,0,1,0,0.,0.,1.,1.,1.,1.,0.,1.,0.,0.,0.,0.,0.,1.,0.,         13P     31
0.,1.;                                                                13P     32
110,34.149401565,5.970105051,0.,23.893328359,5.970105051,0.;          15P     33
126,1,1,1,0,1,0,0.,0.,1.,1.,1.,1.,0.,0.,0.,1.,0.,0.,0.,1.,0.,         17P     34
0.,1.;                                                                17P     35
126,8,3,1,0,1,0,0.,0.,0.,0.,0.200374020849483,0.25572688864769,       19P     36
0.553528677982067,0.774840947849116,0.819488080050909,1.,1.,1.,       19P     37
1.,1.,1.,1.,1.,1.,1.,1.,1.,1.,23.893328359,5.970105051,0.,            19P     38
23.893328359,5.970105051,0.984817685,23.893328359,5.517497544,        19P     39
2.081021574,23.893328359,3.661745836,3.563956981,23.893328359,        19P     40
1.226032082,4.253442214,23.893328359,-1.204610351,3.440809987,        19P     41
23.893328359,-2.476551653,2.098637165,23.893328359,                   19P     42
-2.521988667,1.377890414,23.893328359,-2.521988667,0.,0.,1.,          19P     43
-1.,0.,0.;                                                            19P     44
102,4,5,9,13,17;                                                      21P     45
102,4,7,11,15,19;                                                     23P     46
142,1,3,21,23,1;                                                      25P     47
126,1,1,1,0,1,0,0.,0.,1.,1.,1.,1.,0.304840254,0.015874442,0.,         27P     48
0.279980001,0.015874442,0.,0.,1.,0.,0.,1.;                            27P     49
126,3,3,1,0,1,0,0.695159745526178,0.695159745526178,                  29P     50
0.695159745526178,0.695159745526178,0.720019998552982,                29P     51
0.720019998552982,0.720019998552982,0.720019998552982,1.,1.,1.,       29P     52
1.,24.0561378,3.93517665,3.231511593,24.0561378,4.027638073,          29P     53
3.181079067,24.0561378,4.118788635,3.127966658,24.0561378,            29P     54
4.208505806,3.072220867,0.695159745526178,0.720019998552982,1.,       29P     55
0.,0.;                                                                29P     56
126,16,2,1,0,1,0,0.,0.,0.,0.125,0.125,0.25,0.25,0.375,0.375,          31P     57
0.5,0.5,0.625,0.625,0.75,0.75,0.875,0.875,1.,1.,1.,1.,1.,1.,1.,       31P     58
1.,1.,1.,1.,1.,1.,1.,1.,1.,1.,1.,1.,1.,0.279980001,0.015874442,       31P     59
0.,0.279305435,0.015874442,0.,0.278640881,0.016003379,0.,             31P     60
0.277974587,0.016132653,0.,0.277340635,0.016387205,0.,                31P     61
0.276690015,0.016648449,0.,0.27609622,0.017032437,0.,                 31P     62
0.275492964,0.017422543,0.,0.274970285,0.017925109,0.,                31P     63
0.274424714,0.018449687,0.,0.273988121,0.019076258,0.,                31P     64
0.273537544,0.019722898,0.,0.273221622,0.020451341,0.,                31P     65
0.272896007,0.021202135,0.,0.272727537,0.02200708,0.,                 31P     66
0.272555048,0.022831232,0.,0.272555048,0.023674698,0.,0.,1.,0.,       31P     67
0.,1.;                                                                31P     68
126,23,3,1,0,1,0,0.,0.,0.,0.,0.125000000000004,                       33P     69
0.125000000000004,0.250000000000008,0.250000000000008,                33P     70
0.31250000000001,0.31250000000001,0.375000000000013,                  33P     71
0.375000000000013,0.500000000000012,0.500000000000012,                33P     72
0.625000000000012,0.625000000000012,0.750000000000011,                33P     73
0.750000000000011,0.812500000000008,0.812500000000008,                33P     74
0.875000000000006,0.875000000000006,0.937500000000003,                33P     75
0.937500000000003,1.,1.,1.,1.,1.,1.,1.,1.,1.,1.,1.,1.,1.,1.,1.,       33P     76
1.,1.,1.,1.,1.,1.,1.,1.,1.,1.,1.,1.,1.,24.0561378,4.208505806,        33P     77
3.072220866,24.0561378,4.213409504,3.069173952,24.056584816,          33P     78
4.218236908,3.066163922,24.058335549,4.227745903,3.060215188,         33P     79
24.059639125,4.232427511,3.057276464,24.062275531,4.239334998,        33P     80
3.05292666,24.063273908,4.241628752,3.051479858,24.065489163,         33P     81
4.246122908,3.048640696,24.06669999,4.24831378,3.047254382,           33P     82
24.070642855,4.254717806,3.043196195,24.073681939,4.258764144,        33P     83
3.040623944,24.080657244,4.266372403,3.035775215,24.084646472,        33P     84
4.269966124,3.033478271,24.093305251,4.276285599,3.029430948,         33P     85
24.097990077,4.279046426,3.027658318,24.105623175,4.282510297,        33P     86
3.025431324,24.108247176,4.283538929,3.024769396,24.113566928,        33P     87
4.285306927,3.023631084,24.116275718,4.286052396,3.023150774,         33P     88
24.121793448,4.287259952,3.022372486,24.124602366,4.287722105,        33P     89
3.022074465,24.130326306,4.288346365,3.021671862,24.133234634,        33P     90
4.288505806,3.021569,24.1361378,4.288505806,3.021569,0.,1.,           33P     91
0.019987811,0.527662452,0.849218949;                                  33P     92
126,1,1,1,0,1,0,0.,0.,1.,1.,1.,1.,0.272555048,0.023674698,0.,         35P     93
0.272555048,0.038078506,0.,0.,1.,0.,0.,1.;                            35P     94
110,24.1361378,4.288505806,3.021569,24.283864302,4.288505806,         37P     95
3.021569;                                                             37P     96
126,16,2,1,0,1,0,0.,0.,0.,0.125,0.125,0.25,0.25,0.375,0.375,          39P     97
0.5,0.5,0.625,0.625,0.75,0.75,0.875,0.875,1.,1.,1.,1.,1.,1.,1.,       39P     98
1.,1.,1.,1.,1.,1.,1.,1.,1.,1.,1.,1.,1.,0.272555048,0.038078506,       39P     99
0.,0.272555048,0.038915282,0.,0.272724843,0.039733197,0.,             39P    100
0.272892196,0.040539349,0.,0.27321713,0.041291486,0.,                 39P    101
0.273532248,0.042020901,0.,0.273982312,0.042668599,0.,                39P    102
0.274416214,0.043293036,0.,0.27495832,0.043816565,0.,                 39P    103
0.275484735,0.04432494,0.,0.27609335,0.044718911,0.,                  39P    104
0.276685802,0.045102418,0.,0.27733493,0.045363706,0.,                 39P    105
0.277971458,0.045619922,0.,0.27864066,0.045749783,0.,                 39P    106
0.279305323,0.045878762,0.,0.279980001,0.045878762,0.,0.,1.,0.,       39P    107
0.,1.;                                                                39P    108
126,23,3,1,0,1,0,0.,0.,0.,0.,0.124999999999946,                       41P    109
0.124999999999946,0.18749999999992,0.18749999999992,                  41P    110
0.249999999999893,0.249999999999893,0.312499999999867,                41P    111
0.312499999999867,0.374999999999841,0.374999999999841,                41P    112
0.499999999999847,0.499999999999847,0.562499999999871,                41P    113
0.562499999999871,0.624999999999896,0.624999999999896,                41P    114
0.749999999999931,0.749999999999931,0.874999999999965,                41P    115
0.874999999999965,1.,1.,1.,1.,1.,1.,1.,1.,1.,1.,1.,1.,1.,1.,1.,       41P    116
1.,1.,1.,1.,1.,1.,1.,1.,1.,1.,1.,1.,1.,24.283864302,                  41P    117
4.288505806,3.021569,24.289649666,4.288505806,3.021569,               41P    118
24.295303731,4.287885749,3.02196914,24.303600545,4.286084732,         41P    119
3.023129938,24.30635126,4.28533225,3.023614774,24.311709413,          41P    120
4.283556559,3.024758051,24.314303009,4.282540229,3.025412063,         41P    121
24.319330718,4.280267523,3.026873266,24.321764784,4.279011076,        41P    122
3.027680503,24.326478877,4.276265954,3.029442336,24.3287687,          41P    123
4.274769001,3.030402227,24.335284496,4.270026761,3.033439495,         41P    124
24.339194897,4.266518892,3.035681709,24.344473938,4.260786015,        41P    125
3.03933548,24.346139217,4.25878879,3.040606728,24.349224363,          41P    126
4.254707602,3.043200587,24.350651249,4.252617138,3.044527353,         41P    127
24.354603842,4.246203833,3.04859148,24.356808867,4.241727881,         41P    128
3.051419722,24.360354837,4.23246022,3.05725595,24.361664031,          41P    129
4.227758787,3.060207125,24.363418929,4.218228789,3.066169004,         41P    130
24.363864302,4.213400184,3.069179743,24.363864302,4.208505806,        41P    131
3.072220866,0.,1.,0.,0.542226103,0.840232619;                         41P    132
126,1,1,1,0,1,0,0.,0.,1.,1.,1.,1.,0.279980001,0.045878762,0.,         43P    133
0.304840254,0.045878762,0.,0.,1.,0.,0.,1.;                            43P    134
126,3,3,1,0,1,0,0.279980001443951,0.279980001443951,                  45P    135
0.279980001443951,0.279980001443951,0.304840254473822,                45P    136
0.304840254473822,0.304840254473822,0.304840254473822,1.,1.,1.,       45P    137
1.,24.363864302,4.208505806,3.072220866,24.363864302,                 45P    138
4.118788635,3.127966658,24.363864302,4.027638073,3.181079067,         45P    139
24.363864302,3.93517665,3.231511593,0.279980001443951,                45P    140
0.304840254473822,-1.,0.,0.;                                          45P    141
126,16,2,1,0,1,0,0.,0.,0.,0.125,0.125,0.25,0.25,0.375,0.375,          47P    142
0.5,0.5,0.625,0.625,0.75,0.75,0.875,0.875,1.,1.,1.,1.,1.,1.,1.,       47P    143
1.,1.,1.,1.,1.,1.,1.,1.,1.,1.,1.,1.,1.,0.304840254,0.045878762,       47P    144
0.,0.305503436,0.045878762,0.,0.306154402,0.045746423,0.,             47P    145
0.306811103,0.045612917,0.,0.307432966,0.045349301,0.,                47P    146
0.308064533,0.04508157,0.,0.308638128,0.044689015,0.,                 47P    147
0.309223066,0.044288697,0.,0.309726578,0.043773099,0.,                47P    148
0.31024331,0.043243961,0.,0.310654649,0.042613626,0.,                 47P    149
0.311075971,0.041967991,0.,0.31136983,0.041242217,0.,                 47P    150
0.311669276,0.040502645,0.,0.311823793,0.039711096,0.,                47P    151
0.311981343,0.038904012,0.,0.311981343,0.038078506,0.,0.,1.,0.,       47P    152
0.,1.;                                                                47P    153
126,21,3,1,0,1,0,0.,0.,0.,0.,0.124999999999981,                       49P    154
0.124999999999981,0.249999999999961,0.249999999999961,                49P    155
0.374999999999942,0.374999999999942,0.499999999999923,                49P    156
0.499999999999923,0.562499999999915,0.562499999999915,                49P    157
0.624999999999907,0.624999999999907,0.687499999999899,                49P    158
0.687499999999899,0.749999999999891,0.749999999999891,                49P    159
0.874999999999945,0.874999999999945,1.,1.,1.,1.,1.,1.,1.,1.,1.,       49P    160
1.,1.,1.,1.,1.,1.,1.,1.,1.,1.,1.,1.,1.,1.,1.,1.,1.,                   49P    161
24.363864302,3.93517665,3.231511593,24.363864302,3.930222872,         49P    162
3.234213601,24.363408108,3.925332022,3.236871545,24.361605931,        49P    163
3.915673502,3.242102296,24.360260341,3.910905769,3.244675128,         49P    164
24.356607869,3.901504645,3.24973115,24.354348013,3.896997515,         49P    165
3.252146427,24.348976328,3.888421715,3.256728295,24.345862413,        49P    166
3.88434466,3.258899369,24.340471492,3.878585659,3.261957964,          49P    167
24.338569883,3.876745111,3.262934029,24.334605702,3.873271435,        49P    168
3.26477393,24.332535965,3.871630511,3.265641906,24.32821768,          49P    169
3.868544673,3.267272441,24.325969165,3.867099722,3.268035019,         49P    170
24.32128416,3.864416196,3.269449965,24.318836804,3.863172785,         49P    171
3.270104878,24.311261062,3.859811225,3.271874109,24.306027079,        49P    172
3.858108368,3.272768507,24.295189449,3.855788679,3.273986329,         49P    173
24.289532392,3.85517665,3.274307235,24.283864302,3.85517665,          49P    174
3.274307235,0.,1.,-0.01874222,0.478760868,0.877745271;                49P    175
126,1,1,1,0,1,0,0.,0.,1.,1.,1.,1.,0.311981343,0.038078506,0.,         51P    176
0.311981343,0.023674698,0.,0.,1.,0.,0.,1.;                            51P    177
110,24.283864302,3.85517665,3.274307235,24.1361378,3.85517665,        53P    178
3.274307235;                                                          53P    179
126,16,2,1,0,1,0,0.,0.,0.,0.125,0.125,0.25,0.25,0.375,0.375,          55P    180
0.5,0.5,0.625,0.625,0.75,0.75,0.875,0.875,1.,1.,1.,1.,1.,1.,1.,       55P    181
1.,1.,1.,1.,1.,1.,1.,1.,1.,1.,1.,1.,1.,0.311981343,0.023674698,       55P    182
0.,0.311981343,0.022856163,0.,0.311826414,0.022055591,0.,             55P    183
0.311672657,0.021261081,0.,0.311372936,0.020518669,0.,                55P    184
0.311079625,0.019792136,0.,0.310658633,0.01914569,0.,                 55P    185
0.310247845,0.018514912,0.,0.309731573,0.017985226,0.,                55P    186
0.309226075,0.017466592,0.,0.308638308,0.017064312,0.,                55P    187
0.308065304,0.016672136,0.,0.307434432,0.016404525,0.,                55P    188
0.30681162,0.016140333,0.,0.306153849,0.016006669,0.,                 55P    189
0.305503152,0.015874442,0.,0.304840254,0.015874442,0.,0.,1.,0.,       55P    190
0.,1.;                                                                55P    191
126,19,3,1,0,1,0,0.,0.,0.,0.,0.125000000000002,                       57P    192
0.125000000000002,0.250000000000004,0.250000000000004,                57P    193
0.375000000000007,0.375000000000007,0.500000000000009,                57P    194
0.500000000000009,0.625000000000011,0.625000000000011,                57P    195
0.750000000000013,0.750000000000013,0.812500000000014,                57P    196
0.812500000000014,0.875000000000015,0.875000000000015,1.,1.,1.,       57P    197
1.,1.,1.,1.,1.,1.,1.,1.,1.,1.,1.,1.,1.,1.,1.,1.,1.,1.,1.,1.,1.,       57P    198
24.1361378,3.85517665,3.274307235,24.130487715,3.85517665,            57P    199
3.274307235,24.124954638,3.855768435,3.273996948,24.114109589,        57P    200
3.858069674,3.272788829,24.108758754,3.859809845,3.271874815,         57P    201
24.098779903,3.86422487,3.269551172,24.094072635,3.866915937,         57P    202
3.268133017,24.085303275,3.873169762,3.264828612,24.081349443,        57P    203
3.876650011,3.262985927,24.07422286,3.884248546,3.25895047,           57P    204
24.071040422,3.888398614,3.256740634,24.06564197,3.897016576,         57P    205
3.252136245,24.063392156,3.901513042,3.249726614,24.060665478,        57P    206
3.908526689,3.245954632,24.059866217,3.910911173,3.244670067,         57P    207
24.058507963,3.915688803,3.242091708,24.057944717,3.918091951,        57P    208
3.240792544,24.056592352,3.925342931,3.236865629,24.0561378,          57P    209
3.930231932,3.234208659,24.0561378,3.93517665,3.231511593,0.,         57P    210
1.,0.,0.464364495,0.885644181;                                        57P    211
102,8,27,31,35,39,43,47,51,55;                                        59P    212
102,8,29,33,37,41,45,49,53,57;                                        61P    213
142,1,3,59,61,1;                                                      63P    214
126,1,1,1,0,1,0,0.,0.,1.,1.,1.,1.,0.304840254,0.078276493,0.,         65P    215
0.279980001,0.078276493,0.,0.,1.,0.,0.,1.;                            65P    216
126,3,3,1,0,1,0,0.695159745526178,0.695159745526178,                  67P    217
0.695159745526178,0.695159745526178,0.720019998552982,                67P    218
0.720019998552982,0.720019998552982,0.720019998552982,1.,1.,1.,       67P    219
1.,24.6961378,3.93517665,3.231511593,24.6961378,4.027638073,          67P    220
3.181079067,24.6961378,4.118788635,3.127966658,24.6961378,            67P    221
4.208505806,3.072220867,0.695159745526178,0.720019998552982,1.,       67P    222
0.,0.;                                                                67P    223
126,16,2,1,0,1,0,0.,0.,0.,0.125,0.125,0.25,0.25,0.375,0.375,          69P    224
0.5,0.5,0.625,0.625,0.75,0.75,0.875,0.875,1.,1.,1.,1.,1.,1.,1.,       69P    225
1.,1.,1.,1.,1.,1.,1.,1.,1.,1.,1.,1.,1.,0.279980001,0.078276493,       69P    226
0.,0.279305435,0.078276493,0.,0.278640881,0.078405429,0.,             69P    227
0.277974587,0.078534703,0.,0.277340635,0.078789255,0.,                69P    228
0.276690015,0.0790505,0.,0.27609622,0.079434488,0.,0.275492964,       69P    229
0.079824594,0.,0.274970285,0.08032716,0.,0.274424714,                 69P    230
0.080851737,0.,0.273988121,0.081478309,0.,0.273537544,                69P    231
0.082124948,0.,0.273221622,0.082853392,0.,0.272896007,                69P    232
0.083604185,0.,0.272727537,0.084409131,0.,0.272555048,                69P    233
0.085233283,0.,0.272555048,0.086076749,0.,0.,1.,0.,0.,1.;             69P    234
126,23,3,1,0,1,0,0.,0.,0.,0.,0.125000000000004,                       71P    235
0.125000000000004,0.250000000000008,0.250000000000008,                71P    236
0.31250000000001,0.31250000000001,0.375000000000013,                  71P    237
0.375000000000013,0.500000000000012,0.500000000000012,                71P    238
0.625000000000012,0.625000000000012,0.750000000000011,                71P    239
0.750000000000011,0.812500000000008,0.812500000000008,                71P    240
0.875000000000006,0.875000000000006,0.937500000000003,                71P    241
0.937500000000003,1.,1.,1.,1.,1.,1.,1.,1.,1.,1.,1.,1.,1.,1.,1.,       71P    242
1.,1.,1.,1.,1.,1.,1.,1.,1.,1.,1.,1.,1.,24.6961378,4.208505806,        71P    243
3.072220866,24.6961378,4.213409504,3.069173952,24.696584816,          71P    244
4.218236908,3.066163922,24.698335549,4.227745903,3.060215188,         71P    245
24.699639125,4.232427511,3.057276464,24.702275531,4.239334998,        71P    246
3.05292666,24.703273908,4.241628752,3.051479858,24.705489163,         71P    247
4.246122908,3.048640696,24.70669999,4.24831378,3.047254382,           71P    248
24.710642855,4.254717806,3.043196195,24.713681939,4.258764144,        71P    249
3.040623944,24.720657244,4.266372403,3.035775215,24.724646472,        71P    250
4.269966124,3.033478271,24.733305251,4.276285599,3.029430948,         71P    251
24.737990077,4.279046426,3.027658318,24.745623175,4.282510297,        71P    252
3.025431324,24.748247176,4.283538929,3.024769396,24.753566928,        71P    253
4.285306927,3.023631084,24.756275718,4.286052396,3.023150774,         71P    254
24.761793448,4.287259952,3.022372486,24.764602366,4.287722105,        71P    255
3.022074465,24.770326306,4.288346365,3.021671862,24.773234634,        71P    256
4.288505806,3.021569,24.7761378,4.288505806,3.021569,0.,1.,           71P    257
0.019987811,0.527662452,0.849218949;                                  71P    258
126,1,1,1,0,1,0,0.,0.,1.,1.,1.,1.,0.272555048,0.086076749,0.,         73P    259
0.272555048,0.100480556,0.,0.,1.,0.,0.,1.;                            73P    260
110,24.7761378,4.288505806,3.021569,24.923864302,4.288505806,         75P    261
3.021569;                                                             75P    262
126,16,2,1,0,1,0,0.,0.,0.,0.125,0.125,0.25,0.25,0.375,0.375,          77P    263
0.5,0.5,0.625,0.625,0.75,0.75,0.875,0.875,1.,1.,1.,1.,1.,1.,1.,       77P    264
1.,1.,1.,1.,1.,1.,1.,1.,1.,1.,1.,1.,1.,0.272555048,0.100480556,       77P    265
0.,0.272555048,0.101317333,0.,0.272724843,0.102135248,0.,             77P    266
0.272892196,0.1029414,0.,0.27321713,0.103693537,0.,0.273532248,       77P    267
0.104422951,0.,0.273982312,0.10507065,0.,0.274416214,                 77P    268
0.105695087,0.,0.27495832,0.106218616,0.,0.275484735,                 77P    269
0.106726991,0.,0.27609335,0.107120961,0.,0.276685802,                 77P    270
0.107504469,0.,0.27733493,0.107765757,0.,0.277971458,                 77P    271
0.108021973,0.,0.27864066,0.108151833,0.,0.279305323,                 77P    272
0.108280813,0.,0.279980001,0.108280813,0.,0.,1.,0.,0.,1.;             77P    273
126,23,3,1,0,1,0,0.,0.,0.,0.,0.125000000000015,                       79P    274
0.125000000000015,0.187500000000022,0.187500000000022,                79P    275
0.250000000000028,0.250000000000028,0.312500000000035,                79P    276
0.312500000000035,0.375000000000042,0.375000000000042,                79P    277
0.500000000000008,0.500000000000008,0.562500000000012,                79P    278
0.562500000000012,0.625000000000017,0.625000000000017,                79P    279
0.750000000000011,0.750000000000011,0.875000000000006,                79P    280
0.875000000000006,1.,1.,1.,1.,1.,1.,1.,1.,1.,1.,1.,1.,1.,1.,1.,       79P    281
1.,1.,1.,1.,1.,1.,1.,1.,1.,1.,1.,1.,1.,24.923864302,                  79P    282
4.288505806,3.021569,24.929649666,4.288505806,3.021569,               79P    283
24.935303731,4.287885749,3.02196914,24.943600545,4.286084732,         79P    284
3.023129938,24.94635126,4.28533225,3.023614774,24.951709413,          79P    285
4.283556559,3.024758051,24.954303009,4.282540229,3.025412063,         79P    286
24.959330718,4.280267523,3.026873266,24.961764784,4.279011076,        79P    287
3.027680503,24.966478877,4.276265954,3.029442336,24.9687687,          79P    288
4.274769001,3.030402227,24.975284496,4.270026761,3.033439495,         79P    289
24.979194897,4.266518892,3.035681709,24.984473938,4.260786015,        79P    290
3.03933548,24.986139217,4.25878879,3.040606728,24.989224363,          79P    291
4.254707602,3.043200587,24.990651249,4.252617138,3.044527353,         79P    292
24.994603842,4.246203833,3.04859148,24.996808867,4.241727881,         79P    293
3.051419722,25.000354837,4.23246022,3.05725595,25.001664031,          79P    294
4.227758787,3.060207125,25.003418929,4.218228789,3.066169004,         79P    295
25.003864302,4.213400184,3.069179743,25.003864302,4.208505806,        79P    296
3.072220866,0.,1.,0.,0.542226103,0.840232619;                         79P    297
126,1,1,1,0,1,0,0.,0.,1.,1.,1.,1.,0.279980001,0.108280813,0.,         81P    298
0.304840254,0.108280813,0.,0.,1.,0.,0.,1.;                            81P    299
126,3,3,1,0,1,0,0.279980001443951,0.279980001443951,                  83P    300
0.279980001443951,0.279980001443951,0.304840254473822,                83P    301
0.304840254473822,0.304840254473822,0.304840254473822,1.,1.,1.,       83P    302
1.,25.003864302,4.208505806,3.072220866,25.003864302,                 83P    303
4.118788635,3.127966658,25.003864302,4.027638073,3.181079067,         83P    304
25.003864302,3.93517665,3.231511593,0.279980001443951,                83P    305
0.304840254473822,-1.,0.,0.;                                          83P    306
126,16,2,1,0,1,0,0.,0.,0.,0.125,0.125,0.25,0.25,0.375,0.375,          85P    307
0.5,0.5,0.625,0.625,0.75,0.75,0.875,0.875,1.,1.,1.,1.,1.,1.,1.,       85P    308
1.,1.,1.,1.,1.,1.,1.,1.,1.,1.,1.,1.,1.,0.304840254,0.108280813,       85P    309
0.,0.305503436,0.108280813,0.,0.306154402,0.108148473,0.,             85P    310
0.306811103,0.108014968,0.,0.307432966,0.107751351,0.,                85P    311
0.308064533,0.107483621,0.,0.308638128,0.107091066,0.,                85P    312
0.309223066,0.106690748,0.,0.309726578,0.10617515,0.,                 85P    313
0.31024331,0.105646012,0.,0.310654649,0.105015676,0.,                 85P    314
0.311075971,0.104370041,0.,0.31136983,0.103644268,0.,                 85P    315
0.311669276,0.102904696,0.,0.311823793,0.102113146,0.,                85P    316
0.311981343,0.101306063,0.,0.311981343,0.100480556,0.,0.,1.,0.,       85P    317
0.,1.;                                                                85P    318
126,21,3,1,0,1,0,0.,0.,0.,0.,0.124999999999981,                       87P    319
0.124999999999981,0.249999999999961,0.249999999999961,                87P    320
0.374999999999942,0.374999999999942,0.499999999999923,                87P    321
0.499999999999923,0.562499999999915,0.562499999999915,                87P    322
0.624999999999907,0.624999999999907,0.687499999999899,                87P    323
0.687499999999899,0.749999999999891,0.749999999999891,                87P    324
0.874999999999945,0.874999999999945,1.,1.,1.,1.,1.,1.,1.,1.,1.,       87P    325
1.,1.,1.,1.,1.,1.,1.,1.,1.,1.,1.,1.,1.,1.,1.,1.,1.,                   87P    326
25.003864302,3.93517665,3.231511593,25.003864302,3.930222872,         87P    327
3.234213601,25.003408108,3.925332022,3.236871545,25.001605931,        87P    328
3.915673502,3.242102296,25.000260341,3.910905769,3.244675128,         87P    329
24.996607869,3.901504645,3.24973115,24.994348013,3.896997515,         87P    330
3.252146427,24.988976328,3.888421715,3.256728295,24.985862413,        87P    331
3.88434466,3.258899369,24.980471492,3.878585659,3.261957964,          87P    332
24.978569883,3.876745111,3.262934029,24.974605702,3.873271435,        87P    333
3.26477393,24.972535965,3.871630511,3.265641906,24.96821768,          87P    334
3.868544673,3.267272441,24.965969165,3.867099722,3.268035019,         87P    335
24.96128416,3.864416196,3.269449965,24.958836804,3.863172785,         87P    336
3.270104878,24.951261062,3.859811225,3.271874109,24.946027079,        87P    337
3.858108368,3.272768507,24.935189449,3.855788679,3.273986329,         87P    338
24.929532392,3.85517665,3.274307235,24.923864302,3.85517665,          87P    339
3.274307235,0.,1.,-0.01874222,0.478760868,0.877745271;                87P    340
126,1,1,1,0,1,0,0.,0.,1.,1.,1.,1.,0.311981343,0.100480556,0.,         89P    341
0.311981343,0.086076749,0.,0.,1.,0.,0.,1.;                            89P    342
110,24.923864302,3.85517665,3.274307235,24.7761378,3.85517665,        91P    343
3.274307235;                                                          91P    344
126,16,2,1,0,1,0,0.,0.,0.,0.125,0.125,0.25,0.25,0.375,0.375,          93P    345
0.5,0.5,0.625,0.625,0.75,0.75,0.875,0.875,1.,1.,1.,1.,1.,1.,1.,       93P    346
1.,1.,1.,1.,1.,1.,1.,1.,1.,1.,1.,1.,1.,0.311981343,0.086076749,       93P    347
0.,0.311981343,0.085258214,0.,0.311826414,0.084457642,0.,             93P    348
0.311672657,0.083663132,0.,0.311372936,0.082920719,0.,                93P    349
0.311079625,0.082194187,0.,0.310658633,0.08154774,0.,                 93P    350
0.310247845,0.080916963,0.,0.309731573,0.080387276,0.,                93P    351
0.309226075,0.079868643,0.,0.308638308,0.079466363,0.,                93P    352
0.308065304,0.079074187,0.,0.307434432,0.078806576,0.,                93P    353
0.30681162,0.078542384,0.,0.306153849,0.07840872,0.,                  93P    354
0.305503152,0.078276493,0.,0.304840254,0.078276493,0.,0.,1.,0.,       93P    355
0.,1.;                                                                93P    356
126,19,3,1,0,1,0,0.,0.,0.,0.,0.124999999999996,                       95P    357
0.124999999999996,0.249999999999993,0.249999999999993,                95P    358
0.374999999999989,0.374999999999989,0.499999999999985,                95P    359
0.499999999999985,0.624999999999982,0.624999999999982,                95P    360
0.749999999999978,0.749999999999978,0.812499999999982,                95P    361
0.812499999999982,0.874999999999987,0.874999999999987,1.,1.,1.,       95P    362
1.,1.,1.,1.,1.,1.,1.,1.,1.,1.,1.,1.,1.,1.,1.,1.,1.,1.,1.,1.,1.,       95P    363
24.7761378,3.85517665,3.274307235,24.770487715,3.85517665,            95P    364
3.274307235,24.764954638,3.855768435,3.273996948,24.754109589,        95P    365
3.858069674,3.272788829,24.748758754,3.859809845,3.271874815,         95P    366
24.738779903,3.86422487,3.269551172,24.734072635,3.866915937,         95P    367
3.268133017,24.725303275,3.873169762,3.264828612,24.721349443,        95P    368
3.876650011,3.262985927,24.71422286,3.884248546,3.25895047,           95P    369
24.711040422,3.888398614,3.256740634,24.70564197,3.897016576,         95P    370
3.252136245,24.703392156,3.901513042,3.249726614,24.700665478,        95P    371
3.908526689,3.245954632,24.699866217,3.910911173,3.244670067,         95P    372
24.698507963,3.915688803,3.242091708,24.697944717,3.918091951,        95P    373
3.240792544,24.696592352,3.925342931,3.236865629,24.6961378,          95P    374
3.930231932,3.234208659,24.6961378,3.93517665,3.231511593,0.,         95P    375
1.,0.,0.464364495,0.885644181;                                        95P    376
102,8,65,69,73,77,81,85,89,93;                                        97P    377
102,8,67,71,75,79,83,87,91,95;                                        99P    378
142,1,3,97,99,1;                                                     101P    379
126,1,1,1,0,1,0,0.,0.,1.,1.,1.,1.,0.304840254,0.140678543,0.,        103P    380
0.279980001,0.140678543,0.,0.,1.,0.,0.,1.;                           103P    381
126,3,3,1,0,1,0,0.695159745526178,0.695159745526178,                 105P    382
0.695159745526178,0.695159745526178,0.720019998552982,               105P    383
0.720019998552982,0.720019998552982,0.720019998552982,1.,1.,1.,      105P    384
1.,25.3361378,3.93517665,3.231511593,25.3361378,4.027638073,         105P    385
3.181079067,25.3361378,4.118788635,3.127966658,25.3361378,           105P    386
4.208505806,3.072220867,0.695159745526178,0.720019998552982,1.,      105P    387
0.,0.;                                                               105P    388
126,16,2,1,0,1,0,0.,0.,0.,0.125,0.125,0.25,0.25,0.375,0.375,         107P    389
0.5,0.5,0.625,0.625,0.75,0.75,0.875,0.875,1.,1.,1.,1.,1.,1.,1.,      107P    390
1.,1.,1.,1.,1.,1.,1.,1.,1.,1.,1.,1.,1.,0.279980001,0.140678543,      107P    391
0.,0.279305435,0.140678543,0.,0.278640881,0.14080748,0.,             107P    392
0.277974587,0.140936754,0.,0.277340635,0.141191306,0.,               107P    393
0.276690015,0.14145255,0.,0.27609622,0.141836538,0.,                 107P    394
0.275492964,0.142226644,0.,0.274970285,0.142729211,0.,               107P    395
0.274424714,0.143253788,0.,0.273988121,0.14388036,0.,                107P    396
0.273537544,0.144526999,0.,0.273221622,0.145255442,0.,               107P    397
0.272896007,0.146006236,0.,0.272727537,0.146811181,0.,               107P    398
0.272555048,0.147635333,0.,0.272555048,0.1484788,0.,0.,1.,0.,        107P    399
0.,1.;                                                               107P    400
126,23,3,1,0,1,0,0.,0.,0.,0.,0.125000000000002,                      109P    401
0.125000000000002,0.250000000000005,0.250000000000005,               109P    402
0.312500000000006,0.312500000000006,0.375000000000007,               109P    403
0.375000000000007,0.500000000000005,0.500000000000005,               109P    404
0.625000000000002,0.625000000000002,0.75,0.75,0.8125,0.8125,         109P    405
0.875,0.875,0.9375,0.9375,1.,1.,1.,1.,1.,1.,1.,1.,1.,1.,1.,1.,       109P    406
1.,1.,1.,1.,1.,1.,1.,1.,1.,1.,1.,1.,1.,1.,1.,1.,25.3361378,          109P    407
4.208505806,3.072220866,25.3361378,4.213409504,3.069173952,          109P    408
25.336584816,4.218236908,3.066163922,25.338335549,4.227745903,       109P    409
3.060215188,25.339639125,4.232427511,3.057276464,25.342275531,       109P    410
4.239334998,3.05292666,25.343273908,4.241628752,3.051479858,         109P    411
25.345489163,4.246122908,3.048640696,25.34669999,4.24831378,         109P    412
3.047254382,25.350642855,4.254717806,3.043196195,25.353681939,       109P    413
4.258764144,3.040623944,25.360657244,4.266372403,3.035775215,        109P    414
25.364646472,4.269966124,3.033478271,25.373305251,4.276285599,       109P    415
3.029430948,25.377990077,4.279046426,3.027658318,25.385623175,       109P    416
4.282510297,3.025431324,25.388247176,4.283538929,3.024769396,        109P    417
25.393566928,4.285306927,3.023631084,25.396275718,4.286052396,       109P    418
3.023150774,25.401793448,4.287259952,3.022372486,25.404602366,       109P    419
4.287722105,3.022074465,25.410326306,4.288346365,3.021671862,        109P    420
25.413234634,4.288505806,3.021569,25.4161378,4.288505806,            109P    421
3.021569,0.,1.,0.019987811,0.527662452,0.849218949;                  109P    422
126,1,1,1,0,1,0,0.,0.,1.,1.,1.,1.,0.272555048,0.1484788,0.,          111P    423
0.272555048,0.162882607,0.,0.,1.,0.,0.,1.;                           111P    424
110,25.4161378,4.288505806,3.021569,25.563864302,4.288505806,        113P    425
3.021569;                                                            113P    426
126,16,2,1,0,1,0,0.,0.,0.,0.125,0.125,0.25,0.25,0.375,0.375,         115P    427
0.5,0.5,0.625,0.625,0.75,0.75,0.875,0.875,1.,1.,1.,1.,1.,1.,1.,      115P    428
1.,1.,1.,1.,1.,1.,1.,1.,1.,1.,1.,1.,1.,0.272555048,0.162882607,      115P    429
0.,0.272555048,0.163719384,0.,0.272724843,0.164537299,0.,            115P    430
0.272892196,0.16534345,0.,0.27321713,0.166095588,0.,                 115P    431
0.273532248,0.166825002,0.,0.273982312,0.1674727,0.,                 115P    432
0.274416214,0.168097138,0.,0.27495832,0.168620666,0.,                115P    433
0.275484735,0.169129041,0.,0.27609335,0.169523012,0.,                115P    434
0.276685802,0.16990652,0.,0.27733493,0.170167808,0.,                 115P    435
0.277971458,0.170424024,0.,0.27864066,0.170553884,0.,                115P    436
0.279305323,0.170682863,0.,0.279980001,0.170682863,0.,0.,1.,0.,      115P    437
0.,1.;                                                               115P    438
126,23,3,1,0,1,0,0.,0.,0.,0.,0.125000000000045,                      117P    439
0.125000000000045,0.187500000000069,0.187500000000069,               117P    440
0.250000000000092,0.250000000000092,0.312500000000116,               117P    441
0.312500000000116,0.375000000000139,0.375000000000139,               117P    442
0.500000000000117,0.500000000000117,0.562500000000108,               117P    443
0.562500000000108,0.625000000000098,0.625000000000098,               117P    444
0.750000000000066,0.750000000000066,0.875000000000033,               117P    445
0.875000000000033,1.,1.,1.,1.,1.,1.,1.,1.,1.,1.,1.,1.,1.,1.,1.,      117P    446
1.,1.,1.,1.,1.,1.,1.,1.,1.,1.,1.,1.,1.,25.563864302,                 117P    447
4.288505806,3.021569,25.569649666,4.288505806,3.021569,              117P    448
25.575303731,4.287885749,3.02196914,25.583600545,4.286084732,        117P    449
3.023129938,25.58635126,4.28533225,3.023614774,25.591709413,         117P    450
4.283556559,3.024758051,25.594303009,4.282540229,3.025412063,        117P    451
25.599330718,4.280267523,3.026873266,25.601764784,4.279011076,       117P    452
3.027680503,25.606478877,4.276265954,3.029442336,25.6087687,         117P    453
4.274769001,3.030402227,25.615284496,4.270026761,3.033439495,        117P    454
25.619194897,4.266518892,3.035681709,25.624473938,4.260786015,       117P    455
3.03933548,25.626139217,4.25878879,3.040606728,25.629224363,         117P    456
4.254707602,3.043200587,25.630651249,4.252617138,3.044527353,        117P    457
25.634603842,4.246203833,3.04859148,25.636808867,4.241727881,        117P    458
3.051419722,25.640354837,4.23246022,3.05725595,25.641664031,         117P    459
4.227758787,3.060207125,25.643418929,4.218228789,3.066169004,        117P    460
25.643864302,4.213400184,3.069179743,25.643864302,4.208505806,       117P    461
3.072220866,0.,1.,0.,0.542226103,0.840232619;                        117P    462
126,1,1,1,0,1,0,0.,0.,1.,1.,1.,1.,0.279980001,0.170682863,0.,        119P    463
0.304840254,0.170682863,0.,0.,1.,0.,0.,1.;                           119P    464
126,3,3,1,0,1,0,0.279980001443951,0.279980001443951,                 121P    465
0.279980001443951,0.279980001443951,0.304840254473822,               121P    466
0.304840254473822,0.304840254473822,0.304840254473822,1.,1.,1.,      121P    467
1.,25.643864302,4.208505806,3.072220866,25.643864302,                121P    468
4.118788635,3.127966658,25.643864302,4.027638073,3.181079067,        121P    469
25.643864302,3.93517665,3.231511593,0.279980001443951,               121P    470
0.304840254473822,-1.,0.,0.;                                         121P    471
126,16,2,1,0,1,0,0.,0.,0.,0.125,0.125,0.25,0.25,0.375,0.375,         123P    472
0.5,0.5,0.625,0.625,0.75,0.75,0.875,0.875,1.,1.,1.,1.,1.,1.,1.,      123P    473
1.,1.,1.,1.,1.,1.,1.,1.,1.,1.,1.,1.,1.,0.304840254,0.170682863,      123P    474
0.,0.305503436,0.170682863,0.,0.306154402,0.170550524,0.,            123P    475
0.306811103,0.170417019,0.,0.307432966,0.170153402,0.,               123P    476
0.308064533,0.169885672,0.,0.308638128,0.169493117,0.,               123P    477
0.309223066,0.169092799,0.,0.309726578,0.1685772,0.,0.31024331,      123P    478
0.168048063,0.,0.310654649,0.167417727,0.,0.311075971,               123P    479
0.166772092,0.,0.31136983,0.166046318,0.,0.311669276,                123P    480
0.165306747,0.,0.311823793,0.164515197,0.,0.311981343,               123P    481
0.163708113,0.,0.311981343,0.162882607,0.,0.,1.,0.,0.,1.;            123P    482
126,21,3,1,0,1,0,0.,0.,0.,0.,0.124999999999982,                      125P    483
0.124999999999982,0.249999999999964,0.249999999999964,               125P    484
0.374999999999946,0.374999999999946,0.499999999999928,               125P    485
0.499999999999928,0.562499999999919,0.562499999999919,               125P    486
0.62499999999991,0.62499999999991,0.687499999999901,                 125P    487
0.687499999999901,0.749999999999892,0.749999999999892,               125P    488
0.874999999999946,0.874999999999946,1.,1.,1.,1.,1.,1.,1.,1.,1.,      125P    489
1.,1.,1.,1.,1.,1.,1.,1.,1.,1.,1.,1.,1.,1.,1.,1.,1.,                  125P    490
25.643864302,3.93517665,3.231511593,25.643864302,3.930222872,        125P    491
3.234213601,25.643408108,3.925332022,3.236871545,25.641605931,       125P    492
3.915673502,3.242102296,25.640260341,3.910905769,3.244675128,        125P    493
25.636607869,3.901504645,3.24973115,25.634348013,3.896997515,        125P    494
3.252146427,25.628976328,3.888421715,3.256728295,25.625862413,       125P    495
3.88434466,3.258899369,25.620471492,3.878585659,3.261957964,         125P    496
25.618569883,3.876745111,3.262934029,25.614605702,3.873271435,       125P    497
3.26477393,25.612535965,3.871630511,3.265641906,25.60821768,         125P    498
3.868544673,3.267272441,25.605969165,3.867099722,3.268035019,        125P    499
25.60128416,3.864416196,3.269449965,25.598836804,3.863172785,        125P    500
3.270104878,25.591261062,3.859811225,3.271874109,25.586027079,       125P    501
3.858108368,3.272768507,25.575189449,3.855788679,3.273986329,        125P    502
25.569532392,3.85517665,3.274307235,25.563864302,3.85517665,         125P    503
3.274307235,0.,1.,-0.01874222,0.478760868,0.877745271;               125P    504
126,1,1,1,0,1,0,0.,0.,1.,1.,1.,1.,0.311981343,0.162882607,0.,        127P    505
0.311981343,0.1484788,0.,0.,1.,0.,0.,1.;                             127P    506
110,25.563864302,3.85517665,3.274307235,25.4161378,3.85517665,       129P    507
3.274307235;                                                         129P    508
126,16,2,1,0,1,0,0.,0.,0.,0.125,0.125,0.25,0.25,0.375,0.375,         131P    509
0.5,0.5,0.625,0.625,0.75,0.75,0.875,0.875,1.,1.,1.,1.,1.,1.,1.,      131P    510
1.,1.,1.,1.,1.,1.,1.,1.,1.,1.,1.,1.,1.,0.311981343,0.1484788,        131P    511
0.,0.311981343,0.147660265,0.,0.311826414,0.146859692,0.,            131P    512
0.311672657,0.146065183,0.,0.311372936,0.14532277,0.,                131P    513
0.311079625,0.144596237,0.,0.310658633,0.143949791,0.,               131P    514
0.310247845,0.143319014,0.,0.309731573,0.142789327,0.,               131P    515
0.309226075,0.142270694,0.,0.308638308,0.141868414,0.,               131P    516
0.308065304,0.141476237,0.,0.307434432,0.141208627,0.,               131P    517
0.30681162,0.140944435,0.,0.306153849,0.14081077,0.,                 131P    518
0.305503152,0.140678543,0.,0.304840254,0.140678543,0.,0.,1.,0.,      131P    519
0.,1.;                                                               131P    520
126,19,3,1,0,1,0,0.,0.,0.,0.,0.125,0.125,0.25,0.25,0.375,0.375,      133P    521
0.500000000000001,0.500000000000001,0.625000000000001,               133P    522
0.625000000000001,0.750000000000001,0.750000000000001,               133P    523
0.812500000000005,0.812500000000005,0.875000000000009,               133P    524
0.875000000000009,1.,1.,1.,1.,1.,1.,1.,1.,1.,1.,1.,1.,1.,1.,1.,      133P    525
1.,1.,1.,1.,1.,1.,1.,1.,1.,25.4161378,3.85517665,3.274307235,        133P    526
25.410487715,3.85517665,3.274307235,25.404954638,3.855768435,        133P    527
3.273996948,25.394109589,3.858069674,3.272788829,25.388758754,       133P    528
3.859809845,3.271874815,25.378779903,3.86422487,3.269551172,         133P    529
25.374072635,3.866915937,3.268133017,25.365303275,3.873169762,       133P    530
3.264828612,25.361349443,3.876650011,3.262985927,25.35422286,        133P    531
3.884248546,3.25895047,25.351040422,3.888398614,3.256740634,         133P    532
25.34564197,3.897016576,3.252136245,25.343392156,3.901513042,        133P    533
3.249726614,25.340665478,3.908526689,3.245954632,25.339866217,       133P    534
3.910911173,3.244670067,25.338507963,3.915688803,3.242091708,        133P    535
25.337944717,3.918091951,3.240792544,25.336592352,3.925342931,       133P    536
3.236865629,25.3361378,3.930231932,3.234208659,25.3361378,           133P    537
3.93517665,3.231511593,0.,1.,0.,0.464364495,0.885644181;             133P    538
102,8,103,107,111,115,119,123,127,131;                               135P    539
102,8,105,109,113,117,121,125,129,133;                               137P    540
142,1,3,135,137,1;                                                   139P    541
126,1,1,1,0,1,0,0.,0.,1.,1.,1.,1.,0.304840254,0.203080594,0.,        141P    542
0.279980001,0.203080594,0.,0.,1.,0.,0.,1.;                           141P    543
126,3,3,1,0,1,0,0.695159745526178,0.695159745526178,                 143P    544
0.695159745526178,0.695159745526178,0.720019998552982,               143P    545
0.720019998552982,0.720019998552982,0.720019998552982,1.,1.,1.,      143P    546
1.,25.9761378,3.93517665,3.231511593,25.9761378,4.027638073,         143P    547
3.181079067,25.9761378,4.118788635,3.127966658,25.9761378,           143P    548
4.208505806,3.072220867,0.695159745526178,0.720019998552982,1.,      143P    549
0.,0.;                                                               143P    550
126,16,2,1,0,1,0,0.,0.,0.,0.125,0.125,0.25,0.25,0.375,0.375,         145P    551
0.5,0.5,0.625,0.625,0.75,0.75,0.875,0.875,1.,1.,1.,1.,1.,1.,1.,      145P    552
1.,1.,1.,1.,1.,1.,1.,1.,1.,1.,1.,1.,1.,0.279980001,0.203080594,      145P    553
0.,0.279305435,0.203080594,0.,0.278640881,0.203209531,0.,            145P    554
0.277974587,0.203338805,0.,0.277340635,0.203593357,0.,               145P    555
0.276690015,0.203854601,0.,0.27609622,0.204238589,0.,                145P    556
0.275492964,0.204628695,0.,0.274970285,0.205131261,0.,               145P    557
0.274424714,0.205655839,0.,0.273988121,0.20628241,0.,                145P    558
0.273537544,0.20692905,0.,0.273221622,0.207657493,0.,                145P    559
0.272896007,0.208408287,0.,0.272727537,0.209213232,0.,               145P    560
0.272555048,0.210037384,0.,0.272555048,0.210880851,0.,0.,1.,0.,      145P    561
0.,1.;                                                               145P    562
126,23,3,1,0,1,0,0.,0.,0.,0.,0.124999999999982,                      147P    563
0.124999999999982,0.249999999999964,0.249999999999964,               147P    564
0.312499999999952,0.312499999999952,0.374999999999941,               147P    565
0.374999999999941,0.499999999999923,0.499999999999923,               147P    566
0.624999999999904,0.624999999999904,0.749999999999886,               147P    567
0.749999999999886,0.812499999999915,0.812499999999915,               147P    568
0.874999999999943,0.874999999999943,0.937499999999972,               147P    569
0.937499999999972,1.,1.,1.,1.,1.,1.,1.,1.,1.,1.,1.,1.,1.,1.,1.,      147P    570
1.,1.,1.,1.,1.,1.,1.,1.,1.,1.,1.,1.,1.,25.9761378,4.208505806,       147P    571
3.072220866,25.9761378,4.213409504,3.069173952,25.976584816,         147P    572
4.218236908,3.066163922,25.978335549,4.227745903,3.060215188,        147P    573
25.979639125,4.232427511,3.057276464,25.982275531,4.239334998,       147P    574
3.05292666,25.983273908,4.241628752,3.051479858,25.985489163,        147P    575
4.246122908,3.048640696,25.98669999,4.24831378,3.047254382,          147P    576
25.990642855,4.254717806,3.043196195,25.993681939,4.258764144,       147P    577
3.040623944,26.000657244,4.266372403,3.035775215,26.004646472,       147P    578
4.269966124,3.033478271,26.013305251,4.276285599,3.029430948,        147P    579
26.017990077,4.279046426,3.027658318,26.025623175,4.282510297,       147P    580
3.025431324,26.028247176,4.283538929,3.024769396,26.033566928,       147P    581
4.285306927,3.023631084,26.036275718,4.286052396,3.023150774,        147P    582
26.041793448,4.287259952,3.022372486,26.044602366,4.287722105,       147P    583
3.022074465,26.050326306,4.288346365,3.021671862,26.053234634,       147P    584
4.288505806,3.021569,26.0561378,4.288505806,3.021569,0.,1.,          147P    585
0.019987811,0.527662452,0.849218949;                                 147P    586
126,1,1,1,0,1,0,0.,0.,1.,1.,1.,1.,0.272555048,0.210880851,0.,        149P    587
0.272555048,0.225284658,0.,0.,1.,0.,0.,1.;                           149P    588
110,26.0561378,4.288505806,3.021569,26.203864302,4.288505806,        151P    589
3.021569;                                                            151P    590
126,16,2,1,0,1,0,0.,0.,0.,0.125,0.125,0.25,0.25,0.375,0.375,         153P    591
0.5,0.5,0.625,0.625,0.75,0.75,0.875,0.875,1.,1.,1.,1.,1.,1.,1.,      153P    592
1.,1.,1.,1.,1.,1.,1.,1.,1.,1.,1.,1.,1.,0.272555048,0.225284658,      153P    593
0.,0.272555048,0.226121434,0.,0.272724843,0.226939349,0.,            153P    594
0.272892196,0.227745501,0.,0.27321713,0.228497638,0.,                153P    595
0.273532248,0.229227053,0.,0.273982312,0.229874751,0.,               153P    596
0.274416214,0.230499188,0.,0.27495832,0.231022717,0.,                153P    597
0.275484735,0.231531092,0.,0.27609335,0.231925063,0.,                153P    598
0.276685802,0.23230857,0.,0.27733493,0.232569858,0.,                 153P    599
0.277971458,0.232826074,0.,0.27864066,0.232955935,0.,                153P    600
0.279305323,0.233084914,0.,0.279980001,0.233084914,0.,0.,1.,0.,      153P    601
0.,1.;                                                               153P    602
126,23,3,1,0,1,0,0.,0.,0.,0.,0.124999999999965,                      155P    603
0.124999999999965,0.187499999999948,0.187499999999948,               155P    604
0.24999999999993,0.24999999999993,0.312499999999912,                 155P    605
0.312499999999912,0.374999999999894,0.374999999999894,               155P    606
0.499999999999927,0.499999999999927,0.562499999999941,               155P    607
0.562499999999941,0.624999999999956,0.624999999999956,               155P    608
0.749999999999971,0.749999999999971,0.874999999999985,               155P    609
0.874999999999985,1.,1.,1.,1.,1.,1.,1.,1.,1.,1.,1.,1.,1.,1.,1.,      155P    610
1.,1.,1.,1.,1.,1.,1.,1.,1.,1.,1.,1.,1.,26.203864302,                 155P    611
4.288505806,3.021569,26.209649666,4.288505806,3.021569,              155P    612
26.215303731,4.287885749,3.02196914,26.223600545,4.286084732,        155P    613
3.023129938,26.22635126,4.28533225,3.023614774,26.231709413,         155P    614
4.283556559,3.024758051,26.234303009,4.282540229,3.025412063,        155P    615
26.239330718,4.280267523,3.026873266,26.241764784,4.279011076,       155P    616
3.027680503,26.246478877,4.276265954,3.029442336,26.2487687,         155P    617
4.274769001,3.030402227,26.255284496,4.270026761,3.033439495,        155P    618
26.259194897,4.266518892,3.035681709,26.264473938,4.260786015,       155P    619
3.03933548,26.266139217,4.25878879,3.040606728,26.269224363,         155P    620
4.254707602,3.043200587,26.270651249,4.252617138,3.044527353,        155P    621
26.274603842,4.246203833,3.04859148,26.276808867,4.241727881,        155P    622
3.051419722,26.280354837,4.23246022,3.05725595,26.281664031,         155P    623
4.227758787,3.060207125,26.283418929,4.218228789,3.066169004,        155P    624
26.283864302,4.213400184,3.069179743,26.283864302,4.208505806,       155P    625
3.072220866,0.,1.,0.,0.542226103,0.840232619;                        155P    626
126,1,1,1,0,1,0,0.,0.,1.,1.,1.,1.,0.279980001,0.233084914,0.,        157P    627
0.304840254,0.233084914,0.,0.,1.,0.,0.,1.;                           157P    628
126,3,3,1,0,1,0,0.279980001443951,0.279980001443951,                 159P    629
0.279980001443951,0.279980001443951,0.304840254473822,               159P    630
0.304840254473822,0.304840254473822,0.304840254473822,1.,1.,1.,      159P    631
1.,26.283864302,4.208505806,3.072220866,26.283864302,                159P    632
4.118788635,3.127966658,26.283864302,4.027638073,3.181079067,        159P    633
26.283864302,3.93517665,3.231511593,0.279980001443951,               159P    634
0.304840254473822,-1.,0.,0.;                                         159P    635
126,16,2,1,0,1,0,0.,0.,0.,0.125,0.125,0.25,0.25,0.375,0.375,         161P    636
0.5,0.5,0.625,0.625,0.75,0.75,0.875,0.875,1.,1.,1.,1.,1.,1.,1.,      161P    637
1.,1.,1.,1.,1.,1.,1.,1.,1.,1.,1.,1.,1.,0.304840254,0.233084914,      161P    638
0.,0.305503436,0.233084914,0.,0.306154402,0.232952575,0.,            161P    639
0.306811103,0.232819069,0.,0.307432966,0.232555453,0.,               161P    640
0.308064533,0.232287722,0.,0.308638128,0.231895167,0.,               161P    641
0.309223066,0.231494849,0.,0.309726578,0.230979251,0.,               161P    642
0.31024331,0.230450114,0.,0.310654649,0.229819778,0.,                161P    643
0.311075971,0.229174143,0.,0.31136983,0.228448369,0.,                161P    644
0.311669276,0.227708797,0.,0.311823793,0.226917248,0.,               161P    645
0.311981343,0.226110164,0.,0.311981343,0.225284658,0.,0.,1.,0.,      161P    646
0.,1.;                                                               161P    647
126,21,3,1,0,1,0,0.,0.,0.,0.,0.125000000000028,                      163P    648
0.125000000000028,0.250000000000056,0.250000000000056,               163P    649
0.375000000000084,0.375000000000084,0.500000000000112,               163P    650
0.500000000000112,0.562500000000097,0.562500000000097,               163P    651
0.625000000000083,0.625000000000083,0.687500000000068,               163P    652
0.687500000000068,0.750000000000054,0.750000000000054,               163P    653
0.875000000000027,0.875000000000027,1.,1.,1.,1.,1.,1.,1.,1.,1.,      163P    654
1.,1.,1.,1.,1.,1.,1.,1.,1.,1.,1.,1.,1.,1.,1.,1.,1.,                  163P    655
26.283864302,3.93517665,3.231511593,26.283864302,3.930222872,        163P    656
3.234213601,26.283408108,3.925332022,3.236871545,26.281605931,       163P    657
3.915673502,3.242102296,26.280260341,3.910905769,3.244675128,        163P    658
26.276607869,3.901504645,3.24973115,26.274348013,3.896997515,        163P    659
3.252146427,26.268976328,3.888421715,3.256728295,26.265862413,       163P    660
3.88434466,3.258899369,26.260471492,3.878585659,3.261957964,         163P    661
26.258569883,3.876745111,3.262934029,26.254605702,3.873271435,       163P    662
3.26477393,26.252535965,3.871630511,3.265641906,26.24821768,         163P    663
3.868544673,3.267272441,26.245969165,3.867099722,3.268035019,        163P    664
26.24128416,3.864416196,3.269449965,26.238836804,3.863172785,        163P    665
3.270104878,26.231261062,3.859811225,3.271874109,26.226027079,       163P    666
3.858108368,3.272768507,26.215189449,3.855788679,3.273986329,        163P    667
26.209532392,3.85517665,3.274307235,26.203864302,3.85517665,         163P    668
3.274307235,0.,1.,-0.01874222,0.478760868,0.877745271;               163P    669
126,1,1,1,0,1,0,0.,0.,1.,1.,1.,1.,0.311981343,0.225284658,0.,        165P    670
0.311981343,0.210880851,0.,0.,1.,0.,0.,1.;                           165P    671
110,26.203864302,3.85517665,3.274307235,26.0561378,3.85517665,       167P    672
3.274307235;                                                         167P    673
126,16,2,1,0,1,0,0.,0.,0.,0.125,0.125,0.25,0.25,0.375,0.375,         169P    674
0.5,0.5,0.625,0.625,0.75,0.75,0.875,0.875,1.,1.,1.,1.,1.,1.,1.,      169P    675
1.,1.,1.,1.,1.,1.,1.,1.,1.,1.,1.,1.,1.,0.311981343,0.210880851,      169P    676
0.,0.311981343,0.210062315,0.,0.311826414,0.209261743,0.,            169P    677
0.311672657,0.208467233,0.,0.311372936,0.207724821,0.,               169P    678
0.311079625,0.206998288,0.,0.310658633,0.206351842,0.,               169P    679
0.310247845,0.205721064,0.,0.309731573,0.205191378,0.,               169P    680
0.309226075,0.204672744,0.,0.308638308,0.204270464,0.,               169P    681
0.308065304,0.203878288,0.,0.307434432,0.203610677,0.,               169P    682
0.30681162,0.203346486,0.,0.306153849,0.203212821,0.,                169P    683
0.305503152,0.203080594,0.,0.304840254,0.203080594,0.,0.,1.,0.,      169P    684
0.,1.;                                                               169P    685
126,19,3,1,0,1,0,0.,0.,0.,0.,0.125000000000003,                      171P    686
0.125000000000003,0.250000000000005,0.250000000000005,               171P    687
0.375000000000008,0.375000000000008,0.500000000000011,               171P    688
0.500000000000011,0.625000000000013,0.625000000000013,               171P    689
0.750000000000016,0.750000000000016,0.812500000000018,               171P    690
0.812500000000018,0.875000000000019,0.875000000000019,1.,1.,1.,      171P    691
1.,1.,1.,1.,1.,1.,1.,1.,1.,1.,1.,1.,1.,1.,1.,1.,1.,1.,1.,1.,1.,      171P    692
26.0561378,3.85517665,3.274307235,26.050487715,3.85517665,           171P    693
3.274307235,26.044954638,3.855768435,3.273996948,26.034109589,       171P    694
3.858069674,3.272788829,26.028758754,3.859809845,3.271874815,        171P    695
26.018779903,3.86422487,3.269551172,26.014072635,3.866915937,        171P    696
3.268133017,26.005303275,3.873169762,3.264828612,26.001349443,       171P    697
3.876650011,3.262985927,25.99422286,3.884248546,3.25895047,          171P    698
25.991040422,3.888398614,3.256740634,25.98564197,3.897016576,        171P    699
3.252136245,25.983392156,3.901513042,3.249726614,25.980665478,       171P    700
3.908526689,3.245954632,25.979866217,3.910911173,3.244670067,        171P    701
25.978507963,3.915688803,3.242091708,25.977944717,3.918091951,       171P    702
3.240792544,25.976592352,3.925342931,3.236865629,25.9761378,         171P    703
3.930231932,3.234208659,25.9761378,3.93517665,3.231511593,0.,        171P    704
1.,0.,0.464364495,0.885644181;                                       171P    705
102,8,141,145,149,153,157,161,165,169;                               173P    706
102,8,143,147,151,155,159,163,167,171;                               175P    707
142,1,3,173,175,1;                                                   177P    708
126,1,1,1,0,1,0,0.,0.,1.,1.,1.,1.,0.304840254,0.265482645,0.,        179P    709
0.279980001,0.265482645,0.,0.,1.,0.,0.,1.;                           179P    710
126,3,3,1,0,1,0,0.695159745526178,0.695159745526178,                 181P    711
0.695159745526178,0.695159745526178,0.720019998552982,               181P    712
0.720019998552982,0.720019998552982,0.720019998552982,1.,1.,1.,      181P    713
1.,26.6161378,3.93517665,3.231511593,26.6161378,4.027638073,         181P    714
3.181079067,26.6161378,4.118788635,3.127966658,26.6161378,           181P    715
4.208505806,3.072220867,0.695159745526178,0.720019998552982,1.,      181P    716
0.,0.;                                                               181P    717
126,16,2,1,0,1,0,0.,0.,0.,0.125,0.125,0.25,0.25,0.375,0.375,         183P    718
0.5,0.5,0.625,0.625,0.75,0.75,0.875,0.875,1.,1.,1.,1.,1.,1.,1.,      183P    719
1.,1.,1.,1.,1.,1.,1.,1.,1.,1.,1.,1.,1.,0.279980001,0.265482645,      183P    720
0.,0.279305435,0.265482645,0.,0.278640881,0.265611581,0.,            183P    721
0.277974587,0.265740856,0.,0.277340635,0.265995407,0.,               183P    722
0.276690015,0.266256652,0.,0.27609622,0.26664064,0.,                 183P    723
0.275492964,0.267030746,0.,0.274970285,0.267533312,0.,               183P    724
0.274424714,0.268057889,0.,0.273988121,0.268684461,0.,               183P    725
0.273537544,0.2693311,0.,0.273221622,0.270059544,0.,                 183P    726
0.272896007,0.270810337,0.,0.272727537,0.271615283,0.,               183P    727
0.272555048,0.272439435,0.,0.272555048,0.273282901,0.,0.,1.,0.,      183P    728
0.,1.;                                                               183P    729
126,23,3,1,0,1,0,0.,0.,0.,0.,0.124999999999985,                      185P    730
0.124999999999985,0.24999999999997,0.24999999999997,                 185P    731
0.312499999999974,0.312499999999974,0.374999999999979,               185P    732
0.374999999999979,0.499999999999983,0.499999999999983,               185P    733
0.624999999999987,0.624999999999987,0.749999999999991,               185P    734
0.749999999999991,0.812499999999994,0.812499999999994,               185P    735
0.874999999999996,0.874999999999996,0.937499999999998,               185P    736
0.937499999999998,1.,1.,1.,1.,1.,1.,1.,1.,1.,1.,1.,1.,1.,1.,1.,      185P    737
1.,1.,1.,1.,1.,1.,1.,1.,1.,1.,1.,1.,1.,26.6161378,4.208505806,       185P    738
3.072220866,26.6161378,4.213409504,3.069173952,26.616584816,         185P    739
4.218236908,3.066163922,26.618335549,4.227745903,3.060215188,        185P    740
26.619639125,4.232427511,3.057276464,26.622275531,4.239334998,       185P    741
3.05292666,26.623273908,4.241628752,3.051479858,26.625489163,        185P    742
4.246122908,3.048640696,26.62669999,4.24831378,3.047254382,          185P    743
26.630642855,4.254717806,3.043196195,26.633681939,4.258764144,       185P    744
3.040623944,26.640657244,4.266372403,3.035775215,26.644646472,       185P    745
4.269966124,3.033478271,26.653305251,4.276285599,3.029430948,        185P    746
26.657990077,4.279046426,3.027658318,26.665623175,4.282510297,       185P    747
3.025431324,26.668247176,4.283538929,3.024769396,26.673566928,       185P    748
4.285306927,3.023631084,26.676275718,4.286052396,3.023150774,        185P    749
26.681793448,4.287259952,3.022372486,26.684602366,4.287722105,       185P    750
3.022074465,26.690326306,4.288346365,3.021671862,26.693234634,       185P    751
4.288505806,3.021569,26.6961378,4.288505806,3.021569,0.,1.,          185P    752
0.019987811,0.527662452,0.849218949;                                 185P    753
126,1,1,1,0,1,0,0.,0.,1.,1.,1.,1.,0.272555048,0.273282901,0.,        187P    754
0.272555048,0.287686709,0.,0.,1.,0.,0.,1.;                           187P    755
110,26.6961378,4.288505806,3.021569,26.843864302,4.288505806,        189P    756
3.021569;                                                            189P    757
126,16,2,1,0,1,0,0.,0.,0.,0.125,0.125,0.25,0.25,0.375,0.375,         191P    758
0.5,0.5,0.625,0.625,0.75,0.75,0.875,0.875,1.,1.,1.,1.,1.,1.,1.,      191P    759
1.,1.,1.,1.,1.,1.,1.,1.,1.,1.,1.,1.,1.,0.272555048,0.287686709,      191P    760
0.,0.272555048,0.288523485,0.,0.272724843,0.2893414,0.,              191P    761
0.272892196,0.290147552,0.,0.27321713,0.290899689,0.,                191P    762
0.273532248,0.291629103,0.,0.273982312,0.292276802,0.,               191P    763
0.274416214,0.292901239,0.,0.27495832,0.293424768,0.,                191P    764
0.275484735,0.293933143,0.,0.27609335,0.294327113,0.,                191P    765
0.276685802,0.294710621,0.,0.27733493,0.294971909,0.,                191P    766
0.277971458,0.295228125,0.,0.27864066,0.295357985,0.,                191P    767
0.279305323,0.295486965,0.,0.279980001,0.295486965,0.,0.,1.,0.,      191P    768
0.,1.;                                                               191P    769
126,23,3,1,0,1,0,0.,0.,0.,0.,0.124999999999974,                      193P    770
0.124999999999974,0.187499999999962,0.187499999999962,               193P    771
0.24999999999995,0.24999999999995,0.312499999999938,                 193P    772
0.312499999999938,0.374999999999926,0.374999999999926,               193P    773
0.499999999999949,0.499999999999949,0.562499999999961,               193P    774
0.562499999999961,0.624999999999973,0.624999999999973,               193P    775
0.749999999999982,0.749999999999982,0.874999999999991,               193P    776
0.874999999999991,1.,1.,1.,1.,1.,1.,1.,1.,1.,1.,1.,1.,1.,1.,1.,      193P    777
1.,1.,1.,1.,1.,1.,1.,1.,1.,1.,1.,1.,1.,26.843864302,                 193P    778
4.288505806,3.021569,26.849649666,4.288505806,3.021569,              193P    779
26.855303731,4.287885749,3.02196914,26.863600545,4.286084732,        193P    780
3.023129938,26.86635126,4.28533225,3.023614774,26.871709413,         193P    781
4.283556559,3.024758051,26.874303009,4.282540229,3.025412063,        193P    782
26.879330718,4.280267523,3.026873266,26.881764784,4.279011076,       193P    783
3.027680503,26.886478877,4.276265954,3.029442336,26.8887687,         193P    784
4.274769001,3.030402227,26.895284496,4.270026761,3.033439495,        193P    785
26.899194897,4.266518892,3.035681709,26.904473938,4.260786015,       193P    786
3.03933548,26.906139217,4.25878879,3.040606728,26.909224363,         193P    787
4.254707602,3.043200587,26.910651249,4.252617138,3.044527353,        193P    788
26.914603842,4.246203833,3.04859148,26.916808867,4.241727881,        193P    789
3.051419722,26.920354837,4.23246022,3.05725595,26.921664031,         193P    790
4.227758787,3.060207125,26.923418929,4.218228789,3.066169004,        193P    791
26.923864302,4.213400184,3.069179743,26.923864302,4.208505806,       193P    792
3.072220866,0.,1.,0.,0.542226103,0.840232619;                        193P    793
126,1,1,1,0,1,0,0.,0.,1.,1.,1.,1.,0.279980001,0.295486965,0.,        195P    794
0.304840254,0.295486965,0.,0.,1.,0.,0.,1.;                           195P    795
126,3,3,1,0,1,0,0.279980001443951,0.279980001443951,                 197P    796
0.279980001443951,0.279980001443951,0.304840254473822,               197P    797
0.304840254473822,0.304840254473822,0.304840254473822,1.,1.,1.,      197P    798
1.,26.923864302,4.208505806,3.072220866,26.923864302,                197P    799
4.118788635,3.127966658,26.923864302,4.027638073,3.181079067,        197P    800
26.923864302,3.93517665,3.231511593,0.279980001443951,               197P    801
0.304840254473822,-1.,0.,0.;                                         197P    802
126,16,2,1,0,1,0,0.,0.,0.,0.125,0.125,0.25,0.25,0.375,0.375,         199P    803
0.5,0.5,0.625,0.625,0.75,0.75,0.875,0.875,1.,1.,1.,1.,1.,1.,1.,      199P    804
1.,1.,1.,1.,1.,1.,1.,1.,1.,1.,1.,1.,1.,0.304840254,0.295486965,      199P    805
0.,0.305503436,0.295486965,0.,0.306154402,0.295354625,0.,            199P    806
0.306811103,0.29522112,0.,0.307432966,0.294957503,0.,                199P    807
0.308064533,0.294689773,0.,0.308638128,0.294297218,0.,               199P    808
0.309223066,0.2938969,0.,0.309726578,0.293381302,0.,0.31024331,      199P    809
0.292852164,0.,0.310654649,0.292221828,0.,0.311075971,               199P    810
0.291576193,0.,0.31136983,0.29085042,0.,0.311669276,                 199P    811
0.290110848,0.,0.311823793,0.289319298,0.,0.311981343,               199P    812
0.288512215,0.,0.311981343,0.287686709,0.,0.,1.,0.,0.,1.;            199P    813
126,21,3,1,0,1,0,0.,0.,0.,0.,0.125000000000048,                      201P    814
0.125000000000048,0.250000000000096,0.250000000000096,               201P    815
0.375000000000143,0.375000000000143,0.500000000000191,               201P    816
0.500000000000191,0.562500000000185,0.562500000000185,               201P    817
0.625000000000178,0.625000000000178,0.687500000000172,               201P    818
0.687500000000172,0.750000000000166,0.750000000000166,               201P    819
0.875000000000083,0.875000000000083,1.,1.,1.,1.,1.,1.,1.,1.,1.,      201P    820
1.,1.,1.,1.,1.,1.,1.,1.,1.,1.,1.,1.,1.,1.,1.,1.,1.,                  201P    821
26.923864302,3.93517665,3.231511593,26.923864302,3.930222872,        201P    822
3.234213601,26.923408108,3.925332022,3.236871545,26.921605931,       201P    823
3.915673502,3.242102296,26.920260341,3.910905769,3.244675128,        201P    824
26.916607869,3.901504645,3.24973115,26.914348013,3.896997515,        201P    825
3.252146427,26.908976328,3.888421715,3.256728295,26.905862413,       201P    826
3.88434466,3.258899369,26.900471492,3.878585659,3.261957964,         201P    827
26.898569883,3.876745111,3.262934029,26.894605702,3.873271435,       201P    828
3.26477393,26.892535965,3.871630511,3.265641906,26.88821768,         201P    829
3.868544673,3.267272441,26.885969165,3.867099722,3.268035019,        201P    830
26.88128416,3.864416196,3.269449965,26.878836804,3.863172785,        201P    831
3.270104878,26.871261062,3.859811225,3.271874109,26.866027079,       201P    832
3.858108368,3.272768507,26.855189449,3.855788679,3.273986329,        201P    833
26.849532392,3.85517665,3.274307235,26.843864302,3.85517665,         201P    834
3.274307235,0.,1.,-0.01874222,0.478760868,0.877745271;               201P    835
126,1,1,1,0,1,0,0.,0.,1.,1.,1.,1.,0.311981343,0.287686709,0.,        203P    836
0.311981343,0.273282901,0.,0.,1.,0.,0.,1.;                           203P    837
110,26.843864302,3.85517665,3.274307235,26.6961378,3.85517665,       205P    838
3.274307235;                                                         205P    839
126,16,2,1,0,1,0,0.,0.,0.,0.125,0.125,0.25,0.25,0.375,0.375,         207P    840
0.5,0.5,0.625,0.625,0.75,0.75,0.875,0.875,1.,1.,1.,1.,1.,1.,1.,      207P    841
1.,1.,1.,1.,1.,1.,1.,1.,1.,1.,1.,1.,1.,0.311981343,0.273282901,      207P    842
0.,0.311981343,0.272464366,0.,0.311826414,0.271663794,0.,            207P    843
0.311672657,0.270869284,0.,0.311372936,0.270126872,0.,               207P    844
0.311079625,0.269400339,0.,0.310658633,0.268753892,0.,               207P    845
0.310247845,0.268123115,0.,0.309731573,0.267593429,0.,               207P    846
0.309226075,0.267074795,0.,0.308638308,0.266672515,0.,               207P    847
0.308065304,0.266280339,0.,0.307434432,0.266012728,0.,               207P    848
0.30681162,0.265748536,0.,0.306153849,0.265614872,0.,                207P    849
0.305503152,0.265482645,0.,0.304840254,0.265482645,0.,0.,1.,0.,      207P    850
0.,1.;                                                               207P    851
126,19,3,1,0,1,0,0.,0.,0.,0.,0.125000000000006,                      209P    852
0.125000000000006,0.250000000000013,0.250000000000013,               209P    853
0.375000000000019,0.375000000000019,0.500000000000025,               209P    854
0.500000000000025,0.625000000000032,0.625000000000032,               209P    855
0.750000000000038,0.750000000000038,0.812500000000031,               209P    856
0.812500000000031,0.875000000000023,0.875000000000023,1.,1.,1.,      209P    857
1.,1.,1.,1.,1.,1.,1.,1.,1.,1.,1.,1.,1.,1.,1.,1.,1.,1.,1.,1.,1.,      209P    858
26.6961378,3.85517665,3.274307235,26.690487715,3.85517665,           209P    859
3.274307235,26.684954638,3.855768435,3.273996948,26.674109589,       209P    860
3.858069674,3.272788829,26.668758754,3.859809845,3.271874815,        209P    861
26.658779903,3.86422487,3.269551172,26.654072635,3.866915937,        209P    862
3.268133017,26.645303275,3.873169762,3.264828612,26.641349443,       209P    863
3.876650011,3.262985927,26.63422286,3.884248546,3.25895047,          209P    864
26.631040422,3.888398614,3.256740634,26.62564197,3.897016576,        209P    865
3.252136245,26.623392156,3.901513042,3.249726614,26.620665478,       209P    866
3.908526689,3.245954632,26.619866217,3.910911173,3.244670067,        209P    867
26.618507963,3.915688803,3.242091708,26.617944717,3.918091951,       209P    868
3.240792544,26.616592352,3.925342931,3.236865629,26.6161378,         209P    869
3.930231932,3.234208659,26.6161378,3.93517665,3.231511593,0.,        209P    870
1.,0.,0.464364495,0.885644181;                                       209P    871
102,8,179,183,187,191,195,199,203,207;                               211P    872
102,8,181,185,189,193,197,201,205,209;                               213P    873
142,1,3,211,213,1;                                                   215P    874
126,1,1,1,0,1,0,0.,0.,1.,1.,1.,1.,0.304840254,0.327884696,0.,        217P    875
0.279980001,0.327884696,0.,0.,1.,0.,0.,1.;                           217P    876
126,3,3,1,0,1,0,0.695159745526178,0.695159745526178,                 219P    877
0.695159745526178,0.695159745526178,0.720019998552982,               219P    878
0.720019998552982,0.720019998552982,0.720019998552982,1.,1.,1.,      219P    879
1.,27.2561378,3.93517665,3.231511593,27.2561378,4.027638073,         219P    880
3.181079067,27.2561378,4.118788635,3.127966658,27.2561378,           219P    881
4.208505806,3.072220867,0.695159745526178,0.720019998552982,1.,      219P    882
0.,0.;                                                               219P    883
126,16,2,1,0,1,0,0.,0.,0.,0.125,0.125,0.25,0.25,0.375,0.375,         221P    884
0.5,0.5,0.625,0.625,0.75,0.75,0.875,0.875,1.,1.,1.,1.,1.,1.,1.,      221P    885
1.,1.,1.,1.,1.,1.,1.,1.,1.,1.,1.,1.,1.,0.279980001,0.327884696,      221P    886
0.,0.279305435,0.327884696,0.,0.278640881,0.328013632,0.,            221P    887
0.277974587,0.328142906,0.,0.277340635,0.328397458,0.,               221P    888
0.276690015,0.328658702,0.,0.27609622,0.32904269,0.,                 221P    889
0.275492964,0.329432796,0.,0.274970285,0.329935363,0.,               221P    890
0.274424714,0.33045994,0.,0.273988121,0.331086512,0.,                221P    891
0.273537544,0.331733151,0.,0.273221622,0.332461594,0.,               221P    892
0.272896007,0.333212388,0.,0.272727537,0.334017333,0.,               221P    893
0.272555048,0.334841485,0.,0.272555048,0.335684952,0.,0.,1.,0.,      221P    894
0.,1.;                                                               221P    895
126,23,3,1,0,1,0,0.,0.,0.,0.,0.124999999999995,                      223P    896
0.124999999999995,0.249999999999989,0.249999999999989,               223P    897
0.312499999999986,0.312499999999986,0.374999999999984,               223P    898
0.374999999999984,0.499999999999983,0.499999999999983,               223P    899
0.624999999999982,0.624999999999982,0.749999999999981,               223P    900
0.749999999999981,0.812499999999986,0.812499999999986,               223P    901
0.874999999999991,0.874999999999991,0.937499999999995,               223P    902
0.937499999999995,1.,1.,1.,1.,1.,1.,1.,1.,1.,1.,1.,1.,1.,1.,1.,      223P    903
1.,1.,1.,1.,1.,1.,1.,1.,1.,1.,1.,1.,1.,27.2561378,4.208505806,       223P    904
3.072220866,27.2561378,4.213409504,3.069173952,27.256584816,         223P    905
4.218236908,3.066163922,27.258335549,4.227745903,3.060215188,        223P    906
27.259639125,4.232427511,3.057276464,27.262275531,4.239334998,       223P    907
3.05292666,27.263273908,4.241628752,3.051479858,27.265489163,        223P    908
4.246122908,3.048640696,27.26669999,4.24831378,3.047254382,          223P    909
27.270642855,4.254717806,3.043196195,27.273681939,4.258764144,       223P    910
3.040623944,27.280657244,4.266372403,3.035775215,27.284646472,       223P    911
4.269966124,3.033478271,27.293305251,4.276285599,3.029430948,        223P    912
27.297990077,4.279046426,3.027658318,27.305623175,4.282510297,       223P    913
3.025431324,27.308247176,4.283538929,3.024769396,27.313566928,       223P    914
4.285306927,3.023631084,27.316275718,4.286052396,3.023150774,        223P    915
27.321793448,4.287259952,3.022372486,27.324602366,4.287722105,       223P    916
3.022074465,27.330326306,4.288346365,3.021671862,27.333234634,       223P    917
4.288505806,3.021569,27.3361378,4.288505806,3.021569,0.,1.,          223P    918
0.019987811,0.527662452,0.849218949;                                 223P    919
126,1,1,1,0,1,0,0.,0.,1.,1.,1.,1.,0.272555048,0.335684952,0.,        225P    920
0.272555048,0.350088759,0.,0.,1.,0.,0.,1.;                           225P    921
110,27.3361378,4.288505806,3.021569,27.483864302,4.288505806,        227P    922
3.021569;                                                            227P    923
126,16,2,1,0,1,0,0.,0.,0.,0.125,0.125,0.25,0.25,0.375,0.375,         229P    924
0.5,0.5,0.625,0.625,0.75,0.75,0.875,0.875,1.,1.,1.,1.,1.,1.,1.,      229P    925
1.,1.,1.,1.,1.,1.,1.,1.,1.,1.,1.,1.,1.,0.272555048,0.350088759,      229P    926
0.,0.272555048,0.350925536,0.,0.272724843,0.351743451,0.,            229P    927
0.272892196,0.352549602,0.,0.27321713,0.35330174,0.,                 229P    928
0.273532248,0.354031154,0.,0.273982312,0.354678852,0.,               229P    929
0.274416214,0.35530329,0.,0.27495832,0.355826818,0.,                 229P    930
0.275484735,0.356335193,0.,0.27609335,0.356729164,0.,                229P    931
0.276685802,0.357112672,0.,0.27733493,0.35737396,0.,                 229P    932
0.277971458,0.357630176,0.,0.27864066,0.357760036,0.,                229P    933
0.279305323,0.357889016,0.,0.279980001,0.357889016,0.,0.,1.,0.,      229P    934
0.,1.;                                                               229P    935
126,23,3,1,0,1,0,0.,0.,0.,0.,0.124999999999974,                      231P    936
0.124999999999974,0.187499999999962,0.187499999999962,               231P    937
0.24999999999995,0.24999999999995,0.312499999999938,                 231P    938
0.312499999999938,0.374999999999926,0.374999999999926,               231P    939
0.499999999999949,0.499999999999949,0.562499999999961,               231P    940
0.562499999999961,0.624999999999973,0.624999999999973,               231P    941
0.749999999999982,0.749999999999982,0.874999999999991,               231P    942
0.874999999999991,1.,1.,1.,1.,1.,1.,1.,1.,1.,1.,1.,1.,1.,1.,1.,      231P    943
1.,1.,1.,1.,1.,1.,1.,1.,1.,1.,1.,1.,1.,27.483864302,                 231P    944
4.288505806,3.021569,27.489649666,4.288505806,3.021569,              231P    945
27.495303731,4.287885749,3.02196914,27.503600545,4.286084732,        231P    946
3.023129938,27.50635126,4.28533225,3.023614774,27.511709413,         231P    947
4.283556559,3.024758051,27.514303009,4.282540229,3.025412063,        231P    948
27.519330718,4.280267523,3.026873266,27.521764784,4.279011076,       231P    949
3.027680503,27.526478877,4.276265954,3.029442336,27.5287687,         231P    950
4.274769001,3.030402227,27.535284496,4.270026761,3.033439495,        231P    951
27.539194897,4.266518892,3.035681709,27.544473938,4.260786015,       231P    952
3.03933548,27.546139217,4.25878879,3.040606728,27.549224363,         231P    953
4.254707602,3.043200587,27.550651249,4.252617138,3.044527353,        231P    954
27.554603842,4.246203833,3.04859148,27.556808867,4.241727881,        231P    955
3.051419722,27.560354837,4.23246022,3.05725595,27.561664031,         231P    956
4.227758787,3.060207125,27.563418929,4.218228789,3.066169004,        231P    957
27.563864302,4.213400184,3.069179743,27.563864302,4.208505806,       231P    958
3.072220866,0.,1.,0.,0.542226103,0.840232619;                        231P    959
126,1,1,1,0,1,0,0.,0.,1.,1.,1.,1.,0.279980001,0.357889016,0.,        233P    960
0.304840254,0.357889016,0.,0.,1.,0.,0.,1.;                           233P    961
126,3,3,1,0,1,0,0.279980001443951,0.279980001443951,                 235P    962
0.279980001443951,0.279980001443951,0.304840254473822,               235P    963
0.304840254473822,0.304840254473822,0.304840254473822,1.,1.,1.,      235P    964
1.,27.563864302,4.208505806,3.072220866,27.563864302,                235P    965
4.118788635,3.127966658,27.563864302,4.027638073,3.181079067,        235P    966
27.563864302,3.93517665,3.231511593,0.279980001443951,               235P    967
0.304840254473822,-1.,0.,0.;                                         235P    968
126,16,2,1,0,1,0,0.,0.,0.,0.125,0.125,0.25,0.25,0.375,0.375,         237P    969
0.5,0.5,0.625,0.625,0.75,0.75,0.875,0.875,1.,1.,1.,1.,1.,1.,1.,      237P    970
1.,1.,1.,1.,1.,1.,1.,1.,1.,1.,1.,1.,1.,0.304840254,0.357889016,      237P    971
0.,0.305503436,0.357889016,0.,0.306154402,0.357756676,0.,            237P    972
0.306811103,0.357623171,0.,0.307432966,0.357359554,0.,               237P    973
0.308064533,0.357091824,0.,0.308638128,0.356699269,0.,               237P    974
0.309223066,0.356298951,0.,0.309726578,0.355783352,0.,               237P    975
0.31024331,0.355254215,0.,0.310654649,0.354623879,0.,                237P    976
0.311075971,0.353978244,0.,0.31136983,0.35325247,0.,                 237P    977
0.311669276,0.352512899,0.,0.311823793,0.351721349,0.,               237P    978
0.311981343,0.350914265,0.,0.311981343,0.350088759,0.,0.,1.,0.,      237P    979
0.,1.;                                                               237P    980
126,21,3,1,0,1,0,0.,0.,0.,0.,0.125000000000013,                      239P    981
0.125000000000013,0.250000000000025,0.250000000000025,               239P    982
0.375000000000038,0.375000000000038,0.500000000000051,               239P    983
0.500000000000051,0.562500000000027,0.562500000000027,               239P    984
0.625000000000003,0.625000000000003,0.687499999999979,               239P    985
0.687499999999979,0.749999999999955,0.749999999999955,               239P    986
0.874999999999978,0.874999999999978,1.,1.,1.,1.,1.,1.,1.,1.,1.,      239P    987
1.,1.,1.,1.,1.,1.,1.,1.,1.,1.,1.,1.,1.,1.,1.,1.,1.,                  239P    988
27.563864302,3.93517665,3.231511593,27.563864302,3.930222872,        239P    989
3.234213601,27.563408108,3.925332022,3.236871545,27.561605931,       239P    990
3.915673502,3.242102296,27.560260341,3.910905769,3.244675128,        239P    991
27.556607869,3.901504645,3.24973115,27.554348013,3.896997515,        239P    992
3.252146427,27.548976328,3.888421715,3.256728295,27.545862413,       239P    993
3.88434466,3.258899369,27.540471492,3.878585659,3.261957964,         239P    994
27.538569883,3.876745111,3.262934029,27.534605702,3.873271435,       239P    995
3.26477393,27.532535965,3.871630511,3.265641906,27.52821768,         239P    996
3.868544673,3.267272441,27.525969165,3.867099722,3.268035019,        239P    997
27.52128416,3.864416196,3.269449965,27.518836804,3.863172785,        239P    998
3.270104878,27.511261062,3.859811225,3.271874109,27.506027079,       239P    999
3.858108368,3.272768507,27.495189449,3.855788679,3.273986329,        239P   1000
27.489532392,3.85517665,3.274307235,27.483864302,3.85517665,         239P   1001
3.274307235,0.,1.,-0.01874222,0.478760868,0.877745271;               239P   1002
126,1,1,1,0,1,0,0.,0.,1.,1.,1.,1.,0.311981343,0.350088759,0.,        241P   1003
0.311981343,0.335684952,0.,0.,1.,0.,0.,1.;                           241P   1004
110,27.483864302,3.85517665,3.274307235,27.3361378,3.85517665,       243P   1005
3.274307235;                                                         243P   1006
126,16,2,1,0,1,0,0.,0.,0.,0.125,0.125,0.25,0.25,0.375,0.375,         245P   1007
0.5,0.5,0.625,0.625,0.75,0.75,0.875,0.875,1.,1.,1.,1.,1.,1.,1.,      245P   1008
1.,1.,1.,1.,1.,1.,1.,1.,1.,1.,1.,1.,1.,0.311981343,0.335684952,      245P   1009
0.,0.311981343,0.334866417,0.,0.311826414,0.334065844,0.,            245P   1010
0.311672657,0.333271335,0.,0.311372936,0.332528922,0.,               245P   1011
0.311079625,0.331802389,0.,0.310658633,0.331155943,0.,               245P   1012
0.310247845,0.330525166,0.,0.309731573,0.329995479,0.,               245P   1013
0.309226075,0.329476846,0.,0.308638308,0.329074566,0.,               245P   1014
0.308065304,0.328682389,0.,0.307434432,0.328414779,0.,               245P   1015
0.30681162,0.328150587,0.,0.306153849,0.328016922,0.,                245P   1016
0.305503152,0.327884696,0.,0.304840254,0.327884696,0.,0.,1.,0.,      245P   1017
0.,1.;                                                               245P   1018
126,19,3,1,0,1,0,0.,0.,0.,0.,0.125000000000003,                      247P   1019
0.125000000000003,0.250000000000006,0.250000000000006,               247P   1020
0.375000000000009,0.375000000000009,0.500000000000012,               247P   1021
0.500000000000012,0.625000000000015,0.625000000000015,               247P   1022
0.750000000000018,0.750000000000018,0.812500000000016,               247P   1023
0.812500000000016,0.875000000000013,0.875000000000013,1.,1.,1.,      247P   1024
1.,1.,1.,1.,1.,1.,1.,1.,1.,1.,1.,1.,1.,1.,1.,1.,1.,1.,1.,1.,1.,      247P   1025
27.3361378,3.85517665,3.274307235,27.330487715,3.85517665,           247P   1026
3.274307235,27.324954638,3.855768435,3.273996948,27.314109589,       247P   1027
3.858069674,3.272788829,27.308758754,3.859809845,3.271874815,        247P   1028
27.298779903,3.86422487,3.269551172,27.294072635,3.866915937,        247P   1029
3.268133017,27.285303275,3.873169762,3.264828612,27.281349443,       247P   1030
3.876650011,3.262985927,27.27422286,3.884248546,3.25895047,          247P   1031
27.271040422,3.888398614,3.256740634,27.26564197,3.897016576,        247P   1032
3.252136245,27.263392156,3.901513042,3.249726614,27.260665478,       247P   1033
3.908526689,3.245954632,27.259866217,3.910911173,3.244670067,        247P   1034
27.258507963,3.915688803,3.242091708,27.257944717,3.918091951,       247P   1035
3.240792544,27.256592352,3.925342931,3.236865629,27.2561378,         247P   1036
3.930231932,3.234208659,27.2561378,3.93517665,3.231511593,0.,        247P   1037
1.,0.,0.464364495,0.885644181;                                       247P   1038
102,8,217,221,225,229,233,237,241,245;                               249P   1039
102,8,219,223,227,231,235,239,243,247;                               251P   1040
142,1,3,249,251,1;                                                   253P   1041
126,1,1,1,0,1,0,0.,0.,1.,1.,1.,1.,0.304840254,0.390286746,0.,        255P   1042
0.279980001,0.390286746,0.,0.,1.,0.,0.,1.;                           255P   1043
126,3,3,1,0,1,0,0.695159745526178,0.695159745526178,                 257P   1044
0.695159745526178,0.695159745526178,0.720019998552982,               257P   1045
0.720019998552982,0.720019998552982,0.720019998552982,1.,1.,1.,      257P   1046
1.,27.8961378,3.93517665,3.231511593,27.8961378,4.027638073,         257P   1047
3.181079067,27.8961378,4.118788635,3.127966658,27.8961378,           257P   1048
4.208505806,3.072220867,0.695159745526178,0.720019998552982,1.,      257P   1049
0.,0.;                                                               257P   1050
126,16,2,1,0,1,0,0.,0.,0.,0.125,0.125,0.25,0.25,0.375,0.375,         259P   1051
0.5,0.5,0.625,0.625,0.75,0.75,0.875,0.875,1.,1.,1.,1.,1.,1.,1.,      259P   1052
1.,1.,1.,1.,1.,1.,1.,1.,1.,1.,1.,1.,1.,0.279980001,0.390286746,      259P   1053
0.,0.279305435,0.390286746,0.,0.278640881,0.390415683,0.,            259P   1054
0.277974587,0.390544957,0.,0.277340635,0.390799509,0.,               259P   1055
0.276690015,0.391060753,0.,0.27609622,0.391444741,0.,                259P   1056
0.275492964,0.391834847,0.,0.274970285,0.392337413,0.,               259P   1057
0.274424714,0.392861991,0.,0.273988121,0.393488562,0.,               259P   1058
0.273537544,0.394135202,0.,0.273221622,0.394863645,0.,               259P   1059
0.272896007,0.395614439,0.,0.272727537,0.396419384,0.,               259P   1060
0.272555048,0.397243536,0.,0.272555048,0.398087003,0.,0.,1.,0.,      259P   1061
0.,1.;                                                               259P   1062
126,23,3,1,0,1,0,0.,0.,0.,0.,0.12499999999998,0.12499999999998,      261P   1063
0.249999999999961,0.249999999999961,0.312499999999963,               261P   1064
0.312499999999963,0.374999999999965,0.374999999999965,               261P   1065
0.499999999999974,0.499999999999974,0.624999999999983,               261P   1066
0.624999999999983,0.749999999999992,0.749999999999992,               261P   1067
0.812499999999994,0.812499999999994,0.874999999999996,               261P   1068
0.874999999999996,0.937499999999998,0.937499999999998,1.,1.,1.,      261P   1069
1.,1.,1.,1.,1.,1.,1.,1.,1.,1.,1.,1.,1.,1.,1.,1.,1.,1.,1.,1.,1.,      261P   1070
1.,1.,1.,1.,27.8961378,4.208505806,3.072220866,27.8961378,           261P   1071
4.213409504,3.069173952,27.896584816,4.218236908,3.066163922,        261P   1072
27.898335549,4.227745903,3.060215188,27.899639125,4.232427511,       261P   1073
3.057276464,27.902275531,4.239334998,3.05292666,27.903273908,        261P   1074
4.241628752,3.051479858,27.905489163,4.246122908,3.048640696,        261P   1075
27.90669999,4.24831378,3.047254382,27.910642855,4.254717806,         261P   1076
3.043196195,27.913681939,4.258764144,3.040623944,27.920657244,       261P   1077
4.266372403,3.035775215,27.924646472,4.269966124,3.033478271,        261P   1078
27.933305251,4.276285599,3.029430948,27.937990077,4.279046426,       261P   1079
3.027658318,27.945623175,4.282510297,3.025431324,27.948247176,       261P   1080
4.283538929,3.024769396,27.953566928,4.285306927,3.023631084,        261P   1081
27.956275718,4.286052396,3.023150774,27.961793448,4.287259952,       261P   1082
3.022372486,27.964602366,4.287722105,3.022074465,27.970326306,       261P   1083
4.288346365,3.021671862,27.973234634,4.288505806,3.021569,           261P   1084
27.9761378,4.288505806,3.021569,0.,1.,0.019987811,0.527662452,       261P   1085
0.849218949;                                                         261P   1086
126,1,1,1,0,1,0,0.,0.,1.,1.,1.,1.,0.272555048,0.398087003,0.,        263P   1087
0.272555048,0.41249081,0.,0.,1.,0.,0.,1.;                            263P   1088
110,27.9761378,4.288505806,3.021569,28.123864302,4.288505806,        265P   1089
3.021569;                                                            265P   1090
126,16,2,1,0,1,0,0.,0.,0.,0.125,0.125,0.25,0.25,0.375,0.375,         267P   1091
0.5,0.5,0.625,0.625,0.75,0.75,0.875,0.875,1.,1.,1.,1.,1.,1.,1.,      267P   1092
1.,1.,1.,1.,1.,1.,1.,1.,1.,1.,1.,1.,1.,0.272555048,0.41249081,       267P   1093
0.,0.272555048,0.413327587,0.,0.272724843,0.414145501,0.,            267P   1094
0.272892196,0.414951653,0.,0.27321713,0.41570379,0.,                 267P   1095
0.273532248,0.416433205,0.,0.273982312,0.417080903,0.,               267P   1096
0.274416214,0.417705341,0.,0.27495832,0.418228869,0.,                267P   1097
0.275484735,0.418737244,0.,0.27609335,0.419131215,0.,                267P   1098
0.276685802,0.419514722,0.,0.27733493,0.41977601,0.,                 267P   1099
0.277971458,0.420032226,0.,0.27864066,0.420162087,0.,                267P   1100
0.279305323,0.420291066,0.,0.279980001,0.420291066,0.,0.,1.,0.,      267P   1101
0.,1.;                                                               267P   1102
126,23,3,1,0,1,0,0.,0.,0.,0.,0.12500000000002,0.12500000000002,      269P   1103
0.187500000000031,0.187500000000031,0.250000000000041,               269P   1104
0.250000000000041,0.312500000000051,0.312500000000051,               269P   1105
0.375000000000061,0.375000000000061,0.500000000000023,               269P   1106
0.500000000000023,0.562500000000026,0.562500000000026,               269P   1107
0.625000000000028,0.625000000000028,0.750000000000019,               269P   1108
0.750000000000019,0.875000000000009,0.875000000000009,1.,1.,1.,      269P   1109
1.,1.,1.,1.,1.,1.,1.,1.,1.,1.,1.,1.,1.,1.,1.,1.,1.,1.,1.,1.,1.,      269P   1110
1.,1.,1.,1.,28.123864302,4.288505806,3.021569,28.129649666,          269P   1111
4.288505806,3.021569,28.135303731,4.287885749,3.02196914,            269P   1112
28.143600545,4.286084732,3.023129938,28.14635126,4.28533225,         269P   1113
3.023614774,28.151709413,4.283556559,3.024758051,28.154303009,       269P   1114
4.282540229,3.025412063,28.159330718,4.280267523,3.026873266,        269P   1115
28.161764784,4.279011076,3.027680503,28.166478877,4.276265954,       269P   1116
3.029442336,28.1687687,4.274769001,3.030402227,28.175284496,         269P   1117
4.270026761,3.033439495,28.179194897,4.266518892,3.035681709,        269P   1118
28.184473938,4.260786015,3.03933548,28.186139217,4.25878879,         269P   1119
3.040606728,28.189224363,4.254707602,3.043200587,28.190651249,       269P   1120
4.252617138,3.044527353,28.194603842,4.246203833,3.04859148,         269P   1121
28.196808867,4.241727881,3.051419722,28.200354837,4.23246022,        269P   1122
3.05725595,28.201664031,4.227758787,3.060207125,28.203418929,        269P   1123
4.218228789,3.066169004,28.203864302,4.213400184,3.069179743,        269P   1124
28.203864302,4.208505806,3.072220866,0.,1.,0.,0.542226103,           269P   1125
0.840232619;                                                         269P   1126
126,1,1,1,0,1,0,0.,0.,1.,1.,1.,1.,0.279980001,0.420291066,0.,        271P   1127
0.304840254,0.420291066,0.,0.,1.,0.,0.,1.;                           271P   1128
126,3,3,1,0,1,0,0.279980001443951,0.279980001443951,                 273P   1129
0.279980001443951,0.279980001443951,0.304840254473822,               273P   1130
0.304840254473822,0.304840254473822,0.304840254473822,1.,1.,1.,      273P   1131
1.,28.203864302,4.208505806,3.072220866,28.203864302,                273P   1132
4.118788635,3.127966658,28.203864302,4.027638073,3.181079067,        273P   1133
28.203864302,3.93517665,3.231511593,0.279980001443951,               273P   1134
0.304840254473822,-1.,0.,0.;                                         273P   1135
126,16,2,1,0,1,0,0.,0.,0.,0.125,0.125,0.25,0.25,0.375,0.375,         275P   1136
0.5,0.5,0.625,0.625,0.75,0.75,0.875,0.875,1.,1.,1.,1.,1.,1.,1.,      275P   1137
1.,1.,1.,1.,1.,1.,1.,1.,1.,1.,1.,1.,1.,0.304840254,0.420291066,      275P   1138
0.,0.305503436,0.420291066,0.,0.306154402,0.420158727,0.,            275P   1139
0.306811103,0.420025221,0.,0.307432966,0.419761605,0.,               275P   1140
0.308064533,0.419493874,0.,0.308638128,0.419101319,0.,               275P   1141
0.309223066,0.418701002,0.,0.309726578,0.418185403,0.,               275P   1142
0.31024331,0.417656266,0.,0.310654649,0.41702593,0.,                 275P   1143
0.311075971,0.416380295,0.,0.31136983,0.415654521,0.,                275P   1144
0.311669276,0.414914949,0.,0.311823793,0.4141234,0.,                 275P   1145
0.311981343,0.413316316,0.,0.311981343,0.41249081,0.,0.,1.,0.,       275P   1146
0.,1.;                                                               275P   1147
126,21,3,1,0,1,0,0.,0.,0.,0.,0.125000000000013,                      277P   1148
0.125000000000013,0.250000000000025,0.250000000000025,               277P   1149
0.375000000000038,0.375000000000038,0.500000000000051,               277P   1150
0.500000000000051,0.562500000000027,0.562500000000027,               277P   1151
0.625000000000003,0.625000000000003,0.687499999999979,               277P   1152
0.687499999999979,0.749999999999955,0.749999999999955,               277P   1153
0.874999999999978,0.874999999999978,1.,1.,1.,1.,1.,1.,1.,1.,1.,      277P   1154
1.,1.,1.,1.,1.,1.,1.,1.,1.,1.,1.,1.,1.,1.,1.,1.,1.,                  277P   1155
28.203864302,3.93517665,3.231511593,28.203864302,3.930222872,        277P   1156
3.234213601,28.203408108,3.925332022,3.236871545,28.201605931,       277P   1157
3.915673502,3.242102296,28.200260341,3.910905769,3.244675128,        277P   1158
28.196607869,3.901504645,3.24973115,28.194348013,3.896997515,        277P   1159
3.252146427,28.188976328,3.888421715,3.256728295,28.185862413,       277P   1160
3.88434466,3.258899369,28.180471492,3.878585659,3.261957964,         277P   1161
28.178569883,3.876745111,3.262934029,28.174605702,3.873271435,       277P   1162
3.26477393,28.172535965,3.871630511,3.265641906,28.16821768,         277P   1163
3.868544673,3.267272441,28.165969165,3.867099722,3.268035019,        277P   1164
28.16128416,3.864416196,3.269449965,28.158836804,3.863172785,        277P   1165
3.270104878,28.151261062,3.859811225,3.271874109,28.146027079,       277P   1166
3.858108368,3.272768507,28.135189449,3.855788679,3.273986329,        277P   1167
28.129532392,3.85517665,3.274307235,28.123864302,3.85517665,         277P   1168
3.274307235,0.,1.,-0.01874222,0.478760868,0.877745271;               277P   1169
126,1,1,1,0,1,0,0.,0.,1.,1.,1.,1.,0.311981343,0.41249081,0.,         279P   1170
0.311981343,0.398087003,0.,0.,1.,0.,0.,1.;                           279P   1171
110,28.123864302,3.85517665,3.274307235,27.9761378,3.85517665,       281P   1172
3.274307235;                                                         281P   1173
126,16,2,1,0,1,0,0.,0.,0.,0.125,0.125,0.25,0.25,0.375,0.375,         283P   1174
0.5,0.5,0.625,0.625,0.75,0.75,0.875,0.875,1.,1.,1.,1.,1.,1.,1.,      283P   1175
1.,1.,1.,1.,1.,1.,1.,1.,1.,1.,1.,1.,1.,0.311981343,0.398087003,      283P   1176
0.,0.311981343,0.397268467,0.,0.311826414,0.396467895,0.,            283P   1177
0.311672657,0.395673385,0.,0.311372936,0.394930973,0.,               283P   1178
0.311079625,0.39420444,0.,0.310658633,0.393557994,0.,                283P   1179
0.310247845,0.392927216,0.,0.309731573,0.39239753,0.,                283P   1180
0.309226075,0.391878896,0.,0.308638308,0.391476616,0.,               283P   1181
0.308065304,0.39108444,0.,0.307434432,0.390816829,0.,                283P   1182
0.30681162,0.390552638,0.,0.306153849,0.390418973,0.,                283P   1183
0.305503152,0.390286746,0.,0.304840254,0.390286746,0.,0.,1.,0.,      283P   1184
0.,1.;                                                               283P   1185
126,19,3,1,0,1,0,0.,0.,0.,0.,0.125000000000003,                      285P   1186
0.125000000000003,0.250000000000007,0.250000000000007,               285P   1187
0.37500000000001,0.37500000000001,0.500000000000013,                 285P   1188
0.500000000000013,0.625000000000017,0.625000000000017,               285P   1189
0.75000000000002,0.75000000000002,0.812500000000013,                 285P   1190
0.812500000000013,0.875000000000006,0.875000000000006,1.,1.,1.,      285P   1191
1.,1.,1.,1.,1.,1.,1.,1.,1.,1.,1.,1.,1.,1.,1.,1.,1.,1.,1.,1.,1.,      285P   1192
27.9761378,3.85517665,3.274307235,27.970487715,3.85517665,           285P   1193
3.274307235,27.964954638,3.855768435,3.273996948,27.954109589,       285P   1194
3.858069674,3.272788829,27.948758754,3.859809845,3.271874815,        285P   1195
27.938779903,3.86422487,3.269551172,27.934072635,3.866915937,        285P   1196
3.268133017,27.925303275,3.873169762,3.264828612,27.921349443,       285P   1197
3.876650011,3.262985927,27.91422286,3.884248546,3.25895047,          285P   1198
27.911040422,3.888398614,3.256740634,27.90564197,3.897016576,        285P   1199
3.252136245,27.903392156,3.901513042,3.249726614,27.900665478,       285P   1200
3.908526689,3.245954632,27.899866217,3.910911173,3.244670067,        285P   1201
27.898507963,3.915688803,3.242091708,27.897944717,3.918091951,       285P   1202
3.240792544,27.896592352,3.925342931,3.236865629,27.8961378,         285P   1203
3.930231932,3.234208659,27.8961378,3.93517665,3.231511593,0.,        285P   1204
1.,0.,0.464364495,0.885644181;                                       285P   1205
102,8,255,259,263,267,271,275,279,283;                               287P   1206
102,8,257,261,265,269,273,277,281,285;                               289P   1207
142,1,3,287,289,1;                                                   291P   1208
126,1,1,1,0,1,0,0.,0.,1.,1.,1.,1.,0.304840254,0.452688797,0.,        293P   1209
0.279980001,0.452688797,0.,0.,1.,0.,0.,1.;                           293P   1210
126,3,3,1,0,1,0,0.695159745526178,0.695159745526178,                 295P   1211
0.695159745526178,0.695159745526178,0.720019998552982,               295P   1212
0.720019998552982,0.720019998552982,0.720019998552982,1.,1.,1.,      295P   1213
1.,28.5361378,3.93517665,3.231511593,28.5361378,4.027638073,         295P   1214
3.181079067,28.5361378,4.118788635,3.127966658,28.5361378,           295P   1215
4.208505806,3.072220867,0.695159745526178,0.720019998552982,1.,      295P   1216
0.,0.;                                                               295P   1217
126,16,2,1,0,1,0,0.,0.,0.,0.125,0.125,0.25,0.25,0.375,0.375,         297P   1218
0.5,0.5,0.625,0.625,0.75,0.75,0.875,0.875,1.,1.,1.,1.,1.,1.,1.,      297P   1219
1.,1.,1.,1.,1.,1.,1.,1.,1.,1.,1.,1.,1.,0.279980001,0.452688797,      297P   1220
0.,0.279305435,0.452688797,0.,0.278640881,0.452817733,0.,            297P   1221
0.277974587,0.452947008,0.,0.277340635,0.453201559,0.,               297P   1222
0.276690015,0.453462804,0.,0.27609622,0.453846792,0.,                297P   1223
0.275492964,0.454236898,0.,0.274970285,0.454739464,0.,               297P   1224
0.274424714,0.455264041,0.,0.273988121,0.455890613,0.,               297P   1225
0.273537544,0.456537252,0.,0.273221622,0.457265696,0.,               297P   1226
0.272896007,0.458016489,0.,0.272727537,0.458821435,0.,               297P   1227
0.272555048,0.459645587,0.,0.272555048,0.460489053,0.,0.,1.,0.,      297P   1228
0.,1.;                                                               297P   1229
126,23,3,1,0,1,0,0.,0.,0.,0.,0.12499999999998,0.12499999999998,      299P   1230
0.249999999999961,0.249999999999961,0.312499999999963,               299P   1231
0.312499999999963,0.374999999999965,0.374999999999965,               299P   1232
0.499999999999974,0.499999999999974,0.624999999999983,               299P   1233
0.624999999999983,0.749999999999992,0.749999999999992,               299P   1234
0.812499999999994,0.812499999999994,0.874999999999996,               299P   1235
0.874999999999996,0.937499999999998,0.937499999999998,1.,1.,1.,      299P   1236
1.,1.,1.,1.,1.,1.,1.,1.,1.,1.,1.,1.,1.,1.,1.,1.,1.,1.,1.,1.,1.,      299P   1237
1.,1.,1.,1.,28.5361378,4.208505806,3.072220866,28.5361378,           299P   1238
4.213409504,3.069173952,28.536584816,4.218236908,3.066163922,        299P   1239
28.538335549,4.227745903,3.060215188,28.539639125,4.232427511,       299P   1240
3.057276464,28.542275531,4.239334998,3.05292666,28.543273908,        299P   1241
4.241628752,3.051479858,28.545489163,4.246122908,3.048640696,        299P   1242
28.54669999,4.24831378,3.047254382,28.550642855,4.254717806,         299P   1243
3.043196195,28.553681939,4.258764144,3.040623944,28.560657244,       299P   1244
4.266372403,3.035775215,28.564646472,4.269966124,3.033478271,        299P   1245
28.573305251,4.276285599,3.029430948,28.577990077,4.279046426,       299P   1246
3.027658318,28.585623175,4.282510297,3.025431324,28.588247176,       299P   1247
4.283538929,3.024769396,28.593566928,4.285306927,3.023631084,        299P   1248
28.596275718,4.286052396,3.023150774,28.601793448,4.287259952,       299P   1249
3.022372486,28.604602366,4.287722105,3.022074465,28.610326306,       299P   1250
4.288346365,3.021671862,28.613234634,4.288505806,3.021569,           299P   1251
28.6161378,4.288505806,3.021569,0.,1.,0.019987811,0.527662452,       299P   1252
0.849218949;                                                         299P   1253
126,1,1,1,0,1,0,0.,0.,1.,1.,1.,1.,0.272555048,0.460489053,0.,        301P   1254
0.272555048,0.474892861,0.,0.,1.,0.,0.,1.;                           301P   1255
110,28.6161378,4.288505806,3.021569,28.763864302,4.288505806,        303P   1256
3.021569;                                                            303P   1257
126,16,2,1,0,1,0,0.,0.,0.,0.125,0.125,0.25,0.25,0.375,0.375,         305P   1258
0.5,0.5,0.625,0.625,0.75,0.75,0.875,0.875,1.,1.,1.,1.,1.,1.,1.,      305P   1259
1.,1.,1.,1.,1.,1.,1.,1.,1.,1.,1.,1.,1.,0.272555048,0.474892861,      305P   1260
0.,0.272555048,0.475729637,0.,0.272724843,0.476547552,0.,            305P   1261
0.272892196,0.477353704,0.,0.27321713,0.478105841,0.,                305P   1262
0.273532248,0.478835255,0.,0.273982312,0.479482954,0.,               305P   1263
0.274416214,0.480107391,0.,0.27495832,0.48063092,0.,                 305P   1264
0.275484735,0.481139295,0.,0.27609335,0.481533265,0.,                305P   1265
0.276685802,0.481916773,0.,0.27733493,0.482178061,0.,                305P   1266
0.277971458,0.482434277,0.,0.27864066,0.482564138,0.,                305P   1267
0.279305323,0.482693117,0.,0.279980001,0.482693117,0.,0.,1.,0.,      305P   1268
0.,1.;                                                               305P   1269
126,23,3,1,0,1,0,0.,0.,0.,0.,0.12500000000002,0.12500000000002,      307P   1270
0.187500000000031,0.187500000000031,0.250000000000041,               307P   1271
0.250000000000041,0.312500000000051,0.312500000000051,               307P   1272
0.375000000000061,0.375000000000061,0.500000000000023,               307P   1273
0.500000000000023,0.562500000000026,0.562500000000026,               307P   1274
0.625000000000028,0.625000000000028,0.750000000000019,               307P   1275
0.750000000000019,0.875000000000009,0.875000000000009,1.,1.,1.,      307P   1276
1.,1.,1.,1.,1.,1.,1.,1.,1.,1.,1.,1.,1.,1.,1.,1.,1.,1.,1.,1.,1.,      307P   1277
1.,1.,1.,1.,28.763864302,4.288505806,3.021569,28.769649666,          307P   1278
4.288505806,3.021569,28.775303731,4.287885749,3.02196914,            307P   1279
28.783600545,4.286084732,3.023129938,28.78635126,4.28533225,         307P   1280
3.023614774,28.791709413,4.283556559,3.024758051,28.794303009,       307P   1281
4.282540229,3.025412063,28.799330718,4.280267523,3.026873266,        307P   1282
28.801764784,4.279011076,3.027680503,28.806478877,4.276265954,       307P   1283
3.029442336,28.8087687,4.274769001,3.030402227,28.815284496,         307P   1284
4.270026761,3.033439495,28.819194897,4.266518892,3.035681709,        307P   1285
28.824473938,4.260786015,3.03933548,28.826139217,4.25878879,         307P   1286
3.040606728,28.829224363,4.254707602,3.043200587,28.830651249,       307P   1287
4.252617138,3.044527353,28.834603842,4.246203833,3.04859148,         307P   1288
28.836808867,4.241727881,3.051419722,28.840354837,4.23246022,        307P   1289
3.05725595,28.841664031,4.227758787,3.060207125,28.843418929,        307P   1290
4.218228789,3.066169004,28.843864302,4.213400184,3.069179743,        307P   1291
28.843864302,4.208505806,3.072220866,0.,1.,0.,0.542226103,           307P   1292
0.840232619;                                                         307P   1293
126,1,1,1,0,1,0,0.,0.,1.,1.,1.,1.,0.279980001,0.482693117,0.,        309P   1294
0.304840254,0.482693117,0.,0.,1.,0.,0.,1.;                           309P   1295
126,3,3,1,0,1,0,0.279980001443951,0.279980001443951,                 311P   1296
0.279980001443951,0.279980001443951,0.304840254473822,               311P   1297
0.304840254473822,0.304840254473822,0.304840254473822,1.,1.,1.,      311P   1298
1.,28.843864302,4.208505806,3.072220866,28.843864302,                311P   1299
4.118788635,3.127966658,28.843864302,4.027638073,3.181079067,        311P   1300
28.843864302,3.93517665,3.231511593,0.279980001443951,               311P   1301
0.304840254473822,-1.,0.,0.;                                         311P   1302
126,16,2,1,0,1,0,0.,0.,0.,0.125,0.125,0.25,0.25,0.375,0.375,         313P   1303
0.5,0.5,0.625,0.625,0.75,0.75,0.875,0.875,1.,1.,1.,1.,1.,1.,1.,      313P   1304
1.,1.,1.,1.,1.,1.,1.,1.,1.,1.,1.,1.,1.,0.304840254,0.482693117,      313P   1305
0.,0.305503436,0.482693117,0.,0.306154402,0.482560777,0.,            313P   1306
0.306811103,0.482427272,0.,0.307432966,0.482163655,0.,               313P   1307
0.308064533,0.481895925,0.,0.308638128,0.48150337,0.,                313P   1308
0.309223066,0.481103052,0.,0.309726578,0.480587454,0.,               313P   1309
0.31024331,0.480058316,0.,0.310654649,0.47942798,0.,                 313P   1310
0.311075971,0.478782345,0.,0.31136983,0.478056572,0.,                313P   1311
0.311669276,0.477317,0.,0.311823793,0.476525451,0.,0.311981343,      313P   1312
0.475718367,0.,0.311981343,0.474892861,0.,0.,1.,0.,0.,1.;            313P   1313
126,21,3,1,0,1,0,0.,0.,0.,0.,0.124999999999987,                      315P   1314
0.124999999999987,0.249999999999974,0.249999999999974,               315P   1315
0.374999999999961,0.374999999999961,0.499999999999948,               315P   1316
0.499999999999948,0.562499999999937,0.562499999999937,               315P   1317
0.624999999999925,0.624999999999925,0.687499999999913,               315P   1318
0.687499999999913,0.749999999999902,0.749999999999902,               315P   1319
0.874999999999951,0.874999999999951,1.,1.,1.,1.,1.,1.,1.,1.,1.,      315P   1320
1.,1.,1.,1.,1.,1.,1.,1.,1.,1.,1.,1.,1.,1.,1.,1.,1.,                  315P   1321
28.843864302,3.93517665,3.231511593,28.843864302,3.930222872,        315P   1322
3.234213601,28.843408108,3.925332022,3.236871545,28.841605931,       315P   1323
3.915673502,3.242102296,28.840260341,3.910905769,3.244675128,        315P   1324
28.836607869,3.901504645,3.24973115,28.834348013,3.896997515,        315P   1325
3.252146427,28.828976328,3.888421715,3.256728295,28.825862413,       315P   1326
3.88434466,3.258899369,28.820471492,3.878585659,3.261957964,         315P   1327
28.818569883,3.876745111,3.262934029,28.814605702,3.873271435,       315P   1328
3.26477393,28.812535965,3.871630511,3.265641906,28.80821768,         315P   1329
3.868544673,3.267272441,28.805969165,3.867099722,3.268035019,        315P   1330
28.80128416,3.864416196,3.269449965,28.798836804,3.863172785,        315P   1331
3.270104878,28.791261062,3.859811225,3.271874109,28.786027079,       315P   1332
3.858108368,3.272768507,28.775189449,3.855788679,3.273986329,        315P   1333
28.769532392,3.85517665,3.274307235,28.763864302,3.85517665,         315P   1334
3.274307235,0.,1.,-0.01874222,0.478760868,0.877745271;               315P   1335
126,1,1,1,0,1,0,0.,0.,1.,1.,1.,1.,0.311981343,0.474892861,0.,        317P   1336
0.311981343,0.460489053,0.,0.,1.,0.,0.,1.;                           317P   1337
110,28.763864302,3.85517665,3.274307235,28.6161378,3.85517665,       319P   1338
3.274307235;                                                         319P   1339
126,16,2,1,0,1,0,0.,0.,0.,0.125,0.125,0.25,0.25,0.375,0.375,         321P   1340
0.5,0.5,0.625,0.625,0.75,0.75,0.875,0.875,1.,1.,1.,1.,1.,1.,1.,      321P   1341
1.,1.,1.,1.,1.,1.,1.,1.,1.,1.,1.,1.,1.,0.311981343,0.460489053,      321P   1342
0.,0.311981343,0.459670518,0.,0.311826414,0.458869946,0.,            321P   1343
0.311672657,0.458075436,0.,0.311372936,0.457333024,0.,               321P   1344
0.311079625,0.456606491,0.,0.310658633,0.455960045,0.,               321P   1345
0.310247845,0.455329267,0.,0.309731573,0.454799581,0.,               321P   1346
0.309226075,0.454280947,0.,0.308638308,0.453878667,0.,               321P   1347
0.308065304,0.453486491,0.,0.307434432,0.45321888,0.,                321P   1348
0.30681162,0.452954688,0.,0.306153849,0.452821024,0.,                321P   1349
0.305503152,0.452688797,0.,0.304840254,0.452688797,0.,0.,1.,0.,      321P   1350
0.,1.;                                                               321P   1351
126,19,3,1,0,1,0,0.,0.,0.,0.,0.124999999999999,                      323P   1352
0.124999999999999,0.249999999999998,0.249999999999998,               323P   1353
0.374999999999997,0.374999999999997,0.499999999999996,               323P   1354
0.499999999999996,0.624999999999995,0.624999999999995,               323P   1355
0.749999999999994,0.749999999999994,0.812499999999993,               323P   1356
0.812499999999993,0.874999999999993,0.874999999999993,1.,1.,1.,      323P   1357
1.,1.,1.,1.,1.,1.,1.,1.,1.,1.,1.,1.,1.,1.,1.,1.,1.,1.,1.,1.,1.,      323P   1358
28.6161378,3.85517665,3.274307235,28.610487715,3.85517665,           323P   1359
3.274307235,28.604954638,3.855768435,3.273996948,28.594109589,       323P   1360
3.858069674,3.272788829,28.588758754,3.859809845,3.271874815,        323P   1361
28.578779903,3.86422487,3.269551172,28.574072635,3.866915937,        323P   1362
3.268133017,28.565303275,3.873169762,3.264828612,28.561349443,       323P   1363
3.876650011,3.262985927,28.55422286,3.884248546,3.25895047,          323P   1364
28.551040422,3.888398614,3.256740634,28.54564197,3.897016576,        323P   1365
3.252136245,28.543392156,3.901513042,3.249726614,28.540665478,       323P   1366
3.908526689,3.245954632,28.539866217,3.910911173,3.244670067,        323P   1367
28.538507963,3.915688803,3.242091708,28.537944717,3.918091951,       323P   1368
3.240792544,28.536592352,3.925342931,3.236865629,28.5361378,         323P   1369
3.930231932,3.234208659,28.5361378,3.93517665,3.231511593,0.,        323P   1370
1.,0.,0.464364495,0.885644181;                                       323P   1371
102,8,293,297,301,305,309,313,317,321;                               325P   1372
102,8,295,299,303,307,311,315,319,323;                               327P   1373
142,1,3,325,327,1;                                                   329P   1374
126,1,1,1,0,1,0,0.,0.,1.,1.,1.,1.,0.304840254,0.515090848,0.,        331P   1375
0.279980001,0.515090848,0.,0.,1.,0.,0.,1.;                           331P   1376
126,3,3,1,0,1,0,0.695159745526178,0.695159745526178,                 333P   1377
0.695159745526178,0.695159745526178,0.720019998552982,               333P   1378
0.720019998552982,0.720019998552982,0.720019998552982,1.,1.,1.,      333P   1379
1.,29.1761378,3.93517665,3.231511593,29.1761378,4.027638073,         333P   1380
3.181079067,29.1761378,4.118788635,3.127966658,29.1761378,           333P   1381
4.208505806,3.072220867,0.695159745526178,0.720019998552982,1.,      333P   1382
0.,0.;                                                               333P   1383
126,16,2,1,0,1,0,0.,0.,0.,0.125,0.125,0.25,0.25,0.375,0.375,         335P   1384
0.5,0.5,0.625,0.625,0.75,0.75,0.875,0.875,1.,1.,1.,1.,1.,1.,1.,      335P   1385
1.,1.,1.,1.,1.,1.,1.,1.,1.,1.,1.,1.,1.,0.279980001,0.515090848,      335P   1386
0.,0.279305435,0.515090848,0.,0.278640881,0.515219784,0.,            335P   1387
0.277974587,0.515349058,0.,0.277340635,0.51560361,0.,                335P   1388
0.276690015,0.515864854,0.,0.27609622,0.516248842,0.,                335P   1389
0.275492964,0.516638948,0.,0.274970285,0.517141515,0.,               335P   1390
0.274424714,0.517666092,0.,0.273988121,0.518292664,0.,               335P   1391
0.273537544,0.518939303,0.,0.273221622,0.519667746,0.,               335P   1392
0.272896007,0.52041854,0.,0.272727537,0.521223485,0.,                335P   1393
0.272555048,0.522047638,0.,0.272555048,0.522891104,0.,0.,1.,0.,      335P   1394
0.,1.;                                                               335P   1395
126,23,3,1,0,1,0,0.,0.,0.,0.,0.125,0.125,0.250000000000001,          337P   1396
0.250000000000001,0.312500000000001,0.312500000000001,               337P   1397
0.375000000000001,0.375000000000001,0.499999999999997,               337P   1398
0.499999999999997,0.624999999999993,0.624999999999993,               337P   1399
0.749999999999988,0.749999999999988,0.812499999999991,               337P   1400
0.812499999999991,0.874999999999994,0.874999999999994,               337P   1401
0.937499999999997,0.937499999999997,1.,1.,1.,1.,1.,1.,1.,1.,1.,      337P   1402
1.,1.,1.,1.,1.,1.,1.,1.,1.,1.,1.,1.,1.,1.,1.,1.,1.,1.,1.,            337P   1403
29.1761378,4.208505806,3.072220866,29.1761378,4.213409504,           337P   1404
3.069173952,29.176584816,4.218236908,3.066163922,29.178335549,       337P   1405
4.227745903,3.060215188,29.179639125,4.232427511,3.057276464,        337P   1406
29.182275531,4.239334998,3.05292666,29.183273908,4.241628752,        337P   1407
3.051479858,29.185489163,4.246122908,3.048640696,29.18669999,        337P   1408
4.24831378,3.047254382,29.190642855,4.254717806,3.043196195,         337P   1409
29.193681939,4.258764144,3.040623944,29.200657244,4.266372403,       337P   1410
3.035775215,29.204646472,4.269966124,3.033478271,29.213305251,       337P   1411
4.276285599,3.029430948,29.217990077,4.279046426,3.027658318,        337P   1412
29.225623175,4.282510297,3.025431324,29.228247176,4.283538929,       337P   1413
3.024769396,29.233566928,4.285306927,3.023631084,29.236275718,       337P   1414
4.286052396,3.023150774,29.241793448,4.287259952,3.022372486,        337P   1415
29.244602366,4.287722105,3.022074465,29.250326306,4.288346365,       337P   1416
3.021671862,29.253234634,4.288505806,3.021569,29.2561378,            337P   1417
4.288505806,3.021569,0.,1.,0.019987811,0.527662452,0.849218949;      337P   1418
126,1,1,1,0,1,0,0.,0.,1.,1.,1.,1.,0.272555048,0.522891104,0.,        339P   1419
0.272555048,0.537294911,0.,0.,1.,0.,0.,1.;                           339P   1420
110,29.2561378,4.288505806,3.021569,29.403864302,4.288505806,        341P   1421
3.021569;                                                            341P   1422
126,16,2,1,0,1,0,0.,0.,0.,0.125,0.125,0.25,0.25,0.375,0.375,         343P   1423
0.5,0.5,0.625,0.625,0.75,0.75,0.875,0.875,1.,1.,1.,1.,1.,1.,1.,      343P   1424
1.,1.,1.,1.,1.,1.,1.,1.,1.,1.,1.,1.,1.,0.272555048,0.537294911,      343P   1425
0.,0.272555048,0.538131688,0.,0.272724843,0.538949603,0.,            343P   1426
0.272892196,0.539755755,0.,0.27321713,0.540507892,0.,                343P   1427
0.273532248,0.541237306,0.,0.273982312,0.541885004,0.,               343P   1428
0.274416214,0.542509442,0.,0.27495832,0.54303297,0.,                 343P   1429
0.275484735,0.543541345,0.,0.27609335,0.543935316,0.,                343P   1430
0.276685802,0.544318824,0.,0.27733493,0.544580112,0.,                343P   1431
0.277971458,0.544836328,0.,0.27864066,0.544966188,0.,                343P   1432
0.279305323,0.545095168,0.,0.279980001,0.545095168,0.,0.,1.,0.,      343P   1433
0.,1.;                                                               343P   1434
126,23,3,1,0,1,0,0.,0.,0.,0.,0.125000000000022,                      345P   1435
0.125000000000022,0.187500000000032,0.187500000000032,               345P   1436
0.250000000000042,0.250000000000042,0.312500000000052,               345P   1437
0.312500000000052,0.375000000000062,0.375000000000062,               345P   1438
0.500000000000024,0.500000000000024,0.562500000000026,               345P   1439
0.562500000000026,0.625000000000029,0.625000000000029,               345P   1440
0.750000000000019,0.750000000000019,0.87500000000001,                345P   1441
0.87500000000001,1.,1.,1.,1.,1.,1.,1.,1.,1.,1.,1.,1.,1.,1.,1.,       345P   1442
1.,1.,1.,1.,1.,1.,1.,1.,1.,1.,1.,1.,1.,29.403864302,                 345P   1443
4.288505806,3.021569,29.409649666,4.288505806,3.021569,              345P   1444
29.415303731,4.287885749,3.02196914,29.423600545,4.286084732,        345P   1445
3.023129938,29.42635126,4.28533225,3.023614774,29.431709413,         345P   1446
4.283556559,3.024758051,29.434303009,4.282540229,3.025412063,        345P   1447
29.439330718,4.280267523,3.026873266,29.441764784,4.279011076,       345P   1448
3.027680503,29.446478877,4.276265954,3.029442336,29.4487687,         345P   1449
4.274769001,3.030402227,29.455284496,4.270026761,3.033439495,        345P   1450
29.459194897,4.266518892,3.035681709,29.464473938,4.260786015,       345P   1451
3.03933548,29.466139217,4.25878879,3.040606728,29.469224363,         345P   1452
4.254707602,3.043200587,29.470651249,4.252617138,3.044527353,        345P   1453
29.474603842,4.246203833,3.04859148,29.476808867,4.241727881,        345P   1454
3.051419722,29.480354837,4.23246022,3.05725595,29.481664031,         345P   1455
4.227758787,3.060207125,29.483418929,4.218228789,3.066169004,        345P   1456
29.483864302,4.213400184,3.069179743,29.483864302,4.208505806,       345P   1457
3.072220866,0.,1.,0.,0.542226103,0.840232619;                        345P   1458
126,1,1,1,0,1,0,0.,0.,1.,1.,1.,1.,0.279980001,0.545095168,0.,        347P   1459
0.304840254,0.545095168,0.,0.,1.,0.,0.,1.;                           347P   1460
126,3,3,1,0,1,0,0.279980001443951,0.279980001443951,                 349P   1461
0.279980001443951,0.279980001443951,0.304840254473822,               349P   1462
0.304840254473822,0.304840254473822,0.304840254473822,1.,1.,1.,      349P   1463
1.,29.483864302,4.208505806,3.072220866,29.483864302,                349P   1464
4.118788635,3.127966658,29.483864302,4.027638073,3.181079067,        349P   1465
29.483864302,3.93517665,3.231511593,0.279980001443951,               349P   1466
0.304840254473822,-1.,0.,0.;                                         349P   1467
126,16,2,1,0,1,0,0.,0.,0.,0.125,0.125,0.25,0.25,0.375,0.375,         351P   1468
0.5,0.5,0.625,0.625,0.75,0.75,0.875,0.875,1.,1.,1.,1.,1.,1.,1.,      351P   1469
1.,1.,1.,1.,1.,1.,1.,1.,1.,1.,1.,1.,1.,0.304840254,0.545095168,      351P   1470
0.,0.305503436,0.545095168,0.,0.306154402,0.544962828,0.,            351P   1471
0.306811103,0.544829323,0.,0.307432966,0.544565706,0.,               351P   1472
0.308064533,0.544297976,0.,0.308638128,0.543905421,0.,               351P   1473
0.309223066,0.543505103,0.,0.309726578,0.542989504,0.,               351P   1474
0.31024331,0.542460367,0.,0.310654649,0.541830031,0.,                351P   1475
0.311075971,0.541184396,0.,0.31136983,0.540458623,0.,                351P   1476
0.311669276,0.539719051,0.,0.311823793,0.538927501,0.,               351P   1477
0.311981343,0.538120417,0.,0.311981343,0.537294911,0.,0.,1.,0.,      351P   1478
0.,1.;                                                               351P   1479
126,21,3,1,0,1,0,0.,0.,0.,0.,0.124999999999987,                      353P   1480
0.124999999999987,0.249999999999974,0.249999999999974,               353P   1481
0.374999999999961,0.374999999999961,0.499999999999948,               353P   1482
0.499999999999948,0.562499999999937,0.562499999999937,               353P   1483
0.624999999999925,0.624999999999925,0.687499999999913,               353P   1484
0.687499999999913,0.749999999999902,0.749999999999902,               353P   1485
0.874999999999951,0.874999999999951,1.,1.,1.,1.,1.,1.,1.,1.,1.,      353P   1486
1.,1.,1.,1.,1.,1.,1.,1.,1.,1.,1.,1.,1.,1.,1.,1.,1.,                  353P   1487
29.483864302,3.93517665,3.231511593,29.483864302,3.930222872,        353P   1488
3.234213601,29.483408108,3.925332022,3.236871545,29.481605931,       353P   1489
3.915673502,3.242102296,29.480260341,3.910905769,3.244675128,        353P   1490
29.476607869,3.901504645,3.24973115,29.474348013,3.896997515,        353P   1491
3.252146427,29.468976328,3.888421715,3.256728295,29.465862413,       353P   1492
3.88434466,3.258899369,29.460471492,3.878585659,3.261957964,         353P   1493
29.458569883,3.876745111,3.262934029,29.454605702,3.873271435,       353P   1494
3.26477393,29.452535965,3.871630511,3.265641906,29.44821768,         353P   1495
3.868544673,3.267272441,29.445969165,3.867099722,3.268035019,        353P   1496
29.44128416,3.864416196,3.269449965,29.438836804,3.863172785,        353P   1497
3.270104878,29.431261062,3.859811225,3.271874109,29.426027079,       353P   1498
3.858108368,3.272768507,29.415189449,3.855788679,3.273986329,        353P   1499
29.409532392,3.85517665,3.274307235,29.403864302,3.85517665,         353P   1500
3.274307235,0.,1.,-0.01874222,0.478760868,0.877745271;               353P   1501
126,1,1,1,0,1,0,0.,0.,1.,1.,1.,1.,0.311981343,0.537294911,0.,        355P   1502
0.311981343,0.522891104,0.,0.,1.,0.,0.,1.;                           355P   1503
110,29.403864302,3.85517665,3.274307235,29.2561378,3.85517665,       357P   1504
3.274307235;                                                         357P   1505
126,16,2,1,0,1,0,0.,0.,0.,0.125,0.125,0.25,0.25,0.375,0.375,         359P   1506
0.5,0.5,0.625,0.625,0.75,0.75,0.875,0.875,1.,1.,1.,1.,1.,1.,1.,      359P   1507
1.,1.,1.,1.,1.,1.,1.,1.,1.,1.,1.,1.,1.,0.311981343,0.522891104,      359P   1508
0.,0.311981343,0.522072569,0.,0.311826414,0.521271996,0.,            359P   1509
0.311672657,0.520477487,0.,0.311372936,0.519735074,0.,               359P   1510
0.311079625,0.519008541,0.,0.310658633,0.518362095,0.,               359P   1511
0.310247845,0.517731318,0.,0.309731573,0.517201631,0.,               359P   1512
0.309226075,0.516682998,0.,0.308638308,0.516280718,0.,               359P   1513
0.308065304,0.515888541,0.,0.307434432,0.515620931,0.,               359P   1514
0.30681162,0.515356739,0.,0.306153849,0.515223075,0.,                359P   1515
0.305503152,0.515090848,0.,0.304840254,0.515090848,0.,0.,1.,0.,      359P   1516
0.,1.;                                                               359P   1517
126,19,3,1,0,1,0,0.,0.,0.,0.,0.125000000000007,                      361P   1518
0.125000000000007,0.250000000000013,0.250000000000013,               361P   1519
0.37500000000002,0.37500000000002,0.500000000000026,                 361P   1520
0.500000000000026,0.625000000000033,0.625000000000033,               361P   1521
0.750000000000039,0.750000000000039,0.812500000000034,               361P   1522
0.812500000000034,0.875000000000029,0.875000000000029,1.,1.,1.,      361P   1523
1.,1.,1.,1.,1.,1.,1.,1.,1.,1.,1.,1.,1.,1.,1.,1.,1.,1.,1.,1.,1.,      361P   1524
29.2561378,3.85517665,3.274307235,29.250487715,3.85517665,           361P   1525
3.274307235,29.244954638,3.855768435,3.273996948,29.234109589,       361P   1526
3.858069674,3.272788829,29.228758754,3.859809845,3.271874815,        361P   1527
29.218779903,3.86422487,3.269551172,29.214072635,3.866915937,        361P   1528
3.268133017,29.205303275,3.873169762,3.264828612,29.201349443,       361P   1529
3.876650011,3.262985927,29.19422286,3.884248546,3.25895047,          361P   1530
29.191040422,3.888398614,3.256740634,29.18564197,3.897016576,        361P   1531
3.252136245,29.183392156,3.901513042,3.249726614,29.180665478,       361P   1532
3.908526689,3.245954632,29.179866217,3.910911173,3.244670067,        361P   1533
29.178507963,3.915688803,3.242091708,29.177944717,3.918091951,       361P   1534
3.240792544,29.176592352,3.925342931,3.236865629,29.1761378,         361P   1535
3.930231932,3.234208659,29.1761378,3.93517665,3.231511593,0.,        361P   1536
1.,0.,0.464364495,0.885644181;                                       361P   1537
102,8,331,335,339,343,347,351,355,359;                               363P   1538
102,8,333,337,341,345,349,353,357,361;                               365P   1539
142,1,3,363,365,1;                                                   367P   1540
126,1,1,1,0,1,0,0.,0.,1.,1.,1.,1.,0.304840254,0.577492898,0.,        369P   1541
0.279980001,0.577492898,0.,0.,1.,0.,0.,1.;                           369P   1542
126,3,3,1,0,1,0,0.695159745526178,0.695159745526178,                 371P   1543
0.695159745526178,0.695159745526178,0.720019998552982,               371P   1544
0.720019998552982,0.720019998552982,0.720019998552982,1.,1.,1.,      371P   1545
1.,29.8161378,3.93517665,3.231511593,29.8161378,4.027638073,         371P   1546
3.181079067,29.8161378,4.118788635,3.127966658,29.8161378,           371P   1547
4.208505806,3.072220867,0.695159745526178,0.720019998552982,1.,      371P   1548
0.,0.;                                                               371P   1549
126,16,2,1,0,1,0,0.,0.,0.,0.125,0.125,0.25,0.25,0.375,0.375,         373P   1550
0.5,0.5,0.625,0.625,0.75,0.75,0.875,0.875,1.,1.,1.,1.,1.,1.,1.,      373P   1551
1.,1.,1.,1.,1.,1.,1.,1.,1.,1.,1.,1.,1.,0.279980001,0.577492898,      373P   1552
0.,0.279305435,0.577492898,0.,0.278640881,0.577621835,0.,            373P   1553
0.277974587,0.577751109,0.,0.277340635,0.578005661,0.,               373P   1554
0.276690015,0.578266905,0.,0.27609622,0.578650893,0.,                373P   1555
0.275492964,0.579040999,0.,0.274970285,0.579543565,0.,               373P   1556
0.274424714,0.580068143,0.,0.273988121,0.580694715,0.,               373P   1557
0.273537544,0.581341354,0.,0.273221622,0.582069797,0.,               373P   1558
0.272896007,0.582820591,0.,0.272727537,0.583625536,0.,               373P   1559
0.272555048,0.584449688,0.,0.272555048,0.585293155,0.,0.,1.,0.,      373P   1560
0.,1.;                                                               373P   1561
126,23,3,1,0,1,0,0.,0.,0.,0.,0.125000000000002,                      375P   1562
0.125000000000002,0.250000000000005,0.250000000000005,               375P   1563
0.312500000000006,0.312500000000006,0.375000000000007,               375P   1564
0.375000000000007,0.500000000000005,0.500000000000005,               375P   1565
0.625000000000002,0.625000000000002,0.75,0.75,0.8125,0.8125,         375P   1566
0.875,0.875,0.9375,0.9375,1.,1.,1.,1.,1.,1.,1.,1.,1.,1.,1.,1.,       375P   1567
1.,1.,1.,1.,1.,1.,1.,1.,1.,1.,1.,1.,1.,1.,1.,1.,29.8161378,          375P   1568
4.208505806,3.072220866,29.8161378,4.213409504,3.069173952,          375P   1569
29.816584816,4.218236908,3.066163922,29.818335549,4.227745903,       375P   1570
3.060215188,29.819639125,4.232427511,3.057276464,29.822275531,       375P   1571
4.239334998,3.05292666,29.823273908,4.241628752,3.051479858,         375P   1572
29.825489163,4.246122908,3.048640696,29.82669999,4.24831378,         375P   1573
3.047254382,29.830642855,4.254717806,3.043196195,29.833681939,       375P   1574
4.258764144,3.040623944,29.840657244,4.266372403,3.035775215,        375P   1575
29.844646472,4.269966124,3.033478271,29.853305251,4.276285599,       375P   1576
3.029430948,29.857990077,4.279046426,3.027658318,29.865623175,       375P   1577
4.282510297,3.025431324,29.868247176,4.283538929,3.024769396,        375P   1578
29.873566928,4.285306927,3.023631084,29.876275718,4.286052396,       375P   1579
3.023150774,29.881793448,4.287259952,3.022372486,29.884602366,       375P   1580
4.287722105,3.022074465,29.890326306,4.288346365,3.021671862,        375P   1581
29.893234634,4.288505806,3.021569,29.8961378,4.288505806,            375P   1582
3.021569,0.,1.,0.019987811,0.527662452,0.849218949;                  375P   1583
126,1,1,1,0,1,0,0.,0.,1.,1.,1.,1.,0.272555048,0.585293155,0.,        377P   1584
0.272555048,0.599696962,0.,0.,1.,0.,0.,1.;                           377P   1585
110,29.8961378,4.288505806,3.021569,30.043864302,4.288505806,        379P   1586
3.021569;                                                            379P   1587
126,16,2,1,0,1,0,0.,0.,0.,0.125,0.125,0.25,0.25,0.375,0.375,         381P   1588
0.5,0.5,0.625,0.625,0.75,0.75,0.875,0.875,1.,1.,1.,1.,1.,1.,1.,      381P   1589
1.,1.,1.,1.,1.,1.,1.,1.,1.,1.,1.,1.,1.,0.272555048,0.599696962,      381P   1590
0.,0.272555048,0.600533739,0.,0.272724843,0.601351654,0.,            381P   1591
0.272892196,0.602157805,0.,0.27321713,0.602909942,0.,                381P   1592
0.273532248,0.603639357,0.,0.273982312,0.604287055,0.,               381P   1593
0.274416214,0.604911493,0.,0.27495832,0.605435021,0.,                381P   1594
0.275484735,0.605943396,0.,0.27609335,0.606337367,0.,                381P   1595
0.276685802,0.606720874,0.,0.27733493,0.606982162,0.,                381P   1596
0.277971458,0.607238378,0.,0.27864066,0.607368239,0.,                381P   1597
0.279305323,0.607497218,0.,0.279980001,0.607497218,0.,0.,1.,0.,      381P   1598
0.,1.;                                                               381P   1599
126,23,3,1,0,1,0,0.,0.,0.,0.,0.125000000000071,                      383P   1600
0.125000000000071,0.187500000000107,0.187500000000107,               383P   1601
0.250000000000142,0.250000000000142,0.312500000000177,               383P   1602
0.312500000000177,0.375000000000212,0.375000000000212,               383P   1603
0.500000000000213,0.500000000000213,0.562500000000192,               383P   1604
0.562500000000192,0.625000000000171,0.625000000000171,               383P   1605
0.750000000000114,0.750000000000114,0.875000000000057,               383P   1606
0.875000000000057,1.,1.,1.,1.,1.,1.,1.,1.,1.,1.,1.,1.,1.,1.,1.,      383P   1607
1.,1.,1.,1.,1.,1.,1.,1.,1.,1.,1.,1.,1.,30.043864302,                 383P   1608
4.288505806,3.021569,30.049649666,4.288505806,3.021569,              383P   1609
30.055303731,4.287885749,3.02196914,30.063600545,4.286084732,        383P   1610
3.023129938,30.06635126,4.28533225,3.023614774,30.071709413,         383P   1611
4.283556559,3.024758051,30.074303009,4.282540229,3.025412063,        383P   1612
30.079330718,4.280267523,3.026873266,30.081764784,4.279011076,       383P   1613
3.027680503,30.086478877,4.276265954,3.029442336,30.0887687,         383P   1614
4.274769001,3.030402227,30.095284496,4.270026761,3.033439495,        383P   1615
30.099194897,4.266518892,3.035681709,30.104473938,4.260786015,       383P   1616
3.03933548,30.106139217,4.25878879,3.040606728,30.109224363,         383P   1617
4.254707602,3.043200587,30.110651249,4.252617138,3.044527353,        383P   1618
30.114603842,4.246203833,3.04859148,30.116808867,4.241727881,        383P   1619
3.051419722,30.120354837,4.23246022,3.05725595,30.121664031,         383P   1620
4.227758787,3.060207125,30.123418929,4.218228789,3.066169004,        383P   1621
30.123864302,4.213400184,3.069179743,30.123864302,4.208505806,       383P   1622
3.072220866,0.,1.,0.,0.542226103,0.840232619;                        383P   1623
126,1,1,1,0,1,0,0.,0.,1.,1.,1.,1.,0.279980001,0.607497218,0.,        385P   1624
0.304840254,0.607497218,0.,0.,1.,0.,0.,1.;                           385P   1625
126,3,3,1,0,1,0,0.279980001443951,0.279980001443951,                 387P   1626
0.279980001443951,0.279980001443951,0.304840254473822,               387P   1627
0.304840254473822,0.304840254473822,0.304840254473822,1.,1.,1.,      387P   1628
1.,30.123864302,4.208505806,3.072220866,30.123864302,                387P   1629
4.118788635,3.127966658,30.123864302,4.027638073,3.181079067,        387P   1630
30.123864302,3.93517665,3.231511593,0.279980001443951,               387P   1631
0.304840254473822,-1.,0.,0.;                                         387P   1632
126,16,2,1,0,1,0,0.,0.,0.,0.125,0.125,0.25,0.25,0.375,0.375,         389P   1633
0.5,0.5,0.625,0.625,0.75,0.75,0.875,0.875,1.,1.,1.,1.,1.,1.,1.,      389P   1634
1.,1.,1.,1.,1.,1.,1.,1.,1.,1.,1.,1.,1.,0.304840254,0.607497218,      389P   1635
0.,0.305503436,0.607497218,0.,0.306154402,0.607364879,0.,            389P   1636
0.306811103,0.607231374,0.,0.307432966,0.606967757,0.,               389P   1637
0.308064533,0.606700026,0.,0.308638128,0.606307471,0.,               389P   1638
0.309223066,0.605907154,0.,0.309726578,0.605391555,0.,               389P   1639
0.31024331,0.604862418,0.,0.310654649,0.604232082,0.,                389P   1640
0.311075971,0.603586447,0.,0.31136983,0.602860673,0.,                389P   1641
0.311669276,0.602121101,0.,0.311823793,0.601329552,0.,               389P   1642
0.311981343,0.600522468,0.,0.311981343,0.599696962,0.,0.,1.,0.,      389P   1643
0.,1.;                                                               389P   1644
126,21,3,1,0,1,0,0.,0.,0.,0.,0.125000000000016,                      391P   1645
0.125000000000016,0.250000000000032,0.250000000000032,               391P   1646
0.375000000000048,0.375000000000048,0.500000000000064,               391P   1647
0.500000000000064,0.562500000000072,0.562500000000072,               391P   1648
0.62500000000008,0.62500000000008,0.687500000000088,                 391P   1649
0.687500000000088,0.750000000000096,0.750000000000096,               391P   1650
0.875000000000048,0.875000000000048,1.,1.,1.,1.,1.,1.,1.,1.,1.,      391P   1651
1.,1.,1.,1.,1.,1.,1.,1.,1.,1.,1.,1.,1.,1.,1.,1.,1.,                  391P   1652
30.123864302,3.93517665,3.231511593,30.123864302,3.930222872,        391P   1653
3.234213601,30.123408108,3.925332022,3.236871545,30.121605931,       391P   1654
3.915673502,3.242102296,30.120260341,3.910905769,3.244675128,        391P   1655
30.116607869,3.901504645,3.24973115,30.114348013,3.896997515,        391P   1656
3.252146427,30.108976328,3.888421715,3.256728295,30.105862413,       391P   1657
3.88434466,3.258899369,30.100471492,3.878585659,3.261957964,         391P   1658
30.098569883,3.876745111,3.262934029,30.094605702,3.873271435,       391P   1659
3.26477393,30.092535965,3.871630511,3.265641906,30.08821768,         391P   1660
3.868544673,3.267272441,30.085969165,3.867099722,3.268035019,        391P   1661
30.08128416,3.864416196,3.269449965,30.078836804,3.863172785,        391P   1662
3.270104878,30.071261062,3.859811225,3.271874109,30.066027079,       391P   1663
3.858108368,3.272768507,30.055189449,3.855788679,3.273986329,        391P   1664
30.049532392,3.85517665,3.274307235,30.043864302,3.85517665,         391P   1665
3.274307235,0.,1.,-0.01874222,0.478760868,0.877745271;               391P   1666
126,1,1,1,0,1,0,0.,0.,1.,1.,1.,1.,0.311981343,0.599696962,0.,        393P   1667
0.311981343,0.585293155,0.,0.,1.,0.,0.,1.;                           393P   1668
110,30.043864302,3.85517665,3.274307235,29.8961378,3.85517665,       395P   1669
3.274307235;                                                         395P   1670
126,16,2,1,0,1,0,0.,0.,0.,0.125,0.125,0.25,0.25,0.375,0.375,         397P   1671
0.5,0.5,0.625,0.625,0.75,0.75,0.875,0.875,1.,1.,1.,1.,1.,1.,1.,      397P   1672
1.,1.,1.,1.,1.,1.,1.,1.,1.,1.,1.,1.,1.,0.311981343,0.585293155,      397P   1673
0.,0.311981343,0.584474619,0.,0.311826414,0.583674047,0.,            397P   1674
0.311672657,0.582879537,0.,0.311372936,0.582137125,0.,               397P   1675
0.311079625,0.581410592,0.,0.310658633,0.580764146,0.,               397P   1676
0.310247845,0.580133369,0.,0.309731573,0.579603682,0.,               397P   1677
0.309226075,0.579085048,0.,0.308638308,0.578682769,0.,               397P   1678
0.308065304,0.578290592,0.,0.307434432,0.578022981,0.,               397P   1679
0.30681162,0.57775879,0.,0.306153849,0.577625125,0.,                 397P   1680
0.305503152,0.577492898,0.,0.304840254,0.577492898,0.,0.,1.,0.,      397P   1681
0.,1.;                                                               397P   1682
126,19,3,1,0,1,0,0.,0.,0.,0.,0.124999999999999,                      399P   1683
0.124999999999999,0.249999999999998,0.249999999999998,               399P   1684
0.374999999999997,0.374999999999997,0.499999999999996,               399P   1685
0.499999999999996,0.624999999999995,0.624999999999995,               399P   1686
0.749999999999994,0.749999999999994,0.812499999999997,               399P   1687
0.812499999999997,0.875000000000001,0.875000000000001,1.,1.,1.,      399P   1688
1.,1.,1.,1.,1.,1.,1.,1.,1.,1.,1.,1.,1.,1.,1.,1.,1.,1.,1.,1.,1.,      399P   1689
29.8961378,3.85517665,3.274307235,29.890487715,3.85517665,           399P   1690
3.274307235,29.884954638,3.855768435,3.273996948,29.874109589,       399P   1691
3.858069674,3.272788829,29.868758754,3.859809845,3.271874815,        399P   1692
29.858779903,3.86422487,3.269551172,29.854072635,3.866915937,        399P   1693
3.268133017,29.845303275,3.873169762,3.264828612,29.841349443,       399P   1694
3.876650011,3.262985927,29.83422286,3.884248546,3.25895047,          399P   1695
29.831040422,3.888398614,3.256740634,29.82564197,3.897016576,        399P   1696
3.252136245,29.823392156,3.901513042,3.249726614,29.820665478,       399P   1697
3.908526689,3.245954632,29.819866217,3.910911173,3.244670067,        399P   1698
29.818507963,3.915688803,3.242091708,29.817944717,3.918091951,       399P   1699
3.240792544,29.816592352,3.925342931,3.236865629,29.8161378,         399P   1700
3.930231932,3.234208659,29.8161378,3.93517665,3.231511593,0.,        399P   1701
1.,0.,0.464364495,0.885644181;                                       399P   1702
102,8,369,373,377,381,385,389,393,397;                               401P   1703
102,8,371,375,379,383,387,391,395,399;                               403P   1704
142,1,3,401,403,1;                                                   405P   1705
126,1,1,1,0,1,0,0.,0.,1.,1.,1.,1.,0.304840254,0.639894949,0.,        407P   1706
0.279980001,0.639894949,0.,0.,1.,0.,0.,1.;                           407P   1707
126,3,3,1,0,1,0,0.695159745526178,0.695159745526178,                 409P   1708
0.695159745526178,0.695159745526178,0.720019998552982,               409P   1709
0.720019998552982,0.720019998552982,0.720019998552982,1.,1.,1.,      409P   1710
1.,30.4561378,3.93517665,3.231511593,30.4561378,4.027638073,         409P   1711
3.181079067,30.4561378,4.118788635,3.127966658,30.4561378,           409P   1712
4.208505806,3.072220867,0.695159745526178,0.720019998552982,1.,      409P   1713
0.,0.;                                                               409P   1714
126,16,2,1,0,1,0,0.,0.,0.,0.125,0.125,0.25,0.25,0.375,0.375,         411P   1715
0.5,0.5,0.625,0.625,0.75,0.75,0.875,0.875,1.,1.,1.,1.,1.,1.,1.,      411P   1716
1.,1.,1.,1.,1.,1.,1.,1.,1.,1.,1.,1.,1.,0.279980001,0.639894949,      411P   1717
0.,0.279305435,0.639894949,0.,0.278640881,0.640023886,0.,            411P   1718
0.277974587,0.64015316,0.,0.277340635,0.640407711,0.,                411P   1719
0.276690015,0.640668956,0.,0.27609622,0.641052944,0.,                411P   1720
0.275492964,0.64144305,0.,0.274970285,0.641945616,0.,                411P   1721
0.274424714,0.642470193,0.,0.273988121,0.643096765,0.,               411P   1722
0.273537544,0.643743405,0.,0.273221622,0.644471848,0.,               411P   1723
0.272896007,0.645222641,0.,0.272727537,0.646027587,0.,               411P   1724
0.272555048,0.646851739,0.,0.272555048,0.647695205,0.,0.,1.,0.,      411P   1725
0.,1.;                                                               411P   1726
126,23,3,1,0,1,0,0.,0.,0.,0.,0.125000000000002,                      413P   1727
0.125000000000002,0.250000000000005,0.250000000000005,               413P   1728
0.312500000000006,0.312500000000006,0.375000000000007,               413P   1729
0.375000000000007,0.500000000000005,0.500000000000005,               413P   1730
0.625000000000002,0.625000000000002,0.75,0.75,0.8125,0.8125,         413P   1731
0.875,0.875,0.9375,0.9375,1.,1.,1.,1.,1.,1.,1.,1.,1.,1.,1.,1.,       413P   1732
1.,1.,1.,1.,1.,1.,1.,1.,1.,1.,1.,1.,1.,1.,1.,1.,30.4561378,          413P   1733
4.208505806,3.072220866,30.4561378,4.213409504,3.069173952,          413P   1734
30.456584816,4.218236908,3.066163922,30.458335549,4.227745903,       413P   1735
3.060215188,30.459639125,4.232427511,3.057276464,30.462275531,       413P   1736
4.239334998,3.05292666,30.463273908,4.241628752,3.051479858,         413P   1737
30.465489163,4.246122908,3.048640696,30.46669999,4.24831378,         413P   1738
3.047254382,30.470642855,4.254717806,3.043196195,30.473681939,       413P   1739
4.258764144,3.040623944,30.480657244,4.266372403,3.035775215,        413P   1740
30.484646472,4.269966124,3.033478271,30.493305251,4.276285599,       413P   1741
3.029430948,30.497990077,4.279046426,3.027658318,30.505623175,       413P   1742
4.282510297,3.025431324,30.508247176,4.283538929,3.024769396,        413P   1743
30.513566928,4.285306927,3.023631084,30.516275718,4.286052396,       413P   1744
3.023150774,30.521793448,4.287259952,3.022372486,30.524602366,       413P   1745
4.287722105,3.022074465,30.530326306,4.288346365,3.021671862,        413P   1746
30.533234634,4.288505806,3.021569,30.5361378,4.288505806,            413P   1747
3.021569,0.,1.,0.019987811,0.527662452,0.849218949;                  413P   1748
126,1,1,1,0,1,0,0.,0.,1.,1.,1.,1.,0.272555048,0.647695205,0.,        415P   1749
0.272555048,0.662099013,0.,0.,1.,0.,0.,1.;                           415P   1750
110,30.5361378,4.288505806,3.021569,30.683864302,4.288505806,        417P   1751
3.021569;                                                            417P   1752
126,16,2,1,0,1,0,0.,0.,0.,0.125,0.125,0.25,0.25,0.375,0.375,         419P   1753
0.5,0.5,0.625,0.625,0.75,0.75,0.875,0.875,1.,1.,1.,1.,1.,1.,1.,      419P   1754
1.,1.,1.,1.,1.,1.,1.,1.,1.,1.,1.,1.,1.,0.272555048,0.662099013,      419P   1755
0.,0.272555048,0.662935789,0.,0.272724843,0.663753704,0.,            419P   1756
0.272892196,0.664559856,0.,0.27321713,0.665311993,0.,                419P   1757
0.273532248,0.666041407,0.,0.273982312,0.666689106,0.,               419P   1758
0.274416214,0.667313543,0.,0.27495832,0.667837072,0.,                419P   1759
0.275484735,0.668345447,0.,0.27609335,0.668739417,0.,                419P   1760
0.276685802,0.669122925,0.,0.27733493,0.669384213,0.,                419P   1761
0.277971458,0.669640429,0.,0.27864066,0.66977029,0.,                 419P   1762
0.279305323,0.669899269,0.,0.279980001,0.669899269,0.,0.,1.,0.,      419P   1763
0.,1.;                                                               419P   1764
126,23,3,1,0,1,0,0.,0.,0.,0.,0.125000000000026,                      421P   1765
0.125000000000026,0.187500000000038,0.187500000000038,               421P   1766
0.250000000000051,0.250000000000051,0.312500000000063,               421P   1767
0.312500000000063,0.375000000000076,0.375000000000076,               421P   1768
0.500000000000031,0.500000000000031,0.562500000000033,               421P   1769
0.562500000000033,0.625000000000034,0.625000000000034,               421P   1770
0.750000000000023,0.750000000000023,0.875000000000011,               421P   1771
0.875000000000011,1.,1.,1.,1.,1.,1.,1.,1.,1.,1.,1.,1.,1.,1.,1.,      421P   1772
1.,1.,1.,1.,1.,1.,1.,1.,1.,1.,1.,1.,1.,30.683864302,                 421P   1773
4.288505806,3.021569,30.689649666,4.288505806,3.021569,              421P   1774
30.695303731,4.287885749,3.02196914,30.703600545,4.286084732,        421P   1775
3.023129938,30.70635126,4.28533225,3.023614774,30.711709413,         421P   1776
4.283556559,3.024758051,30.714303009,4.282540229,3.025412063,        421P   1777
30.719330718,4.280267523,3.026873266,30.721764784,4.279011076,       421P   1778
3.027680503,30.726478877,4.276265954,3.029442336,30.7287687,         421P   1779
4.274769001,3.030402227,30.735284496,4.270026761,3.033439495,        421P   1780
30.739194897,4.266518892,3.035681709,30.744473938,4.260786015,       421P   1781
3.03933548,30.746139217,4.25878879,3.040606728,30.749224363,         421P   1782
4.254707602,3.043200587,30.750651249,4.252617138,3.044527353,        421P   1783
30.754603842,4.246203833,3.04859148,30.756808867,4.241727881,        421P   1784
3.051419722,30.760354837,4.23246022,3.05725595,30.761664031,         421P   1785
4.227758787,3.060207125,30.763418929,4.218228789,3.066169004,        421P   1786
30.763864302,4.213400184,3.069179743,30.763864302,4.208505806,       421P   1787
3.072220866,0.,1.,0.,0.542226103,0.840232619;                        421P   1788
126,1,1,1,0,1,0,0.,0.,1.,1.,1.,1.,0.279980001,0.669899269,0.,        423P   1789
0.304840254,0.669899269,0.,0.,1.,0.,0.,1.;                           423P   1790
126,3,3,1,0,1,0,0.279980001443951,0.279980001443951,                 425P   1791
0.279980001443951,0.279980001443951,0.304840254473822,               425P   1792
0.304840254473822,0.304840254473822,0.304840254473822,1.,1.,1.,      425P   1793
1.,30.763864302,4.208505806,3.072220866,30.763864302,                425P   1794
4.118788635,3.127966658,30.763864302,4.027638073,3.181079067,        425P   1795
30.763864302,3.93517665,3.231511593,0.279980001443951,               425P   1796
0.304840254473822,-1.,0.,0.;                                         425P   1797
126,16,2,1,0,1,0,0.,0.,0.,0.125,0.125,0.25,0.25,0.375,0.375,         427P   1798
0.5,0.5,0.625,0.625,0.75,0.75,0.875,0.875,1.,1.,1.,1.,1.,1.,1.,      427P   1799
1.,1.,1.,1.,1.,1.,1.,1.,1.,1.,1.,1.,1.,0.304840254,0.669899269,      427P   1800
0.,0.305503436,0.669899269,0.,0.306154402,0.66976693,0.,             427P   1801
0.306811103,0.669633424,0.,0.307432966,0.669369807,0.,               427P   1802
0.308064533,0.669102077,0.,0.308638128,0.668709522,0.,               427P   1803
0.309223066,0.668309204,0.,0.309726578,0.667793606,0.,               427P   1804
0.31024331,0.667264468,0.,0.310654649,0.666634132,0.,                427P   1805
0.311075971,0.665988497,0.,0.31136983,0.665262724,0.,                427P   1806
0.311669276,0.664523152,0.,0.311823793,0.663731603,0.,               427P   1807
0.311981343,0.662924519,0.,0.311981343,0.662099013,0.,0.,1.,0.,      427P   1808
0.,1.;                                                               427P   1809
126,21,3,1,0,1,0,0.,0.,0.,0.,0.124999999999982,                      429P   1810
0.124999999999982,0.249999999999964,0.249999999999964,               429P   1811
0.374999999999946,0.374999999999946,0.499999999999928,               429P   1812
0.499999999999928,0.562499999999919,0.562499999999919,               429P   1813
0.62499999999991,0.62499999999991,0.687499999999901,                 429P   1814
0.687499999999901,0.749999999999892,0.749999999999892,               429P   1815
0.874999999999946,0.874999999999946,1.,1.,1.,1.,1.,1.,1.,1.,1.,      429P   1816
1.,1.,1.,1.,1.,1.,1.,1.,1.,1.,1.,1.,1.,1.,1.,1.,1.,                  429P   1817
30.763864302,3.93517665,3.231511593,30.763864302,3.930222872,        429P   1818
3.234213601,30.763408108,3.925332022,3.236871545,30.761605931,       429P   1819
3.915673502,3.242102296,30.760260341,3.910905769,3.244675128,        429P   1820
30.756607869,3.901504645,3.24973115,30.754348013,3.896997515,        429P   1821
3.252146427,30.748976328,3.888421715,3.256728295,30.745862413,       429P   1822
3.88434466,3.258899369,30.740471492,3.878585659,3.261957964,         429P   1823
30.738569883,3.876745111,3.262934029,30.734605702,3.873271435,       429P   1824
3.26477393,30.732535965,3.871630511,3.265641906,30.72821768,         429P   1825
3.868544673,3.267272441,30.725969165,3.867099722,3.268035019,        429P   1826
30.72128416,3.864416196,3.269449965,30.718836804,3.863172785,        429P   1827
3.270104878,30.711261062,3.859811225,3.271874109,30.706027079,       429P   1828
3.858108368,3.272768507,30.695189449,3.855788679,3.273986329,        429P   1829
30.689532392,3.85517665,3.274307235,30.683864302,3.85517665,         429P   1830
3.274307235,0.,1.,-0.01874222,0.478760868,0.877745271;               429P   1831
126,1,1,1,0,1,0,0.,0.,1.,1.,1.,1.,0.311981343,0.662099013,0.,        431P   1832
0.311981343,0.647695205,0.,0.,1.,0.,0.,1.;                           431P   1833
110,30.683864302,3.85517665,3.274307235,30.5361378,3.85517665,       433P   1834
3.274307235;                                                         433P   1835
126,16,2,1,0,1,0,0.,0.,0.,0.125,0.125,0.25,0.25,0.375,0.375,         435P   1836
0.5,0.5,0.625,0.625,0.75,0.75,0.875,0.875,1.,1.,1.,1.,1.,1.,1.,      435P   1837
1.,1.,1.,1.,1.,1.,1.,1.,1.,1.,1.,1.,1.,0.311981343,0.647695205,      435P   1838
0.,0.311981343,0.64687667,0.,0.311826414,0.646076098,0.,             435P   1839
0.311672657,0.645281588,0.,0.311372936,0.644539176,0.,               435P   1840
0.311079625,0.643812643,0.,0.310658633,0.643166197,0.,               435P   1841
0.310247845,0.642535419,0.,0.309731573,0.642005733,0.,               435P   1842
0.309226075,0.641487099,0.,0.308638308,0.641084819,0.,               435P   1843
0.308065304,0.640692643,0.,0.307434432,0.640425032,0.,               435P   1844
0.30681162,0.64016084,0.,0.306153849,0.640027176,0.,                 435P   1845
0.305503152,0.639894949,0.,0.304840254,0.639894949,0.,0.,1.,0.,      435P   1846
0.,1.;                                                               435P   1847
126,19,3,1,0,1,0,0.,0.,0.,0.,0.125000000000002,                      437P   1848
0.125000000000002,0.250000000000004,0.250000000000004,               437P   1849
0.375000000000007,0.375000000000007,0.500000000000009,               437P   1850
0.500000000000009,0.625000000000011,0.625000000000011,               437P   1851
0.750000000000013,0.750000000000013,0.812500000000014,               437P   1852
0.812500000000014,0.875000000000015,0.875000000000015,1.,1.,1.,      437P   1853
1.,1.,1.,1.,1.,1.,1.,1.,1.,1.,1.,1.,1.,1.,1.,1.,1.,1.,1.,1.,1.,      437P   1854
30.5361378,3.85517665,3.274307235,30.530487715,3.85517665,           437P   1855
3.274307235,30.524954638,3.855768435,3.273996948,30.514109589,       437P   1856
3.858069674,3.272788829,30.508758754,3.859809845,3.271874815,        437P   1857
30.498779903,3.86422487,3.269551172,30.494072635,3.866915937,        437P   1858
3.268133017,30.485303275,3.873169762,3.264828612,30.481349443,       437P   1859
3.876650011,3.262985927,30.47422286,3.884248546,3.25895047,          437P   1860
30.471040422,3.888398614,3.256740634,30.46564197,3.897016576,        437P   1861
3.252136245,30.463392156,3.901513042,3.249726614,30.460665478,       437P   1862
3.908526689,3.245954632,30.459866217,3.910911173,3.244670067,        437P   1863
30.458507963,3.915688803,3.242091708,30.457944717,3.918091951,       437P   1864
3.240792544,30.456592352,3.925342931,3.236865629,30.4561378,         437P   1865
3.930231932,3.234208659,30.4561378,3.93517665,3.231511593,0.,        437P   1866
1.,0.,0.464364495,0.885644181;                                       437P   1867
102,8,407,411,415,419,423,427,431,435;                               439P   1868
102,8,409,413,417,421,425,429,433,437;                               441P   1869
142,1,3,439,441,1;                                                   443P   1870
126,1,1,1,0,1,0,0.,0.,1.,1.,1.,1.,0.304840254,0.702297,0.,           445P   1871
0.279980001,0.702297,0.,0.,1.,0.,0.,1.;                              445P   1872
126,3,3,1,0,1,0,0.695159745526178,0.695159745526178,                 447P   1873
0.695159745526178,0.695159745526178,0.720019998552982,               447P   1874
0.720019998552982,0.720019998552982,0.720019998552982,1.,1.,1.,      447P   1875
1.,31.0961378,3.93517665,3.231511593,31.0961378,4.027638073,         447P   1876
3.181079067,31.0961378,4.118788635,3.127966658,31.0961378,           447P   1877
4.208505806,3.072220867,0.695159745526178,0.720019998552982,1.,      447P   1878
0.,0.;                                                               447P   1879
126,16,2,1,0,1,0,0.,0.,0.,0.125,0.125,0.25,0.25,0.375,0.375,         449P   1880
0.5,0.5,0.625,0.625,0.75,0.75,0.875,0.875,1.,1.,1.,1.,1.,1.,1.,      449P   1881
1.,1.,1.,1.,1.,1.,1.,1.,1.,1.,1.,1.,1.,0.279980001,0.702297,0.,      449P   1882
0.279305435,0.702297,0.,0.278640881,0.702425936,0.,0.277974587,      449P   1883
0.70255521,0.,0.277340635,0.702809762,0.,0.276690015,                449P   1884
0.703071007,0.,0.27609622,0.703454994,0.,0.275492964,                449P   1885
0.703845101,0.,0.274970285,0.704347667,0.,0.274424714,               449P   1886
0.704872244,0.,0.273988121,0.705498816,0.,0.273537544,               449P   1887
0.706145455,0.,0.273221622,0.706873898,0.,0.272896007,               449P   1888
0.707624692,0.,0.272727537,0.708429638,0.,0.272555048,               449P   1889
0.70925379,0.,0.272555048,0.710097256,0.,0.,1.,0.,0.,1.;             449P   1890
126,23,3,1,0,1,0,0.,0.,0.,0.,0.125000000000003,                      451P   1891
0.125000000000003,0.250000000000006,0.250000000000006,               451P   1892
0.312500000000007,0.312500000000007,0.375000000000009,               451P   1893
0.375000000000009,0.500000000000007,0.500000000000007,               451P   1894
0.625000000000005,0.625000000000005,0.750000000000004,               451P   1895
0.750000000000004,0.812500000000003,0.812500000000003,               451P   1896
0.875000000000002,0.875000000000002,0.937500000000001,               451P   1897
0.937500000000001,1.,1.,1.,1.,1.,1.,1.,1.,1.,1.,1.,1.,1.,1.,1.,      451P   1898
1.,1.,1.,1.,1.,1.,1.,1.,1.,1.,1.,1.,1.,31.0961378,4.208505806,       451P   1899
3.072220866,31.0961378,4.213409504,3.069173952,31.096584816,         451P   1900
4.218236908,3.066163922,31.098335549,4.227745903,3.060215188,        451P   1901
31.099639125,4.232427511,3.057276464,31.102275531,4.239334998,       451P   1902
3.05292666,31.103273908,4.241628752,3.051479858,31.105489163,        451P   1903
4.246122908,3.048640696,31.10669999,4.24831378,3.047254382,          451P   1904
31.110642855,4.254717806,3.043196195,31.113681939,4.258764144,       451P   1905
3.040623944,31.120657244,4.266372403,3.035775215,31.124646472,       451P   1906
4.269966124,3.033478271,31.133305251,4.276285599,3.029430948,        451P   1907
31.137990077,4.279046426,3.027658318,31.145623175,4.282510297,       451P   1908
3.025431324,31.148247176,4.283538929,3.024769396,31.153566928,       451P   1909
4.285306927,3.023631084,31.156275718,4.286052396,3.023150774,        451P   1910
31.161793448,4.287259952,3.022372486,31.164602366,4.287722105,       451P   1911
3.022074465,31.170326306,4.288346365,3.021671862,31.173234634,       451P   1912
4.288505806,3.021569,31.1761378,4.288505806,3.021569,0.,1.,          451P   1913
0.019987811,0.527662452,0.849218949;                                 451P   1914
126,1,1,1,0,1,0,0.,0.,1.,1.,1.,1.,0.272555048,0.710097256,0.,        453P   1915
0.272555048,0.724501063,0.,0.,1.,0.,0.,1.;                           453P   1916
110,31.1761378,4.288505806,3.021569,31.323864302,4.288505806,        455P   1917
3.021569;                                                            455P   1918
126,16,2,1,0,1,0,0.,0.,0.,0.125,0.125,0.25,0.25,0.375,0.375,         457P   1919
0.5,0.5,0.625,0.625,0.75,0.75,0.875,0.875,1.,1.,1.,1.,1.,1.,1.,      457P   1920
1.,1.,1.,1.,1.,1.,1.,1.,1.,1.,1.,1.,1.,0.272555048,0.724501063,      457P   1921
0.,0.272555048,0.72533784,0.,0.272724843,0.726155755,0.,             457P   1922
0.272892196,0.726961907,0.,0.27321713,0.727714044,0.,                457P   1923
0.273532248,0.728443458,0.,0.273982312,0.729091156,0.,               457P   1924
0.274416214,0.729715594,0.,0.27495832,0.730239123,0.,                457P   1925
0.275484735,0.730747498,0.,0.27609335,0.731141468,0.,                457P   1926
0.276685802,0.731524976,0.,0.27733493,0.731786264,0.,                457P   1927
0.277971458,0.73204248,0.,0.27864066,0.73217234,0.,0.279305323,      457P   1928
0.73230132,0.,0.279980001,0.73230132,0.,0.,1.,0.,0.,1.;              457P   1929
126,23,3,1,0,1,0,0.,0.,0.,0.,0.124999999999974,                      459P   1930
0.124999999999974,0.187499999999962,0.187499999999962,               459P   1931
0.24999999999995,0.24999999999995,0.312499999999938,                 459P   1932
0.312499999999938,0.374999999999926,0.374999999999926,               459P   1933
0.499999999999949,0.499999999999949,0.562499999999961,               459P   1934
0.562499999999961,0.624999999999973,0.624999999999973,               459P   1935
0.749999999999982,0.749999999999982,0.874999999999991,               459P   1936
0.874999999999991,1.,1.,1.,1.,1.,1.,1.,1.,1.,1.,1.,1.,1.,1.,1.,      459P   1937
1.,1.,1.,1.,1.,1.,1.,1.,1.,1.,1.,1.,1.,31.323864302,                 459P   1938
4.288505806,3.021569,31.329649666,4.288505806,3.021569,              459P   1939
31.335303731,4.287885749,3.02196914,31.343600545,4.286084732,        459P   1940
3.023129938,31.34635126,4.28533225,3.023614774,31.351709413,         459P   1941
4.283556559,3.024758051,31.354303009,4.282540229,3.025412063,        459P   1942
31.359330718,4.280267523,3.026873266,31.361764784,4.279011076,       459P   1943
3.027680503,31.366478877,4.276265954,3.029442336,31.3687687,         459P   1944
4.274769001,3.030402227,31.375284496,4.270026761,3.033439495,        459P   1945
31.379194897,4.266518892,3.035681709,31.384473938,4.260786015,       459P   1946
3.03933548,31.386139217,4.25878879,3.040606728,31.389224363,         459P   1947
4.254707602,3.043200587,31.390651249,4.252617138,3.044527353,        459P   1948
31.394603842,4.246203833,3.04859148,31.396808867,4.241727881,        459P   1949
3.051419722,31.400354837,4.23246022,3.05725595,31.401664031,         459P   1950
4.227758787,3.060207125,31.403418929,4.218228789,3.066169004,        459P   1951
31.403864302,4.213400184,3.069179743,31.403864302,4.208505806,       459P   1952
3.072220866,0.,1.,0.,0.542226103,0.840232619;                        459P   1953
126,1,1,1,0,1,0,0.,0.,1.,1.,1.,1.,0.279980001,0.73230132,0.,         461P   1954
0.304840254,0.73230132,0.,0.,1.,0.,0.,1.;                            461P   1955
126,3,3,1,0,1,0,0.279980001443951,0.279980001443951,                 463P   1956
0.279980001443951,0.279980001443951,0.304840254473822,               463P   1957
0.304840254473822,0.304840254473822,0.304840254473822,1.,1.,1.,      463P   1958
1.,31.403864302,4.208505806,3.072220866,31.403864302,                463P   1959
4.118788635,3.127966658,31.403864302,4.027638073,3.181079067,        463P   1960
31.403864302,3.93517665,3.231511593,0.279980001443951,               463P   1961
0.304840254473822,-1.,0.,0.;                                         463P   1962
126,16,2,1,0,1,0,0.,0.,0.,0.125,0.125,0.25,0.25,0.375,0.375,         465P   1963
0.5,0.5,0.625,0.625,0.75,0.75,0.875,0.875,1.,1.,1.,1.,1.,1.,1.,      465P   1964
1.,1.,1.,1.,1.,1.,1.,1.,1.,1.,1.,1.,1.,0.304840254,0.73230132,       465P   1965
0.,0.305503436,0.73230132,0.,0.306154402,0.73216898,0.,              465P   1966
0.306811103,0.732035475,0.,0.307432966,0.731771858,0.,               465P   1967
0.308064533,0.731504128,0.,0.308638128,0.731111573,0.,               465P   1968
0.309223066,0.730711255,0.,0.309726578,0.730195656,0.,               465P   1969
0.31024331,0.729666519,0.,0.310654649,0.729036183,0.,                465P   1970
0.311075971,0.728390548,0.,0.31136983,0.727664775,0.,                465P   1971
0.311669276,0.726925203,0.,0.311823793,0.726133653,0.,               465P   1972
0.311981343,0.725326569,0.,0.311981343,0.724501063,0.,0.,1.,0.,      465P   1973
0.,1.;                                                               465P   1974
126,21,3,1,0,1,0,0.,0.,0.,0.,0.124999999999981,                      467P   1975
0.124999999999981,0.249999999999961,0.249999999999961,               467P   1976
0.374999999999942,0.374999999999942,0.499999999999923,               467P   1977
0.499999999999923,0.562499999999915,0.562499999999915,               467P   1978
0.624999999999907,0.624999999999907,0.687499999999899,               467P   1979
0.687499999999899,0.749999999999891,0.749999999999891,               467P   1980
0.874999999999945,0.874999999999945,1.,1.,1.,1.,1.,1.,1.,1.,1.,      467P   1981
1.,1.,1.,1.,1.,1.,1.,1.,1.,1.,1.,1.,1.,1.,1.,1.,1.,                  467P   1982
31.403864302,3.93517665,3.231511593,31.403864302,3.930222872,        467P   1983
3.234213601,31.403408108,3.925332022,3.236871545,31.401605931,       467P   1984
3.915673502,3.242102296,31.400260341,3.910905769,3.244675128,        467P   1985
31.396607869,3.901504645,3.24973115,31.394348013,3.896997515,        467P   1986
3.252146427,31.388976328,3.888421715,3.256728295,31.385862413,       467P   1987
3.88434466,3.258899369,31.380471492,3.878585659,3.261957964,         467P   1988
31.378569883,3.876745111,3.262934029,31.374605702,3.873271435,       467P   1989
3.26477393,31.372535965,3.871630511,3.265641906,31.36821768,         467P   1990
3.868544673,3.267272441,31.365969165,3.867099722,3.268035019,        467P   1991
31.36128416,3.864416196,3.269449965,31.358836804,3.863172785,        467P   1992
3.270104878,31.351261062,3.859811225,3.271874109,31.346027079,       467P   1993
3.858108368,3.272768507,31.335189449,3.855788679,3.273986329,        467P   1994
31.329532392,3.85517665,3.274307235,31.323864302,3.85517665,         467P   1995
3.274307235,0.,1.,-0.01874222,0.478760868,0.877745271;               467P   1996
126,1,1,1,0,1,0,0.,0.,1.,1.,1.,1.,0.311981343,0.724501063,0.,        469P   1997
0.311981343,0.710097256,0.,0.,1.,0.,0.,1.;                           469P   1998
110,31.323864302,3.85517665,3.274307235,31.1761378,3.85517665,       471P   1999
3.274307235;                                                         471P   2000
126,16,2,1,0,1,0,0.,0.,0.,0.125,0.125,0.25,0.25,0.375,0.375,         473P   2001
0.5,0.5,0.625,0.625,0.75,0.75,0.875,0.875,1.,1.,1.,1.,1.,1.,1.,      473P   2002
1.,1.,1.,1.,1.,1.,1.,1.,1.,1.,1.,1.,1.,0.311981343,0.710097256,      473P   2003
0.,0.311981343,0.709278721,0.,0.311826414,0.708478148,0.,            473P   2004
0.311672657,0.707683639,0.,0.311372936,0.706941226,0.,               473P   2005
0.311079625,0.706214693,0.,0.310658633,0.705568247,0.,               473P   2006
0.310247845,0.70493747,0.,0.309731573,0.704407783,0.,                473P   2007
0.309226075,0.70388915,0.,0.308638308,0.70348687,0.,                 473P   2008
0.308065304,0.703094693,0.,0.307434432,0.702827083,0.,               473P   2009
0.30681162,0.702562891,0.,0.306153849,0.702429227,0.,                473P   2010
0.305503152,0.702297,0.,0.304840254,0.702297,0.,0.,1.,0.,0.,1.;      473P   2011
126,19,3,1,0,1,0,0.,0.,0.,0.,0.125,0.125,0.25,0.25,0.375,0.375,      475P   2012
0.500000000000001,0.500000000000001,0.625000000000001,               475P   2013
0.625000000000001,0.750000000000001,0.750000000000001,               475P   2014
0.812500000000005,0.812500000000005,0.875000000000009,               475P   2015
0.875000000000009,1.,1.,1.,1.,1.,1.,1.,1.,1.,1.,1.,1.,1.,1.,1.,      475P   2016
1.,1.,1.,1.,1.,1.,1.,1.,1.,31.1761378,3.85517665,3.274307235,        475P   2017
31.170487715,3.85517665,3.274307235,31.164954638,3.855768435,        475P   2018
3.273996948,31.154109589,3.858069674,3.272788829,31.148758754,       475P   2019
3.859809845,3.271874815,31.138779903,3.86422487,3.269551172,         475P   2020
31.134072635,3.866915937,3.268133017,31.125303275,3.873169762,       475P   2021
3.264828612,31.121349443,3.876650011,3.262985927,31.11422286,        475P   2022
3.884248546,3.25895047,31.111040422,3.888398614,3.256740634,         475P   2023
31.10564197,3.897016576,3.252136245,31.103392156,3.901513042,        475P   2024
3.249726614,31.100665478,3.908526689,3.245954632,31.099866217,       475P   2025
3.910911173,3.244670067,31.098507963,3.915688803,3.242091708,        475P   2026
31.097944717,3.918091951,3.240792544,31.096592352,3.925342931,       475P   2027
3.236865629,31.0961378,3.930231932,3.234208659,31.0961378,           475P   2028
3.93517665,3.231511593,0.,1.,0.,0.464364495,0.885644181;             475P   2029
102,8,445,449,453,457,461,465,469,473;                               477P   2030
102,8,447,451,455,459,463,467,471,475;                               479P   2031
142,1,3,477,479,1;                                                   481P   2032
126,1,1,1,0,1,0,0.,0.,1.,1.,1.,1.,0.304840254,0.76469905,0.,         483P   2033
0.279980001,0.76469905,0.,0.,1.,0.,0.,1.;                            483P   2034
126,3,3,1,0,1,0,0.695159745526178,0.695159745526178,                 485P   2035
0.695159745526178,0.695159745526178,0.720019998552982,               485P   2036
0.720019998552982,0.720019998552982,0.720019998552982,1.,1.,1.,      485P   2037
1.,31.7361378,3.93517665,3.231511593,31.7361378,4.027638073,         485P   2038
3.181079067,31.7361378,4.118788635,3.127966658,31.7361378,           485P   2039
4.208505806,3.072220867,0.695159745526178,0.720019998552982,1.,      485P   2040
0.,0.;                                                               485P   2041
126,16,2,1,0,1,0,0.,0.,0.,0.125,0.125,0.25,0.25,0.375,0.375,         487P   2042
0.5,0.5,0.625,0.625,0.75,0.75,0.875,0.875,1.,1.,1.,1.,1.,1.,1.,      487P   2043
1.,1.,1.,1.,1.,1.,1.,1.,1.,1.,1.,1.,1.,0.279980001,0.76469905,       487P   2044
0.,0.279305435,0.76469905,0.,0.278640881,0.764827987,0.,             487P   2045
0.277974587,0.764957261,0.,0.277340635,0.765211813,0.,               487P   2046
0.276690015,0.765473057,0.,0.27609622,0.765857045,0.,                487P   2047
0.275492964,0.766247151,0.,0.274970285,0.766749717,0.,               487P   2048
0.274424714,0.767274295,0.,0.273988121,0.767900867,0.,               487P   2049
0.273537544,0.768547506,0.,0.273221622,0.769275949,0.,               487P   2050
0.272896007,0.770026743,0.,0.272727537,0.770831688,0.,               487P   2051
0.272555048,0.77165584,0.,0.272555048,0.772499307,0.,0.,1.,0.,       487P   2052
0.,1.;                                                               487P   2053
126,23,3,1,0,1,0,0.,0.,0.,0.,0.125000000000003,                      489P   2054
0.125000000000003,0.250000000000006,0.250000000000006,               489P   2055
0.312500000000007,0.312500000000007,0.375000000000009,               489P   2056
0.375000000000009,0.500000000000007,0.500000000000007,               489P   2057
0.625000000000005,0.625000000000005,0.750000000000004,               489P   2058
0.750000000000004,0.812500000000003,0.812500000000003,               489P   2059
0.875000000000002,0.875000000000002,0.937500000000001,               489P   2060
0.937500000000001,1.,1.,1.,1.,1.,1.,1.,1.,1.,1.,1.,1.,1.,1.,1.,      489P   2061
1.,1.,1.,1.,1.,1.,1.,1.,1.,1.,1.,1.,1.,31.7361378,4.208505806,       489P   2062
3.072220866,31.7361378,4.213409504,3.069173952,31.736584816,         489P   2063
4.218236908,3.066163922,31.738335549,4.227745903,3.060215188,        489P   2064
31.739639125,4.232427511,3.057276464,31.742275531,4.239334998,       489P   2065
3.05292666,31.743273908,4.241628752,3.051479858,31.745489163,        489P   2066
4.246122908,3.048640696,31.74669999,4.24831378,3.047254382,          489P   2067
31.750642855,4.254717806,3.043196195,31.753681939,4.258764144,       489P   2068
3.040623944,31.760657244,4.266372403,3.035775215,31.764646472,       489P   2069
4.269966124,3.033478271,31.773305251,4.276285599,3.029430948,        489P   2070
31.777990077,4.279046426,3.027658318,31.785623175,4.282510297,       489P   2071
3.025431324,31.788247176,4.283538929,3.024769396,31.793566928,       489P   2072
4.285306927,3.023631084,31.796275718,4.286052396,3.023150774,        489P   2073
31.801793448,4.287259952,3.022372486,31.804602366,4.287722105,       489P   2074
3.022074465,31.810326306,4.288346365,3.021671862,31.813234634,       489P   2075
4.288505806,3.021569,31.8161378,4.288505806,3.021569,0.,1.,          489P   2076
0.019987811,0.527662452,0.849218949;                                 489P   2077
126,1,1,1,0,1,0,0.,0.,1.,1.,1.,1.,0.272555048,0.772499307,0.,        491P   2078
0.272555048,0.786903114,0.,0.,1.,0.,0.,1.;                           491P   2079
110,31.8161378,4.288505806,3.021569,31.963864302,4.288505806,        493P   2080
3.021569;                                                            493P   2081
126,16,2,1,0,1,0,0.,0.,0.,0.125,0.125,0.25,0.25,0.375,0.375,         495P   2082
0.5,0.5,0.625,0.625,0.75,0.75,0.875,0.875,1.,1.,1.,1.,1.,1.,1.,      495P   2083
1.,1.,1.,1.,1.,1.,1.,1.,1.,1.,1.,1.,1.,0.272555048,0.786903114,      495P   2084
0.,0.272555048,0.787739891,0.,0.272724843,0.788557806,0.,            495P   2085
0.272892196,0.789363957,0.,0.27321713,0.790116094,0.,                495P   2086
0.273532248,0.790845509,0.,0.273982312,0.791493207,0.,               495P   2087
0.274416214,0.792117645,0.,0.27495832,0.792641173,0.,                495P   2088
0.275484735,0.793149548,0.,0.27609335,0.793543519,0.,                495P   2089
0.276685802,0.793927026,0.,0.27733493,0.794188314,0.,                495P   2090
0.277971458,0.79444453,0.,0.27864066,0.794574391,0.,                 495P   2091
0.279305323,0.79470337,0.,0.279980001,0.79470337,0.,0.,1.,0.,        495P   2092
0.,1.;                                                               495P   2093
126,23,3,1,0,1,0,0.,0.,0.,0.,0.125000000000104,                      497P   2094
0.125000000000104,0.187500000000156,0.187500000000156,               497P   2095
0.250000000000208,0.250000000000208,0.312500000000259,               497P   2096
0.312500000000259,0.375000000000311,0.375000000000311,               497P   2097
0.500000000000293,0.500000000000293,0.562500000000235,               497P   2098
0.562500000000235,0.625000000000177,0.625000000000177,               497P   2099
0.750000000000118,0.750000000000118,0.875000000000059,               497P   2100
0.875000000000059,1.,1.,1.,1.,1.,1.,1.,1.,1.,1.,1.,1.,1.,1.,1.,      497P   2101
1.,1.,1.,1.,1.,1.,1.,1.,1.,1.,1.,1.,1.,31.963864302,                 497P   2102
4.288505806,3.021569,31.969649666,4.288505806,3.021569,              497P   2103
31.975303731,4.287885749,3.02196914,31.983600545,4.286084732,        497P   2104
3.023129938,31.98635126,4.28533225,3.023614774,31.991709413,         497P   2105
4.283556559,3.024758051,31.994303009,4.282540229,3.025412063,        497P   2106
31.999330718,4.280267523,3.026873266,32.001764784,4.279011076,       497P   2107
3.027680503,32.006478877,4.276265954,3.029442336,32.0087687,         497P   2108
4.274769001,3.030402227,32.015284496,4.270026761,3.033439495,        497P   2109
32.019194897,4.266518892,3.035681709,32.024473938,4.260786015,       497P   2110
3.03933548,32.026139217,4.25878879,3.040606728,32.029224363,         497P   2111
4.254707602,3.043200587,32.030651249,4.252617138,3.044527353,        497P   2112
32.034603842,4.246203833,3.04859148,32.036808867,4.241727881,        497P   2113
3.051419722,32.040354837,4.23246022,3.05725595,32.041664031,         497P   2114
4.227758787,3.060207125,32.043418929,4.218228789,3.066169004,        497P   2115
32.043864302,4.213400184,3.069179743,32.043864302,4.208505806,       497P   2116
3.072220866,0.,1.,0.,0.542226103,0.840232619;                        497P   2117
126,1,1,1,0,1,0,0.,0.,1.,1.,1.,1.,0.279980001,0.79470337,0.,         499P   2118
0.304840254,0.79470337,0.,0.,1.,0.,0.,1.;                            499P   2119
126,3,3,1,0,1,0,0.279980001443951,0.279980001443951,                 501P   2120
0.279980001443951,0.279980001443951,0.304840254473822,               501P   2121
0.304840254473822,0.304840254473822,0.304840254473822,1.,1.,1.,      501P   2122
1.,32.043864302,4.208505806,3.072220866,32.043864302,                501P   2123
4.118788635,3.127966658,32.043864302,4.027638073,3.181079067,        501P   2124
32.043864302,3.93517665,3.231511593,0.279980001443951,               501P   2125
0.304840254473822,-1.,0.,0.;                                         501P   2126
126,16,2,1,0,1,0,0.,0.,0.,0.125,0.125,0.25,0.25,0.375,0.375,         503P   2127
0.5,0.5,0.625,0.625,0.75,0.75,0.875,0.875,1.,1.,1.,1.,1.,1.,1.,      503P   2128
1.,1.,1.,1.,1.,1.,1.,1.,1.,1.,1.,1.,1.,0.304840254,0.79470337,       503P   2129
0.,0.305503436,0.79470337,0.,0.306154402,0.794571031,0.,             503P   2130
0.306811103,0.794437526,0.,0.307432966,0.794173909,0.,               503P   2131
0.308064533,0.793906178,0.,0.308638128,0.793513623,0.,               503P   2132
0.309223066,0.793113306,0.,0.309726578,0.792597707,0.,               503P   2133
0.31024331,0.79206857,0.,0.310654649,0.791438234,0.,                 503P   2134
0.311075971,0.790792599,0.,0.31136983,0.790066825,0.,                503P   2135
0.311669276,0.789327253,0.,0.311823793,0.788535704,0.,               503P   2136
0.311981343,0.78772862,0.,0.311981343,0.786903114,0.,0.,1.,0.,       503P   2137
0.,1.;                                                               503P   2138
126,21,3,1,0,1,0,0.,0.,0.,0.,0.124999999999982,                      505P   2139
0.124999999999982,0.249999999999964,0.249999999999964,               505P   2140
0.374999999999946,0.374999999999946,0.499999999999928,               505P   2141
0.499999999999928,0.562499999999919,0.562499999999919,               505P   2142
0.62499999999991,0.62499999999991,0.687499999999901,                 505P   2143
0.687499999999901,0.749999999999892,0.749999999999892,               505P   2144
0.874999999999946,0.874999999999946,1.,1.,1.,1.,1.,1.,1.,1.,1.,      505P   2145
1.,1.,1.,1.,1.,1.,1.,1.,1.,1.,1.,1.,1.,1.,1.,1.,1.,                  505P   2146
32.043864302,3.93517665,3.231511593,32.043864302,3.930222872,        505P   2147
3.234213601,32.043408108,3.925332022,3.236871545,32.041605931,       505P   2148
3.915673502,3.242102296,32.040260341,3.910905769,3.244675128,        505P   2149
32.036607869,3.901504645,3.24973115,32.034348013,3.896997515,        505P   2150
3.252146427,32.028976328,3.888421715,3.256728295,32.025862413,       505P   2151
3.88434466,3.258899369,32.020471492,3.878585659,3.261957964,         505P   2152
32.018569883,3.876745111,3.262934029,32.014605702,3.873271435,       505P   2153
3.26477393,32.012535965,3.871630511,3.265641906,32.00821768,         505P   2154
3.868544673,3.267272441,32.005969165,3.867099722,3.268035019,        505P   2155
32.00128416,3.864416196,3.269449965,31.998836804,3.863172785,        505P   2156
3.270104878,31.991261062,3.859811225,3.271874109,31.986027079,       505P   2157
3.858108368,3.272768507,31.975189449,3.855788679,3.273986329,        505P   2158
31.969532392,3.85517665,3.274307235,31.963864302,3.85517665,         505P   2159
3.274307235,0.,1.,-0.01874222,0.478760868,0.877745271;               505P   2160
126,1,1,1,0,1,0,0.,0.,1.,1.,1.,1.,0.311981343,0.786903114,0.,        507P   2161
0.311981343,0.772499307,0.,0.,1.,0.,0.,1.;                           507P   2162
110,31.963864302,3.85517665,3.274307235,31.8161378,3.85517665,       509P   2163
3.274307235;                                                         509P   2164
126,16,2,1,0,1,0,0.,0.,0.,0.125,0.125,0.25,0.25,0.375,0.375,         511P   2165
0.5,0.5,0.625,0.625,0.75,0.75,0.875,0.875,1.,1.,1.,1.,1.,1.,1.,      511P   2166
1.,1.,1.,1.,1.,1.,1.,1.,1.,1.,1.,1.,1.,0.311981343,0.772499307,      511P   2167
0.,0.311981343,0.771680771,0.,0.311826414,0.770880199,0.,            511P   2168
0.311672657,0.770085689,0.,0.311372936,0.769343277,0.,               511P   2169
0.311079625,0.768616744,0.,0.310658633,0.767970298,0.,               511P   2170
0.310247845,0.767339521,0.,0.309731573,0.766809834,0.,               511P   2171
0.309226075,0.7662912,0.,0.308638308,0.765888921,0.,                 511P   2172
0.308065304,0.765496744,0.,0.307434432,0.765229133,0.,               511P   2173
0.30681162,0.764964942,0.,0.306153849,0.764831277,0.,                511P   2174
0.305503152,0.76469905,0.,0.304840254,0.76469905,0.,0.,1.,0.,        511P   2175
0.,1.;                                                               511P   2176
126,19,3,1,0,1,0,0.,0.,0.,0.,0.125,0.125,0.25,0.25,0.375,0.375,      513P   2177
0.500000000000001,0.500000000000001,0.625000000000001,               513P   2178
0.625000000000001,0.750000000000001,0.750000000000001,               513P   2179
0.812500000000005,0.812500000000005,0.875000000000009,               513P   2180
0.875000000000009,1.,1.,1.,1.,1.,1.,1.,1.,1.,1.,1.,1.,1.,1.,1.,      513P   2181
1.,1.,1.,1.,1.,1.,1.,1.,1.,31.8161378,3.85517665,3.274307235,        513P   2182
31.810487715,3.85517665,3.274307235,31.804954638,3.855768435,        513P   2183
3.273996948,31.794109589,3.858069674,3.272788829,31.788758754,       513P   2184
3.859809845,3.271874815,31.778779903,3.86422487,3.269551172,         513P   2185
31.774072635,3.866915937,3.268133017,31.765303275,3.873169762,       513P   2186
3.264828612,31.761349443,3.876650011,3.262985927,31.75422286,        513P   2187
3.884248546,3.25895047,31.751040422,3.888398614,3.256740634,         513P   2188
31.74564197,3.897016576,3.252136245,31.743392156,3.901513042,        513P   2189
3.249726614,31.740665478,3.908526689,3.245954632,31.739866217,       513P   2190
3.910911173,3.244670067,31.738507963,3.915688803,3.242091708,        513P   2191
31.737944717,3.918091951,3.240792544,31.736592352,3.925342931,       513P   2192
3.236865629,31.7361378,3.930231932,3.234208659,31.7361378,           513P   2193
3.93517665,3.231511593,0.,1.,0.,0.464364495,0.885644181;             513P   2194
102,8,483,487,491,495,499,503,507,511;                               515P   2195
102,8,485,489,493,497,501,505,509,513;                               517P   2196
142,1,3,515,517,1;                                                   519P   2197
126,1,1,1,0,1,0,0.,0.,1.,1.,1.,1.,0.304840254,0.827101101,0.,        521P   2198
0.279980001,0.827101101,0.,0.,1.,0.,0.,1.;                           521P   2199
126,3,3,1,0,1,0,0.695159745526178,0.695159745526178,                 523P   2200
0.695159745526178,0.695159745526178,0.720019998552982,               523P   2201
0.720019998552982,0.720019998552982,0.720019998552982,1.,1.,1.,      523P   2202
1.,32.3761378,3.93517665,3.231511593,32.3761378,4.027638073,         523P   2203
3.181079067,32.3761378,4.118788635,3.127966658,32.3761378,           523P   2204
4.208505806,3.072220867,0.695159745526178,0.720019998552982,1.,      523P   2205
0.,0.;                                                               523P   2206
126,16,2,1,0,1,0,0.,0.,0.,0.125,0.125,0.25,0.25,0.375,0.375,         525P   2207
0.5,0.5,0.625,0.625,0.75,0.75,0.875,0.875,1.,1.,1.,1.,1.,1.,1.,      525P   2208
1.,1.,1.,1.,1.,1.,1.,1.,1.,1.,1.,1.,1.,0.279980001,0.827101101,      525P   2209
0.,0.279305435,0.827101101,0.,0.278640881,0.827230038,0.,            525P   2210
0.277974587,0.827359312,0.,0.277340635,0.827613863,0.,               525P   2211
0.276690015,0.827875108,0.,0.27609622,0.828259096,0.,                525P   2212
0.275492964,0.828649202,0.,0.274970285,0.829151768,0.,               525P   2213
0.274424714,0.829676346,0.,0.273988121,0.830302917,0.,               525P   2214
0.273537544,0.830949557,0.,0.273221622,0.831678,0.,0.272896007,      525P   2215
0.832428793,0.,0.272727537,0.833233739,0.,0.272555048,               525P   2216
0.834057891,0.,0.272555048,0.834901357,0.,0.,1.,0.,0.,1.;            525P   2217
126,23,3,1,0,1,0,0.,0.,0.,0.,0.124999999999956,                      527P   2218
0.124999999999956,0.249999999999911,0.249999999999911,               527P   2219
0.312499999999911,0.312499999999911,0.37499999999991,                527P   2220
0.37499999999991,0.499999999999985,0.499999999999985,                527P   2221
0.62500000000006,0.62500000000006,0.750000000000136,                 527P   2222
0.750000000000136,0.812500000000102,0.812500000000102,               527P   2223
0.875000000000068,0.875000000000068,0.937500000000034,               527P   2224
0.937500000000034,1.,1.,1.,1.,1.,1.,1.,1.,1.,1.,1.,1.,1.,1.,1.,      527P   2225
1.,1.,1.,1.,1.,1.,1.,1.,1.,1.,1.,1.,1.,32.3761378,4.208505806,       527P   2226
3.072220866,32.3761378,4.213409504,3.069173952,32.376584816,         527P   2227
4.218236908,3.066163922,32.378335549,4.227745903,3.060215188,        527P   2228
32.379639125,4.232427511,3.057276464,32.382275531,4.239334998,       527P   2229
3.05292666,32.383273908,4.241628752,3.051479858,32.385489163,        527P   2230
4.246122908,3.048640696,32.38669999,4.24831378,3.047254382,          527P   2231
32.390642855,4.254717806,3.043196195,32.393681939,4.258764144,       527P   2232
3.040623944,32.400657244,4.266372403,3.035775215,32.404646472,       527P   2233
4.269966124,3.033478271,32.413305251,4.276285599,3.029430948,        527P   2234
32.417990077,4.279046426,3.027658318,32.425623175,4.282510297,       527P   2235
3.025431324,32.428247176,4.283538929,3.024769396,32.433566928,       527P   2236
4.285306927,3.023631084,32.436275718,4.286052396,3.023150774,        527P   2237
32.441793448,4.287259952,3.022372486,32.444602366,4.287722105,       527P   2238
3.022074465,32.450326306,4.288346365,3.021671862,32.453234634,       527P   2239
4.288505806,3.021569,32.4561378,4.288505806,3.021569,0.,1.,          527P   2240
0.019987811,0.527662452,0.849218949;                                 527P   2241
126,1,1,1,0,1,0,0.,0.,1.,1.,1.,1.,0.272555048,0.834901357,0.,        529P   2242
0.272555048,0.849305165,0.,0.,1.,0.,0.,1.;                           529P   2243
110,32.4561378,4.288505806,3.021569,32.603864302,4.288505806,        531P   2244
3.021569;                                                            531P   2245
126,16,2,1,0,1,0,0.,0.,0.,0.125,0.125,0.25,0.25,0.375,0.375,         533P   2246
0.5,0.5,0.625,0.625,0.75,0.75,0.875,0.875,1.,1.,1.,1.,1.,1.,1.,      533P   2247
1.,1.,1.,1.,1.,1.,1.,1.,1.,1.,1.,1.,1.,0.272555048,0.849305165,      533P   2248
0.,0.272555048,0.850141941,0.,0.272724843,0.850959856,0.,            533P   2249
0.272892196,0.851766008,0.,0.27321713,0.852518145,0.,                533P   2250
0.273532248,0.85324756,0.,0.273982312,0.853895258,0.,                533P   2251
0.274416214,0.854519695,0.,0.27495832,0.855043224,0.,                533P   2252
0.275484735,0.855551599,0.,0.27609335,0.855945569,0.,                533P   2253
0.276685802,0.856329077,0.,0.27733493,0.856590365,0.,                533P   2254
0.277971458,0.856846581,0.,0.27864066,0.856976442,0.,                533P   2255
0.279305323,0.857105421,0.,0.279980001,0.857105421,0.,0.,1.,0.,      533P   2256
0.,1.;                                                               533P   2257
126,23,3,1,0,1,0,0.,0.,0.,0.,0.124999999999952,                      535P   2258
0.124999999999952,0.187499999999926,0.187499999999926,               535P   2259
0.2499999999999,0.2499999999999,0.312499999999873,                   535P   2260
0.312499999999873,0.374999999999847,0.374999999999847,               535P   2261
0.499999999999923,0.499999999999923,0.562499999999911,               535P   2262
0.562499999999911,0.624999999999899,0.624999999999899,               535P   2263
0.749999999999933,0.749999999999933,0.874999999999966,               535P   2264
0.874999999999966,1.,1.,1.,1.,1.,1.,1.,1.,1.,1.,1.,1.,1.,1.,1.,      535P   2265
1.,1.,1.,1.,1.,1.,1.,1.,1.,1.,1.,1.,1.,32.603864302,                 535P   2266
4.288505806,3.021569,32.609649666,4.288505806,3.021569,              535P   2267
32.615303731,4.287885749,3.02196914,32.623600545,4.286084732,        535P   2268
3.023129938,32.62635126,4.28533225,3.023614774,32.631709413,         535P   2269
4.283556559,3.024758051,32.634303009,4.282540229,3.025412063,        535P   2270
32.639330718,4.280267523,3.026873266,32.641764784,4.279011076,       535P   2271
3.027680503,32.646478877,4.276265954,3.029442336,32.6487687,         535P   2272
4.274769001,3.030402227,32.655284496,4.270026761,3.033439495,        535P   2273
32.659194897,4.266518892,3.035681709,32.664473938,4.260786015,       535P   2274
3.03933548,32.666139217,4.25878879,3.040606728,32.669224363,         535P   2275
4.254707602,3.043200587,32.670651249,4.252617138,3.044527353,        535P   2276
32.674603842,4.246203833,3.04859148,32.676808867,4.241727881,        535P   2277
3.051419722,32.680354837,4.23246022,3.05725595,32.681664031,         535P   2278
4.227758787,3.060207125,32.683418929,4.218228789,3.066169004,        535P   2279
32.683864302,4.213400184,3.069179743,32.683864302,4.208505806,       535P   2280
3.072220866,0.,1.,0.,0.542226103,0.840232619;                        535P   2281
126,1,1,1,0,1,0,0.,0.,1.,1.,1.,1.,0.279980001,0.857105421,0.,        537P   2282
0.304840254,0.857105421,0.,0.,1.,0.,0.,1.;                           537P   2283
126,3,3,1,0,1,0,0.279980001443951,0.279980001443951,                 539P   2284
0.279980001443951,0.279980001443951,0.304840254473822,               539P   2285
0.304840254473822,0.304840254473822,0.304840254473822,1.,1.,1.,      539P   2286
1.,32.683864302,4.208505806,3.072220866,32.683864302,                539P   2287
4.118788635,3.127966658,32.683864302,4.027638073,3.181079067,        539P   2288
32.683864302,3.93517665,3.231511593,0.279980001443951,               539P   2289
0.304840254473822,-1.,0.,0.;                                         539P   2290
126,16,2,1,0,1,0,0.,0.,0.,0.125,0.125,0.25,0.25,0.375,0.375,         541P   2291
0.5,0.5,0.625,0.625,0.75,0.75,0.875,0.875,1.,1.,1.,1.,1.,1.,1.,      541P   2292
1.,1.,1.,1.,1.,1.,1.,1.,1.,1.,1.,1.,1.,0.304840254,0.857105421,      541P   2293
0.,0.305503436,0.857105421,0.,0.306154402,0.856973082,0.,            541P   2294
0.306811103,0.856839576,0.,0.307432966,0.856575959,0.,               541P   2295
0.308064533,0.856308229,0.,0.308638128,0.855915674,0.,               541P   2296
0.309223066,0.855515356,0.,0.309726578,0.854999758,0.,               541P   2297
0.31024331,0.85447062,0.,0.310654649,0.853840284,0.,                 541P   2298
0.311075971,0.85319465,0.,0.31136983,0.852468876,0.,                 541P   2299
0.311669276,0.851729304,0.,0.311823793,0.850937755,0.,               541P   2300
0.311981343,0.850130671,0.,0.311981343,0.849305165,0.,0.,1.,0.,      541P   2301
0.,1.;                                                               541P   2302
126,21,3,1,0,1,0,0.,0.,0.,0.,0.125000000000003,                      543P   2303
0.125000000000003,0.250000000000007,0.250000000000007,               543P   2304
0.37500000000001,0.37500000000001,0.500000000000013,                 543P   2305
0.500000000000013,0.562500000000012,0.562500000000012,               543P   2306
0.62500000000001,0.62500000000001,0.687500000000008,                 543P   2307
0.687500000000008,0.750000000000007,0.750000000000007,               543P   2308
0.875000000000003,0.875000000000003,1.,1.,1.,1.,1.,1.,1.,1.,1.,      543P   2309
1.,1.,1.,1.,1.,1.,1.,1.,1.,1.,1.,1.,1.,1.,1.,1.,1.,                  543P   2310
32.683864302,3.93517665,3.231511593,32.683864302,3.930222872,        543P   2311
3.234213601,32.683408108,3.925332022,3.236871545,32.681605931,       543P   2312
3.915673502,3.242102296,32.680260341,3.910905769,3.244675128,        543P   2313
32.676607869,3.901504645,3.24973115,32.674348013,3.896997515,        543P   2314
3.252146427,32.668976328,3.888421715,3.256728295,32.665862413,       543P   2315
3.88434466,3.258899369,32.660471492,3.878585659,3.261957964,         543P   2316
32.658569883,3.876745111,3.262934029,32.654605702,3.873271435,       543P   2317
3.26477393,32.652535965,3.871630511,3.265641906,32.64821768,         543P   2318
3.868544673,3.267272441,32.645969165,3.867099722,3.268035019,        543P   2319
32.64128416,3.864416196,3.269449965,32.638836804,3.863172785,        543P   2320
3.270104878,32.631261062,3.859811225,3.271874109,32.626027079,       543P   2321
3.858108368,3.272768507,32.615189449,3.855788679,3.273986329,        543P   2322
32.609532392,3.85517665,3.274307235,32.603864302,3.85517665,         543P   2323
3.274307235,0.,1.,-0.01874222,0.478760868,0.877745271;               543P   2324
126,1,1,1,0,1,0,0.,0.,1.,1.,1.,1.,0.311981343,0.849305165,0.,        545P   2325
0.311981343,0.834901357,0.,0.,1.,0.,0.,1.;                           545P   2326
110,32.603864302,3.85517665,3.274307235,32.4561378,3.85517665,       547P   2327
3.274307235;                                                         547P   2328
126,16,2,1,0,1,0,0.,0.,0.,0.125,0.125,0.25,0.25,0.375,0.375,         549P   2329
0.5,0.5,0.625,0.625,0.75,0.75,0.875,0.875,1.,1.,1.,1.,1.,1.,1.,      549P   2330
1.,1.,1.,1.,1.,1.,1.,1.,1.,1.,1.,1.,1.,0.311981343,0.834901357,      549P   2331
0.,0.311981343,0.834082822,0.,0.311826414,0.83328225,0.,             549P   2332
0.311672657,0.83248774,0.,0.311372936,0.831745328,0.,                549P   2333
0.311079625,0.831018795,0.,0.310658633,0.830372349,0.,               549P   2334
0.310247845,0.829741571,0.,0.309731573,0.829211885,0.,               549P   2335
0.309226075,0.828693251,0.,0.308638308,0.828290971,0.,               549P   2336
0.308065304,0.827898795,0.,0.307434432,0.827631184,0.,               549P   2337
0.30681162,0.827366992,0.,0.306153849,0.827233328,0.,                549P   2338
0.305503152,0.827101101,0.,0.304840254,0.827101101,0.,0.,1.,0.,      549P   2339
0.,1.;                                                               549P   2340
126,19,3,1,0,1,0,0.,0.,0.,0.,0.12499999999999,0.12499999999999,      551P   2341
0.249999999999981,0.249999999999981,0.374999999999971,               551P   2342
0.374999999999971,0.499999999999961,0.499999999999961,               551P   2343
0.624999999999952,0.624999999999952,0.749999999999942,               551P   2344
0.749999999999942,0.812499999999959,0.812499999999959,               551P   2345
0.874999999999975,0.874999999999975,1.,1.,1.,1.,1.,1.,1.,1.,1.,      551P   2346
1.,1.,1.,1.,1.,1.,1.,1.,1.,1.,1.,1.,1.,1.,1.,32.4561378,             551P   2347
3.85517665,3.274307235,32.450487715,3.85517665,3.274307235,          551P   2348
32.444954638,3.855768435,3.273996948,32.434109589,3.858069674,       551P   2349
3.272788829,32.428758754,3.859809845,3.271874815,32.418779903,       551P   2350
3.86422487,3.269551172,32.414072635,3.866915937,3.268133017,         551P   2351
32.405303275,3.873169762,3.264828612,32.401349443,3.876650011,       551P   2352
3.262985927,32.39422286,3.884248546,3.25895047,32.391040422,         551P   2353
3.888398614,3.256740634,32.38564197,3.897016576,3.252136245,         551P   2354
32.383392156,3.901513042,3.249726614,32.380665478,3.908526689,       551P   2355
3.245954632,32.379866217,3.910911173,3.244670067,32.378507963,       551P   2356
3.915688803,3.242091708,32.377944717,3.918091951,3.240792544,        551P   2357
32.376592352,3.925342931,3.236865629,32.3761378,3.930231932,         551P   2358
3.234208659,32.3761378,3.93517665,3.231511593,0.,1.,0.,              551P   2359
0.464364495,0.885644181;                                             551P   2360
102,8,521,525,529,533,537,541,545,549;                               553P   2361
102,8,523,527,531,535,539,543,547,551;                               555P   2362
142,1,3,553,555,1;                                                   557P   2363
126,1,1,1,0,1,0,0.,0.,1.,1.,1.,1.,0.304840254,0.889503152,0.,        559P   2364
0.279980001,0.889503152,0.,0.,1.,0.,0.,1.;                           559P   2365
126,3,3,1,0,1,0,0.695159745526178,0.695159745526178,                 561P   2366
0.695159745526178,0.695159745526178,0.720019998552982,               561P   2367
0.720019998552982,0.720019998552982,0.720019998552982,1.,1.,1.,      561P   2368
1.,33.0161378,3.93517665,3.231511593,33.0161378,4.027638073,         561P   2369
3.181079067,33.0161378,4.118788635,3.127966658,33.0161378,           561P   2370
4.208505806,3.072220867,0.695159745526178,0.720019998552982,1.,      561P   2371
0.,0.;                                                               561P   2372
126,16,2,1,0,1,0,0.,0.,0.,0.125,0.125,0.25,0.25,0.375,0.375,         563P   2373
0.5,0.5,0.625,0.625,0.75,0.75,0.875,0.875,1.,1.,1.,1.,1.,1.,1.,      563P   2374
1.,1.,1.,1.,1.,1.,1.,1.,1.,1.,1.,1.,1.,0.279980001,0.889503152,      563P   2375
0.,0.279305435,0.889503152,0.,0.278640881,0.889632088,0.,            563P   2376
0.277974587,0.889761362,0.,0.277340635,0.890015914,0.,               563P   2377
0.276690015,0.890277159,0.,0.27609622,0.890661146,0.,                563P   2378
0.275492964,0.891051253,0.,0.274970285,0.891553819,0.,               563P   2379
0.274424714,0.892078396,0.,0.273988121,0.892704968,0.,               563P   2380
0.273537544,0.893351607,0.,0.273221622,0.89408005,0.,                563P   2381
0.272896007,0.894830844,0.,0.272727537,0.89563579,0.,                563P   2382
0.272555048,0.896459942,0.,0.272555048,0.897303408,0.,0.,1.,0.,      563P   2383
0.,1.;                                                               563P   2384
126,23,3,1,0,1,0,0.,0.,0.,0.,0.124999999999956,                      565P   2385
0.124999999999956,0.249999999999911,0.249999999999911,               565P   2386
0.312499999999911,0.312499999999911,0.37499999999991,                565P   2387
0.37499999999991,0.499999999999985,0.499999999999985,                565P   2388
0.62500000000006,0.62500000000006,0.750000000000136,                 565P   2389
0.750000000000136,0.812500000000102,0.812500000000102,               565P   2390
0.875000000000068,0.875000000000068,0.937500000000034,               565P   2391
0.937500000000034,1.,1.,1.,1.,1.,1.,1.,1.,1.,1.,1.,1.,1.,1.,1.,      565P   2392
1.,1.,1.,1.,1.,1.,1.,1.,1.,1.,1.,1.,1.,33.0161378,4.208505806,       565P   2393
3.072220866,33.0161378,4.213409504,3.069173952,33.016584816,         565P   2394
4.218236908,3.066163922,33.018335549,4.227745903,3.060215188,        565P   2395
33.019639125,4.232427511,3.057276464,33.022275531,4.239334998,       565P   2396
3.05292666,33.023273908,4.241628752,3.051479858,33.025489163,        565P   2397
4.246122908,3.048640696,33.02669999,4.24831378,3.047254382,          565P   2398
33.030642855,4.254717806,3.043196195,33.033681939,4.258764144,       565P   2399
3.040623944,33.040657244,4.266372403,3.035775215,33.044646472,       565P   2400
4.269966124,3.033478271,33.053305251,4.276285599,3.029430948,        565P   2401
33.057990077,4.279046426,3.027658318,33.065623175,4.282510297,       565P   2402
3.025431324,33.068247176,4.283538929,3.024769396,33.073566928,       565P   2403
4.285306927,3.023631084,33.076275718,4.286052396,3.023150774,        565P   2404
33.081793448,4.287259952,3.022372486,33.084602366,4.287722105,       565P   2405
3.022074465,33.090326306,4.288346365,3.021671862,33.093234634,       565P   2406
4.288505806,3.021569,33.0961378,4.288505806,3.021569,0.,1.,          565P   2407
0.019987811,0.527662452,0.849218949;                                 565P   2408
126,1,1,1,0,1,0,0.,0.,1.,1.,1.,1.,0.272555048,0.897303408,0.,        567P   2409
0.272555048,0.911707215,0.,0.,1.,0.,0.,1.;                           567P   2410
110,33.0961378,4.288505806,3.021569,33.243864302,4.288505806,        569P   2411
3.021569;                                                            569P   2412
126,16,2,1,0,1,0,0.,0.,0.,0.125,0.125,0.25,0.25,0.375,0.375,         571P   2413
0.5,0.5,0.625,0.625,0.75,0.75,0.875,0.875,1.,1.,1.,1.,1.,1.,1.,      571P   2414
1.,1.,1.,1.,1.,1.,1.,1.,1.,1.,1.,1.,1.,0.272555048,0.911707215,      571P   2415
0.,0.272555048,0.912543992,0.,0.272724843,0.913361907,0.,            571P   2416
0.272892196,0.914168059,0.,0.27321713,0.914920196,0.,                571P   2417
0.273532248,0.91564961,0.,0.273982312,0.916297308,0.,                571P   2418
0.274416214,0.916921746,0.,0.27495832,0.917445275,0.,                571P   2419
0.275484735,0.91795365,0.,0.27609335,0.91834762,0.,0.276685802,      571P   2420
0.918731128,0.,0.27733493,0.918992416,0.,0.277971458,                571P   2421
0.919248632,0.,0.27864066,0.919378492,0.,0.279305323,                571P   2422
0.919507472,0.,0.279980001,0.919507472,0.,0.,1.,0.,0.,1.;            571P   2423
126,23,3,1,0,1,0,0.,0.,0.,0.,0.124999999999952,                      573P   2424
0.124999999999952,0.187499999999926,0.187499999999926,               573P   2425
0.2499999999999,0.2499999999999,0.312499999999873,                   573P   2426
0.312499999999873,0.374999999999847,0.374999999999847,               573P   2427
0.499999999999923,0.499999999999923,0.562499999999911,               573P   2428
0.562499999999911,0.624999999999899,0.624999999999899,               573P   2429
0.749999999999933,0.749999999999933,0.874999999999966,               573P   2430
0.874999999999966,1.,1.,1.,1.,1.,1.,1.,1.,1.,1.,1.,1.,1.,1.,1.,      573P   2431
1.,1.,1.,1.,1.,1.,1.,1.,1.,1.,1.,1.,1.,33.243864302,                 573P   2432
4.288505806,3.021569,33.249649666,4.288505806,3.021569,              573P   2433
33.255303731,4.287885749,3.02196914,33.263600545,4.286084732,        573P   2434
3.023129938,33.26635126,4.28533225,3.023614774,33.271709413,         573P   2435
4.283556559,3.024758051,33.274303009,4.282540229,3.025412063,        573P   2436
33.279330718,4.280267523,3.026873266,33.281764784,4.279011076,       573P   2437
3.027680503,33.286478877,4.276265954,3.029442336,33.2887687,         573P   2438
4.274769001,3.030402227,33.295284496,4.270026761,3.033439495,        573P   2439
33.299194897,4.266518892,3.035681709,33.304473938,4.260786015,       573P   2440
3.03933548,33.306139217,4.25878879,3.040606728,33.309224363,         573P   2441
4.254707602,3.043200587,33.310651249,4.252617138,3.044527353,        573P   2442
33.314603842,4.246203833,3.04859148,33.316808867,4.241727881,        573P   2443
3.051419722,33.320354837,4.23246022,3.05725595,33.321664031,         573P   2444
4.227758787,3.060207125,33.323418929,4.218228789,3.066169004,        573P   2445
33.323864302,4.213400184,3.069179743,33.323864302,4.208505806,       573P   2446
3.072220866,0.,1.,0.,0.542226103,0.840232619;                        573P   2447
126,1,1,1,0,1,0,0.,0.,1.,1.,1.,1.,0.279980001,0.919507472,0.,        575P   2448
0.304840254,0.919507472,0.,0.,1.,0.,0.,1.;                           575P   2449
126,3,3,1,0,1,0,0.279980001443951,0.279980001443951,                 577P   2450
0.279980001443951,0.279980001443951,0.304840254473822,               577P   2451
0.304840254473822,0.304840254473822,0.304840254473822,1.,1.,1.,      577P   2452
1.,33.323864302,4.208505806,3.072220866,33.323864302,                577P   2453
4.118788635,3.127966658,33.323864302,4.027638073,3.181079067,        577P   2454
33.323864302,3.93517665,3.231511593,0.279980001443951,               577P   2455
0.304840254473822,-1.,0.,0.;                                         577P   2456
126,16,2,1,0,1,0,0.,0.,0.,0.125,0.125,0.25,0.25,0.375,0.375,         579P   2457
0.5,0.5,0.625,0.625,0.75,0.75,0.875,0.875,1.,1.,1.,1.,1.,1.,1.,      579P   2458
1.,1.,1.,1.,1.,1.,1.,1.,1.,1.,1.,1.,1.,0.304840254,0.919507472,      579P   2459
0.,0.305503436,0.919507472,0.,0.306154402,0.919375132,0.,            579P   2460
0.306811103,0.919241627,0.,0.307432966,0.91897801,0.,                579P   2461
0.308064533,0.91871028,0.,0.308638128,0.918317725,0.,                579P   2462
0.309223066,0.917917407,0.,0.309726578,0.917401808,0.,               579P   2463
0.31024331,0.916872671,0.,0.310654649,0.916242335,0.,                579P   2464
0.311075971,0.9155967,0.,0.31136983,0.914870927,0.,0.311669276,      579P   2465
0.914131355,0.,0.311823793,0.913339805,0.,0.311981343,               579P   2466
0.912532721,0.,0.311981343,0.911707215,0.,0.,1.,0.,0.,1.;            579P   2467
126,21,3,1,0,1,0,0.,0.,0.,0.,0.125000000000005,                      581P   2468
0.125000000000005,0.250000000000009,0.250000000000009,               581P   2469
0.375000000000014,0.375000000000014,0.500000000000018,               581P   2470
0.500000000000018,0.562500000000016,0.562500000000016,               581P   2471
0.625000000000013,0.625000000000013,0.68750000000001,                581P   2472
0.68750000000001,0.750000000000007,0.750000000000007,                581P   2473
0.875000000000004,0.875000000000004,1.,1.,1.,1.,1.,1.,1.,1.,1.,      581P   2474
1.,1.,1.,1.,1.,1.,1.,1.,1.,1.,1.,1.,1.,1.,1.,1.,1.,                  581P   2475
33.323864302,3.93517665,3.231511593,33.323864302,3.930222872,        581P   2476
3.234213601,33.323408108,3.925332022,3.236871545,33.321605931,       581P   2477
3.915673502,3.242102296,33.320260341,3.910905769,3.244675128,        581P   2478
33.316607869,3.901504645,3.24973115,33.314348013,3.896997515,        581P   2479
3.252146427,33.308976328,3.888421715,3.256728295,33.305862413,       581P   2480
3.88434466,3.258899369,33.300471492,3.878585659,3.261957964,         581P   2481
33.298569883,3.876745111,3.262934029,33.294605702,3.873271435,       581P   2482
3.26477393,33.292535965,3.871630511,3.265641906,33.28821768,         581P   2483
3.868544673,3.267272441,33.285969165,3.867099722,3.268035019,        581P   2484
33.28128416,3.864416196,3.269449965,33.278836804,3.863172785,        581P   2485
3.270104878,33.271261062,3.859811225,3.271874109,33.266027079,       581P   2486
3.858108368,3.272768507,33.255189449,3.855788679,3.273986329,        581P   2487
33.249532392,3.85517665,3.274307235,33.243864302,3.85517665,         581P   2488
3.274307235,0.,1.,-0.01874222,0.478760868,0.877745271;               581P   2489
126,1,1,1,0,1,0,0.,0.,1.,1.,1.,1.,0.311981343,0.911707215,0.,        583P   2490
0.311981343,0.897303408,0.,0.,1.,0.,0.,1.;                           583P   2491
110,33.243864302,3.85517665,3.274307235,33.0961378,3.85517665,       585P   2492
3.274307235;                                                         585P   2493
126,16,2,1,0,1,0,0.,0.,0.,0.125,0.125,0.25,0.25,0.375,0.375,         587P   2494
0.5,0.5,0.625,0.625,0.75,0.75,0.875,0.875,1.,1.,1.,1.,1.,1.,1.,      587P   2495
1.,1.,1.,1.,1.,1.,1.,1.,1.,1.,1.,1.,1.,0.311981343,0.897303408,      587P   2496
0.,0.311981343,0.896484873,0.,0.311826414,0.8956843,0.,              587P   2497
0.311672657,0.894889791,0.,0.311372936,0.894147378,0.,               587P   2498
0.311079625,0.893420845,0.,0.310658633,0.892774399,0.,               587P   2499
0.310247845,0.892143622,0.,0.309731573,0.891613935,0.,               587P   2500
0.309226075,0.891095302,0.,0.308638308,0.890693022,0.,               587P   2501
0.308065304,0.890300845,0.,0.307434432,0.890033235,0.,               587P   2502
0.30681162,0.889769043,0.,0.306153849,0.889635379,0.,                587P   2503
0.305503152,0.889503152,0.,0.304840254,0.889503152,0.,0.,1.,0.,      587P   2504
0.,1.;                                                               587P   2505
126,19,3,1,0,1,0,0.,0.,0.,0.,0.125000000000003,                      589P   2506
0.125000000000003,0.250000000000005,0.250000000000005,               589P   2507
0.375000000000008,0.375000000000008,0.50000000000001,                589P   2508
0.50000000000001,0.625000000000013,0.625000000000013,                589P   2509
0.750000000000015,0.750000000000015,0.812500000000012,               589P   2510
0.812500000000012,0.87500000000001,0.87500000000001,1.,1.,1.,        589P   2511
1.,1.,1.,1.,1.,1.,1.,1.,1.,1.,1.,1.,1.,1.,1.,1.,1.,1.,1.,1.,1.,      589P   2512
33.0961378,3.85517665,3.274307235,33.090487715,3.85517665,           589P   2513
3.274307235,33.084954638,3.855768435,3.273996948,33.074109589,       589P   2514
3.858069674,3.272788829,33.068758754,3.859809845,3.271874815,        589P   2515
33.058779903,3.86422487,3.269551172,33.054072635,3.866915937,        589P   2516
3.268133017,33.045303275,3.873169762,3.264828612,33.041349443,       589P   2517
3.876650011,3.262985927,33.03422286,3.884248546,3.25895047,          589P   2518
33.031040422,3.888398614,3.256740634,33.02564197,3.897016576,        589P   2519
3.252136245,33.023392156,3.901513042,3.249726614,33.020665478,       589P   2520
3.908526689,3.245954632,33.019866217,3.910911173,3.244670067,        589P   2521
33.018507963,3.915688803,3.242091708,33.017944717,3.918091951,       589P   2522
3.240792544,33.016592352,3.925342931,3.236865629,33.0161378,         589P   2523
3.930231932,3.234208659,33.0161378,3.93517665,3.231511593,0.,        589P   2524
1.,0.,0.464364495,0.885644181;                                       589P   2525
102,8,559,563,567,571,575,579,583,587;                               591P   2526
102,8,561,565,569,573,577,581,585,589;                               593P   2527
142,1,3,591,593,1;                                                   595P   2528
126,1,1,1,0,1,0,0.,0.,1.,1.,1.,1.,0.304840254,0.951905202,0.,        597P   2529
0.279980001,0.951905202,0.,0.,1.,0.,0.,1.;                           597P   2530
126,3,3,1,0,1,0,0.695159745526178,0.695159745526178,                 599P   2531
0.695159745526178,0.695159745526178,0.720019998552982,               599P   2532
0.720019998552982,0.720019998552982,0.720019998552982,1.,1.,1.,      599P   2533
1.,33.6561378,3.93517665,3.231511593,33.6561378,4.027638073,         599P   2534
3.181079067,33.6561378,4.118788635,3.127966658,33.6561378,           599P   2535
4.208505806,3.072220867,0.695159745526178,0.720019998552982,1.,      599P   2536
0.,0.;                                                               599P   2537
126,16,2,1,0,1,0,0.,0.,0.,0.125,0.125,0.25,0.25,0.375,0.375,         601P   2538
0.5,0.5,0.625,0.625,0.75,0.75,0.875,0.875,1.,1.,1.,1.,1.,1.,1.,      601P   2539
1.,1.,1.,1.,1.,1.,1.,1.,1.,1.,1.,1.,1.,0.279980001,0.951905202,      601P   2540
0.,0.279305435,0.951905202,0.,0.278640881,0.952034139,0.,            601P   2541
0.277974587,0.952163413,0.,0.277340635,0.952417965,0.,               601P   2542
0.276690015,0.952679209,0.,0.27609622,0.953063197,0.,                601P   2543
0.275492964,0.953453303,0.,0.274970285,0.953955869,0.,               601P   2544
0.274424714,0.954480447,0.,0.273988121,0.955107019,0.,               601P   2545
0.273537544,0.955753658,0.,0.273221622,0.956482101,0.,               601P   2546
0.272896007,0.957232895,0.,0.272727537,0.95803784,0.,                601P   2547
0.272555048,0.958861992,0.,0.272555048,0.959705459,0.,0.,1.,0.,      601P   2548
0.,1.;                                                               601P   2549
126,23,3,1,0,1,0,0.,0.,0.,0.,0.124999999999956,                      603P   2550
0.124999999999956,0.249999999999911,0.249999999999911,               603P   2551
0.312499999999911,0.312499999999911,0.37499999999991,                603P   2552
0.37499999999991,0.499999999999985,0.499999999999985,                603P   2553
0.62500000000006,0.62500000000006,0.750000000000136,                 603P   2554
0.750000000000136,0.812500000000102,0.812500000000102,               603P   2555
0.875000000000068,0.875000000000068,0.937500000000034,               603P   2556
0.937500000000034,1.,1.,1.,1.,1.,1.,1.,1.,1.,1.,1.,1.,1.,1.,1.,      603P   2557
1.,1.,1.,1.,1.,1.,1.,1.,1.,1.,1.,1.,1.,33.6561378,4.208505806,       603P   2558
3.072220866,33.6561378,4.213409504,3.069173952,33.656584816,         603P   2559
4.218236908,3.066163922,33.658335549,4.227745903,3.060215188,        603P   2560
33.659639125,4.232427511,3.057276464,33.662275531,4.239334998,       603P   2561
3.05292666,33.663273908,4.241628752,3.051479858,33.665489163,        603P   2562
4.246122908,3.048640696,33.66669999,4.24831378,3.047254382,          603P   2563
33.670642855,4.254717806,3.043196195,33.673681939,4.258764144,       603P   2564
3.040623944,33.680657244,4.266372403,3.035775215,33.684646472,       603P   2565
4.269966124,3.033478271,33.693305251,4.276285599,3.029430948,        603P   2566
33.697990077,4.279046426,3.027658318,33.705623175,4.282510297,       603P   2567
3.025431324,33.708247176,4.283538929,3.024769396,33.713566928,       603P   2568
4.285306927,3.023631084,33.716275718,4.286052396,3.023150774,        603P   2569
33.721793448,4.287259952,3.022372486,33.724602366,4.287722105,       603P   2570
3.022074465,33.730326306,4.288346365,3.021671862,33.733234634,       603P   2571
4.288505806,3.021569,33.7361378,4.288505806,3.021569,0.,1.,          603P   2572
0.019987811,0.527662452,0.849218949;                                 603P   2573
126,1,1,1,0,1,0,0.,0.,1.,1.,1.,1.,0.272555048,0.959705459,0.,        605P   2574
0.272555048,0.974109266,0.,0.,1.,0.,0.,1.;                           605P   2575
110,33.7361378,4.288505806,3.021569,33.883864302,4.288505806,        607P   2576
3.021569;                                                            607P   2577
126,16,2,1,0,1,0,0.,0.,0.,0.125,0.125,0.25,0.25,0.375,0.375,         609P   2578
0.5,0.5,0.625,0.625,0.75,0.75,0.875,0.875,1.,1.,1.,1.,1.,1.,1.,      609P   2579
1.,1.,1.,1.,1.,1.,1.,1.,1.,1.,1.,1.,1.,0.272555048,0.974109266,      609P   2580
0.,0.272555048,0.974946043,0.,0.272724843,0.975763958,0.,            609P   2581
0.272892196,0.976570109,0.,0.27321713,0.977322246,0.,                609P   2582
0.273532248,0.978051661,0.,0.273982312,0.978699359,0.,               609P   2583
0.274416214,0.979323797,0.,0.27495832,0.979847325,0.,                609P   2584
0.275484735,0.9803557,0.,0.27609335,0.980749671,0.,0.276685802,      609P   2585
0.981133178,0.,0.27733493,0.981394467,0.,0.277971458,                609P   2586
0.981650682,0.,0.27864066,0.981780543,0.,0.279305323,                609P   2587
0.981909522,0.,0.279980001,0.981909522,0.,0.,1.,0.,0.,1.;            609P   2588
126,23,3,1,0,1,0,0.,0.,0.,0.,0.125000000000009,                      611P   2589
0.125000000000009,0.187500000000013,0.187500000000013,               611P   2590
0.250000000000018,0.250000000000018,0.312500000000022,               611P   2591
0.312500000000022,0.375000000000026,0.375000000000026,               611P   2592
0.500000000000152,0.500000000000152,0.562500000000166,               611P   2593
0.562500000000166,0.625000000000179,0.625000000000179,               611P   2594
0.750000000000119,0.750000000000119,0.87500000000006,                611P   2595
0.87500000000006,1.,1.,1.,1.,1.,1.,1.,1.,1.,1.,1.,1.,1.,1.,1.,       611P   2596
1.,1.,1.,1.,1.,1.,1.,1.,1.,1.,1.,1.,1.,33.883864302,                 611P   2597
4.288505806,3.021569,33.889649666,4.288505806,3.021569,              611P   2598
33.895303731,4.287885749,3.02196914,33.903600545,4.286084732,        611P   2599
3.023129938,33.90635126,4.28533225,3.023614774,33.911709413,         611P   2600
4.283556559,3.024758051,33.914303009,4.282540229,3.025412063,        611P   2601
33.919330718,4.280267523,3.026873266,33.921764784,4.279011076,       611P   2602
3.027680503,33.926478877,4.276265954,3.029442336,33.9287687,         611P   2603
4.274769001,3.030402227,33.935284496,4.270026761,3.033439495,        611P   2604
33.939194897,4.266518892,3.035681709,33.944473938,4.260786015,       611P   2605
3.03933548,33.946139217,4.25878879,3.040606728,33.949224363,         611P   2606
4.254707602,3.043200587,33.950651249,4.252617138,3.044527353,        611P   2607
33.954603842,4.246203833,3.04859148,33.956808867,4.241727881,        611P   2608
3.051419722,33.960354837,4.23246022,3.05725595,33.961664031,         611P   2609
4.227758787,3.060207125,33.963418929,4.218228789,3.066169004,        611P   2610
33.963864302,4.213400184,3.069179743,33.963864302,4.208505806,       611P   2611
3.072220866,0.,1.,0.,0.542226103,0.840232619;                        611P   2612
126,1,1,1,0,1,0,0.,0.,1.,1.,1.,1.,0.279980001,0.981909522,0.,        613P   2613
0.304840254,0.981909522,0.,0.,1.,0.,0.,1.;                           613P   2614
126,3,3,1,0,1,0,0.279980001443951,0.279980001443951,                 615P   2615
0.279980001443951,0.279980001443951,0.304840254473822,               615P   2616
0.304840254473822,0.304840254473822,0.304840254473822,1.,1.,1.,      615P   2617
1.,33.963864302,4.208505806,3.072220866,33.963864302,                615P   2618
4.118788635,3.127966658,33.963864302,4.027638073,3.181079067,        615P   2619
33.963864302,3.93517665,3.231511593,0.279980001443951,               615P   2620
0.304840254473822,-1.,0.,0.;                                         615P   2621
126,16,2,1,0,1,0,0.,0.,0.,0.125,0.125,0.25,0.25,0.375,0.375,         617P   2622
0.5,0.5,0.625,0.625,0.75,0.75,0.875,0.875,1.,1.,1.,1.,1.,1.,1.,      617P   2623
1.,1.,1.,1.,1.,1.,1.,1.,1.,1.,1.,1.,1.,0.304840254,0.981909522,      617P   2624
0.,0.305503436,0.981909522,0.,0.306154402,0.981777183,0.,            617P   2625
0.306811103,0.981643678,0.,0.307432966,0.981380061,0.,               617P   2626
0.308064533,0.981112331,0.,0.308638128,0.980719775,0.,               617P   2627
0.309223066,0.980319458,0.,0.309726578,0.979803859,0.,               617P   2628
0.31024331,0.979274722,0.,0.310654649,0.978644386,0.,                617P   2629
0.311075971,0.977998751,0.,0.31136983,0.977272977,0.,                617P   2630
0.311669276,0.976533405,0.,0.311823793,0.975741856,0.,               617P   2631
0.311981343,0.974934772,0.,0.311981343,0.974109266,0.,0.,1.,0.,      617P   2632
0.,1.;                                                               617P   2633
126,21,3,1,0,1,0,0.,0.,0.,0.,0.124999999999954,                      619P   2634
0.124999999999954,0.249999999999908,0.249999999999908,               619P   2635
0.374999999999862,0.374999999999862,0.499999999999816,               619P   2636
0.499999999999816,0.562499999999838,0.562499999999838,               619P   2637
0.62499999999986,0.62499999999986,0.687499999999882,                 619P   2638
0.687499999999882,0.749999999999904,0.749999999999904,               619P   2639
0.874999999999952,0.874999999999952,1.,1.,1.,1.,1.,1.,1.,1.,1.,      619P   2640
1.,1.,1.,1.,1.,1.,1.,1.,1.,1.,1.,1.,1.,1.,1.,1.,1.,                  619P   2641
33.963864302,3.93517665,3.231511593,33.963864302,3.930222872,        619P   2642
3.234213601,33.963408108,3.925332022,3.236871545,33.961605931,       619P   2643
3.915673502,3.242102296,33.960260341,3.910905769,3.244675128,        619P   2644
33.956607869,3.901504645,3.24973115,33.954348013,3.896997515,        619P   2645
3.252146427,33.948976328,3.888421715,3.256728295,33.945862413,       619P   2646
3.88434466,3.258899369,33.940471492,3.878585659,3.261957964,         619P   2647
33.938569883,3.876745111,3.262934029,33.934605702,3.873271435,       619P   2648
3.26477393,33.932535965,3.871630511,3.265641906,33.92821768,         619P   2649
3.868544673,3.267272441,33.925969165,3.867099722,3.268035019,        619P   2650
33.92128416,3.864416196,3.269449965,33.918836804,3.863172785,        619P   2651
3.270104878,33.911261062,3.859811225,3.271874109,33.906027079,       619P   2652
3.858108368,3.272768507,33.895189449,3.855788679,3.273986329,        619P   2653
33.889532392,3.85517665,3.274307235,33.883864302,3.85517665,         619P   2654
3.274307235,0.,1.,-0.01874222,0.478760868,0.877745271;               619P   2655
126,1,1,1,0,1,0,0.,0.,1.,1.,1.,1.,0.311981343,0.974109266,0.,        621P   2656
0.311981343,0.959705459,0.,0.,1.,0.,0.,1.;                           621P   2657
110,33.883864302,3.85517665,3.274307235,33.7361378,3.85517665,       623P   2658
3.274307235;                                                         623P   2659
126,16,2,1,0,1,0,0.,0.,0.,0.125,0.125,0.25,0.25,0.375,0.375,         625P   2660
0.5,0.5,0.625,0.625,0.75,0.75,0.875,0.875,1.,1.,1.,1.,1.,1.,1.,      625P   2661
1.,1.,1.,1.,1.,1.,1.,1.,1.,1.,1.,1.,1.,0.311981343,0.959705459,      625P   2662
0.,0.311981343,0.958886923,0.,0.311826414,0.958086351,0.,            625P   2663
0.311672657,0.957291841,0.,0.311372936,0.956549429,0.,               625P   2664
0.311079625,0.955822896,0.,0.310658633,0.95517645,0.,                625P   2665
0.310247845,0.954545673,0.,0.309731573,0.954015986,0.,               625P   2666
0.309226075,0.953497352,0.,0.308638308,0.953095073,0.,               625P   2667
0.308065304,0.952702896,0.,0.307434432,0.952435285,0.,               625P   2668
0.30681162,0.952171094,0.,0.306153849,0.952037429,0.,                625P   2669
0.305503152,0.951905202,0.,0.304840254,0.951905202,0.,0.,1.,0.,      625P   2670
0.,1.;                                                               625P   2671
126,19,3,1,0,1,0,0.,0.,0.,0.,0.125000000000003,                      627P   2672
0.125000000000003,0.250000000000005,0.250000000000005,               627P   2673
0.375000000000008,0.375000000000008,0.50000000000001,                627P   2674
0.50000000000001,0.625000000000013,0.625000000000013,                627P   2675
0.750000000000015,0.750000000000015,0.812500000000012,               627P   2676
0.812500000000012,0.87500000000001,0.87500000000001,1.,1.,1.,        627P   2677
1.,1.,1.,1.,1.,1.,1.,1.,1.,1.,1.,1.,1.,1.,1.,1.,1.,1.,1.,1.,1.,      627P   2678
33.7361378,3.85517665,3.274307235,33.730487715,3.85517665,           627P   2679
3.274307235,33.724954638,3.855768435,3.273996948,33.714109589,       627P   2680
3.858069674,3.272788829,33.708758754,3.859809845,3.271874815,        627P   2681
33.698779903,3.86422487,3.269551172,33.694072635,3.866915937,        627P   2682
3.268133017,33.685303275,3.873169762,3.264828612,33.681349443,       627P   2683
3.876650011,3.262985927,33.67422286,3.884248546,3.25895047,          627P   2684
33.671040422,3.888398614,3.256740634,33.66564197,3.897016576,        627P   2685
3.252136245,33.663392156,3.901513042,3.249726614,33.660665478,       627P   2686
3.908526689,3.245954632,33.659866217,3.910911173,3.244670067,        627P   2687
33.658507963,3.915688803,3.242091708,33.657944717,3.918091951,       627P   2688
3.240792544,33.656592352,3.925342931,3.236865629,33.6561378,         627P   2689
3.930231932,3.234208659,33.6561378,3.93517665,3.231511593,0.,        627P   2690
1.,0.,0.464364495,0.885644181;                                       627P   2691
102,8,597,601,605,609,613,617,621,625;                               629P   2692
102,8,599,603,607,611,615,619,623,627;                               631P   2693
142,1,3,629,631,1;                                                   633P   2694
126,1,1,1,0,1,0,0.,0.,1.,1.,1.,1.,0.531163851,0.015874442,0.,        635P   2695
0.509790951,0.015874442,0.,0.,1.,0.,0.,1.;                           635P   2696
126,3,3,1,0,1,0,0.468836148924358,0.468836148924358,                 637P   2697
0.468836148924358,0.468836148924358,0.490209049294722,               637P   2698
0.490209049294722,0.490209049294722,0.490209049294722,1.,1.,1.,      637P   2699
1.,24.0561378,1.176435807,3.907490217,24.0561378,1.267715887,        637P   2700
3.909395153,24.0561378,1.358851559,3.909006442,24.0561378,           637P   2701
1.449764963,3.906353632,0.468836148924358,0.490209049294722,1.,      637P   2702
0.,0.;                                                               637P   2703
126,16,2,1,0,1,0,0.,0.,0.,0.125,0.125,0.25,0.25,0.375,0.375,         639P   2704
0.5,0.5,0.625,0.625,0.75,0.75,0.875,0.875,1.,1.,1.,1.,1.,1.,1.,      639P   2705
1.,1.,1.,1.,1.,1.,1.,1.,1.,1.,1.,1.,1.,0.509790951,0.015874442,      639P   2706
0.,0.509174465,0.015874442,0.,0.508569619,0.016023857,0.,            639P   2707
0.507963092,0.016173688,0.,0.507391626,0.016467986,0.,               639P   2708
0.506823103,0.016760768,0.,0.506311066,0.017185331,0.,               639P   2709
0.505795962,0.017612435,0.,0.505357879,0.018156418,0.,               639P   2710
0.504921976,0.018697692,0.,0.50457906,0.019333928,0.,                639P   2711
0.504234803,0.019972654,0.,0.503997491,0.020682523,0.,               639P   2712
0.503760213,0.021392293,0.,0.503638978,0.02214589,0.,                639P   2713
0.503517207,0.022902821,0.,0.503517207,0.023674698,0.,0.,1.,0.,      639P   2714
0.,1.;                                                               639P   2715
126,23,3,1,0,1,0,0.,0.,0.,0.,0.125000000000018,                      641P   2716
0.125000000000018,0.187500000000019,0.187500000000019,               641P   2717
0.25000000000002,0.25000000000002,0.375000000000016,                 641P   2718
0.375000000000016,0.500000000000013,0.500000000000013,               641P   2719
0.62500000000001,0.62500000000001,0.687500000000008,                 641P   2720
0.687500000000008,0.750000000000006,0.750000000000006,               641P   2721
0.812500000000005,0.812500000000005,0.875000000000003,               641P   2722
0.875000000000003,1.,1.,1.,1.,1.,1.,1.,1.,1.,1.,1.,1.,1.,1.,1.,      641P   2723
1.,1.,1.,1.,1.,1.,1.,1.,1.,1.,1.,1.,1.,24.0561378,1.449764963,       641P   2724
3.906353632,24.0561378,1.455046569,3.906199517,24.056655702,         641P   2725
1.460239771,3.906040324,24.058177468,1.467902441,3.90579486,         641P   2726
24.058809799,1.470435319,3.90571193,24.060330275,1.475457424,        641P   2727
3.905544063,24.061222784,1.477953696,3.905458864,24.064230117,       641P   2728
1.485215523,3.905206252,24.066683864,1.489807931,3.905040077,        641P   2729
24.072480876,1.498499803,3.904715774,24.075855562,1.502616231,       641P   2730
3.904556872,24.083228258,1.50999606,3.904265088,24.087251139,        641P   2731
1.513308063,3.904130429,24.093802244,1.517695873,3.90394896,         641P   2732
24.096073047,1.519059025,3.903891992,24.100688352,1.521529774,       641P   2733
3.903787969,24.103044979,1.522646006,3.903740558,24.107854686,       641P   2734
1.524643843,3.903655218,24.110307766,1.525525447,3.903617288,        641P   2735
24.115311677,1.527050887,3.903551388,24.117873606,1.527696769,       641P   2736
3.903523328,24.125627476,1.529246544,3.90345583,24.130853864,        641P   2737
1.529764963,3.90343303,24.1361378,1.529764963,3.90343303,0.,1.,      641P   2738
0.014778115,0.029163932,0.999465393;                                 641P   2739
126,1,1,1,0,1,0,0.,0.,1.,1.,1.,1.,0.503517207,0.023674698,0.,        643P   2740
0.503517207,0.038078506,0.,0.,1.,0.,0.,1.;                           643P   2741
110,24.1361378,1.529764963,3.90343303,24.283864302,1.529764963,      645P   2742
3.90343303;                                                          645P   2743
126,16,2,1,0,1,0,0.,0.,0.,0.125,0.125,0.25,0.25,0.375,0.375,         647P   2744
0.5,0.5,0.625,0.625,0.75,0.75,0.875,0.875,1.,1.,1.,1.,1.,1.,1.,      647P   2745
1.,1.,1.,1.,1.,1.,1.,1.,1.,1.,1.,1.,1.,0.503517207,0.038078506,      647P   2746
0.,0.503517207,0.038845894,0.,0.503637579,0.039598592,0.,            647P   2747
0.503758277,0.040353326,0.,0.50399535,0.041064268,0.,                647P   2748
0.50423114,0.041771362,0.,0.504573042,0.042408089,0.,                647P   2749
0.504916855,0.043048376,0.,0.505354717,0.043592857,0.,               647P   2750
0.50579025,0.044134444,0.,0.506302134,0.044560454,0.,                647P   2751
0.50681575,0.044987905,0.,0.507386465,0.045282557,0.,                647P   2752
0.507957043,0.045577138,0.,0.508562716,0.045727637,0.,               647P   2753
0.509170913,0.045878762,0.,0.509790951,0.045878762,0.,0.,1.,0.,      647P   2754
0.,1.;                                                               647P   2755
126,23,3,1,0,1,0,0.,0.,0.,0.,0.124999999999931,                      649P   2756
0.124999999999931,0.187499999999939,0.187499999999939,               649P   2757
0.249999999999946,0.249999999999946,0.374999999999959,               649P   2758
0.374999999999959,0.499999999999971,0.499999999999971,               649P   2759
0.624999999999984,0.624999999999984,0.68749999999999,                649P   2760
0.68749999999999,0.749999999999996,0.749999999999996,                649P   2761
0.812500000000003,0.812500000000003,0.875000000000009,               649P   2762
0.875000000000009,1.,1.,1.,1.,1.,1.,1.,1.,1.,1.,1.,1.,1.,1.,1.,      649P   2763
1.,1.,1.,1.,1.,1.,1.,1.,1.,1.,1.,1.,1.,24.283864302,                 649P   2764
1.529764963,3.90343303,24.289148179,1.529764963,3.90343303,          649P   2765
24.294343674,1.529246618,3.903455823,24.302009785,1.527723472,       649P   2766
3.903522167,24.304543809,1.527090561,3.903549668,24.309568196,       649P   2767
1.525568657,3.903615427,24.312065296,1.524675393,3.903653865,        649P   2768
24.319328909,1.52166584,3.903782437,24.323922242,1.519210385,        649P   2769
3.903886283,24.332615415,1.513409555,3.904126272,24.336731102,       649P   2770
1.510033557,3.904263578,24.344108683,1.502659352,3.904555194,        649P   2771
24.347419572,1.49863579,3.904710608,24.351805676,1.49208372,         649P   2772
3.904955209,24.353167515,1.489813806,3.905038619,24.355636137,       649P   2773
1.485200097,3.905205142,24.356751456,1.482844243,3.90528871,         649P   2774
24.358747707,1.478036002,3.90545603,24.359628638,1.475583614,        649P   2775
3.905539781,24.361152923,1.47058098,3.905707122,24.361798348,        649P   2776
1.468019359,3.905791072,24.363346349,1.460270121,3.906039434,        649P   2777
24.363864302,1.455046498,3.906199519,24.363864302,1.449764963,       649P   2778
3.906353632,0.,1.,0.,0.043930516,0.999034589;                        649P   2779
126,1,1,1,0,1,0,0.,0.,1.,1.,1.,1.,0.509790951,0.045878762,0.,        651P   2780
0.531163851,0.045878762,0.,0.,1.,0.,0.,1.;                           651P   2781
126,3,3,1,0,1,0,0.509790950705278,0.509790950705278,                 653P   2782
0.509790950705278,0.509790950705278,0.531163851075642,               653P   2783
0.531163851075642,0.531163851075642,0.531163851075642,1.,1.,1.,      653P   2784
1.,24.363864302,1.449764963,3.906353632,24.363864302,                653P   2785
1.358851559,3.909006442,24.363864302,1.267715887,3.909395153,        653P   2786
24.363864302,1.176435807,3.907490217,0.509790950705278,              653P   2787
0.531163851075642,-1.,0.,0.;                                         653P   2788
126,16,2,1,0,1,0,0.,0.,0.,0.125,0.125,0.25,0.25,0.375,0.375,         655P   2789
0.5,0.5,0.625,0.625,0.75,0.75,0.875,0.875,1.,1.,1.,1.,1.,1.,1.,      655P   2790
1.,1.,1.,1.,1.,1.,1.,1.,1.,1.,1.,1.,1.,0.531163851,0.045878762,      655P   2791
0.,0.531777911,0.045878762,0.,0.5323801,0.045729321,0.,              655P   2792
0.532983954,0.045579467,0.,0.533552664,0.045285113,0.,               655P   2793
0.534118396,0.044992299,0.,0.53462775,0.044567656,0.,                655P   2794
0.535140074,0.044140538,0.,0.53557569,0.043596468,0.,                655P   2795
0.536009055,0.04305521,0.,0.536349923,0.042418894,0.,                655P   2796
0.53669204,0.041780247,0.,0.53692786,0.04107036,0.,0.53716361,       655P   2797
0.040360681,0.,0.537284058,0.039607098,0.,0.537405023,               655P   2798
0.03885029,0.,0.537405023,0.038078506,0.,0.,1.,0.,0.,1.;             655P   2799
126,23,3,1,0,1,0,0.,0.,0.,0.,0.124999999999988,                      657P   2800
0.124999999999988,0.187499999999974,0.187499999999974,               657P   2801
0.24999999999996,0.24999999999996,0.374999999999932,                 657P   2802
0.374999999999932,0.499999999999903,0.499999999999903,               657P   2803
0.624999999999875,0.624999999999875,0.687499999999896,               657P   2804
0.687499999999896,0.749999999999917,0.749999999999917,               657P   2805
0.812499999999938,0.812499999999938,0.874999999999959,               657P   2806
0.874999999999959,1.,1.,1.,1.,1.,1.,1.,1.,1.,1.,1.,1.,1.,1.,1.,      657P   2807
1.,1.,1.,1.,1.,1.,1.,1.,1.,1.,1.,1.,1.,24.363864302,                 657P   2808
1.176435807,3.907490217,24.363864302,1.171153787,3.907379986,        657P   2809
24.363346319,1.165960139,3.907263935,24.361824278,1.158296768,       657P   2810
3.907082115,24.361191831,1.155763651,3.90702022,24.359671062,        657P   2811
1.150741061,3.906894058,24.358778394,1.1482446,3.906829588,          657P   2812
24.35577058,1.14098234,3.906637276,24.353316451,1.136389687,         657P   2813
3.906509229,24.347518556,1.127697437,3.906257082,24.344143518,       657P   2814
1.123581089,3.906132355,24.336770344,1.116201632,3.90590184,         657P   2815
24.332747239,1.11288984,3.905794676,24.326195839,1.108502392,        657P   2816
3.905649632,24.323925182,1.107139515,3.905603985,24.319310161,       657P   2817
1.104669232,3.90552048,24.31695368,1.103553208,3.905482338,          657P   2818
24.31214427,1.101555746,3.905413588,24.309691341,1.100674309,        657P   2819
3.905382979,24.304687737,1.099149164,3.905329746,24.302125902,       657P   2820
1.098503406,3.905307049,24.294373165,1.096954086,3.905252425,        657P   2821
24.289147517,1.096435807,3.905233931,24.283864302,1.096435807,       657P   2822
3.905233931,0.,1.,-0.014792183,-0.020862306,0.999672924;             657P   2823
126,1,1,1,0,1,0,0.,0.,1.,1.,1.,1.,0.537405023,0.038078506,0.,        659P   2824
0.537405023,0.023674698,0.,0.,1.,0.,0.,1.;                           659P   2825
110,24.283864302,1.096435807,3.905233931,24.1361378,                 661P   2826
1.096435807,3.905233931;                                             661P   2827
126,16,2,1,0,1,0,0.,0.,0.,0.125,0.125,0.25,0.25,0.375,0.375,         663P   2828
0.5,0.5,0.625,0.625,0.75,0.75,0.875,0.875,1.,1.,1.,1.,1.,1.,1.,      663P   2829
1.,1.,1.,1.,1.,1.,1.,1.,1.,1.,1.,1.,1.,0.537405023,0.023674698,      663P   2830
0.,0.537405023,0.02290739,0.,0.537285444,0.022154799,0.,             663P   2831
0.537165529,0.021400095,0.,0.536929988,0.02068926,0.,                663P   2832
0.536695678,0.01998214,0.,0.536355898,0.019345485,0.,                663P   2833
0.536014141,0.018705126,0.,0.535578836,0.018160668,0.,               663P   2834
0.535145763,0.017619003,0.,0.534636651,0.017192982,0.,               663P   2835
0.534125722,0.016765442,0.,0.533557799,0.016470753,0.,               663P   2836
0.532989985,0.016176121,0.,0.532386994,0.016025599,0.,               663P   2837
0.53178146,0.015874442,0.,0.531163851,0.015874442,0.,0.,1.,0.,       663P   2838
0.,1.;                                                               663P   2839
126,23,3,1,0,1,0,0.,0.,0.,0.,0.125000000000058,                      665P   2840
0.125000000000058,0.187500000000087,0.187500000000087,               665P   2841
0.250000000000116,0.250000000000116,0.375000000000096,               665P   2842
0.375000000000096,0.500000000000075,0.500000000000075,               665P   2843
0.625000000000055,0.625000000000055,0.687500000000045,               665P   2844
0.687500000000045,0.750000000000035,0.750000000000035,               665P   2845
0.812500000000025,0.812500000000025,0.875000000000015,               665P   2846
0.875000000000015,1.,1.,1.,1.,1.,1.,1.,1.,1.,1.,1.,1.,1.,1.,1.,      665P   2847
1.,1.,1.,1.,1.,1.,1.,1.,1.,1.,1.,1.,1.,24.1361378,1.096435807,       665P   2848
3.905233931,24.130854618,1.096435807,3.905233931,24.125659759,       665P   2849
1.096954016,3.905252419,24.117994525,1.098476794,3.905306113,        665P   2850
24.115460779,1.099109554,3.905328358,24.110436922,1.100631101,       665P   2851
3.905381477,24.107940003,1.101524179,3.905412497,24.100676756,       665P   2852
1.104533199,3.905516078,24.096083575,1.106988263,3.905599536,        665P   2853
24.087390554,1.112788275,3.905791358,24.083274612,1.116164032,       665P   2854
3.905900638,24.075896392,1.123538016,3.906131037,24.072585202,       665P   2855
1.127561495,3.906253046,24.068198668,1.134113447,3.906443244,        665P   2856
24.066836529,1.136383585,3.906507813,24.064367428,1.140997687,       665P   2857
3.906636035,24.063251907,1.143353729,3.906700043,24.06125531,        665P   2858
1.14816232,3.906827438,24.060374236,1.15061487,3.906890824,          665P   2859
24.058849711,1.155617793,3.907016617,24.058204192,1.158179488,       665P   2860
3.90707929,24.056655838,1.165929667,3.907263295,24.0561378,          665P   2861
1.171153829,3.907379987,24.0561378,1.176435807,3.907490217,0.,       665P   2862
1.,0.,-0.035653928,0.999364197;                                      665P   2863
102,8,635,639,643,647,651,655,659,663;                               667P   2864
102,8,637,641,645,649,653,657,661,665;                               669P   2865
142,1,3,667,669,1;                                                   671P   2866
126,1,1,1,0,1,0,0.,0.,1.,1.,1.,1.,0.531163851,0.078276493,0.,        673P   2867
0.509790951,0.078276493,0.,0.,1.,0.,0.,1.;                           673P   2868
126,3,3,1,0,1,0,0.468836148924358,0.468836148924358,                 675P   2869
0.468836148924358,0.468836148924358,0.490209049294722,               675P   2870
0.490209049294722,0.490209049294722,0.490209049294722,1.,1.,1.,      675P   2871
1.,24.6961378,1.176435807,3.907490217,24.6961378,1.267715887,        675P   2872
3.909395153,24.6961378,1.358851559,3.909006442,24.6961378,           675P   2873
1.449764963,3.906353632,0.468836148924358,0.490209049294722,1.,      675P   2874
0.,0.;                                                               675P   2875
126,16,2,1,0,1,0,0.,0.,0.,0.125,0.125,0.25,0.25,0.375,0.375,         677P   2876
0.5,0.5,0.625,0.625,0.75,0.75,0.875,0.875,1.,1.,1.,1.,1.,1.,1.,      677P   2877
1.,1.,1.,1.,1.,1.,1.,1.,1.,1.,1.,1.,1.,0.509790951,0.078276493,      677P   2878
0.,0.509174465,0.078276493,0.,0.508569619,0.078425908,0.,            677P   2879
0.507963092,0.078575739,0.,0.507391626,0.078870037,0.,               677P   2880
0.506823103,0.079162819,0.,0.506311066,0.079587382,0.,               677P   2881
0.505795962,0.080014486,0.,0.505357879,0.080558469,0.,               677P   2882
0.504921976,0.081099743,0.,0.50457906,0.081735979,0.,                677P   2883
0.504234803,0.082374705,0.,0.503997491,0.083084574,0.,               677P   2884
0.503760213,0.083794344,0.,0.503638978,0.084547941,0.,               677P   2885
0.503517207,0.085304871,0.,0.503517207,0.086076749,0.,0.,1.,0.,      677P   2886
0.,1.;                                                               677P   2887
126,23,3,1,0,1,0,0.,0.,0.,0.,0.124999999999976,                      679P   2888
0.124999999999976,0.187499999999975,0.187499999999975,               679P   2889
0.249999999999974,0.249999999999974,0.374999999999976,               679P   2890
0.374999999999976,0.499999999999979,0.499999999999979,               679P   2891
0.624999999999981,0.624999999999981,0.687499999999984,               679P   2892
0.687499999999984,0.749999999999987,0.749999999999987,               679P   2893
0.81249999999999,0.81249999999999,0.874999999999993,                 679P   2894
0.874999999999993,1.,1.,1.,1.,1.,1.,1.,1.,1.,1.,1.,1.,1.,1.,1.,      679P   2895
1.,1.,1.,1.,1.,1.,1.,1.,1.,1.,1.,1.,1.,24.6961378,1.449764963,       679P   2896
3.906353632,24.6961378,1.455046569,3.906199517,24.696655702,         679P   2897
1.460239771,3.906040324,24.698177468,1.467902441,3.90579486,         679P   2898
24.698809799,1.470435319,3.90571193,24.700330275,1.475457424,        679P   2899
3.905544063,24.701222784,1.477953696,3.905458864,24.704230117,       679P   2900
1.485215523,3.905206252,24.706683864,1.489807931,3.905040077,        679P   2901
24.712480876,1.498499803,3.904715774,24.715855562,1.502616231,       679P   2902
3.904556872,24.723228258,1.50999606,3.904265088,24.727251139,        679P   2903
1.513308063,3.904130429,24.733802244,1.517695873,3.90394896,         679P   2904
24.736073047,1.519059025,3.903891992,24.740688352,1.521529774,       679P   2905
3.903787969,24.743044979,1.522646006,3.903740558,24.747854686,       679P   2906
1.524643843,3.903655218,24.750307766,1.525525447,3.903617288,        679P   2907
24.755311677,1.527050887,3.903551388,24.757873606,1.527696769,       679P   2908
3.903523328,24.765627476,1.529246544,3.90345583,24.770853864,        679P   2909
1.529764963,3.90343303,24.7761378,1.529764963,3.90343303,0.,1.,      679P   2910
0.014778115,0.029163932,0.999465393;                                 679P   2911
126,1,1,1,0,1,0,0.,0.,1.,1.,1.,1.,0.503517207,0.086076749,0.,        681P   2912
0.503517207,0.100480556,0.,0.,1.,0.,0.,1.;                           681P   2913
110,24.7761378,1.529764963,3.90343303,24.923864302,1.529764963,      683P   2914
3.90343303;                                                          683P   2915
126,16,2,1,0,1,0,0.,0.,0.,0.125,0.125,0.25,0.25,0.375,0.375,         685P   2916
0.5,0.5,0.625,0.625,0.75,0.75,0.875,0.875,1.,1.,1.,1.,1.,1.,1.,      685P   2917
1.,1.,1.,1.,1.,1.,1.,1.,1.,1.,1.,1.,1.,0.503517207,0.100480556,      685P   2918
0.,0.503517207,0.101247944,0.,0.503637579,0.102000642,0.,            685P   2919
0.503758277,0.102755377,0.,0.50399535,0.103466319,0.,                685P   2920
0.50423114,0.104173412,0.,0.504573042,0.10481014,0.,                 685P   2921
0.504916855,0.105450427,0.,0.505354717,0.105994908,0.,               685P   2922
0.50579025,0.106536495,0.,0.506302134,0.106962505,0.,                685P   2923
0.50681575,0.107389956,0.,0.507386465,0.107684608,0.,                685P   2924
0.507957043,0.107979189,0.,0.508562716,0.108129687,0.,               685P   2925
0.509170913,0.108280813,0.,0.509790951,0.108280813,0.,0.,1.,0.,      685P   2926
0.,1.;                                                               685P   2927
126,23,3,1,0,1,0,0.,0.,0.,0.,0.124999999999988,                      687P   2928
0.124999999999988,0.187500000000024,0.187500000000024,               687P   2929
0.25000000000006,0.25000000000006,0.375000000000054,                 687P   2930
0.375000000000054,0.500000000000047,0.500000000000047,               687P   2931
0.625000000000041,0.625000000000041,0.687500000000038,               687P   2932
0.687500000000038,0.750000000000034,0.750000000000034,               687P   2933
0.812500000000031,0.812500000000031,0.875000000000028,               687P   2934
0.875000000000028,1.,1.,1.,1.,1.,1.,1.,1.,1.,1.,1.,1.,1.,1.,1.,      687P   2935
1.,1.,1.,1.,1.,1.,1.,1.,1.,1.,1.,1.,1.,24.923864302,                 687P   2936
1.529764963,3.90343303,24.929148179,1.529764963,3.90343303,          687P   2937
24.934343674,1.529246618,3.903455823,24.942009785,1.527723472,       687P   2938
3.903522167,24.944543809,1.527090561,3.903549668,24.949568196,       687P   2939
1.525568657,3.903615427,24.952065296,1.524675393,3.903653865,        687P   2940
24.959328909,1.52166584,3.903782437,24.963922242,1.519210385,        687P   2941
3.903886283,24.972615415,1.513409555,3.904126272,24.976731102,       687P   2942
1.510033557,3.904263578,24.984108683,1.502659352,3.904555194,        687P   2943
24.987419572,1.49863579,3.904710608,24.991805676,1.49208372,         687P   2944
3.904955209,24.993167515,1.489813806,3.905038619,24.995636137,       687P   2945
1.485200097,3.905205142,24.996751456,1.482844243,3.90528871,         687P   2946
24.998747707,1.478036002,3.90545603,24.999628638,1.475583614,        687P   2947
3.905539781,25.001152923,1.47058098,3.905707122,25.001798348,        687P   2948
1.468019359,3.905791072,25.003346349,1.460270121,3.906039434,        687P   2949
25.003864302,1.455046498,3.906199519,25.003864302,1.449764963,       687P   2950
3.906353632,0.,1.,0.,0.043930516,0.999034589;                        687P   2951
126,1,1,1,0,1,0,0.,0.,1.,1.,1.,1.,0.509790951,0.108280813,0.,        689P   2952
0.531163851,0.108280813,0.,0.,1.,0.,0.,1.;                           689P   2953
126,3,3,1,0,1,0,0.509790950705278,0.509790950705278,                 691P   2954
0.509790950705278,0.509790950705278,0.531163851075642,               691P   2955
0.531163851075642,0.531163851075642,0.531163851075642,1.,1.,1.,      691P   2956
1.,25.003864302,1.449764963,3.906353632,25.003864302,                691P   2957
1.358851559,3.909006442,25.003864302,1.267715887,3.909395153,        691P   2958
25.003864302,1.176435807,3.907490217,0.509790950705278,              691P   2959
0.531163851075642,-1.,0.,0.;                                         691P   2960
126,16,2,1,0,1,0,0.,0.,0.,0.125,0.125,0.25,0.25,0.375,0.375,         693P   2961
0.5,0.5,0.625,0.625,0.75,0.75,0.875,0.875,1.,1.,1.,1.,1.,1.,1.,      693P   2962
1.,1.,1.,1.,1.,1.,1.,1.,1.,1.,1.,1.,1.,0.531163851,0.108280813,      693P   2963
0.,0.531777911,0.108280813,0.,0.5323801,0.108131372,0.,              693P   2964
0.532983954,0.107981518,0.,0.533552664,0.107687163,0.,               693P   2965
0.534118396,0.107394349,0.,0.53462775,0.106969707,0.,                693P   2966
0.535140074,0.106542589,0.,0.53557569,0.105998519,0.,                693P   2967
0.536009055,0.105457261,0.,0.536349923,0.104820944,0.,               693P   2968
0.53669204,0.104182297,0.,0.53692786,0.10347241,0.,0.53716361,       693P   2969
0.102762732,0.,0.537284058,0.102009149,0.,0.537405023,               693P   2970
0.101252341,0.,0.537405023,0.100480556,0.,0.,1.,0.,0.,1.;            693P   2971
126,23,3,1,0,1,0,0.,0.,0.,0.,0.125000000000008,                      695P   2972
0.125000000000008,0.18750000000002,0.18750000000002,                 695P   2973
0.250000000000033,0.250000000000033,0.375000000000063,               695P   2974
0.375000000000063,0.500000000000092,0.500000000000092,               695P   2975
0.625000000000122,0.625000000000122,0.687500000000102,               695P   2976
0.687500000000102,0.750000000000082,0.750000000000082,               695P   2977
0.812500000000062,0.812500000000062,0.875000000000041,               695P   2978
0.875000000000041,1.,1.,1.,1.,1.,1.,1.,1.,1.,1.,1.,1.,1.,1.,1.,      695P   2979
1.,1.,1.,1.,1.,1.,1.,1.,1.,1.,1.,1.,1.,25.003864302,                 695P   2980
1.176435807,3.907490217,25.003864302,1.171153787,3.907379986,        695P   2981
25.003346319,1.165960139,3.907263935,25.001824278,1.158296768,       695P   2982
3.907082115,25.001191831,1.155763651,3.90702022,24.999671062,        695P   2983
1.150741061,3.906894058,24.998778394,1.1482446,3.906829588,          695P   2984
24.99577058,1.14098234,3.906637276,24.993316451,1.136389687,         695P   2985
3.906509229,24.987518556,1.127697437,3.906257082,24.984143518,       695P   2986
1.123581089,3.906132355,24.976770344,1.116201632,3.90590184,         695P   2987
24.972747239,1.11288984,3.905794676,24.966195839,1.108502392,        695P   2988
3.905649632,24.963925182,1.107139515,3.905603985,24.959310161,       695P   2989
1.104669232,3.90552048,24.95695368,1.103553208,3.905482338,          695P   2990
24.95214427,1.101555746,3.905413588,24.949691341,1.100674309,        695P   2991
3.905382979,24.944687737,1.099149164,3.905329746,24.942125902,       695P   2992
1.098503406,3.905307049,24.934373165,1.096954086,3.905252425,        695P   2993
24.929147517,1.096435807,3.905233931,24.923864302,1.096435807,       695P   2994
3.905233931,0.,1.,-0.014792183,-0.020862306,0.999672924;             695P   2995
126,1,1,1,0,1,0,0.,0.,1.,1.,1.,1.,0.537405023,0.100480556,0.,        697P   2996
0.537405023,0.086076749,0.,0.,1.,0.,0.,1.;                           697P   2997
110,24.923864302,1.096435807,3.905233931,24.7761378,                 699P   2998
1.096435807,3.905233931;                                             699P   2999
126,16,2,1,0,1,0,0.,0.,0.,0.125,0.125,0.25,0.25,0.375,0.375,         701P   3000
0.5,0.5,0.625,0.625,0.75,0.75,0.875,0.875,1.,1.,1.,1.,1.,1.,1.,      701P   3001
1.,1.,1.,1.,1.,1.,1.,1.,1.,1.,1.,1.,1.,0.537405023,0.086076749,      701P   3002
0.,0.537405023,0.08530944,0.,0.537285444,0.08455685,0.,              701P   3003
0.537165529,0.083802146,0.,0.536929988,0.08309131,0.,                701P   3004
0.536695678,0.082384191,0.,0.536355898,0.081747535,0.,               701P   3005
0.536014141,0.081107176,0.,0.535578836,0.080562719,0.,               701P   3006
0.535145763,0.080021053,0.,0.534636651,0.079595033,0.,               701P   3007
0.534125722,0.079167493,0.,0.533557799,0.078872804,0.,               701P   3008
0.532989985,0.078578171,0.,0.532386994,0.07842765,0.,                701P   3009
0.53178146,0.078276493,0.,0.531163851,0.078276493,0.,0.,1.,0.,       701P   3010
0.,1.;                                                               701P   3011
126,23,3,1,0,1,0,0.,0.,0.,0.,0.125000000000061,                      703P   3012
0.125000000000061,0.187500000000092,0.187500000000092,               703P   3013
0.250000000000122,0.250000000000122,0.375000000000105,               703P   3014
0.375000000000105,0.500000000000088,0.500000000000088,               703P   3015
0.62500000000007,0.62500000000007,0.68750000000006,                  703P   3016
0.68750000000006,0.750000000000049,0.750000000000049,                703P   3017
0.812500000000038,0.812500000000038,0.875000000000027,               703P   3018
0.875000000000027,1.,1.,1.,1.,1.,1.,1.,1.,1.,1.,1.,1.,1.,1.,1.,      703P   3019
1.,1.,1.,1.,1.,1.,1.,1.,1.,1.,1.,1.,1.,24.7761378,1.096435807,       703P   3020
3.905233931,24.770854618,1.096435807,3.905233931,24.765659759,       703P   3021
1.096954016,3.905252419,24.757994525,1.098476794,3.905306113,        703P   3022
24.755460779,1.099109554,3.905328358,24.750436922,1.100631101,       703P   3023
3.905381477,24.747940003,1.101524179,3.905412497,24.740676756,       703P   3024
1.104533199,3.905516078,24.736083575,1.106988263,3.905599536,        703P   3025
24.727390554,1.112788275,3.905791358,24.723274612,1.116164032,       703P   3026
3.905900638,24.715896392,1.123538016,3.906131037,24.712585202,       703P   3027
1.127561495,3.906253046,24.708198668,1.134113447,3.906443244,        703P   3028
24.706836529,1.136383585,3.906507813,24.704367428,1.140997687,       703P   3029
3.906636035,24.703251907,1.143353729,3.906700043,24.70125531,        703P   3030
1.14816232,3.906827438,24.700374236,1.15061487,3.906890824,          703P   3031
24.698849711,1.155617793,3.907016617,24.698204192,1.158179488,       703P   3032
3.90707929,24.696655838,1.165929667,3.907263295,24.6961378,          703P   3033
1.171153829,3.907379987,24.6961378,1.176435807,3.907490217,0.,       703P   3034
1.,0.,-0.035653928,0.999364197;                                      703P   3035
102,8,673,677,681,685,689,693,697,701;                               705P   3036
102,8,675,679,683,687,691,695,699,703;                               707P   3037
142,1,3,705,707,1;                                                   709P   3038
126,1,1,1,0,1,0,0.,0.,1.,1.,1.,1.,0.531163851,0.140678543,0.,        711P   3039
0.509790951,0.140678543,0.,0.,1.,0.,0.,1.;                           711P   3040
126,3,3,1,0,1,0,0.468836148924358,0.468836148924358,                 713P   3041
0.468836148924358,0.468836148924358,0.490209049294722,               713P   3042
0.490209049294722,0.490209049294722,0.490209049294722,1.,1.,1.,      713P   3043
1.,25.3361378,1.176435807,3.907490217,25.3361378,1.267715887,        713P   3044
3.909395153,25.3361378,1.358851559,3.909006442,25.3361378,           713P   3045
1.449764963,3.906353632,0.468836148924358,0.490209049294722,1.,      713P   3046
0.,0.;                                                               713P   3047
126,16,2,1,0,1,0,0.,0.,0.,0.125,0.125,0.25,0.25,0.375,0.375,         715P   3048
0.5,0.5,0.625,0.625,0.75,0.75,0.875,0.875,1.,1.,1.,1.,1.,1.,1.,      715P   3049
1.,1.,1.,1.,1.,1.,1.,1.,1.,1.,1.,1.,1.,0.509790951,0.140678543,      715P   3050
0.,0.509174465,0.140678543,0.,0.508569619,0.140827959,0.,            715P   3051
0.507963092,0.140977789,0.,0.507391626,0.141272087,0.,               715P   3052
0.506823103,0.14156487,0.,0.506311066,0.141989432,0.,                715P   3053
0.505795962,0.142416537,0.,0.505357879,0.142960519,0.,               715P   3054
0.504921976,0.143501794,0.,0.50457906,0.14413803,0.,                 715P   3055
0.504234803,0.144776756,0.,0.503997491,0.145486625,0.,               715P   3056
0.503760213,0.146196394,0.,0.503638978,0.146949991,0.,               715P   3057
0.503517207,0.147706922,0.,0.503517207,0.1484788,0.,0.,1.,0.,        715P   3058
0.,1.;                                                               715P   3059
126,23,3,1,0,1,0,0.,0.,0.,0.,0.125000000000047,                      717P   3060
0.125000000000047,0.18750000000006,0.18750000000006,                 717P   3061
0.250000000000072,0.250000000000072,0.37500000000006,                717P   3062
0.37500000000006,0.500000000000048,0.500000000000048,                717P   3063
0.625000000000036,0.625000000000036,0.68750000000003,                717P   3064
0.68750000000003,0.750000000000024,0.750000000000024,                717P   3065
0.812500000000018,0.812500000000018,0.875000000000012,               717P   3066
0.875000000000012,1.,1.,1.,1.,1.,1.,1.,1.,1.,1.,1.,1.,1.,1.,1.,      717P   3067
1.,1.,1.,1.,1.,1.,1.,1.,1.,1.,1.,1.,1.,25.3361378,1.449764963,       717P   3068
3.906353632,25.3361378,1.455046569,3.906199517,25.336655702,         717P   3069
1.460239771,3.906040324,25.338177468,1.467902441,3.90579486,         717P   3070
25.338809799,1.470435319,3.90571193,25.340330275,1.475457424,        717P   3071
3.905544063,25.341222784,1.477953696,3.905458864,25.344230117,       717P   3072
1.485215523,3.905206252,25.346683864,1.489807931,3.905040077,        717P   3073
25.352480876,1.498499803,3.904715774,25.355855562,1.502616231,       717P   3074
3.904556872,25.363228258,1.50999606,3.904265088,25.367251139,        717P   3075
1.513308063,3.904130429,25.373802244,1.517695873,3.90394896,         717P   3076
25.376073047,1.519059025,3.903891992,25.380688352,1.521529774,       717P   3077
3.903787969,25.383044979,1.522646006,3.903740558,25.387854686,       717P   3078
1.524643843,3.903655218,25.390307766,1.525525447,3.903617288,        717P   3079
25.395311677,1.527050887,3.903551388,25.397873606,1.527696769,       717P   3080
3.903523328,25.405627476,1.529246544,3.90345583,25.410853864,        717P   3081
1.529764963,3.90343303,25.4161378,1.529764963,3.90343303,0.,1.,      717P   3082
0.014778115,0.029163932,0.999465393;                                 717P   3083
126,1,1,1,0,1,0,0.,0.,1.,1.,1.,1.,0.503517207,0.1484788,0.,          719P   3084
0.503517207,0.162882607,0.,0.,1.,0.,0.,1.;                           719P   3085
110,25.4161378,1.529764963,3.90343303,25.563864302,1.529764963,      721P   3086
3.90343303;                                                          721P   3087
126,16,2,1,0,1,0,0.,0.,0.,0.125,0.125,0.25,0.25,0.375,0.375,         723P   3088
0.5,0.5,0.625,0.625,0.75,0.75,0.875,0.875,1.,1.,1.,1.,1.,1.,1.,      723P   3089
1.,1.,1.,1.,1.,1.,1.,1.,1.,1.,1.,1.,1.,0.503517207,0.162882607,      723P   3090
0.,0.503517207,0.163649995,0.,0.503637579,0.164402693,0.,            723P   3091
0.503758277,0.165157428,0.,0.50399535,0.16586837,0.,0.50423114,      723P   3092
0.166575463,0.,0.504573042,0.167212191,0.,0.504916855,               723P   3093
0.167852477,0.,0.505354717,0.168396958,0.,0.50579025,                723P   3094
0.168938545,0.,0.506302134,0.169364556,0.,0.50681575,                723P   3095
0.169792007,0.,0.507386465,0.170086659,0.,0.507957043,               723P   3096
0.17038124,0.,0.508562716,0.170531738,0.,0.509170913,                723P   3097
0.170682863,0.,0.509790951,0.170682863,0.,0.,1.,0.,0.,1.;            723P   3098
126,23,3,1,0,1,0,0.,0.,0.,0.,0.124999999999931,                      725P   3099
0.124999999999931,0.187499999999939,0.187499999999939,               725P   3100
0.249999999999946,0.249999999999946,0.374999999999959,               725P   3101
0.374999999999959,0.499999999999971,0.499999999999971,               725P   3102
0.624999999999984,0.624999999999984,0.68749999999999,                725P   3103
0.68749999999999,0.749999999999996,0.749999999999996,                725P   3104
0.812500000000003,0.812500000000003,0.875000000000009,               725P   3105
0.875000000000009,1.,1.,1.,1.,1.,1.,1.,1.,1.,1.,1.,1.,1.,1.,1.,      725P   3106
1.,1.,1.,1.,1.,1.,1.,1.,1.,1.,1.,1.,1.,25.563864302,                 725P   3107
1.529764963,3.90343303,25.569148179,1.529764963,3.90343303,          725P   3108
25.574343674,1.529246618,3.903455823,25.582009785,1.527723472,       725P   3109
3.903522167,25.584543809,1.527090561,3.903549668,25.589568196,       725P   3110
1.525568657,3.903615427,25.592065296,1.524675393,3.903653865,        725P   3111
25.599328909,1.52166584,3.903782437,25.603922242,1.519210385,        725P   3112
3.903886283,25.612615415,1.513409555,3.904126272,25.616731102,       725P   3113
1.510033557,3.904263578,25.624108683,1.502659352,3.904555194,        725P   3114
25.627419572,1.49863579,3.904710608,25.631805676,1.49208372,         725P   3115
3.904955209,25.633167515,1.489813806,3.905038619,25.635636137,       725P   3116
1.485200097,3.905205142,25.636751456,1.482844243,3.90528871,         725P   3117
25.638747707,1.478036002,3.90545603,25.639628638,1.475583614,        725P   3118
3.905539781,25.641152923,1.47058098,3.905707122,25.641798348,        725P   3119
1.468019359,3.905791072,25.643346349,1.460270121,3.906039434,        725P   3120
25.643864302,1.455046498,3.906199519,25.643864302,1.449764963,       725P   3121
3.906353632,0.,1.,0.,0.043930516,0.999034589;                        725P   3122
126,1,1,1,0,1,0,0.,0.,1.,1.,1.,1.,0.509790951,0.170682863,0.,        727P   3123
0.531163851,0.170682863,0.,0.,1.,0.,0.,1.;                           727P   3124
126,3,3,1,0,1,0,0.509790950705278,0.509790950705278,                 729P   3125
0.509790950705278,0.509790950705278,0.531163851075642,               729P   3126
0.531163851075642,0.531163851075642,0.531163851075642,1.,1.,1.,      729P   3127
1.,25.643864302,1.449764963,3.906353632,25.643864302,                729P   3128
1.358851559,3.909006442,25.643864302,1.267715887,3.909395153,        729P   3129
25.643864302,1.176435807,3.907490217,0.509790950705278,              729P   3130
0.531163851075642,-1.,0.,0.;                                         729P   3131
126,16,2,1,0,1,0,0.,0.,0.,0.125,0.125,0.25,0.25,0.375,0.375,         731P   3132
0.5,0.5,0.625,0.625,0.75,0.75,0.875,0.875,1.,1.,1.,1.,1.,1.,1.,      731P   3133
1.,1.,1.,1.,1.,1.,1.,1.,1.,1.,1.,1.,1.,0.531163851,0.170682863,      731P   3134
0.,0.531777911,0.170682863,0.,0.5323801,0.170533423,0.,              731P   3135
0.532983954,0.170383569,0.,0.533552664,0.170089214,0.,               731P   3136
0.534118396,0.1697964,0.,0.53462775,0.169371758,0.,0.535140074,      731P   3137
0.168944639,0.,0.53557569,0.16840057,0.,0.536009055,                 731P   3138
0.167859312,0.,0.536349923,0.167222995,0.,0.53669204,                731P   3139
0.166584348,0.,0.53692786,0.165874461,0.,0.53716361,                 731P   3140
0.165164783,0.,0.537284058,0.164411199,0.,0.537405023,               731P   3141
0.163654391,0.,0.537405023,0.162882607,0.,0.,1.,0.,0.,1.;            731P   3142
126,23,3,1,0,1,0,0.,0.,0.,0.,0.125000000000012,                      733P   3143
0.125000000000012,0.187500000000012,0.187500000000012,               733P   3144
0.250000000000013,0.250000000000013,0.375000000000046,               733P   3145
0.375000000000046,0.500000000000078,0.500000000000078,               733P   3146
0.625000000000111,0.625000000000111,0.687500000000093,               733P   3147
0.687500000000093,0.750000000000074,0.750000000000074,               733P   3148
0.812500000000056,0.812500000000056,0.875000000000037,               733P   3149
0.875000000000037,1.,1.,1.,1.,1.,1.,1.,1.,1.,1.,1.,1.,1.,1.,1.,      733P   3150
1.,1.,1.,1.,1.,1.,1.,1.,1.,1.,1.,1.,1.,25.643864302,                 733P   3151
1.176435807,3.907490217,25.643864302,1.171153787,3.907379986,        733P   3152
25.643346319,1.165960139,3.907263935,25.641824278,1.158296768,       733P   3153
3.907082115,25.641191831,1.155763651,3.90702022,25.639671062,        733P   3154
1.150741061,3.906894058,25.638778394,1.1482446,3.906829588,          733P   3155
25.63577058,1.14098234,3.906637276,25.633316451,1.136389687,         733P   3156
3.906509229,25.627518556,1.127697437,3.906257082,25.624143518,       733P   3157
1.123581089,3.906132355,25.616770344,1.116201632,3.90590184,         733P   3158
25.612747239,1.11288984,3.905794676,25.606195839,1.108502392,        733P   3159
3.905649632,25.603925182,1.107139515,3.905603985,25.599310161,       733P   3160
1.104669232,3.90552048,25.59695368,1.103553208,3.905482338,          733P   3161
25.59214427,1.101555746,3.905413588,25.589691341,1.100674309,        733P   3162
3.905382979,25.584687737,1.099149164,3.905329746,25.582125902,       733P   3163
1.098503406,3.905307049,25.574373165,1.096954086,3.905252425,        733P   3164
25.569147517,1.096435807,3.905233931,25.563864302,1.096435807,       733P   3165
3.905233931,0.,1.,-0.014792183,-0.020862306,0.999672924;             733P   3166
126,1,1,1,0,1,0,0.,0.,1.,1.,1.,1.,0.537405023,0.162882607,0.,        735P   3167
0.537405023,0.1484788,0.,0.,1.,0.,0.,1.;                             735P   3168
110,25.563864302,1.096435807,3.905233931,25.4161378,                 737P   3169
1.096435807,3.905233931;                                             737P   3170
126,16,2,1,0,1,0,0.,0.,0.,0.125,0.125,0.25,0.25,0.375,0.375,         739P   3171
0.5,0.5,0.625,0.625,0.75,0.75,0.875,0.875,1.,1.,1.,1.,1.,1.,1.,      739P   3172
1.,1.,1.,1.,1.,1.,1.,1.,1.,1.,1.,1.,1.,0.537405023,0.1484788,        739P   3173
0.,0.537405023,0.147711491,0.,0.537285444,0.146958901,0.,            739P   3174
0.537165529,0.146204197,0.,0.536929988,0.145493361,0.,               739P   3175
0.536695678,0.144786242,0.,0.536355898,0.144149586,0.,               739P   3176
0.536014141,0.143509227,0.,0.535578836,0.14296477,0.,                739P   3177
0.535145763,0.142423104,0.,0.534636651,0.141997084,0.,               739P   3178
0.534125722,0.141569543,0.,0.533557799,0.141274854,0.,               739P   3179
0.532989985,0.140980222,0.,0.532386994,0.1408297,0.,0.53178146,      739P   3180
0.140678543,0.,0.531163851,0.140678543,0.,0.,1.,0.,0.,1.;            739P   3181
126,23,3,1,0,1,0,0.,0.,0.,0.,0.125000000000058,                      741P   3182
0.125000000000058,0.187500000000087,0.187500000000087,               741P   3183
0.250000000000116,0.250000000000116,0.375000000000096,               741P   3184
0.375000000000096,0.500000000000075,0.500000000000075,               741P   3185
0.625000000000055,0.625000000000055,0.687500000000045,               741P   3186
0.687500000000045,0.750000000000035,0.750000000000035,               741P   3187
0.812500000000025,0.812500000000025,0.875000000000015,               741P   3188
0.875000000000015,1.,1.,1.,1.,1.,1.,1.,1.,1.,1.,1.,1.,1.,1.,1.,      741P   3189
1.,1.,1.,1.,1.,1.,1.,1.,1.,1.,1.,1.,1.,25.4161378,1.096435807,       741P   3190
3.905233931,25.410854618,1.096435807,3.905233931,25.405659759,       741P   3191
1.096954016,3.905252419,25.397994525,1.098476794,3.905306113,        741P   3192
25.395460779,1.099109554,3.905328358,25.390436922,1.100631101,       741P   3193
3.905381477,25.387940003,1.101524179,3.905412497,25.380676756,       741P   3194
1.104533199,3.905516078,25.376083575,1.106988263,3.905599536,        741P   3195
25.367390554,1.112788275,3.905791358,25.363274612,1.116164032,       741P   3196
3.905900638,25.355896392,1.123538016,3.906131037,25.352585202,       741P   3197
1.127561495,3.906253046,25.348198668,1.134113447,3.906443244,        741P   3198
25.346836529,1.136383585,3.906507813,25.344367428,1.140997687,       741P   3199
3.906636035,25.343251907,1.143353729,3.906700043,25.34125531,        741P   3200
1.14816232,3.906827438,25.340374236,1.15061487,3.906890824,          741P   3201
25.338849711,1.155617793,3.907016617,25.338204192,1.158179488,       741P   3202
3.90707929,25.336655838,1.165929667,3.907263295,25.3361378,          741P   3203
1.171153829,3.907379987,25.3361378,1.176435807,3.907490217,0.,       741P   3204
1.,0.,-0.035653928,0.999364197;                                      741P   3205
102,8,711,715,719,723,727,731,735,739;                               743P   3206
102,8,713,717,721,725,729,733,737,741;                               745P   3207
142,1,3,743,745,1;                                                   747P   3208
126,1,1,1,0,1,0,0.,0.,1.,1.,1.,1.,0.531163851,0.203080594,0.,        749P   3209
0.509790951,0.203080594,0.,0.,1.,0.,0.,1.;                           749P   3210
126,3,3,1,0,1,0,0.468836148924358,0.468836148924358,                 751P   3211
0.468836148924358,0.468836148924358,0.490209049294722,               751P   3212
0.490209049294722,0.490209049294722,0.490209049294722,1.,1.,1.,      751P   3213
1.,25.9761378,1.176435807,3.907490217,25.9761378,1.267715887,        751P   3214
3.909395153,25.9761378,1.358851559,3.909006442,25.9761378,           751P   3215
1.449764963,3.906353632,0.468836148924358,0.490209049294722,1.,      751P   3216
0.,0.;                                                               751P   3217
126,16,2,1,0,1,0,0.,0.,0.,0.125,0.125,0.25,0.25,0.375,0.375,         753P   3218
0.5,0.5,0.625,0.625,0.75,0.75,0.875,0.875,1.,1.,1.,1.,1.,1.,1.,      753P   3219
1.,1.,1.,1.,1.,1.,1.,1.,1.,1.,1.,1.,1.,0.509790951,0.203080594,      753P   3220
0.,0.509174465,0.203080594,0.,0.508569619,0.203230009,0.,            753P   3221
0.507963092,0.20337984,0.,0.507391626,0.203674138,0.,                753P   3222
0.506823103,0.20396692,0.,0.506311066,0.204391483,0.,                753P   3223
0.505795962,0.204818587,0.,0.505357879,0.20536257,0.,                753P   3224
0.504921976,0.205903844,0.,0.50457906,0.20654008,0.,                 753P   3225
0.504234803,0.207178806,0.,0.503997491,0.207888675,0.,               753P   3226
0.503760213,0.208598445,0.,0.503638978,0.209352042,0.,               753P   3227
0.503517207,0.210108973,0.,0.503517207,0.210880851,0.,0.,1.,0.,      753P   3228
0.,1.;                                                               753P   3229
126,23,3,1,0,1,0,0.,0.,0.,0.,0.125000000000019,                      755P   3230
0.125000000000019,0.187500000000019,0.187500000000019,               755P   3231
0.25000000000002,0.25000000000002,0.375000000000017,                 755P   3232
0.375000000000017,0.500000000000014,0.500000000000014,               755P   3233
0.625000000000011,0.625000000000011,0.687500000000009,               755P   3234
0.687500000000009,0.750000000000007,0.750000000000007,               755P   3235
0.812500000000005,0.812500000000005,0.875000000000004,               755P   3236
0.875000000000004,1.,1.,1.,1.,1.,1.,1.,1.,1.,1.,1.,1.,1.,1.,1.,      755P   3237
1.,1.,1.,1.,1.,1.,1.,1.,1.,1.,1.,1.,1.,25.9761378,1.449764963,       755P   3238
3.906353632,25.9761378,1.455046569,3.906199517,25.976655702,         755P   3239
1.460239771,3.906040324,25.978177468,1.467902441,3.90579486,         755P   3240
25.978809799,1.470435319,3.90571193,25.980330275,1.475457424,        755P   3241
3.905544063,25.981222784,1.477953696,3.905458864,25.984230117,       755P   3242
1.485215523,3.905206252,25.986683864,1.489807931,3.905040077,        755P   3243
25.992480876,1.498499803,3.904715774,25.995855562,1.502616231,       755P   3244
3.904556872,26.003228258,1.50999606,3.904265088,26.007251139,        755P   3245
1.513308063,3.904130429,26.013802244,1.517695873,3.90394896,         755P   3246
26.016073047,1.519059025,3.903891992,26.020688352,1.521529774,       755P   3247
3.903787969,26.023044979,1.522646006,3.903740558,26.027854686,       755P   3248
1.524643843,3.903655218,26.030307766,1.525525447,3.903617288,        755P   3249
26.035311677,1.527050887,3.903551388,26.037873606,1.527696769,       755P   3250
3.903523328,26.045627476,1.529246544,3.90345583,26.050853864,        755P   3251
1.529764963,3.90343303,26.0561378,1.529764963,3.90343303,0.,1.,      755P   3252
0.014778115,0.029163932,0.999465393;                                 755P   3253
126,1,1,1,0,1,0,0.,0.,1.,1.,1.,1.,0.503517207,0.210880851,0.,        757P   3254
0.503517207,0.225284658,0.,0.,1.,0.,0.,1.;                           757P   3255
110,26.0561378,1.529764963,3.90343303,26.203864302,1.529764963,      759P   3256
3.90343303;                                                          759P   3257
126,16,2,1,0,1,0,0.,0.,0.,0.125,0.125,0.25,0.25,0.375,0.375,         761P   3258
0.5,0.5,0.625,0.625,0.75,0.75,0.875,0.875,1.,1.,1.,1.,1.,1.,1.,      761P   3259
1.,1.,1.,1.,1.,1.,1.,1.,1.,1.,1.,1.,1.,0.503517207,0.225284658,      761P   3260
0.,0.503517207,0.226052046,0.,0.503637579,0.226804744,0.,            761P   3261
0.503758277,0.227559478,0.,0.50399535,0.22827042,0.,0.50423114,      761P   3262
0.228977514,0.,0.504573042,0.229614241,0.,0.504916855,               761P   3263
0.230254528,0.,0.505354717,0.230799009,0.,0.50579025,                761P   3264
0.231340596,0.,0.506302134,0.231766606,0.,0.50681575,                761P   3265
0.232194057,0.,0.507386465,0.232488709,0.,0.507957043,               761P   3266
0.23278329,0.,0.508562716,0.232933789,0.,0.509170913,                761P   3267
0.233084914,0.,0.509790951,0.233084914,0.,0.,1.,0.,0.,1.;            761P   3268
126,23,3,1,0,1,0,0.,0.,0.,0.,0.12499999999999,0.12499999999999,      763P   3269
0.187500000000027,0.187500000000027,0.250000000000064,               763P   3270
0.250000000000064,0.375000000000059,0.375000000000059,               763P   3271
0.500000000000053,0.500000000000053,0.625000000000047,               763P   3272
0.625000000000047,0.687500000000042,0.687500000000042,               763P   3273
0.750000000000037,0.750000000000037,0.812500000000032,               763P   3274
0.812500000000032,0.875000000000027,0.875000000000027,1.,1.,1.,      763P   3275
1.,1.,1.,1.,1.,1.,1.,1.,1.,1.,1.,1.,1.,1.,1.,1.,1.,1.,1.,1.,1.,      763P   3276
1.,1.,1.,1.,26.203864302,1.529764963,3.90343303,26.209148179,        763P   3277
1.529764963,3.90343303,26.214343674,1.529246618,3.903455823,         763P   3278
26.222009785,1.527723472,3.903522167,26.224543809,1.527090561,       763P   3279
3.903549668,26.229568196,1.525568657,3.903615427,26.232065296,       763P   3280
1.524675393,3.903653865,26.239328909,1.52166584,3.903782437,         763P   3281
26.243922242,1.519210385,3.903886283,26.252615415,1.513409555,       763P   3282
3.904126272,26.256731102,1.510033557,3.904263578,26.264108683,       763P   3283
1.502659352,3.904555194,26.267419572,1.49863579,3.904710608,         763P   3284
26.271805676,1.49208372,3.904955209,26.273167515,1.489813806,        763P   3285
3.905038619,26.275636137,1.485200097,3.905205142,26.276751456,       763P   3286
1.482844243,3.90528871,26.278747707,1.478036002,3.90545603,          763P   3287
26.279628638,1.475583614,3.905539781,26.281152923,1.47058098,        763P   3288
3.905707122,26.281798348,1.468019359,3.905791072,26.283346349,       763P   3289
1.460270121,3.906039434,26.283864302,1.455046498,3.906199519,        763P   3290
26.283864302,1.449764963,3.906353632,0.,1.,0.,0.043930516,           763P   3291
0.999034589;                                                         763P   3292
126,1,1,1,0,1,0,0.,0.,1.,1.,1.,1.,0.509790951,0.233084914,0.,        765P   3293
0.531163851,0.233084914,0.,0.,1.,0.,0.,1.;                           765P   3294
126,3,3,1,0,1,0,0.509790950705278,0.509790950705278,                 767P   3295
0.509790950705278,0.509790950705278,0.531163851075642,               767P   3296
0.531163851075642,0.531163851075642,0.531163851075642,1.,1.,1.,      767P   3297
1.,26.283864302,1.449764963,3.906353632,26.283864302,                767P   3298
1.358851559,3.909006442,26.283864302,1.267715887,3.909395153,        767P   3299
26.283864302,1.176435807,3.907490217,0.509790950705278,              767P   3300
0.531163851075642,-1.,0.,0.;                                         767P   3301
126,16,2,1,0,1,0,0.,0.,0.,0.125,0.125,0.25,0.25,0.375,0.375,         769P   3302
0.5,0.5,0.625,0.625,0.75,0.75,0.875,0.875,1.,1.,1.,1.,1.,1.,1.,      769P   3303
1.,1.,1.,1.,1.,1.,1.,1.,1.,1.,1.,1.,1.,0.531163851,0.233084914,      769P   3304
0.,0.531777911,0.233084914,0.,0.5323801,0.232935473,0.,              769P   3305
0.532983954,0.232785619,0.,0.533552664,0.232491265,0.,               769P   3306
0.534118396,0.232198451,0.,0.53462775,0.231773808,0.,                769P   3307
0.535140074,0.23134669,0.,0.53557569,0.23080262,0.,0.536009055,      769P   3308
0.230261362,0.,0.536349923,0.229625046,0.,0.53669204,                769P   3309
0.228986399,0.,0.53692786,0.228276512,0.,0.53716361,                 769P   3310
0.227566833,0.,0.537284058,0.22681325,0.,0.537405023,                769P   3311
0.226056442,0.,0.537405023,0.225284658,0.,0.,1.,0.,0.,1.;            769P   3312
126,23,3,1,0,1,0,0.,0.,0.,0.,0.124999999999995,                      771P   3313
0.124999999999995,0.187499999999981,0.187499999999981,               771P   3314
0.249999999999968,0.249999999999968,0.374999999999973,               771P   3315
0.374999999999973,0.499999999999978,0.499999999999978,               771P   3316
0.624999999999984,0.624999999999984,0.687499999999986,               771P   3317
0.687499999999986,0.749999999999989,0.749999999999989,               771P   3318
0.812499999999992,0.812499999999992,0.874999999999995,               771P   3319
0.874999999999995,1.,1.,1.,1.,1.,1.,1.,1.,1.,1.,1.,1.,1.,1.,1.,      771P   3320
1.,1.,1.,1.,1.,1.,1.,1.,1.,1.,1.,1.,1.,26.283864302,                 771P   3321
1.176435807,3.907490217,26.283864302,1.171153787,3.907379986,        771P   3322
26.283346319,1.165960139,3.907263935,26.281824278,1.158296768,       771P   3323
3.907082115,26.281191831,1.155763651,3.90702022,26.279671062,        771P   3324
1.150741061,3.906894058,26.278778394,1.1482446,3.906829588,          771P   3325
26.27577058,1.14098234,3.906637276,26.273316451,1.136389687,         771P   3326
3.906509229,26.267518556,1.127697437,3.906257082,26.264143518,       771P   3327
1.123581089,3.906132355,26.256770344,1.116201632,3.90590184,         771P   3328
26.252747239,1.11288984,3.905794676,26.246195839,1.108502392,        771P   3329
3.905649632,26.243925182,1.107139515,3.905603985,26.239310161,       771P   3330
1.104669232,3.90552048,26.23695368,1.103553208,3.905482338,          771P   3331
26.23214427,1.101555746,3.905413588,26.229691341,1.100674309,        771P   3332
3.905382979,26.224687737,1.099149164,3.905329746,26.222125902,       771P   3333
1.098503406,3.905307049,26.214373165,1.096954086,3.905252425,        771P   3334
26.209147517,1.096435807,3.905233931,26.203864302,1.096435807,       771P   3335
3.905233931,0.,1.,-0.014792183,-0.020862306,0.999672924;             771P   3336
126,1,1,1,0,1,0,0.,0.,1.,1.,1.,1.,0.537405023,0.225284658,0.,        773P   3337
0.537405023,0.210880851,0.,0.,1.,0.,0.,1.;                           773P   3338
110,26.203864302,1.096435807,3.905233931,26.0561378,                 775P   3339
1.096435807,3.905233931;                                             775P   3340
126,16,2,1,0,1,0,0.,0.,0.,0.125,0.125,0.25,0.25,0.375,0.375,         777P   3341
0.5,0.5,0.625,0.625,0.75,0.75,0.875,0.875,1.,1.,1.,1.,1.,1.,1.,      777P   3342
1.,1.,1.,1.,1.,1.,1.,1.,1.,1.,1.,1.,1.,0.537405023,0.210880851,      777P   3343
0.,0.537405023,0.210113542,0.,0.537285444,0.209360951,0.,            777P   3344
0.537165529,0.208606247,0.,0.536929988,0.207895412,0.,               777P   3345
0.536695678,0.207188292,0.,0.536355898,0.206551637,0.,               777P   3346
0.536014141,0.205911278,0.,0.535578836,0.20536682,0.,                777P   3347
0.535145763,0.204825155,0.,0.534636651,0.204399135,0.,               777P   3348
0.534125722,0.203971594,0.,0.533557799,0.203676905,0.,               777P   3349
0.532989985,0.203382273,0.,0.532386994,0.203231751,0.,               777P   3350
0.53178146,0.203080594,0.,0.531163851,0.203080594,0.,0.,1.,0.,       777P   3351
0.,1.;                                                               777P   3352
126,23,3,1,0,1,0,0.,0.,0.,0.,0.124999999999944,                      779P   3353
0.124999999999944,0.187499999999915,0.187499999999915,               779P   3354
0.249999999999886,0.249999999999886,0.374999999999907,               779P   3355
0.374999999999907,0.499999999999929,0.499999999999929,               779P   3356
0.624999999999949,0.624999999999949,0.687499999999958,               779P   3357
0.687499999999958,0.749999999999966,0.749999999999966,               779P   3358
0.812499999999975,0.812499999999975,0.874999999999983,               779P   3359
0.874999999999983,1.,1.,1.,1.,1.,1.,1.,1.,1.,1.,1.,1.,1.,1.,1.,      779P   3360
1.,1.,1.,1.,1.,1.,1.,1.,1.,1.,1.,1.,1.,26.0561378,1.096435807,       779P   3361
3.905233931,26.050854618,1.096435807,3.905233931,26.045659759,       779P   3362
1.096954016,3.905252419,26.037994525,1.098476794,3.905306113,        779P   3363
26.035460779,1.099109554,3.905328358,26.030436922,1.100631101,       779P   3364
3.905381477,26.027940003,1.101524179,3.905412497,26.020676756,       779P   3365
1.104533199,3.905516078,26.016083575,1.106988263,3.905599536,        779P   3366
26.007390554,1.112788275,3.905791358,26.003274612,1.116164032,       779P   3367
3.905900638,25.995896392,1.123538016,3.906131037,25.992585202,       779P   3368
1.127561495,3.906253046,25.988198668,1.134113447,3.906443244,        779P   3369
25.986836529,1.136383585,3.906507813,25.984367428,1.140997687,       779P   3370
3.906636035,25.983251907,1.143353729,3.906700043,25.98125531,        779P   3371
1.14816232,3.906827438,25.980374236,1.15061487,3.906890824,          779P   3372
25.978849711,1.155617793,3.907016617,25.978204192,1.158179488,       779P   3373
3.90707929,25.976655838,1.165929667,3.907263295,25.9761378,          779P   3374
1.171153829,3.907379987,25.9761378,1.176435807,3.907490217,0.,       779P   3375
1.,0.,-0.035653928,0.999364197;                                      779P   3376
102,8,749,753,757,761,765,769,773,777;                               781P   3377
102,8,751,755,759,763,767,771,775,779;                               783P   3378
142,1,3,781,783,1;                                                   785P   3379
126,1,1,1,0,1,0,0.,0.,1.,1.,1.,1.,0.531163851,0.265482645,0.,        787P   3380
0.509790951,0.265482645,0.,0.,1.,0.,0.,1.;                           787P   3381
126,3,3,1,0,1,0,0.468836148924358,0.468836148924358,                 789P   3382
0.468836148924358,0.468836148924358,0.490209049294722,               789P   3383
0.490209049294722,0.490209049294722,0.490209049294722,1.,1.,1.,      789P   3384
1.,26.6161378,1.176435807,3.907490217,26.6161378,1.267715887,        789P   3385
3.909395153,26.6161378,1.358851559,3.909006442,26.6161378,           789P   3386
1.449764963,3.906353632,0.468836148924358,0.490209049294722,1.,      789P   3387
0.,0.;                                                               789P   3388
126,16,2,1,0,1,0,0.,0.,0.,0.125,0.125,0.25,0.25,0.375,0.375,         791P   3389
0.5,0.5,0.625,0.625,0.75,0.75,0.875,0.875,1.,1.,1.,1.,1.,1.,1.,      791P   3390
1.,1.,1.,1.,1.,1.,1.,1.,1.,1.,1.,1.,1.,0.509790951,0.265482645,      791P   3391
0.,0.509174465,0.265482645,0.,0.508569619,0.26563206,0.,             791P   3392
0.507963092,0.265781891,0.,0.507391626,0.266076189,0.,               791P   3393
0.506823103,0.266368971,0.,0.506311066,0.266793534,0.,               791P   3394
0.505795962,0.267220638,0.,0.505357879,0.267764621,0.,               791P   3395
0.504921976,0.268305895,0.,0.50457906,0.268942131,0.,                791P   3396
0.504234803,0.269580857,0.,0.503997491,0.270290726,0.,               791P   3397
0.503760213,0.271000496,0.,0.503638978,0.271754093,0.,               791P   3398
0.503517207,0.272511023,0.,0.503517207,0.273282901,0.,0.,1.,0.,      791P   3399
0.,1.;                                                               791P   3400
126,23,3,1,0,1,0,0.,0.,0.,0.,0.125000000000019,                      793P   3401
0.125000000000019,0.187500000000017,0.187500000000017,               793P   3402
0.250000000000016,0.250000000000016,0.375000000000013,               793P   3403
0.375000000000013,0.50000000000001,0.50000000000001,                 793P   3404
0.625000000000007,0.625000000000007,0.687500000000006,               793P   3405
0.687500000000006,0.750000000000004,0.750000000000004,               793P   3406
0.812500000000003,0.812500000000003,0.875000000000002,               793P   3407
0.875000000000002,1.,1.,1.,1.,1.,1.,1.,1.,1.,1.,1.,1.,1.,1.,1.,      793P   3408
1.,1.,1.,1.,1.,1.,1.,1.,1.,1.,1.,1.,1.,26.6161378,1.449764963,       793P   3409
3.906353632,26.6161378,1.455046569,3.906199517,26.616655702,         793P   3410
1.460239771,3.906040324,26.618177468,1.467902441,3.90579486,         793P   3411
26.618809799,1.470435319,3.90571193,26.620330275,1.475457424,        793P   3412
3.905544063,26.621222784,1.477953696,3.905458864,26.624230117,       793P   3413
1.485215523,3.905206252,26.626683864,1.489807931,3.905040077,        793P   3414
26.632480876,1.498499803,3.904715774,26.635855562,1.502616231,       793P   3415
3.904556872,26.643228258,1.50999606,3.904265088,26.647251139,        793P   3416
1.513308063,3.904130429,26.653802244,1.517695873,3.90394896,         793P   3417
26.656073047,1.519059025,3.903891992,26.660688352,1.521529774,       793P   3418
3.903787969,26.663044979,1.522646006,3.903740558,26.667854686,       793P   3419
1.524643843,3.903655218,26.670307766,1.525525447,3.903617288,        793P   3420
26.675311677,1.527050887,3.903551388,26.677873606,1.527696769,       793P   3421
3.903523328,26.685627476,1.529246544,3.90345583,26.690853864,        793P   3422
1.529764963,3.90343303,26.6961378,1.529764963,3.90343303,0.,1.,      793P   3423
0.014778115,0.029163932,0.999465393;                                 793P   3424
126,1,1,1,0,1,0,0.,0.,1.,1.,1.,1.,0.503517207,0.273282901,0.,        795P   3425
0.503517207,0.287686709,0.,0.,1.,0.,0.,1.;                           795P   3426
110,26.6961378,1.529764963,3.90343303,26.843864302,1.529764963,      797P   3427
3.90343303;                                                          797P   3428
126,16,2,1,0,1,0,0.,0.,0.,0.125,0.125,0.25,0.25,0.375,0.375,         799P   3429
0.5,0.5,0.625,0.625,0.75,0.75,0.875,0.875,1.,1.,1.,1.,1.,1.,1.,      799P   3430
1.,1.,1.,1.,1.,1.,1.,1.,1.,1.,1.,1.,1.,0.503517207,0.287686709,      799P   3431
0.,0.503517207,0.288454096,0.,0.503637579,0.289206794,0.,            799P   3432
0.503758277,0.289961529,0.,0.50399535,0.290672471,0.,                799P   3433
0.50423114,0.291379565,0.,0.504573042,0.292016292,0.,                799P   3434
0.504916855,0.292656579,0.,0.505354717,0.29320106,0.,                799P   3435
0.50579025,0.293742647,0.,0.506302134,0.294168657,0.,                799P   3436
0.50681575,0.294596108,0.,0.507386465,0.29489076,0.,                 799P   3437
0.507957043,0.295185341,0.,0.508562716,0.295335839,0.,               799P   3438
0.509170913,0.295486965,0.,0.509790951,0.295486965,0.,0.,1.,0.,      799P   3439
0.,1.;                                                               799P   3440
126,23,3,1,0,1,0,0.,0.,0.,0.,0.125000000000078,                      801P   3441
0.125000000000078,0.187500000000075,0.187500000000075,               801P   3442
0.250000000000072,0.250000000000072,0.375000000000065,               801P   3443
0.375000000000065,0.500000000000059,0.500000000000059,               801P   3444
0.625000000000053,0.625000000000053,0.687500000000048,               801P   3445
0.687500000000048,0.750000000000042,0.750000000000042,               801P   3446
0.812500000000037,0.812500000000037,0.875000000000032,               801P   3447
0.875000000000032,1.,1.,1.,1.,1.,1.,1.,1.,1.,1.,1.,1.,1.,1.,1.,      801P   3448
1.,1.,1.,1.,1.,1.,1.,1.,1.,1.,1.,1.,1.,26.843864302,                 801P   3449
1.529764963,3.90343303,26.849148179,1.529764963,3.90343303,          801P   3450
26.854343674,1.529246618,3.903455823,26.862009785,1.527723472,       801P   3451
3.903522167,26.864543809,1.527090561,3.903549668,26.869568196,       801P   3452
1.525568657,3.903615427,26.872065296,1.524675393,3.903653865,        801P   3453
26.879328909,1.52166584,3.903782437,26.883922242,1.519210385,        801P   3454
3.903886283,26.892615415,1.513409555,3.904126272,26.896731102,       801P   3455
1.510033557,3.904263578,26.904108683,1.502659352,3.904555194,        801P   3456
26.907419572,1.49863579,3.904710608,26.911805676,1.49208372,         801P   3457
3.904955209,26.913167515,1.489813806,3.905038619,26.915636137,       801P   3458
1.485200097,3.905205142,26.916751456,1.482844243,3.90528871,         801P   3459
26.918747707,1.478036002,3.90545603,26.919628638,1.475583614,        801P   3460
3.905539781,26.921152923,1.47058098,3.905707122,26.921798348,        801P   3461
1.468019359,3.905791072,26.923346349,1.460270121,3.906039434,        801P   3462
26.923864302,1.455046498,3.906199519,26.923864302,1.449764963,       801P   3463
3.906353632,0.,1.,0.,0.043930516,0.999034589;                        801P   3464
126,1,1,1,0,1,0,0.,0.,1.,1.,1.,1.,0.509790951,0.295486965,0.,        803P   3465
0.531163851,0.295486965,0.,0.,1.,0.,0.,1.;                           803P   3466
126,3,3,1,0,1,0,0.509790950705278,0.509790950705278,                 805P   3467
0.509790950705278,0.509790950705278,0.531163851075642,               805P   3468
0.531163851075642,0.531163851075642,0.531163851075642,1.,1.,1.,      805P   3469
1.,26.923864302,1.449764963,3.906353632,26.923864302,                805P   3470
1.358851559,3.909006442,26.923864302,1.267715887,3.909395153,        805P   3471
26.923864302,1.176435807,3.907490217,0.509790950705278,              805P   3472
0.531163851075642,-1.,0.,0.;                                         805P   3473
126,16,2,1,0,1,0,0.,0.,0.,0.125,0.125,0.25,0.25,0.375,0.375,         807P   3474
0.5,0.5,0.625,0.625,0.75,0.75,0.875,0.875,1.,1.,1.,1.,1.,1.,1.,      807P   3475
1.,1.,1.,1.,1.,1.,1.,1.,1.,1.,1.,1.,1.,0.531163851,0.295486965,      807P   3476
0.,0.531777911,0.295486965,0.,0.5323801,0.295337524,0.,              807P   3477
0.532983954,0.29518767,0.,0.533552664,0.294893315,0.,                807P   3478
0.534118396,0.294600501,0.,0.53462775,0.294175859,0.,                807P   3479
0.535140074,0.293748741,0.,0.53557569,0.293204671,0.,                807P   3480
0.536009055,0.292663413,0.,0.536349923,0.292027096,0.,               807P   3481
0.53669204,0.291388449,0.,0.53692786,0.290678562,0.,0.53716361,      807P   3482
0.289968884,0.,0.537284058,0.289215301,0.,0.537405023,               807P   3483
0.288458493,0.,0.537405023,0.287686709,0.,0.,1.,0.,0.,1.;            807P   3484
126,23,3,1,0,1,0,0.,0.,0.,0.,0.124999999999955,                      809P   3485
0.124999999999955,0.187499999999943,0.187499999999943,               809P   3486
0.249999999999931,0.249999999999931,0.374999999999907,               809P   3487
0.374999999999907,0.499999999999884,0.499999999999884,               809P   3488
0.62499999999986,0.62499999999986,0.687499999999884,                 809P   3489
0.687499999999884,0.749999999999907,0.749999999999907,               809P   3490
0.81249999999993,0.81249999999993,0.874999999999953,                 809P   3491
0.874999999999953,1.,1.,1.,1.,1.,1.,1.,1.,1.,1.,1.,1.,1.,1.,1.,      809P   3492
1.,1.,1.,1.,1.,1.,1.,1.,1.,1.,1.,1.,1.,26.923864302,                 809P   3493
1.176435807,3.907490217,26.923864302,1.171153787,3.907379986,        809P   3494
26.923346319,1.165960139,3.907263935,26.921824278,1.158296768,       809P   3495
3.907082115,26.921191831,1.155763651,3.90702022,26.919671062,        809P   3496
1.150741061,3.906894058,26.918778394,1.1482446,3.906829588,          809P   3497
26.91577058,1.14098234,3.906637276,26.913316451,1.136389687,         809P   3498
3.906509229,26.907518556,1.127697437,3.906257082,26.904143518,       809P   3499
1.123581089,3.906132355,26.896770344,1.116201632,3.90590184,         809P   3500
26.892747239,1.11288984,3.905794676,26.886195839,1.108502392,        809P   3501
3.905649632,26.883925182,1.107139515,3.905603985,26.879310161,       809P   3502
1.104669232,3.90552048,26.87695368,1.103553208,3.905482338,          809P   3503
26.87214427,1.101555746,3.905413588,26.869691341,1.100674309,        809P   3504
3.905382979,26.864687737,1.099149164,3.905329746,26.862125902,       809P   3505
1.098503406,3.905307049,26.854373165,1.096954086,3.905252425,        809P   3506
26.849147517,1.096435807,3.905233931,26.843864302,1.096435807,       809P   3507
3.905233931,0.,1.,-0.014792183,-0.020862306,0.999672924;             809P   3508
126,1,1,1,0,1,0,0.,0.,1.,1.,1.,1.,0.537405023,0.287686709,0.,        811P   3509
0.537405023,0.273282901,0.,0.,1.,0.,0.,1.;                           811P   3510
110,26.843864302,1.096435807,3.905233931,26.6961378,                 813P   3511
1.096435807,3.905233931;                                             813P   3512
126,16,2,1,0,1,0,0.,0.,0.,0.125,0.125,0.25,0.25,0.375,0.375,         815P   3513
0.5,0.5,0.625,0.625,0.75,0.75,0.875,0.875,1.,1.,1.,1.,1.,1.,1.,      815P   3514
1.,1.,1.,1.,1.,1.,1.,1.,1.,1.,1.,1.,1.,0.537405023,0.273282901,      815P   3515
0.,0.537405023,0.272515592,0.,0.537285444,0.271763002,0.,            815P   3516
0.537165529,0.271008298,0.,0.536929988,0.270297462,0.,               815P   3517
0.536695678,0.269590343,0.,0.536355898,0.268953687,0.,               815P   3518
0.536014141,0.268313328,0.,0.535578836,0.267768871,0.,               815P   3519
0.535145763,0.267227205,0.,0.534636651,0.266801185,0.,               815P   3520
0.534125722,0.266373645,0.,0.533557799,0.266078956,0.,               815P   3521
0.532989985,0.265784323,0.,0.532386994,0.265633802,0.,               815P   3522
0.53178146,0.265482645,0.,0.531163851,0.265482645,0.,0.,1.,0.,       815P   3523
0.,1.;                                                               815P   3524
126,23,3,1,0,1,0,0.,0.,0.,0.,0.125000000000058,                      817P   3525
0.125000000000058,0.187500000000087,0.187500000000087,               817P   3526
0.250000000000116,0.250000000000116,0.375000000000096,               817P   3527
0.375000000000096,0.500000000000075,0.500000000000075,               817P   3528
0.625000000000055,0.625000000000055,0.687500000000045,               817P   3529
0.687500000000045,0.750000000000035,0.750000000000035,               817P   3530
0.812500000000025,0.812500000000025,0.875000000000015,               817P   3531
0.875000000000015,1.,1.,1.,1.,1.,1.,1.,1.,1.,1.,1.,1.,1.,1.,1.,      817P   3532
1.,1.,1.,1.,1.,1.,1.,1.,1.,1.,1.,1.,1.,26.6961378,1.096435807,       817P   3533
3.905233931,26.690854618,1.096435807,3.905233931,26.685659759,       817P   3534
1.096954016,3.905252419,26.677994525,1.098476794,3.905306113,        817P   3535
26.675460779,1.099109554,3.905328358,26.670436922,1.100631101,       817P   3536
3.905381477,26.667940003,1.101524179,3.905412497,26.660676756,       817P   3537
1.104533199,3.905516078,26.656083575,1.106988263,3.905599536,        817P   3538
26.647390554,1.112788275,3.905791358,26.643274612,1.116164032,       817P   3539
3.905900638,26.635896392,1.123538016,3.906131037,26.632585202,       817P   3540
1.127561495,3.906253046,26.628198668,1.134113447,3.906443244,        817P   3541
26.626836529,1.136383585,3.906507813,26.624367428,1.140997687,       817P   3542
3.906636035,26.623251907,1.143353729,3.906700043,26.62125531,        817P   3543
1.14816232,3.906827438,26.620374236,1.15061487,3.906890824,          817P   3544
26.618849711,1.155617793,3.907016617,26.618204192,1.158179488,       817P   3545
3.90707929,26.616655838,1.165929667,3.907263295,26.6161378,          817P   3546
1.171153829,3.907379987,26.6161378,1.176435807,3.907490217,0.,       817P   3547
1.,0.,-0.035653928,0.999364197;                                      817P   3548
102,8,787,791,795,799,803,807,811,815;                               819P   3549
102,8,789,793,797,801,805,809,813,817;                               821P   3550
142,1,3,819,821,1;                                                   823P   3551
126,1,1,1,0,1,0,0.,0.,1.,1.,1.,1.,0.531163851,0.327884696,0.,        825P   3552
0.509790951,0.327884696,0.,0.,1.,0.,0.,1.;                           825P   3553
126,3,3,1,0,1,0,0.468836148924358,0.468836148924358,                 827P   3554
0.468836148924358,0.468836148924358,0.490209049294722,               827P   3555
0.490209049294722,0.490209049294722,0.490209049294722,1.,1.,1.,      827P   3556
1.,27.2561378,1.176435807,3.907490217,27.2561378,1.267715887,        827P   3557
3.909395153,27.2561378,1.358851559,3.909006442,27.2561378,           827P   3558
1.449764963,3.906353632,0.468836148924358,0.490209049294722,1.,      827P   3559
0.,0.;                                                               827P   3560
126,16,2,1,0,1,0,0.,0.,0.,0.125,0.125,0.25,0.25,0.375,0.375,         829P   3561
0.5,0.5,0.625,0.625,0.75,0.75,0.875,0.875,1.,1.,1.,1.,1.,1.,1.,      829P   3562
1.,1.,1.,1.,1.,1.,1.,1.,1.,1.,1.,1.,1.,0.509790951,0.327884696,      829P   3563
0.,0.509174465,0.327884696,0.,0.508569619,0.328034111,0.,            829P   3564
0.507963092,0.328183941,0.,0.507391626,0.328478239,0.,               829P   3565
0.506823103,0.328771022,0.,0.506311066,0.329195584,0.,               829P   3566
0.505795962,0.329622689,0.,0.505357879,0.330166671,0.,               829P   3567
0.504921976,0.330707946,0.,0.50457906,0.331344182,0.,                829P   3568
0.504234803,0.331982908,0.,0.503997491,0.332692777,0.,               829P   3569
0.503760213,0.333402546,0.,0.503638978,0.334156144,0.,               829P   3570
0.503517207,0.334913074,0.,0.503517207,0.335684952,0.,0.,1.,0.,      829P   3571
0.,1.;                                                               829P   3572
126,23,3,1,0,1,0,0.,0.,0.,0.,0.125000000000011,                      831P   3573
0.125000000000011,0.187500000000008,0.187500000000008,               831P   3574
0.250000000000005,0.250000000000005,0.375000000000004,               831P   3575
0.375000000000004,0.500000000000003,0.500000000000003,               831P   3576
0.625000000000002,0.625000000000002,0.687500000000002,               831P   3577
0.687500000000002,0.750000000000001,0.750000000000001,               831P   3578
0.812500000000001,0.812500000000001,0.875000000000001,               831P   3579
0.875000000000001,1.,1.,1.,1.,1.,1.,1.,1.,1.,1.,1.,1.,1.,1.,1.,      831P   3580
1.,1.,1.,1.,1.,1.,1.,1.,1.,1.,1.,1.,1.,27.2561378,1.449764963,       831P   3581
3.906353632,27.2561378,1.455046569,3.906199517,27.256655702,         831P   3582
1.460239771,3.906040324,27.258177468,1.467902441,3.90579486,         831P   3583
27.258809799,1.470435319,3.90571193,27.260330275,1.475457424,        831P   3584
3.905544063,27.261222784,1.477953696,3.905458864,27.264230117,       831P   3585
1.485215523,3.905206252,27.266683864,1.489807931,3.905040077,        831P   3586
27.272480876,1.498499803,3.904715774,27.275855562,1.502616231,       831P   3587
3.904556872,27.283228258,1.50999606,3.904265088,27.287251139,        831P   3588
1.513308063,3.904130429,27.293802244,1.517695873,3.90394896,         831P   3589
27.296073047,1.519059025,3.903891992,27.300688352,1.521529774,       831P   3590
3.903787969,27.303044979,1.522646006,3.903740558,27.307854686,       831P   3591
1.524643843,3.903655218,27.310307766,1.525525447,3.903617288,        831P   3592
27.315311677,1.527050887,3.903551388,27.317873606,1.527696769,       831P   3593
3.903523328,27.325627476,1.529246544,3.90345583,27.330853864,        831P   3594
1.529764963,3.90343303,27.3361378,1.529764963,3.90343303,0.,1.,      831P   3595
0.014778115,0.029163932,0.999465393;                                 831P   3596
126,1,1,1,0,1,0,0.,0.,1.,1.,1.,1.,0.503517207,0.335684952,0.,        833P   3597
0.503517207,0.350088759,0.,0.,1.,0.,0.,1.;                           833P   3598
110,27.3361378,1.529764963,3.90343303,27.483864302,1.529764963,      835P   3599
3.90343303;                                                          835P   3600
126,16,2,1,0,1,0,0.,0.,0.,0.125,0.125,0.25,0.25,0.375,0.375,         837P   3601
0.5,0.5,0.625,0.625,0.75,0.75,0.875,0.875,1.,1.,1.,1.,1.,1.,1.,      837P   3602
1.,1.,1.,1.,1.,1.,1.,1.,1.,1.,1.,1.,1.,0.503517207,0.350088759,      837P   3603
0.,0.503517207,0.350856147,0.,0.503637579,0.351608845,0.,            837P   3604
0.503758277,0.35236358,0.,0.50399535,0.353074522,0.,0.50423114,      837P   3605
0.353781615,0.,0.504573042,0.354418343,0.,0.504916855,               837P   3606
0.35505863,0.,0.505354717,0.35560311,0.,0.50579025,0.356144697,      837P   3607
0.,0.506302134,0.356570708,0.,0.50681575,0.356998159,0.,             837P   3608
0.507386465,0.357292811,0.,0.507957043,0.357587392,0.,               837P   3609
0.508562716,0.35773789,0.,0.509170913,0.357889016,0.,                837P   3610
0.509790951,0.357889016,0.,0.,1.,0.,0.,1.;                           837P   3611
126,23,3,1,0,1,0,0.,0.,0.,0.,0.125000000000073,                      839P   3612
0.125000000000073,0.187500000000068,0.187500000000068,               839P   3613
0.250000000000063,0.250000000000063,0.375000000000053,               839P   3614
0.375000000000053,0.500000000000043,0.500000000000043,               839P   3615
0.625000000000032,0.625000000000032,0.687500000000025,               839P   3616
0.687500000000025,0.750000000000018,0.750000000000018,               839P   3617
0.81250000000001,0.81250000000001,0.875000000000003,                 839P   3618
0.875000000000003,1.,1.,1.,1.,1.,1.,1.,1.,1.,1.,1.,1.,1.,1.,1.,      839P   3619
1.,1.,1.,1.,1.,1.,1.,1.,1.,1.,1.,1.,1.,27.483864302,                 839P   3620
1.529764963,3.90343303,27.489148179,1.529764963,3.90343303,          839P   3621
27.494343674,1.529246618,3.903455823,27.502009785,1.527723472,       839P   3622
3.903522167,27.504543809,1.527090561,3.903549668,27.509568196,       839P   3623
1.525568657,3.903615427,27.512065296,1.524675393,3.903653865,        839P   3624
27.519328909,1.52166584,3.903782437,27.523922242,1.519210385,        839P   3625
3.903886283,27.532615415,1.513409555,3.904126272,27.536731102,       839P   3626
1.510033557,3.904263578,27.544108683,1.502659352,3.904555194,        839P   3627
27.547419572,1.49863579,3.904710608,27.551805676,1.49208372,         839P   3628
3.904955209,27.553167515,1.489813806,3.905038619,27.555636137,       839P   3629
1.485200097,3.905205142,27.556751456,1.482844243,3.90528871,         839P   3630
27.558747707,1.478036002,3.90545603,27.559628638,1.475583614,        839P   3631
3.905539781,27.561152923,1.47058098,3.905707122,27.561798348,        839P   3632
1.468019359,3.905791072,27.563346349,1.460270121,3.906039434,        839P   3633
27.563864302,1.455046498,3.906199519,27.563864302,1.449764963,       839P   3634
3.906353632,0.,1.,0.,0.043930516,0.999034589;                        839P   3635
126,1,1,1,0,1,0,0.,0.,1.,1.,1.,1.,0.509790951,0.357889016,0.,        841P   3636
0.531163851,0.357889016,0.,0.,1.,0.,0.,1.;                           841P   3637
126,3,3,1,0,1,0,0.509790950705278,0.509790950705278,                 843P   3638
0.509790950705278,0.509790950705278,0.531163851075642,               843P   3639
0.531163851075642,0.531163851075642,0.531163851075642,1.,1.,1.,      843P   3640
1.,27.563864302,1.449764963,3.906353632,27.563864302,                843P   3641
1.358851559,3.909006442,27.563864302,1.267715887,3.909395153,        843P   3642
27.563864302,1.176435807,3.907490217,0.509790950705278,              843P   3643
0.531163851075642,-1.,0.,0.;                                         843P   3644
126,16,2,1,0,1,0,0.,0.,0.,0.125,0.125,0.25,0.25,0.375,0.375,         845P   3645
0.5,0.5,0.625,0.625,0.75,0.75,0.875,0.875,1.,1.,1.,1.,1.,1.,1.,      845P   3646
1.,1.,1.,1.,1.,1.,1.,1.,1.,1.,1.,1.,1.,0.531163851,0.357889016,      845P   3647
0.,0.531777911,0.357889016,0.,0.5323801,0.357739575,0.,              845P   3648
0.532983954,0.357589721,0.,0.533552664,0.357295366,0.,               845P   3649
0.534118396,0.357002552,0.,0.53462775,0.35657791,0.,                 845P   3650
0.535140074,0.356150791,0.,0.53557569,0.355606722,0.,                845P   3651
0.536009055,0.355065464,0.,0.536349923,0.354429147,0.,               845P   3652
0.53669204,0.3537905,0.,0.53692786,0.353080613,0.,0.53716361,        845P   3653
0.352370935,0.,0.537284058,0.351617351,0.,0.537405023,               845P   3654
0.350860543,0.,0.537405023,0.350088759,0.,0.,1.,0.,0.,1.;            845P   3655
126,23,3,1,0,1,0,0.,0.,0.,0.,0.124999999999968,                      847P   3656
0.124999999999968,0.187499999999942,0.187499999999942,               847P   3657
0.249999999999915,0.249999999999915,0.374999999999894,               847P   3658
0.374999999999894,0.499999999999873,0.499999999999873,               847P   3659
0.624999999999852,0.624999999999852,0.687499999999877,               847P   3660
0.687499999999877,0.749999999999901,0.749999999999901,               847P   3661
0.812499999999926,0.812499999999926,0.874999999999951,               847P   3662
0.874999999999951,1.,1.,1.,1.,1.,1.,1.,1.,1.,1.,1.,1.,1.,1.,1.,      847P   3663
1.,1.,1.,1.,1.,1.,1.,1.,1.,1.,1.,1.,1.,27.563864302,                 847P   3664
1.176435807,3.907490217,27.563864302,1.171153787,3.907379986,        847P   3665
27.563346319,1.165960139,3.907263935,27.561824278,1.158296768,       847P   3666
3.907082115,27.561191831,1.155763651,3.90702022,27.559671062,        847P   3667
1.150741061,3.906894058,27.558778394,1.1482446,3.906829588,          847P   3668
27.55577058,1.14098234,3.906637276,27.553316451,1.136389687,         847P   3669
3.906509229,27.547518556,1.127697437,3.906257082,27.544143518,       847P   3670
1.123581089,3.906132355,27.536770344,1.116201632,3.90590184,         847P   3671
27.532747239,1.11288984,3.905794676,27.526195839,1.108502392,        847P   3672
3.905649632,27.523925182,1.107139515,3.905603985,27.519310161,       847P   3673
1.104669232,3.90552048,27.51695368,1.103553208,3.905482338,          847P   3674
27.51214427,1.101555746,3.905413588,27.509691341,1.100674309,        847P   3675
3.905382979,27.504687737,1.099149164,3.905329746,27.502125902,       847P   3676
1.098503406,3.905307049,27.494373165,1.096954086,3.905252425,        847P   3677
27.489147517,1.096435807,3.905233931,27.483864302,1.096435807,       847P   3678
3.905233931,0.,1.,-0.014792183,-0.020862306,0.999672924;             847P   3679
126,1,1,1,0,1,0,0.,0.,1.,1.,1.,1.,0.537405023,0.350088759,0.,        849P   3680
0.537405023,0.335684952,0.,0.,1.,0.,0.,1.;                           849P   3681
110,27.483864302,1.096435807,3.905233931,27.3361378,                 851P   3682
1.096435807,3.905233931;                                             851P   3683
126,16,2,1,0,1,0,0.,0.,0.,0.125,0.125,0.25,0.25,0.375,0.375,         853P   3684
0.5,0.5,0.625,0.625,0.75,0.75,0.875,0.875,1.,1.,1.,1.,1.,1.,1.,      853P   3685
1.,1.,1.,1.,1.,1.,1.,1.,1.,1.,1.,1.,1.,0.537405023,0.335684952,      853P   3686
0.,0.537405023,0.334917643,0.,0.537285444,0.334165053,0.,            853P   3687
0.537165529,0.333410349,0.,0.536929988,0.332699513,0.,               853P   3688
0.536695678,0.331992394,0.,0.536355898,0.331355738,0.,               853P   3689
0.536014141,0.330715379,0.,0.535578836,0.330170922,0.,               853P   3690
0.535145763,0.329629256,0.,0.534636651,0.329203236,0.,               853P   3691
0.534125722,0.328775695,0.,0.533557799,0.328481007,0.,               853P   3692
0.532989985,0.328186374,0.,0.532386994,0.328035852,0.,               853P   3693
0.53178146,0.327884696,0.,0.531163851,0.327884696,0.,0.,1.,0.,       853P   3694
0.,1.;                                                               853P   3695
126,23,3,1,0,1,0,0.,0.,0.,0.,0.125000000000059,                      855P   3696
0.125000000000059,0.187500000000088,0.187500000000088,               855P   3697
0.250000000000117,0.250000000000117,0.375000000000097,               855P   3698
0.375000000000097,0.500000000000078,0.500000000000078,               855P   3699
0.625000000000058,0.625000000000058,0.687500000000049,               855P   3700
0.687500000000049,0.750000000000039,0.750000000000039,               855P   3701
0.812500000000029,0.812500000000029,0.875000000000019,               855P   3702
0.875000000000019,1.,1.,1.,1.,1.,1.,1.,1.,1.,1.,1.,1.,1.,1.,1.,      855P   3703
1.,1.,1.,1.,1.,1.,1.,1.,1.,1.,1.,1.,1.,27.3361378,1.096435807,       855P   3704
3.905233931,27.330854618,1.096435807,3.905233931,27.325659759,       855P   3705
1.096954016,3.905252419,27.317994525,1.098476794,3.905306113,        855P   3706
27.315460779,1.099109554,3.905328358,27.310436922,1.100631101,       855P   3707
3.905381477,27.307940003,1.101524179,3.905412497,27.300676756,       855P   3708
1.104533199,3.905516078,27.296083575,1.106988263,3.905599536,        855P   3709
27.287390554,1.112788275,3.905791358,27.283274612,1.116164032,       855P   3710
3.905900638,27.275896392,1.123538016,3.906131037,27.272585202,       855P   3711
1.127561495,3.906253046,27.268198668,1.134113447,3.906443244,        855P   3712
27.266836529,1.136383585,3.906507813,27.264367428,1.140997687,       855P   3713
3.906636035,27.263251907,1.143353729,3.906700043,27.26125531,        855P   3714
1.14816232,3.906827438,27.260374236,1.15061487,3.906890824,          855P   3715
27.258849711,1.155617793,3.907016617,27.258204192,1.158179488,       855P   3716
3.90707929,27.256655838,1.165929667,3.907263295,27.2561378,          855P   3717
1.171153829,3.907379987,27.2561378,1.176435807,3.907490217,0.,       855P   3718
1.,0.,-0.035653928,0.999364197;                                      855P   3719
102,8,825,829,833,837,841,845,849,853;                               857P   3720
102,8,827,831,835,839,843,847,851,855;                               859P   3721
142,1,3,857,859,1;                                                   861P   3722
126,1,1,1,0,1,0,0.,0.,1.,1.,1.,1.,0.531163851,0.390286746,0.,        863P   3723
0.509790951,0.390286746,0.,0.,1.,0.,0.,1.;                           863P   3724
126,3,3,1,0,1,0,0.468836148924358,0.468836148924358,                 865P   3725
0.468836148924358,0.468836148924358,0.490209049294722,               865P   3726
0.490209049294722,0.490209049294722,0.490209049294722,1.,1.,1.,      865P   3727
1.,27.8961378,1.176435807,3.907490217,27.8961378,1.267715887,        865P   3728
3.909395153,27.8961378,1.358851559,3.909006442,27.8961378,           865P   3729
1.449764963,3.906353632,0.468836148924358,0.490209049294722,1.,      865P   3730
0.,0.;                                                               865P   3731
126,16,2,1,0,1,0,0.,0.,0.,0.125,0.125,0.25,0.25,0.375,0.375,         867P   3732
0.5,0.5,0.625,0.625,0.75,0.75,0.875,0.875,1.,1.,1.,1.,1.,1.,1.,      867P   3733
1.,1.,1.,1.,1.,1.,1.,1.,1.,1.,1.,1.,1.,0.509790951,0.390286746,      867P   3734
0.,0.509174465,0.390286746,0.,0.508569619,0.390436161,0.,            867P   3735
0.507963092,0.390585992,0.,0.507391626,0.39088029,0.,                867P   3736
0.506823103,0.391173072,0.,0.506311066,0.391597635,0.,               867P   3737
0.505795962,0.392024739,0.,0.505357879,0.392568722,0.,               867P   3738
0.504921976,0.393109996,0.,0.50457906,0.393746232,0.,                867P   3739
0.504234803,0.394384959,0.,0.503997491,0.395094827,0.,               867P   3740
0.503760213,0.395804597,0.,0.503638978,0.396558194,0.,               867P   3741
0.503517207,0.397315125,0.,0.503517207,0.398087003,0.,0.,1.,0.,      867P   3742
0.,1.;                                                               867P   3743
126,23,3,1,0,1,0,0.,0.,0.,0.,0.125000000000005,                      869P   3744
0.125000000000005,0.187500000000019,0.187500000000019,               869P   3745
0.250000000000032,0.250000000000032,0.375000000000027,               869P   3746
0.375000000000027,0.500000000000021,0.500000000000021,               869P   3747
0.625000000000016,0.625000000000016,0.687500000000013,               869P   3748
0.687500000000013,0.75000000000001,0.75000000000001,                 869P   3749
0.812500000000008,0.812500000000008,0.875000000000005,               869P   3750
0.875000000000005,1.,1.,1.,1.,1.,1.,1.,1.,1.,1.,1.,1.,1.,1.,1.,      869P   3751
1.,1.,1.,1.,1.,1.,1.,1.,1.,1.,1.,1.,1.,27.8961378,1.449764963,       869P   3752
3.906353632,27.8961378,1.455046569,3.906199517,27.896655702,         869P   3753
1.460239771,3.906040324,27.898177468,1.467902441,3.90579486,         869P   3754
27.898809799,1.470435319,3.90571193,27.900330275,1.475457424,        869P   3755
3.905544063,27.901222784,1.477953696,3.905458864,27.904230117,       869P   3756
1.485215523,3.905206252,27.906683864,1.489807931,3.905040077,        869P   3757
27.912480876,1.498499803,3.904715774,27.915855562,1.502616231,       869P   3758
3.904556872,27.923228258,1.50999606,3.904265088,27.927251139,        869P   3759
1.513308063,3.904130429,27.933802244,1.517695873,3.90394896,         869P   3760
27.936073047,1.519059025,3.903891992,27.940688352,1.521529774,       869P   3761
3.903787969,27.943044979,1.522646006,3.903740558,27.947854686,       869P   3762
1.524643843,3.903655218,27.950307766,1.525525447,3.903617288,        869P   3763
27.955311677,1.527050887,3.903551388,27.957873606,1.527696769,       869P   3764
3.903523328,27.965627476,1.529246544,3.90345583,27.970853864,        869P   3765
1.529764963,3.90343303,27.9761378,1.529764963,3.90343303,0.,1.,      869P   3766
0.014778115,0.029163932,0.999465393;                                 869P   3767
126,1,1,1,0,1,0,0.,0.,1.,1.,1.,1.,0.503517207,0.398087003,0.,        871P   3768
0.503517207,0.41249081,0.,0.,1.,0.,0.,1.;                            871P   3769
110,27.9761378,1.529764963,3.90343303,28.123864302,1.529764963,      873P   3770
3.90343303;                                                          873P   3771
126,16,2,1,0,1,0,0.,0.,0.,0.125,0.125,0.25,0.25,0.375,0.375,         875P   3772
0.5,0.5,0.625,0.625,0.75,0.75,0.875,0.875,1.,1.,1.,1.,1.,1.,1.,      875P   3773
1.,1.,1.,1.,1.,1.,1.,1.,1.,1.,1.,1.,1.,0.503517207,0.41249081,       875P   3774
0.,0.503517207,0.413258198,0.,0.503637579,0.414010896,0.,            875P   3775
0.503758277,0.41476563,0.,0.50399535,0.415476572,0.,0.50423114,      875P   3776
0.416183666,0.,0.504573042,0.416820393,0.,0.504916855,               875P   3777
0.41746068,0.,0.505354717,0.418005161,0.,0.50579025,                 875P   3778
0.418546748,0.,0.506302134,0.418972758,0.,0.50681575,                875P   3779
0.419400209,0.,0.507386465,0.419694861,0.,0.507957043,               875P   3780
0.419989442,0.,0.508562716,0.420139941,0.,0.509170913,               875P   3781
0.420291066,0.,0.509790951,0.420291066,0.,0.,1.,0.,0.,1.;            875P   3782
126,23,3,1,0,1,0,0.,0.,0.,0.,0.125000000000077,                      877P   3783
0.125000000000077,0.187500000000074,0.187500000000074,               877P   3784
0.25000000000007,0.25000000000007,0.375000000000064,                 877P   3785
0.375000000000064,0.500000000000057,0.500000000000057,               877P   3786
0.62500000000005,0.62500000000005,0.687500000000044,                 877P   3787
0.687500000000044,0.750000000000039,0.750000000000039,               877P   3788
0.812500000000033,0.812500000000033,0.875000000000027,               877P   3789
0.875000000000027,1.,1.,1.,1.,1.,1.,1.,1.,1.,1.,1.,1.,1.,1.,1.,      877P   3790
1.,1.,1.,1.,1.,1.,1.,1.,1.,1.,1.,1.,1.,28.123864302,                 877P   3791
1.529764963,3.90343303,28.129148179,1.529764963,3.90343303,          877P   3792
28.134343674,1.529246618,3.903455823,28.142009785,1.527723472,       877P   3793
3.903522167,28.144543809,1.527090561,3.903549668,28.149568196,       877P   3794
1.525568657,3.903615427,28.152065296,1.524675393,3.903653865,        877P   3795
28.159328909,1.52166584,3.903782437,28.163922242,1.519210385,        877P   3796
3.903886283,28.172615415,1.513409555,3.904126272,28.176731102,       877P   3797
1.510033557,3.904263578,28.184108683,1.502659352,3.904555194,        877P   3798
28.187419572,1.49863579,3.904710608,28.191805676,1.49208372,         877P   3799
3.904955209,28.193167515,1.489813806,3.905038619,28.195636137,       877P   3800
1.485200097,3.905205142,28.196751456,1.482844243,3.90528871,         877P   3801
28.198747707,1.478036002,3.90545603,28.199628638,1.475583614,        877P   3802
3.905539781,28.201152923,1.47058098,3.905707122,28.201798348,        877P   3803
1.468019359,3.905791072,28.203346349,1.460270121,3.906039434,        877P   3804
28.203864302,1.455046498,3.906199519,28.203864302,1.449764963,       877P   3805
3.906353632,0.,1.,0.,0.043930516,0.999034589;                        877P   3806
126,1,1,1,0,1,0,0.,0.,1.,1.,1.,1.,0.509790951,0.420291066,0.,        879P   3807
0.531163851,0.420291066,0.,0.,1.,0.,0.,1.;                           879P   3808
126,3,3,1,0,1,0,0.509790950705278,0.509790950705278,                 881P   3809
0.509790950705278,0.509790950705278,0.531163851075642,               881P   3810
0.531163851075642,0.531163851075642,0.531163851075642,1.,1.,1.,      881P   3811
1.,28.203864302,1.449764963,3.906353632,28.203864302,                881P   3812
1.358851559,3.909006442,28.203864302,1.267715887,3.909395153,        881P   3813
28.203864302,1.176435807,3.907490217,0.509790950705278,              881P   3814
0.531163851075642,-1.,0.,0.;                                         881P   3815
126,16,2,1,0,1,0,0.,0.,0.,0.125,0.125,0.25,0.25,0.375,0.375,         883P   3816
0.5,0.5,0.625,0.625,0.75,0.75,0.875,0.875,1.,1.,1.,1.,1.,1.,1.,      883P   3817
1.,1.,1.,1.,1.,1.,1.,1.,1.,1.,1.,1.,1.,0.531163851,0.420291066,      883P   3818
0.,0.531777911,0.420291066,0.,0.5323801,0.420141625,0.,              883P   3819
0.532983954,0.419991771,0.,0.533552664,0.419697417,0.,               883P   3820
0.534118396,0.419404603,0.,0.53462775,0.41897996,0.,                 883P   3821
0.535140074,0.418552842,0.,0.53557569,0.418008773,0.,                883P   3822
0.536009055,0.417467514,0.,0.536349923,0.416831198,0.,               883P   3823
0.53669204,0.416192551,0.,0.53692786,0.415482664,0.,0.53716361,      883P   3824
0.414772985,0.,0.537284058,0.414019402,0.,0.537405023,               883P   3825
0.413262594,0.,0.537405023,0.41249081,0.,0.,1.,0.,0.,1.;             883P   3826
126,23,3,1,0,1,0,0.,0.,0.,0.,0.124999999999956,                      885P   3827
0.124999999999956,0.187499999999944,0.187499999999944,               885P   3828
0.249999999999933,0.249999999999933,0.374999999999911,               885P   3829
0.374999999999911,0.499999999999888,0.499999999999888,               885P   3830
0.624999999999866,0.624999999999866,0.687499999999888,               885P   3831
0.687499999999888,0.749999999999911,0.749999999999911,               885P   3832
0.812499999999933,0.812499999999933,0.874999999999955,               885P   3833
0.874999999999955,1.,1.,1.,1.,1.,1.,1.,1.,1.,1.,1.,1.,1.,1.,1.,      885P   3834
1.,1.,1.,1.,1.,1.,1.,1.,1.,1.,1.,1.,1.,28.203864302,                 885P   3835
1.176435807,3.907490217,28.203864302,1.171153787,3.907379986,        885P   3836
28.203346319,1.165960139,3.907263935,28.201824278,1.158296768,       885P   3837
3.907082115,28.201191831,1.155763651,3.90702022,28.199671062,        885P   3838
1.150741061,3.906894058,28.198778394,1.1482446,3.906829588,          885P   3839
28.19577058,1.14098234,3.906637276,28.193316451,1.136389687,         885P   3840
3.906509229,28.187518556,1.127697437,3.906257082,28.184143518,       885P   3841
1.123581089,3.906132355,28.176770344,1.116201632,3.90590184,         885P   3842
28.172747239,1.11288984,3.905794676,28.166195839,1.108502392,        885P   3843
3.905649632,28.163925182,1.107139515,3.905603985,28.159310161,       885P   3844
1.104669232,3.90552048,28.15695368,1.103553208,3.905482338,          885P   3845
28.15214427,1.101555746,3.905413588,28.149691341,1.100674309,        885P   3846
3.905382979,28.144687737,1.099149164,3.905329746,28.142125902,       885P   3847
1.098503406,3.905307049,28.134373165,1.096954086,3.905252425,        885P   3848
28.129147517,1.096435807,3.905233931,28.123864302,1.096435807,       885P   3849
3.905233931,0.,1.,-0.014792183,-0.020862306,0.999672924;             885P   3850
126,1,1,1,0,1,0,0.,0.,1.,1.,1.,1.,0.537405023,0.41249081,0.,         887P   3851
0.537405023,0.398087003,0.,0.,1.,0.,0.,1.;                           887P   3852
110,28.123864302,1.096435807,3.905233931,27.9761378,                 889P   3853
1.096435807,3.905233931;                                             889P   3854
126,16,2,1,0,1,0,0.,0.,0.,0.125,0.125,0.25,0.25,0.375,0.375,         891P   3855
0.5,0.5,0.625,0.625,0.75,0.75,0.875,0.875,1.,1.,1.,1.,1.,1.,1.,      891P   3856
1.,1.,1.,1.,1.,1.,1.,1.,1.,1.,1.,1.,1.,0.537405023,0.398087003,      891P   3857
0.,0.537405023,0.397319694,0.,0.537285444,0.396567103,0.,            891P   3858
0.537165529,0.395812399,0.,0.536929988,0.395101564,0.,               891P   3859
0.536695678,0.394394444,0.,0.536355898,0.393757789,0.,               891P   3860
0.536014141,0.39311743,0.,0.535578836,0.392572972,0.,                891P   3861
0.535145763,0.392031307,0.,0.534636651,0.391605287,0.,               891P   3862
0.534125722,0.391177746,0.,0.533557799,0.390883057,0.,               891P   3863
0.532989985,0.390588425,0.,0.532386994,0.390437903,0.,               891P   3864
0.53178146,0.390286746,0.,0.531163851,0.390286746,0.,0.,1.,0.,       891P   3865
0.,1.;                                                               891P   3866
126,23,3,1,0,1,0,0.,0.,0.,0.,0.124999999999942,                      893P   3867
0.124999999999942,0.187499999999914,0.187499999999914,               893P   3868
0.249999999999885,0.249999999999885,0.374999999999905,               893P   3869
0.374999999999905,0.499999999999926,0.499999999999926,               893P   3870
0.624999999999947,0.624999999999947,0.687499999999955,               893P   3871
0.687499999999955,0.749999999999963,0.749999999999963,               893P   3872
0.812499999999971,0.812499999999971,0.874999999999979,               893P   3873
0.874999999999979,1.,1.,1.,1.,1.,1.,1.,1.,1.,1.,1.,1.,1.,1.,1.,      893P   3874
1.,1.,1.,1.,1.,1.,1.,1.,1.,1.,1.,1.,1.,27.9761378,1.096435807,       893P   3875
3.905233931,27.970854618,1.096435807,3.905233931,27.965659759,       893P   3876
1.096954016,3.905252419,27.957994525,1.098476794,3.905306113,        893P   3877
27.955460779,1.099109554,3.905328358,27.950436922,1.100631101,       893P   3878
3.905381477,27.947940003,1.101524179,3.905412497,27.940676756,       893P   3879
1.104533199,3.905516078,27.936083575,1.106988263,3.905599536,        893P   3880
27.927390554,1.112788275,3.905791358,27.923274612,1.116164032,       893P   3881
3.905900638,27.915896392,1.123538016,3.906131037,27.912585202,       893P   3882
1.127561495,3.906253046,27.908198668,1.134113447,3.906443244,        893P   3883
27.906836529,1.136383585,3.906507813,27.904367428,1.140997687,       893P   3884
3.906636035,27.903251907,1.143353729,3.906700043,27.90125531,        893P   3885
1.14816232,3.906827438,27.900374236,1.15061487,3.906890824,          893P   3886
27.898849711,1.155617793,3.907016617,27.898204192,1.158179488,       893P   3887
3.90707929,27.896655838,1.165929667,3.907263295,27.8961378,          893P   3888
1.171153829,3.907379987,27.8961378,1.176435807,3.907490217,0.,       893P   3889
1.,0.,-0.035653928,0.999364197;                                      893P   3890
102,8,863,867,871,875,879,883,887,891;                               895P   3891
102,8,865,869,873,877,881,885,889,893;                               897P   3892
142,1,3,895,897,1;                                                   899P   3893
126,1,1,1,0,1,0,0.,0.,1.,1.,1.,1.,0.531163851,0.452688797,0.,        901P   3894
0.509790951,0.452688797,0.,0.,1.,0.,0.,1.;                           901P   3895
126,3,3,1,0,1,0,0.468836148924358,0.468836148924358,                 903P   3896
0.468836148924358,0.468836148924358,0.490209049294722,               903P   3897
0.490209049294722,0.490209049294722,0.490209049294722,1.,1.,1.,      903P   3898
1.,28.5361378,1.176435807,3.907490217,28.5361378,1.267715887,        903P   3899
3.909395153,28.5361378,1.358851559,3.909006442,28.5361378,           903P   3900
1.449764963,3.906353632,0.468836148924358,0.490209049294722,1.,      903P   3901
0.,0.;                                                               903P   3902
126,16,2,1,0,1,0,0.,0.,0.,0.125,0.125,0.25,0.25,0.375,0.375,         905P   3903
0.5,0.5,0.625,0.625,0.75,0.75,0.875,0.875,1.,1.,1.,1.,1.,1.,1.,      905P   3904
1.,1.,1.,1.,1.,1.,1.,1.,1.,1.,1.,1.,1.,0.509790951,0.452688797,      905P   3905
0.,0.509174465,0.452688797,0.,0.508569619,0.452838212,0.,            905P   3906
0.507963092,0.452988043,0.,0.507391626,0.453282341,0.,               905P   3907
0.506823103,0.453575123,0.,0.506311066,0.453999686,0.,               905P   3908
0.505795962,0.45442679,0.,0.505357879,0.454970773,0.,                905P   3909
0.504921976,0.455512047,0.,0.50457906,0.456148283,0.,                905P   3910
0.504234803,0.456787009,0.,0.503997491,0.457496878,0.,               905P   3911
0.503760213,0.458206648,0.,0.503638978,0.458960245,0.,               905P   3912
0.503517207,0.459717175,0.,0.503517207,0.460489053,0.,0.,1.,0.,      905P   3913
0.,1.;                                                               905P   3914
126,23,3,1,0,1,0,0.,0.,0.,0.,0.125000000000013,                      907P   3915
0.125000000000013,0.187500000000028,0.187500000000028,               907P   3916
0.250000000000043,0.250000000000043,0.375000000000036,               907P   3917
0.375000000000036,0.500000000000029,0.500000000000029,               907P   3918
0.625000000000021,0.625000000000021,0.687500000000018,               907P   3919
0.687500000000018,0.750000000000014,0.750000000000014,               907P   3920
0.812500000000011,0.812500000000011,0.875000000000007,               907P   3921
0.875000000000007,1.,1.,1.,1.,1.,1.,1.,1.,1.,1.,1.,1.,1.,1.,1.,      907P   3922
1.,1.,1.,1.,1.,1.,1.,1.,1.,1.,1.,1.,1.,28.5361378,1.449764963,       907P   3923
3.906353632,28.5361378,1.455046569,3.906199517,28.536655702,         907P   3924
1.460239771,3.906040324,28.538177468,1.467902441,3.90579486,         907P   3925
28.538809799,1.470435319,3.90571193,28.540330275,1.475457424,        907P   3926
3.905544063,28.541222784,1.477953696,3.905458864,28.544230117,       907P   3927
1.485215523,3.905206252,28.546683864,1.489807931,3.905040077,        907P   3928
28.552480876,1.498499803,3.904715774,28.555855562,1.502616231,       907P   3929
3.904556872,28.563228258,1.50999606,3.904265088,28.567251139,        907P   3930
1.513308063,3.904130429,28.573802244,1.517695873,3.90394896,         907P   3931
28.576073047,1.519059025,3.903891992,28.580688352,1.521529774,       907P   3932
3.903787969,28.583044979,1.522646006,3.903740558,28.587854686,       907P   3933
1.524643843,3.903655218,28.590307766,1.525525447,3.903617288,        907P   3934
28.595311677,1.527050887,3.903551388,28.597873606,1.527696769,       907P   3935
3.903523328,28.605627476,1.529246544,3.90345583,28.610853864,        907P   3936
1.529764963,3.90343303,28.6161378,1.529764963,3.90343303,0.,1.,      907P   3937
0.014778115,0.029163932,0.999465393;                                 907P   3938
126,1,1,1,0,1,0,0.,0.,1.,1.,1.,1.,0.503517207,0.460489053,0.,        909P   3939
0.503517207,0.474892861,0.,0.,1.,0.,0.,1.;                           909P   3940
110,28.6161378,1.529764963,3.90343303,28.763864302,1.529764963,      911P   3941
3.90343303;                                                          911P   3942
126,16,2,1,0,1,0,0.,0.,0.,0.125,0.125,0.25,0.25,0.375,0.375,         913P   3943
0.5,0.5,0.625,0.625,0.75,0.75,0.875,0.875,1.,1.,1.,1.,1.,1.,1.,      913P   3944
1.,1.,1.,1.,1.,1.,1.,1.,1.,1.,1.,1.,1.,0.503517207,0.474892861,      913P   3945
0.,0.503517207,0.475660248,0.,0.503637579,0.476412946,0.,            913P   3946
0.503758277,0.477167681,0.,0.50399535,0.477878623,0.,                913P   3947
0.50423114,0.478585717,0.,0.504573042,0.479222444,0.,                913P   3948
0.504916855,0.479862731,0.,0.505354717,0.480407212,0.,               913P   3949
0.50579025,0.480948799,0.,0.506302134,0.481374809,0.,                913P   3950
0.50681575,0.48180226,0.,0.507386465,0.482096912,0.,                 913P   3951
0.507957043,0.482391493,0.,0.508562716,0.482541991,0.,               913P   3952
0.509170913,0.482693117,0.,0.509790951,0.482693117,0.,0.,1.,0.,      913P   3953
0.,1.;                                                               913P   3954
126,23,3,1,0,1,0,0.,0.,0.,0.,0.125000000000136,                      915P   3955
0.125000000000136,0.187500000000162,0.187500000000162,               915P   3956
0.250000000000188,0.250000000000188,0.375000000000159,               915P   3957
0.375000000000159,0.500000000000131,0.500000000000131,               915P   3958
0.625000000000102,0.625000000000102,0.687500000000088,               915P   3959
0.687500000000088,0.750000000000074,0.750000000000074,               915P   3960
0.81250000000006,0.81250000000006,0.875000000000045,                 915P   3961
0.875000000000045,1.,1.,1.,1.,1.,1.,1.,1.,1.,1.,1.,1.,1.,1.,1.,      915P   3962
1.,1.,1.,1.,1.,1.,1.,1.,1.,1.,1.,1.,1.,28.763864302,                 915P   3963
1.529764963,3.90343303,28.769148179,1.529764963,3.90343303,          915P   3964
28.774343674,1.529246618,3.903455823,28.782009785,1.527723472,       915P   3965
3.903522167,28.784543809,1.527090561,3.903549668,28.789568196,       915P   3966
1.525568657,3.903615427,28.792065296,1.524675393,3.903653865,        915P   3967
28.799328909,1.52166584,3.903782437,28.803922242,1.519210385,        915P   3968
3.903886283,28.812615415,1.513409555,3.904126272,28.816731102,       915P   3969
1.510033557,3.904263578,28.824108683,1.502659352,3.904555194,        915P   3970
28.827419572,1.49863579,3.904710608,28.831805676,1.49208372,         915P   3971
3.904955209,28.833167515,1.489813806,3.905038619,28.835636137,       915P   3972
1.485200097,3.905205142,28.836751456,1.482844243,3.90528871,         915P   3973
28.838747707,1.478036002,3.90545603,28.839628638,1.475583614,        915P   3974
3.905539781,28.841152923,1.47058098,3.905707122,28.841798348,        915P   3975
1.468019359,3.905791072,28.843346349,1.460270121,3.906039434,        915P   3976
28.843864302,1.455046498,3.906199519,28.843864302,1.449764963,       915P   3977
3.906353632,0.,1.,0.,0.043930516,0.999034589;                        915P   3978
126,1,1,1,0,1,0,0.,0.,1.,1.,1.,1.,0.509790951,0.482693117,0.,        917P   3979
0.531163851,0.482693117,0.,0.,1.,0.,0.,1.;                           917P   3980
126,3,3,1,0,1,0,0.509790950705278,0.509790950705278,                 919P   3981
0.509790950705278,0.509790950705278,0.531163851075642,               919P   3982
0.531163851075642,0.531163851075642,0.531163851075642,1.,1.,1.,      919P   3983
1.,28.843864302,1.449764963,3.906353632,28.843864302,                919P   3984
1.358851559,3.909006442,28.843864302,1.267715887,3.909395153,        919P   3985
28.843864302,1.176435807,3.907490217,0.509790950705278,              919P   3986
0.531163851075642,-1.,0.,0.;                                         919P   3987
126,16,2,1,0,1,0,0.,0.,0.,0.125,0.125,0.25,0.25,0.375,0.375,         921P   3988
0.5,0.5,0.625,0.625,0.75,0.75,0.875,0.875,1.,1.,1.,1.,1.,1.,1.,      921P   3989
1.,1.,1.,1.,1.,1.,1.,1.,1.,1.,1.,1.,1.,0.531163851,0.482693117,      921P   3990
0.,0.531777911,0.482693117,0.,0.5323801,0.482543676,0.,              921P   3991
0.532983954,0.482393822,0.,0.533552664,0.482099467,0.,               921P   3992
0.534118396,0.481806653,0.,0.53462775,0.481382011,0.,                921P   3993
0.535140074,0.480954893,0.,0.53557569,0.480410823,0.,                921P   3994
0.536009055,0.479869565,0.,0.536349923,0.479233249,0.,               921P   3995
0.53669204,0.478594601,0.,0.53692786,0.477884714,0.,0.53716361,      921P   3996
0.477175036,0.,0.537284058,0.476421453,0.,0.537405023,               921P   3997
0.475664645,0.,0.537405023,0.474892861,0.,0.,1.,0.,0.,1.;            921P   3998
126,23,3,1,0,1,0,0.,0.,0.,0.,0.124999999999956,                      923P   3999
0.124999999999956,0.187499999999944,0.187499999999944,               923P   4000
0.249999999999933,0.249999999999933,0.374999999999911,               923P   4001
0.374999999999911,0.499999999999888,0.499999999999888,               923P   4002
0.624999999999866,0.624999999999866,0.687499999999888,               923P   4003
0.687499999999888,0.749999999999911,0.749999999999911,               923P   4004
0.812499999999933,0.812499999999933,0.874999999999955,               923P   4005
0.874999999999955,1.,1.,1.,1.,1.,1.,1.,1.,1.,1.,1.,1.,1.,1.,1.,      923P   4006
1.,1.,1.,1.,1.,1.,1.,1.,1.,1.,1.,1.,1.,28.843864302,                 923P   4007
1.176435807,3.907490217,28.843864302,1.171153787,3.907379986,        923P   4008
28.843346319,1.165960139,3.907263935,28.841824278,1.158296768,       923P   4009
3.907082115,28.841191831,1.155763651,3.90702022,28.839671062,        923P   4010
1.150741061,3.906894058,28.838778394,1.1482446,3.906829588,          923P   4011
28.83577058,1.14098234,3.906637276,28.833316451,1.136389687,         923P   4012
3.906509229,28.827518556,1.127697437,3.906257082,28.824143518,       923P   4013
1.123581089,3.906132355,28.816770344,1.116201632,3.90590184,         923P   4014
28.812747239,1.11288984,3.905794676,28.806195839,1.108502392,        923P   4015
3.905649632,28.803925182,1.107139515,3.905603985,28.799310161,       923P   4016
1.104669232,3.90552048,28.79695368,1.103553208,3.905482338,          923P   4017
28.79214427,1.101555746,3.905413588,28.789691341,1.100674309,        923P   4018
3.905382979,28.784687737,1.099149164,3.905329746,28.782125902,       923P   4019
1.098503406,3.905307049,28.774373165,1.096954086,3.905252425,        923P   4020
28.769147517,1.096435807,3.905233931,28.763864302,1.096435807,       923P   4021
3.905233931,0.,1.,-0.014792183,-0.020862306,0.999672924;             923P   4022
126,1,1,1,0,1,0,0.,0.,1.,1.,1.,1.,0.537405023,0.474892861,0.,        925P   4023
0.537405023,0.460489053,0.,0.,1.,0.,0.,1.;                           925P   4024
110,28.763864302,1.096435807,3.905233931,28.6161378,                 927P   4025
1.096435807,3.905233931;                                             927P   4026
126,16,2,1,0,1,0,0.,0.,0.,0.125,0.125,0.25,0.25,0.375,0.375,         929P   4027
0.5,0.5,0.625,0.625,0.75,0.75,0.875,0.875,1.,1.,1.,1.,1.,1.,1.,      929P   4028
1.,1.,1.,1.,1.,1.,1.,1.,1.,1.,1.,1.,1.,0.537405023,0.460489053,      929P   4029
0.,0.537405023,0.459721744,0.,0.537285444,0.458969154,0.,            929P   4030
0.537165529,0.45821445,0.,0.536929988,0.457503614,0.,                929P   4031
0.536695678,0.456796495,0.,0.536355898,0.456159839,0.,               929P   4032
0.536014141,0.45551948,0.,0.535578836,0.454975023,0.,                929P   4033
0.535145763,0.454433357,0.,0.534636651,0.454007337,0.,               929P   4034
0.534125722,0.453579797,0.,0.533557799,0.453285108,0.,               929P   4035
0.532989985,0.452990475,0.,0.532386994,0.452839954,0.,               929P   4036
0.53178146,0.452688797,0.,0.531163851,0.452688797,0.,0.,1.,0.,       929P   4037
0.,1.;                                                               929P   4038
126,23,3,1,0,1,0,0.,0.,0.,0.,0.125000000000059,                      931P   4039
0.125000000000059,0.187500000000088,0.187500000000088,               931P   4040
0.250000000000117,0.250000000000117,0.375000000000097,               931P   4041
0.375000000000097,0.500000000000078,0.500000000000078,               931P   4042
0.625000000000058,0.625000000000058,0.687500000000049,               931P   4043
0.687500000000049,0.750000000000039,0.750000000000039,               931P   4044
0.812500000000029,0.812500000000029,0.875000000000019,               931P   4045
0.875000000000019,1.,1.,1.,1.,1.,1.,1.,1.,1.,1.,1.,1.,1.,1.,1.,      931P   4046
1.,1.,1.,1.,1.,1.,1.,1.,1.,1.,1.,1.,1.,28.6161378,1.096435807,       931P   4047
3.905233931,28.610854618,1.096435807,3.905233931,28.605659759,       931P   4048
1.096954016,3.905252419,28.597994525,1.098476794,3.905306113,        931P   4049
28.595460779,1.099109554,3.905328358,28.590436922,1.100631101,       931P   4050
3.905381477,28.587940003,1.101524179,3.905412497,28.580676756,       931P   4051
1.104533199,3.905516078,28.576083575,1.106988263,3.905599536,        931P   4052
28.567390554,1.112788275,3.905791358,28.563274612,1.116164032,       931P   4053
3.905900638,28.555896392,1.123538016,3.906131037,28.552585202,       931P   4054
1.127561495,3.906253046,28.548198668,1.134113447,3.906443244,        931P   4055
28.546836529,1.136383585,3.906507813,28.544367428,1.140997687,       931P   4056
3.906636035,28.543251907,1.143353729,3.906700043,28.54125531,        931P   4057
1.14816232,3.906827438,28.540374236,1.15061487,3.906890824,          931P   4058
28.538849711,1.155617793,3.907016617,28.538204192,1.158179488,       931P   4059
3.90707929,28.536655838,1.165929667,3.907263295,28.5361378,          931P   4060
1.171153829,3.907379987,28.5361378,1.176435807,3.907490217,0.,       931P   4061
1.,0.,-0.035653928,0.999364197;                                      931P   4062
102,8,901,905,909,913,917,921,925,929;                               933P   4063
102,8,903,907,911,915,919,923,927,931;                               935P   4064
142,1,3,933,935,1;                                                   937P   4065
126,1,1,1,0,1,0,0.,0.,1.,1.,1.,1.,0.531163851,0.515090848,0.,        939P   4066
0.509790951,0.515090848,0.,0.,1.,0.,0.,1.;                           939P   4067
126,3,3,1,0,1,0,0.468836148924358,0.468836148924358,                 941P   4068
0.468836148924358,0.468836148924358,0.490209049294722,               941P   4069
0.490209049294722,0.490209049294722,0.490209049294722,1.,1.,1.,      941P   4070
1.,29.1761378,1.176435807,3.907490217,29.1761378,1.267715887,        941P   4071
3.909395153,29.1761378,1.358851559,3.909006442,29.1761378,           941P   4072
1.449764963,3.906353632,0.468836148924358,0.490209049294722,1.,      941P   4073
0.,0.;                                                               941P   4074
126,16,2,1,0,1,0,0.,0.,0.,0.125,0.125,0.25,0.25,0.375,0.375,         943P   4075
0.5,0.5,0.625,0.625,0.75,0.75,0.875,0.875,1.,1.,1.,1.,1.,1.,1.,      943P   4076
1.,1.,1.,1.,1.,1.,1.,1.,1.,1.,1.,1.,1.,0.509790951,0.515090848,      943P   4077
0.,0.509174465,0.515090848,0.,0.508569619,0.515240263,0.,            943P   4078
0.507963092,0.515390093,0.,0.507391626,0.515684391,0.,               943P   4079
0.506823103,0.515977174,0.,0.506311066,0.516401736,0.,               943P   4080
0.505795962,0.516828841,0.,0.505357879,0.517372823,0.,               943P   4081
0.504921976,0.517914098,0.,0.50457906,0.518550334,0.,                943P   4082
0.504234803,0.51918906,0.,0.503997491,0.519898929,0.,                943P   4083
0.503760213,0.520608699,0.,0.503638978,0.521362296,0.,               943P   4084
0.503517207,0.522119226,0.,0.503517207,0.522891104,0.,0.,1.,0.,      943P   4085
0.,1.;                                                               943P   4086
126,23,3,1,0,1,0,0.,0.,0.,0.,0.125000000000013,                      945P   4087
0.125000000000013,0.187500000000028,0.187500000000028,               945P   4088
0.250000000000043,0.250000000000043,0.375000000000036,               945P   4089
0.375000000000036,0.500000000000029,0.500000000000029,               945P   4090
0.625000000000021,0.625000000000021,0.687500000000018,               945P   4091
0.687500000000018,0.750000000000014,0.750000000000014,               945P   4092
0.812500000000011,0.812500000000011,0.875000000000007,               945P   4093
0.875000000000007,1.,1.,1.,1.,1.,1.,1.,1.,1.,1.,1.,1.,1.,1.,1.,      945P   4094
1.,1.,1.,1.,1.,1.,1.,1.,1.,1.,1.,1.,1.,29.1761378,1.449764963,       945P   4095
3.906353632,29.1761378,1.455046569,3.906199517,29.176655702,         945P   4096
1.460239771,3.906040324,29.178177468,1.467902441,3.90579486,         945P   4097
29.178809799,1.470435319,3.90571193,29.180330275,1.475457424,        945P   4098
3.905544063,29.181222784,1.477953696,3.905458864,29.184230117,       945P   4099
1.485215523,3.905206252,29.186683864,1.489807931,3.905040077,        945P   4100
29.192480876,1.498499803,3.904715774,29.195855562,1.502616231,       945P   4101
3.904556872,29.203228258,1.50999606,3.904265088,29.207251139,        945P   4102
1.513308063,3.904130429,29.213802244,1.517695873,3.90394896,         945P   4103
29.216073047,1.519059025,3.903891992,29.220688352,1.521529774,       945P   4104
3.903787969,29.223044979,1.522646006,3.903740558,29.227854686,       945P   4105
1.524643843,3.903655218,29.230307766,1.525525447,3.903617288,        945P   4106
29.235311677,1.527050887,3.903551388,29.237873606,1.527696769,       945P   4107
3.903523328,29.245627476,1.529246544,3.90345583,29.250853864,        945P   4108
1.529764963,3.90343303,29.2561378,1.529764963,3.90343303,0.,1.,      945P   4109
0.014778115,0.029163932,0.999465393;                                 945P   4110
126,1,1,1,0,1,0,0.,0.,1.,1.,1.,1.,0.503517207,0.522891104,0.,        947P   4111
0.503517207,0.537294911,0.,0.,1.,0.,0.,1.;                           947P   4112
110,29.2561378,1.529764963,3.90343303,29.403864302,1.529764963,      949P   4113
3.90343303;                                                          949P   4114
126,16,2,1,0,1,0,0.,0.,0.,0.125,0.125,0.25,0.25,0.375,0.375,         951P   4115
0.5,0.5,0.625,0.625,0.75,0.75,0.875,0.875,1.,1.,1.,1.,1.,1.,1.,      951P   4116
1.,1.,1.,1.,1.,1.,1.,1.,1.,1.,1.,1.,1.,0.503517207,0.537294911,      951P   4117
0.,0.503517207,0.538062299,0.,0.503637579,0.538814997,0.,            951P   4118
0.503758277,0.539569732,0.,0.50399535,0.540280674,0.,                951P   4119
0.50423114,0.540987767,0.,0.504573042,0.541624495,0.,                951P   4120
0.504916855,0.542264782,0.,0.505354717,0.542809263,0.,               951P   4121
0.50579025,0.543350849,0.,0.506302134,0.54377686,0.,0.50681575,      951P   4122
0.544204311,0.,0.507386465,0.544498963,0.,0.507957043,               951P   4123
0.544793544,0.,0.508562716,0.544944042,0.,0.509170913,               951P   4124
0.545095168,0.,0.509790951,0.545095168,0.,0.,1.,0.,0.,1.;            951P   4125
126,23,3,1,0,1,0,0.,0.,0.,0.,0.125000000000136,                      953P   4126
0.125000000000136,0.187500000000162,0.187500000000162,               953P   4127
0.250000000000188,0.250000000000188,0.375000000000159,               953P   4128
0.375000000000159,0.500000000000131,0.500000000000131,               953P   4129
0.625000000000102,0.625000000000102,0.687500000000088,               953P   4130
0.687500000000088,0.750000000000074,0.750000000000074,               953P   4131
0.81250000000006,0.81250000000006,0.875000000000045,                 953P   4132
0.875000000000045,1.,1.,1.,1.,1.,1.,1.,1.,1.,1.,1.,1.,1.,1.,1.,      953P   4133
1.,1.,1.,1.,1.,1.,1.,1.,1.,1.,1.,1.,1.,29.403864302,                 953P   4134
1.529764963,3.90343303,29.409148179,1.529764963,3.90343303,          953P   4135
29.414343674,1.529246618,3.903455823,29.422009785,1.527723472,       953P   4136
3.903522167,29.424543809,1.527090561,3.903549668,29.429568196,       953P   4137
1.525568657,3.903615427,29.432065296,1.524675393,3.903653865,        953P   4138
29.439328909,1.52166584,3.903782437,29.443922242,1.519210385,        953P   4139
3.903886283,29.452615415,1.513409555,3.904126272,29.456731102,       953P   4140
1.510033557,3.904263578,29.464108683,1.502659352,3.904555194,        953P   4141
29.467419572,1.49863579,3.904710608,29.471805676,1.49208372,         953P   4142
3.904955209,29.473167515,1.489813806,3.905038619,29.475636137,       953P   4143
1.485200097,3.905205142,29.476751456,1.482844243,3.90528871,         953P   4144
29.478747707,1.478036002,3.90545603,29.479628638,1.475583614,        953P   4145
3.905539781,29.481152923,1.47058098,3.905707122,29.481798348,        953P   4146
1.468019359,3.905791072,29.483346349,1.460270121,3.906039434,        953P   4147
29.483864302,1.455046498,3.906199519,29.483864302,1.449764963,       953P   4148
3.906353632,0.,1.,0.,0.043930516,0.999034589;                        953P   4149
126,1,1,1,0,1,0,0.,0.,1.,1.,1.,1.,0.509790951,0.545095168,0.,        955P   4150
0.531163851,0.545095168,0.,0.,1.,0.,0.,1.;                           955P   4151
126,3,3,1,0,1,0,0.509790950705278,0.509790950705278,                 957P   4152
0.509790950705278,0.509790950705278,0.531163851075642,               957P   4153
0.531163851075642,0.531163851075642,0.531163851075642,1.,1.,1.,      957P   4154
1.,29.483864302,1.449764963,3.906353632,29.483864302,                957P   4155
1.358851559,3.909006442,29.483864302,1.267715887,3.909395153,        957P   4156
29.483864302,1.176435807,3.907490217,0.509790950705278,              957P   4157
0.531163851075642,-1.,0.,0.;                                         957P   4158
126,16,2,1,0,1,0,0.,0.,0.,0.125,0.125,0.25,0.25,0.375,0.375,         959P   4159
0.5,0.5,0.625,0.625,0.75,0.75,0.875,0.875,1.,1.,1.,1.,1.,1.,1.,      959P   4160
1.,1.,1.,1.,1.,1.,1.,1.,1.,1.,1.,1.,1.,0.531163851,0.545095168,      959P   4161
0.,0.531777911,0.545095168,0.,0.5323801,0.544945727,0.,              959P   4162
0.532983954,0.544795873,0.,0.533552664,0.544501518,0.,               959P   4163
0.534118396,0.544208704,0.,0.53462775,0.543784062,0.,                959P   4164
0.535140074,0.543356943,0.,0.53557569,0.542812874,0.,                959P   4165
0.536009055,0.542271616,0.,0.536349923,0.541635299,0.,               959P   4166
0.53669204,0.540996652,0.,0.53692786,0.540286765,0.,0.53716361,      959P   4167
0.539577087,0.,0.537284058,0.538823503,0.,0.537405023,               959P   4168
0.538066695,0.,0.537405023,0.537294911,0.,0.,1.,0.,0.,1.;            959P   4169
126,23,3,1,0,1,0,0.,0.,0.,0.,0.124999999999956,                      961P   4170
0.124999999999956,0.187499999999928,0.187499999999928,               961P   4171
0.2499999999999,0.2499999999999,0.374999999999882,                   961P   4172
0.374999999999882,0.499999999999863,0.499999999999863,               961P   4173
0.624999999999845,0.624999999999845,0.687499999999871,               961P   4174
0.687499999999871,0.749999999999897,0.749999999999897,               961P   4175
0.812499999999923,0.812499999999923,0.874999999999949,               961P   4176
0.874999999999949,1.,1.,1.,1.,1.,1.,1.,1.,1.,1.,1.,1.,1.,1.,1.,      961P   4177
1.,1.,1.,1.,1.,1.,1.,1.,1.,1.,1.,1.,1.,29.483864302,                 961P   4178
1.176435807,3.907490217,29.483864302,1.171153787,3.907379986,        961P   4179
29.483346319,1.165960139,3.907263935,29.481824278,1.158296768,       961P   4180
3.907082115,29.481191831,1.155763651,3.90702022,29.479671062,        961P   4181
1.150741061,3.906894058,29.478778394,1.1482446,3.906829588,          961P   4182
29.47577058,1.14098234,3.906637276,29.473316451,1.136389687,         961P   4183
3.906509229,29.467518556,1.127697437,3.906257082,29.464143518,       961P   4184
1.123581089,3.906132355,29.456770344,1.116201632,3.90590184,         961P   4185
29.452747239,1.11288984,3.905794676,29.446195839,1.108502392,        961P   4186
3.905649632,29.443925182,1.107139515,3.905603985,29.439310161,       961P   4187
1.104669232,3.90552048,29.43695368,1.103553208,3.905482338,          961P   4188
29.43214427,1.101555746,3.905413588,29.429691341,1.100674309,        961P   4189
3.905382979,29.424687737,1.099149164,3.905329746,29.422125902,       961P   4190
1.098503406,3.905307049,29.414373165,1.096954086,3.905252425,        961P   4191
29.409147517,1.096435807,3.905233931,29.403864302,1.096435807,       961P   4192
3.905233931,0.,1.,-0.014792183,-0.020862306,0.999672924;             961P   4193
126,1,1,1,0,1,0,0.,0.,1.,1.,1.,1.,0.537405023,0.537294911,0.,        963P   4194
0.537405023,0.522891104,0.,0.,1.,0.,0.,1.;                           963P   4195
110,29.403864302,1.096435807,3.905233931,29.2561378,                 965P   4196
1.096435807,3.905233931;                                             965P   4197
126,16,2,1,0,1,0,0.,0.,0.,0.125,0.125,0.25,0.25,0.375,0.375,         967P   4198
0.5,0.5,0.625,0.625,0.75,0.75,0.875,0.875,1.,1.,1.,1.,1.,1.,1.,      967P   4199
1.,1.,1.,1.,1.,1.,1.,1.,1.,1.,1.,1.,1.,0.537405023,0.522891104,      967P   4200
0.,0.537405023,0.522123795,0.,0.537285444,0.521371205,0.,            967P   4201
0.537165529,0.520616501,0.,0.536929988,0.519905665,0.,               967P   4202
0.536695678,0.519198546,0.,0.536355898,0.51856189,0.,                967P   4203
0.536014141,0.517921531,0.,0.535578836,0.517377074,0.,               967P   4204
0.535145763,0.516835408,0.,0.534636651,0.516409388,0.,               967P   4205
0.534125722,0.515981847,0.,0.533557799,0.515687159,0.,               967P   4206
0.532989985,0.515392526,0.,0.532386994,0.515242004,0.,               967P   4207
0.53178146,0.515090848,0.,0.531163851,0.515090848,0.,0.,1.,0.,       967P   4208
0.,1.;                                                               967P   4209
126,23,3,1,0,1,0,0.,0.,0.,0.,0.12499999999994,0.12499999999994,      969P   4210
0.187499999999909,0.187499999999909,0.249999999999879,               969P   4211
0.249999999999879,0.374999999999896,0.374999999999896,               969P   4212
0.499999999999913,0.499999999999913,0.62499999999993,                969P   4213
0.62499999999993,0.68749999999994,0.68749999999994,                  969P   4214
0.749999999999951,0.749999999999951,0.812499999999962,               969P   4215
0.812499999999962,0.874999999999973,0.874999999999973,1.,1.,1.,      969P   4216
1.,1.,1.,1.,1.,1.,1.,1.,1.,1.,1.,1.,1.,1.,1.,1.,1.,1.,1.,1.,1.,      969P   4217
1.,1.,1.,1.,29.2561378,1.096435807,3.905233931,29.250854618,         969P   4218
1.096435807,3.905233931,29.245659759,1.096954016,3.905252419,        969P   4219
29.237994525,1.098476794,3.905306113,29.235460779,1.099109554,       969P   4220
3.905328358,29.230436922,1.100631101,3.905381477,29.227940003,       969P   4221
1.101524179,3.905412497,29.220676756,1.104533199,3.905516078,        969P   4222
29.216083575,1.106988263,3.905599536,29.207390554,1.112788275,       969P   4223
3.905791358,29.203274612,1.116164032,3.905900638,29.195896392,       969P   4224
1.123538016,3.906131037,29.192585202,1.127561495,3.906253046,        969P   4225
29.188198668,1.134113447,3.906443244,29.186836529,1.136383585,       969P   4226
3.906507813,29.184367428,1.140997687,3.906636035,29.183251907,       969P   4227
1.143353729,3.906700043,29.18125531,1.14816232,3.906827438,          969P   4228
29.180374236,1.15061487,3.906890824,29.178849711,1.155617793,        969P   4229
3.907016617,29.178204192,1.158179488,3.90707929,29.176655838,        969P   4230
1.165929667,3.907263295,29.1761378,1.171153829,3.907379987,          969P   4231
29.1761378,1.176435807,3.907490217,0.,1.,0.,-0.035653928,            969P   4232
0.999364197;                                                         969P   4233
102,8,939,943,947,951,955,959,963,967;                               971P   4234
102,8,941,945,949,953,957,961,965,969;                               973P   4235
142,1,3,971,973,1;                                                   975P   4236
126,1,1,1,0,1,0,0.,0.,1.,1.,1.,1.,0.531163851,0.577492898,0.,        977P   4237
0.509790951,0.577492898,0.,0.,1.,0.,0.,1.;                           977P   4238
126,3,3,1,0,1,0,0.468836148924358,0.468836148924358,                 979P   4239
0.468836148924358,0.468836148924358,0.490209049294722,               979P   4240
0.490209049294722,0.490209049294722,0.490209049294722,1.,1.,1.,      979P   4241
1.,29.8161378,1.176435807,3.907490217,29.8161378,1.267715887,        979P   4242
3.909395153,29.8161378,1.358851559,3.909006442,29.8161378,           979P   4243
1.449764963,3.906353632,0.468836148924358,0.490209049294722,1.,      979P   4244
0.,0.;                                                               979P   4245
126,16,2,1,0,1,0,0.,0.,0.,0.125,0.125,0.25,0.25,0.375,0.375,         981P   4246
0.5,0.5,0.625,0.625,0.75,0.75,0.875,0.875,1.,1.,1.,1.,1.,1.,1.,      981P   4247
1.,1.,1.,1.,1.,1.,1.,1.,1.,1.,1.,1.,1.,0.509790951,0.577492898,      981P   4248
0.,0.509174465,0.577492898,0.,0.508569619,0.577642313,0.,            981P   4249
0.507963092,0.577792144,0.,0.507391626,0.578086442,0.,               981P   4250
0.506823103,0.578379224,0.,0.506311066,0.578803787,0.,               981P   4251
0.505795962,0.579230891,0.,0.505357879,0.579774874,0.,               981P   4252
0.504921976,0.580316148,0.,0.50457906,0.580952384,0.,                981P   4253
0.504234803,0.581591111,0.,0.503997491,0.582300979,0.,               981P   4254
0.503760213,0.583010749,0.,0.503638978,0.583764346,0.,               981P   4255
0.503517207,0.584521277,0.,0.503517207,0.585293155,0.,0.,1.,0.,      981P   4256
0.,1.;                                                               981P   4257
126,23,3,1,0,1,0,0.,0.,0.,0.,0.125000000000038,                      983P   4258
0.125000000000038,0.187500000000048,0.187500000000048,               983P   4259
0.250000000000059,0.250000000000059,0.375000000000047,               983P   4260
0.375000000000047,0.500000000000036,0.500000000000036,               983P   4261
0.625000000000024,0.625000000000024,0.68750000000002,                983P   4262
0.68750000000002,0.750000000000016,0.750000000000016,                983P   4263
0.812500000000012,0.812500000000012,0.875000000000008,               983P   4264
0.875000000000008,1.,1.,1.,1.,1.,1.,1.,1.,1.,1.,1.,1.,1.,1.,1.,      983P   4265
1.,1.,1.,1.,1.,1.,1.,1.,1.,1.,1.,1.,1.,29.8161378,1.449764963,       983P   4266
3.906353632,29.8161378,1.455046569,3.906199517,29.816655702,         983P   4267
1.460239771,3.906040324,29.818177468,1.467902441,3.90579486,         983P   4268
29.818809799,1.470435319,3.90571193,29.820330275,1.475457424,        983P   4269
3.905544063,29.821222784,1.477953696,3.905458864,29.824230117,       983P   4270
1.485215523,3.905206252,29.826683864,1.489807931,3.905040077,        983P   4271
29.832480876,1.498499803,3.904715774,29.835855562,1.502616231,       983P   4272
3.904556872,29.843228258,1.50999606,3.904265088,29.847251139,        983P   4273
1.513308063,3.904130429,29.853802244,1.517695873,3.90394896,         983P   4274
29.856073047,1.519059025,3.903891992,29.860688352,1.521529774,       983P   4275
3.903787969,29.863044979,1.522646006,3.903740558,29.867854686,       983P   4276
1.524643843,3.903655218,29.870307766,1.525525447,3.903617288,        983P   4277
29.875311677,1.527050887,3.903551388,29.877873606,1.527696769,       983P   4278
3.903523328,29.885627476,1.529246544,3.90345583,29.890853864,        983P   4279
1.529764963,3.90343303,29.8961378,1.529764963,3.90343303,0.,1.,      983P   4280
0.014778115,0.029163932,0.999465393;                                 983P   4281
126,1,1,1,0,1,0,0.,0.,1.,1.,1.,1.,0.503517207,0.585293155,0.,        985P   4282
0.503517207,0.599696962,0.,0.,1.,0.,0.,1.;                           985P   4283
110,29.8961378,1.529764963,3.90343303,30.043864302,1.529764963,      987P   4284
3.90343303;                                                          987P   4285
126,16,2,1,0,1,0,0.,0.,0.,0.125,0.125,0.25,0.25,0.375,0.375,         989P   4286
0.5,0.5,0.625,0.625,0.75,0.75,0.875,0.875,1.,1.,1.,1.,1.,1.,1.,      989P   4287
1.,1.,1.,1.,1.,1.,1.,1.,1.,1.,1.,1.,1.,0.503517207,0.599696962,      989P   4288
0.,0.503517207,0.60046435,0.,0.503637579,0.601217048,0.,             989P   4289
0.503758277,0.601971782,0.,0.50399535,0.602682724,0.,                989P   4290
0.50423114,0.603389818,0.,0.504573042,0.604026546,0.,                989P   4291
0.504916855,0.604666832,0.,0.505354717,0.605211313,0.,               989P   4292
0.50579025,0.6057529,0.,0.506302134,0.60617891,0.,0.50681575,        989P   4293
0.606606361,0.,0.507386465,0.606901013,0.,0.507957043,               989P   4294
0.607195594,0.,0.508562716,0.607346093,0.,0.509170913,               989P   4295
0.607497218,0.,0.509790951,0.607497218,0.,0.,1.,0.,0.,1.;            989P   4296
126,23,3,1,0,1,0,0.,0.,0.,0.,0.124999999999991,                      991P   4297
0.124999999999991,0.187500000000027,0.187500000000027,               991P   4298
0.250000000000064,0.250000000000064,0.375000000000057,               991P   4299
0.375000000000057,0.50000000000005,0.50000000000005,                 991P   4300
0.625000000000043,0.625000000000043,0.687500000000039,               991P   4301
0.687500000000039,0.750000000000036,0.750000000000036,               991P   4302
0.812500000000032,0.812500000000032,0.875000000000029,               991P   4303
0.875000000000029,1.,1.,1.,1.,1.,1.,1.,1.,1.,1.,1.,1.,1.,1.,1.,      991P   4304
1.,1.,1.,1.,1.,1.,1.,1.,1.,1.,1.,1.,1.,30.043864302,                 991P   4305
1.529764963,3.90343303,30.049148179,1.529764963,3.90343303,          991P   4306
30.054343674,1.529246618,3.903455823,30.062009785,1.527723472,       991P   4307
3.903522167,30.064543809,1.527090561,3.903549668,30.069568196,       991P   4308
1.525568657,3.903615427,30.072065296,1.524675393,3.903653865,        991P   4309
30.079328909,1.52166584,3.903782437,30.083922242,1.519210385,        991P   4310
3.903886283,30.092615415,1.513409555,3.904126272,30.096731102,       991P   4311
1.510033557,3.904263578,30.104108683,1.502659352,3.904555194,        991P   4312
30.107419572,1.49863579,3.904710608,30.111805676,1.49208372,         991P   4313
3.904955209,30.113167515,1.489813806,3.905038619,30.115636137,       991P   4314
1.485200097,3.905205142,30.116751456,1.482844243,3.90528871,         991P   4315
30.118747707,1.478036002,3.90545603,30.119628638,1.475583614,        991P   4316
3.905539781,30.121152923,1.47058098,3.905707122,30.121798348,        991P   4317
1.468019359,3.905791072,30.123346349,1.460270121,3.906039434,        991P   4318
30.123864302,1.455046498,3.906199519,30.123864302,1.449764963,       991P   4319
3.906353632,0.,1.,0.,0.043930516,0.999034589;                        991P   4320
126,1,1,1,0,1,0,0.,0.,1.,1.,1.,1.,0.509790951,0.607497218,0.,        993P   4321
0.531163851,0.607497218,0.,0.,1.,0.,0.,1.;                           993P   4322
126,3,3,1,0,1,0,0.509790950705278,0.509790950705278,                 995P   4323
0.509790950705278,0.509790950705278,0.531163851075642,               995P   4324
0.531163851075642,0.531163851075642,0.531163851075642,1.,1.,1.,      995P   4325
1.,30.123864302,1.449764963,3.906353632,30.123864302,                995P   4326
1.358851559,3.909006442,30.123864302,1.267715887,3.909395153,        995P   4327
30.123864302,1.176435807,3.907490217,0.509790950705278,              995P   4328
0.531163851075642,-1.,0.,0.;                                         995P   4329
126,16,2,1,0,1,0,0.,0.,0.,0.125,0.125,0.25,0.25,0.375,0.375,         997P   4330
0.5,0.5,0.625,0.625,0.75,0.75,0.875,0.875,1.,1.,1.,1.,1.,1.,1.,      997P   4331
1.,1.,1.,1.,1.,1.,1.,1.,1.,1.,1.,1.,1.,0.531163851,0.607497218,      997P   4332
0.,0.531777911,0.607497218,0.,0.5323801,0.607347777,0.,              997P   4333
0.532983954,0.607197923,0.,0.533552664,0.606903569,0.,               997P   4334
0.534118396,0.606610755,0.,0.53462775,0.606186112,0.,                997P   4335
0.535140074,0.605758994,0.,0.53557569,0.605214925,0.,                997P   4336
0.536009055,0.604673666,0.,0.536349923,0.60403735,0.,                997P   4337
0.53669204,0.603398703,0.,0.53692786,0.602688816,0.,0.53716361,      997P   4338
0.601979138,0.,0.537284058,0.601225554,0.,0.537405023,               997P   4339
0.600468746,0.,0.537405023,0.599696962,0.,0.,1.,0.,0.,1.;            997P   4340
126,23,3,1,0,1,0,0.,0.,0.,0.,0.124999999999979,                      999P   4341
0.124999999999979,0.18749999999998,0.18749999999998,                 999P   4342
0.24999999999998,0.24999999999998,0.375000000000018,                 999P   4343
0.375000000000018,0.500000000000057,0.500000000000057,               999P   4344
0.625000000000095,0.625000000000095,0.687500000000079,               999P   4345
0.687500000000079,0.750000000000064,0.750000000000064,               999P   4346
0.812500000000048,0.812500000000048,0.875000000000032,               999P   4347
0.875000000000032,1.,1.,1.,1.,1.,1.,1.,1.,1.,1.,1.,1.,1.,1.,1.,      999P   4348
1.,1.,1.,1.,1.,1.,1.,1.,1.,1.,1.,1.,1.,30.123864302,                 999P   4349
1.176435807,3.907490217,30.123864302,1.171153787,3.907379986,        999P   4350
30.123346319,1.165960139,3.907263935,30.121824278,1.158296768,       999P   4351
3.907082115,30.121191831,1.155763651,3.90702022,30.119671062,        999P   4352
1.150741061,3.906894058,30.118778394,1.1482446,3.906829588,          999P   4353
30.11577058,1.14098234,3.906637276,30.113316451,1.136389687,         999P   4354
3.906509229,30.107518556,1.127697437,3.906257082,30.104143518,       999P   4355
1.123581089,3.906132355,30.096770344,1.116201632,3.90590184,         999P   4356
30.092747239,1.11288984,3.905794676,30.086195839,1.108502392,        999P   4357
3.905649632,30.083925182,1.107139515,3.905603985,30.079310161,       999P   4358
1.104669232,3.90552048,30.07695368,1.103553208,3.905482338,          999P   4359
30.07214427,1.101555746,3.905413588,30.069691341,1.100674309,        999P   4360
3.905382979,30.064687737,1.099149164,3.905329746,30.062125902,       999P   4361
1.098503406,3.905307049,30.054373165,1.096954086,3.905252425,        999P   4362
30.049147517,1.096435807,3.905233931,30.043864302,1.096435807,       999P   4363
3.905233931,0.,1.,-0.014792183,-0.020862306,0.999672924;             999P   4364
126,1,1,1,0,1,0,0.,0.,1.,1.,1.,1.,0.537405023,0.599696962,0.,       1001P   4365
0.537405023,0.585293155,0.,0.,1.,0.,0.,1.;                          1001P   4366
110,30.043864302,1.096435807,3.905233931,29.8961378,                1003P   4367
1.096435807,3.905233931;                                            1003P   4368
126,16,2,1,0,1,0,0.,0.,0.,0.125,0.125,0.25,0.25,0.375,0.375,        1005P   4369
0.5,0.5,0.625,0.625,0.75,0.75,0.875,0.875,1.,1.,1.,1.,1.,1.,1.,     1005P   4370
1.,1.,1.,1.,1.,1.,1.,1.,1.,1.,1.,1.,1.,0.537405023,0.585293155,     1005P   4371
0.,0.537405023,0.584525846,0.,0.537285444,0.583773255,0.,           1005P   4372
0.537165529,0.583018551,0.,0.536929988,0.582307716,0.,              1005P   4373
0.536695678,0.581600596,0.,0.536355898,0.580963941,0.,              1005P   4374
0.536014141,0.580323582,0.,0.535578836,0.579779124,0.,              1005P   4375
0.535145763,0.579237459,0.,0.534636651,0.578811439,0.,              1005P   4376
0.534125722,0.578383898,0.,0.533557799,0.578089209,0.,              1005P   4377
0.532989985,0.577794577,0.,0.532386994,0.577644055,0.,              1005P   4378
0.53178146,0.577492898,0.,0.531163851,0.577492898,0.,0.,1.,0.,      1005P   4379
0.,1.;                                                              1005P   4380
126,23,3,1,0,1,0,0.,0.,0.,0.,0.12500000000006,0.12500000000006,     1007P   4381
0.187500000000091,0.187500000000091,0.250000000000121,              1007P   4382
0.250000000000121,0.375000000000101,0.375000000000101,              1007P   4383
0.500000000000081,0.500000000000081,0.625000000000061,              1007P   4384
0.625000000000061,0.687500000000051,0.687500000000051,              1007P   4385
0.750000000000041,0.750000000000041,0.812500000000031,              1007P   4386
0.812500000000031,0.87500000000002,0.87500000000002,1.,1.,1.,       1007P   4387
1.,1.,1.,1.,1.,1.,1.,1.,1.,1.,1.,1.,1.,1.,1.,1.,1.,1.,1.,1.,1.,     1007P   4388
1.,1.,1.,1.,29.8961378,1.096435807,3.905233931,29.890854618,        1007P   4389
1.096435807,3.905233931,29.885659759,1.096954016,3.905252419,       1007P   4390
29.877994525,1.098476794,3.905306113,29.875460779,1.099109554,      1007P   4391
3.905328358,29.870436922,1.100631101,3.905381477,29.867940003,      1007P   4392
1.101524179,3.905412497,29.860676756,1.104533199,3.905516078,       1007P   4393
29.856083575,1.106988263,3.905599536,29.847390554,1.112788275,      1007P   4394
3.905791358,29.843274612,1.116164032,3.905900638,29.835896392,      1007P   4395
1.123538016,3.906131037,29.832585202,1.127561495,3.906253046,       1007P   4396
29.828198668,1.134113447,3.906443244,29.826836529,1.136383585,      1007P   4397
3.906507813,29.824367428,1.140997687,3.906636035,29.823251907,      1007P   4398
1.143353729,3.906700043,29.82125531,1.14816232,3.906827438,         1007P   4399
29.820374236,1.15061487,3.906890824,29.818849711,1.155617793,       1007P   4400
3.907016617,29.818204192,1.158179488,3.90707929,29.816655838,       1007P   4401
1.165929667,3.907263295,29.8161378,1.171153829,3.907379987,         1007P   4402
29.8161378,1.176435807,3.907490217,0.,1.,0.,-0.035653928,           1007P   4403
0.999364197;                                                        1007P   4404
102,8,977,981,985,989,993,997,1001,1005;                            1009P   4405
102,8,979,983,987,991,995,999,1003,1007;                            1011P   4406
142,1,3,1009,1011,1;                                                1013P   4407
126,1,1,1,0,1,0,0.,0.,1.,1.,1.,1.,0.531163851,0.639894949,0.,       1015P   4408
0.509790951,0.639894949,0.,0.,1.,0.,0.,1.;                          1015P   4409
126,3,3,1,0,1,0,0.468836148924358,0.468836148924358,                1017P   4410
0.468836148924358,0.468836148924358,0.490209049294722,              1017P   4411
0.490209049294722,0.490209049294722,0.490209049294722,1.,1.,1.,     1017P   4412
1.,30.4561378,1.176435807,3.907490217,30.4561378,1.267715887,       1017P   4413
3.909395153,30.4561378,1.358851559,3.909006442,30.4561378,          1017P   4414
1.449764963,3.906353632,0.468836148924358,0.490209049294722,1.,     1017P   4415
0.,0.;                                                              1017P   4416
126,16,2,1,0,1,0,0.,0.,0.,0.125,0.125,0.25,0.25,0.375,0.375,        1019P   4417
0.5,0.5,0.625,0.625,0.75,0.75,0.875,0.875,1.,1.,1.,1.,1.,1.,1.,     1019P   4418
1.,1.,1.,1.,1.,1.,1.,1.,1.,1.,1.,1.,1.,0.509790951,0.639894949,     1019P   4419
0.,0.509174465,0.639894949,0.,0.508569619,0.640044364,0.,           1019P   4420
0.507963092,0.640194195,0.,0.507391626,0.640488493,0.,              1019P   4421
0.506823103,0.640781275,0.,0.506311066,0.641205838,0.,              1019P   4422
0.505795962,0.641632942,0.,0.505357879,0.642176925,0.,              1019P   4423
0.504921976,0.642718199,0.,0.50457906,0.643354435,0.,               1019P   4424
0.504234803,0.643993161,0.,0.503997491,0.64470303,0.,               1019P   4425
0.503760213,0.6454128,0.,0.503638978,0.646166397,0.,                1019P   4426
0.503517207,0.646923327,0.,0.503517207,0.647695205,0.,0.,1.,0.,     1019P   4427
0.,1.;                                                              1019P   4428
126,23,3,1,0,1,0,0.,0.,0.,0.,0.125000000000038,                     1021P   4429
0.125000000000038,0.187500000000048,0.187500000000048,              1021P   4430
0.250000000000059,0.250000000000059,0.375000000000047,              1021P   4431
0.375000000000047,0.500000000000036,0.500000000000036,              1021P   4432
0.625000000000024,0.625000000000024,0.68750000000002,               1021P   4433
0.68750000000002,0.750000000000016,0.750000000000016,               1021P   4434
0.812500000000012,0.812500000000012,0.875000000000008,              1021P   4435
0.875000000000008,1.,1.,1.,1.,1.,1.,1.,1.,1.,1.,1.,1.,1.,1.,1.,     1021P   4436
1.,1.,1.,1.,1.,1.,1.,1.,1.,1.,1.,1.,1.,30.4561378,1.449764963,      1021P   4437
3.906353632,30.4561378,1.455046569,3.906199517,30.456655702,        1021P   4438
1.460239771,3.906040324,30.458177468,1.467902441,3.90579486,        1021P   4439
30.458809799,1.470435319,3.90571193,30.460330275,1.475457424,       1021P   4440
3.905544063,30.461222784,1.477953696,3.905458864,30.464230117,      1021P   4441
1.485215523,3.905206252,30.466683864,1.489807931,3.905040077,       1021P   4442
30.472480876,1.498499803,3.904715774,30.475855562,1.502616231,      1021P   4443
3.904556872,30.483228258,1.50999606,3.904265088,30.487251139,       1021P   4444
1.513308063,3.904130429,30.493802244,1.517695873,3.90394896,        1021P   4445
30.496073047,1.519059025,3.903891992,30.500688352,1.521529774,      1021P   4446
3.903787969,30.503044979,1.522646006,3.903740558,30.507854686,      1021P   4447
1.524643843,3.903655218,30.510307766,1.525525447,3.903617288,       1021P   4448
30.515311677,1.527050887,3.903551388,30.517873606,1.527696769,      1021P   4449
3.903523328,30.525627476,1.529246544,3.90345583,30.530853864,       1021P   4450
1.529764963,3.90343303,30.5361378,1.529764963,3.90343303,0.,1.,     1021P   4451
0.014778115,0.029163932,0.999465393;                                1021P   4452
126,1,1,1,0,1,0,0.,0.,1.,1.,1.,1.,0.503517207,0.647695205,0.,       1023P   4453
0.503517207,0.662099013,0.,0.,1.,0.,0.,1.;                          1023P   4454
110,30.5361378,1.529764963,3.90343303,30.683864302,1.529764963,     1025P   4455
3.90343303;                                                         1025P   4456
126,16,2,1,0,1,0,0.,0.,0.,0.125,0.125,0.25,0.25,0.375,0.375,        1027P   4457
0.5,0.5,0.625,0.625,0.75,0.75,0.875,0.875,1.,1.,1.,1.,1.,1.,1.,     1027P   4458
1.,1.,1.,1.,1.,1.,1.,1.,1.,1.,1.,1.,1.,0.503517207,0.662099013,     1027P   4459
0.,0.503517207,0.6628664,0.,0.503637579,0.663619099,0.,             1027P   4460
0.503758277,0.664373833,0.,0.50399535,0.665084775,0.,               1027P   4461
0.50423114,0.665791869,0.,0.504573042,0.666428596,0.,               1027P   4462
0.504916855,0.667068883,0.,0.505354717,0.667613364,0.,              1027P   4463
0.50579025,0.668154951,0.,0.506302134,0.668580961,0.,               1027P   4464
0.50681575,0.669008412,0.,0.507386465,0.669303064,0.,               1027P   4465
0.507957043,0.669597645,0.,0.508562716,0.669748144,0.,              1027P   4466
0.509170913,0.669899269,0.,0.509790951,0.669899269,0.,0.,1.,0.,     1027P   4467
0.,1.;                                                              1027P   4468
126,23,3,1,0,1,0,0.,0.,0.,0.,0.12499999999993,0.12499999999993,     1029P   4469
0.187499999999936,0.187499999999936,0.249999999999942,              1029P   4470
0.249999999999942,0.374999999999954,0.374999999999954,              1029P   4471
0.499999999999967,0.499999999999967,0.624999999999979,              1029P   4472
0.624999999999979,0.687499999999985,0.687499999999985,              1029P   4473
0.749999999999991,0.749999999999991,0.812499999999998,              1029P   4474
0.812499999999998,0.875000000000004,0.875000000000004,1.,1.,1.,     1029P   4475
1.,1.,1.,1.,1.,1.,1.,1.,1.,1.,1.,1.,1.,1.,1.,1.,1.,1.,1.,1.,1.,     1029P   4476
1.,1.,1.,1.,30.683864302,1.529764963,3.90343303,30.689148179,       1029P   4477
1.529764963,3.90343303,30.694343674,1.529246618,3.903455823,        1029P   4478
30.702009785,1.527723472,3.903522167,30.704543809,1.527090561,      1029P   4479
3.903549668,30.709568196,1.525568657,3.903615427,30.712065296,      1029P   4480
1.524675393,3.903653865,30.719328909,1.52166584,3.903782437,        1029P   4481
30.723922242,1.519210385,3.903886283,30.732615415,1.513409555,      1029P   4482
3.904126272,30.736731102,1.510033557,3.904263578,30.744108683,      1029P   4483
1.502659352,3.904555194,30.747419572,1.49863579,3.904710608,        1029P   4484
30.751805676,1.49208372,3.904955209,30.753167515,1.489813806,       1029P   4485
3.905038619,30.755636137,1.485200097,3.905205142,30.756751456,      1029P   4486
1.482844243,3.90528871,30.758747707,1.478036002,3.90545603,         1029P   4487
30.759628638,1.475583614,3.905539781,30.761152923,1.47058098,       1029P   4488
3.905707122,30.761798348,1.468019359,3.905791072,30.763346349,      1029P   4489
1.460270121,3.906039434,30.763864302,1.455046498,3.906199519,       1029P   4490
30.763864302,1.449764963,3.906353632,0.,1.,0.,0.043930516,          1029P   4491
0.999034589;                                                        1029P   4492
126,1,1,1,0,1,0,0.,0.,1.,1.,1.,1.,0.509790951,0.669899269,0.,       1031P   4493
0.531163851,0.669899269,0.,0.,1.,0.,0.,1.;                          1031P   4494
126,3,3,1,0,1,0,0.509790950705278,0.509790950705278,                1033P   4495
0.509790950705278,0.509790950705278,0.531163851075642,              1033P   4496
0.531163851075642,0.531163851075642,0.531163851075642,1.,1.,1.,     1033P   4497
1.,30.763864302,1.449764963,3.906353632,30.763864302,               1033P   4498
1.358851559,3.909006442,30.763864302,1.267715887,3.909395153,       1033P   4499
30.763864302,1.176435807,3.907490217,0.509790950705278,             1033P   4500
0.531163851075642,-1.,0.,0.;                                        1033P   4501
126,16,2,1,0,1,0,0.,0.,0.,0.125,0.125,0.25,0.25,0.375,0.375,        1035P   4502
0.5,0.5,0.625,0.625,0.75,0.75,0.875,0.875,1.,1.,1.,1.,1.,1.,1.,     1035P   4503
1.,1.,1.,1.,1.,1.,1.,1.,1.,1.,1.,1.,1.,0.531163851,0.669899269,     1035P   4504
0.,0.531777911,0.669899269,0.,0.5323801,0.669749828,0.,             1035P   4505
0.532983954,0.669599974,0.,0.533552664,0.669305619,0.,              1035P   4506
0.534118396,0.669012805,0.,0.53462775,0.668588163,0.,               1035P   4507
0.535140074,0.668161045,0.,0.53557569,0.667616975,0.,               1035P   4508
0.536009055,0.667075717,0.,0.536349923,0.666439401,0.,              1035P   4509
0.53669204,0.665800753,0.,0.53692786,0.665090867,0.,0.53716361,     1035P   4510
0.664381188,0.,0.537284058,0.663627605,0.,0.537405023,              1035P   4511
0.662870797,0.,0.537405023,0.662099013,0.,0.,1.,0.,0.,1.;           1035P   4512
126,23,3,1,0,1,0,0.,0.,0.,0.,0.12499999999993,0.12499999999993,     1037P   4513
0.187499999999906,0.187499999999906,0.249999999999882,              1037P   4514
0.249999999999882,0.374999999999867,0.374999999999867,              1037P   4515
0.499999999999851,0.499999999999851,0.624999999999836,              1037P   4516
0.624999999999836,0.687499999999863,0.687499999999863,              1037P   4517
0.749999999999891,0.749999999999891,0.812499999999918,              1037P   4518
0.812499999999918,0.874999999999945,0.874999999999945,1.,1.,1.,     1037P   4519
1.,1.,1.,1.,1.,1.,1.,1.,1.,1.,1.,1.,1.,1.,1.,1.,1.,1.,1.,1.,1.,     1037P   4520
1.,1.,1.,1.,30.763864302,1.176435807,3.907490217,30.763864302,      1037P   4521
1.171153787,3.907379986,30.763346319,1.165960139,3.907263935,       1037P   4522
30.761824278,1.158296768,3.907082115,30.761191831,1.155763651,      1037P   4523
3.90702022,30.759671062,1.150741061,3.906894058,30.758778394,       1037P   4524
1.1482446,3.906829588,30.75577058,1.14098234,3.906637276,           1037P   4525
30.753316451,1.136389687,3.906509229,30.747518556,1.127697437,      1037P   4526
3.906257082,30.744143518,1.123581089,3.906132355,30.736770344,      1037P   4527
1.116201632,3.90590184,30.732747239,1.11288984,3.905794676,         1037P   4528
30.726195839,1.108502392,3.905649632,30.723925182,1.107139515,      1037P   4529
3.905603985,30.719310161,1.104669232,3.90552048,30.71695368,        1037P   4530
1.103553208,3.905482338,30.71214427,1.101555746,3.905413588,        1037P   4531
30.709691341,1.100674309,3.905382979,30.704687737,1.099149164,      1037P   4532
3.905329746,30.702125902,1.098503406,3.905307049,30.694373165,      1037P   4533
1.096954086,3.905252425,30.689147517,1.096435807,3.905233931,       1037P   4534
30.683864302,1.096435807,3.905233931,0.,1.,-0.014792183,            1037P   4535
-0.020862306,0.999672924;                                           1037P   4536
126,1,1,1,0,1,0,0.,0.,1.,1.,1.,1.,0.537405023,0.662099013,0.,       1039P   4537
0.537405023,0.647695205,0.,0.,1.,0.,0.,1.;                          1039P   4538
110,30.683864302,1.096435807,3.905233931,30.5361378,                1041P   4539
1.096435807,3.905233931;                                            1041P   4540
126,16,2,1,0,1,0,0.,0.,0.,0.125,0.125,0.25,0.25,0.375,0.375,        1043P   4541
0.5,0.5,0.625,0.625,0.75,0.75,0.875,0.875,1.,1.,1.,1.,1.,1.,1.,     1043P   4542
1.,1.,1.,1.,1.,1.,1.,1.,1.,1.,1.,1.,1.,0.537405023,0.647695205,     1043P   4543
0.,0.537405023,0.646927896,0.,0.537285444,0.646175306,0.,           1043P   4544
0.537165529,0.645420602,0.,0.536929988,0.644709766,0.,              1043P   4545
0.536695678,0.644002647,0.,0.536355898,0.643365991,0.,              1043P   4546
0.536014141,0.642725633,0.,0.535578836,0.642181175,0.,              1043P   4547
0.535145763,0.64163951,0.,0.534636651,0.641213489,0.,               1043P   4548
0.534125722,0.640785949,0.,0.533557799,0.64049126,0.,               1043P   4549
0.532989985,0.640196628,0.,0.532386994,0.640046106,0.,              1043P   4550
0.53178146,0.639894949,0.,0.531163851,0.639894949,0.,0.,1.,0.,      1043P   4551
0.,1.;                                                              1043P   4552
126,23,3,1,0,1,0,0.,0.,0.,0.,0.12500000000006,0.12500000000006,     1045P   4553
0.187500000000091,0.187500000000091,0.250000000000121,              1045P   4554
0.250000000000121,0.375000000000101,0.375000000000101,              1045P   4555
0.500000000000081,0.500000000000081,0.625000000000061,              1045P   4556
0.625000000000061,0.687500000000051,0.687500000000051,              1045P   4557
0.750000000000041,0.750000000000041,0.812500000000031,              1045P   4558
0.812500000000031,0.87500000000002,0.87500000000002,1.,1.,1.,       1045P   4559
1.,1.,1.,1.,1.,1.,1.,1.,1.,1.,1.,1.,1.,1.,1.,1.,1.,1.,1.,1.,1.,     1045P   4560
1.,1.,1.,1.,30.5361378,1.096435807,3.905233931,30.530854618,        1045P   4561
1.096435807,3.905233931,30.525659759,1.096954016,3.905252419,       1045P   4562
30.517994525,1.098476794,3.905306113,30.515460779,1.099109554,      1045P   4563
3.905328358,30.510436922,1.100631101,3.905381477,30.507940003,      1045P   4564
1.101524179,3.905412497,30.500676756,1.104533199,3.905516078,       1045P   4565
30.496083575,1.106988263,3.905599536,30.487390554,1.112788275,      1045P   4566
3.905791358,30.483274612,1.116164032,3.905900638,30.475896392,      1045P   4567
1.123538016,3.906131037,30.472585202,1.127561495,3.906253046,       1045P   4568
30.468198668,1.134113447,3.906443244,30.466836529,1.136383585,      1045P   4569
3.906507813,30.464367428,1.140997687,3.906636035,30.463251907,      1045P   4570
1.143353729,3.906700043,30.46125531,1.14816232,3.906827438,         1045P   4571
30.460374236,1.15061487,3.906890824,30.458849711,1.155617793,       1045P   4572
3.907016617,30.458204192,1.158179488,3.90707929,30.456655838,       1045P   4573
1.165929667,3.907263295,30.4561378,1.171153829,3.907379987,         1045P   4574
30.4561378,1.176435807,3.907490217,0.,1.,0.,-0.035653928,           1045P   4575
0.999364197;                                                        1045P   4576
102,8,1015,1019,1023,1027,1031,1035,1039,1043;                      1047P   4577
102,8,1017,1021,1025,1029,1033,1037,1041,1045;                      1049P   4578
142,1,3,1047,1049,1;                                                1051P   4579
126,1,1,1,0,1,0,0.,0.,1.,1.,1.,1.,0.531163851,0.702297,0.,          1053P   4580
0.509790951,0.702297,0.,0.,1.,0.,0.,1.;                             1053P   4581
126,3,3,1,0,1,0,0.468836148924358,0.468836148924358,                1055P   4582
0.468836148924358,0.468836148924358,0.490209049294722,              1055P   4583
0.490209049294722,0.490209049294722,0.490209049294722,1.,1.,1.,     1055P   4584
1.,31.0961378,1.176435807,3.907490217,31.0961378,1.267715887,       1055P   4585
3.909395153,31.0961378,1.358851559,3.909006442,31.0961378,          1055P   4586
1.449764963,3.906353632,0.468836148924358,0.490209049294722,1.,     1055P   4587
0.,0.;                                                              1055P   4588
126,16,2,1,0,1,0,0.,0.,0.,0.125,0.125,0.25,0.25,0.375,0.375,        1057P   4589
0.5,0.5,0.625,0.625,0.75,0.75,0.875,0.875,1.,1.,1.,1.,1.,1.,1.,     1057P   4590
1.,1.,1.,1.,1.,1.,1.,1.,1.,1.,1.,1.,1.,0.509790951,0.702297,0.,     1057P   4591
0.509174465,0.702297,0.,0.508569619,0.702446415,0.,0.507963092,     1057P   4592
0.702596245,0.,0.507391626,0.702890543,0.,0.506823103,              1057P   4593
0.703183326,0.,0.506311066,0.703607888,0.,0.505795962,              1057P   4594
0.704034993,0.,0.505357879,0.704578975,0.,0.504921976,              1057P   4595
0.70512025,0.,0.50457906,0.705756486,0.,0.504234803,                1057P   4596
0.706395212,0.,0.503997491,0.707105081,0.,0.503760213,              1057P   4597
0.707814851,0.,0.503638978,0.708568448,0.,0.503517207,              1057P   4598
0.709325378,0.,0.503517207,0.710097256,0.,0.,1.,0.,0.,1.;           1057P   4599
126,23,3,1,0,1,0,0.,0.,0.,0.,0.125000000000018,                     1059P   4600
0.125000000000018,0.187500000000019,0.187500000000019,              1059P   4601
0.250000000000019,0.250000000000019,0.375000000000016,              1059P   4602
0.375000000000016,0.500000000000012,0.500000000000012,              1059P   4603
0.625000000000009,0.625000000000009,0.687500000000007,              1059P   4604
0.687500000000007,0.750000000000006,0.750000000000006,              1059P   4605
0.812500000000004,0.812500000000004,0.875000000000002,              1059P   4606
0.875000000000002,1.,1.,1.,1.,1.,1.,1.,1.,1.,1.,1.,1.,1.,1.,1.,     1059P   4607
1.,1.,1.,1.,1.,1.,1.,1.,1.,1.,1.,1.,1.,31.0961378,1.449764963,      1059P   4608
3.906353632,31.0961378,1.455046569,3.906199517,31.096655702,        1059P   4609
1.460239771,3.906040324,31.098177468,1.467902441,3.90579486,        1059P   4610
31.098809799,1.470435319,3.90571193,31.100330275,1.475457424,       1059P   4611
3.905544063,31.101222784,1.477953696,3.905458864,31.104230117,      1059P   4612
1.485215523,3.905206252,31.106683864,1.489807931,3.905040077,       1059P   4613
31.112480876,1.498499803,3.904715774,31.115855562,1.502616231,      1059P   4614
3.904556872,31.123228258,1.50999606,3.904265088,31.127251139,       1059P   4615
1.513308063,3.904130429,31.133802244,1.517695873,3.90394896,        1059P   4616
31.136073047,1.519059025,3.903891992,31.140688352,1.521529774,      1059P   4617
3.903787969,31.143044979,1.522646006,3.903740558,31.147854686,      1059P   4618
1.524643843,3.903655218,31.150307766,1.525525447,3.903617288,       1059P   4619
31.155311677,1.527050887,3.903551388,31.157873606,1.527696769,      1059P   4620
3.903523328,31.165627476,1.529246544,3.90345583,31.170853864,       1059P   4621
1.529764963,3.90343303,31.1761378,1.529764963,3.90343303,0.,1.,     1059P   4622
0.014778115,0.029163932,0.999465393;                                1059P   4623
126,1,1,1,0,1,0,0.,0.,1.,1.,1.,1.,0.503517207,0.710097256,0.,       1061P   4624
0.503517207,0.724501063,0.,0.,1.,0.,0.,1.;                          1061P   4625
110,31.1761378,1.529764963,3.90343303,31.323864302,1.529764963,     1063P   4626
3.90343303;                                                         1063P   4627
126,16,2,1,0,1,0,0.,0.,0.,0.125,0.125,0.25,0.25,0.375,0.375,        1065P   4628
0.5,0.5,0.625,0.625,0.75,0.75,0.875,0.875,1.,1.,1.,1.,1.,1.,1.,     1065P   4629
1.,1.,1.,1.,1.,1.,1.,1.,1.,1.,1.,1.,1.,0.503517207,0.724501063,     1065P   4630
0.,0.503517207,0.725268451,0.,0.503637579,0.726021149,0.,           1065P   4631
0.503758277,0.726775884,0.,0.50399535,0.727486826,0.,               1065P   4632
0.50423114,0.728193919,0.,0.504573042,0.728830647,0.,               1065P   4633
0.504916855,0.729470934,0.,0.505354717,0.730015415,0.,              1065P   4634
0.50579025,0.730557002,0.,0.506302134,0.730983012,0.,               1065P   4635
0.50681575,0.731410463,0.,0.507386465,0.731705115,0.,               1065P   4636
0.507957043,0.731999696,0.,0.508562716,0.732150194,0.,              1065P   4637
0.509170913,0.73230132,0.,0.509790951,0.73230132,0.,0.,1.,0.,       1065P   4638
0.,1.;                                                              1065P   4639
126,23,3,1,0,1,0,0.,0.,0.,0.,0.124999999999984,                     1067P   4640
0.124999999999984,0.187500000000018,0.187500000000018,              1067P   4641
0.250000000000052,0.250000000000052,0.375000000000041,              1067P   4642
0.375000000000041,0.500000000000031,0.500000000000031,              1067P   4643
0.62500000000002,0.62500000000002,0.687500000000015,                1067P   4644
0.687500000000015,0.75000000000001,0.75000000000001,                1067P   4645
0.812500000000004,0.812500000000004,0.874999999999999,              1067P   4646
0.874999999999999,1.,1.,1.,1.,1.,1.,1.,1.,1.,1.,1.,1.,1.,1.,1.,     1067P   4647
1.,1.,1.,1.,1.,1.,1.,1.,1.,1.,1.,1.,1.,31.323864302,                1067P   4648
1.529764963,3.90343303,31.329148179,1.529764963,3.90343303,         1067P   4649
31.334343674,1.529246618,3.903455823,31.342009785,1.527723472,      1067P   4650
3.903522167,31.344543809,1.527090561,3.903549668,31.349568196,      1067P   4651
1.525568657,3.903615427,31.352065296,1.524675393,3.903653865,       1067P   4652
31.359328909,1.52166584,3.903782437,31.363922242,1.519210385,       1067P   4653
3.903886283,31.372615415,1.513409555,3.904126272,31.376731102,      1067P   4654
1.510033557,3.904263578,31.384108683,1.502659352,3.904555194,       1067P   4655
31.387419572,1.49863579,3.904710608,31.391805676,1.49208372,        1067P   4656
3.904955209,31.393167515,1.489813806,3.905038619,31.395636137,      1067P   4657
1.485200097,3.905205142,31.396751456,1.482844243,3.90528871,        1067P   4658
31.398747707,1.478036002,3.90545603,31.399628638,1.475583614,       1067P   4659
3.905539781,31.401152923,1.47058098,3.905707122,31.401798348,       1067P   4660
1.468019359,3.905791072,31.403346349,1.460270121,3.906039434,       1067P   4661
31.403864302,1.455046498,3.906199519,31.403864302,1.449764963,      1067P   4662
3.906353632,0.,1.,0.,0.043930516,0.999034589;                       1067P   4663
126,1,1,1,0,1,0,0.,0.,1.,1.,1.,1.,0.509790951,0.73230132,0.,        1069P   4664
0.531163851,0.73230132,0.,0.,1.,0.,0.,1.;                           1069P   4665
126,3,3,1,0,1,0,0.509790950705278,0.509790950705278,                1071P   4666
0.509790950705278,0.509790950705278,0.531163851075642,              1071P   4667
0.531163851075642,0.531163851075642,0.531163851075642,1.,1.,1.,     1071P   4668
1.,31.403864302,1.449764963,3.906353632,31.403864302,               1071P   4669
1.358851559,3.909006442,31.403864302,1.267715887,3.909395153,       1071P   4670
31.403864302,1.176435807,3.907490217,0.509790950705278,             1071P   4671
0.531163851075642,-1.,0.,0.;                                        1071P   4672
126,16,2,1,0,1,0,0.,0.,0.,0.125,0.125,0.25,0.25,0.375,0.375,        1073P   4673
0.5,0.5,0.625,0.625,0.75,0.75,0.875,0.875,1.,1.,1.,1.,1.,1.,1.,     1073P   4674
1.,1.,1.,1.,1.,1.,1.,1.,1.,1.,1.,1.,1.,0.531163851,0.73230132,      1073P   4675
0.,0.531777911,0.73230132,0.,0.5323801,0.732151879,0.,              1073P   4676
0.532983954,0.732002025,0.,0.533552664,0.73170767,0.,               1073P   4677
0.534118396,0.731414856,0.,0.53462775,0.730990214,0.,               1073P   4678
0.535140074,0.730563095,0.,0.53557569,0.730019026,0.,               1073P   4679
0.536009055,0.729477768,0.,0.536349923,0.728841451,0.,              1073P   4680
0.53669204,0.728202804,0.,0.53692786,0.727492917,0.,0.53716361,     1073P   4681
0.726783239,0.,0.537284058,0.726029656,0.,0.537405023,              1073P   4682
0.725272847,0.,0.537405023,0.724501063,0.,0.,1.,0.,0.,1.;           1073P   4683
126,23,3,1,0,1,0,0.,0.,0.,0.,0.124999999999979,                     1075P   4684
0.124999999999979,0.187499999999962,0.187499999999962,              1075P   4685
0.249999999999946,0.249999999999946,0.374999999999918,              1075P   4686
0.374999999999918,0.499999999999891,0.499999999999891,              1075P   4687
0.624999999999863,0.624999999999863,0.687499999999886,              1075P   4688
0.687499999999886,0.749999999999909,0.749999999999909,              1075P   4689
0.812499999999932,0.812499999999932,0.874999999999954,              1075P   4690
0.874999999999954,1.,1.,1.,1.,1.,1.,1.,1.,1.,1.,1.,1.,1.,1.,1.,     1075P   4691
1.,1.,1.,1.,1.,1.,1.,1.,1.,1.,1.,1.,1.,31.403864302,                1075P   4692
1.176435807,3.907490217,31.403864302,1.171153787,3.907379986,       1075P   4693
31.403346319,1.165960139,3.907263935,31.401824278,1.158296768,      1075P   4694
3.907082115,31.401191831,1.155763651,3.90702022,31.399671062,       1075P   4695
1.150741061,3.906894058,31.398778394,1.1482446,3.906829588,         1075P   4696
31.39577058,1.14098234,3.906637276,31.393316451,1.136389687,        1075P   4697
3.906509229,31.387518556,1.127697437,3.906257082,31.384143518,      1075P   4698
1.123581089,3.906132355,31.376770344,1.116201632,3.90590184,        1075P   4699
31.372747239,1.11288984,3.905794676,31.366195839,1.108502392,       1075P   4700
3.905649632,31.363925182,1.107139515,3.905603985,31.359310161,      1075P   4701
1.104669232,3.90552048,31.35695368,1.103553208,3.905482338,         1075P   4702
31.35214427,1.101555746,3.905413588,31.349691341,1.100674309,       1075P   4703
3.905382979,31.344687737,1.099149164,3.905329746,31.342125902,      1075P   4704
1.098503406,3.905307049,31.334373165,1.096954086,3.905252425,       1075P   4705
31.329147517,1.096435807,3.905233931,31.323864302,1.096435807,      1075P   4706
3.905233931,0.,1.,-0.014792183,-0.020862306,0.999672924;            1075P   4707
126,1,1,1,0,1,0,0.,0.,1.,1.,1.,1.,0.537405023,0.724501063,0.,       1077P   4708
0.537405023,0.710097256,0.,0.,1.,0.,0.,1.;                          1077P   4709
110,31.323864302,1.096435807,3.905233931,31.1761378,                1079P   4710
1.096435807,3.905233931;                                            1079P   4711
126,16,2,1,0,1,0,0.,0.,0.,0.125,0.125,0.25,0.25,0.375,0.375,        1081P   4712
0.5,0.5,0.625,0.625,0.75,0.75,0.875,0.875,1.,1.,1.,1.,1.,1.,1.,     1081P   4713
1.,1.,1.,1.,1.,1.,1.,1.,1.,1.,1.,1.,1.,0.537405023,0.710097256,     1081P   4714
0.,0.537405023,0.709329947,0.,0.537285444,0.708577357,0.,           1081P   4715
0.537165529,0.707822653,0.,0.536929988,0.707111817,0.,              1081P   4716
0.536695678,0.706404698,0.,0.536355898,0.705768042,0.,              1081P   4717
0.536014141,0.705127683,0.,0.535578836,0.704583226,0.,              1081P   4718
0.535145763,0.70404156,0.,0.534636651,0.70361554,0.,                1081P   4719
0.534125722,0.703187999,0.,0.533557799,0.702893311,0.,              1081P   4720
0.532989985,0.702598678,0.,0.532386994,0.702448156,0.,              1081P   4721
0.53178146,0.702297,0.,0.531163851,0.702297,0.,0.,1.,0.,0.,1.;      1081P   4722
126,23,3,1,0,1,0,0.,0.,0.,0.,0.124999999999941,                     1083P   4723
0.124999999999941,0.187499999999911,0.187499999999911,              1083P   4724
0.249999999999881,0.249999999999881,0.3749999999999,                1083P   4725
0.3749999999999,0.499999999999919,0.499999999999919,                1083P   4726
0.624999999999937,0.624999999999937,0.687499999999947,              1083P   4727
0.687499999999947,0.749999999999957,0.749999999999957,              1083P   4728
0.812499999999966,0.812499999999966,0.874999999999976,              1083P   4729
0.874999999999976,1.,1.,1.,1.,1.,1.,1.,1.,1.,1.,1.,1.,1.,1.,1.,     1083P   4730
1.,1.,1.,1.,1.,1.,1.,1.,1.,1.,1.,1.,1.,31.1761378,1.096435807,      1083P   4731
3.905233931,31.170854618,1.096435807,3.905233931,31.165659759,      1083P   4732
1.096954016,3.905252419,31.157994525,1.098476794,3.905306113,       1083P   4733
31.155460779,1.099109554,3.905328358,31.150436922,1.100631101,      1083P   4734
3.905381477,31.147940003,1.101524179,3.905412497,31.140676756,      1083P   4735
1.104533199,3.905516078,31.136083575,1.106988263,3.905599536,       1083P   4736
31.127390554,1.112788275,3.905791358,31.123274612,1.116164032,      1083P   4737
3.905900638,31.115896392,1.123538016,3.906131037,31.112585202,      1083P   4738
1.127561495,3.906253046,31.108198668,1.134113447,3.906443244,       1083P   4739
31.106836529,1.136383585,3.906507813,31.104367428,1.140997687,      1083P   4740
3.906636035,31.103251907,1.143353729,3.906700043,31.10125531,       1083P   4741
1.14816232,3.906827438,31.100374236,1.15061487,3.906890824,         1083P   4742
31.098849711,1.155617793,3.907016617,31.098204192,1.158179488,      1083P   4743
3.90707929,31.096655838,1.165929667,3.907263295,31.0961378,         1083P   4744
1.171153829,3.907379987,31.0961378,1.176435807,3.907490217,0.,      1083P   4745
1.,0.,-0.035653928,0.999364197;                                     1083P   4746
102,8,1053,1057,1061,1065,1069,1073,1077,1081;                      1085P   4747
102,8,1055,1059,1063,1067,1071,1075,1079,1083;                      1087P   4748
142,1,3,1085,1087,1;                                                1089P   4749
126,1,1,1,0,1,0,0.,0.,1.,1.,1.,1.,0.531163851,0.76469905,0.,        1091P   4750
0.509790951,0.76469905,0.,0.,1.,0.,0.,1.;                           1091P   4751
126,3,3,1,0,1,0,0.468836148924358,0.468836148924358,                1093P   4752
0.468836148924358,0.468836148924358,0.490209049294722,              1093P   4753
0.490209049294722,0.490209049294722,0.490209049294722,1.,1.,1.,     1093P   4754
1.,31.7361378,1.176435807,3.907490217,31.7361378,1.267715887,       1093P   4755
3.909395153,31.7361378,1.358851559,3.909006442,31.7361378,          1093P   4756
1.449764963,3.906353632,0.468836148924358,0.490209049294722,1.,     1093P   4757
0.,0.;                                                              1093P   4758
126,16,2,1,0,1,0,0.,0.,0.,0.125,0.125,0.25,0.25,0.375,0.375,        1095P   4759
0.5,0.5,0.625,0.625,0.75,0.75,0.875,0.875,1.,1.,1.,1.,1.,1.,1.,     1095P   4760
1.,1.,1.,1.,1.,1.,1.,1.,1.,1.,1.,1.,1.,0.509790951,0.76469905,      1095P   4761
0.,0.509174465,0.76469905,0.,0.508569619,0.764848466,0.,            1095P   4762
0.507963092,0.764998296,0.,0.507391626,0.765292594,0.,              1095P   4763
0.506823103,0.765585376,0.,0.506311066,0.766009939,0.,              1095P   4764
0.505795962,0.766437043,0.,0.505357879,0.766981026,0.,              1095P   4765
0.504921976,0.767522301,0.,0.50457906,0.768158536,0.,               1095P   4766
0.504234803,0.768797263,0.,0.503997491,0.769507131,0.,              1095P   4767
0.503760213,0.770216901,0.,0.503638978,0.770970498,0.,              1095P   4768
0.503517207,0.771727429,0.,0.503517207,0.772499307,0.,0.,1.,0.,     1095P   4769
0.,1.;                                                              1095P   4770
126,23,3,1,0,1,0,0.,0.,0.,0.,0.125000000000018,                     1097P   4771
0.125000000000018,0.187500000000019,0.187500000000019,              1097P   4772
0.250000000000019,0.250000000000019,0.375000000000016,              1097P   4773
0.375000000000016,0.500000000000012,0.500000000000012,              1097P   4774
0.625000000000009,0.625000000000009,0.687500000000007,              1097P   4775
0.687500000000007,0.750000000000006,0.750000000000006,              1097P   4776
0.812500000000004,0.812500000000004,0.875000000000002,              1097P   4777
0.875000000000002,1.,1.,1.,1.,1.,1.,1.,1.,1.,1.,1.,1.,1.,1.,1.,     1097P   4778
1.,1.,1.,1.,1.,1.,1.,1.,1.,1.,1.,1.,1.,31.7361378,1.449764963,      1097P   4779
3.906353632,31.7361378,1.455046569,3.906199517,31.736655702,        1097P   4780
1.460239771,3.906040324,31.738177468,1.467902441,3.90579486,        1097P   4781
31.738809799,1.470435319,3.90571193,31.740330275,1.475457424,       1097P   4782
3.905544063,31.741222784,1.477953696,3.905458864,31.744230117,      1097P   4783
1.485215523,3.905206252,31.746683864,1.489807931,3.905040077,       1097P   4784
31.752480876,1.498499803,3.904715774,31.755855562,1.502616231,      1097P   4785
3.904556872,31.763228258,1.50999606,3.904265088,31.767251139,       1097P   4786
1.513308063,3.904130429,31.773802244,1.517695873,3.90394896,        1097P   4787
31.776073047,1.519059025,3.903891992,31.780688352,1.521529774,      1097P   4788
3.903787969,31.783044979,1.522646006,3.903740558,31.787854686,      1097P   4789
1.524643843,3.903655218,31.790307766,1.525525447,3.903617288,       1097P   4790
31.795311677,1.527050887,3.903551388,31.797873606,1.527696769,      1097P   4791
3.903523328,31.805627476,1.529246544,3.90345583,31.810853864,       1097P   4792
1.529764963,3.90343303,31.8161378,1.529764963,3.90343303,0.,1.,     1097P   4793
0.014778115,0.029163932,0.999465393;                                1097P   4794
126,1,1,1,0,1,0,0.,0.,1.,1.,1.,1.,0.503517207,0.772499307,0.,       1099P   4795
0.503517207,0.786903114,0.,0.,1.,0.,0.,1.;                          1099P   4796
110,31.8161378,1.529764963,3.90343303,31.963864302,1.529764963,     1101P   4797
3.90343303;                                                         1101P   4798
126,16,2,1,0,1,0,0.,0.,0.,0.125,0.125,0.25,0.25,0.375,0.375,        1103P   4799
0.5,0.5,0.625,0.625,0.75,0.75,0.875,0.875,1.,1.,1.,1.,1.,1.,1.,     1103P   4800
1.,1.,1.,1.,1.,1.,1.,1.,1.,1.,1.,1.,1.,0.503517207,0.786903114,     1103P   4801
0.,0.503517207,0.787670502,0.,0.503637579,0.7884232,0.,             1103P   4802
0.503758277,0.789177934,0.,0.50399535,0.789888876,0.,               1103P   4803
0.50423114,0.79059597,0.,0.504573042,0.791232698,0.,                1103P   4804
0.504916855,0.791872984,0.,0.505354717,0.792417465,0.,              1103P   4805
0.50579025,0.792959052,0.,0.506302134,0.793385063,0.,               1103P   4806
0.50681575,0.793812513,0.,0.507386465,0.794107165,0.,               1103P   4807
0.507957043,0.794401746,0.,0.508562716,0.794552245,0.,              1103P   4808
0.509170913,0.79470337,0.,0.509790951,0.79470337,0.,0.,1.,0.,       1103P   4809
0.,1.;                                                              1103P   4810
126,23,3,1,0,1,0,0.,0.,0.,0.,0.125000000000106,                     1105P   4811
0.125000000000106,0.187500000000118,0.187500000000118,              1105P   4812
0.250000000000129,0.250000000000129,0.37500000000015,               1105P   4813
0.37500000000015,0.500000000000172,0.500000000000172,               1105P   4814
0.625000000000193,0.625000000000193,0.687500000000154,              1105P   4815
0.687500000000154,0.750000000000116,0.750000000000116,              1105P   4816
0.812500000000077,0.812500000000077,0.875000000000039,              1105P   4817
0.875000000000039,1.,1.,1.,1.,1.,1.,1.,1.,1.,1.,1.,1.,1.,1.,1.,     1105P   4818
1.,1.,1.,1.,1.,1.,1.,1.,1.,1.,1.,1.,1.,31.963864302,                1105P   4819
1.529764963,3.90343303,31.969148179,1.529764963,3.90343303,         1105P   4820
31.974343674,1.529246618,3.903455823,31.982009785,1.527723472,      1105P   4821
3.903522167,31.984543809,1.527090561,3.903549668,31.989568196,      1105P   4822
1.525568657,3.903615427,31.992065296,1.524675393,3.903653865,       1105P   4823
31.999328909,1.52166584,3.903782437,32.003922242,1.519210385,       1105P   4824
3.903886283,32.012615415,1.513409555,3.904126272,32.016731102,      1105P   4825
1.510033557,3.904263578,32.024108683,1.502659352,3.904555194,       1105P   4826
32.027419572,1.49863579,3.904710608,32.031805676,1.49208372,        1105P   4827
3.904955209,32.033167515,1.489813806,3.905038619,32.035636137,      1105P   4828
1.485200097,3.905205142,32.036751456,1.482844243,3.90528871,        1105P   4829
32.038747707,1.478036002,3.90545603,32.039628638,1.475583614,       1105P   4830
3.905539781,32.041152923,1.47058098,3.905707122,32.041798348,       1105P   4831
1.468019359,3.905791072,32.043346349,1.460270121,3.906039434,       1105P   4832
32.043864302,1.455046498,3.906199519,32.043864302,1.449764963,      1105P   4833
3.906353632,0.,1.,0.,0.043930516,0.999034589;                       1105P   4834
126,1,1,1,0,1,0,0.,0.,1.,1.,1.,1.,0.509790951,0.79470337,0.,        1107P   4835
0.531163851,0.79470337,0.,0.,1.,0.,0.,1.;                           1107P   4836
126,3,3,1,0,1,0,0.509790950705278,0.509790950705278,                1109P   4837
0.509790950705278,0.509790950705278,0.531163851075642,              1109P   4838
0.531163851075642,0.531163851075642,0.531163851075642,1.,1.,1.,     1109P   4839
1.,32.043864302,1.449764963,3.906353632,32.043864302,               1109P   4840
1.358851559,3.909006442,32.043864302,1.267715887,3.909395153,       1109P   4841
32.043864302,1.176435807,3.907490217,0.509790950705278,             1109P   4842
0.531163851075642,-1.,0.,0.;                                        1109P   4843
126,16,2,1,0,1,0,0.,0.,0.,0.125,0.125,0.25,0.25,0.375,0.375,        1111P   4844
0.5,0.5,0.625,0.625,0.75,0.75,0.875,0.875,1.,1.,1.,1.,1.,1.,1.,     1111P   4845
1.,1.,1.,1.,1.,1.,1.,1.,1.,1.,1.,1.,1.,0.531163851,0.79470337,      1111P   4846
0.,0.531777911,0.79470337,0.,0.5323801,0.794553929,0.,              1111P   4847
0.532983954,0.794404076,0.,0.533552664,0.794109721,0.,              1111P   4848
0.534118396,0.793816907,0.,0.53462775,0.793392264,0.,               1111P   4849
0.535140074,0.792965146,0.,0.53557569,0.792421077,0.,               1111P   4850
0.536009055,0.791879818,0.,0.536349923,0.791243502,0.,              1111P   4851
0.53669204,0.790604855,0.,0.53692786,0.789894968,0.,0.53716361,     1111P   4852
0.78918529,0.,0.537284058,0.788431706,0.,0.537405023,               1111P   4853
0.787674898,0.,0.537405023,0.786903114,0.,0.,1.,0.,0.,1.;           1111P   4854
126,23,3,1,0,1,0,0.,0.,0.,0.,0.124999999999846,                     1113P   4855
0.124999999999846,0.187499999999772,0.187499999999772,              1113P   4856
0.249999999999698,0.249999999999698,0.374999999999614,              1113P   4857
0.374999999999614,0.49999999999953,0.49999999999953,                1113P   4858
0.624999999999447,0.624999999999447,0.687499999999477,              1113P   4859
0.687499999999477,0.749999999999581,0.749999999999581,              1113P   4860
0.812499999999686,0.812499999999686,0.874999999999791,              1113P   4861
0.874999999999791,1.,1.,1.,1.,1.,1.,1.,1.,1.,1.,1.,1.,1.,1.,1.,     1113P   4862
1.,1.,1.,1.,1.,1.,1.,1.,1.,1.,1.,1.,1.,32.043864302,                1113P   4863
1.176435807,3.907490217,32.043864302,1.171153787,3.907379986,       1113P   4864
32.043346319,1.165960139,3.907263935,32.041824278,1.158296768,      1113P   4865
3.907082115,32.041191831,1.155763651,3.90702022,32.039671062,       1113P   4866
1.150741061,3.906894058,32.038778394,1.1482446,3.906829588,         1113P   4867
32.03577058,1.14098234,3.906637276,32.033316451,1.136389687,        1113P   4868
3.906509229,32.027518556,1.127697437,3.906257082,32.024143518,      1113P   4869
1.123581089,3.906132355,32.016770344,1.116201632,3.90590184,        1113P   4870
32.012747239,1.11288984,3.905794676,32.006195839,1.108502392,       1113P   4871
3.905649632,32.003925182,1.107139515,3.905603985,31.999310161,      1113P   4872
1.104669232,3.90552048,31.99695368,1.103553208,3.905482338,         1113P   4873
31.99214427,1.101555746,3.905413588,31.989691341,1.100674309,       1113P   4874
3.905382979,31.984687737,1.099149164,3.905329746,31.982125902,      1113P   4875
1.098503406,3.905307049,31.974373165,1.096954086,3.905252425,       1113P   4876
31.969147517,1.096435807,3.905233931,31.963864302,1.096435807,      1113P   4877
3.905233931,0.,1.,-0.014792183,-0.020862306,0.999672924;            1113P   4878
126,1,1,1,0,1,0,0.,0.,1.,1.,1.,1.,0.537405023,0.786903114,0.,       1115P   4879
0.537405023,0.772499307,0.,0.,1.,0.,0.,1.;                          1115P   4880
110,31.963864302,1.096435807,3.905233931,31.8161378,                1117P   4881
1.096435807,3.905233931;                                            1117P   4882
126,16,2,1,0,1,0,0.,0.,0.,0.125,0.125,0.25,0.25,0.375,0.375,        1119P   4883
0.5,0.5,0.625,0.625,0.75,0.75,0.875,0.875,1.,1.,1.,1.,1.,1.,1.,     1119P   4884
1.,1.,1.,1.,1.,1.,1.,1.,1.,1.,1.,1.,1.,0.537405023,0.772499307,     1119P   4885
0.,0.537405023,0.771731998,0.,0.537285444,0.770979407,0.,           1119P   4886
0.537165529,0.770224703,0.,0.536929988,0.769513868,0.,              1119P   4887
0.536695678,0.768806748,0.,0.536355898,0.768170093,0.,              1119P   4888
0.536014141,0.767529734,0.,0.535578836,0.766985276,0.,              1119P   4889
0.535145763,0.766443611,0.,0.534636651,0.766017591,0.,              1119P   4890
0.534125722,0.76559005,0.,0.533557799,0.765295361,0.,               1119P   4891
0.532989985,0.765000729,0.,0.532386994,0.764850207,0.,              1119P   4892
0.53178146,0.76469905,0.,0.531163851,0.76469905,0.,0.,1.,0.,0.,     1119P   4893
1.;                                                                 1119P   4894
126,23,3,1,0,1,0,0.,0.,0.,0.,0.125000000000059,                     1121P   4895
0.125000000000059,0.187500000000088,0.187500000000088,              1121P   4896
0.250000000000117,0.250000000000117,0.375000000000097,              1121P   4897
0.375000000000097,0.500000000000078,0.500000000000078,              1121P   4898
0.625000000000058,0.625000000000058,0.687500000000049,              1121P   4899
0.687500000000049,0.750000000000039,0.750000000000039,              1121P   4900
0.812500000000029,0.812500000000029,0.875000000000019,              1121P   4901
0.875000000000019,1.,1.,1.,1.,1.,1.,1.,1.,1.,1.,1.,1.,1.,1.,1.,     1121P   4902
1.,1.,1.,1.,1.,1.,1.,1.,1.,1.,1.,1.,1.,31.8161378,1.096435807,      1121P   4903
3.905233931,31.810854618,1.096435807,3.905233931,31.805659759,      1121P   4904
1.096954016,3.905252419,31.797994525,1.098476794,3.905306113,       1121P   4905
31.795460779,1.099109554,3.905328358,31.790436922,1.100631101,      1121P   4906
3.905381477,31.787940003,1.101524179,3.905412497,31.780676756,      1121P   4907
1.104533199,3.905516078,31.776083575,1.106988263,3.905599536,       1121P   4908
31.767390554,1.112788275,3.905791358,31.763274612,1.116164032,      1121P   4909
3.905900638,31.755896392,1.123538016,3.906131037,31.752585202,      1121P   4910
1.127561495,3.906253046,31.748198668,1.134113447,3.906443244,       1121P   4911
31.746836529,1.136383585,3.906507813,31.744367428,1.140997687,      1121P   4912
3.906636035,31.743251907,1.143353729,3.906700043,31.74125531,       1121P   4913
1.14816232,3.906827438,31.740374236,1.15061487,3.906890824,         1121P   4914
31.738849711,1.155617793,3.907016617,31.738204192,1.158179488,      1121P   4915
3.90707929,31.736655838,1.165929667,3.907263295,31.7361378,         1121P   4916
1.171153829,3.907379987,31.7361378,1.176435807,3.907490217,0.,      1121P   4917
1.,0.,-0.035653928,0.999364197;                                     1121P   4918
102,8,1091,1095,1099,1103,1107,1111,1115,1119;                      1123P   4919
102,8,1093,1097,1101,1105,1109,1113,1117,1121;                      1125P   4920
142,1,3,1123,1125,1;                                                1127P   4921
144,3,1,29,25,63,101,139,177,215,253,291,329,367,405,443,481,       1129P   4922
519,557,595,633,671,709,747,785,823,861,899,937,975,1013,1051,      1129P   4923
1089,1127;                                                          1129P   4924
S      1G      4D   1130P   4924                                        T      1
