0,0,-36.91851,-54.52768,-20.43396,-18.75887,-16.28579,-11.84947,-8.807543,-7.525889,-4.706181,-4.060137,-3.683793,-2.648678,-3.338261,-4.300944,-3.701003,-5.779121E-05,24,24,24,24,24,24,24,24,24,24,24,24,24,24,24,24,0,0,-5.110951,-3.953168,-3.536411,-3.361371,101.6536,86.41368,-3.265131,-1.825419,-1.42511,-1.932592,-1.972584,-1.749913,-2.689293,-2.228086,-2.650349,-2.713066,24,24,24,24,24,24,24,24,24,24,24,24,24,24,24,24,0,0,-3.446437,-5.50042,-0.7647912,-2.708886,-2.329343,-2.167605,-2.976232,-69.01153,0.8663994,-0.1210918,-0.119218,-0.2426781,-0.5504805,0.2220924,0.5531919,3.496349,23,23,23,23,23,23,23,23,23,23,23,23,23,23,23,23
1,10,-34.39326,-54.52768,-19.32641,-18.88065,-16.52712,-13.20678,-9.700851,-8.403605,-4.830025,-5.044702,-2.733161,-3.909433,-3.457479,-6.092951,-3.820387,-1.810571,24,24,24,24,24,24,24,24,24,24,24,24,24,24,24,24,1,10,-3.631483,-3.162229,-2.358113,-3.361371,102.0477,85.4319,-2.350932,-2.868438,-2.072224,-2.447577,-1.972584,-2.827571,-2.689293,-2.896271,-2.289068,-3.730458,24,24,24,24,24,24,24,24,24,24,24,24,24,24,24,24,1,10,-2.871889,-3.83757,-0.1258267,-2.837874,-3.754075,-2.677172,-1.812509,-68.24612,0.6191525,0.3627329,0.4767795,0.7275207,-0.110211,-0.3336535,-0.664151,2.44322,23,23,23,23,23,23,23,23,23,23,23,23,23,23,23,23
2,20,-36.43751,-55.85761,-22.03376,-23.14292,-19.18188,-14.3173,-10.21131,-8.654383,-5.201557,-4.55242,-3.446135,-4.161584,-4.530454,-4.659346,-5.014231,0.6034462,24,24,24,24,24,24,24,24,24,24,24,24,24,24,24,24,2,20,-3.496986,-3.030457,-3.667334,-3.102816,101.2595,85.30917,-2.220333,-1.434285,-2.589916,-1.675099,-2.366771,-3.231692,-2.049384,-1.782631,-2.529922,-2.373935,24,24,24,24,24,24,24,24,24,24,24,24,24,24,24,24,2,20,-2.527161,-4.221252,-0.2536199,-3.740791,-2.329343,-2.040214,-1.683207,-69.23022,-1.111571,-0.6049134,0.4767795,0.484971,-0.110211,-0.3336535,-0.4428155,3.26232,23,23,23,23,23,23,23,23,23,23,23,23,23,23,23,23
3,30,-39.56401,-56.70395,-23.87967,-24.48248,-22.31933,-16.66174,-11.99793,-9.782875,-6.315722,-4.798561,-4.872081,-4.665887,-4.888111,-5.73455,-5.253,-0.1207595,24,24,24,24,24,24,24,24,24,24,24,24,24,24,24,24,3,30,-2.286512,-2.503165,-3.143636,-2.32715,100.8655,85.67735,-2.089733,-1.564665,-2.201648,-2.318831,-3.023752,-2.558157,-1.537456,-2.784907,-2.168641,-2.486977,24,24,24,24,24,24,24,24,24,24,24,24,24,24,24,24,3,30,-2.412253,-4.988722,-0.636945,-2.837874,-2.199822,-2.422389,-1.424601,-68.79285,0.4955299,0.9675115,0.9535774,-0.4852278,0.4401218,0.6666898,0.5531919,2.794263,23,23,23,23,23,23,23,23,23,23,23,23,23,23,23,23
4,40,-39.20326,-56.82484,-23.01825,-23.50825,-20.62994,-16.53835,-11.35985,-10.40982,-5.944622,-7.259973,-4.872081,-6.55702,-5.722644,-8.004266,-6.566228,-0.9656654,24,24,24,24,24,24,24,24,24,24,24,24,24,24,24,24,4,40,-2.555507,-3.55775,-3.274559,-2.714983,100.3401,85.4319,-1.828533,-2.086173,-2.072224,-2.70507,-3.549337,-2.42345,-1.665438,-2.673543,-1.80736,-2.939152,24,24,24,24,24,24,24,24,24,24,24,24,24,24,24,24,4,40,-2.871889,-4.988722,-0.3813594,-2.321971,-3.495033,-3.951088,-1.941812,-69.23022,0.1246605,0.1208222,0.1191811,-0.7277775,-0.6605471,0.5555404,-0.110813,2.560228,23,23,23,23,23,23,23,23,23,23,23,23,23,23,23,23
5,50,-40.16526,-57.42936,-24.24885,-25.09138,-22.80201,-19.49974,-13.27409,-11.41292,-7.552732,-7.136902,-5.228568,-6.55702,-6.318741,-7.168155,-6.327459,-0.2414597,24,24,24,24,24,24,24,24,24,24,24,24,24,24,24,24,5,50,-2.958998,-2.766811,-2.619945,-3.361371,101.6537,86.41368,-2.220333,-2.607684,-2.589916,-3.348802,-2.235377,-2.154036,-2.689293,-2.116722,-2.168641,-3.504369,24,24,24,24,24,24,24,24,24,24,24,24,24,24,24,24,5,50,-2.871889,-4.988722,0.002019482,-2.579948,-2.847427,-2.422389,-2.329719,-69.23022,0.2482839,-0.6049134,0.4767795,0.7275207,-0.110211,0.8889885,-0.22148,2.794263,23,23,23,23,23,23,23,23,23,23,23,23,23,23,23,23
6,60,-41.60826,-57.30846,-24.37191,-24.84782,-23.28469,-19.12956,-13.91216,-11.91447,-8.171237,-8.489223,-5.941413,-7.439549,-6.914837,-7.048688,-6.685613,-5.779121E-05,24,24,24,24,24,24,24,24,24,24,24,24,24,24,24,24,6,60,-3.76598,-2.898634,-3.274559,-2.84426,101.785,87.02734,-2.612132,-1.564665,-2.848762,-2.190084,-2.760959,-2.558157,-2.177366,-1.782631,-3.132057,-2.939152,24,24,24,24,24,24,24,24,24,24,24,24,24,24,24,24,6,60,-1.14825,-4.86081,-1.148117,-2.708936,-2.329343,-2.422338,-0.6487858,-68.79285,-0.6170785,-0.0001348462,0.1191811,-0.2426781,-0.440414,-0.3336535,-0.110813,3.26232,23,23,23,23,23,23,23,23,23,23,23,23,23,23,23,23
7,70,-40.04501,-57.30846,-24.49498,-24.84782,-22.19866,-19.86991,-14.1674,-13.04297,-9.531949,-10.45574,-6.890831,-8.322078,-7.510934,-9.555613,-7.521304,-1.207067,24,24,24,24,24,24,24,24,24,24,24,24,24,24,24,24,7,70,-2.286512,-3.425927,-3.798244,-2.456427,101.9164,86.16828,-1.959082,-2.868438,-2.71934,-2.447577,-2.235377,-2.692863,-1.921402,-2.673543,-2.891203,-2.373935,24,24,24,24,24,24,24,24,24,24,24,24,24,24,24,24,7,70,-1.837706,-5.372456,0.002019482,-2.063995,-2.847427,-3.186687,-3.622745,-69.01153,0.990022,0.3627329,1.430376,-0.363953,-0.5504805,1.222436,0.331858,2.794263,23,23,23,23,23,23,23,23,23,23,23,23,23,23,23,23
8,80,-38.84251,-56.82484,-24.00273,-23.75181,-20.99195,-18.14243,-14.55024,-12.29064,-9.903051,-9.841205,-6.890831,-8.700304,-7.987811,-7.884959,-7.998365,-0.1207595,24,24,24,24,24,24,24,24,24,24,24,24,24,24,24,24,8,80,-2.958998,-3.162281,-2.750868,-2.32715,101.391,86.53645,-2.089682,-3.259521,-1.942801,-2.061338,-2.235377,-2.962279,-1.921402,-2.784907,-1.686933,-2.260892,24,24,24,24,24,24,24,24,24,24,24,24,24,24,24,24,8,80,-2.756981,-4.477075,-0.5091526,-2.708936,-1.94078,-2.931904,-1.553904,-68.02744,0.001037031,-0.7258704,-1.846108E-05,0.1211464,-0.110211,-0.1113548,-0.110813,2.560228,23,23,23,23,23,23,23,23,23,23,23,23,23,23,23,23
9,90,-39.44376,-57.91298,-25.23334,-25.5785,-24.73275,-20.98043,-17.74063,-15.55073,-12.50077,-13.0368,-8.314956,-10.59144,-9.060783,-8.839605,-8.236786,0.482746,24,24,24,24,24,24,24,24,24,24,24,24,24,24,24,24,9,90,-2.958998,-3.162281,-2.619945,-2.197872,101.1283,87.02734,-2.350881,-2.998767,-1.554532,-1.417606,-2.760959,-1.749913,-2.305347,-2.673543,-1.80736,-2.034803,24,24,24,24,24,24,24,24,24,24,24,24,24,24,24,24,9,90,-1.492978,-3.453783,-0.5091526,-3.353877,-2.847427,-3.059296,-1.553904,-68.35547,-0.2461576,0.1208222,0.9535774,1.091345,-0.110211,-0.6671008,-0.110813,3.028291,23,23,23,23,23,23,23,23,23,23,23,23,23,23,23,23
10,100,-39.56401,-57.91298,-25.11028,-26.30917,-24.1294,-22.09096,-17.99586,-16.05228,-12.87188,-13.77424,-8.670988,-10.96966,-8.941565,-9.316944,-7.759943,-0.7242635,24,24,24,24,24,24,24,24,24,24,24,24,24,24,24,24,10,100,-3.76598,-2.766811,-2.619945,-3.102816,101.785,85.67739,-3.13448,-2.216498,-2.589916,-2.061338,-1.972584,-2.692863,-2.817275,-2.56218,-1.566506,-2.486977,24,24,24,24,24,24,24,24,24,24,24,24,24,24,24,24,10,100,-2.182434,-4.221252,-1.403703,-2.708936,-2.458864,-2.549729,-2.588325,-69.44891,-0.2461576,-0.1210918,0.2383807,0.3636961,-0.7706137,-0.3336535,-0.000144478,2.560228,23,23,23,23,23,23,23,23,23,23,23,23,23,23,23,23
11,110,-38.96276,-58.15479,-24.98722,-24.9696,-22.56067,-19.49974,-16.84732,-15.92689,-12.74818,-12.42226,-8.789665,-9.96106,-8.22625,-8.242933,-7.043766,0.1206424,24,24,24,24,24,24,24,24,24,24,24,24,24,24,24,24,11,110,-2.555507,-2.766811,-2.227183,-2.585705,101.6537,85.43195,-2.089682,-1.434233,-2.589916,-1.675099,-1.841241,-2.692863,-1.79342,-2.005358,-2.289068,-1.92176,24,24,24,24,24,24,24,24,24,24,24,24,24,24,24,24,11,110,-2.64207,-4.477075,-0.1257737,-1.935007,-2.588386,-2.294946,-3.493443,-68.90218,0.001088401,-0.2420456,-1.886241E-05,0.9700704,0.3300552,0.8889885,0.5531919,3.496349,23,23,23,23,23,23,23,23,23,23,23,23,23,23,23,23
12,120,-39.56401,-57.91298,-25.97171,-24.48248,-23.16403,-19.49974,-16.59209,-15.55073,-12.99558,-11.68482,-8.196279,-9.834983,-8.107029,-7.884959,-7.043766,-0.1207595,24,24,24,24,24,24,24,24,24,24,24,24,24,24,24,24,12,120,-3.093495,-2.503165,-2.750868,-2.456427,101.2597,84.57294,-1.959082,-1.825367,-3.107608,-1.803845,-2.76101,-2.423444,-2.433329,-1.671267,-2.168641,-1.695671,24,24,24,24,24,24,24,24,24,24,24,24,24,24,24,24,12,120,-2.412253,-4.349164,0.002019482,-2.966912,-3.624555,-2.422338,-2.329719,-68.02744,-0.1225342,-0.1210918,-0.715216,0.6063004,0.3300552,-0.6671008,-0.8854849,2.677248,23,23,23,23,23,23,23,23,23,23,23,23,23,23,23,23
13,130,-39.56401,-57.55026,-24.49498,-23.99537,-22.43999,-20.98043,-15.95401,-16.80461,-13.11928,-13.65134,-8.908341,-11.47396,-9.180005,-10.39095,-7.759943,-1.689871,24,24,24,24,24,24,24,24,24,24,24,24,24,24,24,24,13,130,-3.093495,-2.371342,-2.358106,-2.068595,101.391,86.41373,-2.089682,-1.564613,-1.942801,-1.932591,-2.366823,-2.154031,-1.025529,-2.228086,-1.566506,-2.373935,24,24,24,24,24,24,24,24,24,24,24,24,24,24,24,24,13,130,-1.952614,-3.96543,-0.2535661,-2.45096,-2.070301,-1.275813,-2.976232,-69.99564,-0.1225342,0.2417759,0.953577,0.4850256,0.1099253,-0.2225034,-0.4428155,2.794263,23,23,23,23,23,23,23,23,23,23,23,23,23,23,23,23
14,140,-39.56401,-57.79208,-25.23334,-24.84782,-21.5953,-19.74652,-14.03978,-14.7984,-11.63487,-10.82446,-8.552311,-9.961058,-8.345469,-7.884904,-7.043766,-5.779121E-05,24,24,24,24,24,24,24,24,24,24,24,24,24,24,24,24,14,140,-2.690004,-3.162281,-1.834415,-2.714983,101.785,86.90462,-2.873281,-1.955744,-2.201648,-2.576323,-1.709843,-1.480495,-1.409475,-1.671267,-1.927787,-2.373935,24,24,24,24,24,24,24,24,24,24,24,24,24,24,24,24,14,140,-2.182434,-5.116633,-0.636945,-2.192984,-2.199822,-1.403205,-2.717627,-69.44891,0.3719579,0.2417759,0.5959787,-0.8489978,0.1099253,0.4444433,-0.3321469,3.613363,23,23,23,23,23,23,23,23,23,23,23,23,23,23,23,23
15,150,-40.04501,-57.79208,-26.09477,-22.6558,-20.38858,-17.03191,-13.65693,-14.17146,-12.25337,-10.57865,-8.196279,-9.078529,-7.630156,-7.407035,-6.208126,-0.2414597,24,24,24,24,24,24,24,24,24,24,24,24,24,24,24,24,15,150,-3.227992,-2.107695,-2.489022,-2.714983,102.0477,86.90462,-1.828482,-0.9127254,-2.331071,-2.576323,-1.315655,-1.480495,-0.7695654,-1.003082,-1.80736,-2.60002,24,24,24,24,24,24,24,24,24,24,24,24,24,24,24,24,15,150,-2.297342,-3.581695,0.2576051,-1.67703,-2.458864,-2.549729,-2.329719,-69.12088,0.4955813,1.088469,-1.886241E-05,0.7275752,0.7703279,-0.0001533072,-0.2214784,2.677248,23,23,23,23,23,23,23,23,23,23,23,23,23,23,23,23
16,160,-39.08301,-57.67117,-25.11028,-22.04691,-19.78523,-18.38921,-14.80547,-14.04607,-10.89266,-12.17645,-6.89083,-9.330681,-6.676402,-7.884904,-6.446895,-0.7242651,24,24,24,24,24,24,24,24,24,24,24,24,24,24,24,24,16,160,-2.690004,-2.371342,-3.274559,-2.84426,102.0477,86.90462,-2.089682,-1.694991,-3.23703,-2.190084,-1.972636,-2.154031,-1.665438,-1.448538,-2.529922,-2.034803,24,24,24,24,24,24,24,24,24,24,24,24,24,24,24,24,16,160,-1.37807,-3.709606,-0.5091526,-1.548043,-2.717906,-1.403205,-1.941812,-69.12088,-0.4934037,-0.6049134,1.191976,0.3637507,-0.4404108,-0.4447507,-0.3321453,3.028291,23,23,23,23,23,23,23,23,23,23,23,23,23,23,23,23
17,170,-38.24126,-57.06665,-24.49498,-21.80335,-19.66456,-18.14243,-13.52932,-13.04297,-10.64526,-9.718298,-7.009507,-7.439548,-6.199524,-5.853962,-5.133667,0.4827428,24,24,24,24,24,24,24,24,24,24,24,24,24,24,24,24,17,170,-2.286564,-2.766811,-2.619945,-2.068595,101.9164,86.16828,-1.567283,-1.955744,-1.942801,-0.9026204,-1.315655,-2.154031,-0.5136017,-2.450813,-1.927787,-1.695671,24,24,24,24,24,24,24,24,24,24,24,24,24,24,24,24,17,170,-1.723385,-5.116633,-0.8925306,-1.67703,-2.070301,-1.275813,-1.424601,-69.55826,-0.4934037,0.7256007,0.4767791,-0.1213487,-0.330341,0.5555927,0.4425265,3.26232,23,23,23,23,23,23,23,23,23,23,23,23,23,23,23,23
18,180,-36.79826,-56.82484,-24.37191,-19.7331,-20.02658,-17.03191,-14.29501,-13.41913,-11.26376,-10.20993,-6.534799,-7.187397,-5.841866,-5.734495,-4.297976,0.4827428,24,24,24,24,24,24,24,24,24,24,24,24,24,24,24,24,18,180,-3.093547,-3.425876,-1.441647,-2.714983,101.5223,87.02734,-2.220282,-2.868386,-1.683956,-1.417606,-2.498218,-1.884616,-2.049381,-2.228086,-1.80736,-2.486977,24,24,24,24,24,24,24,24,24,24,24,24,24,24,24,24,18,180,-2.297836,-4.605039,0.002019482,-2.192984,-3.10647,-3.696254,-2.459022,-69.23022,-0.1225342,0.7256007,-0.1192184,-0.3638984,0.2199919,-0.0001533072,0.5531951,2.560228,23,23,23,23,23,23,23,23,23,23,23,23,23,23,23,23
19,190,-35.71601,-55.85761,-23.75661,-19.12421,-18.57853,-16.16817,-12.12555,-11.53831,-10.02675,-9.964113,-6.178766,-7.691699,-5.00733,-6.451298,-4.656129,-1.448471,24,24,24,24,24,24,24,24,24,24,24,24,24,24,24,24,19,190,-3.497038,-3.030406,-1.703499,-1.939317,101.5223,86.65918,-2.612081,-2.086121,-2.072224,-1.417606,-1.578448,-1.345787,-2.68929,-2.56218,-1.80736,-2.373935,24,24,24,24,24,24,24,24,24,24,24,24,24,24,24,24,19,190,-1.723385,-4.221304,-0.1258259,-2.321971,-2.458864,-2.040163,-1.812509,-69.23022,-0.1225342,-0.9677812,0.5959787,0.4850256,0.5501916,0.6667412,0.663862,2.44322,23,23,23,23,23,23,23,23,23,23,23,23,23,23,23,23
20,200,-35.59576,-57.18755,-21.9107,-18.75887,-17.13047,-14.93425,-11.10462,-10.15904,-8.047536,-8.366316,-5.466225,-5.67449,-3.934358,-5.017693,-3.223516,-6.100183E-05,24,24,24,24,24,24,24,24,24,24,24,24,24,24,24,24,20,200,-3.36254,-3.030406,-1.703499,-2.973537,102.1791,85.92284,-2.873281,-2.477256,-2.201648,-2.31883,-1.841241,-3.096981,-2.177362,-2.116722,-2.048214,-2.713066,24,24,24,24,24,24,24,24,24,24,24,24,24,24,24,24,20,200,-2.182944,-4.349216,-1.531548,-3.22489,-2.458864,-1.657988,-2.459022,-69.01153,-0.3697807,-0.6049134,0.7151783,-0.6064481,-0.330341,-0.4447507,-0.1108098,2.794263,23,23,23,23,23,23,23,23,23,23,23,23,23,23,23,23
21,210,-34.99451,-55.374,-20.68009,-15.7144,-14.83773,-12.71321,-11.10462,-10.5352,-8.666041,-7.751779,-5.585053,-5.800566,-4.411235,-4.300891,-3.701054,-0.4828632,24,24,24,24,24,24,24,24,24,24,24,24,24,24,24,24,21,210,-2.152067,-2.503114,-2.096267,-1.810039,101.785,85.55467,-1.306083,-1.303856,-2.072224,-1.417606,-1.972636,-2.962273,-1.537456,-1.782631,-2.289068,-2.034803,24,24,24,24,24,24,24,24,24,24,24,24,24,24,24,24,21,210,-1.608493,-4.73295,-0.5092047,-2.192985,-2.070301,-2.804513,-2.071114,-69.12088,0.4955813,0.3627329,0.5959787,0.121201,0.1099253,1.111339,0.8851976,3.496349,23,23,23,23,23,23,23,23,23,23,23,23,23,23,23,23
22,220,-34.03251,-55.2531,-20.18784,-17.4193,-16.40646,-14.68747,-10.33893,-9.782875,-7.800134,-7.751779,-4.634421,-6.430943,-3.69592,-4.778758,-2.745979,-1.086369,24,24,24,24,24,24,24,24,24,24,24,24,24,24,24,24,22,220,-2.421061,-2.37129,-3.143643,-1.939316,100.7342,85.67735,-2.481481,-1.564613,-2.460493,-2.190084,-3.68078,-2.558152,-2.433326,-3.007634,-2.529922,-2.826109,24,24,24,24,24,24,24,24,24,24,24,24,24,24,24,24,22,220,-2.757395,-4.73295,-0.8925836,-1.548043,-2.199822,-2.677172,-1.941812,-69.33956,-0.3697807,-0.2420456,-0.1192184,-0.4851733,0.1099253,0.5555927,-0.1108098,2.09217,23,23,23,23,23,23,23,23,23,23,23,23,23,23,23,23
23,230,-33.19076,-55.85761,-20.18784,-18.0282,-16.76847,-16.78513,-13.65693,-11.91447,-8.789742,-8.489223,-4.990908,-6.304868,-4.172797,-3.823022,-2.745979,0.1206408,24,24,24,24,24,24,24,24,24,24,24,24,24,24,24,24,23,230,-2.286564,-1.843997,-2.750874,-2.327149,101.785,86.65913,-2.089733,-2.216498,-1.683956,-2.190084,-2.892405,-2.154031,-1.153511,-2.450813,-2.168641,-2.60002,24,24,24,24,24,24,24,24,24,24,24,24,24,24,24,24,23,230,-1.723385,-4.093393,-0.5092047,-3.095901,-2.458864,-2.040214,-1.424601,-68.46481,-0.6170267,-0.3630026,0.2383799,0.7275752,0.2199919,0.2221454,-0.3321453,4.081427,23,23,23,23,23,23,23,23,23,23,23,23,23,23,23,23
24,240,-34.87426,-55.2531,-21.17233,-18.0282,-17.49249,-15.42782,-13.91216,-12.16525,-9.655649,-8.366316,-6.178766,-6.683095,-5.126551,-4.539824,-3.223516,-0.2414629,24,24,24,24,24,24,24,24,24,24,24,24,24,24,24,24,24,240,-1.748575,-2.634937,-1.310737,-2.714983,101.3909,86.41368,-1.828533,-2.34693,-1.942801,-3.348802,-2.498218,-2.558152,-1.921399,-3.118998,-2.891203,-4.182629,24,24,24,24,24,24,24,24,24,24,24,24,24,24,24,24,24,240,-2.068055,-3.965481,-1.148169,-2.45096,-2.458864,-1.912822,-1.683207,-69.66759,0.1247118,0.3627329,0.953577,0.2424759,-0.2202744,-0.222452,0.4425265,3.145306,23,23,23,23,23,23,23,23,23,23,23,23,23,23,23,23
25,250,-34.87426,-55.01128,-20.80315,-18.63709,-17.49249,-14.68747,-11.7427,-10.5352,-7.676433,-7.505964,-4.634421,-5.926641,-3.69592,-4.659291,-3.104132,-0.965667,24,24,24,24,24,24,24,24,24,24,24,24,24,24,24,24,25,250,-3.228044,-2.37129,-2.750874,-3.232093,101.6536,87.27274,-2.742732,-1.564665,-2.71934,-3.477548,-2.366823,-2.827565,-2.561308,-2.56218,-3.01163,-3.617412,24,24,24,24,24,24,24,24,24,24,24,24,24,24,24,24,25,250,-3.331846,-5.756243,-0.7647904,-2.321973,-2.199822,-2.040214,-3.105534,-69.66759,-0.2461576,-0.0001348462,-1.886241E-05,-0.7277229,0.3300584,-0.0001533072,0.2211926,3.028291,23,23,23,23,23,23,23,23,23,23,23,23,23,23,23,23
26,260,-36.67801,-57.06665,-22.15681,-20.95089,-19.30256,-16.41495,-11.87032,-10.66059,-7.552732,-7.505964,-4.515593,-5.548415,-4.172797,-4.420356,-2.745979,-6.100183E-05,24,24,24,24,24,24,24,24,24,24,24,24,24,24,24,24,26,260,-2.421061,-2.37129,-2.619952,-1.810039,102.4417,86.29095,-2.350932,-2.477307,-3.107608,-2.190136,-2.235428,-3.096981,-2.177362,-2.673543,-3.493339,-2.713066,24,24,24,24,24,24,24,24,24,24,24,24,24,24,24,24,26,260,-2.527614,-4.221304,-0.2536191,-3.22489,-3.365512,-2.677172,-1.683207,-69.44891,0.2483352,0.3627297,0.3575795,1.212675,0.1099253,-0.4447507,-0.7748148,2.677248,23,23,23,23,23,23,23,23,23,23,23,23,23,23,23,23
27,270,-34.87426,-56.22032,-21.29539,-17.4193,-16.52712,-14.3173,-12.50839,-10.15904,-8.418639,-6.890762,-5.822715,-5.926641,-5.00733,-4.898225,-3.701054,-0.4828632,24,24,24,24,24,24,24,24,24,24,24,24,24,24,24,24,27,270,-1.883073,-2.76676,-2.619952,-2.585705,102.0477,85.92279,-1.697935,-2.738061,-2.71934,-1.932643,-1.447002,-3.096981,-1.793417,-2.56218,-3.132057,-2.373935,24,24,24,24,24,24,24,24,24,24,24,24,24,24,24,24,27,270,-2.757395,-4.349216,-0.1258259,-3.22489,-2.588386,-1.912822,-1.295298,-69.44891,-0.4934037,-0.6049199,0.8343782,0.121201,0.5501916,0.1109952,-0.4428123,3.26232,23,23,23,23,23,23,23,23,23,23,23,23,23,23,23,23
28,280,-34.03251,-55.85761,-20.68009,-16.93219,-14.83773,-13.33017,-10.59416,-9.908262,-7.676433,-7.997594,-4.15911,-6.683094,-4.888112,-4.778758,-2.984748,-0.8449669,24,24,24,24,24,24,24,24,24,24,24,24,24,24,24,24,28,280,-2.01757,-3.294052,-1.703499,-2.197871,101.6536,86.16824,-1.697935,-3.520326,-2.072224,-2.190136,-2.760959,-2.288741,-2.305344,-3.230362,-2.289068,-2.826109,24,24,24,24,24,24,24,24,24,24,24,24,24,24,24,24,28,280,-2.182944,-5.244596,-0.5092047,-2.45096,-1.681737,-1.148474,-1.553904,-69.99564,-0.6170267,0.3627297,1.072777,0.1211464,-0.880677,0.3332939,0.4425265,3.028291,23,23,23,23,23,23,23,23,23,23,23,23,23,23,23,23
29,290,-35.95651,-56.22032,-21.04927,-17.54108,-14.83773,-12.8366,-9.828467,-10.03365,-7.676433,-7.628871,-4.634425,-6.304868,-3.81514,-4.300891,-2.626595,-0.4828632,24,24,24,24,24,24,24,24,24,24,24,24,24,24,24,24,29,290,-2.286564,-2.37129,-1.441659,-1.551483,101.9163,86.5364,-2.612132,-2.738061,-1.683956,-1.932643,-2.498166,-2.558154,-2.817275,-2.673543,-2.650349,-2.486977,24,24,24,24,24,24,24,24,24,24,24,24,24,24,24,24,29,290,-2.642506,-4.221304,-0.1258259,-2.321973,-2.717906,-2.677172,-1.812509,-69.01153,-0.3697807,0.1208157,0.1191811,0.2424213,0.660255,0.4444433,-0.0001428727,2.794263,23,23,23,23,23,23,23,23,23,23,23,23,23,23,23,23
30,300,-36.43751,-55.4949,-21.04927,-18.63709,-16.76847,-13.57695,-12.89124,-11.78909,-9.531948,-9.226668,-6.297445,-7.691699,-5.126551,-4.539827,-4.297976,-0.7242651,24,24,24,24,24,24,24,24,24,24,24,24,24,24,24,24,30,300,-1.883073,-2.37129,-1.703499,-1.939316,102.4417,86.29095,-1.828533,-2.21655,-1.42511,-2.190136,-2.366771,-2.962276,-2.945257,-2.005413,-2.048214,-3.278283,24,24,24,24,24,24,24,24,24,24,24,24,24,24,24,24,30,300,-2.527614,-4.349216,-0.2536191,-2.837926,-2.847427,-1.912822,-1.553904,-68.90218,-0.3697807,-0.7258736,0.7151787,0.2424213,0.4401218,0.6666898,0.1105241,3.028291,23,23,23,23,23,23,23,23,23,23,23,23,23,23,23,23
31,310,-36.31726,-56.46213,-20.92621,-17.90642,-17.61316,-14.3173,-12.76362,-10.78598,-9.408247,-8.120502,-5.347398,-6.683094,-3.69592,-4.061958,-2.626544,-0.2414629,24,24,24,24,24,24,24,24,24,24,24,24,24,24,24,24,31,310,-2.152067,-1.580351,-1.048891,-1.810039,102.3103,85.30917,-1.697935,-2.21655,-1.554532,-2.318883,-2.629564,-3.501105,-2.049384,-2.673598,-3.011323,-2.713066,24,24,24,24,24,24,24,24,24,24,24,24,24,24,24,24,31,310,-1.723385,-4.349216,-0.8925836,-2.708937,-2.199822,-2.931955,-1.941812,-68.46481,-0.4934037,-0.2420521,0.7151787,-0.363953,-0.2202776,-0.4448021,-0.1107617,3.26232,23,23,23,23,23,23,23,23,23,23,23,23,23,23,23,23
32,320,-36.43751,-57.30846,-21.29539,-19.85488,-17.97518,-15.92139,-12.63601,-12.03986,-9.655649,-9.59539,-6.297445,-7.313471,-5.00733,-4.778761,-3.462235,-0.8449669,24,24,24,24,24,24,24,24,24,24,24,24,24,24,24,24,32,320,-1.479581,-1.053059,-2.22719,-1.292928,101.6536,86.16824,-1.828533,-1.825419,-2.460493,-2.06139,-3.155149,-2.423447,-2.689293,-2.673598,-2.770427,-2.713117,24,24,24,24,24,24,24,24,24,24,24,24,24,24,24,24,32,320,-2.297836,-4.093393,-0.6369972,-2.321973,-2.329343,-2.677172,-3.234837,-69.55826,0.6192039,0.4836835,0.7151787,0.3636961,0.1099221,-0.0002054799,0.3319094,3.028291,23,23,23,23,23,23,23,23,23,23,23,23,23,23,23,23
33,330,-38.84252,-57.06665,-21.04927,-18.63709,-17.49249,-12.46643,-11.10462,-10.40982,-8.294938,-7.997594,-5.941413,-6.683094,-5.484208,-4.300892,-4.178541,-0.1207611,24,24,24,24,24,24,24,24,24,24,24,24,24,24,24,24,33,330,-1.614078,-1.712175,-1.834421,-1.810039,100.8655,86.65913,-2.220333,-2.607684,-1.683956,-3.220108,-2.760959,-1.884618,-1.665438,-3.230416,-2.288635,-3.391377,24,24,24,24,24,24,24,24,24,24,24,24,24,24,24,24,33,330,-2.872281,-4.988773,-0.7647904,-2.966914,-2.717906,-3.441522,-3.364139,-68.46481,0.001088401,-0.6049199,-0.596016,-0.363953,0.3300552,0.2220924,0.8852457,3.145306,23,23,23,23,23,23,23,23,23,23,23,23,23,23,23,23
34,340,-39.44377,-57.31829,-20.92621,-17.4193,-16.04444,-13.45356,-10.97701,-10.78598,-9.037145,-8.857945,-6.060091,-7.187397,-5.961084,-5.495564,-3.820388,-6.100183E-05,24,24,24,24,24,24,24,24,24,24,24,24,24,24,24,24,34,340,-1.748575,-1.184882,-1.965344,-2.327149,102.7044,87.27274,-2.481532,-1.955796,-2.460493,-3.606347,-2.892354,-2.69286,-2.689293,-2.673598,-3.252219,-3.843552,24,24,24,24,24,24,24,24,24,24,24,24,24,24,24,24,34,340,-2.29783,-4.349216,0.001967309,-3.740843,-3.235991,-2.422389,-2.588325,-69.12088,0.4955813,0.3627297,0.1191811,0.8487955,-0.110211,0.2220924,-1.217436,3.26232,23,23,23,23,23,23,23,23,23,23,23,23,23,23,23,23
35,350,-39.56402,-57.43922,-20.43396,-19.85488,-17.49249,-15.30443,-12.38078,-12.54141,-8.913444,-9.841206,-6.178768,-8.196001,-5.722648,-5.615031,-4.059156,-0.1207611,24,24,24,24,24,24,24,24,24,24,24,24,24,24,24,24,35,350,-1.614078,-0.7894127,-1.441659,-2.068594,101.9163,86.41368,-2.350932,-1.955796,-3.495877,-2.705122,-1.972584,-2.288741,-3.073239,-2.22814,-3.493115,-3.165292,24,24,24,24,24,24,24,24,24,24,24,24,24,24,24,24,35,350,-2.412722,-4.093393,-0.509155,-3.998819,-2.717906,-2.804564,-3.493443,-70.21432,-0.6170267,-0.1210951,0.4767795,0.7275207,-0.2202776,-0.0002054799,0.7745788,3.145306,23,23,23,23,23,23,23,23,23,23,23,23,23,23,23,23
36,360,-40.28552,-57.31829,-21.04927,-18.75887,-17.25116,-13.70034,-12.25316,-11.16214,-9.160845,-7.997594,-6.534799,-7.313471,-6.318743,-4.778761,-4.059156,-6.100183E-05,24,24,24,24,24,24,24,24,24,24,24,24,24,24,24,24,36,360,-1.345084,-1.448528,-3.01272,-1.809988,101.785,86.16824,-1.567335,-2.477307,-2.848762,-2.318883,-1.578397,-2.962276,-1.153514,-2.896325,-3.372667,-2.82616,24,24,24,24,24,24,24,24,24,24,24,24,24,24,24,24,36,360,-2.757392,-5.372508,-0.2535694,-2.966914,-2.070301,-2.167605,-2.717627,-69.66759,0.6192039,-0.0001380568,0.3575799,-0.7277775,-0.000144478,0.2220924,-9.310806E-05,2.911277,23,23,23,23,23,23,23,23,23,23,23,23,23,23,23,23
37,370,-40.52602,-57.31829,-21.78764,-17.78464,-16.64779,-13.20678,-11.48747,-11.16214,-8.418639,-7.505964,-5.22857,-6.052717,-4.768894,-4.42036,-2.745929,-0.3621631,24,24,24,24,24,24,24,24,24,24,24,24,24,24,24,24,37,370,-1.210587,-2.37129,-1.572576,-1.809988,101.6537,86.29095,-1.567335,-2.738061,-1.942801,-1.546404,-1.709791,-2.019326,-2.049384,-2.896325,-2.529531,-2.260943,24,24,24,24,24,24,24,24,24,24,24,24,24,24,24,24,37,370,-2.642503,-4.860862,-0.2535694,-2.708937,-3.236044,-3.059347,-2.976232,-69.66759,0.3719579,0.4836835,-0.2384176,0.2424213,0.4401218,0.1109439,-0.6640996,2.209185,23,23,23,23,23,23,23,23,23,23,23,23,23,23,23,23
38,380,-38.12102,-56.71367,-19.94172,-16.81041,-14.59638,-14.07052,-10.59416,-11.03676,-7.923835,-8.612131,-5.941413,-6.80917,-5.364989,-5.376096,-3.820388,-0.965667,24,24,24,24,24,24,24,24,24,24,24,24,24,24,24,24,38,380,-1.345084,-2.37129,-1.179814,-1.68071,101.6537,87.51818,-2.220333,-2.477307,-1.683956,-1.031418,-2.629564,-0.9416676,-2.049384,-2.22814,-1.686394,-1.808769,24,24,24,24,24,24,24,24,24,24,24,24,24,24,24,24,38,380,-2.182941,-4.221304,-0.509155,-3.095901,-2.329396,-1.658039,-1.553904,-69.99564,-0.1225342,0.3627297,0.595979,0.484971,-0.000144478,0.2220924,0.4425763,3.145306,23,23,23,23,23,23,23,23,23,23,23,23,23,23,23,23
39,390,-37.39952,-57.07644,-20.43396,-17.66286,-16.04443,-13.82373,-10.59416,-10.03365,-7.676433,-6.275409,-4.753255,-5.170188,-4.411235,-3.703558,-2.626544,0.8448465,24,24,24,24,24,24,24,24,24,24,24,24,24,24,24,24,39,390,-1.479581,-1.053059,-1.572576,-1.551433,102.1791,86.29095,-2.612081,-1.695042,-1.683956,-2.190136,-1.447002,-1.749911,-2.305347,-1.894049,-1.445498,-2.600071,24,24,24,24,24,24,24,24,24,24,24,24,24,24,24,24,39,390,-2.527611,-5.372508,-0.2535694,-2.45096,-2.199875,-1.148473,-1.812509,-70.10499,0.6192039,0.1208157,0.2383807,-0.2426781,-0.000144478,0.4443911,-0.1107617,3.028291,23,23,23,23,23,23,23,23,23,23,23,23,23,23,23,23
40,400,-40.16527,-57.31829,-20.80315,-17.54108,-16.28578,-13.82373,-10.59416,-9.155934,-7.30533,-6.152339,-4.277938,-4.161584,-4.053576,-3.225688,-2.626544,-0.2414629,24,24,24,24,24,24,24,24,24,24,24,24,24,24,24,24,40,400,-1.748575,-1.448528,-1.703499,-2.456376,101.391,85.4319,-2.220282,-1.564665,-1.683956,-1.803897,-1.841189,-3.231689,-2.177366,-1.894049,-2.649979,-2.147897,24,24,24,24,24,24,24,24,24,24,24,24,24,24,24,24,40,400,-2.412722,-4.605039,0.1298095,-2.837926,-2.977002,-2.804563,-2.071114,-69.23022,0.1247118,0.1208157,-1.846108E-05,0.7275207,0.3300552,0.1109439,-0.6640996,2.677248,23,23,23,23,23,23,23,23,23,23,23,23,23,23,23,23
41,410,-39.08302,-57.68106,-19.81866,-18.14998,-15.92376,-13.20678,-8.935159,-9.155934,-6.563124,-7.383044,-3.802623,-4.791961,-4.053576,-3.823025,-2.865313,-0.3621631,24,24,24,24,24,24,24,24,24,24,24,24,24,24,24,24,41,410,-2.01757,-1.448528,-1.703499,-0.7757667,101.391,85.67735,-1.828482,-2.086173,-2.201595,-1.803897,-2.366771,-1.884618,-1.921402,-2.005413,-2.168186,-2.034854,24,24,24,24,24,24,24,24,24,24,24,24,24,24,24,24,41,410,-1.60849,-4.221304,-0.3813626,-2.966914,-1.552269,-1.275865,-1.941812,-69.88629,-0.4934037,-0.2420521,0.595979,0.2424213,0.2199887,-0.3336535,-0.3320956,3.028291,23,23,23,23,23,23,23,23,23,23,23,23,23,23,23,23
42,420,-39.08302,-57.19736,-19.20335,-17.29752,-15.32041,-12.09625,-8.297082,-7.651276,-5.944571,-5.167721,-3.921451,-3.657282,-3.576699,-2.628352,-2.745929,-0.1207611,24,24,24,24,24,24,24,24,24,24,24,24,24,24,24,24,42,420,-1.479581,-2.37129,-1.572576,-1.68071,101.5223,86.65913,-1.175484,-1.564665,-1.683903,-2.31883,-3.155149,-2.288741,-1.665438,-2.339504,-1.32505,-2.713117,24,24,24,24,24,24,24,24,24,24,24,24,24,24,24,24,42,420,-1.60849,-4.860862,-1.148119,-2.45096,-1.940833,-1.530648,-2.071114,-68.79285,0.001088401,0.4836835,0.8343782,0.1211464,-0.3303474,-0.1113548,-0.1107617,3.145306,23,23,23,23,23,23,23,23,23,23,23,23,23,23,23,23
43,430,-39.20327,-57.43922,-20.3109,-18.39354,-16.88913,-12.58982,-8.807544,-8.02744,-5.944571,-4.92158,-3.802568,-3.279055,-2.265289,-2.389419,-1.790854,0.2413409,24,24,24,24,24,24,24,24,24,24,24,24,24,24,24,24,43,430,-1.345084,-1.184882,-1.572576,-2.197821,102.0477,86.29095,-1.959082,-1.825419,-1.813326,-2.833816,-1.972584,-2.019326,-1.79342,-1.894049,-2.047739,-3.391377,24,24,24,24,24,24,24,24,24,24,24,24,24,24,24,24,43,430,-2.29783,-4.73295,-0.1257769,-2.321973,-2.199875,-3.31413,-3.234837,-69.66759,-0.3697803,0.3627297,0.3575799,-0.0001284249,0.2199887,0.1109439,-0.4427641,2.326199,23,23,23,23,23,23,23,23,23,23,23,23,23,23,23,23
44,440,-34.99451,-57.07644,-19.44947,-19.00243,-15.07906,-12.71321,-8.041851,-8.278217,-5.573039,-6.029215,-4.159055,-4.035509,-2.742166,-3.703558,-2.50716,-0.603565,24,24,24,24,24,24,24,24,24,24,24,24,24,24,24,24,44,440,-1.748575,-0.9212352,-2.096267,-1.809988,102.7044,86.65913,-1.567283,-0.6520197,-2.589863,-2.576323,-1.841189,-2.288741,-1.921402,-1.782685,-2.890875,-3.052246,24,24,24,24,24,24,24,24,24,24,24,24,24,24,24,24,44,440,-2.29783,-3.965481,-0.8925338,-2.063996,-3.106523,-1.658039,-1.165996,-69.44891,0.1247118,-0.3630058,0.9535774,0.8487988,0.3300552,0.5555404,0.1105738,3.145306,23,23,23,23,23,23,23,23,23,23,23,23,23,23,23,23
45,450,-37.64002,-57.07644,-20.18784,-18.39354,-15.44108,-11.97286,-8.552312,-8.152828,-5.820727,-5.783074,-4.396713,-4.28766,-3.099823,-1.433681,-2.50716,0.1206408,24,24,24,24,24,24,24,24,24,24,24,24,24,24,24,24,45,450,-1.07609,-1.975821,-3.143643,-2.197821,102.4417,86.78185,-1.697883,-2.607684,-2.072171,-2.061338,-2.235377,-3.096984,-2.305344,-3.007689,-3.011323,-2.600071,24,24,24,24,24,24,24,24,24,24,24,24,24,24,24,24,45,450,-2.29783,-5.244596,-1.148119,-2.966914,-2.329396,-2.677171,-2.071114,-69.77695,-0.6170267,0.8465513,1.072777,-0.0001252143,-0.5504324,-0.6671008,0.3319094,2.677248,23,23,23,23,23,23,23,23,23,23,23,23,23,23,23,23
46,460,-38.36152,-56.83459,-20.68009,-20.342,-18.33718,-14.07052,-11.87032,-10.15904,-7.429031,-7.01378,-3.921397,-5.422339,-3.338263,-2.747818,-2.149007,0.4827428,24,24,24,24,24,24,24,24,24,24,24,24,24,24,24,24,46,460,-2.01757,-3.162229,-2.22719,-2.197821,102.0477,86.41368,-1.828482,-3.259572,-1.942748,-1.932591,-3.023752,-2.423447,-2.049381,-2.784961,-2.649979,-2.373986,24,24,24,24,24,24,24,24,24,24,24,24,24,24,24,24,46,460,-2.412722,-4.860862,-1.275913,-1.677032,-2.329396,-2.804563,-2.976232,-70.10499,0.8664507,0.6046405,0.1191811,-0.0001252143,-0.3302992,0.5555404,0.3319094,2.911277,23,23,23,23,23,23,23,23,23,23,23,23,23,23,23,23
47,470,-38.36152,-57.43922,-21.41845,-22.89936,-20.50927,-17.40209,-12.89124,-11.03676,-8.418639,-9.349575,-4.515542,-6.052717,-4.053576,-3.46462,-2.029622,-0.8449669,24,24,24,24,24,24,24,24,24,24,24,24,24,24,24,24,47,470,-2.824552,-2.634937,-1.310737,-1.292877,101.6537,87.15002,-2.873281,-2.607684,-1.813326,-1.803845,-2.235377,-2.288741,-2.561308,-2.116776,-2.289068,-2.487029,24,24,24,24,24,24,24,24,24,24,24,24,24,24,24,24,47,470,-2.987173,-4.73295,-0.2535694,-2.579949,-2.329396,-2.422388,-1.424601,-68.57415,-0.1225342,-0.7258736,-0.4768164,0.1211496,0.6603031,0.3332426,0.663862,3.26232,23,23,23,23,23,23,23,23,23,23,23,23,23,23,23,23
48,480,-37.76027,-57.19736,-21.41845,-21.31623,-20.14725,-16.78513,-13.65693,-10.91137,-8.789742,-7.136851,-4.7532,-5.296264,-3.338263,-2.389416,-2.029622,-0.2414597,24,24,24,24,24,24,24,24,24,24,24,24,24,24,24,24,48,480,-2.555558,-1.712175,-0.9179684,-2.197821,102.8358,86.16824,-2.089682,-2.34693,-2.46044,-1.932591,-1.972584,-2.69286,-2.049381,-2.339504,-2.168641,-2.713117,24,24,24,24,24,24,24,24,24,24,24,24,24,24,24,24,48,480,-1.60849,-3.709659,-0.7647406,-3.22489,-2.329396,-1.530648,-1.553904,-68.46481,-0.3697803,-0.0001380568,1.311176,0.3636993,-0.4403658,-0.5559514,-0.5534809,2.911329,23,23,23,23,23,23,23,23,23,23,23,23,23,23,23,23
49,490,-39.08301,-57.43922,-22.89518,-21.92513,-20.62993,-16.78513,-13.01886,-10.91137,-7.923835,-7.382992,-4.159055,-6.052717,-3.219043,-2.150481,-1.671468,0.2413441,24,24,24,24,24,24,24,24,24,24,24,24,24,24,24,24,49,490,-2.42106,-1.580351,-1.965344,-0.905044,102.3104,85.92279,-1.697883,-1.434285,-2.331017,-1.675099,-2.760959,-2.558154,-2.049381,-2.22814,-2.891203,-2.034854,24,24,24,24,24,24,24,24,24,24,24,24,24,24,24,24,49,490,-1.608541,-4.349216,-1.020327,-2.063996,-2.199875,-2.294997,-2.071114,-69.77695,0.4955813,0.6046405,1.191977,0.2424245,-9.631868E-05,0.8889885,0.774529,3.145357,23,23,23,23,23,23,23,23,23,23,23,23,23,23,23,23
50,500,-37.27926,-57.92293,-21.54151,-22.89936,-21.11262,-17.27869,-13.78455,-12.16525,-8.418639,-8.489223,-3.921397,-6.304868,-4.411235,-3.225685,-2.029622,-0.7242635,24,24,24,24,24,24,24,24,24,24,24,24,24,24,24,24,50,500,-2.152066,-2.239518,-2.22719,-1.939265,101.391,86.29095,-2.220282,-1.564665,-2.201595,-1.675099,-3.023752,-2.423447,-1.793417,-1.894049,-1.686933,-2.600071,24,24,24,24,24,24,24,24,24,24,24,24,24,24,24,24,50,500,-2.412773,-4.477076,-0.509155,-1.677032,-1.940833,-2.167605,-2.976232,-68.90218,0.6192039,-0.8468306,-0.4768164,0.1211496,0.3301034,0.5555404,-0.0001428727,3.028336,23,23,23,23,23,23,23,23,23,23,23,23,23,23,23,23
51,510,-38.84251,-57.43923,-23.38743,-24.84782,-22.31932,-18.38922,-15.8264,-13.29374,-10.52156,-9.472483,-5.109687,-6.052717,-3.934358,-2.389416,-1.671468,0.1206424,24,24,24,24,24,24,24,24,24,24,24,24,24,24,24,24,51,510,-1.479581,-2.898634,-2.096261,-1.809988,102.1791,87.15002,-1.175484,-1.695042,-2.072171,-3.348802,-2.103979,-2.019326,-1.793417,-1.782685,-1.80736,-2.939203,24,24,24,24,24,24,24,24,24,24,24,24,24,24,24,24,51,510,-2.068103,-3.837518,-1.020325,-2.837926,-2.588439,-1.785431,-2.459022,-68.90218,0.1247118,-0.0001380568,0.7151787,0.2424245,-0.2202327,-0.2225034,-0.7748148,3.4964,23,23,23,23,23,23,23,23,23,23,23,23,23,23,23,23
52,520,-41.12726,-58.04385,-24.61804,-24.23893,-22.56067,-18.14243,-15.69878,-14.29685,-9.903051,-9.10376,-3.921397,-6.052717,-3.81514,-2.508883,-1.910237,0.1206424,24,24,24,24,24,24,24,24,24,24,24,24,24,24,24,24,52,520,-3.093546,-1.448579,-2.227183,-2.327099,102.4417,87.8863,-2.612081,-1.173531,-2.719285,-1.803845,-1.972584,-2.019326,-2.433326,-2.673598,-2.770776,-2.260943,24,24,24,24,24,24,24,24,24,24,24,24,24,24,24,24,52,520,-1.608541,-4.093342,-1.403704,-2.966912,-1.552269,-2.040214,-1.683207,-70.32367,0.4955813,0.1208157,0.7151787,0.3636993,-0.4403658,-0.1113548,0.4425265,3.379386,23,23,23,23,23,23,23,23,23,23,23,23,23,23,23,23
53,530,-38.60201,-57.68108,-22.89518,-22.29046,-20.26792,-18.14243,-13.27409,-12.79219,-9.037145,-8.980852,-4.159055,-6.935246,-3.457481,-4.420356,-2.26839,-0.7242635,24,24,24,24,24,24,24,24,24,24,24,24,24,24,24,24,53,530,-1.883072,-2.107695,-2.881791,-1.551433,102.1791,86.5364,-0.9142842,-2.477307,-2.072171,-1.932591,-1.578397,-2.69286,-1.537456,-2.22814,-2.289068,-2.487029,24,24,24,24,24,24,24,24,24,24,24,24,24,24,24,24,53,530,-2.642554,-4.604988,-1.148118,-2.579948,-2.458865,-2.040214,-2.588325,-69.12088,0.2483352,-0.3630058,0.1191811,-0.6064995,0.44017,0.6666898,-0.0001428727,3.262372,23,23,23,23,23,23,23,23,23,23,23,23,23,23,23,23
54,540,-36.91851,-57.802,-23.01825,-22.89935,-20.14725,-17.03191,-12.76362,-11.03676,-8.294938,-7.136851,-4.040227,-5.044113,-2.503727,-2.269949,-1.671468,-0.1207595,24,24,24,24,24,24,24,24,24,24,24,24,24,24,24,24,54,540,-1.479581,-3.030457,-1.572569,-1.809988,102.1791,86.7819,-1.697883,-2.738061,-1.942748,-1.803845,-1.972584,-2.69286,-1.793417,-3.230416,-2.289068,-2.260943,24,24,24,24,24,24,24,24,24,24,24,24,24,24,24,24,54,540,-1.838322,-3.325872,-1.148118,-2.837924,-3.235992,-2.931904,-2.071114,-69.55826,0.3719579,0.1208157,-0.119218,0.606249,0.3301034,0.1109439,-0.0001428727,2.677293,23,23,23,23,23,23,23,23,23,23,23,23,23,23,23,23
55,550,-37.03876,-58.16478,-23.51049,-20.58555,-18.81986,-15.6746,-11.87032,-11.16214,-9.284546,-7.628871,-3.921397,-4.791962,-2.861385,-2.150481,-2.029622,0.1206424,24,24,24,24,24,24,24,24,24,24,24,24,24,24,24,24,55,550,-2.555558,-2.898634,-2.227183,-2.327099,102.0477,86.7819,-2.481481,-2.477307,-2.201595,-2.061338,-2.629564,-2.423447,-2.817272,-2.562234,-1.80736,-2.487029,24,24,24,24,24,24,24,24,24,24,24,24,24,24,24,24,55,550,-2.068103,-3.709607,-0.764739,-2.708936,-1.552217,-1.912771,-2.588272,-69.99564,-0.4934037,0.3627297,0.8343782,-0.1214001,0.1099702,-0.7782493,-0.3321453,2.911329,23,23,23,23,23,23,23,23,23,23,23,23,23,23,23,23
56,560,-35.59576,-57.07645,-22.03376,-20.70733,-18.45786,-14.93425,-10.46655,-11.03676,-8.171237,-7.874686,-3.56491,-6.052717,-2.742166,-3.703554,-2.507159,-1.086366,24,24,24,24,24,24,24,24,24,24,24,24,24,24,24,24,56,560,-2.555558,-1.975872,-1.441647,-2.327099,103.3611,85.92284,-1.306083,-1.303908,-1.813326,-2.447577,-2.235377,-2.558154,-1.665438,-1.671322,-2.168641,-2.600071,24,24,24,24,24,24,24,24,24,24,24,24,24,24,24,24,56,560,-2.987224,-4.860811,-0.6369458,-2.708936,-2.329344,-1.148422,-2.846877,-69.33956,0.7428274,0.6046405,0.1191811,-0.3639498,-0.1101629,0.3332426,0.2211926,3.847443,23,23,23,23,23,23,23,23,23,23,23,23,23,23,23,23
57,570,-37.15901,-57.07645,-22.526,-21.68157,-18.81986,-15.30443,-11.99793,-10.78598,-7.923835,-6.76764,-3.089595,-4.665886,-1.549973,-2.031014,-0.9551619,-0.3621598,24,24,24,24,24,24,24,24,24,24,24,24,24,24,24,24,57,570,-2.286563,-2.239518,-1.965338,-1.809988,101.9164,85.67739,-1.697883,-1.825419,-2.46044,-1.417606,-2.235377,-2.69286,-1.793417,-1.782685,-2.409495,-2.260943,24,24,24,24,24,24,24,24,24,24,24,24,24,24,24,24,57,570,-2.642554,-3.96543,-0.764739,-2.837924,-3.106471,-3.059296,-2.071062,-68.90218,0.7428274,0.6046405,-1.846108E-05,-0.2426749,0.3301034,-0.2225034,-0.0001428727,2.092221,23,23,23,23,23,23,23,23,23,23,23,23,23,23,23,23
58,580,-37.76026,-55.98813,-23.01825,-20.46378,-17.73382,-14.07052,-11.99793,-9.782875,-7.552732,-6.152339,-3.327253,-4.035509,-1.788412,-2.150481,-1.671468,-0.6035618,24,24,24,24,24,24,24,24,24,24,24,24,24,24,24,24,58,580,-2.286563,-1.448579,-2.096261,-1.034322,101.785,86.16828,-0.9142842,-1.564665,-2.201595,-1.288859,-3.286541,-2.154032,-1.793417,-2.562234,-2.048214,-2.82616,24,24,24,24,24,24,24,24,24,24,24,24,24,24,24,24,58,580,-2.182992,-3.837518,-0.764739,-2.321971,-2.847428,-1.912771,-1.424549,-70.21432,-0.7406497,-0.6049134,0.8343782,0.606249,0.5502365,0.7778383,-0.4428123,3.028336,23,23,23,23,23,23,23,23,23,23,23,23,23,23,23,23
59,590,-35.95651,-55.8672,-21.17233,-17.90642,-15.44108,-12.34303,-9.062776,-8.027441,-6.315722,-5.167773,-2.614331,-3.783358,-1.430754,-2.747818,-1.074546,-1.086366,24,24,24,24,24,24,24,24,24,24,24,24,24,24,24,24,59,590,-1.479581,-1.844049,-1.441647,-2.585654,101.785,86.29101,-2.220282,-1.955796,-1.554479,-2.576323,-2.366771,-2.558154,-2.177362,-2.896325,-1.80736,-2.82616,24,24,24,24,24,24,24,24,24,24,24,24,24,24,24,24,59,590,-2.182992,-4.732899,-1.148118,-2.708936,-2.588386,-2.040163,-2.458969,-69.77695,-0.3697807,0.6046437,-0.3576176,-0.970324,-1.100768,-0.2225034,-0.4428123,3.028336,23,23,23,23,23,23,23,23,23,23,23,23,23,23,23,23
60,600,-35.11476,-56.47183,-20.92621,-17.54108,-15.92376,-13.94712,-10.46655,-8.528994,-6.563124,-6.275409,-2.851988,-4.287659,-1.907631,-3.225685,-1.552084,-0.4828616,24,24,24,24,24,24,24,24,24,24,24,24,24,24,24,24,60,600,-2.286563,-2.239518,-1.965338,-3.232042,103.0985,86.90462,-1.959082,-1.564665,-2.072171,-2.31883,-2.366771,-2.288741,-2.049381,-2.784961,-2.409495,-3.391377,24,24,24,24,24,24,24,24,24,24,24,24,24,24,24,24,60,600,-2.412773,-4.732899,-0.5091534,-2.579948,-2.199823,-3.059296,-1.941759,-69.55826,0.3719579,0.7256007,1.072777,-0.0001252143,0.5502365,0.7778383,-0.2214784,2.092221,23,23,23,23,23,23,23,23,23,23,23,23,23,23,23,23
61,610,-33.31101,-55.38351,-20.43396,-15.59262,-14.59638,-11.60269,-9.700853,-7.651277,-6.563124,-5.290844,-3.446133,-3.657282,-2.861387,-2.150481,-1.552084,-0.4828616,24,24,24,24,24,24,24,24,24,24,24,24,24,24,24,24,61,610,-3.093546,-1.844049,-2.750868,-3.36132,102.5731,87.27279,-2.220282,-1.695042,-3.236977,-2.962563,-2.235377,-2.558154,-2.433326,-2.22814,-3.252484,-3.165292,24,24,24,24,24,24,24,24,24,24,24,24,24,24,24,24,61,610,-2.182992,-4.221253,-0.764739,-2.45096,-3.235992,-2.804513,-2.200364,-69.01153,-0.4934037,-0.3630026,0.4767791,-0.4852246,0.1099221,0.3332426,-0.5534809,1.975207,23,23,23,23,23,23,23,23,23,23,23,23,23,23,23,23
62,620,-32.10851,-54.53704,-20.18784,-16.32329,-14.59638,-11.3559,-9.190391,-7.024337,-5.449245,-4.183208,-2.020186,-3.15298,-1.669194,-2.150481,-0.5970089,-0.8449637,24,24,24,24,24,24,24,24,24,24,24,24,24,24,24,24,62,620,-1.07609,-2.107695,-2.881791,-1.809988,103.2298,86.65918,-1.044884,-2.477307,-2.589863,-1.932591,-1.578397,-2.827568,-1.793417,-2.450867,-2.650349,-2.713117,24,24,24,24,24,24,24,24,24,24,24,24,24,24,24,24,62,620,-1.838322,-4.860811,-1.275911,-3.740841,-2.97695,-2.677121,-1.941759,-69.01153,-0.2461576,0.3627329,0.7151783,-0.0001252143,-0.110211,-0.3336006,0.1105241,3.262372,23,23,23,23,23,23,23,23,23,23,23,23,23,23,23,23
63,630,-34.15276,-55.50443,-20.18784,-17.78464,-14.83773,-12.34303,-7.914236,-6.77356,-5.201557,-4.306279,-2.257844,-2.900829,-1.788413,-2.508883,-0.9552132,-0.3621598,24,24,24,24,24,24,24,24,24,24,24,24,24,24,24,24,63,630,-1.883072,-2.898634,-2.227183,-1.68071,102.1791,86.7819,-2.220282,-3.129195,-2.331017,-1.546352,-1.972584,-2.154032,-2.305344,-3.34178,-1.686933,-1.695722,24,24,24,24,24,24,24,24,24,24,24,24,24,24,24,24,63,630,-2.527662,-4.477076,-1.020325,-2.579948,-2.588386,-2.931904,-2.717575,-70.32367,0.2483352,0.2417759,0.4767791,0.606249,-0.440414,0.1109952,0.1105273,2.560279,23,23,23,23,23,23,23,23,23,23,23,23,23,23,23,23
64,640,-34.99451,-54.77889,-19.57254,-14.61839,-11.94162,-8.764686,-6.38285,-5.394291,-4.458492,-3.198644,-2.614331,-2.648678,-2.146071,-1.911547,-1.790904,-5.779121E-05,24,24,24,24,24,24,24,24,24,24,24,24,24,24,24,24,64,640,-2.690055,-2.766811,-1.572569,-1.68071,103.3611,87.51823,-2.612081,-2.086173,-1.813326,-2.31883,-2.498166,-2.019326,-2.561308,-2.116776,-2.048214,-3.278328,24,24,24,24,24,24,24,24,24,24,24,24,24,24,24,24,64,640,-2.987224,-3.837518,-0.764739,-2.45096,-2.329344,-2.294946,-2.200364,-69.55826,0.8664507,-0.7258704,0.1191803,-0.1214001,0.1099221,0.4444433,0.3318612,3.262372,23,23,23,23,23,23,23,23,23,23,23,23,23,23,23,23
65,650,-36.67801,-55.14165,-18.21886,-14.37483,-10.97625,-8.271119,-6.255234,-6.021232,-4.08696,-3.567856,-2.020186,-2.522602,-1.669194,-2.747818,-1.910288,-0.2414597,24,24,24,24,24,24,24,24,24,24,24,24,24,24,24,24,65,650,-2.555558,-2.634988,-1.965338,-2.197821,103.3611,86.65918,-1.828482,-2.34693,-1.942748,-2.190084,-1.709791,-2.827568,-2.817272,-2.22814,-1.80736,-3.165286,24,24,24,24,24,24,24,24,24,24,24,24,24,24,24,24,65,650,-2.872287,-3.325872,-0.764739,-3.0959,-3.106471,-2.422338,-1.941759,-69.12088,-0.1225342,0.6046437,0.7151783,0.8487988,0.2199887,-0.1113027,-0.3321437,2.6773,23,23,23,23,23,23,23,23,23,23,23,23,23,23,23,23
66,660,-37.51976,-55.85761,-17.72662,-14.49661,-11.45893,-9.875208,-7.659005,-6.77356,-5.325401,-3.937068,-2.614331,-2.774753,-1.788413,-2.62835,-1.910288,-0.2414597,24,24,24,24,24,24,24,24,24,24,24,24,24,24,24,24,66,660,-1.614078,-2.107644,-2.096261,-1.68071,102.5731,85.80012,-1.828482,-1.303908,-2.331017,-1.546352,-1.972584,-2.962276,-1.537456,-1.559958,-2.168642,-1.808762,24,24,24,24,24,24,24,24,24,24,24,24,24,24,24,24,66,660,-2.068055,-3.453783,-0.764739,-3.482865,-2.329344,-1.785379,-1.941759,-69.88629,-0.3697807,-0.7258704,0.3575795,0.4849742,-0.110211,-0.6670486,-0.0001412674,3.4964,23,23,23,23,23,23,23,23,23,23,23,23,23,23,23,23
67,670,-35.71601,-54.40678,-18.0958,-14.13127,-12.30363,-7.654163,-6.510465,-5.519679,-4.582336,-2.952502,-2.851988,-2.900829,-2.146071,-2.150481,-1.910288,0.1206424,24,24,24,24,24,24,24,24,24,24,24,24,24,24,24,24,67,670,-1.748575,-1.448528,-1.834415,-0.905044,102.1791,86.29101,-1.306083,-1.564665,-2.201595,-1.932591,-1.972584,-2.154032,-1.537456,-1.671322,-1.927787,-2.373979,24,24,24,24,24,24,24,24,24,24,24,24,24,24,24,24,67,670,-2.068055,-5.116632,-1.27591,-2.579948,-0.9046114,-1.657988,-1.553851,-69.88629,0.7428274,0.2417759,0.2383799,-0.4852246,-0.110211,-0.0001533072,-0.2214752,3.145357,23,23,23,23,23,23,23,23,23,23,23,23,23,23,23,23
68,680,-35.47551,-54.16496,-16.74213,-12.91348,-10.25222,-7.160597,-5.744772,-5.394291,-3.220051,-3.075573,-1.544871,-2.270419,-1.430755,-2.747818,-1.552135,-1.086366,24,24,24,24,24,24,24,24,24,24,24,24,24,24,24,24,68,680,-1.748575,-1.975821,-1.31073,-2.456427,102.0477,86.16828,-1.044884,-2.477307,-1.942748,-2.190084,-1.841189,-1.615205,-1.537456,-2.562234,-1.80736,-2.713111,24,24,24,24,24,24,24,24,24,24,24,24,24,24,24,24,68,680,-2.412725,-4.477075,-0.2535661,-2.192984,-2.588386,-3.186687,-1.165944,-69.55826,-0.2461576,-0.0001348462,-0.5960168,-0.0001252143,0.3300552,0.3332939,-0.5534776,2.092221,23,23,23,23,23,23,23,23,23,23,23,23,23,23,23,23
69,690,-34.75401,-54.89038,-16.8652,-12.54814,-9.648871,-7.40738,-4.851463,-4.641963,-3.591583,-3.690926,-2.257844,-3.026904,-1.907632,-2.150481,-1.552135,-0.3621598,24,24,24,24,24,24,24,24,24,24,24,24,24,24,24,24,69,690,-1.614078,-2.503114,-1.834415,-2.197872,102.0477,86.65918,-1.697883,-2.21655,-1.425057,-2.190084,-1.709791,-2.288741,-1.537456,-2.22814,-1.446079,-2.939197,24,24,24,24,24,24,24,24,24,24,24,24,24,24,24,24,69,690,-2.068055,-4.221252,-0.636945,-2.192984,-2.847427,-1.785379,-1.812457,-69.44891,0.2483352,-0.4839596,0.4767791,-0.1214001,0.5501884,0.6667412,-0.1108082,2.911329,23,23,23,23,23,23,23,23,23,23,23,23,23,23,23,23
70,700,-33.91226,-53.92315,-15.88071,-11.57391,-10.73491,-6.54364,-5.617157,-4.641963,-3.343895,-2.952502,-2.614331,-2.522602,-2.742167,-2.986753,-1.910288,-0.3621598,24,24,24,24,24,24,24,24,24,24,24,24,24,24,24,24,70,700,-2.286563,-1.975821,-2.489022,-2.32715,102.0477,87.15007,-1.567283,-1.564665,-2.072171,-1.803845,-1.709791,-1.884618,-1.665438,-2.005413,-2.529922,-2.373979,24,24,24,24,24,24,24,24,24,24,24,24,24,24,24,24,70,700,-1.493604,-4.349164,-1.914875,-2.708936,-2.588385,-2.422338,-1.812457,-68.90218,-0.8642731,0.7256007,1.191976,0.1211496,-0.7706137,-0.4447507,0.1105273,2.794314,23,23,23,23,23,23,23,23,23,23,23,23,23,23,23,23
71,710,-34.87426,-53.19773,-14.77316,-10.35612,-8.80417,-5.803291,-3.575308,-4.015022,-2.476986,-3.321714,-1.426042,-2.396527,-1.788413,-2.867285,-1.67152,-0.9656654,24,24,24,24,24,24,24,24,24,24,24,24,24,24,24,24,71,710,-1.210587,-2.107644,-2.750868,-1.810039,102.8358,86.90462,-0.9142842,-1.955796,-2.201595,-0.9026204,-1.052815,-2.019326,-0.7695654,-2.116776,-1.686933,-1.695719,24,24,24,24,24,24,24,24,24,24,24,24,24,24,24,24,71,710,-1.148934,-4.093341,-1.659288,-1.419055,-1.940779,-2.549729,-2.97618,-69.33956,-0.2461576,0.8465577,0.1191803,0.3636993,0.5501884,0.3332939,0.1105273,3.028343,23,23,23,23,23,23,23,23,23,23,23,23,23,23,23,23
72,720,-33.67176,-54.04406,-14.40397,-9.869004,-8.200816,-6.420249,-3.958154,-4.140409,-2.724674,-3.198644,-2.139016,-2.144287,-2.146071,-2.508883,-1.910288,-5.779121E-05,24,24,24,24,24,24,24,24,24,24,24,24,24,24,24,24,72,720,-1.345084,-2.107644,-1.834415,-1.810039,102.9671,86.90462,-2.220282,-2.086173,-2.201595,-1.417606,-2.366771,-1.749911,-1.921399,-2.673598,-2.409495,-1.808762,24,24,24,24,24,24,24,24,24,24,24,24,24,24,24,24,72,720,-2.182944,-4.349164,-1.27591,-1.677031,-2.199821,-2.804513,-1.812457,-69.44891,0.3719579,-0.7258704,-0.1192184,0.4849742,0.2199887,0.1109952,0.2211943,2.092221,23,23,23,23,23,23,23,23,23,23,23,23,23,23,23,23
73,730,-34.51351,-53.31864,-13.91173,-7.676983,-7.235446,-4.445986,-3.830539,-3.011916,-3.096155,-2.58329,-2.614331,-2.144287,-2.384509,-2.389416,-2.745979,-0.6035618,24,24,24,24,24,24,24,24,24,24,24,24,24,24,24,24,73,730,-2.152066,-2.239467,-1.441647,-1.034374,101.9164,86.53645,-1.697883,-2.21655,-1.425112,-1.160113,-1.972584,-1.34579,-2.049381,-2.005413,-1.566506,-1.695719,24,24,24,24,24,24,24,24,24,24,24,24,24,24,24,24,73,730,-1.608493,-3.837518,-0.3813594,-2.579948,-2.199821,-2.422338,-3.105482,-69.77695,0.1247118,0.1208222,0.8343774,-0.3639498,-0.110211,-0.222452,-0.5534776,2.794314,23,23,23,23,23,23,23,23,23,23,23,23,23,23,23,23
74,740,-31.74776,-52.1096,-11.94275,-6.946309,-5.546055,-3.952406,-2.043897,-2.76114,-2.229246,-3.444732,-1.069556,-2.144287,-1.430755,-2.986753,-1.790904,-0.6035618,24,24,24,24,24,24,24,24,24,24,24,24,24,24,24,24,74,740,-2.152066,-1.712175,-0.917962,-2.068595,102.9671,86.53645,-2.089682,-1.695042,-1.166265,-1.932591,-1.184209,-2.154032,-2.049381,-1.337229,-1.686933,-2.713111,24,24,24,24,24,24,24,24,24,24,24,24,24,24,24,24,74,740,-1.838274,-3.581694,-1.148117,-2.45096,-0.9046098,-1.403205,-1.941759,-69.33956,0.001088401,0.3627362,-1.886241E-05,0.4849742,0.5501884,-0.6670486,-0.2214752,3.028343,23,23,23,23,23,23,23,23,23,23,23,23,23,23,23,23
75,750,-32.70975,-53.56045,-12.435,-7.189867,-6.149408,-3.952406,-2.171537,-2.886529,-2.35309,-3.567804,-1.782477,-1.892023,-1.311536,-2.986753,-1.552135,-0.6035618,24,24,24,24,24,24,24,24,24,24,24,24,24,24,24,24,75,750,-0.8070956,-1.316705,-1.179808,-1.680761,102.5731,85.43195,-1.697883,-1.173531,-1.942804,-1.288859,-1.578448,-3.096984,-1.025529,-1.671322,-2.168642,-1.808762,24,24,24,24,24,24,24,24,24,24,24,24,24,24,24,24,75,750,-2.182944,-5.116632,-1.148117,-1.677031,-1.811258,-1.148422,-1.941759,-69.66759,0.3719579,0.1208254,0.7151783,-0.7277743,-0.440414,0.3332939,-0.0001412674,3.262372,23,23,23,23,23,23,23,23,23,23,23,23,23,23,23,23
76,760,-31.98825,-52.1096,-11.32745,-5.484514,-5.304707,-3.458271,-2.171537,-2.1342,-2.105402,-2.706309,-2.376622,-2.144338,-2.384509,-1.792081,-2.149057,-0.7242635,24,24,24,24,24,24,24,24,24,24,24,24,24,24,24,24,76,760,-1.07609,-1.448528,-1.703492,-0.7758181,102.0477,85.80012,-1.959082,-1.173531,-2.331073,-1.546352,-1.972636,-2.154031,-1.281493,-1.782685,-2.168642,-1.921805,24,24,24,24,24,24,24,24,24,24,24,24,24,24,24,24,76,760,-2.182944,-4.221252,-0.636945,-2.063995,-2.847427,-2.422338,-2.200364,-69.77695,0.2483352,-0.0001316355,-0.4768172,0.1211496,0.4401218,0.3332939,-0.2214752,2.32625,23,23,23,23,23,23,23,23,23,23,23,23,23,23,23,23
77,770,-29.463,-51.86779,-9.97378,-4.997016,-3.977332,-2.840602,-2.043897,-3.137305,-1.857714,-3.075521,-1.188333,-2.648678,-1.192315,-3.345153,-1.552135,-1.086366,24,24,24,24,24,24,24,24,24,24,24,24,24,24,24,24,77,770,-1.07609,-1.580351,-1.834415,-0.9050954,101.9164,86.65918,-1.306083,-1.564665,-1.683957,-1.675099,-2.76101,-1.211081,-1.025475,-2.005413,-1.325652,-2.600068,24,24,24,24,24,24,24,24,24,24,24,24,24,24,24,24,77,770,-1.838274,-4.604986,-1.531496,-2.708936,-2.0703,-1.912771,-1.165944,-69.23022,-0.6170267,-1.088735,0.1191803,-0.1214001,-0.000144478,0.3332939,-0.3321437,3.262372,23,23,23,23,23,23,23,23,23,23,23,23,23,23,23,23
78,780,-29.944,-52.23051,-9.97378,-6.215635,-4.580685,-3.705338,-1.660663,-2.259588,-1.486181,-2.460168,-1.425991,-2.144338,-1.311533,-2.150536,-1.67152,0.2413441,24,24,24,24,24,24,24,24,24,24,24,24,24,24,24,24,78,780,-1.07609,-1.053059,-1.572569,-2.456427,102.1791,86.7819,-1.697883,-1.434285,-2.589918,-2.576323,-2.10403,-2.019323,-2.177308,-1.782631,-1.927787,-3.165286,24,24,24,24,24,24,24,24,24,24,24,24,24,24,24,24,78,780,-1.378715,-4.732898,-2.042667,-2.708936,-2.329342,-2.167554,-2.071062,-69.12088,-0.3697807,0.6046469,0.7151783,-0.1214001,-0.000144478,-0.3336006,0.2211943,3.028343,23,23,23,23,23,23,23,23,23,23,23,23,23,23,23,23
79,790,-30.54525,-51.26328,-11.20439,-7.433425,-5.666723,-3.334737,-3.064846,-2.259588,-1.73387,-2.460168,-2.257792,-2.396527,-2.384506,-3.106273,-2.26839,-0.2414597,24,24,24,24,24,24,24,24,24,24,24,24,24,24,24,24,79,790,-2.017569,-1.316705,-2.358106,-1.680761,102.5731,86.90462,-2.220282,-1.695042,-1.813381,-1.932591,-1.447053,-1.884616,-1.793366,-1.448538,-2.529922,-2.373979,24,24,24,24,24,24,24,24,24,24,24,24,24,24,24,24,79,790,-2.068055,-4.732898,-1.148117,-1.806019,-3.106469,-2.931904,-2.588272,-69.44891,0.1247118,-0.3629994,0.2383799,-0.2426749,-0.2202776,0.8890399,-0.1107569,2.6773,23,23,23,23,23,23,23,23,23,23,23,23,23,23,23,23
80,800,-30.6655,-51.02147,-10.58908,-6.337414,-4.460017,-3.087669,-1.532918,-2.259588,-1.114649,-2.583238,-1.544819,-2.396527,-1.549971,-3.584142,-1.313315,-0.9657168,24,24,24,24,24,24,24,24,24,24,24,24,24,24,24,24,80,800,-1.345084,-1.184882,-2.096261,-0.6465399,102.4417,87.15007,-1.306083,-1.434285,-2.331073,-1.031367,-1.052866,-2.423444,-1.281438,-1.782631,-2.409495,-2.373935,24,24,24,24,24,24,24,24,24,24,24,24,24,24,24,24,80,800,-2.182944,-4.988721,-1.020324,-2.192984,-1.811258,-2.549729,-1.424549,-68.68349,0.1247118,-0.3629994,-0.238418,-0.6064995,0.2199887,0.6667412,0.663915,3.496349,23,23,23,23,23,23,23,23,23,23,23,23,23,23,23,23
81,810,-31.38701,-52.71412,-11.20439,-8.529437,-6.511425,-3.828872,-2.299153,-3.011916,-1.857714,-2.82938,-1.663648,-2.522602,-1.073095,-2.389471,-1.790853,-0.845015,24,24,24,24,24,24,24,24,24,24,24,24,24,24,24,24,81,810,-1.748575,-2.898583,-1.31073,-2.197872,102.8358,86.65918,-2.220282,-2.738061,-1.813381,-1.417606,-2.235428,-2.288737,-1.793366,-2.339449,-1.325652,-1.808717,24,24,24,24,24,24,24,24,24,24,24,24,24,24,24,24,81,810,-1.493604,-3.709606,-1.531496,-3.224889,-2.976948,-2.677121,-1.683154,-68.79285,0.1247118,-0.8468242,0.2383799,0.1211496,-0.440414,-0.6670486,-0.7747618,2.911277,23,23,23,23,23,23,23,23,23,23,23,23,23,23,23,23
82,820,-30.6655,-51.62599,-11.69663,-9.016552,-6.873429,-3.705338,-2.299153,-2.76114,-2.600779,-2.337097,-2.376622,-2.396527,-2.265287,-2.747871,-2.029622,-0.6036131,24,24,24,24,24,24,24,24,24,24,24,24,24,24,24,24,82,820,-1.479581,-1.712175,-1.441647,-1.163651,102.4417,86.7819,-2.873281,-2.34693,-1.295689,-1.417606,-2.235428,-2.558152,-2.433272,-2.005358,-1.927787,-2.713066,24,24,24,24,24,24,24,24,24,24,24,24,24,24,24,24,82,820,-1.953163,-4.221252,-1.659288,-3.353878,-2.329342,-2.040163,-2.071062,-69.99564,-0.3697807,0.4836932,1.072777,0.8487988,0.1099221,-0.1113027,0.4425811,4.198442,23,23,23,23,23,23,23,23,23,23,23,23,23,23,23,23
83,830,-29.944,-51.74689,-10.58908,-7.920541,-6.02874,-2.964136,-2.299153,-2.384976,-1.73387,-2.95245,-1.544819,-2.018205,-2.146068,-2.867338,-1.432699,-0.845015,24,24,24,24,24,24,24,24,24,24,24,24,24,24,24,24,83,830,-2.824552,-1.843997,-0.7870457,-2.068595,102.8358,86.16828,-1.959082,-2.21655,-1.683957,-2.061338,-2.629616,-2.69286,-2.30529,-2.116722,-2.168641,-3.391326,24,24,24,24,24,24,24,24,24,24,24,24,24,24,24,24,83,830,-2.872287,-5.372456,-1.275911,-2.579948,-2.717905,-2.549729,-1.941759,-69.23022,0.2483352,0.4836932,0.5959787,-0.970324,0.1099221,0.2221454,-0.1107569,3.613363,23,23,23,23,23,23,23,23,23,23,23,23,23,23,23,23
84,840,-31.62751,-53.43954,-10.58908,-9.38189,-6.873429,-3.828872,-2.554384,-2.886529,-2.229246,-2.95245,-1.782477,-2.522602,-1.907629,-3.106273,-1.552084,-0.0001091612,24,24,24,24,24,24,24,24,24,24,24,24,24,24,24,24,84,840,-1.883073,-1.580351,-1.703499,-1.422154,102.5731,85.80012,-1.959082,-1.303908,-2.589918,-1.803845,-2.235428,-3.501102,-2.30529,-2.896271,-2.409495,-2.60002,24,24,24,24,24,24,24,24,24,24,24,24,24,24,24,24,84,840,-2.757395,-4.860809,-1.020325,-3.353878,-3.883596,-3.059296,-2.588272,-69.01153,0.3719579,0.1208254,-0.1192184,-0.0001252143,0.3300552,-0.1113027,-0.3320924,2.560228,23,23,23,23,23,23,23,23,23,23,23,23,23,23,23,23
85,850,-32.46926,-52.71412,-11.08133,-9.625447,-7.356121,-4.569377,-2.554384,-3.137305,-1.981558,-1.967885,-2.614279,-1.765941,-2.503726,-2.270003,-2.507159,-0.6036131,24,24,24,24,24,24,24,24,24,24,24,24,24,24,24,24,85,850,-1.07609,-1.316705,-1.965344,-1.034321,101.9163,85.92284,-0.7836841,-1.825419,-2.072226,-1.803845,-3.943576,-1.884616,-1.921347,-2.673543,-2.891203,-2.60002,24,24,24,24,24,24,24,24,24,24,24,24,24,24,24,24,85,850,-2.642506,-4.604986,-0.8925322,-3.22489,-2.847427,-3.059296,-1.295246,-69.55826,-0.7406497,-0.4839564,0.5959787,-0.1214001,0.1099221,-0.3336006,-0.5534263,2.911277,23,23,23,23,23,23,23,23,23,23,23,23,23,23,23,23
86,860,-34.03251,-52.71412,-12.06581,-10.23434,-8.200823,-3.828872,-2.426768,-2.76114,-1.981558,-1.721745,-1.901306,-1.892073,-1.78841,-2.389471,-0.9551619,-0.7243149,24,24,24,24,24,24,24,24,24,24,24,24,24,24,24,24,86,860,-1.614078,-2.503114,-1.179814,-1.680709,101.785,86.16828,-1.567283,-1.955796,-1.554535,-2.190084,-2.10403,-2.558152,-1.793366,-2.673543,-1.686933,-3.956543,24,24,24,24,24,24,24,24,24,24,24,24,24,24,24,24,86,860,-1.953163,-5.500367,-2.170461,-2.966914,-2.976948,-2.677122,-1.295246,-69.33956,-0.4934037,-0.2420424,0.2383799,-0.1214001,-0.9907468,0.2221454,-0.1107569,2.794263,23,23,23,23,23,23,23,23,23,23,23,23,23,23,23,23
87,870,-33.31101,-53.07683,-11.57357,-10.4779,-7.476802,-5.309725,-2.426768,-3.262693,-2.229246,-3.690874,-1.544819,-1.892073,-2.026849,-2.747871,-1.790853,-0.482913,24,24,24,24,24,24,24,24,24,24,24,24,24,24,24,24,87,870,-1.479581,-0.9212352,-2.096267,-2.19782,102.7044,87.02734,-1.567283,-1.695042,-2.201649,-2.31883,-1.972636,-2.423444,-2.689235,-1.893994,-2.529922,-3.278283,24,24,24,24,24,24,24,24,24,24,24,24,24,24,24,24,87,870,-2.297836,-4.860809,-1.020325,-2.579949,-2.329342,-2.931905,-2.329667,-69.23022,0.6192039,0.846561,0.5959787,-0.1214001,0.5501884,0.5555927,0.1105787,2.09217,23,23,23,23,23,23,23,23,23,23,23,23,23,23,23,23
88,880,-32.34901,-53.56045,-11.20439,-10.84324,-7.838806,-6.050074,-3.575308,-2.635752,-1.73387,-2.583238,-2.020135,-2.018205,-1.669191,-2.270003,-1.432699,0.7240965,24,24,24,24,24,24,24,24,24,24,24,24,24,24,24,24,88,880,-2.555558,-1.712175,-2.22719,-2.327097,102.573,86.90462,-2.089682,-2.34693,-2.460495,-2.31883,-1.841241,-2.423444,-2.817217,-2.116722,-2.770776,-2.486977,24,24,24,24,24,24,24,24,24,24,24,24,24,24,24,24,88,880,-2.642506,-4.477075,-1.659289,-2.837926,-2.717905,-2.931905,-1.295246,-69.66759,-0.3697807,-1.451603,-0.4768172,-0.3639498,0.3300552,0.1109952,0.5532481,2.794263,23,23,23,23,23,23,23,23,23,23,23,23,23,23,23,23
89,890,-31.14651,-53.43954,-12.92724,-11.69569,-9.648878,-5.6799,-4.08577,-3.388081,-1.857765,-2.82938,-1.188333,-1.009148,-1.311533,-1.911602,-1.313315,0.120591,24,24,24,24,24,24,24,24,24,24,24,24,24,24,24,24,89,890,-0.941593,-2.37129,-1.310737,-1.551432,102.7044,87.15007,-0.6530856,-2.477307,-1.425112,-1.546352,-1.709843,-2.827565,-1.537402,-2.784907,-2.168641,-2.147846,24,24,24,24,24,24,24,24,24,24,24,24,24,24,24,24,89,890,-1.493604,-4.349164,-2.042668,-3.482866,-2.0703,-1.530597,-2.071062,-68.57415,-0.3697807,-0.4839564,1.072777,0.4849742,0.1099221,-0.3336006,-0.5534263,2.560228,23,23,23,23,23,23,23,23,23,23,23,23,23,23,23,23
90,900,-31.14651,-52.59322,-11.81969,-11.45213,-8.200823,-6.420248,-2.809615,-3.388081,-1.610077,-3.198645,-2.138964,-3.405131,-2.265287,-3.464674,-1.790853,-0.9657168,24,24,24,24,24,24,24,24,24,24,24,24,24,24,24,24,90,900,-2.152067,-2.37129,-1.703499,-1.034321,102.4417,87.51823,-1.959082,-2.086173,-2.201649,-1.546352,-2.498218,-1.749908,-2.561253,-3.118998,-2.048214,-2.147846,24,24,24,24,24,24,24,24,24,24,24,24,24,24,24,24,90,900,-2.068055,-4.604986,-2.426047,-2.837926,-1.940779,-2.422338,-2.200364,-69.44891,0.7428274,0.3627329,0.3575795,0.1211496,-0.6605471,0.1109952,0.5532481,3.26232,23,23,23,23,23,23,23,23,23,23,23,23,23,23,23,23
91,910,-31.26676,-52.23051,-11.81969,-10.72146,-7.959487,-5.556509,-2.554384,-2.76114,-1.486233,-2.583291,-0.8318972,-1.513677,-1.192315,-2.270003,-1.193931,0.120591,24,24,24,24,24,24,24,24,24,24,24,24,24,24,24,24,91,910,-2.555558,-1.843997,-1.048891,-1.680709,102.573,86.53645,-1.959082,-2.477307,-1.425112,-2.190084,-1.709791,-2.423444,-2.689235,-1.782631,-1.927787,-2.939152,24,24,24,24,24,24,24,24,24,24,24,24,24,24,24,24,91,910,-2.872287,-5.628278,-1.914876,-2.579949,-1.940779,-1.78538,-3.622693,-69.66759,1.113697,-0.0001348462,-0.1192184,0.2424245,0.3300552,0.1109952,0.663915,2.44322,23,23,23,23,23,23,23,23,23,23,23,23,23,23,23,23
92,920,-32.46926,-51.14237,-12.31194,-10.23434,-8.924844,-5.803291,-4.08577,-3.137304,-2.476986,-2.706362,-2.020186,-3.026904,-2.026849,-2.867338,-1.432699,-0.3622112,24,24,24,24,24,24,24,24,24,24,24,24,24,24,24,24,92,920,-2.421061,-1.053059,-1.310737,-1.551432,102.179,85.67739,-1.436683,-1.825419,-1.813381,-2.061338,-1.841189,-2.69286,-1.793366,-1.893994,-1.80736,-2.260892,24,24,24,24,24,24,24,24,24,24,24,24,24,24,24,24,92,920,-2.068055,-3.965429,-1.787082,-2.708937,-3.23599,-3.186687,-1.295246,-68.57415,0.3719579,0.4836899,0.4767791,-0.1213487,-0.110211,0.2221454,-0.2214238,2.209185,23,23,23,23,23,23,23,23,23,23,23,23,23,23,23,23
93,930,-32.34901,-51.62599,-11.08133,-9.747228,-8.56284,-5.6799,-2.681999,-2.635752,-1.362388,-3.075574,-1.307213,-2.018205,-1.073096,-2.508938,-1.193931,-1.448521,24,24,24,24,24,24,24,24,24,24,24,24,24,24,24,24,93,930,-1.07609,-1.712175,-1.441659,-1.292876,102.573,85.92284,-1.436683,-0.5216427,-2.072226,-1.160114,-1.841189,-2.288737,-1.025529,-1.337175,-1.80736,-1.695671,24,24,24,24,24,24,24,24,24,24,24,24,24,24,24,24,93,930,-1.953163,-4.349164,-1.914876,-2.837926,-1.940779,-1.403205,-1.941759,-69.77695,-0.3697807,-0.4839596,0.7151783,-7.384432E-05,0.4401764,0.3332939,0.1105787,3.847392,23,23,23,23,23,23,23,23,23,23,23,23,23,23,23,23
94,940,-31.86801,-51.86779,-12.68112,-12.7917,-11.57962,-8.517901,-4.851463,-3.638857,-1.610077,-2.21408,-0.4754106,-1.135281,-0.8346575,-1.672667,-0.3582397,0.120591,24,24,24,24,24,24,24,24,24,24,24,24,24,24,24,24,94,940,-1.210587,-1.580351,-1.572576,-1.034321,101.3909,86.16828,-1.697883,-1.434285,-1.425112,-2.061338,-2.498166,-1.345787,-1.793417,-1.894046,-1.325652,-2.373935,24,24,24,24,24,24,24,24,24,24,24,24,24,24,24,24,94,940,-2.527614,-5.116632,-1.275911,-2.063996,-1.811258,-1.275813,-1.424549,-69.12088,0.1247118,0.1208222,0.2383799,-0.8489978,-0.4403594,-0.1113027,-0.3320924,2.794263,23,23,23,23,23,23,23,23,23,23,23,23,23,23,23,23
95,950,-30.54526,-51.50508,-13.17336,-11.57391,-11.2176,-7.777554,-4.723848,-3.513469,-2.476986,-1.844868,-1.6637,-1.892073,-2.146069,-1.792134,-1.074546,0.120591,24,24,24,24,24,24,24,24,24,24,24,24,24,24,24,24,95,950,-0.4036042,-1.448528,-0.7870457,-1.551432,102.179,86.53645,-1.567283,-1.825419,-1.036843,-1.932592,-1.447002,-1.211081,-1.537456,-2.228137,-1.205173,-2.826109,24,24,24,24,24,24,24,24,24,24,24,24,24,24,24,24,95,950,-2.068055,-4.477075,-1.020325,-2.192985,-1.811258,-2.040163,-2.588272,-68.90218,0.1247118,0.3627329,-1.886241E-05,-0.1213487,0.4401764,-0.0001533072,-0.4428123,1.975156,23,23,23,23,23,23,23,23,23,23,23,23,23,23,23,23
96,960,-31.02626,-50.90056,-13.29643,-13.64415,-12.42431,-7.777554,-4.341001,-3.513469,-1.610077,-2.460221,-0.3565814,-1.765941,-0.9538768,-1.672667,-0.8357781,-0.2415111,24,24,24,24,24,24,24,24,24,24,24,24,24,24,24,24,96,960,-1.479581,-1.316705,-1.703499,-1.939264,102.7044,87.15007,-1.436683,-1.043154,-1.683957,-2.576324,-0.9214166,-1.749908,-1.665438,-1.225862,-1.084746,-2.486977,24,24,24,24,24,24,24,24,24,24,24,24,24,24,24,24,96,960,-1.838274,-4.604986,-1.659289,-2.063996,-1.940779,-1.657988,-1.683154,-69.12088,0.001088401,-0.3630026,0.5959787,0.2424759,0.3301098,0.2221454,-0.4428123,2.44322,23,23,23,23,23,23,23,23,23,23,23,23,23,23,23,23
97,970,-32.46926,-53.07683,-14.6501,-17.29753,-13.99303,-9.381641,-5.617157,-4.892738,-2.724674,-2.583291,-1.544871,-1.009148,-1.430754,-1.433733,-0.4776251,-0.482913,24,24,24,24,24,24,24,24,24,24,24,24,24,24,24,24,97,970,-2.152067,-0.3939426,-1.834421,-1.422154,102.3103,87.15007,-1.959082,-1.043154,-1.813381,-1.546352,-0.7900219,-2.019323,-1.409475,-1.114499,-2.048162,-1.469586,24,24,24,24,24,24,24,24,24,24,24,24,24,24,24,24,97,970,-0.8042642,-4.860809,-2.426047,-2.579949,-1.293173,-1.657988,-1.036641,-68.57415,-0.6170267,0.8465577,1.311176,0.121201,-0.4403594,-0.6670486,-0.4428123,2.911277,23,23,23,23,23,23,23,23,23,23,23,23,23,23,23,23
98,980,-32.22876,-52.71412,-14.28091,-15.7144,-13.51035,-9.011468,-5.23431,-3.638857,-2.60083,-1.967938,-1.307213,-1.009148,-1.549973,-1.5532,-1.671468,-0.1208109,24,24,24,24,24,24,24,24,24,24,24,24,24,24,24,24,98,980,-1.07609,-1.712175,-2.489035,-1.163599,102.8357,87.02734,-0.9142842,-1.303908,-2.072226,-0.9026204,-0.7900219,-2.019323,-1.025529,-2.005409,-2.048162,-1.695671,24,24,24,24,24,24,24,24,24,24,24,24,24,24,24,24,98,980,-1.263823,-4.477075,-1.403704,-1.419055,-1.940779,-2.167555,-2.717575,-69.23022,0.3719579,0.7256007,0.5959787,-0.4851733,-8.989744E-05,1.000189,0.1105241,2.09217,23,23,23,23,23,23,23,23,23,23,23,23,23,23,23,23
99,990,-32.95026,-52.59322,-15.14234,-14.13127,-12.42431,-7.160596,-4.723848,-3.137304,-1.733921,-1.721797,-1.188384,-1.009148,-0.8346575,-2.150536,-0.4776251,-0.6036131,24,24,24,24,24,24,24,24,24,24,24,24,24,24,24,24,99,990,-0.538102,-1.843997,-1.834428,-1.422154,102.7044,86.41373,-1.306083,-2.477307,-1.554535,-1.417606,-1.052815,-0.941666,-1.409475,-1.782682,-1.3256,-1.469586,24,24,24,24,24,24,24,24,24,24,24,24,24,24,24,24,99,990,-1.838274,-4.221252,-1.659289,-2.063996,-1.681737,-1.78538,-2.200364,-68.24612,0.3719579,-0.4839596,-0.715216,-0.2426236,0.9905124,0.5555927,0.3318596,2.911277,23,23,23,23,23,23,23,23,23,23,23,23,23,23,23,23
100,1000,-34.27301,-53.19773,-14.77316,-13.52238,-10.73492,-7.654161,-4.723848,-3.137304,-2.105453,-2.33715,-0.7130681,-1.639809,-0.4769998,-1.194798,-0.3582397,-0.6036131,24,24,24,24,24,24,24,24,24,24,24,24,24,24,24,24,100,1000,-2.152067,-2.37129,-1.703505,-1.680761,102.3103,87.15007,-2.350881,-2.477307,-1.166265,-0.9026204,-1.578397,-1.749908,-1.793417,-2.005409,-1.446027,-1.469586,24,24,24,24,24,24,24,24,24,24,24,24,24,24,24,24,100,1000,-1.263823,-3.709606,-2.042668,-2.579949,-2.458863,-1.403205,-2.717575,-68.57415,-0.3697807,0.1208222,0.1191803,-7.384432E-05,-1.100759,-1.000497,-0.1108098,3.730384,23,23,23,23,23,23,23,23,23,23,23,23,23,23,23,23
101,1010,-33.67176,-52.59322,-14.03479,-13.15704,-10.97625,-6.790422,-4.851463,-3.137304,-2.60083,-1.721797,-1.544871,-1.387545,-1.907631,-1.5532,-1.313315,-0.482913,24,24,24,24,24,24,24,24,24,24,24,24,24,24,24,24,101,1010,-2.421061,-1.448528,-1.17982,-1.163651,103.0984,86.16828,-2.612081,-1.303908,-1.166265,-1.160114,-0.9214166,-1.615202,-1.665438,-1.671319,-0.8438921,-2.034803,24,24,24,24,24,24,24,24,24,24,24,24,24,24,24,24,101,1010,-1.493604,-3.965429,-2.298254,-2.321973,-1.163652,-1.657988,-2.97618,-69.66759,0.4955813,0.4836899,0.8343774,0.970125,-8.989744E-05,0.3332939,-0.0001428727,2.911277,23,23,23,23,23,23,23,23,23,23,23,23,23,23,23,23
102,1020,-32.83001,-52.83503,-14.52703,-11.93925,-9.528204,-6.173465,-3.702924,-2.510364,-1.362388,-1.967938,-0.4754106,-1.009148,-0.8346575,-1.672667,-0.7163935,-0.482913,24,24,24,24,24,24,24,24,24,24,24,24,24,24,24,24,102,1020,-1.345084,-1.843997,-0.787052,-1.680761,102.8357,85.55462,-1.828482,-1.043154,-1.425112,-1.546352,-1.184209,-2.558152,-1.665438,-1.671319,-1.084746,-1.92176,24,24,24,24,24,24,24,24,24,24,24,24,24,24,24,24,102,1020,-2.182944,-4.221252,-1.659289,-1.677032,-1.811258,-2.167605,-1.941759,-68.02744,0.8664507,-0.0001348462,-0.5960168,-0.2426236,0.3301098,0.2221454,0.1105241,2.44322,23,23,23,23,23,23,23,23,23,23,23,23,23,23,23,23
103,1030,-33.19076,-53.07683,-14.77316,-14.98372,-12.18296,-7.530771,-3.320077,-4.015021,-2.105453,-1.967938,-1.782529,-2.018205,-0.8346575,-3.106273,-1.313315,-0.3622112,24,24,24,24,24,24,24,24,24,24,24,24,24,24,24,24,103,1030,-1.614078,-1.053059,-1.572589,-1.292928,102.8357,85.4319,-1.567335,-0.5216427,-2.460495,-1.031367,-1.972584,-1.480495,-0.8975472,-0.7804061,-1.686881,-1.469586,24,24,24,24,24,24,24,24,24,24,24,24,24,24,24,24,103,1030,-1.953163,-3.965429,-2.298254,-2.966914,-2.717905,-1.912822,-1.941812,-69.33956,-0.2461576,-0.4839596,0.3575795,0.3637507,0.7703793,0.3332939,-0.7748148,2.794263,23,23,23,23,23,23,23,23,23,23,23,23,23,23,23,23
104,1040,-34.39326,-53.31864,-16.37295,-14.00949,-11.82095,-5.556509,-3.575308,-2.510364,-2.60083,-1.475656,-1.6637,-1.261413,-2.384508,-2.389471,-1.910237,-1.207119,24,24,24,24,24,24,24,24,24,24,24,24,24,24,24,24,104,1040,-2.152067,-1.580351,-1.703505,-1.551484,100.9969,86.41368,-0.7837355,-1.434281,-1.554535,-2.190084,-2.498166,-1.615202,-1.665438,-2.116773,-1.686881,-2.60002,24,24,24,24,24,24,24,24,24,24,24,24,24,24,24,24,104,1040,-0.8042642,-3.709606,-1.531497,-2.45096,-1.940779,-1.021082,-1.941812,-69.33956,-0.4934037,-0.7258704,0.4767791,0.8488501,0.1099767,-0.3336006,-0.2214784,3.496349,23,23,23,23,23,23,23,23,23,23,23,23,23,23,23,23
105,1050,-34.99451,-53.68135,-15.75765,-14.37483,-11.09693,-5.556509,-3.192461,-2.510364,-1.362388,-2.33715,-0.9507264,-1.513677,-0.8346575,-2.270003,-1.313315,-0.9657168,24,24,24,24,24,24,24,24,24,24,24,24,24,24,24,24,105,1050,-1.748575,-2.107644,-1.441666,-2.456427,102.573,86.78185,-1.436734,-1.303905,-1.683903,-2.318831,-1.972584,-1.749908,-2.049381,-1.44859,-1.807308,-3.391326,24,24,24,24,24,24,24,24,24,24,24,24,24,24,24,24,105,1050,-1.953163,-4.860809,-2.298254,-2.45096,-2.329342,-1.148474,-2.071114,-69.44891,0.4955813,0.4836899,0.1191803,-0.2426236,-8.989744E-05,0.5555927,-0.3321453,3.379334,23,23,23,23,23,23,23,23,23,23,23,23,23,23,23,23
106,1060,-33.31101,-54.76949,-15.63458,-14.00949,-10.49356,-7.037205,-3.830539,-3.137305,-2.229297,-3.321714,-2.139016,-2.018205,-1.669192,-2.867338,-0.7163935,-0.7243149,24,24,24,24,24,24,24,24,24,24,24,24,24,24,24,24,106,1060,-2.555558,-2.503114,-2.358119,-1.810039,102.3103,87.39546,-1.436734,-0.7823935,-2.072171,-2.318883,-2.103979,-2.154031,-2.177362,-2.005409,-2.891151,-2.60002,24,24,24,24,24,24,24,24,24,24,24,24,24,24,24,24,106,1060,-1.608493,-4.477075,-1.148118,-2.192985,-2.976948,-3.951088,-2.84693,-69.23022,1.113697,0.1208222,-1.072815,-1.212826,0.550243,0.7778913,-0.4428123,1.507098,23,23,23,23,23,23,23,23,23,23,23,23,23,23,23,23
107,1070,-32.95026,-53.43954,-16.8652,-15.47084,-12.18296,-7.777554,-4.468616,-3.137305,-1.733921,-2.33715,-1.901359,-1.513677,-1.311535,-2.031069,-2.029622,-0.1208109,24,24,24,24,24,24,24,24,24,24,24,24,24,24,24,24,107,1070,-2.690055,-1.975821,-2.489042,-1.551484,102.9671,87.15002,-1.567335,-1.564662,-2.589863,-2.318883,-2.235377,-2.962273,-1.921399,-2.228137,-2.409444,-3.052195,24,24,24,24,24,24,24,24,24,24,24,24,24,24,24,24,107,1070,-1.953163,-4.349164,-1.787082,-2.579949,-3.106469,-2.677172,-1.295298,-69.01153,-0.1225342,0.2417759,0.5959795,-7.384432E-05,-8.989744E-05,0.7778913,0.3318596,2.794263,23,23,23,23,23,23,23,23,23,23,23,23,23,23,23,23
108,1080,-32.83001,-54.64857,-16.74213,-13.64415,-12.30363,-8.024337,-4.596232,-3.638857,-2.476985,-2.58329,-1.069556,-1.765891,-1.192315,-1.672667,-1.074546,0.120591,24,24,24,24,24,24,24,24,24,24,24,24,24,24,24,24,108,1080,-1.479581,-2.107644,-2.619964,-1.810039,102.4417,86.04551,-1.044936,-2.607681,-2.589863,-1.417658,-1.841189,-2.288741,-1.281493,-3.007686,-2.409444,-2.713066,24,24,24,24,24,24,24,24,24,24,24,24,24,24,24,24,108,1080,-1.723385,-5.372456,-2.55384,-3.22489,-2.976948,-2.294997,-2.717627,-69.01153,-0.8642731,0.8465577,0.5959795,-0.363953,-0.8806257,-1.333944,-0.5534809,3.496349,23,23,23,23,23,23,23,23,23,23,23,23,23,23,23,23
109,1090,-31.98826,-54.40678,-15.2654,-14.00949,-11.94162,-10.36877,-6.38285,-5.895843,-3.591583,-3.567856,-1.663701,-2.648678,-1.430755,-2.270003,-1.790853,-0.2415111,24,24,24,24,24,24,24,24,24,24,24,24,24,24,24,24,109,1090,-2.286564,-2.634937,-1.703505,-1.422206,102.573,87.27274,-1.697935,-1.825416,-2.072171,-1.803897,-2.235377,-2.288741,-1.793417,-2.673595,-2.409444,-2.260892,24,24,24,24,24,24,24,24,24,24,24,24,24,24,24,24,109,1090,-2.068055,-5.372456,-1.787082,-2.063996,-2.847427,-2.294997,-2.071114,-68.46481,0.4955813,0.3627329,0.2383811,-0.1214033,-0.1101565,0.2221454,-0.1108098,2.677248,23,23,23,23,23,23,23,23,23,23,23,23,23,23,23,23
110,1100,-33.07051,-54.28586,-16.00377,-14.61839,-11.94162,-9.381641,-6.000003,-4.76735,-3.096206,-3.198644,-1.188385,-1.765891,-1.192316,-1.672667,-2.029622,-0.1208109,24,24,24,24,24,24,24,24,24,24,24,24,24,24,24,24,110,1100,-2.421061,-3.030406,-1.572589,-2.068595,101.785,86.78185,-2.612132,-1.564662,-1.942748,-2.06139,-2.366771,-2.423447,-2.945254,-2.562234,-1.807308,-2.486977,24,24,24,24,24,24,24,24,24,24,24,24,24,24,24,24,110,1100,-3.102065,-3.965429,-2.042668,-2.837926,-2.847427,-3.186738,-2.071114,-69.01153,0.7428274,-0.4839596,-0.3576164,0.2424213,-0.1101565,-0.1113548,-0.2214784,2.209185,23,23,23,23,23,23,23,23,23,23,23,23,23,23,23,23
111,1110,-33.55151,-54.52768,-17.97274,-16.07974,-14.11369,-10.49216,-6.765696,-5.394291,-3.715427,-2.829432,-1.663701,-2.27042,-1.192316,-1.5532,-1.313367,0.120591,24,24,24,24,24,24,24,24,24,24,24,24,24,24,24,24,111,1110,-2.152067,-1.712175,-1.17982,-1.810039,103.2297,86.41368,-1.567335,-2.086169,-1.683903,-1.803897,-1.709791,-2.154032,-2.433326,-2.450867,-1.807308,-2.939152,24,24,24,24,24,24,24,24,24,24,24,24,24,24,24,24,111,1110,-1.723385,-4.477075,-2.426047,-3.353878,-2.847427,-2.804564,-2.588325,-68.90218,0.1247118,0.6046437,0.9535778,-0.0001284249,-0.1101565,-0.0002054799,-0.22148,2.326199,23,23,23,23,23,23,23,23,23,23,23,23,23,23,23,23
112,1120,-31.98826,-54.64857,-16.37295,-15.83618,-12.78632,-11.10912,-5.872387,-6.021232,-3.963115,-4.798562,-2.139016,-3.405131,-1.788413,-2.747871,-1.67152,-0.8449637,24,24,24,24,24,24,24,24,24,24,24,24,24,24,24,24,112,1120,-2.01757,-2.37129,-1.703505,-2.32715,102.9671,84.941,-1.697935,-1.434281,-3.236977,-1.932643,-1.709791,-2.962276,-1.537456,-2.562234,-3.252433,-2.373979,24,24,24,24,24,24,24,24,24,24,24,24,24,24,24,24,112,1120,-2.297836,-4.988721,-2.681633,-3.095901,-2.199821,-2.422389,-2.84693,-70.32367,0.3719579,0.8465577,0.1191815,-0.0001284249,-0.9906922,-0.1113548,0.4425249,2.677248,23,23,23,23,23,23,23,23,23,23,23,23,23,23,23,23
113,1130,-31.74776,-54.16496,-17.23438,-16.93219,-14.59638,-10.61555,-5.23431,-5.143515,-2.848518,-3.444785,-1.069556,-2.27042,-1.311536,-2.150536,-1.074598,0.1206424,24,24,24,24,24,24,24,24,24,24,24,24,24,24,24,24,113,1130,-1.345084,-2.239467,-1.834428,-1.551484,101.2595,86.65913,-1.436734,-1.564662,-1.425057,-1.932643,-2.892354,-2.69286,-2.177362,-2.116776,-1.927735,-3.052239,24,24,24,24,24,24,24,24,24,24,24,24,24,24,24,24,113,1130,-2.757392,-5.116632,-1.531497,-2.45096,-2.458863,-2.294997,-3.622745,-68.90218,0.1247118,-0.3630026,-0.2384168,-0.4852278,0.3301098,0.1109439,0.2211894,2.911277,23,23,23,23,23,23,23,23,23,23,23,23,23,23,23,23
114,1140,-32.34901,-53.92315,-18.71111,-17.29753,-15.68242,-10.86234,-7.276158,-5.519679,-3.715427,-3.813997,-1.544872,-2.648678,-1.669194,-1.792134,-0.3582926,0.1206424,24,24,24,24,24,24,24,24,24,24,24,24,24,24,24,24,114,1140,-1.345084,-2.107695,-1.572589,-2.585705,101.9163,86.65913,-1.567335,-2.607681,-2.331017,-2.576375,-2.366771,-2.558154,-2.305344,-1.894049,-1.927735,-4.069634,24,24,24,24,24,24,24,24,24,24,24,24,24,24,24,24,114,1140,-2.757392,-3.965481,-2.170461,-2.45096,-3.624554,-2.422389,-2.459022,-69.33956,0.6192039,0.3627329,-0.7152151,0.7275207,0.4401764,0.1109439,-0.8854849,2.44322,23,23,23,23,23,23,23,23,23,23,23,23,23,23,23,23
115,1150,-32.46926,-53.92315,-18.71111,-17.17575,-14.47571,-11.60269,-7.531389,-5.770455,-3.839271,-4.798562,-1.069556,-2.900829,-1.073097,-2.150536,-0.4776765,-1.327767,24,24,24,24,24,24,24,24,24,24,24,24,24,24,24,24,115,1150,-2.286564,-2.766811,-1.703499,-3.102816,102.179,87.02729,-1.828533,-1.695039,-2.331017,-2.962615,-1.578397,-1.34579,-2.305344,-1.671322,-2.168589,-3.843546,24,24,24,24,24,24,24,24,24,24,24,24,24,24,24,24,115,1150,-2.29783,-4.605039,-1.914928,-3.353878,-1.940779,-1.785431,-2.071114,-69.44891,-0.6170267,-0.3630026,0.5959795,0.1211464,-0.4403594,0.3332426,0.1105225,3.379334,23,23,23,23,23,23,23,23,23,23,23,23,23,23,23,23
116,1160,-32.70975,-53.80225,-17.11131,-14.98372,-13.63102,-10.49216,-6.638081,-6.397395,-3.839271,-3.567856,-1.307214,-2.396527,-1.430755,-1.433733,-0.4776765,-0.1207595,24,24,24,24,24,24,24,24,24,24,24,24,24,24,24,24,116,1160,-2.286564,-1.316757,-2.881797,-2.32715,102.7044,87.27274,-1.959133,-1.825416,-2.589863,-1.67515,-1.184209,-1.884618,-2.561308,-2.339504,-2.409444,-2.600068,24,24,24,24,24,24,24,24,24,24,24,24,24,24,24,24,116,1160,-2.068052,-5.884154,-2.426099,-2.450909,-1.940779,-1.403256,-1.165996,-68.90218,0.1247118,0.8465577,0.4767799,-0.6065027,-0.8806257,0.3332426,-0.000144478,3.262326,23,23,23,23,23,23,23,23,23,23,23,23,23,23,23,23
117,1170,-33.19076,-53.92315,-18.71111,-16.81041,-14.83773,-9.751816,-7.020927,-5.895843,-3.963115,-3.321714,-2.020188,-2.522602,-1.669194,-1.672667,-1.074598,-0.4828616,24,24,24,24,24,24,24,24,24,24,24,24,24,24,24,24,117,1170,-0.941593,-1.844049,-1.834421,-1.551484,101.9164,86.41368,-1.175536,-1.955793,-2.46044,-1.546404,-1.447002,-2.288741,-1.793417,-1.894049,-1.686881,-2.034848,24,24,24,24,24,24,24,24,24,24,24,24,24,24,24,24,117,1170,-2.527611,-4.988773,-2.426099,-2.192933,-2.329344,-2.167605,-0.6487858,-68.46481,0.4955813,1.088469,-0.1192176,0.3636961,0.550243,-0.0002054799,-0.22148,1.858141,23,23,23,23,23,23,23,23,23,23,23,23,23,23,23,23
118,1180,-32.34901,-53.43954,-18.58805,-16.32329,-13.63102,-9.628425,-5.872387,-4.892738,-2.848518,-3.690926,-1.307214,-2.27042,-0.9538776,-1.792134,-0.955214,-0.8449637,24,24,24,24,24,24,24,24,24,24,24,24,24,24,24,24,118,1180,-1.748575,-1.975872,-0.9179684,-1.034374,102.8358,86.65918,-1.436734,-2.868434,-0.9073653,-0.7739254,-1.841189,-1.884618,-2.177362,-2.339504,-1.927735,-2.487022,24,24,24,24,24,24,24,24,24,24,24,24,24,24,24,24,118,1180,-1.60849,-5.116685,-2.298306,-2.192933,-2.199823,-2.167605,-0.907391,-68.57415,0.001088401,-1.088738,0.715179,-0.1214033,-8.989744E-05,0.6666898,-0.22148,2.560234,23,23,23,23,23,23,23,23,23,23,23,23,23,23,23,23
119,1190,-32.83001,-54.16496,-18.71111,-16.32329,-12.30363,-9.258249,-6.63808,-5.268903,-3.096206,-3.690926,-0.9507272,-1.765891,-0.8346584,-1.433733,-0.8358294,0.1206424,24,24,24,24,24,24,24,24,24,24,24,24,24,24,24,24,119,1190,-1.614078,-1.316757,-0.5252001,-1.292928,102.3104,86.65918,-2.481481,-1.303905,-1.166211,-0.9026722,-1.709791,-1.749911,-2.049381,-1.448593,-1.566454,-2.147894,24,24,24,24,24,24,24,24,24,24,24,24,24,24,24,24,119,1190,-1.723379,-4.477128,-2.681685,-2.063945,-1.681738,-0.7662978,-1.036643,-68.79285,-0.6170267,1.088469,0.3575807,-0.363953,-0.220223,-0.1113548,0.1105225,3.847398,23,23,23,23,23,23,23,23,23,23,23,23,23,23,23,23
120,1200,-33.43126,-53.80225,-19.08029,-16.32329,-13.14833,-9.258249,-7.659005,-5.394291,-3.715427,-3.690926,-1.544872,-2.522602,-1.788413,-2.389471,-1.074598,-0.1207595,24,24,24,24,24,24,24,24,24,24,24,24,24,24,24,24,120,1200,-2.01757,-1.184933,-1.179814,-2.068595,103.2298,85.67739,-2.481481,-1.303908,-1.554479,-1.803897,-1.315604,-1.615205,-1.537456,-1.225865,-1.084746,-1.808762,24,24,24,24,24,24,24,24,24,24,24,24,24,24,24,24,120,1200,-0.9191499,-4.477128,-2.553892,-1.419004,-1.163653,-2.54978,-1.553852,-68.35547,0.1247118,-0.0001348462,0.2383811,-0.9703305,-0.4403594,0.4443911,-0.110813,2.326205,23,23,23,23,23,23,23,23,23,23,23,23,23,23,23,23
121,1210,-33.31101,-53.68135,-17.97274,-16.56685,-12.78632,-9.134859,-5.617156,-5.645067,-3.467688,-3.444785,-0.5942405,-1.765891,-0.4770006,-2.389471,-0.7164456,-0.7242635,24,24,24,24,24,24,24,24,24,24,24,24,24,24,24,24,121,1210,-1.210587,-0.6576407,-0.9179684,-0.7758181,102.4417,85.43195,-1.306083,-0.1305086,-1.813326,-1.031418,-2.103979,-2.019326,-1.025529,-1.671322,-2.168589,-1.582673,24,24,24,24,24,24,24,24,24,24,24,24,24,24,24,24,121,1210,-1.838271,-3.709659,-1.659341,-1.67698,-1.940781,-1.658039,-1.553852,-68.79285,0.2483352,-0.7258704,-1.805975E-05,0.2424213,-8.989744E-05,0.4443911,0.1105225,2.677248,23,23,23,23,23,23,23,23,23,23,23,23,23,23,23,23
122,1220,-36.19701,-55.97852,-18.95723,-17.4193,-13.269,-10.12199,-7.403773,-6.14662,-3.591532,-3.444732,-1.069556,-2.522602,-1.311536,-2.150536,-1.193983,-0.1207595,24,24,24,24,24,24,24,24,24,24,24,24,24,24,24,24,122,1220,-1.883073,-1.316757,-1.572576,-1.163651,100.9969,85.92284,-1.959082,-0.6520197,-2.201595,-1.288859,-2.760959,-1.884618,-1.409475,-1.337229,-2.048162,-1.808762,24,24,24,24,24,24,24,24,24,24,24,24,24,24,24,24,122,1220,-1.148931,-4.093393,-2.93727,-3.09585,-2.847428,-2.422388,-1.036643,-68.13677,0.001088401,0.2417727,0.8343787,0.2424213,-0.220223,-1.111697,-0.664151,2.560234,23,23,23,23,23,23,23,23,23,23,23,23,23,23,23,23
123,1230,-36.67801,-55.374,-18.71111,-16.56685,-13.38967,-9.751816,-7.78662,-5.268903,-4.458441,-4.675439,-2.376676,-3.405131,-1.788413,-2.867338,-1.313367,-0.2414597,24,24,24,24,24,24,24,24,24,24,24,24,24,24,24,24,123,1230,-0.0001131745,-1.316757,-1.179814,-1.163651,101.6537,86.65918,-1.828482,-1.303908,-1.425057,-1.675099,-2.103979,-1.749911,-1.281493,-1.894049,-1.205173,-2.600068,24,24,24,24,24,24,24,24,24,24,24,24,24,24,24,24,123,1230,-1.723379,-4.349216,-2.426099,-2.192933,-1.422696,-1.403256,-2.976181,-69.01153,0.001088401,0.2417727,0.715179,0.3636961,0.1099767,-0.2225034,0.5531919,3.262326,23,23,23,23,23,23,23,23,23,23,23,23,23,23,23,23
124,1240,-36.31726,-54.64857,-16.8652,-15.1055,-12.78632,-10.24538,-8.041851,-7.275112,-4.334597,-5.783074,-1.544873,-3.909433,-2.26529,-2.747871,-1.432752,-0.9656654,24,24,24,24,24,24,24,24,24,24,24,24,24,24,24,24,124,1240,-1.479581,-1.05311,-1.965344,-2.068595,102.8358,87.51823,-2.220282,-0.9127768,-1.683903,-2.70507,-1.709791,-1.615205,-1.409475,-1.448593,-2.289016,-3.052239,24,24,24,24,24,24,24,24,24,24,24,24,24,24,24,24,124,1240,-2.068052,-5.116685,-2.298306,-2.321922,-1.940781,-1.912822,-1.683155,-67.91808,0.3719579,0.2417727,0.4767799,-0.7277229,-8.989744E-05,0.3332426,-0.3321469,3.496355,23,23,23,23,23,23,23,23,23,23,23,23,23,23,23,23
125,1250,-37.15901,-55.85761,-18.83417,-18.27175,-15.68242,-12.58982,-9.956083,-8.152829,-5.696882,-5.413863,-1.782531,-3.531206,-1.549971,-2.508938,-1.67152,-0.2414597,24,24,24,24,24,24,24,24,24,24,24,24,24,24,24,24,125,1250,-1.345084,-1.05311,-2.096267,-1.292928,102.8358,87.02734,-0.9142842,-1.173531,-2.201595,-1.160113,-1.578397,-2.154032,-1.409475,-1.559958,-2.409444,-1.808762,24,24,24,24,24,24,24,24,24,24,24,24,24,24,24,24,125,1250,-1.723379,-3.709659,-1.659341,-2.579897,-3.235992,-2.294997,-1.42455,-68.79285,0.8664507,0.6046405,-1.805975E-05,0.4850256,0.3300552,-0.0002054799,-0.22148,2.560234,23,23,23,23,23,23,23,23,23,23,23,23,23,23,23,23
126,1260,-34.51351,-54.52768,-17.97274,-16.07973,-14.83773,-11.72608,-9.445621,-7.651277,-6.19202,-4.798509,-2.851991,-3.15298,-2.622945,-3.225688,-2.387826,-0.1207595,24,24,24,24,24,24,24,24,24,24,24,24,24,24,24,24,126,1260,-1.07609,-2.107695,-2.096267,-1.551484,102.1791,86.04556,-1.306083,-3.389949,-1.942748,-1.417606,-1.841189,-2.423447,-1.793417,-2.673598,-1.927735,-2.260936,24,24,24,24,24,24,24,24,24,24,24,24,24,24,24,24,126,1260,-2.068052,-4.093393,-2.04272,-2.708886,-2.458865,-1.785431,-1.683155,-69.23022,-0.1225342,-0.6049199,0.2383811,-0.3638984,-0.6605471,-0.3335516,-0.22148,3.145306,23,23,23,23,23,23,23,23,23,23,23,23,23,23,23,23
127,1270,-33.31101,-54.52768,-17.72662,-15.83617,-14.59638,-10.73895,-8.935159,-7.275112,-4.458441,-4.798509,-2.376676,-3.657282,-2.384506,-2.747819,-1.552085,-0.4828616,24,24,24,24,24,24,24,24,24,24,24,24,24,24,24,24,127,1270,-1.07609,-2.107695,-1.441659,-1.422206,101.785,87.02734,-1.436683,-2.607684,-1.683903,-1.288859,-1.972584,-1.34579,-1.793417,-1.894049,-2.048214,-1.808762,24,24,24,24,24,24,24,24,24,24,24,24,24,24,24,24,127,1270,-2.412722,-5.50042,-1.787135,-2.450909,-2.199823,-1.658039,-1.941761,-68.90218,0.1247118,0.6046405,0.5959795,-1.091551,-0.5504805,-0.0001035426,0.6638604,3.61337,23,23,23,23,23,23,23,23,23,23,23,23,23,23,23,23
128,1280,-34.03251,-55.73671,-18.34192,-17.78464,-16.76847,-13.20678,-11.23224,-8.905158,-5.944571,-5.290792,-2.257847,-2.648678,-2.265287,-2.389419,-1.074548,-0.0001091612,24,24,24,24,24,24,24,24,24,24,24,24,24,24,24,24,128,1280,-2.152067,-1.580402,-1.572576,-1.810039,102.5731,85.67739,-2.481481,-1.825419,-1.425057,-1.932591,-1.447002,-2.154032,-2.305344,-1.671322,-1.446079,-2.713117,24,24,24,24,24,24,24,24,24,24,24,24,24,24,24,24,128,1280,-2.29783,-4.093393,-1.275963,-2.579897,-2.847428,-3.31413,-2.588273,-69.23022,-0.1225342,1.330376,-0.476816,0.3637507,0.1099221,0.4444923,-0.4428155,2.560279,23,23,23,23,23,23,23,23,23,23,23,23,23,23,23,23
129,1290,-35.11477,-55.61581,-18.95723,-17.4193,-15.68242,-11.10912,-9.445621,-7.400501,-5.449194,-3.937015,-2.257847,-3.279055,-2.622945,-1.91155,-2.149007,-0.7243149,24,24,24,24,24,24,24,24,24,24,24,24,24,24,24,24,129,1290,-1.748575,-1.448579,-1.179814,-1.939317,101.9164,85.30923,-1.567283,-1.695042,-1.554479,-1.932591,-1.447002,-2.558154,-1.665438,-1.671322,-2.048214,-1.469637,24,24,24,24,24,24,24,24,24,24,24,24,24,24,24,24,129,1290,-1.608541,-3.83757,-2.170513,-2.837874,-2.717908,-2.54978,-2.071063,-69.12088,0.4955813,-1.572566,0.3575807,0.2424759,0.660255,-0.0001035426,-0.4428155,2.911329,23,23,23,23,23,23,23,23,23,23,23,23,23,23,23,23
130,1300,-34.63376,-55.38349,-19.08029,-16.93219,-15.8031,-11.47929,-8.424697,-7.149724,-4.829973,-5.044651,-1.782531,-3.279055,-2.146068,-2.747819,-1.790854,-0.3622112,24,24,24,24,24,24,24,24,24,24,24,24,24,24,24,24,130,1300,-2.152066,-2.107695,-1.703499,-0.9050954,101.6537,85.67739,-1.436683,-1.434285,-2.072171,-0.9026204,-2.235377,-2.827568,-1.409475,-2.450867,-2.289068,-2.260943,24,24,24,24,24,24,24,24,24,24,24,24,24,24,24,24,130,1300,-1.838322,-4.860811,-3.065063,-3.611803,-3.365513,-2.294997,-1.941761,-69.23022,0.001088401,1.209419,0.9535778,0.4850256,-0.000144478,-0.444701,0.331858,2.794314,23,23,23,23,23,23,23,23,23,23,23,23,23,23,23,23
131,1310,-36.19702,-56.35089,-18.83417,-18.51531,-14.95839,-12.21964,-9.828467,-8.278218,-6.810526,-6.89071,-2.851991,-3.657282,-1.78841,-2.867287,-1.910238,-0.6036131,24,24,24,24,24,24,24,24,24,24,24,24,24,24,24,24,131,1310,-1.07609,-2.107695,-1.965338,-1.680761,101.6537,86.53645,-1.436683,-0.1305086,-1.036789,-2.061338,-2.103979,-1.34579,-1.793417,-1.782685,-1.686933,-2.260943,24,24,24,24,24,24,24,24,24,24,24,24,24,24,24,24,131,1310,-1.72343,-4.988722,-2.170513,-2.321922,-2.199823,-2.804563,-2.45897,-69.44891,0.3719579,0.9675083,0.5959795,-0.1213487,0.1099221,0.4444923,0.331858,3.028343,23,23,23,23,23,23,23,23,23,23,23,23,23,23,23,23
132,1320,-35.83627,-56.10904,-19.32641,-18.75887,-16.52712,-13.33017,-10.59416,-7.651277,-5.820726,-4.183156,-2.495505,-3.026904,-2.622945,-2.389419,-2.50716,-0.2415111,24,24,24,24,24,24,24,24,24,24,24,24,24,24,24,24,132,1320,-2.017569,-1.448579,-1.441647,-2.585705,102.5731,86.7819,-1.959082,-1.825419,-2.072171,-3.606295,-2.235377,-2.154032,-1.793417,-2.450867,-2.409495,-3.052246,24,24,24,24,24,24,24,24,24,24,24,24,24,24,24,24,132,1320,-2.068103,-4.349164,-2.681685,-1.935007,-2.199823,-2.422388,-2.071063,-68.79285,-0.1225342,-1.330655,0.2383811,0.2424759,-0.440414,0.3333437,-0.7748179,2.092221,23,23,23,23,23,23,23,23,23,23,23,23,23,23,23,23
133,1330,-35.23502,-56.22997,-20.06478,-18.75887,-16.88913,-12.95999,-10.0837,-7.902054,-5.201506,-4.675439,-2.376676,-3.279055,-1.78841,-1.553148,-1.671469,0.6033948,24,24,24,24,24,24,24,24,24,24,24,24,24,24,24,24,133,1330,-2.555558,-1.448579,-2.619945,-1.939317,101.9164,87.15007,-1.959082,-1.043154,-2.589863,-2.447577,-1.709791,-1.884618,-1.921399,-2.116776,-3.132057,-2.260943,24,24,24,24,24,24,24,24,24,24,24,24,24,24,24,24,133,1330,-1.953211,-4.349164,-2.681685,-3.353878,-2.458865,-2.54978,-2.329668,-69.01153,-1.111519,-0.2420521,0.9535778,0.4850256,0.2199887,-0.5558495,-0.110813,3.145357,23,23,23,23,23,23,23,23,23,23,23,23,23,23,23,23
134,1340,-33.67176,-55.98812,-18.58805,-18.63709,-14.95839,-13.70034,-9.700852,-9.657487,-6.19202,-6.521498,-2.376676,-4.035508,-2.026849,-3.823025,-2.50716,-0.7243149,24,24,24,24,24,24,24,24,24,24,24,24,24,24,24,24,134,1340,-1.614078,-2.371342,-2.358106,-1.680761,102.0477,85.92284,-0.6530856,-2.477307,-3.236977,-2.447577,-2.235377,-2.288741,-2.177362,-3.34178,-2.770776,-3.052246,24,24,24,24,24,24,24,24,24,24,24,24,24,24,24,24,134,1340,-1.953211,-4.732899,-2.93727,-2.966913,-2.070302,-2.931955,-3.493391,-69.44891,0.7428274,-0.0001380568,0.4767799,-0.1213487,-0.110211,0.3333437,0.1105225,2.6773,23,23,23,23,23,23,23,23,23,23,23,23,23,23,23,23
135,1350,-34.03251,-56.10904,-19.32641,-18.63709,-15.92376,-12.8366,-9.062775,-7.902054,-5.944571,-4.92158,-2.257847,-3.026904,-1.549971,-1.672616,-1.671469,0.3619929,24,24,24,24,24,24,24,24,24,24,24,24,24,24,24,24,135,1350,-1.883072,-3.294104,-1.834415,-1.680761,102.1791,86.53645,-1.697935,-3.389949,-1.683903,-2.576323,-2.235377,-2.962276,-2.561308,-3.675871,-2.168641,-2.82616,24,24,24,24,24,24,24,24,24,24,24,24,24,24,24,24,135,1350,-3.331894,-4.732899,-2.170513,-3.353878,-3.106471,-2.804563,-2.717575,-69.44891,0.2483352,-0.4839628,-0.2384168,-0.3638984,0.2199887,-0.1112537,0.2211894,2.560279,23,23,23,23,23,23,23,23,23,23,23,23,23,23,23,23
136,1360,-34.87426,-56.22997,-20.06478,-16.93219,-15.32041,-11.97286,-9.700852,-8.403605,-5.32535,-5.044651,-2.376676,-3.15298,-1.549971,-1.91155,-0.8357789,-0.6036131,24,24,24,24,24,24,24,24,24,24,24,24,24,24,24,24,136,1360,-2.152066,-2.371342,-1.834415,-1.551484,101.391,86.65918,-2.089733,-3.389949,-2.331017,-1.803845,-2.760959,-1.749911,-2.817272,-2.562234,-2.650349,-2.713117,24,24,24,24,24,24,24,24,24,24,24,24,24,24,24,24,136,1360,-2.872332,-4.349164,-2.553892,-3.86983,-3.754077,-2.167605,-2.846877,-69.12088,0.9900734,0.1208157,0.5959795,0.6063004,0.4401218,-0.8892975,-0.664151,2.911329,23,23,23,23,23,23,23,23,23,23,23,23,23,23,23,23
137,1370,-34.99451,-54.77886,-17.84968,-15.22728,-12.90699,-10.98573,-7.914235,-8.152828,-4.458441,-5.783074,-1.544873,-3.657282,-1.311533,-2.508887,-1.074548,-0.845015,24,24,24,24,24,24,24,24,24,24,24,24,24,24,24,24,137,1370,-2.824552,-2.371342,-1.441647,-2.456427,102.1791,86.16828,-2.742732,-2.34693,-2.46044,-2.31883,-2.760959,-3.096984,-3.585163,-2.673598,-2.289068,-3.165292,24,24,24,24,24,24,24,24,24,24,24,24,24,24,24,24,137,1370,-2.412773,-4.477076,-2.553892,-3.482866,-2.588386,-2.167605,-2.071062,-69.55826,-0.4934037,-0.1210951,0.8343787,0.121201,1.100524,-0.1112537,-0.110813,3.379386,23,23,23,23,23,23,23,23,23,23,23,23,23,23,23,23
138,1380,-35.11477,-55.50442,-17.72662,-14.61839,-12.06228,-10.61556,-7.659005,-8.278217,-4.582285,-5.413863,-1.544873,-3.026904,-0.953876,-1.91155,-0.7163942,0.2412927,24,24,24,24,24,24,24,24,24,24,24,24,24,24,24,24,138,1380,-2.690055,-2.371342,-2.227183,-2.068595,102.0477,85.30923,-2.089733,-1.695042,-2.719285,-2.833816,-2.629564,-3.231689,-2.305344,-2.116776,-2.289068,-2.600071,24,24,24,24,24,24,24,24,24,24,24,24,24,24,24,24,138,1380,-2.872332,-6.139926,-2.426099,-3.353878,-2.588386,-2.54978,-2.588272,-70.10499,0.3719579,0.4836835,0.4767799,-0.7277229,-0.6605471,0.111045,-0.000144478,3.145357,23,23,23,23,23,23,23,23,23,23,23,23,23,23,23,23
139,1390,-34.03251,-55.26257,-17.60356,-14.00949,-13.38967,-10.49216,-8.935159,-8.528993,-5.573038,-5.660004,-2.139016,-3.657282,-1.430752,-1.433681,-0.2388575,-0.0001091612,24,24,24,24,24,24,24,24,24,24,24,24,24,24,24,24,139,1390,-1.345084,-1.844049,-2.358106,-1.939317,101.391,85.80012,-1.959133,-1.303908,-2.331017,-2.061338,-3.41799,-2.558154,-1.921399,-1.894049,-2.289068,-2.939203,24,24,24,24,24,24,24,24,24,24,24,24,24,24,24,24,139,1390,-2.642554,-4.221253,-2.04272,-2.579948,-3.106471,-3.186738,-2.200364,-69.12088,0.6192039,1.088465,0.4767795,-0.1213487,0.5501884,0.666791,0.331858,1.975207,23,23,23,23,23,23,23,23,23,23,23,23,23,23,23,23
140,1400,-33.67176,-54.41609,-16.37295,-12.91348,-12.30363,-10.49216,-8.679928,-8.905157,-6.19202,-7.136851,-2.257846,-4.413735,-1.311533,-1.91155,-0.7163942,-0.3622112,24,24,24,24,24,24,24,24,24,24,24,24,24,24,24,24,140,1400,-1.883072,-2.634988,-1.572569,-1.939317,101.9164,86.7819,-1.436734,-2.607684,-2.072171,-2.962563,-3.023803,-2.962276,-2.305344,-2.562234,-2.168641,-3.843552,24,24,24,24,24,24,24,24,24,24,24,24,24,24,24,24,140,1400,-2.182992,-4.093342,-2.298306,-2.708936,-3.365513,-2.294997,-1.553851,-69.33956,-0.7406497,-0.9677876,1.191977,0.2424245,-0.000144478,0.2221944,-0.7748179,3.379386,23,23,23,23,23,23,23,23,23,23,23,23,23,23,23,23
141,1410,-33.31101,-54.77886,-17.23438,-15.47084,-14.23437,-11.84947,-7.914235,-8.278217,-5.573038,-5.413863,-1.78253,-3.405131,-1.192315,-1.792083,0.1192955,0.3619929,24,24,24,24,24,24,24,24,24,24,24,24,24,24,24,24,141,1410,-2.42106,-2.503165,-1.31073,-2.585705,101.785,87.15007,-1.828533,-2.086173,-2.589863,-3.348802,-2.235428,-2.423447,-3.073235,-2.005413,-2.770776,-3.50442,24,24,24,24,24,24,24,24,24,24,24,24,24,24,24,24,141,1410,-2.527662,-4.988722,-3.576235,-4.127806,-3.106471,-2.804563,-2.588272,-69.77695,-0.8642728,0.2417727,0.595979,-0.0001252143,-0.5504324,-0.444701,0.1105225,2.794314,23,23,23,23,23,23,23,23,23,23,23,23,23,23,23,23
142,1420,-35.11477,-53.81147,-17.23438,-14.13127,-13.269,-11.10912,-8.807544,-7.651276,-6.439422,-5.413863,-2.85199,-4.161584,-2.146069,-2.150485,-1.313316,-0.7243149,24,24,24,24,24,24,24,24,24,24,24,24,24,24,24,24,142,1420,-3.093546,-1.844049,-2.489022,-2.32715,102.0477,86.90462,-2.220333,-1.825419,-3.495822,-2.447577,-2.498218,-2.962276,-2.945254,-2.784907,-3.613765,-2.939203,24,24,24,24,24,24,24,24,24,24,24,24,24,24,24,24,142,1420,-2.412773,-4.988722,-2.681685,-2.837925,-2.717908,-3.568913,-3.105482,-69.88629,0.7428274,0.2417727,0.3575799,-0.6064995,-0.3302992,0.7778897,-0.000144478,2.209236,23,23,23,23,23,23,23,23,23,23,23,23,23,23,23,23
143,1430,-33.43126,-52.72314,-16.12683,-12.54814,-11.5796,-10.12199,-7.531389,-7.024336,-5.32535,-5.783074,-1.544872,-2.900829,-0.2385613,-1.792083,-0.7163942,-0.6036131,24,24,24,24,24,24,24,24,24,24,24,24,24,24,24,24,143,1430,-2.152066,-2.898634,-2.489022,-2.714983,102.4417,85.80012,-1.306134,-3.259572,-2.46044,-2.190084,-2.235428,-2.827568,-1.921399,-3.230362,-1.80736,-2.487029,24,24,24,24,24,24,24,24,24,24,24,24,24,24,24,24,143,1430,-2.872332,-5.244545,-2.93727,-2.837925,-2.717908,-2.931955,-1.812457,-68.90218,-0.1225342,-0.6049199,-0.4768164,-0.2426749,-9.631868E-05,0.4444425,0.1105787,3.379386,23,23,23,23,23,23,23,23,23,23,23,23,23,23,23,23
144,1440,-32.83001,-53.93239,-16.37295,-14.61839,-12.66565,-11.23251,-8.041851,-8.278217,-6.19202,-6.152286,-2.257846,-3.783358,-1.549973,-2.269952,-1.074548,-0.4828616,24,24,24,24,24,24,24,24,24,24,24,24,24,24,24,24,144,1440,-1.614078,-2.503165,-2.227183,-2.32715,102.0477,85.92284,-1.828533,-3.129195,-2.201595,-2.190084,-2.629616,-2.154032,-2.561308,-3.230362,-2.168641,-3.278335,24,24,24,24,24,24,24,24,24,24,24,24,24,24,24,24,144,1440,-1.608541,-4.477076,-3.831821,-3.740842,-3.365513,-2.422388,-2.200364,-68.90218,-0.2461572,0.2417727,0.9535774,0.1211496,-0.5504324,-0.5559009,-0.2214238,2.911329,23,23,23,23,23,23,23,23,23,23,23,23,23,23,23,23
145,1450,-34.51351,-53.56962,-15.51152,-13.15704,-12.66565,-10.61556,-8.297082,-7.525888,-6.19202,-4.92158,-2.495503,-3.026904,-1.907631,-1.792083,-0.9551631,0.1206424,24,24,24,24,24,24,24,24,24,24,24,24,24,24,24,24,145,1450,-2.959049,-1.844049,-1.834415,-1.422206,101.6537,86.65918,-2.481532,-1.955796,-2.331017,-1.803845,-2.629616,-2.288741,-2.561308,-2.228086,-1.566506,-2.713117,24,24,24,24,24,24,24,24,24,24,24,24,24,24,24,24,145,1450,-1.838319,-4.093342,-3.320649,-2.708936,-1.811259,-2.54978,-2.329667,-70.32367,-0.1225342,-0.0001380568,0.8343782,0.4849742,-0.4403658,-0.2224536,-0.1107569,2.911329,23,23,23,23,23,23,23,23,23,23,23,23,23,23,23,23
146,1460,-35.47552,-53.68134,-16.98826,-16.32329,-15.56175,-10.86234,-8.552312,-7.149724,-5.573038,-4.92158,-2.257846,-3.279055,-1.430754,-2.150485,-1.313316,-0.2414597,24,24,24,24,24,24,24,24,24,24,24,24,24,24,24,24,146,1460,-2.152066,-2.634937,-1.703492,-2.973538,102.3104,85.55467,-2.481532,-2.477307,-2.201595,-2.31883,-2.235428,-3.231689,-2.433326,-2.450813,-2.289068,-2.713117,24,24,24,24,24,24,24,24,24,24,24,24,24,24,24,24,146,1460,-2.642548,-5.500369,-2.04272,-2.321972,-2.588386,-2.804563,-2.97618,-69.66759,0.7428274,0.3627297,0.4767795,-0.8490492,-0.1101629,0.3332923,-0.1107569,2.794308,23,23,23,23,23,23,23,23,23,23,23,23,23,23,23,23
147,1470,-36.19702,-55.13218,-16.98826,-17.05397,-16.64779,-14.81087,-9.19039,-8.77977,-6.439422,-6.398427,-2.257846,-3.279055,-1.430754,-1.672616,-0.5970105,-0.4828616,24,24,24,24,24,24,24,24,24,24,24,24,24,24,24,24,147,1470,-2.824552,-2.239467,-2.358106,-1.810039,101.785,85.67739,-1.959133,-1.303908,-2.46044,-1.675099,-2.76101,-2.69286,-1.921399,-2.116722,-2.770776,-2.034854,24,24,24,24,24,24,24,24,24,24,24,24,24,24,24,24,147,1470,-2.297878,-4.988722,-2.809426,-3.224889,-3.365513,-3.059346,-2.458969,-69.99564,0.3719579,-0.3630058,-0.3576172,-0.1214001,0.2200368,0.4444425,-0.2214238,1.975207,23,23,23,23,23,23,23,23,23,23,23,23,23,23,23,23
148,1480,-36.07677,-54.76947,-17.72662,-16.68863,-16.40645,-12.95999,-9.700852,-8.528993,-5.820726,-5.413863,-2.257846,-3.657282,-1.549973,-1.433681,-1.074548,0.1206424,24,24,24,24,24,24,24,24,24,24,24,24,24,24,24,24,148,1480,-2.017569,-2.239467,-2.358106,-1.810039,101.2597,86.29101,-1.306134,-1.825419,-2.072171,-2.061338,-2.76101,-2.962276,-2.305344,-2.673543,-1.927787,-2.939203,24,24,24,24,24,24,24,24,24,24,24,24,24,24,24,24,148,1480,-1.838319,-3.709607,-2.426047,-3.482865,-2.97695,-2.294997,-1.812457,-70.10499,-0.3697803,-0.1210951,0.8343782,0.4849742,0.5502365,-0.0001549125,-0.1107569,3.730429,23,23,23,23,23,23,23,23,23,23,23,23,23,23,23,23
149,1490,-36.55777,-55.01128,-19.20335,-19.48955,-18.57853,-15.18104,-11.10462,-8.77977,-6.934227,-5.783074,-1.901359,-2.648678,-2.265289,-1.314214,-1.552085,0.2413441,24,24,24,24,24,24,24,24,24,24,24,24,24,24,24,24,149,1490,-2.286563,-2.634937,-1.703492,-2.714983,102.3104,86.53645,-1.959133,-2.086173,-1.683903,-3.477548,-2.629616,-2.154032,-2.433326,-2.450813,-2.409495,-3.843552,24,24,24,24,24,24,24,24,24,24,24,24,24,24,24,24,149,1490,-2.41277,-5.244546,-3.320597,-2.837924,-2.588439,-2.040214,-1.812457,-69.99564,0.3719579,0.6046405,0.595979,-0.1214001,-0.1101629,0.2221438,-0.4427593,2.443265,23,23,23,23,23,23,23,23,23,23,23,23,23,23,23,23
150,1500,-35.35527,-55.01128,-18.46499,-18.51531,-17.13047,-15.05765,-9.828467,-9.40671,-6.19202,-6.521498,-2.614332,-4.413735,-1.430754,-3.106221,-1.790854,-0.7242635,24,24,24,24,24,24,24,24,24,24,24,24,24,24,24,24,150,1500,-3.36254,-2.37129,-3.274559,-2.714983,102.5731,87.02734,-2.220333,-2.086173,-2.589863,-3.220056,-1.841241,-3.096984,-2.68929,-2.005358,-3.132057,-2.713117,24,24,24,24,24,24,24,24,24,24,24,24,24,24,24,24,150,1500,-1.953208,-4.860811,-2.426047,-2.837924,-2.84748,-3.31413,-2.588272,-69.66759,0.4955813,0.3627297,0.595979,-0.4852246,0.3301034,0.7778897,0.1105787,2.092221,23,23,23,23,23,23,23,23,23,23,23,23,23,23,23,23
151,1510,-34.51351,-54.89038,-18.46499,-18.51531,-16.88913,-14.93426,-9.956083,-9.155934,-5.696882,-5.167721,-1.901359,-2.900829,-1.788412,-0.9558136,-1.193932,0.6034462,24,24,24,24,24,24,24,24,24,24,24,24,24,24,24,24,151,1510,-2.824552,-2.898583,-3.405482,-2.973537,102.3104,85.55467,-1.959082,-2.477307,-2.719285,-3.220056,-2.366823,-3.501105,-2.049381,-2.673543,-2.891203,-1.808769,24,24,24,24,24,24,24,24,24,24,24,24,24,24,24,24,151,1510,-2.987218,-5.500369,-2.55384,-2.837924,-2.977002,-3.059347,-2.200364,-69.99564,0.001088401,-1.330655,0.4767795,0.2424245,0.3301034,0.2221438,-0.1107569,2.677293,23,23,23,23,23,23,23,23,23,23,23,23,23,23,23,23
152,1520,-36.43752,-54.40676,-20.80315,-19.00243,-18.09584,-15.30443,-11.87032,-9.908262,-6.439422,-5.660004,-2.733161,-4.413735,-2.503727,-2.389419,-1.790854,-0.9656654,24,24,24,24,24,24,24,24,24,24,24,24,24,24,24,24,152,1520,-1.614078,-3.425876,-3.143636,-2.714983,101.9164,85.55467,-1.436683,-3.389949,-2.978132,-2.833816,-2.235428,-2.69286,-2.177362,-3.453089,-2.529922,-2.373986,24,24,24,24,24,24,24,24,24,24,24,24,24,24,24,24,152,1520,-1.608538,-4.477077,-3.065011,-3.482865,-2.977002,-2.804564,-1.424549,-68.57415,0.1247118,-0.0001380568,0.9535774,0.7275239,-0.2202327,-0.1113035,-0.5534263,2.794308,23,23,23,23,23,23,23,23,23,23,23,23,23,23,23,23
153,1530,-34.99451,-54.64857,-19.08029,-18.51531,-16.88913,-16.04478,-10.33893,-9.281322,-5.077713,-5.660004,-1.901359,-3.657282,-1.430754,-2.628352,-1.193932,-0.8449637,24,24,24,24,24,24,24,24,24,24,24,24,24,24,24,24,153,1530,-2.555558,-3.162229,-1.834415,-2.197871,101.2597,86.53645,-2.481481,-3.389949,-2.848763,-2.190084,-2.498218,-2.288741,-3.201217,-2.116722,-2.289068,-2.600071,24,24,24,24,24,24,24,24,24,24,24,24,24,24,24,24,153,1530,-2.182989,-4.860811,-3.44839,-2.708936,-2.199875,-2.422389,-2.588272,-71.0891,-0.2461572,0.3627297,1.072777,0.3636993,-0.4403658,0.2221438,0.4425811,3.028336,23,23,23,23,23,23,23,23,23,23,23,23,23,23,23,23
154,1540,-34.87426,-54.76947,-19.94172,-19.85488,-18.69919,-16.29156,-10.59416,-9.40671,-5.201557,-5.413863,-2.020188,-3.15298,-1.788412,-2.269952,-1.432701,-0.6035618,24,24,24,24,24,24,24,24,24,24,24,24,24,24,24,24,154,1540,-2.959049,-2.503114,-2.489022,-2.714983,102.1791,86.04556,-2.612081,-2.607684,-2.589918,-2.833817,-1.578448,-3.231689,-3.073235,-2.339449,-1.686933,-3.052246,24,24,24,24,24,24,24,24,24,24,24,24,24,24,24,24,154,1540,-3.331888,-5.372457,-2.55384,-2.579948,-1.422748,-2.422389,-1.553851,-69.33956,0.7428274,-0.0001380568,-0.3576172,-0.6064995,-9.631868E-05,-0.0001549125,-0.1107569,3.028336,23,23,23,23,23,23,23,23,23,23,23,23,23,23,23,23
155,1550,-36.31727,-54.52766,-19.81866,-18.51531,-18.09584,-14.3173,-10.0837,-8.528993,-5.201557,-5.167721,-2.851991,-3.026904,-2.265289,-1.91155,-1.671469,-0.1207595,24,24,24,24,24,24,24,24,24,24,24,24,24,24,24,24,155,1550,-2.017569,-1.975821,-2.096261,-1.422206,101.5223,85.06378,-1.567283,-1.955796,-3.10761,-2.061338,-2.892405,-2.827568,-2.305344,-1.448538,-2.289068,-2.713117,24,24,24,24,24,24,24,24,24,24,24,24,24,24,24,24,155,1550,-1.953208,-3.581696,-2.426047,-3.611853,-2.84748,-3.186738,-2.200364,-69.44891,0.3719579,-0.0001380568,-0.3576172,0.606249,0.8804395,0.3332923,0.1105787,3.379386,23,23,23,23,23,23,23,23,23,23,23,23,23,23,23,23
156,1560,-36.67802,-53.80225,-19.81866,-19.24599,-17.97517,-13.70034,-8.424697,-7.275111,-4.210804,-4.183156,-1.901361,-2.522602,-1.788412,-3.225688,-1.552085,-0.7242635,24,24,24,24,24,24,24,24,24,24,24,24,24,24,24,24,156,1560,-1.883072,-2.107644,-2.881791,-1.939316,101.2597,85.43195,-2.350881,-2.34693,-2.978186,-2.061338,-3.155201,-2.423447,-2.68929,-3.007634,-2.289068,-2.82616,24,24,24,24,24,24,24,24,24,24,24,24,24,24,24,24,156,1560,-2.527659,-4.093342,-2.170461,-3.224888,-2.588439,-2.422389,-1.553851,-69.55826,-0.1225342,-0.6049199,0.3575799,0.4849774,0.8804395,-0.1113035,-8.989744E-05,3.613415,23,23,23,23,23,23,23,23,23,23,23,23,23,23,23,23
157,1570,-37.27927,-55.6158,-20.18784,-19.12421,-17.61316,-13.57695,-8.169466,-7.776665,-5.077713,-4.675439,-2.376676,-3.279056,-1.907631,-2.269952,-0.8357789,0.1206424,24,24,24,24,24,24,24,24,24,24,24,24,24,24,24,24,157,1570,-1.748575,-2.898583,-1.572569,-2.456427,100.7342,86.16828,-1.175484,-1.955796,-2.072226,-2.190084,-3.155201,-2.558154,-2.049381,-2.784907,-1.566506,-3.165292,24,24,24,24,24,24,24,24,24,24,24,24,24,24,24,24,157,1570,-3.10211,-5.756191,-3.192805,-2.708936,-2.199875,-1.658039,-2.717575,-69.99564,0.4955813,0.4836835,-0.3576172,-0.849046,-0.1101629,-0.0001549125,0.2212456,3.145357,23,23,23,23,23,23,23,23,23,23,23,23,23,23,23,23
158,1580,-35.71601,-53.92315,-20.43396,-18.63709,-16.52712,-12.46643,-8.935159,-6.021232,-4.582336,-4.183156,-2.495505,-2.774753,-2.265289,-2.508887,-2.029622,-0.7242635,24,24,24,24,24,24,24,24,24,24,24,24,24,24,24,24,158,1580,-2.017569,-1.316705,-2.358106,-2.585705,101.6537,86.16828,-2.089682,-1.173531,-2.331073,-2.447577,-1.841241,-1.749911,-2.433326,-1.225862,-2.289068,-2.713117,24,24,24,24,24,24,24,24,24,24,24,24,24,24,24,24,158,1580,-3.10211,-4.604988,-2.298254,-2.063995,-2.458917,-2.931955,-1.812457,-69.01153,0.001088401,0.3627297,0.1191811,-0.4852214,0.7703729,0.2220924,0.4425811,2.560279,23,23,23,23,23,23,23,23,23,23,23,23,23,23,23,23
159,1590,-38.36152,-54.40676,-19.81866,-17.29752,-15.32041,-11.97286,-7.403773,-6.522784,-4.830025,-3.567804,-2.020189,-2.144287,-1.192315,-2.150485,-1.193932,0.2413441,24,24,24,24,24,24,24,24,24,24,24,24,24,24,24,24,159,1590,-1.883072,-1.448528,-2.619945,-1.810039,102.3104,86.65918,-1.697883,-1.955796,-3.237032,-1.803845,-1.578448,-2.423447,-1.537456,-2.228137,-2.770776,-2.147897,24,24,24,24,24,24,24,24,24,24,24,24,24,24,24,24,159,1590,-1.953208,-4.349165,-2.937218,-2.579948,-1.68179,-1.785431,-0.7780366,-69.23022,-0.6170267,-1.088741,0.4767795,0.3637026,0.6603031,0.1109439,-0.3321437,2.443265,23,23,23,23,23,23,23,23,23,23,23,23,23,23,23,23
160,1600,-36.31727,-54.76947,-18.95723,-16.93219,-14.11369,-11.84947,-7.403773,-7.651276,-4.706181,-4.92158,-2.495505,-3.657282,-2.265289,-3.225688,-2.268391,-0.3621631,24,24,24,24,24,24,24,24,24,24,24,24,24,24,24,24,160,1600,-0.5381012,-1.975821,-2.227183,-1.551483,102.1791,85.55467,-1.175484,-2.34693,-2.460495,-2.190084,-2.10403,-2.423447,-1.537456,-2.450864,-2.048214,-2.373986,24,24,24,24,24,24,24,24,24,24,24,24,24,24,24,24,160,1600,-0.9191981,-4.988722,-3.576183,-2.321971,-1.422748,-2.040214,-1.683154,-68.79285,-0.3697803,0.2417727,0.4767795,-0.1213969,-0.2202327,-0.3336535,-0.0001412674,2.794308,23,23,23,23,23,23,23,23,23,23,23,23,23,23,23,23
161,1610,-37.27927,-54.89038,-19.20335,-15.83618,-13.38967,-10.73895,-6.382849,-6.397396,-4.458492,-3.444732,-2.851991,-2.648678,-2.742166,-1.91155,-2.387775,0.2413409,24,24,24,24,24,24,24,24,24,24,24,24,24,24,24,24,161,1610,-1.748575,-2.634937,-1.572569,-1.680761,101.2597,86.41373,-2.220282,-3.259572,-2.589918,-1.288859,-2.498218,-1.34579,-1.793417,-2.005409,-1.566506,-1.808769,24,24,24,24,24,24,24,24,24,24,24,24,24,24,24,24,161,1610,-1.148931,-4.604988,-2.937218,-1.935007,-1.552269,-2.677172,-3.105482,-70.21432,0.6192039,-0.0001380568,0.8343782,-0.6064963,-0.4403658,0.1109439,-0.2214752,2.677293,23,23,23,23,23,23,23,23,23,23,23,23,23,23,23,23
162,1620,-38.00077,-55.25309,-18.95723,-15.59262,-13.63101,-10.12199,-6.382849,-5.770454,-3.963116,-3.444732,-1.782531,-2.396527,-2.384508,-2.150485,-1.790854,0.2413409,24,24,24,24,24,24,24,24,24,24,24,24,24,24,24,24,162,1620,-2.152067,-1.580351,-0.6561164,-1.163651,101.9164,85.67739,-2.742681,-2.086173,-2.201649,-1.932592,-1.315655,-2.423447,-3.201217,-1.671319,-1.927787,-3.052246,24,24,24,24,24,24,24,24,24,24,24,24,24,24,24,24,162,1620,-1.60849,-4.604988,-2.298254,-2.063995,-1.163705,-1.658039,-2.458969,-68.46481,0.4955813,-0.1210951,-0.2384176,0.3637026,0.6603031,0.3332426,0.5531967,2.911329,23,23,23,23,23,23,23,23,23,23,23,23,23,23,23,23
163,1630,-37.15902,-55.01128,-17.72662,-14.74016,-11.5796,-10.24538,-5.617156,-5.895842,-3.096207,-4.552369,-1.544873,-3.026904,-2.384508,-2.986754,-2.029622,-0.7242651,24,24,24,24,24,24,24,24,24,24,24,24,24,24,24,24,163,1630,-2.421061,-1.448528,-1.834415,-1.939316,101.9164,84.45022,-2.481481,-1.955796,-2.460495,-1.417606,-2.10403,-3.366397,-1.409475,-2.228137,-2.168641,-1.808769,24,24,24,24,24,24,24,24,24,24,24,24,24,24,24,24,163,1630,-1.723379,-4.093342,-3.192805,-3.482865,-2.71796,-2.677172,-1.941759,-68.68349,-0.2461572,-0.4839628,0.1191811,0.1211528,-9.631868E-05,-0.4448021,-0.4428107,3.145357,23,23,23,23,23,23,23,23,23,23,23,23,23,23,23,23
164,1640,-38.84252,-54.89038,-18.21886,-15.34906,-12.54497,-10.86234,-6.127618,-5.39429,-2.60083,-2.583238,-1.901361,-1.892022,-1.788412,-1.553148,-1.910238,0.4827428,24,24,24,24,24,24,24,24,24,24,24,24,24,24,24,24,164,1640,-1.614078,-1.053059,-1.834415,-0.9050946,102.0477,85.30923,-1.306083,-1.173531,-2.848763,-1.675099,-2.235428,-1.749911,-2.049381,-1.559955,-3.01163,-2.147897,24,24,24,24,24,24,24,24,24,24,24,24,24,24,24,24,164,1640,-1.838271,-3.96543,-2.681633,-2.708884,-1.422748,-1.785431,-2.717575,-70.21432,-0.2461572,-0.0001380568,0.4767795,0.7275271,0.3301034,0.3332426,0.3318612,3.847443,23,23,23,23,23,23,23,23,23,23,23,23,23,23,23,23
165,1650,-38.72227,-55.37399,-19.6956,-15.47084,-12.66565,-9.998599,-7.403773,-5.143514,-3.467739,-3.075521,-1.782531,-2.396527,-1.907631,-2.269952,-1.790854,0.3620427,24,24,24,24,24,24,24,24,24,24,24,24,24,24,24,24,165,1650,-1.345084,-2.239467,-2.227183,-2.456427,100.9969,86.16828,-1.436683,-2.477307,-1.942804,-2.833817,-2.629616,-2.288741,-2.177362,-2.562231,-2.048214,-3.50442,24,24,24,24,24,24,24,24,24,24,24,24,24,24,24,24,165,1650,-2.29783,-4.732899,-2.681633,-2.450907,-1.940781,-1.403256,-2.458969,-69.23022,1.113697,0.2417727,0.3575799,-0.9703208,-0.2202327,0.2220924,-0.0001412674,3.379386,23,23,23,23,23,23,23,23,23,23,23,23,23,23,23,23
166,1660,-35.23502,-54.28586,-16.49601,-13.64415,-11.94162,-10.24538,-5.617156,-6.021232,-2.353142,-3.690874,-1.663702,-2.900829,-2.146069,-3.942491,-2.149007,-0.603565,24,24,24,24,24,24,24,24,24,24,24,24,24,24,24,24,166,1660,-1.748575,-1.448528,-1.572569,-2.456427,101.2597,86.7819,-2.220282,-1.173531,-2.072226,-3.348802,-1.315655,-1.480497,-1.921399,-1.782682,-2.048214,-2.82616,24,24,24,24,24,24,24,24,24,24,24,24,24,24,24,24,166,1660,-2.29783,-4.221253,-2.681633,-2.837872,-3.106471,-3.059347,-2.071062,-69.44891,0.6192039,-0.1210951,-0.2384176,-0.0001220037,0.2200368,-0.0002054799,-0.7748132,2.209236,23,23,23,23,23,23,23,23,23,23,23,23,23,23,23,23
167,1670,-36.43752,-54.40676,-17.4805,-14.98372,-12.66565,-9.9986,-5.106694,-4.641962,-2.724674,-2.583238,-1.782531,-2.270419,-1.907631,-2.031018,-1.910238,0.3620427,24,24,24,24,24,24,24,24,24,24,24,24,24,24,24,24,167,1670,-1.883073,-1.316705,-2.489022,-1.551483,102.1791,87.15007,-1.828482,-1.564665,-2.719341,-1.288859,-0.5272806,-1.480497,-1.537456,-1.559955,-2.529922,-2.487029,24,24,24,24,24,24,24,24,24,24,24,24,24,24,24,24,167,1670,-1.723379,-4.604988,-2.937218,-2.063943,-2.199823,-1.785431,-0.778035,-69.33956,-0.3697803,-0.7258736,0.595979,0.2424277,0.5502365,0.8889885,-0.4428107,2.911329,23,23,23,23,23,23,23,23,23,23,23,23,23,23,23,23
168,1680,-37.64002,-54.28586,-18.46499,-14.74016,-13.02765,-8.888076,-5.617156,-4.140409,-3.467739,-3.321662,-2.376676,-2.900829,-2.503727,-2.867287,-1.671469,-0.3621631,24,24,24,24,24,24,24,24,24,24,24,24,24,24,24,24,168,1680,-1.07609,-2.107644,-1.834415,-1.551483,101.785,85.06378,-2.089682,-2.607684,-2.331073,-1.546352,-1.841241,-2.154032,-1.537456,-2.116773,-2.048214,-2.373986,24,24,24,24,24,24,24,24,24,24,24,24,24,24,24,24,168,1680,-1.493601,-4.221253,-3.831769,-2.837872,-1.940781,-1.785431,-1.424548,-69.44891,-0.1225342,0.4836835,0.8343782,-0.2426717,-0.7705655,-0.7782493,0.1105273,3.613415,23,23,23,23,23,23,23,23,23,23,23,23,23,23,23,23
169,1690,-34.99451,-54.52766,-17.11131,-14.13127,-11.45893,-9.011468,-4.596231,-4.391186,-2.35309,-3.690874,-1.663702,-2.270419,-1.549973,-3.345156,-2.029622,-0.7242651,24,24,24,24,24,24,24,24,24,24,24,24,24,24,24,24,169,1690,-1.748575,-3.030406,-1.31073,-1.680761,101.1283,86.53645,-2.612081,-2.34693,-1.554532,-1.675099,-1.841241,-1.34579,-2.177362,-2.116773,-1.80736,-2.147897,24,24,24,24,24,24,24,24,24,24,24,24,24,24,24,24,169,1690,-2.182941,-4.732899,-2.937218,-2.450907,-1.940781,-2.422389,-2.200363,-69.44891,0.001088401,0.4836835,0.4767795,0.2424277,-0.2202327,0.8889885,-0.1108082,2.794308,23,23,23,23,23,23,23,23,23,23,23,23,23,23,23,23
170,1700,-34.15276,-55.6158,-17.72662,-14.13127,-12.06228,-9.134859,-4.851463,-4.892738,-2.229246,-3.321662,-1.426045,-2.522602,-1.669192,-1.91155,-2.268391,0.2413409,24,24,24,24,24,24,24,24,24,24,24,24,24,24,24,24,170,1700,-2.421061,-1.184882,-1.179808,-1.422206,102.5731,85.67739,-2.742681,-1.955796,-1.166263,-1.675099,-1.447053,-2.288741,-2.049381,-2.116773,-2.048214,-2.260943,24,24,24,24,24,24,24,24,24,24,24,24,24,24,24,24,170,1700,-2.412722,-4.093342,-2.298254,-1.547991,-1.940781,-2.040214,-1.165943,-68.46481,0.2483352,-0.6049134,-1.846108E-05,-0.1213969,0.1099702,-0.6671008,0.1105273,2.443265,23,23,23,23,23,23,23,23,23,23,23,23,23,23,23,23
171,1710,-32.22876,-53.80225,-16.98826,-12.91348,-12.78632,-9.011468,-6.000002,-4.265798,-3.096155,-2.82938,-2.495505,-2.774753,-2.622946,-2.986754,-1.790854,-0.4828632,24,24,24,24,24,24,24,24,24,24,24,24,24,24,24,24,171,1710,-1.345084,-1.843997,-1.441647,-1.292928,101.9164,84.57294,-1.959082,-1.303908,-1.942801,-1.803845,-1.841241,-2.558154,-1.281493,-2.116773,-1.686933,-1.58268,24,24,24,24,24,24,24,24,24,24,24,24,24,24,24,24,171,1710,-1.723379,-4.093342,-2.809426,-3.224836,-2.588386,-1.912822,-1.812456,-68.68349,0.001088401,0.1208222,0.8343774,0.6062523,-0.1101629,-0.4448021,-0.6641462,3.028336,23,23,23,23,23,23,23,23,23,23,23,23,23,23,23,23
172,1720,-33.31101,-53.92315,-16.8652,-13.76593,-12.54497,-8.517902,-3.958154,-4.391186,-2.229246,-2.95245,-1.544873,-2.270419,-1.549973,-3.464623,-1.313316,-0.603565,24,24,24,24,24,24,24,24,24,24,24,24,24,24,24,24,172,1720,-1.210587,-0.525766,-2.096261,-0.7758173,100.8656,85.67739,-1.697883,-1.434285,-2.201648,-1.546352,-2.498218,-1.615202,-1.921399,-1.782682,-1.566506,-2.147897,24,24,24,24,24,24,24,24,24,24,24,24,24,24,24,24,172,1720,-1.378709,-3.837518,-3.320597,-2.579896,-1.034133,-2.040214,-1.165943,-69.44891,-0.3697803,0.2417759,0.4767791,0.6062523,-0.3302992,-0.0002054799,0.4425298,3.730429,23,23,23,23,23,23,23,23,23,23,23,23,23,23,23,23
173,1730,-34.75401,-55.25309,-17.4805,-15.59262,-13.63102,-9.258251,-4.723847,-4.641963,-1.981558,-2.95245,-1.307215,-2.396527,-0.8346575,-2.150485,-1.074548,-0.4828632,24,24,24,24,24,24,24,24,24,24,24,24,24,24,24,24,173,1730,-1.345084,-1.580351,-1.31073,-1.939316,100.7342,85.67739,-1.697883,-1.955796,-1.683956,-2.31883,-2.235428,-1.749908,-1.281493,-1.894046,-1.446079,-3.165292,24,24,24,24,24,24,24,24,24,24,24,24,24,24,24,24,173,1730,-1.95316,-4.988722,-2.426047,-1.805967,-1.940781,-1.530648,-2.329666,-69.12088,0.1247118,-0.2420456,0.1191803,-0.1213969,-0.0001476886,0.1109439,-0.1108082,3.028336,23,23,23,23,23,23,23,23,23,23,23,23,23,23,23,23
174,1740,-35.47552,-54.16495,-18.21886,-14.86194,-13.02765,-8.641294,-5.106694,-4.76735,-3.219999,-3.198592,-2.257847,-2.774753,-2.622946,-3.225688,-1.552085,-0.4828632,24,24,24,24,24,24,24,24,24,24,24,24,24,24,24,24,174,1740,-1.07609,-0.9212352,-1.441647,-1.422206,101.6537,86.65918,-2.089682,-1.303908,-1.813379,-2.190084,-0.6586785,-2.019323,-2.177362,-1.337175,-1.80736,-2.260943,24,24,24,24,24,24,24,24,24,24,24,24,24,24,24,24,174,1740,-2.412722,-3.96543,-2.042668,-2.579896,-1.940781,-2.54978,-1.165943,-68.02744,0.001088401,0.1208222,0.1191803,0.1211528,0.6602517,-0.4448021,-0.3321437,1.858193,23,23,23,23,23,23,23,23,23,23,23,23,23,23,23,23
175,1750,-34.27301,-54.40676,-16.24989,-13.27882,-12.78632,-8.024337,-4.596231,-4.015022,-2.35309,-2.95245,-1.188386,-2.522602,-1.430754,-2.508887,-1.313367,0.1206408,24,24,24,24,24,24,24,24,24,24,24,24,24,24,24,24,175,1750,-2.152067,-1.448528,-2.227183,-1.551483,101.6537,86.41373,-2.089682,-1.564665,-2.589916,-1.932591,-1.447053,-2.558152,-1.409475,-1.782631,-1.80736,-1.921811,24,24,24,24,24,24,24,24,24,24,24,24,24,24,24,24,175,1750,-1.95316,-3.837518,-2.426047,-1.934955,-2.458865,-2.040214,-1.553851,-69.66759,-1.358765,-0.8468274,0.8343774,0.3637026,0.1099189,0.1109439,-0.6640948,3.028336,23,23,23,23,23,23,23,23,23,23,23,23,23,23,23,23
176,1760,-34.63376,-55.01128,-16.74213,-14.25305,-13.99302,-10.12199,-5.106694,-4.892738,-2.972311,-3.075521,-1.663702,-2.522602,-1.311535,-2.628352,-1.790905,-0.6035618,24,24,24,24,24,24,24,24,24,24,24,24,24,24,24,24,176,1760,-1.479581,-3.030406,-1.834415,-1.163651,101.9164,85.55467,-1.044884,-3.259572,-1.554532,-1.288859,-1.709843,-1.749908,-1.537456,-3.007634,-1.446079,-2.487029,24,24,24,24,24,24,24,24,24,24,24,24,24,24,24,24,176,1760,-1.60849,-4.860811,-3.44839,-2.321919,-1.811259,-1.275865,-1.941758,-69.33956,-0.3697803,0.6046437,0.3575795,0.1211528,-0.4404172,-0.7782493,0.1105787,3.4964,23,23,23,23,23,23,23,23,23,23,23,23,23,23,23,23
177,1770,-34.39326,-54.04405,-16.49601,-12.7917,-12.78632,-8.394511,-5.489541,-4.391186,-4.210752,-3.075521,-2.851991,-2.648678,-2.622946,-3.225688,-2.029673,-0.4828616,24,24,24,24,24,24,24,24,24,24,24,24,24,24,24,24,177,1770,-2.286564,-2.239467,-1.31073,-1.810039,100.7342,85.55467,-3.13448,-2.086173,-1.942801,-1.546352,-2.10403,-1.749908,-2.433326,-1.671267,-1.325652,-2.260943,24,24,24,24,24,24,24,24,24,24,24,24,24,24,24,24,177,1770,-1.60849,-4.732899,-3.065011,-2.321919,-2.070302,-2.167605,-2.976178,-68.90218,0.3719579,-0.1210918,0.7151783,-0.1213969,-0.4404172,0.7778383,-0.3320924,2.32625,23,23,23,23,23,23,23,23,23,23,23,23,23,23,23,23
178,1780,-33.19076,-53.07682,-15.14234,-11.45213,-11.2176,-7.777554,-4.213385,-4.265798,-2.229246,-3.075521,-1.069558,-2.270419,-0.8346575,-2.508887,-1.193983,-0.9656654,24,24,24,24,24,24,24,24,24,24,24,24,24,24,24,24,178,1780,-1.748575,-2.37129,-1.441647,-2.068594,101.9164,85.06378,-1.959082,-1.825419,-1.942801,-1.546352,-1.841241,-2.423444,-2.177362,-1.559904,-1.446079,-1.808769,24,24,24,24,24,24,24,24,24,24,24,24,24,24,24,24,178,1780,-2.182941,-4.605039,-2.681633,-2.450907,-1.940781,-2.54978,-2.200363,-68.90218,-0.8642728,-1.088738,-1.886241E-05,-0.1213969,0.4401186,0.5555404,0.5532481,2.443265,23,23,23,23,23,23,23,23,23,23,23,23,23,23,23,23
179,1790,-32.46926,-53.31863,-15.2654,-12.18281,-10.97625,-8.641294,-4.851463,-3.764246,-2.476934,-2.82938,-0.8318996,-1.765891,-0.8346575,-1.314214,-0.1195235,-0.1207595,24,24,24,24,24,24,24,24,24,24,24,24,24,24,24,24,179,1790,-2.01757,-1.975821,-2.358106,-1.163651,100.9969,85.06378,-1.828482,-1.434285,-2.589916,-1.417606,-2.235428,-2.962273,-1.793417,-1.448538,-1.927787,-1.58268,24,24,24,24,24,24,24,24,24,24,24,24,24,24,24,24,179,1790,-1.378709,-4.477128,-3.065011,-3.353825,-2.329344,-1.785431,-1.295245,-68.46481,-0.1225342,-0.6049134,0.953577,-0.1213969,-0.0001476886,-0.5559514,-0.3320924,2.911329,23,23,23,23,23,23,23,23,23,23,23,23,23,23,23,23
180,1800,-32.34901,-51.74688,-13.91173,-10.11256,-9.890207,-6.420249,-4.341,-3.262693,-3.096155,-2.337097,-2.139018,-2.270419,-2.503727,-2.508887,-1.910289,-0.7242635,24,24,24,24,24,24,24,24,24,24,24,24,24,24,24,24,180,1800,-1.345084,-2.239467,-1.179808,-2.068594,101.2597,85.80012,-1.436683,-1.955796,-1.683956,-1.675099,-2.366823,-1.884616,-1.409475,-1.671267,-0.9643707,-2.260943,24,24,24,24,24,24,24,24,24,24,24,24,24,24,24,24,180,1800,-1.493601,-4.477128,-3.959561,-2.450907,-1.811259,-1.785431,-2.200363,-69.66759,-0.1225342,-0.0001348462,0.2383799,0.6062523,-0.220284,0.1109439,0.3319126,3.613415,23,23,23,23,23,23,23,23,23,23,23,23,23,23,23,23
181,1810,-30.42501,-51.14236,-12.68112,-9.138331,-8.80417,-5.803291,-3.702923,-3.262693,-1.981558,-2.090956,-1.307215,-1.892023,-1.073096,-1.672616,-0.8358294,-0.9656654,24,24,24,24,24,24,24,24,24,24,24,24,24,24,24,24,181,1810,-2.01757,-1.580351,-1.441647,-2.714983,101.785,86.53645,-1.436683,-1.564665,-1.683956,-2.576323,-1.709843,-1.480495,-1.665438,-1.448538,-2.650349,-2.487029,24,24,24,24,24,24,24,24,24,24,24,24,24,24,24,24,181,1810,-2.182941,-4.221304,-2.809426,-2.321919,-1.940781,-1.403256,-2.717574,-69.01153,1.113697,-0.0001348462,-0.8344156,-0.0001220037,-0.1102143,-0.1113548,0.1105787,3.262372,23,23,23,23,23,23,23,23,23,23,23,23,23,23,23,23
182,1820,-30.90601,-51.38417,-11.81969,-9.26011,-7.718132,-6.296857,-3.447692,-3.262693,-2.848467,-3.321662,-1.782531,-1.765891,-1.549973,-2.389419,-0.8358294,-0.3621598,24,24,24,24,24,24,24,24,24,24,24,24,24,24,24,24,182,1820,-1.479581,-2.107644,-2.227183,-1.939316,101.391,86.04551,-1.697883,-1.695042,-2.978185,-1.675099,-2.10403,-2.558152,-1.281493,-1.782631,-1.927787,-1.58268,24,24,24,24,24,24,24,24,24,24,24,24,24,24,24,24,182,1820,-1.60849,-3.709659,-2.681633,-2.450907,-2.458865,-1.658039,-2.976178,-68.90218,0.4955813,-0.1210918,-0.3576176,0.3637026,-0.0001476886,-0.3336535,-1.106764,2.794308,23,23,23,23,23,23,23,23,23,23,23,23,23,23,23,23
183,1830,-30.54526,-51.14236,-11.81969,-7.920542,-7.476795,-5.062943,-3.702924,-3.262693,-2.229246,-1.721745,-2.495505,-1.892023,-1.669192,-1.553148,-2.029673,-5.779121E-05,24,24,24,24,24,24,24,24,24,24,24,24,24,24,24,24,183,1830,-1.479581,-1.448528,-2.227183,-2.068594,102.4417,85.92279,-1.044884,-2.477307,-2.201648,-1.932591,-1.578448,-2.558152,-1.409475,-2.339449,-2.168641,-1.921811,24,24,24,24,24,24,24,24,24,24,24,24,24,24,24,24,183,1830,-1.378709,-4.093393,-2.937218,-2.321919,-2.070302,-1.658039,-2.329666,-69.12088,-0.7406497,0.1208222,0.7151783,-0.2426717,0.330052,0.2220924,-0.2214238,3.028336,23,23,23,23,23,23,23,23,23,23,23,23,23,23,23,23
184,1840,-29.22251,-50.05423,-11.69663,-7.433425,-6.632093,-3.458271,-2.299153,-2.259587,-2.35309,-1.967885,-1.188386,-1.13523,-1.311535,-2.269952,-0.8358294,-0.2414597,24,24,24,24,24,24,24,24,24,24,24,24,24,24,24,24,184,1840,-2.152067,-2.634937,-2.096261,-1.551483,100.9969,86.29095,-2.220282,-2.21655,-2.201648,-1.546352,-2.76101,-1.480495,-2.049381,-2.450813,-2.168641,-1.695722,24,24,24,24,24,24,24,24,24,24,24,24,24,24,24,24,184,1840,-1.60849,-5.244596,-3.44839,-3.224836,-2.070302,-1.912822,-2.200363,-69.12088,-0.3697803,-0.1210918,0.2383799,-0.0001220037,-1.10082,-0.2225034,-8.989744E-05,2.794308,23,23,23,23,23,23,23,23,23,23,23,23,23,23,23,23
185,1850,-28.86176,-50.77966,-11.20439,-8.651216,-6.511425,-4.81616,-2.93723,-3.638856,-2.476934,-3.567804,-1.901361,-2.270419,-1.311535,-2.150485,-1.790905,-0.1207595,24,24,24,24,24,24,24,24,24,24,24,24,24,24,24,24,185,1850,-2.959049,-1.975821,-1.572569,-1.551483,101.9164,85.30917,-1.828482,-1.434285,-1.554479,-2.31883,-1.447053,-2.288737,-2.561308,-2.228086,-1.566506,-2.939203,24,24,24,24,24,24,24,24,24,24,24,24,24,24,24,24,185,1850,-2.182941,-4.221304,-2.426047,-2.063943,-2.329344,-2.804564,-2.846876,-69.01153,0.8664507,0.4836899,0.2383799,-0.4852214,0.6602517,0.7778383,0.1105787,2.911329,23,23,23,23,23,23,23,23,23,23,23,23,23,23,23,23
186,1860,-29.70351,-50.53785,-11.32745,-9.016552,-7.718132,-5.433117,-2.93723,-3.764245,-2.972311,-2.706309,-2.139018,-1.892023,-1.907631,-1.91155,-1.432752,-5.779121E-05,24,24,24,24,24,24,24,24,24,24,24,24,24,24,24,24,186,1860,-2.824552,-2.239467,-1.31073,-2.197871,101.785,84.69561,-1.959082,-1.955796,-1.683903,-1.803845,-1.578448,-2.962273,-2.433326,-2.116722,-2.048214,-2.82616,24,24,24,24,24,24,24,24,24,24,24,24,24,24,24,24,186,1860,-1.95316,-4.221304,-3.320597,-2.450907,-2.458865,-2.040214,-1.941758,-69.01153,-0.4934037,-1.088741,-0.238418,0.3637026,0.1099189,0.2220924,-0.1107569,2.794308,23,23,23,23,23,23,23,23,23,23,23,23,23,23,23,23
187,1870,-30.18451,-50.29604,-12.55806,-10.84324,-10.01088,-7.40738,-4.341001,-3.638856,-2.35309,-3.321662,-1.069504,-1.261362,-1.311535,-1.314214,-0.8358294,0.2413441,24,24,24,24,24,24,24,24,24,24,24,24,24,24,24,24,187,1870,-1.883073,-1.448528,-2.358106,-1.551483,101.5223,85.18645,-1.697883,-1.434285,-2.848708,-1.288859,-2.498218,-2.69286,-2.177362,-2.116722,-2.409495,-2.147897,24,24,24,24,24,24,24,24,24,24,24,24,24,24,24,24,187,1870,-1.95316,-4.605039,-3.065011,-3.353825,-2.199823,-3.059347,-2.329666,-68.79285,-0.8642728,-0.4839628,0.8343774,0.848802,0.1099189,-0.2225034,-0.1107569,3.262372,23,23,23,23,23,23,23,23,23,23,23,23,23,23,23,23
188,1880,-30.90601,-51.14236,-12.68112,-12.7917,-10.25222,-9.258251,-5.489541,-5.645066,-3.963064,-4.552369,-2.138964,-3.15298,-1.788412,-2.150485,-1.67152,-0.9656654,24,24,24,24,24,24,24,24,24,24,24,24,24,24,24,24,188,1880,-1.614078,-2.37129,-1.965338,-2.068594,100.6029,85.67735,-1.436683,-1.695042,-1.554479,-2.70507,-2.629616,-1.884616,-2.049381,-2.116722,-1.446079,-2.713117,24,24,24,24,24,24,24,24,24,24,24,24,24,24,24,24,188,1880,-1.838271,-4.605039,-3.703976,-2.579896,-2.199823,-2.167605,-3.622691,-69.88629,-0.8642728,-0.7258736,0.953577,-0.2426717,-0.4404172,-0.3336535,0.2212456,2.911329,23,23,23,23,23,23,23,23,23,23,23,23,23,23,23,23
189,1890,-32.46926,-52.1096,-14.52703,-14.49661,-12.90699,-9.998599,-7.020927,-5.895843,-4.706129,-3.813945,-1.425991,-1.765941,-1.311535,-0.8363463,-1.074598,-5.779121E-05,24,24,24,24,24,24,24,24,24,24,24,24,24,24,24,24,189,1890,-2.01757,-2.503114,-1.834415,-2.197871,100.9969,85.4319,-1.306083,-1.564665,-1.813326,-3.091309,-1.578448,-2.423444,-1.665438,-2.005358,-1.80736,-2.487029,24,24,24,24,24,24,24,24,24,24,24,24,24,24,24,24,189,1890,-2.527611,-4.477128,-2.298254,-2.192931,-1.811259,-1.275865,-2.846876,-69.01153,0.001088401,-0.2420521,-0.1192184,-0.4852214,-0.3303506,0.1109439,0.3319126,2.911329,23,23,23,23,23,23,23,23,23,23,23,23,23,23,23,23
190,1900,-35.11477,-52.1096,-15.75765,-15.47084,-14.11369,-9.875209,-7.148543,-6.773558,-4.458441,-4.675439,-2.020135,-3.405131,-2.02685,-1.433733,-0.597061,-0.1207595,24,24,24,24,24,24,24,24,24,24,24,24,24,24,24,24,190,1900,-2.152067,-1.053059,-2.227183,-2.197871,101.391,86.65913,-2.220282,-1.043154,-2.589863,-3.091309,-1.709843,-2.154031,-1.665438,-1.559958,-2.168641,-2.713117,24,24,24,24,24,24,24,24,24,24,24,24,24,24,24,24,190,1900,-1.95316,-3.83757,-2.298254,-2.450907,-2.329344,-2.54978,-1.553851,-68.79285,1.113697,0.2417727,-0.238418,0.6062523,0.1099189,-0.4447507,-0.6640948,2.209236,23,23,23,23,23,23,23,23,23,23,23,23,23,23,23,23
191,1910,-36.07677,-52.3514,-15.38846,-17.17575,-15.32041,-12.58982,-8.679929,-8.528992,-4.582285,-5.536933,-1.663648,-3.909433,-1.669192,-2.747871,-1.432751,-1.689871,24,24,24,24,24,24,24,24,24,24,24,24,24,24,24,24,191,1910,-1.07609,-1.448528,-2.619945,-1.551483,102.1791,86.04551,-1.828482,-1.434285,-2.331017,-1.932591,-1.052866,-1.749908,-0.8975472,-1.559958,-2.048214,-1.58268,24,24,24,24,24,24,24,24,24,24,24,24,24,24,24,24,191,1910,-1.378709,-3.709659,-2.937218,-2.579896,-1.811259,-0.5115148,-1.683153,-69.55826,-0.7406497,-0.6049199,0.4767791,-0.0001220037,0.5501851,0.5555918,-0.7748132,3.613415,23,23,23,23,23,23,23,23,23,23,23,23,23,23,23,23
192,1920,-36.55777,-54.04405,-16.98826,-17.29752,-14.95839,-11.60269,-8.041851,-7.024335,-4.334597,-4.060086,-1.782477,-2.900829,-1.073096,-2.150536,-1.074598,0.1205942,24,24,24,24,24,24,24,24,24,24,24,24,24,24,24,24,192,1920,-0.941593,-2.239467,-1.572569,-1.551483,101.9164,85.67735,-1.828482,-2.998818,-1.942748,-1.546352,-1.184261,-1.076373,-1.281493,-2.562234,-1.566506,-2.034803,24,24,24,24,24,24,24,24,24,24,24,24,24,24,24,24,192,1920,-0.9191499,-4.477128,-3.959561,-1.547991,-1.681738,-1.148474,-2.200363,-69.55826,0.1247118,0.6046405,0.5959787,0.6062523,-0.6605503,0.4444425,0.3318612,3.379386,23,23,23,23,23,23,23,23,23,23,23,23,23,23,23,23
193,1930,-38.24127,-54.16495,-18.34193,-17.66286,-16.40645,-12.71321,-8.807545,-7.4005,-5.449194,-4.675439,-2.020135,-3.15298,-2.265289,-2.150536,-0.7164448,-0.0001075559,24,24,24,24,24,24,24,24,24,24,24,24,24,24,24,24,193,1930,-1.479581,-2.37129,-0.7870392,-1.292928,101.2597,85.4319,-2.089682,-1.955796,-1.425057,-1.160113,-1.184261,-1.345787,-1.921399,-1.671322,-1.205225,-1.582628,24,24,24,24,24,24,24,24,24,24,24,24,24,24,24,24,193,1930,-1.378709,-4.988773,-3.192805,-1.161026,-2.199823,-2.167605,-2.717574,-69.88629,0.2483352,0.4836835,1.191976,-0.2426717,-0.220284,0.2221438,0.1105273,2.560279,23,23,23,23,23,23,23,23,23,23,23,23,23,23,23,23
194,1940,-38.00077,-52.71412,-16.8652,-15.7144,-13.75169,-11.10912,-7.020927,-6.272006,-4.210752,-5.167721,-1.307162,-3.15298,-0.8346575,-1.792134,-0.8358294,-1.086415,24,24,24,24,24,24,24,24,24,24,24,24,24,24,24,24,194,1940,-2.286563,-1.712175,-1.441647,-2.068594,101.5223,84.69561,-2.742681,-1.695042,-0.9073653,-1.546352,-0.921468,-0.941666,-1.921399,-1.337229,-0.9643707,-2.260892,24,24,24,24,24,24,24,24,24,24,24,24,24,24,24,24,194,1940,-1.493601,-3.965481,-3.065011,-1.547991,-1.293175,-1.148474,-1.553851,-68.46481,0.3719579,-0.3630058,0.1191803,-0.2426717,0.2199854,0.3332939,0.2211943,2.794308,23,23,23,23,23,23,23,23,23,23,23,23,23,23,23,23
195,1950,-37.39952,-52.83503,-16.12683,-14.74016,-12.78632,-9.875209,-6.38285,-6.021231,-2.972311,-3.690874,-1.782477,-2.144338,-1.788412,-2.747871,-0.9552132,-0.0001075559,24,24,24,24,24,24,24,24,24,24,24,24,24,24,24,24,195,1950,-1.614078,-1.448528,-1.31073,-1.680761,102.0477,84.81828,-2.089682,-1.043154,-1.425057,-1.932591,-2.10403,-2.154031,-1.537456,-1.448593,-1.084798,-2.260892,24,24,24,24,24,24,24,24,24,24,24,24,24,24,24,24,195,1950,-1.60849,-3.325923,-2.426047,-2.063943,-2.199823,-2.167605,-1.683153,-68.90218,0.2483352,-0.3630058,-1.886241E-05,0.6062523,-0.220284,-0.222452,-0.6641462,2.443265,23,23,23,23,23,23,23,23,23,23,23,23,23,23,23,23
196,1960,-34.63376,-51.02147,-15.51152,-12.7917,-12.4243,-9.381642,-6.510465,-5.645066,-3.83922,-3.937015,-2.851937,-3.531207,-2.265289,-1.911602,-2.029673,-0.6036115,24,24,24,24,24,24,24,24,24,24,24,24,24,24,24,24,196,1960,-1.345084,-1.184882,-1.31073,-0.9050946,100.4715,85.06373,-1.959082,-1.434285,-2.201595,-1.417606,-1.578448,-1.480495,-0.8975472,-0.8917729,-1.566506,-1.695671,24,24,24,24,24,24,24,24,24,24,24,24,24,24,24,24,196,1960,-0.5744799,-3.453835,-2.809426,-2.321919,-0.7750901,-1.275865,-2.846876,-69.99564,0.4955813,0.2417727,0.7151783,0.4849774,0.1099189,-0.3336022,-0.2214752,3.028336,23,23,23,23,23,23,23,23,23,23,23,23,23,23,23,23
197,1970,-31.50726,-50.77966,-13.41949,-11.33035,-9.76954,-8.271119,-5.23431,-5.39429,-3.219999,-4.429297,-1.901306,-2.648678,-1.073096,-2.628404,-1.67152,-1.327817,24,24,24,24,24,24,24,24,24,24,24,24,24,24,24,24,197,1970,-1.479581,-1.975821,-1.048885,-1.292928,100.9969,85.67735,-1.044884,-1.695042,-1.295634,-1.803845,-1.972636,-1.211081,-1.281493,-1.894049,-0.8439435,-2.60002,24,24,24,24,24,24,24,24,24,24,24,24,24,24,24,24,197,1970,-1.493601,-4.477128,-3.065011,-1.547991,-0.3865269,-0.5115148,-1.295245,-68.68349,0.8664507,-0.1210951,0.1191803,-0.6064963,-0.220284,0.2221438,0.3318612,3.145357,23,23,23,23,23,23,23,23,23,23,23,23,23,23,23,23
198,1980,-31.86801,-51.14237,-14.52703,-11.69569,-10.13156,-7.530771,-4.341001,-5.143514,-3.096155,-3.690874,-1.663648,-2.396527,-0.9538768,-2.867338,-1.552135,-0.0001075559,24,24,24,24,24,24,24,24,24,24,24,24,24,24,24,24,198,1980,-1.883072,-1.184882,-1.834415,-2.714983,101.5223,85.55467,-1.436683,-1.434285,-1.166211,-2.576323,-0.7900733,-1.480495,-1.409475,-0.8917729,-1.686933,-2.260892,24,24,24,24,24,24,24,24,24,24,24,24,24,24,24,24,198,1980,-1.95316,-3.581748,-2.55384,-1.419002,-1.811259,-2.804513,-2.717574,-69.66759,0.9900734,0.6046405,0.1191803,0.1211528,0.4401186,0.4444425,-0.6641462,1.975207,23,23,23,23,23,23,23,23,23,23,23,23,23,23,23,23
199,1990,-32.10851,-50.05424,-14.40397,-11.33035,-10.25222,-7.160597,-5.23431,-4.641962,-4.210752,-3.813945,-3.089595,-2.648678,-2.146069,-2.747871,-2.029673,-0.2415079,24,24,24,24,24,24,24,24,24,24,24,24,24,24,24,24,199,1990,-1.883072,-1.712175,-1.834415,-1.680761,102.1791,86.65918,-1.436683,-0.9127768,-2.46044,-1.288859,-0.7900733,-1.480495,-0.8975472,-1.003137,-1.80736,-1.695671,24,24,24,24,24,24,24,24,24,24,24,24,24,24,24,24,199,1990,-1.26382,-3.709659,-3.065011,-1.161026,-1.293175,-0.5114635,-1.553851,-69.23022,-0.6170267,-0.4839628,1.072777,0.1211528,0.1099189,0.3332939,-0.6641462,2.911329,23,23,23,23,23,23,23,23,23,23,23,23,23,23,23,23
200,2000,-32.22876,-49.69153,-13.41949,-10.11256,-9.045519,-6.173466,-4.08577,-4.641962,-3.219999,-4.429297,-1.901306,-2.900829,-1.192315,-2.508938,-1.074598,-0.8450134,24,24,24,24,24,24,24,24,24,24,24,24,24,24,24,24,200,2000,-1.210587,-1.975821,-1.441647,-1.163651,101.391,85.80012,-1.175484,-1.825419,-2.201595,-0.6451273,-1.052866,-2.019323,-1.025529,-2.116776,-1.325652,-1.695671,24,24,24,24,24,24,24,24,24,24,24,24,24,24,24,24,200,2000,-1.034039,-4.221304,-3.576183,-2.192931,-0.9046114,-1.02103,-0.778035,-68.79285,0.001088401,0.3627297,0.2383799,-0.6064963,-0.5504838,-0.222452,0.1105273,3.379386,23,23,23,23,23,23,23,23,23,23,23,23,23,23,23,23
201,2010,-31.26676,-50.77966,-12.55806,-10.4779,-9.407522,-7.037205,-4.468616,-5.268902,-3.715427,-3.321662,-1.663648,-2.774753,-1.549973,-2.747871,-1.910288,-0.0001075559,24,24,24,24,24,24,24,24,24,24,24,24,24,24,24,24,201,2010,-1.883072,-2.76676,-1.048885,-0.7758173,100.8656,86.29101,-1.306083,-2.086173,-1.036842,-1.031367,-1.447053,-1.615202,-1.793417,-1.559958,-1.446079,-1.356543,24,24,24,24,24,24,24,24,24,24,24,24,24,24,24,24,201,2010,-1.493601,-3.83757,-2.426047,-1.290014,-0.9046114,-2.294946,-3.364086,-69.77695,0.6192039,-0.1210951,0.7151783,-0.6064963,-0.3303506,0.4444425,-0.2214752,2.677293,23,23,23,23,23,23,23,23,23,23,23,23,23,23,23,23
202,2020,-29.46301,-49.44972,-14.03479,-11.33035,-11.45893,-8.024337,-4.723848,-4.015021,-4.08696,-2.952502,-2.733108,-3.026905,-2.622946,-2.628404,-2.387826,-0.6036115,24,24,24,24,24,24,24,24,24,24,24,24,24,24,24,24,202,2020,-1.210587,-2.37129,-1.048885,-0.9050946,101.2597,85.92284,-2.089682,-1.955796,-1.295687,-1.546352,-1.052866,-1.615202,-2.177362,-1.782685,-1.927787,-2.034803,24,24,24,24,24,24,24,24,24,24,24,24,24,24,24,24,202,2020,-1.60849,-3.709659,-2.937218,-2.063943,-1.552217,-2.040163,-1.812456,-68.79285,0.4955813,-0.8468274,0.1191803,0.1211528,0.4401186,0.5555918,-0.0001412674,2.677293,23,23,23,23,23,23,23,23,23,23,23,23,23,23,23,23
203,2030,-31.02626,-49.93333,-13.66561,-11.45213,-10.97625,-8.271119,-4.723848,-4.641962,-3.343895,-3.198644,-1.307213,-2.144338,-1.311535,-2.867338,-1.432751,-0.8450134,24,24,24,24,24,24,24,24,24,24,24,24,24,24,24,24,203,2030,-2.286563,-1.316705,-1.31073,-1.422206,101.785,84.81834,-2.089682,-1.303908,-1.554532,-1.932591,-1.184261,-2.558152,-1.409475,-1.003137,-1.205225,-2.034803,24,24,24,24,24,24,24,24,24,24,24,24,24,24,24,24,203,2030,-1.148931,-3.198012,-3.44839,-2.708884,-1.940781,-1.912771,-2.329666,-68.68349,-0.2461572,-0.6049134,1.072777,0.3637026,0.330052,-0.6670494,-0.3321437,3.145357,23,23,23,23,23,23,23,23,23,23,23,23,23,23,23,23
204,2040,-34.03251,-50.41695,-14.77316,-13.76593,-11.45893,-7.900945,-4.723848,-4.76735,-2.972362,-3.444785,-2.139016,-2.648678,-1.073096,-2.389471,-1.074598,-0.4829098,24,24,24,24,24,24,24,24,24,24,24,24,24,24,24,24,204,2040,-1.345084,-1.053059,-1.703492,-0.9050946,101.2597,84.81834,-1.436683,-1.043154,-2.072224,-1.031367,-1.709843,-1.345787,-1.281493,-1.894049,-1.927787,-1.808717,24,24,24,24,24,24,24,24,24,24,24,24,24,24,24,24,204,2040,-1.034039,-3.581748,-4.087355,-1.419002,-0.9046114,-1.403205,-3.234783,-69.77695,0.6192039,0.3627329,0.7151787,-0.0001220037,-0.1102143,-0.0001541099,0.2211943,3.262372,23,23,23,23,23,23,23,23,23,23,23,23,23,23,23,23
205,2050,-33.67176,-49.81243,-14.52703,-12.66992,-10.85558,-7.654163,-4.341001,-4.140409,-3.220051,-2.46022,-2.257844,-2.018154,-2.146071,-2.270003,-2.149057,-0.1208077,24,24,24,24,24,24,24,24,24,24,24,24,24,24,24,24,205,2050,-1.614078,-1.712175,-1.048885,-1.163651,100.0775,85.1865,-1.175484,-1.303908,-1.683956,-1.932591,-2.629616,-1.076373,-1.537456,-1.1145,-0.4826625,-2.260892,24,24,24,24,24,24,24,24,24,24,24,24,24,24,24,24,205,2050,-2.068052,-4.349216,-3.065011,-1.290014,-0.5160482,-1.403205,-1.812456,-68.90218,0.1247118,-0.2420456,-0.7152156,-0.2426717,0.1099189,0.3332939,0.1105273,2.794308,23,23,23,23,23,23,23,23,23,23,23,23,23,23,23,23
206,2060,-37.51977,-51.02147,-15.51152,-14.37483,-11.57961,-7.900945,-4.979079,-3.638857,-2.972362,-3.075573,-2.020186,-2.396527,-1.907632,-2.747818,-1.910288,-0.9657136,24,24,24,24,24,24,24,24,24,24,24,24,24,24,24,24,206,2060,-1.210587,-1.843997,-0.917962,-1.939316,100.9969,85.43195,-1.567283,-0.9127768,-1.295687,-1.932591,-1.184261,-1.345787,-1.153511,-2.116722,-1.927787,-2.713066,24,24,24,24,24,24,24,24,24,24,24,24,24,24,24,24,206,2060,-1.838271,-3.453835,-2.426047,-1.805967,-2.458865,-2.040163,-2.200363,-68.13677,-0.6170263,0.3627329,-0.596016,0.4849774,0.5501851,-0.222452,-0.0001412674,2.092221,23,23,23,23,23,23,23,23,23,23,23,23,23,23,23,23
207,2070,-36.91852,-52.35141,-15.8807,-14.98372,-11.82095,-8.517902,-5.617157,-5.770454,-3.343895,-4.060138,-2.020186,-2.144287,-1.669194,-2.867285,-1.432751,-0.4829098,24,24,24,24,24,24,24,24,24,24,24,24,24,24,24,24,207,2070,-1.883072,-1.053059,-1.965338,-2.456427,101.5223,85.80012,-1.697883,-0.9127768,-2.331071,-1.417606,-0.6586785,-1.749908,-2.049381,-1.003082,-1.927735,-1.695671,24,24,24,24,24,24,24,24,24,24,24,24,24,24,24,24,207,2070,-1.26382,-3.581748,-2.681633,-2.579896,-2.199823,-1.148422,-1.941758,-69.77695,0.001089204,-0.0001348462,0.2383807,-0.1213969,0.4401186,-0.3336022,-0.2214752,3.613415,23,23,23,23,23,23,23,23,23,23,23,23,23,23,23,23
208,2080,-36.07677,-51.9887,-15.01928,-14.25305,-11.70028,-8.641294,-5.617157,-4.641962,-4.458492,-2.58329,-2.614331,-2.396527,-2.503729,-2.269949,-2.149057,-0.2414597,24,24,24,24,24,24,24,24,24,24,24,24,24,24,24,24,208,2080,-0.5381012,-1.448528,-1.834415,-1.034373,101.6537,85.43195,-1.044884,-1.825419,-1.942801,-1.160113,-0.7900733,-1.615202,-0.3856199,-1.782631,-1.3256,-1.356543,24,24,24,24,24,24,24,24,24,24,24,24,24,24,24,24,208,2080,-1.723379,-4.477128,-3.192805,-1.934955,-1.293175,-1.148422,-2.200363,-69.12088,0.1247118,0.7256007,0.2383807,-0.6064963,-0.5504838,-0.0001541099,0.1105273,3.145357,23,23,23,23,23,23,23,23,23,23,23,23,23,23,23,23
209,2090,-35.95651,-51.9887,-15.2654,-12.54814,-11.33826,-8.394511,-4.979079,-3.513469,-2.476986,-3.075573,-1.782529,-1.76589,-1.669194,-2.031014,-1.074598,0.2413441,24,24,24,24,24,24,24,24,24,24,24,24,24,24,24,24,209,2090,-1.479581,-2.76676,-1.572569,-1.292928,101.2597,85.80012,-1.697883,-2.21655,-1.683956,-0.9026204,-1.315655,-0.8069595,-1.281493,-2.005358,-0.8438921,-1.808717,24,24,24,24,24,24,24,24,24,24,24,24,24,24,24,24,209,2090,-1.26382,-3.709659,-2.55384,-1.805967,-2.329344,-2.804513,-2.458969,-69.44891,0.9900734,0.9675115,0.3575799,-0.1213969,-0.1102143,0.6667412,-0.0001412674,2.677293,23,23,23,23,23,23,23,23,23,23,23,23,23,23,23,23
210,2100,-33.19076,-51.26328,-14.89622,-12.91348,-10.49356,-8.517902,-5.106694,-5.143514,-3.591583,-4.183208,-2.495502,-2.648678,-1.788413,-2.62835,-1.910288,-0.8449637,24,24,24,24,24,24,24,24,24,24,24,24,24,24,24,24,210,2100,-2.824552,-2.634937,-1.572569,-1.680761,100.9969,85.30923,-1.697883,-1.955796,-1.42511,-1.288859,-1.841241,-2.288737,-2.305344,-1.559904,-1.686881,-2.147846,24,24,24,24,24,24,24,24,24,24,24,24,24,24,24,24,210,2100,-1.838271,-3.581748,-2.298254,-2.063943,-1.811259,-2.040163,-3.622691,-68.68349,0.1247118,-0.6049134,-0.119218,-0.2426717,0.1099189,0.3332939,-0.1108082,2.794308,23,23,23,23,23,23,23,23,23,23,23,23,23,23,23,23
211,2110,-33.07051,-51.02148,-15.14234,-13.15704,-10.49356,-6.790422,-3.575308,-3.764245,-2.724674,-2.58329,-2.495502,-2.774753,-2.026852,-1.911547,-1.67152,0.2413441,24,24,24,24,24,24,24,24,24,24,24,24,24,24,24,24,211,2110,-2.01757,-1.448528,-1.572576,-1.810039,101.785,84.32749,-1.697883,-1.564665,-1.295687,-2.31883,-1.578448,-2.69286,-1.281493,-1.448538,-1.205173,-2.260892,24,24,24,24,24,24,24,24,24,24,24,24,24,24,24,24,211,2110,-1.148931,-3.83757,-2.937218,-2.579896,-2.458865,-1.912771,-2.458969,-68.46481,0.2483352,0.3627329,0.8343782,0.6062523,-0.8806834,-0.4447507,-0.0001412674,2.560279,23,23,23,23,23,23,23,23,23,23,23,23,23,23,23,23
212,2120,-35.35526,-51.626,-16.12683,-13.88771,-11.94162,-7.037205,-4.723848,-3.889633,-2.848518,-2.58329,-1.782529,-2.144287,-1.669194,-2.031014,-1.432751,-5.779121E-05,24,24,24,24,24,24,24,24,24,24,24,24,24,24,24,24,212,2120,-1.07609,-1.316705,-2.22719,-0.5172626,101.1283,84.32749,-1.436683,-1.173531,-2.201648,-1.031367,-2.892405,-1.749908,-1.537456,-1.559904,-1.686881,-1.808717,24,24,24,24,24,24,24,24,24,24,24,24,24,24,24,24,212,2120,-1.034039,-3.581748,-3.44839,-2.579948,-1.422696,-1.657988,-2.717574,-70.10499,0.3719579,-0.0001348462,0.595979,0.7275271,-0.3303506,-0.0001541099,-0.1108082,3.379386,23,23,23,23,23,23,23,23,23,23,23,23,23,23,23,23
213,2130,-34.87426,-52.10961,-16.12683,-14.61839,-11.09693,-8.888076,-4.596232,-5.39429,-3.220051,-4.552421,-2.020186,-2.648678,-1.907632,-3.46462,-2.626595,-0.8449637,24,24,24,24,24,24,24,24,24,24,24,24,24,24,24,24,213,2130,-1.883073,-1.184882,-1.441659,-1.422206,100.0775,85.30923,-1.175484,-1.173531,-1.295687,-2.061338,-2.76101,-1.480495,-1.153511,-1.671267,-0.9643193,-1.808717,24,24,24,24,24,24,24,24,24,24,24,24,24,24,24,24,213,2130,-2.29783,-4.988773,-3.320597,-1.290067,-1.940781,-1.530597,-2.458969,-69.88629,-0.1225342,0.3627329,0.8343782,-0.4852214,-0.8806834,0.2221438,-0.1108082,3.379386,23,23,23,23,23,23,23,23,23,23,23,23,23,23,23,23
214,2140,-34.03251,-51.8678,-14.77316,-13.03526,-10.01089,-8.024337,-5.23431,-4.391186,-3.343895,-3.198644,-1.426042,-2.648678,-1.669194,-1.553147,-1.432751,0.3620443,24,24,24,24,24,24,24,24,24,24,24,24,24,24,24,24,214,2140,-1.479581,-2.503114,-1.703499,-2.197871,100.8656,85.55462,-1.436683,-1.825419,-1.942801,-2.061338,-1.447053,-1.749908,-1.665438,-1.448538,-1.807308,-3.052195,24,24,24,24,24,24,24,24,24,24,24,24,24,24,24,24,214,2140,-1.838271,-3.581748,-2.298254,-2.192984,-2.588386,-2.677172,-2.458969,-68.79285,-0.1225342,0.9675115,0.4767795,-0.0001220037,0.4401186,-0.0001541099,-0.4428107,2.092221,23,23,23,23,23,23,23,23,23,23,23,23,23,23,23,23
215,2150,-34.15276,-51.8678,-15.75765,-11.93925,-11.33826,-8.147728,-5.744771,-5.143514,-3.467739,-3.690926,-1.6637,-2.522602,-2.026852,-2.031014,-0.4776765,0.482746,24,24,24,24,24,24,24,24,24,24,24,24,24,24,24,24,215,2150,-2.421061,-1.580351,-1.965344,-1.810039,100.8656,85.55462,-1.567283,-1.825419,-2.71934,-2.190084,-1.709843,-1.345787,-2.049381,-1.337175,-2.770725,-2.260892,24,24,24,24,24,24,24,24,24,24,24,24,24,24,24,24,215,2150,-1.148931,-4.093393,-2.042668,-1.935007,-1.811259,-2.294997,-2.07106,-69.55826,-0.2461572,-1.088738,1.191977,-0.1213969,0.5501851,-0.1113035,0.1105273,2.443265,23,23,23,23,23,23,23,23,23,23,23,23,23,23,23,23
216,2160,-32.10851,-52.10961,-15.01928,-14.37483,-12.18296,-9.258251,-4.723847,-5.018127,-3.343895,-4.306279,-1.6637,-3.15298,-1.549975,-2.508883,-1.910288,-0.9656654,24,24,24,24,24,24,24,24,24,24,24,24,24,24,24,24,216,2160,-1.345084,-2.239467,-2.489035,-1.163651,101.9164,85.30917,-1.697883,-2.607684,-2.460493,-1.675099,-1.447053,-2.154031,-1.281493,-2.450813,-2.409444,-2.60002,24,24,24,24,24,24,24,24,24,24,24,24,24,24,24,24,216,2160,-1.378709,-3.965481,-3.576183,-2.192984,-2.329344,-2.294997,-1.812456,-68.79285,-0.2461572,0.4836899,0.9535774,0.1211528,-0.4404172,-0.3336022,0.2211943,3.145357,23,23,23,23,23,23,23,23,23,23,23,23,23,23,23,23
217,2170,-31.14651,-52.83503,-15.01928,-12.06103,-10.49356,-7.777554,-3.958154,-4.265798,-2.848518,-2.952502,-1.307213,-2.396527,-1.549975,-2.031014,-1.432751,-0.7242635,24,24,24,24,24,24,24,24,24,24,24,24,24,24,24,24,217,2170,-1.614078,-3.689522,-1.572576,-1.422206,101.2597,85.67735,-2.089682,-2.868438,-1.554532,-1.546352,-2.366823,-1.076373,-1.921399,-2.896271,-1.807308,-1.695671,24,24,24,24,24,24,24,24,24,24,24,24,24,24,24,24,217,2170,-1.493601,-3.709659,-3.320597,-2.579948,-1.940781,-2.167605,-2.976178,-70.21432,-0.2461572,0.3627329,0.7151787,0.1211528,-0.7706169,0.2221438,0.5531967,2.560279,23,23,23,23,23,23,23,23,23,23,23,23,23,23,23,23
218,2180,-32.83001,-52.23051,-16.37295,-14.00949,-11.94162,-7.654163,-4.979078,-4.516575,-3.096207,-2.706309,-1.6637,-2.774753,-1.788413,-1.433679,-1.67152,0.2413441,24,24,24,24,24,24,24,24,24,24,24,24,24,24,24,24,218,2180,-2.690055,-2.37129,-1.441659,-1.810039,100.8656,85.18645,-2.873281,-2.086173,-1.942801,-1.803845,-1.578448,-2.69286,-2.433326,-1.782631,-1.446027,-2.713066,24,24,24,24,24,24,24,24,24,24,24,24,24,24,24,24,218,2180,-2.527611,-4.221304,-1.914876,-2.45096,-1.681738,-1.658039,-2.846876,-68.79285,1.113697,-0.3630026,0.2383807,-0.9703208,0.1099189,0.4444425,0.2211943,3.4964,23,23,23,23,23,23,23,23,23,23,23,23,23,23,23,23
219,2190,-34.03251,-52.10961,-15.01928,-13.03526,-10.85558,-7.654163,-3.702924,-3.764246,-2.476986,-3.690874,-1.307162,-2.144287,-1.073097,-2.986753,-1.074598,-1.086366,24,24,24,24,24,24,24,24,24,24,24,24,24,24,24,24,219,2190,-1.883073,-2.107644,-0.9179684,-2.327149,100.8656,84.20472,-2.089682,-1.564665,-1.554532,-1.675099,-2.10403,-3.366394,-1.409475,-2.228086,-1.927735,-1.808717,24,24,24,24,24,24,24,24,24,24,24,24,24,24,24,24,219,2190,-2.29783,-3.83757,-2.55384,-3.482865,-3.106471,-3.186738,-2.329666,-69.23022,-0.2461572,0.1208222,0.3575799,0.2424277,0.4401186,-0.4447507,-0.5534776,2.677293,23,23,23,23,23,23,23,23,23,23,23,23,23,23,23,23
220,2200,-32.95026,-51.9887,-14.15785,-12.7917,-10.73491,-6.913815,-3.320077,-3.638857,-2.105453,-2.460168,-1.544819,-1.892023,-0.2385621,-1.911547,-0.9552132,-0.2414597,24,24,24,24,24,24,24,24,24,24,24,24,24,24,24,24,220,2200,-1.748575,-1.580351,-2.358113,-1.422206,100.9969,84.57289,-1.436683,-1.173531,-2.460493,-1.546352,-2.629616,-2.154031,-2.177362,-2.116722,-1.686881,-2.260892,24,24,24,24,24,24,24,24,24,24,24,24,24,24,24,24,220,2200,-1.60849,-3.325923,-2.55384,-2.837924,-2.070302,-1.403256,-1.165943,-69.12088,-0.7406497,0.2417759,1.191977,0.3637026,-0.1102143,-0.3336022,-0.1108082,3.4964,23,23,23,23,23,23,23,23,23,23,23,23,23,23,23,23
221,2210,-33.07051,-52.23051,-15.88071,-14.00949,-12.66565,-7.40738,-5.617156,-4.265798,-2.476986,-3.198592,-2.138964,-2.270419,-1.192316,-2.389416,-1.074598,-5.779121E-05,24,24,24,24,24,24,24,24,24,24,24,24,24,24,24,24,221,2210,-1.883073,-2.239467,-1.965344,-1.680761,100.6029,85.55462,-1.567283,-1.695042,-1.295687,-2.190084,-2.235428,-2.154031,-1.281493,-2.339449,-1.3256,-2.373935,24,24,24,24,24,24,24,24,24,24,24,24,24,24,24,24,221,2210,-1.493601,-4.221304,-3.959561,-2.45096,-2.588386,-2.167605,-1.424548,-69.55826,0.1247118,-0.3630026,-0.119218,-0.6064963,-0.4403658,-0.3336022,-0.0001412674,2.794308,23,23,23,23,23,23,23,23,23,23,23,23,23,23,23,23
222,2220,-32.46925,-52.47232,-14.40397,-12.18281,-9.648871,-7.037205,-4.08577,-3.889634,-1.486233,-2.82938,-1.307162,-2.396527,-0.9538776,-2.986754,-1.193982,-0.8449637,24,24,24,24,24,24,24,24,24,24,24,24,24,24,24,24,222,2220,-1.883073,-1.448528,-1.572576,-2.585705,100.9969,85.80006,-1.436683,-0.9127768,-1.813379,-2.962563,-1.578448,-1.615202,-2.049381,-1.893994,-2.52987,-3.617412,24,24,24,24,24,24,24,24,24,24,24,24,24,24,24,24,222,2220,-1.723379,-3.83757,-2.937218,-1.806019,-2.458865,-2.931955,-2.458969,-69.23022,-0.1225342,0.4836899,0.9535774,-0.2426717,0.2200368,0.7779403,-0.0001412674,3.145357,23,23,23,23,23,23,23,23,23,23,23,23,23,23,23,23
223,2230,-32.95026,-52.95593,-15.01928,-13.03526,-10.25222,-7.160597,-3.192461,-3.388081,-1.486233,-2.460168,-1.425991,-2.018155,-1.192316,-1.672616,-0.8358294,-5.779121E-05,24,24,24,24,24,24,24,24,24,24,24,24,24,24,24,24,223,2230,-2.286564,-1.580351,-2.358113,-2.456427,100.9969,85.92279,-2.220282,-1.955796,-2.460493,-2.447577,-1.447053,-2.827565,-2.561308,-2.116722,-3.132057,-2.260892,24,24,24,24,24,24,24,24,24,24,24,24,24,24,24,24,223,2230,-1.838271,-4.093393,-2.681633,-2.192984,-2.458865,-2.54978,-1.812456,-68.68349,0.001088401,-0.8468274,-0.7152156,-0.2426717,0.2200368,0.7779403,0.4425811,2.209236,23,23,23,23,23,23,23,23,23,23,23,23,23,23,23,23
224,2240,-32.46925,-52.23051,-14.6501,-10.4779,-10.01089,-5.556509,-3.575308,-3.638857,-2.60083,-1.967885,-1.901306,-2.648678,-2.622948,-2.389419,-1.790905,-0.3621598,24,24,24,24,24,24,24,24,24,24,24,24,24,24,24,24,224,2240,-0.8070959,-2.898583,-2.358113,-1.939316,101.6537,85.06373,-1.567283,-2.477307,-2.201648,-1.417606,-1.709843,-2.423444,-1.665438,-2.116722,-2.409495,-2.939152,24,24,24,24,24,24,24,24,24,24,24,24,24,24,24,24,224,2240,-1.723379,-3.83757,-2.681633,-3.482865,-3.106471,-2.804564,-2.846876,-68.02744,0.001088401,0.1208222,0.1191811,1.091352,-9.631868E-05,-0.1112537,-0.2214238,3.028336,23,23,23,23,23,23,23,23,23,23,23,23,23,23,23,23
225,2250,-29.463,-51.50509,-13.17336,-9.381889,-7.718132,-5.309726,-2.554384,-2.510364,-1.362388,-2.583238,-1.425991,-1.513626,-0.7154391,-2.269952,-1.074598,-0.8449637,24,24,24,24,24,24,24,24,24,24,24,24,24,24,24,24,225,2250,-1.883072,-2.898583,-1.441659,-1.810039,101.2597,85.80006,-2.089682,-3.129195,-2.072224,-1.675099,-3.023803,-1.884616,-2.817272,-2.56218,-1.927787,-2.486977,24,24,24,24,24,24,24,24,24,24,24,24,24,24,24,24,225,2250,-1.953211,-3.83757,-3.576183,-3.224888,-1.940781,-1.912822,-2.458969,-69.33956,0.4955813,0.2417759,1.072777,0.848802,-9.631868E-05,0.111045,-0.1107569,3.613415,23,23,23,23,23,23,23,23,23,23,23,23,23,23,23,23
226,2260,-27.7795,-51.9887,-12.80418,-9.381889,-7.838799,-4.569377,-2.681999,-3.011916,-1.486233,-2.090956,-0.950675,-2.270419,-0.7154391,-1.553148,-0.7164456,-0.3621598,24,24,24,24,24,24,24,24,24,24,24,24,24,24,24,24,226,2260,-2.824552,-1.712175,-1.572576,-1.939316,101.2597,85.18645,-2.220282,-1.434285,-1.554532,-1.417606,-1.184261,-2.288737,-2.433326,-2.116722,-1.566506,-2.713066,24,24,24,24,24,24,24,24,24,24,24,24,24,24,24,24,226,2260,-2.182992,-4.860811,-2.937218,-3.0959,-1.552217,-1.403256,-2.717574,-69.01153,0.4955813,0.1208222,0.3575799,-1.334149,-0.5504324,0.5556424,-0.1107569,3.145357,23,23,23,23,23,23,23,23,23,23,23,23,23,23,23,23
227,2270,-26.3365,-50.90056,-11.94275,-8.529437,-7.597464,-4.075812,-2.681999,-2.76114,-2.229297,-1.598674,-2.020135,-1.765891,-1.788413,-2.031018,-1.67152,-0.7242635,24,24,24,24,24,24,24,24,24,24,24,24,24,24,24,24,227,2270,-0.9415926,-1.975821,-1.048885,-1.680761,101.2597,84.08199,-1.697883,-1.173531,-2.331071,-1.288859,-2.235428,-2.288737,-1.921399,-1.893994,-1.927787,-1.92176,24,24,24,24,24,24,24,24,24,24,24,24,24,24,24,24,227,2270,-2.182992,-4.349164,-1.531548,-1.548043,-1.940781,-2.422389,-2.200363,-68.57415,0.3719579,0.4836899,0.3575799,0.2424277,0.3301034,0.666791,-0.1107569,2.32625,23,23,23,23,23,23,23,23,23,23,23,23,23,23,23,23
228,2280,-27.89975,-50.90056,-12.68112,-9.990784,-9.286855,-4.81616,-3.320077,-2.76114,-2.105453,-1.844815,-0.8318459,-1.261362,-0.7154391,-2.031018,-0.7164456,-0.8449637,24,24,24,24,24,24,24,24,24,24,24,24,24,24,24,24,228,2280,-1.479581,-0.9212352,-1.834415,-1.034373,100.7342,84.08199,-1.567283,-1.173531,-1.942801,-0.9026204,-2.10403,-1.345787,-1.281493,-1.448538,-1.566506,-2.034803,24,24,24,24,24,24,24,24,24,24,24,24,24,24,24,24,228,2280,-1.72343,-4.477076,-2.553891,-1.935007,-1.811259,-1.403256,-1.165943,-68.57415,0.1247118,-0.6049134,0.1191811,0.3637026,0.5502365,0.5556424,0.3319126,2.911329,23,23,23,23,23,23,23,23,23,23,23,23,23,23,23,23
229,2290,-28.86175,-52.23051,-13.66561,-11.69569,-9.286855,-5.926682,-2.93723,-3.638857,-1.981609,-2.460168,-1.307162,-2.270419,-1.192316,-2.508887,-0.955214,-0.2414597,24,24,24,24,24,24,24,24,24,24,24,24,24,24,24,24,229,2290,-1.748575,-1.975821,-1.179808,-1.939316,100.3402,85.06373,-1.567283,-1.173531,-1.295687,-2.576324,-2.76101,-1.615202,-1.025529,-2.116722,-1.686933,-2.373935,24,24,24,24,24,24,24,24,24,24,24,24,24,24,24,24,229,2290,-1.37876,-4.221253,-3.065063,-2.45096,-1.811311,-2.167605,-2.588271,-68.79285,-0.3697803,0.3627329,1.311176,-0.2426717,-0.3302992,-0.444701,-0.2214238,2.911329,23,23,23,23,23,23,23,23,23,23,23,23,23,23,23,23
230,2300,-30.06425,-51.9887,-12.55806,-10.59968,-9.528204,-5.433117,-4.08577,-2.635753,-2.476986,-1.967885,-2.257792,-2.270419,-2.146071,-2.628352,-1.432752,-0.8449637,24,24,24,24,24,24,24,24,24,24,24,24,24,24,24,24,230,2300,-1.883072,-1.316705,-2.096261,-2.456427,100.7342,85.92284,-1.567283,-0.7823967,-1.942801,-2.190084,-0.921468,-1.076373,-2.177362,-0.3348984,-1.325652,-2.147846,24,24,24,24,24,24,24,24,24,24,24,24,24,24,24,24,230,2300,-1.03409,-3.837518,-3.83182,-1.806019,-1.163705,-1.658039,-2.976178,-68.79285,0.6192039,0.1208222,1.191977,0.3637026,-0.3302992,0.4444923,0.663915,3.028336,23,23,23,23,23,23,23,23,23,23,23,23,23,23,23,23
231,2310,-30.425,-52.47231,-12.68112,-10.59968,-8.442165,-4.81616,-3.064846,-2.635753,-2.105453,-2.706309,-1.188333,-2.270419,-1.311536,-2.389419,-1.432752,-0.9656654,24,24,24,24,24,24,24,24,24,24,24,24,24,24,24,24,231,2310,-2.152066,-1.712175,-2.489022,-1.939316,101.1283,84.94106,-1.567283,-1.434285,-2.848762,-1.803845,-0.921468,-2.288737,-1.665438,-2.228086,-2.529922,-2.373935,24,24,24,24,24,24,24,24,24,24,24,24,24,24,24,24,231,2310,-2.068103,-3.453784,-2.553891,-2.192984,-1.293227,-2.422388,-2.846877,-68.57415,0.2483352,-0.2420456,0.1191811,0.6062523,-0.4403658,0.2221944,0.3319126,2.092221,23,23,23,23,23,23,23,23,23,23,23,23,23,23,23,23
232,2320,-29.944,-52.95593,-12.80418,-10.72146,-8.442165,-5.309726,-2.93723,-3.011916,-2.105453,-3.075521,-2.376622,-2.270419,-1.788413,-2.747819,-0.8358294,-0.7242635,24,24,24,24,24,24,24,24,24,24,24,24,24,24,24,24,232,2320,-1.07609,-1.843997,-2.619945,-1.551483,101.5223,84.94106,-1.175484,-2.738061,-1.42511,-1.160114,-1.315655,-1.749908,-1.665438,-2.228086,-1.446079,-2.147846,24,24,24,24,24,24,24,24,24,24,24,24,24,24,24,24,232,2320,-1.608541,-3.453784,-3.576234,-2.966912,-2.84748,-2.167605,-2.071062,-68.46481,-0.1225342,-0.2420456,0.595979,0.9700768,-0.2202327,-0.0001035426,-0.6640948,3.145357,23,23,23,23,23,23,23,23,23,23,23,23,23,23,23,23
233,2330,-28.7415,-52.59322,-11.81969,-9.747226,-8.683501,-5.186335,-3.830539,-2.886529,-2.35309,-1.967885,-1.901306,-2.270419,-2.146071,-2.150485,-1.67152,-0.7242635,24,24,24,24,24,24,24,24,24,24,24,24,24,24,24,24,233,2330,-1.614078,-2.107644,-2.096261,-2.197871,100.4715,85.55467,-2.220282,-3.259572,-1.942801,-0.9026204,-2.235428,-1.076373,-1.921399,-1.782631,-1.084798,-1.808717,24,24,24,24,24,24,24,24,24,24,24,24,24,24,24,24,233,2330,-1.493652,-3.07005,-3.065063,-2.063995,-1.422748,-1.658039,-2.329667,-69.33956,-0.6170263,0.1208222,1.072777,0.848802,-0.3302992,-0.3335516,0.4425811,3.4964,23,23,23,23,23,23,23,23,23,23,23,23,23,23,23,23
234,2340,-30.1845,-51.9887,-12.435,-10.96502,-9.528204,-5.926682,-4.851463,-4.140409,-2.600779,-3.198643,-2.495451,-3.405131,-2.26529,-2.867287,-2.745979,-1.086366,24,24,24,24,24,24,24,24,24,24,24,24,24,24,24,24,234,2340,-3.093546,-2.107644,-2.227183,-2.197871,101.391,84.45022,-2.481481,-2.34693,-2.201648,-1.932592,-1.578448,-2.558152,-2.305344,-1.559904,-1.566506,-3.052195,24,24,24,24,24,24,24,24,24,24,24,24,24,24,24,24,234,2340,-2.412773,-5.116634,-3.192856,-2.321971,-1.811311,-2.677171,-2.329667,-68.57415,0.7428274,0.3627297,-0.119218,-0.2426717,0.2200368,0.5556424,0.2212456,2.911329,23,23,23,23,23,23,23,23,23,23,23,23,23,23,23,23
235,2350,-29.944,-53.43954,-11.94275,-11.93925,-9.407522,-7.777555,-4.979078,-5.268903,-3.343844,-5.413914,-2.733108,-4.539811,-3.219044,-4.300892,-3.462286,-0.8449637,24,24,24,24,24,24,24,24,24,24,24,24,24,24,24,24,235,2350,-1.479581,-1.580351,-2.227183,-1.422206,101.1283,83.71388,-1.828482,-1.173531,-2.71934,-1.417606,-2.366823,-2.423444,-1.665438,-1.559904,-2.409495,-2.373935,24,24,24,24,24,24,24,24,24,24,24,24,24,24,24,24,235,2350,-2.068103,-3.837518,-2.681684,-2.45096,-2.588439,-2.677171,-2.200364,-68.13677,-0.1225342,-0.0001380568,-1.846108E-05,0.9700768,-9.631868E-05,0.2221944,-0.7747618,2.32625,23,23,23,23,23,23,23,23,23,23,23,23,23,23,23,23
236,2360,-31.74776,-53.19773,-12.92724,-13.4006,-11.70028,-8.271119,-6.382849,-4.76735,-3.963065,-3.813996,-3.089595,-3.657282,-3.695921,-3.703558,-3.462286,-0.1207595,24,24,24,24,24,24,24,24,24,24,24,24,24,24,24,24,236,2360,-2.286563,-1.184882,-2.096261,-1.551483,100.0775,83.95933,-1.044884,-1.695042,-2.460493,-1.675099,-3.286592,-1.749908,-2.049381,-2.450813,-1.446079,-2.147846,24,24,24,24,24,24,24,24,24,24,24,24,24,24,24,24,236,2360,-1.263871,-3.96543,-3.065063,-2.837924,-2.070354,-1.530648,-2.071062,-69.55826,-0.3697803,0.1208157,0.3575799,0.848802,0.2200368,0.3333437,-0.7747618,3.028336,23,23,23,23,23,23,23,23,23,23,23,23,23,23,23,23
237,2370,-33.79201,-53.92315,-15.14234,-14.86194,-13.14833,-9.751817,-8.041851,-6.14662,-4.458441,-4.55242,-2.851937,-3.15298,-3.219041,-3.464623,-2.507211,0.3620443,24,24,24,24,24,24,24,24,24,24,24,24,24,24,24,24,237,2370,-1.614078,-1.712175,-1.31073,-2.585705,100.9969,85.30923,-1.306083,-2.21655,-2.331071,-3.220056,-1.972636,-1.480495,-1.921347,-1.671267,-2.529922,-3.391326,24,24,24,24,24,24,24,24,24,24,24,24,24,24,24,24,237,2370,-1.953211,-4.604988,-2.553891,-1.67703,-1.811311,-1.658039,-1.812457,-69.12088,0.7428274,0.3627297,0.4767795,-0.6064963,-0.1101629,0.5556424,-0.2214238,3.145357,23,23,23,23,23,23,23,23,23,23,23,23,23,23,23,23
238,2380,-33.79201,-54.16496,-14.15785,-15.22728,-12.06228,-10.12199,-6.510465,-7.275112,-4.953818,-5.660055,-3.446082,-5.296264,-3.457479,-5.017698,-3.223517,-0.8449637,24,24,24,24,24,24,24,24,24,24,24,24,24,24,24,24,238,2380,-2.690055,-1.448528,-2.489022,-2.068594,100.3402,85.30923,-2.350881,-1.825419,-2.331071,-2.318831,-1.315655,-1.749908,-2.561253,-1.559904,-2.650349,-2.034803,24,24,24,24,24,24,24,24,24,24,24,24,24,24,24,24,238,2380,-2.068103,-3.453784,-2.426098,-2.192984,-2.977002,-2.804563,-2.458969,-68.90218,0.001089204,0.3627297,-1.846108E-05,-0.849046,0.5502365,0.8889885,-0.6640948,1.975207,23,23,23,23,23,23,23,23,23,23,23,23,23,23,23,23
239,2390,-32.46925,-54.04406,-14.15785,-14.13127,-11.09693,-8.517902,-5.744771,-6.397395,-3.22,-4.060137,-1.901306,-3.15298,-2.384506,-2.628356,-2.387826,-0.4828616,24,24,24,24,24,24,24,24,24,24,24,24,24,24,24,24,239,2390,-1.614078,-2.107644,-2.358106,-1.810039,100.8656,84.69566,-1.306083,-2.607684,-2.71934,-2.318831,-1.578448,-2.558152,-1.793366,-2.896271,-2.529922,-1.582628,24,24,24,24,24,24,24,24,24,24,24,24,24,24,24,24,239,2390,-1.838322,-3.709607,-3.065063,-2.192984,-2.84748,-2.167605,-1.553851,-69.23022,0.001089204,-0.6049199,1.311176,1.091352,0.44017,0.6666898,-0.3320924,3.262372,23,23,23,23,23,23,23,23,23,23,23,23,23,23,23,23
240,2400,-33.19076,-53.31864,-15.75765,-14.74016,-11.57961,-8.394511,-6.255234,-5.394291,-3.839221,-3.937066,-2.970767,-3.405131,-2.026849,-3.225692,-2.029673,-0.1208109,24,24,24,24,24,24,24,24,24,24,24,24,24,24,24,24,240,2400,-2.42106,-2.76676,-2.096261,-1.680761,100.6029,84.08205,-2.089682,-3.520326,-2.589916,-2.318831,-3.155201,-2.69286,-2.689235,-3.230362,-2.168641,-2.487029,24,24,24,24,24,24,24,24,24,24,24,24,24,24,24,24,240,2400,-1.953211,-4.349164,-3.192856,-3.0959,-2.458917,-2.422388,-1.424549,-69.33956,-0.2461572,0.2417727,0.4767795,0.2424277,-0.3302992,-0.3336535,0.4425811,2.911329,23,23,23,23,23,23,23,23,23,23,23,23,23,23,23,23
241,2410,-30.42501,-52.71412,-14.52704,-13.76593,-9.890207,-8.024337,-5.106694,-6.272007,-3.839221,-4.429348,-2.376622,-3.909433,-2.026849,-3.345157,-2.268442,-1.327819,24,24,24,24,24,24,24,24,24,24,24,24,24,24,24,24,241,2410,-3.497038,-3.425876,-2.227183,-2.714983,100.4715,83.95933,-2.350881,-2.607684,-2.201648,-2.190084,-2.629616,-2.423444,-3.71309,-2.673543,-2.289068,-2.373986,24,24,24,24,24,24,24,24,24,24,24,24,24,24,24,24,241,2410,-1.953211,-4.988722,-2.681684,-1.935007,-2.070354,-2.804563,-3.105482,-69.33956,-0.4934033,0.3627297,0.595979,0.2424277,-9.631868E-05,0.2220924,0.3319126,2.911329,23,23,23,23,23,23,23,23,23,23,23,23,23,23,23,23
242,2420,-31.74776,-52.47231,-14.03479,-12.91348,-10.01089,-6.790423,-4.213385,-5.895843,-4.086909,-3.690925,-2.020135,-2.774753,-2.384506,-1.911552,-1.910289,-0.2415111,24,24,24,24,24,24,24,24,24,24,24,24,24,24,24,24,242,2420,-2.690055,-2.503165,-1.703492,-2.456427,101.391,83.46844,-2.350881,-1.955796,-2.460493,-2.318831,-2.892405,-3.231686,-2.30529,-2.005358,-2.048214,-2.600071,24,24,24,24,24,24,24,24,24,24,24,24,24,24,24,24,242,2420,-2.642554,-4.221304,-2.937269,-1.935007,-2.458917,-3.059346,-2.329667,-68.90218,0.2483352,-1.209698,-1.846108E-05,-0.2426717,-9.631868E-05,0.4443911,0.3319126,2.209236,23,23,23,23,23,23,23,23,23,23,23,23,23,23,23,23
243,2430,-32.95026,-52.71412,-14.89622,-11.20857,-10.61424,-7.037206,-5.361925,-5.770455,-4.582285,-3.937066,-2.851937,-3.531207,-2.503726,-2.986757,-1.790905,-0.1208109,24,24,24,24,24,24,24,24,24,24,24,24,24,24,24,24,243,2430,-2.555558,-1.975872,-2.227183,-1.810039,100.6029,84.32749,-1.828482,-2.086173,-2.201648,-2.318831,-3.155201,-2.827565,-2.561253,-2.339449,-2.529922,-2.82616,24,24,24,24,24,24,24,24,24,24,24,24,24,24,24,24,243,2430,-1.72343,-3.965481,-3.192805,-3.353877,-2.84748,-2.804563,-2.071062,-68.46481,0.1247118,0.3627297,0.3575799,0.848802,0.2200368,-0.4448021,-0.2214238,2.677293,23,23,23,23,23,23,23,23,23,23,23,23,23,23,23,23
244,2440,-30.54526,-51.74689,-12.55806,-9.869005,-7.95948,-6.420249,-3.830539,-5.018126,-3.715376,-4.060137,-2.020135,-3.657282,-1.669191,-2.986757,-1.432752,-1.086417,24,24,24,24,24,24,24,24,24,24,24,24,24,24,24,24,244,2440,-2.824552,-3.162281,-2.358106,-2.068595,100.2089,84.45022,-1.828482,-2.086173,-2.201648,-2.576324,-3.023803,-2.423444,-2.561253,-2.450813,-1.446079,-2.487029,24,24,24,24,24,24,24,24,24,24,24,24,24,24,24,24,244,2440,-2.412773,-3.965481,-2.937218,-2.966912,-2.199875,-2.167605,-2.846877,-70.21432,0.001089204,0.1208157,0.3575799,0.1211528,0.1099702,0.3332426,0.5532481,3.4964,23,23,23,23,23,23,23,23,23,23,23,23,23,23,23,23
245,2450,-30.18451,-52.47231,-13.54255,-11.93925,-9.166186,-7.777555,-4.723847,-5.268903,-3.343844,-3.075573,-2.257792,-2.522602,-1.549971,-2.628356,-1.432752,-0.2415111,24,24,24,24,24,24,24,24,24,24,24,24,24,24,24,24,245,2450,-2.286564,-2.503165,-1.703492,-2.973538,100.6029,85.1865,-2.089682,-2.21655,-2.331071,-3.09131,-2.76101,-2.827565,-2.30529,-2.005358,-2.650349,-3.165292,24,24,24,24,24,24,24,24,24,24,24,24,24,24,24,24,245,2450,-3.217002,-4.349216,-2.809426,-2.45096,-2.588386,-1.912822,-2.329667,-68.57415,0.6192039,-0.2420521,0.2383807,0.1211528,-9.631868E-05,0.5555404,0.3319126,2.794308,23,23,23,23,23,23,23,23,23,23,23,23,23,23,23,23
246,2460,-32.58951,-52.47231,-14.52704,-9.747227,-8.321485,-6.667031,-5.872387,-5.519679,-3.963065,-3.444784,-2.495451,-2.900829,-2.026849,-2.628356,-1.193983,-0.6036131,24,24,24,24,24,24,24,24,24,24,24,24,24,24,24,24,246,2460,-2.152067,-1.844049,-2.750868,-2.456427,100.6029,84.69561,-2.350881,-2.21655,-3.366453,-2.576324,-1.841241,-2.154031,-2.177308,-2.005358,-3.252484,-2.260943,24,24,24,24,24,24,24,24,24,24,24,24,24,24,24,24,246,2460,-2.757443,-3.965481,-2.426047,-2.708936,-3.106471,-1.912822,-1.683154,-68.68349,0.001089204,-0.2420521,0.2383807,0.848802,0.1099702,0.1109439,-0.3320924,2.560279,23,23,23,23,23,23,23,23,23,23,23,23,23,23,23,23
247,2470,-30.54526,-51.74689,-12.31194,-8.285879,-6.511425,-4.81616,-3.192461,-3.638857,-2.229246,-2.952502,-1.544819,-2.900829,-1.549971,-2.86729,-0.8358294,-0.845015,24,24,24,24,24,24,24,24,24,24,24,24,24,24,24,24,247,2470,-1.748575,-2.634988,-3.012713,-2.197872,100.7342,84.20472,-2.220282,-1.825419,-2.848762,-2.318831,-1.578448,-2.827565,-2.30529,-2.673543,-2.650349,-2.600071,24,24,24,24,24,24,24,24,24,24,24,24,24,24,24,24,247,2470,-2.068103,-4.349216,-3.576183,-2.45096,-2.199823,-2.167605,-3.105481,-69.88629,0.1247118,0.7255975,1.072777,0.6062523,0.5502365,-0.2225034,0.4425811,3.262372,23,23,23,23,23,23,23,23,23,23,23,23,23,23,23,23
248,2480,-32.10851,-53.43954,-12.80418,-9.503669,-7.476795,-5.803291,-3.958154,-4.516574,-3.096156,-2.952502,-1.901306,-2.144287,-1.311533,-2.508888,-0.955214,-0.2415111,24,24,24,24,24,24,24,24,24,24,24,24,24,24,24,24,248,2480,-2.152067,-3.030457,-2.489022,-1.810039,100.2089,84.32744,-1.697883,-3.520274,-2.201648,-1.932592,-1.972636,-2.154031,-2.049329,-2.450813,-1.927787,-2.147897,24,24,24,24,24,24,24,24,24,24,24,24,24,24,24,24,248,2480,-2.182992,-4.477128,-3.320597,-3.0959,-2.588386,-1.785431,-1.683153,-69.23023,0.2483352,0.6046405,0.1191811,-1.091596,-0.5504324,-0.1113548,-0.4427593,3.028336,23,23,23,23,23,23,23,23,23,23,23,23,23,23,23,23
249,2490,-31.02626,-52.35141,-12.68112,-9.381889,-7.95948,-4.81616,-4.213385,-4.391186,-3.591532,-3.075573,-2.970767,-3.405131,-2.026849,-2.86729,-2.029673,-0.845015,24,24,24,24,24,24,24,24,24,24,24,24,24,24,24,24,249,2490,-2.421061,-1.316757,-1.179808,-1.422206,100.6029,85.4319,-2.220282,-2.477256,-2.331071,-0.5163813,-1.841241,-1.345787,-2.689235,-2.005358,-1.686933,-1.808769,24,24,24,24,24,24,24,24,24,24,24,24,24,24,24,24,249,2490,-2.297881,-3.709659,-2.042668,-1.935007,-2.329344,-2.677172,-2.458969,-68.6835,0.9900734,0.8465513,-1.846108E-05,0.9700768,0.7703729,0.6666898,-0.5534263,2.092221,23,23,23,23,23,23,23,23,23,23,23,23,23,23,23,23
250,2500,-31.02626,-51.9887,-13.0503,-9.503669,-7.718132,-5.186335,-3.447692,-4.140409,-2.35309,-2.82938,-1.069504,-2.522602,-1.430752,-2.508888,-1.074598,-0.3622112,24,24,24,24,24,24,24,24,24,24,24,24,24,24,24,24,250,2500,-2.286564,-1.975872,-1.31073,-1.810039,101.391,83.71383,-2.089682,-1.955744,-2.201648,-2.31883,-1.972636,-3.096981,-2.177308,-2.116722,-2.048214,-2.713117,24,24,24,24,24,24,24,24,24,24,24,24,24,24,24,24,250,2500,-1.148982,-3.83757,-2.937218,-2.966912,-2.847428,-1.785431,-1.683153,-69.44893,-0.1225342,-0.4839564,0.4767795,0.7275271,-9.631868E-05,-0.2225034,0.3319126,3.262372,23,23,23,23,23,23,23,23,23,23,23,23,23,23,23,23
251,2510,-30.90601,-52.71412,-13.54255,-11.33035,-8.562834,-5.556509,-4.08577,-3.764246,-2.476935,-3.444732,-1.782477,-2.522602,-1.073095,-1.911552,-0.8358294,-0.6036131,24,24,24,24,24,24,24,24,24,24,24,24,24,24,24,24,251,2510,-1.748575,-1.844049,-1.441647,-1.810039,100.9969,83.46838,-1.828482,-1.303856,-2.331071,-1.675099,-2.10403,-3.231686,-1.921347,-2.005358,-1.686933,-2.034854,24,24,24,24,24,24,24,24,24,24,24,24,24,24,24,24,251,2510,-2.527662,-4.093393,-3.576183,-2.579948,-1.940781,-1.403256,-4.657112,-70.105,0.001088401,0.7256039,0.7151783,-0.1213969,-0.5504324,0.4443911,0.1105787,3.145357,23,23,23,23,23,23,23,23,23,23,23,23,23,23,23,23
252,2520,-30.78576,-52.1096,-13.66561,-10.84324,-9.76954,-5.309726,-4.08577,-3.388081,-2.724623,-2.706309,-2.138964,-1.892073,-2.503726,-2.031019,-1.432752,-0.7243149,24,24,24,24,24,24,24,24,24,24,24,24,24,24,24,24,252,2520,-1.479581,-1.448579,-1.965338,-1.939317,99.94617,84.57289,-1.828482,-2.216498,-2.71934,-3.220056,-3.41799,-2.288741,-2.049329,-2.56218,-1.686933,-2.82616,24,24,24,24,24,24,24,24,24,24,24,24,24,24,24,24,252,2520,-2.297881,-3.709659,-3.320597,-2.45096,-2.97695,-3.441522,-2.200363,-68.79285,-0.7406497,0.4836932,0.1191803,0.3636993,0.1099702,0.1109439,-0.4427593,1.858193,23,23,23,23,23,23,23,23,23,23,23,23,23,23,23,23
253,2530,-31.74776,-53.07683,-13.91173,-9.990785,-8.321485,-5.186335,-4.08577,-3.513469,-2.35309,-3.198592,-1.307162,-2.396527,-1.78841,-2.628356,-1.432752,-0.482913,24,24,24,24,24,24,24,24,24,24,24,24,24,24,24,24,253,2530,-2.152067,-2.107695,-2.227183,-2.714983,100.9969,84.32744,-1.306083,-1.825367,-1.813379,-2.447577,-1.709843,-1.884618,-1.665438,-1.671267,-2.168641,-2.939203,24,24,24,24,24,24,24,24,24,24,24,24,24,24,24,24,253,2530,-1.493652,-4.093393,-2.809426,-3.224888,-2.847428,-1.530648,-3.493389,-70.105,-0.3697807,-0.4839564,1.072777,0.9700736,0.5501884,0.1109439,-0.4427593,3.730429,23,23,23,23,23,23,23,23,23,23,23,23,23,23,23,23
254,2540,-30.42501,-53.68135,-12.06582,-10.4779,-7.95948,-6.54364,-3.958154,-5.143515,-4.086909,-4.675439,-2.733108,-3.15298,-2.742164,-2.986754,-2.268442,-0.845015,24,24,24,24,24,24,24,24,24,24,24,24,24,24,24,24,254,2540,-3.36254,-1.844049,-2.096261,-2.456427,100.4715,84.45016,-2.612081,-1.694991,-2.460493,-2.31883,-1.972636,-1.884618,-2.049381,-2.116722,-2.770776,-2.373986,24,24,24,24,24,24,24,24,24,24,24,24,24,24,24,24,254,2540,-2.757443,-4.73295,-3.576183,-2.063995,-2.070302,-1.275865,-1.553851,-69.44893,0.001088401,0.3627362,0.1191803,-0.4852246,-0.110211,0.5555927,-0.1107569,2.677293,23,23,23,23,23,23,23,23,23,23,23,23,23,23,23,23
255,2550,-29.70351,-52.95593,-12.06582,-10.35612,-8.683501,-6.420249,-4.213385,-4.140409,-3.467688,-2.214027,-1.782477,-2.648678,-1.669191,-1.91155,-2.029622,-0.2415111,24,24,24,24,24,24,24,24,24,24,24,24,24,24,24,24,255,2550,-2.152067,-1.712226,-2.619945,-1.939317,100.6029,84.81828,-1.044884,-1.825367,-3.107608,-1.288859,-1.447053,-2.019326,-0.8975472,-1.671267,-2.048214,-1.808769,24,24,24,24,24,24,24,24,24,24,24,24,24,24,24,24,255,2550,-1.953211,-4.349216,-2.681633,-1.67703,-2.458865,-3.059347,-1.812456,-69.33958,0.2483352,0.6046469,-0.3576176,0.2424245,0.7703247,0.3332939,0.1105787,1.975207,23,23,23,23,23,23,23,23,23,23,23,23,23,23,23,23
256,2560,-31.50726,-52.23051,-12.31194,-10.84324,-9.648871,-6.790422,-4.851463,-4.015022,-2.724623,-3.075521,-1.663648,-2.27047,-1.78841,-2.389419,-1.313315,-0.6036115,24,24,24,24,24,24,24,24,24,24,24,24,24,24,24,24,256,2560,-1.748575,-3.030457,-1.965338,-1.939317,99.81482,84.69561,-1.959082,-3.129143,-1.942801,-1.031367,-1.972636,-1.480497,-1.793417,-3.118998,-1.446079,-1.695671,24,24,24,24,24,24,24,24,24,24,24,24,24,24,24,24,256,2560,-1.608541,-3.325923,-2.681633,-2.579948,-1.940781,-2.294997,-2.07106,-69.23023,-0.3697807,-0.967778,0.5959787,-0.2426749,-0.000144478,0.5555927,0.1105787,3.145306,23,23,23,23,23,23,23,23,23,23,23,23,23,23,23,23
257,2570,-30.54526,-52.47231,-13.41949,-14.13127,-10.97625,-9.258251,-5.361925,-5.645067,-3.963065,-4.92158,-2.495451,-3.405131,-2.146068,-3.225688,-2.149006,-0.7243116,24,24,24,24,24,24,24,24,24,24,24,24,24,24,24,24,257,2570,-2.824552,-2.239518,-1.572569,-1.680761,99.94617,84.57289,-2.220282,-1.825367,-1.813379,-1.417606,-1.709843,-1.615205,-2.177362,-1.559904,-1.446079,-1.695671,24,24,24,24,24,24,24,24,24,24,24,24,24,24,24,24,257,2570,-1.723385,-4.477128,-3.703976,-2.45096,-2.329344,-1.658039,-1.812456,-69.01154,-0.4934037,-0.0001316355,0.3575795,-0.0001252143,-0.7706137,-0.0001533072,-0.1107569,2.794263,23,23,23,23,23,23,23,23,23,23,23,23,23,23,23,23
258,2580,-31.02626,-52.95593,-14.15785,-14.13127,-11.82095,-9.381641,-7.020927,-5.519679,-3.963065,-4.183156,-2.495451,-2.900829,-2.742164,-2.628352,-2.029622,-0.2415079,24,24,24,24,24,24,24,24,24,24,24,24,24,24,24,24,258,2580,-2.286564,-1.843997,-1.441647,-1.551484,100.7342,82.85477,-2.481481,-2.086121,-1.554532,-2.061338,-1.972636,-2.288741,-1.665438,-1.782631,-1.927787,-2.373935,24,24,24,24,24,24,24,24,24,24,24,24,24,24,24,24,258,2580,-1.723385,-4.477075,-2.298254,-1.419054,-2.199823,-1.785431,-2.588271,-68.46482,0.4955813,0.6046469,0.2383799,-0.3639498,0.4401218,0.3332939,-0.1107569,1.858141,23,23,23,23,23,23,23,23,23,23,23,23,23,23,23,23
259,2590,-34.03251,-53.07683,-14.6501,-14.86194,-12.78632,-9.9986,-8.041851,-6.648172,-4.70613,-4.060086,-1.901306,-3.279056,-1.78841,-2.508887,-2.029622,0.1205942,24,24,24,24,24,24,24,24,24,24,24,24,24,24,24,24,259,2590,-1.614078,-2.107644,-1.703492,-1.292928,99.94617,83.22294,-1.697883,-1.825367,-2.848762,-1.288859,-2.235428,-2.827568,-1.153511,-1.782631,-1.927787,-1.582628,24,24,24,24,24,24,24,24,24,24,24,24,24,24,24,24,259,2590,-2.068055,-3.581695,-2.553891,-2.321971,-1.940781,-1.785431,-1.165943,-68.57417,-0.2461576,-0.2420424,0.4767791,-0.2426749,-0.000144478,0.3332939,-8.989744E-05,2.677248,23,23,23,23,23,23,23,23,23,23,23,23,23,23,23,23
260,2600,-32.46926,-53.68135,-14.77316,-16.68863,-13.14833,-9.505034,-6.63808,-7.149724,-4.829974,-5.290792,-2.257792,-3.657282,-2.861383,-3.823025,-3.104081,-0.9657136,24,24,24,24,24,24,24,24,24,24,24,24,24,24,24,24,260,2600,-1.345084,-2.37129,-1.441647,-1.163651,99.68346,84.08199,-1.697883,-1.434233,-1.554532,-1.803845,-2.629616,-1.615205,-1.153511,-2.228086,-1.566506,-2.713066,24,24,24,24,24,24,24,24,24,24,24,24,24,24,24,24,260,2600,-1.493604,-4.221252,-3.704027,-2.063945,-1.811259,-1.658039,-1.812456,-68.57417,-0.2461576,0.7256039,0.7151783,-0.2426749,-0.440414,-0.4447507,0.1105787,2.677248,23,23,23,23,23,23,23,23,23,23,23,23,23,23,23,23
261,2610,-33.91226,-53.07683,-15.75765,-16.93219,-13.87236,-10.12199,-7.659005,-6.77356,-4.582285,-4.060086,-2.257792,-3.405131,-2.742164,-2.986754,-2.507159,-0.1208077,24,24,24,24,24,24,24,24,24,24,24,24,24,24,24,24,261,2610,-1.748575,-1.975821,-1.441647,-2.327149,100.7342,84.69561,-2.350881,-1.173479,-1.942801,-1.932591,-1.972636,-1.480497,-1.793417,-1.225811,-1.80736,-2.373935,24,24,24,24,24,24,24,24,24,24,24,24,24,24,24,24,261,2610,-1.378715,-3.837518,-3.192856,-1.032039,-2.329342,-2.677172,-2.846876,-68.79285,0.001088401,0.1208254,0.8343774,-0.0001252143,-0.440414,0.5555927,0.3319126,2.794263,23,23,23,23,23,23,23,23,23,23,23,23,23,23,23,23
262,2620,-34.99451,-53.56045,-17.4805,-17.4193,-15.8031,-9.9986,-8.041851,-6.898949,-4.70613,-4.92158,-2.733108,-3.279056,-3.219041,-2.747819,-1.552084,-0.6036115,24,24,24,24,24,24,24,24,24,24,24,24,24,24,24,24,262,2620,-2.286564,-1.184882,-1.965338,-1.810039,100.6029,84.941,-2.220282,-1.303856,-2.978185,-1.546352,-1.184261,-1.211082,-1.665438,-1.559904,-2.770776,-2.486977,24,24,24,24,24,24,24,24,24,24,24,24,24,24,24,24,262,2620,-2.297836,-3.581695,-2.937269,-1.805969,-1.422694,-1.912822,-2.329666,-68.79285,0.3719579,-0.3629994,-0.238418,-0.6064995,0.3300552,0.5555927,0.3319126,2.09217,23,23,23,23,23,23,23,23,23,23,23,23,23,23,23,23
263,2630,-36.79827,-53.07683,-16.37295,-15.59262,-13.38967,-8.641294,-6.127618,-6.14662,-3.343844,-4.92158,-2.138964,-3.657282,-2.384506,-4.061958,-2.626544,-0.7243116,24,24,24,24,24,24,24,24,24,24,24,24,24,24,24,24,263,2630,-0.8070959,-2.37129,-2.619945,-1.292928,100.9969,83.95927,-1.828533,-1.955744,-2.848762,-1.546352,-1.184261,-2.558154,-1.537456,-2.450813,-2.048214,-2.034803,24,24,24,24,24,24,24,24,24,24,24,24,24,24,24,24,263,2630,-1.378715,-3.581695,-3.448442,-2.708886,-2.199821,-2.294997,-1.424601,-68.02744,-0.4934037,-0.4839564,0.7151783,0.7275239,0.2199887,-0.4447507,-0.6640948,3.26232,23,23,23,23,23,23,23,23,23,23,23,23,23,23,23,23
264,2640,-36.19702,-53.56045,-16.37295,-14.13127,-11.70028,-8.024337,-5.23431,-4.892738,-3.22,-3.567804,-2.376622,-3.026904,-2.503726,-2.867287,-1.790853,-0.1208077,24,24,24,24,24,24,24,24,24,24,24,24,24,24,24,24,264,2640,-1.748575,-3.162229,-2.227183,-1.680761,100.3402,84.81828,-1.828533,-2.738061,-2.072224,-1.160113,-2.235428,-1.34579,-2.305344,-2.673543,-1.80736,-2.260892,24,24,24,24,24,24,24,24,24,24,24,24,24,24,24,24,264,2640,-1.378715,-3.581695,-3.83182,-1.934957,-1.681737,-2.54978,-2.588325,-69.55826,0.8664507,0.2417791,0.953577,0.2424245,-0.000144478,0.7778913,0.4425811,2.911277,23,23,23,23,23,23,23,23,23,23,23,23,23,23,23,23
265,2650,-36.19702,-53.19773,-15.75765,-13.4006,-11.33826,-7.654163,-6.382849,-6.146619,-3.591532,-3.567804,-3.208423,-4.161584,-2.742164,-3.464623,-2.626544,-0.7243116,24,24,24,24,24,24,24,24,24,24,24,24,24,24,24,24,265,2650,-2.555558,-2.37129,-2.227183,-1.810039,99.94617,83.71383,-3.265131,-2.477307,-2.072224,-1.932591,-2.629616,-2.827568,-3.201217,-2.116722,-1.686933,-2.939152,24,24,24,24,24,24,24,24,24,24,24,24,24,24,24,24,265,2650,-3.102065,-4.221252,-3.320648,-2.837874,-2.0703,-2.040214,-3.105534,-68.46481,0.7428274,-0.2420424,-0.238418,-0.1214001,-0.000144478,0.4444433,-0.3320924,2.794263,23,23,23,23,23,23,23,23,23,23,23,23,23,23,23,23
266,2660,-35.83627,-51.50508,-15.38846,-14.86195,-12.30363,-8.764686,-5.872387,-6.146619,-4.086909,-3.937015,-2.138964,-3.279056,-2.265287,-3.58409,-1.790853,-1.448517,24,24,24,24,24,24,24,24,24,24,24,24,24,24,24,24,266,2660,-2.555558,-1.843997,-1.048885,-2.456427,100.3402,83.34566,-1.828533,-2.086173,-1.942801,-2.061338,-1.709843,-2.69286,-2.177362,-1.671267,-1.686933,-3.052195,24,24,24,24,24,24,24,24,24,24,24,24,24,24,24,24,266,2660,-2.757395,-3.581695,-2.937269,-2.966863,-2.717905,-2.422389,-2.200416,-68.35547,0.3719579,0.3627329,0.3575795,0.2424245,0.7703247,-0.0001533072,-0.8854287,2.911277,23,23,23,23,23,23,23,23,23,23,23,23,23,23,23,23
267,2670,-36.91852,-53.31864,-16.8652,-15.1055,-12.54497,-9.134859,-6.127618,-5.519679,-4.582285,-3.444732,-2.020135,-2.900829,-2.026849,-2.867287,-1.313315,-0.0001075559,24,24,24,24,24,24,24,24,24,24,24,24,24,24,24,24,267,2670,-1.748575,-1.712175,-1.834415,-1.551483,100.0775,82.97749,-2.089733,-1.303908,-2.589916,-1.417606,-2.235428,-2.288741,-2.561308,-1.782631,-2.048214,-2.486977,24,24,24,24,24,24,24,24,24,24,24,24,24,24,24,24,267,2670,-1.723385,-3.837518,-2.553891,-2.708886,-1.681737,-1.658039,-1.036694,-68.46481,-0.7406497,-0.3630026,0.2383807,0.606249,0.4401218,0.2221454,-0.1107569,3.730384,23,23,23,23,23,23,23,23,23,23,23,23,23,23,23,23
268,2680,-36.31727,-52.23051,-16.49601,-14.00949,-12.54497,-8.641294,-6.382849,-4.391186,-4.458441,-3.567804,-2.495451,-2.900829,-3.099822,-2.986754,-2.26839,-0.6036115,24,24,24,24,24,24,24,24,24,24,24,24,24,24,24,24,268,2680,-1.345084,-2.37129,-1.703492,-2.068594,99.81482,84.20472,-1.306134,-1.564665,-1.295687,-2.190084,-1.578448,-2.019326,-1.153511,-1.782631,-1.325652,-2.60002,24,24,24,24,24,24,24,24,24,24,24,24,24,24,24,24,268,2680,-2.297836,-4.604987,-3.448442,-1.67698,-2.0703,-1.658039,-2.588325,-68.79285,0.001088401,0.2417759,1.072777,-0.4851733,-0.3303474,-0.0001533072,0.1105787,3.379334,23,23,23,23,23,23,23,23,23,23,23,23,23,23,23,23
269,2690,-36.43752,-52.47231,-15.88071,-13.15704,-11.33826,-7.777554,-5.23431,-4.641962,-2.724623,-2.82938,-1.663648,-2.018205,-1.66919,-2.389419,-0.9551619,-0.4829098,24,24,24,24,24,24,24,24,24,24,24,24,24,24,24,24,269,2690,-1.614078,-1.843997,-1.31073,-2.456427,99.68346,84.69561,-2.350932,-1.043154,-1.942801,-2.962563,-1.315655,-0.8069611,-1.537456,-0.8917183,-1.80736,-2.60002,24,24,24,24,24,24,24,24,24,24,24,24,24,24,24,24,269,2690,-1.493604,-3.453783,-1.914927,-2.321922,-2.329342,-2.294997,-2.200416,-68.35547,0.6192039,0.9675115,-0.119218,0.2424759,0.7703247,0.4444433,-0.5534263,2.44322,23,23,23,23,23,23,23,23,23,23,23,23,23,23,23,23
270,2700,-33.43126,-52.95593,-15.2654,-14.37483,-11.2176,-10.12199,-6.255234,-6.397396,-4.953818,-4.798509,-2.733108,-3.405131,-1.907628,-2.986754,-1.671468,-0.7243116,24,24,24,24,24,24,24,24,24,24,24,24,24,24,24,24,270,2700,-1.479581,-1.316705,-1.834415,-1.551483,100.6029,84.941,-2.742732,-1.564665,-2.201648,-2.061338,-0.921468,-1.211082,-1.281493,-1.337229,-2.048214,-2.034803,24,24,24,24,24,24,24,24,24,24,24,24,24,24,24,24,270,2700,-1.493604,-3.453783,-3.704027,-2.192933,-2.199821,-1.403256,-0.907391,-68.68349,-0.4934037,-1.451606,-1.846108E-05,0.2424759,0.660255,0.6667404,-0.2214238,2.560228,23,23,23,23,23,23,23,23,23,23,23,23,23,23,23,23
271,2710,-33.55151,-52.83503,-15.75765,-14.13127,-12.90699,-9.381641,-6.382849,-5.895842,-4.210753,-3.321662,-2.851937,-2.900829,-1.907628,-2.031018,-2.029622,-0.1208077,24,24,24,24,24,24,24,24,24,24,24,24,24,24,24,24,271,2710,-0.672599,-1.448528,-1.703492,-0.9050946,100.7342,83.5911,-1.697935,-2.34693,-1.683956,-1.031367,-1.052866,-1.884618,-0.5136017,-2.339504,-2.048214,-1.356543,24,24,24,24,24,24,24,24,24,24,24,24,24,24,24,24,271,2710,-1.263823,-3.325872,-4.215199,-2.708886,-2.0703,-1.403256,-2.071114,-68.35547,-0.7406497,0.3627329,0.4767795,0.2424759,-0.9907468,-0.0001549125,-0.22148,3.028291,23,23,23,23,23,23,23,23,23,23,23,23,23,23,23,23
272,2720,-33.43126,-52.83503,-15.51152,-14.86195,-13.38967,-9.134859,-7.403773,-6.397396,-4.458441,-4.675439,-2.138964,-3.657282,-2.622944,-3.225688,-1.910237,-0.4829098,24,24,24,24,24,24,24,24,24,24,24,24,24,24,24,24,272,2720,-1.479581,-2.634937,-1.31073,-1.551483,100.3402,84.69561,-2.089733,-2.998818,-2.072224,-0.9026204,-1.972636,-1.480497,-1.409475,-1.894049,-1.325652,-2.147897,24,24,24,24,24,24,24,24,24,24,24,24,24,24,24,24,272,2720,-1.493604,-4.349164,-3.448442,-1.67698,-1.552216,-1.530648,-2.976232,-68.79285,0.4955813,0.7256007,0.1191811,0.3637507,-0.2202776,0.2221438,-0.000144478,3.028291,23,23,23,23,23,23,23,23,23,23,23,23,23,23,23,23
273,2730,-33.79201,-52.95593,-15.88071,-15.83618,-13.51034,-11.23251,-7.531389,-7.902053,-5.077662,-5.906145,-2.733108,-4.28766,-3.219039,-3.823025,-1.790853,-0.6036115,24,24,24,24,24,24,24,24,24,24,24,24,24,24,24,24,273,2730,-1.883072,-1.316705,-1.179808,-1.551483,101.391,83.95927,-2.742732,-1.434285,-0.3897263,-1.417606,-1.052866,-1.884618,-2.177362,-1.1145,-0.9643707,-2.373986,24,24,24,24,24,24,24,24,24,24,24,24,24,24,24,24,273,2730,-2.29783,-3.837518,-2.681684,-1.419004,-1.034131,-1.785431,-2.459022,-68.02744,0.3719579,-0.3630026,-1.846108E-05,0.2424759,0.2199887,0.3332923,0.331858,2.677248,23,23,23,23,23,23,23,23,23,23,23,23,23,23,23,23
274,2740,-34.03251,-53.19773,-16.24989,-15.7144,-12.54497,-9.751816,-6.893312,-6.522784,-4.582285,-4.92158,-2.851937,-3.15298,-3.457478,-2.628352,-2.984696,-0.2415079,24,24,24,24,24,24,24,24,24,24,24,24,24,24,24,24,274,2740,-1.614078,-1.316705,-1.179808,-2.068594,100.8656,83.5911,-2.350932,-1.173531,-1.42511,-1.417606,-0.7900733,-1.884618,-1.537456,-1.894049,-1.325652,-1.808769,24,24,24,24,24,24,24,24,24,24,24,24,24,24,24,24,274,2740,-1.723379,-3.453835,-2.681684,-2.063945,-2.329342,-0.7662986,-2.459022,-67.59004,0.6192039,0.4836899,0.3575799,0.4850256,-0.2202776,-0.0001549125,-0.9961535,2.911277,23,23,23,23,23,23,23,23,23,23,23,23,23,23,23,23
275,2750,-36.19701,-53.43954,-18.46499,-16.81041,-15.07906,-10.12199,-7.78662,-7.525888,-4.829974,-5.167721,-2.376622,-4.28766,-2.980602,-2.747819,-1.671468,-0.1208077,24,24,24,24,24,24,24,24,24,24,24,24,24,24,24,24,275,2750,-0.6725982,-1.316705,-1.834415,-1.422206,99.55211,83.10021,-1.306134,-0.9127768,-2.460493,-1.160113,-2.10403,-1.615205,-1.025529,-0.557682,-1.927787,-1.695722,24,24,24,24,24,24,24,24,24,24,24,24,24,24,24,24,275,2750,-1.148931,-3.198012,-3.703977,-2.321922,-1.034131,-0.8936897,-2.976232,-69.55826,-0.1225342,0.3627329,0.595979,0.121201,-0.110211,-0.0001549125,0.331858,3.730384,23,23,23,23,23,23,23,23,23,23,23,23,23,23,23,23
276,2760,-34.39326,-53.92315,-16.98826,-16.56685,-13.99302,-10.24538,-6.765696,-7.902053,-4.953818,-6.152286,-2.851937,-5.170188,-2.861382,-4.539827,-1.910237,-1.086415,24,24,24,24,24,24,24,24,24,24,24,24,24,24,24,24,276,2760,-2.017569,-1.843997,-0.6561164,-1.939316,99.55211,84.20472,-1.697935,-1.825419,-1.42511,-2.190084,-1.841241,-1.076376,-1.537456,-1.448593,-1.084798,-2.147897,24,24,24,24,24,24,24,24,24,24,24,24,24,24,24,24,276,2760,-1.26382,-4.73295,-2.809427,-1.290068,-0.3865253,-0.5115148,-2.071114,-68.35547,0.6192039,-0.7258704,-0.3576172,-0.6064481,0.2199887,-0.0001549125,-0.000144478,3.028291,23,23,23,23,23,23,23,23,23,23,23,23,23,23,23,23
277,2770,-35.47551,-53.68135,-18.83417,-18.88065,-15.68242,-11.60269,-7.403773,-7.024336,-4.953818,-5.413863,-2.614279,-4.918037,-3.457478,-2.747819,-2.149006,-0.1208077,24,24,24,24,24,24,24,24,24,24,24,24,24,24,24,24,277,2770,-1.479581,-0.9212352,-1.572569,-1.939316,100.4715,84.45016,-1.959133,-0.6520197,-1.683956,-2.31883,-1.447053,-1.480497,-1.793417,-0.557682,-1.325652,-2.260943,24,24,24,24,24,24,24,24,24,24,24,24,24,24,24,24,277,2770,-1.723379,-3.198012,-2.809427,-1.80602,-1.681737,-0.7662986,-1.812509,-68.02744,0.3719579,-0.0001348462,-0.8344151,0.7275752,-0.000144478,0.1109944,-0.22148,2.560228,23,23,23,23,23,23,23,23,23,23,23,23,23,23,23,23
278,2780,-36.67801,-53.68135,-19.32641,-18.0282,-16.04443,-11.23251,-8.424697,-7.275111,-6.315722,-5.783074,-3.089595,-4.918037,-3.338259,-3.225688,-2.745928,0.2412944,24,24,24,24,24,24,24,24,24,24,24,24,24,24,24,24,278,2780,-0.9415926,-0.525766,-1.965338,-1.680761,100.3402,84.81828,-1.436734,-1.303908,-1.683956,-0.773874,-0.6586785,-0.9416676,-0.8975472,-0.6690456,-1.566506,-1.58268,24,24,24,24,24,24,24,24,24,24,24,24,24,24,24,24,278,2780,-1.148931,-3.070101,-3.065013,-1.548043,-1.293174,-0.3840716,-1.424601,-68.57415,-0.6170267,-0.6049134,1.191977,0.2424759,0.7703247,0.555591,-0.664151,3.145306,23,23,23,23,23,23,23,23,23,23,23,23,23,23,23,23
279,2790,-34.51351,-54.64857,-18.21886,-17.54108,-14.59638,-11.84947,-7.659005,-7.651276,-5.449195,-7.01378,-3.208423,-5.800566,-3.576698,-4.300892,-2.507159,-1.207116,24,24,24,24,24,24,24,24,24,24,24,24,24,24,24,24,279,2790,-0.8070956,-2.107644,-2.489022,-1.939316,100.0775,83.71383,-1.567335,-1.695042,-2.589916,-0.9026204,-0.3958858,-1.884618,-0.5136017,-1.671322,-1.686933,-1.695722,24,24,24,24,24,24,24,24,24,24,24,24,24,24,24,24,279,2790,-1.148931,-3.709659,-4.215149,-1.548043,-0.9046106,-0.6388545,-1.683207,-68.24612,-0.2461572,0.7256007,0.4767795,0.121201,-0.5504805,0.2221438,-0.4428155,2.911277,23,23,23,23,23,23,23,23,23,23,23,23,23,23,23,23
280,2800,-34.87426,-54.40678,-18.83417,-17.29753,-15.19973,-12.21964,-8.041851,-7.776665,-4.953818,-5.906145,-2.376622,-4.413735,-2.980602,-2.747819,-1.790853,-0.4829098,24,24,24,24,24,24,24,24,24,24,24,24,24,24,24,24,280,2800,-0.8070956,-2.239467,-1.179808,-0.6465399,99.94617,83.95927,-1.959133,-2.086173,-0.6485731,-0.9026204,-0.7900733,-0.40284,-0.7695654,-1.225865,-0.7235171,-0.9044196,24,24,24,24,24,24,24,24,24,24,24,24,24,24,24,24,280,2800,-1.378709,-3.709659,-3.320599,-0.9031032,-0.9046106,-0.7662464,-2.717627,-68.68349,0.001088401,0.7256007,0.2383807,-0.3638984,-0.440414,0.555591,0.2211894,2.677248,23,23,23,23,23,23,23,23,23,23,23,23,23,23,23,23
281,2810,-35.11476,-54.04406,-19.08029,-16.44507,-15.56175,-11.60269,-8.679928,-7.149724,-6.315722,-6.152286,-4.396713,-5.422339,-3.338259,-3.345156,-2.26839,-0.8450134,24,24,24,24,24,24,24,24,24,24,24,24,24,24,24,24,281,2810,-1.210587,-1.053059,-0.2633481,-1.034373,100.7342,84.20472,-2.089733,-1.043154,-1.166211,-0.773874,-0.5272806,-0.9416676,-1.793417,-0.8917729,-0.6030898,-1.58268,24,24,24,24,24,24,24,24,24,24,24,24,24,24,24,24,281,2810,-0.3446989,-3.198012,-3.320599,-1.032091,-0.7750893,-1.021029,-0.1315753,-67.59004,-0.1225342,-0.6049134,0.7151787,-0.1213487,0.660255,0.3332923,0.1105225,2.326199,23,23,23,23,23,23,23,23,23,23,23,23,23,23,23,23
282,2820,-34.15276,-53.68135,-19.08029,-17.78464,-15.92376,-13.33017,-9.573236,-7.651276,-5.32535,-6.398427,-2.851937,-4.791962,-2.742163,-3.106221,-1.552084,-0.6036115,24,24,24,24,24,24,24,24,24,24,24,24,24,24,24,24,282,2820,-2.42106,-1.053059,-1.179808,-1.810039,100.6029,83.22294,-2.089733,-1.173531,-0.7779419,-1.160113,-0.921468,-1.211082,-0.3856199,-0.6690456,0.1194725,-1.017462,24,24,24,24,24,24,24,24,24,24,24,24,24,24,24,24,282,2820,-0.5744799,-3.198012,-4.342942,-2.321973,-1.163653,-1.14842,-0.7780888,-67.91808,-1.606011,-0.6049199,0.2383807,0.3637507,-0.2202776,-0.5559009,-0.5534825,2.911277,23,23,23,23,23,23,23,23,23,23,23,23,23,23,23,23
283,2830,-35.59576,-55.13219,-20.80315,-20.342,-18.69919,-16.16817,-12.63601,-10.40981,-7.30533,-8.366316,-2.495502,-5.800566,-3.219039,-3.106221,-1.432699,-0.1208077,24,24,24,24,24,24,24,24,24,24,24,24,24,24,24,24,283,2830,-0.0001131745,-0.3939426,-0.917962,-0.2587064,100.6029,83.22294,-1.828533,-0.3912657,-1.425057,-0.5163813,-1.578448,-2.019326,-0.257638,-1.225865,-1.084798,-1.243548,24,24,24,24,24,24,24,24,24,24,24,24,24,24,24,24,283,2830,0.2297522,-2.558455,-3.065013,-0.2581622,-0.645568,-1.021029,-1.812509,-68.35547,0.6192039,0.2417727,0.3575807,0.7275752,-0.2202776,0.1109944,0.5531919,3.145306,23,23,23,23,23,23,23,23,23,23,23,23,23,23,23,23
284,2840,-35.35526,-54.64857,-21.04927,-19.36777,-19.5439,-14.81086,-12.25316,-10.15904,-8.171237,-8.120502,-4.753252,-6.557019,-3.815136,-3.703558,-2.149006,-0.6036115,24,24,24,24,24,24,24,24,24,24,24,24,24,24,24,24,284,2840,-1.07609,-1.448528,-1.179808,-1.034373,98.8954,82.97749,-1.697935,-0.9127768,-1.554479,-0.9026204,-2.10403,-1.345787,-1.025529,-1.225865,-0.6030898,-1.469637,24,24,24,24,24,24,24,24,24,24,24,24,24,24,24,24,284,2840,-1.493601,-3.325923,-3.065013,-1.419055,-0.2570047,-0.8936383,-2.200416,-67.4807,-0.2461572,-0.1210951,-0.3576164,-0.4851733,-0.440414,-0.1113035,-0.000144478,2.44322,23,23,23,23,23,23,23,23,23,23,23,23,23,23,23,23
285,2850,-36.07676,-55.2531,-19.94172,-19.61133,-18.45786,-15.05765,-11.10462,-9.030545,-7.30533,-7.751779,-2.851988,-5.548415,-2.980603,-3.58409,-1.790853,-0.7243116,24,24,24,24,24,24,24,24,24,24,24,24,24,24,24,24,285,2850,-1.07609,-1.975821,-0.6561164,-1.292928,100.6029,83.95927,-1.567335,-1.955796,-1.036789,-2.190084,-1.447053,-1.211081,-1.153511,-1.448593,-0.8439439,-2.373986,24,24,24,24,24,24,24,24,24,24,24,24,24,24,24,24,285,2850,-1.378709,-2.174721,-2.93722,-0.5161381,-1.811258,-1.530595,-2.329719,-68.35547,0.6192039,0.2417727,-1.805975E-05,0.4850256,0.2199854,-0.3336022,-0.5534825,2.560228,23,23,23,23,23,23,23,23,23,23,23,23,23,23,23,23
286,2860,-38.12101,-55.73671,-20.80315,-20.82911,-18.69919,-15.79799,-11.10462,-9.908262,-6.934227,-6.644568,-2.851988,-4.413735,-2.384506,-2.628404,-1.432699,-0.3622096,24,24,24,24,24,24,24,24,24,24,24,24,24,24,24,24,286,2860,-1.210587,-1.712175,-1.31073,-1.810039,100.4715,83.95927,-1.567335,-1.303908,-1.425057,-2.447577,-1.447053,-1.615202,-1.921399,-0.7803547,-1.446079,-2.487029,24,24,24,24,24,24,24,24,24,24,24,24,24,24,24,24,286,2860,-0.4595878,-2.558455,-3.448392,-1.677032,-1.293174,-1.14842,-1.941812,-68.46481,-0.6170267,-0.3630058,0.3575807,0.2424759,0.5501851,-0.2224022,-0.3321469,3.26232,23,23,23,23,23,23,23,23,23,23,23,23,23,23,23,23
287,2870,-36.67801,-55.61581,-20.3109,-18.88065,-17.25114,-13.45356,-10.46655,-8.528993,-6.686825,-5.167721,-3.921448,-4.161584,-3.219041,-2.867338,-2.149006,-0.7243116,24,24,24,24,24,24,24,24,24,24,24,24,24,24,24,24,287,2870,-1.883072,-1.184882,-1.834415,-1.292928,100.4715,84.45016,-2.220333,-0.6520197,-2.46044,-1.803845,-1.052866,-1.749908,-2.049381,-2.116722,-2.529922,-2.034854,24,24,24,24,24,24,24,24,24,24,24,24,24,24,24,24,287,2870,-1.60849,-4.477128,-3.959563,-1.677032,-1.034132,-1.14842,-3.105534,-68.79285,0.6192039,0.2417727,-1.805975E-05,-0.8489978,0.330052,0.7779403,0.4425265,3.028291,23,23,23,23,23,23,23,23,23,23,23,23,23,23,23,23
288,2880,-34.27301,-55.13219,-18.83417,-16.56685,-14.71706,-10.98573,-7.659005,-7.275111,-4.829974,-4.183156,-2.970818,-3.15298,-2.503726,-2.389471,-1.432699,0.120591,24,24,24,24,24,24,24,24,24,24,24,24,24,24,24,24,288,2880,-1.07609,-2.239467,-2.227183,-1.292928,100.0775,83.5911,-1.959133,-2.477307,-2.201595,-1.417606,-1.052866,-1.884616,-0.7695654,-2.339449,-1.686933,-1.58268,24,24,24,24,24,24,24,24,24,24,24,24,24,24,24,24,288,2880,-1.378709,-2.814279,-3.576184,-1.548043,-2.847427,-2.804511,-2.717627,-68.68349,-0.1225342,-0.1210951,-0.7152151,0.4850256,-0.1102143,-0.0001035426,-0.7748148,2.560279,23,23,23,23,23,23,23,23,23,23,23,23,23,23,23,23
289,2890,-32.10851,-54.89038,-16.8652,-14.25305,-12.66565,-9.9986,-6.510465,-7.149724,-5.201506,-4.306227,-2.73316,-3.531207,-2.265287,-2.628404,-0.8357781,-0.482913,24,24,24,24,24,24,24,24,24,24,24,24,24,24,24,24,289,2890,-0.941593,-2.239467,-1.048885,-1.422206,100.7342,84.20472,-1.828533,-2.607684,-1.295634,-0.6451273,-1.447053,-0.941666,-1.409475,-1.782631,-0.7235166,-1.58268,24,24,24,24,24,24,24,24,24,24,24,24,24,24,24,24,289,2890,-1.263871,-2.814279,-2.93722,-1.419055,-1.811258,-0.7662464,-1.424601,-68.46481,-0.4934037,-0.2420521,1.191977,0.3637507,0.5501851,0.7779403,-0.1108098,3.964464,23,23,23,23,23,23,23,23,23,23,23,23,23,23,23,23
290,2900,-31.02626,-53.56045,-16.37295,-13.76593,-12.06228,-8.394511,-5.361925,-5.39429,-3.963065,-2.95245,-2.495502,-1.639809,-2.146068,-1.911602,-1.910237,0.120591,24,24,24,24,24,24,24,24,24,24,24,24,24,24,24,24,290,2900,-2.01757,-2.503114,-1.703492,-1.292928,99.42076,83.83655,-2.873332,-1.695042,-1.554479,-1.288859,-1.709843,-1.884616,-3.073235,-1.225811,-1.566506,-2.487029,24,24,24,24,24,24,24,24,24,24,24,24,24,24,24,24,290,2900,-1.838322,-4.093342,-4.470734,-1.677032,-1.422695,-1.021029,-1.683207,-68.90218,0.2483352,0.7255975,0.1191815,-0.6064481,-0.3303506,-0.1112537,0.4425265,3.262372,23,23,23,23,23,23,23,23,23,23,23,23,23,23,23,23
291,2910,-32.95026,-53.43954,-16.37295,-13.27882,-11.09693,-7.530771,-4.851463,-4.516574,-3.963065,-2.95245,-1.782529,-2.144338,-1.549971,-1.672667,-0.8357781,-0.3622112,24,24,24,24,24,24,24,24,24,24,24,24,24,24,24,24,291,2910,-2.690055,-1.975821,-1.441659,-2.197871,100.9969,82.73205,-2.089733,-1.303908,-1.554479,-1.803845,-1.052866,-2.423444,-2.049381,-1.337175,-1.446079,-2.260943,24,24,24,24,24,24,24,24,24,24,24,24,24,24,24,24,291,2910,-2.757443,-3.453785,-2.937269,-1.677032,-1.94078,-2.549728,-2.071114,-68.24612,0.1247118,0.7255975,-0.1192176,-0.3638984,0.9904546,0.5556424,-0.4428123,2.092221,23,23,23,23,23,23,23,23,23,23,23,23,23,23,23,23
292,2920,-33.79201,-53.43954,-15.75764,-12.91348,-10.01088,-8.764686,-4.341001,-6.272007,-3.963065,-4.183156,-1.782529,-2.774753,-1.669191,-2.508938,-1.671468,-0.6036131,24,24,24,24,24,24,24,24,24,24,24,24,24,24,24,24,292,2920,-1.210587,-1.053059,-1.572576,-1.680761,99.81482,82.11843,-2.350932,-1.434285,-2.46044,-1.675099,-2.498218,-2.69286,-1.409475,-1.559904,-2.770776,-2.373986,24,24,24,24,24,24,24,24,24,24,24,24,24,24,24,24,292,2920,-1.263871,-3.197962,-3.065063,-2.579948,-2.199822,-1.275812,-2.84693,-68.57415,-0.4934037,-0.1210951,0.4767799,0.6063004,0.2199854,-0.1112537,-0.2214784,3.379386,23,23,23,23,23,23,23,23,23,23,23,23,23,23,23,23
293,2930,-33.07051,-52.83503,-14.89622,-11.45213,-10.01089,-7.777554,-4.596232,-5.143514,-3.22,-2.337097,-2.376673,-2.018205,-2.026849,-1.433733,-1.790853,0.3619929,24,24,24,24,24,24,24,24,24,24,24,24,24,24,24,24,293,2930,-2.286564,-1.580351,-2.489035,-1.163651,99.42071,83.34566,-1.697935,-1.303908,-3.107554,-1.417606,-2.498218,-2.423444,-1.153511,-1.893994,-1.80736,-1.808769,24,24,24,24,24,24,24,24,24,24,24,24,24,24,24,24,293,2930,-1.37876,-4.221254,-4.215199,-2.321972,-1.811311,-1.530595,-2.071114,-69.23022,-0.1225342,0.7255975,0.5959795,-0.3638984,-1.10082,-0.1112537,0.5531951,3.847443,23,23,23,23,23,23,23,23,23,23,23,23,23,23,23,23
294,2940,-31.98826,-52.47231,-15.38846,-11.81747,-11.09693,-7.407379,-3.702924,-5.519679,-2.972311,-2.706309,-2.495502,-2.27047,-2.384506,-2.389471,-1.552084,0.120591,24,24,24,24,24,24,24,24,24,24,24,24,24,24,24,24,294,2940,-2.01757,-1.712175,-1.310737,-1.680761,99.68341,84.20472,-1.697935,-1.173531,-1.813326,-2.190084,-2.235428,-1.749908,-1.537456,-2.228086,-1.446079,-2.939203,24,24,24,24,24,24,24,24,24,24,24,24,24,24,24,24,294,2940,-2.182992,-3.96543,-3.704027,-1.548043,-2.329396,-2.931955,-3.622745,-68.46481,0.1247118,0.3627297,-0.3576164,-0.1213487,0.1099189,-0.1112537,-0.3321453,2.209236,23,23,23,23,23,23,23,23,23,23,23,23,23,23,23,23
295,2950,-30.66551,-52.59322,-14.40397,-11.45213,-9.166186,-6.913814,-3.575308,-5.268902,-3.343844,-4.183156,-1.782529,-2.522602,-1.549971,-3.106273,-1.313315,-0.7243149,24,24,24,24,24,24,24,24,24,24,24,24,24,24,24,24,295,2950,-1.748575,-1.975821,-1.441659,-2.585705,100.3401,84.32744,-1.828533,-1.434285,-2.331017,-3.348802,-3.023803,-1.884616,-2.305344,-1.448538,-2.409495,-3.278335,24,24,24,24,24,24,24,24,24,24,24,24,24,24,24,24,295,2950,-2.297881,-3.07005,-3.192856,-2.321972,-2.199875,-1.275865,-1.941759,-68.35547,-0.7406497,-0.4839628,0.3575807,-0.3638984,0.1099189,0.666791,0.1105241,3.379386,23,23,23,23,23,23,23,23,23,23,23,23,23,23,23,23
296,2960,-31.26676,-51.26328,-15.01928,-12.30459,-9.76954,-6.790422,-3.702924,-3.638857,-2.35309,-3.075521,-1.544871,-2.018205,-1.549971,-1.792134,-1.313315,0.120591,24,24,24,24,24,24,24,24,24,24,24,24,24,24,24,24,296,2960,-2.555558,-1.448528,-2.619952,-1.551483,100.7342,84.20472,-2.089733,-2.21655,-2.978132,-2.31883,-1.709843,-2.423444,-2.049381,-2.56218,-3.613765,-2.373986,24,24,24,24,24,24,24,24,24,24,24,24,24,24,24,24,296,2960,-2.068103,-4.221254,-3.959613,-1.935007,-2.329396,-2.040214,-2.588272,-69.23022,-0.3697803,0.3627297,0.8343787,-0.6064481,-0.3303506,0.111045,-0.1108098,2.911329,23,23,23,23,23,23,23,23,23,23,23,23,23,23,23,23
297,2970,-31.86801,-52.47231,-15.63458,-12.54814,-10.25222,-7.654161,-4.468616,-5.018126,-3.343843,-3.567804,-2.139016,-1.765941,-1.430752,-1.194798,-1.313315,0.2412927,24,24,24,24,24,24,24,24,24,24,24,24,24,24,24,24,297,2970,-2.01757,-2.503114,-3.01272,-1.422206,99.94612,83.71383,-0.9143356,-2.34693,-2.71934,-2.190084,-2.10403,-2.69286,-1.409475,-2.896271,-1.927787,-2.487029,24,24,24,24,24,24,24,24,24,24,24,24,24,24,24,24,297,2970,-2.182992,-4.093342,-3.448442,-1.677031,-2.458917,-3.31413,-3.881298,-68.90218,0.6192039,0.9675083,0.2383811,-0.2426236,0.1099189,0.8890896,0.3318596,2.794314,23,23,23,23,23,23,23,23,23,23,23,23,23,23,23,23
298,2980,-30.18451,-51.50508,-13.29642,-10.35612,-7.95948,-6.790422,-3.192461,-4.265798,-2.35309,-3.444785,-1.782529,-2.774753,-1.549971,-3.106273,-1.313315,-1.569221,24,24,24,24,24,24,24,24,24,24,24,24,24,24,24,24,298,2980,-2.421061,-3.030406,-1.965344,-1.422206,99.158,83.46838,-1.828533,-3.259572,-2.460493,-2.190084,-2.498218,-1.884616,-2.68929,-3.118998,-1.927787,-1.921811,24,24,24,24,24,24,24,24,24,24,24,24,24,24,24,24,298,2980,-2.642554,-4.349165,-3.576234,-2.579948,-2.84748,-2.167605,-2.458969,-69.44891,-0.7406497,-0.6049134,0.1191815,0.3637507,0.2199854,0.5556424,-0.2214784,3.262372,23,23,23,23,23,23,23,23,23,23,23,23,23,23,23,23
299,2990,-28.98201,-51.02147,-12.68112,-8.407658,-7.114779,-5.556509,-2.681999,-3.137305,-1.857714,-3.075574,-1.544871,-1.765941,-1.430752,-1.314265,-1.074546,-0.0001091612,24,24,24,24,24,24,24,24,24,24,24,24,24,24,24,24,299,2990,-2.824552,-2.898583,-1.572576,-2.197871,100.6028,83.10021,-2.612132,-1.434285,-1.942801,-2.447577,-2.235377,-2.558152,-2.817272,-1.782631,-2.289068,-2.600071,24,24,24,24,24,24,24,24,24,24,24,24,24,24,24,24,299,2990,-1.72343,-3.96543,-4.087406,-2.579948,-2.070354,-1.658039,-1.941759,-69.55826,-0.6170267,1.209426,0.7151787,0.2424759,0.1099189,-0.1112537,-0.0001428727,3.379386,23,23,23,23,23,23,23,23,23,23,23,23,23,23,23,23
300,3000,-29.34276,-50.41695,-13.0503,-8.894773,-7.95948,-5.803291,-3.320077,-3.764246,-2.600779,-2.706362,-2.020186,-2.018155,-1.311533,-1.672667,-0.8357781,-0.2415111,24,24,24,24,24,24,24,24,24,24,24,24,24,24,24,24,300,3000,-2.824552,-2.37129,-1.703499,-1.810039,100.8655,82.24116,-2.089733,-2.21655,-2.331071,-2.447577,-2.103979,-2.827565,-2.305344,-2.339449,-2.891203,-2.373986,24,24,24,24,24,24,24,24,24,24,24,24,24,24,24,24,300,3000,-2.297881,-4.477077,-3.83182,-2.45096,-2.84748,-3.696304,-4.0106,-69.44891,0.6192039,0.7256007,0.2383807,-0.3639466,0.1099189,-0.0001035426,-0.2214784,2.32625,23,23,23,23,23,23,23,23,23,23,23,23,23,23,23,23
301,3010,-26.21625,-49.32882,-11.57357,-7.555204,-5.908072,-5.186334,-2.043897,-3.764246,-1.362337,-2.706362,-0.7130681,-2.522602,-1.907631,-2.867338,-0.5970089,-0.6036131,24,24,24,24,24,24,24,24,24,24,24,24,24,24,24,24,301,3010,-2.286564,-1.843997,-2.22719,-1.680761,99.81477,82.11843,-2.089733,-1.564665,-2.978185,-1.932592,-3.023752,-2.827565,-2.177362,-2.005358,-2.529922,-2.487029,24,24,24,24,24,24,24,24,24,24,24,24,24,24,24,24,301,3010,-2.527662,-3.581696,-2.553891,-2.45096,-2.71796,-3.059346,-3.234785,-69.12088,-0.2461572,-0.4839596,0.2383807,0.1211528,0.2199887,0.5556424,0.1105241,2.560279,23,23,23,23,23,23,23,23,23,23,23,23,23,23,23,23
302,3020,-27.53901,-49.44972,-12.06581,-8.529437,-6.994111,-5.556509,-3.064846,-2.886529,-1.362337,-1.967938,-1.069556,-1.892023,-0.8346575,-0.8363431,-0.3582397,-0.3622112,24,24,24,24,24,24,24,24,24,24,24,24,24,24,24,24,302,3020,-2.286564,-2.634937,-1.310737,-2.327149,99.158,83.46838,-1.959133,-2.477307,-1.942801,-2.576324,-3.155149,-2.288737,-2.177362,-3.230413,-2.048214,-3.730509,24,24,24,24,24,24,24,24,24,24,24,24,24,24,24,24,302,3020,-2.068103,-3.96543,-4.087406,-2.966913,-2.458917,-1.912822,-3.364087,-68.68349,-0.3697803,0.3627329,0.7151787,0.4849774,-0.110211,-0.7781979,-0.2214784,3.379386,23,23,23,23,23,23,23,23,23,23,23,23,23,23,23,23
303,3030,-29.10226,-48.8452,-13.41949,-10.35612,-9.286855,-6.54364,-4.08577,-3.638857,-2.724623,-2.583291,-1.782529,-2.270419,-1.788412,-1.672614,-0.5970089,0.6033948,24,24,24,24,24,24,24,24,24,24,24,24,24,24,24,24,303,3030,-2.555558,-2.634937,-2.096267,-2.973537,100.4715,83.5911,-1.567335,-1.955796,-2.71934,-3.348802,-2.892354,-2.962273,-3.201217,-2.673595,-2.770725,-3.956595,24,24,24,24,24,24,24,24,24,24,24,24,24,24,24,24,303,3030,-2.068103,-3.709607,-4.087406,-2.321972,-2.458917,-2.677171,-4.398508,-69.77695,0.4955813,0.7256007,0.8343782,0.6062523,-0.110211,0.4444433,0.8851992,2.911329,23,23,23,23,23,23,23,23,23,23,23,23,23,23,23,23
304,3040,-29.82376,-49.93333,-12.435,-10.72146,-10.13156,-6.420248,-3.830539,-3.262693,-1.857714,-3.321715,-1.782529,-3.15298,-1.788412,-2.62835,-0.2388559,-1.086366,24,24,24,24,24,24,24,24,24,24,24,24,24,24,24,24,304,3040,-3.36254,-1.843997,-3.405488,-2.327149,99.55206,83.46838,-2.742732,-2.868438,-3.495877,-3.09131,-3.155149,-2.69286,-2.561308,-3.119049,-3.493287,-3.165241,24,24,24,24,24,24,24,24,24,24,24,24,24,24,24,24,304,3040,-2.642554,-4.349165,-3.320648,-2.966913,-2.977002,-3.441521,-3.493389,-69.33956,-0.3697803,-0.9677812,0.2383807,0.2424277,-0.3303474,0.2221454,0.1105273,2.677248,23,23,23,23,23,23,23,23,23,23,23,23,23,23,23,23
305,3050,-32.46926,-50.53785,-14.52703,-13.03526,-10.01089,-6.913814,-3.320077,-3.764246,-1.981558,-3.813998,-2.376673,-3.531207,-1.430754,-2.747818,-0.4776251,0.2413441,24,24,24,24,24,24,24,24,24,24,24,24,24,24,24,24,305,3050,-2.152067,-2.37129,-3.667334,-2.327149,100.3401,83.22294,-2.089733,-2.738061,-2.978185,-2.833817,-2.892354,-2.423444,-2.305344,-2.784958,-2.650297,-2.826109,24,24,24,24,24,24,24,24,24,24,24,24,24,24,24,24,305,3050,-2.757395,-4.349165,-4.087406,-3.86983,-3.365566,-2.54978,-3.364087,-69.12088,-0.2461572,-0.0001348462,0.595979,0.2424277,-0.110211,-0.222452,-0.5534776,2.911277,23,23,23,23,23,23,23,23,23,23,23,23,23,23,23,23
306,3060,-34.15276,-50.90056,-14.40397,-12.66992,-11.09693,-7.407379,-5.106694,-4.265798,-3.219999,-3.444785,-3.446133,-3.405131,-2.980604,-2.389416,-1.193931,-0.2414597,24,24,24,24,24,24,24,24,24,24,24,24,24,24,24,24,306,3060,-2.824552,-3.294052,-2.358113,-2.327149,99.158,83.83655,-1.828533,-3.650706,-2.331071,-2.190084,-3.023752,-2.558152,-3.713145,-3.341777,-3.011579,-2.60002,24,24,24,24,24,24,24,24,24,24,24,24,24,24,24,24,306,3060,-2.182944,-4.093341,-4.215199,-2.579948,-2.199875,-2.54978,-1.812457,-69.66759,0.2483352,-0.0001348462,0.7151787,0.3637026,0.1099221,-0.1113027,0.1105273,3.26232,23,23,23,23,23,23,23,23,23,23,23,23,23,23,23,23
307,3070,-32.46926,-51.02147,-13.54254,-11.0868,-9.648871,-6.790422,-3.830539,-3.889633,-2.229246,-4.060139,-2.376673,-3.279055,-2.503727,-2.508883,-1.313315,-5.779121E-05,24,24,24,24,24,24,24,24,24,24,24,24,24,24,24,24,307,3070,-3.497038,-3.030406,-2.489035,-2.585705,99.94612,83.71383,-3.003931,-2.607684,-2.331071,-2.318831,-2.629564,-2.962273,-3.073235,-2.673595,-2.770725,-3.278283,24,24,24,24,24,24,24,24,24,24,24,24,24,24,24,24,307,3070,-3.561627,-4.86081,-3.576183,-2.966913,-2.977002,-2.422388,-3.105482,-69.01153,0.4955813,-0.4839596,0.4767795,-0.0001220037,0.3300552,0.7778913,0.4425298,2.794263,23,23,23,23,23,23,23,23,23,23,23,23,23,23,23,23
308,3080,-33.55151,-51.50508,-14.03479,-11.81747,-9.76954,-8.641294,-6.127618,-5.645067,-3.715376,-4.060139,-3.446133,-3.783358,-3.099823,-2.62835,-1.313315,-0.7242635,24,24,24,24,24,24,24,24,24,24,24,24,24,24,24,24,308,3080,-3.497038,-2.76676,-2.22719,-2.714983,100.4715,82.85477,-3.265131,-2.738061,-2.201648,-3.09131,-2.892354,-4.174636,-3.457181,-2.784958,-2.770725,-3.165241,24,24,24,24,24,24,24,24,24,24,24,24,24,24,24,24,308,3080,-3.331846,-4.349164,-3.959561,-3.095901,-3.365566,-3.951087,-2.846877,-68.90218,0.3719579,-0.0001348462,0.1191811,-0.2426717,0.2199887,0.2221454,-0.1108082,1.858141,23,23,23,23,23,23,23,23,23,23,23,23,23,23,23,23
309,3090,-33.55151,-51.02147,-14.15785,-12.18281,-11.70028,-7.654161,-5.744772,-4.516574,-3.219999,-3.567857,-2.851988,-3.405131,-2.742166,-2.508883,-1.313315,0.1206424,24,24,24,24,24,24,24,24,24,24,24,24,24,24,24,24,309,3090,-2.555558,-2.37129,-2.358113,-2.456427,100.0774,81.9957,-2.089733,-1.825419,-2.848762,-2.576324,-2.892354,-3.231686,-3.073235,-2.228137,-3.493287,-2.939152,24,24,24,24,24,24,24,24,24,24,24,24,24,24,24,24,309,3090,-2.872287,-4.86081,-3.576183,-3.095901,-3.23599,-2.294997,-2.97618,-69.66759,-0.7406497,-0.4839596,0.3575799,0.2424277,0.5501884,0.7778913,-0.1108082,3.145306,23,23,23,23,23,23,23,23,23,23,23,23,23,23,23,23
310,3100,-33.07051,-51.14237,-14.77316,-13.52238,-12.30363,-8.39451,-6.255234,-5.770455,-3.591532,-4.183209,-2.970818,-3.783358,-2.742166,-3.345153,-1.552084,-0.6035618,24,24,24,24,24,24,24,24,24,24,24,24,24,24,24,24,310,3100,-2.152067,-2.634937,-2.750874,-1.810039,99.42065,82.97749,-2.742732,-1.825419,-3.107608,-3.220056,-3.812126,-2.827565,-3.073235,-3.119049,-2.891151,-3.391326,24,24,24,24,24,24,24,24,24,24,24,24,24,24,24,24,310,3100,-2.527614,-4.732899,-4.854112,-2.966913,-2.847427,-2.677121,-2.588272,-69.77695,-0.1225342,0.3627329,0.595979,0.2424277,-0.9907468,-0.6670486,-0.5534776,3.028291,23,23,23,23,23,23,23,23,23,23,23,23,23,23,23,23
311,3110,-33.67176,-53.31864,-15.38846,-16.56685,-14.83773,-11.84947,-7.531389,-6.397395,-4.210752,-5.167775,-3.208475,-3.909433,-2.503727,-3.10622,-1.671468,-0.6035618,24,24,24,24,24,24,24,24,24,24,24,24,24,24,24,24,311,3110,-2.152067,-2.634937,-1.703499,-2.456427,99.68336,82.97749,-2.220282,-2.477307,-2.71934,-3.09131,-2.498166,-2.962273,-2.049381,-3.45314,-1.807308,-4.182629,24,24,24,24,24,24,24,24,24,24,24,24,24,24,24,24,311,3110,-2.527614,-4.604987,-3.192805,-2.708936,-3.106469,-3.696254,-3.622693,-69.66759,0.3719579,-0.1210918,-1.846108E-05,-0.849046,-0.440414,0.8890399,0.1105273,2.677248,23,23,23,23,23,23,23,23,23,23,23,23,23,23,23,23
312,3120,-33.31101,-52.47231,-15.63458,-14.13127,-13.38967,-9.505033,-6.893312,-5.519679,-4.334597,-4.060139,-2.851988,-3.531207,-2.980604,-2.747818,-2.149006,0.1206424,24,24,24,24,24,24,24,24,24,24,24,24,24,24,24,24,312,3120,-2.690055,-2.634937,-2.489035,-3.36137,99.94607,83.34566,-2.742681,-2.607681,-3.107608,-3.735041,-2.498166,-2.288737,-3.201217,-2.562231,-2.770725,-4.295675,24,24,24,24,24,24,24,24,24,24,24,24,24,24,24,24,312,3120,-3.102065,-4.86081,-3.959561,-3.095901,-2.717905,-2.549729,-2.329667,-68.90218,0.6192039,-0.8468274,0.1191811,-0.0001220037,0.3300552,0.4444433,-0.1108082,2.44322,23,23,23,23,23,23,23,23,23,23,23,23,23,23,23,23
313,3130,-32.10851,-52.47231,-14.89622,-12.18281,-11.94162,-8.641294,-6.510465,-5.018126,-3.467739,-4.183209,-2.495502,-3.026904,-2.980604,-2.867285,-1.313315,-0.3621598,24,24,24,24,24,24,24,24,24,24,24,24,24,24,24,24,313,3130,-2.824552,-1.712175,-3.405488,-2.973537,100.3401,83.71383,-3.13448,-2.346927,-2.978185,-2.833817,-2.629564,-3.366394,-2.817272,-2.562231,-3.73414,-3.843501,24,24,24,24,24,24,24,24,24,24,24,24,24,24,24,24,313,3130,-2.527614,-4.349164,-3.576183,-3.482866,-2.847427,-2.804513,-3.105482,-69.44891,-0.369832,-0.1210918,0.4767795,0.3637026,0.2199887,-0.3336006,-0.3321437,2.44322,23,23,23,23,23,23,23,23,23,23,23,23,23,23,23,23
314,3140,-31.26676,-51.86779,-14.65009,-14.49661,-11.70028,-9.628425,-5.361925,-5.645067,-4.08696,-5.536987,-2.614331,-4.413735,-3.219043,-3.46462,-2.626544,-0.6035618,24,24,24,24,24,24,24,24,24,24,24,24,24,24,24,24,314,3140,-2.421061,-2.634937,-3.667334,-2.585705,99.81471,82.60932,-2.089682,-3.129192,-3.23703,-2.576324,-2.892354,-3.63581,-2.68929,-3.675868,-3.252433,-2.939152,24,24,24,24,24,24,24,24,24,24,24,24,24,24,24,24,314,3140,-2.642506,-4.604987,-4.215148,-3.095901,-3.365511,-3.059296,-3.364087,-70.32367,-0.369832,0.3627362,0.9535774,0.2424277,-0.110211,0.7778913,0.1105273,2.677248,23,23,23,23,23,23,23,23,23,23,23,23,23,23,23,23
315,3150,-31.50726,-52.35141,-14.28091,-12.66992,-10.73491,-7.407379,-4.468616,-4.76735,-3.591583,-4.429351,-2.851937,-3.909433,-2.622946,-2.508883,-2.149006,0.1206424,24,24,24,24,24,24,24,24,24,24,24,24,24,24,24,24,315,3150,-1.883073,-3.294052,-2.750874,-2.327149,99.55201,83.5911,-2.612081,-3.650703,-2.848762,-2.70507,-3.549337,-2.288737,-3.073235,-3.787235,-3.132005,-3.165241,24,24,24,24,24,24,24,24,24,24,24,24,24,24,24,24,315,3150,-3.676516,-4.477075,-3.576183,-3.224889,-2.588385,-3.059296,-3.881298,-69.99564,0.4955299,-0.1210886,0.4767791,0.1211528,0.2199887,0.2221454,-0.0001412674,3.26232,23,23,23,23,23,23,23,23,23,23,23,23,23,23,23,23
316,3160,-31.26676,-51.74689,-16.37295,-15.22728,-13.14833,-8.517901,-5.744771,-4.892738,-3.839272,-4.552422,-2.733108,-3.657282,-2.742166,-2.389416,-1.910237,0.1206424,24,24,24,24,24,24,24,24,24,24,24,24,24,24,24,24,316,3160,-2.690055,-3.557699,-1.965344,-2.327149,99.55201,83.46838,-2.612081,-3.78108,-3.23703,-2.576324,-2.760959,-2.558152,-3.329199,-3.45314,-2.289016,-2.034803,24,24,24,24,24,24,24,24,24,24,24,24,24,24,24,24,316,3160,-2.872287,-4.477075,-3.44839,-3.353878,-4.142638,-2.804513,-3.234785,-69.99564,0.6191525,-0.3629994,-0.5960168,-7.384432E-05,-0.000144478,-0.6670486,-0.9961486,2.794263,23,23,23,23,23,23,23,23,23,23,23,23,23,23,23,23
317,3170,-32.46926,-51.9887,-15.63458,-14.98372,-10.97625,-8.517901,-4.468616,-5.519679,-3.715427,-5.290845,-3.089595,-4.161584,-2.503727,-3.46462,-2.149006,-0.6035618,24,24,24,24,24,24,24,24,24,24,24,24,24,24,24,24,317,3170,-2.959049,-1.975821,-1.834421,-1.939316,100.6028,83.5911,-3.00388,-2.346927,-2.072224,-2.190084,-1.709791,-2.423444,-3.073239,-1.894046,-2.168589,-2.486977,24,24,24,24,24,24,24,24,24,24,24,24,24,24,24,24,317,3170,-2.642506,-3.709606,-3.703976,-3.353878,-2.199821,-2.040163,-3.105482,-70.32367,0.2482839,0.1208254,0.8343774,0.8488501,-0.1101565,0.1109952,0.2211943,3.613363,23,23,23,23,23,23,23,23,23,23,23,23,23,23,23,23
318,3180,-31.98826,-51.62599,-15.38846,-13.03526,-9.890207,-7.037205,-4.341001,-3.764246,-3.591583,-3.690927,-3.089595,-2.774753,-2.622946,-2.508883,-2.029622,-0.1207595,24,24,24,24,24,24,24,24,24,24,24,24,24,24,24,24,318,3180,-1.883073,-2.37129,-1.965344,-2.197871,100.6028,82.4866,-3.13448,-2.477304,-2.589916,-2.190084,-2.235377,-2.827565,-1.537456,-2.228137,-2.048162,-2.713066,24,24,24,24,24,24,24,24,24,24,24,24,24,24,24,24,318,3180,-2.872287,-4.732899,-3.44839,-2.708936,-2.0703,-2.040163,-3.364087,-68.90218,0.8663994,0.6046469,-1.886241E-05,-0.1213487,0.3301098,0.1109952,0.1105273,2.794263,23,23,23,23,23,23,23,23,23,23,23,23,23,23,23,23
319,3190,-32.34901,-51.26328,-15.8807,-13.52238,-11.09693,-7.654161,-4.468616,-4.391186,-3.467739,-3.937069,-2.851937,-3.15298,-1.907631,-2.508883,-1.432752,0.2413441,24,24,24,24,24,24,24,24,24,24,24,24,24,24,24,24,319,3190,-1.614078,-1.448528,-2.22719,-1.292928,98.50124,82.4866,-2.742681,-1.434281,-3.107608,-1.288859,-1.972584,-2.423444,-1.409478,-2.116773,-1.806843,-2.373935,24,24,24,24,24,24,24,24,24,24,24,24,24,24,24,24,319,3190,-2.642506,-4.093341,-3.44839,-2.063995,-2.976948,-2.931904,-2.588272,-69.77695,0.3719065,0.6046469,-0.1192184,0.121201,0.4401764,0.5555918,-0.0001428727,2.326199,23,23,23,23,23,23,23,23,23,23,23,23,23,23,23,23
320,3200,-30.54526,-51.50508,-13.78867,-11.81747,-8.683501,-6.667031,-3.702924,-4.516574,-2.724674,-4.306281,-1.782477,-3.531207,-1.907631,-3.584087,-3.104133,-1.448469,24,24,24,24,24,24,24,24,24,24,24,24,24,24,24,24,320,3200,-1.210587,-1.580351,-2.358113,-1.680761,99.02665,82.73205,-2.089682,-1.564662,-2.848762,-1.803845,-3.286541,-2.288737,-1.921402,-2.116773,-2.409083,-2.713111,24,24,24,24,24,24,24,24,24,24,24,24,24,24,24,24,320,3200,-2.068055,-4.221252,-3.192805,-2.192984,-2.0703,-2.167554,-2.97618,-70.21432,-0.4934551,-0.6049102,0.7151783,0.2424759,0.4401764,0.4444425,-0.0001428727,3.145306,23,23,23,23,23,23,23,23,23,23,23,23,23,23,23,23
321,3210,-29.82376,-51.02147,-13.91173,-10.72146,-9.166186,-7.037205,-3.830539,-3.764246,-2.724674,-3.690927,-2.614279,-3.279055,-1.907631,-2.508883,-2.268442,-0.3621598,24,24,24,24,24,24,24,24,24,24,24,24,24,24,24,24,321,3210,-1.07609,-1.975821,-1.179814,-2.197871,99.02665,82.73205,-3.00388,-2.086169,-1.942801,-3.220056,-2.235377,-2.288737,-2.049384,-2.116773,-1.927291,-3.052239,24,24,24,24,24,24,24,24,24,24,24,24,24,24,24,24,321,3210,-2.068055,-5.372456,-4.854112,-3.095901,-2.458863,-2.167554,-2.588272,-70.10499,-0.6170785,0.3627362,0.2383799,-0.3638984,-0.5504259,-0.0001541099,-0.0001428727,3.262326,23,23,23,23,23,23,23,23,23,23,23,23,23,23,23,23
322,3220,-30.30476,-51.38418,-14.40397,-10.4779,-10.01089,-6.54364,-4.468616,-4.265798,-3.096207,-3.444785,-3.089595,-3.026904,-2.265289,-2.867285,-1.552136,0.1206424,24,24,24,24,24,24,24,24,24,24,24,24,24,24,24,24,322,3220,-1.883073,-2.107644,-0.9179684,-2.456427,99.42065,83.83655,-2.350881,-1.434281,-2.460493,-2.833817,-1.578397,-2.558152,-2.177366,-1.671319,-1.806843,-3.61746,24,24,24,24,24,24,24,24,24,24,24,24,24,24,24,24,322,3220,-2.412725,-4.477128,-3.576183,-2.063995,-2.458863,-3.059296,-3.364087,-70.32367,-0.1225856,0.3627362,0.3575795,-0.1213487,-0.3302896,0.5555918,-0.1108098,2.326205,23,23,23,23,23,23,23,23,23,23,23,23,23,23,23,23
323,3230,-28.86176,-50.41695,-12.92724,-9.503669,-8.683501,-5.556509,-3.320077,-4.391186,-2.724674,-4.552422,-1.782477,-3.531207,-2.265289,-3.823022,-2.149058,-0.9656654,24,24,24,24,24,24,24,24,24,24,24,24,24,24,24,24,323,3230,-2.690055,-1.712175,-2.358113,-3.102816,99.42065,83.83655,-3.26508,-1.825416,-3.23703,-2.70507,-2.103979,-2.154031,-2.689293,-2.005409,-2.649979,-3.052239,24,24,24,24,24,24,24,24,24,24,24,24,24,24,24,24,323,3230,-2.182944,-4.221304,-3.192856,-2.45096,-2.717905,-2.549729,-2.458969,-69.88629,-0.246209,-1.088735,-0.1192184,-0.3638984,-0.220223,0.4444425,-0.0001428727,2.44322,23,23,23,23,23,23,23,23,23,23,23,23,23,23,23,23
324,3240,-29.944,-52.1096,-13.66561,-11.93925,-10.49356,-6.913814,-3.958154,-4.140409,-2.848518,-3.690927,-2.376622,-2.900829,-2.265289,-3.584087,-2.507211,-0.2414597,24,24,24,24,24,24,24,24,24,24,24,24,24,24,24,24,324,3240,-2.286564,-2.503114,-2.881797,-1.939317,99.94607,82.97749,-1.959082,-2.346927,-3.23703,-2.190084,-2.629564,-2.827565,-2.049384,-2.673595,-3.493115,-2.713111,24,24,24,24,24,24,24,24,24,24,24,24,24,24,24,24,324,3240,-2.182944,-4.73295,-4.72637,-2.708937,-2.847427,-2.422338,-2.329667,-69.23022,0.1246605,0.4836932,1.430375,0.3637507,-0.1101565,-0.7781979,-0.3321453,3.262326,23,23,23,23,23,23,23,23,23,23,23,23,23,23,23,23
325,3250,-31.02626,-51.02147,-14.28091,-12.30459,-10.85558,-6.667031,-4.596232,-4.892738,-3.591583,-3.444785,-2.970767,-3.657282,-2.980604,-3.10622,-2.029673,0.2413441,24,24,24,24,24,24,24,24,24,24,24,24,24,24,24,24,325,3250,-1.479581,-3.030406,-2.22719,-2.068595,99.81482,83.10021,-2.742681,-3.389946,-2.460493,-2.447577,-1.841189,-2.827565,-2.049384,-3.007686,-2.529531,-3.052239,24,24,24,24,24,24,24,24,24,24,24,24,24,24,24,24,325,3250,-2.412725,-4.73295,-4.72637,-2.579949,-2.847427,-3.823645,-3.105482,-70.8704,0.1246605,0.1208254,1.191976,0.3637507,-0.220223,0.5555918,0.5531951,2.911277,23,23,23,23,23,23,23,23,23,23,23,23,23,23,23,23
326,3260,-30.30476,-51.38418,-13.41949,-12.42636,-9.286855,-6.667031,-3.320077,-4.015022,-2.476986,-3.937069,-2.138964,-3.405131,-2.622946,-4.181424,-2.029673,-1.327767,24,24,24,24,24,24,24,24,24,24,24,24,24,24,24,24,326,3260,-2.555558,-3.162229,-2.358113,-1.939317,99.55211,83.5911,-3.26508,-3.650703,-2.71934,-1.932592,-2.760959,-2.288737,-2.561311,-3.119049,-2.770427,-2.713111,24,24,24,24,24,24,24,24,24,24,24,24,24,24,24,24,326,3260,-3.446735,-4.988773,-3.959613,-2.837926,-2.717905,-2.677172,-3.234785,-70.32367,0.3719065,-0.3629994,-1.886241E-05,-0.4851733,-0.4403594,0.4444425,0.5531951,3.262326,23,23,23,23,23,23,23,23,23,23,23,23,23,23,23,23
327,3270,-29.2225,-51.02147,-13.41949,-12.06103,-10.13156,-7.037205,-3.958154,-3.889633,-2.476986,-2.952503,-2.020135,-2.900829,-1.788412,-2.867285,-1.552136,-0.4828616,24,24,24,24,24,24,24,24,24,24,24,24,24,24,24,24,327,3270,-2.421061,-3.294052,-2.096267,-1.551484,99.28946,83.34566,-3.13448,-2.738058,-2.201648,-2.318831,-3.155149,-2.019323,-2.945257,-2.3395,-2.047739,-2.260936,24,24,24,24,24,24,24,24,24,24,24,24,24,24,24,24,327,3270,-2.182944,-4.349216,-4.087406,-3.482866,-3.624554,-3.951088,-2.84693,-69.88629,0.3719065,-0.3629994,-1.886241E-05,0.3637507,0.2200432,-0.5559,-0.6641478,2.209191,23,23,23,23,23,23,23,23,23,23,23,23,23,23,23,23
328,3280,-30.18451,-51.02147,-14.03479,-11.69569,-10.97625,-7.160597,-5.489541,-4.516574,-3.591583,-3.937069,-3.56491,-3.405131,-2.861385,-3.10622,-2.507211,-0.2414597,24,24,24,24,24,24,24,24,24,24,24,24,24,24,24,24,328,3280,-3.631535,-2.107644,-2.096267,-2.32715,100.0775,82.4866,-3.13448,-2.477307,-2.331071,-2.447577,-2.629564,-2.962273,-2.945257,-2.784958,-3.011323,-3.730503,24,24,24,24,24,24,24,24,24,24,24,24,24,24,24,24,328,3280,-2.297836,-4.093393,-3.83182,-3.353878,-2.717905,-2.677172,-3.493443,-71.30778,0.1246605,-0.1210886,0.8343774,0.3637507,0.1099767,0.1109952,0.4425265,3.496355,23,23,23,23,23,23,23,23,23,23,23,23,23,23,23,23
329,3290,-30.06425,-51.50508,-14.03479,-13.27882,-11.33826,-7.900945,-4.08577,-3.889633,-2.848518,-3.813998,-1.663648,-2.900829,-1.669192,-3.703554,-2.149058,-0.7242635,24,24,24,24,24,24,24,24,24,24,24,24,24,24,24,24,329,3290,-2.690055,-3.030406,-2.750874,-2.84426,99.55211,81.75031,-1.828482,-2.21655,-3.3664,-2.833817,-3.155149,-3.501102,-2.817275,-2.673595,-2.890875,-3.165286,24,24,24,24,24,24,24,24,24,24,24,24,24,24,24,24,329,3290,-3.561627,-6.139977,-3.83182,-3.095901,-3.495033,-2.804564,-3.88135,-70.6517,0.001088401,-0.3629994,0.2383799,-0.6064481,-8.989744E-05,0.4444425,0.1105241,2.677248,23,23,23,23,23,23,23,23,23,23,23,23,23,23,23,23
330,3300,-32.70975,-52.71412,-16.00377,-14.86194,-12.06228,-7.777554,-4.596231,-4.391186,-2.848518,-3.321713,-2.495451,-3.15298,-2.146069,-3.345153,-2.149058,-0.2414597,24,24,24,24,24,24,24,24,24,24,24,24,24,24,24,24,330,3300,-2.555558,-1.712175,-2.489035,-1.810039,99.55211,82.85477,-2.220282,-2.086173,-3.107554,-2.190084,-3.417939,-2.288737,-2.305347,-2.562231,-3.011323,-3.165286,24,24,24,24,24,24,24,24,24,24,24,24,24,24,24,24,330,3300,-2.987176,-4.477128,-3.448442,-3.998819,-3.883596,-3.31413,-3.364139,-70.32367,0.001088401,0.4836899,0.3575795,0.3637507,0.3301098,0.1109952,-0.1108098,3.028291,23,23,23,23,23,23,23,23,23,23,23,23,23,23,23,23
331,3310,-34.03251,-52.71412,-16.24989,-14.25305,-12.30363,-7.037205,-3.958154,-2.886529,-3.467739,-3.444784,-2.85199,-3.026904,-3.457481,-3.10622,-2.507211,-0.4828616,24,24,24,24,24,24,24,24,24,24,24,24,24,24,24,24,331,3310,-2.555558,-2.898583,-2.619952,-2.197872,98.10733,82.24116,-2.742681,-2.607684,-2.719285,-2.833816,-3.286592,-3.231686,-2.177366,-3.007686,-2.409083,-2.826154,24,24,24,24,24,24,24,24,24,24,24,24,24,24,24,24,331,3310,-2.182944,-4.73295,-4.598578,-4.514771,-2.847427,-2.294997,-3.88135,-70.76105,-1.111519,-0.2420456,0.715179,0.121201,-0.4403594,-0.222452,-0.7748148,3.61337,23,23,23,23,23,23,23,23,23,23,23,23,23,23,23,23
332,3320,-33.79201,-53.07683,-16.24989,-13.88771,-10.25222,-6.667031,-2.809615,-3.889633,-2.476986,-3.321713,-2.376675,-3.15298,-1.907631,-4.061956,-1.432752,-0.9656654,24,24,24,24,24,24,24,24,24,24,24,24,24,24,24,24,332,3320,-2.286564,-2.503114,-2.096267,-2.714983,100.2089,83.46838,-1.959082,-1.955796,-2.719285,-2.31883,-2.498218,-2.288737,-2.177366,-2.562231,-2.288635,-3.165286,24,24,24,24,24,24,24,24,24,24,24,24,24,24,24,24,332,3320,-3.446735,-5.628331,-4.470785,-3.22489,-3.106469,-2.167605,-4.269258,-70.43302,0.1247118,0.6046437,0.4767799,-0.4852278,-0.3302896,0.2221438,0.1105241,3.028291,23,23,23,23,23,23,23,23,23,23,23,23,23,23,23,23
333,3330,-35.59576,-53.19773,-17.84968,-16.93219,-11.70028,-7.037205,-3.575308,-3.764246,-2.60083,-3.321713,-2.020188,-1.765891,-0.8346575,-2.867285,-1.67152,-0.2414597,24,24,24,24,24,24,24,24,24,24,24,24,24,24,24,24,333,3330,-3.631535,-2.37129,-3.01272,-3.361371,100.0775,83.34566,-3.39568,-2.086173,-3.754669,-3.091309,-2.498218,-2.558152,-2.945254,-1.559955,-2.770427,-3.391371,24,24,24,24,24,24,24,24,24,24,24,24,24,24,24,24,333,3330,-2.642506,-4.860862,-3.320648,-2.837926,-2.717905,-4.205871,-1.812509,-69.77695,0.2483352,0.9675115,-0.2384168,-0.0001284249,0.6603127,0.4444425,-0.9961503,1.507098,23,23,23,23,23,23,23,23,23,23,23,23,23,23,23,23
334,3340,-35.71601,-52.83503,-17.35744,-16.20151,-12.78632,-7.037205,-4.468616,-3.388081,-2.848518,-2.706361,-2.97082,-3.026904,-2.980604,-2.747819,-2.507211,-0.7242635,24,24,24,24,24,24,24,24,24,24,24,24,24,24,24,24,334,3340,-3.228044,-2.503114,-2.096267,-2.456427,99.81482,82.73205,-3.656878,-2.34693,-2.201595,-2.70507,-2.10403,-2.154031,-3.073235,-1.893994,-1.806843,-2.487022,24,24,24,24,24,24,24,24,24,24,24,24,24,24,24,24,334,3340,-2.068055,-4.73295,-3.192856,-2.708937,-2.329342,-1.785431,-2.588325,-70.6517,-0.6170267,-0.3630026,0.3575807,0.484971,-0.1101565,0.6667404,0.3318596,2.911277,23,23,23,23,23,23,23,23,23,23,23,23,23,23,23,23
335,3350,-33.79201,-51.9887,-16.98826,-14.25305,-11.2176,-6.296857,-3.192461,-2.886529,-1.857765,-2.952502,-1.663701,-2.396527,-1.788412,-3.106221,-2.149007,-0.7242635,24,24,24,24,24,24,24,24,24,24,24,24,24,24,24,24,335,3350,-2.824552,-3.162229,-3.143643,-2.585705,99.81482,82.36388,-1.828482,-3.129195,-3.625246,-2.833816,-2.10403,-3.905223,-2.305344,-2.896271,-3.734011,-3.165286,24,24,24,24,24,24,24,24,24,24,24,24,24,24,24,24,335,3350,-1.723385,-4.988773,-4.72637,-2.708937,-1.681737,-2.422389,-1.165996,-69.88629,-0.3697807,0.1208222,0.3575807,0.2424213,-0.3302896,-0.5559009,-0.3321469,2.794263,23,23,23,23,23,23,23,23,23,23,23,23,23,23,23,23
336,3360,-31.74776,-52.1096,-16.24989,-14.49661,-11.45893,-7.654163,-3.575308,-3.262693,-2.848518,-2.952502,-2.020188,-3.026904,-2.146069,-2.628352,-1.313316,-0.7243149,24,24,24,24,24,24,24,24,24,24,24,24,24,24,24,24,336,3360,-2.555558,-3.689522,-1.965344,-2.714983,99.81482,82.73205,-2.481481,-4.041837,-2.46044,-2.70507,-2.892405,-2.962273,-2.817272,-3.007634,-1.565946,-2.487029,24,24,24,24,24,24,24,24,24,24,24,24,24,24,24,24,336,3360,-2.527614,-5.372508,-4.470785,-1.935009,-2.329342,-2.677172,-3.493443,-71.0891,0.2483352,0.6046437,0.4767799,-0.7277775,-0.5504259,0.4444425,0.5531919,2.911277,23,23,23,23,23,23,23,23,23,23,23,23,23,23,23,23
337,3370,-30.54526,-50.65876,-16.24989,-12.42636,-9.76954,-5.433117,-3.702923,-2.384976,-2.229297,-2.337149,-2.376675,-2.522602,-2.384508,-2.389419,-1.671469,-0.3622112,24,24,24,24,24,24,24,24,24,24,24,24,24,24,24,24,337,3370,-3.093546,-2.76676,-2.096267,-2.456427,99.55211,83.10021,-3.13448,-2.738061,-2.719285,-1.932591,-3.41799,-2.423444,-2.817272,-3.007634,-2.770427,-2.487029,24,24,24,24,24,24,24,24,24,24,24,24,24,24,24,24,337,3370,-1.838322,-4.477128,-3.576234,-2.45096,-2.588385,-3.059347,-2.84693,-70.43302,0.2483352,-0.6049134,-1.805975E-05,-0.1214033,0.6603127,0.6667404,-0.110813,2.677248,23,23,23,23,23,23,23,23,23,23,23,23,23,23,23,23
338,3380,-32.58951,-49.69152,-15.2654,-10.35612,-8.562834,-4.569377,-2.809615,-2.635752,-1.857765,-2.58329,-1.901359,-2.648678,-1.549973,-2.508887,-1.671469,-0.3622112,24,24,24,24,24,24,24,24,24,24,24,24,24,24,24,24,338,3380,-3.228043,-3.030406,-2.22719,-2.84426,99.02675,82.73205,-3.39568,-2.21655,-2.848708,-2.833816,-2.76101,-2.69286,-2.433326,-2.784907,-2.409082,-2.939203,24,24,24,24,24,24,24,24,24,24,24,24,24,24,24,24,338,3380,-2.182992,-5.50042,-4.72637,-3.353878,-2.199821,-2.167605,-2.459022,-70.10499,-0.3697807,0.6046437,0.4767799,0.1211464,-0.5504259,-0.4447515,0.1105225,2.44322,23,23,23,23,23,23,23,23,23,23,23,23,23,23,23,23
339,3390,-31.98826,-50.90056,-14.15785,-10.59968,-8.200816,-5.309726,-2.299153,-2.76114,-2.60083,-3.075573,-2.139016,-2.144287,-1.788412,-2.031018,-0.8357789,-0.3622112,24,24,24,24,24,24,24,24,24,24,24,24,24,24,24,24,339,3390,-3.228043,-2.37129,-2.358106,-2.84426,99.94617,82.24116,-2.873281,-2.607684,-2.589863,-2.576323,-2.235428,-3.096981,-2.68929,-2.116722,-1.565946,-2.713117,24,24,24,24,24,24,24,24,24,24,24,24,24,24,24,24,339,3390,-2.412773,-4.349216,-4.598578,-2.966914,-1.811258,-1.912822,-2.84693,-70.8704,0.1247118,0.4836899,1.072777,0.9700704,-0.3302896,-0.1113035,0.6638604,3.145306,23,23,23,23,23,23,23,23,23,23,23,23,23,23,23,23
340,3400,-31.74776,-49.44971,-13.78867,-10.11256,-8.080149,-3.952406,-2.299153,-2.510364,-2.60083,-2.091007,-2.495503,-2.144287,-2.384508,-2.269952,-1.910238,-0.7243149,24,24,24,24,24,24,24,24,24,24,24,24,24,24,24,24,340,3400,-2.42106,-2.37129,-2.096261,-1.939264,99.68346,81.25942,-2.481481,-1.695042,-2.331017,-2.061338,-2.235428,-3.096981,-1.281493,-1.448538,-2.168186,-2.373986,24,24,24,24,24,24,24,24,24,24,24,24,24,24,24,24,340,3400,-2.872332,-5.244596,-3.959614,-2.579948,-1.422694,-2.040214,-2.588325,-69.12088,-0.2461576,-0.3630026,0.4767799,-0.1214033,0.3301098,0.4444425,0.5531919,2.794263,23,23,23,23,23,23,23,23,23,23,23,23,23,23,23,23
341,3410,-32.10851,-49.32881,-13.29643,-9.990786,-8.080149,-5.062943,-3.447692,-2.886529,-2.476986,-2.829431,-1.663701,-2.270419,-1.430754,-2.747819,-1.552085,-0.3622112,24,24,24,24,24,24,24,24,24,24,24,24,24,24,24,24,341,3410,-1.883072,-2.239467,-1.441647,-1.292876,98.63264,81.75031,-2.612081,-1.434285,-2.848708,-1.546352,-3.155201,-2.154031,-2.433326,-1.782631,-1.565946,-2.260943,24,24,24,24,24,24,24,24,24,24,24,24,24,24,24,24,341,3410,-1.72343,-3.709659,-3.959614,-2.966913,-2.71796,-1.785431,-0.7780888,-69.44891,-0.1225342,-0.1210918,0.9535778,0.1211464,-0.220223,-0.6670494,-0.3321469,2.794263,23,23,23,23,23,23,23,23,23,23,23,23,23,23,23,23
342,3420,-31.50726,-49.81243,-12.80418,-10.11256,-6.632093,-5.309726,-3.320077,-4.641963,-2.476986,-4.306278,-2.85199,-2.900829,-2.742166,-3.225688,-2.029622,-0.3622112,24,24,24,24,24,24,24,24,24,24,24,24,24,24,24,24,342,3420,-1.345084,-1.975821,-1.965338,-1.422154,98.89535,82.60932,-2.350881,-1.434285,-2.072171,-1.932591,-2.498218,-2.019323,-1.537456,-2.116722,-1.92729,-2.260943,24,24,24,24,24,24,24,24,24,24,24,24,24,24,24,24,342,3420,-1.608541,-3.83757,-4.72637,-3.095901,-1.422748,-1.530648,-2.329719,-70.97974,-0.3697807,-0.2420456,0.9535778,0.8487955,0.6603127,0.1109944,0.5531919,3.496349,23,23,23,23,23,23,23,23,23,23,23,23,23,23,23,23
343,3430,-31.14651,-48.8452,-13.17336,-9.016552,-6.390758,-3.952406,-3.064846,-3.011916,-2.105453,-2.214078,-2.495503,-2.018155,-2.265289,-2.031018,-2.149007,-0.1208109,24,24,24,24,24,24,24,24,24,24,24,24,24,24,24,24,343,3430,-1.07609,-1.843997,-1.834415,-2.456375,98.76399,83.10021,-2.742732,-2.086173,-2.201595,-3.477548,-2.498218,-2.558152,-1.665438,-2.116722,-1.92729,-3.956595,24,24,24,24,24,24,24,24,24,24,24,24,24,24,24,24,343,3430,-2.297881,-4.860862,-4.087407,-2.192984,-1.68179,-2.040214,-1.683207,-69.44891,0.1247118,0.1208222,0.3575807,-1.091605,-0.1101565,0.1109944,-0.3321469,2.911277,23,23,23,23,23,23,23,23,23,23,23,23,23,23,23,23
344,3440,-31.98826,-50.05423,-12.435,-8.1641,-6.149408,-3.705338,-2.426768,-3.011916,-2.353142,-2.460219,-1.78253,-2.522602,-1.907631,-2.628352,-1.193932,-0.3622112,24,24,24,24,24,24,24,24,24,24,24,24,24,24,24,24,344,3440,-1.748575,-2.107644,-2.227183,-2.973486,99.81477,82.97749,-3.52633,-1.564665,-2.719285,-3.220055,-2.235428,-1.749908,-2.561308,-1.782631,-2.288634,-2.939203,24,24,24,24,24,24,24,24,24,24,24,24,24,24,24,24,344,3440,-2.642554,-4.093393,-3.831821,-1.935007,-2.977002,-3.568913,-3.493443,-70.43302,-0.1225342,0.1208222,-0.2384168,0.484971,-8.989744E-05,-0.3336022,-0.3321469,2.44322,23,23,23,23,23,23,23,23,23,23,23,23,23,23,23,23
345,3450,-29.94401,-50.05423,-11.32745,-8.1641,-5.908072,-4.81616,-2.93723,-3.889633,-3.467688,-4.798561,-2.733161,-3.405131,-2.503727,-3.345156,-1.671469,-0.6036131,24,24,24,24,24,24,24,24,24,24,24,24,24,24,24,24,345,3450,-2.690055,-1.448528,-3.012713,-2.19782,100.3401,82.97749,-3.265131,-2.21655,-3.495877,-2.447577,-2.366823,-2.962273,-2.177362,-2.673543,-2.890875,-2.82616,24,24,24,24,24,24,24,24,24,24,24,24,24,24,24,24,345,3450,-1.72343,-4.477128,-4.215199,-3.482866,-2.588439,-1.912822,-1.941812,-70.6517,0.3719579,-0.3630026,0.3575807,-0.0001284249,0.3301098,0.4444425,-0.000144478,2.911277,23,23,23,23,23,23,23,23,23,23,23,23,23,23,23,23
346,3460,-30.54526,-48.72429,-10.71214,-7.311646,-4.942702,-3.828872,-2.93723,-2.886528,-1.981558,-2.82938,-1.901359,-2.648678,-2.384508,-2.628352,-2.387775,0.120591,24,24,24,24,24,24,24,24,24,24,24,24,24,24,24,24,346,3460,-0.5381012,-1.580351,-2.489022,-2.068542,99.81477,82.4866,-1.828533,-2.34693,-2.848762,-2.061338,-1.578448,-2.558152,-1.281493,-2.005358,-2.409082,-2.260943,24,24,24,24,24,24,24,24,24,24,24,24,24,24,24,24,346,3460,-2.182992,-4.988773,-5.237543,-2.45096,-1.940833,-1.785431,-1.683207,-69.88629,0.001088401,0.1208222,0.715179,-0.4852278,-0.3302896,-0.1113035,0.1105225,3.730384,23,23,23,23,23,23,23,23,23,23,23,23,23,23,23,23
347,3470,-30.66551,-48.9661,-11.32745,-7.798763,-6.390758,-3.952406,-3.447692,-3.011916,-3.096155,-3.075521,-2.139016,-3.026904,-2.146069,-2.867287,-2.149007,0.3619929,24,24,24,24,24,24,24,24,24,24,24,24,24,24,24,24,347,3470,-2.017569,-2.503114,-1.572569,-1.939264,99.42071,82.11843,-2.350932,-3.259572,-1.813379,-1.417606,-1.972584,-2.019323,-1.921399,-2.784907,-2.047738,-2.147897,24,24,24,24,24,24,24,24,24,24,24,24,24,24,24,24,347,3470,-1.953211,-4.988773,-3.831821,-3.095901,-2.329396,-2.931955,-2.200416,-69.55826,0.4955813,0.4836899,0.4767799,-0.6065027,0.2200432,0.2221438,-0.4428155,2.326199,23,23,23,23,23,23,23,23,23,23,23,23,23,23,23,23
348,3480,-30.42501,-47.51525,-10.2199,-7.311646,-5.304707,-3.952406,-2.299153,-3.513469,-2.35309,-4.060086,-2.257844,-3.783358,-2.622946,-4.42036,-3.342851,-1.569221,24,24,24,24,24,24,24,24,24,24,24,24,24,24,24,24,348,3480,-1.748575,-2.37129,-1.572569,-1.809987,99.158,83.22294,-3.134531,-2.607684,-2.201648,-1.417606,-2.366771,-2.019326,-2.817272,-2.339449,-2.168186,-2.600071,24,24,24,24,24,24,24,24,24,24,24,24,24,24,24,24,348,3480,-1.838322,-4.605039,-3.959614,-2.321972,-2.977002,-2.931955,-1.553904,-69.44891,-0.2461572,-0.6049134,0.5959795,0.1211496,0.6603127,0.7778897,-0.110813,2.326199,23,23,23,23,23,23,23,23,23,23,23,23,23,23,23,23
349,3490,-30.54526,-47.03164,-10.71214,-7.555204,-5.546055,-4.322595,-2.93723,-3.137304,-2.229246,-3.321662,-2.495502,-2.774753,-3.099823,-2.986754,-3.104081,0.120591,24,24,24,24,24,24,24,24,24,24,24,24,24,24,24,24,349,3490,-2.690055,-1.580351,-1.703492,-2.327097,100.2088,82.24116,-3.134531,-2.086173,-2.201648,-2.061338,-2.498166,-3.231689,-2.68929,-2.450813,-2.529531,-2.939203,24,24,24,24,24,24,24,24,24,24,24,24,24,24,24,24,349,3490,-1.953211,-5.116685,-4.981957,-3.482866,-2.71796,-2.804563,-1.424601,-69.88629,-0.4934037,0.3627329,0.8343787,0.2424245,-0.3302992,-1.000497,0.1105225,3.145306,23,23,23,23,23,23,23,23,23,23,23,23,23,23,23,23
350,3500,-31.14651,-46.78983,-10.95827,-7.189867,-6.873429,-3.334737,-3.447692,-3.262693,-3.591532,-3.813945,-2.970818,-2.900829,-2.742166,-2.747871,-2.626544,-0.3622112,24,24,24,24,24,24,24,24,24,24,24,24,24,24,24,24,350,3500,-2.152066,-1.843997,-0.917962,-2.19782,100.8655,81.25942,-2.873332,-1.955796,-2.072224,-3.09131,-2.235377,-3.231689,-2.177362,-1.894046,-2.047738,-2.713117,24,24,24,24,24,24,24,24,24,24,24,24,24,24,24,24,350,3500,-2.297881,-4.221304,-5.10975,-2.321972,-2.070354,-2.804563,-1.812509,-70.32367,0.4955813,0.1208222,0.4767799,-0.1214001,-0.5504324,-0.0001035426,0.4425249,2.911277,23,23,23,23,23,23,23,23,23,23,23,23,23,23,23,23
351,3510,-30.06426,-46.18531,-9.481535,-5.971961,-5.666723,-4.075812,-2.554384,-3.638857,-2.848467,-3.813945,-2.139016,-4.035509,-2.861385,-4.181477,-2.865364,-1.569221,24,24,24,24,24,24,24,24,24,24,24,24,24,24,24,24,351,3510,-1.614078,-1.580351,-1.834415,-1.680709,99.158,81.25942,-2.350932,-1.695042,-2.331071,-1.288859,-2.498166,-2.962276,-1.921399,-2.228137,-2.288635,-2.373986,24,24,24,24,24,24,24,24,24,24,24,24,24,24,24,24,351,3510,-2.642554,-4.73295,-4.598578,-2.321972,-1.811311,-1.530648,-2.329719,-69.44891,0.2483352,-0.0001348462,-0.1192176,-0.1214001,-0.2202327,0.4444923,-0.2214784,3.26232,23,23,23,23,23,23,23,23,23,23,23,23,23,23,23,23
352,3520,-29.22251,-45.7017,-9.235414,-6.337414,-5.666723,-3.581805,-1.788408,-3.137304,-1.857714,-3.198592,-2.020186,-3.026905,-1.549973,-2.508938,-1.910289,-0.1208077,24,24,24,24,24,24,24,24,24,24,24,24,24,24,24,24,352,3520,-1.345084,-1.843997,-1.834415,-1.551432,98.89535,82.36388,-2.220333,-1.695042,-2.331071,-1.803845,-3.023752,-2.558154,-1.793417,-2.3395,-2.288635,-3.052239,24,24,24,24,24,24,24,24,24,24,24,24,24,24,24,24,352,3520,-1.37876,-4.093393,-4.470786,-2.837925,-1.940833,-1.530648,-2.200416,-69.23022,0.001088401,-0.3630026,0.715179,0.8487988,0.1099702,-0.8892975,-0.3321453,3.028343,23,23,23,23,23,23,23,23,23,23,23,23,23,23,23,23
353,3530,-29.82376,-44.97628,-9.850718,-5.484463,-5.787392,-3.952406,-2.681999,-3.388081,-2.724623,-2.706309,-2.73316,-3.15298,-3.099823,-3.703609,-2.865364,-0.0001075559,24,24,24,24,24,24,24,24,24,24,24,24,24,24,24,24,353,3530,-1.07609,-1.053059,-0.6561164,-2.19782,99.0267,82.11843,-1.828533,-2.086173,-1.554532,-2.447577,-2.366771,-2.288741,-1.921399,-2.228137,-1.686394,-3.391371,24,24,24,24,24,24,24,24,24,24,24,24,24,24,24,24,353,3530,-1.953208,-3.965481,-4.342992,-2.966913,-1.034185,-2.422388,-2.459022,-69.99564,0.2483352,0.2417759,0.4767799,1.212623,0.1099702,0.666791,0.5531951,3.028343,23,23,23,23,23,23,23,23,23,23,23,23,23,23,23,23
354,3540,-29.94401,-44.12996,-8.004803,-4.753216,-4.098001,-2.964135,-1.149685,-2.886528,-1.238493,-3.075521,-1.426042,-2.648678,-1.788412,-3.464674,-2.029673,-0.7243116,24,24,24,24,24,24,24,24,24,24,24,24,24,24,24,24,354,3540,-1.345084,-1.448579,-1.31073,-2.585653,99.28935,82.11843,-2.220333,-1.695042,-2.589916,-3.348802,-1.972584,-1.615205,-1.793417,-1.782682,-1.927291,-3.165286,24,24,24,24,24,24,24,24,24,24,24,24,24,24,24,24,354,3540,-2.872329,-5.756191,-4.342992,-3.095901,-2.070354,-1.530648,-2.459022,-69.55826,0.9900734,0.3627329,-1.805975E-05,-0.970324,0.2200368,-0.1112537,0.3318596,3.145357,23,23,23,23,23,23,23,23,23,23,23,23,23,23,23,23
355,3550,-29.46301,-43.64635,-7.635619,-5.240714,-4.701354,-3.334737,-1.788408,-2.510364,-1.73387,-3.198592,-2.614331,-2.522602,-2.02685,-3.464674,-2.029673,-0.2415079,24,24,24,24,24,24,24,24,24,24,24,24,24,24,24,24,355,3550,-1.748575,-0.7894641,-1.834421,-1.551432,99.68341,82.97749,-2.873332,-1.434285,-2.978185,-1.675099,-1.709791,-1.749911,-1.793417,-1.559955,-3.131771,-3.165286,24,24,24,24,24,24,24,24,24,24,24,24,24,24,24,24,355,3550,-1.953208,-3.837518,-4.72637,-2.192984,-2.71796,-2.422388,-3.234837,-69.66759,0.6192039,0.6046437,0.1191815,1.091348,0.8804395,-0.0001035426,-0.8854833,2.560279,23,23,23,23,23,23,23,23,23,23,23,23,23,23,23,23
356,3560,-28.62126,-42.0746,-7.758681,-4.875091,-4.460017,-2.964135,-2.93723,-2.635752,-2.848467,-3.075521,-2.376673,-3.783358,-2.265289,-3.106273,-2.029673,-0.3622096,24,24,24,24,24,24,24,24,24,24,24,24,24,24,24,24,356,3560,-1.345084,-1.975872,-2.22719,-1.939265,99.81477,82.11843,-2.350932,-2.607684,-2.331071,-1.675099,-1.447002,-2.69286,-1.537456,-2.228137,-2.529531,-2.939197,24,24,24,24,24,24,24,24,24,24,24,24,24,24,24,24,356,3560,-1.723427,-3.96543,-4.981956,-3.224836,-1.940833,-2.040214,-3.234837,-69.88629,0.001088401,-0.6049134,0.4767799,0.4849742,-0.3302992,-0.444701,0.1105241,3.379386,23,23,23,23,23,23,23,23,23,23,23,23,23,23,23,23
357,3570,-29.58326,-41.95369,-7.266436,-3.778221,-3.735983,-2.47,-1.916152,-2.635752,-1.610025,-2.583238,-2.020186,-2.774753,-1.669192,-3.22574,-1.432752,-0.8450134,24,24,24,24,24,24,24,24,24,24,24,24,24,24,24,24,357,3570,-1.07609,-1.975872,-1.834421,-1.034322,99.42071,81.9957,-2.089733,-2.086173,-2.072224,-1.288859,-1.578397,-2.154032,-1.409475,-2.562231,-1.204602,-2.034848,24,24,24,24,24,24,24,24,24,24,24,24,24,24,24,24,357,3570,-2.642548,-4.988722,-4.598578,-2.321919,-1.681738,-1.785431,-4.915771,-70.10499,0.1247118,0.1208222,0.1191815,-0.3639498,-0.4403658,-0.6669989,-0.3321453,3.262372,23,23,23,23,23,23,23,23,23,23,23,23,23,23,23,23
358,3580,-30.18451,-42.67912,-7.881742,-5.850086,-5.787392,-4.322595,-2.809615,-3.011916,-2.229246,-2.706309,-2.020186,-2.018154,-1.669192,-2.270003,-1.552136,-0.2415079,24,24,24,24,24,24,24,24,24,24,24,24,24,24,24,24,358,3580,-1.614078,-2.503165,-1.572576,-1.034322,99.55206,82.73205,-2.873332,-1.695042,-1.42511,-1.031367,-2.366771,-1.076376,-1.537456,-2.116773,-1.806843,-1.808762,24,24,24,24,24,24,24,24,24,24,24,24,24,24,24,24,358,3580,-2.182989,-4.093342,-3.576234,-2.063943,-1.940781,-2.167605,-3.493443,-68.90218,0.6192039,0.6046437,-0.5960156,-0.2426749,0.44017,0.666791,-0.0001428727,2.092221,23,23,23,23,23,23,23,23,23,23,23,23,23,23,23,23
359,3590,-32.10851,-41.71189,-9.481535,-7.068089,-7.114779,-4.322595,-3.064846,-2.886528,-2.972311,-2.706309,-2.614331,-2.774753,-2.503727,-2.508938,-2.149058,-0.2415079,24,24,24,24,24,24,24,24,24,24,24,24,24,24,24,24,359,3590,-2.01757,-1.448579,-0.6561229,-1.68071,99.42071,82.4866,-3.26508,-1.564665,-1.683956,-1.546352,-0.7900219,-2.154032,-2.68929,-1.782682,-1.686394,-2.826154,24,24,24,24,24,24,24,24,24,24,24,24,24,24,24,24,359,3590,-1.608538,-4.732899,-3.704027,-2.063943,-1.940781,-1.530648,-2.200363,-69.88629,-0.1225342,-0.4839596,0.2383811,0.9700736,0.44017,0.3333437,-0.4428123,2.911329,23,23,23,23,23,23,23,23,23,23,23,23,23,23,23,23
360,3600,-29.94401,-41.22828,-7.758681,-6.093835,-5.425387,-3.087669,-2.554384,-2.1342,-1.610025,-2.337097,-1.6637,-1.892022,-1.549973,-2.986805,-0.955214,-0.6036115,24,24,24,24,24,24,24,24,24,24,24,24,24,24,24,24,360,3600,-2.01757,-1.316757,-1.179814,-1.809988,99.0267,80.64581,-1.959082,-1.173531,-2.460493,-1.932592,-1.184209,-2.827568,-1.153511,-1.894046,-1.806843,-1.695719,24,24,24,24,24,24,24,24,24,24,24,24,24,24,24,24,360,3600,-1.723427,-5.372456,-5.237542,-2.321919,-1.293175,-1.658039,-2.846876,-69.66759,0.001088401,0.4836899,0.5959795,-0.970324,-0.5504324,-0.2224022,0.5531951,3.145357,23,23,23,23,23,23,23,23,23,23,23,23,23,23,23,23
361,3610,-29.10226,-41.95369,-8.127864,-7.433425,-6.270076,-4.199203,-2.554384,-2.886528,-1.981609,-2.337097,-1.901357,-1.639758,-1.549973,-2.508938,-1.193983,-0.2415079,24,24,24,24,24,24,24,24,24,24,24,24,24,24,24,24,361,3610,-1.614078,-1.05311,-1.310737,-1.809988,99.28935,81.1367,-2.742681,-1.173531,-2.46044,-1.160114,-1.841189,-2.558154,-1.025529,-1.44859,-1.927291,-2.034848,24,24,24,24,24,24,24,24,24,24,24,24,24,24,24,24,361,3610,-2.182989,-3.837518,-3.448442,-2.192931,-1.940781,-2.54978,-3.622691,-69.23022,0.1247118,0.6046437,0.4767799,0.1211496,0.44017,0.4444923,-0.3321453,2.209236,23,23,23,23,23,23,23,23,23,23,23,23,23,23,23,23
362,3620,-28.50101,-41.59098,-8.250924,-7.555204,-5.908072,-2.47,-2.426768,-1.50674,-1.610077,-0.9833728,-1.901357,-1.639758,-1.430754,-1.194798,-1.67152,-0.2415079,24,24,24,24,24,24,24,24,24,24,24,24,24,24,24,24,362,3620,-1.210587,-1.712226,-1.441659,-1.292877,98.23858,82.11843,-2.089682,-1.434285,-2.072171,-1.417606,-2.629564,-1.749911,-1.281493,-1.559955,-1.806843,-2.373979,24,24,24,24,24,24,24,24,24,24,24,24,24,24,24,24,362,3620,-1.034087,-4.349164,-4.470785,-1.676979,-2.329344,-2.294997,-2.717574,-69.44891,-0.3697803,-0.9677812,0.1191815,0.4849742,0.44017,0.3333437,-0.2214784,2.092221,23,23,23,23,23,23,23,23,23,23,23,23,23,23,23,23
363,3630,-30.06426,-41.95369,-8.497047,-6.702752,-5.546055,-2.964136,-1.660714,-2.008811,-1.857765,-1.721796,-1.782527,-1.639758,-1.788412,-1.672667,-1.193983,-0.3622096,24,24,24,24,24,24,24,24,24,24,24,24,24,24,24,24,363,3630,-1.614078,-1.844049,-1.572576,-1.809988,98.76399,81.87299,-1.959082,-1.434285,-1.166211,-1.803845,-1.315604,-2.154032,-1.025529,-1.559955,-0.9637061,-2.600068,24,24,24,24,24,24,24,24,24,24,24,24,24,24,24,24,363,3630,-1.493646,-4.604988,-5.237542,-2.063943,-1.811259,-1.912822,-3.364086,-70.21432,-0.9878958,0.2417759,-0.1192184,-0.2426749,-0.7705655,-0.5558495,0.4425265,3.145357,23,23,23,23,23,23,23,23,23,23,23,23,23,23,23,23
364,3640,-28.14026,-42.80002,-7.758681,-7.068089,-5.184038,-4.322595,-1.788459,-3.137304,-2.105453,-2.829432,-2.139014,-2.144338,-1.788412,-2.508938,-2.149058,-0.9657136,24,24,24,24,24,24,24,24,24,24,24,24,24,24,24,24,364,3640,-1.345084,-0.5258173,-1.572576,-2.714931,99.94612,82.4866,-2.350881,-1.434285,-1.554479,-1.932591,-1.184209,-1.345787,-2.049381,-1.559955,-2.047739,-2.939197,24,24,24,24,24,24,24,24,24,24,24,24,24,24,24,24,364,3640,-1.148976,-4.093342,-4.087406,-1.805967,-1.552217,-2.422389,-3.234783,-69.01153,0.4955813,0.4836899,0.4767791,0.7275271,0.2200368,1.222537,0.5531951,3.145357,23,23,23,23,23,23,23,23,23,23,23,23,23,23,23,23
365,3650,-27.89976,-42.43731,-7.635619,-6.580973,-5.06337,-2.593534,-1.27748,-2.510364,-1.733921,-1.844867,-2.020185,-1.513677,-2.146069,-1.672667,-1.552136,-0.1208077,24,24,24,24,24,24,24,24,24,24,24,24,24,24,24,24,365,3650,-2.01757,-1.975872,-2.619952,-2.197821,99.42071,82.36388,-2.220282,-1.303908,-2.331017,-1.803845,-1.184209,-1.345787,-1.665438,-1.894046,-2.168186,-2.487022,24,24,24,24,24,24,24,24,24,24,24,24,24,24,24,24,365,3650,-2.41277,-4.860811,-4.598578,-2.321919,-1.811259,-2.167605,-2.976178,-69.44891,-0.2461572,-0.7258704,0.1191803,-0.1213969,0.330052,0.3333437,-0.2214784,2.6773,23,23,23,23,23,23,23,23,23,23,23,23,23,23,23,23
366,3660,-29.82376,-43.16273,-8.620107,-5.971961,-4.942702,-3.211203,-1.53297,-2.76114,-1.857765,-1.844867,-1.307211,-1.387545,-1.549973,-1.5532,-1.432752,0.1205942,24,24,24,24,24,24,24,24,24,24,24,24,24,24,24,24,366,3660,-1.210587,-1.580402,-2.489035,-1.68071,100.2088,81.62759,-1.567283,-2.21655,-2.589863,-1.675099,-1.315604,-2.288737,-1.025529,-1.782631,-1.686394,-2.600068,24,24,24,24,24,24,24,24,24,24,24,24,24,24,24,24,366,3660,-1.148976,-3.837518,-4.598578,-2.708884,-2.458865,-2.040214,-2.588271,-69.33956,-0.1225342,-0.4839596,0.5959787,-0.2426717,-0.1102143,-0.6670494,-0.4428123,3.4964,23,23,23,23,23,23,23,23,23,23,23,23,23,23,23,23
367,3670,-30.18451,-42.55822,-7.881742,-6.824531,-4.701354,-3.458271,-1.53297,-3.764245,-1.733921,-3.690926,-1.307211,-3.026904,-2.02685,-3.106273,-1.67152,-0.7243116,24,24,24,24,24,24,24,24,24,24,24,24,24,24,24,24,367,3670,-1.883073,-2.898634,-1.572576,-1.422155,99.55206,81.9957,-2.350881,-2.738061,-1.813326,-1.803845,-1.841189,-2.288737,-1.921399,-3.230362,-1.566506,-2.487022,24,24,24,24,24,24,24,24,24,24,24,24,24,24,24,24,367,3670,-1.148976,-3.325872,-4.72637,-2.063943,-1.811259,-2.040214,-2.976178,-70.43302,0.2483352,-0.0001348462,0.2383799,-0.4852214,0.1099189,0.2221438,0.2211943,2.911329,23,23,23,23,23,23,23,23,23,23,23,23,23,23,23,23
368,3680,-28.86176,-43.28364,-8.497047,-6.824531,-4.822034,-3.334737,-1.405225,-2.886528,-1.238544,-1.721796,-1.663698,-1.892073,-2.146069,-1.792134,-1.432751,0.1205942,24,24,24,24,24,24,24,24,24,24,24,24,24,24,24,24,368,3680,-2.286564,-2.766811,-2.096267,-2.197821,98.89535,82.85477,-2.873281,-2.738061,-2.072171,-1.675099,-2.629564,-1.749908,-2.68929,-2.450813,-2.409495,-2.82616,24,24,24,24,24,24,24,24,24,24,24,24,24,24,24,24,368,3680,-2.527659,-4.093342,-3.704027,-2.450907,-2.458865,-2.294997,-3.105481,-69.33956,0.8664507,-0.2420456,0.5959787,-0.2426717,0.5501851,0.7778897,0.2211943,3.028343,23,23,23,23,23,23,23,23,23,23,23,23,23,23,23,23
369,3690,-29.944,-43.04183,-9.358473,-8.651216,-6.270076,-3.458271,-2.681999,-3.011916,-1.733921,-2.58329,-1.663698,-1.892073,-2.265289,-2.389471,-1.313367,0.1205942,24,24,24,24,24,24,24,24,24,24,24,24,24,24,24,24,369,3690,-3.900528,-2.634988,-2.619952,-1.939265,99.28935,81.87299,-3.00388,-2.477307,-1.683903,-2.576323,-2.892354,-2.423444,-3.073235,-3.118998,-1.566506,-2.939203,24,24,24,24,24,24,24,24,24,24,24,24,24,24,24,24,369,3690,-2.757395,-3.96543,-4.470785,-3.224836,-3.365513,-3.31413,-4.139901,-70.6517,0.001088401,-0.0001348462,0.2383799,-0.0001220037,-0.220284,-0.0001541099,-0.8854801,2.6773,23,23,23,23,23,23,23,23,23,23,23,23,23,23,23,23
370,3700,-28.7415,-43.76725,-8.373985,-8.042321,-5.06337,-4.075812,-1.149736,-3.011916,-1.610077,-2.706362,-2.020185,-2.648678,-1.549973,-3.22574,-1.432751,-1.086415,24,24,24,24,24,24,24,24,24,24,24,24,24,24,24,24,370,3700,-3.093546,-2.634988,-1.834421,-2.197821,99.28935,81.38215,-1.959082,-1.825419,-2.072171,-1.932591,-2.760959,-2.558152,-2.561308,-1.782631,-2.529922,-2.939203,24,24,24,24,24,24,24,24,24,24,24,24,24,24,24,24,370,3700,-1.953163,-4.349164,-4.854163,-3.482813,-2.329344,-1.912822,-3.234783,-70.43302,-0.1225342,0.2417759,0.8343774,0.9700768,0.5501851,0.3332939,0.4425298,3.4964,23,23,23,23,23,23,23,23,23,23,23,23,23,23,23,23
371,3710,-27.89975,-43.76725,-9.481535,-8.651216,-5.908072,-3.334737,-1.660714,-2.259587,-1.238544,-1.844867,-1.663698,-1.513677,-1.311535,-1.911602,-1.552135,-0.0001075559,24,24,24,24,24,24,24,24,24,24,24,24,24,24,24,24,371,3710,-2.690055,-2.503165,-3.012713,-2.327099,98.89535,81.25942,-2.220282,-2.21655,-2.589863,-2.061338,-2.629564,-3.096981,-2.177362,-2.228086,-2.650349,-2.487029,24,24,24,24,24,24,24,24,24,24,24,24,24,24,24,24,371,3710,-2.642506,-5.628279,-4.470734,-3.740789,-2.458865,-2.040214,-4.010599,-69.55826,0.7428274,0.1208222,-0.715216,-0.2426717,0.4401186,0.5555918,0.1105273,3.379386,23,23,23,23,23,23,23,23,23,23,23,23,23,23,23,23
372,3720,-29.82376,-44.49268,-10.95827,-9.747227,-8.080149,-4.075812,-2.426768,-3.137304,-2.476986,-3.075573,-1.54487,-2.648678,-2.146069,-1.5532,-0.9552132,-0.4829098,24,24,24,24,24,24,24,24,24,24,24,24,24,24,24,24,372,3720,-2.824552,-3.030457,-2.227183,-2.585705,98.63264,81.9957,-1.959082,-2.34693,-1.942748,-2.31883,-3.023752,-2.154031,-2.561308,-2.784907,-1.686933,-2.713117,24,24,24,24,24,24,24,24,24,24,24,24,24,24,24,24,372,3720,-2.642506,-4.477075,-4.726319,-3.353878,-2.199823,-2.294997,-4.010599,-71.30778,-0.2461572,0.4836899,0.3575795,0.6062523,0.1099189,-0.4447507,0.1105273,3.379386,23,23,23,23,23,23,23,23,23,23,23,23,23,23,23,23
373,3730,-29.10226,-43.28364,-10.58908,-11.33035,-7.235446,-5.062943,-1.916204,-3.011916,-1.486233,-2.952502,-0.7130673,-1.892073,-1.192315,-2.031069,-1.313367,-0.7243116,24,24,24,24,24,24,24,24,24,24,24,24,24,24,24,24,373,3730,-2.017569,-3.294104,-1.703492,-2.973537,98.63269,82.4866,-1.959082,-2.868438,-2.201595,-2.70507,-2.760959,-2.288737,-1.409475,-2.673543,-2.048214,-3.730509,24,24,24,24,24,24,24,24,24,24,24,24,24,24,24,24,373,3730,-2.182944,-4.477075,-4.087355,-3.482866,-2.717908,-1.785431,-2.717574,-70.10499,-0.4934037,-1.088738,0.3575795,0.1211528,0.330052,-0.222452,-0.2214752,3.730435,23,23,23,23,23,23,23,23,23,23,23,23,23,23,23,23
374,3740,-32.83001,-45.58081,-12.55806,-13.52238,-9.648871,-7.160597,-3.575308,-3.513469,-2.229297,-2.58329,-1.307211,-1.765941,-1.669192,-1.672667,-1.074598,0.2412944,24,24,24,24,24,24,24,24,24,24,24,24,24,24,24,24,374,3740,-2.286563,-1.844049,-3.143636,-3.232093,99.55211,82.4866,-2.612081,-2.086173,-2.978132,-3.348802,-2.760959,-2.288737,-2.561308,-2.339449,-2.770776,-3.843552,24,24,24,24,24,24,24,24,24,24,24,24,24,24,24,24,374,3740,-2.757395,-4.988722,-4.470734,-2.966914,-2.847428,-2.422338,-3.364086,-70.76105,0.3719579,0.6046437,0.4767791,-0.4852214,0.330052,0.2221438,0.6638637,3.145357,23,23,23,23,23,23,23,23,23,23,23,23,23,23,23,23
375,3750,-32.10851,-46.18532,-12.31194,-12.06103,-10.01089,-6.54364,-4.213385,-4.140409,-3.096207,-3.198644,-2.139014,-2.774753,-1.669192,-1.911602,-1.67152,-0.0001075559,24,24,24,24,24,24,24,24,24,24,24,24,24,24,24,24,375,3750,-3.631534,-2.503165,-3.536398,-2.456427,99.02675,81.62759,-2.481481,-2.868438,-3.754669,-2.70507,-3.155149,-2.962273,-2.433326,-3.118998,-3.01163,-3.052246,24,24,24,24,24,24,24,24,24,24,24,24,24,24,24,24,375,3750,-3.102065,-4.221252,-4.087355,-3.22489,-3.754077,-3.951036,-2.329719,-69.88629,0.2483352,-0.0001348462,-0.715216,0.3637026,0.5501851,0.1109952,-0.3321437,2.560279,23,23,23,23,23,23,23,23,23,23,23,23,23,23,23,23
376,3760,-30.6655,-44.61357,-13.66561,-13.76593,-11.2176,-6.173466,-3.575308,-3.764246,-2.60083,-3.321714,-1.663698,-2.396527,-1.192315,-2.986805,-1.432751,-0.8450134,24,24,24,24,24,24,24,24,24,24,24,24,24,24,24,24,376,3760,-2.42106,-3.030457,-3.798244,-2.197871,99.55211,81.9957,-1.959082,-3.520326,-3.3664,-2.833816,-1.972584,-3.63581,-1.921399,-3.564453,-3.132057,-2.713117,24,24,24,24,24,24,24,24,24,24,24,24,24,24,24,24,376,3760,-2.642506,-4.86081,-4.215148,-3.869831,-3.235992,-2.549729,-3.105534,-70.54237,-0.3697803,-0.7258704,0.4767791,0.2424277,0.5501851,0.4444425,-0.3321437,3.379386,23,23,23,23,23,23,23,23,23,23,23,23,23,23,23,23
377,3770,-29.58326,-46.66894,-13.91173,-13.15704,-10.49356,-6.667031,-3.447692,-4.015022,-1.857765,-2.706362,-0.9507248,-1.135281,-0.9538768,-1.911602,-0.8358294,-0.3622096,24,24,24,24,24,24,24,24,24,24,24,24,24,24,24,24,377,3770,-2.555558,-3.55775,-2.096261,-2.714983,99.1581,82.11843,-2.873281,-3.520326,-2.331071,-1.932591,-3.155149,-2.288737,-3.073235,-3.118998,-2.650349,-2.373986,24,24,24,24,24,24,24,24,24,24,24,24,24,24,24,24,377,3770,-2.757395,-5.884102,-5.365283,-2.966914,-3.106471,-2.167554,-3.234837,-70.6517,0.6191525,0.4836899,0.7151783,-0.1213969,-0.4404172,-0.222452,-0.0001412674,3.145357,23,23,23,23,23,23,23,23,23,23,23,23,23,23,23,23
378,3780,-28.62125,-45.94352,-13.78867,-12.42636,-10.85558,-6.296857,-4.468616,-2.886529,-2.353142,-2.46022,-1.663698,-2.018205,-2.146069,-1.792134,-1.432751,-0.4829098,24,24,24,24,24,24,24,24,24,24,24,24,24,24,24,24,378,3780,-3.766031,-3.162281,-3.012713,-2.456427,99.1581,81.38215,-2.742681,-2.607684,-2.589916,-1.675099,-2.629564,-2.558152,-2.817272,-2.450813,-2.168641,-2.373986,24,24,24,24,24,24,24,24,24,24,24,24,24,24,24,24,378,3780,-2.987176,-4.604987,-4.215148,-2.579949,-3.106471,-3.568862,-1.941812,-70.21432,-0.4934551,0.7256007,-0.4768172,-0.0001220037,0.6602517,0.4444425,-0.0001412674,2.443271,23,23,23,23,23,23,23,23,23,23,23,23,23,23,23,23
379,3790,-28.7415,-46.06442,-12.80418,-11.93925,-10.49356,-6.420249,-3.702924,-2.76114,-1.610077,-2.706362,-1.069554,-1.387545,-1.192315,-2.031069,-0.3582911,-0.1208077,24,24,24,24,24,24,24,24,24,24,24,24,24,24,24,24,379,3790,-2.959049,-2.371342,-2.358106,-3.490649,99.94617,80.76853,-3.13448,-2.738061,-2.978185,-3.091309,-2.498218,-3.366394,-2.433326,-2.339449,-2.650349,-2.939203,24,24,24,24,24,24,24,24,24,24,24,24,24,24,24,24,379,3790,-2.642506,-4.477075,-4.470734,-3.482866,-3.754077,-2.549729,-2.976232,-70.6517,-0.369832,-0.6049134,-0.119218,-0.1213969,0.4401186,0.4444425,-0.7748132,3.613415,23,23,23,23,23,23,23,23,23,23,23,23,23,23,23,23
380,3800,-30.30476,-47.39436,-13.54255,-14.49661,-10.49356,-7.654163,-4.468616,-4.015022,-2.848518,-2.829432,-2.139014,-2.522602,-1.907631,-2.508938,-1.432751,-0.8450134,24,24,24,24,24,24,24,24,24,24,24,24,24,24,24,24,380,3800,-2.152066,-2.371342,-2.489022,-2.197871,99.1581,81.25942,-2.350881,-2.21655,-2.848762,-1.932591,-3.023803,-3.501102,-1.793417,-1.893994,-2.650349,-1.695722,24,24,24,24,24,24,24,24,24,24,24,24,24,24,24,24,380,3800,-2.182944,-5.116633,-5.365283,-3.353878,-2.588386,-2.422338,-2.200416,-70.32367,-0.4934551,-0.2420456,0.595979,0.3637507,-0.6605503,-0.3336022,0.1105273,3.613415,23,23,23,23,23,23,23,23,23,23,23,23,23,23,23,23
381,3810,-31.98826,-47.87798,-15.14234,-14.98372,-12.06228,-7.283988,-3.958154,-3.137305,-2.105453,-1.106443,-2.020185,-1.639758,-1.669141,-0.955865,-1.313367,0.2412944,24,24,24,24,24,24,24,24,24,24,24,24,24,24,24,24,381,3810,-1.748575,-1.975872,-2.619945,-1.810039,98.37004,81.38215,-2.220282,-2.738061,-2.460493,-2.061338,-3.286592,-2.288737,-1.921399,-2.116722,-1.927787,-2.600071,24,24,24,24,24,24,24,24,24,24,24,24,24,24,24,24,381,3810,-2.297836,-4.988722,-4.34294,-2.063996,-2.458865,-2.804513,-3.88135,-70.76105,0.1246605,0.1208222,0.2383807,0.4850256,0.2200432,0.6667412,0.5531967,2.443271,23,23,23,23,23,23,23,23,23,23,23,23,23,23,23,23
382,3820,-32.70975,-49.20791,-15.63458,-14.74016,-12.78632,-7.900945,-4.596232,-3.764246,-1.857765,-2.58329,-1.069554,-1.76589,-1.311483,-1.553147,-0.7164448,0.4826963,24,24,24,24,24,24,24,24,24,24,24,24,24,24,24,24,382,3820,-2.42106,-2.634988,-1.965338,-2.585705,98.8954,82.24116,-2.220282,-2.21655,-2.331071,-2.70507,-2.10403,-1.884616,-2.177362,-2.896271,-1.566506,-2.939203,24,24,24,24,24,24,24,24,24,24,24,24,24,24,24,24,382,3820,-2.642506,-4.732899,-4.470734,-2.837926,-2.070302,-3.186687,-3.234837,-69.99564,-0.369832,-0.8468274,0.595979,0.3637507,0.1099767,0.8889885,0.7745322,2.209236,23,23,23,23,23,23,23,23,23,23,23,23,23,23,23,23
383,3830,-31.62751,-49.08701,-14.77316,-15.47084,-12.4243,-9.505034,-4.596232,-4.76735,-2.60083,-3.567856,-1.901356,-2.396527,-0.9538254,-2.867285,-1.313367,-0.3622096,24,24,24,24,24,24,24,24,24,24,24,24,24,24,24,24,383,3830,-2.42106,-2.634988,-2.096261,-3.619926,99.02675,82.36388,-3.39568,-2.086173,-2.71934,-2.962563,-2.235428,-2.019323,-2.433326,-1.448538,-2.168641,-2.939203,24,24,24,24,24,24,24,24,24,24,24,24,24,24,24,24,383,3830,-1.838274,-4.86081,-5.237491,-3.353878,-2.199823,-2.422338,-3.493443,-70.76105,-0.6170785,-0.4839596,0.7151787,0.2424759,-0.1101565,-0.3336535,-0.3321469,2.911329,23,23,23,23,23,23,23,23,23,23,23,23,23,23,23,23
384,3840,-33.55151,-49.08701,-14.6501,-15.59262,-12.78632,-8.271119,-4.213385,-3.764246,-0.9908559,-1.721796,-1.188383,-1.513626,-1.549922,-0.8363431,-1.790904,0.7240965,24,24,24,24,24,24,24,24,24,24,24,24,24,24,24,24,384,3840,-2.824552,-1.448579,-3.274559,-1.939316,98.8954,82.4866,-3.39568,-1.955796,-3.107608,-2.576323,-1.709843,-1.884616,-1.665438,-1.782631,-3.01163,-2.487029,24,24,24,24,24,24,24,24,24,24,24,24,24,24,24,24,384,3840,-2.182944,-4.86081,-5.109698,-2.45096,-1.552217,-2.167554,-3.493443,-71.30778,0.6191525,0.2417759,0.3575799,0.6063004,-0.1101565,0.6666898,0.6638604,2.911277,23,23,23,23,23,23,23,23,23,23,23,23,23,23,23,23
385,3850,-37.39951,-51.26328,-17.11131,-17.4193,-13.99302,-9.258251,-4.596232,-4.015022,-2.60083,-2.46022,-2.020185,-2.144287,-1.669141,-1.792081,-1.552135,0.120591,24,24,24,24,24,24,24,24,24,24,24,24,24,24,24,24,385,3850,-2.152066,-1.975872,-3.143636,-2.197871,99.55211,81.38215,-2.220282,-2.21655,-2.978185,-1.803845,-1.709843,-2.288737,-1.281493,-2.450813,-2.650349,-1.921811,24,24,24,24,24,24,24,24,24,24,24,24,24,24,24,24,385,3850,-2.987173,-5.372456,-4.726319,-2.837926,-1.681738,-2.549729,-2.84693,-70.54237,0.2482839,-0.8468274,0.2383807,0.121201,-0.1101565,0.1109439,0.1105225,2.560234,23,23,23,23,23,23,23,23,23,23,23,23,23,23,23,23
386,3860,-38.00076,-52.23051,-15.14234,-14.98372,-12.06228,-9.134859,-4.341001,-5.519679,-3.096207,-4.306279,-1.782527,-3.783358,-2.146018,-3.46462,-2.387826,-0.845015,24,24,24,24,24,24,24,24,24,24,24,24,24,24,24,24,386,3860,-1.479581,-3.030406,-2.096261,-1.939316,99.1581,82.4866,-2.220282,-3.389949,-2.201648,-0.9026204,-2.366823,-2.019323,-1.793417,-1.893994,-1.446079,-2.373986,24,24,24,24,24,24,24,24,24,24,24,24,24,24,24,24,386,3860,-1.26382,-4.221304,-4.854112,-3.095901,-2.329344,-1.657988,-3.234837,-70.43302,-0.7407011,0.2417759,0.595979,0.4850256,-8.989744E-05,-0.7782493,0.5531919,3.262326,23,23,23,23,23,23,23,23,23,23,23,23,23,23,23,23
387,3870,-38.24126,-51.8678,-15.63458,-15.59262,-13.02765,-8.394511,-4.851463,-4.391186,-2.60083,-3.444785,-1.782527,-2.522602,-1.669141,-2.389416,-1.432751,0.3619929,24,24,24,24,24,24,24,24,24,24,24,24,24,24,24,24,387,3870,-2.824552,-2.239467,-1.572576,-2.068594,98.63269,82.11843,-2.873281,-2.21655,-2.072224,-1.160113,-2.498218,-1.749908,-3.073235,-2.116722,-1.566506,-2.147897,24,24,24,24,24,24,24,24,24,24,24,24,24,24,24,24,387,3870,-1.838271,-4.221304,-4.981957,-2.063996,-1.681738,-2.167554,-2.84693,-70.8704,-0.246209,0.3627329,0.2383807,-7.384432E-05,-0.4403594,0.1109439,0.9958629,2.326205,23,23,23,23,23,23,23,23,23,23,23,23,23,23,23,23
388,3880,-39.32351,-52.83503,-18.71111,-18.51531,-16.40645,-9.751816,-6.000003,-5.519679,-3.467739,-4.060138,-2.495501,-3.783358,-3.099772,-3.10622,-2.626595,0.2412927,24,24,24,24,24,24,24,24,24,24,24,24,24,24,24,24,388,3880,-3.093546,-1.843997,-1.310737,-2.585653,99.68346,81.75031,-3.13448,-1.955796,-1.683956,-1.932591,-1.184261,-2.69286,-1.921399,-1.003082,-0.4826625,-2.713117,24,24,24,24,24,24,24,24,24,24,24,24,24,24,24,24,388,3880,-2.642503,-4.988773,-4.087407,-1.677031,-1.422696,-1.785379,-3.622745,-69.99564,-0.1225856,-0.1210918,-0.2384176,-0.2426236,0.3301098,0.7778383,0.331858,3.028291,23,23,23,23,23,23,23,23,23,23,23,23,23,23,23,23
389,3890,-37.64001,-53.68136,-17.4805,-17.17575,-14.47571,-9.875208,-4.596232,-5.018126,-3.839272,-4.42935,-1.901356,-4.161584,-2.503676,-4.659291,-3.342901,-1.207119,24,24,24,24,24,24,24,24,24,24,24,24,24,24,24,24,389,3890,-1.07609,-1.448528,-2.096267,-1.939264,98.76395,81.38215,-1.828482,-1.695042,-1.942801,-1.288859,-1.972636,-2.69286,-2.049381,-1.671267,-2.289068,-2.034854,24,24,24,24,24,24,24,24,24,24,24,24,24,24,24,24,389,3890,-0.9191499,-4.349216,-4.854165,-2.321972,-1.681738,-1.785379,-2.717627,-70.32367,0.1246605,-0.1210918,0.9535774,0.4850256,-0.220223,-0.3336535,-0.22148,2.911277,23,23,23,23,23,23,23,23,23,23,23,23,23,23,23,23
390,3900,-39.44376,-53.31865,-17.11131,-15.7144,-11.94162,-8.517902,-4.596232,-4.892738,-3.096207,-3.690926,-2.139014,-3.15298,-2.265237,-2.986753,-2.387826,0.2412927,24,24,24,24,24,24,24,24,24,24,24,24,24,24,24,24,390,3900,-1.748575,-1.580351,-2.358113,-1.292876,97.71317,81.1367,-1.697883,-0.9127768,-1.813379,-1.288859,-2.10403,-1.345787,-1.409475,-1.114447,-0.9643707,-1.58268,24,24,24,24,24,24,24,24,24,24,24,24,24,24,24,24,390,3900,-1.26382,-4.605039,-4.854165,-1.419055,-1.034133,-2.040162,-3.88135,-71.85451,0.1246605,0.3627329,0.4767795,-7.384432E-05,-0.4403594,0.3332426,0.7745274,2.911277,23,23,23,23,23,23,23,23,23,23,23,23,23,23,23,23
391,3910,-39.20326,-52.47232,-16.98826,-13.52238,-12.66565,-7.40738,-5.106694,-4.76735,-4.210804,-3.937068,-2.733158,-3.657282,-3.576648,-3.703554,-2.626595,-0.9657168,24,24,24,24,24,24,24,24,24,24,24,24,24,24,24,24,391,3910,-0.9415926,-1.316705,-0.7870457,-2.327097,97.97588,81.38215,-2.220333,-1.955796,-1.683956,-2.190084,-2.10403,-1.480495,-1.665438,-1.448538,-1.205225,-2.939203,24,24,24,24,24,24,24,24,24,24,24,24,24,24,24,24,391,3910,-1.26382,-3.965481,-4.215199,-1.806019,-1.034133,-2.167554,-1.683154,-70.10499,0.4955299,-0.7258704,0.1191811,0.2424759,0.3301098,0.4443911,-0.000144478,2.209191,23,23,23,23,23,23,23,23,23,23,23,23,23,23,23,23
392,3920,-37.51976,-52.10961,-16.12683,-13.64415,-11.45893,-6.54364,-3.958154,-4.140409,-2.724674,-3.690926,-2.139014,-2.900829,-2.146018,-3.823022,-2.268442,-0.3622112,24,24,24,24,24,24,24,24,24,24,24,24,24,24,24,24,392,3920,-1.210587,-1.712175,-1.310737,-2.19782,99.28931,81.9957,-1.959133,-1.303908,-1.683956,-2.962563,-1.315655,-1.615202,-1.281493,-1.559904,-1.325652,-2.713117,24,24,24,24,24,24,24,24,24,24,24,24,24,24,24,24,392,3920,-1.493601,-3.709659,-4.854165,-2.579948,-1.681738,-1.14842,-2.329667,-69.66759,-0.4934551,0.1208222,0.8343782,0.3637507,-0.1101565,-0.4448021,-0.000144478,2.677248,23,23,23,23,23,23,23,23,23,23,23,23,23,23,23,23
393,3930,-36.43751,-52.59322,-15.75765,-12.66992,-10.61424,-6.420249,-4.468616,-4.641962,-3.591583,-4.552421,-2.733158,-3.279056,-2.503676,-4.181424,-2.626595,-0.482913,24,24,24,24,24,24,24,24,24,24,24,24,24,24,24,24,393,3930,-1.883072,-1.316705,-1.441659,-2.456375,99.28931,82.11843,-2.612132,-0.7823967,-1.683956,-2.061338,-1.841241,-1.480495,-1.409475,-1.114447,-1.927787,-2.373986,24,24,24,24,24,24,24,24,24,24,24,24,24,24,24,24,393,3930,-0.8042578,-3.709659,-5.365335,-2.063995,-0.3865269,-1.021029,-2.846877,-70.97974,0.1247118,0.2417759,0.2383807,1.0914,-0.1101565,0.4443911,0.6638604,3.028291,23,23,23,23,23,23,23,23,23,23,23,23,23,23,23,23
394,3940,-34.39326,-50.17515,-15.88071,-12.91348,-10.85558,-6.913815,-5.23431,-3.764245,-3.715427,-2.829432,-2.495501,-2.900829,-3.338211,-2.867285,-2.50721,0.2412927,24,24,24,24,24,24,24,24,24,24,24,24,24,24,24,24,394,3940,-1.748575,-1.053059,-2.619952,-1.809987,99.02665,81.50487,-1.697935,-1.695042,-2.460493,-1.546352,-0.5272806,-1.480495,-0.7695654,-1.114447,-1.927787,-1.808769,24,24,24,24,24,24,24,24,24,24,24,24,24,24,24,24,394,3940,-1.723379,-4.221304,-4.72637,-1.290067,-0.3865269,-1.021029,-2.200364,-70.10499,0.3719579,0.2417727,-0.119218,-0.3638984,0.1099767,-0.1113548,0.5531919,2.677248,23,23,23,23,23,23,23,23,23,23,23,23,23,23,23,23
395,3950,-35.35526,-51.02148,-16.49601,-12.91348,-11.45893,-6.667031,-4.468616,-4.140409,-2.848518,-3.567856,-2.733158,-3.531207,-2.861333,-4.061956,-2.626595,-0.0001091612,24,24,24,24,24,24,24,24,24,24,24,24,24,24,24,24,395,3950,-0.6725982,-2.239467,-1.572576,-1.163599,99.68336,81.38215,-1.697935,-2.477307,-1.295687,-1.417606,-1.709791,-2.019323,-1.153511,-2.228086,-1.686933,-1.58268,24,24,24,24,24,24,24,24,24,24,24,24,24,24,24,24,395,3950,-1.148931,-3.453835,-4.470786,-2.321972,-1.681738,-1.91277,-1.553851,-69.99564,-0.2461572,-0.3630058,0.4767795,0.6063004,-0.220223,-0.3336535,-0.7748179,2.677248,23,23,23,23,23,23,23,23,23,23,23,23,23,23,23,23
396,3960,-33.55151,-50.77967,-14.40397,-11.33035,-8.924838,-7.530771,-3.830539,-4.516574,-3.096207,-4.675491,-3.089645,-3.405131,-3.218991,-3.703554,-2.387826,-0.9657168,24,24,24,24,24,24,24,24,24,24,24,24,24,24,24,24,396,3960,-0.9415926,-2.107644,-1.441659,-1.034321,98.50124,82.36388,-2.481532,-2.21655,-1.683956,-1.031367,-1.709791,-1.345787,-2.049381,-2.005358,-1.686933,-1.695722,24,24,24,24,24,24,24,24,24,24,24,24,24,24,24,24,396,3960,-1.148931,-3.453835,-4.342992,-2.708936,-1.163653,-0.7662464,-2.458969,-70.97974,-0.1225342,0.2417727,0.8343782,0.9700768,-8.989744E-05,-0.1113548,0.5531919,3.730384,23,23,23,23,23,23,23,23,23,23,23,23,23,23,23,23
397,3970,-32.10851,-49.44973,-13.0503,-9.869005,-7.597464,-5.926682,-3.320077,-3.889633,-2.848518,-3.198644,-2.495501,-3.026904,-3.218991,-2.747818,-2.745979,-0.482913,24,24,24,24,24,24,24,24,24,24,24,24,24,24,24,24,397,3970,-2.152066,-1.843997,-1.179814,-1.809987,99.42065,81.87299,-2.873332,-2.21655,-1.295687,-1.417606,-1.841189,-1.884616,-2.433326,-1.448538,-1.205225,-2.600071,24,24,24,24,24,24,24,24,24,24,24,24,24,24,24,24,397,3970,-2.527611,-4.221304,-4.215199,-2.192984,-2.070302,-1.785379,-3.105482,-70.32367,0.2483352,-0.2420521,0.3575799,-0.7277711,-0.0001476886,0.2220924,0.4425249,2.794263,23,23,23,23,23,23,23,23,23,23,23,23,23,23,23,23
398,3980,-32.58951,-48.11979,-13.17336,-8.772994,-7.838799,-4.939551,-3.575308,-4.015021,-2.848518,-3.444785,-2.495501,-2.900829,-2.742114,-2.389416,-1.790904,0.120591,24,24,24,24,24,24,24,24,24,24,24,24,24,24,24,24,398,3980,-1.883072,-1.184882,-1.179814,-1.939264,99.28931,80.0322,-2.481532,-1.955796,-1.942801,-1.803845,-2.103979,-2.69286,-1.793417,-2.339449,-1.80736,-2.260943,24,24,24,24,24,24,24,24,24,24,24,24,24,24,24,24,398,3980,-2.642503,-3.581748,-3.831821,-2.708936,-2.847428,-3.314077,-2.588272,-70.10499,0.4955813,-0.1210951,-0.119218,0.848802,0.330052,0.1109439,-0.7748179,1.975162,23,23,23,23,23,23,23,23,23,23,23,23,23,23,23,23
399,3990,-32.34901,-47.27346,-11.94275,-7.189867,-6.149408,-5.062943,-2.681999,-4.516574,-2.848518,-4.42935,-2.020185,-3.15298,-2.503676,-4.061956,-1.790904,-0.9657168,24,24,24,24,24,24,24,24,24,24,24,24,24,24,24,24,399,3990,-1.479581,-1.843997,-2.096267,-1.163599,98.63259,80.76853,-1.828533,-1.303908,-2.201648,-1.417606,-2.892354,-2.423444,-1.793417,-1.893994,-2.770427,-2.82616,24,24,24,24,24,24,24,24,24,24,24,24,24,24,24,24,399,3990,-1.723379,-3.709659,-4.215199,-2.45096,-2.588386,-1.785379,-2.458969,-70.10499,-0.3697803,-0.7258736,0.7151787,0.1211528,0.1099189,-0.1113548,-0.5534263,3.262326,23,23,23,23,23,23,23,23,23,23,23,23,23,23,23,23
400,4000,-31.74776,-47.87798,-11.45051,-6.824531,-5.787392,-4.692769,-2.554384,-3.513469,-2.724674,-3.690926,-2.257843,-2.522602,-2.146018,-2.867285,-2.029673,0.2412944,24,24,24,24,24,24,24,24,24,24,24,24,24,24,24,24,400,4000,-2.152066,-1.975821,-1.834421,-1.939264,97.71317,81.38215,-1.828533,-2.21655,-2.589916,-2.318831,-3.286541,-2.558152,-2.433326,-2.450813,-2.168186,-2.60001,24,24,24,24,24,24,24,24,24,24,24,24,24,24,24,24,400,4000,-1.95316,-5.50042,-4.72637,-2.45096,-2.847428,-1.021029,-2.846877,-70.54237,0.6192039,0.6046405,0.3575799,-0.4852214,-0.4404172,0.6666898,-8.989744E-05,2.677293,23,23,23,23,23,23,23,23,23,23,23,23,23,23,23,23
401,4010,-32.10851,-46.66895,-10.95827,-5.850137,-6.02874,-3.705287,-3.192461,-3.388081,-2.848518,-3.567856,-2.61433,-2.900829,-2.742114,-3.345153,-2.387826,0.2412944,24,24,24,24,24,24,24,24,24,24,24,24,24,24,24,24,401,4010,-2.555558,-1.975821,-1.703499,-2.585653,99.28931,81.87299,-2.350932,-2.086173,-2.201648,-2.962563,-1.972584,-2.154031,-2.049381,-2.339449,-2.288634,-3.391313,24,24,24,24,24,24,24,24,24,24,24,24,24,24,24,24,401,4010,-2.527662,-3.965481,-4.215199,-2.579948,-3.365513,-3.441469,-2.329667,-69.88629,0.2483352,0.1208157,-0.2384176,0.3637026,0.4401186,0.5555404,-0.5534263,2.32625,23,23,23,23,23,23,23,23,23,23,23,23,23,23,23,23
402,4020,-31.74776,-46.06442,-8.743169,-5.240765,-4.218668,-3.334685,-2.043948,-3.388081,-2.105453,-4.060138,-2.257843,-2.900829,-1.549922,-4.181424,-2.149057,-0.7243116,24,24,24,24,24,24,24,24,24,24,24,24,24,24,24,24,402,4020,-2.286564,-2.107644,-2.619952,-2.456375,98.76395,82.24116,-2.742732,-1.434285,-2.589916,-3.348802,-1.972584,-2.154031,-2.817272,-1.448538,-3.131771,-3.504359,24,24,24,24,24,24,24,24,24,24,24,24,24,24,24,24,402,4020,-1.838322,-4.093341,-4.598578,-3.224889,-2.717908,-1.403204,-1.683154,-70.54237,-0.8642728,-0.4839628,0.4767795,-0.2426717,-0.0001476886,0.1109439,-0.1107569,3.847443,23,23,23,23,23,23,23,23,23,23,23,23,23,23,23,23
403,4030,-31.98826,-46.42713,-9.973778,-6.215635,-5.304707,-4.322595,-3.192461,-3.388081,-2.724674,-2.952502,-2.733158,-2.648678,-1.78836,-3.345153,-1.193982,-0.7243116,24,24,24,24,24,24,24,24,24,24,24,24,24,24,24,24,403,4030,-2.421061,-2.37129,-3.01272,-2.19782,99.55201,82.36388,-1.959133,-1.695042,-2.978185,-2.447577,-1.447002,-2.288737,-2.817272,-3.007634,-3.252219,-2.60001,24,24,24,24,24,24,24,24,24,24,24,24,24,24,24,24,403,4030,-2.297881,-4.86081,-5.237491,-2.708936,-2.199823,-2.549728,-2.071062,-70.76105,-0.3697803,0.6046405,0.7151787,-0.4852214,-0.8806834,-0.0002054799,0.3319126,3.730429,23,23,23,23,23,23,23,23,23,23,23,23,23,23,23,23
404,4040,-32.70976,-46.54803,-9.973778,-6.702752,-5.304707,-2.84055,-2.043948,-2.76114,-2.476986,-2.829432,-2.733158,-2.018205,-3.099772,-2.62835,-1.790904,-0.1208077,24,24,24,24,24,24,24,24,24,24,24,24,24,24,24,24,404,4040,-1.614078,-2.76676,-1.834421,-2.714983,98.89529,81.62759,-1.828533,-2.477307,-2.589916,-2.318831,-2.366771,-2.69286,-1.921399,-3.230362,-2.409082,-2.713053,24,24,24,24,24,24,24,24,24,24,24,24,24,24,24,24,404,4040,-2.068103,-4.093341,-4.087355,-2.579948,-3.365513,-3.314077,-2.588272,-70.21432,1.237319,0.3627297,0.9535774,-0.3639466,0.6602517,1.000137,0.2212456,2.794308,23,23,23,23,23,23,23,23,23,23,23,23,23,23,23,23
405,4050,-32.83001,-46.06442,-10.46602,-7.555204,-5.06337,-2.717016,-2.299153,-2.510364,-1.981609,-2.829432,-2.61433,-2.522602,-2.146018,-3.10622,-1.67152,0.1205942,24,24,24,24,24,24,24,24,24,24,24,24,24,24,24,24,405,4050,-2.01757,-3.294052,-1.572576,-1.551484,98.37004,81.87299,-2.742732,-2.34693,-2.072224,-1.803845,-3.286541,-1.884616,-1.921399,-2.784907,-2.288634,-2.486964,24,24,24,24,24,24,24,24,24,24,24,24,24,24,24,24,405,4050,-2.297881,-3.837518,-4.598527,-2.837925,-2.717905,-2.422336,-1.165944,-69.99564,-0.1225342,-0.8468306,0.1191811,0.3637026,0.5501851,0.1109439,-0.6640948,2.32625,23,23,23,23,23,23,23,23,23,23,23,23,23,23,23,23
406,4060,-33.79201,-48.48249,-10.46602,-8.285879,-4.942702,-3.705338,-1.788459,-3.011916,-2.353142,-3.321714,-2.733158,-2.774753,-1.907579,-3.46462,-1.790904,-0.6036115,24,24,24,24,24,24,24,24,24,24,24,24,24,24,24,24,406,4060,-2.690055,-2.898583,-0.7870457,-2.32715,99.1581,81.50487,-2.350932,-2.086173,-1.42511,-2.061338,-1.972584,-2.154031,-2.945254,-2.005358,-2.649979,-2.826096,24,24,24,24,24,24,24,24,24,24,24,24,24,24,24,24,406,4060,-2.068103,-4.477075,-5.237491,-3.224889,-2.458863,-1.912771,-2.458969,-69.99564,0.001088401,0.6046405,0.595979,0.2424277,-0.0001476886,-0.3336535,0.2212456,3.613415,23,23,23,23,23,23,23,23,23,23,23,23,23,23,23,23
407,4070,-33.79201,-47.39436,-11.08133,-8.1641,-4.580685,-2.717068,-1.660663,-2.259587,-2.105453,-2.214079,-1.54487,-1.513677,-1.78836,-2.150481,-1.67152,-0.3622096,24,24,24,24,24,24,24,24,24,24,24,24,24,24,24,24,407,4070,-3.497038,-2.37129,-1.179814,-2.84426,99.1581,81.01398,-2.742732,-2.34693,-2.331071,-2.318831,-1.972584,-3.366394,-2.68929,-2.339449,-2.529531,-2.60001,24,24,24,24,24,24,24,24,24,24,24,24,24,24,24,24,407,4070,-2.182992,-4.093341,-4.598527,-3.095901,-2.588385,-2.931904,-3.364087,-70.97974,0.3719579,-0.1210951,0.3575799,0.6062523,-0.1102143,-0.2225034,0.1105787,2.560279,23,23,23,23,23,23,23,23,23,23,23,23,23,23,23,23
408,4080,-34.27301,-46.18532,-10.83521,-6.824531,-4.580685,-3.087669,-1.916152,-2.384976,-0.9908559,-1.598726,-1.188383,-1.765941,-1.073045,-1.672614,-1.074598,-0.1208077,24,24,24,24,24,24,24,24,24,24,24,24,24,24,24,24,408,4080,-1.614078,-1.843997,-2.358113,-2.068595,98.10733,80.27764,-2.742732,-2.086169,-2.71934,-1.803845,-2.629564,-2.827565,-1.921399,-1.893994,-3.493115,-2.034793,24,24,24,24,24,24,24,24,24,24,24,24,24,24,24,24,408,4080,-2.872332,-4.604987,-5.109698,-2.321972,-2.458863,-2.294946,-3.622693,-70.10499,0.1247118,-0.2420521,-0.4768164,-0.1213969,-0.4404172,0.6666898,0.3319126,3.730429,23,23,23,23,23,23,23,23,23,23,23,23,23,23,23,23
409,4090,-33.91226,-46.30623,-9.973778,-8.772994,-5.304707,-3.581805,-1.149685,-3.388081,-1.981558,-3.444785,-2.020185,-2.522602,-2.026799,-3.10622,-1.790904,-0.9657136,24,24,24,24,24,24,24,24,24,24,24,24,24,24,24,24,409,4090,-1.748575,-2.898583,-1.965344,-2.197872,97.71327,80.89125,-2.481532,-2.607681,-2.072171,-2.318831,-3.023752,-2.827565,-2.177362,-2.56218,-2.288634,-2.486964,24,24,24,24,24,24,24,24,24,24,24,24,24,24,24,24,409,4090,-2.182992,-4.349164,-4.726319,-3.482866,-3.624554,-3.186687,-3.364087,-70.10499,-0.7406497,-0.3630058,0.7151787,0.4849774,-0.220284,-0.7782493,-0.3320924,3.262372,23,23,23,23,23,23,23,23,23,23,23,23,23,23,23,23
410,4100,-34.51351,-46.78984,-11.08133,-8.894773,-5.787392,-3.581805,-0.8941954,-2.1342,-1.362337,-2.090956,-1.54487,-1.639809,-1.78836,-1.314212,-1.790904,-0.0001075559,24,24,24,24,24,24,24,24,24,24,24,24,24,24,24,24,410,4100,-2.555558,-2.107644,-1.703499,-2.973538,99.02675,81.50487,-1.959133,-2.086169,-2.331017,-2.962563,-2.498166,-2.019323,-2.68929,-2.116722,-2.649979,-3.165228,24,24,24,24,24,24,24,24,24,24,24,24,24,24,24,24,410,4100,-2.297881,-4.349164,-5.365283,-2.45096,-2.199821,-2.804513,-4.0106,-71.41713,-0.1225342,0.3627362,0.7151787,0.7275271,-0.3303506,0.2220924,0.3319126,3.262372,23,23,23,23,23,23,23,23,23,23,23,23,23,23,23,23
411,4110,-32.83001,-46.30623,-11.08133,-7.433425,-5.184038,-3.334737,-1.788408,-2.259587,-1.981558,-1.721745,-1.188333,-1.765941,-1.549922,-1.553147,-1.313367,0.4826963,24,24,24,24,24,24,24,24,24,24,24,24,24,24,24,24,411,4110,-2.555558,-2.107644,-3.01272,-3.232094,99.02675,82.36388,-2.742732,-1.695039,-2.978132,-2.447577,-1.972584,-2.69286,-2.561308,-1.782631,-3.011323,-3.052185,24,24,24,24,24,24,24,24,24,24,24,24,24,24,24,24,411,4110,-2.757443,-5.244544,-4.470734,-2.45096,-2.329342,-2.040163,-3.622693,-70.43302,0.6192039,0.4836932,-1.846108E-05,-0.4852214,-0.1102143,0.2220924,0.1105787,3.262372,23,23,23,23,23,23,23,23,23,23,23,23,23,23,23,23
412,4120,-29.70351,-46.42713,-9.481535,-6.580973,-4.098001,-3.334737,-0.7664509,-2.384976,-0.8669605,-3.198592,-1.425991,-2.522602,-0.4769484,-2.508883,-1.67152,-0.4829098,24,24,24,24,24,24,24,24,24,24,24,24,24,24,24,24,412,4120,-2.421061,-1.975821,-2.489035,-2.068595,99.02675,81.1367,-2.481532,-1.955793,-2.848708,-1.546352,-1.315604,-1.480495,-1.537456,-1.559904,-2.288634,-2.147836,24,24,24,24,24,24,24,24,24,24,24,24,24,24,24,24,412,4120,-2.642554,-3.96543,-4.087355,-2.708936,-2.976948,-2.040163,-2.071062,-69.77695,-0.3697807,-0.0001316355,0.4767795,0.606249,0.5501851,0.2220924,-0.3320924,2.443265,23,23,23,23,23,23,23,23,23,23,23,23,23,23,23,23
413,4130,-31.50726,-46.66894,-9.481535,-6.580973,-3.856664,-2.346466,-1.532918,-1.883415,-0.6192721,-1.229462,-1.307162,-0.8830163,-1.430752,-1.792081,-1.193982,0.2412944,24,24,24,24,24,24,24,24,24,24,24,24,24,24,24,24,413,4130,-1.748575,-3.162229,-1.834421,-1.680761,99.1581,81.1367,-2.089733,-2.738058,-1.295634,-1.160114,-2.103979,-1.884616,-1.793417,-2.673543,-2.288634,-1.243487,24,24,24,24,24,24,24,24,24,24,24,24,24,24,24,24,413,4130,-1.72343,-3.709606,-4.470734,-3.353878,-2.329342,-2.167554,-2.458969,-70.54237,-0.6170267,-0.0001316355,0.8343782,0.1211496,-0.3302896,0.2220924,0.663915,3.4964,23,23,23,23,23,23,23,23,23,23,23,23,23,23,23,23
414,4140,-31.02626,-45.94352,-10.71214,-6.459194,-5.184038,-2.47,-2.171537,-1.632298,-1.981558,-2.090956,-1.901306,-1.639809,-1.549971,-1.433733,-0.8358294,-0.4829098,24,24,24,24,24,24,24,24,24,24,24,24,24,24,24,24,414,4140,-2.01757,-2.503114,-1.179814,-1.680761,98.8954,81.38215,-3.395731,-2.868434,-1.554479,-0.9026204,-2.498166,-1.345787,-1.793417,-1.894049,-1.565946,-2.147836,24,24,24,24,24,24,24,24,24,24,24,24,24,24,24,24,414,4140,-2.872332,-4.988722,-4.470734,-2.321972,-2.0703,-1.530597,-2.458969,-70.32367,0.4955813,0.7256039,-0.119218,-0.2426749,-0.220223,0.2221438,0.8852506,3.613415,23,23,23,23,23,23,23,23,23,23,23,23,23,23,23,23
415,4150,-28.74151,-45.70171,-10.2199,-6.337414,-4.098001,-1.975865,-0.5109618,-1.883415,-0.3715838,-2.337097,-0.5941883,-1.387545,-0.5962182,-2.150536,-1.074548,-1.207116,24,24,24,24,24,24,24,24,24,24,24,24,24,24,24,24,415,4150,-2.555558,-2.37129,-1.703499,-1.939317,99.02675,80.89125,-3.003931,-2.607681,-1.942748,-2.447577,-1.972584,-2.154031,-2.177362,-1.337229,-0.9643193,-2.147836,24,24,24,24,24,24,24,24,24,24,24,24,24,24,24,24,415,4150,-2.297881,-4.093341,-4.34294,-2.837925,-2.717905,-3.44147,-1.036641,-69.66759,0.2483352,0.3627362,-0.3576172,0.3636993,0.550243,0.2221438,-0.3321453,2.560279,23,23,23,23,23,23,23,23,23,23,23,23,23,23,23,23
416,4160,-29.94401,-47.87798,-9.850717,-7.920542,-5.908072,-3.705338,-1.277429,-1.632298,-1.73387,-2.82938,-1.544819,-1.387545,-0.8346568,-1.672667,-0.1194721,0.2412927,24,24,24,24,24,24,24,24,24,24,24,24,24,24,24,24,416,4160,-2.01757,-1.580351,-2.096267,-1.810039,98.76405,80.27764,-2.481532,-1.695039,-1.942748,-1.803845,-1.841189,-2.558152,-1.665438,-1.448593,-2.048162,-1.46963,24,24,24,24,24,24,24,24,24,24,24,24,24,24,24,24,416,4160,-1.838322,-3.709606,-4.726319,-2.579948,-1.940779,-1.275813,-2.200364,-71.30778,-0.6170267,-0.3629994,0.7151787,-0.8490492,0.1099767,-0.7781979,-0.2214784,3.145306,23,23,23,23,23,23,23,23,23,23,23,23,23,23,23,23
417,4170,-29.70351,-45.82261,-9.235412,-6.702752,-5.546055,-3.334737,-2.299153,-1.255623,-1.486181,-1.721745,-1.782477,-1.261413,-2.026849,-1.194798,-1.790854,-0.3622112,24,24,24,24,24,24,24,24,24,24,24,24,24,24,24,24,417,4170,-2.42106,-1.184882,-1.834421,-1.422206,97.71327,81.01398,-1.828533,-0.9127736,-2.201595,-1.675099,-2.498166,-2.154031,-1.921399,-1.559958,-2.168589,-2.147894,24,24,24,24,24,24,24,24,24,24,24,24,24,24,24,24,417,4170,-1.60849,-5.116633,-3.959561,-2.063995,-2.0703,-1.657988,-1.553851,-69.88629,0.4955813,-0.2420424,-0.119218,-0.8490492,0.1099767,0.5555918,0.4425265,3.496355,23,23,23,23,23,23,23,23,23,23,23,23,23,23,23,23
418,4180,-29.10226,-46.31413,-9.481535,-5.728211,-4.942702,-2.717068,-1.660663,-1.883415,-1.486181,-2.337097,-1.188333,-1.387545,-1.907629,-2.150536,-1.074548,0.2412927,24,24,24,24,24,24,24,24,24,24,24,24,24,24,24,24,418,4180,-1.345084,-1.580402,-2.22719,-1.422206,97.84463,80.89125,-2.220333,-1.564662,-1.166211,-2.061338,-2.892354,-1.615202,-1.537456,-2.116776,-1.3256,-2.260936,24,24,24,24,24,24,24,24,24,24,24,24,24,24,24,24,418,4180,-1.95316,-3.325923,-4.215148,-2.579948,-2.717905,-2.167554,-2.071062,-70.10499,0.3719579,-0.1210886,-0.3576172,0.7275239,0.550243,0.3332939,-0.6641478,3.145306,23,23,23,23,23,23,23,23,23,23,23,23,23,23,23,23
419,4190,-26.3365,-44.98395,-7.020315,-5.118839,-4.339349,-3.334737,-1.660663,-2.384976,-1.610025,-3.321662,-1.782477,-2.144338,-2.146068,-3.22574,-2.029622,-0.845015,24,24,24,24,24,24,24,24,24,24,24,24,24,24,24,24,419,4190,-2.017569,-2.107695,-1.965338,-2.197872,99.1581,81.25942,-2.612132,-1.303905,-1.942748,-3.09131,-2.629564,-2.288737,-1.537456,-1.671322,-2.409444,-3.278328,24,24,24,24,24,24,24,24,24,24,24,24,24,24,24,24,419,4190,-1.493601,-3.325923,-3.959614,-2.837925,-2.0703,-1.912771,-1.812457,-69.66759,-0.4934037,-0.7258672,0.1191811,-0.2426749,0.1099767,0.1109952,-0.7748148,3.379334,23,23,23,23,23,23,23,23,23,23,23,23,23,23,23,23
420,4200,-25.73525,-44.25841,-6.281949,-4.509467,-3.373979,-3.087669,-1.02194,-1.883415,-1.610025,-1.844815,-1.425991,-1.765941,-1.549971,-2.508938,-2.268391,0.2412927,24,24,24,24,24,24,24,24,24,24,24,24,24,24,24,24,420,4200,-2.286563,-1.448579,-2.619945,-2.456427,98.76405,81.62759,-2.742732,-1.303905,-2.331017,-1.803845,-1.447002,-2.019323,-2.049381,-1.671322,-2.409444,-2.373979,24,24,24,24,24,24,24,24,24,24,24,24,24,24,24,24,420,4200,-1.838271,-4.605039,-4.981957,-2.063996,-2.199821,-1.912771,-1.941759,-70.54237,0.001088401,0.6046469,1.549575,-0.4852246,0.2200432,0.2221438,-0.0001428727,3.730384,23,23,23,23,23,23,23,23,23,23,23,23,23,23,23,23
421,4210,-26.096,-44.13748,-8.86623,-5.850086,-6.02874,-3.458271,-2.681999,-2.635752,-1.857714,-2.706309,-1.663648,-2.144338,-1.78841,-2.628404,-1.552085,0.2412927,24,24,24,24,24,24,24,24,24,24,24,24,24,24,24,24,421,4210,-1.614078,-1.712226,-3.143636,-1.551484,98.76405,80.89125,-2.220333,-2.738058,-2.331017,-2.833817,-1.972584,-2.558152,-1.537456,-2.562234,-1.927735,-1.921805,24,24,24,24,24,24,24,24,24,24,24,24,24,24,24,24,421,4210,-2.527611,-4.860862,-4.72637,-2.579949,-2.847427,-3.314079,-1.812457,-69.88629,0.4955813,0.7256039,0.3575799,-0.4852246,0.4401764,0.6667412,-0.3321453,2.209191,23,23,23,23,23,23,23,23,23,23,23,23,23,23,23,23
422,4220,-26.096,-43.53286,-7.635621,-6.459194,-5.425387,-4.569377,-1.532918,-3.388081,-1.610025,-3.321662,-1.307162,-2.774753,-2.146068,-3.106273,-1.671469,-1.569221,24,24,24,24,24,24,24,24,24,24,24,24,24,24,24,24,422,4220,-1.748575,-3.030457,-2.881791,-1.292928,98.50134,80.8913,-2.089733,-2.998815,-2.331017,-2.318831,-1.315604,-1.211081,-1.793417,-2.896325,-1.205173,-2.260936,24,24,24,24,24,24,24,24,24,24,24,24,24,24,24,24,422,4220,-2.182941,-4.349216,-4.215199,-2.192985,-2.847427,-2.804511,-2.329667,-70.10499,-0.3697807,-1.209689,-0.2384176,0.1211496,-8.989744E-05,0.6667412,-0.4428123,2.677248,23,23,23,23,23,23,23,23,23,23,23,23,23,23,23,23
423,4230,-29.46301,-45.2258,-9.358475,-9.625447,-6.02874,-4.199203,-1.277429,-2.384976,-1.362337,-2.706309,-1.782477,-1.892073,-1.78841,-2.747871,-1.432701,-0.6036131,24,24,24,24,24,24,24,24,24,24,24,24,24,24,24,24,423,4230,-2.690055,-2.371342,-1.703492,-1.551484,98.76405,80.8913,-3.00388,-2.477304,-1.942748,-1.546352,-2.366771,-1.884616,-2.945254,-1.671322,-1.446027,-2.034848,24,24,24,24,24,24,24,24,24,24,24,24,24,24,24,24,423,4230,-1.493601,-4.73295,-5.10975,-2.708937,-2.199822,-2.040162,-1.812509,-69.99564,-1.482389,0.6046469,0.3575799,-0.0001252143,0.1099767,0.1109952,0.1105241,2.911277,23,23,23,23,23,23,23,23,23,23,23,23,23,23,23,23
424,4240,-31.26676,-45.34673,-11.20439,-9.381889,-7.476795,-3.334737,-2.809615,-2.259588,-1.981558,-2.95245,-2.138964,-3.026904,-2.742164,-3.106273,-2.149007,-0.7243149,24,24,24,24,24,24,24,24,24,24,24,24,24,24,24,24,424,4240,-2.555558,-1.580402,-1.048885,-2.197872,99.02675,80.27769,-2.612081,-2.086169,-2.201595,-1.932592,-1.578397,-2.154031,-2.049381,-2.116776,-1.446027,-2.373979,24,24,24,24,24,24,24,24,24,24,24,24,24,24,24,24,424,4240,-1.723379,-4.221304,-3.704028,-2.063996,-1.552217,-3.441469,-2.717627,-69.88629,0.001088401,0.3627362,0.7151787,0.1211496,-0.1101565,0.3332939,0.3318596,2.677248,23,23,23,23,23,23,23,23,23,23,23,23,23,23,23,23
425,4250,-33.67176,-46.6769,-11.69663,-10.23434,-7.114779,-3.705338,-1.916152,-2.259588,-1.857765,-2.95245,-1.663648,-1.765941,-2.026849,-2.867338,-1.552085,-0.845015,24,24,24,24,24,24,24,24,24,24,24,24,24,24,24,24,425,4250,-1.614078,-1.712226,-1.834415,-1.551484,98.23869,80.03224,-2.089682,-1.564662,-2.460438,-1.803845,-2.235377,-2.962273,-1.537456,-2.116776,-1.807308,-1.921805,24,24,24,24,24,24,24,24,24,24,24,24,24,24,24,24,425,4250,-2.29783,-3.581748,-4.342992,-2.063996,-2.199822,-1.91277,-1.553904,-69.44891,0.1247118,-1.693514,0.1191811,0.2424245,0.2200432,0.5555918,-0.2214784,2.560234,23,23,23,23,23,23,23,23,23,23,23,23,23,23,23,23
426,4260,-34.15276,-48.00707,-12.18888,-10.59968,-7.476795,-4.075812,-2.299153,-2.510364,-1.857765,-2.82938,-1.544819,-2.774753,-1.907629,-2.747871,-1.552085,-0.1208109,24,24,24,24,24,24,24,24,24,24,24,24,24,24,24,24,426,4260,-1.614078,-0.9212866,-2.227183,-1.422206,98.10733,80.52314,-2.220282,-1.043151,-2.331015,-1.288859,-1.841189,-1.615202,-1.153511,-1.448593,-1.807308,-2.147894,24,24,24,24,24,24,24,24,24,24,24,24,24,24,24,24,426,4260,-1.378709,-3.198012,-4.981957,-2.837926,-1.552217,-1.530595,-1.553904,-68.79285,0.2483352,0.6046437,1.549575,0.9700736,-0.3302896,-1.111646,-0.7748148,3.379334,23,23,23,23,23,23,23,23,23,23,23,23,23,23,23,23
427,4270,-33.19076,-48.36985,-11.32745,-8.407658,-5.908072,-3.211203,-2.681999,-2.384976,-2.105453,-2.583238,-2.376675,-2.27047,-2.980603,-2.389471,-2.984697,-0.482913,24,24,24,24,24,24,24,24,24,24,24,24,24,24,24,24,427,4270,-0.0001131745,-1.712226,-1.572569,-2.197872,98.37004,80.76859,-1.959082,-1.955793,-1.295632,-2.31883,-2.892405,-1.749908,-1.793417,-2.562234,-0.9643193,-2.147894,24,24,24,24,24,24,24,24,24,24,24,24,24,24,24,24,427,4270,-1.378709,-4.605039,-4.598578,-1.80602,-1.422695,-2.040162,-2.071114,-69.88629,0.2483352,0.1208222,0.5959795,-0.2426749,-0.6604925,0.4444425,0.1105241,2.44322,23,23,23,23,23,23,23,23,23,23,23,23,23,23,23,23
428,4280,-31.74776,-46.91875,-9.727658,-6.702752,-5.184038,-3.705338,-1.916152,-2.259588,-2.105453,-2.82938,-1.426043,-2.774753,-2.384506,-2.986805,-2.149007,-0.6036131,24,24,24,24,24,24,24,24,24,24,24,24,24,24,24,24,428,4280,-1.210587,-1.712226,-1.048885,-2.32715,98.63269,81.75037,-2.089682,-1.043151,-1.813324,-2.833816,-1.709843,-2.423447,-2.177362,-1.894049,-1.446027,-3.052239,24,24,24,24,24,24,24,24,24,24,24,24,24,24,24,24,428,4280,-2.29783,-3.965481,-4.72637,-2.063996,-1.422695,-1.657987,-2.459022,-69.12088,0.1247118,-0.6049134,0.2383811,-7.384432E-05,0.1099767,0.3332939,0.4425265,3.262326,23,23,23,23,23,23,23,23,23,23,23,23,23,23,23,23
429,4290,-29.82376,-47.6443,-8.86623,-7.676983,-5.184038,-4.322595,-2.681999,-4.015022,-3.096207,-3.813945,-2.614332,-2.900829,-2.384508,-3.345207,-2.387775,-0.9657168,24,24,24,24,24,24,24,24,24,24,24,24,24,24,24,24,429,4290,-2.42106,-1.316757,-2.358106,-1.810039,98.63269,81.87304,-2.742681,-1.564662,-2.589862,-2.190084,-1.315655,-1.615205,-2.305344,-1.671322,-2.409444,-2.600068,24,24,24,24,24,24,24,24,24,24,24,24,24,24,24,24,429,4290,-1.034039,-3.965481,-5.10975,-3.095901,-2.847427,-2.167554,-1.941812,-68.79285,-0.1225342,-0.2420456,0.4767799,0.4850256,-0.0001476886,-0.0001541099,-0.3321453,3.028291,23,23,23,23,23,23,23,23,23,23,23,23,23,23,23,23
430,4300,-30.78576,-46.91875,-8.743169,-6.702752,-4.942702,-3.087669,-2.043897,-2.635752,-2.353142,-1.967885,-2.139016,-2.648678,-2.980604,-2.150536,-1.790854,-0.0001091612,24,24,24,24,24,24,24,24,24,24,24,24,24,24,24,24,430,4300,-1.883072,-1.712226,-2.881791,-1.810039,99.28946,81.62764,-1.959082,-1.695039,-2.719283,-2.061338,-1.709843,-2.154032,-1.281493,-1.782685,-2.048162,-2.147894,24,24,24,24,24,24,24,24,24,24,24,24,24,24,24,24,430,4300,-1.60849,-3.709659,-4.470786,-2.708937,-1.681737,-1.785379,-1.941812,-69.99564,0.1247118,-0.2420456,0.5959795,0.7275752,-0.3303506,-0.444701,0.663862,3.379334,23,23,23,23,23,23,23,23,23,23,23,23,23,23,23,23
431,4310,-31.86801,-46.79783,-9.604596,-7.433425,-5.425387,-3.211203,-1.916152,-2.1342,-1.857765,-2.583238,-2.257846,-2.522602,-2.02685,-2.867338,-2.029622,-0.1208109,24,24,24,24,24,24,24,24,24,24,24,24,24,24,24,24,431,4310,-0.8070956,-2.239518,-2.227183,-1.680761,99.28946,81.01403,-1.567283,-2.477304,-1.166209,-2.190084,-1.315655,-2.019326,-1.921399,-3.119053,-1.80736,-2.147894,24,24,24,24,24,24,24,24,24,24,24,24,24,24,24,24,431,4310,-2.527611,-4.605039,-4.215199,-2.321973,-1.94078,-1.275812,-3.105534,-69.77695,-0.1225342,0.3627329,0.4767799,-0.4851733,0.330052,0.2221944,0.4425265,3.61337,23,23,23,23,23,23,23,23,23,23,23,23,23,23,23,23
432,4320,-33.19076,-47.6443,-9.235414,-7.189867,-4.822034,-3.828872,-1.532918,-2.886529,-2.105453,-3.690874,-2.376675,-2.522602,-2.146069,-2.270003,-2.268391,-0.6035618,24,24,24,24,24,24,24,24,24,24,24,24,24,24,24,24,432,4320,-2.017569,-2.898634,-1.834415,-1.163651,97.84463,81.01403,-2.481481,-2.216547,-1.425056,-1.417606,-2.498218,-1.34579,-2.945254,-2.22814,-2.048214,-1.58268,24,24,24,24,24,24,24,24,24,24,24,24,24,24,24,24,432,4320,-1.95316,-4.093393,-4.215199,-2.837926,-2.847427,-2.422336,-1.941812,-69.23022,-0.1225342,0.2417759,0.4767799,0.8488501,0.330052,-0.444701,-0.2214784,2.6773,23,23,23,23,23,23,23,23,23,23,23,23,23,23,23,23
433,4330,-30.78576,-46.6769,-8.989292,-6.337414,-4.460017,-2.840602,-1.405174,-2.259588,-1.981609,-1.844815,-1.307214,-2.018155,-1.669192,-1.792134,-1.671469,-0.1207595,24,24,24,24,24,24,24,24,24,24,24,24,24,24,24,24,433,4330,-2.555558,-2.371342,-1.572569,-2.197872,99.1581,80.40041,-2.873281,-1.695039,-1.425056,-1.932591,-1.578448,-2.423447,-2.433326,-1.782685,-2.289068,-2.82616,24,24,24,24,24,24,24,24,24,24,24,24,24,24,24,24,433,4330,-1.723427,-3.83757,-4.087407,-3.095901,-1.94078,-2.040162,-2.459022,-70.54237,-0.6170267,0.3627329,0.5959795,0.2424759,0.1099189,-0.0001035426,0.1105241,3.613415,23,23,23,23,23,23,23,23,23,23,23,23,23,23,23,23
434,4340,-31.86801,-46.18532,-9.850718,-6.215635,-4.942702,-2.717068,-2.043897,-2.886529,-1.362388,-2.337097,-1.426043,-1.892023,-1.549973,-1.792134,-1.432701,0.2413441,24,24,24,24,24,24,24,24,24,24,24,24,24,24,24,24,434,4340,-2.017569,-2.371342,-1.703492,-2.585705,99.42076,80.15497,-2.481481,-1.825416,-1.942746,-1.546352,-1.841241,-2.962276,-2.049381,-1.782685,-1.566506,-2.487029,24,24,24,24,24,24,24,24,24,24,24,24,24,24,24,24,434,4340,-2.41277,-4.988722,-4.215199,-2.579949,-2.329343,-1.91277,-2.717627,-69.55826,0.001088401,-0.2420456,0.4767799,-0.3638984,-0.0001476886,0.111045,0.8851976,3.613415,23,23,23,23,23,23,23,23,23,23,23,23,23,23,23,23
435,4350,-29.944,-46.18532,-8.620109,-6.215635,-3.735983,-2.717068,-0.5109619,-2.635752,-1.238544,-3.567804,-1.544872,-2.900829,-1.549973,-3.464674,-2.268391,-1.207067,24,24,24,24,24,24,24,24,24,24,24,24,24,24,24,24,435,4350,-2.42106,-1.975872,-2.358106,-1.163651,97.97598,79.90952,-2.873281,-1.173528,-2.97813,-1.546352,-2.76101,-3.096984,-2.177362,-2.116776,-3.252484,-2.034854,24,24,24,24,24,24,24,24,24,24,24,24,24,24,24,24,435,4350,-2.297878,-3.96543,-3.83182,-3.095901,-2.717906,-2.67712,-2.200416,-69.33956,-0.1225342,0.3627329,-0.1192176,0.121201,-0.0001476886,-0.3335516,-0.7748148,2.794314,23,23,23,23,23,23,23,23,23,23,23,23,23,23,23,23
436,4360,-27.7795,-45.4599,-8.250925,-4.875142,-3.494647,-2.222933,-1.149685,-2.1342,-1.733921,-2.337097,-1.544872,-2.27042,-1.788412,-1.792134,-1.552085,-0.3621598,24,24,24,24,24,24,24,24,24,24,24,24,24,24,24,24,436,4360,-1.883072,-1.975872,-1.703492,-1.680761,97.31927,81.01403,-1.828482,-1.825416,-1.425056,-2.061338,-3.023803,-1.480497,-1.409475,-1.782685,-1.205225,-1.695722,24,24,24,24,24,24,24,24,24,24,24,24,24,24,24,24,436,4360,-2.182989,-4.221253,-4.854163,-3.353825,-1.94078,-1.14842,-2.459022,-70.10499,0.2483352,0.2417759,0.715179,0.3637507,0.2199854,0.2221944,-0.0001428727,3.730435,23,23,23,23,23,23,23,23,23,23,23,23,23,23,23,23
437,4370,-29.10226,-44.61357,-8.373985,-4.26577,-4.460017,-2.346467,-1.916152,-2.635752,-2.353142,-2.706309,-2.614332,-2.144287,-2.02685,-2.747871,-1.910238,-5.779121E-05,24,24,24,24,24,24,24,24,24,24,24,24,24,24,24,24,437,4370,-1.479581,-2.107695,-1.179808,-2.84426,98.76405,81.01403,-2.220282,-1.695039,-1.295632,-2.447577,-2.10403,-1.34579,-1.793417,-1.782685,-1.566506,-2.713117,24,24,24,24,24,24,24,24,24,24,24,24,24,24,24,24,437,4370,-1.953208,-4.732899,-4.72637,-1.805967,-1.293175,-1.14842,-1.812509,-68.90218,0.3719579,0.8465577,0.2383811,-0.6064481,0.2199854,0.7779403,-0.0001428727,2.911329,23,23,23,23,23,23,23,23,23,23,23,23,23,23,23,23
438,4380,-28.98201,-44.00906,-7.389498,-4.509519,-3.373979,-2.346415,-1.02194,-2.510364,-1.486233,-2.706309,-0.8318988,-2.396527,-0.7154383,-3.106273,-1.313316,-0.3621598,24,24,24,24,24,24,24,24,24,24,24,24,24,24,24,24,438,4380,-1.883072,-0.9212866,-1.179808,-2.197871,98.8954,81.1367,-2.612081,-0.9127736,-2.07217,-2.31883,-1.578448,-1.211082,-1.921399,-1.003137,-1.205225,-2.147897,24,24,24,24,24,24,24,24,24,24,24,24,24,24,24,24,438,4380,-2.41277,-3.07005,-4.342992,-2.063943,-2.199823,-1.912822,-1.941812,-69.44891,-0.3697803,0.3627329,-0.2384168,0.2424759,0.330052,0.4444923,0.2211926,2.794314,23,23,23,23,23,23,23,23,23,23,23,23,23,23,23,23
439,4390,-29.46301,-44.25086,-7.143376,-4.753267,-4.218668,-2.717016,-1.532918,-2.008812,-2.105453,-2.82938,-1.901359,-2.27042,-1.669192,-2.867338,-1.432701,-0.3621598,24,24,24,24,24,24,24,24,24,24,24,24,24,24,24,24,439,4390,-1.748575,-1.580402,-2.750868,-1.292928,98.63269,80.89125,-1.828482,-1.695039,-2.460438,-1.803845,-1.315655,-2.288741,-1.281493,-2.005413,-2.048214,-2.034854,24,24,24,24,24,24,24,24,24,24,24,24,24,24,24,24,439,4390,-1.034087,-3.197961,-3.576234,-2.450907,-2.070302,-1.275865,-2.97618,-70.32367,-0.3697803,0.3627329,1.311177,0.121201,0.2199854,0.5556424,0.4425265,3.145357,23,23,23,23,23,23,23,23,23,23,23,23,23,23,23,23
440,4400,-29.70351,-43.52544,-7.143376,-4.143895,-3.977332,-1.358145,-1.660663,-1.757805,-2.353142,-2.214027,-2.257846,-2.27042,-2.146069,-2.508938,-1.790854,-0.2414597,24,24,24,24,24,24,24,24,24,24,24,24,24,24,24,24,440,4400,-1.614078,-2.107695,-1.572569,-1.810039,98.50134,80.89125,-1.567283,-2.607684,-2.07217,-1.417606,-2.10403,-1.615205,-1.793417,-2.673598,-1.686933,-2.260943,24,24,24,24,24,24,24,24,24,24,24,24,24,24,24,24,440,4400,-1.953208,-4.604988,-4.598578,-2.321919,-2.199823,-1.658039,-1.941759,-69.66759,0.7428274,0.3627329,0.4767799,-0.9702727,-0.8806834,0.2221944,-0.3321453,3.028343,23,23,23,23,23,23,23,23,23,23,23,23,23,23,23,23
441,4410,-28.62125,-42.92093,-6.774193,-4.143895,-3.373979,-2.593483,-1.788408,-2.259588,-1.733921,-2.95245,-2.257846,-2.774753,-2.265289,-3.464674,-1.193932,-0.7242635,24,24,24,24,24,24,24,24,24,24,24,24,24,24,24,24,441,4410,-2.017569,-2.898634,-1.834415,-1.163651,97.71327,81.38215,-3.00388,-2.738061,-1.942801,-1.031367,-2.235428,-1.615205,-2.177362,-2.22814,-1.80736,-2.260943,24,24,24,24,24,24,24,24,24,24,24,24,24,24,24,24,441,4410,-2.182989,-4.604988,-4.72637,-2.450907,-2.458865,-2.422389,-2.717575,-69.77695,0.2483352,0.8465577,0.1191815,-0.6064481,0.4401186,0.111045,0.1105241,1.975207,23,23,23,23,23,23,23,23,23,23,23,23,23,23,23,23
442,4420,-29.82376,-43.88815,-7.266438,-6.093886,-4.218668,-3.581753,-1.916152,-2.76114,-1.981609,-3.198592,-1.78253,-2.396527,-2.02685,-2.986805,-1.432701,-0.9656654,24,24,24,24,24,24,24,24,24,24,24,24,24,24,24,24,442,4420,-3.228043,-1.316757,-1.179808,-2.197871,99.1581,80.0322,-2.873281,-2.21655,-1.554532,-1.932591,-2.10403,-2.288741,-2.177362,-1.671322,-1.566506,-2.034854,24,24,24,24,24,24,24,24,24,24,24,24,24,24,24,24,442,4420,-1.378757,-4.221253,-4.598578,-2.321919,-2.588386,-1.530648,-2.071062,-69.23022,-0.2461572,-0.7258704,0.4767799,-0.2426236,-0.1102143,0.4444923,-0.7748148,2.560279,23,23,23,23,23,23,23,23,23,23,23,23,23,23,23,23
443,4430,-28.38075,-43.52544,-7.266438,-5.728263,-5.06337,-2.469949,-1.405174,-2.1342,-2.353142,-1.598674,-1.901359,-2.648678,-2.742166,-2.150536,-2.268391,-0.6035618,24,24,24,24,24,24,24,24,24,24,24,24,24,24,24,24,443,4430,-1.210587,-1.184933,-0.917962,-1.551483,98.8954,79.66402,-1.697883,-1.173531,-1.683956,-2.061338,-1.315655,-2.019326,-1.665438,-1.337229,-1.446079,-1.921811,24,24,24,24,24,24,24,24,24,24,24,24,24,24,24,24,443,4430,-1.493646,-4.221253,-5.365335,-2.450907,-1.552217,-0.7662986,-1.941759,-68.90218,-0.6170267,0.2417759,1.072777,-7.384432E-05,-0.5504838,0.111045,0.4425265,3.262372,23,23,23,23,23,23,23,23,23,23,23,23,23,23,23,23
444,4440,-29.70351,-44.49268,-8.250925,-6.82453,-5.184038,-2.964084,-1.277429,-2.008812,-1.238544,-2.337097,-1.78253,-1.639759,-2.503727,-2.270003,-1.910238,0.7241479,24,24,24,24,24,24,24,24,24,24,24,24,24,24,24,24,444,4440,-2.152066,-1.184933,-2.489022,-1.680761,98.37004,79.90947,-1.959082,-0.7823967,-2.71934,-0.9026204,-2.235428,-1.884616,-1.153511,-0.7804093,-1.927787,-1.695722,24,24,24,24,24,24,24,24,24,24,24,24,24,24,24,24,444,4440,-1.034087,-4.221253,-3.83182,-1.676979,-2.329344,-3.059347,-2.588272,-69.01153,0.1247118,0.3627329,0.1191811,-0.3639466,0.330052,-0.0001035426,-0.0001428727,2.32625,23,23,23,23,23,23,23,23,23,23,23,23,23,23,23,23
445,4450,-28.7415,-45.58081,-7.881742,-7.920541,-5.666723,-3.705287,-2.043897,-3.513469,-2.353142,-3.690874,-2.139016,-2.648678,-2.503676,-2.508938,-2.029622,-0.6035618,24,24,24,24,24,24,24,24,24,24,24,24,24,24,24,24,445,4450,-1.479581,-0.9212866,-1.048885,-0.3879845,98.23869,81.1367,-2.089682,-1.434285,-1.683956,-1.160113,-2.366823,-1.749908,-1.793366,-2.005413,-1.686933,-2.034854,24,24,24,24,24,24,24,24,24,24,24,24,24,24,24,24,445,4450,-2.182989,-4.477076,-3.83182,-1.676979,-2.199823,-1.530648,-1.683154,-68.90218,-0.1225342,-0.6049134,0.8343782,0.6062523,0.8804458,0.4444923,0.1105241,3.262372,23,23,23,23,23,23,23,23,23,23,23,23,23,23,23,23
446,4460,-28.62125,-45.09719,-8.989292,-9.381889,-6.149408,-2.84055,-1.660663,-1.632247,-1.238544,-1.598674,-1.901359,-1.513627,-1.907579,-1.433733,-1.552085,0.2413441,24,24,24,24,24,24,24,24,24,24,24,24,24,24,24,24,446,4460,-0.9415926,-2.503165,-1.834415,-2.068594,98.23869,80.89125,-1.828482,-2.21655,-1.554532,-2.833816,-2.235428,-1.884616,-1.537402,-1.782631,-1.927787,-3.391377,24,24,24,24,24,24,24,24,24,24,24,24,24,24,24,24,446,4460,-1.608538,-3.837518,-5.237542,-2.708884,-2.458865,-2.677172,-1.683154,-69.33956,-0.8642728,0.1208222,0.4767795,0.2424277,-0.6604925,-0.0001533072,-0.2214784,2.794314,23,23,23,23,23,23,23,23,23,23,23,23,23,23,23,23
447,4470,-30.78576,-46.42713,-10.71215,-10.96502,-6.994111,-3.82882,-2.171537,-1.883363,-1.486233,-1.721745,-1.307214,-1.261363,-1.549922,-1.5532,-1.67152,-0.4828616,24,24,24,24,24,24,24,24,24,24,24,24,24,24,24,24,447,4470,-2.017569,-1.184933,-2.227183,-2.585705,98.10733,81.62759,-2.612081,-1.043154,-2.848762,-2.833816,-1.578448,-1.480495,-2.30529,-2.228086,-2.168641,-2.713117,24,24,24,24,24,24,24,24,24,24,24,24,24,24,24,24,447,4470,-1.493646,-3.96543,-4.087406,-2.063943,-2.199823,-2.422389,-2.846877,-69.44891,0.2483352,0.6046437,0.595979,-0.2426717,-8.989744E-05,1.111339,0.1105273,2.6773,23,23,23,23,23,23,23,23,23,23,23,23,23,23,23,23
448,4480,-28.86176,-47.15255,-10.34296,-11.45213,-6.752761,-5.062943,-2.299153,-3.513469,-2.353142,-3.075521,-1.544872,-2.396527,-1.549922,-2.986805,-2.029673,-0.7242651,24,24,24,24,24,24,24,24,24,24,24,24,24,24,24,24,448,4480,-1.883072,-1.184933,-2.750868,-1.939316,98.37004,81.25942,-1.697883,-2.34693,-2.71934,-1.932591,-1.709843,-1.884616,-1.40942,-2.116722,-2.650349,-2.373986,24,24,24,24,24,24,24,24,24,24,24,24,24,24,24,24,448,4480,-2.182989,-3.709607,-4.470785,-2.579896,-2.329344,-2.040214,-0.6487336,-69.01153,-0.9878958,-0.9677812,0.8343782,-0.3639466,0.1099767,-0.1113027,-0.2214752,2.560228,23,23,23,23,23,23,23,23,23,23,23,23,23,23,23,23
449,4490,-28.7415,-47.51526,-10.2199,-10.72146,-7.718132,-5.186335,-2.554384,-2.76114,-1.857765,-2.214027,-1.663701,-1.892023,-1.907579,-1.792134,-2.268442,-0.2414629,24,24,24,24,24,24,24,24,24,24,24,24,24,24,24,24,449,4490,-1.210587,-1.844049,-3.012713,-1.680761,98.76405,81.50487,-1.959082,-2.086173,-2.072224,-1.417606,-0.921468,-2.288737,-0.6415306,-2.005358,-1.80736,-1.808769,24,24,24,24,24,24,24,24,24,24,24,24,24,24,24,24,449,4490,-1.148934,-3.837518,-4.72637,-2.192931,-1.681738,-1.148474,-1.683154,-68.68349,-0.2461572,0.1208222,0.3575799,0.2424277,-0.220223,-0.222452,0.6638637,2.794263,23,23,23,23,23,23,23,23,23,23,23,23,23,23,23,23
450,4500,-29.82376,-48.48249,-11.20439,-10.23434,-7.95948,-4.939551,-2.809615,-2.259588,-1.733921,-1.967885,-1.663701,-1.387495,-0.7153869,-2.270003,-1.313367,0.3620427,24,24,24,24,24,24,24,24,24,24,24,24,24,24,24,24,450,4500,-0.9415926,-2.239467,-1.834415,-1.939316,99.28946,81.1367,-2.220282,-2.738061,-1.036842,-1.031367,-1.972636,-1.749908,-1.665384,-2.228086,-1.566506,-1.808769,24,24,24,24,24,24,24,24,24,24,24,24,24,24,24,24,450,4500,-1.493604,-3.709606,-4.470785,-0.9030502,-1.811259,-1.658039,-2.329667,-69.01153,-0.2461572,0.7256007,0.8343782,0.1211528,-0.220223,0.1109952,0.4425298,2.677248,23,23,23,23,23,23,23,23,23,23,23,23,23,23,23,23
451,4510,-29.10226,-47.99888,-9.727658,-10.11256,-5.908072,-4.569377,-2.043897,-3.764246,-2.353142,-3.198592,-1.901359,-2.774753,-1.669141,-2.747871,-1.790905,-0.4828632,24,24,24,24,24,24,24,24,24,24,24,24,24,24,24,24,451,4510,-2.152066,-2.107644,-1.441666,-1.163651,98.63269,80.89125,-3.00388,-1.695042,-1.683956,-1.675099,-1.709843,-1.480495,-2.561253,-1.782631,-1.446079,-2.260943,24,24,24,24,24,24,24,24,24,24,24,24,24,24,24,24,451,4510,-2.412725,-3.581695,-4.470785,-1.805967,-2.588386,-2.422389,-2.200364,-69.12088,-0.3697803,-0.9677812,0.4767795,-0.1213969,0.1099767,0.4444433,-0.1108082,2.560228,23,23,23,23,23,23,23,23,23,23,23,23,23,23,23,23
452,4520,-31.86801,-48.36159,-10.58908,-9.990785,-6.994111,-4.199203,-2.426768,-3.137305,-2.353142,-2.214027,-1.663701,-2.27042,-2.146018,-2.150536,-1.790905,0.2413409,24,24,24,24,24,24,24,24,24,24,24,24,24,24,24,24,452,4520,-2.286563,-1.975821,-1.572589,-2.068594,99.02675,79.90947,-1.828482,-1.564665,-1.42511,-2.061338,-1.841241,-2.558152,-2.049329,-2.116722,-1.80736,-2.373986,24,24,24,24,24,24,24,24,24,24,24,24,24,24,24,24,452,4520,-1.838274,-3.837518,-5.365335,-2.837926,-2.199823,-2.040214,-2.588272,-69.01153,0.2483352,0.2417759,0.7151787,-0.0001220037,-0.7705591,-0.3336006,-0.1108082,3.145306,23,23,23,23,23,23,23,23,23,23,23,23,23,23,23,23
453,4530,-32.22876,-48.8452,-12.55806,-11.81747,-8.80417,-5.556509,-3.575308,-2.886529,-2.353142,-3.075521,-1.663701,-1.639759,-2.146018,-1.911602,-1.552136,0.4827428,24,24,24,24,24,24,24,24,24,24,24,24,24,24,24,24,453,4530,-2.017569,-1.712175,-1.310743,-1.810039,98.63259,79.66402,-1.697883,-1.043154,-2.201648,-1.675099,-2.498218,-2.962273,-1.921347,-1.671267,-1.80736,-2.373986,24,24,24,24,24,24,24,24,24,24,24,24,24,24,24,24,453,4530,-1.723385,-4.349164,-5.109749,-1.80602,-2.0703,-3.441522,-2.200364,-69.44891,0.2483352,0.7256007,1.072777,0.4849774,-0.220223,0.4444433,0.5531967,2.911277,23,23,23,23,23,23,23,23,23,23,23,23,23,23,23,23
454,4540,-32.70975,-49.08701,-11.69663,-10.84324,-7.718132,-5.926682,-3.575308,-4.516574,-2.972362,-4.306227,-1.544872,-2.900829,-2.026799,-2.747871,-2.029673,-0.965667,24,24,24,24,24,24,24,24,24,24,24,24,24,24,24,24,454,4540,-1.883072,-1.448528,-1.965351,-2.068594,97.71317,79.66402,-1.567283,-1.825419,-2.072224,-1.160113,-3.155201,-2.69286,-1.921347,-1.893994,-1.205225,-2.939203,24,24,24,24,24,24,24,24,24,24,24,24,24,24,24,24,454,4540,-2.757395,-4.477075,-4.215199,-2.321973,-2.847427,-2.422388,-2.071062,-69.44891,0.1247118,-0.3630026,0.2383807,0.4849774,-8.989744E-05,0.7778913,0.6638637,2.09217,23,23,23,23,23,23,23,23,23,23,23,23,23,23,23,23
455,4550,-33.67176,-48.11978,-12.06582,-10.96502,-8.442165,-4.939551,-3.575308,-3.513469,-3.343894,-3.198592,-2.376675,-2.522602,-1.907579,-1.5532,-1.67152,0.4827428,24,24,24,24,24,24,24,24,24,24,24,24,24,24,24,24,455,4550,-1.210587,-2.107644,-1.310743,-1.680761,97.84452,80.76853,-1.567335,-1.955796,-1.683956,-2.447577,-1.709843,-1.345787,-0.7695108,-1.782631,-0.9643707,-2.373986,24,24,24,24,24,24,24,24,24,24,24,24,24,24,24,24,455,4550,-1.608493,-3.837518,-4.470785,-2.966914,-2.0703,-2.040214,-1.295298,-68.24612,-0.8642728,0.4836899,0.8343782,0.4849774,0.3301098,0.3332939,0.3318612,3.26232,23,23,23,23,23,23,23,23,23,23,23,23,23,23,23,23
456,4560,-35.35526,-48.48249,-12.92724,-10.72146,-9.045519,-6.173466,-3.830539,-4.767349,-3.22005,-3.813945,-2.020188,-2.27042,-1.78836,-1.433733,-1.074598,0.2413409,24,24,24,24,24,24,24,24,24,24,24,24,24,24,24,24,456,4560,-1.748575,-1.053059,-1.441666,-1.680761,99.02665,81.25942,-1.959133,-1.173528,-1.683956,-2.061338,-1.841241,-2.019323,-1.281438,-0.5576274,-1.325652,-2.373986,24,24,24,24,24,24,24,24,24,24,24,24,24,24,24,24,456,4560,-1.034042,-3.325872,-4.598578,-2.192985,-0.7750885,-1.403256,-1.553904,-68.90218,0.001088401,0.2417759,0.9535774,0.4849774,-0.3302896,-0.1113027,0.4425298,2.794263,23,23,23,23,23,23,23,23,23,23,23,23,23,23,23,23
457,4570,-34.39326,-48.36159,-10.95827,-10.11256,-7.356114,-5.803291,-3.320077,-4.265797,-1.981558,-4.552369,-1.307214,-3.026904,-1.430702,-3.22574,-0.955214,-0.8449669,24,24,24,24,24,24,24,24,24,24,24,24,24,24,24,24,457,4570,-2.152066,-1.448528,-1.572589,-2.327149,98.89529,81.1367,-2.742732,-0.7823935,-1.813379,-2.061338,-1.578448,-1.615202,-1.537402,-0.7803547,-2.048214,-2.147897,24,24,24,24,24,24,24,24,24,24,24,24,24,24,24,24,457,4570,-1.838274,-3.709606,-4.215199,-1.419055,-1.681737,-1.658039,-0.5194836,-68.90218,0.2483352,-0.8468274,-0.596016,-0.3639466,0.3301098,0.3332939,-0.3321437,3.028291,23,23,23,23,23,23,23,23,23,23,23,23,23,23,23,23
458,4580,-31.98826,-47.99888,-11.69663,-10.35612,-7.95948,-5.556509,-2.93723,-3.38808,-1.857714,-3.198643,-1.663701,-2.144287,-1.192264,-1.433733,-1.67152,0.2413409,24,24,24,24,24,24,24,24,24,24,24,24,24,24,24,24,458,4580,-1.614078,-1.184882,-1.834428,-1.292928,99.28931,80.89125,-2.220333,-1.825416,-2.589916,-1.031367,-1.315655,-1.884616,-0.3855669,-1.782631,-2.048214,-1.808769,24,24,24,24,24,24,24,24,24,24,24,24,24,24,24,24,458,4580,-1.263823,-3.709606,-4.215199,-2.579949,-1.422694,-1.148473,-2.200416,-68.57415,-0.1225342,-0.1210951,0.2383807,0.3637026,-8.989744E-05,-0.1113027,0.6638637,3.26232,23,23,23,23,23,23,23,23,23,23,23,23,23,23,23,23
459,4590,-31.74776,-47.51526,-12.55806,-10.4779,-9.528204,-6.296857,-4.468616,-4.391185,-2.724623,-3.198643,-1.901306,-2.522602,-1.073045,-2.270003,-1.193983,-0.4828632,24,24,24,24,24,24,24,24,24,24,24,24,24,24,24,24,459,4590,-2.286563,-2.76676,-2.227196,-1.422206,98.76395,79.90947,-1.697935,-2.738058,-2.072224,-1.160114,-1.841189,-1.480495,-1.537402,-2.896271,-1.686933,-1.695722,24,24,24,24,24,24,24,24,24,24,24,24,24,24,24,24,459,4590,-1.493604,-3.837518,-4.981956,-1.677032,-1.552216,-2.804563,-1.812509,-69.33956,0.9900734,-0.0001380568,0.5960312,0.2424277,-0.1101565,0.3332939,0.6638637,3.028291,23,23,23,23,23,23,23,23,23,23,23,23,23,23,23,23
460,4600,-33.67176,-47.99888,-12.55806,-12.18281,-10.25222,-7.530772,-3.958154,-4.516573,-2.848467,-3.937066,-1.901306,-3.531207,-1.907579,-3.345207,-1.67152,-1.207069,24,24,24,24,24,24,24,24,24,24,24,24,24,24,24,24,460,4600,-2.017569,-3.689522,-1.17982,-1.680761,97.97588,81.38215,-1.959133,-2.346927,-1.683956,-1.417606,-2.892354,-1.480497,-2.177308,-2.56218,-1.927787,-2.260943,24,24,24,24,24,24,24,24,24,24,24,24,24,24,24,24,460,4600,-2.757395,-4.477075,-4.215199,-2.063996,-1.940779,-2.040214,-3.88135,-70.21432,-0.1225342,-0.6049199,0.2384329,-7.384432E-05,0.8804458,0.3332939,0.4425298,2.911277,23,23,23,23,23,23,23,23,23,23,23,23,23,23,23,23
461,4610,-36.07676,-49.44972,-13.54255,-12.54814,-9.528204,-7.530772,-4.723847,-3.764245,-2.724623,-3.198643,-2.020135,-2.648678,-1.78841,-2.389471,-1.552136,0.2413409,24,24,24,24,24,24,24,24,24,24,24,24,24,24,24,24,461,4610,-2.959049,-1.712175,-1.572589,-2.197871,98.76395,80.89125,-2.612132,-2.346927,-2.331071,-1.417606,-2.235377,-2.69286,-2.817272,-2.56218,-2.048214,-2.487029,24,24,24,24,24,24,24,24,24,24,24,24,24,24,24,24,461,4610,-1.493604,-3.96543,-4.342992,-3.095901,-2.199821,-2.422388,-2.84693,-68.79285,0.2483352,0.2417727,0.2384329,0.8488501,0.1099221,-0.222452,-0.2214752,3.379334,23,23,23,23,23,23,23,23,23,23,23,23,23,23,23,23
462,4620,-36.43751,-49.93333,-14.89622,-13.4006,-11.57961,-7.283988,-5.744771,-5.018126,-3.096155,-4.060137,-2.376622,-3.026904,-2.146068,-2.628404,-1.432752,-0.1207611,24,24,24,24,24,24,24,24,24,24,24,24,24,24,24,24,462,4620,-2.824552,-1.448528,-1.441666,-2.327149,98.76395,79.17313,-3.265131,-1.955793,-1.683956,-2.318831,-1.315604,-2.558154,-2.177362,-1.671267,-1.686933,-2.034854,24,24,24,24,24,24,24,24,24,24,24,24,24,24,24,24,462,4620,-1.723385,-4.221252,-4.72637,-3.095901,-1.940779,-1.530648,-3.364139,-70.10499,-0.1225342,-0.1210951,0.8344304,-7.384432E-05,-0.5504805,0.2221944,0.4425298,3.379334,23,23,23,23,23,23,23,23,23,23,23,23,23,23,23,23
463,4630,-34.63376,-48.8452,-13.66561,-11.93925,-9.528204,-7.037206,-4.468616,-4.015021,-2.105402,-3.444784,-1.425991,-2.774753,-1.073095,-2.628404,-0.955214,-0.7242651,24,24,24,24,24,24,24,24,24,24,24,24,24,24,24,24,463,4630,-1.748575,-1.712175,-1.703505,-1.551483,98.36988,79.78675,-1.959133,-1.303905,-2.331071,-0.773874,-1.972584,-3.366397,-1.537456,-1.671267,-2.529531,-1.695722,24,24,24,24,24,24,24,24,24,24,24,24,24,24,24,24,463,4630,-2.757395,-4.349164,-3.576234,-1.419055,-1.811258,-1.912822,-2.459022,-68.90218,0.6192039,-0.3630058,0.1192333,0.121201,0.8803913,0.5556424,0.2211926,3.379334,23,23,23,23,23,23,23,23,23,23,23,23,23,23,23,23
464,4640,-32.34901,-49.81243,-14.03479,-11.57391,-9.528204,-7.777555,-5.106694,-4.516573,-2.476934,-3.198643,-1.425991,-2.396527,-1.073095,-2.270003,-0.955214,-0.4829098,24,24,24,24,24,24,24,24,24,24,24,24,24,24,24,24,464,4640,-1.748575,-1.712175,-2.096273,-1.034373,97.84452,80.15491,-2.220333,-1.043151,-2.460493,-1.031367,-2.235377,-2.288741,-1.537456,-1.337175,-1.686394,-2.034848,24,24,24,24,24,24,24,24,24,24,24,24,24,24,24,24,464,4640,-2.068055,-3.581695,-3.959613,-2.45096,-2.976948,-1.912822,-1.165996,-68.46481,-0.2461576,-0.1210951,0.5960312,0.4850256,0.5501884,0.3333437,-0.3321453,2.794308,23,23,23,23,23,23,23,23,23,23,23,23,23,23,23,23
465,4650,-33.07051,-48.96611,-14.40397,-11.33035,-11.70028,-7.530772,-6.63808,-4.265797,-3.83922,-2.952502,-2.614279,-2.774753,-2.026849,-2.747871,-1.313367,0.1205942,24,24,24,24,24,24,24,24,24,24,24,24,24,24,24,24,465,4650,-1.479581,-1.712175,-1.17982,-1.551483,97.84452,81.1367,-1.828533,-1.564662,-1.942801,-1.546352,-2.103979,-1.480497,-1.409475,-1.448538,-1.686394,-2.487022,24,24,24,24,24,24,24,24,24,24,24,24,24,24,24,24,465,4650,-1.723427,-3.197961,-4.72637,-2.321973,-1.552216,-1.275865,-2.329719,-69.66759,0.1247118,-0.1210951,1.072829,0.8488501,-0.000144478,-0.1112537,0.2211926,3.379386,23,23,23,23,23,23,23,23,23,23,23,23,23,23,23,23
466,4660,-32.95026,-49.20791,-14.6501,-12.30459,-10.25222,-7.777555,-6.127618,-5.018126,-2.724623,-3.813996,-2.257792,-3.405131,-1.78841,-3.106273,-1.790905,-1.689919,24,24,24,24,24,24,24,24,24,24,24,24,24,24,24,24,466,4660,-1.883072,-1.580402,-1.17982,-2.456427,98.76395,80.64581,-2.350932,-0.6520165,-2.201648,-2.833817,-2.235377,-1.615205,-1.409475,-1.671267,-1.806842,-3.278328,24,24,24,24,24,24,24,24,24,24,24,24,24,24,24,24,466,4660,-2.41277,-4.732899,-4.087406,-2.063996,-1.422694,-2.422388,-2.071114,-68.57415,0.6192039,0.2417727,0.7152308,-0.1213487,-0.000144478,1.111388,0.5531951,3.4964,23,23,23,23,23,23,23,23,23,23,23,23,23,23,23,23
467,4670,-33.79201,-50.41695,-14.52703,-12.42636,-10.01089,-8.517902,-5.23431,-4.265797,-3.467688,-3.075573,-1.663648,-2.270419,-1.073095,-1.792134,-0.8358294,-0.3622096,24,24,24,24,24,24,24,24,24,24,24,24,24,24,24,24,467,4670,-2.152066,-1.580402,-2.358113,-1.810039,98.76395,80.76853,-2.481532,-1.564662,-2.201648,-2.318831,-0.7900219,-1.749911,-1.921399,-1.114447,-2.529531,-2.034848,24,24,24,24,24,24,24,24,24,24,24,24,24,24,24,24,467,4670,-1.493646,-3.325872,-4.72637,-2.45096,-3.495033,-2.422388,-2.976232,-69.01153,0.001088401,-0.4839628,-0.3575647,0.8488501,0.4401218,-0.1112537,-0.8854833,2.794308,23,23,23,23,23,23,23,23,23,23,23,23,23,23,23,23
468,4680,-33.07051,-49.20791,-15.63458,-13.03526,-11.70028,-7.037206,-5.872387,-4.516573,-3.715376,-3.198643,-2.970767,-2.774753,-2.622945,-2.389471,-2.029673,-0.3622096,24,24,24,24,24,24,24,24,24,24,24,24,24,24,24,24,468,4680,-1.210587,-1.316757,-2.881797,-1.163651,98.63259,80.52309,-2.350932,-1.173528,-2.589916,-1.546352,-1.315604,-2.69286,-1.153511,-2.228086,-2.409082,-1.921805,24,24,24,24,24,24,24,24,24,24,24,24,24,24,24,24,468,4680,-1.493646,-2.942138,-4.215199,-2.837872,-2.329342,-1.530648,-1.295298,-68.79285,-1.111519,0.1208157,0.4768321,0.4850256,0.2199887,-0.2224022,-0.3321453,3.379386,23,23,23,23,23,23,23,23,23,23,23,23,23,23,23,23
469,4690,-32.83001,-48.7243,-15.51152,-15.1055,-12.90699,-8.888077,-5.617156,-4.015021,-2.476934,-3.567855,-1.425991,-2.270419,-1.549971,-2.270003,-0.597061,-0.7243116,24,24,24,24,24,24,24,24,24,24,24,24,24,24,24,24,469,4690,-1.614078,-2.503165,-2.22719,-0.7758181,98.50134,80.15491,-1.828533,-2.998815,-0.9074183,-1.160114,-1.052815,-1.480497,-1.153511,-1.782631,-1.445498,-2.147894,24,24,24,24,24,24,24,24,24,24,24,24,24,24,24,24,469,4690,-2.41277,-4.988722,-4.854163,-1.676979,-1.940781,-1.403256,-2.200416,-69.66759,0.001088401,0.3627297,0.1192333,-7.384432E-05,-0.440414,0.2221944,0.3318596,3.262372,23,23,23,23,23,23,23,23,23,23,23,23,23,23,23,23
470,4700,-35.47552,-49.44972,-16.98825,-16.56685,-13.99302,-10.24538,-5.489541,-4.516573,-3.343843,-3.444784,-1.544819,-2.900829,-1.549971,-2.031069,-0.955214,-0.7243116,24,24,24,24,24,24,24,24,24,24,24,24,24,24,24,24,470,4700,-2.017569,-1.975872,-1.703499,-1.422206,99.02675,81.38215,-1.959133,-2.086169,-1.683956,-1.031367,-1.972584,-1.34579,-1.793417,-1.893994,-1.445498,-1.921805,24,24,24,24,24,24,24,24,24,24,24,24,24,24,24,24,470,4700,-1.838319,-2.942138,-3.320648,-1.805967,-2.458865,-2.54978,-1.941812,-69.33956,0.001088401,0.2417727,0.3576325,0.3637507,0.3300552,0.3333437,-0.3321453,2.32625,23,23,23,23,23,23,23,23,23,23,23,23,23,23,23,23
471,4710,-36.31727,-51.26328,-17.97274,-17.17575,-14.71706,-9.505034,-6.638081,-4.391185,-3.963064,-2.829431,-1.901306,-2.396527,-2.861383,-1.792134,-2.149058,-0.2415079,24,24,24,24,24,24,24,24,24,24,24,24,24,24,24,24,471,4710,-2.286563,-1.580402,-1.179814,-1.810039,99.02675,80.15491,-1.175484,-1.825416,-0.9074183,-1.546352,-1.052815,-1.615205,-2.177362,-1.559904,-1.565946,-2.487022,24,24,24,24,24,24,24,24,24,24,24,24,24,24,24,24,471,4710,-1.378757,-3.837518,-4.598578,-1.805967,-2.588386,-1.785431,-2.717574,-69.33956,-0.4934037,-0.8468306,1.192029,0.8488501,0.7703247,0.111045,-0.1108098,3.613415,23,23,23,23,23,23,23,23,23,23,23,23,23,23,23,23
472,4720,-34.15276,-50.77966,-17.84968,-15.34906,-13.269,-8.641294,-5.872387,-5.018126,-3.467688,-4.183208,-1.782477,-3.531207,-1.669191,-2.867338,-1.910289,-0.7243116,24,24,24,24,24,24,24,24,24,24,24,24,24,24,24,24,472,4720,-2.42106,-2.503165,-1.179814,-1.939317,98.63269,78.92769,-1.828482,-0.7823935,-1.942801,-1.675099,-1.709791,-2.423447,-1.793417,-1.448538,-1.806842,-2.826154,24,24,24,24,24,24,24,24,24,24,24,24,24,24,24,24,472,4720,-1.263868,-3.709607,-5.365335,-1.934955,-2.070302,-1.658039,-2.588271,-69.01154,-0.8642731,-0.0001380568,0.5960312,-7.384432E-05,-0.2202776,-0.444701,-0.0001428727,3.028336,23,23,23,23,23,23,23,23,23,23,23,23,23,23,23,23
473,4730,-33.43126,-51.86779,-17.11131,-16.93219,-13.02765,-10.12199,-6.38285,-5.519679,-4.458492,-4.67549,-3.089595,-3.783358,-2.026849,-2.986805,-2.149058,-0.4829098,24,24,24,24,24,24,24,24,24,24,24,24,24,24,24,24,473,4730,-2.017569,-1.184933,-2.22719,-1.292928,97.97598,79.66402,-1.697883,-0.9127736,-3.754668,-0.9026204,-2.629564,-2.423447,-1.793417,-1.448538,-2.288634,-1.695719,24,24,24,24,24,24,24,24,24,24,24,24,24,24,24,24,473,4730,-1.493646,-4.221253,-4.72637,-1.934955,-1.552217,-2.804564,-3.364086,-69.33958,-0.1225342,0.6046405,1.072829,0.3637507,-0.6605471,0.3333437,0.5531951,2.911329,23,23,23,23,23,23,23,23,23,23,23,23,23,23,23,23
474,4740,-35.95652,-51.74689,-17.97274,-15.59262,-12.66565,-8.394511,-5.361925,-4.265797,-4.08696,-3.567804,-2.851937,-2.774753,-3.099822,-2.270003,-1.910289,-0.3622096,24,24,24,24,24,24,24,24,24,24,24,24,24,24,24,24,474,4740,-2.017569,-1.316757,-1.441659,-2.068595,97.97598,80.27764,-2.089682,-1.564662,-1.813324,-1.546352,-2.760959,-1.211082,-1.281493,-1.559904,-1.565946,-2.373979,24,24,24,24,24,24,24,24,24,24,24,24,24,24,24,24,474,4740,-2.068097,-4.221253,-4.598578,-1.934955,-1.552217,-1.912822,-2.200363,-68.57417,0.001089204,-0.6049134,-0.1191655,0.121201,-0.000144478,1.111388,0.663862,2.32625,23,23,23,23,23,23,23,23,23,23,23,23,23,23,23,23
475,4750,-36.67802,-52.35141,-18.46498,-16.32329,-12.4243,-8.147728,-5.23431,-4.140409,-2.972362,-2.95245,-1.782529,-1.76589,-2.026849,-1.672667,-1.074598,-0.0001075559,24,24,24,24,24,24,24,24,24,24,24,24,24,24,24,24,475,4750,-1.479581,-2.503165,-1.179814,-1.680761,98.23869,81.01398,-1.306083,-2.216547,-1.295632,-2.962563,-1.709791,-2.154032,-1.153511,-1.671267,-2.409082,-2.713111,24,24,24,24,24,24,24,24,24,24,24,24,24,24,24,24,475,4750,-0.689417,-3.325872,-4.470785,-2.708884,-2.329344,-2.167605,-2.200363,-68.6835,0.001089204,-0.3630026,0.595979,-0.2426236,-0.2202776,-0.0001035426,-0.4428123,3.145357,23,23,23,23,23,23,23,23,23,23,23,23,23,23,23,23
476,4760,-34.99451,-51.86779,-16.61907,-15.1055,-10.37289,-8.394511,-3.575308,-4.265797,-2.229297,-3.690874,-2.139016,-2.396527,-2.026849,-3.703609,-2.149058,-0.9657136,24,24,24,24,24,24,24,24,24,24,24,24,24,24,24,24,476,4760,-2.690055,-1.975872,-1.572576,-2.973538,98.63269,80.89125,-1.697883,-1.825416,-1.813324,-2.833816,-2.235377,-1.884616,-2.433326,-1.671267,-2.409082,-3.165286,24,24,24,24,24,24,24,24,24,24,24,24,24,24,24,24,476,4760,-1.608538,-3.07005,-4.981956,-2.321919,-1.293175,-2.294997,-2.846876,-69.88631,0.3719579,-0.0001348462,0.4767795,0.2424277,0.5501884,-0.1112537,1.106532,3.379386,23,23,23,23,23,23,23,23,23,23,23,23,23,23,23,23
477,4770,-33.07051,-50.90056,-16.61907,-14.61839,-12.18296,-7.900945,-4.08577,-3.262693,-1.981609,-2.090956,-1.782529,-2.018205,-2.265289,-2.031069,-2.268442,0.2412944,24,24,24,24,24,24,24,24,24,24,24,24,24,24,24,24,477,4770,-1.883072,-1.712226,-3.01272,-2.197872,98.76405,80.89125,-2.742681,-1.825416,-3.366399,-2.576323,-2.235377,-2.69286,-2.305344,-1.893994,-3.011323,-2.600068,24,24,24,24,24,24,24,24,24,24,24,24,24,24,24,24,477,4770,-2.75744,-4.093342,-4.470785,-2.321919,-2.199823,-1.912822,-3.234783,-69.01154,0.4955813,-0.6049134,-1.846108E-05,-0.1213969,0.5501851,0.111045,0.663862,3.379386,23,23,23,23,23,23,23,23,23,23,23,23,23,23,23,23
478,4780,-35.47552,-51.86779,-18.34192,-16.44507,-12.30363,-8.147728,-3.958154,-3.388081,-2.229297,-2.706309,-1.782529,-2.018205,-2.265289,-2.62835,-2.268442,0.603398,24,24,24,24,24,24,24,24,24,24,24,24,24,24,24,24,478,4780,-1.479581,-1.975872,-2.096267,-2.585705,99.28946,80.0322,-1.306083,-2.868434,-2.331015,-2.190084,-1.184209,-3.096981,-1.409475,-2.56218,-2.409082,-2.487022,24,24,24,24,24,24,24,24,24,24,24,24,24,24,24,24,478,4780,-2.41277,-3.581696,-4.598578,-2.579896,-3.235992,-2.804564,-1.424548,-69.01154,0.001089204,0.4836899,0.1191811,0.7275271,0.6602517,-0.0002054799,-0.1108098,3.028336,23,23,23,23,23,23,23,23,23,23,23,23,23,23,23,23
479,4790,-33.79201,-51.9887,-16.37295,-14.37483,-10.25222,-7.160597,-3.447692,-4.015021,-2.724674,-4.429297,-2.020186,-2.900829,-2.384508,-4.061956,-2.387826,-1.569219,24,24,24,24,24,24,24,24,24,24,24,24,24,24,24,24,479,4790,-1.479581,-3.162281,-2.358113,-1.939317,98.50134,80.52309,-2.742681,-2.738058,-1.813324,-1.932591,-2.103979,-1.884616,-1.409475,-2.450813,-1.566506,-2.034848,24,24,24,24,24,24,24,24,24,24,24,24,24,24,24,24,479,4790,-2.182989,-3.96543,-4.342992,-2.96686,-2.717908,-1.403256,-2.458969,-69.77696,-0.8642724,-0.4839596,0.4767795,-0.0001220037,0.5501851,-0.0002054799,-0.9961486,3.262372,23,23,23,23,23,23,23,23,23,23,23,23,23,23,23,23
480,4800,-32.58951,-52.23051,-15.51152,-12.7917,-9.648871,-6.913815,-2.681999,-4.391186,-2.353142,-2.82938,-1.901357,-2.396527,-2.742166,-3.345153,-2.149057,-0.0001075559,24,24,24,24,24,24,24,24,24,24,24,24,24,24,24,24,480,4800,-2.286563,-2.239518,-0.6561229,-1.810039,98.50134,81.1367,-2.612081,-2.738058,-1.425056,-1.288859,-2.366771,-1.615202,-2.177362,-2.450813,-1.80736,-2.373986,24,24,24,24,24,24,24,24,24,24,24,24,24,24,24,24,480,4800,-1.723427,-4.732899,-4.598578,-1.676979,-2.199823,-1.785431,-1.683153,-69.1209,0.001089204,0.7256007,0.3575799,-0.3639466,-0.220284,0.1109439,0.3318612,3.379386,23,23,23,23,23,23,23,23,23,23,23,23,23,23,23,23
481,4810,-33.07051,-50.77966,-15.38846,-12.66992,-10.85558,-6.913815,-4.213385,-3.889633,-2.848518,-3.567804,-3.446133,-3.15298,-3.219043,-3.46462,-2.387826,0.1205942,24,24,24,24,24,24,24,24,24,24,24,24,24,24,24,24,481,4810,-2.555558,-1.712226,-1.310737,-1.939317,99.02675,79.66402,-2.742681,-1.695039,-1.166209,-1.803845,-2.103979,-1.884616,-2.561308,-2.116722,-1.446079,-2.260943,24,24,24,24,24,24,24,24,24,24,24,24,24,24,24,24,481,4810,-2.068103,-4.093342,-4.087406,-2.063943,-1.811259,-2.804564,-1.03664,-68.24612,0.3719579,0.6046437,0.4767795,-0.4852214,0.1099189,0.3332426,-0.2214752,2.32625,23,23,23,23,23,23,23,23,23,23,23,23,23,23,23,23
482,4820,-32.34901,-50.53785,-15.38846,-12.30459,-10.97625,-8.641294,-6.127618,-4.641962,-3.343895,-5.536933,-2.73316,-4.28766,-2.980604,-4.300891,-2.029673,-1.086415,24,24,24,24,24,24,24,24,24,24,24,24,24,24,24,24,482,4820,-1.345084,-2.107695,-1.703499,-1.810039,98.8954,79.17313,-1.959082,-1.955793,-1.942746,-1.803845,-2.629564,-2.827565,-2.177362,-1.559904,-2.048214,-1.695722,24,24,24,24,24,24,24,24,24,24,24,24,24,24,24,24,482,4820,-2.182992,-3.837518,-4.087406,-2.579896,-1.940781,-1.785431,-2.07106,-69.33958,-0.3697803,-0.6049134,0.4767795,-0.0001220037,-0.220284,0.2220924,-0.2214752,3.145357,23,23,23,23,23,23,23,23,23,23,23,23,23,23,23,23
483,4830,-31.74776,-50.29605,-15.75764,-13.27882,-11.2176,-8.394511,-4.979079,-4.76735,-3.715427,-4.306227,-2.257844,-3.026904,-2.02685,-2.867285,-1.67152,-0.4829098,24,24,24,24,24,24,24,24,24,24,24,24,24,24,24,24,483,4830,-1.479581,-1.448579,-1.572569,-2.068595,97.71327,79.78675,-1.828482,-1.434281,-2.460438,-1.803845,-2.892354,-2.154031,-1.409475,-1.559904,-2.168641,-2.034854,24,24,24,24,24,24,24,24,24,24,24,24,24,24,24,24,483,4830,-1.37876,-4.477075,-5.365283,-3.095848,-1.940781,-1.912822,-1.683153,-68.6835,-0.4934033,0.3627329,0.4767795,0.2424277,-0.4404172,-0.0002054799,0.4425298,3.145357,23,23,23,23,23,23,23,23,23,23,23,23,23,23,23,23
484,4840,-31.02626,-49.32882,-15.75764,-12.06103,-10.49356,-7.283988,-5.872387,-4.641962,-3.963116,-4.552369,-3.208475,-3.405131,-2.980604,-2.269949,-2.149057,0.1205942,24,24,24,24,24,24,24,24,24,24,24,24,24,24,24,24,484,4840,-1.748575,-2.107695,-1.703492,-2.714983,97.84463,79.78675,-1.828482,-1.695039,-1.942746,-2.190084,-2.103979,-2.423444,-1.665438,-2.228086,-1.325652,-2.373986,24,24,24,24,24,24,24,24,24,24,24,24,24,24,24,24,484,4840,-2.068103,-4.604987,-4.34294,-2.192984,-2.199823,-2.804564,-3.105481,-69.33958,0.4955813,0.4836899,0.3575799,-0.0001220037,-0.1102143,0.6666898,0.8851992,3.145357,23,23,23,23,23,23,23,23,23,23,23,23,23,23,23,23
485,4850,-29.46301,-48.8452,-14.89622,-11.0868,-9.528204,-6.54364,-4.468616,-4.265797,-2.724674,-3.444732,-2.376673,-2.522602,-1.788412,-2.986753,-1.313367,-0.4829098,24,24,24,24,24,24,24,24,24,24,24,24,24,24,24,24,485,4850,-1.614078,-1.448579,-1.703492,-2.068594,98.37004,80.52309,-2.481481,-1.434281,-1.813324,-2.447577,-1.052815,-1.749908,-1.921399,-1.114447,-1.80736,-2.713117,24,24,24,24,24,24,24,24,24,24,24,24,24,24,24,24,485,4850,-2.527662,-4.221252,-4.087355,-1.935007,-1.811258,-2.294997,-2.200363,-69.1209,0.1247118,-0.6049134,-0.3576172,0.848802,0.7703215,0.6666898,0.4425298,3.028336,23,23,23,23,23,23,23,23,23,23,23,23,23,23,23,23
486,4860,-30.30476,-50.29605,-13.78867,-11.93925,-9.407522,-7.160597,-4.851463,-5.519679,-3.591583,-4.798509,-2.851988,-3.657282,-2.146069,-3.10622,-1.552135,-0.3622096,24,24,24,24,24,24,24,24,24,24,24,24,24,24,24,24,486,4860,-1.479581,-0.9212866,-2.358106,-2.197871,98.37004,81.01398,-2.350881,-1.825416,-2.07217,-2.061338,-1.972584,-2.288737,-1.409475,-2.228086,-2.891203,-2.373986,24,24,24,24,24,24,24,24,24,24,24,24,24,24,24,24,486,4860,-1.03409,-3.837518,-4.854112,-2.45096,-2.458864,-2.040163,-2.07106,-68.46482,0.3719579,-0.1210918,1.191977,0.848802,-0.0001476886,-0.5559514,-0.3321437,2.443265,23,23,23,23,23,23,23,23,23,23,23,23,23,23,23,23
487,4870,-29.944,-50.29605,-13.17336,-10.4779,-8.924838,-6.173466,-4.979079,-4.516574,-3.715427,-2.95245,-2.614331,-2.144338,-2.265289,-1.792081,-1.552135,-0.1208077,24,24,24,24,24,24,24,24,24,24,24,24,24,24,24,24,487,4870,-1.07609,-2.371342,-2.619945,-1.680761,98.63269,80.64581,-1.436734,-2.086169,-2.07217,-2.061338,-1.447002,-2.288737,-1.281493,-2.450813,-2.650349,-1.921811,24,24,24,24,24,24,24,24,24,24,24,24,24,24,24,24,487,4870,-1.838322,-3.325872,-4.981905,-3.353877,-2.070301,-1.785379,-2.200363,-69.01154,-0.1225342,-0.3630026,0.3575799,-0.1213969,0.1099189,-0.4448021,0.2211943,3.613415,23,23,23,23,23,23,23,23,23,23,23,23,23,23,23,23
488,4880,-30.78576,-50.17514,-13.41949,-11.20857,-8.924838,-6.54364,-4.723848,-3.38808,-2.60083,-3.075521,-1.426042,-2.396527,-1.669192,-2.747818,-1.552135,-0.2415079,24,24,24,24,24,24,24,24,24,24,24,24,24,24,24,24,488,4880,-1.614078,-3.294104,-1.834415,-1.939316,98.76405,80.40036,-1.436734,-3.129195,-2.07217,-1.675099,-1.841189,-1.749908,-2.177362,-2.784907,-2.168641,-2.487029,24,24,24,24,24,24,24,24,24,24,24,24,24,24,24,24,488,4880,-2.412773,-4.477075,-4.598527,-2.063995,-2.199822,-1.275813,-1.424548,-69.23022,0.1247118,-0.3630026,-0.2384176,-0.4852214,-0.3303506,-0.0002054799,-0.1108082,3.145357,23,23,23,23,23,23,23,23,23,23,23,23,23,23,23,23
489,4890,-33.43126,-51.38418,-14.28091,-13.03526,-9.76954,-8.641294,-4.723848,-4.892738,-3.096155,-4.429297,-2.376673,-2.774753,-2.02685,-2.389416,-1.552135,-0.7243116,24,24,24,24,24,24,24,24,24,24,24,24,24,24,24,24,489,4890,-2.017569,-2.634988,-1.703492,-1.939316,97.71327,80.64581,-2.350932,-2.086173,-1.813381,-1.160113,-2.103979,-1.211081,-2.305344,-1.893994,-1.80736,-1.921811,24,24,24,24,24,24,24,24,24,24,24,24,24,24,24,24,489,4890,-2.182992,-4.093341,-4.215148,-3.353877,-2.976949,-3.059296,-2.200363,-69.01153,0.1247118,0.4836899,-0.4768164,0.6062523,0.5501851,0.3332426,-0.2214752,2.092221,23,23,23,23,23,23,23,23,23,23,23,23,23,23,23,23
490,4900,-32.34901,-51.26328,-13.78867,-12.54814,-10.01088,-8.271119,-4.596232,-4.265797,-2.476934,-3.075521,-1.6637,-3.279056,-2.02685,-2.150481,-1.193982,0.2412944,24,24,24,24,24,24,24,24,24,24,24,24,24,24,24,24,490,4900,-2.42106,-1.712226,-1.572569,-2.068594,99.42076,79.66402,-2.742732,-2.086173,-1.425112,-1.932591,-1.841189,-2.423444,-2.433326,-1.671267,-1.927787,-2.147897,24,24,24,24,24,24,24,24,24,24,24,24,24,24,24,24,490,4900,-1.838322,-3.837518,-4.087355,-1.67703,-2.070301,-1.657988,-1.553851,-69.12088,-0.6170267,-0.2420424,0.2383807,0.2424277,0.2199854,0.6666898,0.3318612,3.028336,23,23,23,23,23,23,23,23,23,23,23,23,23,23,23,23
491,4910,-34.15276,-51.9887,-15.63458,-13.52238,-11.33826,-8.271119,-5.489541,-4.892738,-2.724623,-3.690874,-2.376622,-2.396527,-2.02685,-2.508883,-1.552135,-0.3622096,24,24,24,24,24,24,24,24,24,24,24,24,24,24,24,24,491,4910,-2.152066,-1.844049,-1.834415,-2.197871,98.50134,79.78675,-2.612132,-1.173531,-1.813381,-2.061338,-1.447053,-3.096981,-2.305344,-1.559904,-1.205225,-2.260943,24,24,24,24,24,24,24,24,24,24,24,24,24,24,24,24,491,4910,-1.838322,-4.477075,-5.365283,-2.966912,-2.588386,-2.167554,-2.717574,-69.01153,-0.2461572,0.3627362,0.8343774,-0.2426717,-0.5504838,-0.4448021,0.2211943,3.262372,23,23,23,23,23,23,23,23,23,23,23,23,23,23,23,23
492,4920,-33.55151,-51.62599,-14.40397,-12.66992,-9.166186,-8.147728,-5.361925,-5.645066,-3.467688,-4.552369,-2.495451,-4.539811,-3.099823,-4.420356,-2.745979,-1.086415,24,24,24,24,24,24,24,24,24,24,24,24,24,24,24,24,492,4920,-1.614078,-1.05311,-1.31073,-2.068594,98.23869,79.41858,-1.306134,-1.564665,-2.331073,-0.6451273,-2.10403,-2.962273,-1.537456,-2.116722,-2.048214,-1.243548,24,24,24,24,24,24,24,24,24,24,24,24,24,24,24,24,492,4920,-1.608541,-3.709606,-4.726319,-2.063995,-2.070301,-2.167554,-3.493389,-69.44891,0.3719579,1.209429,0.5959787,-0.2426749,0.2199854,0.8889885,0.2211943,2.443265,23,23,23,23,23,23,23,23,23,23,23,23,23,23,23,23
493,4930,-33.43126,-51.9887,-13.78867,-11.81747,-10.25222,-8.517902,-5.744772,-5.143514,-2.972311,-4.183156,-2.020135,-3.657282,-2.861383,-2.986753,-1.790904,0.2412944,24,24,24,24,24,24,24,24,24,24,24,24,24,24,24,24,493,4930,-1.479581,-1.712226,-1.834415,-1.810039,97.84463,79.90947,-2.220333,-1.564665,-1.942804,-1.417606,-2.629616,-1.884616,-1.537402,-1.782631,-1.446079,-2.487029,24,24,24,24,24,24,24,24,24,24,24,24,24,24,24,24,493,4930,-2.182992,-3.709606,-4.215148,-2.063995,-1.94078,-2.549729,-1.165943,-68.46481,0.1247118,-0.967778,-1.886241E-05,0.3636993,0.660255,0.7778383,0.2211943,2.560279,23,23,23,23,23,23,23,23,23,23,23,23,23,23,23,23
494,4940,-35.23501,-51.02147,-14.15785,-12.18281,-11.2176,-7.777554,-6.255234,-4.516573,-3.963064,-4.675439,-2.970767,-4.413735,-2.742164,-2.867338,-2.149057,-1.207116,24,24,24,24,24,24,24,24,24,24,24,24,24,24,24,24,494,4940,-1.614078,-1.975872,-0.7870392,-2.327149,98.76405,80.64581,-1.697935,-2.086173,-1.942804,-1.675099,-1.841241,-2.154031,-1.153456,-2.673543,-1.686933,-2.713117,24,24,24,24,24,24,24,24,24,24,24,24,24,24,24,24,494,4940,-1.493652,-3.453783,-4.34294,-2.837924,-2.329343,-1.785379,-2.07106,-68.13677,-0.3697803,-0.6049102,0.5959787,0.3636993,-0.3303474,-0.3336022,-0.0001412674,3.145357,23,23,23,23,23,23,23,23,23,23,23,23,23,23,23,23
495,4950,-32.46926,-50.77966,-13.17336,-10.84324,-9.286855,-7.160597,-5.361925,-4.265797,-2.972311,-4.183156,-2.020135,-3.909433,-1.907629,-2.628404,-1.910289,-0.6036115,24,24,24,24,24,24,24,24,24,24,24,24,24,24,24,24,495,4950,-2.017569,-2.371342,-2.096261,-2.973537,99.1581,80.64581,-2.481532,-1.825419,-1.942804,-2.962563,-1.578448,-2.423444,-2.049329,-2.116722,-1.686933,-3.391377,24,24,24,24,24,24,24,24,24,24,24,24,24,24,24,24,495,4950,-1.838322,-4.093341,-5.620869,-2.063995,-1.811258,-2.422338,-2.976178,-69.33956,0.2483352,0.3627362,0.3575795,0.1211496,-0.000144478,0.7778897,0.1105273,2.794308,23,23,23,23,23,23,23,23,23,23,23,23,23,23,23,23
496,4960,-34.03251,-52.23051,-14.77316,-13.76593,-10.25222,-8.764686,-5.361925,-5.018126,-3.343843,-4.183156,-2.257792,-2.900829,-1.78841,-2.986805,-1.432752,-0.2415111,24,24,24,24,24,24,24,24,24,24,24,24,24,24,24,24,496,4960,-2.286563,-1.580402,-2.227183,-1.422206,99.02675,80.89125,-2.220333,-1.434285,-2.201649,-1.675099,-1.841241,-2.154031,-2.30529,-1.782631,-2.650349,-2.373986,24,24,24,24,24,24,24,24,24,24,24,24,24,24,24,24,496,4960,-2.642554,-4.86081,-4.34294,-2.321971,-1.552217,-1.785379,-2.846876,-68.13677,0.4955813,-0.6049102,-1.886241E-05,-0.0001252143,0.660255,0.7778897,0.5531967,3.730435,23,23,23,23,23,23,23,23,23,23,23,23,23,23,23,23
497,4970,-34.99451,-51.74689,-16.00377,-13.76593,-11.45893,-7.777554,-5.744772,-5.143514,-4.334597,-4.429297,-3.446082,-3.657282,-2.980603,-2.986805,-2.387826,-1.086417,24,24,24,24,24,24,24,24,24,24,24,24,24,24,24,24,497,4970,-1.883072,-2.371342,-2.489022,-2.068594,99.02675,80.15491,-2.089733,-1.955796,-2.072226,-1.675099,-2.235428,-2.827565,-1.921347,-2.116722,-2.770776,-2.713117,24,24,24,24,24,24,24,24,24,24,24,24,24,24,24,24,497,4970,-1.378709,-3.197961,-3.959561,-3.482865,-3.495033,-2.549729,-2.458969,-68.35547,0.6192039,-0.6049102,-0.1192184,-0.1214001,-0.000144478,0.3332939,0.1105273,3.379386,23,23,23,23,23,23,23,23,23,23,23,23,23,23,23,23
498,4980,-33.43126,-51.87667,-16.12683,-14.25305,-11.33826,-7.160597,-4.851463,-4.265797,-3.096155,-4.060086,-2.376622,-2.522602,-2.265287,-2.389471,-1.313367,-0.482913,24,24,24,24,24,24,24,24,24,24,24,24,24,24,24,24,498,4980,-1.614078,-1.843997,-2.358106,-1.680761,99.1581,80.40036,-1.175536,-2.607684,-2.201649,-2.061338,-1.447053,-2.827565,-1.537402,-2.005358,-1.566506,-2.713117,24,24,24,24,24,24,24,24,24,24,24,24,24,24,24,24,498,4980,-1.838271,-3.837518,-4.087355,-2.45096,-1.94078,-1.912771,-2.458969,-69.55826,-0.3697803,-0.2420424,0.7151783,0.4849742,0.1099221,-0.3336022,-0.1108082,3.379386,23,23,23,23,23,23,23,23,23,23,23,23,23,23,23,23
499,4990,-33.19076,-53.44869,-15.88071,-14.25305,-11.09693,-8.641294,-5.489541,-5.645066,-4.582285,-5.044651,-3.208423,-3.026904,-1.669191,-3.106273,-1.552136,-0.482913,24,24,24,24,24,24,24,24,24,24,24,24,24,24,24,24,499,4990,-1.614078,-2.239467,-1.441659,-1.292928,98.37004,80.64581,-2.220333,-2.868438,-1.554535,-1.288859,-2.498218,-1.345787,-2.049329,-2.56218,-1.566506,-1.695722,24,24,24,24,24,24,24,24,24,24,24,24,24,24,24,24,499,4990,-2.182941,-4.604986,-4.981905,-2.192984,-1.681737,-1.530597,-2.458969,-68.79285,0.6192039,0.6046469,0.7151783,-0.6064995,-0.000144478,0.4444425,0.5531967,3.379386,23,23,23,23,23,23,23,23,23,23,23,23,23,23,23,23
500,5000,-31.74776,-52.23944,-15.51152,-13.27882,-11.5796,-7.40738,-6.000003,-5.143514,-3.83922,-3.813945,-3.089595,-3.15298,-2.622945,-1.911602,-1.790905,-0.482913,24,24,24,24,24,24,24,24,24,24,24,24,24,24,24,24,500,5000,-2.824552,-1.975821,-2.096267,-1.939317,98.8954,80.64581,-3.003931,-2.21655,-1.683957,-1.546352,-1.578448,-2.558152,-2.689235,-2.228086,-2.048214,-2.487029,24,24,24,24,24,24,24,24,24,24,24,24,24,24,24,24,500,5000,-2.872281,-3.709606,-3.44839,-2.192984,-2.588386,-3.186687,-2.329666,-69.33956,0.4955813,0.4836932,-1.886241E-05,0.1211496,0.8803913,0.6667412,-0.0001412674,2.209236,23,23,23,23,23,23,23,23,23,23,23,23,23,23,23,23
501,5010,-31.26676,-51.5139,-14.89622,-13.15704,-9.76954,-6.913815,-4.723848,-4.265797,-3.343843,-3.690874,-2.495451,-2.900829,-1.430752,-1.672667,-1.193983,0.2412927,24,24,24,24,24,24,24,24,24,24,24,24,24,24,24,24,501,5010,-2.555558,-1.712175,-1.965344,-2.714983,98.89535,79.41858,-2.350932,-2.34693,-2.331073,-1.803845,-2.235428,-2.423444,-1.537402,-2.005358,-2.529922,-2.487029,24,24,24,24,24,24,24,24,24,24,24,24,24,24,24,24,501,5010,-2.068052,-4.477075,-4.34294,-2.708936,-2.976948,-1.530597,-1.683153,-69.12088,0.2483352,-0.4839564,1.072777,0.4849742,0.5501884,0.5555918,-0.1108082,3.379386,23,23,23,23,23,23,23,23,23,23,23,23,23,23,23,23
502,5020,-30.06426,-51.75574,-14.15785,-13.27882,-9.528204,-7.777555,-5.361925,-5.519678,-4.458441,-5.290792,-2.733108,-3.405131,-2.146068,-2.867338,-1.910289,-0.482913,24,24,24,24,24,24,24,24,24,24,24,24,24,24,24,24,502,5020,-2.42106,-2.239467,-1.965344,-1.551484,97.97593,79.29586,-1.959133,-1.564665,-2.589918,-2.061338,-1.972636,-3.096981,-1.665384,-2.228086,-2.289068,-2.600071,24,24,24,24,24,24,24,24,24,24,24,24,24,24,24,24,502,5020,-2.068052,-4.860809,-4.726319,-2.966912,-2.458863,-2.549729,-1.812456,-69.23022,-0.7406497,0.1208254,0.5959787,0.2424245,-0.2202776,-0.0001541099,0.1105273,3.262372,23,23,23,23,23,23,23,23,23,23,23,23,23,23,23,23
503,5030,-31.38701,-51.9976,-13.91173,-12.30459,-9.76954,-7.40738,-5.744772,-4.641962,-4.086908,-3.321662,-3.208423,-3.279056,-2.384506,-2.150536,-1.910289,-0.2415111,24,24,24,24,24,24,24,24,24,24,24,24,24,24,24,24,503,5030,-1.479581,-1.843997,-2.096267,-1.939317,98.10728,79.78675,-1.95908,-1.564665,-2.460495,-2.061338,-2.892405,-2.69286,-1.793366,-1.782631,-1.446079,-2.713117,24,24,24,24,24,24,24,24,24,24,24,24,24,24,24,24,503,5030,-2.068052,-4.221252,-5.109698,-2.063995,-2.717905,-2.804513,-4.0106,-69.99564,0.6192039,0.2417791,0.1191803,-0.0001252143,-0.6605471,0.8890399,0.7745322,3.379386,23,23,23,23,23,23,23,23,23,23,23,23,23,23,23,23
504,5040,-33.43126,-51.75574,-14.28091,-12.30459,-10.13156,-7.037206,-4.851463,-4.767349,-3.467688,-3.444732,-2.376622,-3.531207,-1.430752,-2.389471,-2.029673,-0.845015,24,24,24,24,24,24,24,24,24,24,24,24,24,24,24,24,504,5040,-1.614078,-2.634937,-1.965344,-2.456427,98.23858,80.52309,-1.436681,-2.607681,-1.942804,-2.70507,-2.629616,-2.154031,-2.177308,-2.784907,-1.80736,-3.165292,24,24,24,24,24,24,24,24,24,24,24,24,24,24,24,24,504,5040,-2.412722,-4.221252,-4.598527,-2.321971,-2.458863,-2.422338,-2.458969,-68.79285,0.4955813,0.1208254,0.2383799,0.2424245,0.2199887,-0.0001541099,0.4425298,2.911329,23,23,23,23,23,23,23,23,23,23,23,23,23,23,23,23
505,5050,-33.55151,-52.36037,-14.40397,-15.7144,-12.78632,-11.60269,-7.403774,-6.773558,-4.086908,-5.044651,-2.257792,-3.15298,-1.78841,-3.345207,-2.507211,-0.6036131,24,24,24,24,24,24,24,24,24,24,24,24,24,24,24,24,505,5050,-2.152066,-2.634937,-2.22719,-2.714983,98.23858,80.76853,-1.436681,-1.695039,-2.072224,-3.477548,-2.10403,-2.423444,-2.177308,-1.671267,-2.289068,-2.939203,24,24,24,24,24,24,24,24,24,24,24,24,24,24,24,24,505,5050,-2.068052,-3.965429,-4.726319,-3.998817,-2.329342,-2.167554,-2.97618,-68.46481,-0.2461576,-0.2420424,0.3575795,0.606249,-0.440414,-0.6670494,0.1105273,2.911329,23,23,23,23,23,23,23,23,23,23,23,23,23,23,23,23
506,5060,-34.75401,-52.36037,-15.01928,-15.34906,-11.45893,-8.764686,-5.744772,-5.143514,-3.715376,-2.82938,-1.663648,-2.522602,-2.384506,-1.911602,-1.67152,0.120591,24,24,24,24,24,24,24,24,24,24,24,24,24,24,24,24,506,5060,-3.093546,-2.107644,-2.22719,-2.197872,98.50129,81.01398,-2.350879,-1.173528,-2.331071,-2.70507,-1.841241,-1.884616,-2.177308,-1.782631,-2.529922,-2.147897,24,24,24,24,24,24,24,24,24,24,24,24,24,24,24,24,506,5060,-1.723379,-3.837518,-4.726319,-2.837924,-1.422694,-2.294946,-2.588272,-69.99564,0.4955813,0.4836932,0.4767791,0.8487988,-0.110211,-0.0001541099,0.4425298,3.262372,23,23,23,23,23,23,23,23,23,23,23,23,23,23,23,23
507,5070,-33.07051,-52.4813,-15.01928,-14.00949,-12.06228,-9.011468,-6.127618,-5.770454,-3.219999,-3.075521,-2.020135,-2.522602,-2.026849,-2.389471,-1.790905,0.120591,24,24,24,24,24,24,24,24,24,24,24,24,24,24,24,24,507,5070,-1.479581,-2.503114,-2.619952,-1.810039,99.0267,80.15491,-1.56728,-2.477304,-3.495877,-1.675099,-1.709791,-2.558152,-1.281438,-2.005358,-2.048214,-2.034854,24,24,24,24,24,24,24,24,24,24,24,24,24,24,24,24,507,5070,-3.216951,-5.116632,-4.34294,-2.837924,-2.199821,-2.294946,-2.458969,-68.68349,0.001088401,-0.1210886,-0.238418,-0.4852246,-0.2202776,0.4444425,0.6638637,3.262372,23,23,23,23,23,23,23,23,23,23,23,23,23,23,23,23
508,5080,-31.26676,-51.75574,-14.03479,-14.25305,-10.85558,-9.011468,-6.000003,-6.021231,-3.096155,-4.552369,-2.614279,-4.161584,-3.219041,-4.181477,-2.268442,-0.6036131,24,24,24,24,24,24,24,24,24,24,24,24,24,24,24,24,508,5080,-1.210587,-2.503114,-1.834421,-1.551484,98.63264,80.64581,-1.82848,-1.955793,-1.554532,-1.417606,-1.184209,-1.749908,-1.921347,-2.339449,-2.048214,-1.808769,24,24,24,24,24,24,24,24,24,24,24,24,24,24,24,24,508,5080,-2.182941,-3.709606,-4.470734,-2.708936,-2.588385,-2.167554,-2.329667,-68.24612,0.2483352,-0.0001316355,-0.3576176,0.3636993,-0.110211,-0.0001541099,-0.3321437,3.145357,23,23,23,23,23,23,23,23,23,23,23,23,23,23,23,23
509,5090,-31.38701,-51.5139,-14.40397,-13.52238,-11.70028,-8.024337,-4.851463,-5.39429,-2.724623,-3.321662,-2.495451,-3.531207,-2.503727,-2.031069,-1.074598,-0.0001091612,24,24,24,24,24,24,24,24,24,24,24,24,24,24,24,24,509,5090,-1.345084,-2.634937,-1.441659,-1.680761,97.71322,80.15491,-2.08968,-2.998815,-1.813379,-1.160114,-1.841189,-1.480495,-1.793417,-2.228086,-0.9643707,-1.808769,24,24,24,24,24,24,24,24,24,24,24,24,24,24,24,24,509,5090,-1.723379,-3.965429,-4.215148,-3.0959,-2.199821,-1.275813,-1.812457,-69.12088,-0.6170267,-0.2420424,0.7151783,0.4849742,-0.5504259,-0.4447507,-0.4428107,3.145357,23,23,23,23,23,23,23,23,23,23,23,23,23,23,23,23
510,5100,-33.19076,-51.63482,-16.61907,-14.98372,-12.54497,-7.900945,-4.596232,-4.391185,-2.848467,-3.321662,-2.495451,-3.657282,-2.384508,-2.628404,-2.268442,0.7240965,24,24,24,24,24,24,24,24,24,24,24,24,24,24,24,24,510,5100,-2.42106,-1.712175,-1.572576,-2.068595,98.36993,80.40036,-2.481479,-1.955793,-1.813379,-1.417606,-1.447002,-1.884616,-2.433326,-1.894049,-1.325652,-2.147897,24,24,24,24,24,24,24,24,24,24,24,24,24,24,24,24,510,5100,-1.60849,-4.860809,-4.726319,-2.063995,-1.422694,-1.275813,-2.458969,-68.79285,0.4955813,0.1208254,0.4767791,-0.2426749,-0.5504259,-0.1113027,0.4425298,3.028343,23,23,23,23,23,23,23,23,23,23,23,23,23,23,23,23
511,5110,-32.58951,-51.63482,-15.63458,-13.52238,-10.85558,-7.900945,-3.575308,-4.516573,-2.848467,-4.183156,-2.257792,-3.657282,-2.622946,-4.539878,-3.223517,-1.086417,24,24,24,24,24,24,24,24,24,24,24,24,24,24,24,24,511,5110,-2.42106,-1.975821,-1.572576,-2.585705,98.23858,79.66402,-2.08968,-1.564662,-1.942801,-1.675099,-2.103979,-2.423444,-1.921399,-1.671322,-1.686394,-2.147897,24,24,24,24,24,24,24,24,24,24,24,24,24,24,24,24,511,5110,-2.068052,-4.349164,-3.44839,-2.192984,-2.458863,-2.931904,-2.97618,-69.33956,0.3719579,0.846561,-0.238418,-0.3639498,-0.1101565,0.3332939,0.2212456,2.560279,23,23,23,23,23,23,23,23,23,23,23,23,23,23,23,23
512,5120,-33.19076,-51.87667,-14.15785,-11.69569,-9.407522,-7.037206,-2.93723,-4.140409,-2.476934,-2.583238,-1.663648,-1.892022,-2.02685,-2.986805,-2.745979,0.1205942,24,24,24,24,24,24,24,24,24,24,24,24,24,24,24,24,512,5120,-1.748575,-1.975821,-2.489035,-1.163651,98.50129,79.29586,-1.69788,-1.043151,-1.942801,-1.546352,-2.760959,-2.558152,-1.153511,-1.671322,-2.409082,-2.147836,24,24,24,24,24,24,24,24,24,24,24,24,24,24,24,24,512,5120,-1.60849,-3.453783,-4.215148,-2.063995,-2.717905,-2.040163,-1.812457,-68.46481,-0.2461576,-0.6049102,1.430375,0.3636993,0.7703793,0.7778913,0.4425811,3.145306,23,23,23,23,23,23,23,23,23,23,23,23,23,23,23,23
513,5130,-34.51351,-51.0302,-14.52704,-11.20857,-9.890207,-5.556509,-3.702924,-3.638856,-3.467688,-3.075521,-2.614279,-3.15298,-2.980604,-3.703609,-2.268442,-0.6036115,24,24,24,24,24,24,24,24,24,24,24,24,24,24,24,24,513,5130,-1.614078,-1.316705,-1.572576,-1.939317,97.71322,79.66402,-1.82848,-1.825416,-2.848762,-1.546352,-3.023752,-2.423444,-2.049381,-2.005413,-2.409082,-2.034793,24,24,24,24,24,24,24,24,24,24,24,24,24,24,24,24,513,5130,-1.838274,-4.093341,-5.109698,-3.611853,-2.0703,-2.422338,-1.683154,-68.46481,-0.1225342,-0.0001316355,0.5959787,-0.0001252143,0.3301098,-0.4447507,-8.989744E-05,3.262326,23,23,23,23,23,23,23,23,23,23,23,23,23,23,23,23
514,5140,-30.30476,-49.93333,-13.17337,-10.11256,-8.924838,-6.790423,-3.064846,-3.38808,-1.981558,-3.937015,-1.901306,-2.774753,-2.742166,-4.420411,-2.149058,-0.6036115,24,24,24,24,24,24,24,24,24,24,24,24,24,24,24,24,514,5140,-0.538102,-1.975872,-1.572576,-2.197872,97.71322,80.0322,-1.56728,-1.695039,-2.072224,-2.318831,-2.760959,-1.749908,-1.665438,-2.22814,-1.565946,-3.052185,24,24,24,24,24,24,24,24,24,24,24,24,24,24,24,24,514,5140,-1.608493,-3.453783,-4.726319,-2.063995,-1.940779,-2.677121,-2.846877,-69.01153,-0.1225342,0.4836932,0.2383799,0.606249,-8.989744E-05,0.6667412,-8.989744E-05,2.677248,23,23,23,23,23,23,23,23,23,23,23,23,23,23,23,23
515,5150,-31.50726,-50.41695,-13.54254,-11.20857,-9.528204,-6.173466,-3.830539,-4.015021,-2.105402,-3.198592,-2.257792,-3.15298,-2.622946,-3.584142,-2.268442,-0.3622096,24,24,24,24,24,24,24,24,24,24,24,24,24,24,24,24,515,5150,-1.748575,-1.975872,-1.965338,-2.973538,98.50129,80.89125,-1.95908,-1.303905,-1.813379,-3.220056,-1.709791,-1.749908,-1.665438,-1.337229,-1.565946,-2.713053,24,24,24,24,24,24,24,24,24,24,24,24,24,24,24,24,515,5150,-2.987176,-3.709606,-4.470785,-2.579948,-1.681737,-2.549729,-2.588272,-68.79285,0.3719579,-0.7258672,-0.238418,0.3636993,0.2200432,0.8890399,0.5532481,3.145306,23,23,23,23,23,23,23,23,23,23,23,23,23,23,23,23
516,5160,-31.74776,-49.81243,-14.03479,-10.23434,-9.890207,-6.54364,-4.596232,-4.015021,-2.724623,-2.82938,-2.851937,-2.774753,-2.503727,-3.22574,-2.387826,-0.1208077,24,24,24,24,24,24,24,24,24,24,24,24,24,24,24,24,516,5160,-2.01757,-1.184933,-2.619945,-2.456376,97.71322,80.27764,-2.220279,-1.043151,-2.460493,-2.190084,-1.841189,-1.749908,-2.049381,-1.1145,-2.168186,-2.260879,24,24,24,24,24,24,24,24,24,24,24,24,24,24,24,24,516,5160,-1.148934,-4.093341,-4.72637,-2.579949,-2.847427,-2.294946,-1.553851,-68.57415,-0.2461576,-0.967778,-1.886241E-05,0.4849742,0.1099767,-0.222452,-0.5534263,2.677248,23,23,23,23,23,23,23,23,23,23,23,23,23,23,23,23
517,5170,-31.62751,-49.44972,-12.68112,-9.869005,-9.045519,-6.296857,-4.08577,-4.265797,-1.981558,-3.690874,-2.257792,-3.15298,-2.622946,-3.942542,-2.387826,-0.8450134,24,24,24,24,24,24,24,24,24,24,24,24,24,24,24,24,517,5170,-1.883073,-1.448579,-3.012713,-1.939265,98.76405,80.0322,-2.08968,-1.695039,-2.589916,-1.288859,-1.315604,-1.615202,-0.8975472,-1.559958,-1.92729,-1.35653,24,24,24,24,24,24,24,24,24,24,24,24,24,24,24,24,517,5170,-1.493604,-3.325872,-4.72637,-2.579949,-1.293173,-2.040163,-2.329667,-70.10499,-0.2461576,0.6046469,0.3575795,-0.0001252143,-0.5504259,-0.222452,0.3319126,2.560234,23,23,23,23,23,23,23,23,23,23,23,23,23,23,23,23
518,5180,-32.58951,-51.02147,-12.92724,-9.869005,-9.045519,-6.050074,-3.064846,-3.38808,-2.229246,-3.075521,-2.138964,-2.648678,-1.311535,-2.508938,-2.268442,-0.1208077,24,24,24,24,24,24,24,24,24,24,24,24,24,24,24,24,518,5180,-1.07609,-1.580402,-1.572569,-1.422155,98.50134,80.52309,-1.95908,-1.825416,-1.42511,-1.031367,-0.9214166,-1.749908,-1.281493,-1.671322,-1.565946,-1.469573,24,24,24,24,24,24,24,24,24,24,24,24,24,24,24,24,518,5180,-1.723385,-4.221252,-4.215199,-1.548043,-0.9046098,-1.021082,-2.458969,-68.46481,0.2483352,-0.1210886,0.2383799,-0.0001252143,0.4401764,0.3332939,0.663915,3.496355,23,23,23,23,23,23,23,23,23,23,23,23,23,23,23,23
519,5190,-32.70976,-49.69153,-13.66561,-9.26011,-9.166186,-4.939551,-4.08577,-4.015021,-2.105402,-2.82938,-2.614279,-3.279056,-2.503727,-3.106273,-2.149058,-0.3622096,24,24,24,24,24,24,24,24,24,24,24,24,24,24,24,24,519,5190,-2.152067,-2.634988,-1.441647,-1.551433,97.45057,80.64581,-2.220333,-2.607681,-1.683956,-0.9026204,-1.841189,-1.345787,-1.665438,-1.894049,-1.32505,-1.35653,24,24,24,24,24,24,24,24,24,24,24,24,24,24,24,24,519,5190,-1.723385,-2.942137,-4.470785,-1.935009,-2.847427,-2.677172,-1.553904,-68.35547,0.1247118,-0.3629994,-1.886241E-05,0.606249,0.2200432,-0.1113027,-0.5534263,2.092177,23,23,23,23,23,23,23,23,23,23,23,23,23,23,23,23
520,5200,-31.74776,-50.29605,-11.57357,-8.651216,-8.562834,-5.186335,-3.064846,-4.015021,-2.35309,-4.429297,-1.901306,-3.279056,-1.669192,-3.703609,-1.313367,-1.086415,24,24,24,24,24,24,24,24,24,24,24,24,24,24,24,24,520,5200,-2.555558,-1.184933,-1.048885,-1.939265,98.50134,79.54131,-2.612132,-1.825419,-1.166263,-1.803845,-1.709791,-2.288737,-2.433326,-2.005413,-1.686394,-2.034793,24,24,24,24,24,24,24,24,24,24,24,24,24,24,24,24,520,5200,-1.263823,-3.453783,-4.342992,-2.45096,-1.422694,-2.167605,-2.588325,-69.66759,-0.8642731,-0.1210886,0.2383799,0.606249,0.3301098,-0.3336006,0.4425811,3.847398,23,23,23,23,23,23,23,23,23,23,23,23,23,23,23,23
521,5210,-30.66551,-51.26328,-11.81969,-8.772994,-7.95948,-5.433117,-3.830539,-4.140409,-3.220051,-4.306227,-2.257792,-3.405131,-1.430754,-2.986805,-2.029673,-0.4829098,24,24,24,24,24,24,24,24,24,24,24,24,24,24,24,24,521,5210,-2.421061,-2.766811,-1.703492,-2.327099,98.8954,79.29586,-1.697935,-1.434285,-1.425057,-1.803845,-1.709791,-3.096981,-2.561308,-1.337229,-1.32505,-2.486964,24,24,24,24,24,24,24,24,24,24,24,24,24,24,24,24,521,5210,-1.493604,-5.372456,-4.342992,-2.579949,-2.0703,-2.040214,-2.071114,-69.12088,0.8664507,0.6046469,0.953577,-0.2426749,-0.3302896,0.1109952,-8.989744E-05,3.262326,23,23,23,23,23,23,23,23,23,23,23,23,23,23,23,23
522,5220,-28.26051,-49.69153,-11.20439,-6.824531,-7.476795,-4.692769,-4.213385,-3.638857,-3.467739,-3.567856,-3.446082,-3.657282,-2.861385,-3.22574,-2.507211,-0.8450134,24,24,24,24,24,24,24,24,24,24,24,24,24,24,24,24,522,5220,-2.421061,-1.975872,-2.227183,-1.422155,97.97598,79.05041,-2.220333,-1.695042,-2.331017,-1.675099,-1.972584,-2.827565,-1.409475,-1.559958,-2.649979,-2.260879,24,24,24,24,24,24,24,24,24,24,24,24,24,24,24,24,522,5220,-2.412725,-3.837518,-3.959613,-2.966914,-2.847427,-3.31413,-1.941812,-68.68349,0.1247118,0.8465577,0.2383799,0.1211496,0.550243,0.3332939,-0.5534263,2.326205,23,23,23,23,23,23,23,23,23,23,23,23,23,23,23,23
523,5230,-28.86176,-49.69153,-10.09684,-6.580973,-6.02874,-4.199203,-3.192461,-4.140409,-2.105453,-3.937068,-1.901356,-2.522602,-1.192315,-2.628404,-1.313367,-1.086415,24,24,24,24,24,24,24,24,24,24,24,24,24,24,24,24,523,5230,-2.01757,-1.712226,-2.619945,-1.809988,97.18791,79.66402,-2.089733,-1.564665,-2.072171,-1.675099,-3.549388,-2.827565,-2.049381,-1.894049,-2.529531,-2.60001,24,24,24,24,24,24,24,24,24,24,24,24,24,24,24,24,523,5230,-2.182944,-4.477075,-4.72637,-3.22489,-3.23599,-2.422389,-1.683207,-69.77695,-1.111519,-1.209695,0.1191815,0.1211496,-0.3302896,-0.0001533072,-0.3320924,3.145306,23,23,23,23,23,23,23,23,23,23,23,23,23,23,23,23
524,5240,-28.86176,-50.77966,-10.58908,-7.068089,-5.787392,-4.81616,-3.320077,-4.140409,-3.839272,-4.183208,-1.901356,-2.522602,-1.669192,-2.628404,-1.552136,0.2412944,24,24,24,24,24,24,24,24,24,24,24,24,24,24,24,24,524,5240,-2.286564,-2.634988,-1.572569,-2.197821,97.97598,80.27764,-1.828533,-1.955796,-1.813326,-2.447577,-1.709843,-1.884616,-1.921399,-2.116776,-1.445498,-2.713053,24,24,24,24,24,24,24,24,24,24,24,24,24,24,24,24,524,5240,-1.838274,-4.477075,-5.109749,-2.708937,-1.811258,-1.912822,-2.071114,-69.01153,0.001088401,0.2417759,0.1191815,0.3637507,-0.4403594,0.4444433,0.7745836,3.496355,23,23,23,23,23,23,23,23,23,23,23,23,23,23,23,23
525,5250,-28.50101,-49.93333,-10.71214,-6.702752,-6.632093,-4.81616,-4.851463,-4.892738,-3.715427,-3.690926,-2.733158,-2.900829,-2.861333,-2.508938,-1.910289,-0.2415079,24,24,24,24,24,24,24,24,24,24,24,24,24,24,24,24,525,5250,-1.210587,-2.107695,-2.227183,-2.456376,97.71327,80.64581,-1.959133,-2.086173,-2.331017,-2.70507,-2.629616,-2.154031,-2.177362,-1.782685,-1.92729,-3.617402,24,24,24,24,24,24,24,24,24,24,24,24,24,24,24,24,525,5250,-1.034042,-4.860809,-4.854163,-2.708937,-2.588385,-3.696305,-2.071114,-68.79285,0.001088401,0.2417759,0.4767799,-0.2426236,-0.4403594,0.8890399,-0.2214238,3.028291,23,23,23,23,23,23,23,23,23,23,23,23,23,23,23,23
526,5260,-26.93775,-50.41695,-9.235412,-6.702752,-6.632093,-5.309726,-4.341001,-4.892738,-2.476986,-2.952502,-2.020185,-2.648678,-1.907579,-2.747818,-1.910289,-1.086415,24,24,24,24,24,24,24,24,24,24,24,24,24,24,24,24,526,5260,-2.555558,-1.448579,-2.227183,-2.973487,98.50134,81.01398,-2.481532,-1.303908,-2.589863,-2.70507,-1.447053,-2.019323,-2.68929,-1.893994,-2.890875,-3.165228,24,24,24,24,24,24,24,24,24,24,24,24,24,24,24,24,526,5260,-2.412725,-4.349164,-4.598578,-2.192985,-2.717905,-2.804564,-2.717627,-69.12088,0.1247118,-0.9677812,0.4767799,0.7275752,0.9905124,1.222436,0.2212456,2.677248,23,23,23,23,23,23,23,23,23,23,23,23,23,23,23,23
527,5270,-30.18451,-51.62599,-10.34296,-8.651216,-7.356114,-5.556509,-4.341001,-5.645067,-3.591583,-3.198644,-1.782527,-2.396527,-1.430702,-2.508883,-1.074598,-0.1208077,24,24,24,24,24,24,24,24,24,24,24,24,24,24,24,24,527,5270,-2.286564,-2.634988,-3.274559,-2.714931,98.37004,80.40036,-2.089733,-1.825419,-3.495822,-2.833816,-1.841241,-2.423444,-2.049381,-2.450813,-3.011579,-2.373922,24,24,24,24,24,24,24,24,24,24,24,24,24,24,24,24,527,5270,-1.608493,-4.221252,-4.981956,-2.837926,-2.329342,-2.294997,-2.459022,-68.79285,-0.6170267,-0.1210918,0.8343787,-0.1213487,-0.3302896,-0.2225034,-0.22148,3.028291,23,23,23,23,23,23,23,23,23,23,23,23,23,23,23,23
528,5280,-30.42501,-50.65876,-10.58908,-6.215635,-6.632093,-3.828872,-2.93723,-3.388081,-3.096207,-2.091008,-2.020185,-1.76589,-2.265237,-2.389416,-2.268442,-0.2414597,24,24,24,24,24,24,24,24,24,24,24,24,24,24,24,24,528,5280,-1.883073,-2.503165,-3.012713,-1.939265,98.8954,80.15491,-1.175536,-2.998818,-1.683903,-1.675099,-1.052866,-2.423444,-1.153511,-2.116722,-2.409444,-2.260943,24,24,24,24,24,24,24,24,24,24,24,24,24,24,24,24,528,5280,-1.608493,-4.732898,-4.72637,-2.321973,-1.811258,-1.785431,-2.84693,-69.88629,0.8664507,0.6046437,0.715179,-0.1213487,0.2200432,0.3332426,0.6638604,3.61337,23,23,23,23,23,23,23,23,23,23,23,23,23,23,23,23
529,5290,-28.2605,-49.57063,-10.58908,-6.824531,-6.994111,-4.81616,-3.192461,-3.513469,-2.353142,-3.075573,-1.663698,-2.270419,-1.073045,-2.031014,-1.074598,-0.7242635,24,24,24,24,24,24,24,24,24,24,24,24,24,24,24,24,529,5290,-1.748575,-3.030457,-2.227183,-1.809988,97.31927,80.27764,-1.959133,-3.259572,-2.072171,-2.190084,-2.498218,-1.615202,-2.305344,-2.784907,-1.927735,-2.82616,24,24,24,24,24,24,24,24,24,24,24,24,24,24,24,24,529,5290,-2.527611,-4.860809,-4.470785,-2.579949,-1.422694,-1.912822,-2.717627,-68.57415,-0.2461576,-0.2420456,0.2383811,-0.6064481,-0.220223,-0.2225034,0.1105225,3.145306,23,23,23,23,23,23,23,23,23,23,23,23,23,23,23,23
530,5300,-28.2605,-51.74689,-11.08133,-8.529437,-7.718132,-6.173466,-4.08577,-3.889633,-2.476986,-3.321714,-1.307211,-2.522602,-0.9538254,-2.508883,-1.074598,-0.1207595,24,24,24,24,24,24,24,24,24,24,24,24,24,24,24,24,530,5300,-2.555558,-2.634937,-1.703492,-1.163599,97.84463,81.1367,-2.089733,-1.955796,-1.036789,-0.9026204,-1.709843,-1.749908,-1.921399,-1.671267,-1.927735,-1.921811,24,24,24,24,24,24,24,24,24,24,24,24,24,24,24,24,530,5300,-2.29783,-4.093393,-3.959613,-2.966914,-2.329342,-2.167605,-2.071114,-69.01153,0.4955813,0.3627329,-1.805975E-05,0.8488501,0.6603127,-0.0002054799,-0.110813,3.262326,23,23,23,23,23,23,23,23,23,23,23,23,23,23,23,23
531,5310,-29.2225,-50.53785,-12.06582,-9.625447,-9.890207,-5.556509,-4.596232,-3.513469,-3.096207,-2.706362,-2.495501,-2.774753,-2.384456,-2.747818,-2.029673,-0.2414597,24,24,24,24,24,24,24,24,24,24,24,24,24,24,24,24,531,5310,-2.286564,-1.316705,-1.441647,-2.197821,98.23869,79.78675,-2.350932,-1.825419,-1.683903,-2.576323,-1.709843,-2.154031,-3.073235,-2.116722,-1.686881,-2.600071,24,24,24,24,24,24,24,24,24,24,24,24,24,24,24,24,531,5310,-1.493601,-4.093393,-4.72637,-2.708937,-2.329342,-1.530648,-2.459022,-69.01153,-0.3697807,-0.1210918,0.3575807,0.3637507,0.6603127,-0.0002054799,0.1105225,3.379334,23,23,23,23,23,23,23,23,23,23,23,23,23,23,23,23
532,5320,-30.906,-50.90056,-13.66561,-12.91348,-10.85558,-5.6799,-4.08577,-3.889633,-2.229297,-3.075573,-1.663698,-2.648678,-1.430702,-2.508883,-1.313367,-0.2414597,24,24,24,24,24,24,24,24,24,24,24,24,24,24,24,24,532,5320,-2.152067,-1.580351,-1.703492,-2.456375,98.8954,79.78675,-2.220333,-1.434285,-1.683903,-1.803845,-1.315655,-2.423444,-2.177362,-1.448538,-1.566454,-2.373986,24,24,24,24,24,24,24,24,24,24,24,24,24,24,24,24,532,5320,-2.872281,-4.988773,-4.470786,-2.45096,-2.458863,-1.403256,-2.329719,-69.12088,0.7428274,-0.0001348462,0.8343787,-0.4851733,0.2200432,0.4443911,0.5531919,3.262326,23,23,23,23,23,23,23,23,23,23,23,23,23,23,23,23
533,5330,-33.07051,-51.9887,-14.40397,-14.13127,-11.09693,-7.283988,-4.723848,-3.889633,-2.848518,-3.444785,-1.663698,-2.396527,-1.78836,-2.867285,-1.074598,-0.1207595,24,24,24,24,24,24,24,24,24,24,24,24,24,24,24,24,533,5330,-1.210587,-1.448528,-2.096261,-1.680709,98.36988,78.92769,-1.436734,-1.303908,-1.942748,-1.417606,-3.023803,-2.423444,-1.793417,-1.782631,-2.289016,-1.921811,24,24,24,24,24,24,24,24,24,24,24,24,24,24,24,24,533,5330,-2.527611,-4.605039,-4.087407,-1.677032,-2.976949,-3.31413,-2.588325,-68.35547,0.2483352,0.3627329,-0.1192176,0.2424759,0.6603127,-0.0002054799,-0.3321469,2.209191,23,23,23,23,23,23,23,23,23,23,23,23,23,23,23,23
534,5340,-33.43126,-51.26328,-14.52704,-13.76593,-11.82095,-5.926682,-4.851463,-3.513469,-2.848518,-2.33715,-2.139014,-3.026904,-2.265237,-3.225685,-2.268442,-0.3621598,24,24,24,24,24,24,24,24,24,24,24,24,24,24,24,24,534,5340,-1.479581,-1.580351,-1.834415,-1.809987,97.58182,80.64581,-1.697935,-1.434285,-1.683903,-2.31883,-2.629616,-2.154031,-1.537456,-2.005358,-1.446027,-2.82616,24,24,24,24,24,24,24,24,24,24,24,24,24,24,24,24,534,5340,-2.29783,-3.453835,-3.831821,-2.321973,-2.847427,-1.530595,-1.553904,-69.44891,-0.6170267,-0.8468274,0.8343787,0.2424759,0.550243,-0.1113548,0.1105225,3.262326,23,23,23,23,23,23,23,23,23,23,23,23,23,23,23,23
535,5350,-36.07676,-51.62599,-15.51152,-15.7144,-12.06228,-7.037206,-4.979078,-3.889633,-2.353142,-2.952502,-1.307211,-2.774753,-1.549922,-2.867285,-0.597061,-0.3621598,24,24,24,24,24,24,24,24,24,24,24,24,24,24,24,24,535,5350,-1.479581,-2.239467,-1.572569,-2.844208,98.36988,80.64581,-1.697935,-1.564665,-2.201595,-2.447577,-1.972636,-2.288737,-2.305344,-1.893994,-2.52987,-3.165292,24,24,24,24,24,24,24,24,24,24,24,24,24,24,24,24,535,5350,-1.95316,-4.221304,-4.854165,-1.935009,-2.458864,-1.91277,-1.812458,-68.46481,-0.4934037,0.8465577,0.4767799,-0.1213487,-0.5504259,-0.5559514,-0.22148,2.560234,23,23,23,23,23,23,23,23,23,23,23,23,23,23,23,23
536,5360,-38.84251,-54.04406,-18.21886,-18.51531,-14.23437,-9.875209,-7.020926,-5.519679,-3.220051,-2.706362,-1.901356,-2.270419,-1.549922,-2.747818,-1.074598,-0.2414597,24,24,24,24,24,24,24,24,24,24,24,24,24,24,24,24,536,5360,-1.614078,-1.580351,-1.965338,-2.456375,98.36988,80.76853,-2.612132,-1.173528,-2.46044,-2.833816,-1.184261,-1.345787,-2.177362,-1.225811,-2.048162,-2.600071,24,24,24,24,24,24,24,24,24,24,24,24,24,24,24,24,536,5360,-1.95316,-4.860862,-5.493128,-1.80602,-2.717906,-2.549728,-3.105483,-69.88629,0.1247118,-0.2420456,0.3575807,-0.2426236,-8.989744E-05,0.7778383,-0.4428155,2.794263,23,23,23,23,23,23,23,23,23,23,23,23,23,23,23,23
537,5370,-39.20326,-54.04406,-18.95723,-17.54108,-13.87236,-8.024337,-6.127617,-4.516574,-3.096155,-2.214079,-2.61433,-2.396527,-2.026799,-1.911547,-1.790905,-0.4828616,24,24,24,24,24,24,24,24,24,24,24,24,24,24,24,24,537,5370,-1.479581,-1.843997,-2.358106,-1.939264,98.23853,80.64581,-1.697935,-1.825416,-2.71934,-1.932591,-1.841241,-1.884616,-1.793417,-2.228086,-2.52987,-2.487029,24,24,24,24,24,24,24,24,24,24,24,24,24,24,24,24,537,5370,-2.527611,-3.581748,-4.470786,-2.192985,-1.681737,-2.167554,-2.588273,-67.91808,0.001088401,-0.0001348462,-1.805975E-05,-0.1213487,0.550243,0.5555404,0.5531919,2.794263,23,23,23,23,23,23,23,23,23,23,23,23,23,23,23,23
538,5380,-37.88051,-52.71412,-17.84968,-16.68863,-12.90699,-9.875209,-6.382849,-4.516574,-1.857714,-2.337149,-0.9507248,-1.639758,-1.192264,-2.986753,-1.193983,-0.8449637,24,24,24,24,24,24,24,24,24,24,24,24,24,24,24,24,538,5380,-2.152067,-2.634937,-2.096261,-1.422154,97.97588,80.0322,-1.828533,-2.868434,-1.942801,-1.932591,-1.709843,-2.019323,-1.793417,-2.784907,-2.048162,-1.808769,24,24,24,24,24,24,24,24,24,24,24,24,24,24,24,24,538,5380,-2.527611,-4.093393,-4.342992,-3.22489,-2.847427,-2.804511,-1.036643,-68.68349,-0.1225342,-0.4839628,0.8343787,0.4850256,-8.989744E-05,-0.1113548,-0.4428155,2.677248,23,23,23,23,23,23,23,23,23,23,23,23,23,23,23,23
539,5390,-37.27926,-54.16496,-19.08029,-17.17574,-14.71706,-11.4793,-7.786619,-6.397395,-2.724623,-3.690925,-1.307213,-2.648678,-1.192264,-2.269949,-1.074598,-5.779121E-05,24,24,24,24,24,24,24,24,24,24,24,24,24,24,24,24,539,5390,-1.479581,-2.239467,-0.917962,-0.9050432,98.10723,81.01398,-2.481532,-2.086169,-1.42511,-1.675099,-1.972584,-1.076373,-2.049381,-2.228086,-1.3256,-1.58268,24,24,24,24,24,24,24,24,24,24,24,24,24,24,24,24,539,5390,-1.60849,-3.83757,-5.237543,-2.579949,-1.422695,-2.422336,-3.234786,-69.88629,0.2483352,-0.0001380568,0.4767799,0.6063004,-0.220223,0.2220924,0.4425249,3.262326,23,23,23,23,23,23,23,23,23,23,23,23,23,23,23,23
540,5400,-36.55776,-54.04406,-18.95723,-16.32329,-15.32041,-11.35591,-9.19039,-6.397395,-4.582285,-3.690925,-2.495502,-3.909433,-2.503676,-2.508883,-2.268442,-0.3621598,24,24,24,24,24,24,24,24,24,24,24,24,24,24,24,24,540,5400,-1.883073,-2.107644,-1.572569,-1.680709,97.71317,80.52309,-3.265131,-1.825416,-2.072224,-1.546352,-1.709791,-1.615202,-2.177362,-1.893994,-1.205173,-1.58268,24,24,24,24,24,24,24,24,24,24,24,24,24,24,24,24,540,5400,-2.29783,-4.605039,-4.854165,-2.063996,-2.199822,-2.040162,-2.071063,-68.79285,0.4955813,-0.2420521,0.9535778,-0.6064481,-0.8806257,0.2220924,0.2211894,3.028291,23,23,23,23,23,23,23,23,23,23,23,23,23,23,23,23
541,5410,-38.24126,-53.19773,-19.20335,-18.14997,-16.52712,-12.95999,-9.445621,-8.027441,-4.458441,-4.429348,-1.426042,-4.035509,-1.907629,-2.867285,-1.790905,-0.8449637,24,24,24,24,24,24,24,24,24,24,24,24,24,24,24,24,541,5410,-2.01757,-1.448528,-1.179808,-1.809987,98.76395,79.29586,-2.220333,-0.7823935,-1.554532,-1.675099,-0.9214166,-2.558152,-1.537456,-1.671267,-1.446027,-2.373986,24,24,24,24,24,24,24,24,24,24,24,24,24,24,24,24,541,5410,-1.95316,-3.581748,-3.959614,-2.45096,-2.329343,-2.549728,-2.588273,-68.46481,0.001088401,0.8465513,0.4767799,0.4850256,0.660255,0.7778383,-0.664151,2.677248,23,23,23,23,23,23,23,23,23,23,23,23,23,23,23,23
542,5420,-37.64001,-54.52768,-19.44947,-17.05396,-15.19974,-12.58982,-8.807543,-7.400501,-4.086908,-4.429348,-1.6637,-3.909433,-2.026849,-2.747871,-1.074598,-0.3621598,24,24,24,24,24,24,24,24,24,24,24,24,24,24,24,24,542,5420,-1.345084,-1.580351,-1.965338,-1.809987,97.71317,79.29586,-2.612132,-0.9127736,-2.589916,-1.160113,-2.629564,-2.423444,-1.665438,-1.894046,-2.168589,-1.695722,24,24,24,24,24,24,24,24,24,24,24,24,24,24,24,24,542,5420,-1.493601,-4.221304,-4.72637,-2.708937,-2.070301,-2.294945,-1.812458,-69.01153,-0.7406497,-1.451609,0.1191815,-0.2426236,-0.2202776,0.111045,-0.110813,2.677248,23,23,23,23,23,23,23,23,23,23,23,23,23,23,23,23
543,5430,-38.12101,-53.43954,-20.06478,-16.93219,-15.56175,-11.60269,-9.318005,-7.024337,-5.32535,-4.429348,-3.683791,-3.909433,-3.099822,-3.823076,-2.626544,-0.7242635,24,24,24,24,24,24,24,24,24,24,24,24,24,24,24,24,543,5430,-1.345084,-1.448528,-1.572569,-1.292876,97.58182,80.40036,-1.697935,-1.303905,-1.683956,-2.190084,-2.892354,-1.749908,-1.153511,-1.44859,-1.565946,-2.713117,24,24,24,24,24,24,24,24,24,24,24,24,24,24,24,24,543,5430,-1.26382,-4.221304,-5.237543,-2.579949,-2.329343,-1.91277,-2.588273,-68.35547,-0.7406497,0.2417727,0.715179,0.8488501,-0.440414,-0.444701,0.2211894,3.496355,23,23,23,23,23,23,23,23,23,23,23,23,23,23,23,23
544,5440,-36.31726,-52.35141,-17.35744,-12.91348,-11.82095,-9.505034,-6.63808,-5.895843,-4.210752,-4.921632,-2.139016,-3.657282,-2.026849,-3.22574,-2.507159,-0.9657168,24,24,24,24,24,24,24,24,24,24,24,24,24,24,24,24,544,5440,-1.614078,-2.107644,-0.7870392,-2.068542,97.58182,80.64581,-1.697935,-1.955793,-0.6485731,-2.70507,-2.892354,-2.423444,-2.177362,-2.784958,-1.686394,-3.052246,24,24,24,24,24,24,24,24,24,24,24,24,24,24,24,24,544,5440,-1.95316,-3.965481,-4.854165,-2.321973,-1.681737,-2.67712,-2.846879,-69.55826,-0.1225342,0.3627297,0.9535778,-7.384432E-05,-0.440414,0.2221944,0.1105225,2.794263,23,23,23,23,23,23,23,23,23,23,23,23,23,23,23,23
545,5450,-36.55776,-51.9887,-16.49601,-12.06103,-11.09693,-8.394511,-5.489541,-4.892738,-3.715376,-4.183208,-2.614331,-3.405131,-2.622945,-2.508938,-1.671468,-0.0001091612,24,24,24,24,24,24,24,24,24,24,24,24,24,24,24,24,545,5450,-1.614078,-0.7894127,-1.572569,-1.809987,98.10723,80.76853,-1.828533,-0.9127736,-1.683956,-2.70507,-1.841189,-1.211081,-1.793417,-1.225862,-2.047739,-2.82616,24,24,24,24,24,24,24,24,24,24,24,24,24,24,24,24,545,5450,-2.757392,-4.605039,-4.854165,-1.935009,-1.811258,-1.530595,-2.846879,-68.57415,0.1247118,-0.4839628,0.4767799,-0.1213487,0.4401218,0.4444923,0.7745274,3.730384,23,23,23,23,23,23,23,23,23,23,23,23,23,23,23,23
546,5460,-35.47551,-50.65876,-16.37295,-12.30458,-12.18296,-8.271119,-6.255233,-5.770455,-4.210752,-4.306278,-2.73316,-3.909433,-2.503726,-2.747871,-1.432699,0.3619929,24,24,24,24,24,24,24,24,24,24,24,24,24,24,24,24,546,5460,-2.017569,-1.712175,-2.619945,-1.680709,98.36988,80.27764,-2.481532,-2.086169,-2.978185,-2.31883,-1.052815,-2.423444,-1.281493,-2.116773,-2.649979,-1.921811,24,24,24,24,24,24,24,24,24,24,24,24,24,24,24,24,546,5460,-1.723379,-3.965481,-4.854165,-2.708937,-2.458864,-2.804511,-1.683155,-68.13677,0.001088401,0.4836835,-1.805975E-05,0.2424759,0.4401218,-0.3335516,-0.110813,2.560234,23,23,23,23,23,23,23,23,23,23,23,23,23,23,23,23
547,5470,-35.47551,-50.17514,-15.63458,-11.69569,-10.73491,-7.40738,-4.213385,-4.892738,-3.219999,-4.429348,-2.139016,-3.783358,-2.026849,-3.464674,-2.029622,-1.207119,24,24,24,24,24,24,24,24,24,24,24,24,24,24,24,24,547,5470,-0.9415926,-2.107644,-2.619964,-1.809987,98.36988,80.64581,-2.089733,-1.955793,-3.107608,-1.803845,-1.841189,-2.558152,-0.8975472,-2.3395,-2.890875,-2.487029,24,24,24,24,24,24,24,24,24,24,24,24,24,24,24,24,547,5470,-2.068052,-3.965481,-4.342942,-1.935009,-2.847427,-1.530595,-2.071063,-69.33956,-0.1225342,-0.9677876,1.430376,0.970125,0.4401218,0.3333437,-0.3321469,3.262326,23,23,23,23,23,23,23,23,23,23,23,23,23,23,23,23
548,5480,-33.43126,-50.90056,-14.6501,-11.81747,-10.49356,-6.54364,-3.702923,-4.892738,-2.972311,-3.444784,-2.020186,-2.774753,-1.311533,-2.270003,-1.193931,0.2412927,24,24,24,24,24,24,24,24,24,24,24,24,24,24,24,24,548,5480,-1.883072,-3.030406,-2.358119,-1.422206,97.58182,79.66402,-2.350932,-2.998815,-1.813379,-1.675099,-1.972584,-2.019323,-1.921399,-2.562231,-1.806843,-2.034854,24,24,24,24,24,24,24,24,24,24,24,24,24,24,24,24,548,5480,-2.29783,-4.73295,-5.493078,-2.837926,-2.329343,-2.422336,-2.200365,-69.23022,-0.8642728,-0.1210951,0.3575807,-7.384432E-05,-0.5504805,-0.1112537,0.5531919,3.496355,23,23,23,23,23,23,23,23,23,23,23,23,23,23,23,23
549,5490,-31.387,-49.32882,-14.77316,-10.72146,-10.13156,-6.296857,-4.723847,-4.76735,-3.83922,-3.937066,-2.73316,-3.783358,-2.742164,-2.747871,-1.910237,-0.0001091612,24,24,24,24,24,24,24,24,24,24,24,24,24,24,24,24,549,5490,-1.883072,-2.37129,-1.965351,-1.422206,97.45052,80.52309,-2.481532,-2.346927,-2.201648,-1.160113,-1.841189,-1.884616,-2.561308,-2.228137,-1.445498,-1.356594,24,24,24,24,24,24,24,24,24,24,24,24,24,24,24,24,549,5490,-1.60849,-4.73295,-4.598527,-1.80602,-2.717905,-2.804511,-2.45897,-69.01153,0.1247118,0.6046405,0.2383811,-0.1213487,-0.000144478,0.2221944,0.5531919,2.794263,23,23,23,23,23,23,23,23,23,23,23,23,23,23,23,23
550,5500,-30.30475,-48.48249,-14.03479,-9.381889,-8.321485,-6.667031,-3.064846,-4.516574,-2.724623,-3.690925,-2.139016,-3.279055,-1.192315,-2.628404,-2.029622,-1.086417,24,24,24,24,24,24,24,24,24,24,24,24,24,24,24,24,550,5500,-2.555558,-1.975821,-1.17982,-1.810039,98.23858,80.15491,-2.873332,-1.173528,-1.166263,-2.447577,-1.709791,-3.096981,-2.433326,-1.671319,-1.927291,-2.487029,24,24,24,24,24,24,24,24,24,24,24,24,24,24,24,24,550,5500,-1.838271,-3.709659,-4.087356,-1.290068,-1.811258,-2.294997,-2.200365,-68.35547,0.001088401,-0.8468306,-0.476816,-0.1213487,0.1099221,0.2221944,0.2211894,2.092177,23,23,23,23,23,23,23,23,23,23,23,23,23,23,23,23
551,5510,-31.26675,-48.7243,-13.66561,-10.84324,-10.61424,-8.024337,-5.106694,-5.645067,-3.83922,-4.67549,-2.73316,-3.279055,-1.907629,-2.150536,-1.552084,-0.2415111,24,24,24,24,24,24,24,24,24,24,24,24,24,24,24,24,551,5510,-2.152066,-1.843997,-1.310743,-2.197872,98.23858,78.92769,-1.959133,-1.173528,-0.9074183,-1.803845,-1.841189,-2.558152,-2.049381,-2.005409,-1.565946,-2.82616,24,24,24,24,24,24,24,24,24,24,24,24,24,24,24,24,551,5510,-1.838271,-3.581748,-4.726321,-2.579949,-2.588385,-2.040214,-2.200365,-68.35547,-0.1225342,0.2417727,0.2383811,0.8488501,0.3300552,0.3333437,-0.22148,2.794263,23,23,23,23,23,23,23,23,23,23,23,23,23,23,23,23
552,5520,-31.50725,-48.60339,-15.01928,-12.66992,-11.94162,-8.394511,-5.617156,-5.895843,-3.715376,-3.937066,-3.089646,-3.279055,-2.026849,-1.5532,-1.074546,0.2412927,24,24,24,24,24,24,24,24,24,24,24,24,24,24,24,24,552,5520,-1.345084,-2.107644,-2.096273,-1.422206,97.97593,78.92769,-1.567335,-1.043096,-2.460493,-1.546352,-1.972584,-2.69286,-2.177362,-1.337226,-1.565946,-2.260943,24,24,24,24,24,24,24,24,24,24,24,24,24,24,24,24,552,5520,-1.838271,-4.477128,-5.109699,-2.966914,-2.329342,-1.403256,-1.812458,-69.23022,-0.8642728,-0.1210951,0.5959795,0.2424759,-0.110211,-0.2224022,0.331858,3.145306,23,23,23,23,23,23,23,23,23,23,23,23,23,23,23,23
553,5530,-29.58325,-48.36159,-12.92724,-10.23434,-8.80417,-6.913815,-4.596231,-5.519679,-3.343843,-5.044702,-2.614331,-3.783358,-2.503726,-3.106273,-1.552084,-0.482913,24,24,24,24,24,24,24,24,24,24,24,24,24,24,24,24,553,5530,-2.286563,-2.239467,-1.834428,-1.939317,97.05651,80.15491,-1.697935,-1.694984,-1.942748,-1.675099,-3.549337,-2.423444,-2.177362,-2.3395,-2.168186,-2.487029,24,24,24,24,24,24,24,24,24,24,24,24,24,24,24,24,553,5530,-1.95316,-4.73295,-4.470734,-1.677032,-1.552216,-1.275865,-2.071063,-68.35546,0.8664507,0.6046405,0.8343787,-0.6064481,-0.110211,0.3333437,0.9958629,3.145306,23,23,23,23,23,23,23,23,23,23,23,23,23,23,23,23
554,5540,-27.7795,-48.60339,-12.435,-9.747227,-8.80417,-5.926682,-3.830539,-3.764246,-2.848467,-2.952502,-2.020186,-2.018154,-1.549971,-2.031069,-1.313315,0.4826947,24,24,24,24,24,24,24,24,24,24,24,24,24,24,24,24,554,5540,-2.152066,-2.107644,-1.310743,-2.456427,97.18781,80.52309,-1.828533,-2.607626,-1.813326,-3.348802,-3.023752,-2.288737,-1.537456,-2.784958,-2.047739,-3.617463,24,24,24,24,24,24,24,24,24,24,24,24,24,24,24,24,554,5540,-2.412722,-3.581748,-4.342942,-1.80602,-2.976948,-3.31413,-2.071063,-68.68349,0.1247118,0.2417791,-1.805975E-05,-0.6064481,0.7703247,0.111045,-0.4428155,2.326205,23,23,23,23,23,23,23,23,23,23,23,23,23,23,23,23
555,5550,-27.058,-48.24068,-12.435,-9.990785,-8.683501,-6.050074,-3.447692,-3.638857,-3.096155,-3.567855,-2.614279,-3.279055,-2.265287,-2.270003,-1.790853,0.8447967,24,24,24,24,24,24,24,24,24,24,24,24,24,24,24,24,555,5550,-2.152066,-2.634937,-1.965351,-2.84426,98.23858,81.01398,-1.436734,-2.086115,-1.813326,-2.447577,-2.366771,-2.288737,-2.177362,-2.005409,-1.927291,-3.617463,24,24,24,24,24,24,24,24,24,24,24,24,24,24,24,24,555,5550,-2.182941,-4.73295,-4.726321,-2.321973,-2.0703,-2.167605,-2.200365,-68.68349,-0.4934037,-0.8468242,-0.119218,-7.384432E-05,0.5501884,0.7779403,0.1105225,2.560234,23,23,23,23,23,23,23,23,23,23,23,23,23,23,23,23
556,5560,-28.38075,-48.8452,-11.94275,-11.33035,-8.562834,-6.296857,-3.958154,-3.889633,-3.096155,-3.937066,-2.733108,-3.531207,-2.026849,-3.106273,-1.910237,-1.086417,24,24,24,24,24,24,24,24,24,24,24,24,24,24,24,24,556,5560,-2.959049,-2.503114,-1.834428,-2.714983,98.36993,80.64581,-2.089733,-2.086115,-2.719285,-2.833816,-1.841189,-2.558152,-3.073235,-2.116773,-2.649979,-3.617463,24,24,24,24,24,24,24,24,24,24,24,24,24,24,24,24,556,5560,-1.838271,-4.349216,-4.981905,-3.22489,-2.458863,-2.677171,-1.812458,-69.12087,0.3719579,0.3627362,0.7151787,-0.6064995,-0.3303474,-1.000447,0.2211894,3.262326,23,23,23,23,23,23,23,23,23,23,23,23,23,23,23,23
557,5570,-26.8175,-48.24068,-11.94275,-9.503669,-8.80417,-6.420249,-4.08577,-3.388081,-2.476934,-2.337149,-2.020135,-1.892073,-1.430754,-2.031069,-1.910237,0.120591,24,24,24,24,24,24,24,24,24,24,24,24,24,24,24,24,557,5570,-2.286563,-2.239467,-3.012726,-2.068595,98.23858,81.01398,-1.828533,-2.477249,-2.848708,-1.803845,-1.447002,-2.288737,-1.793417,-2.228137,-2.890875,-2.487029,24,24,24,24,24,24,24,24,24,24,24,24,24,24,24,24,557,5570,-2.182941,-4.605039,-4.854113,-2.579949,-2.458863,-2.54978,-3.493391,-69.33955,0.1247118,0.7256039,0.1191811,0.3636993,-0.4404108,0.3333437,0.1105225,2.44322,23,23,23,23,23,23,23,23,23,23,23,23,23,23,23,23
558,5580,-29.82375,-48.8452,-13.0503,-11.20857,-9.166186,-6.913815,-3.575308,-4.140409,-3.096155,-2.829431,-2.257792,-2.144338,-1.907631,-1.792081,-1.552084,0.6033948,24,24,24,24,24,24,24,24,24,24,24,24,24,24,24,24,558,5580,-1.479581,-2.898583,-2.227196,-2.068595,97.84457,80.40036,-1.306134,-3.389891,-2.589863,-1.675099,-2.498166,-2.019323,-2.177362,-3.230416,-2.770427,-2.260943,24,24,24,24,24,24,24,24,24,24,24,24,24,24,24,24,558,5580,-2.182941,-4.221304,-4.087356,-2.966914,-2.458863,-2.422388,-2.45897,-68.57414,0.3719579,-0.4839564,0.1191811,0.4849742,-0.2202744,-0.2225034,-0.22148,2.911277,23,23,23,23,23,23,23,23,23,23,23,23,23,23,23,23
559,5590,-25.97575,-49.20791,-10.71214,-9.625447,-6.994111,-5.926682,-3.064846,-4.641963,-2.600779,-4.183208,-2.495451,-2.27047,-2.146069,-2.986753,-1.432751,-0.7243149,24,24,24,24,24,24,24,24,24,24,24,24,24,24,24,24,559,5590,-2.286563,-2.76676,-1.572589,-1.551484,97.84457,80.40036,-2.612132,-2.738003,-2.201595,-1.803845,-2.235377,-1.615202,-2.433326,-2.784961,-1.566506,-1.695722,24,24,24,24,24,24,24,24,24,24,24,24,24,24,24,24,559,5590,-1.838271,-3.581748,-4.854113,-2.966914,-2.588385,-1.912822,-1.941761,-67.4807,-0.2461576,-0.4839564,0.595979,0.2424245,0.3300584,-0.5559514,-0.5534825,3.145306,23,23,23,23,23,23,23,23,23,23,23,23,23,23,23,23
560,5600,-27.17825,-47.51526,-10.95827,-10.35612,-8.080149,-4.199203,-3.447692,-4.015022,-2.848467,-2.337149,-1.663648,-2.396527,-2.02685,-1.433679,-1.313367,-0.0001075559,24,24,24,24,24,24,24,24,24,24,24,24,24,24,24,24,560,5600,-2.690055,-1.843997,-1.703505,-1.680761,97.18781,80.27764,-3.003931,-1.694984,-2.072171,-2.31883,-2.498166,-1.211081,-2.817272,-1.782685,-1.927787,-2.034854,24,24,24,24,24,24,24,24,24,24,24,24,24,24,24,24,560,5600,-1.723379,-3.965481,-4.726321,-2.321973,-1.681737,-1.912822,-2.588273,-69.23022,0.6192039,0.1208254,0.595979,0.3636993,-0.2202744,-0.1113548,0.5531919,2.794263,23,23,23,23,23,23,23,23,23,23,23,23,23,23,23,23
561,5610,-26.69725,-48.60339,-11.69663,-9.016552,-7.114779,-4.445986,-2.681999,-3.137305,-2.35309,-2.829431,-1.663648,-1.513677,-1.549973,-1.314212,-1.552135,0.3619961,24,24,24,24,24,24,24,24,24,24,24,24,24,24,24,24,561,5610,-2.824551,-2.107644,-1.703505,-2.32715,98.63264,79.66402,-2.089733,-1.564607,-2.201595,-1.546352,-2.103979,-2.69286,-1.665438,-1.225865,-1.80736,-2.260943,24,24,24,24,24,24,24,24,24,24,24,24,24,24,24,24,561,5610,-2.757392,-4.477128,-3.703977,-2.579949,-1.811258,-2.422388,-2.846879,-68.24611,-0.1225342,-0.3629994,0.2383807,-0.0001252143,0.3300584,0.5555404,-0.000144478,2.560234,23,23,23,23,23,23,23,23,23,23,23,23,23,23,23,23
562,5620,-25.3745,-49.20792,-10.09684,-8.529437,-6.511425,-5.803291,-2.93723,-4.641963,-3.343843,-3.937066,-1.901306,-2.774753,-1.788412,-3.584087,-2.029673,-0.9657136,24,24,24,24,24,24,24,24,24,24,24,24,24,24,24,24,562,5620,-0.6725982,-1.975872,-1.834428,-1.680761,97.18781,78.80496,-1.828533,-1.694984,-2.201595,-1.675099,-2.498166,-2.827565,-1.281493,-2.005413,-2.168641,-1.695722,24,24,24,24,24,24,24,24,24,24,24,24,24,24,24,24,562,5620,-1.034039,-3.453835,-3.959563,-2.708937,-2.976948,-1.658039,-1.295247,-68.68349,0.001088401,0.2417791,0.2383807,0.606249,0.440125,-0.6671008,-0.5534825,3.028291,23,23,23,23,23,23,23,23,23,23,23,23,23,23,23,23
563,5630,-26.45675,-47.87798,-10.34296,-9.016552,-7.356114,-4.692769,-3.192461,-4.140409,-3.096155,-2.706361,-1.425991,-2.018205,-2.02685,-1.194745,-1.074598,0.4826963,24,24,24,24,24,24,24,24,24,24,24,24,24,24,24,24,563,5630,-1.614078,-1.316757,-2.619945,-1.292928,97.18781,79.78675,-1.828533,-1.564607,-2.719285,-1.932591,-2.235377,-1.884616,-1.921399,-1.337229,-1.927787,-1.469637,24,24,24,24,24,24,24,24,24,24,24,24,24,24,24,24,563,5630,-2.182941,-3.83757,-4.854113,-2.966914,-1.940779,-1.275865,-2.200365,-69.77695,-0.9878958,-0.4839564,0.4767795,0.1211496,-0.0001412674,-0.4448021,-0.3321469,2.911277,23,23,23,23,23,23,23,23,23,23,23,23,23,23,23,23
564,5640,-28.501,-49.32883,-11.69663,-9.869004,-8.683501,-4.692769,-3.702923,-4.641963,-3.219999,-4.306278,-2.376622,-3.15298,-2.622946,-2.62835,-1.552135,-0.2415079,24,24,24,24,24,24,24,24,24,24,24,24,24,24,24,24,564,5640,-1.748575,-1.712226,-1.703492,-2.197871,96.7938,80.0322,-1.828533,-1.955738,-1.425057,-1.932591,-3.417939,-2.019323,-2.049381,-2.450867,-1.566506,-2.713117,24,24,24,24,24,24,24,24,24,24,24,24,24,24,24,24,564,5640,-2.412722,-4.605039,-4.726321,-1.935009,-2.199821,-1.403256,-2.717575,-69.23022,0.8664507,-0.1210886,0.595979,-0.0001252143,0.3300584,0.5555404,0.6638604,3.145306,23,23,23,23,23,23,23,23,23,23,23,23,23,23,23,23
565,5650,-27.41875,-49.44973,-11.45051,-10.59968,-7.838799,-6.667031,-5.106694,-4.892738,-3.591532,-4.921632,-2.257792,-3.657282,-2.384508,-3.225685,-0.9552132,-0.2415079,24,24,24,24,24,24,24,24,24,24,24,24,24,24,24,24,565,5650,-2.824551,-2.371342,-1.965338,-2.456427,97.58192,80.0322,-2.089733,-1.825361,-1.813326,-3.477548,-1.972584,-2.154031,-2.433326,-2.005413,-2.409495,-3.278335,24,24,24,24,24,24,24,24,24,24,24,24,24,24,24,24,565,5650,-2.527611,-4.221304,-3.448392,-2.579949,-2.976949,-3.441521,-2.071063,-68.24611,0.3719579,-0.0001316355,-0.119218,0.1211496,-0.1102078,-0.2225034,0.2211894,2.326205,23,23,23,23,23,23,23,23,23,23,23,23,23,23,23,23
566,5660,-27.7795,-49.93335,-11.94275,-11.45213,-9.045519,-6.296857,-4.213385,-5.143515,-3.83922,-3.321713,-2.495451,-2.396527,-2.02685,-1.911547,-1.910288,0.1205942,24,24,24,24,24,24,24,24,24,24,24,24,24,24,24,24,566,5660,-2.959048,-1.580402,-1.703492,-2.585705,98.23869,80.76853,-2.089733,-1.173473,-2.46044,-2.833816,-1.447002,-1.480495,-2.433326,-1.894049,-2.529922,-3.278335,24,24,24,24,24,24,24,24,24,24,24,24,24,24,24,24,566,5660,-2.068052,-3.709659,-4.470734,-2.579949,-2.458864,-2.040162,-2.071063,-69.66759,0.001088401,0.4836932,0.7151787,0.3636993,0.7703279,-0.5559514,-0.000144478,3.028291,23,23,23,23,23,23,23,23,23,23,23,23,23,23,23,23
567,5670,-27.89975,-50.41696,-13.66561,-12.42636,-10.37289,-6.667031,-4.851463,-4.76735,-4.458441,-4.183208,-1.663648,-2.144338,-2.265289,-2.031014,-1.552135,0.8447999,24,24,24,24,24,24,24,24,24,24,24,24,24,24,24,24,567,5670,-2.286563,-2.503165,-2.881791,-1.939316,98.10733,80.27764,-2.089733,-1.825361,-2.978132,-2.061338,-1.315604,-2.019323,-1.921399,-1.894049,-2.891203,-1.58268,24,24,24,24,24,24,24,24,24,24,24,24,24,24,24,24,567,5670,-1.838271,-5.116685,-5.493078,-1.80602,-2.070301,-1.657987,-1.941812,-69.01152,-0.1225342,0.2417791,-0.119218,-0.4852246,-0.9907436,0.3332426,-0.3321469,2.794263,23,23,23,23,23,23,23,23,23,23,23,23,23,23,23,23
568,5680,-30.1845,-51.50509,-13.0503,-13.03526,-9.648871,-7.160597,-4.468616,-5.268903,-4.458441,-5.290843,-2.138964,-3.657282,-2.384508,-3.46462,-1.910288,-0.6036115,24,24,24,24,24,24,24,24,24,24,24,24,24,24,24,24,568,5680,-1.345084,-1.975872,-2.358106,-2.197871,98.10733,80.27764,-1.567335,-2.34693,-1.425057,-1.417606,-1.841189,-2.154031,-1.153511,-2.450867,-1.927787,-2.260943,24,24,24,24,24,24,24,24,24,24,24,24,24,24,24,24,568,5680,-2.29783,-4.477128,-4.215149,-1.80602,-2.199822,-2.422336,-1.812509,-68.35547,0.1247118,1.209429,0.3575799,0.3636993,0.7703279,0.2220924,-0.3321469,2.209191,23,23,23,23,23,23,23,23,23,23,23,23,23,23,23,23
569,5690,-30.425,-50.90057,-12.435,-13.27882,-10.49356,-7.283988,-5.106694,-4.892738,-3.467739,-3.321713,-2.138964,-3.026904,-2.146069,-1.553147,-1.552135,0.2412944,24,24,24,24,24,24,24,24,24,24,24,24,24,24,24,24,569,5690,-2.286563,-2.634988,-1.048885,-2.327149,97.71327,81.1367,-2.742732,-2.477307,-1.813379,-1.546352,-2.498166,-2.558152,-2.433326,-2.784961,-1.80736,-2.373986,24,24,24,24,24,24,24,24,24,24,24,24,24,24,24,24,569,5690,-1.95316,-3.581748,-4.342942,-2.192985,-2.199822,-1.275812,-1.424601,-69.12088,-0.2461572,-0.6049102,0.4767795,-0.1214001,0.2199919,-0.0002054799,-0.7748179,2.911277,23,23,23,23,23,23,23,23,23,23,23,23,23,23,23,23
570,5700,-32.10851,-51.26328,-16.00377,-15.47084,-12.66565,-10.24538,-9.19039,-8.905158,-5.820778,-5.660055,-2.020135,-3.026904,-1.907631,-1.553147,-1.432751,0.603398,24,24,24,24,24,24,24,24,24,24,24,24,24,24,24,24,570,5700,-2.286563,-2.634988,-2.227183,-2.197871,97.45057,80.52309,-2.350932,-2.21655,-2.072224,-1.932591,-2.366771,-1.211081,-2.68929,-1.559958,-1.446079,-2.373986,24,24,24,24,24,24,24,24,24,24,24,24,24,24,24,24,570,5700,-1.838271,-3.965481,-4.981905,-2.579949,-2.070301,-2.040162,-1.941812,-68.13677,-0.4934037,0.1208222,0.9535774,-0.3639498,-0.1102078,-0.2225034,0.8851944,2.911277,23,23,23,23,23,23,23,23,23,23,23,23,23,23,23,23
571,5710,-31.26675,-52.23051,-16.00377,-15.1055,-11.45893,-9.9986,-7.020927,-7.776666,-4.582336,-5.783125,-2.020135,-2.900829,-2.02685,-3.584087,-1.67152,-0.9657136,24,24,24,24,24,24,24,24,24,24,24,24,24,24,24,24,571,5710,-2.690054,-2.371342,-1.703492,-2.973537,98.37004,79.90947,-2.742732,-1.695042,-1.942801,-2.061338,-2.10403,-2.827565,-2.561308,-2.22814,-2.289068,-3.165292,24,24,24,24,24,24,24,24,24,24,24,24,24,24,24,24,571,5710,-1.95316,-4.477128,-4.598527,-1.677032,-2.847427,-2.931903,-2.717627,-68.79285,0.1247118,1.330379,0.715179,-0.1214001,-0.330341,0.2220924,-0.110813,2.911277,23,23,23,23,23,23,23,23,23,23,23,23,23,23,23,23
572,5720,-31.50725,-51.9887,-15.88071,-14.61839,-11.33826,-9.9986,-6.510465,-7.149724,-5.325401,-4.429348,-2.138964,-2.774753,-1.549973,-1.433679,-1.432751,-0.4829098,24,24,24,24,24,24,24,24,24,24,24,24,24,24,24,24,572,5720,-2.017569,-2.503165,-2.096261,-2.714983,97.71327,78.92769,-1.959133,-1.303908,-2.072224,-1.803845,-2.366823,-3.096978,-2.177362,-2.005413,-2.529922,-2.034854,24,24,24,24,24,24,24,24,24,24,24,24,24,24,24,24,572,5720,-2.527611,-3.83757,-4.854113,-2.45096,-2.717906,-3.186686,-3.105534,-69.23022,0.3719579,-0.9677812,0.4767799,-0.1214001,-0.0001412674,-0.0002054799,-0.22148,2.794263,23,23,23,23,23,23,23,23,23,23,23,23,23,23,23,23
573,5730,-32.10851,-52.59322,-16.98826,-17.05396,-12.18296,-9.875208,-6.63808,-6.648172,-5.077713,-4.429348,-2.257792,-3.15298,-1.907579,-2.62835,-1.552135,-0.2415079,24,24,24,24,24,24,24,24,24,24,24,24,24,24,24,24,573,5730,-1.748575,-2.239518,-2.881791,-1.810039,96.79385,79.17313,-2.089733,-2.34693,-2.072224,-2.061338,-2.892405,-2.423442,-2.305344,-2.784961,-2.289068,-2.82616,24,24,24,24,24,24,24,24,24,24,24,24,24,24,24,24,573,5730,-1.493601,-4.221304,-4.726321,-2.708937,-2.588386,-2.67712,-2.071114,-68.46481,-0.6170267,0.1208222,0.4767799,0.606249,-0.1102143,-0.3336535,-0.3321469,2.794263,23,23,23,23,23,23,23,23,23,23,23,23,23,23,23,23
574,5740,-31.26675,-52.10961,-16.49601,-16.07973,-12.4243,-11.3559,-7.659005,-7.024337,-4.458492,-4.798561,-1.901306,-3.909433,-2.742114,-3.703558,-2.268442,-1.327817,24,24,24,24,24,24,24,24,24,24,24,24,24,24,24,24,574,5740,-2.152066,-2.634988,-2.489022,-2.197871,96.92521,80.0322,-1.697935,-2.607684,-2.589916,-2.447577,-3.023803,-2.288734,-2.049381,-2.228137,-2.168641,-2.600071,24,24,24,24,24,24,24,24,24,24,24,24,24,24,24,24,574,5740,-2.182941,-4.349216,-5.493078,-3.095901,-2.976949,-2.294945,-2.200416,-69.44891,0.2483352,-0.3630026,0.2383811,-0.0001252143,-0.6605503,0.7778897,0.7745274,3.145306,23,23,23,23,23,23,23,23,23,23,23,23,23,23,23,23
575,5750,-33.07051,-52.23051,-16.8652,-16.32329,-11.57961,-9.875208,-6.000002,-5.394291,-4.210804,-3.813996,-1.782477,-3.15298,-2.146018,-2.867287,-2.50716,-0.0001075559,24,24,24,24,24,24,24,24,24,24,24,24,24,24,24,24,575,5750,-2.42106,-3.030457,-2.750868,-2.84426,97.84463,80.89125,-1.567335,-2.21655,-1.942801,-2.962563,-2.498218,-2.288734,-2.433326,-1.782682,-2.890875,-4.069638,24,24,24,24,24,24,24,24,24,24,24,24,24,24,24,24,575,5750,-2.527611,-4.605039,-4.342942,-2.063996,-2.070301,-1.91277,-2.588325,-68.35547,0.3719579,0.1208222,-0.2384168,-0.970324,0.5501851,0.555591,0.4425265,3.145306,23,23,23,23,23,23,23,23,23,23,23,23,23,23,23,23
576,5760,-34.75401,-52.95593,-17.97274,-16.20151,-12.78632,-9.875208,-7.403773,-6.272007,-4.08696,-3.444784,-2.257792,-2.900829,-2.980553,-2.867287,-2.387775,-0.0001091612,24,24,24,24,24,24,24,24,24,24,24,24,24,24,24,24,576,5760,-2.690054,-1.712226,-3.012713,-2.973537,97.71327,80.52309,-2.220333,-1.825419,-3.366453,-2.962563,-1.972636,-1.749907,-2.817272,-1.671319,-3.011323,-3.278335,24,24,24,24,24,24,24,24,24,24,24,24,24,24,24,24,576,5760,-2.527611,-3.965481,-4.726321,-3.611854,-2.976949,-1.91277,-2.588325,-69.01153,0.4955813,-0.0001348462,-0.3576164,-0.0001252143,0.5501851,0.1109944,-0.5534809,3.028343,23,23,23,23,23,23,23,23,23,23,23,23,23,23,23,23
577,5770,-34.03251,-52.83503,-16.8652,-15.83617,-12.30363,-10.36877,-6.255234,-6.14662,-3.343895,-4.183208,-1.544819,-3.531206,-2.384456,-3.464623,-2.387775,-0.9657168,24,24,24,24,24,24,24,24,24,24,24,24,24,24,24,24,577,5770,-2.555558,-2.371342,-3.274559,-2.327149,98.10733,79.66402,-1.697935,-2.34693,-2.460493,-2.190084,-1.709843,-2.96227,-1.281493,-2.896322,-3.011323,-2.939203,24,24,24,24,24,24,24,24,24,24,24,24,24,24,24,24,577,5770,-1.493646,-4.349216,-5.109699,-3.22489,-2.458864,-2.422336,-2.459022,-69.33956,0.001088401,0.2417759,0.9535778,0.8487988,-0.1102143,-0.2224536,0.4425265,3.964464,23,23,23,23,23,23,23,23,23,23,23,23,23,23,23,23
578,5780,-33.55151,-52.47231,-17.11131,-17.05396,-13.87236,-10.73895,-7.020927,-6.14662,-3.715427,-3.444784,-1.663648,-3.026904,-2.026799,-2.269952,-2.268391,-0.482913,24,24,24,24,24,24,24,24,24,24,24,24,24,24,24,24,578,5780,-2.421061,-3.294052,-2.750868,-2.585705,98.23869,79.90947,-1.828533,-3.520326,-2.71934,-2.833816,-1.972636,-3.501099,-2.68929,-3.230413,-3.131771,-3.052246,24,24,24,24,24,24,24,24,24,24,24,24,24,24,24,24,578,5780,-2.41277,-5.116634,-5.237492,-2.837926,-2.847427,-2.167554,-2.329719,-69.55826,0.4955813,-0.1210918,-1.805975E-05,-0.970324,-0.5504838,-0.6670494,0.2211926,3.028343,23,23,23,23,23,23,23,23,23,23,23,23,23,23,23,23
579,5790,-34.03251,-52.23051,-17.60356,-16.32329,-13.75169,-10.73895,-7.020927,-5.645067,-3.220051,-2.952502,-2.257792,-2.522602,-1.78836,-2.269952,-1.313316,0.120591,24,24,24,24,24,24,24,24,24,24,24,24,24,24,24,24,579,5790,-2.421061,-3.425876,-2.358113,-2.84426,97.18791,80.89125,-2.481532,-3.520326,-2.589916,-1.288859,-2.892405,-1.615198,-2.817272,-2.673595,-2.047738,-2.939203,24,24,24,24,24,24,24,24,24,24,24,24,24,24,24,24,579,5790,-3.44678,-4.860811,-3.704027,-2.837926,-2.847427,-3.441469,-3.752048,-69.66759,-0.1225342,0.9675115,-1.805975E-05,0.2424245,0.4401186,0.1109944,0.2211926,2.560279,23,23,23,23,23,23,23,23,23,23,23,23,23,23,23,23
580,5800,-33.67176,-52.95593,-16.8652,-16.44507,-12.18296,-9.9986,-5.872387,-6.021232,-3.467739,-3.813996,-2.970767,-3.531206,-2.265237,-3.464623,-2.387775,-0.6036131,24,24,24,24,24,24,24,24,24,24,24,24,24,24,24,24,580,5800,-3.900529,-3.294052,-2.489035,-2.714983,97.18791,79.66402,-2.873332,-2.868438,-2.201648,-2.31883,-2.629616,-2.288734,-3.073235,-2.784958,-3.011323,-3.50442,24,24,24,24,24,24,24,24,24,24,24,24,24,24,24,24,580,5800,-2.987218,-3.96543,-4.215199,-3.611853,-3.365512,-2.804511,-1.812509,-68.46481,-0.4934037,-0.9677812,0.5959795,0.2424245,0.1099189,0.3332923,-0.9961503,2.911329,23,23,23,23,23,23,23,23,23,23,23,23,23,23,23,23
581,5810,-33.07051,-52.1096,-16.00377,-14.49661,-12.66565,-9.134859,-4.979078,-4.892738,-2.724674,-3.198643,-1.544819,-2.396527,-1.78836,-2.269952,-1.671469,-0.6036131,24,24,24,24,24,24,24,24,24,24,24,24,24,24,24,24,581,5810,-2.690055,-2.634937,-1.441659,-2.84426,98.10723,78.92769,-2.742732,-1.695042,-2.331071,-2.31883,-2.498218,-3.231686,-2.433326,-2.450864,-2.047738,-3.391377,24,24,24,24,24,24,24,24,24,24,24,24,24,24,24,24,581,5810,-2.642548,-5.116634,-5.237542,-3.224888,-2.199875,-2.549728,-2.976232,-69.01153,-0.1225342,0.4836899,0.5959795,-0.2426749,0.1099189,0.1109944,0.1105241,3.028343,23,23,23,23,23,23,23,23,23,23,23,23,23,23,23,23
582,5820,-33.31101,-51.62599,-18.21886,-17.29752,-14.71706,-9.258251,-6.000002,-4.140409,-2.848518,-3.075573,-1.544819,-2.144287,-1.78836,-2.269952,-1.193932,-0.1208109,24,24,24,24,24,24,24,24,24,24,24,24,24,24,24,24,582,5820,-2.421061,-2.37129,-2.619952,-2.585705,97.71317,78.80502,-2.612132,-2.086173,-2.201648,-2.576323,-2.76101,-3.501099,-2.561308,-2.896322,-2.770427,-2.939203,24,24,24,24,24,24,24,24,24,24,24,24,24,24,24,24,582,5820,-2.41277,-4.732899,-4.470785,-2.192984,-2.977002,-3.441521,-3.622745,-69.66759,0.001088401,0.2417759,0.715179,0.4849742,-0.4404172,0.555591,0.1105241,2.911329,23,23,23,23,23,23,23,23,23,23,23,23,23,23,23,23
583,5830,-34.15276,-52.83503,-16.98826,-17.29752,-12.78632,-8.764686,-4.596232,-4.140409,-2.105453,-3.813996,-1.663648,-2.270419,-1.78836,-3.225688,-2.149007,-0.845015,24,24,24,24,24,24,24,24,24,24,24,24,24,24,24,24,583,5830,-2.421061,-2.37129,-3.01272,-1.939317,96.6624,79.17313,-2.873278,-2.34693,-3.495877,-2.833816,-3.943576,-3.096978,-3.073235,-2.673595,-2.890875,-2.939203,24,24,24,24,24,24,24,24,24,24,24,24,24,24,24,24,583,5830,-3.331888,-4.988722,-4.598578,-2.192984,-3.106523,-3.059346,-1.812456,-69.12088,0.4955813,-0.9677812,-1.805975E-05,-0.1214001,0.1099189,0.555591,0.2211926,2.443271,23,23,23,23,23,23,23,23,23,23,23,23,23,23,23,23
584,5840,-33.67176,-52.1096,-16.37295,-14.86194,-11.5796,-7.037205,-3.064846,-3.137304,-1.857765,-2.091007,-1.901306,-2.018155,-1.78836,-2.628352,-1.552085,0.4826947,24,24,24,24,24,24,24,24,24,24,24,24,24,24,24,24,584,5840,-3.093547,-3.030406,-2.489035,-3.361371,97.31911,80.15491,-1.95908,-2.477249,-2.072224,-3.477548,-3.155201,-2.558149,-2.049381,-2.450864,-2.288634,-3.730509,24,24,24,24,24,24,24,24,24,24,24,24,24,24,24,24,584,5840,-2.297878,-3.96543,-5.237542,-3.0959,-3.236044,-2.422388,-2.717574,-68.68349,-0.3697803,-0.6049134,0.4767799,0.4849742,-0.3303506,-0.4447515,-0.4428123,2.794314,23,23,23,23,23,23,23,23,23,23,23,23,23,23,23,23
585,5850,-35.11476,-51.86779,-16.98826,-14.13127,-12.06228,-7.40738,-4.213385,-4.140409,-2.848467,-3.198643,-2.257792,-2.900829,-2.861333,-2.389419,-1.671469,-0.3622112,24,24,24,24,24,24,24,24,24,24,24,24,24,24,24,24,585,5850,-3.093547,-2.37129,-2.096267,-3.361371,96.9251,80.15491,-1.95908,-2.216495,-2.589863,-3.477548,-2.10403,-2.558149,-2.433326,-1.894046,-2.649979,-3.50442,24,24,24,24,24,24,24,24,24,24,24,24,24,24,24,24,585,5850,-2.068097,-3.96543,-5.237542,-2.321971,-2.070354,-2.804563,-2.458969,-69.44891,-0.3697803,0.1208222,0.2383811,0.2424245,-0.4404172,-0.0001549125,0.3318596,2.911329,23,23,23,23,23,23,23,23,23,23,23,23,23,23,23,23
586,5860,-34.51351,-51.26328,-15.88071,-13.88771,-10.01088,-7.530771,-3.447692,-4.391186,-2.600779,-3.444785,-1.901306,-2.648678,-2.503676,-3.345156,-2.387775,-0.6036131,24,24,24,24,24,24,24,24,24,24,24,24,24,24,24,24,586,5860,-3.093547,-2.634937,-2.619952,-2.585705,97.71317,80.52309,-2.742678,-1.825361,-2.46044,-2.705122,-1.447053,-2.154028,-1.793417,-1.671319,-2.288634,-2.939203,24,24,24,24,24,24,24,24,24,24,24,24,24,24,24,24,586,5860,-2.297878,-5.244545,-4.598578,-2.45096,-2.199875,-1.530648,-1.812456,-68.35547,0.3719579,-0.2420456,0.3575807,-0.0001252143,0.1099189,0.555591,0.4425265,3.262372,23,23,23,23,23,23,23,23,23,23,23,23,23,23,23,23
587,5870,-34.15276,-51.38418,-15.51152,-13.76593,-11.70028,-8.888076,-5.489541,-4.76735,-2.848467,-3.690926,-1.901357,-3.279055,-2.384456,-2.389419,-1.313316,-0.2415111,24,24,24,24,24,24,24,24,24,24,24,24,24,24,24,24,587,5870,-2.286564,-1.712175,-3.143643,-2.32715,98.23853,80.76853,-2.350879,-2.607626,-3.625246,-2.190136,-2.235377,-2.827565,-1.537456,-2.3395,-3.131771,-2.939203,24,24,24,24,24,24,24,24,24,24,24,24,24,24,24,24,587,5870,-2.068097,-3.96543,-4.087406,-2.45096,-2.977002,-2.54978,-2.200363,-68.79285,0.2483352,0.4836899,-0.119218,0.4849742,0.5501851,0.555591,-0.1108098,1.858193,23,23,23,23,23,23,23,23,23,23,23,23,23,23,23,23
588,5880,-34.27301,-51.14237,-18.21886,-17.54108,-14.71706,-10.61556,-6.765696,-4.892738,-3.467688,-3.937068,-1.901357,-2.774753,-2.146018,-1.91155,-1.552085,0.2412927,24,24,24,24,24,24,24,24,24,24,24,24,24,24,24,24,588,5880,-2.01757,-3.030406,-2.750874,-2.585705,97.71317,80.15491,-1.56728,-3.259514,-2.719285,-1.932643,-1.184209,-2.827565,-1.921399,-2.673595,-2.047738,-2.487029,24,24,24,24,24,24,24,24,24,24,24,24,24,24,24,24,588,5880,-2.297878,-4.221253,-4.854163,-3.611853,-1.940833,-2.422388,-1.553851,-68.90218,-0.8642728,-0.6049134,0.2383807,0.3637026,0.2199854,-0.3336022,-0.0001428727,3.730435,23,23,23,23,23,23,23,23,23,23,23,23,23,23,23,23
589,5890,-36.31726,-51.14237,-19.08029,-19.85488,-15.07906,-11.23251,-5.489541,-5.770454,-3.591532,-4.306279,-1.782529,-3.026904,-1.669192,-3.58409,-1.552085,-1.086417,24,24,24,24,24,24,24,24,24,24,24,24,24,24,24,24,589,5890,-1.883073,-3.162229,-2.358113,-2.585705,97.84452,80.15491,-1.95908,-3.129137,-1.425057,-1.546404,-1.709791,-2.423444,-1.921399,-3.341777,-2.649979,-2.82616,24,24,24,24,24,24,24,24,24,24,24,24,24,24,24,24,589,5890,-2.182989,-4.860811,-5.237542,-2.708936,-2.199875,-2.294997,-2.717574,-69.12088,0.4955813,0.9675115,0.7151787,-0.1213969,-0.1102143,0.1109944,0.2211926,3.613415,23,23,23,23,23,23,23,23,23,23,23,23,23,23,23,23
590,5900,-38.48176,-52.95593,-20.18784,-21.55979,-15.92376,-11.3559,-6.255234,-5.519679,-3.591532,-3.567856,-1.901357,-2.648678,-2.146069,-2.389416,-1.552085,0.2412927,24,24,24,24,24,24,24,24,24,24,24,24,24,24,24,24,590,5900,-3.36254,-3.425876,-2.096267,-2.585705,96.6624,80.0322,-3.134478,-2.738003,-2.331017,-1.803897,-2.498166,-2.288737,-3.201217,-2.228086,-1.686394,-2.260943,24,24,24,24,24,24,24,24,24,24,24,24,24,24,24,24,590,5900,-2.297878,-4.477076,-4.470785,-2.45096,-3.106523,-3.696304,-1.683153,-68.90218,0.1247118,0.4836899,-1.846108E-05,-0.1213969,0.2199854,0.1109944,-0.3321453,2.092221,23,23,23,23,23,23,23,23,23,23,23,23,23,23,23,23
591,5910,-35.47551,-52.47231,-20.06478,-18.39354,-16.52712,-11.60269,-7.403774,-6.146619,-3.83922,-3.937068,-2.73316,-3.405131,-3.338263,-2.747818,-2.029673,0.2412927,24,24,24,24,24,24,24,24,24,24,24,24,24,24,24,24,591,5910,-3.093547,-2.76676,-1.834421,-2.456427,97.71317,79.41858,-2.350879,-2.216495,-2.072171,-2.190136,-1.709791,-2.558152,-2.305344,-2.56218,-2.168589,-3.165292,24,24,24,24,24,24,24,24,24,24,24,24,24,24,24,24,591,5910,-1.493646,-3.96543,-4.470785,-2.708936,-1.811311,-1.021081,-1.683153,-69.44891,-0.2461572,-0.7258704,0.9535774,0.6062523,0.330052,0.2221438,-0.4427593,3.145357,23,23,23,23,23,23,23,23,23,23,23,23,23,23,23,23
592,5920,-34.15276,-51.9887,-17.60356,-16.93219,-13.51034,-10.12199,-5.106694,-5.39429,-3.096155,-4.060138,-1.782529,-3.405131,-2.503727,-3.345153,-1.67152,-1.207067,24,24,24,24,24,24,24,24,24,24,24,24,24,24,24,24,592,5920,-2.152067,-2.239467,-2.750874,-2.068595,97.18776,79.29586,-2.08968,-1.694984,-2.072171,-1.67515,-1.841189,-2.962273,-2.433326,-2.116722,-2.650297,-2.260936,24,24,24,24,24,24,24,24,24,24,24,24,24,24,24,24,592,5920,-1.723427,-4.604988,-5.237542,-2.063995,-2.070354,-1.530648,-1.683153,-68.90218,0.3719579,0.4836899,-0.119218,-0.0001220037,-0.0001476886,0.1109944,0.1105787,3.262372,23,23,23,23,23,23,23,23,23,23,23,23,23,23,23,23
593,5930,-33.67176,-53.19773,-18.71111,-17.29752,-13.99302,-9.875208,-5.744772,-5.519679,-2.724623,-3.567856,-2.376673,-3.279055,-2.503727,-2.986753,-2.268442,-0.4828616,24,24,24,24,24,24,24,24,24,24,24,24,24,24,24,24,593,5930,-1.614078,-1.712175,-1.965344,-1.292928,96.6624,79.54131,-1.69788,-1.173473,-2.589863,-1.932643,-2.629564,-2.827565,-1.281493,-2.005358,-3.011579,-2.147894,24,24,24,24,24,24,24,24,24,24,24,24,24,24,24,24,593,5930,-1.493601,-4.349164,-4.087406,-2.192984,-1.811311,-2.677171,-2.200363,-69.12088,0.3719579,0.9675115,0.2383807,-0.4852214,0.1099189,1.000188,0.1105787,2.6773,23,23,23,23,23,23,23,23,23,23,23,23,23,23,23,23
594,5940,-34.87426,-52.35141,-18.34192,-15.22728,-13.75169,-9.258251,-6.000003,-4.76735,-3.963064,-3.937068,-2.614331,-3.657282,-2.861385,-2.62835,-2.268442,0.1206424,24,24,24,24,24,24,24,24,24,24,24,24,24,24,24,24,594,5940,-1.614078,-1.844049,-1.834421,-2.585705,96.6624,79.90947,-2.220279,-1.955738,-1.813326,-2.190136,-2.760959,-1.749908,-1.665438,-2.228086,-1.446027,-2.826154,24,24,24,24,24,24,24,24,24,24,24,24,24,24,24,24,594,5940,-1.60849,-4.732899,-4.854163,-2.837924,-2.329396,-2.294997,-1.941758,-69.44891,-0.1225342,-0.9677812,0.7151787,-0.0001220037,-0.0001476886,0.555591,-0.5534263,3.028343,23,23,23,23,23,23,23,23,23,23,23,23,23,23,23,23
595,5950,-34.03251,-51.74689,-17.72662,-15.47084,-12.4243,-9.134859,-4.723848,-5.268902,-3.096155,-4.183208,-2.020186,-3.531207,-1.907631,-4.061956,-2.029673,-1.086366,24,24,24,24,24,24,24,24,24,24,24,24,24,24,24,24,595,5950,-1.614078,-1.448579,-1.572576,-2.585705,97.31911,81.01398,-2.220279,-1.694984,-2.072171,-2.833868,-1.052815,-1.615202,-1.921399,-1.782631,-2.409444,-3.052239,24,24,24,24,24,24,24,24,24,24,24,24,24,24,24,24,595,5950,-1.95316,-4.221252,-4.726319,-2.192984,-2.070354,-2.040214,-2.329666,-69.01153,-0.2461572,0.8465577,1.191977,0.4849774,-0.1102143,0.2221438,0.2212456,3.730435,23,23,23,23,23,23,23,23,23,23,23,23,23,23,23,23
596,5960,-35.11476,-53.19773,-18.83417,-16.56685,-14.47571,-10.73895,-6.510465,-5.143514,-2.724623,-3.813997,-2.73316,-3.279055,-2.146069,-2.62835,-1.910288,0.2413441,24,24,24,24,24,24,24,24,24,24,24,24,24,24,24,24,596,5960,-2.286563,-1.844049,-1.965344,-2.327099,96.9251,80.40036,-2.481479,-1.955738,-2.848708,-2.576375,-1.841189,-2.423444,-2.433326,-1.448538,-2.52987,-2.713111,24,24,24,24,24,24,24,24,24,24,24,24,24,24,24,24,596,5960,-1.95316,-4.221252,-5.109698,-2.192984,-2.070354,-3.186738,-3.105481,-69.12088,-0.1225342,0.3627329,0.2383807,-0.0001220037,0.330052,1.111337,-0.3320924,2.6773,23,23,23,23,23,23,23,23,23,23,23,23,23,23,23,23
597,5970,-36.67801,-52.83503,-19.32641,-16.07973,-14.23437,-9.9986,-7.020927,-4.76735,-4.086908,-4.552421,-2.970818,-3.657282,-2.265289,-2.986753,-2.50721,-0.2414597,24,24,24,24,24,24,24,24,24,24,24,24,24,24,24,24,597,5970,-1.614078,-2.239518,-2.881797,-1.68071,98.10733,80.52309,-1.69788,-1.564607,-2.719285,-1.67515,-1.709791,-2.154031,-1.409475,-1.893994,-2.289016,-2.373979,24,24,24,24,24,24,24,24,24,24,24,24,24,24,24,24,597,5970,-2.182941,-4.093341,-4.598527,-2.063995,-2.458864,-1.785431,-1.941758,-68.13677,0.3719579,0.1208222,-1.846108E-05,0.7275271,0.4401186,1.111337,0.7745836,2.560279,23,23,23,23,23,23,23,23,23,23,23,23,23,23,23,23
598,5980,-35.83626,-52.95593,-18.0958,-15.83617,-12.30363,-10.86234,-5.361925,-4.892738,-3.343843,-5.044703,-2.970818,-3.909433,-2.980604,-3.942489,-3.223516,-1.569169,24,24,24,24,24,24,24,24,24,24,24,24,24,24,24,24,598,5980,-1.210587,-2.634988,-1.965344,-2.068543,96.92521,80.0322,-2.481479,-2.86838,-2.072171,-1.031418,-1.709791,-2.423444,-1.537456,-2.673543,-1.566454,-2.600068,24,24,24,24,24,24,24,24,24,24,24,24,24,24,24,24,598,5980,-1.378709,-4.477075,-4.981905,-2.837924,-1.422695,-2.167554,-1.941758,-68.90218,-0.3697803,-0.6049134,0.3575799,0.1211528,-0.6605503,0.1109944,0.1105787,3.379386,23,23,23,23,23,23,23,23,23,23,23,23,23,23,23,23
599,5990,-36.67801,-52.47231,-18.21886,-15.22728,-11.94162,-9.258251,-4.851463,-4.516574,-2.972311,-3.198644,-2.139016,-2.774753,-2.02685,-3.345153,-2.745979,0.3620443,24,24,24,24,24,24,24,24,24,24,24,24,24,24,24,24,599,5990,-2.286563,-2.371342,-1.441659,-1.809988,97.05656,80.52309,-2.481481,-2.738003,-1.683903,-1.288911,-2.629564,-1.345787,-2.049381,-2.005358,-1.686881,-1.921805,24,24,24,24,24,24,24,24,24,24,24,24,24,24,24,24,599,5990,-1.723379,-3.837518,-6.004248,-1.548043,-2.199822,-2.677121,-3.622691,-69.66759,0.3719579,0.2417759,0.8343782,0.6062523,-0.3303506,1.111337,0.9959175,2.911329,23,23,23,23,23,23,23,23,23,23,23,23,23,23,23,23
600,6000,-37.64001,-52.71412,-18.83417,-15.59262,-14.23437,-9.505034,-7.531388,-6.021232,-4.829973,-5.290844,-2.614331,-4.28766,-3.457481,-2.747818,-1.910288,-0.1207595,24,24,24,24,24,24,24,24,24,24,24,24,24,24,24,24,600,6000,-2.42106,-1.712226,-1.965344,-2.068543,97.45057,79.78675,-2.612081,-2.086173,-2.201595,-2.318883,-1.972584,-2.827565,-1.537456,-1.893994,-1.686881,-2.826154,24,24,24,24,24,24,24,24,24,24,24,24,24,24,24,24,600,6000,-2.527611,-3.837518,-4.598527,-2.45096,-2.329343,-2.422338,-2.07106,-69.01153,0.3719579,0.1208222,-0.2384176,-0.1213969,-0.1102143,0.555591,0.1105787,2.443271,23,23,23,23,23,23,23,23,23,23,23,23,23,23,23,23
601,6010,-35.83626,-53.43954,-17.97274,-16.07973,-12.66565,-9.258251,-5.744771,-5.770455,-3.715427,-5.167773,-2.020186,-4.035509,-2.622946,-3.703554,-2.387826,-1.327767,24,24,24,24,24,24,24,24,24,24,24,24,24,24,24,24,601,6010,-1.479581,-1.316757,-1.048891,-2.197821,97.84463,79.05041,-2.220282,-2.477307,-2.201593,-2.318883,-2.366771,-2.962273,-1.921399,-2.56218,-1.807308,-2.373979,24,24,24,24,24,24,24,24,24,24,24,24,24,24,24,24,601,6010,-2.068052,-3.197961,-4.981905,-3.224888,-3.883596,-2.931904,-1.812456,-68.79285,0.2483352,0.2417759,0.3575799,0.2424277,-0.0001476886,-0.1113035,-0.8854287,2.6773,23,23,23,23,23,23,23,23,23,23,23,23,23,23,23,23
602,6020,-34.39326,-52.71412,-17.60356,-13.4006,-10.97625,-8.271119,-5.617156,-5.268903,-4.210804,-3.937066,-2.020186,-2.900829,-2.622946,-2.031014,-2.268442,0.1206424,24,24,24,24,24,24,24,24,24,24,24,24,24,24,24,24,602,6020,-1.883072,-1.975872,-3.01272,-1.809988,96.92521,79.05041,-1.306083,-1.695042,-3.236975,-1.417606,-2.366771,-3.366394,-2.305344,-2.339449,-2.409444,-2.487022,24,24,24,24,24,24,24,24,24,24,24,24,24,24,24,24,602,6020,-1.95316,-4.093341,-4.981905,-2.966912,-2.329343,-2.167554,-3.234783,-70.21432,-0.3697807,0.4836932,0.2383807,0.848802,0.2199854,-0.2224536,0.4425811,3.730435,23,23,23,23,23,23,23,23,23,23,23,23,23,23,23,23
603,6030,-34.63376,-52.47231,-17.84968,-13.76593,-12.18296,-8.394511,-6.127617,-5.519679,-3.467739,-4.060137,-2.376622,-2.774753,-2.384508,-3.225685,-2.029673,0.482746,24,24,24,24,24,24,24,24,24,24,24,24,24,24,24,24,603,6030,-1.748575,-2.107695,-1.703499,-2.197821,96.39985,80.15491,-2.089682,-2.34693,-2.201593,-2.31883,-2.629616,-2.69286,-1.921399,-2.228086,-2.048162,-3.165286,24,24,24,24,24,24,24,24,24,24,24,24,24,24,24,24,603,6030,-2.757392,-5.500367,-5.237491,-2.579948,-2.458864,-1.657988,-2.588271,-68.79285,0.2483352,0.4836932,0.7151787,-0.3639466,-0.220284,-0.0001549125,0.663915,3.730435,23,23,23,23,23,23,23,23,23,23,23,23,23,23,23,23
604,6040,-35.47551,-52.23051,-16.8652,-13.76593,-10.97625,-9.258251,-5.234309,-4.892738,-3.591583,-5.413914,-2.495451,-3.783358,-2.742166,-3.46462,-2.626595,-1.207067,24,24,24,24,24,24,24,24,24,24,24,24,24,24,24,24,604,6040,-2.017569,-2.503165,-2.489035,-2.844209,97.31927,80.52309,-1.828482,-2.086173,-2.460438,-3.348802,-1.841241,-2.962273,-1.793417,-2.56218,-2.048162,-3.278328,24,24,24,24,24,24,24,24,24,24,24,24,24,24,24,24,604,6040,-2.757392,-4.221252,-4.598527,-2.837924,-2.976949,-2.804513,-2.200363,-69.12088,-0.2461576,0.4836932,0.2383807,0.3636993,0.8803881,0.1109944,-0.2214238,2.6773,23,23,23,23,23,23,23,23,23,23,23,23,23,23,23,23
605,6050,-36.31726,-52.23051,-17.97274,-14.98372,-12.90699,-9.628425,-4.851463,-5.143515,-3.715427,-3.690925,-2.614279,-2.270419,-1.311533,-2.389416,-1.790904,-0.2414597,24,24,24,24,24,24,24,24,24,24,24,24,24,24,24,24,605,6050,-2.824552,-1.580402,-2.22719,-2.844209,97.18791,80.52309,-2.612081,-2.086173,-2.201593,-2.962563,-2.10403,-2.154031,-2.433326,-2.005358,-1.807308,-3.052239,24,24,24,24,24,24,24,24,24,24,24,24,24,24,24,24,605,6050,-1.723379,-4.093341,-4.598527,-2.45096,-2.329343,-1.657988,-2.07106,-70.10499,-0.6170267,-0.7258672,1.311176,0.9700736,0.2200432,0.3332923,-0.3320924,3.613415,23,23,23,23,23,23,23,23,23,23,23,23,23,23,23,23
606,6060,-37.64001,-52.83503,-18.46499,-14.74016,-12.90699,-9.9986,-5.872386,-5.394291,-3.343895,-3.937066,-2.614279,-2.900829,-1.549971,-2.150536,-2.268442,0.3620443,24,24,24,24,24,24,24,24,24,24,24,24,24,24,24,24,606,6060,-2.690055,-1.580402,-2.881797,-1.809988,97.31927,80.15491,-2.089682,-2.34693,-2.719283,-2.447577,-1.578448,-2.288737,-1.921399,-1.893994,-3.011579,-2.487022,24,24,24,24,24,24,24,24,24,24,24,24,24,24,24,24,606,6060,-1.723379,-4.86081,-5.493076,-2.837924,-2.199822,-1.657988,-1.165943,-69.44891,-0.2461576,0.2417791,0.595979,-0.3639498,-0.5504259,0.4444425,0.3319126,3.379386,23,23,23,23,23,23,23,23,23,23,23,23,23,23,23,23
607,6070,-37.03876,-51.9887,-17.97274,-16.44507,-13.269,-10.36877,-6.000002,-6.397395,-4.334648,-4.183208,-2.257792,-4.035509,-2.384506,-3.584142,-2.387826,-0.7242635,24,24,24,24,24,24,24,24,24,24,24,24,24,24,24,24,607,6070,-1.614078,-2.634988,-2.22719,-1.809988,97.31927,80.52309,-1.044884,-2.738061,-2.848707,-1.932591,-1.578448,-2.558152,-1.537456,-2.450813,-2.168641,-2.373979,24,24,24,24,24,24,24,24,24,24,24,24,24,24,24,24,607,6070,-2.182941,-4.349164,-4.087355,-1.935007,-2.458864,-2.677121,-3.105481,-69.33956,0.3719579,0.4836932,0.2383807,-0.0001252143,0.550243,0.5555918,0.3319126,2.6773,23,23,23,23,23,23,23,23,23,23,23,23,23,23,23,23
608,6080,-37.39951,-53.07683,-18.95723,-16.56685,-13.99302,-10.49216,-5.361925,-6.021232,-3.963116,-3.690925,-2.257792,-3.026904,-2.265287,-1.672667,-1.193982,-0.2415079,24,24,24,24,24,24,24,24,24,24,24,24,24,24,24,24,608,6080,-1.479581,-3.030457,-1.834421,-2.197821,97.18791,80.64581,-2.220282,-2.607684,-1.942746,-2.31883,-1.578448,-1.749908,-1.665438,-1.893994,-1.686933,-1.356594,24,24,24,24,24,24,24,24,24,24,24,24,24,24,24,24,608,6080,-2.527611,-4.477075,-4.981905,-2.063995,-2.199822,-2.422338,-1.812456,-68.68349,0.2483352,-0.7258672,-0.119218,0.1211496,0.3301098,0.2221438,-8.989744E-05,2.794263,23,23,23,23,23,23,23,23,23,23,23,23,23,23,23,23
609,6090,-37.88051,-51.86779,-19.32641,-15.59262,-14.71706,-9.011468,-6.127617,-6.522785,-4.210804,-3.813996,-2.138964,-4.035509,-1.907629,-2.508938,-1.67152,0.1205942,24,24,24,24,24,24,24,24,24,24,24,24,24,24,24,24,609,6090,-3.093546,-2.898634,-1.572576,-2.068543,96.6625,80.89125,-2.089682,-2.607684,-1.554478,-1.417606,-1.709843,-1.615202,-2.561308,-1.559904,-1.566506,-2.373986,24,24,24,24,24,24,24,24,24,24,24,24,24,24,24,24,609,6090,-1.26382,-4.093341,-5.237491,-3.0959,-1.94078,-1.785379,-2.200363,-68.79285,0.1247118,-0.1210886,0.7151787,0.8487988,-0.3302896,-0.4447507,0.2212456,3.145306,23,23,23,23,23,23,23,23,23,23,23,23,23,23,23,23
610,6100,-37.27926,-50.90056,-17.84968,-15.22728,-12.4243,-10.24538,-5.234309,-6.522785,-4.334648,-5.413914,-2.376622,-3.909433,-2.026849,-3.584142,-2.029673,-1.327817,24,24,24,24,24,24,24,24,24,24,24,24,24,24,24,24,610,6100,-2.286563,-2.371342,-1.441659,-2.068543,97.97598,79.54131,-2.873281,-1.695042,-1.942746,-1.932591,-1.709843,-3.096981,-2.817272,-1.671267,-1.80736,-2.82616,24,24,24,24,24,24,24,24,24,24,24,24,24,24,24,24,610,6100,-1.493601,-3.709606,-4.981905,-1.548043,-2.329343,-2.931904,-2.976178,-69.88629,0.2483352,-0.0001316355,0.4767795,0.8487988,-0.1101565,0.4444425,0.4425811,3.145306,23,23,23,23,23,23,23,23,23,23,23,23,23,23,23,23
611,6110,-35.47551,-50.29605,-17.84968,-14.86194,-12.30363,-9.381641,-5.489541,-5.519679,-3.715427,-4.060137,-1.663648,-2.774753,-1.549971,-2.508938,-1.193982,-0.0001075559,24,24,24,24,24,24,24,24,24,24,24,24,24,24,24,24,611,6110,-2.555558,-1.712226,-1.441647,-1.551433,97.31927,79.17313,-2.220282,-1.955796,-2.97813,-2.31883,-2.235428,-3.905223,-1.921399,-2.228086,-1.80736,-2.600071,24,24,24,24,24,24,24,24,24,24,24,24,24,24,24,24,611,6110,-2.642503,-4.349164,-5.237542,-2.321971,-1.811258,-2.040163,-3.234783,-69.44891,-0.1225342,-0.4839564,-0.2384176,-0.4852246,0.2200432,0.6667412,0.3319126,2.911277,23,23,23,23,23,23,23,23,23,23,23,23,23,23,23,23
612,6120,-33.91226,-49.32882,-17.60356,-12.54814,-11.2176,-8.024337,-6.255233,-5.770455,-4.953869,-3.813996,-1.663648,-3.026904,-2.026849,-1.792134,-1.67152,-0.6036115,24,24,24,24,24,24,24,24,24,24,24,24,24,24,24,24,612,6120,-1.883072,-1.844049,-2.489022,-1.551432,96.53115,79.17313,-2.220282,-1.955796,-2.97813,-1.417606,-2.235428,-3.366394,-1.665438,-2.228086,-2.289068,-2.82616,24,24,24,24,24,24,24,24,24,24,24,24,24,24,24,24,612,6120,-2.068052,-3.837518,-4.981956,-2.321973,-3.10647,-2.549729,-2.588271,-68.68349,0.2483352,-0.3629994,-1.846108E-05,0.2424245,0.6603127,0.3332939,-0.5534263,2.794263,23,23,23,23,23,23,23,23,23,23,23,23,23,23,23,23
613,6130,-32.70975,-48.11978,-16.61907,-13.03526,-9.890207,-7.283988,-3.575308,-4.892738,-3.591583,-4.429348,-1.307162,-3.279056,-1.430752,-3.106273,-1.790904,-0.9657136,24,24,24,24,24,24,24,24,24,24,24,24,24,24,24,24,613,6130,-2.42106,-1.580402,-2.096261,-1.292876,96.66245,80.0322,-2.612081,-2.607684,-2.460438,-3.220056,-3.812178,-2.69286,-2.433326,-2.339449,-2.289068,-3.165292,24,24,24,24,24,24,24,24,24,24,24,24,24,24,24,24,613,6130,-2.29783,-3.965429,-5.620921,-3.611854,-2.0703,-1.912771,-1.683153,-69.55826,-0.8642731,-0.4839564,0.8343782,0.3636993,0.4401764,0.1109952,0.663915,3.26232,23,23,23,23,23,23,23,23,23,23,23,23,23,23,23,23
614,6140,-33.79201,-49.69153,-17.11131,-13.52238,-10.01089,-6.54364,-4.341,-4.641963,-3.715427,-4.183208,-1.663648,-3.279056,-1.907629,-2.508938,-1.432751,-0.2415079,24,24,24,24,24,24,24,24,24,24,24,24,24,24,24,24,614,6140,-1.748575,-2.634988,-1.965338,-2.327097,96.39974,79.90947,-1.959082,-2.607684,-2.07217,-3.220056,-3.023803,-2.288737,-2.561308,-2.56218,-2.168641,-3.617463,24,24,24,24,24,24,24,24,24,24,24,24,24,24,24,24,614,6140,-3.216951,-5.244544,-5.237542,-2.579949,-2.0703,-2.677172,-2.588271,-69.44891,0.8664507,0.1208254,0.7151787,-0.7277743,0.1099767,0.3332939,0.4425811,3.613363,23,23,23,23,23,23,23,23,23,23,23,23,23,23,23,23
615,6150,-34.99451,-48.7243,-17.72662,-14.00949,-11.82095,-7.900944,-6.765696,-5.268903,-4.953869,-3.813996,-2.851937,-3.279056,-1.907629,-2.986805,-1.790904,-0.3622096,24,24,24,24,24,24,24,24,24,24,24,24,24,24,24,24,615,6150,-2.42106,-2.107695,-2.358106,-2.585653,97.45052,80.52309,-2.612077,-2.477307,-2.589862,-3.220056,-2.366823,-1.749908,-3.201217,-2.450813,-2.168641,-3.50442,24,24,24,24,24,24,24,24,24,24,24,24,24,24,24,24,615,6150,-2.757392,-3.965429,-4.981956,-3.611854,-3.495033,-3.059347,-2.071114,-69.23022,0.4955813,0.6046469,0.3575799,0.1211496,0.550243,0.7778897,-0.1107569,2.44322,23,23,23,23,23,23,23,23,23,23,23,23,23,23,23,23
616,6160,-35.83626,-48.96611,-17.4805,-13.88771,-11.45893,-7.900944,-6.000003,-5.770454,-4.334648,-4.67549,-1.901306,-3.531207,-1.311533,-3.345207,-0.9552132,-1.086415,24,24,24,24,24,24,24,24,24,24,24,24,24,24,24,24,616,6160,-2.42106,-2.107695,-2.358106,-2.71493,97.58187,80.27764,-2.08968,-2.346927,-3.107552,-3.091309,-1.841241,-2.558152,-2.561308,-1.671267,-2.168641,-3.617463,24,24,24,24,24,24,24,24,24,24,24,24,24,24,24,24,616,6160,-2.412722,-4.477075,-4.087406,-2.966914,-2.199821,-1.912822,-2.976232,-70.21432,-0.1225342,-0.8468242,0.7151787,0.7275239,0.3301098,0.3332939,-0.3320924,3.028291,23,23,23,23,23,23,23,23,23,23,23,23,23,23,23,23
617,6170,-36.79826,-49.93333,-18.0958,-14.86194,-11.2176,-8.147727,-5.744772,-4.892738,-4.086959,-4.429348,-2.733108,-3.531207,-1.78841,-2.389471,-0.7164448,0.1205942,24,24,24,24,24,24,24,24,24,24,24,24,24,24,24,24,617,6170,-2.555558,-1.975872,-2.881791,-1.809987,97.45052,80.40036,-1.56728,-1.695039,-3.366453,-2.447577,-2.498218,-2.69286,-2.68929,-2.784907,-3.372911,-2.713117,24,24,24,24,24,24,24,24,24,24,24,24,24,24,24,24,617,6170,-2.068052,-4.604986,-5.493128,-3.095901,-2.199821,-1.912822,-2.459022,-69.99564,-0.246209,0.846561,0.8343782,0.1211496,-0.1101565,-0.5559,0.1105787,3.379334,23,23,23,23,23,23,23,23,23,23,23,23,23,23,23,23
618,6180,-38.24126,-50.05424,-19.20335,-15.47084,-12.90699,-9.258249,-8.041851,-6.272007,-5.201557,-4.183156,-2.733108,-4.665886,-2.861383,-3.106273,-2.268442,-0.6036115,24,24,24,24,24,24,24,24,24,24,24,24,24,24,24,24,618,6180,-1.748575,-3.030457,-2.881791,-1.939264,96.7938,79.90947,-2.08968,-2.998815,-2.201648,-2.318831,-1.841241,-3.096981,-2.561308,-2.339449,-2.409495,-2.147897,24,24,24,24,24,24,24,24,24,24,24,24,24,24,24,24,618,6180,-1.95316,-4.349164,-4.598578,-2.192985,-1.940779,-3.186738,-3.364139,-69.77695,0.001037031,0.4836932,0.4767795,-0.3639498,-0.220223,0.6667412,-0.5534263,2.677248,23,23,23,23,23,23,23,23,23,23,23,23,23,23,23,23
619,6190,-39.68427,-50.05424,-18.58805,-15.95796,-13.02765,-9.628425,-7.786621,-6.773559,-4.70618,-5.044651,-2.73316,-3.909433,-2.265287,-3.106273,-1.67152,-0.6036115,24,24,24,24,24,24,24,24,24,24,24,24,24,24,24,24,619,6190,-2.152066,-2.634988,-2.227183,-1.809987,97.05651,81.1367,-2.350879,-3.389946,-1.554532,-2.190084,-2.892354,-1.211081,-2.561308,-2.450813,-1.686933,-1.808769,24,24,24,24,24,24,24,24,24,24,24,24,24,24,24,24,619,6190,-2.068052,-4.732898,-4.598578,-1.677032,-2.458863,-2.677172,-2.200416,-69.12088,0.1246605,-0.7258672,0.7151787,0.2424245,0.2200432,1.000188,0.1105787,2.326199,23,23,23,23,23,23,23,23,23,23,23,23,23,23,23,23
620,6200,-38.96276,-51.38418,-17.84968,-16.68863,-14.71706,-11.10912,-9.062776,-7.525888,-5.449244,-4.798509,-2.614331,-4.28766,-2.146068,-3.345207,-1.67152,-0.1208077,24,24,24,24,24,24,24,24,24,24,24,24,24,24,24,24,620,6200,-2.690055,-2.371342,-1.703492,-1.422154,96.39974,81.01398,-2.873278,-2.738058,-2.201648,-1.803845,-2.892354,-2.423444,-2.68929,-2.673543,-1.566506,-2.82616,24,24,24,24,24,24,24,24,24,24,24,24,24,24,24,24,620,6200,-1.838271,-4.349164,-5.365335,-3.482866,-2.199821,-2.294997,-2.717627,-69.23022,-0.246209,0.7256039,0.8343782,0.3637507,-0.1101565,0.1109952,0.2212456,3.379334,23,23,23,23,23,23,23,23,23,23,23,23,23,23,23,23
621,6210,-37.51976,-49.93333,-17.84968,-15.1055,-14.59638,-11.72608,-9.700853,-7.651276,-5.820777,-4.92158,-3.327305,-4.161584,-3.218991,-3.22574,-2.387826,-0.4829098,24,24,24,24,24,24,24,24,24,24,24,24,24,24,24,24,621,6210,-2.690055,-2.503165,-1.572569,-2.327097,97.58187,79.41858,-2.350879,-1.434281,-1.295687,-2.061338,-1.578397,-2.69286,-2.561308,-2.005358,-1.80736,-2.600071,24,24,24,24,24,24,24,24,24,24,24,24,24,24,24,24,621,6210,-1.60849,-4.604986,-5.493128,-2.192985,-1.422694,-2.677172,-1.941812,-69.66759,0.1246605,0.4836932,0.8343782,0.3637507,0.1099253,0.3332939,0.9959175,3.379334,23,23,23,23,23,23,23,23,23,23,23,23,23,23,23,23
622,6220,-35.95651,-50.05424,-16.98825,-14.49661,-13.269,-11.23251,-8.552313,-7.024336,-4.830024,-5.167721,-2.376673,-3.783358,-2.742114,-3.225685,-1.313367,-0.6036115,24,24,24,24,24,24,24,24,24,24,24,24,24,24,24,24,622,6220,-2.286563,-1.844049,-2.358106,-1.422154,97.31916,78.31413,-1.95908,-1.303905,-2.331071,-2.190084,-2.103979,-3.231686,-1.793417,-1.782682,-2.168641,-2.034854,24,24,24,24,24,24,24,24,24,24,24,24,24,24,24,24,622,6220,-2.527611,-4.477075,-4.854163,-2.321973,-2.329342,-2.040214,-2.588325,-69.12088,0.4955299,-0.2420424,-0.3576172,-0.3638984,0.3300584,0.8890399,0.7745836,3.496349,23,23,23,23,23,23,23,23,23,23,23,23,23,23,23,23
623,6230,-34.51351,-51.02147,-16.74213,-15.95796,-14.83773,-13.20678,-10.21132,-8.278217,-6.192021,-5.660004,-2.495502,-4.539811,-2.503676,-2.986753,-1.552136,-0.3622096,24,24,24,24,24,24,24,24,24,24,24,24,24,24,24,24,623,6230,-1.614078,-0.7894641,-2.096261,-1.939264,96.13708,79.17313,-2.481479,-2.086169,-2.978185,-2.061338,-3.549337,-2.827565,-1.793417,-2.005409,-2.529531,-2.147897,24,24,24,24,24,24,24,24,24,24,24,24,24,24,24,24,623,6230,-2.068052,-3.453783,-5.493128,-2.966914,-2.458863,-1.785431,-1.941812,-68.90218,0.1246605,-0.0001316355,0.8343782,0.8488501,0.7703279,-0.0001541099,-0.5534809,3.145306,23,23,23,23,23,23,23,23,23,23,23,23,23,23,23,23
624,6240,-33.55151,-49.69153,-16.61907,-14.49661,-13.87236,-12.21964,-10.72178,-8.02744,-6.439423,-5.290792,-3.683791,-4.413735,-3.695868,-3.584087,-2.626595,-0.6036131,24,24,24,24,24,24,24,24,24,24,24,24,24,24,24,24,624,6240,-1.614078,-1.580402,-1.31073,-1.551432,96.00574,79.78675,-1.56728,-1.955793,-1.683956,-2.061338,-2.498166,-1.615202,-1.281493,-2.005409,-1.32505,-2.713117,24,24,24,24,24,24,24,24,24,24,24,24,24,24,24,24,624,6240,-1.838271,-3.965429,-5.237542,-2.45096,-1.293173,-1.530648,-2.459022,-69.12088,-0.4934551,0.2417791,0.8343782,0.4850256,0.3300584,0.6667412,0.5531951,3.379392,23,23,23,23,23,23,23,23,23,23,23,23,23,23,23,23
625,6250,-32.5895,-48.96611,-15.14234,-12.66992,-11.70028,-9.875208,-7.786621,-7.275111,-5.820777,-4.552369,-2.495502,-3.909433,-2.265237,-3.10622,-1.790905,-0.482913,24,24,24,24,24,24,24,24,24,24,24,24,24,24,24,24,625,6250,-1.883072,-2.239518,-1.441647,-2.844208,96.7938,80.76853,-1.436681,-1.955793,-1.942801,-2.447577,-1.841189,-1.615202,-1.281493,-1.225862,-1.32505,-2.600071,24,24,24,24,24,24,24,24,24,24,24,24,24,24,24,24,625,6250,-2.068052,-4.604986,-5.365335,-1.935009,-1.422694,-1.275865,-1.941812,-69.01153,0.2482839,0.3627362,0.7151787,0.2424759,0.2199919,0.3332939,0.5531951,3.379392,23,23,23,23,23,23,23,23,23,23,23,23,23,23,23,23
626,6260,-33.5515,-50.29605,-15.51152,-13.76593,-12.06228,-10.24538,-8.169466,-7.024336,-5.944621,-5.044651,-2.970818,-3.909433,-2.622895,-2.62835,-1.67152,-0.482913,24,24,24,24,24,24,24,24,24,24,24,24,24,24,24,24,626,6260,-2.555558,-1.448579,-1.965338,-2.19782,97.05651,80.76853,-3.265076,-1.434281,-2.978185,-2.061338,-1.447002,-1.615202,-1.409475,-1.44859,-2.529531,-2.713117,24,24,24,24,24,24,24,24,24,24,24,24,24,24,24,24,626,6260,-2.068052,-3.453835,-4.598578,-1.677032,-1.940779,-2.040214,-1.941812,-69.01153,0.4955299,0.846561,0.3575799,1.0914,0.440125,0.4444425,-0.0001428727,1.975214,23,23,23,23,23,23,23,23,23,23,23,23,23,23,23,23
627,6270,-34.5135,-50.41695,-16.12683,-16.07973,-13.99302,-9.998598,-7.786621,-6.272007,-5.077713,-4.306227,-3.089646,-3.531207,-2.622895,-2.389416,-2.507211,0.120591,24,24,24,24,24,24,24,24,24,24,24,24,24,24,24,24,627,6270,-1.748575,-1.712226,-3.274572,-2.068542,97.18781,80.27764,-1.95908,-1.173528,-2.978185,-1.675099,-1.184209,-2.019323,-1.153511,-1.44859,-2.649979,-1.695722,24,24,24,24,24,24,24,24,24,24,24,24,24,24,24,24,627,6270,-1.148931,-3.709659,-4.854165,-2.45096,-1.552216,-0.8936897,-1.036694,-68.68349,-0.8643245,-0.3629994,0.2383807,0.6063004,0.3300584,0.4444425,-0.6641478,3.379392,23,23,23,23,23,23,23,23,23,23,23,23,23,23,23,23
628,6280,-34.754,-51.74689,-17.4805,-16.93219,-14.59638,-10.73895,-7.914236,-6.898948,-5.201557,-4.306227,-2.851988,-3.279055,-3.099772,-3.10622,-1.193983,-0.1208109,24,24,24,24,24,24,24,24,24,24,24,24,24,24,24,24,628,6280,-0.6725982,-2.239518,-2.489042,-1.422206,97.71322,80.40036,-1.69788,-1.955793,-1.813379,-1.675099,-1.315604,-2.558152,-1.025529,-1.894046,-1.686394,-1.469637,24,24,24,24,24,24,24,24,24,24,24,24,24,24,24,24,628,6280,-1.26382,-4.988773,-6.132093,-1.80602,-1.811258,-1.148474,-2.071114,-69.33956,-0.246209,0.4836932,1.072777,-7.384432E-05,-0.1102078,-0.3336022,0.2211926,3.730435,23,23,23,23,23,23,23,23,23,23,23,23,23,23,23,23
629,6290,-33.792,-52.1096,-16.49601,-15.47084,-13.63102,-11.3559,-7.786621,-7.400501,-5.696933,-5.290792,-3.208475,-3.909433,-2.861333,-3.10622,-1.910289,-0.845015,24,24,24,24,24,24,24,24,24,24,24,24,24,24,24,24,629,6290,-1.479581,-2.898634,-1.310743,-1.551484,96.13714,80.64581,-2.220279,-2.738058,-1.554532,-1.288859,-2.103979,-1.076373,-1.793417,-1.894046,-1.445498,-1.921811,24,24,24,24,24,24,24,24,24,24,24,24,24,24,24,24,629,6290,-1.60849,-3.965481,-4.598578,-1.677032,-2.070301,-3.568913,-1.941812,-69.01153,0.001037031,0.4836932,0.2383807,-7.384432E-05,-0.1102078,0.4444425,-0.2214784,2.092228,23,23,23,23,23,23,23,23,23,23,23,23,23,23,23,23
630,6300,-33.67175,-50.90056,-16.24989,-15.95795,-14.47571,-10.61555,-7.914236,-7.525888,-4.953868,-3.444732,-2.970818,-3.15298,-2.861333,-2.508883,-2.268442,0.120591,24,24,24,24,24,24,24,24,24,24,24,24,24,24,24,24,630,6300,-2.152066,-1.975872,-0.787052,-1.422206,96.6625,80.15491,-2.742678,-2.216547,-1.295687,-1.546352,-1.972584,-1.884616,-2.177362,-1.671319,-0.9637057,-2.373986,24,24,24,24,24,24,24,24,24,24,24,24,24,24,24,24,630,6300,-1.95316,-3.965481,-4.981957,-2.063996,-1.94078,-1.403256,-2.200416,-69.23022,-0.4934551,-0.967778,0.3575799,0.6063004,0.5501916,1.111338,-0.4428123,2.794321,23,23,23,23,23,23,23,23,23,23,23,23,23,23,23,23
631,6310,-33.19075,-51.86779,-16.37295,-14.86194,-13.75169,-10.49216,-7.276157,-6.397396,-4.334648,-3.567804,-3.327305,-2.900829,-2.742114,-2.150481,-2.029673,0.2412927,24,24,24,24,24,24,24,24,24,24,24,24,24,24,24,24,631,6310,-2.017569,-1.05311,-1.048898,-2.068595,97.71327,79.29586,-2.481481,-1.695039,-1.166263,-1.803845,-1.052815,-2.288737,-2.561308,-1.225862,-1.445498,-2.487029,24,24,24,24,24,24,24,24,24,24,24,24,24,24,24,24,631,6310,-1.148931,-3.709659,-5.493128,-2.708937,-1.422695,-2.040214,-2.329719,-68.24612,-0.246209,-0.1210886,0.595979,0.121201,0.5501916,-0.4447507,-0.0001428727,3.379392,23,23,23,23,23,23,23,23,23,23,23,23,23,23,23,23
632,6320,-32.95025,-51.62599,-15.63458,-14.37483,-12.06228,-9.751816,-5.744771,-6.146621,-4.086959,-4.183156,-3.089646,-3.279055,-2.503676,-3.345153,-1.790905,-0.845015,24,24,24,24,24,24,24,24,24,24,24,24,24,24,24,24,632,6320,-0.8070956,-1.316757,-1.834428,-1.163651,96.6625,79.17313,-2.350881,-1.434281,-1.295687,-1.417606,-1.972584,-2.827565,-1.281493,-1.894046,-1.92729,-2.147897,24,24,24,24,24,24,24,24,24,24,24,24,24,24,24,24,632,6320,-1.493601,-4.221304,-5.237543,-2.063996,-2.199822,-1.785431,-2.200416,-69.12088,0.1246605,-0.2420424,1.072777,0.121201,0.1099253,0.8890399,0.3318596,3.496407,23,23,23,23,23,23,23,23,23,23,23,23,23,23,23,23
633,6330,-32.83,-51.62599,-14.52704,-12.30458,-11.09693,-8.024337,-5.361925,-5.018127,-3.715427,-2.460168,-2.139016,-2.648678,-2.742114,-2.389416,-1.790905,0.2412927,24,24,24,24,24,24,24,24,24,24,24,24,24,24,24,24,633,6330,-1.614078,-1.448579,-1.572589,-1.422206,96.00578,79.78675,-2.220282,-1.564662,-2.072171,-1.160114,-2.629564,-2.154031,-1.537456,-1.782682,-2.529531,-2.260943,24,24,24,24,24,24,24,24,24,24,24,24,24,24,24,24,633,6330,-1.838271,-4.477128,-4.854165,-1.935009,-2.070301,-2.167605,-2.84693,-68.57415,0.2483352,-0.3629994,0.1191811,-0.4851733,-0.1102078,-0.0001541099,0.774529,2.911329,23,23,23,23,23,23,23,23,23,23,23,23,23,23,23,23
634,6340,-34.5135,-51.86779,-16.12683,-13.52237,-12.54497,-8.764685,-5.744771,-5.645068,-3.591583,-3.567855,-2.970818,-3.026904,-2.742114,-2.62835,-1.790905,0.2412927,24,24,24,24,24,24,24,24,24,24,24,24,24,24,24,24,634,6340,-1.479581,-1.580402,-0.5252065,-1.939317,96.00578,80.15491,-1.828482,-1.955793,-1.166211,-2.447577,-2.629564,-1.749908,-1.793417,-2.562231,-1.565946,-2.82616,24,24,24,24,24,24,24,24,24,24,24,24,24,24,24,24,634,6340,-1.378709,-3.453835,-5.237543,-2.192985,-1.94078,-2.040214,-1.812509,-69.12088,0.001088401,-0.0001348462,0.9535774,0.8488501,0.2199919,-0.3336022,-0.3321453,3.379392,23,23,23,23,23,23,23,23,23,23,23,23,23,23,23,23
635,6350,-32.1085,-51.50508,-13.66561,-12.66992,-10.73491,-7.530771,-4.723847,-5.645068,-3.343895,-4.429348,-2.733108,-3.531207,-2.861333,-3.942489,-2.029673,-0.9657168,24,24,24,24,24,24,24,24,24,24,24,24,24,24,24,24,635,6350,-1.614078,-2.766811,-1.834428,-2.197872,96.53115,80.27764,-1.697883,-1.695039,-2.589863,-2.962563,-2.10403,-2.019323,-2.561308,-2.673595,-1.92729,-3.052246,24,24,24,24,24,24,24,24,24,24,24,24,24,24,24,24,635,6350,-1.378709,-4.349216,-5.10975,-2.708937,-2.458864,-1.021081,-2.459022,-70.21432,-0.1225342,-0.4839596,0.7152308,0.4850256,-0.5504773,0.1109952,0.5531951,3.028349,23,23,23,23,23,23,23,23,23,23,23,23,23,23,23,23
636,6360,-31.6275,-50.90056,-15.2654,-14.74016,-12.78632,-8.39451,-5.744771,-5.268903,-3.096207,-2.829431,-2.851937,-2.648678,-2.384456,-2.150481,-2.149058,-0.2415111,24,24,24,24,24,24,24,24,24,24,24,24,24,24,24,24,636,6360,-1.748575,-1.316757,-1.965351,-2.068595,97.18791,80.89125,-2.220282,-1.434281,-2.589863,-2.70507,-2.629616,-2.558152,-2.177362,-2.228137,-3.131771,-2.939203,24,24,24,24,24,24,24,24,24,24,24,24,24,24,24,24,636,6360,-1.838271,-4.73295,-4.598578,-2.45096,-2.199822,-1.785431,-3.622745,-69.55826,0.6192039,0.4836899,0.7152308,0.121201,-0.0001412674,0.2221438,0.774529,3.964464,23,23,23,23,23,23,23,23,23,23,23,23,23,23,23,23
637,6370,-31.74775,-51.62599,-15.14234,-14.61839,-13.51034,-9.505033,-5.872387,-5.268903,-3.343895,-3.567855,-1.901306,-2.522602,-2.622946,-2.62835,-2.029673,0.2412927,24,24,24,24,24,24,24,24,24,24,24,24,24,24,24,24,637,6370,-2.152066,-2.371342,-3.012726,-2.585705,97.31927,80.0322,-2.481481,-2.346927,-3.495822,-2.447577,-1.841241,-3.231686,-2.049381,-2.450864,-3.131771,-2.487029,24,24,24,24,24,24,24,24,24,24,24,24,24,24,24,24,637,6370,-2.527611,-4.221304,-4.854165,-2.966914,-3.624555,-3.186738,-2.717627,-69.44891,0.3719579,0.2417759,-0.4767638,0.2424759,0.2199887,-0.3336022,-0.6641478,2.560285,23,23,23,23,23,23,23,23,23,23,23,23,23,23,23,23
638,6380,-30.30475,-50.65876,-14.03479,-12.66992,-10.97625,-8.641294,-4.213385,-5.018127,-2.972362,-4.183208,-2.376622,-3.783357,-2.02685,-3.464623,-1.790905,-0.9657168,24,24,24,24,24,24,24,24,24,24,24,24,24,24,24,24,638,6380,-1.614078,-3.294104,-1.834428,-1.810039,97.71327,80.52309,-1.306083,-2.738058,-2.46044,-1.417606,-2.629616,-2.558152,-1.665438,-2.673543,-2.168186,-2.260943,24,24,24,24,24,24,24,24,24,24,24,24,24,24,24,24,638,6380,-2.068052,-4.221304,-4.342992,-2.45096,-2.329343,-1.530648,-2.717627,-69.44891,-0.4934037,-0.4839596,0.8344304,0.6063004,0.4401218,0.8890896,-0.2214784,3.496407,23,23,23,23,23,23,23,23,23,23,23,23,23,23,23,23
639,6390,-30.425,-51.14237,-13.29643,-11.0868,-10.49356,-7.777554,-4.213385,-4.391186,-2.476986,-3.444784,-1.782477,-2.396527,-1.430754,-2.031018,-1.910289,0.2412927,24,24,24,24,24,24,24,24,24,24,24,24,24,24,24,24,639,6390,-1.479581,-3.425927,-2.619964,-1.680761,96.92521,80.27764,-1.567283,-3.650703,-2.331017,-2.31883,-2.498218,-2.558152,-2.817272,-3.453089,-2.52987,-2.373986,24,24,24,24,24,24,24,24,24,24,24,24,24,24,24,24,639,6390,-1.493601,-3.965481,-5.493128,-3.611854,-2.458864,-2.422388,-1.683207,-68.79285,0.001088401,-0.0001348462,1.311228,0.2424759,-0.2202776,-0.0001035426,-0.4428155,3.145364,23,23,23,23,23,23,23,23,23,23,23,23,23,23,23,23
640,6400,-28.62125,-50.41695,-12.92724,-10.23434,-11.57961,-7.777554,-4.723847,-4.892738,-2.724674,-3.690925,-2.614279,-2.900829,-2.265289,-2.628352,-1.790905,-0.4828616,24,24,24,24,24,24,24,24,24,24,24,24,24,24,24,24,640,6400,-2.959049,-2.898634,-1.310743,-1.292928,96.26849,80.40036,-2.742681,-2.607681,-1.683903,-1.932591,-2.498218,-2.019323,-3.073235,-2.673543,-1.927735,-2.034848,24,24,24,24,24,24,24,24,24,24,24,24,24,24,24,24,640,6400,-2.642503,-4.860862,-5.365335,-2.579949,-2.458864,-2.040214,-3.493443,-69.99564,-0.3697803,0.9675115,0.3576325,0.2424759,0.2199887,-0.3335516,0.5531919,3.262326,23,23,23,23,23,23,23,23,23,23,23,23,23,23,23,23
641,6410,-26.45675,-49.08701,-11.69663,-9.138331,-8.80417,-7.160596,-3.447692,-4.516575,-2.724674,-4.060137,-2.020135,-3.15298,-1.788412,-2.986754,-1.910289,-0.9656654,24,24,24,24,24,24,24,24,24,24,24,24,24,24,24,24,641,6410,-2.959049,-2.898634,-2.096273,-2.714983,97.71327,79.05041,-2.220282,-2.998815,-2.848708,-2.833816,-3.023803,-2.827565,-3.073235,-3.230362,-2.770725,-3.052239,24,24,24,24,24,24,24,24,24,24,24,24,24,24,24,24,641,6410,-3.102113,-5.244596,-5.237543,-2.321973,-2.329343,-2.677171,-3.105534,-68.79285,1.113697,0.7256007,-0.1191655,-0.7277229,0.4401218,0.4444923,0.4425249,3.379334,23,23,23,23,23,23,23,23,23,23,23,23,23,23,23,23
642,6420,-27.539,-49.93333,-11.81969,-10.59968,-9.890207,-7.777554,-4.08577,-4.14041,-1.981609,-2.460219,-1.901306,-1.639759,-1.192315,-2.389419,-0.955214,-0.1207595,24,24,24,24,24,24,24,24,24,24,24,24,24,24,24,24,642,6420,-2.690055,-2.371342,-2.489042,-2.714983,96.26849,79.05041,-1.697883,-2.346927,-2.848708,-2.70507,-2.498218,-2.69286,-2.68929,-2.339449,-2.409444,-2.487022,24,24,24,24,24,24,24,24,24,24,24,24,24,24,24,24,642,6420,-2.987224,-4.732899,-4.598578,-2.45096,-4.013118,-3.823696,-2.84693,-69.88629,-0.2461572,0.7256007,0.1192333,-7.384432E-05,0.1099221,0.666791,-0.000144478,2.560234,23,23,23,23,23,23,23,23,23,23,23,23,23,23,23,23
643,6430,-27.539,-49.32882,-12.31194,-8.894773,-9.286855,-7.407379,-6.127618,-4.265798,-2.848518,-2.58329,-2.376622,-2.648678,-1.907631,-2.389419,-1.313367,-0.3621598,24,24,24,24,24,24,24,24,24,24,24,24,24,24,24,24,643,6430,-2.017569,-1.580402,-2.750868,-1.810039,96.92521,79.29586,-1.697883,-1.564662,-3.625246,-1.932591,-2.76101,-3.501102,-2.305344,-2.116722,-2.650297,-1.808762,24,24,24,24,24,24,24,24,24,24,24,24,24,24,24,24,643,6430,-2.297881,-4.604987,-5.109699,-2.579949,-3.495033,-2.931955,-2.329719,-69.66759,0.4955813,-0.6049134,0.1192333,0.3637507,0.1099221,0.4444923,-0.3321469,2.794263,23,23,23,23,23,23,23,23,23,23,23,23,23,23,23,23
644,6440,-29.10226,-49.20791,-11.32745,-9.625447,-8.562834,-6.913814,-4.596232,-4.14041,-2.229297,-3.321713,-0.950675,-2.27042,-1.669192,-2.986754,-1.313367,-0.3621598,24,24,24,24,24,24,24,24,24,24,24,24,24,24,24,24,644,6440,-2.286563,-2.107695,-1.31073,-2.327149,96.26849,80.0322,-1.697883,-2.086169,-1.813326,-2.447577,-2.629616,-2.019323,-1.921399,-1.782631,-1.446027,-2.487022,24,24,24,24,24,24,24,24,24,24,24,24,24,24,24,24,644,6440,-1.838322,-4.604987,-5.365285,-3.353827,-2.847427,-2.294997,-2.071114,-68.90218,-0.6170267,0.1208222,0.4768321,0.121201,-0.440414,-1.000447,-0.22148,3.379334,23,23,23,23,23,23,23,23,23,23,23,23,23,23,23,23
645,6450,-28.14025,-49.44972,-12.31194,-9.990784,-8.321478,-6.913814,-4.213385,-4.516575,-1.486233,-2.58329,-1.544819,-1.513627,-0.9538768,-1.91155,-1.074598,-5.779121E-05,24,24,24,24,24,24,24,24,24,24,24,24,24,24,24,24,645,6450,-2.152066,-1.712226,-1.441647,-3.232093,96.39985,80.64581,-2.089682,-2.477304,-2.072171,-2.962563,-1.709843,-2.154031,-1.793417,-2.450813,-2.650297,-3.61746,24,24,24,24,24,24,24,24,24,24,24,24,24,24,24,24,645,6450,-1.608541,-4.221252,-5.748663,-2.321922,-2.329342,-2.804563,-3.105534,-70.10499,0.4955813,0.4836899,1.072829,0.6063004,-0.3303474,0.3333437,0.2211894,2.911277,23,23,23,23,23,23,23,23,23,23,23,23,23,23,23,23
646,6460,-27.2985,-48.24068,-10.58908,-7.920541,-7.597457,-5.186335,-4.468616,-3.764246,-2.353142,-1.844866,-2.376622,-2.396527,-2.503727,-2.628352,-1.790905,-0.2414597,24,24,24,24,24,24,24,24,24,24,24,24,24,24,24,24,646,6460,-2.42106,-1.712226,-2.358106,-2.068594,97.05656,80.76853,-2.873281,-1.434281,-2.978132,-2.576323,-1.972636,-1.749908,-2.817272,-1.671267,-2.168589,-2.600068,24,24,24,24,24,24,24,24,24,24,24,24,24,24,24,24,646,6460,-2.872332,-5.500367,-5.237492,-2.321922,-2.458863,-2.040214,-2.717627,-70.10499,0.2483352,0.1208222,-0.2383651,-0.2426236,0.5501884,0.3333437,0.7745274,3.379334,23,23,23,23,23,23,23,23,23,23,23,23,23,23,23,23
647,6470,-24.77325,-46.91074,-10.58908,-8.529437,-6.873423,-4.81616,-3.064846,-3.137305,-2.229297,-2.58329,-1.663648,-2.396527,-1.669192,-2.747819,-1.432752,-0.7242635,24,24,24,24,24,24,24,24,24,24,24,24,24,24,24,24,647,6470,-2.824552,-1.712226,-3.667321,-2.456427,97.05656,80.64581,-1.82848,-2.346927,-3.495822,-1.932591,-1.578448,-3.366394,-1.537456,-2.56218,-2.409444,-2.939197,24,24,24,24,24,24,24,24,24,24,24,24,24,24,24,24,647,6470,-2.872332,-4.477075,-5.237492,-3.09585,-3.495033,-3.31413,-2.588272,-69.33956,0.1247118,0.4836899,3.371154E-05,0.121201,0.5501884,0.2221944,-0.3321469,2.44322,23,23,23,23,23,23,23,23,23,23,23,23,23,23,23,23
648,6480,-25.615,-48.11978,-9.97378,-8.407658,-6.873423,-5.556509,-3.958154,-3.388081,-2.476986,-3.075573,-1.663648,-1.513627,-1.192315,-2.389419,-0.4776765,0.3620443,24,24,24,24,24,24,24,24,24,24,24,24,24,24,24,24,648,6480,-1.883072,-2.898634,-2.881791,-2.714983,96.6625,79.90947,-1.69788,-2.998818,-2.719285,-2.31883,-1.972636,-3.231686,-1.921399,-3.453089,-2.891151,-2.939197,24,24,24,24,24,24,24,24,24,24,24,24,24,24,24,24,648,6480,-2.642554,-3.837518,-5.237492,-3.224838,-3.883596,-2.294997,-2.717575,-70.54236,-0.9878958,-0.4839596,0.5960312,0.121201,0.4401218,0.7779403,-0.3321469,3.145306,23,23,23,23,23,23,23,23,23,23,23,23,23,23,23,23
649,6490,-24.77325,-47.39436,-9.850719,-7.433425,-6.873423,-4.322595,-3.192461,-3.262693,-2.724623,-2.214078,-2.376622,-2.522602,-1.788412,-2.150485,-2.029673,-0.6035618,24,24,24,24,24,24,24,24,24,24,24,24,24,24,24,24,649,6490,-2.959049,-3.030457,-2.489022,-2.068594,97.05656,80.15491,-2.873278,-3.520326,-2.719341,-2.061338,-3.023803,-2.019323,-3.073235,-3.341725,-3.011579,-2.713111,24,24,24,24,24,24,24,24,24,24,24,24,24,24,24,24,649,6490,-2.987224,-4.988722,-5.620871,-2.708886,-2.976948,-3.059346,-3.105482,-69.99563,0.1247118,0.6046437,1.192029,0.2424759,-0.110211,-0.0001035426,0.6638604,3.847398,23,23,23,23,23,23,23,23,23,23,23,23,23,23,23,23
650,6500,-26.45675,-47.39436,-9.97378,-8.285879,-6.873423,-4.81616,-2.681999,-2.635752,-1.857714,-2.460218,-1.069504,-1.387495,-0.9538768,-1.91155,-0.3582926,-0.6035618,24,24,24,24,24,24,24,24,24,24,24,24,24,24,24,24,650,6500,-3.36254,-2.898634,-3.143636,-3.102816,96.6625,80.52309,-3.265076,-2.998818,-2.978186,-2.190084,-3.023803,-2.558152,-3.457181,-3.007634,-2.048162,-3.391371,24,24,24,24,24,24,24,24,24,24,24,24,24,24,24,24,650,6500,-2.757443,-4.349164,-5.365285,-3.09585,-3.495033,-3.823696,-4.398508,-71.19843,-0.2461576,-0.1210886,0.7152308,0.4850256,-0.110211,0.666791,0.7745274,2.209191,23,23,23,23,23,23,23,23,23,23,23,23,23,23,23,23
651,6510,-27.539,-48.24068,-11.81969,-12.54814,-8.804163,-5.926682,-2.426768,-3.388081,-2.724623,-2.58329,-2.020188,-1.892023,-1.669192,-2.269952,-1.074598,-0.2414597,24,24,24,24,24,24,24,24,24,24,24,24,24,24,24,24,651,6510,-3.36254,-2.634988,-2.489022,-2.84426,96.26849,79.05041,-2.873278,-3.520326,-3.10761,-3.09131,-2.498214,-2.827565,-3.713145,-3.564453,-3.372859,-3.956589,24,24,24,24,24,24,24,24,24,24,24,24,24,24,24,24,651,6510,-3.676564,-4.86081,-4.854113,-3.353827,-3.495033,-3.696304,-3.881298,-69.55825,0.001088401,-0.4839564,0.1191811,-7.384432E-05,-0.110211,0.2221944,0.331858,3.028291,23,23,23,23,23,23,23,23,23,23,23,23,23,23,23,23
652,6520,-31.02626,-48.48249,-12.92724,-12.66992,-8.924831,-4.81616,-3.064846,-3.262693,-2.972311,-2.214077,-2.97082,-2.144287,-2.384508,-1.553148,-1.67152,-0.7242635,24,24,24,24,24,24,24,24,24,24,24,24,24,24,24,24,652,6520,-3.228043,-2.898634,-2.358106,-3.232093,96.79385,79.41858,-2.481479,-2.21655,-2.719341,-2.190084,-2.892402,-3.366394,-2.433326,-2.56218,-2.650297,-3.278328,24,24,24,24,24,24,24,24,24,24,24,24,24,24,24,24,652,6520,-3.561675,-4.477075,-5.237492,-4.256744,-4.40168,-3.951087,-2.846877,-69.88628,-0.1225342,-0.0001316355,0.1191811,0.8487988,0.1099221,0.111045,-0.3321469,3.262326,23,23,23,23,23,23,23,23,23,23,23,23,23,23,23,23
653,6530,-30.30476,-49.32882,-14.03479,-12.66992,-8.804163,-5.433117,-3.447692,-4.391186,-3.591532,-3.321713,-2.020188,-3.531207,-2.146068,-2.269952,-1.67152,-0.4828616,24,24,24,24,24,24,24,24,24,24,24,24,24,24,24,24,653,6530,-2.42106,-2.371342,-2.881791,-2.068594,96.39985,79.41858,-2.08968,-2.477307,-3.237032,-2.318831,-4.074961,-2.69286,-3.073181,-3.007634,-3.372859,-3.391371,24,24,24,24,24,24,24,24,24,24,24,24,24,24,24,24,653,6530,-2.987224,-5.628279,-4.598527,-4.127756,-3.365511,-2.294997,-2.071062,-70.21432,-1.111519,0.1208254,1.072777,0.3636993,0.3300584,0.4444923,-0.110813,3.730384,23,23,23,23,23,23,23,23,23,23,23,23,23,23,23,23
654,6540,-29.82376,-48.96611,-12.55806,-11.33035,-7.718125,-5.6799,-3.447692,-4.140409,-4.210753,-5.536984,-2.97082,-3.531207,-2.622945,-2.986757,-1.910289,-5.779121E-05,24,24,24,24,24,24,24,24,24,24,24,24,24,24,24,24,654,6540,-2.555558,-2.371342,-2.750868,-2.068594,96.00578,79.90947,-2.08968,-2.998818,-3.495878,-3.220056,-3.812171,-2.962273,-3.201163,-3.45314,-3.132005,-2.939197,24,24,24,24,24,24,24,24,24,24,24,24,24,24,24,24,654,6540,-3.102113,-5.500367,-6.132042,-3.998768,-3.883596,-2.804563,-2.846877,-70.87039,-0.6170267,0.3627362,0.595979,0.3636993,-0.6605439,-0.1113035,0.6638604,3.262326,23,23,23,23,23,23,23,23,23,23,23,23,23,23,23,23
655,6550,-27.41875,-48.24068,-11.94276,-9.990784,-7.23544,-4.81616,-3.064846,-4.391186,-3.591532,-3.567854,-2.614332,-3.531207,-2.742164,-2.150486,-2.268442,0.1206424,24,24,24,24,24,24,24,24,24,24,24,24,24,24,24,24,655,6550,-2.690055,-2.503165,-2.227183,-3.102816,95.87444,80.0322,-2.742678,-2.868438,-2.460495,-3.606295,-3.286586,-3.501102,-3.201163,-3.787235,-3.252219,-3.956589,24,24,24,24,24,24,24,24,24,24,24,24,24,24,24,24,655,6550,-3.791453,-5.244544,-4.342942,-3.482815,-3.23599,-4.078479,-2.071062,-69.33955,0.001088401,0.7256039,0.3575799,0.1211496,0.1099253,0.3332939,0.3319126,2.44322,23,23,23,23,23,23,23,23,23,23,23,23,23,23,23,23
656,6560,-28.38075,-48.48249,-12.31194,-10.11256,-7.356108,-4.569377,-3.320077,-3.764246,-3.096156,-2.952501,-1.663701,-2.270419,-1.669191,-2.389421,-1.552135,0.2412944,24,24,24,24,24,24,24,24,24,24,24,24,24,24,24,24,656,6560,-2.42106,-2.898634,-2.750868,-3.232093,96.79385,80.64581,-2.742678,-2.21655,-2.978186,-3.348802,-2.761004,-2.827565,-2.561253,-2.3395,-3.131771,-3.730509,24,24,24,24,24,24,24,24,24,24,24,24,24,24,24,24,656,6560,-3.676564,-4.86081,-4.981905,-3.224838,-3.624554,-3.186738,-2.071062,-69.55825,-0.4934037,-0.7258672,0.4767795,-0.0001252143,-0.1102078,0.6667412,0.5532481,2.209185,23,23,23,23,23,23,23,23,23,23,23,23,23,23,23,23
657,6570,-28.62125,-48.60339,-12.80418,-12.06103,-9.166181,-6.420249,-4.341,-5.770455,-3.715376,-5.044701,-2.733161,-4.035509,-2.503726,-3.823026,-2.50721,-1.207116,24,24,24,24,24,24,24,24,24,24,24,24,24,24,24,24,657,6570,-3.228043,-2.107695,-3.798244,-2.585705,96.26849,81.01398,-3.134478,-2.34693,-3.366455,-2.70507,-2.761004,-3.231686,-3.457126,-3.230413,-4.095355,-3.391377,24,24,24,24,24,24,24,24,24,24,24,24,24,24,24,24,657,6570,-2.987176,-5.244544,-5.365285,-4.127756,-3.624554,-3.059346,-1.165944,-69.44891,-0.3697807,-0.3629994,0.595979,-0.1214001,-0.4404108,-1.000497,-0.6640948,2.677248,23,23,23,23,23,23,23,23,23,23,23,23,23,23,23,23
658,6580,-31.86801,-49.08701,-13.91173,-13.27882,-10.25222,-7.037205,-4.851463,-4.140409,-3.343844,-3.690925,-2.139016,-3.026904,-2.146068,-2.031019,-2.149057,0.9655001,24,24,24,24,24,24,24,24,24,24,24,24,24,24,24,24,658,6580,-2.42106,-2.371342,-3.929167,-1.939316,97.18791,80.52309,-2.742678,-2.477307,-3.366455,-2.576324,-1.841234,-3.231686,-2.177308,-2.784958,-2.890875,-3.278335,24,24,24,24,24,24,24,24,24,24,24,24,24,24,24,24,658,6580,-2.987176,-4.732898,-5.493078,-3.611803,-2.717905,-2.677171,-3.105482,-70.97974,-0.1225342,-0.0001316355,0.595979,0.7275239,-0.1102078,-0.0001541099,0.4425811,3.730384,23,23,23,23,23,23,23,23,23,23,23,23,23,23,23,23
659,6590,-33.55151,-50.65876,-14.40397,-12.18281,-9.166181,-7.160597,-4.723847,-4.140409,-2.848467,-3.198642,-2.376675,-2.522602,-2.503726,-2.389421,-2.149057,0.1205942,24,24,24,24,24,24,24,24,24,24,24,24,24,24,24,24,659,6590,-2.017569,-2.898634,-3.143649,-2.714983,97.18791,79.90947,-2.220279,-4.172214,-2.978186,-2.576324,-2.235422,-2.827565,-3.073181,-3.007686,-2.770427,-3.052246,24,24,24,24,24,24,24,24,24,24,24,24,24,24,24,24,659,6590,-3.676516,-4.988721,-4.854112,-3.224838,-2.847427,-2.294997,-2.588272,-69.23022,0.1247118,-0.0001316355,0.3575799,-0.8490492,0.1099253,0.4444425,0.663915,3.613363,23,23,23,23,23,23,23,23,23,23,23,23,23,23,23,23
660,6600,-31.38701,-50.53785,-13.0503,-11.20857,-7.838793,-6.667031,-4.851463,-5.143515,-2.972311,-4.92163,-2.614332,-4.035509,-2.026849,-4.300896,-2.984748,-1.327817,24,24,24,24,24,24,24,24,24,24,24,24,24,24,24,24,660,6600,-2.959049,-3.689573,-3.274572,-2.714983,96.92521,80.27764,-2.873278,-3.781083,-2.589918,-2.190084,-2.235422,-2.423444,-3.329144,-2.896322,-2.409082,-2.713117,24,24,24,24,24,24,24,24,24,24,24,24,24,24,24,24,660,6600,-3.676516,-4.732898,-4.854112,-3.998818,-4.142638,-3.568913,-3.105482,-69.88628,0.001088401,0.4836932,-0.2384176,0.8487988,0.3300584,0.3332939,-0.6640948,2.09217,23,23,23,23,23,23,23,23,23,23,23,23,23,23,23,23
661,6610,-30.06425,-50.29605,-12.80418,-11.0868,-8.200816,-6.296857,-3.320077,-4.265798,-3.839221,-3.813995,-1.663701,-2.900829,-2.384506,-2.86729,-2.149057,-0.1208077,24,24,24,24,24,24,24,24,24,24,24,24,24,24,24,24,661,6610,-2.555558,-2.634988,-1.834428,-2.84426,96.9251,79.41858,-3.003878,-2.34693,-2.201649,-2.061338,-2.498214,-3.096981,-3.201163,-1.894046,-2.649979,-2.82616,24,24,24,24,24,24,24,24,24,24,24,24,24,24,24,24,661,6610,-2.987176,-4.860809,-4.34294,-3.353878,-2.717957,-2.931955,-1.683154,-69.44891,0.3719579,-0.8468242,0.9535774,0.2424245,0.6602613,0.7778897,-8.989744E-05,3.379334,23,23,23,23,23,23,23,23,23,23,23,23,23,23,23,23
662,6620,-32.34901,-50.77966,-14.15785,-10.84324,-9.286855,-6.296857,-4.979078,-5.268903,-4.086909,-3.813995,-2.614332,-3.783358,-2.503726,-3.345157,-2.865364,-0.3622096,24,24,24,24,24,24,24,24,24,24,24,24,24,24,24,24,662,6620,-3.631534,-2.371342,-2.358119,-2.32715,97.31911,80.15491,-3.003878,-2.086173,-1.942804,-2.576324,-1.447047,-2.69286,-2.30529,-2.562231,-1.806842,-2.939203,24,24,24,24,24,24,24,24,24,24,24,24,24,24,24,24,662,6620,-2.297836,-5.116632,-5.876455,-3.86983,-3.365562,-2.294997,-1.683154,-69.77695,-0.8642731,-0.2420424,0.3575799,-0.0001252143,-0.6605439,-0.1113035,0.2212456,2.911277,23,23,23,23,23,23,23,23,23,23,23,23,23,23,23,23
663,6630,-29.58326,-49.69153,-11.69663,-8.042321,-6.994111,-5.309726,-3.447692,-4.516574,-3.343844,-4.183207,-2.139016,-3.657282,-2.265287,-3.584092,-2.029673,-1.810619,24,24,24,24,24,24,24,24,24,24,24,24,24,24,24,24,663,6630,-3.093546,-2.107695,-1.965351,-2.197872,97.45046,78.92769,-1.828533,-1.825419,-2.201649,-2.318831,-2.235422,-3.905223,-2.177308,-3.007686,-3.131771,-4.069638,24,24,24,24,24,24,24,24,24,24,24,24,24,24,24,24,663,6630,-2.297836,-5.116632,-5.748662,-3.611853,-2.717957,-3.568913,-3.493389,-70.32366,0.4955813,0.4836932,1.430376,0.7275239,-0.2202744,0.7778897,0.7745836,3.26232,23,23,23,23,23,23,23,23,23,23,23,23,23,23,23,23
664,6640,-29.46301,-49.57063,-11.81969,-9.138332,-7.356114,-5.062943,-2.554384,-4.265797,-2.848467,-3.321713,-1.78253,-1.892022,-1.549971,-2.508888,-1.432751,0.2412944,24,24,24,24,24,24,24,24,24,24,24,24,24,24,24,24,664,6640,-3.631534,-3.030457,-3.012726,-2.84426,96.13704,79.29586,-3.003931,-2.086169,-3.237032,-1.546352,-2.892402,-3.096981,-2.30529,-2.562231,-3.131771,-2.713117,24,24,24,24,24,24,24,24,24,24,24,24,24,24,24,24,664,6640,-3.561627,-5.500367,-4.854112,-3.482866,-3.365562,-3.441522,-3.493389,-69.55826,0.4955813,-0.3629994,0.1191811,0.2424245,-0.4404108,0.4444425,0.4425811,3.26232,23,23,23,23,23,23,23,23,23,23,23,23,23,23,23,23
665,6650,-28.62125,-48.36159,-12.18888,-10.11256,-9.286855,-5.803291,-3.958154,-4.015021,-3.467688,-3.198642,-2.85199,-2.522602,-2.861383,-3.225692,-2.50721,-0.4829098,24,24,24,24,24,24,24,24,24,24,24,24,24,24,24,24,665,6650,-3.36254,-3.95322,-1.703505,-2.32715,96.00568,80.0322,-2.481532,-2.086169,-2.201595,-3.09131,-3.155195,-2.288737,-2.049329,-3.119049,-2.890875,-3.50442,24,24,24,24,24,24,24,24,24,24,24,24,24,24,24,24,665,6650,-3.216957,-4.732898,-4.854112,-3.740842,-4.013168,-4.205871,-2.976178,-69.77695,0.6192039,0.6046469,-0.3576172,0.7275239,0.6602613,0.5555918,-0.3320924,2.44322,23,23,23,23,23,23,23,23,23,23,23,23,23,23,23,23
666,6660,-29.10226,-48.60339,-11.69663,-9.016552,-7.95948,-5.309726,-3.575308,-4.516574,-2.105402,-3.444784,-1.901359,-2.774753,-2.265287,-3.225692,-0.9552132,-0.7243116,24,24,24,24,24,24,24,24,24,24,24,24,24,24,24,24,666,6660,-3.497037,-3.689573,-2.619964,-2.973538,96.13704,80.27764,-2.220333,-2.738058,-2.331017,-2.833817,-2.761004,-2.288737,-2.177308,-3.230413,-2.288634,-3.956595,24,24,24,24,24,24,24,24,24,24,24,24,24,24,24,24,666,6660,-2.757395,-4.604986,-5.365283,-4.127806,-3.365562,-2.677172,-2.07106,-69.99564,-0.2461576,-0.3629994,0.7151787,0.2424245,-0.1102078,-0.0001541099,0.1105787,3.379334,23,23,23,23,23,23,23,23,23,23,23,23,23,23,23,23
667,6670,-30.30476,-50.05424,-12.92724,-12.42636,-11.2176,-8.271119,-6.000002,-6.773559,-4.334597,-4.67549,-1.782477,-3.026904,-2.026849,-3.823026,-1.910288,0.1205942,24,24,24,24,24,24,24,24,24,24,24,24,24,24,24,24,667,6670,-3.900528,-3.030457,-3.143649,-2.84426,96.53104,80.52309,-2.873332,-1.564662,-2.46044,-2.833817,-1.315604,-1.345787,-2.561253,-1.894046,-2.649979,-3.165292,24,24,24,24,24,24,24,24,24,24,24,24,24,24,24,24,667,6670,-3.331846,-5.628278,-5.620869,-2.708936,-2.588436,-2.422389,-2.717574,-69.77695,0.3719579,0.2417791,0.3575795,-0.6064995,-0.0001412674,0.4444425,0.663915,3.730384,23,23,23,23,23,23,23,23,23,23,23,23,23,23,23,23
668,6680,-29.944,-49.08701,-13.0503,-10.59968,-10.85558,-7.283988,-5.744771,-4.892738,-5.201506,-3.937066,-3.208423,-3.783358,-3.099822,-3.584092,-3.104132,-0.9657136,24,24,24,24,24,24,24,24,24,24,24,24,24,24,24,24,668,6680,-3.36254,-3.030457,-3.143649,-2.32715,97.31911,80.40036,-1.828533,-2.216547,-3.3664,-2.190084,-2.103979,-2.69286,-1.665384,-2.562231,-3.252219,-2.487029,24,24,24,24,24,24,24,24,24,24,24,24,24,24,24,24,668,6680,-3.561627,-4.860809,-4.981905,-3.224889,-3.236041,-3.059347,-2.846876,-69.66759,0.1247118,0.6046469,0.2383799,-0.0001220037,0.6602613,0.1109952,-0.1107569,2.560228,23,23,23,23,23,23,23,23,23,23,23,23,23,23,23,23
669,6690,-31.14651,-49.81243,-13.0503,-11.57391,-9.528204,-6.790422,-4.979078,-4.76735,-4.334597,-4.306278,-2.733108,-3.909433,-3.099822,-3.584092,-2.865364,-0.3622096,24,24,24,24,24,24,24,24,24,24,24,24,24,24,24,24,669,6690,-3.093546,-3.689573,-3.405495,-2.32715,96.9251,79.54131,-2.350932,-2.216547,-2.589863,-2.447577,-1.447002,-3.096984,-1.793417,-2.896322,-2.770427,-2.713117,24,24,24,24,24,24,24,24,24,24,24,24,24,24,24,24,669,6690,-2.527614,-4.988721,-5.365283,-3.353878,-2.847478,-2.040214,-2.200363,-69.99564,-0.3697807,-0.967778,0.1191803,0.2424277,0.2200432,0.5555918,0.1105787,3.028291,23,23,23,23,23,23,23,23,23,23,23,23,23,23,23,23
670,6700,-31.02626,-50.65876,-12.55806,-11.20857,-9.407522,-8.271119,-5.361925,-6.146619,-5.077662,-6.275408,-3.68374,-4.791962,-3.457479,-4.061958,-2.865364,-0.8450134,24,24,24,24,24,24,24,24,24,24,24,24,24,24,24,24,670,6700,-3.497037,-3.689573,-2.619964,-2.585705,96.79375,79.78675,-2.742732,-3.259569,-2.46044,-1.932592,-3.417939,-1.884618,-2.945254,-3.007689,-2.409082,-3.052246,24,24,24,24,24,24,24,24,24,24,24,24,24,24,24,24,670,6700,-2.757395,-4.988721,-5.493076,-3.482866,-2.847478,-2.804564,-2.329666,-69.99564,-0.3697807,0.2417791,0.4767791,0.1211528,-0.1101565,-0.0001533072,0.2212456,3.26232,23,23,23,23,23,23,23,23,23,23,23,23,23,23,23,23
671,6710,-30.42501,-49.93333,-13.54255,-12.54814,-10.97625,-7.40738,-5.361925,-5.39429,-4.210752,-4.183208,-2.614279,-3.657282,-3.815138,-3.106221,-2.865364,0.1205942,24,24,24,24,24,24,24,24,24,24,24,24,24,24,24,24,671,6710,-3.497037,-3.162281,-2.096273,-2.068595,96.9251,79.41858,-3.265131,-2.346927,-2.978132,-2.318831,-3.023752,-2.558154,-4.097087,-3.230416,-2.891151,-3.391377,24,24,24,24,24,24,24,24,24,24,24,24,24,24,24,24,671,6710,-2.297836,-4.988721,-5.620869,-2.063995,-2.717957,-3.186738,-3.622691,-70.10499,0.7428274,0.6046469,1.430375,0.3637026,-8.989744E-05,1.222488,-0.2214752,2.794263,23,23,23,23,23,23,23,23,23,23,23,23,23,23,23,23
672,6720,-32.10851,-51.74689,-13.54255,-13.03526,-11.09693,-7.160597,-6.000002,-5.018126,-4.086908,-4.55242,-2.614279,-3.531207,-2.503726,-2.986754,-2.50721,-0.1208077,24,24,24,24,24,24,24,24,24,24,24,24,24,24,24,24,672,6720,-3.900528,-3.425927,-2.096273,-2.585705,97.45046,79.29586,-2.089733,-2.216547,-2.46044,-2.70507,-2.498166,-4.039931,-2.305344,-2.896325,-2.770725,-3.730445,24,24,24,24,24,24,24,24,24,24,24,24,24,24,24,24,672,6720,-3.216957,-5.116632,-5.109698,-3.740842,-3.236041,-2.677172,-3.751994,-69.77695,-0.4934037,-0.7258672,0.2383799,0.2424277,0.1099767,0.3332939,0.7745322,2.911277,23,23,23,23,23,23,23,23,23,23,23,23,23,23,23,23
673,6730,-32.70975,-50.05424,-12.80418,-11.33035,-9.286855,-7.283988,-4.723847,-6.021232,-4.334597,-5.536984,-3.327253,-4.791962,-3.219041,-4.778761,-3.223516,-1.810619,24,24,24,24,24,24,24,24,24,24,24,24,24,24,24,24,673,6730,-3.093546,-2.503165,-2.619964,-2.714983,96.79375,78.6823,-1.828533,-2.607681,-2.978132,-2.576324,-3.023752,-3.366397,-1.921399,-2.450867,-2.891151,-2.60001,24,24,24,24,24,24,24,24,24,24,24,24,24,24,24,24,673,6730,-3.216951,-4.349164,-5.237491,-3.86983,-3.624605,-3.186738,-2.329666,-69.44891,0.3719579,0.2417791,0.1191803,0.9700768,0.9905124,-0.7781979,-0.5534776,2.794263,23,23,23,23,23,23,23,23,23,23,23,23,23,23,23,23
674,6740,-31.98826,-50.65876,-13.0503,-13.03526,-10.61424,-7.654163,-5.106694,-5.770454,-4.706129,-4.67549,-3.089595,-3.279056,-2.622945,-3.225688,-2.149057,-0.2415079,24,24,24,24,24,24,24,24,24,24,24,24,24,24,24,24,674,6740,-3.093546,-2.503165,-3.012726,-2.585705,95.61163,79.78675,-1.697935,-1.955793,-2.201595,-1.675099,-3.023752,-2.69286,-1.793417,-2.22814,-2.409444,-3.27827,24,24,24,24,24,24,24,24,24,24,24,24,24,24,24,24,674,6740,-3.216951,-4.477075,-5.365283,-3.353878,-2.588436,-2.54978,-2.976178,-71.52647,-0.2461576,0.2417791,0.5959787,1.091352,-8.989744E-05,0.4444433,0.4425298,3.964413,23,23,23,23,23,23,23,23,23,23,23,23,23,23,23,23
675,6750,-34.39326,-49.69153,-14.40397,-11.0868,-10.61424,-7.037205,-6.63808,-6.146619,-5.449194,-5.044702,-2.614279,-3.783358,-2.861383,-3.345156,-2.50721,0.1205942,24,24,24,24,24,24,24,24,24,24,24,24,24,24,24,24,675,6750,-2.42106,-2.634988,-2.096261,-2.32715,96.13704,80.40036,-2.089733,-2.998815,-2.719285,-3.606295,-3.155149,-3.096984,-2.177362,-3.119053,-2.650297,-3.391313,24,24,24,24,24,24,24,24,24,24,24,24,24,24,24,24,675,6750,-2.987173,-5.116632,-5.237491,-3.224889,-2.588436,-2.040214,-1.941758,-70.10499,0.1247118,0.9675148,0.953577,-0.0001220037,-0.3302896,0.4444433,0.5531967,3.028291,23,23,23,23,23,23,23,23,23,23,23,23,23,23,23,23
676,6760,-32.95026,-49.69153,-12.31194,-10.35612,-9.045519,-6.54364,-5.106694,-6.146619,-4.334597,-4.798561,-2.495451,-4.28766,-2.026849,-3.464623,-1.67152,-0.4829098,24,24,24,24,24,24,24,24,24,24,24,24,24,24,24,24,676,6760,-3.228043,-2.239518,-2.881791,-4.137037,96.6624,80.27764,-3.265131,-2.477304,-3.3664,-3.348802,-2.103979,-2.69286,-2.561308,-2.339504,-2.891151,-3.843488,24,24,24,24,24,24,24,24,24,24,24,24,24,24,24,24,676,6760,-3.331843,-5.500367,-4.470734,-3.224888,-4.142689,-4.205871,-3.622691,-70.43302,0.001088401,0.4836932,0.1191803,-0.1213969,0.8804458,0.1109952,-0.2214752,2.44322,23,23,23,23,23,23,23,23,23,23,23,23,23,23,23,23
677,6770,-33.43126,-49.57063,-12.435,-10.72146,-9.76954,-7.160597,-6.255234,-6.272007,-5.077662,-5.167773,-2.495451,-3.909433,-2.146068,-3.58409,-1.910288,-0.9657136,24,24,24,24,24,24,24,24,24,24,24,24,24,24,24,24,677,6770,-3.36254,-2.371342,-2.881791,-3.102816,96.53115,80.76853,-2.742732,-2.216547,-2.848708,-3.348802,-2.366771,-2.69286,-3.073235,-2.562234,-3.372859,-3.617402,24,24,24,24,24,24,24,24,24,24,24,24,24,24,24,24,677,6770,-1.95316,-4.604986,-4.726319,-3.0959,-3.495033,-3.31413,-1.941758,-69.88629,-0.2461576,-1.209689,0.4767791,0.9700768,0.4401764,0.6667412,0.2211943,3.26232,23,23,23,23,23,23,23,23,23,23,23,23,23,23,23,23
678,6780,-33.07051,-49.08701,-12.55806,-9.990785,-10.13156,-6.790423,-7.148542,-7.024336,-5.820726,-5.044702,-3.446082,-4.28766,-3.815138,-2.747819,-3.342901,-0.3622096,24,24,24,24,24,24,24,24,24,24,24,24,24,24,24,24,678,6780,-3.228043,-3.16228,-3.929167,-2.714983,96.53115,80.27764,-2.089733,-3.259569,-3.625246,-2.962563,-2.103979,-3.770518,-2.177362,-2.896325,-2.770725,-3.165228,24,24,24,24,24,24,24,24,24,24,24,24,24,24,24,24,678,6780,-2.642503,-5.372456,-5.620869,-3.869829,-3.365511,-2.677121,-2.846876,-70.54237,-0.8642731,-0.1210886,0.3575795,-0.1213969,-0.1101565,-0.6670486,0.2211943,3.26232,23,23,23,23,23,23,23,23,23,23,23,23,23,23,23,23
679,6790,-32.34901,-48.8452,-12.18888,-11.20857,-10.37289,-8.024337,-7.659003,-7.024336,-5.077662,-6.890761,-3.446082,-6.052717,-3.576699,-3.823025,-2.387826,-0.4829098,24,24,24,24,24,24,24,24,24,24,24,24,24,24,24,24,679,6790,-2.959049,-3.425927,-2.881791,-2.84426,96.39985,79.78675,-2.742732,-3.650703,-2.719285,-2.447577,-3.023752,-2.827568,-3.073235,-3.898601,-2.52987,-3.052185,24,24,24,24,24,24,24,24,24,24,24,24,24,24,24,24,679,6790,-2.182941,-4.988721,-5.109698,-2.837924,-3.624554,-3.44147,-3.751995,-69.99564,0.6192039,0.7256039,0.8343774,-0.0001220037,-0.220223,0.4444433,-0.1108082,3.26232,23,23,23,23,23,23,23,23,23,23,23,23,23,23,23,23
680,6800,-31.98826,-49.08701,-12.06582,-11.93925,-9.890207,-7.654163,-7.276156,-7.525889,-6.686825,-7.505964,-4.396713,-5.548415,-3.934356,-4.300892,-2.387826,-0.3622096,24,24,24,24,24,24,24,24,24,24,24,24,24,24,24,24,680,6800,-3.766031,-3.689573,-2.750868,-2.585705,97.05656,80.52309,-3.65693,-2.738061,-2.848708,-2.70507,-2.892354,-2.69286,-3.329199,-3.007689,-2.891151,-3.617402,24,24,24,24,24,24,24,24,24,24,24,24,24,24,24,24,680,6800,-3.102062,-5.244544,-5.237491,-3.0959,-2.976948,-3.44147,-2.458969,-70.10499,0.1247118,-0.3629994,-0.238418,0.3637026,-8.989744E-05,0.5555927,0.4425298,2.794263,23,23,23,23,23,23,23,23,23,23,23,23,23,23,23,23
681,6810,-30.78576,-47.39436,-11.45051,-10.23434,-8.80417,-5.803291,-6.382848,-6.397395,-6.19202,-4.921632,-3.921397,-4.918037,-3.815138,-2.867287,-2.865364,-0.0001075559,24,24,24,24,24,24,24,24,24,24,24,24,24,24,24,24,681,6810,-3.766031,-2.766811,-2.489022,-2.714983,97.05656,79.29586,-3.91813,-3.129195,-2.719285,-2.576324,-2.629564,-3.096984,-2.817272,-3.119053,-2.289016,-3.052185,24,24,24,24,24,24,24,24,24,24,24,24,24,24,24,24,681,6810,-2.182941,-4.732898,-5.493076,-3.353877,-2.976948,-3.186687,-2.717575,-69.77695,0.3719579,-0.2420424,1.072777,0.6062523,0.1099767,-0.1113027,-0.4428107,3.145306,23,23,23,23,23,23,23,23,23,23,23,23,23,23,23,23
682,6820,-31.38701,-48.24068,-13.17337,-11.69569,-10.37289,-6.667031,-6.000002,-6.021232,-5.573038,-5.660055,-3.68374,-5.422339,-3.457479,-4.300892,-2.984748,-0.3622096,24,24,24,24,24,24,24,24,24,24,24,24,24,24,24,24,682,6820,-2.690055,-2.503165,-2.881791,-2.585705,96.26849,78.80502,-3.003931,-1.955796,-2.978132,-3.091309,-2.629564,-3.770518,-2.561308,-2.896325,-2.409444,-3.052185,24,24,24,24,24,24,24,24,24,24,24,24,24,24,24,24,682,6820,-3.102062,-4.732898,-5.876455,-3.740841,-2.199821,-2.804513,-2.588272,-70.6517,-0.1225342,0.1208254,0.8343774,0.1211528,-8.989744E-05,-0.3336006,-0.1108082,2.911277,23,23,23,23,23,23,23,23,23,23,23,23,23,23,23,23
683,6830,-31.74776,-49.81243,-13.29643,-14.49661,-10.61424,-8.271119,-6.510464,-7.275112,-6.19202,-6.398479,-4.277884,-6.052717,-5.126549,-6.212367,-4.178592,-0.3622096,24,24,24,24,24,24,24,24,24,24,24,24,24,24,24,24,683,6830,-2.555558,-1.844049,-2.750868,-2.068595,96.00578,79.54131,-1.959133,-1.434285,-2.978132,-2.833816,-3.812178,-3.096984,-2.433326,-2.784961,-2.770725,-3.165228,24,24,24,24,24,24,24,24,24,24,24,24,24,24,24,24,683,6830,-2.642503,-5.884101,-4.981905,-3.482865,-2.588385,-1.912771,-2.97618,-70.43302,0.3719579,0.4836932,0.1191811,-1.091596,-0.1101565,0.2221454,0.3318612,3.145306,23,23,23,23,23,23,23,23,23,23,23,23,23,23,23,23
684,6840,-33.79201,-49.57063,-14.03479,-14.37483,-11.82095,-7.654163,-6.255232,-6.397395,-5.573038,-5.783125,-4.515542,-5.422339,-4.768892,-5.615031,-4.536745,-0.0001075559,24,24,24,24,24,24,24,24,24,24,24,24,24,24,24,24,684,6840,-2.690055,-3.294104,-2.358106,-3.361371,95.87444,80.40036,-2.089733,-3.129195,-3.107554,-3.348802,-2.76101,-3.096981,-2.305344,-2.896325,-2.289016,-3.843488,24,24,24,24,24,24,24,24,24,24,24,24,24,24,24,24,684,6840,-2.872281,-4.732898,-4.726319,-3.0959,-3.365511,-4.20582,-2.458969,-70.21432,0.001088401,0.4836932,0.2383807,0.1211528,0.2200432,0.3332939,-0.6641462,2.794263,23,23,23,23,23,23,23,23,23,23,23,23,23,23,23,23
685,6850,-33.31101,-49.81243,-14.89622,-14.74016,-12.78632,-9.381642,-8.169465,-7.902054,-6.19202,-6.644619,-4.396713,-5.926641,-4.530454,-6.690235,-5.133667,0.3619961,24,24,24,24,24,24,24,24,24,24,24,24,24,24,24,24,685,6850,-2.286563,-2.766811,-2.489022,-3.361371,96.6625,80.89125,-1.959133,-2.998818,-2.719285,-3.477548,-2.892405,-2.019323,-2.817217,-2.450867,-2.650297,-4.182616,24,24,24,24,24,24,24,24,24,24,24,24,24,24,24,24,685,6850,-2.872281,-5.500367,-4.470734,-3.0959,-3.106469,-1.912771,-2.458969,-69.88629,-0.2461576,-0.7258672,0.595979,0.2424277,0.9905124,0.3332939,-0.2214752,3.028291,23,23,23,23,23,23,23,23,23,23,23,23,23,23,23,23
686,6860,-32.58951,-50.65876,-14.15785,-15.47084,-13.02765,-9.13486,-7.276156,-7.525889,-6.19202,-7.874686,-5.466174,-6.557019,-5.841865,-7.407038,-5.253051,-1.327817,24,24,24,24,24,24,24,24,24,24,24,24,24,24,24,24,686,6860,-3.093546,-1.975872,-3.012713,-2.84426,96.6625,80.76853,-3.003931,-1.955796,-2.719285,-2.962563,-2.366823,-2.558152,-2.30529,-2.228086,-2.770725,-3.165228,24,24,24,24,24,24,24,24,24,24,24,24,24,24,24,24,686,6860,-2.642503,-5.500367,-6.004248,-3.482865,-2.717905,-2.294946,-2.588272,-69.77695,-0.3697807,0.1208254,0.8343782,0.4849774,-0.1101565,0.1109952,0.2211943,4.198442,23,23,23,23,23,23,23,23,23,23,23,23,23,23,23,23
687,6870,-33.55151,-50.41695,-15.01928,-15.95796,-13.51034,-10.24538,-8.679927,-8.654383,-7.429031,-8.489223,-5.585002,-7.94385,-6.318741,-6.212367,-4.656129,0.603398,24,24,24,24,24,24,24,24,24,24,24,24,24,24,24,24,687,6870,-2.286563,-2.503165,-3.667321,-2.32715,96.53115,80.15491,-2.481532,-2.34693,-2.46044,-1.803845,-1.709843,-3.096981,-1.281438,-2.56218,-2.770776,-2.260879,24,24,24,24,24,24,24,24,24,24,24,24,24,24,24,24,687,6870,-2.068052,-4.860809,-5.493076,-2.45096,-2.199821,-2.931904,-3.234785,-70.6517,0.9900734,-0.0001316355,0.8343782,0.4849774,-0.5504259,0.5555927,0.7745322,2.794263,23,23,23,23,23,23,23,23,23,23,23,23,23,23,23,23
688,6880,-35.83626,-49.93333,-17.60356,-18.39354,-16.88913,-12.21965,-10.33893,-9.406711,-8.913444,-8.980852,-6.653476,-7.691699,-6.318741,-6.0929,-4.059207,-0.1208109,24,24,24,24,24,24,24,24,24,24,24,24,24,24,24,24,688,6880,-2.017569,-2.634988,-2.750868,-2.714983,96.92521,79.66402,-2.089733,-3.129195,-2.719285,-2.447577,-2.10403,-2.019323,-2.30529,-3.230362,-2.168641,-2.713117,24,24,24,24,24,24,24,24,24,24,24,24,24,24,24,24,688,6880,-3.216951,-5.244544,-5.237491,-2.708936,-1.422694,-2.422338,-2.458969,-69.66759,0.001088401,-0.2420424,-0.4768164,-0.0001220037,-8.989744E-05,0.7778913,-0.1108082,3.028291,23,23,23,23,23,23,23,23,23,23,23,23,23,23,23,23
689,6890,-35.71601,-51.14237,-17.11131,-16.56685,-14.83773,-10.61556,-7.659003,-8.278218,-6.439422,-7.874686,-4.990857,-6.557019,-4.649672,-6.0929,-3.939823,-0.482913,24,24,24,24,24,24,24,24,24,24,24,24,24,24,24,24,689,6890,-2.421061,-3.294104,-2.096261,-2.197872,96.53115,80.64581,-2.612132,-3.259572,-1.425057,-1.675099,-1.972636,-1.749908,-1.921347,-2.673543,-1.927787,-2.373986,24,24,24,24,24,24,24,24,24,24,24,24,24,24,24,24,689,6890,-2.412722,-4.604986,-5.109698,-2.837924,-2.717905,-2.677121,-1.295246,-69.01153,-0.1225342,0.3627362,-0.119218,-0.1213969,0.7703793,0.4444433,-0.1108082,2.677248,23,23,23,23,23,23,23,23,23,23,23,23,23,23,23,23
690,6900,-36.19701,-51.74689,-15.51152,-14.49661,-13.269,-10.61556,-7.531387,-7.400501,-6.315722,-6.644619,-5.347343,-6.052717,-4.649672,-4.659294,-3.462286,-0.3622112,24,24,24,24,24,24,24,24,24,24,24,24,24,24,24,24,690,6900,-2.959049,-1.975821,-1.703492,-1.939317,96.00578,80.0322,-3.003931,-2.34693,-1.683903,-1.675099,-2.366823,-1.884616,-2.561253,-2.005358,-1.80736,-2.373986,24,24,24,24,24,24,24,24,24,24,24,24,24,24,24,24,690,6900,-2.182941,-4.477075,-4.981905,-3.0959,-1.940779,-1.657988,-2.458969,-70.6517,-0.1225342,0.2417791,0.9535774,0.3637026,-0.3302896,-0.4447507,0.2211943,3.730384,23,23,23,23,23,23,23,23,23,23,23,23,23,23,23,23
691,6910,-32.95026,-50.65876,-15.63458,-12.7917,-12.4243,-8.764686,-7.148541,-6.648172,-6.563124,-5.906197,-5.941413,-5.67449,-5.484206,-4.898229,-3.820439,-0.845015,24,24,24,24,24,24,24,24,24,24,24,24,24,24,24,24,691,6910,-3.093547,-2.37129,-0.7870392,-2.585705,97.58192,79.17313,-2.873332,-1.695042,-1.942748,-2.447577,-1.578448,-3.366394,-2.433272,-1.559904,-1.566506,-3.052246,24,24,24,24,24,24,24,24,24,24,24,24,24,24,24,24,691,6910,-2.642503,-5.244544,-5.109698,-2.837924,-1.811258,-1.657988,-1.941759,-69.33956,0.1247118,0.4836932,0.4767795,-0.0001220037,-0.4403594,-0.1113027,0.1105273,3.730384,23,23,23,23,23,23,23,23,23,23,23,23,23,23,23,23
692,6920,-31.26675,-50.53785,-14.15785,-11.69569,-10.73491,-7.283988,-5.361925,-6.397395,-5.32535,-5.290843,-4.63437,-5.296264,-4.053576,-3.942491,-3.104133,-0.3622112,24,24,24,24,24,24,24,24,24,24,24,24,24,24,24,24,692,6920,-2.01757,-2.37129,-1.572569,-2.068594,97.18791,79.17313,-2.481532,-1.955796,-2.46044,-2.190084,-1.972636,-2.423444,-1.921347,-1.893994,-2.048214,-2.260943,24,24,24,24,24,24,24,24,24,24,24,24,24,24,24,24,692,6920,-2.987173,-4.732898,-4.34294,-2.579948,-2.847427,-3.186687,-3.364087,-69.99564,-0.3697807,0.1208254,0.3575799,-0.1213969,-8.989744E-05,0.2221454,0.2211943,2.09217,23,23,23,23,23,23,23,23,23,23,23,23,23,23,23,23
693,6930,-30.06425,-51.50508,-13.41949,-11.33035,-9.166186,-7.530772,-5.617156,-6.522785,-5.449194,-6.029267,-4.7532,-5.044113,-3.815138,-4.42036,-3.58167,-0.482913,24,24,24,24,24,24,24,24,24,24,24,24,24,24,24,24,693,6930,-2.555558,-2.634937,-2.489022,-1.422206,96.53104,79.29586,-1.697935,-1.434285,-2.978132,-1.932591,-2.498218,-2.962273,-2.177308,-1.671267,-3.132057,-2.487029,24,24,24,24,24,24,24,24,24,24,24,24,24,24,24,24,693,6930,-2.757392,-4.477075,-4.854112,-2.321972,-2.847427,-2.677121,-1.424549,-69.66759,0.3719579,-0.6049102,0.3575799,-0.1213969,0.3301098,0.6667412,0.2211943,2.560228,23,23,23,23,23,23,23,23,23,23,23,23,23,23,23,23
694,6940,-29.10225,-50.41695,-13.66561,-12.54814,-10.61424,-7.40738,-4.979078,-5.018126,-4.829973,-3.813996,-4.277884,-3.405131,-3.815138,-2.986754,-2.865364,-0.1208109,24,24,24,24,24,24,24,24,24,24,24,24,24,24,24,24,694,6940,-2.555558,-2.37129,-2.096261,-1.939316,95.48027,79.17313,-2.612132,-2.21655,-2.201595,-1.675099,-2.76101,-1.749908,-1.665384,-2.228086,-1.80736,-2.82616,24,24,24,24,24,24,24,24,24,24,24,24,24,24,24,24,694,6940,-2.29783,-4.477075,-5.748662,-3.998818,-2.847427,-1.530597,-2.717575,-70.21432,-0.4934037,-0.0001316355,-0.3576172,0.2424277,-0.4403594,-0.3336006,-0.0001412674,3.496349,23,23,23,23,23,23,23,23,23,23,23,23,23,23,23,23
695,6950,-30.1845,-51.50508,-15.01928,-13.4006,-11.94162,-7.777554,-5.489541,-5.770455,-4.086908,-4.55242,-3.56491,-3.909433,-3.457479,-3.225688,-2.626595,-0.1208109,24,24,24,24,24,24,24,24,24,24,24,24,24,24,24,24,695,6950,-1.614078,-2.37129,-1.572569,-2.197871,96.39969,79.78675,-2.220279,-2.21655,-1.683903,-2.190084,-2.629616,-1.884616,-2.049329,-2.56218,-1.686933,-3.278335,24,24,24,24,24,24,24,24,24,24,24,24,24,24,24,24,695,6950,-2.068052,-3.965429,-5.748662,-2.837925,-1.681737,-2.040163,-2.07106,-70.54237,0.3719579,-0.0001316355,0.595979,0.2424277,-0.7705591,0.1109952,0.1105273,3.145306,23,23,23,23,23,23,23,23,23,23,23,23,23,23,23,23
696,6960,-29.58325,-51.86779,-14.6501,-13.76593,-11.45893,-8.147728,-4.851463,-5.268903,-3.83922,-5.290843,-3.56491,-4.413735,-3.338261,-4.778761,-3.223517,-1.689922,24,24,24,24,24,24,24,24,24,24,24,24,24,24,24,24,696,6960,-1.479581,-1.712175,-1.703492,-2.197871,96.79375,80.64581,-2.08968,-0.6520165,-1.683903,-2.70507,-1.972636,-2.019323,-2.049329,-1.114447,-2.409495,-2.600071,24,24,24,24,24,24,24,24,24,24,24,24,24,24,24,24,696,6960,-2.757392,-5.244544,-5.109698,-2.192984,-1.811258,-1.530597,-2.588271,-69.33956,0.8664507,-0.3629994,-1.846108E-05,-0.6064963,0.4401764,0.4444433,0.8851992,2.911277,23,23,23,23,23,23,23,23,23,23,23,23,23,23,23,23
697,6970,-32.46925,-52.83503,-14.89622,-13.27882,-10.97625,-7.654163,-4.723847,-5.143515,-3.220051,-3.813996,-3.089595,-4.035509,-2.622945,-3.823025,-2.745979,-0.2415111,24,24,24,24,24,24,24,24,24,24,24,24,24,24,24,24,697,6970,-1.614078,-1.316705,-2.227183,-2.068594,96.53104,80.27764,-2.612077,-1.564662,-2.978185,-1.803845,-1.315655,-2.019323,-1.025475,-2.228086,-2.289068,-2.713117,24,24,24,24,24,24,24,24,24,24,24,24,24,24,24,24,697,6970,-2.068052,-3.837518,-4.854112,-3.095901,-2.717905,-2.040163,-1.941758,-69.66759,0.2483352,0.3627362,-0.596016,0.1211528,0.3301098,-0.7781979,-0.6641462,2.326199,23,23,23,23,23,23,23,23,23,23,23,23,23,23,23,23
698,6980,-34.39326,-53.80225,-16.74213,-13.64415,-12.4243,-7.777554,-6.255233,-5.770455,-4.458492,-4.798509,-4.515542,-4.539811,-3.576699,-3.464623,-2.387826,0.2412927,24,24,24,24,24,24,24,24,24,24,24,24,24,24,24,24,698,6980,-1.479581,-2.37129,-2.489022,-1.810039,97.05646,79.41858,-1.306081,-2.346927,-2.589916,-1.675099,-1.184261,-2.558152,-1.793366,-2.005358,-1.927787,-2.147897,24,24,24,24,24,24,24,24,24,24,24,24,24,24,24,24,698,6980,-1.493601,-4.093341,-5.493076,-2.837925,-1.940779,-1.148422,-1.812456,-70.54237,-0.2461576,-0.2420424,0.8343782,1.091352,0.1099767,0.4444433,0.5531967,3.730384,23,23,23,23,23,23,23,23,23,23,23,23,23,23,23,23
699,6990,-32.46925,-53.19773,-16.8652,-15.95795,-14.35504,-8.271119,-6.000002,-5.519679,-4.458492,-5.413863,-3.208475,-5.170188,-3.219041,-3.823025,-2.626595,-1.207119,24,24,24,24,24,24,24,24,24,24,24,24,24,24,24,24,699,6990,-0.941593,-2.634937,-1.965338,-1.163651,96.6624,80.0322,-1.82848,-2.346927,-1.554532,-1.675099,-1.578448,-1.615202,-1.40942,-2.339449,-2.048214,-2.034854,24,24,24,24,24,24,24,24,24,24,24,24,24,24,24,24,699,6990,-2.29783,-4.988721,-5.237491,-2.063995,-1.940779,-2.040163,-1.03664,-70.21432,0.001088401,0.4836932,0.3575799,-0.2426717,-0.6604925,-0.0001533072,0.1105273,3.028291,23,23,23,23,23,23,23,23,23,23,23,23,23,23,23,23
700,7000,-34.15276,-54.89038,-19.44947,-19.12421,-15.56175,-10.61556,-6.893311,-6.14662,-4.830025,-5.536933,-3.446133,-3.909433,-3.338261,-3.823025,-2.387826,-0.6036131,24,24,24,24,24,24,24,24,24,24,24,24,24,24,24,24,700,7000,-2.959049,-2.76676,-1.703492,-2.068594,96.79375,79.78675,-2.873278,-2.216547,-1.554532,-1.288859,-2.235428,-2.019323,-2.433272,-2.228086,-1.566506,-2.260943,24,24,24,24,24,24,24,24,24,24,24,24,24,24,24,24,700,7000,-2.182941,-4.093341,-4.215148,-1.806019,-2.329342,-3.44147,-1.941758,-69.77695,0.2483352,0.4836932,0.1191811,0.3637026,0.6603127,0.2221454,-0.1108082,2.560228,23,23,23,23,23,23,23,23,23,23,23,23,23,23,23,23
701,7010,-34.51351,-54.40678,-19.32641,-18.39353,-15.44108,-9.134859,-7.403773,-6.77356,-5.201557,-4.798509,-4.515593,-4.161584,-3.695868,-3.703558,-2.745979,-0.3622112,24,24,24,24,24,24,24,24,24,24,24,24,24,24,24,24,701,7010,-2.690055,-1.975821,-1.441647,-2.714983,96.9251,79.17313,-2.481479,-2.086169,-1.813379,-2.447577,-2.366823,-3.231686,-2.68929,-3.007634,-2.891203,-3.278335,24,24,24,24,24,24,24,24,24,24,24,24,24,24,24,24,701,7010,-1.493601,-4.477075,-4.470734,-3.224889,-2.976948,-2.167554,-2.07106,-70.21432,-0.7406497,-0.6049102,0.595979,0.3637026,-0.220223,0.6667412,0.1105273,3.496349,23,23,23,23,23,23,23,23,23,23,23,23,23,23,23,23
702,7020,-34.87426,-54.40678,-17.97274,-16.07973,-12.90699,-9.258251,-6.765696,-5.770455,-4.706181,-4.798509,-3.446133,-4.161584,-2.622895,-3.703609,-2.387826,-0.7243149,24,24,24,24,24,24,24,24,24,24,24,24,24,24,24,24,702,7020,-2.01757,-2.37129,-2.358106,-2.585705,96.9251,78.55957,-1.95908,-2.477304,-2.978185,-2.576324,-3.155201,-3.501102,-2.68929,-2.562231,-3.01163,-1.921811,24,24,24,24,24,24,24,24,24,24,24,24,24,24,24,24,702,7020,-2.412722,-5.372456,-5.237491,-2.579948,-2.847427,-2.040163,-2.200363,-70.32367,-0.9878958,0.4836932,0.9535774,-0.1213969,-0.1101565,-0.3336022,-0.1108082,3.145306,23,23,23,23,23,23,23,23,23,23,23,23,23,23,23,23
703,7030,-31.6275,-55.85761,-17.84968,-17.05396,-13.87236,-10.73895,-7.403773,-7.024337,-5.077713,-5.783074,-3.683791,-4.665886,-3.695868,-3.703609,-2.626595,-0.482913,24,24,24,24,24,24,24,24,24,24,24,24,24,24,24,24,703,7030,-2.824552,-2.107644,-2.619945,-1.292928,96.26834,79.05041,-1.82848,-1.695039,-2.460493,-1.803845,-3.943576,-2.69286,-1.921399,-2.005409,-2.649979,-2.939203,24,24,24,24,24,24,24,24,24,24,24,24,24,24,24,24,703,7030,-2.642503,-4.860809,-4.854112,-2.708936,-2.588385,-3.059296,-2.976178,-70.32367,0.4955813,0.2417791,1.072777,0.4849774,-0.1101565,0.5555918,-0.0001412674,3.26232,23,23,23,23,23,23,23,23,23,23,23,23,23,23,23,23
704,7040,-32.70975,-55.374,-18.71111,-18.63709,-14.95839,-9.9986,-8.169466,-6.397395,-4.458492,-4.675439,-3.80262,-3.15298,-3.576648,-3.22574,-2.387826,-0.482913,24,24,24,24,24,24,24,24,24,24,24,24,24,24,24,24,704,7040,-3.228044,-3.294052,-2.227183,-2.84426,96.00568,80.0322,-1.95908,-2.216547,-2.072224,-2.447577,-2.498218,-2.019323,-2.433326,-3.007686,-2.168186,-3.165286,24,24,24,24,24,24,24,24,24,24,24,24,24,24,24,24,704,7040,-2.757392,-4.604986,-5.237491,-3.095901,-2.588385,-3.823645,-1.165943,-69.44891,-0.1225342,-0.967778,-0.119218,0.1211528,0.1099767,0.6667412,-0.4428107,2.911277,23,23,23,23,23,23,23,23,23,23,23,23,23,23,23,23
705,7050,-34.39326,-55.01128,-18.83417,-18.0282,-15.19974,-10.49216,-6.765696,-5.895843,-4.706181,-4.183156,-2.73316,-3.657282,-2.980553,-3.464674,-2.626595,0.2412927,24,24,24,24,24,24,24,24,24,24,24,24,24,24,24,24,705,7050,-3.497038,-2.239467,-2.227183,-3.232093,97.18776,80.27764,-1.82848,-2.086169,-2.460493,-2.833817,-2.366823,-2.154031,-2.433326,-2.673595,-3.252219,-2.826154,24,24,24,24,24,24,24,24,24,24,24,24,24,24,24,24,705,7050,-1.838271,-4.221252,-5.237491,-3.482866,-2.588385,-2.294946,-2.200363,-69.88629,-0.1225342,-0.2420424,0.595979,0.7275271,0.3301098,-0.1113035,-0.2214752,3.379334,23,23,23,23,23,23,23,23,23,23,23,23,23,23,23,23
706,7060,-34.87426,-54.89038,-16.98826,-17.54108,-14.23437,-10.98573,-6.63808,-6.14662,-5.077713,-6.152286,-3.564961,-4.539811,-3.45743,-3.942542,-2.865364,-0.845015,24,24,24,24,24,24,24,24,24,24,24,24,24,24,24,24,706,7060,-3.900529,-1.975872,-3.143636,-1.810039,96.53104,80.27764,-3.003878,-2.738058,-3.366453,-2.576324,-2.10403,-2.962273,-1.921399,-2.896322,-3.734012,-3.391371,24,24,24,24,24,24,24,24,24,24,24,24,24,24,24,24,706,7060,-2.29783,-4.093341,-5.237491,-2.321972,-2.847427,-2.804513,-2.200363,-70.6517,0.001088401,0.2417791,0.9535774,0.6062523,0.1099767,0.3332939,0.3318612,3.145306,23,23,23,23,23,23,23,23,23,23,23,23,23,23,23,23
707,7070,-34.03251,-52.71412,-17.23438,-15.22728,-13.02765,-9.258251,-5.744771,-4.76735,-3.467739,-4.306227,-2.970818,-2.900829,-2.622895,-3.345207,-2.149057,0.6033948,24,24,24,24,24,24,24,24,24,24,24,24,24,24,24,24,707,7070,-3.093547,-3.821396,-3.143643,-2.068594,97.31911,79.29586,-2.481479,-2.868434,-2.978185,-2.318831,-2.10403,-2.962273,-1.921399,-2.673595,-2.770427,-2.713111,24,24,24,24,24,24,24,24,24,24,24,24,24,24,24,24,707,7070,-3.331843,-5.372456,-4.854163,-3.095901,-2.0703,-2.040163,-3.234783,-70.43302,0.4955813,0.1208254,0.3575799,0.1211528,0.3301098,0.4444425,0.6638637,3.847392,23,23,23,23,23,23,23,23,23,23,23,23,23,23,23,23
708,7080,-34.87426,-54.04406,-17.4805,-14.25305,-13.02765,-8.764686,-6.000002,-5.770455,-4.582336,-4.552369,-2.970818,-3.279055,-3.218991,-4.659346,-2.626595,-0.2415111,24,24,24,24,24,24,24,24,24,24,24,24,24,24,24,24,708,7080,-2.959049,-4.348689,-2.881797,-2.456427,96.39969,80.40036,-2.220279,-3.911457,-2.331071,-2.447577,-2.76101,-2.558152,-3.073235,-3.119049,-2.288635,-3.165286,24,24,24,24,24,24,24,24,24,24,24,24,24,24,24,24,708,7080,-2.757392,-4.604986,-4.72637,-3.740842,-3.624554,-2.804513,-2.976178,-69.99564,0.1247118,0.3627362,0.1191811,-0.1213969,0.4401764,0.2221438,-0.8854801,3.028291,23,23,23,23,23,23,23,23,23,23,23,23,23,23,23,23
709,7090,-33.55151,-52.95593,-16.12683,-13.27882,-11.2176,-7.777554,-4.723847,-5.394291,-3.963116,-4.92158,-2.139016,-3.783358,-2.384456,-5.495615,-3.104132,-0.2415111,24,24,24,24,24,24,24,24,24,24,24,24,24,24,24,24,709,7090,-3.631535,-2.634988,-2.096267,-2.714983,96.6624,79.41858,-2.742678,-2.477304,-2.460493,-2.833817,-2.10403,-2.827565,-3.201217,-2.116773,-3.011323,-3.165286,24,24,24,24,24,24,24,24,24,24,24,24,24,24,24,24,709,7090,-2.068052,-4.093341,-4.598578,-3.611853,-2.847427,-1.403205,-1.812456,-70.6517,-0.7406497,-0.3629994,0.595979,0.3637026,0.550243,-0.0001541099,-0.0001412674,3.26232,23,23,23,23,23,23,23,23,23,23,23,23,23,23,23,23
710,7100,-34.15276,-52.23051,-16.37295,-14.25305,-11.94162,-7.654161,-4.979078,-5.143515,-3.591583,-4.306227,-2.614331,-2.648678,-2.742114,-3.345207,-2.268442,-0.0001091612,24,24,24,24,24,24,24,24,24,24,24,24,24,24,24,24,710,7100,-3.228044,-2.371342,-2.489035,-2.068595,96.79375,78.92769,-1.95908,-1.955793,-2.460493,-2.833817,-2.235428,-3.63581,-2.433326,-2.3395,-2.168186,-2.147894,24,24,24,24,24,24,24,24,24,24,24,24,24,24,24,24,710,7100,-2.182941,-4.732898,-5.620921,-2.708936,-2.458863,-1.912822,-1.165943,-69.88629,-0.6170267,0.3627362,0.7151787,-0.7277711,-0.4403594,-0.222452,0.5531967,2.677248,23,23,23,23,23,23,23,23,23,23,23,23,23,23,23,23
711,7110,-33.31101,-52.35141,-17.97274,-16.68863,-13.51034,-7.407379,-6.127618,-5.268903,-5.325401,-4.060086,-3.80262,-4.035509,-3.815088,-4.300944,-3.223516,-0.845015,24,24,24,24,24,24,24,24,24,24,24,24,24,24,24,24,711,7110,-2.01757,-2.239518,-2.096267,-1.810039,96.53104,79.05041,-1.95908,-1.564662,-3.23703,-2.318831,-2.629616,-2.154031,-2.177362,-1.44859,-2.409083,-1.243545,24,24,24,24,24,24,24,24,24,24,24,24,24,24,24,24,711,7110,-2.29783,-4.732898,-5.237542,-1.548043,-1.940779,-2.804564,-3.364086,-70.32367,0.001088401,-0.0001316355,0.595979,0.4849774,-0.3302896,0.2221438,1.106535,3.028291,23,23,23,23,23,23,23,23,23,23,23,23,23,23,23,23
712,7120,-32.22876,-52.95593,-16.61907,-14.13127,-11.82095,-8.147727,-5.489541,-5.519679,-4.830025,-4.552369,-2.495502,-3.909433,-2.980553,-4.181477,-2.50721,-1.207119,24,24,24,24,24,24,24,24,24,24,24,24,24,24,24,24,712,7120,-1.883073,-1.844049,-1.965344,-2.068595,95.61163,79.66402,-1.95908,-1.434281,-2.201648,-2.061338,-2.629616,-2.154031,-1.537456,-2.3395,-1.927291,-2.373979,24,24,24,24,24,24,24,24,24,24,24,24,24,24,24,24,712,7120,-2.642503,-3.965429,-4.981956,-1.806019,-2.0703,-2.167605,-0.907338,-68.68349,0.9900734,-0.4839564,-1.846108E-05,-0.0001220037,0.4401764,0.4444425,0.4425298,2.911277,23,23,23,23,23,23,23,23,23,23,23,23,23,23,23,23
713,7130,-32.5895,-54.16496,-17.72662,-16.93219,-15.68242,-10.49216,-7.276158,-6.522784,-4.706181,-6.029215,-3.208475,-5.422339,-3.45743,-4.181477,-3.223516,-0.7243149,24,24,24,24,24,24,24,24,24,24,24,24,24,24,24,24,713,7130,-1.479581,-1.975872,-1.310737,-2.714983,96.53104,79.54131,-2.350879,-1.825416,-2.46044,-2.962563,-1.315655,-1.615202,-1.537456,-1.337226,-1.927291,-3.052239,24,24,24,24,24,24,24,24,24,24,24,24,24,24,24,24,713,7130,-1.723379,-3.837518,-4.598578,-2.45096,-2.717905,-2.294997,-1.03664,-69.44891,-0.2461576,-0.0001316355,0.2383807,0.6062523,0.6603127,0.3332939,0.4425298,3.028291,23,23,23,23,23,23,23,23,23,23,23,23,23,23,23,23
714,7140,-30.1845,-52.95593,-16.49601,-15.22728,-14.59638,-9.998598,-7.914236,-6.146619,-5.077713,-4.552369,-3.80262,-4.539811,-4.053525,-3.106273,-3.342901,-0.482913,24,24,24,24,24,24,24,24,24,24,24,24,24,24,24,24,714,7140,-1.883073,-0.9212866,-2.096267,-1.422206,96.53104,80.40036,-2.742678,-1.434281,-2.589863,-2.190084,-1.709843,-2.019323,-1.665438,-1.337226,-2.168186,-2.147894,24,24,24,24,24,24,24,24,24,24,24,24,24,24,24,24,714,7140,-1.26382,-3.965429,-4.72637,-2.837925,-1.811258,-2.040214,-2.976178,-70.43302,-0.3697807,-0.2420424,0.595979,0.1211528,0.4401764,-0.3336022,0.1105273,3.964413,23,23,23,23,23,23,23,23,23,23,23,23,23,23,23,23
715,7150,-31.14651,-53.31864,-17.72662,-16.56685,-15.44108,-10.73895,-8.297082,-6.021232,-5.201557,-5.660004,-3.089645,-3.909433,-3.218991,-3.703609,-2.029673,0.3619929,24,24,24,24,24,24,24,24,24,24,24,24,24,24,24,24,715,7150,-2.421061,-1.184933,-2.881797,-1.422206,96.9251,80.27764,-1.56728,-2.868434,-2.978132,-1.417606,-1.578448,-2.019323,-1.665438,-1.894046,-2.529531,-2.373979,24,24,24,24,24,24,24,24,24,24,24,24,24,24,24,24,715,7150,-2.527611,-5.500367,-4.981956,-2.192984,-2.458863,-1.912822,-1.941758,-70.21432,-0.3697807,0.9675148,0.7151783,-0.0001220037,-0.6604925,0.4444425,0.1105273,3.028291,23,23,23,23,23,23,23,23,23,23,23,23,23,23,23,23
716,7160,-33.55151,-54.28586,-18.71111,-20.58555,-18.69919,-14.3173,-10.46655,-9.155934,-7.057928,-7.01378,-4.040277,-5.170188,-3.218991,-4.062009,-2.626595,-0.845015,24,24,24,24,24,24,24,24,24,24,24,24,24,24,24,24,716,7160,-0.941593,-2.766811,-1.441659,-2.068595,96.26834,79.90947,-1.56728,-2.868434,-2.46044,-1.417606,-2.235428,-1.884616,-1.921399,-2.228137,-1.806843,-2.147894,24,24,24,24,24,24,24,24,24,24,24,24,24,24,24,24,716,7160,-1.838271,-4.860809,-4.598578,-2.321972,-2.588385,-2.54978,-3.493389,-69.99564,0.6192039,-0.2420424,0.2383799,-0.3639466,-8.989744E-05,0.1109952,-0.1108082,3.028291,23,23,23,23,23,23,23,23,23,23,23,23,23,23,23,23
717,7170,-33.67176,-54.04406,-18.83417,-18.63709,-16.28578,-12.34303,-9.828468,-8.02744,-6.06832,-5.783074,-3.68379,-4.161584,-3.219043,-2.628404,-2.745979,-0.1208109,24,24,24,24,24,24,24,24,24,24,24,24,24,24,24,24,717,7170,-1.883073,-2.107695,-1.179814,-1.680761,96.53104,80.40036,-2.873278,-2.607681,-1.813326,-1.932592,-3.023803,-2.288737,-2.305344,-2.450864,-1.445498,-2.034848,24,24,24,24,24,24,24,24,24,24,24,24,24,24,24,24,717,7170,-2.412722,-4.093341,-4.981956,-2.192984,-2.0703,-1.785431,-1.683153,-69.33956,-0.1225342,-0.6049102,0.2383799,0.2424277,-0.3302896,0.2221438,-0.4428107,2.677248,23,23,23,23,23,23,23,23,23,23,23,23,23,23,23,23
718,7180,-34.75401,-53.80225,-19.81866,-19.36777,-17.37182,-13.33016,-11.23224,-9.281322,-6.686825,-6.029215,-3.68379,-4.413735,-3.219043,-2.508883,-1.790904,-0.0001091612,24,24,24,24,24,24,24,24,24,24,24,24,24,24,24,24,718,7180,-1.883073,-1.05311,-1.179814,-1.810039,96.53104,79.78675,-3.134478,-2.216547,-1.683903,-2.061338,-1.447053,-2.154031,-2.561308,-1.671319,-1.445498,-2.147894,24,24,24,24,24,24,24,24,24,24,24,24,24,24,24,24,718,7180,-1.034039,-4.221252,-5.493128,-2.579948,-2.458863,-2.422389,-2.458969,-69.77695,0.001088401,0.2417791,0.8343774,0.1211528,-8.989744E-05,-1.000497,-0.3321437,3.379334,23,23,23,23,23,23,23,23,23,23,23,23,23,23,23,23
719,7190,-33.07051,-54.16496,-18.21886,-16.32329,-14.23437,-11.84947,-8.424698,-7.902053,-5.449245,-6.398427,-2.733158,-4.413735,-2.861385,-4.061956,-2.268442,-1.207119,24,24,24,24,24,24,24,24,24,24,24,24,24,24,24,24,719,7190,-1.614078,-1.184933,-1.179814,-1.680761,97.18776,79.17313,-1.69788,-1.173528,-1.942748,-1.417606,-1.184261,-2.558152,-0.8975472,-1.225862,-1.686394,-1.582673,24,24,24,24,24,24,24,24,24,24,24,24,24,24,24,24,719,7190,-1.493601,-3.965429,-4.981956,-1.677031,-0.645568,-1.403256,-1.941758,-70.43302,-0.4934037,-0.0001316355,0.7151783,0.7275271,0.2200432,0.2221438,0.7745322,3.847392,23,23,23,23,23,23,23,23,23,23,23,23,23,23,23,23
720,7200,-31.6275,-54.28586,-17.97274,-16.93219,-14.71706,-12.21964,-9.573237,-8.152828,-5.696934,-6.152286,-3.68379,-5.044113,-2.861385,-3.703554,-2.50721,0.2412944,24,24,24,24,24,24,24,24,24,24,24,24,24,24,24,24,720,7200,-1.614078,-0.9212866,-2.096267,-1.422206,96.13704,79.54131,-1.95908,-1.043151,-2.589863,-1.803845,-3.023803,-1.884616,-2.049381,-1.44859,-2.047738,-2.486964,24,24,24,24,24,24,24,24,24,24,24,24,24,24,24,24,720,7200,-2.527611,-4.604986,-4.087406,-2.063995,-1.811258,-2.422389,-1.941758,-69.66759,0.8664507,0.1208254,-1.886241E-05,-0.0001220037,0.2200432,0.3332939,-0.0001412674,2.911329,23,23,23,23,23,23,23,23,23,23,23,23,23,23,23,23
721,7210,-34.39326,-53.43954,-20.06478,-18.75887,-17.61316,-14.44069,-11.61509,-9.40671,-6.686825,-5.906145,-4.396763,-5.296264,-3.69592,-3.703554,-2.745979,-0.1208077,24,24,24,24,24,24,24,24,24,24,24,24,24,24,24,24,721,7210,-1.07609,-1.712226,-0.9179684,-1.422206,95.87433,79.66402,-1.306081,-1.825416,-1.942748,-2.190084,-2.498218,-1.615202,-0.8975472,-2.005409,-1.686394,-2.939139,24,24,24,24,24,24,24,24,24,24,24,24,24,24,24,24,721,7210,-2.068055,-3.325872,-4.854163,-2.321972,-2.588385,-2.040214,-2.200363,-69.55826,0.001088401,0.4836932,0.1191803,0.6062523,0.3301098,0.1109952,-0.4428107,2.6773,23,23,23,23,23,23,23,23,23,23,23,23,23,23,23,23
722,7220,-34.51351,-54.76949,-20.55702,-20.342,-17.97517,-13.82373,-9.573237,-8.77977,-6.192021,-6.644568,-4.040277,-5.800566,-3.457481,-5.017693,-2.626595,-1.327817,24,24,24,24,24,24,24,24,24,24,24,24,24,24,24,24,722,7220,-1.748575,-2.107695,-1.310737,-2.456427,96.26834,80.0322,-1.69788,-1.303905,-2.072171,-2.70507,-1.972636,-2.558152,-1.793417,-2.3395,-2.649979,-3.391313,24,24,24,24,24,24,24,24,24,24,24,24,24,24,24,24,722,7220,-1.493604,-3.965429,-4.854163,-1.935007,-2.588385,-1.658039,-1.553851,-69.44891,-0.4934037,-0.967778,0.7151783,0.1211528,0.1099767,0.7778897,-0.3321437,3.028343,23,23,23,23,23,23,23,23,23,23,23,23,23,23,23,23
723,7230,-36.79827,-55.97852,-21.41845,-22.16868,-19.90591,-14.81086,-10.0837,-9.155934,-6.810526,-7.01378,-3.921447,-5.674491,-3.69592,-4.300891,-3.104132,-0.2415079,24,24,24,24,24,24,24,24,24,24,24,24,24,24,24,24,723,7230,-2.42106,-1.05311,-1.965338,-2.973538,96.79375,79.90947,-2.873278,-1.955793,-2.589863,-2.318831,-2.235428,-2.019323,-2.177362,-2.005409,-2.770427,-3.052185,24,24,24,24,24,24,24,24,24,24,24,24,24,24,24,24,723,7230,-2.642506,-5.500367,-5.748662,-3.095901,-1.940779,-2.040214,-2.458969,-70.43302,-0.1225342,0.6046469,0.953577,-0.4852214,-0.3302896,-0.1113035,-0.0001412674,3.028343,23,23,23,23,23,23,23,23,23,23,23,23,23,23,23,23
724,7240,-38.96277,-56.34123,-22.27987,-20.95089,-19.90591,-14.68747,-12.12555,-9.155934,-7.676433,-6.521498,-5.228565,-5.800566,-5.364989,-5.376095,-4.894898,-1.086415,24,24,24,24,24,24,24,24,24,24,24,24,24,24,24,24,724,7240,-2.017569,-2.107695,-2.358106,-1.939265,96.79375,79.78675,-2.08968,-2.086169,-3.236977,-1.803845,-1.709843,-2.962273,-1.665438,-2.005409,-3.131771,-2.713053,24,24,24,24,24,24,24,24,24,24,24,24,24,24,24,24,724,7240,-2.182944,-4.349164,-4.981904,-2.063995,-2.199821,-3.568913,-2.200363,-69.33956,0.3719579,0.6046469,0.4767791,-0.2426717,-0.220223,0.6667412,-0.0001412674,2.32625,23,23,23,23,23,23,23,23,23,23,23,23,23,23,23,23
725,7250,-38.60202,-56.34123,-22.77212,-21.92513,-20.62993,-16.66173,-13.14647,-10.78598,-8.418639,-8.489223,-5.109736,-7.565624,-5.603427,-6.570764,-4.536745,-0.7243116,24,24,24,24,24,24,24,24,24,24,24,24,24,24,24,24,725,7250,-2.017569,-2.634988,-2.358106,-2.197821,96.5311,79.54131,-2.220279,-2.738058,-2.072171,-1.675099,-1.447053,-2.154031,-1.665438,-2.450864,-1.92729,-2.147836,24,24,24,24,24,24,24,24,24,24,24,24,24,24,24,24,725,7250,-2.297836,-4.349164,-4.854112,-1.935007,-2.976949,-2.167605,-2.07106,-69.33956,-0.1225342,-0.6049102,0.2383799,0.1211528,0.3301098,0.6667412,-0.0001412674,2.794314,23,23,23,23,23,23,23,23,23,23,23,23,23,23,23,23
726,7260,-38.12102,-58.5175,-22.77212,-22.16868,-19.06121,-16.41495,-12.89124,-12.6668,-9.160845,-9.349575,-6.534799,-7.817775,-5.722648,-6.451298,-3.939823,-0.2415079,24,24,24,24,24,24,24,24,24,24,24,24,24,24,24,24,726,7260,-2.152066,-2.766811,-2.096261,-1.68071,96.13708,79.90947,-2.350879,-3.259569,-1.813326,-1.546352,-2.366823,-1.749908,-2.945254,-2.562231,-1.92729,-2.034793,24,24,24,24,24,24,24,24,24,24,24,24,24,24,24,24,726,7260,-2.068055,-3.453783,-4.726318,-2.579948,-2.070301,-2.804513,-2.458969,-69.66759,0.1247118,-0.2420424,1.311176,0.2424277,-0.4403594,-0.1113035,-0.5534776,2.911329,23,23,23,23,23,23,23,23,23,23,23,23,23,23,23,23
727,7270,-36.67802,-57.06665,-22.64906,-21.68157,-20.26792,-16.66174,-13.4017,-11.53831,-9.037145,-7.874686,-6.178766,-6.304868,-5.961084,-5.376095,-4.775514,-0.0001075559,24,24,24,24,24,24,24,24,24,24,24,24,24,24,24,24,727,7270,-2.555558,-2.107695,-1.703492,-1.68071,96.66245,79.90947,-3.134531,-2.477304,-1.813326,-1.546352,-1.578448,-2.962273,-2.68929,-1.671319,-1.686394,-2.373922,24,24,24,24,24,24,24,24,24,24,24,24,24,24,24,24,727,7270,-2.068055,-4.221252,-5.876455,-2.708936,-1.811258,-2.167554,-3.105481,-69.88629,0.3719579,0.4836932,1.072777,0.6062523,-0.5504259,-0.1113035,0.3318612,2.794314,23,23,23,23,23,23,23,23,23,23,23,23,23,23,23,23
728,7280,-39.44377,-57.79208,-24.37191,-22.16868,-20.87127,-16.90852,-14.80547,-12.16525,-8.913444,-8.366316,-5.109736,-6.052717,-5.364989,-5.256628,-3.701054,-0.4829098,24,24,24,24,24,24,24,24,24,24,24,24,24,24,24,24,728,7280,-2.959049,-2.239518,-1.703492,-3.102764,97.31916,79.29586,-2.481532,-2.346927,-1.942748,-2.061338,-1.709843,-3.231686,-2.305344,-1.671319,-1.92729,-2.486964,24,24,24,24,24,24,24,24,24,24,24,24,24,24,24,24,728,7280,-2.297836,-4.349164,-4.854112,-1.806019,-1.94078,-2.549729,-3.364086,-69.88629,0.7428274,-0.6049102,-0.4768172,-0.0001220037,0.7703793,0.3332939,0.3318612,2.911329,23,23,23,23,23,23,23,23,23,23,23,23,23,23,23,23
729,7290,-39.56402,-58.5175,-23.1413,-23.02114,-20.26792,-17.89565,-14.67786,-13.79529,-10.15045,-10.33283,-5.585052,-6.935246,-4.649673,-5.13716,-3.939823,-0.4829098,24,24,24,24,24,24,24,24,24,24,24,24,24,24,24,24,729,7290,-2.152066,-2.239518,-2.358106,-1.68071,95.34897,78.43685,-2.089733,-1.955793,-3.236975,-2.447577,-3.286592,-2.962273,-2.561308,-2.450864,-2.770427,-2.373922,24,24,24,24,24,24,24,24,24,24,24,24,24,24,24,24,729,7290,-1.953163,-3.709606,-4.981904,-2.45096,-3.754075,-2.804513,-3.364086,-69.88629,0.4955813,-0.3629994,-0.1192184,0.6062523,-0.220223,-0.3336022,-0.7748132,3.028343,23,23,23,23,23,23,23,23,23,23,23,23,23,23,23,23
730,7300,-37.88052,-58.03388,-22.77212,-21.80335,-20.38858,-17.77226,-14.80547,-12.6668,-10.02675,-9.10376,-5.70388,-6.683095,-4.292017,-3.225685,-2.984748,0.4826963,24,24,24,24,24,24,24,24,24,24,24,24,24,24,24,24,730,7300,-2.42106,-2.239518,-2.619945,-1.422155,95.87438,79.54131,-1.697935,-0.9127736,-2.460438,-2.061338,-3.155201,-2.558152,-2.049381,-2.116773,-2.288634,-2.60001,24,24,24,24,24,24,24,24,24,24,24,24,24,24,24,24,730,7300,-1.723385,-3.837518,-5.109697,-2.966912,-2.717906,-2.549729,-2.976178,-70.10499,-0.6170267,-0.1210886,0.7151783,0.1211528,0.2200432,-0.1113035,-0.2214752,3.4964,23,23,23,23,23,23,23,23,23,23,23,23,23,23,23,23
731,7310,-37.39952,-57.06665,-23.63354,-20.70733,-19.06121,-15.6746,-13.91216,-11.28753,-9.160846,-8.120502,-4.990908,-5.296264,-3.69592,-2.747818,-1.910288,0.1205942,24,24,24,24,24,24,24,24,24,24,24,24,24,24,24,24,731,7310,-1.883072,-2.371342,-1.572569,-2.714931,96.00574,79.54131,-2.220333,-2.346927,-1.813324,-2.576323,-2.760959,-2.962273,-1.665438,-2.673595,-1.686394,-3.052185,24,24,24,24,24,24,24,24,24,24,24,24,24,24,24,24,731,7310,-2.297836,-5.884101,-4.981904,-2.45096,-2.458864,-2.677121,-2.458969,-70.54237,0.3719579,0.3627362,0.595979,-0.4852214,-0.220223,-0.3336022,-0.6641462,3.262372,23,23,23,23,23,23,23,23,23,23,23,23,23,23,23,23
732,7320,-34.39326,-56.09942,-21.66457,-19.61132,-17.37182,-14.3173,-10.84939,-10.15904,-7.800134,-8.243408,-4.159106,-5.926642,-2.980604,-3.823022,-2.50721,-0.9657136,24,24,24,24,24,24,24,24,24,24,24,24,24,24,24,24,732,7320,-2.690055,-2.371342,-2.358106,-3.102764,97.31916,80.0322,-2.742732,-1.695039,-2.97813,-3.348802,-1.972584,-2.154031,-2.177362,-1.894046,-1.806842,-3.052185,24,24,24,24,24,24,24,24,24,24,24,24,24,24,24,24,732,7320,-2.527614,-4.604986,-4.34294,-2.837924,-2.588386,-3.059296,-2.329666,-70.32367,0.7428274,0.4836932,-0.119218,0.1211496,0.550243,0.5555918,-0.5534776,2.32625,23,23,23,23,23,23,23,23,23,23,23,23,23,23,23,23
733,7330,-34.63376,-55.2531,-20.9262,-19.12421,-16.76845,-12.8366,-8.679929,-8.528992,-6.315722,-5.783125,-3.564961,-3.531207,-2.146068,-1.911547,-1.910288,0.7240981,24,24,24,24,24,24,24,24,24,24,24,24,24,24,24,24,733,7330,-2.555558,-1.844049,-3.012713,-2.844209,96.66245,80.40036,-2.742732,-2.216547,-3.884089,-2.061338,-1.709791,-3.231686,-1.537456,-1.782682,-2.649979,-2.147836,24,24,24,24,24,24,24,24,24,24,24,24,24,24,24,24,733,7330,-2.182944,-3.965429,-4.854112,-2.708936,-2.717906,-2.167554,-2.329666,-69.99564,-1.111519,-1.088735,0.595979,0.2424245,0.1099767,-0.0001541099,-0.4428107,2.560279,23,23,23,23,23,23,23,23,23,23,23,23,23,23,23,23
734,7340,-36.79827,-55.01128,-21.91069,-17.90642,-16.1651,-11.60269,-8.424698,-8.02744,-6.06832,-6.152337,-3.683791,-4.28766,-2.384506,-2.747871,-1.67152,0.2412944,24,24,24,24,24,24,24,24,24,24,24,24,24,24,24,24,734,7340,-1.748575,-2.503165,-2.227183,-1.68071,96.39974,80.15491,-1.697935,-2.738058,-2.97813,-1.932591,-1.052815,-2.69286,-0.8975472,-2.228086,-2.409082,-2.260879,24,24,24,24,24,24,24,24,24,24,24,24,24,24,24,24,734,7340,-1.953163,-4.093341,-5.237491,-3.224888,-3.365512,-2.167554,-2.329666,-69.44891,-0.2461572,0.1208254,0.8343782,0.3636993,-0.1101565,-0.5558993,0.1105273,3.145357,23,23,23,23,23,23,23,23,23,23,23,23,23,23,23,23
735,7350,-35.35527,-54.40678,-19.69559,-16.56685,-14.11369,-10.36877,-6.255234,-7.4005,-4.953817,-5.413914,-3.208475,-4.161584,-2.384506,-3.22574,-1.67152,-0.9657136,24,24,24,24,24,24,24,24,24,24,24,24,24,24,24,24,735,7350,-2.555558,-3.030457,-2.227183,-2.844209,96.13708,79.54131,-2.873332,-3.520323,-2.331015,-2.31883,-2.235377,-2.558152,-2.68929,-3.007634,-2.048214,-2.147836,24,24,24,24,24,24,24,24,24,24,24,24,24,24,24,24,735,7350,-2.068055,-4.221252,-5.748662,-2.579948,-2.329343,-2.677121,-2.846876,-70.54237,-0.2461572,-0.1210886,0.9535774,-0.3639498,-0.3302896,0.1109952,0.4425298,3.262372,23,23,23,23,23,23,23,23,23,23,23,23,23,23,23,23
736,7360,-33.91226,-53.68135,-19.44947,-16.07973,-12.4243,-9.505034,-6.000003,-6.272006,-4.953817,-5.783125,-3.089646,-4.28766,-2.503726,-2.031069,-1.552136,-0.0001075559,24,24,24,24,24,24,24,24,24,24,24,24,24,24,24,24,736,7360,-3.228043,-2.503165,-1.572569,-1.809988,96.39974,79.29586,-3.134531,-2.086169,-2.201593,-2.061338,-2.103979,-2.69286,-2.561308,-2.339449,-2.168641,-2.373979,24,24,24,24,24,24,24,24,24,24,24,24,24,24,24,24,736,7360,-2.642506,-4.221252,-4.215147,-2.192984,-2.717906,-2.549729,-2.717574,-69.23022,-0.4934037,-0.1210886,-0.119218,-0.1214001,0.7703793,0.1109952,0.4425298,2.677248,23,23,23,23,23,23,23,23,23,23,23,23,23,23,23,23
737,7370,-32.46926,-52.47231,-19.08029,-15.22728,-14.23437,-9.011468,-7.403774,-6.898948,-5.944571,-5.044702,-4.277935,-4.161584,-2.980603,-2.747871,-1.552136,-0.1208077,24,24,24,24,24,24,24,24,24,24,24,24,24,24,24,24,737,7370,-3.093545,-2.371342,-2.227183,-2.714931,96.66245,79.29586,-3.003931,-2.086169,-1.813324,-1.932591,-1.841189,-2.558152,-1.793417,-2.228086,-2.048214,-3.052239,24,24,24,24,24,24,24,24,24,24,24,24,24,24,24,24,737,7370,-2.412725,-3.965429,-4.981904,-3.224888,-3.10647,-2.294946,-1.812456,-69.33956,0.3719579,0.1208254,0.1191811,0.7275239,0.550243,0.3332939,-0.4428107,3.26232,23,23,23,23,23,23,23,23,23,23,23,23,23,23,23,23
738,7380,-32.46926,-51.86779,-18.83417,-15.22728,-14.11369,-9.628425,-5.617157,-6.397395,-5.449194,-4.798561,-2.376673,-3.657282,-1.78841,-2.389471,-0.8358294,-0.9657136,24,24,24,24,24,24,24,24,24,24,24,24,24,24,24,24,738,7380,-2.555557,-2.371342,-2.358106,-2.714931,96.13708,78.6823,-2.350932,-1.303905,-2.848707,-1.932591,-2.366771,-3.096981,-2.049381,-2.339449,-1.927787,-1.921805,24,24,24,24,24,24,24,24,24,24,24,24,24,24,24,24,738,7380,-1.723385,-4.349164,-4.470733,-3.224888,-1.94078,-1.657988,-1.683153,-70.21432,-0.6170267,-0.3629994,0.1191811,0.2424245,0.1099767,-0.1113027,-0.1108082,3.730384,23,23,23,23,23,23,23,23,23,23,23,23,23,23,23,23
739,7390,-32.22876,-51.86779,-18.0958,-16.20151,-14.59638,-10.86234,-8.93516,-8.403605,-6.563124,-6.521549,-2.73316,-4.413735,-1.549971,-2.031069,-1.193983,0.603398,24,24,24,24,24,24,24,24,24,24,24,24,24,24,24,24,739,7390,-1.748575,-1.448579,-1.834415,-1.292877,96.13708,79.41858,-2.089733,-1.564662,-1.942746,-0.773874,-2.629564,-1.884616,-1.921399,-2.228086,-1.686933,-2.373979,24,24,24,24,24,24,24,24,24,24,24,24,24,24,24,24,739,7390,-2.297836,-4.732898,-5.109697,-2.321971,-2.458864,-1.148422,-2.07106,-69.77695,0.8664507,0.7256039,0.595979,-0.3639498,-0.4403594,0.5555927,0.3318612,3.26232,23,23,23,23,23,23,23,23,23,23,23,23,23,23,23,23
740,7400,-33.19076,-51.38417,-20.06478,-18.75887,-17.37182,-12.71321,-11.7427,-9.782873,-8.666041,-6.644619,-3.80262,-5.296264,-3.457479,-3.345207,-1.67152,-0.3622096,24,24,24,24,24,24,24,24,24,24,24,24,24,24,24,24,740,7400,-1.883072,-2.371342,-1.572569,-2.456427,96.26839,79.54131,-1.959133,-2.607681,-1.813324,-2.70507,-3.023752,-1.884616,-2.177362,-2.339449,-1.205225,-3.391371,24,24,24,24,24,24,24,24,24,24,24,24,24,24,24,24,740,7400,-2.412725,-4.093341,-4.470733,-2.063995,-2.458864,-3.186687,-2.458969,-69.77695,0.001088401,0.6046469,-0.119218,-0.0001252143,0.3301098,-0.0001533072,-0.2214752,2.09217,23,23,23,23,23,23,23,23,23,23,23,23,23,23,23,23
741,7410,-34.27301,-53.07682,-20.18784,-18.88065,-17.13047,-12.95999,-11.48747,-9.406709,-8.54234,-7.013832,-3.208475,-4.161584,-2.980603,-2.867338,-2.029673,-0.2415079,24,24,24,24,24,24,24,24,24,24,24,24,24,24,24,24,741,7410,-2.555557,-1.975872,-2.358106,-3.102816,96.39985,80.15491,-1.828533,-2.086169,-2.331015,-2.962563,-2.235377,-2.154031,-2.177362,-2.116722,-1.80736,-3.278328,24,24,24,24,24,24,24,24,24,24,24,24,24,24,24,24,741,7410,-1.838274,-4.093341,-5.620869,-2.708936,-2.458863,-1.530597,-1.295245,-69.66759,-0.2461572,-0.8468242,0.2383807,0.606249,0.4401764,0.7778913,0.4425298,2.677248,23,23,23,23,23,23,23,23,23,23,23,23,23,23,23,23
742,7420,-35.59576,-54.76947,-20.68009,-21.80335,-17.49249,-14.3173,-10.97701,-10.03365,-8.171237,-7.751779,-4.040278,-5.674491,-2.980603,-3.823076,-2.149058,-0.6036115,24,24,24,24,24,24,24,24,24,24,24,24,24,24,24,24,742,7420,-1.883072,-1.712226,-1.965338,-2.456427,96.6625,80.64581,-3.265131,-1.825416,-2.848707,-1.932591,-1.972584,-2.154031,-2.561308,-1.782631,-2.529922,-2.826154,24,24,24,24,24,24,24,24,24,24,24,24,24,24,24,24,742,7420,-1.723385,-4.477075,-5.365283,-3.611853,-2.717905,-1.657988,-2.588271,-68.90218,-0.6170267,-0.2420424,0.3575799,0.8487988,0.1099767,-0.1113027,-0.5534776,2.677248,23,23,23,23,23,23,23,23,23,23,23,23,23,23,23,23
743,7430,-35.71601,-54.04405,-21.54151,-19.85488,-17.8545,-13.82373,-10.97701,-9.532097,-8.418639,-6.644619,-4.634421,-5.674491,-3.934356,-3.106273,-2.387826,-0.7243116,24,24,24,24,24,24,24,24,24,24,24,24,24,24,24,24,743,7430,-1.614078,-1.580402,-2.489022,-2.068594,96.53115,79.17313,-1.175481,-2.346927,-2.97813,-1.803845,-1.841189,-2.827565,-1.409475,-2.450813,-2.168641,-2.260936,24,24,24,24,24,24,24,24,24,24,24,24,24,24,24,24,743,7430,-1.953163,-3.965429,-5.493076,-2.579948,-1.940779,-1.785379,-2.329666,-70.76105,0.1247118,-0.1210886,0.2383807,0.8487988,-0.3302896,-0.1113027,-0.0001412674,3.496349,23,23,23,23,23,23,23,23,23,23,23,23,23,23,23,23
744,7440,-35.71601,-53.80225,-21.29539,-19.85488,-18.09584,-13.70034,-11.48747,-9.406709,-6.934227,-6.398479,-3.327305,-5.548415,-3.934356,-4.062009,-2.984748,-0.4829098,24,24,24,24,24,24,24,24,24,24,24,24,24,24,24,24,744,7440,-1.479581,-2.898634,-2.489022,-1.810039,95.87444,79.78675,-2.612077,-2.998818,-2.201593,-1.546352,-2.103979,-1.345787,-1.537456,-2.56218,-2.168641,-2.147894,24,24,24,24,24,24,24,24,24,24,24,24,24,24,24,24,744,7440,-2.642506,-5.244544,-5.109697,-2.45096,-1.811258,-1.785379,-2.458969,-69.77695,0.2483352,-0.4839564,-1.846108E-05,-0.4852246,-0.220223,0.3332939,-0.0001412674,3.26232,23,23,23,23,23,23,23,23,23,23,23,23,23,23,23,23
745,7450,-35.35526,-55.01128,-21.17233,-19.61132,-16.28578,-13.94712,-9.318007,-10.03365,-7.181629,-7.383044,-4.396765,-6.052717,-4.649672,-4.539878,-3.104133,-0.4829098,24,24,24,24,24,24,24,24,24,24,24,24,24,24,24,24,745,7450,-2.017569,-3.030457,-1.834415,-1.939316,95.34908,80.15491,-2.612077,-2.738061,-2.072224,-1.417606,-2.103979,-1.345787,-2.561308,-2.56218,-2.168641,-2.373979,24,24,24,24,24,24,24,24,24,24,24,24,24,24,24,24,745,7450,-2.757395,-4.349164,-4.34294,-2.063995,-2.199821,-3.059296,-2.976178,-69.12088,0.1247118,0.4836932,0.1191811,-0.6064995,0.7703793,0.8890399,-0.3321437,1.624113,23,23,23,23,23,23,23,23,23,23,23,23,23,23,23,23
746,7460,-36.91851,-53.56044,-20.92621,-20.342,-16.88913,-12.95999,-9.318007,-8.779769,-6.686825,-5.906145,-4.277935,-4.665886,-3.934356,-4.062009,-2.984748,0.1205942,24,24,24,24,24,24,24,24,24,24,24,24,24,24,24,24,746,7460,-3.228042,-1.844049,-1.703492,-1.810039,96.79385,79.66402,-2.742678,-1.695042,-1.166263,-1.932591,-1.972584,-2.69286,-2.433326,-2.339449,-1.446079,-2.487022,24,24,24,24,24,24,24,24,24,24,24,24,24,24,24,24,746,7460,-2.068055,-4.349164,-4.981904,-2.063995,-1.681737,-2.549729,-2.200363,-70.10499,-0.2461572,-0.4839564,0.8343782,0.606249,0.1099767,0.4444433,0.1105273,2.794263,23,23,23,23,23,23,23,23,23,23,23,23,23,23,23,23
747,7470,-38.48176,-55.25309,-23.1413,-21.19445,-18.09584,-13.57695,-10.59416,-8.905156,-6.810526,-5.413863,-3.80262,-4.28766,-3.219041,-3.106273,-2.149058,-0.3622096,24,24,24,24,24,24,24,24,24,24,24,24,24,24,24,24,747,7470,-1.883072,-1.844049,-1.31073,-2.197871,97.18791,78.19141,-2.742678,-1.825419,-2.201648,-1.675099,-2.629616,-2.827565,-1.281493,-1.671267,-2.289068,-2.147894,24,24,24,24,24,24,24,24,24,24,24,24,24,24,24,24,747,7470,-1.953163,-4.477075,-5.620869,-3.0959,-2.458863,-2.167554,-3.105481,-69.88629,-0.3697803,0.2417791,1.191976,-0.4852246,-8.989744E-05,-0.6670486,0.1105273,2.326199,23,23,23,23,23,23,23,23,23,23,23,23,23,23,23,23
748,7480,-38.12101,-54.89038,-21.41845,-20.09844,-16.04443,-13.08338,-8.424698,-8.403605,-6.439422,-6.521498,-3.683791,-5.044113,-3.099822,-3.823076,-3.462286,-0.7243116,24,24,24,24,24,24,24,24,24,24,24,24,24,24,24,24,748,7480,-1.345084,-1.448579,-1.834415,-1.163651,96.26849,78.92769,-1.56728,-1.825419,-3.366453,-1.675099,-2.366823,-2.558152,-1.537456,-2.005358,-2.048214,-1.921805,24,24,24,24,24,24,24,24,24,24,24,24,24,24,24,24,748,7480,-1.608493,-4.860809,-5.109697,-2.192984,-2.0703,-2.804513,-3.751994,-70.10499,0.3719579,0.2417791,1.072777,0.3637058,0.4401764,0.7778913,0.2211943,3.145306,23,23,23,23,23,23,23,23,23,23,23,23,23,23,23,23
749,7490,-38.12101,-54.89038,-20.68009,-16.56685,-13.99302,-10.86234,-8.169466,-8.152827,-5.696882,-5.290792,-4.159106,-4.161584,-3.099822,-2.986805,-2.149058,-0.2415079,24,24,24,24,24,24,24,24,24,24,24,24,24,24,24,24,749,7490,-2.017569,-1.448579,-1.572569,-1.939316,95.48038,79.78675,-1.95908,-1.825419,-2.589916,-1.675099,-2.76101,-2.154031,-2.30529,-2.228086,-2.048214,-2.373979,24,24,24,24,24,24,24,24,24,24,24,24,24,24,24,24,749,7490,-2.872287,-4.604986,-4.34294,-2.063995,-2.0703,-2.167554,-3.234783,-69.23022,0.3719579,-0.4839564,-0.1192184,-0.7277679,0.2199887,0.5555927,0.2211943,3.379334,23,23,23,23,23,23,23,23,23,23,23,23,23,23,23,23
750,7500,-35.83626,-54.04405,-19.57254,-15.47084,-13.75169,-10.61556,-8.807545,-7.902052,-5.573038,-5.167721,-3.921448,-4.161584,-2.980603,-3.106273,-1.910289,-0.8450134,24,24,24,24,24,24,24,24,24,24,24,24,24,24,24,24,750,7500,-1.479581,-2.107695,-1.179808,-2.327149,96.13714,79.78675,-2.08968,-1.825419,-1.554532,-2.833816,-1.578448,-1.615202,-1.537402,-2.116773,-1.205225,-2.939197,24,24,24,24,24,24,24,24,24,24,24,24,24,24,24,24,750,7500,-2.068055,-3.453783,-4.726318,-2.837924,-2.458863,-2.294946,-2.458969,-69.33956,0.2483352,-0.0001316355,0.2383799,0.8488052,0.7703247,-0.1113035,-0.3321437,2.794263,23,23,23,23,23,23,23,23,23,23,23,23,23,23,23,23
751,7510,-32.83001,-53.19773,-18.34193,-14.00949,-10.85558,-9.381641,-6.765696,-6.773558,-4.829973,-5.044651,-3.208475,-4.413735,-2.503726,-4.062009,-2.626595,-0.8450134,24,24,24,24,24,24,24,24,24,24,24,24,24,24,24,24,751,7510,-2.42106,-1.05311,-1.703492,-2.456427,96.26849,80.15491,-2.742678,-1.303908,-2.848762,-2.447577,-1.841241,-1.749908,-2.177308,-2.3395,-3.011579,-3.165286,24,24,24,24,24,24,24,24,24,24,24,24,24,24,24,24,751,7510,-1.608493,-3.581694,-4.981904,-2.966912,-1.940779,-1.785379,-2.200363,-69.88629,-0.4934037,0.2417791,0.7151783,0.7275303,0.4401218,-0.0001541099,-0.0001412674,3.379334,23,23,23,23,23,23,23,23,23,23,23,23,23,23,23,23
752,7520,-32.34901,-53.43953,-17.72662,-14.37483,-10.61424,-9.258251,-6.127618,-6.773558,-5.449194,-4.798509,-2.73316,-3.657282,-2.384506,-3.106273,-1.67152,-0.1208077,24,24,24,24,24,24,24,24,24,24,24,24,24,24,24,24,752,7520,-1.614078,-1.580402,-3.012713,-1.939316,96.79385,79.66402,-2.08968,-1.825419,-2.978185,-1.803845,-2.235428,-2.288737,-2.049329,-2.228137,-2.168589,-2.260943,24,24,24,24,24,24,24,24,24,24,24,24,24,24,24,24,752,7520,-2.412725,-4.732898,-5.620869,-2.708936,-1.811258,-1.912771,-2.717574,-70.43302,-0.7406497,0.4836932,0.953577,0.1211561,0.3300552,0.1109952,0.5531967,3.613415,23,23,23,23,23,23,23,23,23,23,23,23,23,23,23,23
753,7530,-32.46926,-52.47231,-18.46499,-15.7144,-14.11369,-10.86234,-9.445622,-7.4005,-6.563124,-5.413863,-4.159106,-5.170188,-3.219041,-4.181477,-2.387826,-0.8450134,24,24,24,24,24,24,24,24,24,24,24,24,24,24,24,24,753,7530,-1.07609,-1.975872,-2.750868,-2.068594,97.05656,79.41858,-1.82848,-1.955796,-2.460493,-1.546352,-1.578448,-2.423444,-1.40942,-2.784958,-1.566454,-1.356594,24,24,24,24,24,24,24,24,24,24,24,24,24,24,24,24,753,7530,-2.068103,-4.477075,-4.087354,-2.45096,-2.329342,-2.677121,-3.364086,-69.66759,0.1247118,0.846561,0.7151783,0.1211561,0.5501884,1.222487,0.4425298,3.379386,23,23,23,23,23,23,23,23,23,23,23,23,23,23,23,23
754,7540,-32.46926,-52.60222,-18.71111,-15.34906,-13.99302,-11.23251,-8.807545,-8.278216,-4.953817,-5.536933,-3.089646,-4.539811,-2.384506,-3.464674,-2.149058,-0.8450134,24,24,24,24,24,24,24,24,24,24,24,24,24,24,24,24,754,7540,-2.017569,-3.162229,-1.441647,-1.292928,95.74308,80.0322,-2.220279,-3.129195,-1.683956,-1.288859,-2.235428,-1.615202,-2.30529,-2.784958,-1.686881,-2.373986,24,24,24,24,24,24,24,24,24,24,24,24,24,24,24,24,754,7540,-1.838322,-4.093341,-5.620869,-1.935007,-2.588385,-2.294946,-2.588271,-69.23022,-0.3697803,-1.451603,-0.1192184,0.3637058,0.1099221,0.3332939,0.4425298,2.794314,23,23,23,23,23,23,23,23,23,23,23,23,23,23,23,23
755,7550,-33.07051,-53.93239,-18.58805,-15.95796,-14.71706,-12.58982,-9.190391,-9.030544,-7.057928,-6.89071,-3.683791,-4.918037,-2.980603,-3.823076,-1.790905,-0.4829098,24,24,24,24,24,24,24,24,24,24,24,24,24,24,24,24,755,7550,-3.228043,-2.107644,-1.834415,-2.585705,96.6625,79.66402,-2.873278,-2.21655,-1.554532,-1.932591,-1.841241,-2.154031,-2.433272,-1.782682,-2.048162,-2.373986,24,24,24,24,24,24,24,24,24,24,24,24,24,24,24,24,755,7550,-1.37876,-3.837518,-5.493076,-2.708936,-2.588385,-1.530597,-2.717574,-69.33956,-0.2461572,-0.0001316355,0.5959787,0.4849806,0.5501884,0.2221438,0.4425298,3.964464,23,23,23,23,23,23,23,23,23,23,23,23,23,23,23,23
756,7560,-32.10851,-52.36037,-18.58805,-16.32329,-15.07906,-12.46643,-9.956084,-8.278216,-7.30533,-6.275356,-3.921448,-4.413735,-3.576699,-3.584142,-2.865364,-0.7243116,24,24,24,24,24,24,24,24,24,24,24,24,24,24,24,24,756,7560,-2.959049,-2.898583,-1.965338,-2.585653,96.53115,79.54131,-3.003878,-2.21655,-2.460493,-2.70507,-1.841241,-2.423444,-2.433272,-1.559955,-1.566454,-3.052246,24,24,24,24,24,24,24,24,24,24,24,24,24,24,24,24,756,7560,-1.838322,-4.093341,-5.748662,-2.450907,-2.199821,-2.040163,-2.846876,-70.32367,-0.7406497,0.6046469,0.7151783,-0.1213936,0.2199887,-0.0001541099,-0.1108082,3.262372,23,23,23,23,23,23,23,23,23,23,23,23,23,23,23,23
757,7570,-34.27301,-52.96499,-19.08029,-18.0282,-16.40645,-12.46643,-10.97701,-9.030544,-6.810526,-6.152286,-3.089646,-4.665886,-2.384506,-2.986805,-2.149058,-0.1208077,24,24,24,24,24,24,24,24,24,24,24,24,24,24,24,24,757,7570,-1.883072,-2.107644,-1.703492,-2.19782,96.13704,78.31413,-2.08968,-1.564665,-2.331071,-1.288859,-1.841241,-2.558152,-1.921347,-1.337226,-2.048162,-2.147897,24,24,24,24,24,24,24,24,24,24,24,24,24,24,24,24,757,7570,-2.527662,-4.732899,-4.598527,-1.934955,-2.070302,-0.2566805,-3.105481,-69.66759,0.1247118,0.3627362,-1.886241E-05,0.2424309,0.4401218,0.8890399,0.2211943,3.4964,23,23,23,23,23,23,23,23,23,23,23,23,23,23,23,23
758,7580,-33.55151,-53.56962,-18.58805,-17.05397,-15.92376,-13.70034,-10.72178,-9.281322,-6.563124,-7.382992,-2.970818,-4.918037,-2.861383,-3.584142,-1.790905,-0.6036115,24,24,24,24,24,24,24,24,24,24,24,24,24,24,24,24,758,7580,-1.614078,-2.239467,-1.965338,-1.551432,95.61163,79.78675,-1.82848,-1.043154,-1.942801,-1.675099,-2.498218,-1.345787,-1.025475,-1.782682,-1.084746,-2.147897,24,24,24,24,24,24,24,24,24,24,24,24,24,24,24,24,758,7580,-2.297881,-4.093341,-4.34294,-1.676979,-2.458865,-2.54978,-1.812456,-69.44891,0.001088401,0.4836932,0.1191803,0.2424309,0.5501884,0.3332939,-0.0001412674,2.560279,23,23,23,23,23,23,23,23,23,23,23,23,23,23,23,23
759,7590,-33.91226,-52.72314,-19.44947,-19.24599,-18.33718,-14.68747,-12.50839,-9.532097,-7.923835,-7.136851,-3.446133,-5.674491,-4.053576,-2.389471,-2.507211,-0.2415079,24,24,24,24,24,24,24,24,24,24,24,24,24,24,24,24,759,7590,-1.210587,-1.843997,-1.441647,-2.068542,95.74298,79.41858,-1.436681,-1.434285,-1.683956,-2.190084,-1.315655,-1.615202,-1.40942,-1.671319,-1.3256,-2.373986,24,24,24,24,24,24,24,24,24,24,24,24,24,24,24,24,759,7590,-1.72343,-3.709606,-4.598527,-2.192931,-2.458865,-0.5115148,-1.553851,-70.10499,-0.2461572,-0.4839564,0.7151783,-0.1213936,0.4401218,0.2221438,-0.1108082,2.794314,23,23,23,23,23,23,23,23,23,23,23,23,23,23,23,23
760,7600,-37.51977,-53.56962,-20.43396,-20.22022,-20.02658,-15.92139,-13.4017,-9.908261,-7.181629,-6.644568,-3.564961,-5.926642,-3.576699,-2.867338,-1.790905,0.4826963,24,24,24,24,24,24,24,24,24,24,24,24,24,24,24,24,760,7600,-2.152066,-1.843997,-2.096261,-3.102763,96.13704,79.78675,-2.612077,-1.564665,-2.072224,-2.70507,-1.841241,-1.749908,-2.30529,-1.44859,-2.409444,-2.82616,24,24,24,24,24,24,24,24,24,24,24,24,24,24,24,24,760,7600,-2.068103,-4.093341,-5.237491,-2.579896,-1.940781,-1.785431,-1.683153,-69.66759,-0.7406497,0.1208254,0.7151783,0.3637058,-0.440414,-0.7781979,0.4425298,3.379386,23,23,23,23,23,23,23,23,23,23,23,23,23,23,23,23
761,7610,-34.99451,-53.81147,-20.18784,-20.46378,-18.94054,-15.798,-11.35985,-10.03365,-6.810526,-7.751779,-3.446133,-5.170188,-3.576699,-3.584142,-2.149058,-0.7243116,24,24,24,24,24,24,24,24,24,24,24,24,24,24,24,24,761,7610,-2.152066,-1.712175,-2.619945,-2.585653,96.53104,79.78675,-2.220279,-1.695042,-2.460493,-2.061338,-1.841241,-2.154031,-1.537402,-2.228137,-2.409444,-2.373986,24,24,24,24,24,24,24,24,24,24,24,24,24,24,24,24,761,7610,-1.37876,-3.581695,-5.493076,-2.579896,-2.070302,-2.167605,-2.976178,-70.21432,0.8664507,0.9675148,1.072777,0.3637058,0.1099221,0.3332939,0.4425298,3.379386,23,23,23,23,23,23,23,23,23,23,23,23,23,23,23,23
762,7620,-35.11477,-53.69054,-20.80315,-21.68157,-20.02658,-16.66174,-12.50839,-9.281322,-6.563124,-5.783125,-3.327305,-3.279056,-2.980603,-2.270003,-2.745979,0.603398,24,24,24,24,24,24,24,24,24,24,24,24,24,24,24,24,762,7620,-1.345084,-2.239467,-1.965338,-1.939264,96.9251,79.90947,-1.82848,-2.21655,-2.589916,-1.932592,-1.578448,-2.154031,-1.665384,-2.562231,-2.289016,-2.373986,24,24,24,24,24,24,24,24,24,24,24,24,24,24,24,24,762,7620,-2.987224,-4.221252,-4.981905,-2.837872,-1.552217,-1.785431,-2.846876,-69.33956,0.3719579,-0.0001348462,0.2383799,-0.1213936,0.5501884,0.1109952,0.3318612,2.911329,23,23,23,23,23,23,23,23,23,23,23,23,23,23,23,23
763,7630,-38.12102,-53.69054,-22.15681,-21.31623,-18.81986,-15.92139,-11.99793,-9.908261,-6.563124,-6.152337,-2.376672,-3.657282,-2.026849,-2.628404,-1.432752,-0.0001075559,24,24,24,24,24,24,24,24,24,24,24,24,24,24,24,24,763,7630,-2.152066,-2.898583,-1.572569,-1.680709,96.00568,79.90947,-1.82848,-2.998818,-1.813379,-1.803845,-2.103979,-1.615202,-1.665384,-2.562231,-2.048162,-2.147897,24,24,24,24,24,24,24,24,24,24,24,24,24,24,24,24,763,7630,-2.068103,-3.837518,-5.365283,-2.837872,-3.106471,-2.54978,-2.329666,-69.99564,0.6192039,0.4836899,-0.2384168,0.4849806,0.7703247,0.3332939,-0.4428107,2.209236,23,23,23,23,23,23,23,23,23,23,23,23,23,23,23,23
764,7640,-38.72227,-54.41609,-19.94172,-18.75887,-16.04443,-14.56408,-9.573237,-8.403605,-6.19202,-5.536984,-3.089645,-4.161584,-2.622945,-4.062009,-2.507211,-0.8450134,24,24,24,24,24,24,24,24,24,24,24,24,24,24,24,24,764,7640,-2.286563,-2.898583,-2.096261,-2.19782,95.61163,79.66402,-2.612077,-2.34693,-2.201648,-1.546352,-2.103979,-1.884616,-3.329144,-2.562231,-1.927735,-2.147897,24,24,24,24,24,24,24,24,24,24,24,24,24,24,24,24,764,7640,-1.72343,-4.093341,-4.470734,-2.708884,-2.070302,-2.294997,-1.295245,-69.99564,-0.9878958,-1.572563,0.715179,0.3637058,0.3300552,0.3332939,-0.2214752,2.911329,23,23,23,23,23,23,23,23,23,23,23,23,23,23,23,23
765,7650,-37.76027,-55.38349,-20.18784,-18.39354,-15.44108,-13.57695,-8.679929,-7.525887,-5.449194,-4.798561,-2.495501,-3.026904,-2.384506,-1.911602,-2.029673,0.3619961,24,24,24,24,24,24,24,24,24,24,24,24,24,24,24,24,765,7650,-2.959049,-2.37129,-1.31073,-1.939264,95.87433,79.66402,-2.481479,-2.21655,-1.942801,-1.803845,-1.709791,-2.69286,-1.921399,-1.782682,-1.686881,-3.052246,24,24,24,24,24,24,24,24,24,24,24,24,24,24,24,24,765,7650,-1.608541,-4.604987,-5.493076,-3.224836,-2.199823,-1.912822,-1.03664,-69.66759,-0.3697803,0.3627329,0.8343787,-0.000118793,-0.4404172,-0.4447507,-0.1108082,3.145357,23,23,23,23,23,23,23,23,23,23,23,23,23,23,23,23
766,7660,-39.56402,-55.26257,-22.03376,-20.09844,-18.45786,-12.8366,-9.318007,-7.902052,-5.820726,-5.290843,-2.61433,-3.909433,-2.026849,-2.150481,-1.910289,-0.2415079,24,24,24,24,24,24,24,24,24,24,24,24,24,24,24,24,766,7660,-1.883072,-2.107644,-2.227183,-1.809987,96.26834,77.94595,-1.95908,-1.695042,-1.942801,-1.417606,-1.709791,-3.366394,-1.409475,-1.782682,-2.52987,-2.034854,24,24,24,24,24,24,24,24,24,24,24,24,24,24,24,24,766,7660,-0.9192013,-4.093341,-5.109698,-1.934955,-1.940781,-2.677172,-1.683153,-69.99564,0.001089204,0.3627329,0.4767799,-0.3639433,-0.4404172,0.3333437,0.2211943,2.560279,23,23,23,23,23,23,23,23,23,23,23,23,23,23,23,23
767,7670,-39.44377,-56.35089,-20.68009,-19.97666,-18.09584,-14.81087,-10.59416,-9.532097,-7.676433,-9.226667,-3.446131,-6.809171,-3.457479,-4.659291,-2.029673,-1.448517,24,24,24,24,24,24,24,24,24,24,24,24,24,24,24,24,767,7670,-1.614078,-1.712175,-2.096261,-1.809987,95.48027,79.29586,-1.95908,-1.303908,-1.683956,-1.803845,-2.760959,-2.288737,-1.793417,-1.894046,-1.32505,-2.373986,24,24,24,24,24,24,24,24,24,24,24,24,24,24,24,24,767,7670,-2.412773,-3.197961,-4.981905,-2.192931,-1.422696,-2.167605,-2.588271,-69.01153,0.001089204,-0.7258704,0.3575807,-0.1213936,-0.0001476886,0.3333437,0.663915,3.262372,23,23,23,23,23,23,23,23,23,23,23,23,23,23,23,23
768,7680,-39.32352,-56.35089,-21.41845,-20.58556,-18.45786,-15.05765,-10.97701,-10.40981,-7.057928,-7.505964,-3.56496,-5.800566,-3.338261,-2.747818,-2.149058,-0.3622096,24,24,24,24,24,24,24,24,24,24,24,24,24,24,24,24,768,7680,-1.883072,-2.239467,-1.572569,-1.939264,94.95491,79.05041,-1.95908,-2.086173,-1.942801,-2.190084,-2.235377,-2.288737,-2.049381,-2.450864,-1.686394,-3.052246,24,24,24,24,24,24,24,24,24,24,24,24,24,24,24,24,768,7680,-1.608541,-3.197961,-4.854112,-2.450907,-2.847428,-2.677172,-2.200363,-69.55826,0.1247118,-0.0001348462,-0.476816,0.8488052,0.330052,0.666791,-0.5534263,2.560279,23,23,23,23,23,23,23,23,23,23,23,23,23,23,23,23
769,7690,-38.96276,-54.77886,-21.9107,-19.24599,-18.81986,-14.56408,-11.23224,-10.28443,-7.676433,-7.751779,-3.089645,-6.052717,-2.980603,-2.867285,-1.910289,0.1205942,24,24,24,24,24,24,24,24,24,24,24,24,24,24,24,24,769,7690,-1.748575,-2.503114,-2.227183,-3.102763,95.87433,79.66402,-2.612077,-1.434285,-2.589916,-3.220056,-2.103979,-2.288737,-2.305344,-2.228137,-2.52953,-2.939203,24,24,24,24,24,24,24,24,24,24,24,24,24,24,24,24,769,7690,-1.838319,-3.581695,-4.981905,-2.96686,-2.717908,-1.912822,-2.588271,-70.32367,-0.3697803,-0.8468274,0.715179,0.4849806,0.4401186,-0.1112537,-0.3320924,3.379386,23,23,23,23,23,23,23,23,23,23,23,23,23,23,23,23
770,7700,-38.00076,-53.92315,-20.55702,-19.36777,-18.21651,-14.44069,-9.828468,-8.905156,-6.19202,-6.890761,-3.446131,-5.548415,-2.980603,-3.942489,-2.029673,-1.569219,24,24,24,24,24,24,24,24,24,24,24,24,24,24,24,24,770,7700,-2.690055,-1.580402,-2.489022,-2.585653,95.74298,79.66402,-2.08968,-1.303908,-3.366453,-1.675099,-1.184209,-2.558152,-1.921399,-2.228137,-3.011322,-1.808769,24,24,24,24,24,24,24,24,24,24,24,24,24,24,24,24,770,7700,-2.75744,-4.988722,-5.237491,-2.063943,-2.458865,-2.294997,-2.588271,-70.10499,0.001089204,0.7256007,0.715179,-0.8490428,-0.3303506,0.111045,0.3319126,3.4964,23,23,23,23,23,23,23,23,23,23,23,23,23,23,23,23
771,7710,-38.12101,-54.52768,-20.9262,-18.27176,-15.92376,-12.95999,-9.700853,-8.403605,-6.06832,-5.536984,-3.68379,-4.665886,-2.265287,-3.10622,-1.790905,-0.3622096,24,24,24,24,24,24,24,24,24,24,24,24,24,24,24,24,771,7710,-2.017569,-2.503165,-2.619952,-1.680709,95.87433,79.29586,-1.56728,-2.607684,-2.201648,-1.675099,-1.841189,-2.154031,-1.793417,-2.562231,-1.806842,-2.260943,24,24,24,24,24,24,24,24,24,24,24,24,24,24,24,24,771,7710,-2.642548,-4.221253,-4.854113,-1.805967,-3.106471,-3.059347,-2.07106,-69.44891,-0.3697803,0.7256007,0.4767799,-0.4852182,-0.3303506,0.3333437,0.3319126,2.560279,23,23,23,23,23,23,23,23,23,23,23,23,23,23,23,23
772,7720,-37.15901,-53.92315,-21.54151,-18.14998,-17.13047,-13.20678,-10.33893,-9.030544,-8.418639,-6.890761,-4.396763,-5.674491,-3.815138,-2.986753,-2.626595,-1.086415,24,24,24,24,24,24,24,24,24,24,24,24,24,24,24,24,772,7720,-1.345084,-2.898634,-1.441659,-1.680761,96.00568,80.0322,-2.220279,-2.607684,-1.813379,-1.288859,-2.235377,-1.749908,-2.049381,-2.228137,-1.92729,-1.808769,24,24,24,24,24,24,24,24,24,24,24,24,24,24,24,24,772,7720,-2.642548,-3.581696,-5.365285,-1.935007,-2.070302,-2.804564,-2.976178,-70.21432,-0.1225342,-1.209695,-0.476816,-0.3639433,-0.0001476886,-0.1112537,-8.989744E-05,2.209236,23,23,23,23,23,23,23,23,23,23,23,23,23,23,23,23
773,7730,-35.47551,-52.1096,-19.94172,-17.4193,-16.1651,-12.46643,-8.807545,-7.776664,-7.30533,-6.521549,-2.851986,-4.28766,-1.907629,-3.10622,-1.432752,-0.4829098,24,24,24,24,24,24,24,24,24,24,24,24,24,24,24,24,773,7730,-2.42106,-1.975872,-1.572576,-1.551484,96.26839,80.27764,-2.220279,-2.34693,-1.942801,-1.160114,-2.366771,-2.154031,-2.68929,-2.562231,-2.168186,-2.373986,24,24,24,24,24,24,24,24,24,24,24,24,24,24,24,24,773,7730,-1.378757,-3.709607,-5.109699,-3.0959,-1.940833,-1.785431,-1.812456,-68.24612,-0.3697803,0.2417759,1.311177,0.3637058,0.330052,-0.444701,0.3319126,2.794314,23,23,23,23,23,23,23,23,23,23,23,23,23,23,23,23
774,7740,-35.47551,-54.52768,-20.55702,-19.00243,-16.40645,-12.8366,-8.552313,-9.030544,-7.30533,-5.783125,-3.089645,-4.161584,-2.384506,-3.225685,-1.67152,-0.1208077,24,24,24,24,24,24,24,24,24,24,24,24,24,24,24,24,774,7740,-2.286563,-2.371342,-1.179814,-2.32715,96.00574,78.6823,-2.612077,-1.564665,-1.295687,-2.833817,-1.052815,-2.423444,-1.921399,-1.671319,-1.92729,-2.260943,24,24,24,24,24,24,24,24,24,24,24,24,24,24,24,24,774,7740,-1.953208,-3.709607,-5.620871,-1.935007,-1.811311,-2.549728,-3.105481,-70.32367,-0.1225342,0.2417759,0.2383811,-0.000118793,-1.10082,-0.1112537,0.2212456,3.262372,23,23,23,23,23,23,23,23,23,23,23,23,23,23,23,23
775,7750,-35.47551,-53.19773,-20.80314,-18.63709,-15.8031,-11.23251,-8.679929,-7.651275,-7.552732,-4.55242,-2.970816,-3.279056,-3.099822,-2.62835,-2.507211,-0.0001075559,24,24,24,24,24,24,24,24,24,24,24,24,24,24,24,24,775,7750,-2.152066,-1.712226,-2.22719,-1.680761,96.39974,78.43685,-1.567335,-1.434285,-2.589916,-1.288859,-1.841189,-2.423444,-1.409475,-1.559955,-1.806842,-1.808769,24,24,24,24,24,24,24,24,24,24,24,24,24,24,24,24,775,7750,-2.872329,-4.221253,-5.493078,-2.579948,-1.422748,-1.530595,-2.846877,-69.23022,0.001089204,0.2417759,0.715179,-0.8490428,-0.1102143,0.7779403,0.7745836,3.145357,23,23,23,23,23,23,23,23,23,23,23,23,23,23,23,23
776,7760,-36.19701,-53.56045,-22.27987,-19.36777,-16.52712,-11.3559,-8.93516,-7.902052,-6.563124,-4.921632,-2.970816,-3.783358,-2.861383,-2.986753,-2.149058,-0.3622096,24,24,24,24,24,24,24,24,24,24,24,24,24,24,24,24,776,7760,-1.748575,-1.580402,-2.489035,-1.292928,94.16689,79.05041,-2.089733,-1.955793,-2.201648,-1.675099,-2.760959,-1.749908,-1.665438,-1.671319,-1.686394,-2.147897,24,24,24,24,24,24,24,24,24,24,24,24,24,24,24,24,776,7760,-2.068097,-3.837518,-4.854113,-2.321971,-2.84748,-2.67712,-1.812457,-69.55826,-0.3697803,0.2417759,-1.805975E-05,0.1211561,-0.0001476886,-0.1112537,0.1105787,2.32625,23,23,23,23,23,23,23,23,23,23,23,23,23,23,23,23
777,7770,-35.35526,-54.04406,-20.06478,-17.05397,-13.99302,-11.23251,-7.786621,-8.02744,-5.077713,-6.275408,-3.56496,-3.531207,-2.503726,-3.10622,-1.552136,-0.7243116,24,24,24,24,24,24,24,24,24,24,24,24,24,24,24,24,777,7770,-2.286563,-2.766811,-1.572576,-2.585705,95.61168,79.41858,-1.959133,-2.477304,-1.166209,-2.061338,-2.235377,-2.154031,-1.153511,-2.005409,-2.047738,-2.939203,24,24,24,24,24,24,24,24,24,24,24,24,24,24,24,24,777,7770,-1.723427,-3.709607,-4.981905,-2.579948,-2.588439,-1.403204,-1.941759,-69.99564,-1.111519,-0.7258704,0.3575807,0.1211561,0.2199854,0.111045,0.3319126,2.794314,23,23,23,23,23,23,23,23,23,23,23,23,23,23,23,23
778,7780,-33.55151,-52.95593,-19.08029,-15.59262,-12.18296,-9.381641,-7.276158,-6.146618,-4.953869,-4.183156,-2.495501,-2.27047,-2.026849,-1.672614,-1.67152,-0.0001075559,24,24,24,24,24,24,24,24,24,24,24,24,24,24,24,24,778,7780,-2.42106,-1.316757,-2.750874,-2.973538,95.74303,79.54131,-2.742732,-1.955793,-2.331015,-2.576324,-2.103979,-1.615202,-2.305344,-1.782682,-2.770426,-3.052246,24,24,24,24,24,24,24,24,24,24,24,24,24,24,24,24,778,7780,-1.723427,-4.477076,-5.748663,-2.45096,-1.811311,-1.91277,-1.941759,-69.77695,-0.7406497,0.9675083,0.9535778,-0.000118793,-0.3303506,-0.2224022,0.2212456,3.262372,23,23,23,23,23,23,23,23,23,23,23,23,23,23,23,23
779,7790,-33.79201,-53.80225,-20.18784,-17.66286,-14.11369,-11.10912,-7.148543,-6.272006,-4.08696,-3.444732,-2.376622,-2.27047,-1.907629,-2.150481,-1.313367,0.2412944,24,24,24,24,24,24,24,24,24,24,24,24,24,24,24,24,779,7790,-2.824552,-2.371342,-3.274565,-2.456427,95.61168,79.90947,-2.481532,-1.825416,-2.97813,-2.061338,-1.315604,-1.884616,-2.305344,-1.782682,-2.168186,-2.600071,24,24,24,24,24,24,24,24,24,24,24,24,24,24,24,24,779,7790,-1.148976,-3.581696,-4.726321,-1.806019,-2.199875,-2.931903,-3.493389,-70.43302,-0.2461572,-0.1210951,0.4767799,0.2424309,-0.220284,0.3333437,0.2212456,2.560279,23,23,23,23,23,23,23,23,23,23,23,23,23,23,23,23
780,7800,-33.31101,-53.56045,-18.0958,-15.59262,-11.94162,-10.24538,-6.000003,-7.024335,-4.334648,-4.92158,-2.614279,-3.15298,-2.146068,-3.823022,-2.268442,-0.8450134,24,24,24,24,24,24,24,24,24,24,24,24,24,24,24,24,780,7800,-1.614078,-3.030457,-2.881797,-2.068595,95.87438,79.41858,-1.959133,-2.346927,-2.460438,-1.546352,-2.103979,-2.69286,-0.5136017,-2.116773,-2.288634,-2.373986,24,24,24,24,24,24,24,24,24,24,24,24,24,24,24,24,780,7800,-2.297878,-4.477076,-4.981905,-2.063995,-1.811311,-2.167554,-2.717575,-69.33956,0.001088401,-0.8468306,-0.2384168,0.3636993,0.2199854,0.8890896,0.2212456,2.794314,23,23,23,23,23,23,23,23,23,23,23,23,23,23,23,23
781,7810,-32.70975,-53.19773,-16.86519,-13.76593,-10.61424,-8.147728,-5.744772,-5.268901,-3.963116,-4.060086,-2.138964,-2.522602,-1.311533,-2.269949,-2.029673,0.1205942,24,24,24,24,24,24,24,24,24,24,24,24,24,24,24,24,781,7810,-2.286563,-3.162281,-1.703499,-2.197872,96.13708,79.66402,-2.220333,-2.998815,-1.942746,-1.288859,-1.709791,-1.345787,-2.305344,-2.3395,-1.92729,-1.58268,24,24,24,24,24,24,24,24,24,24,24,24,24,24,24,24,781,7810,-1.723427,-3.709607,-5.365285,-2.966912,-2.458917,-1.91277,-1.812457,-69.66759,0.4955813,-0.1210951,-0.1192176,0.4849742,-0.0001476886,-0.5558495,-0.4427593,2.6773,23,23,23,23,23,23,23,23,23,23,23,23,23,23,23,23
782,7820,-33.91226,-52.95593,-18.46498,-13.4006,-12.18296,-9.134859,-6.893312,-6.64817,-5.820778,-4.92158,-2.614279,-3.405131,-2.742164,-2.986753,-1.790905,-0.1208077,24,24,24,24,24,24,24,24,24,24,24,24,24,24,24,24,782,7820,-2.690055,-2.107695,-1.965344,-2.068595,96.26839,79.29586,-3.265131,-1.955793,-1.813324,-1.675099,-1.972584,-2.154031,-2.561308,-1.893994,-1.565946,-2.260943,24,24,24,24,24,24,24,24,24,24,24,24,24,24,24,24,782,7820,-1.838319,-3.837518,-4.981905,-2.708936,-1.68179,-1.275812,-2.329667,-70.6517,-0.4934037,0.2417727,0.5959795,0.4849742,0.5501851,-0.333603,-8.989744E-05,2.911329,23,23,23,23,23,23,23,23,23,23,23,23,23,23,23,23
783,7830,-32.95026,-52.71412,-15.8807,-12.66992,-10.49356,-9.011468,-5.361925,-5.645066,-4.458492,-4.675439,-2.020135,-2.648678,-1.78841,-3.703554,-1.552136,-1.448517,24,24,24,24,24,24,24,24,24,24,24,24,24,24,24,24,783,7830,-3.228043,-2.239518,-2.358113,-2.585705,97.18781,79.54131,-3.003931,-1.955793,-1.295632,-1.803845,-2.498166,-2.558152,-2.433326,-1.893994,-1.32505,-2.260943,24,24,24,24,24,24,24,24,24,24,24,24,24,24,24,24,783,7830,-2.068097,-5.372456,-5.365285,-2.192984,-2.199875,-1.785379,-2.458969,-70.21432,-0.2461572,0.3627297,0.4767799,-0.4852246,-0.220284,0.3332923,0.1105241,3.730435,23,23,23,23,23,23,23,23,23,23,23,23,23,23,23,23
784,7840,-34.39326,-52.71412,-17.11131,-12.66992,-10.37289,-8.641294,-5.744772,-5.895843,-4.210804,-4.675439,-1.544819,-3.279056,-2.026849,-2.747818,-1.790905,-0.6036115,24,24,24,24,24,24,24,24,24,24,24,24,24,24,24,24,784,7840,-2.690055,-1.975872,-2.358113,-1.422206,95.87438,78.06868,-1.959133,-1.955793,-2.848707,-1.932592,-3.023752,-3.096981,-1.921399,-2.339449,-2.409082,-1.921747,24,24,24,24,24,24,24,24,24,24,24,24,24,24,24,24,784,7840,-2.068097,-3.837518,-4.342942,-2.321971,-2.588439,-2.804511,-1.553851,-69.66759,0.1247118,0.6046405,-0.1192176,0.2424245,0.4401186,0.4444409,-0.1108098,2.209185,23,23,23,23,23,23,23,23,23,23,23,23,23,23,23,23
785,7850,-33.31101,-51.62599,-16.24989,-12.42636,-10.73491,-7.530771,-6.638081,-5.519678,-5.696934,-3.444732,-2.733108,-3.15298,-2.265287,-2.389416,-1.67152,-0.6036115,24,24,24,24,24,24,24,24,24,24,24,24,24,24,24,24,785,7850,-2.555558,-2.371342,-1.965344,-2.456427,94.69225,79.54131,-1.959133,-2.086169,-2.460438,-3.348802,-3.549337,-2.288737,-1.793417,-2.673543,-1.92729,-3.165228,24,24,24,24,24,24,24,24,24,24,24,24,24,24,24,24,785,7850,-1.72343,-4.349164,-4.854113,-2.321971,-2.977002,-1.657987,-1.812457,-69.12088,-0.2461572,-0.9677876,0.4767799,0.3636993,0.8803881,0.1109936,0.2211926,2.560228,23,23,23,23,23,23,23,23,23,23,23,23,23,23,23,23
786,7860,-35.35527,-52.35141,-16.74213,-14.00949,-11.33826,-7.777554,-5.106694,-5.018126,-4.334648,-4.675439,-1.782477,-2.900829,-2.384506,-2.986753,-1.432752,-0.3622096,24,24,24,24,24,24,24,24,24,24,24,24,24,24,24,24,786,7860,-2.690055,-2.634988,-1.965344,-2.973538,96.26839,79.78675,-1.697935,-1.825416,-2.589862,-3.220056,-2.366771,-1.615202,-2.177362,-2.228086,-2.168186,-3.730445,24,24,24,24,24,24,24,24,24,24,24,24,24,24,24,24,786,7860,-1.493652,-4.093393,-6.132042,-2.966912,-2.070354,-1.657987,-2.200364,-69.12088,-1.111519,-0.2420521,0.715179,0.3636993,0.330052,-0.4447523,-0.2214784,3.26232,23,23,23,23,23,23,23,23,23,23,23,23,23,23,23,23
787,7870,-34.15276,-54.16496,-16.74213,-14.25305,-11.33826,-8.517902,-4.468616,-5.268901,-5.201557,-4.306227,-2.257792,-3.15298,-2.026849,-2.986753,-1.790905,-0.0001075559,24,24,24,24,24,24,24,24,24,24,24,24,24,24,24,24,787,7870,-2.286563,-2.107695,-2.881797,-2.714983,95.87438,79.66402,-2.220333,-1.303905,-2.331015,-2.70507,-1.709791,-1.884616,-2.433326,-1.559904,-2.529531,-2.713053,24,24,24,24,24,24,24,24,24,24,24,24,24,24,24,24,787,7870,-1.608541,-3.198012,-5.748663,-2.063995,-1.163705,-1.530595,-1.941759,-70.10499,0.001088401,0.2417727,0.5959795,0.8487988,0.330052,-0.0001549125,0.774529,3.145306,23,23,23,23,23,23,23,23,23,23,23,23,23,23,23,23
788,7880,-32.34901,-52.47231,-16.49601,-14.49661,-12.18296,-8.888076,-6.255234,-5.018126,-5.077713,-3.321662,-2.495451,-2.522602,-2.384506,-2.747818,-2.507211,-0.2415079,24,24,24,24,24,24,24,24,24,24,24,24,24,24,24,24,788,7880,-1.883072,-2.371342,-3.143643,-2.32715,95.74303,78.80502,-1.828533,-2.868434,-3.107552,-2.447577,-1.841189,-2.288737,-1.793417,-2.339449,-2.529531,-2.60001,24,24,24,24,24,24,24,24,24,24,24,24,24,24,24,24,788,7880,-2.757443,-5.244596,-4.342942,-2.45096,-1.552269,-1.275812,-2.97618,-69.55826,0.7428274,0.3627297,0.2383811,-0.3639498,-0.6605503,-0.0001549125,-0.2214784,3.26232,23,23,23,23,23,23,23,23,23,23,23,23,23,23,23,23
789,7890,-35.11477,-53.31864,-17.4805,-14.61839,-12.78631,-8.888076,-6.638081,-6.146618,-4.582336,-4.060086,-2.257792,-3.026904,-1.669191,-2.986753,-1.552136,-0.9657136,24,24,24,24,24,24,24,24,24,24,24,24,24,24,24,24,789,7890,-2.555558,-2.898634,-1.703499,-2.197872,96.79385,79.41858,-2.220333,-2.998815,-2.331015,-1.803845,-2.235377,-1.884616,-1.281493,-2.228086,-1.565946,-1.921747,24,24,24,24,24,24,24,24,24,24,24,24,24,24,24,24,789,7890,-1.953211,-3.709659,-4.726321,-2.579949,-2.847428,-2.931903,-3.105482,-69.99564,0.2483352,-0.1210951,-0.476816,0.9700736,0.8803881,-0.333603,-0.0001428727,2.677248,23,23,23,23,23,23,23,23,23,23,23,23,23,23,23,23
790,7900,-33.91226,-53.31864,-16.61907,-15.59262,-13.87235,-10.98573,-7.403774,-6.272006,-5.077713,-4.92158,-2.495451,-3.279056,-2.503726,-2.867285,-2.029673,-0.4829098,24,24,24,24,24,24,24,24,24,24,24,24,24,24,24,24,790,7900,-3.228043,-2.766811,-2.22719,-2.32715,96.39985,79.17313,-3.265131,-2.477304,-1.813324,-2.318831,-2.892354,-2.154031,-2.561308,-2.339449,-1.565946,-2.60001,24,24,24,24,24,24,24,24,24,24,24,24,24,24,24,24,790,7900,-2.068103,-3.965481,-5.748663,-2.966914,-1.811259,-2.040162,-2.071062,-70.21432,-0.4934037,-0.4839628,0.8343787,0.4849742,0.1099189,0.3332923,-0.6641478,3.145306,23,23,23,23,23,23,23,23,23,23,23,23,23,23,23,23
791,7910,-33.91226,-52.71412,-17.4805,-16.07973,-14.4757,-9.751817,-6.382849,-6.021231,-4.08696,-3.198592,-2.376622,-2.144338,-2.384506,-1.792081,-1.790905,-0.1208077,24,24,24,24,24,24,24,24,24,24,24,24,24,24,24,24,791,7910,-4.169523,-2.503165,-2.358113,-2.585705,96.26849,79.17313,-2.873332,-2.216547,-1.942746,-1.803845,-2.235377,-2.827565,-2.177362,-2.56218,-1.806842,-2.713053,24,24,24,24,24,24,24,24,24,24,24,24,24,24,24,24,791,7910,-2.182992,-4.988773,-5.876456,-2.708937,-2.717908,-2.167554,-1.941812,-70.32367,-0.3697803,0.1208157,0.3575807,-0.0001252143,-0.1102143,-0.333603,-0.1108098,2.794263,23,23,23,23,23,23,23,23,23,23,23,23,23,23,23,23
792,7920,-34.51351,-53.56045,-18.83417,-17.66286,-15.07906,-10.98573,-7.148542,-6.146618,-4.830025,-3.075521,-2.020135,-2.144338,-2.026849,-2.031014,-1.193983,0.2412944,24,24,24,24,24,24,24,24,24,24,24,24,24,24,24,24,792,7920,-2.690055,-2.239518,-1.834421,-2.84426,96.00578,78.55952,-2.612132,-1.173528,-2.07217,-1.803845,-1.972584,-2.69286,-1.665438,-2.228086,-2.288634,-2.60001,24,24,24,24,24,24,24,24,24,24,24,24,24,24,24,24,792,7920,-2.182992,-4.349216,-4.981905,-2.45096,-2.199823,-3.186686,-2.976232,-69.44891,-0.1225342,0.3627297,0.9535778,-0.2426749,-0.1102143,0.4444409,0.2211926,2.677248,23,23,23,23,23,23,23,23,23,23,23,23,23,23,23,23
793,7930,-32.10851,-53.56045,-16.24989,-14.61839,-12.54496,-9.875209,-6.255234,-5.895843,-3.83922,-3.813945,-2.020135,-2.648678,-1.78841,-2.747818,-1.910289,-1.086415,24,24,24,24,24,24,24,24,24,24,24,24,24,24,24,24,793,7930,-2.017569,-2.107695,-3.143643,-1.810039,96.00578,79.05041,-1.697935,-1.043151,-2.07217,-1.160114,-2.760959,-1.076373,-1.153511,-1.559904,-1.92729,-2.260879,24,24,24,24,24,24,24,24,24,24,24,24,24,24,24,24,793,7930,-2.527662,-4.093393,-5.365285,-1.677032,-2.847428,-2.294945,-1.424601,-69.23022,-0.4934037,-0.8468306,-1.805975E-05,0.3636993,0.6602517,0.6667396,0.1105241,2.911277,23,23,23,23,23,23,23,23,23,23,23,23,23,23,23,23
794,7940,-30.66551,-52.83503,-17.84968,-15.47084,-13.269,-9.628426,-5.744771,-6.397395,-4.582285,-3.567855,-1.663648,-2.648678,-2.026849,-1.911547,-1.552136,-0.0001075559,24,24,24,24,24,24,24,24,24,24,24,24,24,24,24,24,794,7940,-1.748575,-1.844049,-1.965344,-1.939317,94.82366,79.41858,-1.567335,-2.216547,-1.813324,-2.31883,-1.972584,-1.884616,-1.025529,-1.337175,-1.204602,-2.260879,24,24,24,24,24,24,24,24,24,24,24,24,24,24,24,24,794,7940,-1.493652,-4.093393,-5.493078,-3.611854,-2.070302,-1.91277,-1.165996,-68.68349,0.001088401,-0.1210918,0.1191815,0.606249,-0.1102143,-0.333603,-0.9961503,3.145306,23,23,23,23,23,23,23,23,23,23,23,23,23,23,23,23
795,7950,-31.86801,-52.83503,-17.97274,-16.32329,-14.35503,-9.13486,-6.382849,-6.146618,-5.32535,-4.060137,-2.020188,-2.774753,-2.146068,-2.747818,-1.910289,0.4826963,24,24,24,24,24,24,24,24,24,24,24,24,24,24,24,24,795,7950,-1.345084,-1.975872,-1.572576,-2.585705,95.48038,79.54131,-1.697935,-1.955793,-1.683901,-2.447577,-1.709791,-1.345787,-1.921399,-1.003082,-1.92729,-2.60001,24,24,24,24,24,24,24,24,24,24,24,24,24,24,24,24,795,7950,-1.72343,-4.221304,-6.259835,-2.708937,-1.293175,-1.403204,-2.329719,-70.76105,-0.7406497,-0.3630026,0.3576325,0.1211496,-0.1102143,-0.6670502,-0.0001428727,3.145306,23,23,23,23,23,23,23,23,23,23,23,23,23,23,23,23
796,7960,-31.14651,-52.95593,-17.35744,-15.1055,-12.66564,-9.381642,-5.744771,-6.272006,-4.334597,-4.429348,-1.901359,-3.531207,-1.669191,-3.225685,-2.029673,-0.4829098,24,24,24,24,24,24,24,24,24,24,24,24,24,24,24,24,796,7960,-2.017569,-1.316757,-1.441659,-2.068595,95.48038,80.27764,-2.742732,-0.7823935,-2.07217,-1.932591,-0.9214166,-1.076373,-1.793417,-1.337175,-2.047738,-2.260879,24,24,24,24,24,24,24,24,24,24,24,24,24,24,24,24,796,7960,-2.182992,-4.73295,-4.981905,-1.419055,-1.163653,-1.785379,-1.424601,-69.66759,0.7428274,0.6046437,0.1192333,-0.3638984,0.330052,0.6667396,0.663862,3.613363,23,23,23,23,23,23,23,23,23,23,23,23,23,23,23,23
797,7970,-31.62751,-54.04406,-18.58805,-15.7144,-13.02765,-8.888077,-5.489541,-5.770454,-4.829973,-4.306278,-1.78253,-2.774753,-1.192315,-2.747818,-1.313367,-0.6036115,24,24,24,24,24,24,24,24,24,24,24,24,24,24,24,24,797,7970,-1.883072,-1.844049,-3.01272,-2.32715,96.39985,79.54131,-2.742732,-1.695039,-2.848707,-1.675099,-1.447002,-2.019323,-1.665438,-2.339449,-3.011323,-1.695662,24,24,24,24,24,24,24,24,24,24,24,24,24,24,24,24,797,7970,-2.297881,-3.83757,-4.215149,-2.45096,-2.717908,-2.294945,-2.071114,-69.12087,0.7428274,0.7256007,-0.1191655,-0.2426236,0.4401764,0.1109936,-0.2214784,2.209185,23,23,23,23,23,23,23,23,23,23,23,23,23,23,23,23
798,7980,-31.02626,-53.19773,-16.98825,-14.00949,-11.94161,-8.147728,-5.106694,-5.519678,-4.829973,-4.060137,-2.85199,-3.279055,-2.622945,-2.270003,-2.268442,-0.3622096,24,24,24,24,24,24,24,24,24,24,24,24,24,24,24,24,798,7980,-1.07609,-2.107695,-2.096267,-1.680761,96.39985,79.17313,-1.175536,-2.216547,-1.683901,-1.803845,-1.184209,-2.288737,-1.025529,-1.782685,-2.047738,-2.373922,24,24,24,24,24,24,24,24,24,24,24,24,24,24,24,24,798,7980,-1.608541,-4.221304,-4.854113,-3.353878,-2.588386,-1.14842,-2.84693,-69.88628,-0.3697803,-0.7258704,0.4768321,0.8488501,0.6603127,0.666791,0.3318596,2.911277,23,23,23,23,23,23,23,23,23,23,23,23,23,23,23,23
799,7990,-31.14651,-53.31864,-18.21886,-15.34906,-13.75168,-10.49216,-6.127618,-5.268901,-4.210752,-4.55242,-2.376675,-2.900829,-1.78841,-2.508938,-1.910238,-0.2415079,24,24,24,24,24,24,24,24,24,24,24,24,24,24,24,24,799,7990,-2.152066,-3.16228,-1.310737,-1.422206,95.21772,80.0322,-2.089733,-2.216547,-1.425056,-0.773874,-1.709791,-1.345787,-1.793417,-2.22814,-1.927787,-2.034793,24,24,24,24,24,24,24,24,24,24,24,24,24,24,24,24,799,7990,-2.068103,-5.244596,-6.51542,-2.579949,-2.458865,-2.040162,-0.2608784,-68.35546,-0.4934037,0.1208222,0.9536296,0.2424759,-0.3302896,-0.5558495,0.1105241,3.145306,23,23,23,23,23,23,23,23,23,23,23,23,23,23,23,23
800,8000,-31.02626,-53.19773,-15.8807,-13.52238,-11.45892,-10.49216,-4.851463,-5.39429,-4.210752,-5.044702,-2.614332,-3.15298,-2.384506,-3.345207,-1.910238,-0.3621598,24,24,24,24,24,24,24,24,24,24,24,24,24,24,24,24,800,8000,-2.286563,-2.107695,-0.9179684,-1.810039,95.74308,79.41858,-2.350932,-1.695039,-1.295632,-1.546352,-1.578397,-1.076373,-2.177362,-2.005413,-1.927787,-2.147894,24,24,24,24,24,24,24,24,24,24,24,24,24,24,24,24,800,8000,-2.182992,-4.093393,-5.109699,-2.45096,-2.329344,-2.549728,-3.234837,-70.32366,0.1247118,0.6046437,0.5960312,0.3637507,-0.5504259,0.5556424,0.5531951,2.911277,23,23,23,23,23,23,23,23,23,23,23,23,23,23,23,23
801,8010,-33.31101,-53.56045,-16.24989,-14.00949,-11.21759,-8.764686,-4.979078,-4.892738,-3.591532,-4.183208,-1.901359,-3.657282,-2.146068,-1.911602,-1.432701,-0.1207595,24,24,24,24,24,24,24,24,24,24,24,24,24,24,24,24,801,8010,-2.42106,-1.44858,-1.703499,-1.810039,96.53115,78.31413,-2.742732,-0.6520165,-1.683901,-2.576323,-1.709791,-2.423444,-2.433326,-1.782685,-1.80736,-3.165286,24,24,24,24,24,24,24,24,24,24,24,24,24,24,24,24,801,8010,-2.182992,-4.73295,-4.981905,-2.192985,-2.458865,-3.059294,-2.071114,-68.79284,0.3719579,-0.7258704,3.371154E-05,-0.4851733,0.1099767,0.111045,0.1105241,2.326205,23,23,23,23,23,23,23,23,23,23,23,23,23,23,23,23
802,8020,-32.58951,-53.31864,-16.86519,-13.64415,-12.66564,-8.394511,-7.148542,-5.519678,-4.582285,-4.921632,-2.495503,-4.035509,-2.384506,-2.508938,-2.029622,0.1206424,24,24,24,24,24,24,24,24,24,24,24,24,24,24,24,24,802,8020,-1.345084,-1.44858,-1.048891,-1.680761,96.26849,78.68224,-2.089733,-0.7823935,-1.295632,-1.675099,-1.709791,-2.558152,-1.793417,-2.22814,-2.168641,-2.600068,24,24,24,24,24,24,24,24,24,24,24,24,24,24,24,24,802,8020,-2.182992,-3.965481,-4.854113,-3.22489,-2.329344,-2.167554,-1.295298,-68.46481,-0.2461572,-0.2420456,0.4768321,0.8488501,0.6603127,-0.3335516,0.1105241,3.379334,23,23,23,23,23,23,23,23,23,23,23,23,23,23,23,23
803,8030,-31.74776,-52.95593,-16.49601,-13.88771,-11.57959,-9.381642,-6.510465,-6.146618,-4.334597,-5.660055,-2.614332,-4.539811,-1.907629,-2.986805,-1.552085,-1.207067,24,24,24,24,24,24,24,24,24,24,24,24,24,24,24,24,803,8030,-1.479581,-1.05311,-1.572569,-0.9050954,95.21772,78.68224,-2.220333,-1.303905,-2.07217,-0.9026204,-3.286541,-3.096981,-2.049381,-2.339504,-2.529922,-2.373979,24,24,24,24,24,24,24,24,24,24,24,24,24,24,24,24,803,8030,-1.72343,-3.581748,-5.876456,-2.966914,-1.293175,-1.530595,-1.424601,-69.33955,-0.7406497,-0.4839596,0.8344304,0.4850256,0.1099767,-0.2224022,0.8851976,3.145306,23,23,23,23,23,23,23,23,23,23,23,23,23,23,23,23
804,8040,-33.07051,-53.56045,-17.84968,-17.29752,-14.83772,-12.21965,-7.78662,-6.272006,-5.573038,-6.029267,-2.495503,-4.035509,-2.742164,-2.747871,-1.910238,-0.2414597,24,24,24,24,24,24,24,24,24,24,24,24,24,24,24,24,804,8040,-1.479581,-1.184933,-1.179808,-1.809987,95.61172,78.80496,-1.828533,-2.086169,-1.554478,-2.061338,-3.812126,-2.288737,-2.433326,-2.450867,-1.927787,-3.052239,24,24,24,24,24,24,24,24,24,24,24,24,24,24,24,24,804,8040,-3.217002,-4.73295,-5.109699,-2.45096,-2.199823,-1.530595,-2.84693,-69.99563,0.4955813,0.1208222,0.2384329,-0.9702727,0.3301098,0.8890896,0.663862,3.145306,23,23,23,23,23,23,23,23,23,23,23,23,23,23,23,23
805,8050,-34.27301,-53.80225,-18.58805,-18.14997,-14.83773,-11.4793,-7.78662,-6.272006,-6.686825,-5.906197,-3.683793,-4.161584,-3.695918,-3.703609,-2.865313,-5.779121E-05,24,24,24,24,24,24,24,24,24,24,24,24,24,24,24,24,805,8050,-2.017569,-1.712226,-1.179808,-2.327097,96.13714,79.90947,-1.828533,-1.695039,-1.942746,-2.70507,-2.366771,-1.615202,-2.561308,-2.116776,-2.409495,-3.165286,24,24,24,24,24,24,24,24,24,24,24,24,24,24,24,24,805,8050,-3.561675,-4.349216,-4.598527,-2.45096,-2.588386,-3.059294,-1.683207,-69.44891,0.3719579,-0.0001348462,-0.4767638,0.7275752,1.100579,0.2221944,0.2211926,2.677248,23,23,23,23,23,23,23,23,23,23,23,23,23,23,23,23
806,8060,-34.75401,-54.40678,-19.08029,-19.12421,-17.61316,-12.58982,-9.445621,-7.776664,-6.19202,-6.275408,-3.327306,-5.296264,-3.815138,-3.22574,-1.552085,0.3620443,24,24,24,24,24,24,24,24,24,24,24,24,24,24,24,24,806,8060,-1.748575,-1.184933,-1.179808,-2.456375,96.53115,79.54131,-2.612132,-0.9127736,-1.813324,-2.447577,-1.709791,-1.480495,-2.305344,-1.559958,-2.048214,-2.826154,24,24,24,24,24,24,24,24,24,24,24,24,24,24,24,24,806,8060,-2.297881,-4.093393,-4.470734,-2.579949,-2.199823,-1.275812,-2.200416,-69.01152,-0.1225342,-0.8468274,0.8344304,-7.384432E-05,0.3301098,0.3333437,0.5531951,3.262326,23,23,23,23,23,23,23,23,23,23,23,23,23,23,23,23
807,8070,-34.63376,-54.40678,-18.46498,-18.14997,-15.56175,-13.57695,-8.807545,-8.403605,-7.181629,-6.890761,-3.92145,-4.665886,-3.457479,-3.823076,-2.387775,0.1206424,24,24,24,24,24,24,24,24,24,24,24,24,24,24,24,24,807,8070,-1.748575,-1.316757,-2.619945,-1.551432,96.53115,79.17313,-2.220333,-1.564662,-2.589862,-1.675099,-1.315604,-2.288737,-2.049381,-2.450867,-2.289068,-2.373979,24,24,24,24,24,24,24,24,24,24,24,24,24,24,24,24,807,8070,-1.608541,-4.093393,-5.748663,-2.321973,-1.681738,-1.785379,-2.200416,-69.01152,0.1247118,0.6046437,1.311228,-0.1213487,-0.1101565,-0.7781482,-0.0001428727,3.379334,23,23,23,23,23,23,23,23,23,23,23,23,23,23,23,23
808,8080,-34.51351,-53.43954,-19.32641,-17.78464,-15.8031,-12.21964,-8.679929,-7.525888,-6.439422,-5.906197,-4.04028,-4.791962,-4.172795,-2.628404,-2.268391,0.3620443,24,24,24,24,24,24,24,24,24,24,24,24,24,24,24,24,808,8080,-1.883072,-2.371342,-2.096261,-1.680709,95.74308,79.78675,-1.436734,-1.825416,-1.425056,-1.160113,-1.184209,-1.749908,-2.305344,-2.116776,-2.048214,-2.147894,24,24,24,24,24,24,24,24,24,24,24,24,24,24,24,24,808,8080,-1.838322,-3.453835,-5.365285,-1.935009,-1.552217,-1.91277,-2.588325,-69.88628,0.2483352,0.4836899,1.072829,0.7275752,0.3301098,0.3333437,0.5531951,3.496355,23,23,23,23,23,23,23,23,23,23,23,23,23,23,23,23
809,8090,-33.91226,-54.40678,-20.43396,-20.09844,-17.8545,-14.3173,-10.97701,-8.654382,-6.934227,-6.644619,-4.396766,-6.052717,-3.695918,-3.703609,-2.865313,0.3620443,24,24,24,24,24,24,24,24,24,24,24,24,24,24,24,24,809,8090,-2.42106,-1.844049,-0.917962,-1.680709,94.82366,79.78675,-1.959133,-1.564662,-1.554532,-1.288859,-2.103979,-2.154031,-2.561308,-1.782685,-2.048214,-2.147894,24,24,24,24,24,24,24,24,24,24,24,24,24,24,24,24,809,8090,-2.412773,-4.349216,-4.726321,-2.063996,-1.552217,-1.785379,-2.200416,-68.68349,0.6192039,-0.2420456,-0.4767638,0.121201,0.3301098,0.666791,0.5531951,3.730384,23,23,23,23,23,23,23,23,23,23,23,23,23,23,23,23
810,8100,-34.03251,-54.40678,-19.32641,-19.24599,-17.25114,-15.18104,-9.700853,-8.77977,-6.563124,-7.628871,-3.802621,-6.809171,-3.695918,-5.256682,-3.104081,-0.4828616,24,24,24,24,24,24,24,24,24,24,24,24,24,24,24,24,810,8100,-3.362539,-1.975872,-1.703492,-2.19782,95.87444,78.31413,-3.003931,-1.825416,-1.42511,-1.932591,-1.972584,-2.827565,-2.561308,-2.116776,-1.686933,-2.939197,24,24,24,24,24,24,24,24,24,24,24,24,24,24,24,24,810,8100,-2.412773,-3.965481,-4.854113,-2.708937,-3.495034,-2.804511,-2.588325,-69.55825,-0.7406497,0.4836932,-0.4767638,-7.384432E-05,0.3301098,0.111045,-0.3321453,2.209191,23,23,23,23,23,23,23,23,23,23,23,23,23,23,23,23
811,8110,-34.87426,-54.52768,-20.18784,-19.97666,-19.06121,-15.79799,-11.10462,-9.532099,-6.563124,-7.628871,-4.277933,-6.683095,-4.053576,-4.539878,-2.745929,-0.1207595,24,24,24,24,24,24,24,24,24,24,24,24,24,24,24,24,811,8110,-2.286563,-2.107695,-2.358106,-2.19782,95.74308,77.94595,-1.175536,-1.695039,-2.331071,-1.932591,-2.629616,-3.096981,-2.305344,-2.22814,-2.529922,-2.826154,24,24,24,24,24,24,24,24,24,24,24,24,24,24,24,24,811,8110,-1.608541,-3.198012,-4.854113,-2.837926,-2.588386,-1.785379,-2.071114,-68.90218,-0.3697807,-0.8468242,0.9535778,0.3637507,0.4401764,0.5556424,0.1105241,3.262326,23,23,23,23,23,23,23,23,23,23,23,23,23,23,23,23
812,8120,-35.47551,-54.76949,-21.41845,-20.342,-20.50927,-15.92138,-11.87032,-8.905157,-7.552732,-7.383044,-4.990907,-6.557019,-4.649672,-4.420411,-2.626544,0.1206424,24,24,24,24,24,24,24,24,24,24,24,24,24,24,24,24,812,8120,-2.42106,-2.107695,-2.227183,-1.680709,94.42966,79.05041,-1.697935,-2.868434,-2.460493,-2.190084,-3.41799,-2.154031,-1.921399,-2.450867,-2.409495,-2.713111,24,24,24,24,24,24,24,24,24,24,24,24,24,24,24,24,812,8120,-2.527662,-4.73295,-5.876456,-2.708937,-2.588386,-1.657987,-1.295298,-69.77695,-0.7406497,0.1208254,0.5959795,0.2424759,-0.220223,0.7779403,-0.0001428727,3.262326,23,23,23,23,23,23,23,23,23,23,23,23,23,23,23,23
813,8130,-36.19701,-53.68135,-20.9262,-20.70733,-19.5439,-14.07051,-9.700853,-7.149724,-5.944621,-6.644621,-3.68379,-4.918037,-2.980603,-4.300944,-1.552085,-0.7242635,24,24,24,24,24,24,24,24,24,24,24,24,24,24,24,24,813,8130,-2.286563,-2.107695,-1.834415,-2.327097,95.61172,79.29586,-1.959133,-2.216547,-1.942801,-2.576323,-2.498218,-2.019323,-1.793366,-2.673598,-2.289068,-3.61746,24,24,24,24,24,24,24,24,24,24,24,24,24,24,24,24,813,8130,-1.838322,-4.605039,-5.109699,-2.192985,-2.588386,-2.167554,-2.329719,-69.66759,0.4955813,0.9675148,0.9535778,-0.6064481,0.2200432,0.3333437,0.3318596,3.496355,23,23,23,23,23,23,23,23,23,23,23,23,23,23,23,23
814,8140,-38.84251,-55.2531,-22.77212,-24.84782,-22.07799,-16.04478,-9.190391,-6.773559,-5.696933,-6.398479,-4.396763,-4.791962,-2.742164,-3.345153,-1.671469,-1.207067,24,24,24,24,24,24,24,24,24,24,24,24,24,24,24,24,814,8140,-2.152066,-2.634988,-1.834415,-3.361318,95.74308,80.0322,-2.220333,-2.086169,-2.072224,-3.606295,-2.366823,-1.615202,-2.30529,-1.782682,-2.289068,-3.504414,24,24,24,24,24,24,24,24,24,24,24,24,24,24,24,24,814,8140,-3.217002,-4.221304,-4.342942,-2.579949,-2.588386,-2.549728,-2.588325,-69.44891,0.1247118,-0.3629994,-0.476816,0.2424759,0.550243,0.4443911,0.9958645,2.794263,23,23,23,23,23,23,23,23,23,23,23,23,23,23,23,23
815,8150,-41.00702,-55.2531,-23.51048,-26.30917,-23.16403,-15.6746,-10.21132,-7.149724,-6.192021,-5.536985,-4.872078,-4.918037,-3.695918,-3.225685,-2.507159,-0.4828616,24,24,24,24,24,24,24,24,24,24,24,24,24,24,24,24,815,8150,-3.362539,-1.975872,-3.667321,-2.585653,96.00578,79.54131,-2.220333,-1.825416,-2.848762,-2.447577,-1.841241,-2.423444,-2.177308,-2.3395,-2.650297,-2.713111,24,24,24,24,24,24,24,24,24,24,24,24,24,24,24,24,815,8150,-2.068103,-3.965481,-4.854113,-2.708937,-3.235992,-2.549728,-1.683207,-68.68349,0.1247118,-0.0001316355,0.5959795,0.7275752,0.3301098,0.2220924,-0.5534809,2.911277,23,23,23,23,23,23,23,23,23,23,23,23,23,23,23,23
816,8160,-42.45002,-56.82484,-24.49497,-26.43095,-24.73275,-17.64886,-13.01886,-10.03365,-7.429031,-7.383044,-3.208473,-5.044113,-2.503726,-2.508883,-1.432699,0.1205942,24,24,24,24,24,24,24,24,24,24,24,24,24,24,24,24,816,8160,-1.479581,-3.294104,-2.881791,-2.71493,95.74308,78.80502,-1.697935,-2.868434,-2.460493,-2.447577,-2.235428,-2.69286,-1.921347,-3.230413,-2.409444,-2.373986,24,24,24,24,24,24,24,24,24,24,24,24,24,24,24,24,816,8160,-2.642554,-3.709659,-5.237492,-2.837926,-2.070302,-2.294945,-2.329719,-70.43301,-0.4934037,-0.0001316355,1.072777,0.7275752,0.1099767,0.3332426,0.3318596,3.496407,23,23,23,23,23,23,23,23,23,23,23,23,23,23,23,23
817,8170,-40.52602,-57.67117,-24.61803,-26.30917,-23.88805,-19.25295,-12.76363,-11.28753,-8.171237,-8.366316,-4.515592,-6.052717,-3.099822,-3.345153,-2.149006,-0.8450134,24,24,24,24,24,24,24,24,24,24,24,24,24,24,24,24,817,8170,-2.286563,-3.821396,-2.227183,-2.068542,95.87444,80.15491,-2.220333,-2.738058,-2.072224,-1.803845,-2.629616,-1.615202,-2.561253,-2.784958,-1.927735,-2.260943,24,24,24,24,24,24,24,24,24,24,24,24,24,24,24,24,817,8170,-2.872281,-4.73295,-5.237492,-2.192985,-2.070302,-1.785379,-2.717627,-70.21432,0.4955813,0.1208254,0.2383811,-0.6064481,-8.989744E-05,0.5555404,0.3318596,3.379392,23,23,23,23,23,23,23,23,23,23,23,23,23,23,23,23
818,8180,-39.56401,-57.06664,-24.74109,-25.70027,-22.43999,-17.40208,-11.10462,-9.782874,-7.30533,-6.890762,-3.802618,-4.791962,-3.934356,-2.62835,-2.26839,-0.2415079,24,24,24,24,24,24,24,24,24,24,24,24,24,24,24,24,818,8180,-2.824552,-3.294052,-2.619945,-2.456375,95.61172,79.54131,-2.612132,-2.477304,-2.978185,-1.288859,-2.629616,-1.884616,-2.689235,-2.673595,-2.289016,-2.034854,24,24,24,24,24,24,24,24,24,24,24,24,24,24,24,24,818,8180,-2.527611,-3.709606,-4.981905,-2.321973,-2.97695,-3.314077,-1.812509,-69.55825,0.2483352,-0.1210886,0.1191815,-0.3638984,0.8804458,0.2220924,-0.2214784,2.326257,23,23,23,23,23,23,23,23,23,23,23,23,23,23,23,23
819,8190,-41.48802,-55.6158,-26.09477,-26.30917,-23.76738,-18.38921,-13.91216,-11.6637,-8.789742,-9.226668,-4.872078,-7.565623,-5.126549,-4.659291,-3.462234,0.7240981,24,24,24,24,24,24,24,24,24,24,24,24,24,24,24,24,819,8190,-3.36254,-2.503114,-1.572569,-2.844208,96.6625,79.05041,-2.742732,-1.825416,-2.201648,-2.190084,-2.366823,-2.558152,-2.561253,-2.116773,-1.927735,-2.600071,24,24,24,24,24,24,24,24,24,24,24,24,24,24,24,24,819,8190,-1.95316,-3.581695,-5.109699,-3.22489,-2.97695,-1.403204,-3.234837,-70.10498,-0.3697807,-0.4839564,0.9535778,0.4850256,0.6603127,-0.0002054799,0.1105241,4.081485,23,23,23,23,23,23,23,23,23,23,23,23,23,23,23,23
820,8200,-40.28551,-56.09941,-25.60252,-26.91806,-23.88805,-19.49973,-14.93309,-12.41602,-9.284546,-9.349576,-4.990907,-8.196001,-5.00733,-5.734495,-3.581619,-1.086415,24,24,24,24,24,24,24,24,24,24,24,24,24,24,24,24,820,8200,-3.36254,-2.239467,-3.012713,-2.585653,95.48038,77.94595,-2.350932,-1.955793,-2.201648,-2.190084,-2.498218,-2.558152,-1.921347,-2.3395,-2.650297,-2.82616,24,24,24,24,24,24,24,24,24,24,24,24,24,24,24,24,820,8200,-2.412722,-5.244544,-5.748663,-2.45096,-2.329344,-2.294945,-1.812509,-69.66759,-0.4934037,0.846561,0.4767799,-0.4851733,-0.220223,-0.1113548,0.2211926,3.496407,23,23,23,23,23,23,23,23,23,23,23,23,23,23,23,23
821,8210,-42.93102,-56.34122,-25.72559,-26.18739,-23.16402,-18.75939,-15.18832,-12.16525,-9.160845,-9.59539,-5.109736,-7.565623,-4.172795,-4.898225,-1.910237,-0.4829098,24,24,24,24,24,24,24,24,24,24,24,24,24,24,24,24,821,8210,-3.497037,-2.503114,-3.405482,-1.422154,95.48027,78.80502,-1.959133,-1.695039,-2.331071,-1.803845,-2.892405,-2.154031,-1.40942,-2.228137,-1.927735,-1.695722,24,24,24,24,24,24,24,24,24,24,24,24,24,24,24,24,821,8210,-1.838271,-5.244544,-5.109699,-1.677032,-2.329343,-2.549728,-3.105534,-69.77695,0.8664507,1.088472,1.549575,0.8488501,-0.3302896,0.7778383,0.774529,2.560285,23,23,23,23,23,23,23,23,23,23,23,23,23,23,23,23
822,8220,-43.89302,-56.70393,-26.34089,-24.48248,-23.16402,-18.26582,-15.0607,-12.41602,-9.903051,-9.103761,-6.297444,-8.069925,-5.841865,-3.942489,-2.745928,-0.3622096,24,24,24,24,24,24,24,24,24,24,24,24,24,24,24,24,822,8220,-3.228043,-2.634937,-2.750868,-2.973486,95.48027,79.05041,-1.959133,-2.346927,-2.331071,-2.190084,-2.76101,-2.827565,-1.921347,-2.116773,-1.205173,-3.165292,24,24,24,24,24,24,24,24,24,24,24,24,24,24,24,24,822,8220,-2.642503,-4.604987,-4.854113,-2.063996,-2.070301,-2.677171,-1.683207,-69.55825,-0.4934037,-1.330646,-0.2384168,-7.384432E-05,-0.1101565,0.1109439,0.1105241,2.6773,23,23,23,23,23,23,23,23,23,23,23,23,23,23,23,23
823,8230,-40.76652,-55.4949,-25.47946,-25.45672,-23.28469,-18.14243,-16.33685,-12.79219,-10.64526,-10.45574,-5.82271,-8.700303,-4.768892,-4.539824,-2.26839,-0.2415079,24,24,24,24,24,24,24,24,24,24,24,24,24,24,24,24,823,8230,-2.824552,-2.37129,-1.703492,-2.844208,96.39969,79.41858,-2.350932,-1.564662,-2.201648,-3.220056,-1.184261,-1.615202,-2.049329,-1.671319,-2.048162,-3.052246,24,24,24,24,24,24,24,24,24,24,24,24,24,24,24,24,823,8230,-1.95316,-3.581695,-4.981905,-2.192985,-1.811258,-1.530648,-1.683207,-69.55825,-0.4934037,0.6046469,1.430376,0.7275752,-0.4403594,-0.3336535,0.5531951,3.379392,23,23,23,23,23,23,23,23,23,23,23,23,23,23,23,23
824,8240,-39.80452,-57.18755,-25.97171,-25.5785,-22.68134,-19.49974,-15.8264,-13.04297,-11.26376,-10.45574,-5.941413,-7.817774,-4.768892,-4.539824,-2.149006,-0.4829098,24,24,24,24,24,24,24,24,24,24,24,24,24,24,24,24,824,8240,-3.900528,-2.503114,-3.143636,-2.456375,96.26834,79.78675,-2.350932,-1.825419,-2.71934,-1.932591,-1.709843,-1.749908,-2.049329,-1.559955,-2.770725,-1.808769,24,24,24,24,24,24,24,24,24,24,24,24,24,24,24,24,824,8240,-2.182941,-3.709606,-5.748663,-1.935009,-1.94078,-2.422388,-2.459022,-70.21432,0.3719579,0.2417791,0.8343787,0.6063004,-0.220223,0.5555404,0.663862,2.326257,23,23,23,23,23,23,23,23,23,23,23,23,23,23,23,23
825,8250,-37.39951,-55.37399,-23.26436,-22.04691,-20.50926,-17.1553,-15.0607,-12.41603,-10.15045,-8.980853,-6.416121,-7.061322,-4.411233,-2.867285,-2.26839,0.3619961,24,24,24,24,24,24,24,24,24,24,24,24,24,24,24,24,825,8250,-2.555558,-2.37129,-3.667321,-2.456375,96.26834,79.17313,-2.220333,-2.477307,-2.71934,-2.31883,-1.315655,-2.558152,-1.281438,-2.784958,-2.289016,-2.373986,24,24,24,24,24,24,24,24,24,24,24,24,24,24,24,24,825,8250,-2.757392,-4.86081,-4.981905,-2.192985,-1.811258,-2.040214,-2.588325,-69.66759,0.7428274,-0.2420424,-0.5960156,-0.2426236,-0.1101565,0.5555404,1.106532,3.145364,23,23,23,23,23,23,23,23,23,23,23,23,23,23,23,23
826,8260,-36.07676,-54.76947,-24.12579,-20.95089,-20.02657,-16.41495,-13.78455,-11.78909,-9.531949,-8.857945,-4.872078,-6.430943,-3.695918,-2.747818,-1.790853,-0.0001075559,24,24,24,24,24,24,24,24,24,24,24,24,24,24,24,24,826,8260,-2.286563,-3.557699,-2.881791,-1.939264,95.61163,78.92769,-2.220333,-3.781083,-2.072224,-1.803845,-1.315655,-2.154031,-1.793366,-2.3395,-1.446027,-1.58268,24,24,24,24,24,24,24,24,24,24,24,24,24,24,24,24,826,8260,-2.068052,-3.581695,-4.598527,-2.708937,-2.847427,-2.294997,-1.424601,-69.77695,0.1247118,-0.0001316355,0.5959795,0.8488501,0.550243,-0.1113548,-1.217486,2.560285,23,23,23,23,23,23,23,23,23,23,23,23,23,23,23,23
827,8270,-34.75401,-54.52766,-21.29539,-18.75887,-16.64778,-15.92139,-12.63601,-12.41603,-9.77935,-10.20993,-5.585002,-7.817774,-3.219041,-4.061956,-2.865312,-1.086415,24,24,24,24,24,24,24,24,24,24,24,24,24,24,24,24,827,8270,-2.555558,-2.898583,-2.750868,-1.680709,95.74298,79.41858,-3.003931,-1.955796,-2.072224,-1.160114,-1.315655,-1.615202,-2.433272,-2.005409,-1.3256,-2.147897,24,24,24,24,24,24,24,24,24,24,24,24,24,24,24,24,827,8270,-1.838271,-3.453783,-4.726321,-2.708937,-1.293174,-1.148473,-1.683207,-69.99563,0.3719579,-0.4839564,0.5960312,0.970125,0.7703793,-0.0002054799,0.4425265,3.379392,23,23,23,23,23,23,23,23,23,23,23,23,23,23,23,23
828,8280,-34.87426,-53.80225,-22.27988,-20.09844,-18.09583,-15.05765,-11.23224,-10.5352,-8.789742,-8.489223,-5.347343,-6.304868,-2.742164,-2.508883,-1.671468,0.4826963,24,24,24,24,24,24,24,24,24,24,24,24,24,24,24,24,828,8280,-3.093546,-2.37129,-1.834415,-2.456375,96.00568,78.80496,-2.350932,-1.825419,-1.813379,-1.932592,-1.709843,-1.749908,-1.665384,-1.671319,-1.084746,-2.147897,24,24,24,24,24,24,24,24,24,24,24,24,24,24,24,24,828,8280,-2.412722,-5.116633,-4.854113,-2.321973,-1.681737,-2.167605,-2.588325,-69.77695,0.001088401,0.3627362,-0.2383651,-0.6064481,-8.989744E-05,-0.0002054799,0.2211926,3.028349,23,23,23,23,23,23,23,23,23,23,23,23,23,23,23,23
829,8290,-37.03876,-53.43953,-22.03376,-18.0282,-16.76845,-13.08338,-11.10462,-10.66059,-9.037145,-8.980852,-5.585002,-6.304868,-2.622946,-3.703554,-1.910237,-0.0001075559,24,24,24,24,24,24,24,24,24,24,24,24,24,24,24,24,829,8290,-2.42106,-1.712175,-1.441647,-2.068542,96.26834,78.06868,-1.959133,-1.173531,-1.683956,-0.773874,-1.709843,-2.154031,-1.665384,-1.44859,-1.446027,-1.58268,24,24,24,24,24,24,24,24,24,24,24,24,24,24,24,24,829,8290,-2.412722,-3.709606,-4.215149,-1.548043,-2.717906,-3.059346,-1.295298,-68.79284,-0.1225342,0.6046469,-0.4767638,0.6063004,0.2200432,0.1109439,-0.5534809,2.6773,23,23,23,23,23,23,23,23,23,23,23,23,23,23,23,23
830,8300,-34.75401,-53.19773,-21.66457,-18.63709,-16.52711,-13.82373,-10.59416,-10.66059,-8.666041,-9.349575,-4.990857,-6.557019,-2.742166,-4.062009,-2.26839,-1.448517,24,24,24,24,24,24,24,24,24,24,24,24,24,24,24,24,830,8300,-2.42106,-1.975821,-2.489022,-1.551432,95.34892,78.55952,-2.742732,-1.695042,-2.201648,-1.675099,-2.629616,-1.884616,-2.049329,-1.894043,-2.048162,-2.147897,24,24,24,24,24,24,24,24,24,24,24,24,24,24,24,24,830,8300,-1.838271,-3.453783,-4.598527,-2.708937,-2.329343,-1.403256,-2.200416,-69.55825,-0.7406497,-0.8468242,0.4768321,0.2424759,-0.220223,0.2221944,-0.6641478,2.6773,23,23,23,23,23,23,23,23,23,23,23,23,23,23,23,23
831,8310,-32.83001,-52.59321,-20.68009,-17.4193,-14.71704,-12.8366,-9.828466,-9.281322,-7.923835,-7.136902,-4.63437,-4.918036,-2.742166,-3.22574,-1.790854,0.3619961,24,24,24,24,24,24,24,24,24,24,24,24,24,24,24,24,831,8310,-0.9415926,-2.107644,-1.048885,-2.19782,95.08627,79.29586,-1.567335,-2.34693,-1.683956,-2.70507,-2.498218,-2.154031,-1.40942,-2.450861,-1.927291,-3.165292,24,24,24,24,24,24,24,24,24,24,24,24,24,24,24,24,831,8310,-2.068052,-4.604987,-4.854113,-1.290068,-2.717906,-1.530648,-1.683207,-68.90218,-0.4934037,0.4836932,0.9536296,-7.384432E-05,-0.1101565,0.111045,0.3318596,3.145364,23,23,23,23,23,23,23,23,23,23,23,23,23,23,23,23
832,8320,-33.43126,-52.3514,-20.18784,-16.81041,-14.95839,-11.10912,-9.19039,-8.654383,-8.418639,-6.521549,-4.990857,-5.548414,-4.172797,-3.22574,-3.342851,-5.779121E-05,24,24,24,24,24,24,24,24,24,24,24,24,24,24,24,24,832,8320,-2.824552,-1.712175,-2.489022,-2.456375,95.87433,79.29586,-2.612132,-0.6520197,-2.201648,-2.447577,-1.578448,-1.749908,-1.40942,-1.559952,-2.168186,-2.260943,24,24,24,24,24,24,24,24,24,24,24,24,24,24,24,24,832,8320,-2.642503,-4.349164,-4.854113,-1.80602,-2.329343,-2.167605,-2.976232,-69.77695,0.6192039,0.846561,3.371154E-05,-0.4851733,-0.220223,0.2221944,-0.8854833,2.209185,23,23,23,23,23,23,23,23,23,23,23,23,23,23,23,23
833,8330,-34.15276,-51.74688,-19.6956,-16.44507,-15.07906,-12.34303,-9.318005,-9.030546,-7.429031,-7.751779,-4.396713,-6.178792,-3.457481,-4.181477,-2.387775,-0.4828616,24,24,24,24,24,24,24,24,24,24,24,24,24,24,24,24,833,8330,-2.421061,-1.053059,-2.750868,-2.068542,96.13704,79.78675,-2.612132,-1.564665,-2.331071,-1.675099,-1.184261,-2.423444,-1.40942,-1.337223,-2.047739,-2.034854,24,24,24,24,24,24,24,24,24,24,24,24,24,24,24,24,833,8330,-2.068097,-4.093341,-5.365285,-2.063996,-1.163653,-2.167605,-2.200416,-69.33955,0.1247118,-1.088735,3.371154E-05,0.2424759,-0.4403594,0.666791,0.5531951,2.911277,23,23,23,23,23,23,23,23,23,23,23,23,23,23,23,23
834,8340,-36.43751,-52.59322,-20.43396,-18.88065,-16.76845,-13.57695,-10.97701,-9.5321,-8.789742,-8.61213,-5.82266,-6.430943,-4.172797,-5.256682,-2.50716,-0.3621598,24,24,24,24,24,24,24,24,24,24,24,24,24,24,24,24,834,8340,-1.210587,-2.371342,-2.096261,-1.551432,95.87433,79.29586,-1.175536,-2.21655,-2.460493,-1.675099,-0.6586785,-1.211081,-0.8974926,-2.228134,-1.32505,-1.921811,24,24,24,24,24,24,24,24,24,24,24,24,24,24,24,24,834,8340,-1.723427,-4.093393,-5.365285,-2.708937,-2.070301,-1.275865,-1.941812,-68.68349,0.001088401,-0.1210886,0.1192333,0.3637507,-0.220223,-0.0001035426,-0.3321453,2.794263,23,23,23,23,23,23,23,23,23,23,23,23,23,23,23,23
835,8350,-35.71601,-52.59322,-21.54151,-19.61132,-17.85448,-13.70034,-11.48747,-9.657487,-9.408247,-8.120502,-5.82266,-6.304868,-4.888112,-3.942542,-3.581619,-0.4828616,24,24,24,24,24,24,24,24,24,24,24,24,24,24,24,24,835,8350,-1.614078,-2.503165,-1.441666,-1.939264,95.21757,79.41858,-1.959133,-2.607684,-1.683956,-0.9026204,-2.366823,-0.5375449,-1.281438,-1.671315,-1.084154,-1.58268,24,24,24,24,24,24,24,24,24,24,24,24,24,24,24,24,835,8350,-1.034087,-3.709659,-5.493078,-1.935009,-0.5160474,-1.148473,-3.234837,-70.10498,-0.1225342,-0.1210886,0.1192333,0.4850256,-0.4403594,0.111045,0.5531951,3.379334,23,23,23,23,23,23,23,23,23,23,23,23,23,23,23,23
836,8360,-37.03876,-54.64857,-22.64906,-20.95089,-17.97517,-14.19391,-10.72178,-10.03365,-8.666041,-7.874686,-4.7532,-5.67449,-4.172797,-4.062009,-2.865313,-0.2414597,24,24,24,24,24,24,24,24,24,24,24,24,24,24,24,24,836,8360,-2.690055,-1.975872,-0.5252065,-1.163651,96.26834,79.29586,-2.742732,-1.173531,-1.42511,-0.773874,-1.315655,-1.211081,-1.665384,-1.337223,-1.445498,-1.921811,24,24,24,24,24,24,24,24,24,24,24,24,24,24,24,24,836,8360,-1.953208,-4.605039,-4.726321,-1.419055,-1.163653,-0.8936897,-1.295298,-68.90218,0.6192039,0.846561,0.5960312,-0.3638984,-0.1101565,0.3333437,-0.4428123,2.794263,23,23,23,23,23,23,23,23,23,23,23,23,23,23,23,23
837,8370,-36.31726,-54.52768,-21.66457,-20.09844,-17.61316,-14.81086,-10.33893,-10.66059,-8.666041,-8.61213,-5.82266,-7.313471,-5.00733,-5.256682,-3.820388,-0.8449637,24,24,24,24,24,24,24,24,24,24,24,24,24,24,24,24,837,8370,-2.959049,-1.184933,-0.6561293,-1.680761,96.26834,78.68224,-1.697935,-1.303908,-1.036842,-1.160114,-0.921468,-1.749908,-1.281438,-1.782679,-1.32505,-2.034854,24,24,24,24,24,24,24,24,24,24,24,24,24,24,24,24,837,8370,-1.608538,-3.965481,-4.087356,-1.290067,-1.293174,-1.658039,-2.459022,-69.33955,0.1247118,1.088472,3.371154E-05,0.121201,0.2200432,0.7779403,-0.3321453,2.560228,23,23,23,23,23,23,23,23,23,23,23,23,23,23,23,23
838,8380,-35.95651,-54.52768,-21.41845,-21.19445,-18.45786,-14.3173,-10.59416,-9.657487,-8.047536,-7.874686,-5.941413,-6.935245,-5.364989,-4.300944,-3.939772,0.3620443,24,24,24,24,24,24,24,24,24,24,24,24,24,24,24,24,838,8380,-2.824552,-1.844049,-1.834428,-1.422206,95.87433,77.57779,-2.220333,-1.564665,-1.554532,-1.288859,-2.10403,-3.096981,-1.281438,-1.114495,-1.32505,-1.469637,24,24,24,24,24,24,24,24,24,24,24,24,24,24,24,24,838,8380,-1.493646,-3.83757,-4.598527,-2.321972,-2.329343,-1.148473,-1.941812,-69.23022,-0.3697803,-0.7258672,0.1192333,-0.3638984,0.2200432,0.4444923,-0.2214784,2.326199,23,23,23,23,23,23,23,23,23,23,23,23,23,23,23,23
839,8390,-37.64001,-54.64857,-22.89518,-22.53402,-20.50927,-15.18104,-12.25316,-10.03365,-7.923835,-8.735038,-5.82266,-6.935245,-5.722648,-5.017747,-4.41731,0.1206424,24,24,24,24,24,24,24,24,24,24,24,24,24,24,24,24,839,8390,-1.748575,-1.316757,-2.096273,-1.292928,94.95491,78.43685,-2.612077,-0.7823967,-2.71934,-1.546352,-2.366823,-1.884616,-1.537402,-2.228134,-1.806843,-1.921811,24,24,24,24,24,24,24,24,24,24,24,24,24,24,24,24,839,8390,-1.378757,-3.965481,-5.237492,-2.837925,-1.811258,-1.658039,-1.683207,-69.44891,-0.1225342,0.1208254,0.9536296,0.6063004,0.4401764,-0.2224022,-0.0001428727,2.677248,23,23,23,23,23,23,23,23,23,23,23,23,23,23,23,23
840,8400,-36.91851,-54.28586,-23.1413,-23.38647,-19.18188,-16.53834,-13.4017,-11.03676,-8.913444,-9.964112,-5.941413,-8.448152,-6.199524,-6.570819,-4.775463,-1.207067,24,24,24,24,24,24,24,24,24,24,24,24,24,24,24,24,840,8400,-2.824552,-2.371342,-2.358119,-1.939317,95.48027,79.54131,-1.69788,-1.825361,-1.554532,-2.061338,-2.76101,-1.615202,-1.153456,-1.894043,-1.806843,-2.147897,24,24,24,24,24,24,24,24,24,24,24,24,24,24,24,24,840,8400,-1.263868,-3.965481,-4.981905,-2.192984,-1.552217,-1.658039,-2.200416,-70.43302,-0.2461572,-0.7258672,0.4768321,0.8488501,-0.4403594,-0.5558495,0.3318596,3.379334,23,23,23,23,23,23,23,23,23,23,23,23,23,23,23,23
841,8410,-37.27926,-55.4949,-23.75661,-24.72604,-22.19866,-18.14243,-14.55024,-12.54141,-10.39785,-10.70156,-6.89083,-8.826378,-6.437962,-5.973484,-4.775463,0.1206424,24,24,24,24,24,24,24,24,24,24,24,24,24,24,24,24,841,8410,-1.479581,-2.239518,-1.441666,-2.714983,95.87433,79.29586,-1.56728,-2.086115,-1.036789,-2.576324,-1.447053,-1.615202,-1.793366,-1.559952,-1.806843,-3.391377,24,24,24,24,24,24,24,24,24,24,24,24,24,24,24,24,841,8410,-2.987218,-4.605039,-4.215149,-1.548043,-1.293174,-1.021081,-2.329719,-69.33956,0.8664507,0.1208254,0.7152308,-7.384432E-05,-0.1101565,0.8890896,0.663862,3.496349,23,23,23,23,23,23,23,23,23,23,23,23,23,23,23,23
842,8420,-39.08301,-55.85761,-26.09477,-26.79628,-25.81879,-19.9933,-15.95401,-13.92068,-11.75857,-11.56191,-7.72157,-9.834982,-7.153279,-6.331886,-4.41731,-0.3621598,24,24,24,24,24,24,24,24,24,24,24,24,24,24,24,24,842,8420,-2.824552,-1.184933,-1.965351,-2.32715,96.13704,79.41858,-2.612077,-1.434227,-1.942748,-2.447577,-1.841241,-1.884616,-2.049329,-1.448586,-2.770427,-2.260943,24,24,24,24,24,24,24,24,24,24,24,24,24,24,24,24,842,8420,-2.068097,-3.325923,-4.470734,-2.192984,-2.329343,-2.677171,-2.329719,-69.33956,0.1247118,0.4836899,0.3576325,0.6063004,0.6603127,-0.444701,-0.6641478,2.44322,23,23,23,23,23,23,23,23,23,23,23,23,23,23,23,23
843,8430,-39.32351,-55.97852,-25.84865,-26.79628,-24.37073,-18.75939,-15.31593,-12.41603,-9.531948,-10.82446,-6.178766,-9.204604,-6.318743,-6.929221,-3.820388,-0.8449637,24,24,24,24,24,24,24,24,24,24,24,24,24,24,24,24,843,8430,-1.883073,-1.844049,-2.227196,-1.939317,96.53104,78.80502,-1.436681,-2.086115,-2.201595,-1.803845,-1.709791,-2.558152,-1.153456,-2.11677,-2.047739,-1.695722,24,24,24,24,24,24,24,24,24,24,24,24,24,24,24,24,843,8430,-1.034087,-3.581748,-4.598527,-2.708936,-1.811258,-0.8936897,-2.200416,-70.10499,-0.2461572,-0.1210918,0.3575807,0.3637507,0.3301098,0.2221944,-0.2214784,3.613363,23,23,23,23,23,23,23,23,23,23,23,23,23,23,23,23
844,8440,-39.44376,-57.06665,-26.46395,-28.74475,-26.18081,-21.96756,-17.4854,-14.04607,-11.01636,-11.3161,-7.840248,-9.204604,-6.79562,-6.331886,-4.059156,-0.2414597,24,24,24,24,24,24,24,24,24,24,24,24,24,24,24,24,844,8440,-1.883073,-2.239518,-2.619964,-2.197872,95.87433,78.6823,-1.69788,-2.99876,-2.589863,-2.061338,-2.235377,-2.423447,-2.30529,-3.119046,-2.288635,-2.373986,24,24,24,24,24,24,24,24,24,24,24,24,24,24,24,24,844,8440,-1.723427,-4.605039,-5.237492,-2.192984,-2.329343,-1.785431,-1.683207,-69.66759,-0.3697803,0.7256007,0.3575807,-0.3638984,-0.7705591,-0.1112537,0.1105241,3.145306,23,23,23,23,23,23,23,23,23,23,23,23,23,23,23,23
845,8450,-40.16526,-56.70395,-26.46395,-25.45671,-24.00871,-19.37634,-15.57116,-12.6668,-11.14006,-9.841206,-7.958925,-9.078528,-7.630104,-5.73455,-4.775463,-0.3621598,24,24,24,24,24,24,24,24,24,24,24,24,24,24,24,24,845,8450,-2.152067,-2.898634,-1.834428,-1.163651,94.82355,79.66402,-1.82848,-2.607626,-2.072171,-2.318831,-2.629564,-1.884618,-2.177362,-3.007683,-1.806843,-1.921811,24,24,24,24,24,24,24,24,24,24,24,24,24,24,24,24,845,8450,-1.953208,-4.349216,-4.598527,-2.063995,-2.070301,-2.677171,-3.105534,-69.23022,0.4955813,0.8465577,0.3575807,-0.3638984,0.6603127,0.666791,0.2211926,2.209185,23,23,23,23,23,23,23,23,23,23,23,23,23,23,23,23
846,8460,-40.88676,-57.06665,-24.98722,-23.75181,-22.80201,-18.38921,-14.03978,-11.78909,-10.27415,-10.82446,-7.72157,-10.33928,-7.272446,-6.570764,-4.178541,-0.4828616,24,24,24,24,24,24,24,24,24,24,24,24,24,24,24,24,846,8460,-2.555558,-1.975872,-1.17982,-1.939317,95.48027,78.6823,-2.742678,-2.607626,-1.813326,-2.447577,-2.760959,-2.423447,-2.561308,-2.339449,-1.927291,-2.713117,24,24,24,24,24,24,24,24,24,24,24,24,24,24,24,24,846,8460,-2.297878,-4.221304,-4.726321,-2.579948,-2.329343,-2.040214,-2.588325,-70.21432,-0.1225342,-0.9677812,0.4767799,0.7275752,1.100579,0.6667404,-0.8854833,2.677248,23,23,23,23,23,23,23,23,23,23,23,23,23,23,23,23
847,8470,-40.16526,-56.46213,-24.24885,-23.75181,-22.80201,-19.74652,-14.55024,-13.29374,-12.00597,-12.79098,-8.670988,-9.961058,-8.106981,-7.645967,-4.536745,-0.2414597,24,24,24,24,24,24,24,24,24,24,24,24,24,24,24,24,847,8470,-2.555558,-1.580402,-2.227196,-2.197872,96.13704,77.70051,-2.350879,-2.216495,-2.331017,-2.447577,-1.972584,-2.962276,-1.665438,-2.56218,-1.686394,-2.034854,24,24,24,24,24,24,24,24,24,24,24,24,24,24,24,24,847,8470,-1.723427,-4.221304,-5.109699,-2.45096,-1.163653,-1.021081,-2.459022,-69.55826,-0.3697803,0.8465577,0.715179,-7.384432E-05,-0.5504259,-0.4447515,0.1105225,3.26232,23,23,23,23,23,23,23,23,23,23,23,23,23,23,23,23
848,8480,-36.91851,-55.13219,-23.38743,-21.07267,-20.14725,-16.16817,-12.76362,-11.53831,-10.27415,-10.57865,-8.789665,-9.204604,-7.749323,-5.01769,-4.059207,-0.0001091612,24,24,24,24,24,24,24,24,24,24,24,24,24,24,24,24,848,8480,-1.883073,-2.239518,-2.227196,-1.422206,95.61163,77.94595,-2.08968,-1.825361,-2.46044,-1.288859,-2.103979,-2.69286,-2.305344,-2.005358,-2.52953,-2.147836,24,24,24,24,24,24,24,24,24,24,24,24,24,24,24,24,848,8480,-1.723427,-3.965481,-5.109699,-1.290067,-1.94078,-2.040214,-2.976232,-69.66759,0.6192039,0.8465577,0.4767799,0.3637507,-0.3302896,0.1109944,0.6638604,3.145306,23,23,23,23,23,23,23,23,23,23,23,23,23,23,23,23
849,8490,-35.47551,-54.28586,-21.54151,-17.29752,-16.64779,-13.70034,-10.84939,-10.91137,-9.408247,-9.349576,-7.36554,-8.448152,-6.43791,-4.659289,-3.342901,-0.3622112,24,24,24,24,24,24,24,24,24,24,24,24,24,24,24,24,849,8490,-0.9415922,-1.580402,-1.572589,-1.680761,94.95491,78.55957,-1.56728,-1.955738,-1.942748,-2.318831,-3.417939,-1.211082,-2.177362,-2.56218,-1.565946,-2.373922,24,24,24,24,24,24,24,24,24,24,24,24,24,24,24,24,849,8490,-2.297881,-4.73295,-3.959563,-1.677031,-2.588386,-2.54978,-2.329719,-69.77695,0.9900734,-0.0001348462,-0.1192176,-0.4851733,0.6603127,0.7778897,0.7745274,2.794263,23,23,23,23,23,23,23,23,23,23,23,23,23,23,23,23
850,8500,-32.70975,-53.68135,-20.18784,-18.0282,-17.0098,-15.30443,-10.59416,-11.03676,-8.913444,-9.718298,-7.840248,-8.952453,-6.67635,-5.734493,-3.58167,-0.2415111,24,24,24,24,24,24,24,24,24,24,24,24,24,24,24,24,850,8500,-2.152066,-2.371342,-1.834428,-2.973538,95.61163,79.29586,-2.481479,-2.346872,-1.942748,-3.477549,-2.498166,-2.423447,-2.433326,-2.896271,-2.649978,-4.182616,24,24,24,24,24,24,24,24,24,24,24,24,24,24,24,24,850,8500,-1.953211,-3.581748,-4.854113,-3.482866,-3.883596,-3.186738,-2.459022,-69.12088,0.4955813,-0.1210918,0.1191815,0.7275752,0.3301098,-0.4447515,-0.7748179,2.794263,23,23,23,23,23,23,23,23,23,23,23,23,23,23,23,23
851,8510,-33.79201,-54.04406,-21.54151,-20.58555,-19.18188,-16.04478,-12.63601,-11.78909,-9.531948,-10.45574,-7.36554,-9.204604,-6.080253,-4.778757,-2.50721,0.4826947,24,24,24,24,24,24,24,24,24,24,24,24,24,24,24,24,851,8510,-2.286563,-1.975872,-2.619952,-3.232094,96.26834,79.78675,-2.742678,-1.825361,-3.236977,-3.477549,-1.972584,-2.288741,-2.945254,-1.782631,-3.011322,-3.504359,24,24,24,24,24,24,24,24,24,24,24,24,24,24,24,24,851,8510,-2.297881,-4.221304,-4.726321,-3.224889,-2.588386,-2.422388,-2.84693,-70.43302,0.001088401,-0.0001348462,1.311177,0.7275752,0.4401764,-0.2224536,0.1105225,3.496355,23,23,23,23,23,23,23,23,23,23,23,23,23,23,23,23
852,8520,-37.64001,-55.73671,-23.26436,-22.0469,-20.14725,-16.41495,-12.38078,-11.91447,-9.284546,-9.718298,-7.36554,-8.322075,-5.841815,-3.942486,-2.745979,-0.0001091612,24,24,24,24,24,24,24,24,24,24,24,24,24,24,24,24,852,8520,-2.824551,-1.844049,-3.143643,-2.32715,95.87433,79.05041,-3.003878,-2.216495,-3.107554,-2.318831,-2.629564,-2.827568,-2.945254,-2.339449,-3.974907,-2.939139,24,24,24,24,24,24,24,24,24,24,24,24,24,24,24,24,852,8520,-2.872332,-4.988773,-4.854113,-2.708937,-2.976949,-2.931955,-2.071114,-69.88629,0.3719579,0.6046437,1.072777,-0.1213487,-0.4403594,0.2221438,-0.22148,3.730384,23,23,23,23,23,23,23,23,23,23,23,23,23,23,23,23
853,8530,-37.03876,-54.89038,-22.40294,-21.19445,-18.09584,-15.6746,-10.84939,-10.91137,-8.418639,-9.472484,-6.772154,-7.565622,-5.245719,-5.734493,-3.104132,-1.086417,24,24,24,24,24,24,24,24,24,24,24,24,24,24,24,24,853,8530,-2.152066,-2.766811,-3.536411,-2.456427,95.61168,79.17313,-2.350879,-3.389891,-2.072171,-2.061338,-1.972584,-3.231689,-2.817272,-2.673543,-3.493114,-2.939139,24,24,24,24,24,24,24,24,24,24,24,24,24,24,24,24,853,8530,-3.102113,-4.605039,-3.448392,-3.869831,-3.883596,-3.951087,-3.105534,-69.55826,0.4955813,0.9675115,0.1191815,-7.384432E-05,0.1099767,0.1109944,0.5531919,2.326205,23,23,23,23,23,23,23,23,23,23,23,23,23,23,23,23
854,8540,-35.95651,-53.92315,-21.91069,-20.58555,-17.61316,-14.3173,-10.59416,-10.28443,-8.666041,-8.243408,-6.297444,-6.430943,-4.530402,-3.464618,-2.50721,0.120591,24,24,24,24,24,24,24,24,24,24,24,24,24,24,24,24,854,8540,-2.286563,-3.689573,-2.096267,-2.197872,96.13708,79.05041,-3.134478,-3.911402,-3.107554,-2.447577,-3.023752,-2.154032,-3.073235,-3.230362,-2.52953,-3.504359,24,24,24,24,24,24,24,24,24,24,24,24,24,24,24,24,854,8540,-2.642554,-4.73295,-3.959563,-3.611854,-3.624555,-3.059294,-2.588325,-69.88629,0.2483352,-0.4839596,0.4767799,0.3637507,0.2200432,0.6667404,-0.4428155,2.911277,23,23,23,23,23,23,23,23,23,23,23,23,23,23,23,23
855,8550,-37.27926,-52.95593,-22.15681,-20.70733,-18.69919,-14.07052,-11.7427,-11.03676,-10.27415,-8.980853,-6.653476,-8.069924,-5.364938,-4.061953,-2.50721,-0.482913,24,24,24,24,24,24,24,24,24,24,24,24,24,24,24,24,855,8550,-2.959048,-2.239518,-2.619952,-2.714983,95.74303,79.29586,-3.26508,-2.607626,-2.072171,-1.803845,-2.103979,-2.423447,-3.073235,-1.893994,-2.409082,-2.826096,24,24,24,24,24,24,24,24,24,24,24,24,24,24,24,24,855,8550,-2.987224,-5.372508,-5.620871,-3.353878,-2.199822,-2.422336,-1.812457,-69.55826,-0.8642728,0.4836899,1.072777,0.121201,-0.5504259,0.3332923,0.4425249,3.61337,23,23,23,23,23,23,23,23,23,23,23,23,23,23,23,23
856,8560,-36.67801,-53.07683,-21.41845,-19.24599,-17.37182,-13.08338,-9.828468,-10.03365,-7.923835,-8.243408,-5.703882,-6.557019,-4.053525,-4.539822,-2.626595,-0.482913,24,24,24,24,24,24,24,24,24,24,24,24,24,24,24,24,856,8560,-2.690054,-1.712226,-2.096267,-2.197872,96.13708,78.55957,-2.873281,-2.086169,-2.331017,-2.447577,-1.972584,-2.962276,-2.817272,-2.56218,-2.890874,-3.730445,24,24,24,24,24,24,24,24,24,24,24,24,24,24,24,24,856,8560,-2.297881,-4.477128,-5.109699,-2.837926,-2.329343,-3.314077,-3.751995,-69.88629,-0.2461572,0.1208222,0.8343787,0.3637507,-0.1101565,0.8890383,-0.000144478,3.379334,23,23,23,23,23,23,23,23,23,23,23,23,23,23,23,23
857,8570,-37.88051,-53.80225,-21.54151,-19.12421,-16.40645,-13.94712,-10.46655,-9.532099,-7.552732,-7.013833,-5.109738,-5.170188,-3.695868,-4.18142,-2.149057,-0.2415111,24,24,24,24,24,24,24,24,24,24,24,24,24,24,24,24,857,8570,-2.42106,-2.503165,-2.750874,-2.714983,96.26839,77.70051,-2.220282,-2.216547,-2.848707,-2.833817,-2.760959,-4.17464,-3.201217,-2.784907,-2.890874,-3.052185,24,24,24,24,24,24,24,24,24,24,24,24,24,24,24,24,857,8570,-3.102113,-4.477128,-4.854113,-3.095901,-2.976949,-3.568861,-2.97618,-69.66759,1.113697,-0.4839596,0.1191815,0.121201,0.550243,0.6667404,0.6638604,2.677248,23,23,23,23,23,23,23,23,23,23,23,23,23,23,23,23
858,8580,-38.48176,-53.43954,-21.29539,-17.17574,-15.92376,-12.21964,-9.828468,-8.403605,-7.676433,-6.398479,-5.822711,-5.926641,-4.530402,-4.659289,-2.984748,-0.845015,24,24,24,24,24,24,24,24,24,24,24,24,24,24,24,24,858,8580,-2.690054,-2.239518,-2.489035,-2.068595,94.69225,79.17313,-1.567283,-2.477304,-3.366399,-1.417606,-3.286541,-2.69286,-2.817272,-2.784907,-2.890874,-2.826096,24,24,24,24,24,24,24,24,24,24,24,24,24,24,24,24,858,8580,-2.757443,-4.988773,-4.981905,-3.611854,-3.495033,-2.804511,-3.622693,-69.66759,-0.4934037,-0.6049134,0.8343787,-7.384432E-05,-0.220223,-0.3336022,0.331858,3.028291,23,23,23,23,23,23,23,23,23,23,23,23,23,23,23,23
859,8590,-37.51976,-53.56045,-20.80314,-17.66286,-15.19974,-10.98573,-7.914236,-7.149724,-6.06832,-5.290844,-3.68379,-4.161584,-3.338211,-3.942486,-1.910288,0.120591,24,24,24,24,24,24,24,24,24,24,24,24,24,24,24,24,859,8590,-2.152066,-3.030457,-1.703499,-2.197872,94.42955,79.17313,-2.220282,-2.738058,-2.201593,-2.31883,-2.892405,-2.423447,-2.561308,-2.784907,-2.770426,-3.165228,24,24,24,24,24,24,24,24,24,24,24,24,24,24,24,24,859,8590,-2.527662,-4.605039,-5.237492,-3.22489,-2.717906,-3.441469,-2.458969,-70.54237,0.4955813,0.3627329,0.4768321,0.7275752,0.4401764,0.6667404,0.6638604,3.847398,23,23,23,23,23,23,23,23,23,23,23,23,23,23,23,23
860,8600,-34.99451,-54.04406,-21.04927,-19.24599,-16.40645,-12.71321,-9.062776,-7.525888,-6.315722,-5.660056,-4.63442,-4.035509,-3.218991,-4.061953,-2.626595,-0.3622112,24,24,24,24,24,24,24,24,24,24,24,24,24,24,24,24,860,8600,-2.152066,-2.107695,-2.358113,-3.361371,95.87438,78.92769,-2.220282,-2.607681,-2.331015,-3.606294,-2.366823,-2.827565,-2.177362,-2.56218,-2.770426,-4.069577,24,24,24,24,24,24,24,24,24,24,24,24,24,24,24,24,860,8600,-3.446783,-5.116685,-4.598527,-3.353878,-2.847427,-2.67712,-2.588272,-69.66759,0.3719579,-0.1210918,0.2384329,-7.384432E-05,0.6603127,0.7778897,0.4425249,3.379334,23,23,23,23,23,23,23,23,23,23,23,23,23,23,23,23
861,8610,-34.63376,-52.83503,-20.9262,-17.78464,-16.52712,-11.3559,-8.807545,-7.275111,-5.820777,-4.183208,-4.040277,-3.531207,-3.099823,-1.911545,-1.790904,0.2412927,24,24,24,24,24,24,24,24,24,24,24,24,24,24,24,24,861,8610,-3.093545,-1.844049,-2.619952,-2.84426,96.00574,79.29586,-2.612081,-1.695039,-3.366399,-2.576323,-1.841241,-2.558152,-3.073181,-2.116722,-2.770426,-2.939139,24,24,24,24,24,24,24,24,24,24,24,24,24,24,24,24,861,8610,-2.987224,-4.988773,-4.342942,-3.998819,-4.013118,-2.67712,-3.105482,-69.88629,0.6192039,0.1208222,-0.1191655,0.4850256,0.5501884,-0.1113035,-0.22148,3.379334,23,23,23,23,23,23,23,23,23,23,23,23,23,23,23,23
862,8620,-34.63376,-52.95593,-20.68008,-17.05396,-15.19974,-9.998598,-7.403774,-6.397396,-4.210804,-4.42935,-3.446131,-3.531207,-2.265289,-2.747815,-2.029673,-0.2415111,24,24,24,24,24,24,24,24,24,24,24,24,24,24,24,24,862,8620,-1.883072,-2.898634,-2.358113,-2.197872,96.00574,79.17313,-1.828482,-2.346927,-2.848707,-2.190084,-1.841241,-2.423444,-2.049329,-2.673543,-3.011322,-3.052185,24,24,24,24,24,24,24,24,24,24,24,24,24,24,24,24,862,8620,-2.412773,-4.093393,-5.237492,-2.966914,-1.811258,-2.804511,-2.97618,-69.99564,0.6192039,0.6046437,0.5960312,0.3637507,0.2199887,-0.5558495,0.331858,3.379334,23,23,23,23,23,23,23,23,23,23,23,23,23,23,23,23
863,8630,-33.43126,-53.68135,-19.32641,-16.93219,-14.11369,-10.49216,-6.000003,-6.648171,-4.086959,-4.306279,-2.970816,-3.405131,-2.742166,-3.106216,-2.029673,-0.482913,24,24,24,24,24,24,24,24,24,24,24,24,24,24,24,24,863,8630,-1.883072,-3.425927,-2.750874,-2.84426,96.26839,79.29586,-1.828482,-3.650703,-2.719283,-2.190084,-2.10403,-2.154031,-2.177308,-3.341725,-2.289016,-2.373922,24,24,24,24,24,24,24,24,24,24,24,24,24,24,24,24,863,8630,-2.872332,-6.012065,-4.598527,-2.837926,-2.588386,-1.785379,-1.812457,-69.99564,1.237319,0.1208222,-0.1191655,-0.2426236,-0.000144478,0.4444923,0.4425265,3.61337,23,23,23,23,23,23,23,23,23,23,23,23,23,23,23,23
864,8640,-33.43126,-52.35141,-18.71111,-14.13127,-12.4243,-8.641294,-5.361925,-5.645067,-4.210804,-4.183208,-2.851986,-2.270419,-2.384508,-2.15048,-1.910288,0.2412944,24,24,24,24,24,24,24,24,24,24,24,24,24,24,24,24,864,8640,-2.42106,-2.766811,-1.572576,-2.32715,95.08632,79.78675,-3.00388,-2.998815,-2.719283,-1.803845,-2.366823,-2.019323,-2.945199,-2.784907,-1.686881,-2.713117,24,24,24,24,24,24,24,24,24,24,24,24,24,24,24,24,864,8640,-2.642554,-4.093393,-4.215149,-3.482866,-3.754075,-3.568861,-1.812457,-69.55826,0.4955813,0.7256007,0.4768321,0.6063004,0.2199887,-0.1112537,0.1105241,2.209236,23,23,23,23,23,23,23,23,23,23,23,23,23,23,23,23
865,8650,-33.79201,-51.74689,-18.34192,-13.4006,-11.45893,-8.024337,-6.000003,-5.39429,-4.334648,-3.937068,-3.208473,-2.648678,-1.907631,-1.792078,-1.432751,0.4826963,24,24,24,24,24,24,24,24,24,24,24,24,24,24,24,24,865,8650,-4.035026,-2.371342,-2.096267,-2.32715,95.61168,78.19141,-3.13448,-2.607681,-1.813324,-2.061338,-2.629616,-2.69286,-3.201163,-2.005358,-1.927735,-3.052246,24,24,24,24,24,24,24,24,24,24,24,24,24,24,24,24,865,8650,-2.41277,-4.860862,-4.854113,-3.095901,-2.458864,-2.931903,-1.424549,-70.10499,0.001088401,-0.0001348462,1.192029,0.6063004,0.5501884,-0.1112537,0.3318596,3.613415,23,23,23,23,23,23,23,23,23,23,23,23,23,23,23,23
866,8660,-30.6655,-49.93333,-16.74213,-12.06103,-10.13156,-7.037205,-4.213385,-4.892738,-3.096206,-3.690926,-2.61433,-3.279055,-2.02685,-3.464618,-1.432751,-0.6036115,24,24,24,24,24,24,24,24,24,24,24,24,24,24,24,24,866,8660,-2.959049,-2.503165,-1.572576,-2.714983,95.61168,78.06868,-2.873281,-2.607681,-2.460438,-2.447577,-2.235428,-2.558152,-2.30529,-2.116722,-1.566454,-2.147897,24,24,24,24,24,24,24,24,24,24,24,24,24,24,24,24,866,8660,-2.987218,-5.500368,-5.493078,-2.837926,-2.329343,-2.549728,-2.329667,-69.99564,0.3719579,0.2417759,0.3576325,-0.2426236,-0.110211,0.5556424,0.3318596,3.262372,23,23,23,23,23,23,23,23,23,23,23,23,23,23,23,23
867,8670,-33.07051,-50.53785,-17.23438,-13.15704,-10.73491,-7.777554,-4.213385,-4.015021,-3.22005,-2.952502,-1.54487,-2.396527,-1.430754,-2.50888,-1.074598,-0.2415079,24,24,24,24,24,24,24,24,24,24,24,24,24,24,24,24,867,8670,-2.286563,-1.975872,-2.489074,-2.585705,95.48032,78.06868,-2.089682,-1.303905,-2.589862,-1.546352,-1.447053,-3.231686,-2.177308,-1.559904,-1.927735,-2.713117,24,24,24,24,24,24,24,24,24,24,24,24,24,24,24,24,867,8670,-2.527659,-4.732899,-4.215199,-2.708937,-2.717906,-2.549728,-2.458969,-69.23022,0.3719579,0.6046437,0.1192333,0.4850256,0.7703247,-0.0001035426,-0.1108098,2.560279,23,23,23,23,23,23,23,23,23,23,23,23,23,23,23,23
868,8680,-34.39326,-50.05424,-17.84968,-14.74017,-12.06228,-6.54364,-4.596232,-4.391186,-3.22005,-2.46022,-2.851986,-2.900829,-3.219043,-2.15048,-2.50721,-0.3622096,24,24,24,24,24,24,24,24,24,24,24,24,24,24,24,24,868,8680,-2.286563,-2.503165,-2.619997,-1.292875,95.08632,78.19141,-1.828482,-1.434281,-2.97813,-1.932591,-3.023803,-2.288737,-1.40942,-1.893994,-2.168589,-2.373986,24,24,24,24,24,24,24,24,24,24,24,24,24,24,24,24,868,8680,-2.297878,-3.837518,-4.854163,-3.224836,-3.624555,-2.804511,-0.7780366,-69.88629,-0.2461572,-0.4839596,1.430428,0.4850256,0.2199887,0.2221944,-0.4428123,3.028343,23,23,23,23,23,23,23,23,23,23,23,23,23,23,23,23
869,8690,-34.51351,-50.53785,-18.34192,-16.20152,-12.66564,-8.024337,-5.23431,-3.638857,-2.848518,-2.706362,-2.257843,-2.522602,-1.549973,-2.747815,-1.552135,-0.3622096,24,24,24,24,24,24,24,24,24,24,24,24,24,24,24,24,869,8690,-2.690055,-2.634988,-1.965389,-2.973485,94.56091,79.17313,-2.220282,-2.216547,-1.683901,-2.447577,-2.10403,-1.749908,-1.665384,-2.784907,-0.8438921,-3.391377,24,24,24,24,24,24,24,24,24,24,24,24,24,24,24,24,869,8690,-1.953208,-5.116634,-5.748714,-2.708884,-3.235992,-2.804511,-2.329667,-69.77695,-0.1225342,0.4836899,0.5960312,0.3637507,-0.110211,0.2221944,0.2211926,3.145357,23,23,23,23,23,23,23,23,23,23,23,23,23,23,23,23
870,8700,-35.35526,-52.1096,-18.34192,-16.44507,-12.42429,-9.381642,-5.361925,-5.39429,-3.715427,-4.921633,-3.208473,-3.405131,-3.099823,-3.703551,-2.626595,-1.327817,24,24,24,24,24,24,24,24,24,24,24,24,24,24,24,24,870,8700,-2.690055,-2.898634,-1.965389,-3.102763,94.82361,79.17313,-2.220282,-1.825416,-1.813324,-2.70507,-2.498218,-2.019323,-1.793366,-2.896271,-2.650297,-3.956595,24,24,24,24,24,24,24,24,24,24,24,24,24,24,24,24,870,8700,-1.723427,-4.732899,-4.470785,-3.224836,-3.365513,-3.441521,-2.846877,-69.99564,0.7428274,1.088469,0.8344304,0.121201,0.2199887,0.4444923,0.5531951,2.6773,23,23,23,23,23,23,23,23,23,23,23,23,23,23,23,23
871,8710,-36.55776,-51.86779,-17.35744,-14.61839,-11.82094,-7.530772,-4.468616,-4.140409,-3.22005,-2.952502,-2.733158,-2.018154,-2.861385,-2.15048,-2.268442,0.4826963,24,24,24,24,24,24,24,24,24,24,24,24,24,24,24,24,871,8710,-2.555558,-2.371342,-3.012765,-3.878428,95.74303,78.92769,-2.220333,-1.825416,-2.331015,-2.70507,-2.10403,-2.019323,-2.049329,-1.893994,-2.409444,-3.391377,24,24,24,24,24,24,24,24,24,24,24,24,24,24,24,24,871,8710,-2.872329,-4.093342,-4.342992,-3.224836,-3.235992,-3.31413,-1.941758,-69.88629,0.2483352,-0.8468274,-0.1191655,0.3637507,0.2199887,0.5556424,0.5531951,2.911329,23,23,23,23,23,23,23,23,23,23,23,23,23,23,23,23
872,8720,-37.76026,-51.9887,-18.58805,-16.56685,-13.51033,-8.641294,-5.23431,-4.140409,-2.724674,-3.198644,-2.495501,-2.774753,-2.503727,-2.747815,-2.50721,-0.0001075559,24,24,24,24,24,24,24,24,24,24,24,24,24,24,24,24,872,8720,-3.36254,-2.766811,-3.012765,-2.844207,95.61168,79.78675,-2.742732,-1.955793,-3.236975,-1.932591,-1.841241,-2.423444,-2.30529,-2.673543,-3.011579,-2.82616,24,24,24,24,24,24,24,24,24,24,24,24,24,24,24,24,872,8720,-2.182989,-4.988722,-5.109749,-3.740789,-2.847428,-2.422388,-2.717574,-69.01153,-0.6170267,0.8465577,0.9536296,0.8488501,0.3300552,0.4444923,0.5531951,3.145357,23,23,23,23,23,23,23,23,23,23,23,23,23,23,23,23
873,8730,-37.51976,-52.1096,-18.34192,-16.20152,-13.75168,-9.751817,-4.851463,-4.641962,-2.848467,-4.675491,-3.089645,-4.035509,-2.622946,-4.18142,-2.387826,-1.086415,24,24,24,24,24,24,24,24,24,24,24,24,24,24,24,24,873,8730,-2.42106,-3.425927,-2.750919,-2.327097,96.13708,78.55957,-1.828533,-2.738058,-2.201648,-2.447577,-1.841241,-3.231686,-1.40942,-2.784907,-2.650297,-2.600071,24,24,24,24,24,24,24,24,24,24,24,24,24,24,24,24,873,8730,-2.182989,-4.988722,-5.237542,-2.708884,-2.458865,-2.54978,-3.234783,-70.32367,0.4955813,0.8465577,0.3576325,0.3637507,-0.6605471,0.5556424,0.2211926,3.028343,23,23,23,23,23,23,23,23,23,23,23,23,23,23,23,23
874,8740,-36.79826,-52.23051,-18.95723,-16.07974,-13.87235,-9.628426,-4.596232,-4.767349,-2.35309,-3.321713,-2.139014,-2.648678,-1.788412,-3.106216,-2.029673,-0.2415079,24,24,24,24,24,24,24,24,24,24,24,24,24,24,24,24,874,8740,-2.286563,-3.821396,-2.358157,-2.585652,95.61168,79.17313,-2.089733,-3.520323,-2.201648,-1.417606,-2.235428,-2.69286,-2.177308,-3.453089,-2.168589,-2.487029,24,24,24,24,24,24,24,24,24,24,24,24,24,24,24,24,874,8740,-3.676561,-4.477076,-4.342992,-2.192931,-2.329344,-2.422388,-2.329666,-68.90218,0.6192039,-0.4839596,-0.2383651,-7.384432E-05,0.4401218,0.5556424,1.106532,3.028343,23,23,23,23,23,23,23,23,23,23,23,23,23,23,23,23
875,8750,-35.35526,-51.86779,-18.34192,-15.1055,-13.87235,-9.13486,-5.617156,-4.140409,-3.343843,-3.444784,-3.327306,-3.531207,-2.861385,-2.747815,-2.149057,-0.2415079,24,24,24,24,24,24,24,24,24,24,24,24,24,24,24,24,875,8750,-2.959049,-3.162281,-2.358157,-2.844207,95.61168,79.17313,-3.003931,-2.998815,-1.942801,-1.932592,-3.286592,-2.154031,-3.329144,-2.450813,-2.409444,-2.82616,24,24,24,24,24,24,24,24,24,24,24,24,24,24,24,24,875,8750,-2.872329,-4.477076,-4.342992,-2.837872,-3.624555,-2.54978,-2.329666,-69.88629,0.001088401,-0.1210918,-1.805975E-05,0.3637507,-0.000144478,-0.2224022,-0.3321453,2.794314,23,23,23,23,23,23,23,23,23,23,23,23,23,23,23,23
876,8760,-34.03251,-50.05424,-16.12683,-13.15704,-11.82094,-7.40738,-3.830539,-3.764245,-2.724623,-3.321713,-2.376675,-2.648678,-1.192315,-3.464618,-2.149057,-0.6036115,24,24,24,24,24,24,24,24,24,24,24,24,24,24,24,24,876,8760,-3.36254,-2.371342,-2.227235,-2.456374,95.74303,78.31413,-3.265131,-2.346927,-2.201648,-2.447577,-2.10403,-3.096981,-2.945199,-2.673543,-1.927735,-3.165292,24,24,24,24,24,24,24,24,24,24,24,24,24,24,24,24,876,8760,-2.527659,-5.116634,-4.598578,-3.224836,-2.199823,-2.167605,-2.329666,-70.21432,-0.1225342,0.2417759,1.311177,0.7275271,-0.000144478,0.7779403,0.5531951,3.730435,23,23,23,23,23,23,23,23,23,23,23,23,23,23,23,23
877,8770,-34.15276,-50.77966,-16.61907,-13.52238,-11.94161,-8.271119,-4.213385,-4.015021,-2.476934,-2.952502,-1.78253,-2.270419,-1.549971,-2.389415,-2.029673,-0.3622096,24,24,24,24,24,24,24,24,24,24,24,24,24,24,24,24,877,8770,-2.824552,-2.107695,-3.405533,-2.197819,95.21762,77.82323,-2.612132,-2.477304,-2.460493,-2.190084,-2.76101,-3.770515,-1.537402,-2.450813,-3.011579,-2.713117,24,24,24,24,24,24,24,24,24,24,24,24,24,24,24,24,877,8770,-3.44678,-5.756191,-4.72637,-2.321919,-2.588386,-2.54978,-2.976178,-69.88629,0.7428274,-0.0001348462,0.3575807,-0.3639466,0.330052,0.111045,0.5531951,3.028343,23,23,23,23,23,23,23,23,23,23,23,23,23,23,23,23
878,8780,-33.31101,-50.41695,-15.38846,-12.66992,-11.82094,-6.913815,-4.851463,-4.140409,-3.219999,-2.58329,-2.97082,-2.396527,-2.980603,-2.867287,-2.626595,-0.6036115,24,24,24,24,24,24,24,24,24,24,24,24,24,24,24,24,878,8780,-2.017569,-2.107695,-2.881842,-1.680709,94.82361,77.57779,-1.697935,-1.173528,-2.71934,-2.318831,-2.76101,-3.096981,-2.177308,-2.450864,-3.011579,-2.373986,24,24,24,24,24,24,24,24,24,24,24,24,24,24,24,24,878,8780,-2.75744,-4.604988,-3.704027,-2.450907,-2.329344,-3.441521,-1.941758,-69.99564,0.8664507,0.6046437,0.715179,0.1211528,0.4401186,0.3332923,-0.1108098,2.6773,23,23,23,23,23,23,23,23,23,23,23,23,23,23,23,23
879,8790,-32.10851,-50.65876,-15.14234,-12.66992,-12.06228,-7.530772,-5.617156,-5.018126,-3.343843,-3.937066,-2.257846,-2.144287,-2.026849,-2.867287,-2.50716,-0.6036115,24,24,24,24,24,24,24,24,24,24,24,24,24,24,24,24,879,8790,-2.152066,-2.503165,-1.703544,-2.197819,94.82361,78.55957,-2.350932,-2.346927,-2.848762,-3.09131,-3.155201,-2.558152,-2.177308,-2.784958,-2.168186,-3.165292,24,24,24,24,24,24,24,24,24,24,24,24,24,24,24,24,879,8790,-2.297878,-4.732899,-4.215199,-2.837872,-3.106471,-2.294997,-1.165943,-70.21432,0.2483352,-0.8468274,0.4767799,0.1211528,0.330052,1.000188,-0.5534776,2.911329,23,23,23,23,23,23,23,23,23,23,23,23,23,23,23,23
880,8800,-33.67176,-51.62599,-15.51152,-14.74017,-12.30363,-9.381642,-6.255234,-6.272006,-4.334597,-4.429348,-3.089648,-2.900829,-2.146068,-2.867287,-1.313317,0.1206424,24,24,24,24,24,24,24,24,24,24,24,24,24,24,24,24,880,8800,-2.286563,-2.898634,-2.358157,-3.361318,95.74303,78.80502,-2.350932,-2.086169,-2.71934,-3.477549,-2.629616,-2.558152,-2.817217,-2.005409,-2.770427,-3.617463,24,24,24,24,24,24,24,24,24,24,24,24,24,24,24,24,880,8800,-2.182989,-5.372456,-5.109749,-2.96686,-3.106471,-1.912822,-2.07106,-70.21432,-0.2461572,0.1208222,0.5959795,-0.1213969,-0.1102143,0.4444425,0.4425298,3.379386,23,23,23,23,23,23,23,23,23,23,23,23,23,23,23,23
881,8810,-34.51351,-51.38418,-15.14234,-12.66992,-11.82094,-8.764686,-6.000002,-4.516573,-4.210752,-3.321713,-2.020188,-2.522602,-3.099822,-2.508887,-2.865314,-5.779121E-05,24,24,24,24,24,24,24,24,24,24,24,24,24,24,24,24,881,8810,-3.093547,-1.844049,-3.274611,-2.973485,95.61168,78.55957,-2.742732,-1.695039,-2.71934,-2.318831,-1.447053,-2.019323,-1.921347,-1.225862,-2.409082,-2.939203,24,24,24,24,24,24,24,24,24,24,24,24,24,24,24,24,881,8810,-2.412773,-5.500368,-4.215199,-2.192931,-2.329344,-2.422388,-3.364086,-70.21432,0.1247118,0.7256007,0.3575807,-0.9703208,-0.3303506,0.8890383,0.4425298,2.794314,23,23,23,23,23,23,23,23,23,23,23,23,23,23,23,23
882,8820,-32.83001,-50.78835,-14.89622,-12.18281,-11.57959,-8.517902,-5.361925,-5.519678,-3.343843,-3.444784,-2.85199,-2.522602,-2.384506,-3.225688,-2.387776,0.2413441,24,24,24,24,24,24,24,24,24,24,24,24,24,24,24,24,882,8820,-2.286564,-2.37129,-3.012765,-2.197819,96.13708,79.29586,-2.481532,-2.086169,-2.848762,-2.061338,-1.315655,-2.423444,-0.8974926,-1.782682,-3.131771,-2.487029,24,24,24,24,24,24,24,24,24,24,24,24,24,24,24,24,882,8820,-2.412773,-4.604987,-4.470785,-2.063943,-2.199823,-2.677171,-2.200363,-68.90218,0.001088401,-0.4839596,-0.1192176,-0.2426717,0.4401186,0.4444425,-0.1108082,3.145357,23,23,23,23,23,23,23,23,23,23,23,23,23,23,23,23
883,8830,-32.10851,-50.30465,-13.91173,-13.88771,-11.57959,-9.381642,-5.744771,-6.64817,-4.706129,-5.044702,-2.97082,-4.161584,-2.980603,-3.823025,-2.149007,-1.086366,24,24,24,24,24,24,24,24,24,24,24,24,24,24,24,24,883,8830,-1.614078,-2.37129,-2.358113,-2.327097,95.61168,78.80502,-1.828533,-2.738058,-1.683956,-1.288859,-1.447053,-1.884616,-1.40942,-2.450864,-1.565946,-1.695722,24,24,24,24,24,24,24,24,24,24,24,24,24,24,24,24,883,8830,-2.068103,-3.581695,-4.72637,-3.095848,-2.458865,-1.785431,-2.329666,-69.99564,0.1247118,0.1208222,0.4767799,0.3637026,-0.220284,-0.2224536,-0.0001412674,3.4964,23,23,23,23,23,23,23,23,23,23,23,23,23,23,23,23
884,8840,-35.59577,-51.0302,-16.00377,-14.13127,-12.42429,-9.13486,-5.361925,-6.021231,-4.086908,-4.429348,-2.97082,-3.783358,-3.099822,-2.867287,-2.268392,0.1206424,24,24,24,24,24,24,24,24,24,24,24,24,24,24,24,24,884,8840,-2.01757,-3.030406,-1.179814,-1.939316,95.08632,79.54131,-2.481532,-2.346927,-1.942801,-1.546352,-1.972636,-1.345787,-2.049329,-2.005409,-1.445498,-1.808769,24,24,24,24,24,24,24,24,24,24,24,24,24,24,24,24,884,8840,-1.608541,-4.349164,-4.854163,-1.547991,-1.293175,-1.658039,-2.200363,-69.99564,0.1247118,-0.1210918,0.715179,0.3637026,0.1099189,-0.0001549125,0.7745322,3.145357,23,23,23,23,23,23,23,23,23,23,23,23,23,23,23,23
885,8850,-35.47552,-51.87667,-17.35744,-14.98372,-14.11369,-9.13486,-6.000002,-6.397395,-4.953817,-5.413914,-3.089648,-4.28766,-3.338261,-2.986754,-2.029623,-0.1207595,24,24,24,24,24,24,24,24,24,24,24,24,24,24,24,24,885,8850,-2.421061,-1.843997,-1.310737,-1.810039,95.48027,77.82323,-3.134531,-1.825416,-1.166263,-2.447577,-1.447053,-2.154031,-1.921347,-1.44859,-1.445498,-2.034854,24,24,24,24,24,24,24,24,24,24,24,24,24,24,24,24,885,8850,-1.953211,-4.477075,-4.981956,-1.934955,-1.293174,-1.658039,-2.846876,-69.44891,0.4955813,-0.9677812,-0.7152151,-0.3639466,-0.0001476886,0.4444425,0.5531967,3.145357,23,23,23,23,23,23,23,23,23,23,23,23,23,23,23,23
886,8860,-36.43752,-51.27205,-17.72662,-15.95795,-13.87236,-9.258251,-4.851463,-5.645066,-3.83922,-5.660055,-2.85199,-3.531207,-2.146068,-3.823025,-2.387776,-0.9656654,24,24,24,24,24,24,24,24,24,24,24,24,24,24,24,24,886,8860,-2.421061,-1.448528,-1.048891,-2.197871,95.74298,78.19141,-2.481532,-1.173528,-2.201648,-2.190084,-1.578448,-2.558152,-2.177308,-1.44859,-2.047738,-3.278335,24,24,24,24,24,24,24,24,24,24,24,24,24,24,24,24,886,8860,-2.527662,-3.197961,-3.959613,-1.934955,-2.458864,-2.422389,-2.458969,-69.55826,0.8664507,0.7256007,0.1191815,0.6062523,0.6602517,0.3332923,-0.3321437,2.6773,23,23,23,23,23,23,23,23,23,23,23,23,23,23,23,23
887,8870,-35.59577,-52.4813,-17.72662,-16.68863,-14.35504,-9.258251,-4.851463,-5.39429,-3.963064,-4.306278,-2.139016,-3.405131,-2.742164,-3.106221,-1.910239,-0.1207595,24,24,24,24,24,24,24,24,24,24,24,24,24,24,24,24,887,8870,-2.286564,-1.712175,-2.22719,-1.292928,95.08627,77.70051,-2.220279,-1.695039,-3.107608,-1.546352,-2.235428,-2.827565,-1.921347,-1.894046,-2.649979,-1.808769,24,24,24,24,24,24,24,24,24,24,24,24,24,24,24,24,887,8870,-2.182992,-4.093341,-4.72637,-2.96686,-1.811258,-1.403256,-3.881295,-69.88629,0.1247118,-0.1210918,0.5959795,0.6062523,0.4401186,-0.3336022,0.1105273,3.262372,23,23,23,23,23,23,23,23,23,23,23,23,23,23,23,23
888,8880,-35.11477,-51.75574,-17.23438,-14.74016,-14.95839,-10.12199,-6.765696,-6.397395,-5.077662,-5.413914,-3.802621,-5.170188,-3.338261,-3.703558,-2.865314,-0.8449637,24,24,24,24,24,24,24,24,24,24,24,24,24,24,24,24,888,8880,-2.01757,-3.030406,-1.965344,-2.327149,94.4295,78.4368,-3.003878,-1.564607,-1.683956,-2.190084,-3.023803,-1.615202,-1.921347,-2.450864,-2.288634,-2.600071,24,24,24,24,24,24,24,24,24,24,24,24,24,24,24,24,888,8880,-2.527662,-5.884102,-4.470785,-2.063943,-1.681737,-1.530648,-2.717572,-70.10499,0.3719579,0.4836899,0.1191815,-0.3639466,-0.1102143,0.6667404,0.3318612,3.730435,23,23,23,23,23,23,23,23,23,23,23,23,23,23,23,23
889,8890,-34.51351,-50.90927,-17.97274,-15.7144,-13.99302,-9.381641,-7.403773,-5.895843,-4.830024,-5.290843,-2.97082,-4.539811,-3.338261,-4.181425,-2.745929,-0.2414597,24,24,24,24,24,24,24,24,24,24,24,24,24,24,24,24,889,8890,-1.883073,-2.37129,-1.965344,-1.939316,94.16685,78.68224,-1.95908,-2.346872,-1.683903,-2.447577,-2.366823,-2.423444,-2.433272,-3.119049,-1.92729,-2.713117,24,24,24,24,24,24,24,24,24,24,24,24,24,24,24,24,889,8890,-2.642554,-3.96543,-4.215199,-2.192931,-3.235991,-3.186738,-2.717572,-70.10499,-0.3697803,0.8465577,-1.805975E-05,0.2424277,0.330052,0.1109944,-0.5534776,2.32625,23,23,23,23,23,23,23,23,23,23,23,23,23,23,23,23
890,8900,-35.95652,-51.87667,-17.97274,-16.68863,-13.63102,-10.49216,-8.041851,-7.024337,-5.449244,-6.398427,-2.97082,-4.539811,-2.503726,-4.42036,-2.268392,-0.8449637,24,24,24,24,24,24,24,24,24,24,24,24,24,24,24,24,890,8900,-2.286564,-2.503114,-2.358113,-3.490649,94.95491,79.17313,-2.612077,-1.955738,-2.072171,-2.962563,-1.447053,-2.423444,-2.30529,-2.005409,-1.92729,-2.939203,24,24,24,24,24,24,24,24,24,24,24,24,24,24,24,24,890,8900,-1.953211,-4.604987,-4.215199,-2.192931,-2.717906,-1.658039,-2.458967,-69.88629,-0.6170267,-0.4839564,0.8343787,0.1211528,0.2199854,0.4444425,-0.5534776,3.028343,23,23,23,23,23,23,23,23,23,23,23,23,23,23,23,23
891,8910,-34.87426,-51.63482,-17.23438,-15.7144,-13.75169,-8.764686,-7.148542,-6.522785,-5.573089,-4.552369,-4.040227,-3.657282,-3.576699,-2.628352,-2.745929,-0.4828616,24,24,24,24,24,24,24,24,24,24,24,24,24,24,24,24,891,8910,-2.152067,-1.975821,-2.489035,-2.714983,95.48027,78.55952,-2.612077,-1.955738,-2.589863,-1.932591,-1.841189,-2.288737,-2.177308,-1.782682,-2.649979,-1.58268,24,24,24,24,24,24,24,24,24,24,24,24,24,24,24,24,891,8910,-2.412773,-5.372456,-5.365335,-2.192931,-1.163653,-1.021082,-3.10548,-70.32367,0.3719579,1.088472,0.9535774,-0.2426717,-0.7706169,0.1109944,-0.1108082,2.794314,23,23,23,23,23,23,23,23,23,23,23,23,23,23,23,23
892,8920,-33.07051,-51.63482,-17.97274,-15.7144,-14.23437,-9.751816,-7.148542,-6.522785,-4.830024,-4.92158,-2.614279,-3.531206,-2.265287,-2.747819,-2.745929,0.1206424,24,24,24,24,24,24,24,24,24,24,24,24,24,24,24,24,892,8920,-1.614078,-3.162229,-2.22719,-2.197871,96.00568,78.55952,-2.220279,-3.129137,-2.331017,-1.288859,-1.447002,-2.423444,-1.793366,-3.007686,-2.168186,-2.034854,24,24,24,24,24,24,24,24,24,24,24,24,24,24,24,24,892,8920,-2.297881,-4.349164,-4.087406,-1.805967,-2.588386,-3.059347,-2.717572,-69.55826,0.1247118,0.7256039,0.2383807,-0.2426717,-0.0001476886,0.4444425,-0.0001412674,2.32625,23,23,23,23,23,23,23,23,23,23,23,23,23,23,23,23
893,8930,-34.15276,-51.75574,-17.97274,-18.14997,-14.59638,-10.73895,-6.893312,-6.77356,-4.210804,-5.167721,-3.446082,-3.657282,-2.622895,-3.942491,-2.865314,-1.207067,24,24,24,24,24,24,24,24,24,24,24,24,24,24,24,24,893,8930,-2.152067,-3.162229,-2.096267,-1.810039,95.21757,79.17313,-2.350879,-2.86838,-1.813326,-1.417606,-2.366771,-1.749908,-2.049381,-2.005409,-1.806842,-1.808769,24,24,24,24,24,24,24,24,24,24,24,24,24,24,24,24,893,8930,-1.608541,-4.349164,-4.342992,-2.579896,-2.199822,-1.530648,-2.071059,-70.32367,0.2483352,-1.209689,0.595979,0.7275271,0.6603127,0.3332923,-0.4428107,3.379386,23,23,23,23,23,23,23,23,23,23,23,23,23,23,23,23
894,8940,-35.95652,-52.4813,-19.6956,-20.95089,-16.64779,-11.23251,-7.403773,-7.024337,-4.086959,-3.813945,-2.376622,-2.648678,-2.384456,-3.106216,-2.029623,-5.779121E-05,24,24,24,24,24,24,24,24,24,24,24,24,24,24,24,24,894,8940,-2.01757,-2.503114,-1.703499,-1.551483,95.08627,78.68224,-3.134478,-2.216495,-1.942748,-1.288859,-2.235377,-2.154031,-2.817272,-1.893994,-1.686394,-2.600071,24,24,24,24,24,24,24,24,24,24,24,24,24,24,24,24,894,8940,-1.493652,-4.093341,-4.854163,-2.321919,-2.329343,-2.040214,-1.812454,-70.10499,0.001088401,0.7256039,0.8343782,-0.0001220037,0.1099767,0.1109952,0.4425298,3.145357,23,23,23,23,23,23,23,23,23,23,23,23,23,23,23,23
895,8950,-37.15902,-52.72314,-20.18784,-19.12421,-17.13047,-12.09625,-9.19039,-7.525889,-5.449244,-4.552369,-2.495451,-3.279055,-2.384456,-2.628347,-1.790904,0.1206424,24,24,24,24,24,24,24,24,24,24,24,24,24,24,24,24,895,8950,-2.555558,-2.107644,-1.965344,-2.585705,95.74298,77.45506,-1.82848,-2.086115,-1.554479,-2.31883,-1.709791,-2.962273,-1.409475,-2.228086,-1.927291,-2.487029,24,24,24,24,24,24,24,24,24,24,24,24,24,24,24,24,895,8950,-2.182992,-4.477075,-3.576234,-2.579896,-2.588386,-2.931955,-2.58827,-70.21432,0.7428274,0.7256039,0.2383807,0.2424277,0.6603127,0.6667412,-0.0001412674,2.32625,23,23,23,23,23,23,23,23,23,23,23,23,23,23,23,23
896,8960,-34.87426,-51.5139,-18.46499,-16.68863,-13.75169,-11.4793,-8.424697,-7.525889,-5.077713,-4.92158,-1.901306,-3.909433,-1.669141,-3.823019,-2.149057,-0.8449637,24,24,24,24,24,24,24,24,24,24,24,24,24,24,24,24,896,8960,-2.01757,-1.975821,-2.22719,-1.680761,94.4295,77.82323,-2.350879,-1.173473,-2.331017,-1.546352,-2.235377,-2.962273,-2.049381,-1.671267,-2.529531,-2.60001,24,24,24,24,24,24,24,24,24,24,24,24,24,24,24,24,896,8960,-1.838322,-4.349164,-4.087406,-2.579896,-2.329343,-1.785431,-1.036639,-69.12088,-0.4934037,-0.6049102,0.3575799,0.9700768,0.1099767,0.3332939,-0.6641462,3.028291,23,23,23,23,23,23,23,23,23,23,23,23,23,23,23,23
897,8970,-34.03251,-51.0302,-18.21886,-16.68863,-13.14833,-10.86234,-7.659005,-7.149724,-5.201557,-4.552369,-2.138964,-2.774753,-1.78836,-3.106216,-1.910288,-0.7242635,24,24,24,24,24,24,24,24,24,24,24,24,24,24,24,24,897,8970,-2.152066,-2.503114,-2.358113,-1.422206,94.95491,77.57779,-1.56728,-1.30385,-2.719285,-1.546352,-3.155149,-2.423444,-1.537456,-2.005358,-2.047739,-1.921747,24,24,24,24,24,24,24,24,24,24,24,24,24,24,24,24,897,8970,-2.29783,-4.477075,-5.365335,-3.095848,-2.458864,-1.658039,-2.329665,-70.10499,-0.1225342,0.4836932,0.7151787,0.1211528,-0.220223,-0.222452,-0.3321437,3.496355,23,23,23,23,23,23,23,23,23,23,23,23,23,23,23,23
898,8980,-33.79201,-49.93333,-18.34193,-16.20151,-15.32041,-11.4793,-9.956083,-8.027441,-5.573089,-4.552369,-2.733108,-3.531206,-2.742114,-2.628347,-2.029673,-0.3621598,24,24,24,24,24,24,24,24,24,24,24,24,24,24,24,24,898,8980,-1.479581,-2.107695,-1.703499,-2.84426,94.69221,78.80496,-2.612077,-2.086115,-1.683903,-2.447577,-2.235377,-2.019323,-1.921399,-2.56218,-2.168186,-3.052185,24,24,24,24,24,24,24,24,24,24,24,24,24,24,24,24,898,8980,-1.60849,-4.349164,-4.215199,-1.934955,-2.199822,-2.167605,-3.10548,-70.10499,0.2483352,0.9675148,0.4767795,-0.0001220037,-8.989744E-05,0.4444425,0.5531967,2.794263,23,23,23,23,23,23,23,23,23,23,23,23,23,23,23,23
899,8990,-34.51351,-49.81243,-18.83417,-17.66286,-16.04443,-13.08338,-9.318006,-7.651277,-4.830024,-4.675439,-2.495451,-3.783357,-2.742114,-3.106216,-1.67152,-0.4828616,24,24,24,24,24,24,24,24,24,24,24,24,24,24,24,24,899,8990,-2.017569,-1.844049,-1.572569,-2.973537,95.21757,78.80496,-2.350879,-1.564607,-2.331017,-3.606295,-1.972584,-1.615202,-2.433326,-1.671267,-2.288635,-3.27827,24,24,24,24,24,24,24,24,24,24,24,24,24,24,24,24,899,8990,-2.068052,-4.988721,-4.087406,-2.192931,-2.199822,-2.294997,-2.58827,-69.55826,-0.7406497,-0.4839564,0.3575799,0.3637026,0.3301098,1.000188,-0.3321437,3.262326,23,23,23,23,23,23,23,23,23,23,23,23,23,23,23,23
900,9000,-36.19701,-51.74689,-20.68008,-22.04691,-17.25114,-14.56408,-10.21131,-8.528994,-5.201557,-5.906145,-3.089595,-4.665885,-3.218991,-4.18142,-2.745979,-0.4828616,24,24,24,24,24,24,24,24,24,24,24,24,24,24,24,24,900,9000,-2.42106,-1.975872,-3.012713,-2.068543,95.74298,78.92769,-2.08968,-2.216495,-2.978132,-1.932591,-2.366771,-2.288737,-2.433326,-2.005358,-3.011323,-2.713053,24,24,24,24,24,24,24,24,24,24,24,24,24,24,24,24,900,9000,-1.60849,-4.860809,-5.237542,-2.708937,-2.458864,-2.804564,-2.071059,-69.66759,-0.6170267,0.846561,0.3575799,-0.2426717,-0.6604925,0.2221438,0.4425298,3.145306,23,23,23,23,23,23,23,23,23,23,23,23,23,23,23,23
901,9010,-36.91851,-50.90056,-19.08029,-17.66286,-15.07906,-12.09625,-8.297082,-7.776666,-4.582336,-3.813945,-2.970767,-2.900829,-2.503676,-2.389415,-2.029673,-0.1207595,24,24,24,24,24,24,24,24,24,24,24,24,24,24,24,24,901,9010,-2.152066,-2.107695,-2.750868,-1.809988,95.74303,78.68224,-1.56728,-2.738003,-2.719285,-2.70507,-2.103979,-2.288737,-1.665438,-2.784907,-3.011323,-2.60001,24,24,24,24,24,24,24,24,24,24,24,24,24,24,24,24,901,9010,-2.068052,-4.732898,-4.470785,-2.063996,-2.717905,-3.186738,-3.364085,-69.99564,0.3719579,0.2417791,0.595979,-0.1213969,-0.3302896,0.3332939,-0.0001412674,3.262326,23,23,23,23,23,23,23,23,23,23,23,23,23,23,23,23
902,9020,-35.23501,-50.29605,-19.08029,-15.95796,-14.59638,-11.10912,-7.403773,-7.149724,-4.458492,-4.183156,-2.376622,-2.900829,-2.384456,-2.50888,-1.552135,0.2413441,24,24,24,24,24,24,24,24,24,24,24,24,24,24,24,24,902,9020,-1.614078,-3.294104,-2.096261,-1.809988,95.08632,78.92769,-2.220279,-3.259514,-2.46044,-2.31883,-2.760959,-2.019323,-2.305344,-3.230362,-3.011323,-2.486964,24,24,24,24,24,24,24,24,24,24,24,24,24,24,24,24,902,9020,-2.872281,-4.349164,-4.215199,-1.935009,-2.0703,-2.422388,-2.071059,-68.90218,-0.4934037,-0.8468242,0.4767795,0.4849774,-0.220223,0.3332939,-0.0001412674,2.794263,23,23,23,23,23,23,23,23,23,23,23,23,23,23,23,23
903,9030,-33.91226,-49.57063,-17.4805,-14.49661,-12.06228,-10.49216,-6.765696,-6.397395,-4.210804,-4.675439,-1.544819,-3.15298,-1.073045,-3.106216,-1.074598,-0.9656654,24,24,24,24,24,24,24,24,24,24,24,24,24,24,24,24,903,9030,-2.42106,-3.162281,-2.227183,-1.939265,94.82361,78.80502,-2.742681,-2.99876,-1.942748,-1.675099,-3.155149,-2.019323,-2.817272,-2.673543,-2.047739,-2.147836,24,24,24,24,24,24,24,24,24,24,24,24,24,24,24,24,903,9030,-1.838271,-4.477075,-5.237542,-2.837926,-2.199821,-2.294997,-2.329667,-69.55826,-0.4934037,0.3627362,1.072777,0.3637026,0.2200432,-0.1113035,0.2211943,3.847398,23,23,23,23,23,23,23,23,23,23,23,23,23,23,23,23
904,9040,-35.11476,-49.57063,-17.97274,-15.22728,-13.99302,-11.60269,-7.531389,-7.275112,-4.830024,-4.552369,-2.138964,-2.900829,-1.669141,-2.031013,-0.9552132,-0.1207595,24,24,24,24,24,24,24,24,24,24,24,24,24,24,24,24,904,9040,-2.286563,-2.371342,-2.096261,-2.456376,95.61168,78.06868,-3.656878,-1.695039,-1.942748,-2.962563,-2.103979,-2.558152,-3.201217,-2.784907,-2.288635,-2.713053,24,24,24,24,24,24,24,24,24,24,24,24,24,24,24,24,904,9040,-1.493601,-4.093341,-4.72637,-1.80602,-2.329342,-2.294997,-3.364087,-69.99563,0.1247118,0.2417791,0.1191811,-0.2426717,-0.1101565,0.8890399,0.6638637,3.028291,23,23,23,23,23,23,23,23,23,23,23,23,23,23,23,23
905,9050,-35.23501,-49.93333,-16.86519,-13.15704,-13.269,-10.49216,-8.297082,-6.773558,-5.32535,-4.183156,-3.089595,-4.161584,-3.695868,-2.389415,-1.67152,-0.7242635,24,24,24,24,24,24,24,24,24,24,24,24,24,24,24,24,905,9050,-2.152066,-2.371342,-1.703492,-2.456376,95.34897,77.20962,-2.612081,-2.216547,-2.201593,-2.70507,-2.103979,-3.096981,-1.793417,-1.671267,-2.168186,-2.373922,24,24,24,24,24,24,24,24,24,24,24,24,24,24,24,24,905,9050,-2.872281,-4.732898,-4.342992,-2.579949,-2.199821,-2.931955,-2.458969,-69.55825,0.4955813,-0.8468242,0.2383807,0.2424277,0.3301098,0.6667412,0.2211943,3.379334,23,23,23,23,23,23,23,23,23,23,23,23,23,23,23,23
906,9060,-33.19076,-48.7243,-16.98825,-15.83618,-15.07906,-11.3559,-8.679929,-7.024335,-6.06832,-5.660055,-2.257792,-3.531206,-1.907579,-2.50888,-0.9552132,-0.6035618,24,24,24,24,24,24,24,24,24,24,24,24,24,24,24,24,906,9060,-1.345084,-2.371342,-2.096261,-1.551433,94.69225,77.57779,-1.697883,-1.695039,-2.331015,-1.932591,-3.155149,-3.231686,-2.049381,-2.228086,-2.649979,-2.373922,24,24,24,24,24,24,24,24,24,24,24,24,24,24,24,24,906,9060,-2.412722,-3.965429,-4.854163,-3.482866,-3.365511,-2.294997,-2.458969,-68.90218,0.001088401,0.2417791,1.430376,0.7275271,-8.989744E-05,-0.4447507,-0.0001412674,3.028291,23,23,23,23,23,23,23,23,23,23,23,23,23,23,23,23
907,9070,-31.74776,-50.29605,-16.98825,-15.83618,-14.71706,-12.34303,-8.424698,-8.02744,-5.944571,-5.536984,-2.73316,-3.657282,-2.146018,-2.747815,-1.552135,0.1206424,24,24,24,24,24,24,24,24,24,24,24,24,24,24,24,24,907,9070,-2.017569,-2.239518,-1.965338,-2.197821,94.03555,77.82323,-1.828482,-2.738058,-2.07217,-3.220055,-3.023803,-3.231686,-2.049381,-2.784907,-1.686394,-2.939139,24,24,24,24,24,24,24,24,24,24,24,24,24,24,24,24,907,9070,-2.068052,-4.604986,-5.237542,-3.22489,-2.329342,-2.931955,-3.364087,-71.19843,-0.2461572,0.2417791,0.2384329,0.4849774,-0.6604925,-0.1113035,0.3318612,3.61337,23,23,23,23,23,23,23,23,23,23,23,23,23,23,23,23
908,9080,-29.7035,-49.44972,-15.75764,-14.00949,-12.18296,-9.875206,-6.765696,-6.397395,-4.953818,-4.429348,-2.970818,-3.279055,-2.622895,-1.672611,-2.149057,-5.779121E-05,24,24,24,24,24,24,24,24,24,24,24,24,24,24,24,24,908,9080,-1.883072,-2.503165,-1.834415,-2.844209,94.56091,78.92769,-2.089682,-2.607681,-2.07217,-2.70507,-2.366823,-2.96227,-2.68929,-2.339449,-2.649979,-3.391313,24,24,24,24,24,24,24,24,24,24,24,24,24,24,24,24,908,9080,-2.527611,-5.116632,-4.215199,-1.419055,-1.940779,-2.54978,-2.458969,-69.23022,0.8664507,0.4836932,0.2384329,0.2424759,0.3301098,0.8890399,0.3318612,3.496355,23,23,23,23,23,23,23,23,23,23,23,23,23,23,23,23
909,9090,-28.86175,-48.60339,-17.11131,-14.49661,-12.78632,-10.36877,-7.786621,-6.397395,-4.953818,-4.429348,-2.614331,-3.026904,-2.622944,-2.15048,-1.67152,0.2413441,24,24,24,24,24,24,24,24,24,24,24,24,24,24,24,24,909,9090,-2.690055,-2.107695,-3.012713,-2.844209,94.82361,78.31413,-3.39568,-1.955793,-3.107552,-3.091309,-1.841241,-2.019321,-2.177362,-1.448538,-2.649979,-2.260879,24,24,24,24,24,24,24,24,24,24,24,24,24,24,24,24,909,9090,-3.446732,-4.221252,-4.087406,-3.22489,-2.976948,-3.186738,-2.458969,-70.10498,-0.2461572,-0.1210886,-0.715163,0.4850256,0.1099767,-0.222452,-0.7748132,2.560234,23,23,23,23,23,23,23,23,23,23,23,23,23,23,23,23
910,9100,-28.62125,-48.8452,-17.11131,-16.81041,-15.68242,-12.95999,-6.638081,-7.525887,-5.201506,-5.783125,-2.614331,-4.665886,-2.384506,-3.584092,-1.552135,-0.8449637,24,24,24,24,24,24,24,24,24,24,24,24,24,24,24,24,910,9100,-1.748575,-2.634988,-2.881791,-1.809988,95.21762,78.6823,-1.567283,-2.477304,-1.942746,-1.932591,-1.447053,-2.154028,-1.665438,-2.339449,-2.529531,-2.147836,24,24,24,24,24,24,24,24,24,24,24,24,24,24,24,24,910,9100,-2.068052,-4.093341,-4.215199,-2.966914,-1.681737,-1.275865,-1.812457,-69.88628,-0.2461572,-0.2420424,0.8344304,0.6063004,0.3301098,0.111045,0.2211943,3.496355,23,23,23,23,23,23,23,23,23,23,23,23,23,23,23,23
911,9110,-29.34275,-49.08701,-18.34192,-18.39354,-15.19973,-11.72608,-7.148543,-7.651275,-5.449195,-4.798561,-2.257844,-4.28766,-2.265286,-2.031019,-1.67152,0.3620443,24,24,24,24,24,24,24,24,24,24,24,24,24,24,24,24,911,9110,-1.883072,-2.898634,-1.703492,-1.551433,94.82361,78.80502,-2.742681,-3.389946,-1.813324,-1.675098,-2.235428,-2.019321,-2.305344,-3.230362,-2.409495,-2.260879,24,24,24,24,24,24,24,24,24,24,24,24,24,24,24,24,911,9110,-2.29783,-6.012012,-5.109749,-2.45096,-1.552216,-1.530648,-2.458969,-69.77695,0.6192039,-0.0001316355,3.371154E-05,-0.7277229,-0.220223,0.3333437,-0.0001428727,3.145306,23,23,23,23,23,23,23,23,23,23,23,23,23,23,23,23
912,9120,-30.54525,-49.81243,-18.34192,-16.07973,-15.07906,-10.24538,-7.914236,-6.773558,-5.696883,-5.290843,-2.614331,-3.783358,-2.265286,-3.106225,-1.432752,-0.2415111,24,24,24,24,24,24,24,24,24,24,24,24,24,24,24,24,912,9120,-2.286563,-2.898634,-1.965338,-1.809988,94.82361,78.43685,-2.612081,-2.738058,-2.331015,-1.803845,-3.023803,-2.019321,-3.073235,-2.450813,-1.927787,-2.713111,24,24,24,24,24,24,24,24,24,24,24,24,24,24,24,24,912,9120,-2.29783,-4.604986,-4.087406,-2.708937,-2.976948,-3.951087,-2.97618,-69.99563,0.4955813,0.7256039,0.2384329,0.4850256,0.7703793,0.4444923,-0.5534809,2.44322,23,23,23,23,23,23,23,23,23,23,23,23,23,23,23,23
913,9130,-29.10225,-49.20791,-16.74213,-14.25305,-13.14833,-9.381641,-6.38285,-6.522783,-4.458441,-4.429348,-2.614331,-4.28766,-1.907628,-3.584092,-1.193983,-0.845015,24,24,24,24,24,24,24,24,24,24,24,24,24,24,24,24,913,9130,-3.228043,-2.371342,-2.358106,-2.456376,95.34897,78.19141,-3.13448,-2.607681,-2.07217,-2.962562,-1.972636,-3.096978,-2.817272,-2.339449,-2.048214,-3.391371,24,24,24,24,24,24,24,24,24,24,24,24,24,24,24,24,913,9130,-2.527659,-4.349164,-4.342992,-2.708937,-2.847427,-2.804563,-2.329667,-69.88628,0.3719579,-1.451603,0.2384329,0.4850256,0.7703793,0.4444923,-0.5534809,2.209185,23,23,23,23,23,23,23,23,23,23,23,23,23,23,23,23
914,9140,-31.26675,-50.17514,-16.98825,-15.59262,-13.87236,-10.36877,-7.659005,-7.024335,-4.582285,-4.921632,-2.851988,-3.279055,-1.66919,-2.269953,-0.955214,-0.845015,24,24,24,24,24,24,24,24,24,24,24,24,24,24,24,24,914,9140,-2.690055,-2.371342,-2.096261,-1.034322,95.08632,76.59601,-2.481481,-1.825416,-2.201593,-2.190084,-3.286592,-3.096978,-2.177362,-2.116722,-3.132057,-2.034848,24,24,24,24,24,24,24,24,24,24,24,24,24,24,24,24,914,9140,-2.182989,-5.372508,-4.981956,-3.22489,-2.329342,-2.294997,-2.97618,-70.32366,-0.6170267,0.4836932,1.311228,-0.7277229,-0.220223,-0.444701,0.3318596,3.847392,23,23,23,23,23,23,23,23,23,23,23,23,23,23,23,23
915,9150,-29.7035,-49.08701,-17.4805,-16.56685,-16.04443,-10.73895,-7.914236,-6.898948,-5.573039,-4.67549,-3.089646,-3.405131,-3.099821,-2.747823,-2.268442,0.120591,24,24,24,24,24,24,24,24,24,24,24,24,24,24,24,24,915,9150,-2.824552,-2.371342,-2.096261,-2.456376,93.24743,78.06868,-2.350881,-2.477304,-2.589862,-2.576323,-3.155201,-2.154028,-2.177362,-3.118998,-2.289068,-3.165286,24,24,24,24,24,24,24,24,24,24,24,24,24,24,24,24,915,9150,-3.10211,-4.988773,-4.981957,-2.579949,-2.329342,-3.059346,-2.717575,-70.6517,-0.1225342,0.6046469,0.3576325,-0.6064481,-8.989744E-05,0.4444923,0.3318596,2.794263,23,23,23,23,23,23,23,23,23,23,23,23,23,23,23,23
916,9160,-31.86801,-50.17514,-16.74213,-14.61839,-13.75169,-9.505033,-7.148543,-6.64817,-5.32535,-5.167773,-2.614331,-3.531207,-3.219039,-2.628356,-1.67152,-0.0001091612,24,24,24,24,24,24,24,24,24,24,24,24,24,24,24,24,916,9160,-2.286563,-2.371342,-1.834415,-2.714983,94.03555,78.6823,-2.612081,-2.868434,-2.331015,-3.091309,-2.892405,-2.423442,-1.665438,-3.118998,-2.048214,-3.165286,24,24,24,24,24,24,24,24,24,24,24,24,24,24,24,24,916,9160,-3.10211,-4.73295,-4.72637,-2.708936,-2.0703,-3.31413,-2.588272,-70.32366,0.001088401,-0.4839564,-0.4767638,-0.2426236,-8.989744E-05,0.666791,0.1105241,2.911277,23,23,23,23,23,23,23,23,23,23,23,23,23,23,23,23
917,9170,-31.26675,-50.53785,-15.51152,-14.86194,-13.38967,-10.86234,-8.169466,-7.902052,-6.19202,-6.275408,-3.089646,-3.657282,-2.980602,-3.584092,-1.552136,-0.2415111,24,24,24,24,24,24,24,24,24,24,24,24,24,24,24,24,917,9170,-2.42106,-1.844049,-2.358106,-2.456427,94.82361,79.17313,-2.612081,-1.564662,-2.719283,-2.962562,-1.972636,-1.749907,-3.201217,-2.339449,-2.891203,-2.939197,24,24,24,24,24,24,24,24,24,24,24,24,24,24,24,24,917,9170,-2.068097,-4.477128,-4.854165,-3.740841,-2.458865,-2.804563,-1.683154,-69.01152,0.4955813,-0.0001316355,0.5960312,0.6063004,0.2200432,-0.444701,-0.3321453,3.145306,23,23,23,23,23,23,23,23,23,23,23,23,23,23,23,23
918,9180,-31.02625,-49.32882,-14.40397,-12.54814,-12.18296,-9.505034,-7.276158,-6.146618,-4.829974,-3.937066,-3.089646,-2.648678,-2.980602,-2.031019,-2.507211,0.2412927,24,24,24,24,24,24,24,24,24,24,24,24,24,24,24,24,918,9180,-2.690055,-2.634988,-2.750868,-2.456427,95.21762,78.43685,-2.350881,-2.607681,-3.107552,-1.932591,-2.235428,-3.231686,-1.537456,-2.228086,-2.289068,-2.713111,24,24,24,24,24,24,24,24,24,24,24,24,24,24,24,24,918,9180,-2.182989,-4.349216,-5.237543,-2.708936,-1.811259,-2.167554,-3.364087,-70.32366,0.4955813,0.2417791,0.4768321,0.7275752,-1.210825,-0.2224022,0.1105241,3.028291,23,23,23,23,23,23,23,23,23,23,23,23,23,23,23,23
919,9190,-31.98825,-50.05424,-15.88071,-13.27882,-11.94162,-9.134859,-6.382848,-5.895843,-4.582285,-3.690925,-2.376673,-2.774753,-2.384506,-2.628356,-2.268442,0.6033948,24,24,24,24,24,24,24,24,24,24,24,24,24,24,24,24,919,9190,-2.017569,-3.294104,-3.143636,-2.068594,95.08632,78.19141,-1.697935,-3.78108,-2.331015,-1.160113,-1.841241,-2.154028,-1.793417,-2.56218,-1.686933,-2.034848,24,24,24,24,24,24,24,24,24,24,24,24,24,24,24,24,919,9190,-3.331888,-4.988773,-3.831821,-2.579948,-2.717908,-2.167554,-2.846877,-69.01152,0.3719579,-0.1210886,3.371154E-05,-7.384432E-05,0.550243,-0.0001035426,0.5531951,3.379334,23,23,23,23,23,23,23,23,23,23,23,23,23,23,23,23
920,9200,-30.425,-49.44972,-14.6501,-13.4006,-11.70028,-9.751816,-6.382848,-6.77356,-4.70613,-5.044702,-2.970818,-3.909433,-2.503725,-3.703559,-2.149058,-0.845015,24,24,24,24,24,24,24,24,24,24,24,24,24,24,24,24,920,9200,-2.42106,-3.425927,-2.096261,-1.680761,94.69225,78.92769,-2.873332,-3.520326,-1.942746,-1.546352,-2.629616,-1.076371,-2.433326,-2.116722,-2.168641,-2.487022,24,24,24,24,24,24,24,24,24,24,24,24,24,24,24,24,920,9200,-2.872329,-3.83757,-4.342992,-2.45096,-2.847428,-2.294945,-2.846877,-69.55826,0.4955813,0.3627362,3.371154E-05,0.2424759,-8.989744E-05,0.5556424,-0.3321453,2.794263,23,23,23,23,23,23,23,23,23,23,23,23,23,23,23,23
921,9210,-30.906,-49.81243,-15.01928,-14.86194,-13.14833,-10.61556,-6.382848,-5.895843,-4.458492,-4.060137,-2.495502,-2.144287,-2.146067,-2.031019,-1.67152,-0.0001091612,24,24,24,24,24,24,24,24,24,24,24,24,24,24,24,24,921,9210,-2.690055,-2.503165,-1.703492,-2.585705,95.34897,77.82323,-3.003931,-2.21655,-2.072171,-2.70507,-0.7900733,-2.423442,-2.433326,-1.782631,-1.446079,-2.826154,24,24,24,24,24,24,24,24,24,24,24,24,24,24,24,24,921,9210,-1.838319,-4.093393,-4.470786,-2.837924,-1.940781,-1.91277,-2.458969,-70.32367,-0.9878958,-0.1210886,0.8344304,0.6063004,0.2200432,-0.2224022,-0.4428123,3.379334,23,23,23,23,23,23,23,23,23,23,23,23,23,23,23,23
922,9220,-33.91226,-51.50508,-17.4805,-15.7144,-14.47571,-10.49216,-8.041849,-7.525889,-5.57309,-4.552369,-2.73316,-3.783358,-2.265286,-1.672619,-1.432752,0.2412927,24,24,24,24,24,24,24,24,24,24,24,24,24,24,24,24,922,9220,-1.748575,-1.05311,-1.441647,-2.197871,95.34897,77.20962,-2.481532,-1.695042,-2.719285,-1.675099,-2.366823,-3.501099,-1.409475,-1.559904,-1.686933,-1.808762,24,24,24,24,24,24,24,24,24,24,24,24,24,24,24,24,922,9220,-2.872329,-5.756243,-4.598578,-2.063995,-1.940781,-1.275812,-2.200364,-69.55826,0.2483352,0.2417759,0.2384329,-0.4851733,-8.989744E-05,0.111045,-0.3321453,3.730384,23,23,23,23,23,23,23,23,23,23,23,23,23,23,23,23
923,9230,-33.31101,-50.90056,-15.75765,-15.34906,-13.51034,-10.98573,-6.638079,-6.77356,-4.706181,-5.044651,-2.376622,-4.035509,-1.66919,-4.061961,-1.193983,-1.207119,24,24,24,24,24,24,24,24,24,24,24,24,24,24,24,24,923,9230,-2.017569,-1.712226,-2.358106,-1.292928,94.69225,78.31413,-1.306134,-1.695042,-2.589863,-1.546352,-2.892405,-2.019321,-1.665438,-2.56218,-1.80736,-2.034848,24,24,24,24,24,24,24,24,24,24,24,24,24,24,24,24,923,9230,-1.953208,-4.093393,-4.087407,-1.935007,-2.199823,-2.931903,-2.071062,-69.66759,0.8664507,0.6046437,0.2383811,-0.2426236,0.550243,0.7779403,-0.3321453,2.677248,23,23,23,23,23,23,23,23,23,23,23,23,23,23,23,23
924,9240,-33.79201,-51.38418,-16.49601,-16.56685,-14.71706,-10.73895,-6.89331,-6.021232,-4.582336,-4.552369,-1.901306,-3.657282,-1.907628,-2.269953,-1.432752,-0.6036131,24,24,24,24,24,24,24,24,24,24,24,24,24,24,24,24,924,9240,-1.748575,-2.503165,-1.048885,-1.939316,93.77283,78.43685,-1.828533,-1.564665,-1.036789,-2.31883,-2.366823,-2.019321,-1.409475,-1.893994,-1.927787,-2.713111,24,24,24,24,24,24,24,24,24,24,24,24,24,24,24,24,924,9240,-1.263868,-3.965481,-4.087407,-2.192984,-2.329344,-2.040162,-1.424549,-69.55826,-0.4934033,-0.9677812,0.9535778,0.2424277,0.550243,0.5556424,-0.1108098,2.911277,23,23,23,23,23,23,23,23,23,23,23,23,23,23,23,23
925,9250,-35.35526,-50.90056,-17.23438,-17.05396,-14.71706,-10.98573,-7.531387,-5.770455,-5.449245,-4.92158,-3.327253,-4.035508,-3.099772,-2.389421,-1.552136,-0.0001091612,24,24,24,24,24,24,24,24,24,24,24,24,24,24,24,24,925,9250,-2.152066,-2.107695,-1.965338,-2.714983,94.69225,78.31413,-2.742732,-1.303908,-2.072171,-2.962563,-2.235428,-2.154028,-2.049329,-2.005358,-1.80736,-2.826154,24,24,24,24,24,24,24,24,24,24,24,24,24,24,24,24,925,9250,-1.953208,-4.349216,-5.10975,-2.192984,-2.070302,-2.167554,-1.941759,-69.12088,-0.6170263,0.6046437,1.072777,-0.1213969,-0.5504838,-0.5558495,0.4425265,3.379334,23,23,23,23,23,23,23,23,23,23,23,23,23,23,23,23
926,9260,-35.11476,-51.02147,-16.98826,-16.56685,-14.11369,-10.36877,-6.382848,-6.522785,-4.08696,-4.798509,-2.020135,-3.531206,-1.549922,-3.10622,-1.313367,-0.845015,24,24,24,24,24,24,24,24,24,24,24,24,24,24,24,24,926,9260,-2.690055,-1.184933,-2.750868,-1.939316,95.08632,78.6823,-2.481532,-1.564665,-2.589863,-2.190084,-2.498218,-2.019321,-1.40942,-2.116722,-2.289068,-2.034848,24,24,24,24,24,24,24,24,24,24,24,24,24,24,24,24,926,9260,-2.068097,-4.73295,-3.959614,-1.548043,-2.070302,-2.422336,-2.200364,-69.77695,0.001089204,0.8465577,0.2383811,-0.1213969,0.2199854,0.8890896,0.3318596,3.379334,23,23,23,23,23,23,23,23,23,23,23,23,23,23,23,23
927,9270,-34.63376,-52.95593,-17.72662,-17.4193,-14.23437,-11.10912,-6.89331,-7.275112,-4.582336,-4.306227,-2.376622,-3.657282,-1.907579,-2.867285,-1.432701,0.120591,24,24,24,24,24,24,24,24,24,24,24,24,24,24,24,24,927,9270,-1.883072,-1.184933,-2.489022,-1.551483,94.56091,78.31413,-1.828533,-2.477307,-1.425057,-1.417606,-1.315655,-2.558149,-1.025475,-2.005358,-1.80736,-1.695719,24,24,24,24,24,24,24,24,24,24,24,24,24,24,24,24,927,9270,-2.41277,-3.965481,-3.959614,-1.67703,-1.940781,-2.294945,-2.97618,-69.44891,0.2483352,0.1208222,-0.1192176,-0.3639466,0.1099189,0.4444923,0.8851992,3.028291,23,23,23,23,23,23,23,23,23,23,23,23,23,23,23,23
928,9280,-35.47551,-51.02147,-18.46499,-16.93219,-15.07906,-10.24538,-6.765695,-5.645067,-4.582336,-3.567804,-3.327253,-3.279055,-2.622895,-3.46462,-2.268391,-0.6035618,24,24,24,24,24,24,24,24,24,24,24,24,24,24,24,24,928,9280,-0.9415926,-1.844049,-1.441647,-0.9050946,95.48032,79.41858,-2.220333,-2.738061,-1.683903,-1.031367,-2.366823,-1.749907,-2.177308,-2.56218,-1.566506,-1.808769,24,24,24,24,24,24,24,24,24,24,24,24,24,24,24,24,928,9280,-1.608538,-3.198012,-4.470786,-2.45096,-2.588386,-1.785379,-1.553851,-68.46481,-0.4934033,0.1208222,1.549575,0.3637026,0.2199854,0.2221944,-0.4428107,2.911329,23,23,23,23,23,23,23,23,23,23,23,23,23,23,23,23
929,9290,-37.03876,-51.62599,-18.83417,-17.66286,-14.11369,-9.628425,-6.255232,-5.268903,-4.210804,-4.060086,-2.495451,-3.026904,-2.146018,-3.345153,-1.313316,-1.207067,24,24,24,24,24,24,24,24,24,24,24,24,24,24,24,24,929,9290,-1.748575,-2.107695,-0.7870392,-1.292928,94.42955,78.6823,-3.003931,-1.825419,-1.295634,-1.417606,-1.315655,-2.019321,-2.689235,-2.005358,-1.927787,-2.373986,24,24,24,24,24,24,24,24,24,24,24,24,24,24,24,24,929,9290,-1.723427,-3.453835,-4.470786,-1.290067,-1.940781,-1.14842,-2.846877,-69.99564,-0.1225342,-0.3630026,1.072777,0.3637026,0.330052,0.2221944,0.3318612,3.262372,23,23,23,23,23,23,23,23,23,23,23,23,23,23,23,23
930,9300,-35.11476,-52.47231,-18.83417,-18.14997,-14.71706,-10.86234,-6.127617,-5.519679,-3.591583,-4.306227,-1.901306,-2.522602,-1.430702,-2.150481,-1.313316,0.1206424,24,24,24,24,24,24,24,24,24,24,24,24,24,24,24,24,930,9300,-1.748575,-1.580402,-1.441647,-2.068594,95.34897,77.33234,-1.959133,-2.34693,-2.46044,-2.31883,-1.447053,-2.423442,-1.537402,-1.559904,-1.566506,-2.373986,24,24,24,24,24,24,24,24,24,24,24,24,24,24,24,24,930,9300,-2.527659,-4.860862,-4.215199,-2.321971,-2.199823,-1.657987,-2.846877,-69.44891,-0.1225342,-0.4839596,0.3575807,-0.3639466,0.1099189,0.2221944,0.7745322,3.145357,23,23,23,23,23,23,23,23,23,23,23,23,23,23,23,23
931,9310,-35.35526,-51.9887,-18.58805,-16.07973,-13.38967,-9.134859,-5.48954,-5.018126,-3.839272,-3.075521,-2.851937,-2.900829,-3.218991,-2.508883,-2.626544,0.2413441,24,24,24,24,24,24,24,24,24,24,24,24,24,24,24,24,931,9310,-1.479581,-1.05311,-1.310782,-1.163651,94.82361,77.20962,-2.089733,-1.173531,-1.942748,-1.288859,-2.10403,-2.558149,-1.281438,-2.005358,-1.686933,-2.034854,24,24,24,24,24,24,24,24,24,24,24,24,24,24,24,24,931,9310,-2.642548,-4.221304,-3.704028,-2.321971,-2.847428,-3.696252,-2.200364,-69.23022,1.484565,0.3627329,-0.3576164,0.4849774,0.9904546,0.666791,0.2211943,2.911329,23,23,23,23,23,23,23,23,23,23,23,23,23,23,23,23
932,9320,-34.99451,-52.1096,-18.21886,-15.22728,-12.4243,-8.271119,-5.872386,-5.143515,-4.210804,-3.690874,-2.614279,-3.279055,-2.622895,-2.62835,-1.552085,-0.2414597,24,24,24,24,24,24,24,24,24,24,24,24,24,24,24,24,932,9320,-1.345084,-1.448579,-2.227235,-1.551432,93.37878,78.55957,-2.220333,-1.434285,-2.072171,-1.932591,-2.892405,-2.423442,-0.8974926,-1.893994,-1.686933,-2.034854,24,24,24,24,24,24,24,24,24,24,24,24,24,24,24,24,932,9320,-2.182989,-4.221304,-4.72637,-3.224836,-2.588386,-1.785379,-2.200364,-69.99564,-0.4934033,-1.088738,0.3575807,0.1211528,0.1099189,0.2221944,-0.6641462,3.028343,23,23,23,23,23,23,23,23,23,23,23,23,23,23,23,23
933,9330,-33.79201,-52.23051,-16.8652,-15.1055,-12.18296,-9.875208,-5.872386,-5.645067,-4.210804,-5.536933,-3.089595,-4.035508,-2.861333,-3.46462,-2.984697,-0.6035618,24,24,24,24,24,24,24,24,24,24,24,24,24,24,24,24,933,9330,-1.210587,-1.844049,-1.048936,-1.939264,94.42955,78.31413,-2.089733,-1.825419,-1.425057,-2.833816,-1.709843,-1.749907,-1.665384,-1.782631,-1.205225,-3.165292,24,24,24,24,24,24,24,24,24,24,24,24,24,24,24,24,933,9330,-1.723427,-4.477128,-4.981957,-2.837872,-1.68179,-1.91277,-1.295246,-69.44891,0.2483352,0.4836899,0.9535778,0.2424277,-0.1102143,0.111045,0.5531967,2.911329,23,23,23,23,23,23,23,23,23,23,23,23,23,23,23,23
934,9340,-33.79201,-51.50508,-17.72662,-14.86194,-12.4243,-9.258249,-5.744771,-4.76735,-4.08696,-3.937015,-2.851937,-3.15298,-2.980553,-2.508883,-2.268391,0.1206424,24,24,24,24,24,24,24,24,24,24,24,24,24,24,24,24,934,9340,-2.286563,-1.316757,-1.703544,-1.939264,94.56091,78.55957,-2.089733,-0.5216427,-2.072171,-2.31883,-1.447053,-1.749907,-1.537402,-1.225811,-1.80736,-2.147897,24,24,24,24,24,24,24,24,24,24,24,24,24,24,24,24,934,9340,-2.297878,-3.83757,-3.831821,-2.708884,-2.329396,-2.931955,-2.329667,-68.90218,0.4955813,0.4836899,-0.7152151,-0.849046,-0.0001476886,0.111045,0.2211943,2.209236,23,23,23,23,23,23,23,23,23,23,23,23,23,23,23,23
935,9350,-34.15276,-51.74689,-18.46499,-14.86194,-13.63102,-10.12199,-7.148542,-6.14662,-4.706181,-4.675439,-3.089595,-3.783357,-3.099772,-3.584087,-2.149007,0.1206424,24,24,24,24,24,24,24,24,24,24,24,24,24,24,24,24,935,9350,-1.614078,-0.7894641,-2.750919,-1.034321,94.69225,79.29586,-2.350932,-1.303908,-1.942748,-1.288859,-1.841241,-2.154028,-1.281438,-1.559904,-2.770776,-2.487029,24,24,24,24,24,24,24,24,24,24,24,24,24,24,24,24,935,9350,-1.838319,-3.965481,-3.704028,-1.547991,-2.070354,-2.54978,-1.295245,-68.57415,0.001089204,-0.7258704,0.5959795,0.3637026,0.4401186,0.8890896,-0.2214752,2.560279,23,23,23,23,23,23,23,23,23,23,23,23,23,23,23,23
936,9360,-32.349,-51.26328,-16.24989,-13.15704,-11.45893,-9.505033,-5.106694,-5.895843,-4.334648,-6.029215,-3.089595,-4.161584,-3.099772,-4.061956,-2.626544,-1.327767,24,24,24,24,24,24,24,24,24,24,24,24,24,24,24,24,936,9360,-1.345084,-1.712226,-2.227235,-2.19782,95.08632,78.06868,-2.220333,-1.955796,-2.201595,-1.288859,-1.315655,-2.154028,-0.8974926,-1.559904,-1.80736,-2.034854,24,24,24,24,24,24,24,24,24,24,24,24,24,24,24,24,936,9360,-2.297878,-4.221304,-4.981957,-2.96686,-2.588439,-2.040214,-3.105481,-69.55826,-0.3697803,-0.0001348462,0.5959795,0.2424277,-0.6605503,-0.7781482,-0.3321437,2.911329,23,23,23,23,23,23,23,23,23,23,23,23,23,23,23,23
937,9370,-33.07051,-50.29605,-15.01928,-11.45213,-10.01089,-7.160596,-4.213385,-4.892738,-3.096206,-3.937015,-2.851937,-3.026904,-2.742114,-3.345153,-2.268391,-0.1207595,24,24,24,24,24,24,24,24,24,24,24,24,24,24,24,24,937,9370,-1.883072,-2.503165,-1.310782,-1.292876,94.82361,78.6823,-2.089733,-3.129195,-1.036842,-0.6451273,-1.578448,-1.615198,-1.793366,-2.673543,-1.446079,-1.921811,24,24,24,24,24,24,24,24,24,24,24,24,24,24,24,24,937,9370,-1.838319,-4.221304,-4.342992,-2.321919,-2.070354,-2.931955,-3.364086,-69.44891,0.3719579,0.4836899,0.3575807,-0.0001220037,0.1099189,0.4444923,0.2211943,2.794314,23,23,23,23,23,23,23,23,23,23,23,23,23,23,23,23
938,9380,-32.46925,-49.08701,-14.28091,-10.11256,-9.648871,-7.283988,-5.361925,-5.018126,-4.582336,-4.429297,-2.733108,-3.657282,-2.622895,-2.986753,-1.790854,-0.2414597,24,24,24,24,24,24,24,24,24,24,24,24,24,24,24,24,938,9380,-2.959048,-2.239518,-1.441698,-2.068542,94.95496,78.06868,-2.873332,-2.477307,-1.295687,-1.803845,-2.10403,-1.884613,-2.689235,-1.893994,-1.084798,-1.921811,24,24,24,24,24,24,24,24,24,24,24,24,24,24,24,24,938,9380,-2.297878,-4.093393,-4.470786,-2.708884,-1.940833,-2.422389,-2.458969,-69.55826,-0.3697803,-1.088738,-0.476816,-0.2426717,0.330052,0.3333437,-0.1108082,2.443271,23,23,23,23,23,23,23,23,23,23,23,23,23,23,23,23
939,9390,-29.944,-48.60339,-14.15785,-10.4779,-9.648871,-6.173465,-2.809615,-4.015022,-3.467739,-4.552369,-2.257792,-3.909433,-2.384456,-3.345153,-2.268391,-0.4828616,24,24,24,24,24,24,24,24,24,24,24,24,24,24,24,24,939,9390,-2.017569,-1.184933,-0.9180133,-1.939264,95.74303,77.45506,-2.742732,-1.434285,-0.9074183,-1.288859,-1.052866,-1.345785,-1.665384,-1.225811,-0.9643707,-1.58268,24,24,24,24,24,24,24,24,24,24,24,24,24,24,24,24,939,9390,-1.263868,-4.093393,-4.598578,-2.837872,-1.552269,-2.167605,-2.200363,-68.35547,0.3719579,-0.2420456,-1.846108E-05,0.7275271,0.4401186,0.5556424,-0.4428107,2.911329,23,23,23,23,23,23,23,23,23,23,23,23,23,23,23,23
940,9400,-30.06425,-49.57063,-13.54255,-10.23434,-8.924838,-5.803291,-4.341001,-4.140409,-3.343894,-3.444732,-2.138964,-2.522602,-1.430702,-3.225685,-1.910238,0.2413441,24,24,24,24,24,24,24,24,24,24,24,24,24,24,24,24,940,9400,-1.07609,-1.448579,-1.834466,-1.292876,94.69225,77.0869,-2.220333,-1.564665,-1.683956,-1.160113,-1.709843,-2.019321,-1.537402,-1.448538,-1.566506,-1.58268,24,24,24,24,24,24,24,24,24,24,24,24,24,24,24,24,940,9400,-1.493646,-3.325923,-4.981957,-2.708884,-0.9046636,-1.658039,-2.329666,-70.21432,-0.4934037,-0.1210918,1.072777,0.4849774,0.1099189,-0.444701,-0.2214752,2.794314,23,23,23,23,23,23,23,23,23,23,23,23,23,23,23,23
941,9410,-29.82375,-48.48249,-13.17337,-8.651215,-8.683501,-4.939551,-3.830539,-4.892738,-3.591583,-3.813945,-3.089595,-3.783357,-2.742114,-2.867285,-2.029622,-0.1207595,24,24,24,24,24,24,24,24,24,24,24,24,24,24,24,24,941,9410,-1.345084,-1.316757,-1.441698,-0.6464886,94.16689,77.33234,-1.959133,-1.303908,-1.554532,-1.675099,-2.10403,-2.019321,-1.537453,-1.559904,-1.446079,-2.034854,24,24,24,24,24,24,24,24,24,24,24,24,24,24,24,24,941,9410,-2.297878,-4.860862,-4.470786,-1.805967,-1.940833,-0.7662986,-2.200363,-68.90218,0.7428274,0.4836899,0.2383807,-0.3639466,-0.3302992,0.7779403,0.2211943,3.379386,23,23,23,23,23,23,23,23,23,23,23,23,23,23,23,23
942,9420,-29.463,-48.48249,-12.06582,-8.772994,-9.286855,-5.556509,-3.830539,-3.638857,-2.724674,-3.321662,-2.138964,-2.648678,-1.78836,-3.106273,-1.552085,-0.7242635,24,24,24,24,24,24,24,24,24,24,24,24,24,24,24,24,942,9420,-1.210587,-1.844049,-1.048936,-1.939264,94.16689,78.19141,-1.828533,-1.434285,-1.42511,-2.190084,-1.709843,-1.480492,-1.537453,-1.559955,-1.80736,-2.600071,24,24,24,24,24,24,24,24,24,24,24,24,24,24,24,24,942,9420,-1.723427,-3.581748,-3.576235,-2.063943,-2.84748,-2.54978,-1.941758,-68.79285,0.6192039,0.8465577,0.3575799,-0.1213969,0.6603031,0.555591,0.2211943,2.32625,23,23,23,23,23,23,23,23,23,23,23,23,23,23,23,23
943,9430,-29.944,-49.57063,-12.92724,-11.08679,-8.562834,-5.926682,-3.064846,-4.015022,-3.22005,-3.567804,-1.901306,-1.892023,-1.311483,-2.628404,-0.955214,-0.6035618,24,24,24,24,24,24,24,24,24,24,24,24,24,24,24,24,943,9430,-1.614078,-1.975872,-1.310782,-2.327097,95.34897,78.43685,-2.481532,-1.303908,-1.813379,-3.091309,-1.841241,-1.884613,-1.409471,-1.559955,-1.927291,-3.165292,24,24,24,24,24,24,24,24,24,24,24,24,24,24,24,24,943,9430,-1.723427,-3.709659,-4.981957,-1.547991,-2.070354,-2.422389,-1.424548,-69.33956,0.1247118,-1.209695,0.3575799,0.2424277,0.6603031,0.8890383,0.1105289,1.975207,23,23,23,23,23,23,23,23,23,23,23,23,23,23,23,23
944,9440,-32.46925,-49.57063,-13.0503,-10.11256,-9.166186,-5.6799,-4.341001,-3.011916,-2.724674,-2.706309,-2.495451,-2.018155,-2.384456,-1.911602,-1.790905,-0.3622112,24,24,24,24,24,24,24,24,24,24,24,24,24,24,24,24,944,9440,-1.614078,-1.712226,-2.358157,-1.551432,95.08632,78.06868,-2.481532,-1.564665,-2.71934,-1.932591,-1.315655,-1.749907,-1.537453,-1.782682,-2.770427,-1.921811,24,24,24,24,24,24,24,24,24,24,24,24,24,24,24,24,944,9440,-1.493646,-3.581748,-4.342992,-2.837872,-1.552269,-1.785431,-2.329666,-69.44891,-0.3697803,-0.0001348462,0.4767795,0.2424277,-0.1101629,-0.2224536,-0.664143,3.262372,23,23,23,23,23,23,23,23,23,23,23,23,23,23,23,23
945,9450,-33.19075,-50.05424,-12.435,-9.381889,-7.838799,-4.199203,-2.299153,-2.510364,-2.353142,-2.337097,-1.663648,-1.892023,-1.669141,-2.270003,-1.193983,-0.7243149,24,24,24,24,24,24,24,24,24,24,24,24,24,24,24,24,945,9450,-1.345084,-2.371342,-2.619997,-1.422154,95.48032,77.94595,-1.697935,-2.607684,-1.942801,-1.803845,-1.447053,-2.423442,-1.537453,-2.3395,-2.288635,-1.808769,24,24,24,24,24,24,24,24,24,24,24,24,24,24,24,24,945,9450,-1.263871,-3.070101,-4.981957,-1.934955,-1.940833,-1.912822,-2.329666,-69.99564,0.1247118,0.2417759,0.1191811,-0.0001220037,0.2200368,0.2221438,0.4425314,3.028336,23,23,23,23,23,23,23,23,23,23,23,23,23,23,23,23
946,9460,-30.6655,-50.41695,-11.81969,-9.990784,-7.718132,-5.926682,-1.916152,-3.638857,-2.476985,-3.690874,-1.782477,-3.026904,-1.669141,-2.508938,-1.432752,-1.086417,24,24,24,24,24,24,24,24,24,24,24,24,24,24,24,24,946,9460,-1.883072,-3.294104,-1.834466,-1.809987,94.56091,78.31413,-2.089733,-2.21655,-1.42511,-1.417606,-2.498218,-1.749907,-1.793417,-2.228137,-1.927291,-1.695722,24,24,24,24,24,24,24,24,24,24,24,24,24,24,24,24,946,9460,-2.872332,-4.477128,-4.470786,-1.676979,-1.940833,-1.021082,-2.458969,-69.01153,0.3719579,0.2417759,-0.119218,-0.2426717,0.7703729,0.3332923,0.2211958,3.4964,23,23,23,23,23,23,23,23,23,23,23,23,23,23,23,23
947,9470,-30.906,-50.77966,-11.94275,-10.35612,-7.597464,-5.062943,-1.916152,-2.510364,-2.229297,-2.090956,-1.188333,-1.765891,-1.549922,-1.672667,-0.955214,0.2412927,24,24,24,24,24,24,24,24,24,24,24,24,24,24,24,24,947,9470,-1.883072,-2.766811,-1.965338,-1.034321,94.29819,78.43685,-2.742732,-2.34693,-1.166263,-1.031367,-2.366823,-2.154028,-2.689287,-1.337226,-1.565946,-1.695722,24,24,24,24,24,24,24,24,24,24,24,24,24,24,24,24,947,9470,-1.953211,-3.83757,-4.470785,-2.450907,-2.458917,-1.912822,-2.07106,-69.23022,0.3719579,0.2417759,0.3575799,-0.2426717,0.3301034,-0.0001549125,-0.2214736,2.092221,23,23,23,23,23,23,23,23,23,23,23,23,23,23,23,23
948,9480,-34.5135,-51.14237,-14.65009,-12.06103,-8.924838,-5.433117,-3.447692,-4.76735,-2.229297,-2.460168,-1.188333,-1.765891,-1.073045,-1.5532,-0.955214,0.120591,24,24,24,24,24,24,24,24,24,24,24,24,24,24,24,24,948,9480,-2.42106,-2.239518,-1.572569,-1.551432,95.21762,77.82323,-2.873332,-1.955796,-1.554532,-2.061338,-1.447053,-2.288734,-1.537453,-1.225862,-1.927291,-2.600071,24,24,24,24,24,24,24,24,24,24,24,24,24,24,24,24,948,9480,-2.412773,-3.83757,-3.704027,-2.192931,-2.458917,-0.8936897,-1.165943,-69.12088,-0.1225342,-1.330649,0.9535774,0.7275271,0.8804395,0.2221438,-0.2214736,3.145357,23,23,23,23,23,23,23,23,23,23,23,23,23,23,23,23
949,9490,-34.15275,-50.77966,-13.66561,-11.45213,-8.562834,-5.556509,-2.809615,-3.262693,-1.981609,-2.706309,-0.8318459,-1.387494,-0.7153869,-2.389471,-0.7164456,-1.327819,24,24,24,24,24,24,24,24,24,24,24,24,24,24,24,24,949,9490,-1.345084,-1.448579,-2.358106,-1.163599,94.42955,77.0869,-1.567335,-1.564665,-2.589916,-1.546352,-1.841241,-2.558149,-1.665435,-1.782682,-2.168186,-2.260943,24,24,24,24,24,24,24,24,24,24,24,24,24,24,24,24,949,9490,-1.493652,-4.477128,-5.748714,-2.063943,-1.552269,-1.530648,-1.941758,-69.44891,-0.8642728,0.8465577,0.595979,-0.2426717,-0.4403658,-0.5559009,0.3318644,3.145357,23,23,23,23,23,23,23,23,23,23,23,23,23,23,23,23
950,9500,-34.754,-52.71412,-15.2654,-15.47084,-12.78632,-8.271119,-4.851463,-5.394291,-2.972362,-3.937015,-1.425991,-1.765891,-1.073045,-1.5532,-0.8358294,-0.3622112,24,24,24,24,24,24,24,24,24,24,24,24,24,24,24,24,950,9500,-0.5381012,-1.184933,-1.965338,-1.292876,94.03555,77.33234,-2.220333,-0.9127768,-1.942801,-1.288859,-2.629616,-1.211077,-1.153508,-1.671319,-1.806843,-2.260943,24,24,24,24,24,24,24,24,24,24,24,24,24,24,24,24,950,9500,-1.263871,-4.349216,-5.365335,-1.547991,-1.552269,-2.294997,-2.588271,-69.66759,0.7428274,0.2417759,0.8343782,0.3637026,-9.631868E-05,0.6667404,0.6638669,3.028336,23,23,23,23,23,23,23,23,23,23,23,23,23,23,23,23
951,9510,-35.35525,-51.62599,-15.8807,-14.98372,-13.51034,-8.024337,-5.617157,-4.265798,-3.343894,-2.583238,-2.020135,-1.639758,-2.026799,-1.672667,-1.790905,-0.3622112,24,24,24,24,24,24,24,24,24,24,24,24,24,24,24,24,951,9510,-0.9415926,-2.239518,-1.572569,-1.809987,94.29819,77.82323,-2.220333,-2.086173,-1.295687,-2.31883,-1.841241,-1.615198,-1.025526,-1.44859,-1.204602,-3.165292,24,24,24,24,24,24,24,24,24,24,24,24,24,24,24,24,951,9510,-2.182992,-3.965481,-4.72637,-2.192931,-0.9046636,-1.275865,-2.200364,-68.68349,0.3719579,0.1208222,-0.119218,-0.3639466,-0.1101629,0.7778897,0.2211958,2.443265,23,23,23,23,23,23,23,23,23,23,23,23,23,23,23,23
952,9520,-36.55775,-52.71412,-16.00377,-13.88771,-12.54497,-8.147728,-4.596232,-3.889632,-2.724674,-2.583238,-0.950675,-1.892023,-1.073045,-1.911602,-0.8358294,-0.7243149,24,24,24,24,24,24,24,24,24,24,24,24,24,24,24,24,952,9520,-2.017569,-1.580402,-1.703492,-2.19782,94.42955,78.55957,-2.089733,-1.303905,-2.331071,-2.447577,-1.315655,-1.884613,-1.28149,-1.003133,-2.288635,-2.147897,24,24,24,24,24,24,24,24,24,24,24,24,24,24,24,24,952,9520,-0.9192013,-3.453835,-4.854163,-2.450907,-2.329396,-1.403256,-1.941759,-68.46481,-0.3697803,-0.1210918,0.3575799,0.9700768,0.2200368,-0.6670494,-0.8854785,2.560279,23,23,23,23,23,23,23,23,23,23,23,23,23,23,23,23
953,9530,-34.0325,-52.59322,-14.65009,-14.49661,-10.25222,-8.147728,-4.341001,-4.641962,-2.724674,-3.444732,-1.544819,-2.270419,-1.192264,-2.389471,-1.193983,-0.7243149,24,24,24,24,24,24,24,24,24,24,24,24,24,24,24,24,953,9530,-1.748575,-1.844049,-2.750868,-0.9050432,95.21762,77.70051,-1.697935,-2.086169,-2.589916,-1.675099,-1.184261,-2.019321,-1.025526,-1.894046,-2.288635,-2.260943,24,24,24,24,24,24,24,24,24,24,24,24,24,24,24,24,953,9530,-1.493652,-3.965481,-4.72637,-2.321919,-2.199875,-1.785431,-1.941759,-69.77695,0.2483352,-0.2420456,0.9535774,-0.0001220037,-9.631868E-05,0.3332923,-0.1108066,3.028336,23,23,23,23,23,23,23,23,23,23,23,23,23,23,23,23
954,9540,-34.87425,-52.35141,-15.75764,-14.98372,-11.09693,-7.654163,-4.341001,-3.513469,-1.857765,-2.214078,-1.188333,-1.639758,-1.311483,-1.314265,-0.3582926,0.120591,24,24,24,24,24,24,24,24,24,24,24,24,24,24,24,24,954,9540,-1.883072,-2.239518,-2.096261,-1.422154,94.95496,78.19141,-1.306134,-2.477304,-2.201648,-1.160114,-1.184261,-1.615198,-1.28149,-2.116773,-1.204602,-1.921811,24,24,24,24,24,24,24,24,24,24,24,24,24,24,24,24,954,9540,-1.493652,-4.221304,-4.981956,-2.192931,-1.811311,-1.530648,-2.200364,-69.23022,0.3719579,0.7256007,0.7151787,-0.2426717,-0.4403658,-0.0001549125,0.3318644,3.028336,23,23,23,23,23,23,23,23,23,23,23,23,23,23,23,23
955,9550,-37.39951,-53.80225,-17.72662,-16.68863,-13.02765,-9.258251,-4.851463,-3.262693,-2.476986,-2.58329,-1.069504,-1.261362,-1.430702,-1.911602,-0.7164456,-0.2415111,24,24,24,24,24,24,24,24,24,24,24,24,24,24,24,24,955,9550,-2.42106,-1.844049,-0.917962,-1.292876,94.56091,78.55957,-1.828533,-1.955793,-1.683956,-1.031367,-2.235428,-1.615198,-2.049381,-2.005409,-1.204602,-1.921811,24,24,24,24,24,24,24,24,24,24,24,24,24,24,24,24,955,9550,-1.72343,-4.477128,-4.598578,-1.676979,-2.199875,-2.804563,-1.812457,-68.90218,-0.1225342,0.4836899,0.8343787,-0.1213969,0.5502365,0.6667404,0.5531983,2.911329,23,23,23,23,23,23,23,23,23,23,23,23,23,23,23,23
956,9560,-38.24126,-54.04406,-16.12683,-14.98372,-10.37289,-8.394511,-3.958154,-3.889632,-2.105453,-3.690925,-0.950675,-3.026904,-1.669141,-3.22574,-1.432752,-0.6036131,24,24,24,24,24,24,24,24,24,24,24,24,24,24,24,24,956,9560,-2.555558,-1.844049,-0.7870392,-1.809987,95.34897,77.94595,-2.742732,-2.086169,-1.683956,-1.932592,-1.578448,-2.019321,-2.433323,-1.671319,-1.686394,-2.487029,24,24,24,24,24,24,24,24,24,24,24,24,24,24,24,24,956,9560,-2.182992,-3.83757,-4.72637,-2.450907,-2.71796,-2.422388,-0.7780366,-69.33956,-0.3697803,-0.4839596,0.4767799,0.1211496,0.2200368,-0.0001549125,0.5531983,3.262372,23,23,23,23,23,23,23,23,23,23,23,23,23,23,23,23
957,9570,-39.32351,-55.13219,-17.35744,-15.95795,-12.90699,-9.628425,-5.361925,-4.140409,-2.353142,-2.706361,-1.307162,-2.018154,-0.953876,-2.031069,-0.7164456,0.2412927,24,24,24,24,24,24,24,24,24,24,24,24,24,24,24,24,957,9570,-2.152066,-2.371342,-1.572569,-1.809987,95.08632,76.71873,-1.959133,-1.825416,-2.072224,-2.061338,-2.235428,-3.90522,-1.921347,-2.116773,-2.649979,-2.82616,24,24,24,24,24,24,24,24,24,24,24,24,24,24,24,24,957,9570,-1.838322,-4.221304,-4.981956,-3.6118,-2.977002,-3.441521,-1.812457,-69.33956,-0.3697803,-0.0001348462,0.4767799,0.4849742,-0.2202776,-0.3336022,-0.664143,2.560279,23,23,23,23,23,23,23,23,23,23,23,23,23,23,23,23
958,9580,-38.72226,-54.04406,-16.98825,-14.25305,-11.45893,-7.900945,-4.979079,-3.513469,-2.60083,-2.460219,-2.020135,-2.144287,-2.265287,-2.031018,-1.432752,-0.6036131,24,24,24,24,24,24,24,24,24,24,24,24,24,24,24,24,958,9580,-2.690055,-1.975872,-2.489022,-1.551432,94.16689,77.0869,-2.350932,-0.6520165,-2.460493,-2.061338,-2.76101,-2.692857,-1.537402,-1.894046,-2.890875,-2.600071,24,24,24,24,24,24,24,24,24,24,24,24,24,24,24,24,958,9580,-1.953211,-4.349216,-4.981956,-3.095848,-2.588439,-2.54978,-2.97618,-69.88629,-0.1225342,0.1208222,0.8343787,0.3636993,-0.000144478,-0.0001035426,0.4425314,3.028336,23,23,23,23,23,23,23,23,23,23,23,23,23,23,23,23
959,9590,-38.84251,-53.19773,-16.49601,-13.03526,-10.61424,-6.667031,-3.830539,-3.638856,-1.857765,-2.706361,-1.425991,-1.892022,-1.669191,-1.433681,-1.193933,0.2412927,24,24,24,24,24,24,24,24,24,24,24,24,24,24,24,24,959,9590,-2.690055,-2.371342,-1.703492,-2.19782,93.64149,78.06868,-1.436734,-1.955793,-1.554532,-2.190084,-3.023803,-2.154028,-1.40942,-2.3395,-1.92729,-2.373986,24,24,24,24,24,24,24,24,24,24,24,24,24,24,24,24,959,9590,-2.412773,-5.372508,-4.470785,-2.96686,-2.84748,-1.785431,-2.458969,-69.12088,0.3719579,-0.0001348462,0.5959795,-0.6064995,0.1099221,0.111045,-0.4428123,3.028336,23,23,23,23,23,23,23,23,23,23,23,23,23,23,23,23
960,9600,-37.159,-54.52768,-16.86519,-14.74016,-11.2176,-8.517902,-3.830539,-4.140409,-2.848518,-4.060137,-2.257792,-2.900829,-2.026849,-3.106221,-1.790854,-0.7242635,24,24,24,24,24,24,24,24,24,24,24,24,24,24,24,24,960,9600,-2.555558,-2.371342,-2.489022,-3.102763,94.03555,77.94595,-1.959133,-1.434281,-2.072224,-3.606295,-1.447053,-1.884613,-2.049329,-1.782682,-2.047738,-2.82616,24,24,24,24,24,24,24,24,24,24,24,24,24,24,24,24,960,9600,-2.068103,-3.83757,-4.72637,-2.837872,-3.236044,-2.677171,-2.329667,-69.01153,0.3719579,0.3627329,0.4767799,-0.0001252143,0.7703247,-0.3335516,-0.0001428727,2.092221,23,23,23,23,23,23,23,23,23,23,23,23,23,23,23,23
961,9610,-37.76026,-53.80225,-15.8807,-14.37483,-10.97625,-7.283988,-3.830539,-3.38808,-2.105453,-3.198643,-1.901306,-2.774753,-1.192315,-1.91155,-1.193933,0.2413441,24,24,24,24,24,24,24,24,24,24,24,24,24,24,24,24,961,9610,-3.36254,-2.766811,-2.489022,-2.585653,94.95496,78.80502,-2.481532,-1.043151,-2.848762,-1.803845,-1.052866,-1.480492,-1.665384,-1.782682,-3.011322,-2.147897,24,24,24,24,24,24,24,24,24,24,24,24,24,24,24,24,961,9610,-1.378702,-4.221304,-5.109749,-3.353825,-3.365566,-2.167605,-2.071062,-69.66759,-0.1225342,-0.3630026,0.5959795,0.606249,0.4401218,-0.3335516,-0.4428123,3.262372,23,23,23,23,23,23,23,23,23,23,23,23,23,23,23,23
962,9620,-38.60201,-52.83503,-16.98825,-13.52237,-10.73491,-6.54364,-4.596232,-4.140409,-2.60083,-2.952502,-1.307162,-2.396527,-2.026849,-2.150485,-1.432701,0.1206424,24,24,24,24,24,24,24,24,24,24,24,24,24,24,24,24,962,9620,-1.883072,-1.975872,-3.274559,-1.422154,95.08632,77.70051,-1.828533,-2.346927,-2.589916,-2.061338,-0.5272806,-2.154028,-0.7695108,-1.894046,-2.409082,-1.921811,24,24,24,24,24,24,24,24,24,24,24,24,24,24,24,24,962,9620,-1.953153,-4.604988,-5.365335,-2.450907,-2.199875,-1.912822,-1.683154,-68.68349,-0.1225342,0.6046437,0.9535778,0.3636993,-0.2202776,0.111045,-0.2214784,3.028343,23,23,23,23,23,23,23,23,23,23,23,23,23,23,23,23
963,9630,-36.31726,-52.71412,-16.00377,-13.52237,-9.76954,-7.283988,-3.575308,-4.265797,-2.353142,-3.198643,-1.307162,-3.026904,-1.907629,-2.986754,-1.552086,-0.8449637,24,24,24,24,24,24,24,24,24,24,24,24,24,24,24,24,963,9630,-2.824552,-3.55775,-2.22719,-1.939264,94.56091,78.31413,-2.350932,-2.216547,-1.813379,-1.288859,-1.709843,-1.345785,-1.793366,-2.228137,-1.565946,-1.58268,24,24,24,24,24,24,24,24,24,24,24,24,24,24,24,24,963,9630,-1.723372,-4.477076,-5.109699,-1.805967,-1.811311,-2.677171,-1.812457,-69.12088,0.1247118,1.088469,0.4767799,-0.2426749,-0.000144478,-0.1112537,-0.3321453,2.560279,23,23,23,23,23,23,23,23,23,23,23,23,23,23,23,23
964,9640,-36.55776,-52.95593,-16.37295,-13.27882,-11.57961,-8.024337,-3.830539,-3.764245,-2.476986,-2.706361,-1.663648,-2.774753,-1.430752,-1.672616,-0.9551639,-5.779121E-05,24,24,24,24,24,24,24,24,24,24,24,24,24,24,24,24,964,9640,-2.824552,-1.975872,-1.834421,-1.680761,94.42955,77.82323,-3.003931,-1.825416,-1.554532,-1.288859,-1.709843,-1.345785,-1.665384,-1.559955,-1.445498,-2.034854,24,24,24,24,24,24,24,24,24,24,24,24,24,24,24,24,964,9640,-1.953153,-4.349164,-4.470734,-1.806019,-1.552269,-2.422388,-2.329667,-69.23022,0.3719579,-0.3630026,0.3575807,0.2424245,0.4401218,0.3333437,0.4425265,3.028343,23,23,23,23,23,23,23,23,23,23,23,23,23,23,23,23
965,9650,-37.03876,-52.35141,-16.12683,-14.13127,-13.269,-7.777554,-5.23431,-4.140409,-3.096207,-2.706361,-2.614279,-2.900829,-2.622945,-2.508887,-1.67147,-0.7242635,24,24,24,24,24,24,24,24,24,24,24,24,24,24,24,24,965,9650,-3.36254,-2.634988,-1.965344,-1.939316,94.82355,76.47328,-1.567335,-1.695039,-2.072224,-2.061338,-1.972636,-2.827565,-1.665384,-1.671319,-1.445498,-2.147897,24,24,24,24,24,24,24,24,24,24,24,24,24,24,24,24,965,9650,-1.378702,-4.221253,-5.237492,-2.966912,-2.070302,-1.148473,-0.7780366,-68.57415,0.1247118,-0.2420456,0.3575807,-0.0001252143,-0.110211,-0.5558495,-0.7748148,2.6773,23,23,23,23,23,23,23,23,23,23,23,23,23,23,23,23
966,9660,-37.27926,-52.23051,-16.74213,-14.13127,-12.54497,-9.258249,-5.489541,-4.391185,-2.229297,-3.321713,-1.188333,-2.900829,-1.430752,-2.031018,-0.9551639,-0.4828616,24,24,24,24,24,24,24,24,24,24,24,24,24,24,24,24,966,9660,-2.959049,-1.580402,-1.965344,-1.422206,93.90414,76.71873,-1.175536,-0.5216395,-2.460493,-1.160114,-2.10403,-1.749907,-0.8974926,-1.114499,-2.047738,-1.130505,24,24,24,24,24,24,24,24,24,24,24,24,24,24,24,24,966,9660,-1.378702,-3.837518,-5.365285,-2.579948,-1.422696,-0.7662464,-2.846877,-70.21432,-0.2461572,-0.1210918,0.5959795,0.7275239,0.7703247,-0.444701,0.2211926,3.4964,23,23,23,23,23,23,23,23,23,23,23,23,23,23,23,23
967,9670,-36.79826,-52.95593,-16.00377,-14.98372,-12.06228,-9.258249,-5.361925,-5.143514,-2.972362,-3.444784,-1.663648,-2.270419,-1.549971,-2.986754,-1.193933,-5.779121E-05,24,24,24,24,24,24,24,24,24,24,24,24,24,24,24,24,967,9670,-2.286563,-2.503165,-1.572576,-1.551483,93.77279,77.57779,-1.959133,-1.695039,-1.683956,-1.932592,-2.235428,-1.480492,-1.281438,-2.005409,-1.445498,-2.260943,24,24,24,24,24,24,24,24,24,24,24,24,24,24,24,24,967,9670,-1.838261,-4.732899,-4.726321,-1.806019,-1.293175,-1.403204,-1.424549,-68.90218,0.9900734,-0.0001348462,0.3575807,-0.4852246,0.4401218,0.5556424,0.4425265,3.379386,23,23,23,23,23,23,23,23,23,23,23,23,23,23,23,23
968,9680,-35.95651,-51.74689,-15.51152,-12.30458,-10.85558,-8.271118,-5.23431,-3.889633,-2.60083,-2.58329,-2.257792,-2.522602,-2.742164,-2.389419,-2.149007,-0.3621598,24,24,24,24,24,24,24,24,24,24,24,24,24,24,24,24,968,9680,-2.959049,-2.503165,-1.834421,-2.973537,94.82355,78.19141,-2.089733,-1.695039,-1.942801,-3.09131,-1.709843,-2.154028,-2.049329,-0.6690424,-1.92729,-2.939203,24,24,24,24,24,24,24,24,24,24,24,24,24,24,24,24,968,9680,-2.182931,-3.837518,-4.215149,-2.837924,-2.458865,-2.040162,-2.458969,-69.23022,0.001089204,0.1208222,-0.3576164,0.7275239,0.5501884,-0.0001035426,-0.3321453,2.560279,23,23,23,23,23,23,23,23,23,23,23,23,23,23,23,23
969,9690,-36.91851,-51.38418,-15.75765,-13.15704,-11.82095,-8.39451,-4.851463,-4.391186,-2.476934,-2.829431,-1.901306,-2.018154,-1.192315,-2.150485,-1.67147,0.3620443,24,24,24,24,24,24,24,24,24,24,24,24,24,24,24,24,969,9690,-3.497037,-1.975872,-2.619952,-2.456427,94.56085,78.31413,-2.742732,-1.043151,-2.331017,-2.833817,-1.578448,-2.288734,-2.433272,-1.782682,-2.52953,-2.82616,24,24,24,24,24,24,24,24,24,24,24,24,24,24,24,24,969,9690,-1.723372,-4.093342,-4.470734,-2.321971,-2.717908,-1.657987,-0.9073389,-68.57415,-0.3697803,-0.9677812,0.5959795,0.606249,0.2199887,0.3333437,-0.5534809,3.028343,23,23,23,23,23,23,23,23,23,23,23,23,23,23,23,23
970,9700,-33.67176,-50.65876,-14.03479,-13.4006,-11.82095,-10.49216,-6.893312,-6.021232,-4.210752,-4.306279,-1.544819,-2.774753,-2.384506,-2.389419,-1.313317,-0.4828616,24,24,24,24,24,24,24,24,24,24,24,24,24,24,24,24,970,9700,-3.093546,-3.294104,-2.619952,-2.327149,94.16685,77.70051,-1.175536,-2.216547,-2.848708,-1.288859,-1.447053,-2.558149,-2.049329,-2.450864,-1.92729,-2.373986,24,24,24,24,24,24,24,24,24,24,24,24,24,24,24,24,970,9700,-1.723372,-4.732899,-5.748663,-2.837924,-2.717908,-1.403204,-2.329667,-69.23022,-0.8642724,0.6046437,0.3575807,-0.1214001,-0.6605471,-0.0001035426,0.4425265,3.379386,23,23,23,23,23,23,23,23,23,23,23,23,23,23,23,23
971,9710,-32.70975,-49.57063,-14.77316,-14.49661,-12.90699,-9.628423,-7.531389,-6.522784,-4.210752,-5.167773,-2.614331,-3.909433,-1.907629,-1.075281,-1.790854,0.2413441,24,24,24,24,24,24,24,24,24,24,24,24,24,24,24,24,971,9710,-3.631534,-4.348689,-2.619952,-2.714983,94.56085,78.06868,-1.959133,-3.129192,-1.554479,-1.417606,-1.709843,-1.480492,-2.561253,-1.782682,-2.649978,-2.713117,24,24,24,24,24,24,24,24,24,24,24,24,24,24,24,24,971,9710,-2.297823,-4.860811,-4.726321,-2.063995,-1.681738,-2.804511,-2.846877,-69.12088,0.8664507,0.9675115,0.2383811,-0.0001252143,-0.2202776,0.666791,-0.1108098,2.6773,23,23,23,23,23,23,23,23,23,23,23,23,23,23,23,23
972,9720,-32.58951,-49.69153,-17.35744,-16.07973,-14.95839,-12.46643,-9.445621,-9.155934,-5.820725,-5.906198,-2.139016,-4.413735,-2.384506,-2.628352,-1.432701,-5.779121E-05,24,24,24,24,24,24,24,24,24,24,24,24,24,24,24,24,972,9720,-4.70751,-3.294104,-2.619952,-2.327149,94.16685,77.70051,-3.265131,-1.955793,-1.554479,-1.417606,-1.972636,-2.288737,-1.793366,-1.782682,-1.92729,-2.487029,24,24,24,24,24,24,24,24,24,24,24,24,24,24,24,24,972,9720,-1.723372,-3.837518,-5.620871,-2.45096,-2.847428,-2.549728,-1.683154,-68.90218,-0.2461572,-0.7258704,0.1191815,0.2424245,0.1099221,-0.1112537,-0.1108098,2.443271,23,23,23,23,23,23,23,23,23,23,23,23,23,23,23,23
973,9730,-33.79201,-49.81243,-17.11131,-18.75887,-16.28578,-15.42782,-11.61508,-9.532099,-6.563124,-8.120502,-1.782529,-6.052717,-2.622946,-3.942491,-2.149007,-1.327767,24,24,24,24,24,24,24,24,24,24,24,24,24,24,24,24,973,9730,-4.976504,-3.821396,-2.22719,-2.714983,95.08627,76.71873,-2.742732,-1.825416,-1.683903,-2.31883,-1.052866,-2.423444,-1.793417,-1.894046,-2.047738,-2.600071,24,24,24,24,24,24,24,24,24,24,24,24,24,24,24,24,973,9730,-1.608483,-3.837518,-4.598527,-3.353877,-2.847428,-1.530595,-1.941759,-68.35547,-0.3697803,-0.2420456,0.1191815,1.333898,-0.2202776,-0.2224022,-0.1108098,3.145357,23,23,23,23,23,23,23,23,23,23,23,23,23,23,23,23
974,9740,-34.63376,-51.14237,-18.34193,-17.90642,-15.92376,-13.94712,-9.956083,-9.532099,-5.696881,-6.52155,-2.020186,-4.665885,-2.622946,-2.867282,-1.552086,-0.2414597,24,24,24,24,24,24,24,24,24,24,24,24,24,24,24,24,974,9740,-3.228043,-3.030457,-3.01272,-1.680761,94.29815,76.10512,-2.089733,-1.173528,-2.201595,-1.546352,-2.10403,-2.423444,-2.177362,-1.894046,-2.168186,-2.034854,24,24,24,24,24,24,24,24,24,24,24,24,24,24,24,24,974,9740,-1.723372,-3.837518,-5.620871,-3.224888,-1.940781,-2.040162,-1.941759,-69.66759,-0.2461572,-0.1210918,0.3575807,0.3636993,-0.5504805,0.111045,0.2211926,3.145357,23,23,23,23,23,23,23,23,23,23,23,23,23,23,23,23
975,9750,-33.67176,-50.53785,-18.58805,-17.29752,-16.28578,-13.94712,-10.33893,-9.030545,-6.563124,-6.275409,-3.564961,-5.926641,-3.69592,-3.225684,-1.790904,-0.6035618,24,24,24,24,24,24,24,24,24,24,24,24,24,24,24,24,975,9750,-3.497037,-3.689573,-2.881797,-2.456427,94.03549,77.82323,-1.828533,-2.086169,-1.683903,-1.546352,-2.498218,-2.288737,-1.665438,-2.116773,-2.409082,-3.278335,24,24,24,24,24,24,24,24,24,24,24,24,24,24,24,24,975,9750,-2.182931,-4.604988,-5.109699,-2.063995,-1.940781,-1.530595,-2.588272,-69.12088,0.7428274,0.1208222,0.2383811,-0.8490492,0.3300552,1.000238,0.7745836,3.964464,23,23,23,23,23,23,23,23,23,23,23,23,23,23,23,23
976,9760,-33.19076,-50.53785,-18.34193,-17.54108,-16.88913,-13.70034,-11.7427,-10.28443,-7.676432,-7.505964,-3.80262,-6.683094,-3.69592,-3.464618,-2.865364,-0.1208109,24,24,24,24,24,24,24,24,24,24,24,24,24,24,24,24,976,9760,-5.379996,-4.348689,-3.01272,-3.36137,94.03549,77.94595,-2.089733,-1.303905,-2.072171,-3.348802,-2.10403,-1.749908,-1.793417,-2.228137,-2.890875,-3.50442,24,24,24,24,24,24,24,24,24,24,24,24,24,24,24,24,976,9760,-2.297823,-4.477076,-4.854113,-3.353877,-3.365513,-2.549728,-1.553851,-68.79285,-0.1225342,-0.3630026,-0.8344144,0.3636993,0.3300552,-0.3335516,-0.8854287,2.677248,23,23,23,23,23,23,23,23,23,23,23,23,23,23,23,23
977,9770,-33.79201,-51.74689,-19.57254,-20.09844,-18.69919,-16.16817,-13.52932,-12.54141,-9.160844,-10.33284,-4.753252,-8.574226,-4.053576,-5.01769,-2.984748,-0.2415111,24,24,24,24,24,24,24,24,24,24,24,24,24,24,24,24,977,9770,-6.59047,-3.95322,-4.060096,-4.007759,93.90414,77.70051,-2.873332,-1.173528,-2.719285,-2.061338,-1.578448,-2.154031,-2.177362,-1.894046,-2.770427,-2.713117,24,24,24,24,24,24,24,24,24,24,24,24,24,24,24,24,977,9770,-2.642548,-4.349164,-5.493078,-3.0959,-2.847428,-1.530595,-2.200364,-69.33956,-0.3697803,-0.0001348462,0.9535778,0.7275239,1.210591,-0.0001035426,-8.989744E-05,3.028291,23,23,23,23,23,23,23,23,23,23,23,23,23,23,23,23
978,9780,-33.67176,-51.9887,-20.92621,-23.14291,-20.87127,-17.77225,-14.93309,-13.16835,-9.90305,-8.243408,-4.87208,-7.817773,-4.649673,-3.464618,-3.342901,0.2412927,24,24,24,24,24,24,24,24,24,24,24,24,24,24,24,24,978,9780,-6.724967,-5.798744,-5.369317,-3.232093,94.95491,77.0869,-1.697935,-2.346927,-2.719285,-1.803845,-1.841241,-2.288737,-1.281493,-2.562231,-2.409082,-2.713117,24,24,24,24,24,24,24,24,24,24,24,24,24,24,24,24,978,9780,-2.41277,-4.73295,-5.237492,-2.192984,-2.717908,-2.422336,-1.941759,-69.33956,-0.6170263,0.4836899,0.5959795,-0.1214001,-0.6605471,0.666791,-0.5534263,3.26232,23,23,23,23,23,23,23,23,23,23,23,23,23,23,23,23
979,9790,-37.64001,-53.19773,-21.91069,-23.02114,-20.7506,-17.03191,-15.44355,-12.79219,-9.655649,-9.841206,-5.109738,-7.565622,-4.888112,-4.061953,-2.984748,0.120591,24,24,24,24,24,24,24,24,24,24,24,24,24,24,24,24,979,9790,-6.186978,-5.798744,-4.060096,-3.232093,94.03549,77.57779,-2.481532,-3.129192,-1.942748,-1.417606,-2.629616,-2.558152,-1.921399,-3.007686,-1.806842,-1.808769,24,24,24,24,24,24,24,24,24,24,24,24,24,24,24,24,979,9790,-2.527659,-4.988773,-4.72637,-3.0959,-3.365513,-3.441469,-2.071062,-69.23022,0.1247118,0.2417759,-1.805975E-05,0.1211496,0.2199887,0.5556424,0.2212456,2.209185,23,23,23,23,23,23,23,23,23,23,23,23,23,23,23,23
980,9800,-36.67801,-53.43954,-21.78763,-22.77758,-20.02658,-18.5126,-16.46447,-15.29995,-10.76896,-11.80772,-5.585053,-9.33068,-5.722648,-5.615026,-3.820439,-0.9657168,24,24,24,24,24,24,24,24,24,24,24,24,24,24,24,24,980,9800,-6.321476,-5.535098,-3.536411,-2.973537,94.03549,78.06868,-2.350932,-2.216547,-2.072171,-1.675099,-1.972636,-1.345787,-2.433326,-2.228137,-1.92729,-2.373986,24,24,24,24,24,24,24,24,24,24,24,24,24,24,24,24,980,9800,-2.297878,-4.73295,-3.959614,-2.450907,-2.717908,-1.785379,-1.941759,-69.33956,-0.1225342,-0.1210918,0.5959795,0.2424245,0.8803913,-0.1112537,-8.989744E-05,3.730384,23,23,23,23,23,23,23,23,23,23,23,23,23,23,23,23
981,9810,-35.23501,-53.19773,-21.17233,-20.22022,-19.18187,-18.14243,-15.44355,-13.92068,-10.27415,-9.59539,-5.109738,-7.817773,-4.888112,-4.061953,-3.223516,-0.1208109,24,24,24,24,24,24,24,24,24,24,24,24,24,24,24,24,981,9810,-5.514493,-4.612336,-3.274565,-2.585705,94.82355,77.33234,-3.003931,-1.564662,-2.589863,-2.061338,-1.841241,-2.423444,-2.817272,-2.228137,-2.047738,-2.600071,24,24,24,24,24,24,24,24,24,24,24,24,24,24,24,24,981,9810,-2.182989,-5.116685,-5.365335,-3.095848,-2.070354,-2.040162,-1.683154,-68.68349,-0.4934033,-0.1210918,0.4767799,-0.4852246,-0.2202776,-0.3335516,-0.1107569,2.794263,23,23,23,23,23,23,23,23,23,23,23,23,23,23,23,23
982,9820,-37.03876,-53.07683,-21.54151,-20.70733,-19.66456,-17.77226,-15.95401,-14.17146,-11.01636,-9.472484,-6.416121,-8.196001,-5.722648,-4.18142,-2.865364,-0.2415111,24,24,24,24,24,24,24,24,24,24,24,24,24,24,24,24,982,9820,-4.438517,-3.95322,-3.536411,-2.068594,93.90414,76.35056,-1.959133,-1.173528,-2.589863,-1.031367,-2.76101,-3.501102,-2.68929,-2.116773,-2.649979,-2.373986,24,24,24,24,24,24,24,24,24,24,24,24,24,24,24,24,982,9820,-2.068097,-4.988773,-5.10975,-2.579896,-2.070354,-3.059346,-2.97618,-68.90218,0.4955813,0.2417759,1.191977,-0.1214001,-0.000144478,1.000238,0.4425811,3.145306,23,23,23,23,23,23,23,23,23,23,23,23,23,23,23,23
983,9830,-37.88051,-53.31864,-22.526,-22.89936,-20.26791,-18.14243,-15.95401,-14.42224,-10.52156,-10.70156,-6.297444,-8.952453,-5.722648,-5.495559,-2.50721,-0.845015,24,24,24,24,24,24,24,24,24,24,24,24,24,24,24,24,983,9830,-4.035026,-3.821396,-3.274565,-2.714983,93.24738,77.20962,-1.82848,-1.955793,-3.107554,-2.576323,-3.943576,-2.423444,-3.073235,-2.896322,-2.649979,-3.617463,24,24,24,24,24,24,24,24,24,24,24,24,24,24,24,24,983,9830,-2.872329,-4.349216,-5.493128,-2.96686,-3.106523,-3.441521,-2.97618,-69.12088,0.4955813,-0.1210918,0.4767799,0.3636993,0.3300552,0.5556424,-0.1107569,2.911277,23,23,23,23,23,23,23,23,23,23,23,23,23,23,23,23
984,9840,-39.20326,-55.2531,-23.01824,-24.9696,-21.23328,-19.74652,-16.33685,-14.29685,-10.76896,-11.68482,-6.534799,-9.33068,-6.199524,-6.092894,-3.939823,-0.1208109,24,24,24,24,24,24,24,24,24,24,24,24,24,24,24,24,984,9840,-4.169523,-4.085043,-3.405488,-3.36137,94.16685,77.57779,-1.82848,-1.564662,-1.683903,-3.220056,-2.892405,-2.827565,-2.305344,-2.784958,-3.131771,-3.391377,24,24,24,24,24,24,24,24,24,24,24,24,24,24,24,24,984,9840,-2.527659,-4.860862,-5.620922,-3.869777,-3.88365,-2.54978,-2.717575,-68.46481,-0.3697803,-0.2420456,0.1191815,0.7275239,-0.110211,-0.2224022,-0.2214238,3.496349,23,23,23,23,23,23,23,23,23,23,23,23,23,23,23,23
985,9850,-38.60201,-54.64857,-23.75661,-23.02114,-21.23328,-18.38921,-17.10255,-14.92379,-12.37707,-10.57865,-7.246862,-8.700302,-6.79562,-5.137157,-4.656129,-0.2415111,24,24,24,24,24,24,24,24,24,24,24,24,24,24,24,24,985,9850,-5.111002,-4.085043,-3.405488,-4.266314,94.03549,77.82323,-2.873278,-2.216547,-3.107554,-3.477548,-3.286592,-2.827565,-2.68929,-2.450864,-3.252219,-3.278335,24,24,24,24,24,24,24,24,24,24,24,24,24,24,24,24,985,9850,-3.10211,-4.860862,-5.493128,-3.353825,-2.458917,-3.186738,-3.364087,-70.32367,0.7428274,-0.2420456,1.072777,0.3636993,-0.2202776,-0.2224022,0.3319126,2.677248,23,23,23,23,23,23,23,23,23,23,23,23,23,23,23,23
986,9860,-39.32351,-55.374,-23.26436,-22.77758,-20.50926,-18.26582,-16.08162,-14.29685,-11.75857,-10.33283,-6.653476,-8.574226,-5.603427,-5.137157,-3.223516,-0.3622112,24,24,24,24,24,24,24,24,24,24,24,24,24,24,24,24,986,9860,-5.514493,-4.348689,-4.583787,-2.585705,95.08627,78.19141,-1.82848,-1.955793,-2.719285,-2.70507,-2.10403,-2.288737,-2.177362,-3.007686,-3.613563,-2.939203,24,24,24,24,24,24,24,24,24,24,24,24,24,24,24,24,986,9860,-3.561669,-5.244596,-4.72637,-2.837872,-2.329396,-2.040214,-3.622693,-69.55826,0.7428274,0.1208222,0.3575807,-0.3639498,-0.000144478,-0.3335516,0.5532481,3.613363,23,23,23,23,23,23,23,23,23,23,23,23,23,23,23,23
987,9870,-38.84251,-54.89038,-22.526,-23.02114,-19.30254,-18.14243,-14.67786,-14.17146,-11.01636,-11.68482,-6.772154,-8.322075,-6.557181,-5.256624,-3.701054,-0.7243149,24,24,24,24,24,24,24,24,24,24,24,24,24,24,24,24,987,9870,-5.64899,-5.930567,-4.060096,-3.232093,95.08627,78.06868,-2.350879,-2.998815,-2.848708,-1.932592,-1.972636,-2.69286,-2.433326,-3.230413,-2.409082,-2.034854,24,24,24,24,24,24,24,24,24,24,24,24,24,24,24,24,987,9870,-2.41277,-4.093393,-5.10975,-2.837872,-3.495086,-2.804563,-2.329667,-68.79285,0.2483352,0.2417759,0.4767799,0.8487988,0.2199887,-0.5558495,-0.5534263,2.911277,23,23,23,23,23,23,23,23,23,23,23,23,23,23,23,23
988,9880,-39.20326,-55.01128,-22.526,-20.09844,-17.61315,-15.42782,-13.65693,-11.78908,-9.903051,-9.964112,-6.653476,-7.94385,-5.126551,-4.061953,-3.820439,0.120591,24,24,24,24,24,24,24,24,24,24,24,24,24,24,24,24,988,9880,-7.262955,-7.248799,-4.583787,-3.490649,94.29815,77.82323,-2.612077,-3.389946,-2.46044,-2.190084,-2.629616,-2.019323,-2.68929,-2.673595,-1.806842,-2.600071,24,24,24,24,24,24,24,24,24,24,24,24,24,24,24,24,988,9880,-1.838319,-3.581748,-4.72637,-2.96686,-3.106523,-1.912822,-2.071062,-69.77695,-0.4934033,-0.4839596,0.5959795,-0.3639433,-0.000144478,0.111045,-0.5534263,3.379334,23,23,23,23,23,23,23,23,23,23,23,23,23,23,23,23
989,9890,-38.12101,-54.04406,-24.12579,-22.89936,-21.35395,-18.88278,-17.35778,-14.42224,-11.63487,-10.20993,-6.89083,-8.196001,-5.24577,-4.659289,-3.58167,0.2412927,24,24,24,24,24,24,24,24,24,24,24,24,24,24,24,24,989,9890,-7.666315,-5.930567,-3.667334,-3.619926,94.95491,77.33234,-2.612077,-1.695039,-2.072171,-2.061338,-2.10403,-2.827565,-2.945199,-2.450864,-2.047738,-2.939203,24,24,24,24,24,24,24,24,24,24,24,24,24,24,24,24,989,9890,-2.068097,-5.244596,-5.365335,-2.321919,-2.329396,-1.785431,-1.553851,-69.01153,0.1247118,0.1208222,1.311177,0.1211561,-0.1102143,-0.0001035426,0.2212456,3.847392,23,23,23,23,23,23,23,23,23,23,23,23,23,23,23,23
990,9900,-39.92476,-54.40678,-24.74109,-24.60426,-20.87126,-19.37634,-15.31593,-14.04607,-10.64526,-10.45574,-6.060091,-8.196001,-5.603427,-6.809753,-3.939823,-0.9657168,24,24,24,24,24,24,24,24,24,24,24,24,24,24,24,24,990,9900,-6.052481,-5.535098,-3.929173,-3.490649,95.08627,76.35056,-2.481479,-1.434281,-3.107554,-1.546352,-2.76101,-3.231686,-2.049329,-1.782682,-2.890875,-2.260943,24,24,24,24,24,24,24,24,24,24,24,24,24,24,24,24,990,9900,-2.527659,-4.221304,-4.598578,-1.805967,-2.71796,-3.186738,-2.458969,-69.23022,0.2483352,0.7256007,0.5959795,-0.3639433,0.330052,0.2221944,-0.1107569,2.326199,23,23,23,23,23,23,23,23,23,23,23,23,23,23,23,23
991,9910,-40.40577,-54.64857,-22.77212,-20.09844,-18.33717,-16.78513,-14.29501,-12.91758,-10.52156,-9.349575,-5.585002,-7.061321,-5.961084,-5.854017,-4.41731,-0.0001091612,24,24,24,24,24,24,24,24,24,24,24,24,24,24,24,24,991,9910,-4.70751,-4.348689,-4.71471,-2.973537,93.64143,77.20962,-2.350879,-1.695039,-2.719285,-2.447577,-3.41799,-2.69286,-1.665384,-2.562231,-2.529531,-2.487029,24,24,24,24,24,24,24,24,24,24,24,24,24,24,24,24,991,9910,-2.75744,-4.860862,-4.981957,-2.321919,-3.106523,-2.677171,-1.165944,-68.79285,0.7428274,-0.4839596,-0.1192176,0.6062555,-0.1102143,0.666791,-0.1108082,3.145306,23,23,23,23,23,23,23,23,23,23,23,23,23,23,23,23
992,9920,-37.64001,-53.19773,-22.15681,-19.00243,-18.94054,-16.90852,-14.55024,-12.54141,-11.38746,-9.841205,-7.72157,-8.448152,-6.557181,-6.809753,-5.611153,-0.3622112,24,24,24,24,24,24,24,24,24,24,24,24,24,24,24,24,992,9920,-4.842008,-4.875981,-4.191019,-3.490649,94.03549,77.33234,-2.612077,-2.346927,-1.813326,-2.061338,-2.892405,-2.154031,-1.537402,-2.228137,-1.32505,-2.373979,24,24,24,24,24,24,24,24,24,24,24,24,24,24,24,24,992,9920,-1.953208,-4.093393,-5.876507,-3.095848,-2.329396,-2.040214,-1.812457,-69.33956,-0.4934033,-0.4839596,0.4767799,0.2424309,-0.5504838,-0.7781482,-0.3321437,2.911329,23,23,23,23,23,23,23,23,23,23,23,23,23,23,23,23
993,9930,-35.23501,-52.71412,-20.68008,-17.29752,-17.13046,-16.04478,-13.4017,-12.29064,-10.27415,-9.595389,-6.060091,-7.691699,-5.603427,-7.168155,-4.536694,-1.086417,24,24,24,24,24,24,24,24,24,24,24,24,24,24,24,24,993,9930,-3.36254,-3.55775,-2.750874,-3.232093,94.69221,78.19141,-2.08968,-1.173528,-2.201595,-2.447577,-2.10403,-2.019323,-2.049329,-2.005409,-2.409082,-3.391371,24,24,24,24,24,24,24,24,24,24,24,24,24,24,24,24,993,9930,-1.493652,-4.093393,-5.493128,-1.547991,-1.552269,-2.294997,-1.553851,-68.57415,0.3719579,0.8465577,0.715179,0.2424309,-0.220284,-0.1112537,0.2211943,2.6773,23,23,23,23,23,23,23,23,23,23,23,23,23,23,23,23
994,9940,-35.83626,-53.68135,-20.80314,-18.51531,-17.97517,-15.92139,-12.12555,-11.16214,-9.037145,-8.980852,-5.585002,-6.304868,-5.364989,-5.73455,-4.297925,-0.3622112,24,24,24,24,24,24,24,24,24,24,24,24,24,24,24,24,994,9940,-4.70751,-3.162281,-4.583787,-3.619926,94.69221,78.06868,-2.350879,-1.303905,-2.848708,-1.803845,-1.315655,-2.019323,-1.793366,-1.782682,-3.252219,-2.147894,24,24,24,24,24,24,24,24,24,24,24,24,24,24,24,24,994,9940,-2.068103,-4.477128,-4.215199,-2.450907,-1.811311,-3.186738,-2.458969,-69.33956,0.001089204,-1.088738,-0.1192176,0.1211561,0.4401186,0.8890896,0.2211943,2.794314,23,23,23,23,23,23,23,23,23,23,23,23,23,23,23,23
995,9950,-34.03251,-53.31864,-19.94172,-18.14998,-17.37181,-14.56408,-12.12555,-9.908262,-9.037145,-8.120502,-7.484217,-7.439548,-7.391716,-7.287622,-7.282534,-0.482913,24,24,24,24,24,24,24,24,24,24,24,24,24,24,24,24,995,9950,-3.766031,-3.55775,-3.79825,-2.327149,94.95491,77.57779,-1.69788,-2.346927,-2.201595,-2.061338,-1.052866,-2.69286,-1.281438,-2.673595,-3.131771,-2.147894,24,24,24,24,24,24,24,24,24,24,24,24,24,24,24,24,995,9950,-1.608541,-4.093393,-5.748662,-2.450907,-2.977002,-2.677171,-1.812457,-68.13677,-0.1225342,0.2417759,1.072777,0.6062555,-0.0001476886,-0.3335516,-0.6641462,3.028343,23,23,23,23,23,23,23,23,23,23,23,23,23,23,23,23
996,9960,-35.83626,-52.95593,-20.43396,-18.27175,-18.2165,-15.30443,-13.78455,-12.16525,-10.39785,-10.70156,-8.196279,-9.708906,-8.822347,-9.794281,-7.640687,-0.482913,24,24,24,24,24,24,24,24,24,24,24,24,24,24,24,24,996,9960,-3.093546,-4.480512,-2.619952,-2.585705,94.82355,78.06868,-2.350879,-3.129192,-2.331017,-1.932592,-1.578448,-2.154031,-2.049329,-2.784958,-1.92729,-1.695719,24,24,24,24,24,24,24,24,24,24,24,24,24,24,24,24,996,9960,-2.068103,-3.83757,-5.237491,-3.095848,-2.070354,-1.912822,-3.234785,-69.88629,0.4955813,-0.1210918,0.9535778,0.4849806,-0.1102143,-0.6669989,0.6638637,3.613415,23,23,23,23,23,23,23,23,23,23,23,23,23,23,23,23
997,9970,-37.03876,-54.40678,-22.40294,-23.02114,-21.71597,-20.36348,-17.4854,-15.80151,-13.61408,-14.38878,-10.56982,-13.23902,-11.68265,-12.77764,-9.905733,-0.2415111,24,24,24,24,24,24,24,24,24,24,24,24,24,24,24,24,997,9970,-4.573013,-3.821396,-2.881797,-2.327149,94.16685,77.33234,-2.873278,-2.477304,-1.942748,-2.190084,-2.629616,-2.154031,-3.073181,-2.562231,-2.168186,-2.713111,24,24,24,24,24,24,24,24,24,24,24,24,24,24,24,24,997,9970,-2.757443,-4.988773,-5.237491,-2.579896,-2.329343,-2.422388,-2.846877,-69.23022,0.3719579,0.1208222,0.715179,-0.7277679,0.1099189,0.666791,0.6638637,2.911329,23,23,23,23,23,23,23,23,23,23,23,23,23,23,23,23
998,9980,-37.51976,-54.76949,-22.89518,-22.77758,-22.56067,-19.12956,-17.99586,-15.80151,-14.10889,-13.28261,-11.04453,-11.72611,-12.03972,-10.51029,-10.26337,-0.1208109,24,24,24,24,24,24,24,24,24,24,24,24,24,24,24,24,998,9980,-3.36254,-3.162281,-2.358113,-2.714983,95.08627,76.71873,-2.481479,-1.955793,-2.46044,-1.803845,-1.709843,-3.096981,-2.177308,-1.894046,-1.92729,-2.487022,24,24,24,24,24,24,24,24,24,24,24,24,24,24,24,24,998,9980,-2.412773,-3.709659,-4.598527,-2.579896,-2.717906,-2.804513,-3.493389,-69.77695,0.4955813,0.6046437,-0.1192176,0.7275303,0.6602517,-0.1112537,-0.5534776,2.6773,23,23,23,23,23,23,23,23,23,23,23,23,23,23,23,23
999,9990,-38.84251,-55.13219,-23.26436,-23.50825,-23.64671,-19.86991,-18.25109,-16.67922,-14.23259,-14.51169,-10.09511,-12.10434,-10.61064,-9.913616,-8.236786,-0.1208109,24,24,24,24,24,24,24,24,24,24,24,24,24,24,24,24,999,9990,-2.690055,-2.371342,-2.750874,-2.068594,94.29815,76.59601,-2.481532,-0.7823935,-2.848708,-1.417606,-3.023803,-2.154031,-1.665384,-2.005409,-2.288634,-1.808762,24,24,24,24,24,24,24,24,24,24,24,24,24,24,24,24,999,9990,-2.068103,-3.83757,-5.365283,-3.095848,-2.588386,-1.785379,-1.424547,-69.01153,-0.2461572,-0.3630026,0.3575807,0.3637058,0.1099189,-0.444701,0.2211943,3.028343,23,23,23,23,23,23,23,23,23,23,23,23,23,23,23,23
