0,0,-39.07686,-42.19596,-7.881783,-8.407684,-9.051952,-7.284026,-6.382096,-4.265825,-5.07772,-4.798995,-2.852481,-3.405144,-2.622833,-1.55305,-1.671414,0.2414003,23,23,23,23,23,23,23,23,23,23,23,23,23,23,23,23,0,0,-2.69002,-2.108798,-1.965299,-1.680621,-8.801678,-13.01217,-2.742679,-1.825342,-2.718437,-1.675072,-2.497001,-3.367107,-2.688185,-1.893558,-2.52949,-1.921747,23,23,23,23,22,22,23,23,23,23,23,23,23,23,23,23,0,0,-2.642082,-3.837441,-4.599729,-2.450846,-2.589952,-2.930632,-2.198612,-68.79366,0.3707153,0.8466508,-0.2383883,-3.210623E-06,0.0009663975,-0.2208884,0.442679,0.7020797,22,22,22,22,22,22,22,22,22,22,22,22,22,22,22,22
1,10,-37.51386,-43.28411,-8.74322,-11.33041,-10.37958,-9.134917,-7.020062,-7.651342,-5.820794,-7.013897,-3.80296,-4.918068,-2.980496,-3.345079,-1.671414,-0.9656237,23,23,23,23,23,23,23,23,23,23,23,23,23,23,23,23,1,10,-2.421022,-1.976998,-2.227145,-2.585576,-9.195737,-11.78473,-2.612077,-1.825342,-1.553397,-2.576308,-2.759845,-2.154963,-1.664128,-2.561859,-1.927242,-2.147839,23,23,23,23,22,22,23,23,23,23,23,23,23,23,23,23,1,10,-2.756994,-3.581615,-4.85527,-2.450846,-2.201457,-2.930632,-1.810627,-68.24693,0.4943179,0.9676079,0.2384164,-0.1212813,-0.3292943,0.3350052,-0.3320041,0.7020797,22,22,22,22,22,22,22,22,22,22,22,22,22,22,22,22
2,20,-37.51386,-43.64683,-8.004846,-10.11261,-10.0175,-8.271168,-6.637282,-6.272058,-5.449257,-5.414246,-2.139621,-4.161606,-1.430627,-2.628267,-1.7908,-0.9656237,23,23,23,23,23,23,23,23,23,23,23,23,23,23,23,23,2,20,-2.152025,-1.845199,-1.83437,-2.844135,-8.670325,-11.41651,-2.089672,-1.825342,-2.200641,-2.962553,-2.102733,-1.48155,-2.176158,-2.004941,-1.686343,-2.147839,23,23,23,23,22,22,23,23,23,23,23,23,23,23,23,23,2,20,-2.986817,-4.349093,-4.599729,-1.805897,-1.424465,-2.293548,-2.069284,-68.57497,-0.3709004,0.1209024,0.1192152,-0.2425593,-0.2192053,0.5573424,0.442679,-0.0001412674,22,22,22,22,22,22,22,22,22,22,22,22,22,22,22,22
3,30,-39.67801,-43.52592,-9.727719,-9.990829,-9.896809,-7.777597,-7.147656,-6.522838,-5.94464,-5.537296,-3.44653,-3.783375,-2.742054,-2.867203,-2.745886,-0.1207066,23,23,23,23,23,23,23,23,23,23,23,23,23,23,23,23,3,30,-2.959017,-1.054401,-2.227145,-2.585576,-8.670325,-12.03023,-2.873281,-1.564581,-2.718437,-2.576308,-1.445618,-1.346867,-1.792136,-1.336642,-1.565893,-2.034793,23,23,23,23,22,22,23,23,23,23,23,23,23,23,23,23,3,30,-2.412263,-4.093267,-4.7275,-1.934887,-1.94246,-2.675798,-1.681299,-68.46562,0.4943179,0.4837766,0.2384164,0.1212716,-0.2192053,-0.2208387,-0.1106654,0.9361534,22,22,22,22,22,22,22,22,22,22,22,22,22,22,22,22
4,40,-41.48147,-45.3395,-9.973844,-12.06109,-11.9486,-9.381702,-7.530436,-7.400564,-6.439428,-6.890847,-4.159389,-5.548454,-4.291924,-4.181358,-2.268343,0.2414003,23,23,23,23,23,23,23,23,23,23,23,23,23,23,23,23,4,40,-2.286524,-2.240597,-2.750836,-1.939232,-8.801678,-11.66201,-2.612077,-1.434204,-3.236234,-1.675072,-1.577042,-1.750916,-1.792136,-2.339093,-1.204544,-2.373928,23,23,23,23,22,22,23,23,23,23,23,23,23,23,23,23,4,40,-2.642082,-4.732833,-5.366354,-1.805897,-1.03597,-1.274213,-1.163985,-68.24693,-0.1236949,0.9676079,-0.1191871,-0.4851122,-0.549466,-0.4431759,0.2213419,0.5850397,22,22,22,22,22,22,22,22,22,22,22,22,22,22,22,22
5,50,-41.36124,-45.09769,-11.20447,-11.81753,-11.22444,-8.517954,-7.785623,-7.149784,-6.686834,-6.029497,-4.159389,-5.044146,-4.053482,-3.942421,-2.387729,-4.815934E-06,23,23,23,23,23,23,23,23,23,23,23,23,23,23,23,23,5,50,-1.61403,-2.240597,-2.358068,-1.551395,-7.882207,-12.15295,-1.697869,-2.868374,-2.33009,-1.932568,-1.708465,-2.154963,-1.664128,-2.561859,-2.047691,-2.260882,23,23,23,23,22,22,23,23,23,23,23,23,23,23,23,23,5,50,-2.067529,-3.965354,-4.85527,-1.160947,-1.553965,-2.166131,-2.327941,-68.57497,-9.23054E-05,0.2418626,0.3576176,-0.1212813,-0.2192053,-0.1096701,-0.1106654,0.5850397,22,22,22,22,22,22,22,22,22,22,22,22,22,22,22,22
6,60,-45.80977,-47.51579,-12.92734,-14.37492,-11.58652,-10.36885,-8.04081,-8.40368,-6.192024,-7.383048,-4.634629,-6.557069,-5.245689,-6.331791,-4.05913,-0.4828134,23,23,23,23,23,23,23,23,23,23,23,23,23,23,23,23,6,60,-2.824518,-2.504196,-1.965299,-1.939232,-9.064333,-11.17101,-2.220274,-3.259511,-1.941744,-0.9025831,-1.445618,-0.538773,-1.664128,-2.22771,-2.168141,-1.808704,23,23,23,23,22,22,23,23,23,23,23,23,23,23,23,23,6,60,-1.952617,-4.988659,-5.494125,-1.547917,-2.201457,-1.40163,-1.422641,-68.57497,-9.23054E-05,-5.458059E-05,0.3576176,0.4851026,-0.7696376,-0.1096701,0.442679,0.3509724,22,22,22,22,22,22,22,22,22,22,22,22,22,22,22,22
7,70,-44.367,-48.84575,-13.91184,-15.1056,-12.91415,-11.2326,-8.678775,-9.782965,-7.800157,-8.243571,-5.585108,-6.557069,-5.841792,-5.376043,-2.865272,-1.327731,23,23,23,23,23,23,23,23,23,23,23,23,23,23,23,23,7,70,-3.497012,-3.163194,-1.83437,-1.809952,-9.064333,-11.29374,-2.350823,-2.477236,-1.682846,-1.288827,-2.102733,-1.48155,-2.432173,-2.116324,-1.806792,-1.356523,23,23,23,23,22,22,23,23,23,23,23,23,23,23,23,23,7,70,-1.607886,-3.197876,-5.238584,-2.192866,-1.424466,-2.038714,-1.681351,-68.57497,0.3707153,-0.1210116,0.7152212,0.7276555,0.1110522,-0.5543445,-0.3320041,0.8191133,22,22,22,22,22,22,22,22,22,22,22,22,22,22,22,22
8,80,-46.17046,-48.60394,-13.66572,-15.22738,-12.67276,-10.98581,-8.933962,-8.905238,-7.057941,-7.259997,-4.753438,-6.935301,-4.649585,-4.420295,-3.342815,-0.3621117,23,23,23,23,23,23,23,23,23,23,23,23,23,23,23,23,8,80,-4.035007,-2.504196,-1.572524,-0.9049983,-8.801627,-11.90751,-3.134431,-1.825294,-1.294499,-1.675072,-1.314198,-1.48155,-2.560181,-1.336642,-1.445443,-2.034793,23,23,23,23,22,22,23,23,23,23,23,23,23,23,23,23,8,80,-1.722798,-3.965354,-5.494125,-2.063876,-1.035971,-1.274213,-1.810679,-67.91888,-0.7417084,-0.2419686,1.404647E-05,0.3638245,-0.1091194,-0.3320073,-0.2213355,0.9361534,22,22,22,22,22,22,22,22,22,22,22,22,22,22,22,22
9,90,-44.367,-48.36213,-13.66572,-14.61848,-13.75901,-10.61563,-9.827115,-8.65446,-7.181643,-6.521697,-4.753438,-5.926684,-5.007247,-4.181358,-2.6265,0.1206985,23,23,23,23,23,23,23,23,23,23,23,23,23,23,23,23,9,90,-2.824518,-1.845199,-1.441602,-1.680673,-8.801627,-12.88944,-2.350823,-1.434156,-1.553397,-1.546323,-1.577042,-2.693695,-1.024094,-1.113874,-1.927242,-2.600017,23,23,23,23,22,22,23,23,23,23,23,23,23,23,23,23,9,90,-1.837709,-3.325788,-5.238584,-2.321856,-1.165469,-0.8919632,-1.293366,-68.24693,-0.6181059,-0.3629256,-0.1191871,-0.1212813,-0.1091194,0.112668,0.1106718,1.521334,22,22,22,22,22,22,22,22,22,22,22,22,22,22,22,22
10,100,-47.25254,-50.53841,-16.37309,-15.71451,-14.72455,-11.60277,-10.2099,-9.406797,-7.800157,-8.120641,-5.347488,-7.313531,-5.48413,-5.495512,-3.342815,-0.2414083,23,23,23,23,23,23,23,23,23,23,23,23,23,23,23,23,10,100,-3.093516,-1.4498,-1.83437,-1.422115,-9.195685,-13.01217,-1.697817,-1.564533,-1.941744,-0.6450868,-2.365577,-1.885599,-1.152102,-1.002491,-1.565893,-2.260882,23,23,23,23,22,22,23,23,23,23,23,23,23,23,23,23,10,100,-1.607886,-3.709528,-5.366354,-2.321856,-1.553965,-1.529047,-1.164037,-67.80954,-9.23054E-05,-0.1209602,0.59602,0.4851026,0.3312239,-0.5543445,-0.2213355,0.8191133,22,22,22,22,22,22,22,22,22,22,22,22,22,22,22,22
11,110,-47.493,-50.53841,-16.12696,-14.37492,-12.91415,-11.1092,-9.954708,-9.657576,-7.552752,-8.366503,-5.822726,-6.557069,-5.72257,-4.659232,-3.104044,-0.1207066,23,23,23,23,23,23,23,23,23,23,23,23,23,23,23,23,11,110,-2.152025,-2.108798,-2.358068,-1.551395,-9.458341,-12.39845,-2.089621,-1.173396,-1.941744,-1.546323,-2.102733,-2.154963,-1.664128,-1.336642,-2.770389,-2.373928,23,23,23,23,22,22,23,23,23,23,23,23,23,23,23,23,11,110,-1.033332,-3.069962,-4.85527,-1.289937,-1.94246,-1.01938,-1.422693,-68.02824,-0.2472978,-1.20958,-0.2383875,0.1212716,0.2211381,0.2238358,-0.3320041,0.9361534,22,22,22,22,22,22,22,22,22,22,22,22,22,22,22,22
12,120,-46.65138,-50.2966,-15.38859,-15.1056,-13.03485,-11.84956,-9.571928,-10.40991,-8.171265,-9.841673,-4.872247,-7.817841,-5.126467,-5.73445,-3.700972,-4.815934E-06,23,23,23,23,23,23,23,23,23,23,23,23,23,23,23,23,12,120,-1.883027,-2.108798,-1.179756,-1.422115,-9.064333,-12.27573,-1.567216,-1.694913,-0.6472551,-2.190064,-2.234154,-1.346867,-0.8960864,-1.893558,-1.324993,-2.260882,23,23,23,23,22,22,23,23,23,23,23,23,23,23,23,23,12,120,-0.6885983,-2.814136,-4.983042,-1.934886,-1.94246,-1.529047,-1.164037,-67.80954,0.4943179,0.604785,-0.3575887,0.6063743,0.5513955,0.3350052,-0.2213355,0.2339324,22,22,22,22,22,22,22,22,22,22,22,22,22,22,22,22
13,130,-48.6953,-51.14294,-15.63472,-15.47094,-13.51762,-12.8367,-10.0823,-10.28452,-8.789777,-8.858225,-5.822726,-7.43961,-5.84184,-4.89817,-2.865272,-1.086325,23,23,23,23,23,23,23,23,23,23,23,23,23,23,23,23,13,130,-2.286524,-1.713399,-1.83437,-2.585628,-8.93298,-11.90751,-2.220223,-1.303776,-1.553397,-3.091301,-1.97131,-1.885599,-2.30416,-1.893558,-0.843195,-1.921747,23,23,23,23,22,22,23,23,23,23,23,23,23,23,23,23,13,130,-1.607886,-3.965354,-4.85527,-1.934886,-2.848949,-1.529047,-1.552022,-68.24693,-0.3709004,-0.8467054,-0.7151923,-0.7276683,-0.3292333,0.446173,-0.2213355,0.9361534,22,22,22,22,22,22,22,22,22,22,22,22,22,22,22,22
14,140,-47.85369,-51.50565,-16.0039,-15.71451,-13.75901,-11.97295,-10.0823,-10.28452,-7.800157,-7.99771,-4.991056,-6.809225,-4.291972,-4.420343,-2.6265,-0.2414083,23,23,23,23,23,23,23,23,23,23,23,23,23,23,23,23,14,140,-2.555521,-1.186201,-2.358068,-2.068511,-8.801627,-11.41651,-2.481425,-1.564533,-2.847887,-1.80382,-1.05135,-1.885599,-1.920137,-1.559457,-1.445443,-1.582612,23,23,23,23,22,22,23,23,23,23,23,23,23,23,23,23,14,140,-2.067529,-2.814136,-4.983042,-2.837815,-2.589952,-3.058049,-2.974636,-68.46562,-0.2472978,0.362871,-0.3575887,-0.6063903,0.11111,0.3349538,3.210623E-06,0.3509724,22,22,22,22,22,22,22,22,22,22,22,22,22,22,22,22
15,150,-48.09415,-51.98927,-17.11146,-15.1056,-14.60385,-11.35599,-8.806368,-8.905238,-8.047562,-7.136946,-5.109867,-6.430994,-4.530412,-3.823001,-3.701024,-4.815934E-06,23,23,23,23,23,23,23,23,23,23,23,23,23,23,23,23,15,150,-3.228015,-1.581599,-2.881759,-2.456349,-8.93298,-11.29374,-2.350823,-1.173396,-2.459539,-1.675072,-1.445618,-1.750916,-1.664125,-2.116375,-2.047691,-1.695658,23,23,23,23,22,22,23,23,23,23,23,23,23,23,23,23,15,150,-2.412263,-3.837441,-4.599729,-1.676907,-2.071959,-1.656464,-2.974636,-67.48151,0.3707153,-0.1209602,0.119216,-0.1212845,-0.659494,0.2237852,-0.2213355,-0.0001412674,22,22,22,22,22,22,22,22,22,22,22,22,22,22,22,22
16,160,-48.09415,-52.5938,-16.49615,-13.52246,-12.91415,-11.1092,-9.827115,-9.532187,-8.047562,-8.366503,-5.228676,-7.061378,-5.484179,-4.181407,-2.984709,-1.605311E-06,23,23,23,23,23,23,23,23,23,23,23,23,23,23,23,23,16,160,-1.883027,-2.372397,-2.750836,-1.939232,-8.670274,-11.78473,-1.306012,-1.825294,-2.718437,-1.932568,-1.182774,-2.020281,-1.024089,-1.893606,-1.324993,-2.373973,23,23,23,23,22,22,23,23,23,23,23,23,23,23,23,23,16,160,-2.527171,-3.709528,-4.983042,-1.805897,-2.201457,-3.185466,-3.362622,-68.903,0.4943179,0.725742,1.484913E-05,0.1212684,-0.3292333,0.3349538,0.3320105,0.5720944,22,22,22,22,22,22,22,22,22,22,22,22,22,22,22,22
17,170,-46.29069,-50.90113,-14.15797,-10.96507,-11.70721,-10.24545,-8.423588,-8.65446,-6.810537,-7.751849,-4.872247,-6.178839,-4.649633,-3.703532,-2.507165,-1.605311E-06,23,23,23,23,23,23,23,23,23,23,23,23,23,23,23,23,17,170,-2.286524,-2.899595,-1.965299,-2.585628,-8.801627,-12.03023,-2.089621,-2.737948,-1.941744,-1.675072,-1.97131,-2.154963,-1.792133,-2.450524,-2.890839,-2.26093,23,23,23,23,22,22,23,23,23,23,23,23,23,23,23,23,17,170,-2.986765,-4.093267,-4.7275,-1.805897,-1.424466,-2.166131,-2.198665,-67.80954,-9.23054E-05,-3.210623E-06,1.484913E-05,-0.1212845,-0.2191475,0.1126166,0.1106718,0.4550737,22,22,22,22,22,22,22,22,22,22,22,22,22,22,22,22
18,180,-46.53115,-50.78023,-13.0504,-10.35617,-9.534727,-11.1092,-8.551182,-10.28452,-8.047562,-8.858225,-5.466295,-7.313533,-4.291972,-4.898218,-3.462252,0.1207002,23,23,23,23,23,23,23,23,23,23,23,23,23,23,23,23,18,180,-2.286524,-3.031394,-2.227145,-1.551395,-9.983752,-11.53924,-2.350823,-2.477188,-2.071194,-1.417575,-2.628421,-1.48155,-2.176152,-2.561907,-1.806792,-2.147884,23,23,23,23,22,22,23,23,23,23,23,23,23,23,23,23,18,180,-2.182389,-4.477006,-5.366354,-1.805897,-2.071959,-2.803215,-2.974636,-69.34039,-9.23054E-05,0.241914,0.4768192,0.4850994,0.001024189,-0.3320579,0.1106718,1.274193,22,22,22,22,22,22,22,22,22,22,22,22,22,22,22,22
19,190,-48.6953,-51.14294,-14.15796,-11.45219,-10.86236,-11.35599,-8.678775,-10.28452,-8.542372,-9.34995,-5.347486,-7.187456,-4.768854,-4.898218,-2.268394,-1.448429,23,23,23,23,23,23,23,23,23,23,23,23,23,23,23,23,19,190,-2.959017,-2.635996,-2.227151,-1.551395,-9.195685,-11.66201,-2.612026,-2.216431,-1.553397,-1.675072,-1.708465,-1.750916,-2.560175,-2.227758,-1.565893,-2.034838,23,23,23,23,22,22,23,23,23,23,23,23,23,23,23,23,19,190,-2.412211,-4.732833,-5.110863,-2.192866,-2.201457,-2.038714,-2.58665,-68.13757,0.6179212,0.241914,0.357618,-6.421245E-06,-0.3292333,-0.1097206,0.2213419,0.6891088,22,22,22,22,22,22,22,22,22,22,22,22,22,22,22,22
20,200,-47.25254,-51.26385,-13.29653,-10.35617,-10.0175,-10.49224,-8.168402,-9.156017,-7.552752,-8.735295,-4.040578,-6.55707,-3.099765,-3.703532,-2.745937,0.3621053,23,23,23,23,23,23,23,23,23,23,23,23,23,23,23,23,20,200,-3.093516,-2.240597,-1.834383,-2.197791,-8.407568,-12.15295,-2.089621,-1.694913,-1.553397,-2.576308,-1.314198,-2.020281,-1.920137,-1.448073,-1.927242,-2.487019,23,23,23,23,22,22,23,23,23,23,23,23,23,23,23,23,20,200,-1.148193,-4.093267,-5.621947,-1.805895,-2.201457,-1.783881,-2.069336,-68.903,-0.3709004,-0.2419172,1.484913E-05,0.3638214,-0.2191475,-0.7767323,0.5533476,0.9231439,22,22,22,22,22,22,22,22,22,22,22,22,22,22,22,22
21,210,-47.493,-50.05479,-14.52715,-11.20863,-10.86236,-10.24545,-8.806368,-8.779849,-8.666075,-7.99771,-5.347486,-6.55707,-4.05353,-3.345127,-2.984709,0.7242121,23,23,23,23,23,23,23,23,23,23,23,23,23,23,23,23,21,210,-1.479531,-2.372397,-1.441608,-2.585629,-9.721046,-13.25766,-1.828418,-2.086051,-1.682846,-1.546323,-1.839886,-2.828377,-1.536118,-1.67084,-2.28859,-2.600065,23,23,23,23,22,22,23,23,23,23,23,23,23,23,23,23,21,210,-2.756943,-4.604919,-5.877488,-1.547916,-1.942513,-1.656464,-1.293366,-68.02824,-1.112516,-0.3628742,0.4768192,0.3638214,-0.4393191,-0.7767323,3.210623E-06,0.8061231,22,22,22,22,22,22,22,22,22,22,22,22,22,22,22,22
22,220,-49.17622,-50.65932,-15.0194,-11.93931,-12.91416,-11.47938,-8.678775,-9.281406,-8.294967,-8.735295,-5.347486,-6.683147,-3.93431,-3.94247,-2.268394,-0.120705,23,23,23,23,23,23,23,23,23,23,23,23,23,23,23,23,22,220,-1.345033,-2.108798,-1.441608,-1.680674,-9.721046,-12.64389,-1.567216,-1.564533,-1.812295,-1.932568,-1.708465,-2.828377,-1.280103,-1.225307,-2.40904,-2.713108,23,23,23,23,22,22,23,23,23,23,23,23,23,23,23,23,22,220,-1.722746,-2.942049,-5.366405,-2.063875,-1.554017,-2.16613,-1.940008,-68.02824,-0.7417084,-0.4838312,0.2384168,0.6063743,0.4413675,0.2237852,0.1106718,1.274193,22,22,22,22,22,22,22,22,22,22,22,22,22,22,22,22
23,230,-49.05599,-50.05479,-14.40409,-12.18288,-12.79346,-10.98581,-8.678776,-8.40368,-8.41867,-8.243572,-3.921768,-5.548454,-3.338207,-3.106189,-1.79085,-0.3621085,23,23,23,23,23,23,23,23,23,23,23,23,23,23,23,23,23,230,-1.61403,-1.713399,-2.227151,-1.292836,-9.458341,-12.64389,-1.04481,-1.173396,-2.588988,-1.031331,-2.759845,-2.154963,-1.536118,-1.893606,-2.40904,-2.600065,23,23,23,23,22,22,23,23,23,23,23,23,23,23,23,23,23,230,-1.722746,-4.093267,-5.494176,-2.966804,-2.072011,-1.911296,-0.9053282,-67.59084,0.6179212,-0.3628742,-0.5959911,0.6063743,0.6615392,-0.4432265,-0.3320041,1.859272,22,22,22,22,22,22,22,22,22,22,22,22,22,22,22,22
24,240,-49.41668,-50.41751,-14.52715,-13.40068,-11.34514,-10.12206,-8.168402,-8.905238,-7.676455,-9.841673,-3.921768,-6.304916,-2.980544,-3.345127,-2.626551,-0.2414067,23,23,23,23,23,23,23,23,23,23,23,23,23,23,23,23,24,240,-1.61403,-2.108798,-1.965306,-2.45635,-9.458341,-11.90745,-1.959019,-1.043067,-1.553397,-1.932568,-2.365577,-1.346867,-1.536118,-2.116375,-1.686342,-2.487019,23,23,23,23,22,22,23,23,23,23,23,23,23,23,23,23,24,240,-1.148193,-3.709527,-5.110863,-2.450845,-1.942513,-1.78388,-1.551971,-67.4815,0.1235102,-1.088619,0.8344228,0.2425465,0.4413675,0.557291,-0.4426726,0.3380593,22,22,22,22,22,22,22,22,22,22,22,22,22,22,22,22
25,250,-47.73346,-51.38475,-16.12696,-14.00958,-11.70722,-9.998668,-8.806369,-9.281406,-8.542371,-9.104088,-4.278198,-6.55707,-4.05353,-3.584065,-1.79085,-1.086322,23,23,23,23,23,23,23,23,23,23,23,23,23,23,23,23,25,250,-1.345033,-2.372397,-1.703454,-2.844187,-9.195685,-11.53918,-1.436614,-2.086099,-1.682845,-2.190064,-2.102733,-1.48155,-1.280103,-1.893606,-1.927242,-1.469614,23,23,23,23,22,22,23,23,23,23,23,23,23,23,23,23,25,250,-1.148193,-3.581614,-4.855321,-2.450845,-2.460506,-1.656463,-2.327942,-67.4815,0.6179718,0.1209538,-0.5959911,0.2425465,0.3312817,-0.4432265,-1.106687,1.625243,22,22,22,22,22,22,22,22,22,22,22,22,22,22,22,22
26,260,-45.08838,-50.2966,-14.89634,-13.76602,-11.46583,-10.24545,-7.275249,-9.156017,-7.800157,-8.120641,-4.397007,-5.800608,-2.742103,-3.225658,-1.671465,-0.2414067,23,23,23,23,23,23,23,23,23,23,23,23,23,23,23,23,26,260,-2.152025,-1.845199,-2.227151,-2.844187,-8.801627,-12.03018,-1.697817,-1.955719,-1.812294,-2.833804,-1.708465,-1.48155,-1.536118,-0.8911565,-1.324993,-1.921792,23,23,23,23,22,22,23,23,23,23,23,23,23,23,23,23,26,260,-1.607835,-3.83744,-4.855321,-1.676906,-1.942513,-1.401629,-1.422642,-67.37215,-0.3708494,-0.8458707,-0.1191863,-6.421245E-06,-0.1090616,0.3349538,0.3320105,0.3380593,22,22,22,22,22,22,22,22,22,22,22,22,22,22,22,22
27,270,-44.48723,-49.32936,-15.26552,-12.79178,-11.34514,-9.011524,-6.764875,-8.152902,-8.666075,-7.628918,-3.921769,-4.539838,-3.099765,-3.703532,-3.104094,0.2414035,23,23,23,23,23,23,23,23,23,23,23,23,23,23,23,23,27,270,-1.883027,-0.7908021,-2.488997,-2.844187,-9.064333,-11.53918,-2.089621,-1.564581,-2.588987,-2.44756,-1.182826,-1.616234,-1.664125,-1.113922,-0.8431946,-1.582657,23,23,23,23,22,22,23,23,23,23,23,23,23,23,23,23,27,270,-1.837658,-3.197874,-4.599779,-2.837814,-2.331008,-2.038713,-2.198614,-67.80953,0.4943693,0.4848971,-0.7151927,-6.421245E-06,0.4413675,0.001447991,-0.8853485,0.5720944,22,22,22,22,22,22,22,22,22,22,22,22,22,22,22,22
28,280,-47.73346,-49.08756,-16.86534,-13.8878,-11.94861,-9.998668,-8.040809,-8.529069,-9.160884,-7.99771,-4.634629,-6.052762,-4.291972,-3.703532,-3.581637,0.3621053,23,23,23,23,23,23,23,23,23,23,23,23,23,23,23,23,28,280,-2.152025,-2.372397,-2.881772,-1.939232,-8.670274,-11.29369,-1.959019,-1.825342,-2.847885,-1.675071,-1.44567,-1.885596,-1.024089,-1.33669,-1.565893,-1.808749,23,23,23,23,22,22,23,23,23,23,23,23,23,23,23,23,28,280,-1.492923,-3.709527,-4.855321,-2.192865,-1.683515,-2.16613,-0.9053282,-67.04411,0.1235616,-0.8458707,-0.7151927,-0.3638342,0.11111,0.3349538,0.5533476,-0.3640397,22,22,22,22,22,22,22,22,22,22,22,22,22,22,22,22
29,290,-48.21438,-48.84575,-16.86534,-14.37492,-10.50028,-9.381702,-7.275249,-7.776732,-7.923859,-6.890846,-3.68415,-5.170223,-2.980493,-3.345127,-2.745937,0.2414035,23,23,23,23,23,23,23,23,23,23,23,23,23,23,23,23,29,290,-0.9415364,-2.504197,-1.441608,-1.422116,-8.93298,-11.90745,-1.567216,-2.086099,-1.812294,-0.7738347,-1.314249,-2.559009,-1.408113,-2.561907,-1.686342,-2.373973,23,23,23,23,22,22,23,23,23,23,23,23,23,23,23,23,29,290,-1.952566,-3.325788,-4.855321,-1.547916,-2.590004,-2.420964,-2.327942,-67.80953,-0.2472464,0.2429414,-0.1191871,-0.2425593,0.4413643,0.2237852,3.210623E-06,0.4550737,22,22,22,22,22,22,22,22,22,22,22,22,22,22,22,22
30,300,-50.85945,-49.69208,-17.48065,-15.34916,-10.74167,-9.628489,-8.423589,-8.779849,-7.552751,-7.751849,-3.68415,-5.800608,-3.218933,-3.225663,-2.268394,0.7242121,23,23,23,23,23,23,23,23,23,23,23,23,23,23,23,23,30,300,-1.748529,-3.031394,-1.441608,-2.068511,-9.327039,-11.17096,-2.220223,-2.868374,-2.459538,-1.803819,-1.971361,-2.020278,-2.176155,-2.227764,-3.011288,-2.147884,23,23,23,23,22,22,23,23,23,23,23,23,23,23,23,23,30,300,-2.182389,-4.349093,-4.983092,-1.805895,-1.942513,-1.78388,-2.586599,-68.02823,0.1235616,-0.119997,-0.2383883,-0.4851122,0.001020978,-0.1096701,-0.1106654,0.221045,22,22,22,22,22,22,22,22,22,22,22,22,22,22,22,22
31,310,-47.493,-50.1757,-16.49615,-15.47094,-10.62098,-10.73902,-8.295996,-9.532187,-7.305346,-8.858225,-4.159389,-6.430993,-2.861272,-4.181412,-2.6265,-0.6035136,23,23,23,23,23,23,23,23,23,23,23,23,23,23,23,23,31,310,-2.555521,-2.504197,-1.310685,-1.551395,-9.327039,-12.03018,-2.612026,-2.086099,-1.682845,-1.546323,-1.314249,-1.212183,-2.304163,-2.116378,-2.047691,-2.26093,23,23,23,23,22,22,23,23,23,23,23,23,23,23,23,23,31,310,-1.607835,-3.453701,-4.344237,-2.192865,-2.590004,-3.185465,-3.103913,-68.35626,0.1235616,0.4848971,-0.1191871,-0.4851122,0.4413643,0.446173,0.3319575,0.5720944,22,22,22,22,22,22,22,22,22,22,22,22,22,22,22,22
32,320,-47.97392,-48.60394,-16.12696,-13.8878,-11.22445,-9.134917,-7.530435,-8.529069,-7.429049,-8.489434,-3.56534,-5.674531,-2.742052,-3.584069,-1.432642,-0.7241624,23,23,23,23,23,23,23,23,23,23,23,23,23,23,23,23,32,320,-3.093516,-2.240597,-1.965306,-2.585629,-9.589693,-12.52117,-2.612026,-2.216479,-1.812294,-2.318812,-1.971361,-2.963056,-2.560178,-1.670847,-1.565893,-2.826109,23,23,23,23,22,22,23,23,23,23,23,23,23,23,23,23,32,320,-2.182389,-3.965353,-4.855321,-1.934885,-1.424518,-2.038713,-3.233242,-67.91888,0.7415752,0.3639176,-0.1191871,-3.210623E-06,0.001020978,0.5573424,0.4426261,0.1039728,22,22,22,22,22,22,22,22,22,22,22,22,22,22,22,22
33,330,-46.65139,-48.72484,-15.63471,-12.0611,-9.293346,-8.517954,-6.637282,-7.902121,-7.429049,-6.767796,-3.68415,-4.413761,-2.265169,-2.62832,-2.029572,0.1207547,23,23,23,23,23,23,23,23,23,23,23,23,23,23,23,23,33,330,-2.420971,-1.976998,-2.096228,-1.292836,-8.801627,-13.01211,-2.350823,-1.694962,-2.588987,-2.44756,-3.02274,-3.367104,-1.92014,-2.45053,-1.806792,-3.052198,23,23,23,23,22,22,23,23,23,23,23,23,23,23,23,23,33,330,-2.412211,-3.83744,-4.855321,-2.063875,-2.460506,-3.695132,-4.655855,-69.01234,0.4943693,0.4848971,0.2384164,-3.210623E-06,-0.4393256,0.2238358,0.1106188,0.8060718,22,22,22,22,22,22,22,22,22,22,22,22,22,22,22,22
34,340,-43.52539,-48.48303,-15.0194,-10.84329,-9.293346,-7.654204,-7.147655,-6.773616,-7.923859,-6.644746,-3.80296,-4.03553,-2.742052,-2.150446,-2.029572,0.3621582,23,23,23,23,23,23,23,23,23,23,23,23,23,23,23,23,34,340,-1.613978,-1.581599,-1.965306,-1.422116,-9.195685,-12.64389,-2.089621,-1.303824,-1.941743,-1.160079,-2.89132,-2.559009,-1.792133,-1.78223,-2.168141,-3.27829,23,23,23,23,22,22,23,23,23,23,23,23,23,23,23,23,34,340,-2.756943,-4.349094,-5.494176,-1.676906,-1.554017,-1.78388,-2.974584,-68.13757,0.3707667,0.2429414,0.1192152,-0.84894,-0.8796689,-0.4431759,-0.2213885,0.3380079,22,22,22,22,22,22,22,22,22,22,22,22,22,22,22,22
35,350,-41.24101,-47.27398,-15.0194,-11.69575,-9.293346,-7.530811,-6.892468,-6.522836,-6.315726,-6.275596,-3.090101,-3.657299,-2.145948,-2.986727,-1.671414,-0.4827573,23,23,23,23,23,23,23,23,23,23,23,23,23,23,23,23,35,350,-2.017475,-1.186201,-2.227151,-1.680674,-9.458341,-12.27567,-1.697817,-1.303824,-2.459538,-1.417575,-3.02274,-1.616231,-1.408113,-1.78223,-2.409041,-2.373928,23,23,23,23,22,22,23,23,23,23,23,23,23,23,23,23,35,350,-1.378012,-3.581615,-4.471958,-0.9029668,-1.813014,-2.16613,-3.103913,-68.46561,0.4943693,-0.2409765,0.1192152,-3.210623E-06,-0.4393256,-0.2208387,0.4426261,0.9230925,22,22,22,22,22,22,22,22,22,22,22,22,22,22,22,22
36,360,-37.51387,-45.58131,-13.17346,-9.016586,-8.810572,-6.420276,-5.616535,-6.272058,-5.573103,-6.029495,-3.68415,-4.791992,-3.218933,-3.345132,-2.268343,0.2414565,23,23,23,23,23,23,23,23,23,23,23,23,23,23,23,23,36,360,-1.882976,-2.108798,-1.572531,-2.327069,-9.721046,-11.66196,-1.306012,-2.216479,-2.200639,-2.833804,-3.417008,-2.424327,-1.664128,-2.784679,-1.927242,-1.582612,23,23,23,23,22,22,23,23,23,23,23,23,23,23,23,23,36,360,-2.642031,-4.604921,-5.238584,-2.450846,-2.072011,-1.529046,-1.6813,-68.13757,0.3707667,0.4848971,-0.1191871,-0.7276652,-0.2191507,0.001498558,0.3319575,1.157121,22,22,22,22,22,22,22,22,22,22,22,22,22,22,22,22
37,370,-40.03871,-46.54855,-11.81978,-8.529464,-6.873789,-6.543669,-5.233755,-6.648227,-6.192024,-7.136946,-3.80296,-5.800608,-3.934258,-4.061944,-2.507115,-0.8448641,23,23,23,23,23,23,23,23,23,23,23,23,23,23,23,23,37,370,-1.748477,-1.845199,-1.441608,-2.714907,-9.589693,-11.17096,-2.089621,-2.477236,-1.682845,-3.348797,-2.234205,-2.424327,-2.304163,-1.893612,-1.927242,-2.486974,23,23,23,23,22,22,23,23,23,23,23,23,23,23,23,23,37,370,-1.722746,-4.349094,-5.366354,-2.063877,-2.201457,-2.038713,-2.845255,-68.90299,-0.4944519,-0.2409765,0.1192152,0.3638245,-0.3292365,-0.3320073,0.3319575,1.274142,22,22,22,22,22,22,22,22,22,22,22,22,22,22,22,22
38,380,-41.96239,-45.3395,-13.54265,-12.0611,-8.442538,-6.050097,-4.978569,-7.149784,-5.820794,-7.013896,-4.872248,-5.422377,-4.29192,-3.823006,-1.671414,-1.206971,23,23,23,23,23,23,23,23,23,23,23,23,23,23,23,23,38,380,-2.017475,-2.240597,-1.703454,-2.585628,-9.458341,-11.66201,-1.828418,-1.955719,-2.459538,-2.576308,-2.365628,-1.885596,-2.688185,-2.116378,-2.288591,-2.373928,23,23,23,23,22,22,23,23,23,23,23,23,23,23,23,23,38,380,-2.52712,-4.221181,-6.13298,-2.708826,-2.201457,-2.166131,-1.163986,-67.59084,-0.8652596,0.0009824506,0.3576176,-0.4851122,-0.3292365,-0.8878503,0.2212874,1.508171,22,22,22,22,22,22,22,22,22,22,22,22,22,22,22,22
39,390,-41.00055,-45.58131,-11.45059,-8.773025,-5.908419,-4.692777,-3.957822,-5.394331,-5.201566,-5.906446,-3.921769,-4.665915,-3.218933,-3.345132,-2.387729,0.1207547,23,23,23,23,23,23,23,23,23,23,23,23,23,23,23,23,39,390,-2.420971,-1.713399,-3.27454,-2.844186,-8.801627,-12.15295,-2.220274,-1.694962,-3.106781,-1.932568,-1.839937,-2.020278,-2.048148,-1.559462,-1.565893,-2.147839,23,23,23,23,22,22,23,23,23,23,23,23,23,23,23,23,39,390,-2.2973,-3.965354,-5.877438,-2.321856,-1.94246,-1.40163,-2.974584,-68.90299,-0.8652596,-0.7248912,-0.1191871,0.6063775,0.5514501,-0.4431759,-0.2213885,0.6890574,22,22,22,22,22,22,22,22,22,22,22,22,22,22,22,22
40,400,-43.76585,-44.37226,-11.81978,-7.18988,-5.787738,-3.82891,-4.085415,-5.018162,-5.07772,-5.045094,-4.753438,-3.783375,-3.934258,-2.867258,-2.387729,0.3621582,23,23,23,23,23,23,23,23,23,23,23,23,23,23,23,23,40,400,-1.47948,-1.845199,-2.61992,-2.068511,-9.327039,-11.90751,-1.175464,-2.086099,-2.459538,-1.803819,-1.182826,-2.559009,-1.536121,-2.116378,-1.324993,-1.808704,23,23,23,23,22,22,23,23,23,23,23,23,23,23,23,23,40,400,-1.837658,-4.349094,-6.005209,-1.676907,-2.460454,-1.274213,-1.034657,-67.7002,0.1235616,0.8478355,0.9536236,0.4851026,-0.4393256,-0.1096701,-0.1107199,0.5720431,22,22,22,22,22,22,22,22,22,22,22,22,22,22,22,22
41,410,-43.64562,-44.49316,-11.32753,-6.580978,-5.425721,-3.952423,-3.319855,-4.516604,-4.334647,-5.045094,-4.753438,-4.539838,-3.576597,-3.225663,-1.671414,-0.3620555,23,23,23,23,23,23,23,23,23,23,23,23,23,23,23,23,41,410,-1.882976,-3.031394,-3.143617,-2.327069,-8.670274,-11.90751,-1.959071,-2.868374,-3.106785,-1.803819,-1.708517,-2.828374,-1.536121,-2.673296,-2.288591,-2.486974,23,23,23,23,22,22,23,23,23,23,23,23,23,23,23,23,41,410,-2.067477,-3.837441,-5.238584,-2.579836,-2.071959,-2.420964,-3.233242,-68.46562,0.3707153,0.1219619,0.4768188,0.1212716,0.3312785,-0.5543445,0.2212874,1.391156,22,22,22,22,22,22,22,22,22,22,22,22,22,22,22,22
42,420,-43.88609,-44.37226,-11.32753,-6.337417,-4.701687,-3.087832,-3.319855,-3.513488,-3.591573,-4.060643,-3.80296,-3.279068,-2.861272,-2.747789,-1.432642,0.2414565,23,23,23,23,23,23,23,23,23,23,23,23,23,23,23,23,42,420,-1.613978,-3.690392,-1.834383,-2.844186,-9.195685,-12.27573,-1.567267,-3.129134,-1.553397,-1.80382,-2.102784,-2.020278,-1.664128,-2.896065,-2.168141,-2.373928,23,23,23,23,22,22,23,23,23,23,23,23,23,23,23,23,42,420,-1.952566,-4.477007,-5.366354,-1.934887,-2.071959,-1.656464,-2.069285,-68.13757,-0.6181059,0.362871,1.404647E-05,-0.6063871,-0.6594972,-1.221357,-4.976465E-05,1.625192,22,22,22,22,22,22,22,22,22,22,22,22,22,22,22,22
43,430,-44.84793,-44.49316,-11.32753,-6.702758,-3.253619,-3.087832,-2.04394,-4.140436,-2.724653,-3.937593,-3.208908,-3.909452,-2.265169,-2.986727,-1.552028,-0.1206504,23,23,23,23,23,23,23,23,23,23,23,23,23,23,23,23,43,430,-2.151974,-2.372397,-1.310685,-1.809952,-9.458341,-12.15295,-2.089672,-2.346859,-2.071194,-1.675072,-2.628421,-1.750913,-2.048148,-2.116378,-2.288591,-1.695658,23,23,23,23,22,22,23,23,23,23,23,23,23,23,23,23,43,430,-1.722746,-3.709529,-5.621896,-2.063877,-1.294968,-2.038714,-2.198614,-68.6843,0.1235102,-3.210623E-06,-0.1192377,-0.1212813,0.1111068,-0.2208387,0.3319575,0.6890574,22,22,22,22,22,22,22,22,22,22,22,22,22,22,22,22
44,440,-46.89185,-44.61407,-11.20447,-6.093838,-3.615636,-3.211345,-2.426702,-3.638877,-3.839264,-4.675894,-3.446528,-4.03553,-3.218933,-3.584069,-2.029572,-0.8448641,23,23,23,23,23,23,23,23,23,23,23,23,23,23,23,23,44,440,-3.765958,-1.976998,-1.310685,-2.19779,-9.195685,-12.52122,-3.134483,-1.955719,-1.423948,-1.932568,-2.234154,-1.885599,-3.200212,-2.561913,-2.168141,-2.147839,23,23,23,23,22,22,23,23,23,23,23,23,23,23,23,23,44,440,-1.952566,-4.221181,-5.238584,-2.321856,-2.201457,-2.038714,-2.45727,-68.13757,-0.9889135,0.1209538,0.1191647,0.2425465,-0.2191507,0.001498558,-0.3320571,0.9230925,22,22,22,22,22,22,22,22,22,22,22,22,22,22,22,22
45,450,-46.77162,-44.00955,-10.83528,-5.362712,-3.012283,-2.964319,-1.788448,-3.137319,-2.724653,-3.691493,-2.971288,-3.15299,-1.669067,-2.986727,-0.7163277,-0.603459,23,23,23,23,23,23,23,23,23,23,23,23,23,23,23,23,45,450,-4.034956,-2.504197,-1.179763,-1.939232,-9.064333,-11.78473,-2.481476,-2.086099,-1.941744,-2.318812,-1.839886,-2.559012,-2.944255,-2.339147,-2.168141,-2.373928,23,23,23,23,22,22,23,23,23,23,23,23,23,23,23,23,45,450,-1.378012,-3.197876,-4.85527,-2.579836,-1.94246,-2.038714,-2.069285,-69.01235,-0.3709004,0.241914,-0.3576401,-0.2425625,0.001024189,0.3350052,0.2212874,0.4550223,22,22,22,22,22,22,22,22,22,22,22,22,22,22,22,22
46,460,-45.93,-43.16321,-9.727717,-4.631587,-2.167568,-2.223241,-1.788448,-2.635761,-2.724653,-2.707092,-2.852479,-2.774759,-2.503612,-1.911456,-1.552028,5.136996E-05,23,23,23,23,23,23,23,23,23,23,23,23,23,23,23,23,46,460,-3.093465,-1.845199,-1.441608,-2.327069,-8.53892,-12.76667,-2.612077,-2.216479,-1.941744,-2.44756,-2.234154,-3.501789,-2.816247,-2.116324,-2.770389,-3.391333,23,23,23,23,22,22,23,23,23,23,23,23,23,23,23,23,46,460,-1.722746,-4.477007,-6.005209,-2.321856,-2.071959,-1.911297,-1.810627,-68.02824,-0.2472978,0.1209538,0.3575667,-6.421245E-06,-0.2191475,-0.9990695,-0.1107199,1.040107,22,22,22,22,22,22,22,22,22,22,22,22,22,22,22,22
47,470,-43.64562,-42.92139,-9.973842,-4.022315,-3.3743,-2.59378,-2.04394,-3.137319,-2.724653,-3.568443,-3.327719,-3.15299,-1.788287,-1.672518,-1.193871,0.4828616,23,23,23,23,23,23,23,23,23,23,23,23,23,23,23,23,47,470,-2.55547,-2.767796,-2.61992,-2.456349,-9.064333,-13.01217,-2.089672,-2.477236,-2.718437,-1.80382,-2.759845,-3.097742,-2.304221,-2.22771,-2.770389,-2.939155,23,23,23,23,22,22,23,23,23,23,23,23,23,23,23,23,47,470,-1.837658,-3.965354,-6.005209,-3.224785,-2.201457,-2.420964,-2.586599,-68.57497,-1.112516,-0.3628742,-0.3576401,0.4850994,0.11111,-0.5543951,-0.5533926,0.8060718,22,22,22,22,22,22,22,22,22,22,22,22,22,22,22,22
48,480,-40.3994,-42.31688,-8.004844,-3.291189,-2.288249,-1.852701,-1.277464,-2.635761,-2.105425,-2.830142,-2.61486,-1.892091,-2.14595,-2.030924,-1.432642,-4.815934E-06,23,23,23,23,23,23,23,23,23,23,23,23,23,23,23,23,48,480,-2.689968,-2.372397,-1.834383,-1.680673,-10.11511,-12.27573,-1.959071,-1.434204,-2.33009,-2.190064,-3.154116,-2.289646,-2.048206,-2.004941,-2.52949,-2.826109,23,23,23,23,22,22,23,23,23,23,23,23,23,23,23,23,48,480,-1.837658,-3.837441,-5.749667,-2.579836,-2.071959,-1.783881,-1.939956,-67.15346,-0.2472978,0.725742,0.1191647,0.3638214,0.11111,-0.4432257,-0.2213869,0.7020283,22,22,22,22,22,22,22,22,22,22,22,22,22,22,22,22
49,490,-43.04446,-41.83325,-7.389533,-3.169335,-3.012283,-2.59378,-0.8942255,-2.761151,-1.11466,-3.076242,-2.25843,-2.144312,-2.026729,-2.986672,-1.313257,-0.3621117,23,23,23,23,23,23,23,23,23,23,23,23,23,23,23,23,49,490,-2.421022,-2.240597,-2.488997,-2.19779,-10.50916,-12.27573,-1.436665,-2.086099,-2.071194,-2.190064,-3.679804,-2.154963,-1.920198,-2.784624,-2.52949,-1.921747,23,23,23,23,22,22,23,23,23,23,23,23,23,23,23,23,49,490,-1.952617,-3.325788,-5.238584,-2.579836,-1.165469,-1.529047,-1.810627,-67.7002,0.1235102,-0.1209602,0.1191647,-6.421245E-06,0.3312817,0.1126174,-0.3320554,0.233881,22,22,22,22,22,22,22,22,22,22,22,22,22,22,22,22
50,500,-44.24677,-43.04229,-6.897284,-3.656752,-2.891602,-3.334858,-2.171515,-3.01193,-2.724653,-4.675894,-2.971288,-3.531221,-2.384391,-3.22561,-1.313257,-0.8449203,23,23,23,23,23,23,23,23,23,23,23,23,23,23,23,23,50,500,-2.286523,-2.240597,-1.834383,-2.327069,-9.458341,-12.15295,-1.567267,-1.694962,-2.200641,-2.705056,-2.365577,-1.885599,-1.408171,-1.893558,-1.806792,-2.034793,23,23,23,23,22,22,23,23,23,23,23,23,23,23,23,23,50,500,-1.722798,-3.83739,-5.621896,-1.805897,-2.201457,-1.783881,-1.293314,-67.48151,-0.1236949,-3.210623E-06,-0.4768413,-0.1212845,-0.5494082,-0.8879009,0.1106204,1.170169,22,22,22,22,22,22,22,22,22,22,22,22,22,22,22,22
51,510,-44.48723,-42.19596,-6.281971,-3.047481,-2.529585,-2.470267,-0.8942255,-2.134203,-2.353117,-3.691493,-2.49605,-3.15299,-1.907508,-2.747736,-1.552028,0.3621021,23,23,23,23,23,23,23,23,23,23,23,23,23,23,23,23,51,510,-2.421022,-1.845199,-2.358068,-2.844186,-9.721046,-11.78473,-2.873281,-1.303824,-2.200641,-3.091301,-1.97131,-1.346867,-2.304221,-1.559407,-1.686342,-1.921747,23,23,23,23,22,22,23,23,23,23,23,23,23,23,23,23,51,510,-1.492975,-3.581564,-5.110813,-1.934887,-1.294968,-1.911297,-1.422642,-68.02824,-0.3709004,-0.2419172,-3.652083E-05,0.2425465,0.11111,-0.4432257,-0.442724,0.8190619,22,22,22,22,22,22,22,22,22,22,22,22,22,22,22,22
52,520,-43.64562,-41.83324,-6.405034,-2.560063,-3.132951,-1.358649,-1.532956,-2.510371,-2.972345,-3.568443,-3.684148,-3.657298,-3.099715,-2.747736,-2.268343,-0.1207066,23,23,23,23,23,23,23,23,23,23,23,23,23,23,23,23,52,520,-3.497011,-2.240597,-2.881759,-2.714907,-8.801627,-11.90751,-2.742679,-1.825342,-2.718437,-2.190064,-1.445618,-2.020281,-2.304221,-2.116324,-1.565893,-1.582612,23,23,23,23,22,22,23,23,23,23,23,23,23,23,23,23,52,520,-1.033332,-3.965303,-5.877438,-2.321856,-2.589952,-1.911297,-1.6813,-67.59084,0.6179212,-0.2419172,0.2383655,0.4850994,0.001024189,-0.1097206,-0.99607,1.287209,22,22,22,22,22,22,22,22,22,22,22,22,22,22,22,22
53,530,-42.20285,-42.31687,-6.528096,-3.413044,-4.219002,-2.964319,-1.916194,-3.262709,-3.09619,-4.552844,-4.159388,-4.41376,-4.05348,-3.822953,-2.387729,-0.4828134,23,23,23,23,23,23,23,23,23,23,23,23,23,23,23,23,53,530,-3.093515,-2.899595,-2.881759,-2.327069,-9.064384,-11.78473,-2.220274,-2.216479,-3.106785,-2.061316,-1.708465,-1.885599,-1.920198,-1.893558,-1.565893,-1.921747,23,23,23,23,22,22,23,23,23,23,23,23,23,23,23,23,53,530,-2.067529,-3.453651,-5.110813,-2.708826,-2.589952,-2.166131,-1.551971,-68.13757,-0.2472978,-0.6047914,0.4767678,0.1212684,0.4413675,0.001448793,-0.2213869,0.936102,22,22,22,22,22,22,22,22,22,22,22,22,22,22,22,22
54,540,-42.44331,-42.19596,-5.789721,-1.950792,-2.529585,-1.85265,-1.149718,-2.259593,-2.229271,-4.060643,-3.921768,-3.909452,-3.815038,-3.106141,-1.7908,-4.815934E-06,23,23,23,23,23,23,23,23,23,23,23,23,23,23,23,23,54,540,-2.959017,-3.031394,-3.012688,-1.551395,-9.064384,-11.78468,-2.089672,-2.998754,-2.588988,-1.675072,-1.839886,-2.559012,-1.664183,-2.339093,-1.686342,-2.034793,23,23,23,23,22,22,23,23,23,23,23,23,23,23,23,23,54,540,-1.492975,-3.453651,-4.85527,-3.224785,-2.460454,-1.911297,-1.6813,-66.71608,-0.3709004,-0.2419172,-0.5960425,0.6063743,0.3312817,-0.2208884,-0.8853998,-0.2342663,22,22,22,22,22,22,22,22,22,22,22,22,22,22,22,22
55,550,-42.32308,-42.43777,-5.17441,-2.194501,-2.167568,-2.470215,-1.532956,-2.635761,-2.476963,-4.552844,-3.327719,-4.918068,-2.384391,-3.464546,-1.7908,-0.6035152,23,23,23,23,23,23,23,23,23,23,23,23,23,23,23,23,55,550,-3.362513,-3.294994,-1.83437,-2.327069,-9.064384,-11.90745,-2.87323,-2.737997,-1.553397,-1.288827,-2.365577,-0.9428203,-2.304221,-2.784624,-2.649939,-2.147839,23,23,23,23,22,22,23,23,23,23,23,23,23,23,23,23,55,550,-1.722798,-3.453651,-4.599729,-3.095796,-2.71945,-1.911297,-1.293366,-69.01235,-0.865311,-1.20958,-0.7152436,0.1212684,-0.3292333,-0.1097206,-0.8853998,0.233881,22,22,22,22,22,22,22,22,22,22,22,22,22,22,22,22
56,560,-43.1647,-42.67958,-6.035846,-3.291189,-2.770934,-3.334807,-1.916194,-3.513488,-3.09619,-4.552844,-3.921768,-3.909452,-3.099715,-3.464546,-1.910186,-1.207027,23,23,23,23,23,23,23,23,23,23,23,23,23,23,23,23,56,560,-3.766009,-2.635996,-1.441602,-1.939232,-9.721098,-12.03018,-3.00383,-1.825294,-1.941744,-1.546323,-1.97131,-1.616234,-2.560232,-1.893558,-2.047691,-1.808704,23,23,23,23,22,22,23,23,23,23,23,23,23,23,23,23,56,560,-2.067529,-3.581564,-5.366354,-2.966806,-2.589952,-1.40163,-2.845307,-67.26281,-9.23054E-05,-3.210623E-06,-3.652083E-05,0.2425465,0.11111,-0.4432257,-0.5533926,0.5849883,22,22,22,22,22,22,22,22,22,22,22,22,22,22,22,22
57,570,-40.27916,-42.43777,-6.035846,-3.413044,-3.615636,-2.840755,-1.532956,-2.635761,-3.343831,-4.306744,-3.090099,-3.531221,-2.503612,-3.22561,-1.552028,-0.2414083,23,23,23,23,23,23,23,23,23,23,23,23,23,23,23,23,57,570,-3.362513,-2.240597,-2.227145,-2.327069,-8.933031,-12.88939,-2.350823,-2.086051,-1.682846,-1.932568,-1.839886,-2.424328,-3.456282,-2.116324,-1.806792,-2.034793,23,23,23,23,22,22,23,23,23,23,23,23,23,23,23,23,57,570,-1.492975,-3.325737,-4.599729,-2.579836,-2.848948,-2.675798,-1.293366,-68.13757,-0.1236435,-0.7257484,-0.5960425,0.1212684,0.11111,-0.2208884,-0.5533926,0.4679547,22,22,22,22,22,22,22,22,22,22,22,22,22,22,22,22
58,580,-44.24677,-42.80048,-6.405034,-3.534898,-3.494968,-2.346702,-2.426702,-3.513488,-3.839213,-3.445444,-3.684148,-2.900836,-2.861273,-2.150393,-2.6265,0.1206985,23,23,23,23,23,23,23,23,23,23,23,23,23,23,23,23,58,580,-3.093515,-2.504196,-1.441602,-1.551395,-8.670325,-13.25761,-2.220223,-1.694913,-1.941744,-2.190064,-2.102733,-3.097742,-1.920198,-1.782175,-2.28859,-2.600017,23,23,23,23,22,22,23,23,23,23,23,23,23,23,23,23,58,580,-1.722798,-3.581564,-4.983042,-2.321856,-2.71945,-2.293548,-2.327994,-68.02824,-4.093544E-05,0.1209538,-0.5960425,0.3638214,-0.2191475,-0.5543951,-0.5533926,0.116841,22,22,22,22,22,22,22,22,22,22,22,22,22,22,22,22
59,590,-41.12078,-43.40501,-8.004844,-4.875295,-3.977653,-2.593729,-2.554295,-3.513488,-3.715368,-3.445444,-4.159386,-3.026913,-2.861273,-2.867203,-1.552028,0.2414003,23,23,23,23,23,23,23,23,23,23,23,23,23,23,23,23,59,590,-2.555521,-2.108798,-2.881759,-1.422115,-9.589745,-13.01211,-1.306012,-0.7822586,-2.200641,-1.417575,-2.891268,-2.559012,-1.79219,-1.782175,-2.770389,-2.939155,23,23,23,23,22,22,23,23,23,23,23,23,23,23,23,23,59,590,-1.837709,-3.965303,-4.7275,-2.192867,-2.589952,-2.038714,-0.646723,-67.48151,-0.370849,-0.6047914,-3.652083E-05,0.1212684,0.11111,0.001448793,-0.442724,0.7020283,22,22,22,22,22,22,22,22,22,22,22,22,22,22,22,22
60,600,-39.31732,-42.55868,-6.651159,-3.900461,-3.856985,-2.593729,-1.788448,-2.761151,-2.972294,-3.199344,-3.208907,-2.270473,-2.26517,-2.628267,-1.432642,0.1206985,23,23,23,23,23,23,23,23,23,23,23,23,23,23,23,23,60,600,-2.421022,-2.372397,-2.881759,-1.422115,-10.37786,-12.88939,-2.220223,-2.086051,-2.071194,-2.190064,-3.416957,-2.693695,-1.408171,-2.116324,-2.40904,-3.052198,23,23,23,23,22,22,23,23,23,23,23,23,23,23,23,23,60,600,-1.837709,-2.941998,-5.110813,-2.708826,-2.848948,-3.058049,-2.58665,-67.80954,0.2471642,0.362871,-0.9536461,0.2425465,-0.3292333,0.001448793,-0.7747313,0.233881,22,22,22,22,22,22,22,22,22,22,22,22,22,22,22,22
61,610,-37.63409,-42.92139,-7.020345,-3.900461,-3.494968,-3.211294,-1.40521,-3.262709,-2.600757,-3.814595,-2.496048,-2.900836,-2.02673,-3.22561,-2.029572,-0.9656237,23,23,23,23,23,23,23,23,23,23,23,23,23,23,23,23,61,610,-2.421022,-3.163194,-2.48899,-2.973466,-9.458443,-11.66196,-1.567216,-2.216431,-2.588988,-3.863789,-3.022689,-2.424328,-2.048145,-2.784624,-2.047691,-2.260882,23,23,23,23,22,22,23,23,23,23,23,23,23,23,23,23,61,610,-1.952617,-3.581564,-4.7275,-2.063877,-2.848948,-3.185466,-2.58665,-67.91888,-0.2472464,-0.9676624,-0.7152436,-6.421245E-06,-0.4393191,0.5572919,0.2212906,-0.0001926374,22,22,22,22,22,22,22,22,22,22,22,22,22,22,22,22
62,620,-39.19709,-43.76773,-7.512595,-5.484566,-4.219002,-3.705346,-2.554295,-3.764266,-3.591522,-4.429845,-2.971287,-3.279067,-3.099717,-3.823001,-1.7908,-0.6035152,23,23,23,23,23,23,23,23,23,23,23,23,23,23,23,23,62,620,-2.824518,-2.635996,-2.358068,-2.714907,-9.721098,-11.66196,-2.220223,-2.346808,-2.200641,-2.962553,-2.365577,-2.424328,-2.560175,-1.67084,-2.28859,-2.373928,23,23,23,23,22,22,23,23,23,23,23,23,23,23,23,23,62,620,-2.412263,-3.325737,-4.088646,-2.708826,-3.366943,-2.675798,-1.940008,-67.80954,0.3707667,0.483828,-0.9536461,0.2425465,0.771625,0.2237852,-0.6640627,0.936102,22,22,22,22,22,22,22,22,22,22,22,22,22,22,22,22
63,630,-41.00055,-43.64682,-6.281971,-4.144169,-3.253619,-2.717242,-1.916194,-3.137319,-1.981529,-3.076293,-2.852478,-2.900836,-1.788289,-3.345127,-2.507115,-4.815934E-06,23,23,23,23,23,23,23,23,23,23,23,23,23,23,23,23,63,630,-3.093515,-2.504196,-2.881759,-2.973466,-9.458443,-11.78468,-2.742628,-2.346808,-2.977336,-2.833804,-2.497001,-2.154963,-2.688182,-2.339141,-2.047691,-2.260882,23,23,23,23,22,22,23,23,23,23,23,23,23,23,23,23,63,630,-2.412263,-3.83739,-4.599729,-2.450846,-2.848948,-3.185466,-1.293366,-67.37215,0.4943693,-1.451494,-0.1192377,0.1212684,0.11111,-0.4432265,-0.4426726,0.233881,22,22,22,22,22,22,22,22,22,22,22,22,22,22,22,22
64,640,-41.84216,-43.52592,-7.389533,-3.900461,-3.132951,-2.346702,-2.04394,-2.761151,-2.724602,-2.091892,-3.565337,-1.892142,-3.099717,-3.464596,-3.581587,0.1207499,23,23,23,23,23,23,23,23,23,23,23,23,23,23,23,23,64,640,-3.63151,-3.294994,-3.14361,-2.327069,-9.064384,-12.52117,-2.089621,-2.477188,-3.495131,-2.061316,-2.365577,-2.693695,-2.176152,-3.118824,-2.047691,-2.486968,23,23,23,23,22,22,23,23,23,23,23,23,23,23,23,23,64,640,-2.412263,-3.453651,-4.85527,-3.224785,-3.366943,-3.058049,-2.457322,-68.02824,0.6179726,0.362871,-0.4768413,-0.6063903,-0.1090616,0.3349538,-0.2213355,0.233881,22,22,22,22,22,22,22,22,22,22,22,22,22,22,22,22
65,650,-44.48723,-44.73497,-7.635658,-3.778606,-3.977653,-1.85265,-2.681889,-3.011929,-3.591522,-3.076293,-3.684146,-3.026913,-3.69582,-4.061939,-3.223429,0.4828568,23,23,23,23,23,23,23,23,23,23,23,23,23,23,23,23,65,650,-2.959017,-3.426793,-2.619913,-2.068511,-9.721098,-12.76662,-1.697817,-3.259463,-2.459539,-2.576308,-2.497001,-2.828377,-2.432167,-2.784672,-3.131738,-2.939148,23,23,23,23,22,22,23,23,23,23,23,23,23,23,23,23,65,650,-2.412211,-4.22113,-4.85527,-2.450846,-2.589952,-3.185466,-2.198665,-67.48151,0.3707667,-0.4838312,-0.2384389,-0.2425625,0.11111,0.1126166,0.2213419,0.4679547,22,22,22,22,22,22,22,22,22,22,22,22,22,22,22,22
66,660,-40.27916,-43.77519,-7.143408,-3.047481,-3.132951,-2.717242,-1.660702,-2.384982,-2.22922,-2.337993,-3.446527,-2.774759,-3.576598,-3.94247,-3.462201,4.655403E-05,23,23,23,23,23,23,23,23,23,23,23,23,23,23,23,23,66,660,-3.76601,-3.822192,-2.48899,-2.456349,-9.85245,-11.78468,-2.87323,-2.607568,-2.071194,-1.932568,-3.022689,-2.020281,-2.560175,-3.118824,-2.770389,-2.373922,23,23,23,23,22,22,23,23,23,23,23,23,23,23,23,23,66,660,-3.101673,-4.22118,-4.471958,-2.966806,-3.366943,-3.695132,-3.103964,-67.80954,-0.2472464,0.1209538,-0.1192377,-0.8489432,0.3312817,0.3349538,-0.7746799,-0.1172263,22,22,22,22,22,22,22,22,22,22,22,22,22,22,22,22
67,670,-41.36124,-44.2589,-5.912785,-3.047481,-2.650266,-3.087781,-2.171515,-3.011929,-1.733837,-3.568494,-3.327717,-3.909452,-3.81504,-5.137155,-3.939744,-0.6034638,23,23,23,23,23,23,23,23,23,23,23,23,23,23,23,23,67,670,-4.035007,-3.031394,-2.227151,-2.19779,-10.24651,-12.1529,-3.00383,-2.998706,-2.718437,-1.80382,-3.285533,-2.96306,-2.432167,-2.116375,-2.52949,-2.260879,23,23,23,23,22,22,23,23,23,23,23,23,23,23,23,23,67,670,-2.642031,-3.837441,-4.983042,-2.708826,-1.812961,-2.803215,-2.069336,-67.37215,-4.093544E-05,-0.8467054,-0.9536461,-0.4851155,-0.1090616,-0.7767323,0.442679,-0.0001926374,22,22,22,22,22,22,22,22,22,22,22,22,22,22,22,22
68,680,-42.44331,-44.7426,-6.281971,-3.534899,-2.891602,-3.211294,-2.299109,-3.137319,-2.105374,-3.691544,-3.684146,-3.531221,-3.576598,-5.973434,-3.939744,-0.7241672,23,23,23,23,23,23,23,23,23,23,23,23,23,23,23,23,68,680,-3.362513,-2.899595,-2.227151,-2.068511,-9.195737,-12.52117,-3.134431,-2.346808,-2.071194,-2.318812,-2.102733,-2.693695,-2.688182,-1.893606,-1.445443,-2.713057,23,23,23,23,22,22,23,23,23,23,23,23,23,23,23,23,68,680,-2.756943,-4.22118,-4.85527,-2.192866,-2.460454,-3.185466,-2.715979,-67.80954,0.1235616,0.725742,-0.1192377,-0.2425625,-0.3292333,0.001447991,-0.4426726,0.3509211,22,22,22,22,22,22,22,22,22,22,22,22,22,22,22,22
69,690,-40.63986,-44.2589,-6.528096,-3.047481,-1.810342,-2.593729,-1.021971,-2.384982,-1.981529,-2.584093,-3.090097,-3.15299,-3.099717,-4.539813,-3.700972,-0.844869,23,23,23,23,23,23,23,23,23,23,23,23,23,23,23,23,69,690,-2.421022,-1.713399,-2.096228,-1.939232,-8.53892,-12.88939,-2.612026,-2.477188,-2.847887,-2.576308,-1.97131,-2.559012,-2.688182,-2.116375,-2.40904,-3.052191,23,23,23,23,22,22,23,23,23,23,23,23,23,23,23,23,69,690,-2.986765,-3.709528,-4.983042,-2.579835,-1.683463,-2.293548,-2.198665,-67.26281,0.8651778,-0.2419172,-0.5960425,-0.8489432,0.001024189,0.3349538,0.6640178,-0.1172263,22,22,22,22,22,22,22,22,22,22,22,22,22,22,22,22
70,700,-35.59017,-43.04963,-6.528096,-2.925627,-2.534504,-1.605675,-1.788448,-2.008814,-2.22922,-2.091892,-4.159386,-2.396528,-3.69582,-3.823001,-3.939744,4.655403E-05,23,23,23,23,23,23,23,23,23,23,23,23,23,23,23,23,70,700,-2.555521,-1.713399,-2.488997,-1.939232,-9.195685,-13.50311,-2.089621,-1.825294,-3.365681,-2.061316,-2.891268,-3.097742,-1.664125,-2.227758,-3.011288,-2.600014,23,23,23,23,22,22,23,23,23,23,23,23,23,23,23,23,70,700,-2.871854,-3.453701,-4.471958,-2.450846,-2.848949,-3.695132,-2.58665,-67.80954,0.2471642,-3.210623E-06,-0.1192377,-0.4851155,0.4413675,0.3349538,-0.3320041,0.8190619,22,22,22,22,22,22,22,22,22,22,22,22,22,22,22,22
71,710,-38.11501,-43.53333,-5.912785,-3.169336,-2.534504,-2.346754,-2.426702,-2.134203,-2.22922,-3.199344,-3.684146,-3.279067,-3.338158,-5.137155,-4.417287,-0.3620603,23,23,23,23,23,23,23,23,23,23,23,23,23,23,23,23,71,710,-1.748529,-1.845199,-2.488997,-1.809952,-10.64052,-13.25761,-2.089621,-2.216431,-2.847887,-2.190064,-3.679804,-2.828377,-2.048145,-2.67329,-3.131738,-2.147833,23,23,23,23,22,22,23,23,23,23,23,23,23,23,23,23,71,710,-2.52712,-3.965354,-4.7275,-2.966805,-1.812962,-3.058048,-2.327994,-67.7002,-4.093544E-05,-0.7257484,-0.9536461,-1.212774,-0.4393191,-0.4432265,3.210623E-06,-0.4683399,22,22,22,22,22,22,22,22,22,22,22,22,22,22,22,22
72,720,-35.34971,-43.29148,-4.559098,-2.560064,-1.810342,-1.729188,-1.788396,-2.384981,-1.733837,-2.461043,-3.684146,-2.396528,-4.768806,-4.898218,-3.223429,0.7242619,23,23,23,23,23,23,23,23,23,23,23,23,23,23,23,23,72,720,-2.555521,-2.767796,-2.358074,-2.456349,-10.37781,-12.1529,-2.350823,-2.216479,-2.071194,-2.705056,-2.365577,-1.48155,-2.048145,-2.450524,-2.047691,-2.713057,23,23,23,23,22,22,23,23,23,23,23,23,23,23,23,23,72,720,-2.2973,-4.093267,-4.471958,-1.805897,-2.201457,-2.930631,-2.715979,-67.59084,-0.6180545,-0.1209602,0.4767678,-0.3638374,-0.1090616,0.4461224,-0.3320041,0.4679547,22,22,22,22,22,22,22,22,22,22,22,22,22,22,22,22
73,730,-34.5081,-42.80778,-4.805223,-3.047481,-1.448273,-2.717293,-0.8941743,-2.635761,-1.981529,-3.814595,-3.446527,-3.657298,-4.768806,-7.765462,-4.775445,-0.6034638,23,23,23,23,23,23,23,23,23,23,23,23,23,23,23,23,73,730,-1.210534,-1.4498,-1.572531,-2.973466,-9.327039,-11.90745,-1.697817,-2.086099,-2.588987,-2.962553,-1.97131,-2.289646,-2.048145,-1.893606,-1.806792,-1.582606,23,23,23,23,22,22,23,23,23,23,23,23,23,23,23,23,73,730,-2.52712,-3.709528,-4.7275,-1.676907,-1.424466,-1.529046,-1.940008,-67.15345,0.7415752,0.241914,0.1191647,-0.4851155,0.001024189,-0.2208892,0.442679,0.8190619,22,22,22,22,22,22,22,22,22,22,22,22,22,22,22,22
74,740,-36.43179,-43.65427,-5.66666,-3.534899,-3.017279,-2.717293,-1.788396,-3.011929,-2.353065,-3.322392,-3.802957,-3.279067,-4.768806,-5.973434,-3.581587,-1.206976,23,23,23,23,23,23,23,23,23,23,23,23,23,23,23,23,74,740,-2.959017,-1.713399,-3.143617,-2.844186,-9.458341,-12.03018,-2.87323,-2.346859,-2.718436,-2.833753,-1.97131,-1.212185,-1.792133,-2.116375,-1.204544,-1.582606,23,23,23,23,22,22,23,23,23,23,23,23,23,23,23,23,74,740,-2.412211,-3.965354,-4.344188,-1.547917,-2.201457,-3.058048,-2.327994,-67.80953,-0.370849,-5.458059E-05,-0.5960425,-0.4851155,-0.7695798,0.557291,3.210623E-06,0.936102,22,22,22,22,22,22,22,22,22,22,22,22,22,22,22,22
75,750,-39.19709,-43.29148,-5.297472,-6.093838,-2.534504,-2.099728,-1.149666,-1.757822,-1.857683,-2.830192,-4.2782,-3.15299,-5.007247,-6.212372,-4.656059,4.655403E-05,23,23,23,23,23,23,23,23,23,23,23,23,23,23,23,23,75,750,-2.017526,-1.713399,-1.965306,-1.939232,-8.93298,-11.66196,-2.481425,-1.564581,-2.718436,-2.061264,-1.314249,-1.750916,-1.152095,-2.339141,-2.047691,-1.921741,23,23,23,23,22,22,23,23,23,23,23,23,23,23,23,23,75,750,-2.412211,-3.581614,-4.983042,-0.9029668,-0.6474751,-0.7645456,-2.198665,-67.04411,0.1235616,0.2418626,-0.5959919,-0.3638374,-0.1090616,0.1126166,0.5533476,0.233881,22,22,22,22,22,22,22,22,22,22,22,22,22,22,22,22
76,760,-40.88032,-43.65427,-7.020347,-6.580978,-4.224216,-1.729188,-2.554295,-2.259592,-2.476911,-2.707142,-5.347488,-3.657299,-5.48413,-6.570777,-5.014216,0.2414517,23,23,23,23,23,23,23,23,23,23,23,23,23,23,23,23,76,760,-2.152025,-2.635996,-2.61992,-1.809952,-9.983752,-12.88939,-1.306012,-2.216479,-2.847885,-2.061264,-1.839937,-2.289644,-1.536118,-2.227758,-1.806792,-2.147833,23,23,23,23,22,22,23,23,23,23,23,23,23,23,23,23,76,760,-2.182389,-3.965354,-4.7275,-1.805897,-1.94246,-2.803214,-3.233293,-68.35626,-0.370849,-0.1210116,1.404647E-05,-0.1213326,-0.5494082,-0.1097206,3.210623E-06,1.521283,22,22,22,22,22,22,22,22,22,22,22,22,22,22,22,22
77,770,-43.04446,-44.13797,-8.374032,-6.580978,-3.500054,-1.729188,-2.426702,-2.88654,-2.22922,-3.076292,-4.753438,-4.791992,-5.961061,-6.45131,-4.178515,-0.6034638,23,23,23,23,23,23,23,23,23,23,23,23,23,23,23,23,77,770,-1.479531,-3.294994,-1.572531,-1.292835,-8.670274,-12.03018,-2.220223,-3.259511,-2.071192,-1.417524,-1.839937,-1.885596,-2.048148,-2.784672,-2.047691,-2.600014,23,23,23,23,22,22,23,23,23,23,23,23,23,23,23,23,77,770,-2.52712,-3.709528,-4.85527,-1.805897,-1.294968,-1.274213,-2.845307,-67.7002,0.6179726,0.4837766,-0.3575895,-1.3341,-0.4393801,-0.2208892,-0.1106654,0.233881,22,22,22,22,22,22,22,22,22,22,22,22,22,22,22,22
78,780,-41.84216,-43.17056,-8.497095,-5.85013,-3.37936,-1.976215,-1.916143,-2.76115,-1.733837,-3.814592,-4.515818,-4.287684,-5.722619,-7.168072,-4.656059,4.655403E-05,23,23,23,23,23,23,23,23,23,23,23,23,23,23,23,23,78,780,-2.286524,-2.899595,-1.441608,-1.680673,-10.24646,-11.90745,-2.481425,-2.346859,-2.071192,-1.417524,-2.497052,-1.481548,-2.048148,-2.22771,-2.649939,-2.260879,23,23,23,23,22,22,23,23,23,23,23,23,23,23,23,23,78,780,-2.067477,-4.22118,-4.471958,-2.192866,-2.071959,-2.038713,-2.327994,-67.59084,0.3707667,0.4837766,1.404647E-05,-0.3638856,-0.4393801,0.001498558,0.1106718,1.053136,22,22,22,22,22,22,22,22,22,22,22,22,22,22,22,22
79,790,-43.76585,-44.50075,-9.23547,-5.85013,-2.293117,-3.087832,-1.532904,-3.388098,-2.600757,-5.291193,-5.703917,-5.170223,-5.364957,-7.048604,-5.014216,-1.327679,23,23,23,23,23,23,23,23,23,23,23,23,23,23,23,23,79,790,-2.69002,-1.845199,-1.703454,-1.422115,-10.11511,-12.52117,-2.612026,-2.216479,-1.941743,-1.417524,-2.497052,-1.885596,-3.072205,-1.893558,-1.927242,-1.808698,23,23,23,23,22,22,23,23,23,23,23,23,23,23,23,23,79,790,-2.756943,-4.60492,-5.366354,-2.192866,-2.330956,-1.911296,-2.715979,-68.46561,0.2471642,0.4837766,-0.2383883,-0.7277165,-0.6595518,-0.5543445,-0.1107199,0.3509211,22,22,22,22,22,22,22,22,22,22,22,22,22,22,22,22
80,800,-46.29069,-45.83093,-9.481594,-6.702758,-3.37936,-2.59378,-2.043888,-3.137319,-2.600757,-4.552893,-4.991057,-4.539838,-4.888075,-5.853917,-3.462201,-0.8449187,23,23,23,23,23,23,23,23,23,23,23,23,23,23,23,23,80,800,-2.152025,-1.581599,-1.310685,-2.19779,-9.327039,-12.88939,-2.612026,-1.955719,-1.294497,-1.417524,-1.577093,-2.424327,-1.92014,-1.670792,-1.565893,-2.034793,23,23,23,23,22,22,23,23,23,23,23,23,23,23,23,23,80,800,-1.837658,-3.325788,-4.983042,-1.805897,-1.165469,-2.16613,-2.327994,-68.02823,-0.2472464,0.1209024,-0.2383883,0.1212203,-0.7696376,-0.5543445,0.6639632,0.8060718,22,22,22,22,22,22,22,22,22,22,22,22,22,22,22,22
81,810,-50.97969,-46.07279,-11.94284,-11.45219,-5.31046,-2.840806,-2.043888,-2.76115,-2.724602,-3.691543,-5.109868,-4.918069,-5.484179,-5.137107,-4.417287,-0.120705,23,23,23,23,23,23,23,23,23,23,23,23,23,23,23,23,81,810,-1.479531,-1.713399,-1.834383,-1.551395,-9.589693,-13.74861,-2.612026,-1.043067,-2.071192,-0.9025313,-2.234205,-2.693691,-1.664128,-1.782175,-2.52949,-2.600017,23,23,23,23,22,22,23,23,23,23,23,23,23,23,23,23,81,810,-2.412266,-4.093267,-4.344188,-1.805897,-1.035971,-0.8919623,-2.198665,-67.59084,0.1235616,0.1209024,0.2384164,-5.458059E-05,-0.6595518,-0.3320073,0.1106188,0.6890574,22,22,22,22,22,22,22,22,22,22,22,22,22,22,22,22
82,820,-54.46637,-46.91126,-16.74228,-15.34916,-9.29334,-4.445992,-3.702635,-3.388098,-4.334596,-5.045093,-5.941413,-6.430993,-6.199502,-5.853917,-3.939744,0.3621053,23,23,23,23,23,23,23,23,23,23,23,23,23,23,23,23,82,820,-1.748529,-1.976998,-2.227151,-1.422115,-10.37781,-13.01211,-1.436614,-1.564581,-2.459538,-1.031279,-2.89132,-1.885596,-2.048148,-2.116324,-3.252187,-2.939155,23,23,23,23,22,22,23,23,23,23,23,23,23,23,23,23,82,820,-2.067532,-4.22118,-5.238584,-1.547917,-1.94246,-2.420964,-2.845307,-68.35626,0.3707667,0.2418626,-0.4767907,0.2424983,-0.549466,0.001498558,0.8853019,1.157121,22,22,22,22,22,22,22,22,22,22,22,22,22,22,22,22
83,830,-54.70683,-47.87851,-15.26552,-11.69575,-6.638091,-3.087832,-2.554295,-3.388098,-3.467676,-4.429843,-4.634629,-5.548454,-6.199502,-5.614981,-3.700972,-0.6035136,23,23,23,23,23,23,23,23,23,23,23,23,23,23,23,23,83,830,-1.479531,-2.108798,-1.310679,-2.068511,-9.983752,-11.90745,-1.306012,-1.303824,-1.812294,-1.803768,-2.89132,-2.020278,-1.792133,-2.784624,-2.28859,-1.921747,23,23,23,23,22,22,23,23,23,23,23,23,23,23,23,23,83,830,-2.297355,-4.477006,-4.855321,-1.805897,-1.553965,-1.656463,-1.940008,-67.80953,-0.370849,0.6047336,-0.2383883,-0.1213326,-0.7696376,-0.5543445,-4.976465E-05,1.040107,22,22,22,22,22,22,22,22,22,22,22,22,22,22,22,22
84,840,-52.54268,-47.39489,-13.91184,-9.990829,-5.31046,-3.952423,-2.937075,-4.516603,-3.715368,-5.414243,-5.228677,-6.178839,-6.318722,-6.212324,-4.417287,0.482807,23,23,23,23,23,23,23,23,23,23,23,23,23,23,23,23,84,840,-1.883027,-2.504196,-1.441602,-2.973466,-9.458341,-13.13489,-2.089621,-1.694962,-1.682845,-2.190012,-1.708517,-2.020278,-1.92014,-2.116324,-1.927242,-2.147839,23,23,23,23,22,22,23,23,23,23,23,23,23,23,23,23,84,840,-2.182443,-3.453701,-5.749718,-1.547864,-2.330956,-2.930631,-2.845307,-68.79366,-0.6180545,-5.458059E-05,0.3576176,0.3637732,-0.4393801,-0.4431759,0.2212874,0.8060718,22,22,22,22,22,22,22,22,22,22,22,22,22,22,22,22
85,850,-50.49876,-47.9994,-13.54265,-9.260147,-6.029087,-5.679919,-4.085415,-5.394331,-4.582287,-6.152544,-6.178771,-6.683147,-6.437942,-6.092855,-3.342815,-0.9656205,23,23,23,23,23,23,23,23,23,23,23,23,23,23,23,23,85,850,-2.421022,-1.186201,-2.358068,-2.714907,-9.458341,-11.78468,-2.089621,-1.173444,-2.200639,-2.705004,-1.971361,-2.154962,-2.560178,-1.782175,-2.52949,-1.695658,23,23,23,23,22,22,23,23,23,23,23,23,23,23,23,23,85,850,-2.297355,-4.604919,-4.216466,-1.934834,-1.683515,-1.78388,-1.940008,-67.4815,0.4943693,0.6047336,0.3576176,0.3637732,-0.549466,-0.5543445,-4.976465E-05,0.6890574,22,22,22,22,22,22,22,22,22,22,22,22,22,22,22,22
86,860,-50.01784,-47.6367,-15.51165,-13.40068,-10.25262,-4.322598,-2.681889,-4.015046,-3.591522,-4.798993,-5.585108,-6.430993,-5.364957,-5.256574,-3.939744,-0.120705,23,23,23,23,23,23,23,23,23,23,23,23,23,23,23,23,86,860,-1.748529,-2.372397,-3.14361,-1.809952,-9.064333,-12.15295,-1.697817,-2.607616,-2.459538,-1.417524,-1.839937,-1.750913,-1.152098,-2.22771,-1.565893,-1.921747,23,23,23,23,22,22,23,23,23,23,23,23,23,23,23,23,86,860,-1.148247,-4.22118,-5.238634,-2.063824,-0.9065241,-1.911296,-2.845307,-68.6843,-0.2472464,0.1209024,-0.1191871,0.2424983,-0.549466,-0.1096701,0.1106188,1.040107,22,22,22,22,22,22,22,22,22,22,22,22,22,22,22,22
87,870,-48.33461,-46.18584,-15.0194,-10.84329,-8.563206,-3.087832,-2.681889,-3.137319,-3.219985,-4.429843,-6.297449,-5.548454,-5.484179,-3.822953,-3.939744,0.482807,23,23,23,23,23,23,23,23,23,23,23,23,23,23,23,23,87,870,-1.076035,-1.713399,-2.227145,-1.809952,-9.458341,-12.52122,-1.959019,-2.477236,-2.847885,-1.288775,-1.708517,-2.963056,-1.280106,-2.339093,-2.40904,-2.826109,23,23,23,23,22,22,23,23,23,23,23,23,23,23,23,23,87,870,-2.067532,-4.22118,-5.749718,-2.192813,-1.813014,-1.78388,-1.163986,-67.15345,-0.2472464,0.3628196,0.7152212,-5.458059E-05,0.1110522,-0.8878503,0.2212874,1.508171,22,22,22,22,22,22,22,22,22,22,22,22,22,22,22,22
88,880,-49.17623,-47.15307,-15.0194,-9.503708,-7.597823,-3.334858,-3.064669,-4.015046,-4.582287,-5.660344,-5.703917,-5.926685,-5.603399,-4.300827,-2.745886,0.1207002,23,23,23,23,23,23,23,23,23,23,23,23,23,23,23,23,88,880,-2.017526,-2.635996,-1.310679,-1.680673,-10.11511,-12.52122,-2.481425,-3.129137,-1.682845,-1.546272,-2.365628,-1.616231,-2.560178,-3.007394,-2.890839,-2.260882,23,23,23,23,22,22,23,23,23,23,23,23,23,23,23,23,88,880,-1.722801,-3.069961,-5.494176,-2.450793,-2.072011,-2.16613,-2.5866,-68.79366,-0.9888622,-0.3629256,0.2384164,0.3637732,-0.1091194,-0.3320073,-0.1107199,0.9230925,22,22,22,22,22,22,22,22,22,22,22,22,22,22,22,22
89,890,-51.22015,-46.79036,-14.77328,-8.773025,-6.511772,-2.346754,-2.554295,-3.638877,-2.972293,-4.306793,-5.822728,-4.918069,-4.888075,-4.300827,-1.7908,-0.2414067,23,23,23,23,23,23,23,23,23,23,23,23,23,23,23,23,89,890,-3.093516,-1.976998,-1.310679,-1.680673,-9.327039,-12.03023,-2.481425,-2.738,-1.682846,-1.417524,-2.365628,-1.212183,-2.560178,-2.116324,-1.927242,-2.034793,23,23,23,23,22,22,23,23,23,23,23,23,23,23,23,23,89,890,-1.837712,-3.709527,-4.983092,-1.418874,-1.942513,-2.16613,-2.5866,-67.04411,0.3707667,0.3628196,0.4768188,0.6063261,-0.4393801,0.112668,0.8853019,1.157121,22,22,22,22,22,22,22,22,22,22,22,22,22,22,22,22
90,900,-46.65139,-47.27398,-13.17346,-8.651244,-4.943036,-3.334858,-1.788448,-3.764266,-3.096139,-4.921994,-4.991057,-5.548454,-4.411192,-4.659232,-2.984658,-0.3621085,23,23,23,23,23,23,23,23,23,23,23,23,23,23,23,23,90,900,-3.228015,-2.108798,-2.227145,-2.585628,-8.93298,-12.88944,-3.00383,-2.868377,-1.941744,-2.318812,-1.051402,-2.828374,-2.176155,-2.450476,-2.168141,-2.373928,23,23,23,23,22,22,23,23,23,23,23,23,23,23,23,23,90,900,-1.722801,-3.197874,-5.238634,-2.837762,-2.072011,-1.656463,-2.5866,-68.46561,-0.6180545,-0.6039085,0.7152212,-5.458059E-05,0.6614814,0.3350052,-4.976465E-05,1.157121,22,22,22,22,22,22,22,22,22,22,22,22,22,22,22,22
91,910,-40.27917,-46.54855,-12.55815,-7.798782,-5.063704,-3.952423,-2.681889,-4.015046,-4.21075,-6.029445,-5.941415,-5.674531,-5.364957,-4.300827,-2.507115,-0.9656205,23,23,23,23,23,23,23,23,23,23,23,23,23,23,23,23,91,910,-2.959017,-2.372397,-1.83437,-2.456349,-9.064333,-12.88944,-2.350823,-2.477239,-1.812295,-2.318812,-2.102733,-2.828374,-2.176155,-1.782175,-1.806792,-2.713063,23,23,23,23,22,22,23,23,23,23,23,23,23,23,23,23,91,910,-1.148247,-3.83744,-4.855321,-3.095742,-2.719503,-2.16613,-2.457272,-67.37215,-0.1236435,-0.2409701,-0.5959919,0.2424983,0.0009663975,-0.3320073,-0.6640643,0.5720431,22,22,22,22,22,22,22,22,22,22,22,22,22,22,22,22
92,920,-45.56931,-46.66945,-11.94284,-6.702758,-3.736317,-2.59378,-1.660702,-2.88654,-3.096139,-4.183693,-4.278248,-4.287684,-3.815088,-4.181358,-2.984658,0.3621053,23,23,23,23,23,23,23,23,23,23,23,23,23,23,23,23,92,920,-1.479531,-1.4498,-1.441602,-0.9049983,-10.11511,-13.25766,-1.697817,-1.694965,-1.812295,-1.288827,-2.102733,-2.154967,-1.792133,-1.670792,-2.40904,-2.826109,23,23,23,23,22,22,23,23,23,23,23,23,23,23,23,23,92,920,-1.37807,-3.325788,-4.599779,-2.192813,-1.554017,-1.274213,-1.810629,-68.02823,-0.3708494,-0.8458642,0.2384164,0.3637732,-0.1091194,0.3350052,-0.5533957,0.8060718,22,22,22,22,22,22,22,22,22,22,22,22,22,22,22,22
93,930,-44.60747,-46.66945,-13.41959,-5.484618,-4.460351,-2.223241,-2.171515,-2.761151,-3.467676,-3.322343,-5.109916,-4.413761,-3.69582,-2.867203,-2.745886,-0.2414067,23,23,23,23,23,23,23,23,23,23,23,23,23,23,23,23,93,930,-1.61403,-1.4498,-1.441602,-1.939232,-10.24646,-12.52122,-1.828418,-1.825345,-2.33009,-2.44756,-3.154116,-2.289649,-2.176155,-2.673242,-2.40904,-2.034793,23,23,23,23,22,22,23,23,23,23,23,23,23,23,23,23,93,930,-1.952624,-3.581614,-5.110863,-2.966752,-2.460506,-3.058048,-2.069286,-67.37215,-0.1236435,0.0009856612,-0.1191871,0.3637732,0.5513955,-0.1096701,-0.4427272,1.157121,22,22,22,22,22,22,22,22,22,22,22,22,22,22,22,22
94,940,-46.89185,-46.79036,-12.43509,-5.728326,-3.615636,-2.223241,-2.171515,-3.262709,-2.724602,-3.568443,-4.278248,-3.909452,-3.576598,-3.225658,-2.507115,-0.3621085,23,23,23,23,23,23,23,23,23,23,23,23,23,23,23,23,94,940,-1.883027,-2.504196,-1.703447,-2.585628,-10.50916,-12.52122,-1.828418,-2.216482,-2.977336,-3.348797,-3.154116,-2.424332,-2.43217,-2.784621,-2.770389,-2.147839,23,23,23,23,22,22,23,23,23,23,23,23,23,23,23,23,94,940,-2.182443,-3.325788,-4.983092,-3.224732,-3.107999,-2.420964,-3.103914,-69.01234,-0.8652596,-1.329782,-0.2383883,0.1212203,-0.4393801,0.001498558,-0.4427272,1.391156,22,22,22,22,22,22,22,22,22,22,22,22,22,22,22,22
95,950,-45.20862,-46.18584,-10.95834,-5.119055,-2.770934,-1.729188,-1.532956,-2.384982,-2.105374,-3.199292,-3.684198,-2.522605,-2.861275,-2.986722,-1.79085,-0.2414067,23,23,23,23,23,23,23,23,23,23,23,23,23,23,23,23,95,950,-1.748529,-2.372397,-1.441602,-2.585628,-10.11511,-12.27573,-2.220223,-1.955722,-2.459539,-2.833804,-2.365577,-2.559012,-2.176155,-2.116324,-1.92719,-2.600017,23,23,23,23,22,22,23,23,23,23,23,23,23,23,23,23,95,950,-1.60789,-3.83744,-4.599779,-3.224732,-3.107999,-2.54838,-2.5866,-67.04411,0.4943693,0.3639241,-0.7151927,0.3637732,0.5513955,0.2238358,-0.5533974,0.5720431,22,22,22,22,22,22,22,22,22,22,22,22,22,22,22,22
96,960,-45.44908,-47.39489,-10.0969,-4.509783,-1.684883,-2.346754,-0.6387334,-2.761151,-1.486146,-3.691493,-3.208958,-2.900836,-2.503613,-3.464596,-2.387779,-0.241357,23,23,23,23,23,23,23,23,23,23,23,23,23,23,23,23,96,960,-3.228015,-1.581599,-2.358068,-3.361304,-9.983752,-12.15295,-2.350823,-1.955722,-2.588988,-3.0913,-2.234154,-1.481553,-2.43217,-2.004938,-2.649888,-2.26093,23,23,23,23,22,22,23,23,23,23,23,23,23,23,23,23,96,960,-2.067532,-3.581614,-4.727551,-2.450793,-2.9785,-2.803214,-1.939957,-67.80953,0.2471642,-0.6039085,-0.7151927,-0.3638856,-0.1091194,-0.1096701,0.2212857,-0.01304155,22,22,22,22,22,22,22,22,22,22,22,22,22,22,22,22
97,970,-46.65137,-47.03217,-10.46609,-4.509783,-3.3743,-2.840806,-2.937075,-3.388098,-2.724602,-4.798944,-3.803008,-3.531222,-2.980496,-3.106189,-1.552079,-0.9655723,23,23,23,23,23,23,23,23,23,23,23,23,23,23,23,23,97,970,-2.959017,-2.108798,-3.405456,-2.327069,-9.327039,-12.27573,-2.350823,-2.346859,-3.236234,-2.44756,-1.97131,-2.693698,-2.048148,-2.673238,-2.288539,-2.26093,23,23,23,23,22,22,23,23,23,23,23,23,23,23,23,23,97,970,-1.952624,-3.069961,-4.344237,-3.224732,-3.496495,-3.312881,-2.845257,-68.24693,-4.093544E-05,0.1219651,-1.191997,-0.3638856,0.4413097,0.6685103,-0.4427288,0.4550287,22,22,22,22,22,22,22,22,22,22,22,22,22,22,22,22
98,980,-45.68953,-46.18584,-10.58915,-4.753492,-2.650266,-2.223241,-1.532956,-2.510371,-1.981529,-2.953192,-2.614909,-2.774759,-1.788289,-1.911505,-1.432693,-0.6034638,23,23,23,23,23,23,23,23,23,23,23,23,23,23,23,23,98,980,-2.152024,-2.767796,-2.881759,-2.068511,-9.721046,-12.15295,-2.089621,-2.477239,-2.588988,-2.061316,-1.839886,-2.963063,-2.560178,-2.561855,-2.047639,-2.600065,23,23,23,23,22,22,23,23,23,23,23,23,23,23,23,23,98,980,-2.527177,-3.83744,-5.366405,-2.321803,-3.107999,-2.54838,-1.810629,-67.15345,0.4943693,-0.1199938,-0.3575895,-0.1213326,-0.3292943,0.001498558,-0.1107215,0.4550287,22,22,22,22,22,22,22,22,22,22,22,22,22,22,22,22
99,990,-47.1323,-46.42765,-11.69672,-6.093889,-3.253619,-2.717293,-2.937075,-2.134203,-2.600756,-2.830142,-3.090149,-2.648682,-2.145951,-2.030972,-2.029622,0.4828568,23,23,23,23,23,23,23,23,23,23,23,23,23,23,23,23,99,990,-1.614029,-3.163194,-2.488997,-1.680673,-10.11511,-12.52122,-2.481425,-3.911412,-2.977336,-2.318812,-2.102733,-3.232428,-2.560178,-3.118773,-3.011237,-3.052243,23,23,23,23,22,22,23,23,23,23,23,23,23,23,23,23,99,990,-2.756997,-4.732833,-4.599781,-2.966752,-2.719503,-3.567715,-2.069286,-68.13757,0.1235616,-0.1199938,-0.7151927,-0.2426107,0.4413097,0.446173,-0.7747361,0.2209936,22,22,22,22,22,22,22,22,22,22,22,22,22,22,22,22
100,1000,-46.65137,-47.99941,-11.69672,-6.337417,-4.581019,-3.087832,-2.426702,-2.384982,-2.476911,-2.707092,-2.852529,-2.018201,-2.145951,-2.150441,-1.432693,-0.1206552,23,23,23,23,23,23,23,23,23,23,23,23,23,23,23,23,100,1000,-2.421022,-3.426793,-2.358074,-2.585628,-10.37781,-12.15295,-2.350823,-3.520274,-2.459539,-2.962552,-3.54838,-2.559012,-3.32822,-3.230156,-3.011237,-2.373973,23,23,23,23,22,22,23,23,23,23,23,23,23,23,23,23,100,1000,-2.756997,-3.83744,-4.855322,-2.708824,-2.9785,-3.695131,-2.457272,-67.80953,-4.093544E-05,-0.482929,-0.7151927,-0.6064385,0.0009663975,0.2238358,-0.1107215,0.1039792,22,22,22,22,22,22,22,22,22,22,22,22,22,22,22,22
101,1010,-46.41092,-47.39489,-10.83528,-5.728275,-3.017285,-2.964319,-2.04394,-1.506752,-1.114609,-2.337942,-2.37729,-2.018201,-1.669068,-2.150441,-1.193921,4.655403E-05,23,23,23,23,23,23,23,23,23,23,23,23,23,23,23,23,101,1010,-3.900508,-2.635996,-2.488997,-2.456349,-9.983752,-12.64395,-2.87323,-2.346859,-3.106785,-2.190064,-3.022689,-2.559012,-3.584235,-2.896007,-2.649888,-2.826154,23,23,23,23,22,22,23,23,23,23,23,23,23,23,23,23,101,1010,-2.98682,-3.965353,-4.855322,-2.966804,-3.237497,-3.567715,-3.879885,-68.02823,-0.1236435,0.9688182,1.404647E-05,-0.1213326,0.4413097,0.2238358,-5.297528E-05,0.2209936,22,22,22,22,22,22,22,22,22,22,22,22,22,22,22,22
102,1020,-44.24677,-48.24122,-9.604657,-6.093838,-2.172429,-3.334807,-2.04394,-3.011929,-1.114609,-3.199292,-2.13967,-2.396528,-1.669068,-3.106189,-2.029622,-0.7241672,23,23,23,23,23,23,23,23,23,23,23,23,23,23,23,23,102,1020,-3.362513,-2.635996,-2.096228,-2.973466,-9.458341,-12.52117,-2.742628,-2.477239,-2.459539,-2.318812,-2.497001,-2.693698,-2.81619,-2.004938,-2.408988,-2.713108,23,23,23,23,22,22,23,23,23,23,23,23,23,23,23,23,102,1020,-3.561374,-4.22118,-4.472009,-2.837814,-2.331008,-2.54838,-1.939957,-67.59084,0.1235616,0.1219651,-0.7151927,-0.2426107,-0.1091194,-0.2208387,-0.3320602,-0.1300559,22,22,22,22,22,22,22,22,22,22,22,22,22,22,22,22
103,1030,-44.367,-47.87851,-10.83528,-6.459198,-4.586304,-4.445991,-2.937075,-3.638877,-1.981529,-3.814543,-2.614909,-2.396528,-2.384392,-2.26991,-0.8357636,-1.206976,23,23,23,23,23,23,23,23,23,23,23,23,23,23,23,23,103,1030,-2.152024,-2.372397,-1.834383,-2.844186,-9.195685,-13.01211,-1.959022,-2.477239,-1.553397,-2.833804,-2.497001,-2.424332,-2.944197,-2.33909,-2.770337,-3.278335,23,23,23,23,22,22,23,23,23,23,23,23,23,23,23,23,103,1030,-3.101731,-3.581614,-4.599781,-2.063875,-2.9785,-3.185465,-2.974584,-67.80953,0.3707667,0.3639241,0.3576176,-0.4851636,0.2211381,0.6685103,-0.1107215,0.4550287,22,22,22,22,22,22,22,22,22,22,22,22,22,22,22,22
104,1040,-44.84792,-48.24122,-9.850782,-7.798781,-4.948385,-3.828859,-3.192262,-3.01193,-1.857683,-2.707092,-2.020861,-2.144312,-1.669068,-1.911505,-1.671465,-0.7241672,23,23,23,23,23,23,23,23,23,23,23,23,23,23,23,23,104,1040,-2.421022,-2.108798,-2.61992,-2.068511,-9.589693,-14.23955,-2.481428,-1.564585,-2.459539,-2.318812,-3.022689,-3.232428,-2.304163,-2.116324,-3.011237,-3.165289,23,23,23,23,22,22,23,23,23,23,23,23,23,23,23,23,104,1040,-3.561374,-4.22118,-5.366405,-1.547916,-2.590004,-2.930631,-3.491898,-67.7002,0.7415752,-0.3619496,-0.4767907,-0.2426107,0.1110522,0.2238358,0.553293,-0.01304155,22,22,22,22,22,22,22,22,22,22,22,22,22,22,22,22
105,1050,-46.89184,-49.08756,-11.32753,-6.702758,-5.672547,-3.828859,-4.213008,-3.262709,-3.096139,-2.214891,-2.614909,-1.765981,-2.742054,-1.911505,-2.149008,0.3621534,23,23,23,23,23,23,23,23,23,23,23,23,23,23,23,23,105,1050,-1.883027,-2.240597,-3.27454,-1.939232,-10.24646,-12.88939,-2.350826,-1.825345,-2.459539,-2.318812,-3.54838,-2.559012,-1.92014,-2.004938,-2.770337,-2.9392,23,23,23,23,22,22,23,23,23,23,23,23,23,23,23,23,105,1050,-2.297355,-3.965353,-4.727551,-1.676906,-2.719503,-3.822549,-3.103913,-68.35626,0.8651778,0.6058798,-0.2383883,-0.1213326,0.0009663975,0.5573424,-0.1107215,0.5720431,22,22,22,22,22,22,22,22,22,22,22,22,22,22,22,22
106,1060,-46.05022,-49.93389,-11.08141,-7.433441,-5.672547,-3.952372,-3.957822,-3.764267,-3.096139,-3.814593,-1.902051,-2.900836,-2.02673,-1.792036,-1.193921,-0.6034638,23,23,23,23,23,23,23,23,23,23,23,23,23,23,23,23,106,1060,-2.824518,-1.976998,-2.488997,-1.551395,-10.37781,-12.3984,-1.959022,-1.955722,-2.847887,-2.833804,-3.679804,-2.154967,-1.92014,-2.450472,-3.131686,-2.487019,23,23,23,23,22,22,23,23,23,23,23,23,23,23,23,23,106,1060,-3.331551,-3.83744,-4.216467,-2.450845,-2.201509,-1.656463,-3.103913,-68.24693,0.2471642,-0.2419172,1.404647E-05,-0.4851636,-0.3292943,-0.1096701,-0.1107215,0.8060782,22,22,22,22,22,22,22,22,22,22,22,22,22,22,22,22
107,1070,-43.04446,-49.81298,-9.973844,-6.337417,-4.706998,-3.45832,-3.319855,-3.889657,-2.600757,-3.322393,-1.66438,-2.270423,-1.549847,-2.030972,-1.432693,-0.1206552,23,23,23,23,23,23,23,23,23,23,23,23,23,23,23,23,107,1070,-2.286523,-2.635996,-1.965306,-2.714907,-10.50916,-12.64389,-1.959022,-3.389894,-2.588988,-3.0913,-3.416957,-2.154967,-1.792133,-3.341539,-2.168089,-2.26093,23,23,23,23,22,22,23,23,23,23,23,23,23,23,23,23,107,1070,-2.756997,-4.604919,-5.110864,-2.321855,-2.719503,-3.822549,-2.45727,-68.35626,-4.093544E-05,0.241914,0.4767678,0.2424983,-0.3292943,0.446173,-0.1107215,1.625192,22,22,22,22,22,22,22,22,22,22,22,22,22,22,22,22
108,1080,-40.0387,-49.20846,-8.989345,-6.093838,-3.982835,-4.199206,-3.447448,-4.767383,-3.715368,-4.922044,-2.02081,-2.900836,-1.669068,-3.106189,-1.910236,-0.844869,23,23,23,23,23,23,23,23,23,23,23,23,23,23,23,23,108,1080,-2.824518,-2.899595,-3.012694,-3.490583,-9.589693,-12.76662,-2.74263,-2.60762,-2.718437,-3.863789,-1.839886,-2.559009,-2.304163,-1.782172,-2.168089,-2.713108,23,23,23,23,22,22,23,23,23,23,23,23,23,23,23,23,108,1080,-2.871908,-4.349093,-5.238635,-2.708824,-2.331008,-2.420964,-3.750556,-68.79366,0.9887803,-0.2419172,-0.7152436,-1.091496,-0.7696376,0.112668,0.2212857,0.9230925,22,22,22,22,22,22,22,22,22,22,22,22,22,22,22,22
109,1090,-38.71616,-49.32936,-8.620156,-5.606421,-4.706998,-3.334807,-3.830228,-5.143552,-3.467676,-4.183744,-2.37724,-2.774759,-1.192183,-2.747784,-1.552079,4.655403E-05,23,23,23,23,23,23,23,23,23,23,23,23,23,23,23,23,109,1090,-2.690019,-1.581599,-2.227151,-2.585628,-9.983752,-12.3984,-2.350826,-1.564585,-2.588988,-2.44756,-1.839886,-2.424327,-2.304163,-2.004938,-1.92719,-1.695703,23,23,23,23,22,22,23,23,23,23,23,23,23,23,23,23,109,1090,-2.527177,-3.453701,-4.599781,-1.934885,-2.331008,-3.185465,-2.974584,-68.24693,0.2471642,1.088616,0.4767678,0.7276523,0.001024189,0.2238358,0.7746301,0.9230925,22,22,22,22,22,22,22,22,22,22,22,22,22,22,22,22
110,1100,-39.43755,-48.72484,-8.497095,-6.093838,-4.586304,-3.952372,-4.213008,-4.641994,-3.839213,-4.183744,-1.78319,-2.648682,-1.788286,-1.791987,-1.79085,-0.6034638,23,23,23,23,23,23,23,23,23,23,23,23,23,23,23,23,110,1100,-2.152024,-1.976998,-3.143617,-1.939232,-9.589693,-12.1529,-2.612028,-2.60762,-3.754029,-2.833804,-1.839886,-2.424327,-2.304163,-2.33909,-1.686291,-2.373973,23,23,23,23,22,22,23,23,23,23,23,23,23,23,23,23,110,1100,-3.216643,-4.477006,-4.855322,-1.934885,-1.813014,-1.656463,-2.845255,-68.57496,0.4943693,-3.210623E-06,0.2383655,-0.4851155,-0.7695798,-0.3320579,-0.1107215,1.040113,22,22,22,22,22,22,22,22,22,22,22,22,22,22,22,22
111,1110,-38.35547,-48.72484,-8.74322,-5.85013,-6.034629,-4.322598,-5.744128,-6.021279,-4.953824,-3.814593,-2.733669,-2.900836,-2.265169,-3.106141,-1.910185,0.4828568,23,23,23,23,23,23,23,23,23,23,23,23,23,23,23,23,111,1110,-1.614029,-2.372397,-2.488997,-1.680673,-8.407568,-12.76662,-2.350826,-2.738,-2.718437,-2.061316,-1.97131,-2.693691,-1.92014,-2.673238,-1.927242,-2.713108,23,23,23,23,22,22,23,23,23,23,23,23,23,23,23,23,111,1110,-2.182443,-4.093267,-4.599781,-2.063875,-1.683515,-2.803214,-3.879884,-69.01234,-4.093544E-05,0.483828,0.4767678,0.1212684,-0.3292333,0.1126166,0.3320105,0.8060782,22,22,22,22,22,22,22,22,22,22,22,22,22,22,22,22
112,1120,-38.4757,-49.20846,-8.497095,-6.093838,-5.551854,-4.199206,-5.361348,-5.268942,-4.582287,-4.552894,-1.902,-2.396528,-1.788286,-2.030924,-0.7163268,-0.9656205,23,23,23,23,23,23,23,23,23,23,23,23,23,23,23,23,112,1120,-2.286523,-2.504196,-1.572531,-2.068511,-9.983752,-13.01211,-2.481428,-3.259514,-2.459539,-2.318812,-1.839886,-2.020278,-2.048148,-3.00739,-2.52949,-2.486968,23,23,23,23,22,22,23,23,23,23,23,23,23,23,23,23,112,1120,-2.642086,-4.732833,-5.110864,-1.805895,-1.683515,-1.78388,-2.45727,-67.80953,-0.1236435,0.8467022,0.595969,0.1212684,-0.4393191,0.2237852,0.7746863,0.8190684,22,22,22,22,22,22,22,22,22,22,22,22,22,22,22,22
113,1130,-36.79248,-48.36213,-7.020347,-5.728275,-4.948385,-4.445991,-4.723382,-5.394331,-3.096139,-4.552894,-1.78319,-2.648682,-1.430625,-2.150393,-1.313256,0.7242121,23,23,23,23,23,23,23,23,23,23,23,23,23,23,23,23,113,1130,-2.286524,-3.031394,-2.227151,-1.809952,-10.37781,-12.52117,-3.003833,-3.389894,-2.977336,-2.318812,-2.759845,-2.559009,-2.81619,-3.564305,-2.40904,-2.373922,23,23,23,23,22,22,23,23,23,23,23,23,23,23,23,23,113,1130,-2.412263,-3.83744,-5.749718,-2.579835,-2.201509,-2.675797,-3.621227,-69.77777,-0.1236435,0.241914,0.1191647,0.3638214,-0.2191475,-0.1097206,0.6640178,0.936102,22,22,22,22,22,22,22,22,22,22,22,22,22,22,22,22
114,1140,-35.34971,-48.37039,-7.758721,-6.946319,-5.672547,-6.173491,-5.233755,-6.021279,-4.086905,-5.783395,-1.902,-3.026913,-1.907506,-3.703484,-2.268343,-0.6035136,23,23,23,23,23,23,23,23,23,23,23,23,23,23,23,23,114,1140,-2.824518,-2.767796,-2.227151,-2.19779,-10.11511,-12.1529,-3.003833,-2.998757,-2.459539,-2.190064,-2.759845,-1.885596,-2.304163,-2.784621,-2.047691,-2.147833,23,23,23,23,22,22,23,23,23,23,23,23,23,23,23,23,114,1140,-2.756994,-4.604921,-5.366405,-2.321855,-2.331008,-1.911296,-2.586599,-69.01234,-4.093544E-05,0.1209538,0.1191647,-0.3638374,-0.659494,-0.2208892,0.6640178,-0.1172263,22,22,22,22,22,22,22,22,22,22,22,22,22,22,22,22
115,1150,-41.00055,-49.09594,-8.743218,-8.285903,-7.120872,-6.913847,-5.999315,-5.51972,-3.963059,-4.183744,-1.78319,-2.522605,-1.907506,-2.508798,-2.148957,-1.605311E-06,23,23,23,23,23,23,23,23,23,23,23,23,23,23,23,23,115,1150,-3.093516,-2.635996,-1.310685,-2.456349,-9.589693,-12.64389,-2.74263,-2.60762,-2.33009,-2.576308,-2.365577,-2.828374,-3.200212,-2.004938,-2.649939,-3.052191,23,23,23,23,22,22,23,23,23,23,23,23,23,23,23,23,115,1150,-1.837709,-4.477007,-5.749718,-2.708824,-1.942513,-2.54838,-3.233242,-69.01234,-0.370849,0.362871,-0.1192377,0.1212684,-0.2191475,-0.7767323,0.442679,1.287209,22,22,22,22,22,22,22,22,22,22,22,22,22,22,22,22
116,1160,-39.91847,-49.45872,-8.989343,-8.529464,-8.689878,-6.790454,-5.616535,-5.143552,-3.839213,-3.199343,-2.02081,-1.766032,-1.907506,-1.672518,-1.910185,-1.605311E-06,23,23,23,23,23,23,23,23,23,23,23,23,23,23,23,23,116,1160,-2.69002,-2.240597,-2.358074,-3.102746,-9.589693,-13.13489,-2.873231,-2.216482,-2.200641,-2.190064,-2.234154,-2.963056,-3.072205,-2.116324,-1.686342,-3.504372,23,23,23,23,22,22,23,23,23,23,23,23,23,23,23,23,116,1160,-2.986817,-4.860747,-4.855322,-1.805897,-2.590004,-2.293547,-2.715928,-68.57496,-0.6180545,0.725742,0.595969,-0.6063903,-0.7695798,-0.4432265,0.1106718,0.3509211,22,22,22,22,22,22,22,22,22,22,22,22,22,22,22,22
117,1170,-39.91847,-49.94242,-10.83528,-9.016586,-9.414034,-7.037241,-6.509688,-5.64511,-3.715368,-3.937643,-2.49605,-3.405145,-2.622831,-3.584015,-2.6265,-0.120705,23,23,23,23,23,23,23,23,23,23,23,23,23,23,23,23,117,1170,-2.152025,-2.240597,-2.096228,-2.585629,-9.589693,-13.74861,-2.350826,-2.346859,-1.682846,-2.576308,-2.102733,-3.232421,-2.43217,-2.116324,-2.168141,-3.165237,23,23,23,23,22,22,23,23,23,23,23,23,23,23,23,23,117,1170,-2.067529,-4.221181,-5.494177,-2.321856,-2.071959,-2.16613,-2.586599,-68.46561,0.6179726,-3.210623E-06,-0.1192377,1.212758,0.11111,-0.4432265,0.3320105,1.404249,22,22,22,22,22,22,22,22,22,22,22,22,22,22,22,22
118,1180,-37.15317,-48.49131,-9.973842,-8.407683,-8.569178,-6.667062,-5.361348,-5.394331,-3.591522,-3.445443,-2.02081,-2.270474,-2.265169,-2.508798,-2.268343,-0.4828118,23,23,23,23,23,23,23,23,23,23,23,23,23,23,23,23,118,1180,-2.152025,-1.976998,-2.227151,-2.068511,-9.589693,-13.74861,-2.74263,-1.694965,-2.718437,-1.932568,-2.891268,-2.828374,-2.176155,-2.004938,-3.011288,-3.165237,23,23,23,23,22,22,23,23,23,23,23,23,23,23,23,23,118,1180,-2.297351,-4.477007,-5.494177,-3.095795,-2.719451,-2.166131,-2.069285,-67.91888,-0.2472464,0.362871,0.595969,0.3638214,0.4413675,-0.6655645,3.210623E-06,1.287209,22,22,22,22,22,22,22,22,22,22,22,22,22,22,22,22
119,1190,-36.67225,-48.00761,-8.866282,-7.433441,-6.758785,-6.420276,-4.850976,-5.7705,-3.219985,-4.183744,-1.902,-3.026913,-1.907506,-2.986672,-2.029571,-0.2414067,23,23,23,23,23,23,23,23,23,23,23,23,23,23,23,23,119,1190,-1.61403,-1.318,-2.358074,-1.163557,-10.64052,-12.88939,-1.959071,-1.955722,-3.236234,-2.061316,-3.154116,-2.154962,-1.92014,-1.782172,-2.168141,-2.486968,23,23,23,23,22,22,23,23,23,23,23,23,23,23,23,23,119,1190,-2.412263,-3.709529,-5.366406,-2.579835,-1.683463,-2.038714,-2.58665,-68.6843,-1.35967,-0.1209602,0.4767678,0.4850994,0.5514534,-0.1097206,3.210623E-06,0.7020283,22,22,22,22,22,22,22,22,22,22,22,22,22,22,22,22
120,1200,-37.51386,-49.33779,-9.604655,-9.016586,-7.845028,-7.777597,-5.488943,-6.272057,-4.458441,-4.798994,-3.090099,-3.026913,-2.742052,-3.942421,-1.910185,-0.4828118,23,23,23,23,23,23,23,23,23,23,23,23,23,23,23,23,120,1200,-1.748529,-1.845199,-1.310685,-2.32707,-9.983752,-12.52117,-2.089672,-1.434204,-2.200641,-2.44756,-3.022689,-2.424327,-2.048148,-2.227707,-2.40904,-2.260879,23,23,23,23,22,22,23,23,23,23,23,23,23,23,23,23,120,1200,-2.067529,-4.221181,-5.621948,-2.837815,-2.201457,-2.293548,-1.422693,-68.13757,-0.2472464,-0.2419172,0.7151702,0.2425465,-0.3292333,-0.5543951,0.1106718,1.170176,22,22,22,22,22,22,22,22,22,22,22,22,22,22,22,22
121,1210,-35.95086,-48.49131,-9.358531,-8.894806,-8.569178,-7.037241,-4.723382,-5.39433,-3.715367,-4.060694,-2.13962,-2.900836,-1.669065,-3.106141,-2.507114,-0.2414067,23,23,23,23,23,23,23,23,23,23,23,23,23,23,23,23,121,1210,-2.152025,-2.635996,-1.572531,-2.068511,-9.983752,-12.3984,-2.220274,-2.086099,-2.330089,-2.576308,-3.285533,-2.289644,-1.92014,-2.784621,-2.28859,-2.373922,23,23,23,23,22,22,23,23,23,23,23,23,23,23,23,23,121,1210,-2.527171,-3.325788,-5.110864,-2.708825,-2.071959,-1.911297,-2.974636,-69.01235,-0.3709004,-0.1209602,-0.4768413,0.6063743,0.2211958,0.557291,-0.3320041,0.5849947,22,22,22,22,22,22,22,22,22,22,22,22,22,22,22,22
122,1220,-35.34971,-48.24945,-9.481592,-8.407683,-9.776115,-7.90099,-6.637282,-4.767383,-4.086904,-3.814595,-2.971288,-3.15299,-3.218933,-3.22561,-3.104043,-0.3621085,23,23,23,23,23,23,23,23,23,23,23,23,23,23,23,23,122,1220,-2.421022,-1.976998,-2.096228,-2.585629,-9.589693,-12.3984,-2.742679,-2.086099,-1.682845,-3.477545,-1.839886,-1.750913,-1.792133,-1.670789,-1.445443,-2.147833,23,23,23,23,22,22,23,23,23,23,23,23,23,23,23,23,122,1220,-1.952617,-4.093268,-5.621948,-2.063876,-1.294968,-1.911297,-1.422693,-67.48151,-9.23054E-05,-0.1209602,-0.1192377,0.3638214,0.001024189,-0.7767323,-0.2213355,1.404249,22,22,22,22,22,22,22,22,22,22,22,22,22,22,22,22
123,1230,-40.15894,-49.09594,-10.0969,-9.381927,-10.37958,-8.271169,-6.764876,-6.522837,-5.201515,-4.675945,-3.565337,-3.405145,-2.980493,-4.061889,-2.6265,-0.4828118,23,23,23,23,23,23,23,23,23,23,23,23,23,23,23,23,123,1230,-2.69002,-0.9226013,-2.358074,-1.809953,-10.37781,-12.27567,-3.134483,-1.694962,-2.459538,-2.190064,-2.102784,-1.077501,-2.048148,-1.448021,-1.927242,-2.147833,23,23,23,23,22,22,23,23,23,23,23,23,23,23,23,23,123,1230,-2.067529,-3.965354,-5.494177,-2.966805,-2.201457,-1.783881,-1.552022,-68.79366,-0.865311,-0.4838312,0.357618,0.6063743,0.2211958,0.001447991,-0.1106654,1.053136,22,22,22,22,22,22,22,22,22,22,22,22,22,22,22,22
124,1240,-39.43755,-48.49131,-9.112406,-8.773025,-9.414034,-7.654205,-6.892469,-6.397448,-4.582287,-3.568494,-2.496048,-2.648682,-2.622831,-2.867203,-1.432642,0.7242121,23,23,23,23,23,23,23,23,23,23,23,23,23,23,23,23,124,1240,-2.152025,-1.4498,-2.227151,-2.068511,-9.458341,-12.64389,-2.481476,-1.434204,-2.718436,-2.44756,-1.182826,-1.346866,-2.176155,-1.893555,-1.565893,-2.373922,23,23,23,23,22,22,23,23,23,23,23,23,23,23,23,23,124,1240,-2.067529,-4.093268,-5.87749,-2.966805,-1.94246,-1.911297,-1.164037,-67.04411,-0.2472978,0.362871,0.5960204,-0.3638374,0.2211958,-0.5543951,-0.6640114,0.4679547,22,22,22,22,22,22,22,22,22,22,22,22,22,22,22,22
125,1250,-36.67225,-49.21687,-9.727717,-10.35617,-10.25889,-9.011525,-6.637282,-7.651342,-4.086904,-5.414246,-2.614858,-3.026913,-2.384391,-3.822953,-2.387728,0.1207002,23,23,23,23,23,23,23,23,23,23,23,23,23,23,23,23,125,1250,-2.017526,-1.581599,-2.227151,-1.809953,-9.8524,-12.64389,-2.481476,-1.434204,-3.106781,-1.546323,-1.577093,-2.154962,-2.176152,-2.004938,-1.927242,-2.034787,23,23,23,23,22,22,23,23,23,23,23,23,23,23,23,23,125,1250,-2.067529,-3.709529,-4.855322,-2.450846,-2.460454,-1.274213,-2.457322,-68.35627,-0.1236949,-0.9676624,0.119216,-0.4851155,0.6615392,0.7796283,-0.4426726,0.936102,22,22,22,22,22,22,22,22,22,22,22,22,22,22,22,22
126,1260,-40.51963,-49.8215,-11.20447,-12.42644,-11.46583,-10.36885,-8.933963,-7.651342,-6.810537,-5.660347,-2.733669,-4.287683,-2.622832,-4.061935,-1.790799,-0.8449187,23,23,23,23,23,23,23,23,23,23,23,23,23,23,23,23,126,1260,-1.479531,-2.504197,-2.881772,-2.068511,-9.195685,-12.52117,-2.089672,-2.998754,-2.718436,-2.318812,-2.365628,-2.559009,-1.792133,-2.561859,-1.927242,-2.600014,23,23,23,23,22,22,23,23,23,23,23,23,23,23,23,23,126,1260,-2.297351,-4.221181,-5.749718,-2.966805,-2.589952,-2.420964,-2.198665,-68.02824,-0.4945029,-3.210623E-06,-0.5959911,0.6063743,-0.3292333,-0.8879009,-0.6640114,0.8190684,22,22,22,22,22,22,22,22,22,22,22,22,22,22,22,22
127,1270,-41.00055,-49.8215,-10.71222,-10.11261,-10.1382,-8.888132,-7.020062,-6.899004,-6.439428,-5.783396,-2.614858,-3.405144,-2.503612,-3.464593,-2.507165,-0.3621085,23,23,23,23,23,23,23,23,23,23,23,23,23,23,23,23,127,1270,-2.286524,-2.504197,-1.179763,-1.163557,-9.327039,-12.1529,-1.567267,-3.129134,-2.200639,-1.546323,-2.102784,-1.616231,-1.792133,-2.004941,-1.324993,-2.600014,23,23,23,23,22,22,23,23,23,23,23,23,23,23,23,23,127,1270,-1.837709,-3.453702,-5.238635,-2.321856,-2.071959,-1.01938,-2.198665,-68.02824,-0.7417084,-0.9676624,0.119216,0.4850994,0.11111,0.223786,-0.2213355,0.1168474,22,22,22,22,22,22,22,22,22,22,22,22,22,22,22,22
128,1280,-38.4757,-48.73316,-11.69672,-9.625487,-9.896809,-7.777597,-7.402843,-7.024394,-6.934239,-5.414246,-2.614858,-3.657298,-3.457377,-3.584061,-3.104094,0.6035585,23,23,23,23,23,23,23,23,23,23,23,23,23,23,23,23,128,1280,-2.286524,-2.372397,-1.179763,-2.068511,-10.24646,-11.78468,-2.220274,-2.607616,-1.812294,-1.288827,-2.365628,-1.616231,-2.816186,-2.561859,-2.168141,-1.582606,23,23,23,23,22,22,23,23,23,23,23,23,23,23,23,23,128,1280,-1.148244,-3.581615,-5.749718,-2.063876,-2.071959,-1.911297,-1.422693,-67.15346,-9.23054E-05,-0.4838312,0.357618,0.3638214,0.2211958,0.1126174,-0.4426726,1.170169,22,22,22,22,22,22,22,22,22,22,22,22,22,22,22,22
129,1290,-39.91847,-49.94242,-11.69672,-11.20863,-11.10375,-9.381704,-8.04081,-8.529068,-6.563131,-7.013897,-3.327717,-4.539837,-3.695818,-3.464593,-2.387779,0.2414517,23,23,23,23,23,23,23,23,23,23,23,23,23,23,23,23,129,1290,-2.69002,-2.108798,-1.965306,-1.551395,-10.90317,-12.27567,-2.481476,-2.346859,-1.423946,-1.546323,-2.234205,-1.212183,-2.30416,-1.893558,-1.927242,-1.695652,23,23,23,23,22,22,23,23,23,23,23,23,23,23,23,23,129,1290,-2.297351,-3.325788,-4.727552,-2.837815,-2.848949,-1.40163,-3.362622,-68.79366,-0.4945029,-0.8467054,-0.3575887,0.6063743,0.11111,-0.4432257,-0.9960186,0.4679547,22,22,22,22,22,22,22,22,22,22,22,22,22,22,22,22
130,1300,-39.43755,-48.72484,-10.95834,-9.503707,-9.051952,-7.777597,-7.402843,-7.275174,-6.439428,-6.029497,-2.733669,-4.287683,-2.742052,-2.86725,-1.552079,0.1207499,23,23,23,23,23,23,23,23,23,23,23,23,23,23,23,23,130,1300,-2.286524,-2.372397,-1.834383,-2.32707,-9.458341,-12.76662,-3.003881,-2.216479,-1.812294,-1.417575,-1.708517,-2.424327,-2.944194,-1.782175,-1.686343,-1.921741,23,23,23,23,22,22,23,23,23,23,23,23,23,23,23,23,130,1300,-1.378063,-3.581615,-5.238635,-1.934886,-1.94246,-2.293548,-2.327994,-67.7002,-0.2472978,0.604785,-0.5959911,0.4850994,0.3312817,0.001448793,-0.8853485,0.5849883,22,22,22,22,22,22,22,22,22,22,22,22,22,22,22,22
131,1310,-40.51963,-49.93389,-10.46609,-9.625487,-8.931259,-8.76474,-6.509689,-8.152901,-6.068321,-7.628918,-3.327717,-5.422377,-3.099715,-4.181404,-2.507165,-0.3620603,23,23,23,23,23,23,23,23,23,23,23,23,23,23,23,23,131,1310,-2.824518,-1.845199,-1.965306,-2.068511,-8.93298,-13.62583,-2.742679,-2.086099,-1.553396,-2.190064,-1.971361,-2.424327,-1.792133,-1.225259,-1.806792,-2.373922,23,23,23,23,22,22,23,23,23,23,23,23,23,23,23,23,131,1310,-1.492975,-3.069963,-4.983094,-2.063876,-2.201457,-1.656464,-1.422693,-67.48151,-0.7417084,-0.8467054,0.2384168,0.3638214,0.001024189,0.001448793,-0.5533412,0.8190619,22,22,22,22,22,22,22,22,22,22,22,22,22,22,22,22
132,1320,-39.67801,-49.45027,-10.71222,-9.381926,-9.172647,-8.271169,-6.764876,-7.149785,-6.315726,-6.275596,-3.208907,-4.287683,-1.788287,-2.628314,-1.552079,-0.3620603,23,23,23,23,23,23,23,23,23,23,23,23,23,23,23,23,132,1320,-2.152025,-2.635996,-2.096228,-2.714907,-9.589693,-13.9941,-2.089672,-1.173444,-1.941743,-2.44756,-2.234205,-3.232421,-2.048145,-2.450476,-2.168141,-2.939148,23,23,23,23,22,22,23,23,23,23,23,23,23,23,23,23,132,1320,-1.837709,-3.325788,-5.238635,-2.450846,-2.071959,-2.038714,-2.327994,-67.48151,-9.23054E-05,-3.210623E-06,-0.1191863,0.3638214,0.5514534,-0.1097206,-0.7746799,0.3509211,22,22,22,22,22,22,22,22,22,22,22,22,22,22,22,22
133,1330,-40.76009,-50.1757,-10.71222,-8.529464,-8.207103,-7.777597,-7.402843,-7.776731,-6.563131,-5.537296,-3.090097,-3.909452,-2.503612,-2.628314,-2.149008,-0.4827621,23,23,23,23,23,23,23,23,23,23,23,23,23,23,23,23,133,1330,-2.69002,-2.372397,-2.227151,-1.551395,-10.24646,-13.87133,-2.612077,-1.434204,-3.236231,-1.675071,-2.497052,-2.693691,-1.664125,-1.893558,-1.927242,-3.052191,23,23,23,23,22,22,23,23,23,23,23,23,23,23,23,23,133,1330,-1.607886,-2.942049,-4.983094,-2.063877,-1.812961,-1.656464,-2.457322,-67.80954,0.1235102,-0.7257484,-0.3575887,-0.1212845,-0.2191475,0.1126174,-0.1106654,-0.1172263,22,22,22,22,22,22,22,22,22,22,22,22,22,22,22,22
134,1340,-41.72193,-50.2966,-11.0814,-8.894805,-9.172653,-7.777597,-8.168403,-7.651342,-6.810537,-5.906446,-4.278196,-4.03553,-3.576597,-2.86725,-2.149008,0.1207499,23,23,23,23,23,23,23,23,23,23,23,23,23,23,23,23,134,1340,-2.421022,-1.845199,-1.703454,-1.680673,-10.50916,-12.88939,-1.436665,-1.303824,-2.200639,-1.675071,-1.971361,-2.020278,-1.664125,-1.670792,-2.770389,-2.147833,23,23,23,23,22,22,23,23,23,23,23,23,23,23,23,23,134,1340,-1.607886,-3.197876,-4.855322,-1.934887,-1.94246,-2.166131,-1.940008,-66.93476,-0.3709004,0.1209538,-0.2383875,0.3638214,0.2211958,0.001448793,-0.3320041,0.116841,22,22,22,22,22,22,22,22,22,22,22,22,22,22,22,22
135,1350,-39.19709,-50.1757,-10.71222,-7.920562,-8.08641,-7.037241,-6.764875,-7.024394,-5.077669,-4.922045,-2.852478,-3.279067,-3.099715,-2.15044,-1.193921,-0.1206552,23,23,23,23,23,23,23,23,23,23,23,23,23,23,23,23,135,1350,-2.017526,-1.976998,-1.310685,-1.680673,-10.37781,-12.76662,-1.567267,-1.825342,-1.682845,-2.190064,-1.971361,-1.481548,-1.536118,-2.004941,-1.806792,-1.469563,23,23,23,23,22,22,23,23,23,23,23,23,23,23,23,23,135,1350,-1.492975,-3.581615,-4.855322,-1.676907,-2.460454,-1.529047,-1.940008,-67.48151,-0.1236949,-1.088619,-0.9535947,-0.4851155,-0.3292333,-0.3320579,3.210623E-06,-0.2342663,22,22,22,22,22,22,22,22,22,22,22,22,22,22,22,22
136,1360,-36.55202,-49.08756,-9.604655,-9.260145,-8.08641,-7.90099,-5.999315,-7.400564,-4.706132,-5.045095,-2.496048,-4.03553,-2.742052,-3.106188,-2.029622,-0.6034638,23,23,23,23,23,23,23,23,23,23,23,23,23,23,23,23,136,1360,-1.748529,-2.372397,-0.656065,-2.19779,-9.327039,-13.01211,-1.567267,-0.9126869,-1.423946,-2.833804,-2.234205,-1.885596,-1.280103,-2.116324,-1.565893,-1.582606,23,23,23,23,22,22,23,23,23,23,23,23,23,23,23,23,136,1360,-1.837709,-2.55831,-4.983094,-1.289937,-1.94246,-2.166131,-2.457322,-67.80953,-0.2472978,1.088616,-0.3575887,0.2425465,0.001024189,0.5572919,-0.4426726,0.3509211,22,22,22,22,22,22,22,22,22,22,22,22,22,22,22,22
137,1370,-38.71617,-50.2966,-10.58915,-10.72151,-9.051959,-8.641346,-6.382095,-7.651342,-5.449205,-5.291195,-3.921766,-3.783375,-2.622832,-3.584061,-1.79085,-1.448381,23,23,23,23,23,23,23,23,23,23,23,23,23,23,23,23,137,1370,-2.824518,-1.976998,-2.227151,-3.749141,-9.983752,-12.03018,-2.873281,-1.303824,-2.459538,-3.0913,-1.577093,-1.616231,-1.280103,-1.336642,-1.445443,-1.356517,23,23,23,23,22,22,23,23,23,23,23,23,23,23,23,23,137,1370,-2.067529,-3.453702,-4.983094,-1.934887,-1.812961,-1.911297,-2.198665,-67.15345,-0.370849,-1.088619,-0.7151923,-0.2425625,0.3312817,0.001448793,-0.2213355,-0.2342663,22,22,22,22,22,22,22,22,22,22,22,22,22,22,22,22
138,1380,-39.31732,-49.69208,-9.358531,-9.869047,-9.776121,-8.517954,-6.892468,-7.275175,-4.706131,-5.660345,-2.733669,-3.15299,-2.26517,-2.747782,-2.268394,-0.6034638,23,23,23,23,23,23,23,23,23,23,23,23,23,23,23,23,138,1380,-2.421022,-2.108798,-2.358074,-1.809952,-9.195685,-12.76662,-1.959071,-2.346859,-2.718436,-2.061316,-1.971361,-1.750913,-1.40811,-2.116324,-1.084094,-1.921741,23,23,23,23,22,22,23,23,23,23,23,23,23,23,23,23,138,1380,-1.378063,-2.686223,-4.855322,-1.547917,-2.201457,-2.548381,-2.198665,-67.04411,0.2471642,0.8466508,1.484913E-05,-0.6063903,0.3312817,-0.2208884,-0.4426726,0.5849883,22,22,22,22,22,22,22,22,22,22,22,22,22,22,22,22
139,1390,-39.31732,-49.20846,-11.0814,-9.990828,-11.82792,-8.641346,-7.402842,-7.024395,-5.944588,-4.798994,-4.159389,-3.783375,-2.503612,-2.628314,-2.865323,-0.241357,23,23,23,23,23,23,23,23,23,23,23,23,23,23,23,23,139,1390,-2.152025,-2.504197,-2.488997,-1.292835,-9.721046,-12.52117,-1.436665,-2.607616,-2.330089,-1.160079,-1.708517,-1.885596,-1.40811,-2.784624,-1.927242,-2.373922,23,23,23,23,22,22,23,23,23,23,23,23,23,23,23,23,139,1390,-2.642082,-3.581615,-5.238635,-1.031958,-1.03597,-2.420964,-2.327994,-66.82542,0.1235616,-0.8467568,-1.191997,-0.9702213,-0.1090616,0.223786,0.2213419,0.7020283,22,22,22,22,22,22,22,22,22,22,22,22,22,22,22,22
140,1400,-41.84216,-49.69208,-11.0814,-11.33041,-11.22445,-9.134917,-7.402842,-7.400564,-6.192024,-5.414245,-3.090101,-4.161606,-2.503612,-2.747782,-1.671465,-0.6034638,23,23,23,23,23,23,23,23,23,23,23,23,23,23,23,23,140,1400,-2.152025,-3.426794,-2.227151,-1.292835,-8.93298,-13.01211,-1.306064,-2.998754,-2.071192,-1.932568,-2.234205,-2.559012,-1.536118,-2.673242,-2.288591,-2.373922,23,23,23,23,22,22,23,23,23,23,23,23,23,23,23,23,140,1400,-2.642082,-2.686223,-4.599781,-1.934887,-1.683462,-2.548381,-3.621278,-68.35626,0.2471642,0.8466508,-0.1191863,0.3638245,0.6615392,0.5572919,0.1106718,0.5849883,22,22,22,22,22,22,22,22,22,22,22,22,22,22,22,22
141,1410,-44.48723,-49.20846,-12.18897,-13.52246,-11.46583,-8.641346,-6.764875,-7.400564,-5.944588,-5.906446,-2.97129,-4.161606,-2.861275,-2.628314,-1.313307,1.086369,23,23,23,23,23,23,23,23,23,23,23,23,23,23,23,23,141,1410,-3.362513,-3.163194,-2.096228,-2.068511,-10.11511,-12.52117,-2.220274,-2.477236,-2.071192,-1.932568,-2.365628,-2.289646,-2.560181,-2.561859,-2.64994,-2.034787,23,23,23,23,22,22,23,23,23,23,23,23,23,23,23,23,141,1410,-2.067529,-3.453702,-5.110864,-1.934887,-1.294967,-2.293548,-2.715979,-66.71607,0.4943693,-0.8467568,-0.8343935,-0.3638342,0.1111068,0.001448793,0.442679,0.4679547,22,22,22,22,22,22,22,22,22,22,22,22,22,22,22,22
142,1420,-44.48723,-50.65932,-12.68122,-14.37492,-10.98306,-9.505095,-6.764875,-7.400564,-5.57305,-6.521695,-3.090101,-5.296299,-2.742054,-3.34513,-2.268394,-0.4827621,23,23,23,23,23,23,23,23,23,23,23,23,23,23,23,23,142,1420,-3.093516,-2.899595,-1.965306,-2.19779,-10.24646,-12.64389,-2.481476,-2.346859,-1.812294,-1.546323,-2.628473,-1.616234,-2.816193,-2.339093,-1.445443,-1.582606,23,23,23,23,22,22,23,23,23,23,23,23,23,23,23,23,142,1420,-2.412263,-3.453702,-4.47201,-2.063877,-2.460454,-2.675798,-2.715979,-68.02823,-0.1236435,0.3628196,-0.4767899,-0.2425593,-0.8796689,-0.3320073,-0.1106654,0.7020283,22,22,22,22,22,22,22,22,22,22,22,22,22,22,22,22
143,1430,-45.20861,-50.53841,-14.0349,-14.74026,-12.43138,-10.98581,-8.551182,-8.65446,-6.686834,-6.767796,-3.327721,-5.674531,-3.457378,-3.464597,-2.029572,-0.9655723,23,23,23,23,23,23,23,23,23,23,23,23,23,23,23,23,143,1430,-4.035007,-2.372397,-1.703454,-2.068511,-9.721046,-13.13489,-2.481476,-1.825342,-2.071192,-1.932568,-1.708517,-2.693695,-2.944201,-2.116324,-1.927242,-2.826102,23,23,23,23,22,22,23,23,23,23,23,23,23,23,23,23,143,1430,-2.642082,-2.942049,-4.727552,-1.805897,-1.553964,-2.166131,-2.327994,-67.4815,0.1235616,-0.2419686,-0.2383875,-0.9702181,0.001020978,-0.2208387,-4.976465E-05,0.8190619,22,22,22,22,22,22,22,22,22,22,22,22,22,22,22,22
144,1440,-44.96815,-50.1757,-13.78878,-14.25314,-12.43138,-11.47938,-8.678776,-8.027512,-6.068321,-6.644746,-3.090101,-4.665915,-1.669068,-2.150445,-1.7908,-0.241357,23,23,23,23,23,23,23,23,23,23,23,23,23,23,23,23,144,1440,-3.76601,-1.976998,-1.834383,-2.714907,-9.458341,-13.38033,-2.481476,-2.477236,-2.459538,-2.576308,-1.708517,-2.289646,-2.432173,-1.893558,-2.047691,-2.486974,23,23,23,23,22,22,23,23,23,23,23,23,23,23,23,23,144,1440,-1.952617,-3.965354,-5.366406,-1.676907,-1.683462,-3.058049,-3.233293,-68.46561,0.2471642,-5.458059E-05,-0.2383875,-0.1212813,-0.4393256,-0.2208387,0.3319575,1.040158,22,22,22,22,22,22,22,22,22,22,22,22,22,22,22,22
145,1450,-43.64562,-50.41751,-13.54265,-12.91356,-12.79346,-11.1092,-9.954709,-8.529069,-7.429049,-5.783395,-3.327721,-3.657298,-2.622833,-2.389381,-2.268343,0.2414517,23,23,23,23,23,23,23,23,23,23,23,23,23,23,23,23,145,1450,-2.824518,-2.899595,-2.227151,-1.809952,-10.77182,-14.11683,-1.959071,-2.086099,-2.330089,-1.546323,-2.628473,-3.771154,-1.920143,-1.782175,-2.52949,-3.27829,23,23,23,23,22,22,23,23,23,23,23,23,23,23,23,23,145,1450,-2.871908,-3.709529,-4.855322,-2.321856,-1.683462,-1.656464,-2.715979,-67.91888,0.4943693,0.2418626,0.119216,-0.4851122,-0.4393256,-0.2208387,0.3319575,0.4550737,22,22,22,22,22,22,22,22,22,22,22,22,22,22,22,22
146,1460,-45.68954,-51.14293,-14.40409,-13.76602,-13.39693,-11.60277,-10.0823,-9.281406,-6.810537,-6.398646,-3.68415,-5.422377,-2.980496,-3.34513,-1.910186,-0.6034638,23,23,23,23,23,23,23,23,23,23,23,23,23,23,23,23,146,1460,-3.228015,-1.976998,-2.488997,-1.422115,-10.50916,-13.62583,-1.828469,-1.825342,-3.236231,-1.932568,-3.417008,-2.559012,-2.432173,-2.450476,-2.770389,-3.052198,23,23,23,23,22,22,23,23,23,23,23,23,23,23,23,23,146,1460,-2.067532,-3.83744,-5.366406,-1.676907,-2.201457,-3.058049,-2.845307,-68.79366,0.7415752,0.2418626,-0.2383875,0.4851026,-0.4393256,0.001498558,0.3319575,1.157173,22,22,22,22,22,22,22,22,22,22,22,22,22,22,22,22
147,1470,-47.37277,-50.90112,-13.54265,-12.42643,-12.0693,-10.12206,-9.699522,-8.278291,-7.552751,-6.767796,-4.04058,-4.918068,-3.218937,-2.867255,-1.910186,4.655403E-05,23,23,23,23,23,23,23,23,23,23,23,23,23,23,23,23,147,1470,-3.093516,-2.767796,-2.096222,-2.456349,-10.64052,-12.64389,-1.959071,-2.086099,-2.330089,-2.833804,-3.548432,-2.289646,-2.048151,-2.561859,-3.613537,-2.713063,23,23,23,23,22,22,23,23,23,23,23,23,23,23,23,23,147,1470,-2.297355,-4.349093,-6.260802,-2.579836,-2.330955,-2.293548,-3.621278,-68.79366,-0.6180545,0.1209024,0.5960204,-0.1212813,-0.769583,-0.7766817,-0.2213885,1.040158,22,22,22,22,22,22,22,22,22,22,22,22,22,22,22,22
148,1480,-45.56931,-51.86836,-13.54265,-13.15712,-11.94861,-11.1092,-8.551182,-9.030627,-6.934239,-7.75185,-2.73367,-5.800608,-2.265171,-3.106192,-2.148958,-0.6034638,23,23,23,23,23,23,23,23,23,23,23,23,23,23,23,23,148,1480,-2.286524,-2.372397,-1.703447,-2.585576,-10.50916,-13.13489,-2.089672,-2.346859,-1.941743,-2.833804,-2.89132,-2.020281,-1.920143,-2.784624,-1.806792,-2.147839,23,23,23,23,22,22,23,23,23,23,23,23,23,23,23,23,148,1480,-1.60789,-3.581614,-6.00526,-2.192813,-1.94246,-1.274213,-2.58665,-68.57496,0.3707667,0.4837766,-0.2383875,0.7276555,1.101879,0.112668,0.8853019,1.274193,22,22,22,22,22,22,22,22,22,22,22,22,22,22,22,22
149,1490,-49.65715,-52.7147,-15.14246,-14.74026,-12.42472,-11.60277,-9.954709,-9.532187,-8.418669,-7.383046,-3.80296,-5.044146,-2.980496,-3.823004,-1.671414,-0.9655723,23,23,23,23,23,23,23,23,23,23,23,23,23,23,23,23,149,1490,-2.824518,-2.767796,-1.965299,-3.102693,-10.11516,-12.27567,-2.481476,-1.694962,-2.588987,-3.992537,-2.365628,-2.96306,-2.304166,-2.22771,-1.927242,-2.373928,23,23,23,23,22,22,23,23,23,23,23,23,23,23,23,23,149,1490,-1.837712,-4.604919,-6.00526,-2.450793,-2.590006,-2.930632,-2.845307,-68.79366,-0.8652596,0.1209024,0.4768192,0.4851026,-0.2191507,-1.110188,-0.1107199,1.391208,22,22,22,22,22,22,22,22,22,22,22,22,22,22,22,22
150,1500,-49.41669,-52.11017,-14.89634,-13.52246,-12.18338,-11.60277,-9.827116,-9.782965,-7.181644,-6.521695,-3.20891,-4.791992,-2.503613,-3.225661,-2.148958,-0.1206552,23,23,23,23,23,23,23,23,23,23,23,23,23,23,23,23,150,1500,-3.093516,-2.372397,-2.881759,-2.973413,-9.064384,-12.39845,-2.481476,-1.825342,-2.718436,-2.190064,-2.628473,-1.885599,-2.304166,-1.448025,-1.927242,-2.034793,23,23,23,23,22,22,23,23,23,23,23,23,23,23,23,23,150,1500,-1.952624,-3.965353,-5.749718,-2.192813,-1.554018,-2.16613,-2.715979,-68.79366,-0.7416571,1.088565,0.119216,0.3638245,0.8817076,0.2238358,0.2212874,0.3380593,22,22,22,22,22,22,22,22,22,22,22,22,22,22,22,22
151,1510,-49.17623,-52.11017,-16.0039,-14.37492,-13.14876,-11.72617,-11.23064,-9.782965,-8.542371,-6.644746,-4.2782,-5.674531,-4.291924,-3.106192,-2.387729,0.7242619,23,23,23,23,23,23,23,23,23,23,23,23,23,23,23,23,151,1510,-2.824518,-2.108798,-3.012688,-2.327018,-9.589745,-13.50316,-1.959071,-2.607616,-2.977334,-2.190064,-2.497052,-2.96306,-2.048151,-2.450476,-1.565893,-1.921747,23,23,23,23,22,22,23,23,23,23,23,23,23,23,23,23,151,1510,-2.067532,-4.860745,-6.00526,-2.450793,-2.719504,-2.038713,-2.974584,-68.24693,-1.112465,0.7256906,1.484913E-05,-0.1212813,-0.1090649,-0.999019,-0.4427272,1.157173,22,22,22,22,22,22,22,22,22,22,22,22,22,22,22,22
152,1520,-49.53692,-52.8356,-16.86534,-14.98382,-13.87279,-12.09634,-11.74102,-10.66069,-9.160884,-7.75185,-4.397009,-6.557069,-4.053482,-3.703535,-2.029572,0.1207499,23,23,23,23,23,23,23,23,23,23,23,23,23,23,23,23,152,1520,-2.152025,-2.372397,-2.48899,-2.327018,-9.458443,-12.76667,-1.306064,-2.738,-3.236231,-1.546323,-1.839937,-2.154963,-1.664128,-2.339093,-1.565893,-2.486974,23,23,23,23,22,22,23,23,23,23,23,23,23,23,23,23,152,1520,-2.067532,-3.581614,-5.494176,-2.708772,-1.942513,-2.038713,-1.939956,-67.91887,-0.370849,-0.6048428,-0.1191863,0.6063775,0.5514501,0.3350052,-0.5533957,1.040158,22,22,22,22,22,22,22,22,22,22,22,22,22,22,22,22
153,1530,-48.81554,-51.98927,-16.37309,-14.4967,-12.18338,-10.49224,-10.59268,-9.782964,-8.666075,-8.366503,-5.228677,-6.683146,-4.172702,-3.703535,-2.745887,0.7242619,23,23,23,23,23,23,23,23,23,23,23,23,23,23,23,23,153,1530,-2.286524,-3.558593,-2.48899,-1.809901,-9.983804,-13.25766,-1.959071,-3.520274,-2.200641,-2.061316,-2.628473,-2.424328,-1.792136,-2.673242,-2.52949,-2.034793,23,23,23,23,22,22,23,23,23,23,23,23,23,23,23,23,153,1530,-1.722801,-4.349093,-6.388573,-2.966752,-2.590006,-3.185464,-2.327942,-68.13757,-0.1236435,0.1209024,-0.2383875,0.1212716,-0.1090649,-0.1096701,0.1106188,1.157173,22,22,22,22,22,22,22,22,22,22,22,22,22,22,22,22
154,1540,-47.73346,-52.35198,-16.0039,-14.4967,-11.21799,-11.84956,-10.46508,-10.40991,-8.666075,-8.981156,-4.753438,-8.069993,-4.768806,-5.256626,-3.462202,-0.241357,23,23,23,23,23,23,23,23,23,23,23,23,23,23,23,23,154,1540,-2.824518,-3.426793,-2.48899,-2.327018,-10.24651,-12.88944,-2.220274,-2.868377,-2.200641,-2.190064,-2.102784,-1.885599,-2.560181,-2.673242,-2.890839,-2.260882,23,23,23,23,22,22,23,23,23,23,23,23,23,23,23,23,154,1540,-2.067532,-3.965353,-5.621947,-3.095742,-2.719504,-2.16613,-2.069285,-68.46561,-0.7416571,-0.4829322,0.5960204,0.8489304,0.3312785,-0.1096701,-0.4427272,0.4550737,22,22,22,22,22,22,22,22,22,22,22,22,22,22,22,22
155,1550,-48.93576,-52.9565,-17.23452,-15.71451,-12.78674,-12.09634,-10.59268,-10.78608,-9.655694,-9.227018,-5.347536,-7.817839,-4.888027,-4.420347,-2.387729,-1.327679,23,23,23,23,23,23,23,23,23,23,23,23,23,23,23,23,155,1550,-2.555521,-2.899595,-2.096222,-1.551342,-9.983804,-12.39845,-2.350874,-3.520274,-2.071194,-1.932568,-2.891268,-0.9428203,-2.304166,-2.450476,-2.52949,-1.695658,23,23,23,23,22,22,23,23,23,23,23,23,23,23,23,23,155,1550,-1.60789,-3.83744,-6.00526,-3.353721,-3.108,-2.420964,-1.810627,-67.26279,0.2471642,0.2429414,0.2384164,0.7276555,0.5514501,-0.2208387,-0.885403,0.8061231,22,22,22,22,22,22,22,22,22,22,22,22,22,22,22,22
156,1560,-48.33461,-52.35198,-16.9884,-14.00958,-10.85598,-11.2326,-10.59268,-10.28452,-8.913479,-8.735295,-4.515866,-6.935301,-3.81504,-4.539816,-2.029572,4.655403E-05,23,23,23,23,23,23,23,23,23,23,23,23,23,23,23,23,156,1560,-3.362513,-2.504196,-2.48899,-2.327018,-11.03458,-13.13494,-2.481476,-3.129137,-2.200641,-2.318812,-2.628421,-2.424332,-3.072208,-2.339093,-2.52949,-2.034793,23,23,23,23,22,22,23,23,23,23,23,23,23,23,23,23,156,1560,-2.642086,-3.453701,-4.855322,-2.579783,-2.849003,-2.16613,-2.327942,-68.6843,-0.7416571,-0.9668469,0.1192152,-0.2426107,0.001020978,0.2238358,-0.1107199,0.9231439,22,22,22,22,22,22,22,22,22,22,22,22,22,22,22,22
157,1570,-50.619,-52.59379,-17.84984,-13.8878,-11.94203,-10.61563,-10.2099,-9.908353,-8.789777,-7.751849,-4.991106,-6.55707,-5.007247,-4.420347,-3.342815,-0.1206552,23,23,23,23,23,23,23,23,23,23,23,23,23,23,23,23,157,1570,-2.824518,-2.372397,-1.703447,-2.197738,-9.064384,-12.88944,-3.003881,-1.955722,-1.812295,-2.318812,-2.102733,-2.82838,-3.456231,-2.339093,-2.047691,-2.147839,23,23,23,23,22,22,23,23,23,23,23,23,23,23,23,23,157,1570,-1.60789,-3.709527,-5.877489,-3.095742,-2.460507,-3.312881,-2.845255,-67.91887,0.3707667,0.2429414,-1.072796,0.1212203,0.9917389,0.3350052,-0.7747329,0.9231439,22,22,22,22,22,22,22,22,22,22,22,22,22,22,22,22
158,1580,-49.17623,-53.44013,-18.83434,-14.13136,-12.66607,-11.84956,-11.48583,-10.5353,-9.903098,-9.227018,-5.703965,-7.565686,-5.245689,-4.539809,-2.745887,-0.6034638,23,23,23,23,23,23,23,23,23,23,23,23,23,23,23,23,158,1580,-2.152025,-2.372397,-2.750836,-3.102693,-9.589745,-14.60787,-1.828469,-2.346859,-2.588988,-2.576308,-2.102733,-3.501792,-2.560181,-2.339093,-3.131738,-3.052198,23,23,23,23,22,22,23,23,23,23,23,23,23,23,23,23,158,1580,-2.297355,-4.477006,-5.494176,-2.321803,-2.590006,-2.803214,-1.810627,-68.02822,0.7415752,-1.087826,-0.3575895,0.1212203,0.1110522,0.1126166,0.5532947,0.221045,22,22,22,22,22,22,22,22,22,22,22,22,22,22,22,22
159,1590,-49.77738,-52.59379,-18.46515,-14.25314,-12.06271,-10.61563,-10.72027,-10.40991,-9.53199,-8.735295,-4.991106,-7.691763,-5.364909,-4.898216,-2.745886,-0.1206552,23,23,23,23,23,23,23,23,23,23,23,23,23,23,23,23,159,1590,-2.824518,-2.240597,-1.572524,-1.93918,-9.589745,-13.99415,-2.612077,-2.216482,-2.588988,-2.318812,-1.97131,-2.963063,-1.792136,-1.670792,-2.28859,-3.843513,23,23,23,23,22,22,23,23,23,23,23,23,23,23,23,23,159,1590,-2.412266,-3.325788,-5.366405,-3.224732,-3.366997,-3.058048,-2.715928,-68.13757,-0.4944516,0.4848971,-0.2383883,0.4850512,0.1110522,0.2237844,-0.5533974,0.1040242,22,22,22,22,22,22,22,22,22,22,22,22,22,22,22,22
160,1600,-47.61323,-53.31922,-16.9884,-14.00958,-11.21799,-11.60277,-10.59268,-10.03374,-9.160884,-9.841673,-5.585156,-8.700379,-5.48413,-5.853964,-4.297901,-0.2413602,23,23,23,23,23,23,23,23,23,23,23,23,23,23,23,23,160,1600,-2.152025,-1.581599,-2.096222,-1.809901,-9.983804,-14.2396,-2.350874,-1.825345,-2.847887,-1.80382,-2.628421,-3.36711,-2.176158,-2.339093,-2.890839,-2.939155,23,23,23,23,22,22,23,23,23,23,23,23,23,23,23,23,160,1600,-2.182443,-3.965353,-5.238635,-2.321803,-2.590006,-3.058048,-2.45727,-67.0441,0.3707667,-0.6039117,-0.5959919,-0.3638856,-0.1091194,0.4461216,-0.1107215,0.1039728,22,22,22,22,22,22,22,22,22,22,22,22,22,22,22,22
161,1610,-48.93576,-53.80284,-17.60371,-14.98382,-12.66607,-12.96009,-11.35824,-11.41303,-9.53199,-9.841673,-6.060094,-7.943917,-5.72257,-5.37609,-3.939744,-1.086276,23,23,23,23,23,23,23,23,23,23,23,23,23,23,23,23,161,1610,-2.286524,-2.240597,-2.48899,-2.197738,-10.24651,-13.87138,-2.089672,-1.564585,-2.847887,-2.44756,-3.154116,-2.963063,-2.176158,-1.893558,-3.252187,-2.713063,23,23,23,23,22,22,23,23,23,23,23,23,23,23,23,23,161,1610,-1.722801,-3.069961,-5.494176,-2.708772,-3.625994,-2.54838,-2.974584,-68.46561,0.3707667,0.3639176,-0.5959919,0.1212203,0.1110522,0.3349538,-0.3320602,0.3380079,22,22,22,22,22,22,22,22,22,22,22,22,22,22,22,22
162,1620,-52.30221,-53.80284,-17.84984,-13.52246,-12.18338,-12.34313,-10.84786,-10.5353,-8.913479,-9.34995,-5.109916,-7.943917,-4.768806,-5.256621,-3.462201,-0.1206568,23,23,23,23,23,23,23,23,23,23,23,23,23,23,23,23,162,1620,-1.883027,-2.240597,-2.096222,-1.93918,-10.64057,-12.64395,-1.697869,-2.086102,-2.718437,-2.44756,-3.285533,-2.020283,-2.304166,-2.450476,-2.52949,-2.600017,23,23,23,23,22,22,23,23,23,23,23,23,23,23,23,23,162,1620,-1.722801,-3.965353,-4.727551,-2.321803,-2.719504,-2.038713,-2.974584,-67.59084,-0.1236435,-1.087826,-0.7151927,0.1212203,0.0009663975,0.3349538,0.2212857,0.9230925,22,22,22,22,22,22,22,22,22,22,22,22,22,22,22,22
163,1630,-53.86521,-53.68193,-17.11146,-12.67,-12.06271,-11.72617,-11.23064,-10.66069,-9.408288,-8.735295,-5.466345,-7.187455,-5.245689,-4.778747,-3.462201,-0.3620619,23,23,23,23,23,23,23,23,23,23,23,23,23,23,23,23,163,1630,-2.286524,-2.372397,-2.358061,-1.93918,-10.37786,-12.76667,-2.612077,-2.60762,-2.33009,-2.576308,-3.416957,-2.289649,-2.176158,-2.673242,-2.52949,-2.600017,23,23,23,23,22,22,23,23,23,23,23,23,23,23,23,23,163,1630,-2.297355,-3.581614,-5.494176,-2.708772,-3.108,-3.822548,-1.810627,-68.02822,0.3707667,0.4848971,-0.3575895,0.2424983,0.0009663975,-0.4432273,-0.9960732,1.040107,22,22,22,22,22,22,22,22,22,22,22,22,22,22,22,22
164,1640,-52.30221,-53.31922,-17.35759,-11.93931,-12.54539,-11.60277,-11.35824,-11.03686,-9.779396,-9.472879,-5.941415,-8.448226,-6.795557,-6.0929,-4.775445,0.8449605,23,23,23,23,23,23,23,23,23,23,23,23,23,23,23,23,164,1640,-2.959017,-2.767796,-2.227138,-3.231972,-10.50922,-13.01217,-2.350874,-3.129137,-2.200641,-3.606293,-2.759845,-2.020283,-1.536124,-2.339093,-1.927242,-2.373928,23,23,23,23,22,22,23,23,23,23,23,23,23,23,23,23,164,1640,-2.412266,-4.093267,-4.855321,-1.805844,-2.460507,-2.54838,-2.327942,-67.91887,-0.6180545,-0.4829322,-0.7151927,-0.1213326,0.5513955,0.1126166,-5.297528E-05,0.2209936,22,22,22,22,22,22,22,22,22,22,22,22,22,22,22,22
165,1650,-53.02359,-54.04465,-16.61921,-12.67,-12.18999,-11.2326,-10.33749,-10.15913,-8.789777,-8.366503,-6.060094,-7.565686,-6.080234,-5.37609,-4.178515,0.2414501,23,23,23,23,23,23,23,23,23,23,23,23,23,23,23,23,165,1650,-3.631511,-2.108798,-2.750829,-3.102693,-9.8524,-12.88944,-2.089672,-1.955722,-2.847887,-3.091301,-2.365577,-2.693698,-2.816193,-1.782175,-2.40904,-1.808704,23,23,23,23,22,22,23,23,23,23,23,23,23,23,23,23,165,1650,-2.412266,-3.453701,-5.494176,-2.321803,-3.107999,-2.675797,-2.069285,-68.35625,0.3707667,0.1219619,0.1192152,0.1212203,0.1110522,-0.3320587,-1.328081,0.3380079,22,22,22,22,22,22,22,22,22,22,22,22,22,22,22,22
166,1660,-52.06175,-53.92374,-16.49615,-13.15712,-11.9486,-10.73903,-10.0823,-9.908353,-8.171265,-8.120641,-5.703965,-7.691763,-6.080234,-6.331838,-4.775445,-0.2413602,23,23,23,23,23,23,23,23,23,23,23,23,23,23,23,23,166,1660,-3.900508,-1.581599,-3.012675,-3.231972,-9.721046,-12.88944,-2.742679,-1.825345,-3.236234,-2.44756,-2.234154,-2.289649,-2.816193,-2.116324,-1.806792,-2.373928,23,23,23,23,22,22,23,23,23,23,23,23,23,23,23,23,166,1660,-2.297355,-3.453701,-5.238634,-2.192813,-2.719503,-2.16613,-2.45727,-67.91887,-0.1236435,-0.7248912,0.7152212,-0.1213326,-0.2192053,0.3349538,0.1106172,0.2209936,22,22,22,22,22,22,22,22,22,22,22,22,22,22,22,22
167,1670,-51.46059,-54.64918,-16.49615,-13.15712,-10.1382,-11.60277,-9.061556,-9.532186,-8.047561,-9.595811,-6.890844,-7.439609,-6.676336,-6.690244,-4.775445,-0.3620619,23,23,23,23,23,23,23,23,23,23,23,23,23,23,23,23,167,1670,-2.959017,-1.976998,-2.881752,-2.456296,-9.458341,-12.39845,-2.481476,-2.086102,-3.106785,-2.576308,-2.234154,-2.289649,-2.304166,-1.782175,-1.806792,-2.713063,23,23,23,23,22,22,23,23,23,23,23,23,23,23,23,23,167,1670,-2.297355,-3.325788,-5.110863,-2.450793,-3.107999,-3.058048,-2.069285,-67.70019,-0.2472464,0.4848971,-0.9535951,-0.1213326,0.5513955,-0.1097214,-0.9960732,0.5720431,22,22,22,22,22,22,22,22,22,22,22,22,22,22,22,22
168,1680,-52.90336,-54.89099,-17.23453,-13.64424,-12.31068,-11.60277,-9.316742,-9.782963,-8.047561,-8.981156,-6.772165,-7.565686,-6.676336,-5.734495,-2.745886,-0.4827653,23,23,23,23,23,23,23,23,23,23,23,23,23,23,23,23,168,1680,-2.286524,-1.845199,-3.274527,-2.197738,-9.8524,-12.64395,-2.612077,-2.346859,-2.977336,-2.061316,-0.7885064,-2.289649,-1.920143,-2.22771,-1.445443,-2.034793,23,23,23,23,22,22,23,23,23,23,23,23,23,23,23,23,168,1680,-1.952624,-3.83744,-4.983092,-1.418874,-1.813014,-2.420964,-2.327942,-68.24692,-0.2472464,-0.7248912,1.404647E-05,0.1212203,0.3312239,0.3349538,-0.1107215,0.3380079,22,22,22,22,22,22,22,22,22,22,22,22,22,22,22,22
169,1690,-48.33461,-54.04465,-16.74228,-13.15712,-10.86236,-9.998669,-9.444336,-9.532185,-7.800157,-9.104087,-6.772165,-7.817841,-5.007247,-4.300873,-3.462201,4.494872E-05,23,23,23,23,23,23,23,23,23,23,23,23,23,23,23,23,169,1690,-1.210534,-2.240597,-2.358061,-1.93918,-9.983752,-12.76667,-1.567267,-3.129134,-1.941744,-1.675072,-1.577042,-1.750918,-1.792136,-2.784624,-1.445443,-2.260882,23,23,23,23,22,22,23,23,23,23,23,23,23,23,23,23,169,1690,-2.067532,-3.709527,-5.621947,-1.805844,-2.331008,-2.675797,-1.939956,-67.48149,0.1235616,-0.2409765,-0.4767907,0.2424983,0.2211381,0.001447188,-0.4427288,0.8060718,22,22,22,22,22,22,22,22,22,22,22,22,22,22,22,22
170,1700,-48.45483,-54.16555,-17.60371,-12.54822,-11.10375,-9.998669,-10.33749,-9.908353,-8.666075,-8.612366,-6.890844,-7.187455,-5.961012,-4.659278,-3.342815,0.6035569,23,23,23,23,23,23,23,23,23,23,23,23,23,23,23,23,170,1700,-1.883027,-2.899595,-2.096215,-2.197738,-10.11511,-13.25766,-1.959071,-3.129134,-2.071194,-1.546323,-2.365577,-1.8856,-2.304166,-2.450476,-1.686342,-2.260882,23,23,23,23,22,22,23,23,23,23,23,23,23,23,23,23,170,1700,-1.722801,-3.069961,-5.110863,-1.289884,-1.683515,-1.911296,-2.069285,-68.13757,-0.4944516,-1.329785,1.404647E-05,0.1212203,0.5513955,0.8907961,0.4426245,1.040107,22,22,22,22,22,22,22,22,22,22,22,22,22,22,22,22
171,1710,-47.73345,-54.64918,-17.23453,-12.79178,-11.82791,-10.24545,-8.551182,-9.406794,-7.800157,-8.243572,-5.585156,-5.800608,-5.007247,-4.300873,-2.148957,-0.603467,23,23,23,23,23,23,23,23,23,23,23,23,23,23,23,23,171,1710,-2.286524,-2.899595,-2.227138,-2.714855,-10.37781,-12.39845,-2.481476,-3.129134,-1.812295,-1.417575,-2.497001,-1.8856,-2.304166,-2.561859,-2.28859,-1.469566,23,23,23,23,22,22,23,23,23,23,23,23,23,23,23,23,171,1710,-2.297355,-3.325788,-5.366405,-2.966752,-2.201509,-2.293547,-2.715928,-67.91887,-0.2472464,0.3639176,-0.4767907,0.3637732,0.4413097,0.6684589,-0.4427288,0.4550223,22,22,22,22,22,22,22,22,22,22,22,22,22,22,22,22
172,1720,-47.73345,-54.04465,-16.25003,-10.59973,-9.29334,-8.641348,-8.551182,-8.779847,-7.552752,-8.120642,-4.515866,-5.800608,-5.126467,-3.464593,-2.148957,0.3621518,23,23,23,23,23,23,23,23,23,23,23,23,23,23,23,23,172,1720,-3.228015,-2.635996,-1.834364,-1.680621,-10.11511,-12.27573,-2.873281,-2.607616,-2.718437,-1.80382,-2.365577,-2.020283,-2.816193,-2.450476,-2.649939,-1.695658,23,23,23,23,22,22,23,23,23,23,23,23,23,23,23,23,172,1720,-1.952624,-3.709527,-5.366405,-1.418874,-1.813014,-2.675797,-2.586599,-67.91887,0.2471642,-0.119997,-0.3575895,0.1212203,-0.2192053,-0.1097214,0.2212857,0.5720431,22,22,22,22,22,22,22,22,22,22,22,22,22,22,22,22
173,1730,-48.33461,-53.68193,-14.0349,-10.96507,-8.931259,-9.134918,-7.530435,-8.905237,-6.810537,-8.489434,-4.991106,-6.683147,-3.695818,-4.181404,-3.581587,-0.7241688,23,23,23,23,23,23,23,23,23,23,23,23,23,23,23,23,173,1730,-3.900508,-2.372397,-2.488984,-2.068459,-10.24646,-13.38039,-3.003881,-2.477236,-1.941744,-1.932568,-2.234154,-2.154967,-2.688185,-1.782175,-2.047691,-1.921747,23,23,23,23,22,22,23,23,23,23,23,23,23,23,23,23,173,1730,-2.182443,-2.942049,-4.983092,-2.450793,-2.849002,-2.930631,-2.974584,-68.35625,0.1235616,0.8478355,-0.4767907,-0.2426107,0.5514501,0.4461216,0.2212857,0.8060718,22,22,22,22,22,22,22,22,22,22,22,22,22,22,22,22
174,1740,-49.41668,-54.28646,-16.0039,-12.67,-11.46583,-10.12206,-8.423589,-9.156015,-7.676455,-8.858227,-5.941415,-6.304916,-4.888025,-4.18135,-2.387728,-0.3620619,23,23,23,23,23,23,23,23,23,23,23,23,23,23,23,23,174,1740,-3.497012,-2.504196,-2.227138,-2.844135,-9.8524,-13.38039,-3.395686,-2.346859,-1.941744,-2.44756,-2.497001,-2.559012,-3.584235,-2.450476,-1.565893,-2.486974,23,23,23,23,22,22,23,23,23,23,23,23,23,23,23,23,174,1740,-2.527177,-4.349093,-5.749718,-2.192813,-1.942513,-2.16613,-3.233242,-67.91887,0.2471642,-0.3619528,-0.2383883,-1.091544,0.3312785,0.3350052,0.2212857,-0.01304155,22,22,22,22,22,22,22,22,22,22,22,22,22,22,22,22
175,1750,-45.80976,-53.68193,-15.63472,-12.30466,-10.50028,-10.36885,-8.040809,-8.403678,-6.810537,-7.136946,-4.515866,-5.674531,-3.338157,-3.345071,-2.268394,-0.4827653,23,23,23,23,23,23,23,23,23,23,23,23,23,23,23,23,175,1750,-3.093516,-2.504196,-1.703441,-2.585576,-8.93298,-13.99415,-2.612077,-2.607616,-1.941744,-2.705056,-2.102733,-2.559012,-3.072208,-2.673242,-2.409041,-3.504379,23,23,23,23,22,22,23,23,23,23,23,23,23,23,23,23,175,1750,-2.98682,-3.453701,-4.855321,-2.321803,-2.849002,-3.058048,-3.103913,-68.57495,0.1235616,0.4848971,1.404647E-05,-5.458059E-05,-0.3292365,0.2238358,-0.2213901,1.040107,22,22,22,22,22,22,22,22,22,22,22,22,22,22,22,22
176,1760,-48.81553,-52.47289,-16.9884,-13.64424,-11.58652,-9.62849,-7.658029,-7.149784,-6.934239,-6.398646,-5.109916,-4.665915,-3.457377,-2.628259,-2.268394,-0.3620603,23,23,23,23,23,23,23,23,23,23,23,23,23,23,23,23,176,1760,-2.421022,-2.240597,-2.488984,-2.327018,-9.983752,-13.99415,-2.873281,-2.086099,-2.847887,-2.576308,-2.497001,-3.232428,-2.816193,-2.784624,-2.64994,-3.617425,23,23,23,23,22,22,23,23,23,23,23,23,23,23,23,23,176,1760,-2.642086,-3.83744,-5.110863,-2.321803,-2.201509,-2.420964,-3.621227,-68.13757,0.2471642,-0.9668469,-0.1191871,-0.1213326,0.001020978,0.3350052,0.3319543,-0.01304155,22,22,22,22,22,22,22,22,22,22,22,22,22,22,22,22
177,1770,-50.73922,-53.92374,-18.21902,-14.25314,-12.55207,-9.998669,-8.168402,-8.403678,-8.171265,-7.997711,-4.872296,-6.430994,-3.815038,-3.106133,-2.149008,0.2414517,23,23,23,23,23,23,23,23,23,23,23,23,23,23,23,23,177,1770,-2.959017,-2.504196,-2.881752,-2.068459,-10.11511,-14.2396,-2.089672,-2.998754,-2.718437,-2.833804,-3.416957,-3.36711,-2.304166,-2.004941,-2.64994,-3.504379,23,23,23,23,22,22,23,23,23,23,23,23,23,23,23,23,177,1770,-2.871905,-3.83744,-5.110863,-2.966752,-3.366996,-3.440298,-3.103913,-69.12168,0.2471642,0.4848971,-0.1191871,-0.7277165,-0.4393256,-0.1096701,-5.297528E-05,1.274142,22,22,22,22,22,22,22,22,22,22,22,22,22,22,22,22
178,1780,-47.73345,-54.04466,-17.60371,-13.64424,-11.22444,-9.875275,-8.040809,-7.77673,-7.181643,-6.398646,-4.397057,-4.413761,-3.457377,-2.030916,-2.029622,0.1207499,23,23,23,23,23,23,23,23,23,23,23,23,23,23,23,23,178,1780,-2.421022,-2.372397,-3.012675,-2.456296,-10.50916,-13.99415,-2.612077,-2.086099,-2.977336,-2.44756,-2.891268,-3.501792,-2.048151,-2.22771,-2.890839,-3.27829,23,23,23,23,22,22,23,23,23,23,23,23,23,23,23,23,178,1780,-3.216636,-4.349093,-5.621947,-2.450793,-1.683515,-3.058048,-3.103913,-68.46561,0.7415752,0.0009824506,-0.8343939,-0.9702694,-0.1090649,-0.1096701,-5.297528E-05,0.4550223,22,22,22,22,22,22,22,22,22,22,22,22,22,22,22,22
179,1790,-48.57507,-53.31923,-17.35759,-13.76602,-10.98305,-10.12206,-7.402842,-8.027511,-6.934239,-7.136946,-4.397057,-5.926685,-3.457377,-2.986666,-1.910236,4.655403E-05,23,23,23,23,23,23,23,23,23,23,23,23,23,23,23,23,179,1790,-2.152025,-2.240597,-2.619907,-2.068459,-10.77182,-13.99415,-1.697869,-1.955719,-3.106785,-2.190064,-3.416957,-2.289649,-2.176158,-2.561859,-2.890839,-2.826109,23,23,23,23,22,22,23,23,23,23,23,23,23,23,23,23,179,1790,-2.412263,-4.22118,-5.238584,-2.063824,-2.331008,-3.567715,-3.750556,-68.6843,-0.2472464,0.4848971,-0.1191871,0.1212203,-0.2191507,0.3350052,-0.2213901,1.274142,22,22,22,22,22,22,22,22,22,22,22,22,22,22,22,22
180,1800,-45.92999,-54.28647,-16.49615,-14.13136,-11.58652,-11.97295,-9.189149,-9.908353,-7.181643,-8.612366,-4.991106,-6.052762,-4.291922,-4.061882,-2.029622,-0.7241672,23,23,23,23,23,23,23,23,23,23,23,23,23,23,23,23,180,1800,-2.555521,-2.504196,-1.965286,-2.585576,-11.16588,-13.38039,-1.306064,-2.477236,-2.588988,-2.576308,-3.022689,-2.020283,-2.048151,-2.561859,-2.52949,-2.939155,23,23,23,23,22,22,23,23,23,23,23,23,23,23,23,23,180,1800,-2.986817,-3.837441,-5.494125,-2.321855,-1.683515,-2.038713,-3.36257,-68.90298,0.1235616,-0.4829322,-0.3575895,-0.2426107,0.1111068,0.112668,-0.2213901,0.5720431,22,22,22,22,22,22,22,22,22,22,22,22,22,22,22,22
181,1810,-47.37276,-53.44014,-15.38859,-12.67,-12.18338,-11.35599,-8.933962,-8.779847,-6.934239,-7.013896,-4.515866,-5.926685,-4.05348,-3.225602,-1.671465,-0.844869,23,23,23,23,23,23,23,23,23,23,23,23,23,23,23,23,181,1810,-2.017526,-2.372397,-2.227138,-3.102693,-10.50922,-12.64395,-1.828469,-2.346859,-2.33009,-2.962553,-2.759845,-2.963063,-2.304166,-2.339093,-1.806792,-2.260882,23,23,23,23,22,22,23,23,23,23,23,23,23,23,23,23,181,1810,-2.642082,-3.965354,-4.7275,-1.547916,-2.330956,-3.440298,-4.526526,-69.01234,0.4943693,0.6058766,0.2384164,-0.2426107,-0.1090649,1.002017,0.1106172,1.508171,22,22,22,22,22,22,22,22,22,22,22,22,22,22,22,22
182,1820,-48.93576,-53.07742,-15.75778,-13.03534,-12.66607,-10.86242,-8.040809,-8.1529,-6.563132,-6.152545,-5.585156,-6.052762,-4.1727,-3.46454,-3.462252,4.655403E-05,23,23,23,23,23,23,23,23,23,23,23,23,23,23,23,23,182,1820,-2.824518,-2.372397,-2.227138,-3.361252,-10.24651,-13.13494,-2.481476,-2.346859,-2.33009,-3.992537,-2.497001,-2.963063,-2.432173,-2.673242,-2.288591,-2.260882,23,23,23,23,22,22,23,23,23,23,23,23,23,23,23,23,182,1820,-3.101725,-4.860746,-4.983042,-2.966804,-2.201457,-2.293547,-3.36257,-68.79365,0.9887803,-0.119997,1.404647E-05,-0.6064385,-0.769583,-0.7766817,-0.3320602,1.040107,22,22,22,22,22,22,22,22,22,22,22,22,22,22,22,22
183,1830,-48.6953,-52.4729,-16.25003,-12.91356,-13.87279,-10.86242,-8.80637,-8.027511,-6.686834,-6.767796,-5.822776,-6.430994,-5.245687,-4.061882,-3.342866,0.3621534,23,23,23,23,23,23,23,23,23,23,23,23,23,23,23,23,183,1830,-3.362513,-2.899595,-3.143604,-2.844135,-9.983804,-12.88944,-2.220219,-2.086099,-2.847887,-3.220049,-2.497001,-2.020283,-2.816193,-2.450476,-1.806792,-2.600017,23,23,23,23,22,22,23,23,23,23,23,23,23,23,23,23,183,1830,-2.642082,-4.860746,-5.366354,-1.934885,-2.719451,-3.567715,-4.138541,-69.12168,0.6179726,0.4848971,0.1192152,0.3637732,-0.2191507,-0.4431759,-0.1107215,0.6890574,22,22,22,22,22,22,22,22,22,22,22,22,22,22,22,22
184,1840,-50.37852,-54.04466,-17.72678,-16.68875,-14.11414,-10.86242,-8.80637,-7.902121,-7.181643,-7.505987,-5.703965,-6.935301,-4.530362,-3.942414,-2.745937,0.1207499,23,23,23,23,23,23,23,23,23,23,23,23,23,23,23,23,184,1840,-3.228015,-2.635996,-3.40545,-2.197738,-9.589745,-13.01217,-2.742625,-2.868374,-4.271823,-2.833804,-2.234154,-2.82838,-2.944201,-2.784624,-2.52949,-2.713063,23,23,23,23,22,22,23,23,23,23,23,23,23,23,23,23,184,1840,-3.331547,-4.349093,-5.238584,-2.837814,-2.201457,-2.930631,-3.36257,-68.57495,0.8651778,0.2429414,0.3576176,-0.3638856,-0.5494114,0.3350052,-0.2213901,0.3380079,22,22,22,22,22,22,22,22,22,22,22,22,22,22,22,22
185,1850,-45.68953,-52.4729,-15.88084,-14.98382,-12.66607,-10.36885,-8.42359,-7.77673,-6.686833,-7.628918,-4.872296,-6.809225,-4.888025,-4.898161,-3.462252,0.6035585,23,23,23,23,23,23,23,23,23,23,23,23,23,23,23,23,185,1850,-2.421022,-3.426793,-3.274527,-2.197738,-9.589745,-13.74866,-2.220219,-2.737997,-2.847887,-2.705056,-1.97131,-3.232428,-2.432173,-2.339093,-2.52949,-2.939155,23,23,23,23,22,22,23,23,23,23,23,23,23,23,23,23,185,1850,-3.101725,-5.116573,-5.110813,-3.095794,-2.589952,-3.312881,-4.785183,-69.44973,0.3707667,0.0009824506,1.404647E-05,0.2424983,-0.4393256,0.3350052,0.2212857,1.625192,22,22,22,22,22,22,22,22,22,22,22,22,22,22,22,22
186,1860,-45.80976,-52.5938,-15.0194,-14.37492,-12.06271,-11.97295,-9.57193,-9.281404,-6.686833,-8.243572,-4.753486,-7.43961,-4.649584,-4.898161,-3.342866,-0.1206552,23,23,23,23,23,23,23,23,23,23,23,23,23,23,23,23,186,1860,-3.228015,-3.558593,-3.274527,-2.068459,-9.85245,-12.88944,-1.959018,-3.520271,-2.718437,-2.705056,-1.97131,-3.097745,-2.944201,-2.784624,-2.52949,-2.713063,23,23,23,23,22,22,23,23,23,23,23,23,23,23,23,23,186,1860,-3.216636,-4.860746,-5.494125,-3.095794,-2.460454,-2.420964,-2.45727,-68.24692,0.1235616,0.604785,-0.3575895,-0.4851636,-0.2191507,0.001498558,0.553293,0.6890574,22,22,22,22,22,22,22,22,22,22,22,22,22,22,22,22
187,1870,-46.41092,-52.83561,-15.75778,-13.40068,-12.30404,-11.60277,-9.57193,-9.030626,-7.800157,-7.505987,-5.109916,-5.800608,-4.05348,-4.300818,-2.387779,-0.844869,23,23,23,23,23,23,23,23,23,23,23,23,23,23,23,23,187,1870,-2.824518,-4.085791,-2.358061,-2.714855,-10.11516,-13.25766,-2.742625,-3.781028,-2.588988,-2.576308,-2.891268,-2.289649,-3.072208,-3.230159,-2.770389,-2.939155,23,23,23,23,22,22,23,23,23,23,23,23,23,23,23,23,187,1870,-2.642082,-4.349093,-5.621896,-2.708824,-2.978448,-3.058048,-4.397198,-69.55907,0.2471642,-3.210623E-06,-0.1191863,0.2424983,-0.6594972,0.112668,-5.297528E-05,1.274142,22,22,22,22,22,22,22,22,22,22,22,22,22,22,22,22
188,1880,-46.53115,-52.4729,-14.28103,-12.42644,-11.45934,-11.2326,-9.18915,-8.654457,-6.810537,-7.013897,-4.634677,-5.2963,-3.338157,-3.822945,-2.865323,-0.3620603,23,23,23,23,23,23,23,23,23,23,23,23,23,23,23,23,188,1880,-4.438503,-3.426793,-3.143604,-2.714855,-10.37786,-12.39845,-3.656833,-2.998754,-2.718437,-2.318812,-3.022689,-2.559012,-3.84025,-2.896011,-2.890839,-2.034793,23,23,23,23,22,22,23,23,23,23,23,23,23,23,23,23,188,1880,-2.986817,-5.116573,-5.494125,-2.579835,-1.812962,-1.911296,-2.715928,-68.6843,0.1235616,0.604785,0.119216,0.1212684,0.001020978,0.112668,0.553293,1.157121,22,22,22,22,22,22,22,22,22,22,22,22,22,22,22,22
189,1890,-46.05022,-51.74747,-14.52715,-12.42644,-12.66607,-10.61563,-10.33749,-8.529067,-7.305346,-5.783396,-5.466345,-5.800608,-4.411144,-3.46454,-2.984709,0.6035585,23,23,23,23,23,23,23,23,23,23,23,23,23,23,23,23,189,1890,-4.304004,-3.031394,-2.488984,-3.231972,-9.458443,-14.11688,-3.26503,-2.086099,-3.106785,-3.0913,-2.102733,-3.232424,-3.584289,-2.784624,-1.806792,-3.165244,23,23,23,23,22,22,23,23,23,23,23,23,23,23,23,23,189,1890,-2.297351,-4.22118,-5.877438,-3.224784,-2.201457,-2.54838,-3.879884,-69.77776,-0.4944516,0.1209538,0.2384168,0.7276523,-0.1090616,0.2238358,0.6639616,0.6890574,22,22,22,22,22,22,22,22,22,22,22,22,22,22,22,22
190,1900,-46.17046,-52.4729,-14.28103,-11.69575,-12.42472,-11.1092,-10.59268,-8.529067,-7.305346,-6.644746,-5.703965,-6.55707,-4.172702,-3.70353,-1.910236,-0.241357,23,23,23,23,23,23,23,23,23,23,23,23,23,23,23,23,190,1900,-4.169506,-3.426793,-2.881752,-3.231972,-9.983804,-13.87138,-3.13443,-2.477236,-2.588988,-2.705056,-2.497001,-3.501789,-3.20027,-2.896011,-2.288591,-3.052198,23,23,23,23,22,22,23,23,23,23,23,23,23,23,23,23,190,1900,-3.216636,-4.988659,-6.260751,-2.708824,-2.589952,-2.293547,-2.198614,-68.90298,-0.1236435,1.088616,0.5960204,-0.1212845,-0.4393191,0.001448793,-0.3320602,1.274142,22,22,22,22,22,22,22,22,22,22,22,22,22,22,22,22
191,1910,-43.40515,-51.26385,-13.91184,-11.20863,-11.82136,-11.1092,-9.061557,-8.529067,-6.315726,-6.152547,-4.872296,-5.2963,-3.93426,-2.747782,-1.671414,0.7242619,23,23,23,23,23,23,23,23,23,23,23,23,23,23,23,23,191,1910,-3.631511,-3.953992,-3.667295,-2.973413,-10.90322,-14.2396,-2.350821,-2.607616,-3.754029,-2.44756,-3.416957,-4.040519,-2.176213,-2.673242,-2.770389,-3.843513,23,23,23,23,22,22,23,23,23,23,23,23,23,23,23,23,191,1910,-2.642082,-4.093267,-6.13298,-2.837814,-2.201457,-3.185465,-3.36257,-70.1058,-4.093544E-05,0.1209538,-0.1191863,0.6063743,-0.3292333,-0.3320579,0.5532963,1.040107,22,22,22,22,22,22,22,22,22,22,22,22,22,22,22,22
192,1920,-44.84792,-51.38475,-12.80428,-11.20863,-11.09732,-11.35599,-9.57193,-9.532185,-6.068321,-7.383048,-4.159437,-5.170223,-3.218937,-3.70353,-2.984658,4.655403E-05,23,23,23,23,23,23,23,23,23,23,23,23,23,23,23,23,192,1920,-3.362513,-2.767796,-3.143604,-2.844135,-11.16593,-13.74866,-2.742625,-1.955719,-3.495131,-2.576308,-4.074069,-2.828377,-2.048206,-2.450476,-3.252187,-2.600014,23,23,23,23,22,22,23,23,23,23,23,23,23,23,23,23,192,1920,-3.101725,-5.756138,-5.366354,-2.321855,-2.330956,-2.038713,-2.198614,-69.23103,-0.2472464,0.241914,0.2384168,-0.1212845,0.001024189,-0.3320579,0.3319591,1.404243,22,22,22,22,22,22,22,22,22,22,22,22,22,22,22,22
193,1930,-42.68377,-51.74747,-12.55815,-11.81753,-11.94203,-10.61563,-8.80637,-9.532185,-7.800157,-7.628918,-4.991106,-5.926685,-4.053482,-3.822999,-1.910186,-1.206976,23,23,23,23,23,23,23,23,23,23,23,23,23,23,23,23,193,1930,-4.7075,-3.690392,-3.012675,-2.714855,-10.77187,-14.4851,-2.350821,-1.694962,-3.365681,-2.190064,-3.154116,-3.636472,-1.920198,-2.339093,-3.011288,-3.391326,23,23,23,23,22,22,23,23,23,23,23,23,23,23,23,23,193,1930,-2.18244,-3.965354,-6.13298,-2.321855,-2.201457,-2.54838,-2.845255,-69.34038,-4.093544E-05,0.362871,-0.1191863,-0.1212845,-0.1090616,-0.7767323,-4.815934E-05,1.053136,22,22,22,22,22,22,22,22,22,22,22,22,22,22,22,22
194,1940,-44.12653,-51.74747,-12.92734,-11.45219,-11.70069,-11.2326,-8.678777,-9.657574,-8.047561,-7.874779,-4.515866,-5.422377,-2.622833,-4.300873,-2.029572,-0.241357,23,23,23,23,23,23,23,23,23,23,23,23,23,23,23,23,194,1940,-4.169505,-3.822192,-2.750829,-3.361252,-11.03458,-13.25766,-2.350821,-2.346859,-2.977336,-3.0913,-3.285533,-2.96306,-2.304221,-2.561859,-2.168141,-2.260879,23,23,23,23,22,22,23,23,23,23,23,23,23,23,23,23,194,1940,-2.527171,-4.98866,-6.13298,-2.321855,-1.94246,-2.16613,-2.715928,-68.46561,-0.370849,0.604785,0.2384168,0.2425465,-0.1090616,-0.8879009,-0.442724,1.287209,22,22,22,22,22,22,22,22,22,22,22,22,22,22,22,22
195,1950,-44.96815,-51.14294,-13.29653,-11.57397,-11.70069,-11.1092,-9.444337,-9.156015,-8.418669,-6.767797,-5.585156,-6.052762,-4.649585,-4.539809,-2.984658,0.4828568,23,23,23,23,23,23,23,23,23,23,23,23,23,23,23,23,195,1950,-4.573001,-3.426793,-2.881752,-3.878368,-10.90322,-13.38039,-2.612023,-2.346859,-2.847887,-3.220048,-2.628421,-2.559012,-2.176213,-2.673242,-1.806792,-2.486968,23,23,23,23,22,22,23,23,23,23,23,23,23,23,23,23,195,1950,-1.837709,-3.965354,-5.749718,-2.708824,-1.94246,-2.930631,-1.810627,-69.55907,-0.370849,-3.210623E-06,-0.1191863,1.212758,0.2211958,-0.2208884,0.2212906,0.936102,22,22,22,22,22,22,22,22,22,22,22,22,22,22,22,22
196,1960,-44.24677,-52.35199,-13.91184,-12.54822,-12.54539,-10.98581,-9.827117,-9.782963,-8.913479,-7.874779,-5.822776,-6.683147,-5.126467,-4.778747,-2.745886,4.655403E-05,23,23,23,23,23,23,23,23,23,23,23,23,23,23,23,23,196,1960,-4.438503,-2.767796,-3.012675,-3.87842,-10.11516,-12.64395,-2.873226,-1.825342,-2.847887,-2.833804,-2.102733,-3.097742,-2.68824,-1.225259,-1.927242,-1.808698,23,23,23,23,22,22,23,23,23,23,23,23,23,23,23,23,196,1960,-2.871905,-4.98866,-5.621948,-2.063877,-2.071959,-2.293547,-2.327942,-69.01234,-0.370849,0.725742,0.2384168,0.2425465,-0.3292333,-0.9990695,-0.1107167,0.7020283,22,22,22,22,22,22,22,22,22,22,22,22,22,22,22,22
197,1970,-45.5693,-51.98928,-13.78878,-12.42644,-10.62097,-10.73903,-9.444337,-9.532185,-7.800157,-8.612364,-5.466345,-6.55707,-5.364909,-4.778747,-2.507115,-0.4827621,23,23,23,23,23,23,23,23,23,23,23,23,23,23,23,23,197,1970,-4.573001,-2.635996,-2.358061,-3.102745,-10.24646,-12.76667,-2.873226,-1.303824,-3.106785,-1.932568,-1.97131,-1.885599,-2.68824,-1.782175,-1.927242,-1.808698,23,23,23,23,22,22,23,23,23,23,23,23,23,23,23,23,197,1970,-2.18244,-3.581615,-5.494177,-2.966806,-1.683462,-2.16613,-2.974584,-69.34038,-0.6180545,-3.210623E-06,0.2384168,0.3638214,0.6615392,0.223786,0.2212906,0.7020283,22,22,22,22,22,22,22,22,22,22,22,22,22,22,22,22
198,1980,-45.92999,-51.86837,-14.0349,-14.00958,-10.74166,-10.61563,-9.18915,-9.406794,-7.552751,-7.99771,-5.109916,-6.178839,-4.888027,-4.420341,-2.387729,0.6035585,23,23,23,23,23,23,23,23,23,23,23,23,23,23,23,23,198,1980,-3.766009,-2.899595,-4.190993,-2.585628,-10.11511,-13.13494,-2.350821,-2.477236,-3.495131,-2.44756,-1.577042,-2.154963,-1.920198,-2.116324,-2.168141,-2.034787,23,23,23,23,22,22,23,23,23,23,23,23,23,23,23,23,198,1980,-1.492975,-4.221181,-6.644115,-2.837816,-1.812961,-1.911297,-3.621227,-68.90298,-4.093544E-05,-0.2419172,0.5960204,0.4850994,-0.1090616,0.001448793,0.3319591,1.521283,22,22,22,22,22,22,22,22,22,22,22,22,22,22,22,22
199,1990,-45.08838,-52.5938,-14.40409,-13.64424,-10.25889,-9.875275,-8.168402,-9.908353,-6.934239,-8.243572,-5.703965,-6.683147,-4.530364,-4.778747,-3.820359,-0.7241672,23,23,23,23,23,23,23,23,23,23,23,23,23,23,23,23,199,1990,-3.63151,-3.822192,-3.929141,-2.456349,-10.11511,-13.62588,-2.742679,-3.650648,-2.33009,-2.061316,-1.839886,-2.693695,-1.536175,-2.22771,-2.047691,-3.391326,23,23,23,23,22,22,23,23,23,23,23,23,23,23,23,23,199,1990,-1.952617,-3.709529,-5.87749,-2.966806,-1.94246,-1.656464,-2.974636,-69.23103,-0.2472464,-0.9676624,0.2384168,0.6063743,0.3312817,0.223786,-0.1107167,0.5849883,22,22,22,22,22,22,22,22,22,22,22,22,22,22,22,22
200,2000,-46.29068,-53.31923,-15.51165,-14.61848,-9.655421,-9.011526,-7.913215,-9.281404,-7.800157,-7.505987,-5.109916,-5.674531,-4.530364,-4.181404,-1.432642,-0.6034638,23,23,23,23,23,23,23,23,23,23,23,23,23,23,23,23,200,2000,-3.228014,-3.031394,-2.619907,-3.232024,-10.90317,-13.13494,-3.134483,-3.259514,-2.588988,-1.546323,-2.628421,-2.424328,-2.432228,-3.452925,-2.649939,-1.582606,23,23,23,23,22,22,23,23,23,23,23,23,23,23,23,23,200,2000,-1.952617,-4.732833,-6.260802,-2.063877,-2.201457,-1.783881,-2.715979,-67.91888,-0.370849,-3.210623E-06,0.5960204,1.091483,0.4413675,-0.3320579,-0.2213869,1.170169,22,22,22,22,22,22,22,22,22,22,22,22,22,22,22,22
201,2010,-45.5693,-52.95652,-14.15797,-12.91356,-9.172647,-8.888134,-7.530435,-8.529067,-7.181643,-7.136947,-4.634677,-5.548454,-3.218937,-3.464593,-2.6265,-0.241357,23,23,23,23,23,23,23,23,23,23,23,23,23,23,23,23,201,2010,-3.228014,-3.953992,-2.488984,-2.585628,-10.64052,-13.13494,-2.350874,-3.389894,-2.847887,-1.803819,-2.365577,-2.020281,-2.432228,-3.341542,-2.168141,-1.808698,23,23,23,23,22,22,23,23,23,23,23,23,23,23,23,23,201,2010,-2.18244,-3.709529,-5.238635,-2.321856,-3.62594,-2.293548,-2.198665,-69.23104,-0.7417084,-0.7257484,-0.1191863,-6.421245E-06,0.001024189,0.1126174,-0.6640627,0.8190619,22,22,22,22,22,22,22,22,22,22,22,22,22,22,22,22
202,2020,-48.6953,-52.83561,-15.75778,-12.91356,-10.0175,-7.654205,-7.275249,-8.529067,-7.800157,-6.521695,-4.634677,-4.539838,-4.053482,-2.986719,-2.865272,0.1207499,23,23,23,23,23,23,23,23,23,23,23,23,23,23,23,23,202,2020,-3.900508,-3.558593,-1.703441,-2.19779,-11.03452,-12.88944,-2.612077,-2.346859,-1.812295,-2.190064,-2.234154,-1.212185,-1.920198,-1.448025,-2.168141,-2.486968,23,23,23,23,22,22,23,23,23,23,23,23,23,23,23,23,202,2020,-1.952617,-3.453702,-5.749718,-3.095796,-2.330955,-1.40163,-2.974636,-67.91888,-9.23054E-05,0.483828,-0.4767899,0.7276523,0.4413675,0.4461232,-0.5533926,0.7020283,22,22,22,22,22,22,22,22,22,22,22,22,22,22,22,22
203,2030,-48.33461,-53.80285,-18.09596,-13.8878,-10.37958,-8.888134,-7.785622,-8.654457,-7.552752,-7.505987,-4.872296,-5.044146,-4.291924,-4.061935,-2.865272,-0.3620603,23,23,23,23,23,23,23,23,23,23,23,23,23,23,23,23,203,2030,-4.035006,-2.635996,-2.881752,-2.068511,-9.721046,-13.50316,-3.134483,-2.868377,-2.200641,-3.220049,-1.971361,-1.885599,-3.20027,-2.116324,-2.40904,-2.713057,23,23,23,23,22,22,23,23,23,23,23,23,23,23,23,23,203,2030,-2.297351,-3.709529,-5.110864,-2.708826,-2.848948,-2.038714,-1.164037,-68.90299,-0.3709004,-1.20958,-0.2383875,-0.2425625,-0.659494,0.223786,-1.106739,1.053136,22,22,22,22,22,22,22,22,22,22,22,22,22,22,22,22
204,2040,-46.41092,-52.95652,-17.11146,-14.00958,-11.58652,-9.011526,-8.295996,-8.1529,-7.429049,-6.521695,-4.040628,-4.539837,-3.69582,-3.70353,-2.6265,-0.1206552,23,23,23,23,23,23,23,23,23,23,23,23,23,23,23,23,204,2040,-2.824518,-2.372397,-2.096215,-2.456349,-9.327039,-13.87138,-2.612077,-1.825345,-1.812295,-1.675072,-1.577093,-1.481553,-2.304221,-2.22771,-1.084094,-2.600014,23,23,23,23,22,22,23,23,23,23,23,23,23,23,23,23,204,2040,-2.067529,-2.942049,-5.621948,-2.837816,-2.330955,-2.038714,-2.327994,-68.13757,0.4943179,0.362871,-0.4767899,0.8489304,0.6615392,0.001448793,-0.6640627,0.5849883,22,22,22,22,22,22,22,22,22,22,22,22,22,22,22,22
205,2050,-49.29645,-53.56104,-17.84984,-15.1056,-12.55207,-10.73903,-9.189149,-10.5353,-7.552752,-7.751849,-3.803008,-6.304916,-3.338158,-4.898216,-3.104044,0.1207499,23,23,23,23,23,23,23,23,23,23,23,23,23,23,23,23,205,2050,-3.362513,-2.899595,-1.965286,-2.456349,-9.983752,-14.73059,-2.742679,-2.60762,-2.33009,-2.190064,-2.234205,-2.82838,-2.432173,-2.22771,-1.806792,-3.165237,23,23,23,23,22,22,23,23,23,23,23,23,23,23,23,23,205,2050,-1.952617,-4.093268,-5.87749,-2.192867,-2.71945,-3.312882,-1.810679,-68.6843,0.3707153,-0.2419172,-0.5959911,-3.210623E-06,-0.2191475,0.5572919,-0.5533926,0.7020283,22,22,22,22,22,22,22,22,22,22,22,22,22,22,22,22
206,2060,-54.94728,-55.73733,-20.06496,-17.66299,-14.60385,-11.84956,-9.571929,-10.5353,-8.789777,-8.858225,-5.347536,-6.178839,-4.530364,-4.659281,-2.6265,-0.844869,23,23,23,23,23,23,23,23,23,23,23,23,23,23,23,23,206,2060,-2.286523,-2.372397,-2.619907,-1.939232,-11.03452,-14.11688,-1.959071,-2.086102,-2.459539,-1.675072,-2.759896,-3.097745,-1.664128,-2.22771,-2.40904,-2.939148,23,23,23,23,22,22,23,23,23,23,23,23,23,23,23,23,206,2060,-1.837709,-3.965354,-5.621948,-2.837816,-2.71945,-2.930632,-2.974636,-69.01234,0.3707153,0.604785,-0.7151923,0.2425497,0.2211958,0.2237852,-0.3320554,0.233881,22,22,22,22,22,22,22,22,22,22,22,22,22,22,22,22
207,2070,-57.11143,-55.85824,-20.18802,-17.29765,-13.63831,-11.35599,-9.827116,-10.78608,-8.047562,-8.858225,-4.753486,-6.809224,-4.649585,-5.017686,-3.104044,-0.3620603,23,23,23,23,23,23,23,23,23,23,23,23,23,23,23,23,207,2070,-3.63151,-2.635996,-2.881752,-2.585628,-11.16588,-13.01217,-1.828469,-2.216482,-2.977336,-3.220049,-3.811279,-2.559012,-1.664128,-2.673242,-2.770389,-2.147833,23,23,23,23,22,22,23,23,23,23,23,23,23,23,23,23,207,2070,-2.297351,-3.965354,-5.749718,-2.450846,-2.330955,-2.930632,-1.940008,-68.57496,-0.1236949,-0.4838312,-0.9535947,-0.4851122,-0.3292333,0.3349538,0.5533476,0.116841,22,22,22,22,22,22,22,22,22,22,22,22,22,22,22,22
208,2080,-56.39005,-55.25371,-21.54171,-17.78477,-14.60385,-11.97295,-10.59268,-11.16225,-9.037181,-9.104088,-5.585156,-6.935301,-5.841792,-4.778749,-4.297902,-0.4827621,23,23,23,23,23,23,23,23,23,23,23,23,23,23,23,23,208,2080,-3.766009,-3.558593,-2.750829,-3.490583,-10.90317,-12.88944,-2.481476,-3.129137,-2.33009,-2.576308,-3.679855,-2.289649,-2.176158,-2.339093,-2.28859,-2.487019,23,23,23,23,22,22,23,23,23,23,23,23,23,23,23,23,208,2080,-2.067529,-3.709529,-5.366406,-2.321856,-3.107945,-2.675798,-3.233293,-69.34039,0.2471128,0.9676592,-0.7151923,-0.4851122,-0.5494082,0.557291,-0.1106654,0.4679547,22,22,22,22,22,22,22,22,22,22,22,22,22,22,22,22
209,2090,-56.1496,-55.49552,-20.80334,-15.83629,-13.75901,-11.60277,-11.35824,-11.16225,-10.1505,-9.104088,-6.416129,-7.943917,-6.199454,-4.898218,-4.775445,0.1207499,23,23,23,23,23,23,23,23,23,23,23,23,23,23,23,23,209,2090,-3.765957,-3.558593,-1.965286,-3.749141,-10.90317,-13.01217,-1.828469,-1.955722,-2.847887,-3.477545,-2.497052,-2.693698,-1.664128,-2.784624,-2.649939,-2.600065,23,23,23,23,22,22,23,23,23,23,23,23,23,23,23,23,209,2090,-3.676227,-3.709529,-5.366406,-1.805897,-1.812961,-2.166131,-2.58665,-68.35626,0.9887289,0.241914,-0.8343935,-0.6063871,-0.4393191,0.1126166,0.2213419,-0.2342599,22,22,22,22,22,22,22,22,22,22,22,22,22,22,22,22
210,2100,-59.03513,-55.3746,-20.31109,-15.34916,-12.91415,-11.72617,-11.48583,-11.7892,-8.913479,-9.472879,-6.29745,-9.204687,-6.557116,-5.853967,-3.939744,-0.241357,23,23,23,23,23,23,23,23,23,23,23,23,23,23,23,23,210,2100,-4.034954,-2.372397,-2.488984,-3.619862,-9.589693,-13.13494,-2.873281,-1.825345,-2.33009,-2.962553,-2.234205,-2.289649,-2.304166,-1.670792,-1.806792,-2.26093,23,23,23,23,22,22,23,23,23,23,23,23,23,23,23,23,210,2100,-2.756943,-3.709527,-4.855322,-1.934887,-2.330955,-2.675798,-4.009264,-69.34039,0.1235102,0.725742,0.119216,0.2425497,-0.1090616,0.1126166,-0.2213355,1.287209,22,22,22,22,22,22,22,22,22,22,22,22,22,22,22,22
211,2110,-59.03513,-54.28645,-19.9419,-15.34916,-12.91415,-10.61563,-10.46508,-10.66069,-8.294967,-9.472879,-6.060094,-8.069994,-7.153219,-6.092903,-4.05913,0.4828568,23,23,23,23,23,23,23,23,23,23,23,23,23,23,23,23,211,2110,-4.169453,-2.372397,-3.536379,-2.973466,-10.24646,-12.88944,-2.742679,-1.955722,-3.106785,-2.962553,-2.234205,-2.020283,-2.176158,-2.116324,-1.686342,-1.356568,23,23,23,23,22,22,23,23,23,23,23,23,23,23,23,23,211,2110,-2.2973,-3.069961,-5.366405,-2.192867,-2.201457,-2.293548,-1.681351,-68.90299,0.1235102,-0.1209602,0.2384168,-0.2425593,-0.2191475,-0.1097206,-0.1106654,-0.3512999,22,22,22,22,22,22,22,22,22,22,22,22,22,22,22,22
212,2120,-60.95882,-56.82546,-19.08046,-14.98382,-11.58652,-11.2326,-9.444336,-11.53842,-9.160884,-10.21046,-6.416129,-8.952534,-6.914778,-7.407057,-4.417287,-0.9655723,23,23,23,23,23,23,23,23,23,23,23,23,23,23,23,23,212,2120,-4.303952,-2.899595,-3.929154,-2.327069,-9.983752,-13.38039,-2.220274,-2.60762,-2.977336,-2.44756,-2.497052,-3.097745,-1.664128,-2.673242,-1.686342,-2.373973,23,23,23,23,22,22,23,23,23,23,23,23,23,23,23,23,212,2120,-2.182389,-4.093267,-5.110864,-2.192866,-2.201457,-2.038714,-3.879935,-69.55908,0.2471128,0.604785,0.2384168,0.4851026,-0.3292333,0.001447991,0.1106718,1.287209,22,22,22,22,22,22,22,22,22,22,22,22,22,22,22,22
213,2130,-60.35766,-57.30908,-19.81884,-15.47094,-11.94203,-11.72617,-9.954709,-11.16225,-9.531992,-10.82512,-6.890844,-9.330765,-6.795557,-7.645995,-4.775445,-0.7241672,23,23,23,23,23,23,23,23,23,23,23,23,23,23,23,23,213,2130,-4.303952,-3.294994,-3.012688,-2.068511,-10.24651,-13.74866,-2.220274,-2.738,-2.847887,-2.061316,-2.497052,-2.424332,-1.792136,-3.007394,-2.168141,-2.373973,23,23,23,23,22,22,23,23,23,23,23,23,23,23,23,23,213,2130,-2.642031,-4.093267,-6.13303,-2.321856,-1.942513,-1.656464,-2.069336,-68.90299,-0.1236949,-3.210623E-06,-0.4767899,-0.2425593,-0.5494082,-0.5543951,-0.4426726,1.170176,22,22,22,22,22,22,22,22,22,22,22,22,22,22,22,22
214,2140,-60.71835,-56.82546,-19.44965,-15.22738,-11.94203,-10.24545,-8.806369,-10.40991,-9.531992,-10.57926,-7.128201,-9.204687,-6.914778,-7.048653,-5.133602,-0.1206552,23,23,23,23,23,23,23,23,23,23,23,23,23,23,23,23,214,2140,-3.227962,-3.953991,-2.358068,-2.068511,-9.721098,-13.38039,-2.350874,-2.868377,-2.200641,-1.80382,-1.839937,-2.020283,-2.176158,-3.007394,-2.52949,-2.487019,23,23,23,23,22,22,23,23,23,23,23,23,23,23,23,23,214,2140,-2.067477,-4.349093,-5.366405,-2.063876,-1.942513,-2.293547,-3.103964,-69.23104,-0.1236949,-0.2419172,0.119216,1.091486,0.5514534,0.2237852,0.442679,0.4679547,22,22,22,22,22,22,22,22,22,22,22,22,22,22,22,22
215,2150,-60.35766,-56.46274,-20.43415,-14.74026,-11.82136,-10.24545,-10.0823,-10.15913,-10.1505,-9.595811,-7.840271,-8.574303,-7.868543,-6.929182,-5.014216,0.1207499,23,23,23,23,23,23,23,23,23,23,23,23,23,23,23,23,215,2150,-3.900455,-2.899595,-2.096222,-1.939232,-10.90322,-12.76667,-3.134431,-3.259514,-2.33009,-1.932568,-2.365628,-1.481553,-2.688185,-3.118776,-2.649939,-1.582657,23,23,23,23,22,22,23,23,23,23,23,23,23,23,23,23,215,2150,-2.2973,-3.83744,-5.877489,-2.063876,-2.201509,-1.146796,-1.939956,-68.79366,-0.2472978,0.9676592,0.357618,-3.210623E-06,-0.4393191,-0.2208892,0.1106718,1.170176,22,22,22,22,22,22,22,22,22,22,22,22,22,22,22,22
216,2160,-60.59812,-56.34184,-22.28008,-17.41943,-13.39011,-11.47938,-11.23064,-10.28452,-10.64531,-9.595811,-8.314986,-8.952534,-7.272439,-5.734498,-5.014216,-0.1206552,23,23,23,23,23,23,23,23,23,23,23,23,23,23,23,23,216,2160,-4.034954,-3.426793,-2.48899,-2.973466,-10.50922,-13.01217,-3.395635,-2.868325,-2.071194,-1.80382,-2.497052,-1.8856,-2.560181,-2.22771,-2.047691,-2.373973,23,23,23,23,22,22,23,23,23,23,23,23,23,23,23,23,216,2160,-1.837658,-3.453701,-6.771885,-2.450846,-1.813014,-1.78388,-2.845255,-69.88711,-0.6181059,-0.2419172,0.357618,0.2425497,-0.1090616,-0.1097206,0.3320105,1.170176,22,22,22,22,22,22,22,22,22,22,22,22,22,22,22,22
217,2170,-62.40158,-58.39723,-24.8644,-21.92531,-16.8896,-13.70045,-11.9962,-11.7892,-10.27421,-10.94805,-8.07763,-9.961149,-7.987764,-6.809715,-4.656059,-0.7241672,23,23,23,23,23,23,23,23,23,23,23,23,23,23,23,23,217,2170,-3.765957,-2.767796,-3.012688,-3.102745,-9.721098,-13.74866,-3.656837,-2.216431,-2.20059,-2.318812,-2.234205,-2.559012,-2.560181,-2.116324,-2.40904,-2.034838,23,23,23,23,22,22,23,23,23,23,23,23,23,23,23,23,217,2170,-2.067477,-3.581614,-6.00526,-1.934886,-1.29502,-2.293547,-2.45727,-69.01234,-0.6180545,0.362871,0.4768192,0.4851026,0.11111,-0.7767323,3.210623E-06,1.404249,22,22,22,22,22,22,22,22,22,22,22,22,22,22,22,22
218,2180,-59.87675,-57.67179,-23.01846,-19.4897,-14.83818,-12.96009,-10.2099,-10.91147,-10.39791,-10.45633,-7.484236,-8.826456,-7.272439,-6.929182,-4.417287,0.4828568,23,23,23,23,23,23,23,23,23,23,23,23,23,23,23,23,218,2180,-4.976445,-3.690392,-3.14361,-3.490583,-9.721098,-14.11688,-2.742628,-2.607568,-2.588937,-2.44756,-2.365628,-3.36711,-2.560181,-2.561859,-3.011288,-3.730516,23,23,23,23,22,22,23,23,23,23,23,23,23,23,23,23,218,2180,-1.722746,-3.069961,-6.00526,-2.966805,-1.942513,-2.803214,-3.233242,-70.3245,0.3707667,0.3639241,0.2384168,0.9702085,0.4413675,0.1126166,0.442679,0.5849947,22,22,22,22,22,22,22,22,22,22,22,22,22,22,22,22
219,2190,-59.15536,-58.03451,-21.78783,-19.24614,-13.26943,-12.71331,-11.48583,-12.16537,-9.779396,-11.19391,-7.484236,-9.330765,-7.153219,-7.765462,-5.014216,-0.6034638,23,23,23,23,23,23,23,23,23,23,23,23,23,23,23,23,219,2190,-4.303952,-3.953991,-3.667302,-2.714907,-10.77187,-14.60787,-2.481425,-2.216431,-2.977284,-2.44756,-3.811228,-3.36711,-2.816193,-2.450476,-3.854436,-3.61747,23,23,23,23,22,22,23,23,23,23,23,23,23,23,23,23,219,2190,-2.986765,-3.965353,-6.644114,-2.708825,-2.590004,-2.420964,-2.845255,-69.12168,-0.1236435,0.1219651,-0.4768425,-3.210623E-06,-0.4393191,-0.9990695,3.210623E-06,1.98943,22,22,22,22,22,22,22,22,22,22,22,22,22,22,22,22
220,2200,-59.63628,-59.00175,-23.26458,-19.12436,-14.59683,-14.07063,-12.63417,-12.9177,-10.64531,-11.31684,-8.552344,-9.330763,-7.153219,-6.690248,-3.581587,-0.7241672,23,23,23,23,23,23,23,23,23,23,23,23,23,23,23,23,220,2200,-5.245443,-4.085791,-3.667302,-2.585628,-10.37786,-13.25766,-3.265033,-1.955671,-3.36563,-2.318812,-2.759845,-2.559012,-2.304166,-2.22771,-3.011288,-3.956604,23,23,23,23,22,22,23,23,23,23,23,23,23,23,23,23,220,2200,-2.642031,-4.349093,-5.877489,-3.095795,-2.590004,-1.911296,-2.198614,-68.90298,-0.6180545,-0.2409701,0.2383647,-0.1213326,0.001024189,0.6684605,0.1106718,0.8190684,22,22,22,22,22,22,22,22,22,22,22,22,22,22,22,22
221,2210,-53.86522,-56.94636,-20.43415,-16.20163,-13.39011,-12.96009,-11.10305,-11.7892,-9.779396,-10.21046,-7.484236,-8.826454,-5.126467,-5.376091,-2.984658,0.2414517,23,23,23,23,23,23,23,23,23,23,23,23,23,23,23,23,221,2210,-4.976445,-4.48119,-3.405456,-2.844186,-10.90322,-13.38039,-2.220223,-2.477188,-2.588937,-2.962553,-4.336915,-2.96306,-1.792133,-3.118776,-2.770389,-2.373973,23,23,23,23,22,22,23,23,23,23,23,23,23,23,23,23,221,2210,-1.952566,-4.22118,-6.516343,-2.837815,-2.719503,-2.16613,-2.715928,-68.90298,-0.4944519,0.0009856612,0.1191635,0.3637732,-0.2191539,-0.9990695,-0.1106654,1.170176,22,22,22,22,22,22,22,22,22,22,22,22,22,22,22,22
222,2220,-53.86522,-55.97913,-20.31109,-15.83629,-13.99346,-12.71331,-11.48583,-11.16225,-11.01642,-10.45633,-7.484236,-8.448224,-5.72257,-4.181358,-3.462201,0.3621534,23,23,23,23,23,23,23,23,23,23,23,23,23,23,23,23,222,2220,-5.917936,-5.140187,-2.881759,-3.619862,-11.03458,-13.38039,-1.697817,-2.737948,-2.20059,-2.962553,-2.365577,-2.289646,-1.792133,-2.33909,-1.927242,-2.26093,23,23,23,23,22,22,23,23,23,23,23,23,23,23,23,23,222,2220,-2.182389,-3.197874,-5.238635,-2.966805,-2.460506,-2.293547,-2.845255,-68.90298,-0.3708494,-0.724888,-0.4768425,0.7276042,0.4413611,0.6684589,-0.1106654,0.8190684,22,22,22,22,22,22,22,22,22,22,22,22,22,22,22,22
223,2230,-54.5866,-55.4955,-21.17252,-18.8808,-15.80354,-12.21974,-10.97546,-11.03686,-10.39791,-10.08753,-7.128201,-8.448224,-5.48413,-4.420295,-2.507115,-0.1206552,23,23,23,23,23,23,23,23,23,23,23,23,23,23,23,23,223,2230,-6.321432,-5.008388,-3.14361,-4.136979,-10.50922,-13.38039,-2.481425,-2.737948,-2.20059,-3.992537,-2.365577,-3.097742,-2.304163,-2.896007,-2.649888,-2.487019,23,23,23,23,22,22,23,23,23,23,23,23,23,23,23,23,223,2230,-1.952566,-3.325788,-5.877489,-2.708825,-2.849002,-2.420964,-1.810627,-68.79365,-4.093544E-05,-0.1199938,-0.1192389,0.3637732,-0.1090681,0.001447188,-0.2213387,0.8190684,22,22,22,22,22,22,22,22,22,22,22,22,22,22,22,22
224,2240,-51.94152,-56.10003,-20.43415,-17.90655,-15.68288,-13.20688,-11.86861,-11.53842,-10.0268,-10.08753,-7.009521,-7.817839,-5.364909,-4.300827,-2.984658,-0.120705,23,23,23,23,23,23,23,23,23,23,23,23,23,23,23,23,224,2240,-6.186934,-4.21759,-3.405456,-3.87842,-10.64057,-13.13494,-2.87323,-2.607568,-2.718386,-3.220049,-2.628421,-2.828377,-2.944197,-2.116324,-2.408988,-2.713105,23,23,23,23,22,22,23,23,23,23,23,23,23,23,23,23,224,2240,-2.52712,-3.83744,-5.749718,-2.708825,-2.719503,-2.293547,-2.198614,-68.6843,-0.4944519,-0.724888,-3.772482E-05,0.1212203,0.001017767,0.3349538,-0.2213387,0.8060782,22,22,22,22,22,22,22,22,22,22,22,22,22,22,22,22
225,2250,-48.81553,-54.16555,-20.18802,-17.17587,-14.23481,-12.09634,-11.61342,-10.78608,-9.160884,-10.3334,-5.941415,-7.187454,-4.768806,-4.061889,-2.029572,-0.120705,23,23,23,23,23,23,23,23,23,23,23,23,23,23,23,23,225,2250,-6.052435,-3.426793,-3.667302,-2.585628,-9.983804,-12.64395,-2.87323,-1.694913,-3.106733,-2.962553,-2.759845,-2.020281,-2.81619,-2.450472,-2.168089,-1.921789,23,23,23,23,22,22,23,23,23,23,23,23,23,23,23,23,225,2250,-2.067538,-3.453701,-6.00526,-3.353774,-2.849002,-2.420964,-2.586599,-68.02822,0.7415752,0.7268593,-0.2384401,0.2424983,0.2211894,0.2237844,-0.3320089,1.040113,22,22,22,22,22,22,22,22,22,22,22,22,22,22,22,22
226,2260,-48.45484,-55.73733,-20.06496,-19.36792,-14.47616,-13.33027,-11.35824,-11.53842,-11.01642,-11.31684,-6.416129,-8.574301,-5.007247,-5.376043,-2.6265,-0.6035136,23,23,23,23,23,23,23,23,23,23,23,23,23,23,23,23,226,2260,-4.438451,-4.085791,-3.798224,-2.585628,-10.50922,-13.74866,-2.612026,-2.607568,-3.236182,-2.318812,-2.365577,-3.097742,-1.792133,-2.561855,-1.204492,-2.600059,23,23,23,23,22,22,23,23,23,23,23,23,23,23,23,23,226,2260,-2.412269,-3.709527,-5.494176,-2.321856,-2.9785,-1.78388,-2.069285,-68.6843,-0.6180545,-1.208803,-0.2384401,0.1212203,0.2211894,0.001447188,-0.2213387,0.9230925,22,22,22,22,22,22,22,22,22,22,22,22,22,22,22,22
227,2270,-46.29069,-55.73733,-19.9419,-17.66299,-14.11414,-13.08349,-11.35824,-11.91459,-11.51123,-11.68563,-6.772165,-7.691762,-5.007247,-5.376043,-3.700972,-1.086322,23,23,23,23,23,23,23,23,23,23,23,23,23,23,23,23,227,2270,-3.362461,-4.349391,-2.750842,-2.068511,-9.85245,-13.25766,-2.220223,-3.259463,-2.588937,-1.932568,-1.839886,-2.559012,-1.792133,-1.670789,-1.565841,-2.487013,23,23,23,23,22,22,23,23,23,23,23,23,23,23,23,23,227,2270,-1.492985,-3.453701,-5.621947,-2.708825,-2.460506,-1.78388,-2.198614,-68.35625,0.1235616,-0.3619496,-3.772482E-05,0.6063261,0.1111036,-0.3320587,-0.3320089,0.4550287,22,22,22,22,22,22,22,22,22,22,22,22,22,22,22,22
228,2280,-45.08838,-55.61643,-19.81883,-16.68875,-13.87279,-12.58992,-11.35824,-12.16537,-11.51123,-9.718741,-6.29745,-7.943915,-4.411144,-4.7787,-3.581587,-1.605311E-06,23,23,23,23,23,23,23,23,23,23,23,23,23,23,23,23,228,2280,-3.227962,-3.822192,-2.750842,-2.068511,-10.64057,-14.11688,-2.350823,-2.868325,-2.330039,-1.417575,-1.97131,-1.750916,-1.024092,-2.004938,-2.168089,-1.921789,23,23,23,23,22,22,23,23,23,23,23,23,23,23,23,23,228,2280,-1.952627,-2.942049,-5.621947,-1.418925,-2.072011,-2.038713,-1.293314,-67.59084,-0.2472464,-0.8458642,-0.7152449,0.1212203,-0.1090681,0.3349538,0.1106686,0.3380079,22,22,22,22,22,22,22,22,22,22,22,22,22,22,22,22
229,2290,-47.01207,-54.891,-20.31108,-17.29765,-13.27624,-11.97295,-10.84786,-10.91147,-11.26383,-9.841673,-6.178773,-6.809223,-4.768806,-3.942421,-4.05913,0.482807,23,23,23,23,23,23,23,23,23,23,23,23,23,23,23,23,229,2290,-3.227962,-3.822192,-2.096228,-2.068511,-10.11516,-13.01217,-2.220223,-3.259463,-1.812244,-1.160079,-2.365577,-1.346867,-1.792133,-1.893555,-1.80674,-1.582654,23,23,23,23,22,22,23,23,23,23,23,23,23,23,23,23,229,2290,-2.067538,-2.17457,-5.238634,-2.192864,-2.719503,-2.803214,-2.069285,-68.57495,0.6179718,0.3639241,-0.7152449,0.1212203,1.101876,0.557291,-0.3320089,0.4550287,22,22,22,22,22,22,22,22,22,22,22,22,22,22,22,22
230,2300,-47.85369,-54.52828,-20.43415,-16.68875,-13.87971,-11.47938,-12.1238,-11.03686,-11.63493,-9.964602,-6.653486,-7.439609,-6.676336,-4.420295,-4.05913,0.1207002,23,23,23,23,23,23,23,23,23,23,23,23,23,23,23,23,230,2300,-4.034954,-3.558593,-2.488997,-1.292836,-10.11516,-13.13494,-3.265033,-2.346808,-1.423897,-1.80382,-2.628421,-2.828377,-2.304163,-2.561855,-1.92719,-1.808743,23,23,23,23,22,22,23,23,23,23,23,23,23,23,23,23,230,2300,-1.837716,-3.453701,-5.366405,-1.805895,-2.331008,-1.656463,-1.422642,-67.80952,0.2471642,-0.6039085,-0.7152449,0.3637732,0.5514469,-0.22089,-1.605311E-06,0.6890638,22,22,22,22,22,22,22,22,22,22,22,22,22,22,22,22
231,2310,-45.44908,-53.92376,-19.32658,-15.1056,-12.43138,-10.61563,-9.827116,-10.5353,-9.655694,-8.858225,-5.822726,-6.430992,-4.888027,-3.703484,-3.700972,-0.6035136,23,23,23,23,23,23,23,23,23,23,23,23,23,23,23,23,231,2310,-4.438451,-2.899595,-2.358074,-2.973466,-9.721098,-13.99415,-3.787438,-1.955671,-1.553346,-2.318812,-1.839886,-1.885599,-2.688185,-1.002488,-1.084042,-2.147878,23,23,23,23,22,22,23,23,23,23,23,23,23,23,23,23,231,2310,-2.527181,-2.942049,-5.621947,-2.063875,-2.719503,-3.185464,-1.6813,-68.6843,-0.1236435,0.7268593,0.1191635,-0.6064385,-0.1090681,0.7796283,-0.2213387,0.1039792,22,22,22,22,22,22,22,22,22,22,22,22,22,22,22,22
232,2320,-44.00631,-52.35199,-17.23452,-13.52246,-11.58653,-9.381702,-9.699522,-10.5353,-9.779396,-9.227018,-5.941415,-6.052761,-4.530364,-4.659232,-3.462201,-0.120705,23,23,23,23,23,23,23,23,23,23,23,23,23,23,23,23,232,2320,-3.227962,-2.240597,-1.703454,-2.585629,-10.24651,-13.99415,-2.87323,-2.086102,-1.812244,-1.80382,-1.97131,-2.559012,-2.43217,-1.893555,-1.92719,-2.373966,23,23,23,23,22,22,23,23,23,23,23,23,23,23,23,23,232,2320,-2.067538,-3.709527,-5.238634,-1.547915,-1.165521,-2.038713,-2.069285,-67.91887,0.1235616,-0.724888,-0.5960437,-5.458059E-05,0.3312753,0.3349538,0.3320057,0.2209936,22,22,22,22,22,22,22,22,22,22,22,22,22,22,22,22
233,2330,-42.804,-53.31923,-16.49615,-13.40068,-10.98306,-10.73902,-10.0823,-11.28764,-9.779396,-9.472879,-5.109867,-6.683146,-4.172702,-4.7787,-4.89483,-0.3621085,23,23,23,23,23,23,23,23,23,23,23,23,23,23,23,23,233,2330,-3.362461,-2.372397,-2.750842,-2.068511,-9.721098,-14.2396,-2.87323,-1.955722,-2.459539,-2.44756,-2.234154,-2.559012,-1.664128,-1.893555,-2.168089,-2.826147,23,23,23,23,22,22,23,23,23,23,23,23,23,23,23,23,233,2330,-2.297358,-2.558308,-5.238634,-2.063875,-2.590004,-2.54838,-2.069285,-68.57495,0.4943693,0.0009856612,-0.7152449,-0.4851636,0.2211894,0.3349538,-0.6640162,0.5720431,22,22,22,22,22,22,22,22,22,22,22,22,22,22,22,22
234,2340,-43.28493,-52.5938,-16.37309,-12.79178,-10.86236,-10.12206,-9.444336,-10.03374,-9.53199,-8.489433,-4.991056,-5.800607,-3.576598,-4.300827,-3.104044,-0.4828118,23,23,23,23,23,23,23,23,23,23,23,23,23,23,23,23,234,2340,-3.362461,-2.504196,-2.750842,-2.197791,-11.55999,-14.36237,-2.742628,-1.434208,-2.200641,-1.932568,-2.628421,-2.693695,-1.792133,-2.004938,-2.890787,-2.939193,23,23,23,23,22,22,23,23,23,23,23,23,23,23,23,23,234,2340,-2.412269,-3.709527,-5.494176,-1.547915,-1.813014,-2.54838,-2.198614,-68.02822,0.3707667,-0.6048428,-0.2384401,-0.1213326,0.6615328,0.001447188,0.4426758,-0.1300559,22,22,22,22,22,22,22,22,22,22,22,22,22,22,22,22
235,2350,-39.67801,-52.35199,-14.65021,-12.18288,-10.01751,-9.751882,-7.530435,-9.782965,-8.294967,-6.890792,-4.515818,-5.044145,-3.099717,-2.867203,-3.104044,0.1207002,23,23,23,23,23,23,23,23,23,23,23,23,23,23,23,23,235,2350,-2.555469,-2.372397,-2.881772,-1.292836,-11.16593,-13.87138,-1.828418,-1.955722,-2.718437,-2.576308,-3.285533,-1.885599,-2.048148,-1.670789,-2.770337,-2.487013,23,23,23,23,22,22,23,23,23,23,23,23,23,23,23,23,235,2350,-2.297358,-3.581614,-4.983092,-1.805895,-2.331008,-3.440298,-3.103913,-68.35625,0.2471642,0.6047336,0.357618,0.6063261,-0.3292429,0.1126166,-0.2213387,1.040113,22,22,22,22,22,22,22,22,22,22,22,22,22,22,22,22
236,2360,-41.72193,-52.35199,-15.14246,-11.81753,-11.34514,-9.505095,-9.571929,-9.657576,-9.408288,-6.767742,-4.753438,-5.2963,-3.93426,-3.464546,-3.462201,0.7242121,23,23,23,23,23,23,23,23,23,23,23,23,23,23,23,23,236,2360,-2.824466,-2.372397,-1.965306,-1.939232,-10.90322,-13.62588,-1.697817,-1.825345,-2.071194,-2.44756,-3.285533,-2.289644,-1.408113,-2.450472,-2.168089,-2.600059,23,23,23,23,22,22,23,23,23,23,23,23,23,23,23,23,236,2360,-2.297358,-3.709527,-5.366405,-2.063875,-1.554017,-2.293547,-3.233242,-68.90298,0.3707667,-0.2419686,0.119216,-0.4851122,0.001017767,0.3349538,0.4426758,0.3380079,22,22,22,22,22,22,22,22,22,22,22,22,22,22,22,22
237,2370,-43.88608,-53.68195,-15.14246,-12.79178,-11.94861,-10.12206,-9.954709,-10.15913,-8.789777,-7.751849,-4.872248,-5.800608,-3.457375,-3.584015,-3.104044,-0.4828118,23,23,23,23,23,23,23,23,23,23,23,23,23,23,23,23,237,2370,-2.017474,-1.581599,-2.227151,-2.714908,-10.11516,-12.88944,-2.350823,-2.086102,-2.200641,-3.220048,-2.102733,-2.154962,-1.920137,-2.450472,-1.92719,-1.921789,23,23,23,23,22,22,23,23,23,23,23,23,23,23,23,23,237,2370,-2.412269,-3.197874,-5.238634,-2.321854,-2.590004,-2.54838,-3.491898,-68.90298,0.4943693,0.3628196,0.2384168,-0.1212813,-0.2191475,0.1126166,0.3320057,1.040113,22,22,22,22,22,22,22,22,22,22,22,22,22,22,22,22
238,2380,-43.1647,-52.7147,-14.52715,-11.57397,-10.74167,-9.998668,-9.444336,-9.908354,-8.418669,-8.366503,-5.466297,-7.187455,-5.245686,-5.495512,-4.656059,-1.605311E-06,23,23,23,23,23,23,23,23,23,23,23,23,23,23,23,23,238,2380,-2.824466,-2.108798,-2.61992,-2.973466,-9.85245,-12.76667,-2.481425,-1.564585,-2.977336,-2.44756,-2.497001,-1.885596,-2.560175,-2.227758,-2.288539,-1.808743,23,23,23,23,22,22,23,23,23,23,23,23,23,23,23,23,238,2380,-2.757004,-4.093267,-5.749718,-2.192864,-1.813014,-2.16613,-3.103913,-68.13757,0.3707667,-0.3629256,-0.2383875,-0.9702181,0.3312817,0.2237852,0.4426758,0.5720431,22,22,22,22,22,22,22,22,22,22,22,22,22,22,22,22
239,2390,-40.51963,-53.92376,-14.28103,-12.18288,-10.98306,-11.47938,-10.0823,-10.40991,-8.294967,-9.595811,-5.703917,-8.069994,-6.318671,-7.048604,-6.446846,-1.086322,23,23,23,23,23,23,23,23,23,23,23,23,23,23,23,23,239,2390,-2.151973,-1.4498,-2.096228,-2.45635,-10.77187,-13.01217,-2.612026,-1.434208,-2.459539,-2.705056,-1.577042,-1.750913,-2.30416,-1.67084,-1.565893,-2.260924,23,23,23,23,22,22,23,23,23,23,23,23,23,23,23,23,239,2390,-2.067538,-4.477006,-5.749718,-1.547915,-2.072011,-2.420964,-3.233242,-69.88711,0.1235616,0.1209024,0.2384168,-0.2425593,-0.659494,0.2237852,-0.3320571,1.274142,22,22,22,22,22,22,22,22,22,22,22,22,22,22,22,22
240,2400,-41.96239,-53.44014,-16.12696,-12.54822,-11.34514,-11.84956,-10.84786,-11.03686,-9.655694,-9.841672,-6.890842,-8.196072,-7.272436,-8.24294,-5.611145,-0.7241624,23,23,23,23,23,23,23,23,23,23,23,23,23,23,23,23,240,2400,-2.151973,-2.240597,-3.27454,-2.197791,-9.983804,-12.52122,-1.828418,-2.477239,-3.106785,-2.190064,-1.577042,-2.559009,-1.40811,-2.339141,-1.927242,-1.921792,23,23,23,23,22,22,23,23,23,23,23,23,23,23,23,23,240,2400,-2.067538,-3.965353,-5.494176,-1.934885,-1.29502,-1.019379,-1.810627,-68.6843,0.3707667,0.4837766,0.119216,-0.2425593,0.11111,-0.1097206,-0.1107199,0.6891088,22,22,22,22,22,22,22,22,22,22,22,22,22,22,22,22
241,2410,-43.40516,-53.31923,-15.88084,-12.54822,-11.22445,-11.2326,-9.571929,-10.03374,-8.294967,-8.366503,-6.416128,-7.817841,-6.437891,-6.929134,-6.446846,-0.1206504,23,23,23,23,23,23,23,23,23,23,23,23,23,23,23,23,241,2410,-2.421022,-2.635996,-2.750842,-2.068511,-10.37786,-13.74866,-1.959019,-3.129137,-2.33009,-1.675071,-1.445618,-2.424327,-1.536118,-2.339141,-2.047691,-2.487019,23,23,23,23,22,22,23,23,23,23,23,23,23,23,23,23,241,2410,-1.722798,-3.965353,-5.749718,-1.418925,-1.165521,-1.529046,-2.586599,-68.90298,-0.1236435,-0.1210116,-0.1191863,0.8489304,-0.1090616,-0.8879017,0.6639632,1.157173,22,22,22,22,22,22,22,22,22,22,22,22,22,22,22,22
242,2420,-42.20285,-53.07742,-17.35759,-12.54822,-12.19,-10.98581,-10.72027,-10.03374,-8.542371,-8.243571,-7.484234,-7.439609,-7.74932,-7.765414,-7.998369,0.1207547,23,23,23,23,23,23,23,23,23,23,23,23,23,23,23,23,242,2420,-2.824518,-3.294994,-1.834383,-1.939232,-9.85245,-13.25766,-1.959019,-2.868377,-2.33009,-1.417575,-2.234154,-1.750913,-1.536118,-2.67329,-1.445443,-2.034838,23,23,23,23,22,22,23,23,23,23,23,23,23,23,23,23,242,2420,-2.297351,-4.604921,-5.366405,-1.676905,-1.424518,-1.019379,-1.422642,-69.01234,0.3707667,0.1209024,1.484913E-05,-0.2425593,-0.3292333,0.001447991,-0.1107199,0.3380593,22,22,22,22,22,22,22,22,22,22,22,22,22,22,22,22
243,2430,-43.28493,-53.44014,-17.9729,-13.76602,-12.79346,-11.2326,-9.827116,-9.281406,-8.047561,-8.981156,-6.297449,-7.691763,-7.391658,-8.123604,-7.640703,-0.2413521,23,23,23,23,23,23,23,23,23,23,23,23,23,23,23,23,243,2430,-3.497011,-3.426794,-2.227151,-2.068511,-10.11516,-12.52122,-2.742628,-3.129137,-1.553397,-1.803819,-3.022689,-2.289644,-3.072201,-2.896059,-2.890839,-1.582657,23,23,23,23,22,22,23,23,23,23,23,23,23,23,23,23,243,2430,-1.378063,-3.453702,-6.771885,-2.321854,-0.6475272,-1.78388,-1.939956,-69.66841,-0.2472464,-5.458059E-05,1.484913E-05,0.7276555,0.001024189,0.001447991,0.7746333,1.508222,22,22,22,22,22,22,22,22,22,22,22,22,22,22,22,22
244,2440,-41.84216,-52.83561,-17.35759,-13.03534,-11.22445,-10.36885,-8.933962,-9.281406,-7.676455,-8.735294,-6.890842,-7.313532,-7.272436,-8.24294,-7.401932,0.6035634,23,23,23,23,23,23,23,23,23,23,23,23,23,23,23,23,244,2440,-3.766009,-3.163194,-2.227151,-2.068511,-10.24651,-12.76667,-2.742628,-2.998757,-2.200641,-1.546323,-2.497001,-2.154962,-2.432167,-2.116375,-1.806792,-2.034838,23,23,23,23,22,22,23,23,23,23,23,23,23,23,23,23,244,2440,-2.986817,-4.221181,-6.516344,-2.450846,-2.460506,-2.293547,-2.198614,-68.79365,-0.8652596,-5.458059E-05,0.2384168,0.1212716,-0.7695798,-0.4432265,0.5532947,1.040158,22,22,22,22,22,22,22,22,22,22,22,22,22,22,22,22
245,2450,-42.92424,-54.64919,-16.9884,-14.25314,-10.37958,-11.2326,-8.168402,-9.406797,-7.923859,-9.472878,-6.653486,-7.691763,-7.391658,-8.958957,-6.924388,-0.4827573,23,23,23,23,23,23,23,23,23,23,23,23,23,23,23,23,245,2450,-3.228014,-2.504197,-2.227151,-2.714907,-9.8524,-13.99415,-2.612026,-1.825345,-1.812295,-2.44756,-1.839886,-2.289644,-2.432167,-2.339141,-2.40904,-3.052243,23,23,23,23,22,22,23,23,23,23,23,23,23,23,23,23,245,2450,-1.722798,-3.197876,-6.260802,-2.063877,-1.424465,-2.16613,-2.069285,-68.35625,-4.093544E-05,0.2418626,-0.1191863,0.4851026,0.4413675,-0.1097206,-0.4427272,1.274193,22,22,22,22,22,22,22,22,22,22,22,22,22,22,22,22
246,2460,-44.84793,-54.77009,-16.37309,-13.40068,-10.86236,-10.12206,-8.295996,-9.406797,-8.913479,-9.349949,-7.365557,-7.817841,-6.437891,-7.407009,-5.849917,-0.9655659,23,23,23,23,23,23,23,23,23,23,23,23,23,23,23,23,246,2460,-2.555521,-2.504197,-2.227151,-2.19779,-10.24646,-14.73054,-2.612026,-1.825345,-2.718437,-2.318812,-1.97131,-3.501786,-2.176152,-2.339141,-2.168141,-3.278335,23,23,23,23,22,22,23,23,23,23,23,23,23,23,23,23,246,2460,-2.412263,-4.477007,-6.899656,-2.192867,-2.071958,-2.16613,-1.939956,-69.12168,-0.4944516,-0.2419686,0.357618,-0.1212813,-0.2191475,-0.5543951,-0.3320571,1.040158,22,22,22,22,22,22,22,22,22,22,22,22,22,22,22,22
247,2470,-46.05024,-54.52828,-16.74227,-14.00958,-11.46583,-11.23259,-8.168403,-8.278291,-8.171265,-7.99771,-6.297449,-6.683147,-5.961009,-6.45126,-5.969303,-0.9655659,23,23,23,23,23,23,23,23,23,23,23,23,23,23,23,23,247,2470,-2.690019,-1.976998,-2.358074,-1.551395,-9.983752,-14.36232,-2.481425,-1.564585,-2.977336,-1.675071,-2.365577,-3.232421,-1.40811,-1.559457,-2.047691,-2.826154,23,23,23,23,22,22,23,23,23,23,23,23,23,23,23,23,247,2470,-1.837709,-3.069963,-5.366406,-2.063877,-1.812961,-1.529046,-2.327994,-69.34038,-0.370849,-0.7257998,0.2384168,-0.6063871,0.2211958,0.557291,-0.1107199,0.5720944,22,22,22,22,22,22,22,22,22,22,22,22,22,22,22,22
248,2480,-48.57507,-53.80285,-16.25002,-12.42644,-11.22444,-9.875275,-8.42359,-8.278291,-8.171265,-6.767742,-6.772163,-6.178839,-6.199451,-4.659232,-4.536673,0.3621582,23,23,23,23,23,23,23,23,23,23,23,23,23,23,23,23,248,2480,-2.152024,-1.845199,-2.227151,-2.19779,-11.03452,-13.9941,-1.828418,-1.955722,-2.847887,-2.190064,-2.759845,-2.154962,-2.176152,-1.893606,-2.649939,-2.147884,23,23,23,23,22,22,23,23,23,23,23,23,23,23,23,23,248,2480,-1.722798,-3.581615,-6.133031,-2.450846,-2.330955,-2.54838,-1.034708,-68.24693,-0.4944516,0.1209024,0.2384168,0.1212716,-0.8796657,-0.6655645,-0.2213885,1.625243,22,22,22,22,22,22,22,22,22,22,22,22,22,22,22,22
249,2490,-49.41669,-54.40738,-17.48065,-13.64424,-11.58652,-10.49224,-8.933963,-8.905238,-7.923859,-7.751849,-6.060092,-6.178839,-5.245686,-5.017638,-3.939744,-0.1206504,23,23,23,23,23,23,23,23,23,23,23,23,23,23,23,23,249,2490,-1.748528,-1.976998,-1.179763,-1.680673,-11.42858,-13.13489,-2.481425,-1.825345,-1.941743,-2.44756,-2.497001,-2.424327,-1.40811,-2.116375,-2.40904,-1.695703,23,23,23,23,22,22,23,23,23,23,23,23,23,23,23,23,249,2490,-1.378063,-3.197876,-5.621948,-2.321856,-1.94246,-1.401629,-2.58665,-69.23104,-0.865311,-0.7257998,0.119216,0.1212716,0.6615392,0.3349538,-0.5533957,1.157173,22,22,22,22,22,22,22,22,22,22,22,22,22,22,22,22
250,2500,-48.81554,-53.44014,-16.49615,-11.33041,-11.46583,-10.12206,-9.18915,-8.152902,-7.429049,-7.136896,-4.872248,-5.800608,-4.649582,-4.300827,-3.820359,5.136996E-05,23,23,23,23,23,23,23,23,23,23,23,23,23,23,23,23,250,2500,-1.614029,-1.976998,-2.096228,-2.714907,-9.983752,-13.25761,-2.350823,-2.216482,-2.459538,-3.0913,-2.497001,-2.020278,-1.664125,-1.893606,-1.806792,-2.600065,23,23,23,23,22,22,23,23,23,23,23,23,23,23,23,23,250,2500,-1.607886,-3.453702,-6.516344,-2.708826,-1.553964,-1.911296,-1.422693,-67.4815,-0.3709004,0.2418626,-0.1191863,0.8489304,0.4413675,-0.4432265,0.3319575,1.274193,22,22,22,22,22,22,22,22,22,22,22,22,22,22,22,22
251,2510,-48.21438,-54.04465,-15.75777,-12.54822,-11.34513,-11.97295,-9.18915,-9.657576,-7.305346,-8.981156,-5.466294,-6.809224,-4.768802,-6.092855,-4.297902,0.1207547,23,23,23,23,23,23,23,23,23,23,23,23,23,23,23,23,251,2510,-2.959017,-2.635996,-1.834383,-4.007699,-10.37781,-13.13489,-2.742628,-1.825345,-2.330089,-3.606293,-1.839886,-1.616231,-2.30416,-2.004989,-1.084094,-2.26093,23,23,23,23,22,22,23,23,23,23,23,23,23,23,23,23,251,2510,-1.263155,-3.453702,-6.388573,-2.321856,-1.683462,-1.78388,-1.681351,-69.34039,-0.1236949,-1.088671,-0.5960425,-0.3638342,0.001024189,-0.4432265,-0.885403,1.040158,22,22,22,22,22,22,22,22,22,22,22,22,22,22,22,22
252,2520,-48.45484,-55.1328,-16.74227,-14.61848,-12.55207,-13.82384,-11.35824,-9.281406,-9.160884,-9.34995,-6.29745,-7.439609,-5.364906,-5.256574,-3.223429,-0.9655659,23,23,23,23,23,23,23,23,23,23,23,23,23,23,23,23,252,2520,-3.362513,-0.7908021,-2.358074,-2.714907,-9.8524,-12.52117,-2.350823,-1.173447,-2.330089,-2.962552,-0.6570829,-1.750913,-1.664125,-1.225307,-1.565893,-1.582657,23,23,23,23,22,22,23,23,23,23,23,23,23,23,23,23,252,2520,-1.607886,-3.069963,-6.388573,-2.321856,-2.071958,-1.656463,-1.681351,-67.4815,0.3707153,-5.458059E-05,-0.1192377,0.4850994,0.4413675,-0.2208892,-0.3320571,0.5720944,22,22,22,22,22,22,22,22,22,22,22,22,22,22,22,22
253,2530,-49.77738,-54.04465,-16.86534,-14.4967,-12.0693,-12.21974,-10.33749,-9.782965,-8.418669,-8.489434,-5.585104,-6.683146,-4.888027,-3.942421,-3.462201,5.136996E-05,23,23,23,23,23,23,23,23,23,23,23,23,23,23,23,23,253,2530,-2.286523,-1.054401,-2.488997,-2.19779,-10.64052,-12.76662,-2.742628,-1.825345,-2.459538,-1.288827,-0.5256624,-1.346866,-1.152095,-1.33669,-1.324993,-1.243522,23,23,23,23,22,22,23,23,23,23,23,23,23,23,23,23,253,2530,-1.607886,-2.686223,-5.366406,-2.192867,-2.460454,-1.529046,-0.7760509,-68.35626,-0.4945029,-1.088671,-0.2384389,-6.421245E-06,0.3312303,0.6684605,0.1106188,1.040158,22,22,22,22,22,22,22,22,22,22,22,22,22,22,22,22
254,2540,-48.45484,-53.80285,-17.60371,-14.37492,-12.91415,-12.46652,-10.84786,-9.532187,-8.913479,-7.751849,-6.416129,-6.683146,-6.080234,-3.942473,-3.939744,0.7242651,23,23,23,23,23,23,23,23,23,23,23,23,23,23,23,23,254,2540,-1.614029,-2.372397,-2.61992,-1.551395,-9.8524,-13.13489,-1.697817,-1.564585,-3.106781,-1.675071,-0.7885064,-2.020278,-1.024089,-1.782175,-1.324993,-1.808749,23,23,23,23,22,22,23,23,23,23,23,23,23,23,23,23,254,2540,-1.148244,-2.55831,-4.983094,-2.321856,-2.848948,-1.78388,-2.069336,-68.02823,0.2471128,0.3628196,-0.3576401,0.1212684,0.3312303,0.1126174,-0.885403,0.3380593,22,22,22,22,22,22,22,22,22,22,22,22,22,22,22,22
255,2550,-48.57507,-54.891,-17.48065,-13.8878,-13.51762,-12.71331,-11.23064,-10.03374,-10.27421,-8.981156,-6.534808,-7.439609,-5.245689,-4.778752,-3.104044,5.136996E-05,23,23,23,23,23,23,23,23,23,23,23,23,23,23,23,23,255,2550,-1.748528,-2.108798,-1.834383,-1.551395,-9.8524,-13.25761,-2.220223,-2.60762,-2.330089,-1.546323,-1.182774,-2.424327,-1.024089,-2.004941,-1.927242,-2.147884,23,23,23,23,22,22,23,23,23,23,23,23,23,23,23,23,255,2550,-1.378063,-3.069963,-5.494177,-1.547917,-1.424465,-2.038713,-1.422693,-68.24693,-9.23054E-05,-0.3629256,-0.5960425,0.2425465,0.2211445,0.3349546,3.210623E-06,0.4550737,22,22,22,22,22,22,22,22,22,22,22,22,22,22,22,22
256,2560,-49.53692,-54.16557,-16.61921,-15.34916,-11.9486,-10.86242,-9.95471,-9.657576,-8.047561,-8.243571,-5.585104,-5.926684,-4.649585,-4.181409,-2.626501,-0.1207066,23,23,23,23,23,23,23,23,23,23,23,23,23,23,23,23,256,2560,-1.210533,-2.372397,-1.703454,-1.551395,-10.90317,-13.13489,-2.220223,-3.129137,-2.200639,-1.160079,-2.234154,-1.481548,-1.024089,-2.450476,-2.649939,-1.695652,23,23,23,23,22,22,23,23,23,23,23,23,23,23,23,23,256,2560,-1.607886,-3.325788,-5.110864,-2.321856,-2.589952,-2.675797,-1.810679,-68.35626,-0.1236949,0.1209024,-3.652083E-05,-0.3638374,0.3312303,0.223786,-0.5533412,-0.0001926374,22,22,22,22,22,22,22,22,22,22,22,22,22,22,22,22
257,2570,-48.93576,-54.52828,-16.86534,-15.34916,-12.18999,-11.97295,-9.57193,-9.532187,-8.171265,-8.735295,-5.228674,-6.935301,-4.411144,-4.659283,-2.984658,-0.4828134,23,23,23,23,23,23,23,23,23,23,23,23,23,23,23,23,257,2570,-2.421022,-2.108798,-2.227151,-1.034277,-10.64052,-12.52117,-2.87323,-2.346859,-1.294497,-1.288827,-2.102733,-2.154962,-2.432167,-2.339093,-1.927242,-1.469563,23,23,23,23,22,22,23,23,23,23,23,23,23,23,23,23,257,2570,-1.722746,-3.325788,-5.366406,-1.547917,-1.294967,-2.293547,-1.940008,-67.80953,0.6179212,-0.2419686,-0.1192377,-0.2425625,-0.4393705,0.3349546,0.1106718,-0.2342599,22,22,22,22,22,22,22,22,22,22,22,22,22,22,22,22
258,2580,-48.45484,-55.4955,-17.35759,-14.98383,-12.18999,-12.46652,-10.2099,-10.78608,-9.037181,-9.595811,-6.29745,-7.439609,-5.126467,-5.376095,-2.745887,-0.8449203,23,23,23,23,23,23,23,23,23,23,23,23,23,23,23,23,258,2580,-2.959017,-2.108798,-1.703454,-1.422115,-10.64052,-13.01211,-2.481425,-1.825345,-1.682845,-1.288827,-2.365577,-1.750913,-2.432167,-2.116324,-1.686342,-1.582606,23,23,23,23,22,22,23,23,23,23,23,23,23,23,23,23,258,2580,-1.952566,-3.837441,-4.599781,-1.418927,-2.071958,-2.54838,-2.845307,-68.79366,-9.23054E-05,-5.458059E-05,0.595969,0.3638214,-0.109113,0.3349546,0.2213419,0.8190684,22,22,22,22,22,22,22,22,22,22,22,22,22,22,22,22
259,2590,-46.65138,-54.77008,-16.25002,-13.52246,-11.70721,-12.34313,-10.2099,-9.782965,-8.913479,-9.595811,-5.822724,-6.683146,-4.768806,-4.420347,-2.387729,0.1206985,23,23,23,23,23,23,23,23,23,23,23,23,23,23,23,23,259,2590,-2.959017,-2.108798,-1.04884,-1.551395,-9.8524,-13.87133,-2.350823,-1.434208,-1.423946,-2.190064,-2.102733,-2.020278,-2.432167,-2.22771,-0.9636443,-2.147833,23,23,23,23,22,22,23,23,23,23,23,23,23,23,23,23,259,2590,-3.101673,-3.837441,-5.366405,-1.934887,-1.812961,-1.529046,-2.069336,-68.46561,0.2471128,0.2418626,0.2383655,-0.1212845,-0.5494596,-0.1097206,3.210623E-06,0.5849947,22,22,22,22,22,22,22,22,22,22,22,22,22,22,22,22
260,2600,-45.32885,-53.92374,-15.38859,-11.45219,-11.10375,-10.98581,-10.0823,-10.15913,-8.913479,-9.595811,-6.534808,-7.313531,-5.364909,-3.703535,-3.22343,0.3621021,23,23,23,23,23,23,23,23,23,23,23,23,23,23,23,23,260,2600,-1.883027,-1.713399,-1.572531,-1.034277,-9.983752,-14.60782,-1.959019,-0.9126902,-2.071192,-1.288827,-1.839886,-2.559009,-1.280103,-1.670792,-1.806792,-2.600014,23,23,23,23,22,22,23,23,23,23,23,23,23,23,23,23,260,2600,-1.837658,-3.709528,-5.366405,-1.160947,-1.165468,-2.420964,-2.974636,-68.24693,0.3707153,0.2418626,0.8343714,0.7276523,0.1110587,-0.1097206,0.5533476,0.3509211,22,22,22,22,22,22,22,22,22,22,22,22,22,22,22,22
261,2610,-45.20861,-53.31921,-15.51165,-12.30466,-10.98305,-10.61563,-11.10305,-10.15913,-10.64531,-9.595811,-7.24688,-7.691762,-5.603351,-4.539816,-3.342815,-0.6035152,23,23,23,23,23,23,23,23,23,23,23,23,23,23,23,23,261,2610,-2.286524,-2.108798,-1.965306,-1.292836,-10.77182,-14.36232,-1.697817,-1.303827,-2.459538,-1.288827,-2.891268,-2.693691,-1.920137,-1.893558,-2.40904,-2.486968,23,23,23,23,22,22,23,23,23,23,23,23,23,23,23,23,261,2610,-2.412211,-4.60492,-5.494176,-1.805895,-1.812962,-1.529046,-2.198665,-69.12169,0.3707153,0.6047336,-0.5960425,-0.6063903,-0.9898029,-0.5543951,3.210623E-06,0.8190684,22,22,22,22,22,22,22,22,22,22,22,22,22,22,22,22
262,2620,-45.93,-53.19831,-15.0194,-11.69575,-11.82791,-11.60277,-10.84786,-10.66069,-9.53199,-9.595811,-6.060094,-7.061378,-5.007247,-4.539816,-3.820359,-4.815934E-06,23,23,23,23,23,23,23,23,23,23,23,23,23,23,23,23,262,2620,-2.69002,-1.713399,-1.834383,-1.163557,-10.37781,-13.25761,-1.697817,-1.173447,-2.718436,-1.160079,-2.102733,-2.154962,-2.048145,-1.893558,-1.806792,-2.826102,23,23,23,23,22,22,23,23,23,23,23,23,23,23,23,23,262,2620,-1.722746,-3.069962,-5.749718,-2.192865,-1.294968,-1.78388,-2.715979,-69.34039,-0.3709004,-0.2419686,0.2383655,0.4850994,0.4413162,-0.2208884,0.3320105,1.287209,22,22,22,22,22,22,22,22,22,22,22,22,22,22,22,22
263,2630,-46.89184,-53.44012,-15.14246,-12.30466,-11.34513,-11.84956,-10.97546,-11.03686,-9.284586,-9.104087,-6.178773,-7.439609,-4.649585,-4.420347,-3.22343,-0.2414083,23,23,23,23,23,23,23,23,23,23,23,23,23,23,23,23,263,2630,-1.883027,-2.372397,-2.096228,-2.197791,-10.90317,-13.25761,-1.436665,-1.825345,-2.071192,-2.318812,-2.628421,-2.020278,-1.664125,-2.22771,-1.927242,-2.373922,23,23,23,23,22,22,23,23,23,23,23,23,23,23,23,23,263,2630,-2.182389,-3.453701,-5.749718,-2.192865,-1.94246,-1.911296,-1.422642,-67.7002,-9.23054E-05,-5.458059E-05,1.072774,0.2425465,-0.6595454,-0.7767323,3.210623E-06,1.287209,22,22,22,22,22,22,22,22,22,22,22,22,22,22,22,22
264,2640,-48.93576,-55.01189,-16.0039,-13.76602,-12.18999,-12.96009,-11.48583,-11.7892,-9.284586,-10.82512,-6.178773,-8.448225,-5.245689,-6.092906,-3.820359,-0.8449203,23,23,23,23,23,23,23,23,23,23,23,23,23,23,23,23,264,2640,-2.286524,-1.976998,-1.572531,-2.714908,-10.24646,-12.88939,-1.828469,-1.564578,-1.941743,-2.190064,-1.97131,-1.481548,-1.920137,-1.893558,-1.806792,-1.808698,23,23,23,23,22,22,23,23,23,23,23,23,23,23,23,23,264,2640,-1.607835,-3.325788,-6.00526,-2.450845,-1.424466,-1.529046,-2.974584,-69.44974,-0.2472978,0.1209024,0.3575667,0.3638214,0.2211445,0.223786,-0.4426726,0.5849947,22,22,22,22,22,22,22,22,22,22,22,22,22,22,22,22
265,2650,-52.30222,-55.13279,-17.72677,-15.47094,-12.18999,-12.58992,-11.61342,-11.7892,-10.27421,-10.21046,-6.29745,-8.322147,-5.48413,-5.853969,-2.984658,-0.4828134,23,23,23,23,23,23,23,23,23,23,23,23,23,23,23,23,265,2650,-2.69002,-1.4498,-2.227151,-2.585629,-9.983752,-12.88939,-2.350874,-1.303821,-2.459538,-2.190064,-1.708465,-1.750913,-2.30416,-1.225259,-1.686342,-1.582606,23,23,23,23,22,22,23,23,23,23,23,23,23,23,23,23,265,2650,-1.263104,-3.453701,-5.877489,-1.934885,-2.071959,-1.78388,-2.198614,-68.02823,-4.093544E-05,-5.458059E-05,0.1191647,0.7276523,0.4413162,-0.6655629,0.2213419,1.521283,22,22,22,22,22,22,22,22,22,22,22,22,22,22,22,22
266,2660,-51.82129,-54.77008,-17.72677,-14.25314,-11.9486,-11.60277,-11.35824,-11.66381,-10.1505,-8.612364,-6.416129,-6.809224,-5.126467,-4.420347,-3.462202,0.2414003,23,23,23,23,23,23,23,23,23,23,23,23,23,23,23,23,266,2660,-2.824518,-1.976998,-2.750842,-2.197791,-9.327039,-12.88939,-1.828469,-1.173441,-2.718436,-1.417575,-1.445618,-1.212183,-2.176152,-1.559407,-1.686342,-1.469563,23,23,23,23,22,22,23,23,23,23,23,23,23,23,23,23,266,2660,-1.837658,-3.197876,-4.855322,-2.063875,-2.201457,-1.911296,-2.45727,-68.46561,-0.8652596,-0.8458707,0.2383655,-6.421245E-06,-0.7696312,0.223786,-0.3320041,0.7020283,22,22,22,22,22,22,22,22,22,22,22,22,22,22,22,22
267,2670,-50.49876,-54.52827,-19.57271,-15.22738,-14.48316,-12.34313,-12.1238,-10.78608,-10.0268,-8.243571,-6.29745,-6.430993,-5.126467,-4.300878,-2.268343,0.2414003,23,23,23,23,23,23,23,23,23,23,23,23,23,23,23,23,267,2670,-3.093516,-2.372397,-2.881772,-1.680674,-10.24646,-13.01211,-1.306064,-2.477233,-2.847885,-2.061316,-1.708517,-1.750913,-1.280103,-2.116324,-1.204544,-2.034787,23,23,23,23,22,22,23,23,23,23,23,23,23,23,23,23,267,2670,-1.378012,-3.069962,-5.621947,-2.192865,-2.071959,-2.16613,-2.586599,-68.13757,-0.1236435,0.3639176,-0.1191871,0.1212684,0.551402,-0.3320579,3.210623E-06,1.287209,22,22,22,22,22,22,22,22,22,22,22,22,22,22,22,22
268,2680,-52.42245,-54.64917,-19.9419,-15.59273,-14.0004,-11.2326,-10.97546,-10.5353,-8.542371,-8.243571,-4.872247,-5.2963,-3.457378,-2.747787,-2.268343,-0.2414083,23,23,23,23,23,23,23,23,23,23,23,23,23,23,23,23,268,2680,-2.555521,-3.163194,-2.358074,-2.068511,-9.721046,-13.50311,-1.567267,-3.129131,-2.718436,-1.288827,-1.971361,-2.020278,-1.920137,-2.22771,-2.28859,-2.373922,23,23,23,23,22,22,23,23,23,23,23,23,23,23,23,23,268,2680,-1.722746,-3.069962,-4.727551,-2.450845,-2.201457,-1.656463,-1.6813,-68.13757,-0.1236435,-1.208806,1.404647E-05,0.2424983,-0.2191988,0.7796299,-0.4426726,0.8190684,22,22,22,22,22,22,22,22,22,22,22,22,22,22,22,22
269,2690,-54.70683,-55.61641,-21.29558,-19.00258,-14.0004,-11.72617,-10.97546,-11.41303,-8.913479,-8.981156,-4.872247,-7.061378,-3.69582,-4.659283,-1.910186,0.1206985,23,23,23,23,23,23,23,23,23,23,23,23,23,23,23,23,269,2690,-3.631511,-3.558593,-2.227151,-1.809953,-10.77182,-12.3984,-2.481476,-2.737993,-1.553396,-1.160079,-2.234205,-1.346866,-1.792133,-2.339093,-2.40904,-1.808698,23,23,23,23,22,22,23,23,23,23,23,23,23,23,23,23,269,2690,-1.263104,-3.581614,-5.621947,-3.353773,-2.330956,-2.293547,-2.715928,-68.13757,-0.1236435,0.0009824506,-0.5959919,-0.1213326,0.3312239,-0.2208884,-0.5533412,0.5849947,22,22,22,22,22,22,22,22,22,22,22,22,22,22,22,22
270,2700,-54.94729,-57.06727,-20.9264,-17.54121,-12.31068,-11.72617,-11.61342,-11.91459,-10.0268,-10.3334,-5.228676,-6.935301,-4.649585,-5.495559,-2.626501,-0.9656237,23,23,23,23,23,23,23,23,23,23,23,23,23,23,23,23,270,2700,-3.631511,-2.372397,-1.441608,-1.939232,-10.37781,-12.64389,-2.481476,-2.216476,-1.941743,-1.932568,-2.234205,-2.559009,-2.43217,-1.893558,-1.565893,-1.921741,23,23,23,23,22,22,23,23,23,23,23,23,23,23,23,23,270,2700,-1.722746,-3.197876,-4.983093,-2.321855,-2.589952,-2.293547,-1.422642,-67.80953,-0.1236435,-1.450765,-0.4767907,-0.1213326,0.4413097,0.2237844,-0.3320041,0.7020283,22,22,22,22,22,22,22,22,22,22,22,22,22,22,22,22
271,2710,-51.82129,-55.97913,-20.31108,-16.56697,-13.51762,-12.71331,-11.74102,-11.28764,-9.903098,-9.841673,-5.228676,-7.691762,-5.007247,-5.017683,-2.745938,-0.6035152,23,23,23,23,23,23,23,23,23,23,23,23,23,23,23,23,271,2710,-3.497012,-3.031394,-1.965306,-1.680674,-9.589693,-14.48505,-2.220274,-1.955719,-1.423946,-1.675071,-1.44567,-2.020278,-2.176155,-1.670792,-1.445443,-2.373922,23,23,23,23,22,22,23,23,23,23,23,23,23,23,23,23,271,2710,-1.378012,-2.814136,-5.877489,-2.837814,-3.366944,-2.16613,-1.422642,-67.91888,0.7415752,0.4848971,-0.3575895,0.2424983,0.6614814,-0.3320587,-0.4427288,0.3509211,22,22,22,22,22,22,22,22,22,22,22,22,22,22,22,22
272,2720,-53.86522,-56.34184,-21.41865,-17.41943,-14.60385,-11.84956,-11.35824,-11.16225,-9.408288,-9.104087,-5.822726,-6.935301,-4.888027,-5.017683,-3.462252,0.2414517,23,23,23,23,23,23,23,23,23,23,23,23,23,23,23,23,272,2720,-2.555521,-2.108798,-2.096228,-1.939232,-10.50916,-13.9941,-1.175464,-1.303821,-1.682845,-1.932568,-2.102784,-2.559009,-1.792133,-1.670792,-2.047691,-3.052198,23,23,23,23,22,22,23,23,23,23,23,23,23,23,23,23,272,2720,-1.722746,-3.325788,-4.599781,-1.676906,-2.719451,-2.420964,-1.939956,-67.91888,0.2471642,-0.9668469,-0.1191871,-0.2426107,0.2211381,0.3349538,0.2212857,1.157128,22,22,22,22,22,22,22,22,22,22,22,22,22,22,22,22
273,2730,-52.42245,-56.34184,-21.17252,-15.59273,-13.8797,-10.61563,-11.23064,-10.03374,-10.0268,-8.489434,-5.822726,-6.430993,-5.007247,-4.778747,-2.745938,-0.241357,23,23,23,23,23,23,23,23,23,23,23,23,23,23,23,23,273,2730,-1.883027,-1.976998,-1.834383,-1.809953,-10.50916,-14.48505,-1.175464,-1.303821,-2.977334,-2.061316,-2.759896,-2.963056,-1.792133,-1.559407,-2.770389,-2.713063,23,23,23,23,22,22,23,23,23,23,23,23,23,23,23,23,273,2730,-2.182443,-3.581614,-5.110864,-2.966804,-2.848949,-2.54838,-2.715928,-68.46561,-0.2472464,0.7268561,0.1192152,0.3637732,0.7715672,0.2237844,-0.5533974,0.6890638,22,22,22,22,22,22,22,22,22,22,22,22,22,22,22,22
274,2740,-54.2259,-56.10003,-20.68027,-15.59273,-14.24177,-10.86242,-10.84786,-10.66069,-9.160884,-8.366503,-5.228676,-5.926685,-3.93426,-4.181404,-1.671465,-0.3620603,23,23,23,23,23,23,23,23,23,23,23,23,23,23,23,23,274,2740,-2.555521,-2.240597,-1.834383,-1.422116,-11.03452,-13.25761,-1.828469,-1.564578,-3.236231,-2.44756,-3.548432,-2.424327,-1.92014,-2.339093,-2.409041,-2.373928,23,23,23,23,22,22,23,23,23,23,23,23,23,23,23,23,274,2740,-1.952624,-3.709527,-5.621947,-1.547916,-2.589952,-2.675797,-1.551971,-67.91888,-0.3708494,-0.4829322,-1.430207,0.1212203,0.2211381,0.3349538,0.2212857,0.1039792,22,22,22,22,22,22,22,22,22,22,22,22,22,22,22,22
275,2750,-50.85945,-56.58365,-20.55721,-16.07985,-13.63831,-10.73902,-10.0823,-9.532187,-8.171265,-7.628918,-4.397007,-5.926685,-3.81504,-3.942466,-2.268394,0.1207499,23,23,23,23,23,23,23,23,23,23,23,23,23,23,23,23,275,2750,-1.883027,-2.108798,-1.441595,-2.197791,-11.03452,-13.62583,-1.828469,-2.607613,-1.812294,-3.0913,-2.102784,-1.885596,-1.792133,-2.339093,-1.565893,-1.921747,23,23,23,23,22,22,23,23,23,23,23,23,23,23,23,23,275,2750,-2.182443,-3.325788,-6.00526,-2.063875,-2.589952,-2.803214,-2.845255,-68.35626,0.3707667,0.6058766,-0.7151927,-5.458059E-05,0.0009663975,0.001447188,-0.4427288,0.2209936,22,22,22,22,22,22,22,22,22,22,22,22,22,22,22,22
276,2760,-50.61899,-57.67179,-19.57271,-16.44519,-14.0004,-12.34313,-10.46508,-11.16225,-9.284586,-8.735295,-4.634627,-6.178839,-3.81504,-4.659278,-2.149009,-0.7241672,23,23,23,23,23,23,23,23,23,23,23,23,23,23,23,23,276,2760,-2.824518,-2.108798,-2.488984,-2.714907,-10.24646,-12.64389,-2.742679,-1.434201,-2.459538,-2.833804,-1.971361,-2.154962,-2.304163,-1.670792,-1.324993,-1.469566,23,23,23,23,22,22,23,23,23,23,23,23,23,23,23,23,276,2760,-2.297355,-3.453701,-5.238635,-2.063824,-2.201457,-1.911296,-1.293314,-68.02823,-0.3708494,-1.208806,-0.4767907,0.2424983,-0.2192053,-0.3320587,0.2212857,0.3380079,22,22,22,22,22,22,22,22,22,22,22,22,22,22,22,22
277,2770,-51.70106,-55.73732,-20.55721,-18.27189,-15.56221,-12.46652,-11.23064,-10.91147,-8.171265,-7.874779,-4.634627,-5.926685,-3.457378,-3.345124,-2.268394,-0.7241672,23,23,23,23,23,23,23,23,23,23,23,23,23,23,23,23,277,2770,-2.152025,-1.318001,-1.572518,-1.939232,-10.11516,-12.52117,-2.089672,-1.694958,-2.459538,-2.705056,-1.971361,-1.616231,-2.048148,-1.782175,-0.9636443,-1.695658,23,23,23,23,22,22,23,23,23,23,23,23,23,23,23,23,277,2770,-1.37807,-2.814136,-5.494176,-1.805844,-2.590004,-3.058048,-1.810627,-67.91888,0.4943693,0.2429414,-0.5959919,0.2424983,0.1110522,0.4461216,-0.5533974,0.8060782,22,22,22,22,22,22,22,22,22,22,22,22,22,22,22,22
278,2780,-50.73922,-55.13279,-19.57271,-16.81053,-14.23481,-11.2326,-9.95471,-10.78608,-8.913479,-7.383048,-4.159388,-4.791992,-3.338158,-3.70353,-2.268394,-0.241357,23,23,23,23,23,23,23,23,23,23,23,23,23,23,23,23,278,2780,-2.286524,-1.713399,-2.619907,-2.068511,-9.589745,-13.01217,-0.7836584,-1.955719,-2.977334,-1.803819,-1.577093,-2.289644,-2.43217,-2.450476,-2.288591,-2.034793,23,23,23,23,22,22,23,23,23,23,23,23,23,23,23,23,278,2780,-1.722801,-3.965353,-5.110864,-1.418874,-2.331008,-3.185464,-1.939956,-67.59084,0.1235616,-0.6039117,-0.9535951,-0.3638856,-0.2192053,-0.1097214,-5.297528E-05,-0.1300559,22,22,22,22,22,22,22,22,22,22,22,22,22,22,22,22
279,2790,-50.73922,-55.13279,-19.9419,-16.44519,-15.32086,-11.35599,-11.74102,-10.66069,-9.037181,-7.628918,-4.872247,-6.178839,-3.576598,-3.584061,-2.029623,0.3621534,23,23,23,23,23,23,23,23,23,23,23,23,23,23,23,23,279,2790,-1.345033,-2.240597,-1.703441,-2.19779,-9.983804,-13.38039,-1.306064,-2.737993,-2.718436,-1.932568,-1.839937,-2.020278,-1.280106,-2.561859,-2.047691,-2.260882,23,23,23,23,22,22,23,23,23,23,23,23,23,23,23,23,279,2790,-2.297355,-2.942049,-5.238635,-2.063824,-2.719503,-2.675797,-1.6813,-68.46561,-0.1236435,0.1219619,-0.4767907,-0.3638856,0.5513955,0.3349538,-0.7747361,-0.2470703,22,22,22,22,22,22,22,22,22,22,22,22,22,22,22,22
280,2800,-49.77737,-55.01189,-18.58821,-16.07985,-13.51078,-10.98581,-10.0823,-10.28452,-8.171265,-7.383048,-3.684148,-4.918069,-3.099717,-3.106188,-1.790851,0.2414517,23,23,23,23,23,23,23,23,23,23,23,23,23,23,23,23,280,2800,-2.555521,-2.240597,-1.703441,-1.939232,-10.37786,-12.76667,-1.697869,-2.738,-2.200639,-1.288827,-2.365628,-1.750913,-2.048148,-2.673242,-2.409041,-1.695658,23,23,23,23,22,22,23,23,23,23,23,23,23,23,23,23,280,2800,-1.952624,-3.325788,-5.238635,-1.934834,-2.072011,-2.675797,-1.939956,-67.70019,-0.2472464,-0.4829322,-0.5959919,-0.2426107,0.1110522,0.001447188,0.2212857,-0.1300559,22,22,22,22,22,22,22,22,22,22,22,22,22,22,22,22
281,2810,-51.94152,-53.44012,-20.18802,-16.68875,-14.11414,-11.35599,-10.2099,-9.281406,-7.429049,-7.628918,-3.802958,-5.674531,-3.576598,-3.70353,-1.910237,0.4828568,23,23,23,23,23,23,23,23,23,23,23,23,23,23,23,23,281,2810,-2.824518,-2.504196,-1.703441,-1.422115,-10.50922,-12.76667,-2.089672,-2.346859,-1.682846,-1.417575,-2.497052,-2.154962,-2.304163,-2.116324,-1.927242,-1.808704,23,23,23,23,22,22,23,23,23,23,23,23,23,23,23,23,281,2810,-2.182443,-3.325788,-5.110864,-1.934834,-2.460506,-2.803214,-2.586599,-68.6843,0.2471642,0.0009824506,-0.2383883,-5.458059E-05,-0.1091194,0.2237844,-0.3320602,0.4550287,22,22,22,22,22,22,22,22,22,22,22,22,22,22,22,22
282,2820,-52.90337,-55.4955,-20.31109,-19.4897,-14.59683,-12.96009,-11.23064,-11.16225,-8.913479,-9.595811,-4.515816,-6.935301,-3.93426,-4.778747,-2.865324,-0.7241672,23,23,23,23,23,23,23,23,23,23,23,23,23,23,23,23,282,2820,-2.152025,-2.240597,-1.703441,-1.939232,-10.24651,-13.62588,-2.612077,-2.086102,-2.459539,-1.675072,-3.154167,-1.750913,-2.944197,-1.893558,-2.047691,-2.373928,23,23,23,23,22,22,23,23,23,23,23,23,23,23,23,23,282,2820,-2.297355,-3.83744,-5.366405,-2.321803,-2.331008,-2.930631,-2.974584,-68.13757,0.2471642,-0.6039117,-0.2383883,-0.6064385,-0.4393801,0.001447188,0.4426245,-0.01304155,22,22,22,22,22,22,22,22,22,22,22,22,22,22,22,22
283,2830,-53.74498,-54.89098,-20.43415,-17.78477,-14.35548,-12.46652,-11.48583,-11.03686,-8.666075,-8.735295,-4.040577,-6.683147,-3.457378,-3.70353,-1.910237,-0.9655723,23,23,23,23,23,23,23,23,23,23,23,23,23,23,23,23,283,2830,-2.824518,-2.108798,-1.441595,-2.456349,-9.983804,-13.74866,-3.003881,-1.564585,-2.459539,-2.576308,-2.234154,-2.963056,-1.408113,-1.893558,-1.686343,-2.260882,23,23,23,23,22,22,23,23,23,23,23,23,23,23,23,23,283,2830,-2.871908,-3.197874,-4.599781,-2.579783,-2.460506,-2.930631,-2.069285,-68.13757,0.1235616,0.3639176,-0.5959911,0.3637732,0.2211381,0.557291,0.4426245,0.5720431,22,22,22,22,22,22,22,22,22,22,22,22,22,22,22,22
284,2840,-51.34037,-53.68193,-20.18802,-17.54121,-14.83818,-12.8367,-11.48583,-10.66069,-9.160884,-8.489434,-4.753435,-6.935301,-4.053482,-3.464593,-2.745938,4.655403E-05,23,23,23,23,23,23,23,23,23,23,23,23,23,23,23,23,284,2840,-1.883027,-1.845199,-1.310673,-1.939232,-9.85245,-13.99415,-1.959071,-1.694965,-2.200641,-2.576308,-1.97131,-3.097745,-2.048148,-2.004941,-2.168141,-2.600017,23,23,23,23,22,22,23,23,23,23,23,23,23,23,23,23,284,2840,-2.412266,-4.093267,-5.877489,-2.063824,-1.683515,-2.16613,-2.198614,-68.6843,0.9887803,0.3639176,-0.7151923,-1.455324,-0.2192053,0.4461216,0.4426245,0.5720431,22,22,22,22,22,22,22,22,22,22,22,22,22,22,22,22
285,2850,-52.66291,-54.52827,-22.15702,-18.88079,-16.76893,-12.46652,-12.50658,-10.91147,-9.655694,-8.612364,-5.585104,-7.81784,-3.93426,-3.70353,-2.626552,-0.1206552,23,23,23,23,23,23,23,23,23,23,23,23,23,23,23,23,285,2850,-1.883027,-1.581599,-1.965286,-1.422115,-10.64057,-13.87138,-1.306064,-1.694965,-2.459539,-1.80382,-1.97131,-2.963063,-1.792136,-2.004941,-2.52949,-3.27829,23,23,23,23,22,22,23,23,23,23,23,23,23,23,23,23,285,2850,-2.642086,-3.965353,-5.110864,-1.805844,-2.590004,-3.058048,-1.551971,-68.6843,-0.2472464,0.4848971,-0.2383875,0.1212716,-0.8796657,0.2237844,-0.2213901,0.6890638,22,22,22,22,22,22,22,22,22,22,22,22,22,22,22,22
286,2860,-52.66291,-55.01189,-20.43415,-18.63723,-15.44153,-12.46652,-11.86861,-11.66381,-8.913479,-10.08753,-5.585104,-8.448226,-3.93426,-3.942466,-3.104095,-0.6034638,23,23,23,23,23,23,23,23,23,23,23,23,23,23,23,23,286,2860,-1.076035,-0.7908021,-2.096215,-1.939232,-10.64057,-13.87138,-1.828469,-1.434208,-2.718437,-1.546323,-2.234154,-2.82838,-2.304166,-2.450472,-3.131738,-2.373928,23,23,23,23,22,22,23,23,23,23,23,23,23,23,23,23,286,2860,-2.642086,-4.22118,-5.494176,-1.805844,-2.072011,-2.16613,-2.586599,-68.13757,0.4943693,-0.3619528,1.484913E-05,-0.4851122,-0.4393191,-0.3320579,-0.1107215,0.3380079,22,22,22,22,22,22,22,22,22,22,22,22,22,22,22,22
287,2870,-52.18198,-54.64917,-22.03396,-18.15011,-13.51078,-12.58992,-11.86861,-11.03686,-9.408288,-9.964602,-4.634625,-8.196072,-5.245687,-5.256621,-3.342866,4.655403E-05,23,23,23,23,23,23,23,23,23,23,23,23,23,23,23,23,287,2870,-1.345033,-1.845199,-1.965286,-2.068511,-11.03458,-13.38039,-1.044862,-1.434208,-2.588988,-2.190064,-3.679804,-2.020283,-1.664128,-2.450472,-2.408988,-2.373928,23,23,23,23,22,22,23,23,23,23,23,23,23,23,23,23,287,2870,-2.412266,-3.965353,-4.727551,-2.321803,-1.813014,-3.058048,-3.36257,-68.57495,-4.093544E-05,0.2429414,-0.2383875,-3.210623E-06,-0.5494082,0.2237852,0.3319575,0.6890638,22,22,22,22,22,22,22,22,22,22,22,22,22,22,22,22
288,2880,-55.30798,-55.85822,-22.64927,-19.4897,-14.71749,-13.45367,-10.97546,-11.7892,-9.408288,-10.82512,-6.060094,-9.708995,-6.437894,-7.287587,-4.536724,-0.6035136,23,23,23,23,23,23,23,23,23,23,23,23,23,23,23,23,288,2880,-1.345033,-1.976998,-1.17975,-2.456349,-10.90322,-13.13494,-2.089672,-2.477239,-1.941744,-2.833804,-2.759845,-2.559012,-1.536124,-2.561855,-1.92719,-1.808749,23,23,23,23,22,22,23,23,23,23,23,23,23,23,23,23,288,2880,-2.297355,-4.349093,-5.494176,-2.192813,-1.942513,-1.656463,-2.069285,-68.79365,0.4943693,0.1219619,-0.1191863,-0.2425593,-0.8796657,-0.3320579,-0.3320571,0.5720944,22,22,22,22,22,22,22,22,22,22,22,22,22,22,22,22
289,2890,-56.1496,-56.10003,-23.01846,-19.4897,-15.20019,-12.71331,-10.72027,-11.16225,-10.39791,-10.21046,-6.29745,-8.952534,-5.96101,-6.929179,-4.65611,-0.8449187,23,23,23,23,23,23,23,23,23,23,23,23,23,23,23,23,289,2890,-2.017526,-1.976998,-1.048827,-2.456349,-10.90322,-12.88944,-1.828469,-1.955722,-1.812295,-2.705056,-2.759845,-2.020283,-1.792136,-2.227707,-1.686291,-1.921792,23,23,23,23,22,22,23,23,23,23,23,23,23,23,23,23,289,2890,-1.607886,-3.83744,-5.749718,-1.289884,-1.554017,-1.78388,-2.845255,-68.57495,-0.4944516,0.1219619,0.4768192,-0.1212813,-0.1090616,-0.2208892,0.7746333,1.274193,22,22,22,22,22,22,22,22,22,22,22,22,22,22,22,22
290,2900,-53.14383,-55.2537,-20.9264,-16.93231,-14.35548,-10.86242,-9.444336,-9.908354,-9.284586,-9.472879,-6.178771,-8.700379,-5.96101,-6.570774,-6.327511,-0.120705,23,23,23,23,23,23,23,23,23,23,23,23,23,23,23,23,290,2900,-2.017526,-1.4498,-1.572518,-2.456349,-10.24651,-12.03023,-1.697869,-1.694965,-2.200641,-3.606293,-2.102733,-2.289649,-2.304166,-2.450472,-2.047639,-1.808749,23,23,23,23,22,22,23,23,23,23,23,23,23,23,23,23,290,2900,-2.412263,-4.732833,-5.494176,-1.805844,-2.460506,-2.038713,-3.103913,-68.90298,0.1235616,0.1219619,0.953624,-0.1212813,-0.4393191,-0.8879017,-4.976465E-05,1.040158,22,22,22,22,22,22,22,22,22,22,22,22,22,22,22,22
291,2910,-54.82706,-55.0119,-20.80333,-14.86204,-13.75212,-10.86242,-10.0823,-9.406797,-9.160884,-9.104088,-7.128201,-8.952534,-6.199452,-6.212368,-4.775496,-0.120705,23,23,23,23,23,23,23,23,23,23,23,23,23,23,23,23,291,2910,-2.959017,-1.976998,-2.619907,-2.844186,-10.37786,-12.52122,-2.481476,-1.173447,-2.847887,-2.833804,-2.234154,-2.154967,-2.560181,-1.782172,-1.80674,-2.26093,23,23,23,23,22,22,23,23,23,23,23,23,23,23,23,23,291,2910,-1.722798,-3.837441,-6.13298,-1.934834,-1.942513,-2.54838,-3.233242,-69.77776,-0.2472464,-0.7248912,0.119216,-0.2425593,0.11111,-0.1097206,0.4426261,1.040158,22,22,22,22,22,22,22,22,22,22,22,22,22,22,22,22
292,2920,-53.74498,-54.891,-19.81883,-15.59272,-13.14876,-9.751882,-8.040809,-8.529069,-8.047561,-8.735295,-5.822724,-7.691762,-5.007246,-5.137152,-3.701024,-0.4828118,23,23,23,23,23,23,23,23,23,23,23,23,23,23,23,23,292,2920,-2.017526,-1.186201,-3.012675,-2.456349,-10.64057,-13.38039,-2.612077,-1.564585,-2.718437,-2.44756,-2.234154,-1.616235,-2.816193,-1.448021,-2.168089,-1.808749,23,23,23,23,22,22,23,23,23,23,23,23,23,23,23,23,292,2920,-2.067529,-4.477007,-5.366354,-2.192866,-1.424518,-1.656463,-2.45727,-68.13757,-0.7416571,0.1219619,-0.1191863,0.3638245,-0.5494082,-0.8879017,0.2212874,1.625243,22,22,22,22,22,22,22,22,22,22,22,22,22,22,22,22
293,2930,-54.10567,-53.31923,-19.57271,-16.32341,-11.58653,-8.517954,-7.147655,-7.902121,-7.305346,-8.243572,-5.466294,-6.935301,-5.126465,-5.256621,-4.059181,0.6035104,23,23,23,23,23,23,23,23,23,23,23,23,23,23,23,23,293,2930,-2.152024,-2.108798,-2.488984,-1.939232,-9.983804,-12.76667,-1.567267,-1.434208,-3.106785,-2.190064,-2.102733,-2.424332,-1.664128,-2.673238,-1.80674,-2.034838,23,23,23,23,22,22,23,23,23,23,23,23,23,23,23,23,293,2930,-1.952617,-3.197876,-6.388522,-2.579835,-1.294967,-2.420964,-3.491898,-69.55907,-0.370849,-0.6039117,0.119216,-0.3638342,0.5514534,-0.1097206,0.1106188,0.5720944,22,22,22,22,22,22,22,22,22,22,22,22,22,22,22,22
294,2940,-52.06176,-53.68195,-20.06496,-15.59272,-11.10375,-9.505095,-7.275249,-8.278291,-7.552751,-8.981156,-5.109865,-7.061378,-4.411142,-5.495559,-4.417338,-0.7242153,23,23,23,23,23,23,23,23,23,23,23,23,23,23,23,23,294,2940,-1.614029,-2.372397,-2.881752,-1.163556,-10.24651,-13.25766,-1.306064,-1.955722,-2.071194,-2.061316,-2.234154,-2.559012,-1.792136,-2.561855,-1.92719,-1.921792,23,23,23,23,22,22,23,23,23,23,23,23,23,23,23,23,294,2940,-2.18244,-4.477007,-5.494125,-1.934886,-2.071958,-2.420964,-1.939956,-67.91887,-0.8652596,0.3639176,0.119216,-0.3638342,-0.4393191,-0.3320579,-0.2213885,0.9231439,22,22,22,22,22,22,22,22,22,22,22,22,22,22,22,22
295,2950,-52.90337,-53.80285,-20.18802,-13.76602,-10.37959,-8.641346,-7.147655,-7.149784,-6.315726,-7.505987,-5.109865,-5.800608,-3.93426,-4.420341,-2.984709,-0.6035136,23,23,23,23,23,23,23,23,23,23,23,23,23,23,23,23,295,2950,-1.479531,-2.767796,-1.965286,-1.551395,-10.37786,-12.76667,-2.089621,-2.738,-2.588988,-1.546323,-2.497001,-2.82838,-2.304166,-3.230156,-2.288539,-2.713108,23,23,23,23,22,22,23,23,23,23,23,23,23,23,23,23,295,2950,-1.722798,-3.581615,-6.13298,-2.450846,-1.424465,-2.675797,-2.069336,-69.34038,-0.370849,0.1219619,-0.3575887,-3.210623E-06,0.11111,-0.3320579,-0.5533957,1.274193,22,22,22,22,22,22,22,22,22,22,22,22,22,22,22,22
296,2960,-53.98545,-53.07742,-19.69577,-13.15712,-9.414041,-7.407419,-5.106162,-6.146668,-5.944589,-6.644746,-4.515815,-4.791992,-3.338157,-3.584061,-2.745937,0.3621053,23,23,23,23,23,23,23,23,23,23,23,23,23,23,23,23,296,2960,-2.017526,-2.899595,-1.441595,-1.551395,-10.50922,-12.52122,-1.959019,-3.129137,-1.941744,-1.417575,-2.234154,-2.020283,-2.304166,-2.896007,-2.288539,-2.147884,23,23,23,23,22,22,23,23,23,23,23,23,23,23,23,23,296,2960,-2.527171,-4.349094,-6.260751,-2.450846,-2.460454,-2.293547,-2.327994,-68.57497,-0.2472464,-0.2409765,0.2384168,0.7276555,-0.2191475,-0.5543951,-0.4427272,1.040158,22,22,22,22,22,22,22,22,22,22,22,22,22,22,22,22
297,2970,-53.50452,-53.56104,-22.15702,-16.93231,-12.31069,-7.160633,-5.233755,-6.021279,-5.820744,-5.168146,-4.634625,-4.413761,-3.218935,-3.225657,-2.626551,0.3621053,23,23,23,23,23,23,23,23,23,23,23,23,23,23,23,23,297,2970,-2.555521,-2.372397,-2.227138,-1.292835,-10.11516,-13.13494,-2.350823,-3.129137,-2.459539,-2.318812,-2.891268,-2.289649,-3.200216,-2.896007,-2.288539,-1.921792,23,23,23,23,22,22,23,23,23,23,23,23,23,23,23,23,297,2970,-2.412263,-3.453702,-5.877438,-3.224785,-2.330955,-3.185465,-2.715979,-69.44975,-0.865311,-0.2409765,1.484913E-05,0.1212716,-0.2191475,-0.5543951,-4.976465E-05,0.9231439,22,22,22,22,22,22,22,22,22,22,22,22,22,22,22,22
298,2980,-49.41668,-52.7147,-20.31108,-15.22738,-11.46583,-6.667061,-4.085415,-4.892772,-4.953824,-5.291193,-4.634625,-4.413761,-2.742052,-2.508845,-2.149008,-0.7242153,23,23,23,23,23,23,23,23,23,23,23,23,23,23,23,23,298,2980,-2.824518,-2.372397,-1.834364,-1.809952,-10.37786,-12.76667,-2.089621,-2.086102,-2.588988,-2.318812,-2.365577,-2.693698,-3.072208,-2.33909,-1.92719,-2.9392,23,23,23,23,22,22,23,23,23,23,23,23,23,23,23,23,298,2980,-2.18244,-4.093268,-5.877438,-3.482764,-3.237444,-2.675797,-2.58665,-68.57497,-0.7417084,0.241914,1.484913E-05,0.3638245,-0.3292333,0.2237852,0.3319575,1.157173,22,22,22,22,22,22,22,22,22,22,22,22,22,22,22,22
299,2990,-49.17622,-51.86837,-18.71127,-12.67,-9.776121,-6.420276,-3.702635,-4.767383,-4.334596,-5.168143,-3.327719,-3.405145,-2.026729,-2.747782,-2.029622,-1.605311E-06,23,23,23,23,23,23,23,23,23,23,23,23,23,23,23,23,299,2990,-2.421022,-2.504196,-1.310673,-2.714907,-9.32709,-13.25766,-2.612026,-1.825345,-1.682846,-2.705056,-1.97131,-2.559012,-2.048151,-1.448021,-1.80674,-2.9392,23,23,23,23,22,22,23,23,23,23,23,23,23,23,23,23,299,2990,-2.412263,-3.709529,-5.877438,-2.579835,-2.71945,-2.420964,-2.327994,-69.01235,-0.7417084,-0.2419172,0.1191647,0.2425497,0.4413675,-0.2208892,-4.976465E-05,1.157173,22,22,22,22,22,22,22,22,22,22,22,22,22,22,22,22
300,3000,-49.41668,-51.98927,-17.84984,-14.13136,-8.207103,-6.296884,-2.809482,-5.770499,-4.086905,-4.922043,-3.208908,-3.783375,-1.788287,-3.822999,-2.745937,-0.6035136,23,23,23,23,23,23,23,23,23,23,23,23,23,23,23,23,300,3000,-2.017526,-2.108798,-1.965286,-1.680673,-8.801678,-13.38039,-1.959019,-1.825345,-1.553397,-1.932568,-2.234154,-2.693698,-2.304166,-2.33909,-2.168089,-2.826154,23,23,23,23,22,22,23,23,23,23,23,23,23,23,23,23,300,3000,-1.952617,-3.965354,-5.621896,-3.224785,-2.71945,-2.16613,-1.552022,-68.13757,-0.4945029,-3.210623E-06,0.1191647,0.4850448,-0.3292333,-0.5543951,-1.10674,0.8061231,22,22,22,22,22,22,22,22,22,22,22,22,22,22,22,22
301,3010,-47.37276,-51.14294,-17.23452,-10.84329,-7.724341,-4.81617,-3.192262,-4.140435,-3.963059,-4.675943,-3.446528,-3.15299,-2.384441,-3.106188,-1.671465,-0.2414067,23,23,23,23,23,23,23,23,23,23,23,23,23,23,23,23,301,3010,-1.614029,-1.581599,-1.965286,-1.680673,-10.90322,-14.4851,-1.959019,-1.303827,-2.847887,-2.318812,-2.365577,-3.232428,-2.816193,-2.004938,-2.890787,-3.278335,23,23,23,23,22,22,23,23,23,23,23,23,23,23,23,23,301,3010,-1.952617,-3.453702,-5.494125,-3.611754,-2.460454,-2.293547,-2.58665,-69.1217,-0.4945029,-0.4838312,-0.1192377,0.6063197,0.3312303,0.2237852,0.1106188,1.157173,22,22,22,22,22,22,22,22,22,22,22,22,22,22,22,22
302,3020,-45.93,-49.20846,-14.77328,-10.35617,-6.155323,-4.199206,-2.681889,-3.764266,-3.467676,-2.953242,-3.090099,-2.396528,-1.788338,-2.030976,-2.149008,-0.120705,23,23,23,23,23,23,23,23,23,23,23,23,23,23,23,23,302,3020,-1.479531,-1.186201,-2.358061,-2.19779,-11.29728,-12.88944,-2.481425,-1.694965,-2.588988,-1.546323,-3.416957,-2.289649,-2.560181,-2.004938,-3.011237,-2.713108,23,23,23,23,22,22,23,23,23,23,23,23,23,23,23,23,302,3020,-2.297351,-4.604921,-6.771834,-3.095795,-2.978447,-2.675797,-2.715979,-68.57497,-0.1236949,-3.210623E-06,0.4767678,0.4850448,0.0009728187,-0.8879009,0.1106188,1.274193,22,22,22,22,22,22,22,22,22,22,22,22,22,22,22,22
303,3030,-47.37276,-47.6367,-16.12696,-9.503707,-6.758791,-3.828859,-3.319855,-4.015046,-4.582287,-3.691543,-3.446528,-3.026913,-2.503661,-3.225661,-2.6265,0.2414035,23,23,23,23,23,23,23,23,23,23,23,23,23,23,23,23,303,3030,-1.345032,-1.581599,-1.310673,-2.456349,-10.64057,-12.76667,-1.828418,-2.086102,-1.812295,-2.190064,-3.154116,-3.232428,-1.792136,-2.896007,-2.408988,-2.487019,23,23,23,23,22,22,23,23,23,23,23,23,23,23,23,23,303,3030,-1.607886,-3.453702,-5.110813,-3.611754,-2.589952,-2.420964,-2.58665,-70.10581,-9.23054E-05,-3.210623E-06,0.1191647,0.2424919,-0.4393705,-0.3320579,0.1106204,0.8061231,22,22,22,22,22,22,22,22,22,22,22,22,22,22,22,22
304,3040,-45.56931,-47.27398,-13.91184,-8.651244,-5.793241,-3.211294,-2.171515,-4.140435,-2.972294,-3.445442,-2.852479,-2.522605,-2.145999,-2.030976,-1.432642,-0.6035152,23,23,23,23,23,23,23,23,23,23,23,23,23,23,23,23,304,3040,-1.479531,-2.240597,-1.703441,-2.585628,-11.42864,-12.52122,-1.697817,-2.216482,-2.459539,-2.061316,-2.891268,-2.020283,-2.304166,-2.784621,-2.770337,-2.373973,23,23,23,23,22,22,23,23,23,23,23,23,23,23,23,23,304,3040,-2.18244,-3.581615,-5.877438,-3.224785,-2.71945,-3.185465,-2.327994,-68.24693,-0.865311,-0.8467054,0.1191647,0.7275977,0.1110587,0.223786,0.2212906,1.521283,22,22,22,22,22,22,22,22,22,22,22,22,22,22,22,22
305,3050,-41.84216,-46.30674,-13.29653,-6.824539,-4.706998,-3.581833,-2.426702,-2.635761,-2.353065,-2.461042,-2.13962,-2.396528,-2.145999,-2.628319,-1.074485,0.4828054,23,23,23,23,23,23,23,23,23,23,23,23,23,23,23,23,305,3050,-2.017526,-2.108798,-1.703441,-2.456349,-9.458443,-12.76667,-1.436614,-2.086102,-1.682846,-2.705056,-1.97131,-1.750918,-1.920143,-2.116324,-1.80674,-2.26093,23,23,23,23,22,22,23,23,23,23,23,23,23,23,23,23,305,3050,-2.067525,-3.325788,-6.516292,-2.579835,-2.589952,-2.16613,-1.681351,-68.46562,-0.3709004,-1.088619,-0.4768413,0.6063197,0.4413162,0.3349546,-0.3320554,1.521283,22,22,22,22,22,22,22,22,22,22,22,22,22,22,22,22
306,3060,-40.76009,-47.27398,-11.32753,-7.555221,-3.982835,-3.952372,-1.40521,-3.764266,-1.981529,-3.568492,-1.902,-2.900836,-1.549896,-2.389381,-1.790799,-0.7242185,23,23,23,23,23,23,23,23,23,23,23,23,23,23,23,23,306,3060,-2.421022,-1.976998,-1.834364,-3.102745,-9.983804,-12.27573,-1.828418,-1.694965,-2.200641,-3.0913,-2.628421,-1.750918,-1.792136,-1.559406,-1.686291,-1.808749,23,23,23,23,22,22,23,23,23,23,23,23,23,23,23,23,306,3060,-0.6885951,-3.837441,-5.621896,-2.966805,-2.071958,-2.038713,-1.681351,-68.57497,0.1235102,-0.2419172,0.595969,0.1212139,-0.6595454,-0.3320579,-0.6640627,0.936102,22,22,22,22,22,22,22,22,22,22,22,22,22,22,22,22
307,3070,-41.48147,-45.70221,-12.0659,-6.459198,-4.46561,-3.705346,-2.299109,-2.76115,-2.972294,-2.461042,-2.13962,-2.270423,-2.026779,-2.50885,-1.432642,-0.6035152,23,23,23,23,23,23,23,23,23,23,23,23,23,23,23,23,307,3070,-2.152024,-1.581599,-2.096222,-2.714907,-10.37786,-12.27573,-2.350823,-1.825345,-2.977336,-2.44756,-2.628421,-1.8856,-2.944201,-2.004938,-1.80674,-1.582657,23,23,23,23,22,22,23,23,23,23,23,23,23,23,23,23,307,3070,-2.182437,-3.069963,-5.494177,-2.579835,-2.589952,-2.54838,-1.164037,-68.57497,-0.7417084,-1.572451,-3.652083E-05,-0.1213391,-0.109113,0.5572919,-0.3320554,0.5849947,22,22,22,22,22,22,22,22,22,22,22,22,22,22,22,22
308,3080,-41.12078,-46.91126,-11.81978,-6.580978,-4.224223,-2.964268,-1.532956,-2.635761,-2.476911,-2.214941,-2.25843,-1.63987,-0.8345725,-2.150445,-1.790799,-0.3621117,23,23,23,23,23,23,23,23,23,23,23,23,23,23,23,23,308,3080,-2.152024,-1.4498,-2.358068,-2.327069,-9.589745,-12.76667,-2.089621,-1.04307,-3.106785,-3.220048,-1.839886,-2.020283,-2.176158,-1.448021,-1.204492,-2.147884,23,23,23,23,22,22,23,23,23,23,23,23,23,23,23,23,308,3080,-1.952614,-3.709529,-5.749718,-3.353775,-2.71945,-2.038713,-2.974636,-68.24693,0.2471128,0.362871,-0.3576401,0.3637668,0.7715737,0.223786,-0.3320554,0.5849947,22,22,22,22,22,22,22,22,22,22,22,22,22,22,22,22
309,3090,-41.36124,-46.30674,-11.81978,-5.606421,-5.310466,-2.593729,-1.532956,-1.883432,-2.600757,-1.968841,-2.13962,-1.63987,-2.145999,-1.672569,-1.671414,0.3621021,23,23,23,23,23,23,23,23,23,23,23,23,23,23,23,23,309,3090,-1.748528,-1.845199,-2.227145,-1.680673,-9.721098,-12.76667,-1.306012,-2.998757,-3.883478,-1.932568,-1.314198,-2.154967,-1.920143,-2.004938,-1.686291,-2.487019,23,23,23,23,22,22,23,23,23,23,23,23,23,23,23,23,309,3090,-1.952614,-3.709529,-5.494177,-2.321856,-2.460454,-2.420964,-1.422693,-68.57497,-0.1236949,-0.7257484,0.1191647,0.8488726,-0.5494596,-0.6655629,-0.6640627,0.3509211,22,22,22,22,22,22,22,22,22,22,22,22,22,22,22,22
310,3100,-44.72769,-47.51579,-12.0659,-6.824539,-5.069079,-3.458371,-1.916194,-3.011929,-2.476911,-2.461042,-2.37724,-2.774759,-2.503661,-2.269912,-1.671414,-0.6035152,23,23,23,23,23,23,23,23,23,23,23,23,23,23,23,23,310,3100,-1.748528,-2.372397,-1.83437,-2.068511,-9.721098,-12.64395,-1.828418,-2.738,-2.33009,-1.031331,-2.102733,-2.289649,-2.176158,-3.00739,-1.92719,-3.278335,23,23,23,23,22,22,23,23,23,23,23,23,23,23,23,23,310,3100,-2.182437,-3.581615,-5.621948,-2.579836,-2.71945,-2.166131,-2.069336,-68.46562,0.7415238,-0.3628742,-0.7152436,0.2424919,0.6614878,0.3349546,-0.442724,0.4679547,22,22,22,22,22,22,22,22,22,22,22,22,22,22,22,22
311,3110,-39.07686,-47.15307,-11.0814,-5.971983,-4.344916,-3.334858,-1.916143,-2.88654,-1.857683,-2.707142,-2.25843,-2.144312,-2.026779,-2.389381,-1.910185,0.7242106,23,23,23,23,23,23,23,23,23,23,23,23,23,23,23,23,311,3110,-2.286523,-2.899595,-1.965299,-1.680673,-10.24651,-12.52122,-1.175412,-2.868377,-2.847887,-2.44756,-2.234154,-2.289649,-2.048151,-3.452922,-2.770337,-2.9392,23,23,23,23,22,22,23,23,23,23,23,23,23,23,23,23,311,3110,-2.527168,-3.709529,-6.00526,-2.450846,-2.978447,-2.803215,-2.586598,-68.24693,0.3707153,-0.4838312,-0.7152436,-6.100183E-05,0.1110587,0.3349546,-4.815934E-05,0.8190684,22,22,22,22,22,22,22,22,22,22,22,22,22,22,22,22
312,3120,-39.91847,-46.18584,-10.0969,-6.093838,-3.982835,-2.840806,-1.405158,-2.510371,-1.609992,-2.584091,-1.545571,-1.892091,-1.073013,-2.628319,-0.9550989,0.1206985,23,23,23,23,23,23,23,23,23,23,23,23,23,23,23,23,312,3120,-2.824518,-2.767796,-1.965299,-2.068511,-10.50922,-12.88944,-2.089621,-3.259463,-1.941744,-1.803819,-2.628421,-2.154967,-2.304166,-3.118773,-2.168089,-2.373973,23,23,23,23,22,22,23,23,23,23,23,23,23,23,23,23,312,3120,-2.412256,-3.837441,-6.00526,-2.321856,-3.62594,-3.185466,-2.974583,-68.6843,-9.23054E-05,0.9676592,-0.8344449,0.3637668,0.6614878,0.5572919,-0.2213869,0.7020283,22,22,22,22,22,22,22,22,22,22,22,22,22,22,22,22
313,3130,-38.71617,-47.51579,-9.358531,-5.728275,-3.741448,-3.211345,-1.788396,-2.88654,-1.238506,-3.199342,-1.545571,-2.522605,-2.026779,-3.464597,-2.268343,-0.8449203,23,23,23,23,23,23,23,23,23,23,23,23,23,23,23,23,313,3130,-2.555521,-2.372397,-1.703447,-2.19779,-10.64057,-12.39845,-3.00383,-2.607568,-1.941744,-1.803819,-2.759845,-2.020283,-3.456231,-2.450472,-2.529438,-1.469614,23,23,23,23,22,22,23,23,23,23,23,23,23,23,23,23,313,3130,-2.527168,-3.197876,-5.366406,-2.192867,-2.071958,-2.166131,-2.069284,-67.59084,0.4943693,-0.3628742,-0.2384389,-0.9702759,-0.3292847,0.3349546,-0.1107167,-0.0001926374,22,22,22,22,22,22,22,22,22,22,22,22,22,22,22,22
314,3140,-40.15894,-48.60394,-9.604655,-5.971983,-3.862142,-3.705397,-2.299109,-2.134202,-2.476963,-2.953242,-1.78319,-2.144312,-1.430676,-2.389381,-0.9550989,-0.8449203,23,23,23,23,23,23,23,23,23,23,23,23,23,23,23,23,314,3140,-2.555521,-2.108798,-1.179756,-2.19779,-9.064384,-13.50316,-2.742628,-2.216431,-2.200641,-1.675071,-2.102733,-2.693698,-2.944201,-2.116324,-1.92719,-2.487019,23,23,23,23,22,22,23,23,23,23,23,23,23,23,23,23,314,3140,-2.756991,-3.453702,-5.366406,-2.192867,-2.978447,-4.077383,-3.879883,-69.01234,-0.2472464,0.1219619,0.1191647,-0.1213391,-0.2191988,0.1126174,0.1106204,0.5849947,22,22,22,22,22,22,22,22,22,22,22,22,22,22,22,22
315,3150,-39.55778,-47.9994,-9.112406,-5.484566,-3.50006,-2.223241,-1.02192,-2.88654,-1.610043,-2.584091,-1.307952,-1.51376,-1.311455,-2.030976,-1.313256,-0.4828134,23,23,23,23,23,23,23,23,23,23,23,23,23,23,23,23,315,3150,-2.421022,-2.240597,-1.310679,-2.19779,-9.32709,-13.25766,-2.481425,-2.086051,-1.812295,-2.44756,-2.234154,-2.559012,-3.200216,-2.673238,-2.047639,-3.052243,23,23,23,23,22,22,23,23,23,23,23,23,23,23,23,23,315,3150,-3.331544,-3.965354,-5.87749,-1.934887,-2.460454,-1.911297,-3.362569,-69.23103,0.4943693,-0.2409765,-0.2383883,-0.7277229,0.1110587,-0.3320579,0.3319591,0.233881,22,22,22,22,22,22,22,22,22,22,22,22,22,22,22,22
316,3160,-39.55778,-48.60394,-10.34303,-6.337417,-4.344916,-2.223241,-1.916143,-2.008813,-2.600808,-1.845791,-2.377241,-1.766032,-1.669117,-2.030976,-2.6265,0.4828054,23,23,23,23,23,23,23,23,23,23,23,23,23,23,23,23,316,3160,-1.748528,-1.845199,-2.227145,-1.551395,-9.721098,-13.62588,-1.567216,-1.303776,-2.718437,-1.546323,-2.102733,-2.82838,-1.920143,-2.227707,-2.770337,-3.165289,23,23,23,23,22,22,23,23,23,23,23,23,23,23,23,23,316,3160,-2.756991,-4.221181,-4.983094,-1.805897,-2.330955,-3.185466,-2.845255,-69.23103,-4.093544E-05,0.0009824506,0.1192152,0.3637732,-0.4393705,-0.5543951,-4.815934E-05,0.936102,22,22,22,22,22,22,22,22,22,22,22,22,22,22,22,22
317,3170,-40.39939,-49.20846,-11.32753,-7.677002,-5.913935,-3.087832,-2.554295,-3.513487,-1.857734,-2.091891,-2.377241,-2.648682,-1.788338,-2.50885,-1.074485,-0.4828134,23,23,23,23,23,23,23,23,23,23,23,23,23,23,23,23,317,3170,-1.883027,-1.845199,-2.227145,-1.680673,-10.24651,-13.74866,-1.567216,-0.5215014,-2.847887,-1.546323,-2.628421,-2.559012,-1.536121,-1.893555,-2.770337,-2.826154,23,23,23,23,22,22,23,23,23,23,23,23,23,23,23,23,317,3170,-2.527168,-3.581615,-5.110864,-1.418927,-1.683462,-1.911297,-2.715926,-68.90298,0.8651778,0.1219619,-0.1191871,-0.2426107,-0.1091194,-0.4432257,0.3319591,1.053136,22,22,22,22,22,22,22,22,22,22,22,22,22,22,22,22
318,3180,-37.87455,-48.60394,-10.83528,-7.433441,-5.43116,-2.470267,-1.788396,-2.259592,-1.733889,-2.337991,-1.426762,-2.396528,-2.384441,-2.628267,-2.029571,0.4828054,23,23,23,23,23,23,23,23,23,23,23,23,23,23,23,23,318,3180,-2.421022,-1.976998,-1.703447,-2.068511,-10.64057,-13.13494,-1.567216,-2.086051,-2.071194,-2.190064,-3.022689,-2.289649,-2.304163,-2.450472,-3.011237,-2.373973,23,23,23,23,22,22,23,23,23,23,23,23,23,23,23,23,318,3180,-2.182437,-4.349094,-5.494177,-2.063877,-2.201457,-2.293548,-3.491897,-68.79365,0.6179726,0.4848971,0.1192152,0.4850512,0.2211381,0.001447188,0.3319591,0.8190684,22,22,22,22,22,22,22,22,22,22,22,22,22,22,22,22
319,3190,-37.87455,-49.20846,-11.20447,-7.555221,-5.43116,-3.458371,-1.66065,-2.384981,-1.362352,-2.461042,-1.426762,-1.892142,-1.311455,-2.747736,-1.19387,0.1206985,23,23,23,23,23,23,23,23,23,23,23,23,23,23,23,23,319,3190,-2.152024,-2.372397,-1.83437,-2.585628,-10.11516,-12.39845,-1.436614,-2.346808,-1.553397,-2.061316,-2.891268,-2.154967,-1.792133,-2.561855,-1.92719,-1.808749,23,23,23,23,22,22,23,23,23,23,23,23,23,23,23,23,319,3190,-2.871902,-4.604921,-5.87749,-2.450846,-2.589952,-2.803215,-2.715926,-68.79365,0.1235616,0.8478355,0.7152212,-0.1213326,-0.1091194,-1.110239,-4.976465E-05,1.287209,22,22,22,22,22,22,22,22,22,22,22,22,22,22,22,22
320,3200,-37.39363,-49.20846,-11.32753,-7.18988,-4.586304,-4.445991,-1.916143,-2.76115,-1.610043,-3.445442,-1.783192,-3.026913,-1.549896,-2.747736,-1.790799,-0.9656205,23,23,23,23,23,23,23,23,23,23,23,23,23,23,23,23,320,3200,-1.479531,-2.372397,-1.965299,-2.456349,-10.24651,-12.64395,-1.959019,-2.477188,-1.682846,-2.833804,-2.628421,-2.424332,-2.048148,-2.227707,-2.770337,-2.713105,23,23,23,23,22,22,23,23,23,23,23,23,23,23,23,23,320,3200,-2.182437,-3.581615,-6.00526,-2.837816,-2.330955,-3.185466,-2.845255,-69.55907,-0.6180545,-0.9668469,0.3576176,1.091435,-0.3292943,0.001447188,0.9959705,1.274142,22,22,22,22,22,22,22,22,22,22,22,22,22,22,22,22
321,3210,-37.03294,-48.72484,-10.83528,-6.702758,-4.224223,-3.334858,-1.788396,-2.76115,-1.610043,-2.584091,-2.020812,-1.639921,-1.192234,-2.389329,-1.671414,-0.6035136,23,23,23,23,23,23,23,23,23,23,23,23,23,23,23,23,321,3210,-2.286523,-1.976998,-2.096222,-3.102745,-10.50922,-12.39845,-2.220223,-1.303776,-2.33009,-3.477545,-2.234154,-1.212188,-2.43217,-1.559406,-1.565841,-2.939193,23,23,23,23,22,22,23,23,23,23,23,23,23,23,23,23,321,3210,-2.527181,-4.221181,-6.260802,-3.095796,-2.589952,-2.420964,-2.457269,-68.6843,-0.6180545,0.1219619,0.8344224,0.7276042,-0.3292943,-0.5543959,-0.2213885,1.508177,22,22,22,22,22,22,22,22,22,22,22,22,22,22,22,22
322,3220,-38.23524,-49.32936,-10.0969,-5.971983,-4.706998,-2.717293,-2.043889,-2.259592,-1.362352,-1.845791,-1.545572,-1.513811,-1.549896,-1.791987,-1.910185,0.3621053,23,23,23,23,23,23,23,23,23,23,23,23,23,23,23,23,322,3220,-2.824518,-1.713399,-2.48899,-2.068511,-9.983804,-12.15295,-2.350823,-1.564533,-2.459539,-2.833804,-2.102733,-2.289649,-2.43217,-2.116324,-2.168089,-2.147878,23,23,23,23,22,22,23,23,23,23,23,23,23,23,23,23,322,3220,-2.18245,-3.709527,-6.00526,-2.708826,-1.812961,-2.420964,-3.23324,-69.23103,-0.6180545,-0.7248912,-0.1191871,0.9701571,0.2211381,0.4461216,0.1106188,0.8060782,22,22,22,22,22,22,22,22,22,22,22,22,22,22,22,22
323,3230,-40.15894,-49.45027,-11.57365,-7.18988,-6.276016,-2.964319,-3.702635,-2.635761,-2.848499,-2.091891,-2.496051,-2.018253,-2.145999,-1.911456,-1.671414,0.6035104,23,23,23,23,23,23,23,23,23,23,23,23,23,23,23,23,323,3230,-2.421022,-2.372397,-2.096222,-2.714907,-10.50922,-12.27573,-2.220223,-1.825294,-3.495131,-2.061316,-1.839886,-2.154967,-2.176155,-2.004938,-1.80674,-1.921789,23,23,23,23,22,22,23,23,23,23,23,23,23,23,23,23,323,3230,-1.722804,-3.965353,-6.260801,-3.224785,-2.978447,-2.548381,-2.198612,-68.24692,0.7415752,-0.2409765,-0.3575895,0.7276042,-0.3292943,-0.3320587,-0.7747329,1.859227,22,22,22,22,22,22,22,22,22,22,22,22,22,22,22,22
324,3240,-42.20285,-50.1757,-12.80428,-8.894806,-6.276016,-3.82891,-2.426702,-2.88654,-1.733889,-1.968841,-1.664382,-2.270474,-2.145999,-2.030924,-1.671414,-0.3621085,23,23,23,23,23,23,23,23,23,23,23,23,23,23,23,23,324,3240,-1.210533,-1.713399,-2.750836,-2.068511,-9.85245,-13.13494,-2.220223,-2.346808,-2.847887,-1.160079,-1.708465,-2.559012,-1.792133,-2.116324,-1.445391,-2.487013,23,23,23,23,22,22,23,23,23,23,23,23,23,23,23,23,324,3240,-1.837716,-3.325788,-5.110863,-2.192813,-2.460454,-2.038714,-2.715926,-68.79365,-0.1236435,-0.4829322,0.1192152,0.7276042,0.9917389,0.3349538,-0.9960716,1.274142,22,22,22,22,22,22,22,22,22,22,22,22,22,22,22,22
325,3250,-43.64562,-50.78023,-13.17346,-8.529464,-5.310466,-3.705397,-2.043889,-2.635761,-1.362352,-2.830192,-2.139621,-2.144363,-1.073013,-2.986672,-1.552028,0.6035104,23,23,23,23,23,23,23,23,23,23,23,23,23,23,23,23,325,3250,-1.479531,-1.976998,-1.965299,-2.327069,-9.85245,-13.01217,-2.089621,-3.259463,-2.847887,-1.546323,-1.839886,-2.693698,-1.792133,-2.227707,-3.011237,-2.034832,23,23,23,23,22,22,23,23,23,23,23,23,23,23,23,23,325,3250,-1.952627,-3.581614,-5.621947,-3.095742,-2.719503,-3.058049,-1.810627,-68.02822,0.6179726,0.1219619,-1.072796,0.1212203,0.0009663975,0.1126166,-0.5533957,0.2209936,22,22,22,22,22,22,22,22,22,22,22,22,22,22,22,22
326,3260,-44.00631,-51.50566,-13.41959,-10.47795,-6.276016,-4.569384,-2.681889,-3.388098,-1.98158,-3.568492,-2.496051,-3.15299,-1.788338,-2.867203,-2.507114,-0.9656205,23,23,23,23,23,23,23,23,23,23,23,23,23,23,23,23,326,3260,-1.883027,-2.504196,-2.096222,-2.456349,-9.85245,-12.64395,-2.742628,-3.129086,-2.200641,-1.932568,-2.365577,-1.8856,-2.560178,-2.896007,-3.011237,-1.582654,23,23,23,23,22,22,23,23,23,23,23,23,23,23,23,23,326,3260,-1.837716,-4.22118,-5.749718,-1.934834,-2.201509,-2.293547,-2.845255,-69.12168,-0.8652596,-0.7248912,0.3576176,-0.2426107,0.3312239,0.1126166,0.1106188,0.6890638,22,22,22,22,22,22,22,22,22,22,22,22,22,22,22,22
327,3270,-46.05023,-51.74747,-12.68122,-9.016585,-6.276016,-3.82891,-1.916143,-2.76115,-1.857734,-2.584091,-1.070333,-1.3877,-1.192234,-2.030924,-0.9550989,-0.2414067,23,23,23,23,23,23,23,23,23,23,23,23,23,23,23,23,327,3270,-3.093515,-1.713399,-1.965299,-1.551395,-10.24651,-12.03023,-2.220224,-2.868325,-2.071194,-1.288827,-2.628421,-2.154967,-1.92014,-2.450472,-1.80674,-2.147878,23,23,23,23,22,22,23,23,23,23,23,23,23,23,23,23,327,3270,-2.527181,-3.453701,-5.749718,-2.063824,-2.9785,-2.930631,-2.069336,-68.13757,-4.093544E-05,0.6058766,-0.5959919,0.2424983,0.3312239,0.557291,0.1106188,0.1039792,22,22,22,22,22,22,22,22,22,22,22,22,22,22,22,22
328,3280,-45.68954,-51.62656,-12.18897,-8.529464,-6.276016,-3.581884,-2.043888,-2.510371,-2.353117,-1.722741,-1.545572,-1.513811,-1.669117,-2.269861,-1.671414,0.8449139,23,23,23,23,23,23,23,23,23,23,23,23,23,23,23,23,328,3280,-3.093515,-1.976998,-1.179756,-2.19779,-9.983804,-13.01217,-2.873231,-2.346859,-2.588988,-1.417575,-2.497001,-2.154967,-2.560178,-2.004938,-2.168089,-1.695697,23,23,23,23,22,22,23,23,23,23,23,23,23,23,23,23,328,3280,-2.067538,-3.965353,-4.983092,-1.805844,-2.719503,-2.803214,-2.845307,-67.91887,0.3707667,-0.119997,-0.8343939,-0.3638856,0.3312239,0.001447188,0.7746333,-0.01304155,22,22,22,22,22,22,22,22,22,22,22,22,22,22,22,22
329,3290,-43.40516,-51.50566,-13.29653,-8.164123,-6.638097,-3.087832,-2.426702,-2.88654,-2.105374,-2.214941,-2.377241,-2.648682,-1.549896,-2.628267,-1.552028,0.3621053,23,23,23,23,23,23,23,23,23,23,23,23,23,23,23,23,329,3290,-2.690019,-2.372397,-1.441602,-2.585628,-9.064384,-13.62588,-2.481428,-2.738,-1.941744,-2.44756,-2.102733,-2.289649,-2.176155,-2.450472,-1.92719,-2.373966,23,23,23,23,22,22,23,23,23,23,23,23,23,23,23,23,329,3290,-2.297358,-3.965353,-5.110863,-2.579783,-2.590004,-3.312881,-2.457322,-68.79365,-4.093544E-05,0.1219619,0.4768188,-0.1213326,0.1110522,0.7796283,0.1106188,0.8060782,22,22,22,22,22,22,22,22,22,22,22,22,22,22,22,22
330,3300,-42.44331,-50.53841,-12.68122,-8.894806,-4.948385,-2.840806,-1.916143,-2.384982,-1.609992,-2.337992,-1.189142,-1.766032,-1.430676,-2.389329,-1.790799,-0.6035136,23,23,23,23,23,23,23,23,23,23,23,23,23,23,23,23,330,3300,-2.555521,-1.976998,-1.441602,-2.585628,-9.589745,-13.38039,-1.959022,-1.694965,-2.071194,-2.318812,-1.839886,-2.693698,-1.792133,-1.448021,-1.92719,-2.939193,23,23,23,23,22,22,23,23,23,23,23,23,23,23,23,23,330,3300,-2.757004,-4.093267,-5.238634,-2.579783,-2.331008,-1.911296,-3.362622,-68.6843,0.2471642,0.1209538,-0.4767907,-0.2426107,-0.4393801,-0.1097214,0.7746333,0.6890638,22,22,22,22,22,22,22,22,22,22,22,22,22,22,22,22
331,3310,-42.804,-50.65932,-13.0504,-8.651244,-5.189773,-2.717293,-1.532904,-2.008814,-1.114609,-2.461043,-1.545571,-2.144363,-1.788338,-2.747736,-1.552028,-0.6035136,23,23,23,23,23,23,23,23,23,23,23,23,23,23,23,23,331,3310,-1.210533,-1.318001,-1.965299,-1.809952,-9.983804,-13.99415,-2.612028,-2.346859,-2.977336,-1.417575,-2.891268,-3.771157,-1.792133,-2.33909,-2.529438,-2.147878,23,23,23,23,22,22,23,23,23,23,23,23,23,23,23,23,331,3310,-2.757004,-3.83744,-5.238634,-1.934834,-2.590004,-2.803214,-3.103964,-68.24692,0.1235616,0.241914,-0.1191863,0.2424983,-0.6595518,-0.6655645,-4.976465E-05,1.742212,22,22,22,22,22,22,22,22,22,22,22,22,22,22,22,22
332,3320,-41.96239,-52.23108,-12.43509,-8.529464,-4.706998,-3.581884,-2.171515,-3.388099,-1.609992,-3.322393,-2.02081,-2.774759,-2.384441,-3.822953,-2.268343,-0.9656205,23,23,23,23,23,23,23,23,23,23,23,23,23,23,23,23,332,3320,-1.614029,-1.845199,-1.83437,-1.680673,-9.85245,-13.25766,-1.567217,-1.564585,-2.459539,-1.546323,-2.102733,-1.616235,-1.536121,-2.004938,-2.649888,-2.260924,23,23,23,23,22,22,23,23,23,23,23,23,23,23,23,23,332,3320,-2.757004,-4.349093,-4.855321,-2.321803,-1.554017,-1.529046,-2.58665,-68.6843,-0.1236435,0.1209538,-0.1191863,-0.1212845,-0.2192053,0.001447188,0.5532947,1.274142,22,22,22,22,22,22,22,22,22,22,22,22,22,22,22,22
333,3330,-44.72769,-52.4729,-13.41959,-8.407683,-5.069079,-3.458371,-2.043888,-2.88654,-1.981529,-2.953242,-1.545571,-2.018201,-1.669117,-2.628267,-1.552028,-0.6035136,23,23,23,23,23,23,23,23,23,23,23,23,23,23,23,23,333,3330,-1.614029,-2.240597,-1.83437,-2.19779,-10.37786,-13.01217,-1.828421,-2.086102,-2.459539,-1.675071,-2.759845,-1.481553,-1.920137,-2.227707,-2.288539,-1.469608,23,23,23,23,22,22,23,23,23,23,23,23,23,23,23,23,333,3330,-1.492985,-3.83744,-5.366405,-1.547864,-1.942513,-2.930631,-2.845307,-69.23103,0.2471642,0.1209538,0.357618,0.1212684,-0.5494082,-0.1097214,0.2212874,1.508177,22,22,22,22,22,22,22,22,22,22,22,22,22,22,22,22
334,3340,-43.04446,-52.4729,-13.41959,-8.407683,-3.982835,-2.840806,-1.66065,-2.259593,-1.486146,-2.337992,-1.66438,-1.892091,-1.311455,-2.628319,-2.387728,-1.605311E-06,23,23,23,23,23,23,23,23,23,23,23,23,23,23,23,23,334,3340,-1.748528,-2.504196,-1.572524,-2.068511,-10.37786,-12.64395,-1.436617,-1.694965,-1.682846,-2.962552,-2.891268,-1.481553,-1.280103,-3.118824,-2.168089,-1.808743,23,23,23,23,22,22,23,23,23,23,23,23,23,23,23,23,334,3340,-2.297358,-4.477006,-6.00526,-1.805844,-2.201509,-1.401629,-2.715979,-68.90298,-0.6180545,0.362871,0.357618,-0.1212845,0.001024189,-0.4432265,0.4426261,1.391163,22,22,22,22,22,22,22,22,22,22,22,22,22,22,22,22
335,3350,-45.32885,-52.11018,-13.29653,-8.407683,-5.43116,-3.211345,-3.064669,-2.384982,-2.600756,-1.722741,-2.13962,-2.018201,-2.861323,-2.150445,-2.148957,0.1207002,23,23,23,23,23,23,23,23,23,23,23,23,23,23,23,23,335,3350,-1.479531,-2.240597,-2.227145,-3.232024,-10.11516,-12.27573,-1.828421,-2.216482,-2.071194,-3.0913,-2.365577,-1.481553,-1.920137,-2.004989,-2.168089,-1.582654,23,23,23,23,22,22,23,23,23,23,23,23,23,23,23,23,335,3350,-1.952627,-3.325788,-6.388572,-2.579783,-2.072011,-2.038713,-3.621278,-69.88711,-0.4944516,0.1209538,-0.2383875,0.2425465,0.2211958,-0.4432265,3.210623E-06,0.6890638,22,22,22,22,22,22,22,22,22,22,22,22,22,22,22,22
336,3360,-44.48723,-52.35199,-11.94284,-7.798781,-5.672547,-3.705397,-2.299109,-2.384982,-2.105374,-2.830193,-1.78319,-1.765981,-1.669117,-2.389381,-1.552028,-0.9656205,23,23,23,23,23,23,23,23,23,23,23,23,23,23,23,23,336,3360,-2.152024,-2.108798,-2.358068,-3.102745,-9.195737,-12.64395,-2.089622,-1.694965,-2.071194,-2.705056,-2.102733,-2.559012,-2.176152,-1.893606,-1.92719,-1.808749,23,23,23,23,22,22,23,23,23,23,23,23,23,23,23,23,336,3360,-2.297358,-4.349093,-6.516343,-2.063824,-2.331008,-1.529046,-2.069336,-68.24692,-0.7416571,0.241914,0.2384168,0.7276523,-0.1090616,-0.4432265,0.6640178,0.936102,22,22,22,22,22,22,22,22,22,22,22,22,22,22,22,22
337,3370,-43.04446,-50.65932,-10.83528,-7.068099,-5.551854,-3.581884,-2.554295,-2.88654,-2.353065,-2.953242,-1.307951,-2.018201,-1.669117,-2.150445,-1.432642,0.1207002,23,23,23,23,23,23,23,23,23,23,23,23,23,23,23,23,337,3370,-2.286523,-2.108798,-2.619913,-2.714907,-9.85245,-12.15295,-2.089622,-1.694965,-2.977336,-2.962552,-1.839886,-2.154967,-2.30416,-1.67084,-2.168089,-1.469614,23,23,23,23,22,22,23,23,23,23,23,23,23,23,23,23,337,3370,-2.18244,-3.069961,-6.00526,-2.708772,-1.813014,-2.16613,-2.198665,-69.12168,-0.8652596,-0.3628742,-0.1191863,-0.2425625,0.001024189,0.557291,-0.2213355,1.053136,22,22,22,22,22,22,22,22,22,22,22,22,22,22,22,22
338,3380,-42.08262,-51.03076,-10.0969,-8.407683,-6.276016,-5.433134,-2.043888,-2.761151,-1.981529,-3.199343,-1.545571,-2.396528,-1.192234,-3.225661,-2.029571,-1.086322,23,23,23,23,23,23,23,23,23,23,23,23,23,23,23,23,338,3380,-2.152024,-1.845199,-2.227145,-2.327069,-9.458443,-11.78473,-2.220224,-1.694965,-2.588988,-2.190064,-1.708465,-1.481553,-2.688182,-1.33669,-1.565841,-1.808749,23,23,23,23,22,22,23,23,23,23,23,23,23,23,23,23,338,3380,-2.067529,-3.581564,-6.00526,-2.579783,-2.331008,-2.293547,-2.715979,-67.48149,0.1235616,0.1209538,0.4768192,0.2425465,0.2211958,-0.5543951,-0.5533412,1.521283,22,22,22,22,22,22,22,22,22,22,22,22,22,22,22,22
339,3390,-43.40516,-51.03076,-11.94284,-10.47795,-8.44849,-5.309741,-3.447449,-3.513488,-2.600756,-2.214942,-1.307951,-2.018201,-1.669117,-2.867255,-1.19387,-1.086322,23,23,23,23,23,23,23,23,23,23,23,23,23,23,23,23,339,3390,-2.286523,-2.108798,-3.012688,-2.068511,-9.458443,-12.27573,-2.089622,-1.825345,-3.365681,-2.318812,-1.839886,-2.424332,-2.560175,-1.893606,-1.445391,-1.921792,23,23,23,23,22,22,23,23,23,23,23,23,23,23,23,23,339,3390,-1.492975,-2.941998,-5.749718,-2.837762,-2.460506,-1.529046,-2.069336,-68.57495,-0.9888622,-0.7257484,0.357618,0.2425465,-0.1090616,0.001447991,-1.106687,0.7020283,22,22,22,22,22,22,22,22,22,22,22,22,22,22,22,22
340,3400,-47.13231,-50.90984,-11.57365,-10.11261,-7.603647,-4.322598,-2.299109,-2.635761,-1.857683,-2.214942,-1.189142,-1.135428,-1.430676,-1.911507,-1.910185,0.482807,23,23,23,23,23,23,23,23,23,23,23,23,23,23,23,23,340,3400,-1.479531,-2.899595,-2.358068,-2.19779,-9.721098,-12.76667,-2.220224,-2.346859,-2.071194,-2.061316,-1.839886,-2.289649,-1.40811,-2.67329,-1.445391,-2.034838,23,23,23,23,22,22,23,23,23,23,23,23,23,23,23,23,340,3400,-2.067529,-3.83739,-6.516344,-2.450846,-1.683515,-2.420964,-2.198665,-68.24692,0.3707667,0.483828,0.357618,0.8489272,-0.1090616,-0.4432265,-0.6640114,1.404249,22,22,22,22,22,22,22,22,22,22,22,22,22,22,22,22
341,3410,-49.53691,-51.63539,-12.55815,-9.260146,-8.44849,-4.569384,-3.319855,-3.137319,-3.096139,-2.830193,-2.61486,-2.522605,-2.384441,-2.030976,-2.148957,0.3621053,23,23,23,23,23,23,23,23,23,23,23,23,23,23,23,23,341,3410,-2.421022,-2.635996,-1.572524,-1.939232,-10.24646,-12.64395,-1.567217,-2.216482,-2.071194,-1.031331,-2.365577,-1.481553,-1.280103,-2.116375,-1.80674,-1.921792,23,23,23,23,22,22,23,23,23,23,23,23,23,23,23,23,341,3410,-1.837709,-3.197824,-5.110864,-2.450846,-1.94246,-1.401629,-2.327994,-68.13757,-0.6180545,-0.7257484,0.2384168,-6.421245E-06,0.2211958,0.4461224,-0.1106654,0.233881,22,22,22,22,22,22,22,22,22,22,22,22,22,22,22,22
342,3420,-49.77737,-51.87724,-12.43509,-10.35617,-9.414041,-5.926705,-3.192262,-3.388099,-2.476911,-2.953242,-1.545571,-2.018201,-1.430676,-3.106192,-1.671414,-0.6035136,23,23,23,23,23,23,23,23,23,23,23,23,23,23,23,23,342,3420,-1.883027,-2.372397,-2.096222,-1.809952,-10.11511,-12.64395,-2.612028,-2.60762,-1.682846,-1.417575,-1.839886,-1.616235,-2.048145,-2.339141,-2.288539,-1.469614,23,23,23,23,22,22,23,23,23,23,23,23,23,23,23,23,342,3420,-1.148244,-3.069911,-6.516344,-2.321856,-2.330955,-2.675798,-2.198665,-67.91887,-0.370849,-0.2419172,-0.7151923,0.7276523,0.6615392,0.001447991,-0.6640114,0.5849947,22,22,22,22,22,22,22,22,22,22,22,22,22,22,22,22
343,3430,-51.70106,-51.51447,-12.55815,-10.47795,-7.845035,-5.309741,-3.064669,-2.761151,-2.353065,-1.968842,-1.902,-1.51376,-1.788338,-2.389381,-1.671414,-1.605311E-06,23,23,23,23,23,23,23,23,23,23,23,23,23,23,23,23,343,3430,-2.421022,-1.976998,-1.572524,-1.939232,-9.983752,-13.01217,-2.612028,-2.086102,-1.423948,-1.160079,-2.102733,-1.616235,-2.816186,-2.227758,-1.084042,-1.695703,23,23,23,23,22,22,23,23,23,23,23,23,23,23,23,23,343,3430,-1.722798,-3.325737,-5.749718,-2.579836,-2.071958,-1.274213,-2.457269,-68.6843,-0.2472464,-1.088619,1.484913E-05,0.3638214,0.4413675,-0.1097206,0.1106718,1.053136,22,22,22,22,22,22,22,22,22,22,22,22,22,22,22,22
344,3440,-50.61899,-52.48188,-13.54265,-12.67,-8.327797,-6.173491,-2.937075,-3.889656,-2.724602,-3.568493,-0.8327119,-2.396528,-1.073013,-2.986723,-2.148957,-1.605311E-06,23,23,23,23,23,23,23,23,23,23,23,23,23,23,23,23,344,3440,-2.421022,-1.581599,-1.83437,-2.456349,-9.983752,-13.38039,-2.74263,-1.434208,-1.294499,-1.675071,-1.314198,-2.020283,-2.176152,-1.67084,-1.92719,-2.034838,23,23,23,23,22,22,23,23,23,23,23,23,23,23,23,23,344,3440,-1.492975,-3.581564,-5.87749,-2.966806,-2.330955,-2.293548,-2.327941,-67.91888,0.2471642,-0.2419172,-0.4767899,1.697864,0.3312817,-0.1097206,-0.9960186,1.287209,22,22,22,22,22,22,22,22,22,22,22,22,22,22,22,22
345,3450,-49.89761,-52.96558,-15.0194,-15.71451,-10.01751,-6.543669,-3.830229,-3.889656,-2.724602,-2.830193,-2.02081,-1.892091,-1.311455,-2.150445,-1.074485,-1.086322,23,23,23,23,23,23,23,23,23,23,23,23,23,23,23,23,345,3450,-2.286523,-1.581599,-1.179756,-1.680673,-9.589693,-14.2396,-1.567217,-1.564585,-2.071194,-2.190064,-1.97131,-2.559012,-1.664125,-2.004989,-1.565841,-2.9392,23,23,23,23,22,22,23,23,23,23,23,23,23,23,23,23,345,3450,-2.067529,-3.965303,-5.749718,-1.676907,-1.683462,-1.529047,-2.974583,-68.90299,-0.7416571,0.362871,1.072825,-0.1212845,-0.659494,0.2237852,0.2213419,0.4679547,22,22,22,22,22,22,22,22,22,22,22,22,22,22,22,22
346,3460,-49.89761,-52.72373,-16.0039,-15.71451,-10.37959,-6.173491,-4.085415,-3.388098,-2.105374,-3.199344,-1.189142,-2.144312,-1.669117,-2.389381,-1.910185,-0.4828118,23,23,23,23,23,23,23,23,23,23,23,23,23,23,23,23,346,3460,-1.479531,-1.976998,-1.703447,-1.163556,-9.983752,-13.99415,-2.089622,-0.9126902,-2.459539,-1.417524,-1.97131,-3.232428,-1.536118,-1.559457,-2.288539,-2.600065,23,23,23,23,22,22,23,23,23,23,23,23,23,23,23,23,346,3460,-1.378063,-3.453651,-5.366406,-1.934887,-2.460454,-2.675798,-1.939955,-68.02823,-0.1236435,0.6058798,-1.191997,-0.4851155,1.101882,-0.2208892,-0.4426726,0.4679547,22,22,22,22,22,22,22,22,22,22,22,22,22,22,22,22
347,3470,-51.22014,-52.36095,-15.75777,-13.64424,-10.62098,-5.679919,-4.468195,-2.88654,-2.972293,-2.214943,-2.97129,-2.018201,-2.145999,-2.150445,-2.029571,0.1207002,23,23,23,23,23,23,23,23,23,23,23,23,23,23,23,23,347,3470,-1.748528,-1.713399,-2.096222,-1.292835,-10.37781,-13.13494,-2.089622,-1.173447,-2.071194,-2.190012,-2.234154,-2.693698,-1.152095,-1.225307,-2.649888,-2.034838,23,23,23,23,22,22,23,23,23,23,23,23,23,23,23,23,347,3470,-1.148244,-3.325737,-5.621948,-1.160948,-2.330955,-2.293548,-2.845255,-68.35626,0.7415752,-0.6039085,1.484913E-05,0.2425465,-0.659494,0.6684605,0.2213419,-0.2342599,22,22,22,22,22,22,22,22,22,22,22,22,22,22,22,22
348,3480,-53.38429,-53.81207,-15.75777,-13.8878,-10.74167,-6.296884,-3.957822,-3.764266,-2.724602,-2.830194,-2.139621,-2.648682,-1.788338,-2.867255,-1.910185,-0.6035136,23,23,23,23,23,23,23,23,23,23,23,23,23,23,23,23,348,3480,-1.883027,-1.845199,-1.179756,-2.068511,-10.50916,-13.01217,-1.828421,-1.825345,-1.553397,-1.932516,-2.891268,-2.289646,-1.664125,-2.227758,-2.649888,-1.921792,23,23,23,23,22,22,23,23,23,23,23,23,23,23,23,23,348,3480,-2.067529,-2.686172,-5.238635,-2.708826,-2.848948,-2.675798,-2.586598,-68.57496,0.2471642,1.089795,-0.2383875,0.2424983,0.8817108,0.2237852,-0.5533412,-0.0001926374,22,22,22,22,22,22,22,22,22,22,22,22,22,22,22,22
349,3490,-51.09991,-52.24002,-14.65021,-11.81753,-9.534734,-5.433134,-3.575042,-3.011929,-2.105374,-2.461043,-1.664382,-2.270423,-1.669067,-1.314164,-2.029571,-0.120705,23,23,23,23,23,23,23,23,23,23,23,23,23,23,23,23,349,3490,-2.152024,-2.108798,-1.048833,-2.585628,-10.64052,-13.25766,-1.959022,-2.086102,-2.459539,-2.705004,-3.022689,-2.154963,-1.024089,-2.116375,-2.047639,-2.147884,23,23,23,23,22,22,23,23,23,23,23,23,23,23,23,23,349,3490,-2.297351,-4.093216,-5.238635,-2.450846,-1.553964,-1.146797,-3.491897,-68.46561,0.8651778,-0.8458642,-0.3575887,-0.4851636,0.001024189,0.1126166,-0.1106654,0.3509211,22,22,22,22,22,22,22,22,22,22,22,22,22,22,22,22
350,3500,-51.22014,-53.69114,-14.28103,-12.30466,-9.293346,-7.407419,-3.957822,-3.513487,-2.105374,-3.322394,-1.545572,-2.522605,-1.311405,-3.703484,-1.671414,-1.086322,23,23,23,23,23,23,23,23,23,23,23,23,23,23,23,23,350,3500,-2.152024,-1.713399,-1.703447,-2.844186,-9.983752,-12.39845,-1.959022,-2.086102,-2.200641,-2.833753,-2.234154,-1.750916,-2.30416,-2.004989,-1.565841,-2.034838,23,23,23,23,22,22,23,23,23,23,23,23,23,23,23,23,350,3500,-2.527171,-3.325737,-5.494177,-1.805897,-1.683462,-2.803215,-3.362569,-68.24693,0.2471642,1.089795,-0.2383875,0.3637732,-0.1090616,0.5573424,0.2213419,0.1168474,22,22,22,22,22,22,22,22,22,22,22,22,22,22,22,22
351,3510,-55.54844,-53.44929,-14.89634,-11.69575,-8.44849,-6.420276,-3.575042,-3.638877,-2.22922,-2.953243,-1.783192,-2.018202,-1.669067,-2.628267,-1.432643,-0.8449187,23,23,23,23,23,23,23,23,23,23,23,23,23,23,23,23,351,3510,-2.555521,-1.976998,-1.965299,-2.456349,-9.589693,-12.39845,-1.959022,-1.564585,-2.718437,-2.31876,-2.234154,-1.750916,-2.688182,-1.559457,-1.445391,-1.582657,23,23,23,23,22,22,23,23,23,23,23,23,23,23,23,23,351,3510,-2.756994,-3.581564,-5.366406,-1.934887,-1.553964,-2.166131,-3.491897,-69.12169,-0.4944516,-0.3619496,0.2384168,0.1212203,0.2211958,0.112668,-0.1107199,0.1168474,22,22,22,22,22,22,22,22,22,22,22,22,22,22,22,22
352,3520,-52.78314,-52.84466,-13.78878,-11.57397,-8.689878,-5.926705,-3.575042,-3.764266,-2.47691,-2.091892,-1.664382,-1.135429,-0.9537427,-2.389329,-1.671414,0.2414003,23,23,23,23,23,23,23,23,23,23,23,23,23,23,23,23,352,3520,-1.883027,-1.713399,-2.358068,-1.809952,-9.195685,-12.39845,-2.350826,-2.477239,-2.200641,-2.190012,-1.182774,-1.48155,-1.152095,-1.559457,-1.204492,-1.921792,23,23,23,23,22,22,23,23,23,23,23,23,23,23,23,23,352,3520,-2.412263,-3.709477,-4.855322,-1.289937,-1.424465,-1.783881,-3.362569,-69.12169,0.1235616,-0.3619496,-0.5959911,1.21271,0.2211958,-0.2208387,0.7746333,0.9230925,22,22,22,22,22,22,22,22,22,22,22,22,22,22,22,22
353,3530,-55.90913,-52.72373,-16.49615,-14.74026,-13.39693,-6.543669,-3.575042,-2.635761,-2.22922,-1.476642,-2.139621,-1.639871,-1.788287,-2.508798,-1.910186,0.1206985,23,23,23,23,23,23,23,23,23,23,23,23,23,23,23,23,353,3530,-2.017526,-2.240597,-2.881759,-1.680673,-9.458341,-12.64395,-2.220224,-2.477239,-2.33009,-2.061264,-1.839886,-2.693695,-1.024089,-2.227758,-1.084042,-1.582657,23,23,23,23,22,22,23,23,23,23,23,23,23,23,23,23,353,3530,-1.952624,-4.988608,-6.133031,-1.547917,-1.294967,-1.40163,-2.198612,-68.13757,-0.8652596,-0.482929,-0.3575887,0.1212203,0.001024189,0.001498558,0.3319575,1.157121,22,22,22,22,22,22,22,22,22,22,22,22,22,22,22,22
354,3540,-53.38429,-53.80283,-14.65021,-12.18288,-11.46583,-6.420276,-3.064669,-3.137319,-2.353065,-2.337993,-1.783192,-1.892091,-2.14595,-2.389329,-1.7908,-0.3621117,23,23,23,23,23,23,23,23,23,23,23,23,23,23,23,23,354,3540,-1.748528,-2.635996,-2.227145,-1.680673,-9.721046,-12.88944,-1.436617,-2.60762,-2.200641,-1.932516,-2.102733,-1.616234,-1.664125,-2.67329,-1.686291,-2.26093,23,23,23,23,22,22,23,23,23,23,23,23,23,23,23,23,354,3540,-1.60789,-3.453701,-6.00526,-1.934887,-1.03597,-2.293548,-3.491897,-69.34039,0.2471642,0.1219651,-0.4767899,0.9701571,0.6615392,-0.6655131,0.1106188,1.274142,22,22,22,22,22,22,22,22,22,22,22,22,22,22,22,22
355,3550,-52.18198,-52.59378,-14.15797,-11.08685,-9.051959,-6.050098,-2.426702,-2.88654,-1.609991,-2.707143,-0.9515226,-1.892091,-1.549846,-2.389329,-1.313257,-0.2414083,23,23,23,23,23,23,23,23,23,23,23,23,23,23,23,23,355,3550,-1.883027,-2.899595,-1.834383,-1.163556,-9.983752,-12.39845,-2.481428,-2.477239,-1.682846,-1.546272,-2.628421,-1.212185,-2.048145,-2.450524,-1.80674,-1.921792,23,23,23,23,22,22,23,23,23,23,23,23,23,23,23,23,355,3550,-2.756997,-4.221179,-5.877488,-2.450846,-2.460454,-1.783881,-2.198612,-69.01234,0.3707667,0.2429446,-0.4767899,-5.458059E-05,0.6615392,-0.999019,-0.5533957,1.742206,22,22,22,22,22,22,22,22,22,22,22,22,22,22,22,22
356,3560,-51.82129,-53.56102,-13.78878,-11.33041,-9.172653,-7.284026,-2.937075,-3.889656,-2.353065,-3.691544,-1.783192,-2.270423,-2.026729,-3.584015,-1.910186,-0.6035152,23,23,23,23,23,23,23,23,23,23,23,23,23,23,23,23,356,3560,-2.555521,-2.504196,-1.310685,-1.551395,-9.983752,-12.64395,-3.003833,-1.694965,-1.682846,-1.803768,-2.234154,-1.48155,-2.30416,-2.227758,-2.047639,-1.469614,23,23,23,23,22,22,23,23,23,23,23,23,23,23,23,23,356,3560,-1.148247,-3.581613,-6.00526,-2.063824,-1.294967,-2.166131,-3.879883,-68.79366,-0.2472464,0.0009856612,-1.072796,-0.3638856,0.9917967,0.112668,0.1106188,1.625192,22,22,22,22,22,22,22,22,22,22,22,22,22,22,22,22
357,3570,-54.34613,-53.19831,-12.92734,-9.990829,-8.563206,-6.050098,-2.937075,-3.388098,-2.105374,-2.953243,-1.902002,-2.270423,-1.430625,-2.389329,-1.074486,-1.086325,23,23,23,23,23,23,23,23,23,23,23,23,23,23,23,23,357,3570,-3.228014,-2.372397,-1.441608,-1.680673,-10.37781,-13.38039,-3.265035,-2.346859,-2.33009,-1.67502,-1.577042,-1.616234,-2.560175,-1.782223,-1.565841,-1.695703,23,23,23,23,22,22,23,23,23,23,23,23,23,23,23,23,357,3570,-2.067532,-3.453701,-6.388572,-2.192813,-2.9785,-2.038714,-2.327941,-68.13757,-0.370849,-0.482929,-0.8343935,-0.7277165,0.2211958,-0.2208387,-0.5533957,2.093255,22,22,22,22,22,22,22,22,22,22,22,22,22,22,22,22
358,3580,-52.78314,-53.19831,-14.0349,-10.84329,-9.28724,-6.790454,-4.723382,-4.015046,-3.715367,-3.322394,-1.664382,-2.774759,-2.622832,-2.030924,-2.148958,-0.2414083,23,23,23,23,23,23,23,23,23,23,23,23,23,23,23,23,358,3580,-2.286523,-1.845199,-1.179763,-1.809952,-9.589693,-13.50311,-2.74263,-2.477239,-1.682846,-2.061264,-1.708465,-2.424328,-2.560175,-2.339141,-1.686291,-2.373973,23,23,23,23,22,22,23,23,23,23,23,23,23,23,23,23,358,3580,-1.148247,-2.558308,-5.877488,-2.192813,-1.554017,-1.146796,-2.974583,-68.79366,-4.093544E-05,0.1219651,-0.1191863,-0.7277165,1.211972,1.224354,-4.976465E-05,0.8060718,22,22,22,22,22,22,22,22,22,22,22,22,22,22,22,22
359,3590,-55.90913,-54.16555,-16.49615,-15.34916,-13.63144,-7.530811,-7.020062,-6.272058,-4.706131,-4.429845,-2.614861,-3.657298,-2.503612,-2.508798,-1.313257,0.1206985,23,23,23,23,23,23,23,23,23,23,23,23,23,23,23,23,359,3590,-2.152024,-2.240597,-2.096228,-2.068511,-9.983752,-14.60782,-1.959019,-1.955722,-2.588988,-2.31876,-3.022689,-3.097742,-2.048145,-2.227758,-2.168089,-2.826154,23,23,23,23,22,22,23,23,23,23,23,23,23,23,23,23,359,3590,-1.722801,-4.093266,-6.644114,-2.579783,-2.9785,-2.675797,-3.103913,-68.46561,-1.112465,-0.1199938,-0.5959911,-1.091544,-0.3292333,0.001498558,-0.2213885,1.391156,22,22,22,22,22,22,22,22,22,22,22,22,22,22,22,22
360,3600,-56.1496,-54.04464,-18.9574,-19.24614,-15.80354,-8.764739,-7.402842,-6.272058,-5.325359,-4.675945,-2.258431,-3.531221,-2.14595,-2.389329,-1.7908,0.6035072,23,23,23,23,23,23,23,23,23,23,23,23,23,23,23,23,360,3600,-1.614029,-1.845199,-2.358074,-1.680673,-9.8524,-13.38033,-2.089621,-1.825342,-2.071194,-1.417524,-3.022689,-2.96306,-1.664125,-2.116375,-2.529438,-2.487019,23,23,23,23,22,22,23,23,23,23,23,23,23,23,23,23,360,3600,-1.148247,-3.581613,-5.494176,-3.095742,-2.072011,-1.274213,-3.233242,-69.23103,-0.7416571,0.2429446,0.7152216,-0.4851636,-0.3292333,0.8908474,0.5532947,0.6890574,22,22,22,22,22,22,22,22,22,22,22,22,22,22,22,22
361,3610,-55.42821,-55.73732,-19.08046,-22.53421,-17.97565,-9.381702,-6.637282,-7.024395,-4.953824,-5.660347,-1.783192,-4.161606,-2.503612,-3.464546,-2.387729,-0.1207066,23,23,23,23,23,23,23,23,23,23,23,23,23,23,23,23,361,3610,-2.152024,-2.108798,-2.61992,-1.809952,-10.37781,-13.74861,-2.220223,-1.955719,-3.106781,-2.576256,-3.154116,-2.693695,-2.432167,-1.67084,-3.131686,-1.921792,23,23,23,23,22,22,23,23,23,23,23,23,23,23,23,23,361,3610,-1.837712,-3.965353,-6.771885,-2.966752,-3.237497,-2.803214,-2.715928,-68.24692,-0.8652596,0.1219651,1.311228,0.1212203,-0.2191475,-1.554862,-0.6640643,0.9230925,22,22,22,22,22,22,22,22,22,22,22,22,22,22,22,22
362,3620,-56.9912,-57.18817,-22.03396,-23.99557,-18.09633,-10.12206,-8.423589,-7.400564,-7.057941,-6.767796,-3.44653,-5.926684,-3.576597,-4.420295,-1.313257,-1.327731,23,23,23,23,23,23,23,23,23,23,23,23,23,23,23,23,362,3620,-2.421022,-2.372397,-1.310685,-2.844186,-10.77182,-12.76662,-2.350823,-2.346859,-1.682845,-2.962552,-2.759845,-2.020281,-1.536118,-2.116375,-1.80674,-2.600065,23,23,23,23,22,22,23,23,23,23,23,23,23,23,23,23,362,3620,-1.722801,-2.814135,-6.388572,-2.837762,-2.201509,-2.038713,-3.621227,-69.23103,-0.4944519,-0.8458642,0.4768192,0.848879,0.6615392,0.3350052,-0.7747329,1.157121,22,22,22,22,22,22,22,22,22,22,22,22,22,22,22,22
363,3630,-58.79466,-56.70456,-22.15702,-22.16887,-15.32086,-9.751882,-7.402842,-7.275175,-5.944589,-7.505987,-3.446528,-5.548454,-1.788287,-3.106141,-2.148958,-0.2414083,23,23,23,23,23,23,23,23,23,23,23,23,23,23,23,23,363,3630,-1.210533,-2.372397,-2.358074,-2.973466,-10.24646,-12.27567,-2.612026,-1.825342,-2.718436,-2.705056,-1.971361,-2.020281,-1.920137,-2.67329,-2.168089,-1.921792,23,23,23,23,22,22,23,23,23,23,23,23,23,23,23,23,363,3630,-1.837712,-3.453701,-6.13303,-2.579783,-3.496495,-2.54838,-2.586599,-67.91887,0.1235616,0.6058798,0.4768188,0.4850512,0.5514534,0.112668,-0.4427272,0.5720431,22,22,22,22,22,22,22,22,22,22,22,22,22,22,22,22
364,3640,-58.91489,-56.58365,-22.8954,-21.07284,-15.07951,-10.36885,-9.316742,-7.525953,-7.429049,-7.75185,-4.159388,-5.800608,-3.815038,-2.986672,-2.148958,0.3621021,23,23,23,23,23,23,23,23,23,23,23,23,23,23,23,23,364,3640,-2.421022,-1.976998,-3.012694,-1.939232,-9.458341,-12.3984,-3.265033,-2.346859,-2.588987,-2.705056,-1.44567,-1.750911,-2.176152,-1.67084,-1.92719,-2.26093,23,23,23,23,22,22,23,23,23,23,23,23,23,23,23,23,364,3640,-2.297355,-3.453701,-5.877488,-3.224732,-2.460506,-2.293547,-2.974584,-69.23103,-0.8652596,-1.208803,0.59602,0.848879,0.3312817,0.2238358,-0.1107199,0.1039728,22,22,22,22,22,22,22,22,22,22,22,22,22,22,22,22
365,3650,-59.03513,-56.22094,-23.14152,-20.7075,-15.44153,-10.61563,-8.933962,-8.40368,-7.676455,-7.383046,-3.802958,-5.800608,-3.815037,-3.703484,-2.507115,0.1206985,23,23,23,23,23,23,23,23,23,23,23,23,23,23,23,23,365,3650,-2.824518,-1.713399,-2.61992,-2.973466,-9.8524,-12.27567,-2.350823,-1.694962,-3.106781,-2.190064,-2.234205,-2.020276,-2.432167,-1.448073,-1.80674,-1.808749,23,23,23,23,22,22,23,23,23,23,23,23,23,23,23,23,365,3650,-1.60789,-3.581613,-6.13303,-2.579783,-2.460506,-2.930631,-2.198614,-67.91887,0.1235616,-0.2409701,0.3576176,-0.3638856,-0.1091194,-0.1096701,-0.1107199,2.093255,22,22,22,22,22,22,22,22,22,22,22,22,22,22,22,22
366,3660,-58.43398,-55.13279,-22.28008,-17.05409,-12.54539,-9.134917,-7.658029,-7.651342,-7.057941,-6.890846,-4.040578,-4.665915,-2.861272,-2.747736,-1.552029,0.7242106,23,23,23,23,23,23,23,23,23,23,23,23,23,23,23,23,366,3660,-1.614029,-1.845199,-2.61992,-2.327069,-9.8524,-13.50311,-1.567216,-2.346859,-2.977334,-1.932568,-1.839937,-2.424324,-1.536118,-2.116375,-1.92719,-2.373973,23,23,23,23,22,22,23,23,23,23,23,23,23,23,23,23,366,3660,-1.60789,-2.814135,-6.13303,-2.966752,-2.201509,-2.54838,-2.069285,-68.79365,-4.093544E-05,-0.1199938,-0.2383883,0.2424983,0.2211381,0.4461216,-4.976465E-05,1.391156,22,22,22,22,22,22,22,22,22,22,22,22,22,22,22,22
367,3670,-60.47789,-55.85822,-22.77233,-18.51545,-12.42472,-10.36885,-7.275249,-7.902121,-6.192023,-8.243572,-4.872247,-6.935301,-4.29192,-4.181358,-2.6265,-0.4828134,23,23,23,23,23,23,23,23,23,23,23,23,23,23,23,23,367,3670,-2.017526,-2.240597,-2.881772,-2.068511,-9.589693,-13.38033,-1.959019,-3.129134,-2.071192,-2.190064,-1.839937,-2.559006,-2.048145,-2.67329,-1.686342,-2.373973,23,23,23,23,22,22,23,23,23,23,23,23,23,23,23,23,367,3670,-1.60789,-4.349092,-6.388572,-2.966752,-2.9785,-2.675797,-2.45727,-68.57495,-0.4944519,0.0009856612,0.1192152,0.4850512,-0.6595518,-0.6655645,-0.3320602,1.157121,22,22,22,22,22,22,22,22,22,22,22,22,22,22,22,22
368,3680,-59.63628,-56.22094,-22.15702,-15.95807,-12.30404,-10.49224,-8.295996,-8.278291,-7.305346,-7.383046,-4.040578,-6.052762,-3.099713,-3.464546,-1.552028,-0.4827573,23,23,23,23,23,23,23,23,23,23,23,23,23,23,23,23,368,3680,-2.017526,-2.372397,-1.965306,-1.809952,-10.24646,-12.3984,-1.828418,-3.129134,-2.200639,-2.190064,-3.154167,-1.750911,-2.30416,-3.118824,-2.52949,-2.034838,23,23,23,23,22,22,23,23,23,23,23,23,23,23,23,23,368,3680,-2.067532,-2.942048,-5.621947,-2.708772,-2.590004,-2.675797,-1.422642,-68.35625,-0.6180545,-0.482929,0.2384164,0.1212203,0.1110522,-0.1097222,-0.3320602,1.274142,22,22,22,22,22,22,22,22,22,22,22,22,22,22,22,22
369,3690,-59.63628,-55.25369,-20.55721,-15.1056,-11.82136,-9.011524,-8.295996,-8.65446,-7.429049,-7.013896,-5.228676,-6.304916,-3.934258,-3.106141,-2.745886,0.2414565,23,23,23,23,23,23,23,23,23,23,23,23,23,23,23,23,369,3690,-2.421022,-2.504196,-1.965306,-1.809952,-10.11511,-12.76662,-2.612026,-2.998754,-2.200639,-1.932568,-2.628473,-2.424324,-3.072201,-2.784672,-2.40904,-2.373973,23,23,23,23,22,22,23,23,23,23,23,23,23,23,23,23,369,3690,-2.067532,-3.325787,-6.13303,-3.611701,-3.237497,-2.293547,-1.551971,-68.24692,0.1235616,-0.1199938,-0.3575895,0.848879,-0.1091194,-0.8879025,-5.297528E-05,1.976241,22,22,22,22,22,22,22,22,22,22,22,22,22,22,22,22
370,3700,-58.19352,-55.49551,-22.15702,-16.32341,-12.66607,-10.36885,-9.189149,-8.027512,-8.171265,-8.243572,-5.703915,-6.55707,-3.815037,-3.584015,-2.268343,-0.4827573,23,23,23,23,23,23,23,23,23,23,23,23,23,23,23,23,370,3700,-3.228015,-1.845199,-1.965306,-2.585628,-9.983752,-13.50311,-3.134431,-2.216479,-1.941743,-2.833804,-2.759896,-2.693688,-2.944194,-2.450524,-2.52949,-2.373973,23,23,23,23,22,22,23,23,23,23,23,23,23,23,23,23,370,3700,-2.527177,-4.093267,-6.00526,-2.708772,-2.460506,-2.16613,-2.45727,-68.57495,-0.7416571,-0.8458642,0.4768188,0.4850512,0.2211381,-0.1097222,0.4426245,0.6890638,22,22,22,22,22,22,22,22,22,22,22,22,22,22,22,22
371,3710,-56.75074,-54.89099,-19.57271,-12.54822,-10.37329,-8.024383,-7.530435,-7.024395,-6.068321,-6.398646,-4.040578,-4.918069,-2.861272,-2.747736,-2.029572,-0.2413521,23,23,23,23,23,23,23,23,23,23,23,23,23,23,23,23,371,3710,-2.421022,-2.504197,-1.703454,-2.585628,-9.195685,-14.23955,-2.220223,-2.086099,-2.977334,-3.220048,-2.497052,-3.3671,-2.176152,-2.561907,-2.770389,-3.278335,23,23,23,23,22,22,23,23,23,23,23,23,23,23,23,23,371,3710,-2.182443,-4.22118,-6.13303,-2.837762,-2.849002,-3.312881,-2.586599,-68.6843,-0.7416571,-0.724888,-0.1191871,-5.458059E-05,0.0009663975,-0.7767339,-5.297528E-05,1.274142,22,22,22,22,22,22,22,22,22,22,22,22,22,22,22,22
372,3720,-57.83282,-55.01189,-17.9729,-11.81753,-9.166572,-8.024383,-5.999315,-6.397447,-6.192023,-6.644746,-4.515816,-5.2963,-3.099713,-4.061889,-2.029572,0.1207547,23,23,23,23,23,23,23,23,23,23,23,23,23,23,23,23,372,3720,-2.017526,-2.635996,-1.834383,-1.939232,-9.589693,-13.74861,-1.959019,-1.825342,-2.330089,-2.705056,-3.154167,-3.097736,-2.048145,-2.450524,-3.011288,-3.052243,23,23,23,23,22,22,23,23,23,23,23,23,23,23,23,23,372,3720,-2.182443,-3.453701,-4.855321,-3.095742,-2.849002,-2.16613,-2.198614,-68.90298,-0.2472464,-1.087823,0.3576176,0.1212203,0.1110522,0.3349522,-0.1107215,1.040113,22,22,22,22,22,22,22,22,22,22,22,22,22,22,22,22
373,3730,-56.51029,-55.49551,-18.46515,-14.00958,-9.166572,-7.654204,-5.999315,-6.522838,-5.820744,-6.890846,-4.278198,-5.2963,-2.980493,-4.420295,-1.910186,-1.569078,23,23,23,23,23,23,23,23,23,23,23,23,23,23,23,23,373,3730,-1.61403,-2.372397,-3.012694,-2.844186,-10.77182,-13.25761,-1.567216,-1.564581,-3.106781,-2.190064,-3.417008,-2.963053,-2.688182,-2.339141,-3.011288,-2.9392,23,23,23,23,22,22,23,23,23,23,23,23,23,23,23,23,373,3730,-2.297355,-4.604919,-6.260801,-3.224732,-2.849003,-2.420964,-2.974584,-68.6843,0.2471642,0.0009856612,-0.3575895,0.6063261,0.4413097,-0.3320594,0.1106172,1.157128,22,22,22,22,22,22,22,22,22,22,22,22,22,22,22,22
374,3740,-54.10567,-53.80284,-17.84984,-13.2789,-8.201189,-7.407419,-4.850975,-5.51972,-4.829978,-5.660345,-3.446528,-4.287684,-2.265169,-2.986672,-2.029572,5.136996E-05,23,23,23,23,23,23,23,23,23,23,23,23,23,23,23,23,374,3740,-1.883027,-2.240597,-1.834383,-2.585628,-10.64052,-13.13494,-1.959019,-2.086099,-1.682845,-2.576308,-2.759896,-2.154959,-2.176152,-2.67329,-2.40904,-2.826154,23,23,23,23,22,22,23,23,23,23,23,23,23,23,23,23,374,3740,-1.837712,-3.581614,-5.749718,-2.450793,-2.719504,-2.675797,-2.069285,-68.35625,-0.4944519,-0.482929,-0.2383883,0.6063261,0.1110522,0.112615,-0.5533974,0.9230925,22,22,22,22,22,22,22,22,22,22,22,22,22,22,22,22
375,3750,-52.78314,-53.56103,-18.21902,-12.67,-8.925223,-6.420276,-5.106163,-5.018162,-5.696898,-4.183744,-3.565339,-3.657299,-2.861272,-2.508798,-2.029572,0.1207547,23,23,23,23,23,23,23,23,23,23,23,23,23,23,23,23,375,3750,-2.421022,-2.240597,-1.703454,-2.714907,-9.721046,-12.52122,-1.828469,-2.216479,-2.330089,-3.477545,-1.839937,-2.154959,-2.176152,-1.893606,-2.047691,-2.034838,23,23,23,23,22,22,23,23,23,23,23,23,23,23,23,23,375,3750,-1.60789,-4.349093,-6.00526,-2.579783,-2.20151,-1.911296,-1.939956,-68.13757,-0.2472464,-0.3619496,0.1192152,0.7276042,0.0009663975,-0.4432273,0.3319543,0.9230925,22,22,22,22,22,22,22,22,22,22,22,22,22,22,22,22
376,3760,-53.62475,-54.52827,-17.72677,-10.59973,-8.442538,-6.050098,-5.744129,-6.021278,-5.201515,-4.675944,-3.565339,-3.909452,-2.50361,-2.150393,-2.029572,0.4828616,23,23,23,23,23,23,23,23,23,23,23,23,23,23,23,23,376,3760,-1.748529,-1.186201,-3.012694,-2.714907,-10.11511,-12.76667,-2.742679,-1.955719,-3.106781,-3.0913,-2.628473,-1.481547,-1.664125,-1.893606,-1.806792,-2.26093,23,23,23,23,22,22,23,23,23,23,23,23,23,23,23,23,376,3760,-1.492978,-3.581614,-5.749718,-2.579783,-3.108,-2.293547,-1.6813,-68.57495,-0.6180545,-0.6039085,0.4768188,0.6063261,0.9917389,0.2237844,-0.5533974,1.157128,22,22,22,22,22,22,22,22,22,22,22,22,22,22,22,22
377,3770,-53.74498,-53.07741,-17.60371,-11.45219,-8.563206,-5.309741,-3.702635,-5.018162,-4.706183,-4.183744,-3.565339,-2.900836,-2.38439,-2.389329,-0.7163277,-0.3620555,23,23,23,23,23,23,23,23,23,23,23,23,23,23,23,23,377,3770,-2.152025,-1.581599,-2.881772,-2.844186,-9.721046,-12.15295,-2.350874,-1.303821,-2.847885,-2.061316,-1.708517,-1.481547,-2.432167,-1.67084,-1.565893,-2.147884,23,23,23,23,22,22,23,23,23,23,23,23,23,23,23,23,377,3770,-1.952624,-3.581614,-6.260801,-2.837762,-2.978501,-2.420964,-2.327942,-68.46561,0.4943693,-0.3619496,-0.2383883,0.1212203,-0.2192053,-0.22089,-0.6640676,0.6890638,22,22,22,22,22,22,22,22,22,22,22,22,22,22,22,22
378,3780,-51.09991,-53.44013,-16.25002,-11.33041,-7.477155,-5.679919,-3.192262,-3.638877,-3.591573,-4.429793,-2.49605,-3.15299,-2.38439,-2.867203,-1.313257,-0.3620555,23,23,23,23,23,23,23,23,23,23,23,23,23,23,23,23,378,3780,-1.479531,-2.767796,-2.488997,-2.068511,-10.24646,-13.62588,-1.697869,-2.737993,-2.977334,-2.061316,-1.314249,-1.885594,-1.664125,-2.450524,-2.52949,-2.147884,23,23,23,23,22,22,23,23,23,23,23,23,23,23,23,23,378,3780,-1.492978,-2.942049,-5.621947,-2.063824,-1.683516,-1.78388,-1.551971,-68.02822,-4.093544E-05,-0.6039085,-0.4767907,0.4850512,0.5513955,0.5572895,-0.1107215,0.8060782,22,22,22,22,22,22,22,22,22,22,22,22,22,22,22,22
379,3790,-48.57507,-52.8356,-16.0039,-11.81753,-8.201189,-7.160633,-3.575042,-5.018162,-3.715419,-4.921994,-2.852529,-3.531222,-2.265169,-3.464546,-2.148957,-0.3620555,23,23,23,23,23,23,23,23,23,23,23,23,23,23,23,23,379,3790,-1.61403,-2.899595,-2.358074,-2.19779,-9.8524,-12.76667,-1.567267,-2.86837,-2.200639,-1.803819,-1.839937,-1.481547,-1.40811,-2.339141,-2.28859,-2.826154,23,23,23,23,22,22,23,23,23,23,23,23,23,23,23,23,379,3790,-1.60789,-3.581614,-5.877488,-2.966752,-2.719504,-2.54838,-2.974584,-67.91887,-0.1236435,-0.2409701,0.119216,0.4850512,0.3312239,0.112615,-0.6640676,1.040113,22,22,22,22,22,22,22,22,22,22,22,22,22,22,22,22
380,3800,-49.05599,-53.31922,-17.84984,-14.98383,-11.21799,-7.037241,-4.595789,-4.391214,-4.210801,-5.045044,-2.852529,-3.15299,-2.026727,-3.22561,-1.671414,5.136996E-05,23,23,23,23,23,23,23,23,23,23,23,23,23,23,23,23,380,3800,-2.286524,-2.899595,-1.703454,-1.809952,-9.327039,-12.88944,-1.828469,-3.259508,-2.200639,-1.417575,-1.577093,-1.212185,-2.048145,-2.561907,-2.649939,-2.034838,23,23,23,23,22,22,23,23,23,23,23,23,23,23,23,23,380,3800,-1.837712,-2.558308,-5.494176,-2.579783,-2.719504,-2.54838,-2.327942,-68.24692,-0.2472464,-0.724888,0.119216,-0.2426075,0.4413097,0.8907961,0.6639616,0.2209936,22,22,22,22,22,22,22,22,22,22,22,22,22,22,22,22
381,3810,-48.6953,-52.9565,-16.49615,-13.15712,-10.13194,-6.543669,-3.319855,-3.764266,-3.343882,-3.691493,-2.496099,-2.396528,-1.549847,-2.389329,-2.148957,0.1207547,23,23,23,23,23,23,23,23,23,23,23,23,23,23,23,23,381,3810,-2.959017,-2.504197,-2.096228,-2.19779,-10.11511,-12.52122,-3.134483,-2.86837,-2.330089,-1.675071,-2.234205,-2.020281,-2.43217,-1.559457,-1.686342,-1.582657,23,23,23,23,22,22,23,23,23,23,23,23,23,23,23,23,381,3810,-1.722801,-3.709527,-6.13303,-2.579783,-2.849003,-3.440298,-2.845255,-68.13757,-0.1236435,-0.1199938,-0.8343935,-0.4851604,-0.2191507,0.3349522,-0.4427288,1.157128,22,22,22,22,22,22,22,22,22,22,22,22,22,22,22,22
382,3820,-48.21438,-52.59379,-17.48065,-13.15712,-10.49396,-6.050098,-6.382096,-6.146667,-5.201566,-4.921994,-3.446578,-4.03553,-2.742054,-2.389379,-1.910186,0.4828616,23,23,23,23,23,23,23,23,23,23,23,23,23,23,23,23,382,3820,-2.017526,-1.4498,-1.441608,-2.585628,-9.195685,-13.99415,-3.134483,-2.086096,-1.941743,-2.190064,-1.839937,-2.289646,-2.560178,-1.225259,-1.806792,-2.600065,23,23,23,23,22,22,23,23,23,23,23,23,23,23,23,23,382,3820,-1.837712,-3.581614,-5.494176,-2.063824,-1.683516,-2.675797,-2.198614,-67.48149,0.2471642,-0.2409701,-0.4767899,0.3637764,0.5514501,0.001447188,0.4426245,-0.01304155,22,22,22,22,22,22,22,22,22,22,22,22,22,22,22,22
383,3830,-49.05599,-52.59379,-16.9884,-13.64424,-9.890606,-6.543669,-5.616536,-4.767383,-4.086956,-3.814543,-2.25848,-2.900836,-2.02673,-2.030972,-1.432694,-0.9655659,23,23,23,23,23,23,23,23,23,23,23,23,23,23,23,23,383,3830,-2.555521,-1.713399,-2.096228,-2.327069,-9.721046,-13.99415,-2.612077,-2.086096,-2.459538,-2.061316,-1.839937,-3.097742,-2.176155,-1.782175,-1.445443,-3.165289,23,23,23,23,22,22,23,23,23,23,23,23,23,23,23,23,383,3830,-1.722801,-3.069961,-5.366405,-2.192813,-2.20151,-2.675797,-2.45727,-68.02822,-0.370849,0.0009856612,-1.072796,-0.1213294,0.001020978,0.2237844,0.1106188,0.8060782,22,22,22,22,22,22,22,22,22,22,22,22,22,22,22,22
384,3840,-50.85945,-52.47289,-16.37309,-11.81753,-8.321857,-5.186348,-4.723382,-4.767383,-3.591573,-4.060643,-1.902051,-2.522605,-1.90751,-2.867253,-1.313308,-0.3620619,23,23,23,23,23,23,23,23,23,23,23,23,23,23,23,23,384,3840,-1.883027,-1.318,-2.488997,-1.680673,-9.721046,-13.99415,-1.567267,-1.564578,-2.330089,-2.318812,-2.497052,-2.96306,-1.792133,-1.670792,-1.686342,-2.373928,23,23,23,23,22,22,23,23,23,23,23,23,23,23,23,23,384,3840,-2.067532,-2.814136,-5.621947,-1.289884,-1.295021,-1.78388,-3.103913,-67.91887,0.7415752,0.4849004,1.484913E-05,-0.4851604,0.3312785,0.6684589,1.106641,0.2209936,22,22,22,22,22,22,22,22,22,22,22,22,22,22,22,22
385,3850,-52.54268,-54.28646,-16.37309,-13.76602,-9.769925,-7.777597,-4.595789,-5.143552,-3.963109,-5.537245,-2.614909,-3.405144,-2.02673,-3.584065,-1.790851,-0.3620619,23,23,23,23,23,23,23,23,23,23,23,23,23,23,23,23,385,3850,-1.61403,-1.4498,-2.227151,-2.714907,-9.8524,-13.62588,-2.089672,-1.694958,-2.977334,-1.546323,-2.759896,-2.559012,-1.536121,-1.782175,-2.770389,-2.713063,23,23,23,23,22,22,23,23,23,23,23,23,23,23,23,23,385,3850,-2.412263,-3.325788,-5.494176,-1.676854,-2.460507,-2.803214,-2.974584,-67.70019,-4.093544E-05,0.1219651,-0.1191863,-1.091541,-1.099841,0.3349538,-4.976465E-05,0.5720431,22,22,22,22,22,22,22,22,22,22,22,22,22,22,22,22
386,3860,-54.82706,-54.16555,-15.88084,-12.30466,-10.01127,-6.173491,-5.106163,-5.7705,-4.334647,-4.675894,-2.020861,-2.522605,-1.669068,-2.508848,-1.55208,-0.4827653,23,23,23,23,23,23,23,23,23,23,23,23,23,23,23,23,386,3860,-2.152025,-2.504196,-1.310685,-1.680673,-10.50916,-13.87138,-1.175464,-1.825338,-2.200639,-2.318812,-3.417008,-1.48155,-1.792133,-1.782175,-2.52949,-2.373928,23,23,23,23,22,22,23,23,23,23,23,23,23,23,23,23,386,3860,-2.297351,-3.709528,-5.877488,-1.418874,-1.295021,-2.16613,-3.879884,-68.24692,-4.093544E-05,0.2429446,1.484913E-05,-0.2426075,0.2211926,0.6684589,0.6639632,0.4550223,22,22,22,22,22,22,22,22,22,22,22,22,22,22,22,22
387,3870,-54.10567,-53.0774,-15.14247,-11.93932,-9.769925,-6.913847,-5.106163,-4.641993,-4.086956,-4.183693,-1.783241,-2.774759,-1.072964,-2.150441,-2.149009,-0.603467,23,23,23,23,23,23,23,23,23,23,23,23,23,23,23,23,387,3870,-1.748529,-2.372397,-1.441595,-2.844186,-10.64052,-13.01217,-2.350874,-2.216476,-1.553396,-2.576308,-2.628473,-2.424328,-1.792133,-2.116324,-2.28859,-2.034793,23,23,23,23,22,22,23,23,23,23,23,23,23,23,23,23,387,3870,-2.642082,-3.965354,-5.621896,-1.418874,-2.072011,-3.058048,-3.36257,-68.13757,0.7415752,0.4849004,-0.3575887,0.2425015,-0.8796689,0.001447188,-4.976465E-05,1.040107,22,22,22,22,22,22,22,22,22,22,22,22,22,22,22,22
388,3880,-56.51029,-53.31921,-18.46515,-15.22738,-11.58001,-6.790454,-6.126909,-5.143552,-4.953875,-3.568443,-2.73372,-2.522605,-2.265171,-2.508848,-1.671465,0.3621518,23,23,23,23,23,23,23,23,23,23,23,23,23,23,23,23,388,3880,-2.421022,-2.372397,-2.096215,-3.102693,-10.24646,-13.25766,-1.567267,-2.216476,-2.588987,-3.220048,-2.628473,-1.077503,-1.408113,-2.22771,-1.565893,-2.034793,23,23,23,23,22,22,23,23,23,23,23,23,23,23,23,23,388,3880,-2.871905,-4.22118,-6.005209,-1.805895,-2.072011,-1.529046,-2.845255,-68.35625,-4.093544E-05,-0.1199938,-0.1191863,-0.4851604,-0.2191507,0.2237844,1.327978,0.8060718,22,22,22,22,22,22,22,22,22,22,22,22,22,22,22,22
389,3890,-55.90913,-54.16555,-16.86534,-14.86204,-10.85598,-7.407419,-7.020062,-6.648226,-5.201566,-4.921994,-1.783241,-2.774759,-1.669068,-1.553099,-1.074536,-0.2413602,23,23,23,23,23,23,23,23,23,23,23,23,23,23,23,23,389,3890,-2.152025,-1.713399,-2.358061,-2.844135,-9.458443,-12.88944,-2.481476,-1.434201,-2.718436,-2.833804,-2.102784,-1.885599,-3.072205,-1.670792,-1.565893,-2.260882,23,23,23,23,22,22,23,23,23,23,23,23,23,23,23,23,389,3890,-2.756994,-2.430397,-4.7275,-1.676906,-2.460454,-2.54838,-2.715928,-67.80952,-4.093544E-05,0.7268593,0.119216,0.1212235,0.001020978,0.001447188,0.1106188,1.157121,22,22,22,22,22,22,22,22,22,22,22,22,22,22,22,22
390,3900,-57.47213,-54.28645,-17.9729,-14.37492,-8.442538,-6.420277,-5.744129,-5.895889,-5.573103,-6.152495,-1.783241,-3.657298,-1.669068,-2.986722,-1.910237,-0.2413602,23,23,23,23,23,23,23,23,23,23,23,23,23,23,23,23,390,3900,-2.555521,-1.976998,-2.750829,-1.93918,-10.37786,-12.88944,-3.003881,-2.607613,-3.106781,-1.932568,-1.971361,-2.020281,-2.048148,-1.559407,-1.927242,-2.260882,23,23,23,23,22,22,23,23,23,23,23,23,23,23,23,23,390,3900,-2.527171,-3.837441,-6.005209,-1.418926,-1.294968,-1.401629,-2.974584,-68.46561,0.1235616,0.3639241,1.484913E-05,-0.4851604,-0.3292365,0.557291,0.1106188,0.6890574,22,22,22,22,22,22,22,22,22,22,22,22,22,22,22,22
391,3910,-56.63052,-54.77008,-16.9884,-14.86204,-8.925223,-7.530813,-4.978569,-7.149785,-5.820794,-6.398595,-2.73372,-3.909452,-2.384392,-4.300875,-1.671465,-1.086276,23,23,23,23,23,23,23,23,23,23,23,23,23,23,23,23,391,3910,-2.152025,-2.372397,-3.012675,-2.585576,-9.721098,-13.25766,-2.220274,-2.86837,-3.495129,-1.803819,-1.708517,-2.693695,-1.664128,-1.893558,-1.204544,-1.808704,23,23,23,23,22,22,23,23,23,23,23,23,23,23,23,23,391,3910,-1.952617,-3.837441,-5.749667,-1.289937,-1.165469,-2.420964,-3.233242,-68.46561,0.7415752,0.4849004,0.7152216,-0.3638823,-0.769583,-0.5543959,-4.976465E-05,0.9230925,22,22,22,22,22,22,22,22,22,22,22,22,22,22,22,22
392,3920,-57.47213,-53.56102,-17.23453,-13.03534,-8.925223,-6.667062,-4.213009,-5.51972,-4.953875,-4.921994,-2.496099,-2.900836,-2.265171,-2.747784,-2.268394,-0.603467,23,23,23,23,23,23,23,23,23,23,23,23,23,23,23,23,392,3920,-1.748529,-2.240597,-2.096215,-2.456296,-9.064384,-13.62588,-2.481476,-2.346859,-2.330089,-1.288827,-1.182826,-2.154963,-0.7680773,-2.561859,-1.927242,-2.034793,23,23,23,23,22,22,23,23,23,23,23,23,23,23,23,23,392,3920,-1.722798,-3.965354,-5.110813,-1.676906,-1.294968,-1.78388,-2.198614,-68.79366,-0.1236435,0.4849004,0.8344228,-0.3638823,-1.209926,0.7796283,0.7746333,0.8060718,22,22,22,22,22,22,22,22,22,22,22,22,22,22,22,22
393,3930,-57.23167,-54.04464,-16.86534,-12.30466,-8.683874,-6.420277,-4.595789,-5.018162,-4.582287,-4.552844,-2.496099,-2.900836,-2.503613,-2.389379,-2.626552,-0.2413602,23,23,23,23,23,23,23,23,23,23,23,23,23,23,23,23,393,3930,-2.555521,-2.504196,-2.619907,-1.809901,-10.37786,-13.01217,-1.436665,-2.737997,-1.812295,-1.160079,-2.365628,-1.885599,-1.536121,-2.673242,-2.047691,-1.582612,23,23,23,23,22,22,23,23,23,23,23,23,23,23,23,23,393,3930,-1.492975,-3.837441,-5.366354,-0.9029668,-2.330956,-2.54838,-3.750556,-69.44974,0.6179212,0.3639241,0.357618,-0.3638823,-1.430098,0.001447188,0.5532947,1.157121,22,22,22,22,22,22,22,22,22,22,22,22,22,22,22,22
394,3940,-56.02937,-54.04464,-17.35759,-14.4967,-10.37329,-6.790456,-5.488942,-5.39433,-4.706133,-4.060693,-3.090149,-3.657298,-2.980496,-2.628315,-1.313308,0.3621518,23,23,23,23,23,23,23,23,23,23,23,23,23,23,23,23,394,3940,-2.824518,-2.372397,-2.096215,-2.068459,-9.721098,-12.76667,-2.220274,-2.737997,-1.682846,-1.546323,-1.182826,-1.346867,-3.200212,-1.893558,-2.40904,-2.034793,23,23,23,23,22,22,23,23,23,23,23,23,23,23,23,23,394,3940,-2.412263,-3.837441,-5.749667,-2.063875,-1.812962,-2.675797,-4.138541,-68.90299,-9.23054E-05,0.483828,-0.1191863,-0.2426075,-0.3292365,0.2237844,0.7746333,0.6890574,22,22,22,22,22,22,22,22,22,22,22,22,22,22,22,22
395,3950,-54.94729,-53.0774,-16.12696,-11.93931,-7.95984,-6.173491,-4.978569,-4.767383,-4.334596,-4.060693,-2.139618,-2.270423,-2.145951,-2.26991,-0.8357652,-0.1206568,23,23,23,23,23,23,23,23,23,23,23,23,23,23,23,23,395,3950,-3.362513,-2.504196,-1.441595,-2.197738,-9.983804,-13.74866,-3.395686,-2.607616,-1.682846,-1.932568,-2.102733,-2.289646,-2.688185,-2.004941,-2.168141,-2.486974,23,23,23,23,22,22,23,23,23,23,23,23,23,23,23,23,395,3950,-2.297351,-3.581614,-5.621896,-1.676906,-3.107947,-2.930631,-3.36257,-68.35626,0.6179212,0.725742,-0.5960425,-5.136996E-05,-0.769583,-0.3320587,-4.976465E-05,1.157121,22,22,22,22,22,22,22,22,22,22,22,22,22,22,22,22
396,3960,-51.58083,-52.9565,-14.65022,-10.84329,-8.563206,-6.050098,-4.595789,-4.140435,-3.715368,-3.322392,-1.78319,-2.270473,-2.265171,-2.150441,-0.716379,0.3621518,23,23,23,23,23,23,23,23,23,23,23,23,23,23,23,23,396,3960,-2.555521,-1.976998,-1.441595,-2.456296,-9.458443,-13.87138,-3.265085,-1.955719,-2.33009,-1.932568,-1.839886,-2.289649,-2.43217,-2.004941,-1.445443,-2.939155,23,23,23,23,22,22,23,23,23,23,23,23,23,23,23,23,396,3960,-2.642082,-3.837441,-6.005209,-2.579835,-2.201457,-2.16613,-3.103913,-69.01234,0.8651264,0.362871,0.7151702,-0.2425593,-0.9897547,0.557291,0.6639632,0.6890574,22,22,22,22,22,22,22,22,22,22,22,22,22,22,22,22
397,3970,-48.93576,-53.31921,-12.92734,-9.625487,-6.99447,-6.420277,-3.957822,-5.39433,-2.972294,-4.183743,-2.258428,-2.774759,-1.788286,-3.584065,-1.790851,-0.8448722,23,23,23,23,23,23,23,23,23,23,23,23,23,23,23,23,397,3970,-2.017526,-2.240597,-2.488984,-2.456296,-10.24651,-14.36237,-2.612077,-1.694962,-2.588988,-2.190064,-2.759845,-3.097745,-2.176158,-2.004941,-2.28859,-3.27829,23,23,23,23,22,22,23,23,23,23,23,23,23,23,23,23,397,3970,-2.527171,-3.837441,-5.366354,-1.547916,-2.719451,-3.312881,-3.621227,-68.6843,0.6179212,0.9676592,-0.2384389,-0.9702181,-0.9897515,-0.1097214,-0.6640643,1.274142,22,22,22,22,22,22,22,22,22,22,22,22,22,22,22,22
398,3980,-48.81553,-52.35197,-13.17347,-8.407683,-6.149755,-4.81617,-3.830229,-3.388098,-2.22922,-2.953242,-1.54557,-2.396528,-1.669065,-2.030971,-1.193922,-0.2413602,23,23,23,23,23,23,23,23,23,23,23,23,23,23,23,23,398,3980,-2.555521,-1.976998,-2.619907,-1.93918,-10.90322,-13.74866,-1.697869,-2.086099,-2.459539,-1.803819,-3.022689,-2.289649,-2.432173,-2.116324,-2.649939,-3.165244,23,23,23,23,22,22,23,23,23,23,23,23,23,23,23,23,398,3980,-2.986817,-3.837441,-5.494125,-2.450845,-2.071959,-2.420964,-3.103913,-69.01234,0.4943179,0.241914,-0.3576401,-0.4851122,0.2211958,-0.5543951,0.3319575,0.6890574,22,22,22,22,22,22,22,22,22,22,22,22,22,22,22,22
399,3990,-47.97392,-51.62654,-12.0659,-8.042342,-5.787738,-4.322598,-3.447449,-3.513488,-3.09614,-2.830192,-1.901999,-2.522605,-2.622831,-2.508845,-1.432693,0.3621518,23,23,23,23,23,23,23,23,23,23,23,23,23,23,23,23,399,3990,-1.748529,-1.976998,-2.227138,-1.93918,-10.90322,-13.87138,-2.350874,-1.434204,-2.718437,-2.190064,-2.891268,-2.020283,-1.664128,-2.33909,-2.890787,-2.147839,23,23,23,23,22,22,23,23,23,23,23,23,23,23,23,23,399,3990,-2.527171,-3.965354,-5.749667,-1.547916,-2.071959,-2.54838,-2.715928,-69.12169,-9.23054E-05,-0.1209602,0.3575667,0.3638245,0.2211958,-0.2208892,0.8853019,1.391156,22,22,22,22,22,22,22,22,22,22,22,22,22,22,22,22
400,4000,-47.85369,-51.86835,-12.31203,-6.702758,-5.66707,-4.81617,-4.850975,-4.641993,-4.829979,-3.568492,-3.090097,-2.900836,-3.099713,-2.747782,-1.910236,0.8449637,23,23,23,23,23,23,23,23,23,23,23,23,23,23,23,23,400,4000,-2.421022,-2.767796,-1.572518,-2.844135,-10.50922,-12.88944,-2.481476,-2.216479,-1.941744,-2.833804,-3.154116,-2.289649,-1.792136,-3.230156,-2.529438,-2.713108,23,23,23,23,22,22,23,23,23,23,23,23,23,23,23,23,400,4000,-3.216636,-4.22118,-6.388522,-1.934885,-2.460454,-1.78388,-2.845255,-69.12169,0.1235102,0.725742,0.1191647,-0.2425593,-1.320009,-0.1097206,0.4426261,0.5849947,22,22,22,22,22,22,22,22,22,22,22,22,22,22,22,22
401,4010,-44.96815,-50.78021,-11.08141,-7.31166,-6.511772,-5.062956,-4.340602,-4.265825,-3.343831,-3.691543,-2.614858,-3.279067,-3.457375,-3.106188,-2.149008,4.655403E-05,23,23,23,23,23,23,23,23,23,23,23,23,23,23,23,23,401,4010,-2.286523,-2.372397,-2.227138,-3.102693,-9.85245,-13.62588,-2.089672,-1.434204,-2.459539,-3.348797,-1.445618,-1.8856,-2.560181,-2.004938,-2.168089,-2.147884,23,23,23,23,22,22,23,23,23,23,23,23,23,23,23,23,401,4010,-1.952617,-3.709528,-5.749667,-1.676906,-2.330956,-2.675797,-3.36257,-69.34039,-0.1236949,-0.4838312,0.2383655,0.6063775,-0.659494,-0.3320579,0.6639632,1.287209,22,22,22,22,22,22,22,22,22,22,22,22,22,22,22,22
402,4020,-44.96815,-50.53841,-10.21997,-6.459198,-5.305053,-4.445992,-3.192262,-4.641993,-2.848449,-4.306793,-3.327717,-3.657298,-4.053479,-3.822999,-2.387779,0.7242619,23,23,23,23,23,23,23,23,23,23,23,23,23,23,23,23,402,4020,-2.421022,-1.186201,-2.750829,-2.585576,-10.24651,-12.88944,-2.220274,-1.434204,-2.459539,-1.932568,-1.708465,-2.289649,-1.408116,-1.782172,-1.445391,-1.582657,23,23,23,23,22,22,23,23,23,23,23,23,23,23,23,23,402,4020,-2.527171,-4.477007,-5.749667,-1.676906,-1.812962,-1.401629,-1.551971,-68.79366,0.1235102,0.483828,0.595969,-0.1212813,-0.3292333,-0.1097206,0.2212874,1.053136,22,22,22,22,22,22,22,22,22,22,22,22,22,22,22,22
403,4030,-43.88607,-50.90113,-9.604655,-6.702758,-4.701687,-4.445992,-2.809482,-5.018162,-3.591522,-5.660344,-2.971287,-4.791992,-3.695817,-4.300873,-2.268394,-0.4827621,23,23,23,23,23,23,23,23,23,23,23,23,23,23,23,23,403,4030,-2.152024,-1.976998,-3.798224,-2.068459,-9.85245,-13.01217,-1.959071,-1.825342,-2.588988,-1.932568,-1.97131,-2.424332,-1.920143,-1.670789,-1.565841,-1.808749,23,23,23,23,22,22,23,23,23,23,23,23,23,23,23,23,403,4030,-2.067529,-3.709529,-6.899656,-1.805895,-1.683463,-2.930631,-3.103913,-69.99647,-0.2472978,0.1209538,0.1191647,0.2425497,-0.1090616,-0.3320579,-0.1107199,0.5849947,22,22,22,22,22,22,22,22,22,22,22,22,22,22,22,22
404,4040,-47.49299,-50.2966,-11.20447,-8.042342,-5.063704,-4.692777,-3.447449,-4.265825,-4.458442,-6.029494,-4.397006,-4.918069,-4.29192,-3.464593,-1.552079,-0.9655723,23,23,23,23,23,23,23,23,23,23,23,23,23,23,23,23,404,4040,-1.614029,-2.635996,-2.48899,-1.422063,-9.195737,-13.87138,-1.306064,-2.346859,-2.071194,-0.7738347,-1.05135,-1.8856,-1.024094,-2.116324,-1.80674,-2.26093,23,23,23,23,22,22,23,23,23,23,23,23,23,23,23,23,404,4040,-2.18244,-3.709529,-5.110864,-1.547917,-2.071959,-1.401629,-1.293314,-68.46561,-0.6181059,1.209573,0.3575667,-0.4851122,-0.1090616,-0.1097206,0.5532947,0.3509211,22,22,22,22,22,22,22,22,22,22,22,22,22,22,22,22
405,4050,-47.73345,-49.93389,-9.358531,-7.18988,-4.46561,-3.705397,-3.957822,-4.892772,-3.963059,-5.045093,-3.802957,-5.170223,-3.576597,-3.464593,-2.507165,0.6035585,23,23,23,23,23,23,23,23,23,23,23,23,23,23,23,23,405,4050,-2.959017,-3.294994,-1.048833,-2.068459,-10.11516,-13.13494,-2.220274,-2.477236,-1.941744,-1.417575,-2.497001,-1.750918,-1.792136,-2.561855,-2.770337,-1.582657,23,23,23,23,22,22,23,23,23,23,23,23,23,23,23,23,405,4050,-1.837709,-3.453702,-5.87749,-1.934886,-0.906472,-2.16613,-3.36257,-69.66842,0.7415238,0.1209538,-3.652083E-05,0.2425497,0.2211958,0.001447991,0.6639632,1.287209,22,22,22,22,22,22,22,22,22,22,22,22,22,22,22,22
406,4060,-48.93576,-50.90113,-10.95834,-7.798781,-6.39671,-5.062955,-5.871722,-5.143552,-5.573053,-5.783394,-5.228674,-5.800608,-5.364906,-3.345124,-2.149008,0.9656654,23,23,23,23,23,23,23,23,23,23,23,23,23,23,23,23,406,4060,-2.286523,-3.294994,-1.965299,-2.585576,-10.37786,-12.64395,-2.742679,-2.998754,-1.941744,-1.288827,-2.497001,-1.8856,-1.664128,-2.33909,-1.565841,-2.26093,23,23,23,23,22,22,23,23,23,23,23,23,23,23,23,23,406,4060,-1.722798,-4.221181,-6.133031,-2.321856,-1.94246,-1.911296,-1.551971,-68.57496,-1.359722,-0.4838312,0.2383655,0.3638245,-0.3292333,-0.1097206,-0.1107199,1.638317,22,22,22,22,22,22,22,22,22,22,22,22,22,22,22,22
407,4070,-50.37852,-51.38475,-10.58915,-8.529464,-7.241566,-6.790454,-6.382095,-6.899004,-6.192024,-6.890845,-5.347485,-6.683147,-5.007244,-4.300873,-2.268394,-0.3620603,23,23,23,23,23,23,23,23,23,23,23,23,23,23,23,23,407,4070,-2.824518,-2.504196,-2.096222,-2.197738,-9.32709,-13.50316,-2.742628,-1.564581,-1.812295,-1.803819,-1.839886,-2.154967,-2.432173,-2.116324,-1.565841,-1.808749,23,23,23,23,22,22,23,23,23,23,23,23,23,23,23,23,407,4070,-1.607886,-2.942049,-5.494177,-2.321856,-1.683463,-2.293547,-1.940008,-68.6843,-0.6181059,0.1209538,0.3575667,0.6063775,0.2211958,0.1126166,0.6639632,0.8190684,22,22,22,22,22,22,22,22,22,22,22,22,22,22,22,22
408,4080,-49.05599,-51.74747,-11.94284,-9.625487,-6.638097,-5.679919,-5.616535,-6.146668,-5.325361,-7.136945,-5.466294,-6.55707,-5.364906,-4.300873,-2.865323,4.655403E-05,23,23,23,23,23,23,23,23,23,23,23,23,23,23,23,23,408,4080,-1.748528,-1.845199,-1.965299,-2.068459,-9.721098,-14.73059,-2.220223,-1.564585,-1.812295,-1.803819,-2.497001,-2.289649,-1.920143,-1.336638,-2.168089,-2.9392,23,23,23,23,22,22,23,23,23,23,23,23,23,23,23,23,408,4080,-1.607886,-4.221181,-6.771885,-1.676907,-1.94246,-2.675797,-2.457322,-68.57496,-0.2472978,-0.1209602,-3.652083E-05,0.3638245,0.001024189,-0.4432265,-4.976465E-05,1.872397,22,22,22,22,22,22,22,22,22,22,22,22,22,22,22,22
409,4090,-50.73922,-53.68195,-12.18897,-10.96507,-7.241566,-7.160633,-6.254502,-7.525953,-6.810537,-8.612366,-5.228674,-7.313532,-5.126464,-5.37609,-2.984709,-0.844869,23,23,23,23,23,23,23,23,23,23,23,23,23,23,23,23,409,4090,-1.210533,-1.581599,-2.358068,-2.197738,-10.24651,-14.2396,-2.481425,-1.694965,-2.588988,-1.288827,-2.891268,-2.424332,-1.792136,-1.782172,-2.288539,-2.713108,23,23,23,23,22,22,23,23,23,23,23,23,23,23,23,23,409,4090,-1.722798,-3.069963,-5.494177,-1.676907,-2.460454,-1.911296,-2.327994,-69.88712,-0.3709004,-0.8467054,0.3575667,0.9702085,0.4413675,-0.4432265,-0.3320571,0.936102,22,22,22,22,22,22,22,22,22,22,22,22,22,22,22,22
410,4100,-48.45483,-53.31923,-12.31203,-11.57397,-7.603647,-7.777597,-7.020062,-8.152902,-7.181643,-8.243571,-5.347485,-6.55707,-5.484127,-5.37609,-2.745937,-1.206976,23,23,23,23,23,23,23,23,23,23,23,23,23,23,23,23,410,4100,-1.614029,-1.318001,-1.83437,-1.93918,-10.77187,-13.99415,-2.350823,-1.173447,-2.200641,-1.288827,-2.365577,-2.289649,-1.920143,-1.670789,-2.649888,-2.600065,23,23,23,23,22,22,23,23,23,23,23,23,23,23,23,23,410,4100,-1.492975,-3.197876,-6.133031,-2.192866,-1.94246,-1.78388,-0.5173942,-67.7002,-0.4945029,-0.1210116,0.4767678,0.8489304,0.4413675,-0.6655645,-4.976465E-05,1.170176,22,22,22,22,22,22,22,22,22,22,22,22,22,22,22,22
411,4110,-45.44907,-52.11018,-10.95834,-11.08685,-7.603647,-7.284026,-5.871722,-6.773616,-6.563131,-6.152492,-4.872247,-5.422377,-4.41114,-4.539809,-3.581637,-0.4827621,23,23,23,23,23,23,23,23,23,23,23,23,23,23,23,23,411,4110,-1.345032,-1.713399,-1.572524,-1.551342,-11.55999,-13.25766,-1.828418,-2.477239,-1.682846,-2.318812,-1.971361,-2.154967,-1.920143,-2.33909,-2.288539,-2.034838,23,23,23,23,22,22,23,23,23,23,23,23,23,23,23,23,411,4110,-1.722798,-2.942049,-5.494177,-2.192866,-2.071959,-1.401629,-1.293366,-68.90299,-0.865311,-0.7257998,0.9535726,0.2425497,0.11111,1.224303,-0.1107199,1.053136,22,22,22,22,22,22,22,22,22,22,22,22,22,22,22,22
412,4120,-46.53115,-52.35199,-12.55815,-9.990828,-8.810572,-7.160633,-6.892468,-6.397447,-6.439428,-5.045041,-5.585106,-4.539837,-4.41114,-3.70353,-3.820409,0.8449637,23,23,23,23,23,23,23,23,23,23,23,23,23,23,23,23,412,4120,-1.614029,-1.581599,-1.179756,-2.585576,-10.77187,-13.62588,-1.828418,-1.825345,-1.423948,-1.932568,-1.971361,-1.616229,-0.8960864,-2.116324,-1.80674,-2.034838,23,23,23,23,22,22,23,23,23,23,23,23,23,23,23,23,412,4120,-2.297351,-3.709529,-6.771885,-2.708825,-2.848949,-2.16613,-2.457322,-68.90299,0.1235102,0.1209024,-3.652083E-05,-3.210623E-06,0.6615392,0.4461224,-0.3320571,0.7020283,22,22,22,22,22,22,22,22,22,22,22,22,22,22,22,22
413,4130,-49.17622,-52.83561,-14.15796,-11.81753,-9.534734,-8.147776,-8.168402,-6.146668,-5.696897,-5.660291,-5.109867,-5.170223,-4.05353,-4.181404,-2.507165,-1.086274,23,23,23,23,23,23,23,23,23,23,23,23,23,23,23,23,413,4130,-1.210533,-1.318001,-1.572524,-2.456296,-9.195737,-13.13494,-2.350823,-1.173447,-2.071194,-2.576308,-1.971361,-1.481547,-1.152146,-1.448021,-1.92719,-1.469614,23,23,23,23,22,22,23,23,23,23,23,23,23,23,23,23,413,4130,-1.378063,-2.686223,-5.621948,-1.805897,-1.812962,-1.401629,0.2585771,-67.7002,-0.2472978,-0.8467568,0.2383655,0.4851026,0.7715737,0.6684605,-4.976465E-05,0.233881,22,22,22,22,22,22,22,22,22,22,22,22,22,22,22,22
414,4140,-48.45483,-53.31923,-14.15796,-12.30465,-9.896815,-7.654204,-6.254502,-5.51972,-5.077669,-4.55284,-3.684148,-4.161607,-3.218985,-3.584066,-2.865323,0.2414517,23,23,23,23,23,23,23,23,23,23,23,23,23,23,23,23,414,4140,-2.286523,-1.4498,-2.096222,-2.714855,-10.37786,-13.13494,-2.742628,-1.04307,-2.33009,-2.576308,-1.314249,-1.885594,-2.048196,-1.225307,-1.445391,-1.582657,23,23,23,23,22,22,23,23,23,23,23,23,23,23,23,23,414,4140,-1.607886,-3.197876,-6.388573,-1.934886,-2.589952,-2.16613,-2.457322,-68.90299,0.2471128,0.4837766,-0.4768413,-0.2425593,0.0009728187,0.6684605,-0.5533957,0.4679547,22,22,22,22,22,22,22,22,22,22,22,22,22,22,22,22
415,4150,-52.78313,-54.40738,-13.78878,-12.42643,-9.414041,-8.271168,-5.744129,-6.272058,-3.839213,-5.783341,-3.921768,-3.909452,-2.861323,-3.703535,-1.910185,-0.7241672,23,23,23,23,23,23,23,23,23,23,23,23,23,23,23,23,415,4150,-2.421022,-1.4498,-2.358068,-1.93918,-9.85245,-13.13494,-2.089621,-0.9126902,-2.588988,-1.546323,-1.44567,-1.346863,-1.408162,-1.448073,-1.445443,-1.469614,23,23,23,23,22,22,23,23,23,23,23,23,23,23,23,23,415,4150,-1.837709,-2.942049,-5.621948,-1.676907,-1.294968,-1.529046,-2.069336,-67.4815,0.1235102,-0.3629256,-0.5960425,-0.2425593,0.4413162,1.001967,0.5533476,-0.1172263,22,22,22,22,22,22,22,22,22,22,22,22,22,22,22,22
416,4160,-50.97968,-55.1328,-14.52715,-13.52246,-9.776121,-8.764739,-5.871722,-6.773616,-4.829978,-5.291141,-4.278198,-4.161607,-3.695868,-4.06194,-2.268343,-0.2413521,23,23,23,23,23,23,23,23,23,23,23,23,23,23,23,23,416,4160,-1.883027,-2.899595,-2.358068,-1.93918,-9.32709,-13.13494,-1.567216,-2.216482,-2.977336,-1.675071,-1.314249,-1.481547,-1.408162,-1.782223,-0.9636443,-1.921792,23,23,23,23,22,22,23,23,23,23,23,23,23,23,23,23,416,4160,-1.492975,-1.918744,-5.494177,-2.063876,-2.589952,-2.803214,-2.58665,-68.79366,0.2471128,0.4837766,-0.2384389,-0.3638342,0.551402,0.4461232,-0.2213355,0.233881,22,22,22,22,22,22,22,22,22,22,22,22,22,22,22,22
417,4170,-50.97968,-53.56104,-13.78878,-12.54821,-9.896815,-8.147776,-4.978569,-5.51972,-3.963058,-4.18369,-3.090099,-3.026913,-1.907558,-3.34513,-1.910185,-0.1206504,23,23,23,23,23,23,23,23,23,23,23,23,23,23,23,23,417,4170,-2.017526,-2.767796,-1.965299,-1.422063,-10.24651,-13.25766,-1.436614,-2.60762,-2.33009,-1.932568,-1.44567,-1.885594,-1.280154,-2.004989,-1.806792,-2.487019,23,23,23,23,22,22,23,23,23,23,23,23,23,23,23,23,417,4170,-2.412263,-3.325788,-5.87749,-1.547917,-1.424466,-1.019379,-3.103964,-69.34039,0.7415238,-0.2419686,-0.1192377,-0.6063871,0.0009728187,0.4461232,3.210623E-06,0.3509211,22,22,22,22,22,22,22,22,22,22,22,22,22,22,22,22
418,4180,-48.93576,-53.80285,-14.28103,-13.2789,-11.46583,-7.407419,-4.468195,-4.391214,-3.467676,-3.07624,-3.090099,-2.396528,-2.384441,-2.867255,-2.6265,0.2414565,23,23,23,23,23,23,23,23,23,23,23,23,23,23,23,23,418,4180,-3.362513,-3.690392,-2.358068,-1.680621,-10.24651,-13.62588,-1.828418,-2.868377,-1.294499,-1.031331,-1.44567,-1.885594,-1.920188,-2.227758,-1.806792,-1.921792,23,23,23,23,22,22,23,23,23,23,23,23,23,23,23,23,418,4180,-1.952617,-3.581614,-4.983094,-1.805897,-1.683463,-2.54838,-2.58665,-68.57496,-0.1236949,0.3628196,-3.652083E-05,-0.3638342,-0.109113,0.5572919,0.3320105,0.8190684,22,22,22,22,22,22,22,22,22,22,22,22,22,22,22,22
419,4190,-48.93576,-53.44014,-15.51165,-14.4967,-12.91416,-7.160633,-4.468195,-4.140435,-3.34383,-3.07624,-3.446528,-2.774759,-3.338207,-2.986723,-1.313256,5.136996E-05,23,23,23,23,23,23,23,23,23,23,23,23,23,23,23,23,419,4190,-5.917988,-4.876589,-3.27454,-2.197738,-10.37786,-12.39845,-1.959019,-2.086102,-1.682846,-1.031331,-1.577093,-0.9428154,-1.280154,-2.116375,-1.686342,-0.3391638,23,23,23,23,22,22,23,23,23,23,23,23,23,23,23,23,419,4190,-2.871905,-3.325788,-5.238635,-1.418927,-1.94246,-1.529046,-3.103964,-68.57496,0.3707153,0.7256906,0.1191647,-0.4851122,-0.5494596,-0.1097206,0.5533476,0.3509211,22,22,22,22,22,22,22,22,22,22,22,22,22,22,22,22
420,4200,-51.70106,-54.28647,-16.61921,-17.17587,-13.27624,-8.271168,-4.595789,-4.015046,-3.34383,-3.32234,-2.61486,-2.648682,-2.384441,-2.986723,-2.387728,0.1207547,23,23,23,23,23,23,23,23,23,23,23,23,23,23,23,23,420,4200,-8.606801,-6.062785,-3.92916,-2.973466,-10.11516,-13.01217,-2.089621,-2.086102,-1.423948,-1.546323,-1.839937,-1.481547,-2.432219,-1.893606,-1.927242,-1.243522,23,23,23,23,22,22,23,23,23,23,23,23,23,23,23,23,420,4200,-1.952617,-3.453701,-5.366405,-1.418874,-1.812962,-2.675797,-2.457322,-68.24693,0.1235102,0.8466508,-0.2384389,0.2425497,0.1110587,0.223786,0.7746863,1.521283,22,22,22,22,22,22,22,22,22,22,22,22,22,22,22,22
421,4210,-49.53691,-54.28647,-16.86534,-16.32341,-13.15555,-8.888132,-4.468195,-3.889656,-3.096139,-3.44539,-2.971288,-3.279067,-2.622882,-2.747787,-2.268343,-0.3620555,23,23,23,23,23,23,23,23,23,23,23,23,23,23,23,23,421,4210,-9.547286,-6.326384,-3.798237,-3.361304,-9.064333,-14.2396,-2.612026,-1.825345,-1.812295,-2.190064,-1.839937,-2.154959,-2.176203,-1.559457,-1.445443,-2.373973,23,23,23,23,22,22,23,23,23,23,23,23,23,23,23,23,421,4210,-2.412263,-3.581614,-6.260802,-1.934834,-1.683463,-2.038713,-3.103964,-68.90299,0.3707153,0.1209024,-0.3576401,-0.7276652,-0.109113,-0.2208884,-0.1106654,0.7020283,22,22,22,22,22,22,22,22,22,22,22,22,22,22,22,22
422,4220,-51.4606,-54.52828,-16.37309,-14.37492,-10.2589,-7.654204,-3.447449,-3.764266,-1.981529,-3.44539,-2.61486,-3.657298,-2.145999,-4.06194,-2.984658,-0.4827573,23,23,23,23,23,23,23,23,23,23,23,23,23,23,23,23,422,4220,-9.547286,-6.985383,-4.714697,-3.361304,-9.327039,-14.36232,-1.959019,-2.086102,-2.071194,-1.417575,-1.44567,-2.154959,-1.536169,-1.225307,-1.806792,-2.487019,23,23,23,23,22,22,23,23,23,23,23,23,23,23,23,23,422,4220,-1.952617,-3.965353,-6.00526,-0.9029154,-1.94246,-2.420964,-3.362622,-68.57496,-0.1236949,0.9676079,0.7151702,0.6063775,0.4413162,0.3349546,0.5533476,1.287209,22,22,22,22,22,22,22,22,22,22,22,22,22,22,22,22
423,4230,-53.26406,-54.891,-15.88084,-12.91356,-9.293346,-6.790454,-3.064668,-3.889656,-3.096139,-3.44539,-2.61486,-2.522605,-2.26522,-3.584066,-1.432642,-1.448376,23,23,23,23,23,23,23,23,23,23,23,23,23,23,23,23,423,4230,-8.338092,-6.721783,-4.976549,-2.714907,-9.721046,-14.73054,-2.350823,-1.825345,-2.459539,-1.675071,-2.365628,-2.424324,-1.536169,-1.893606,-2.28859,-2.600065,23,23,23,23,22,22,23,23,23,23,23,23,23,23,23,23,423,4230,-2.297351,-3.709527,-6.13303,-1.805844,-2.330956,-2.038713,-2.586599,-69.12169,0.3707153,0.3628196,0.1191647,-0.2425593,-0.4393705,0.1126174,0.6640178,1.053136,22,22,22,22,22,22,22,22,22,22,22,22,22,22,22,22
424,4240,-51.82129,-55.97914,-16.61921,-15.22738,-10.98306,-7.037241,-3.575042,-3.889657,-2.476911,-2.953189,-2.733669,-2.900836,-2.26522,-2.747787,-2.507114,0.9656702,23,23,23,23,23,23,23,23,23,23,23,23,23,23,23,23,424,4240,-8.203736,-6.853582,-5.369317,-2.714907,-10.77182,-13.50311,-2.089621,-1.173444,-1.941744,-1.546323,-2.759896,-1.750911,-1.02414,-1.448073,-2.28859,-2.600065,23,23,23,23,22,22,23,23,23,23,23,23,23,23,23,23,424,4240,-1.722798,-3.453701,-5.877489,-1.289884,-2.589952,-3.695131,-3.103913,-69.77776,-0.2472978,0.3628196,-0.1192377,-0.1212813,0.0009728187,0.223786,0.5533476,0.7020283,22,22,22,22,22,22,22,22,22,22,22,22,22,22,22,22
425,4250,-54.34613,-55.0119,-16.86534,-14.37492,-11.82792,-7.777597,-5.361348,-4.015046,-3.715368,-2.214889,-2.49605,-2.144363,-2.384441,-2.030976,-2.507114,-0.2413521,23,23,23,23,23,23,23,23,23,23,23,23,23,23,23,23,425,4250,-8.338092,-5.930985,-4.583774,-2.844186,-10.90317,-13.9941,-1.436614,-1.434204,-1.941743,-2.318812,-2.89132,-1.616229,-2.048196,-1.893606,-2.770389,-1.808749,23,23,23,23,22,22,23,23,23,23,23,23,23,23,23,23,425,4250,-2.527171,-4.349093,-6.260802,-1.934834,-2.460454,-2.16613,-2.586599,-69.01234,0.3707667,0.8466508,-0.1192377,-0.7276652,-0.4393705,-0.5543951,0.3320105,1.053136,22,22,22,22,22,22,22,22,22,22,22,22,22,22,22,22
426,4260,-56.75074,-56.46276,-17.84984,-14.98382,-12.31069,-9.381702,-6.382095,-6.146668,-3.591522,-3.322392,-2.852479,-2.396528,-2.861323,-2.747787,-1.313256,-0.3620555,23,23,23,23,23,23,23,23,23,23,23,23,23,23,23,23,426,4260,-8.472446,-6.985383,-4.191006,-4.136979,-10.50916,-13.62583,-1.697817,-1.825342,-1.553396,-2.705004,-2.628473,-1.885594,-1.408162,-2.561907,-2.168141,-2.26093,23,23,23,23,22,22,23,23,23,23,23,23,23,23,23,23,426,4260,-2.067529,-4.477006,-5.877489,-2.450793,-2.719451,-3.567715,-3.36257,-69.34038,-0.1236435,0.0009856612,-3.652083E-05,-3.210623E-06,-0.7696312,-0.4432257,-0.6640114,1.287209,22,22,22,22,22,22,22,22,22,22,22,22,22,22,22,22
427,4270,-57.11143,-55.61643,-18.9574,-16.68875,-13.87971,-10.98581,-8.040809,-6.773616,-4.086905,-4.798993,-2.37724,-2.900836,-1.788338,-3.34513,-1.552028,0.6035634,23,23,23,23,23,23,23,23,23,23,23,23,23,23,23,23,427,4270,-7.262976,-5.667387,-4.191006,-4.007699,-9.983752,-13.01211,-1.828418,-1.434204,-2.459538,-2.962501,-2.102784,-2.559006,-1.920188,-1.559457,-1.686342,-1.582657,23,23,23,23,22,22,23,23,23,23,23,23,23,23,23,23,427,4270,-2.756994,-4.349093,-6.00526,-2.450793,-1.553965,-2.038713,-3.103913,-68.79365,0.8651778,-0.2409701,0.2384164,-0.3638342,0.0009728187,0.3349546,0.5533476,0.3509211,22,22,22,22,22,22,22,22,22,22,22,22,22,22,22,22
428,4280,-61.19928,-57.06728,-19.9419,-19.97682,-15.56941,-12.21974,-8.168402,-7.149784,-4.334596,-4.675943,-2.49605,-3.531222,-2.026779,-3.584066,-2.6265,-0.9655659,23,23,23,23,23,23,23,23,23,23,23,23,23,23,23,23,428,4280,-7.531973,-5.140188,-4.583774,-3.232024,-10.77182,-12.88939,-2.87323,-1.564581,-3.106781,-2.705004,-1.708517,-2.020278,-1.920188,-2.004989,-1.565893,-1.921792,23,23,23,23,22,22,23,23,23,23,23,23,23,23,23,23,428,4280,-2.412263,-3.965353,-5.238635,-2.063824,-2.071959,-3.695131,-2.845255,-69.01234,-0.1236435,0.3639241,0.8344224,0.4850545,-0.109113,0.6684605,0.7746863,1.053136,22,22,22,22,22,22,22,22,22,22,22,22,22,22,22,22
429,4290,-64.4455,-58.39724,-22.64927,-21.43818,-15.56941,-12.8367,-8.678775,-7.651342,-5.201515,-4.060693,-2.971288,-3.15299,-1.907558,-2.986723,-1.313256,-0.9655659,23,23,23,23,23,23,23,23,23,23,23,23,23,23,23,23,429,4290,-6.993978,-4.61299,-5.238394,-3.232024,-10.11511,-13.25761,-2.220223,-2.086099,-2.847885,-1.932516,-1.708517,-2.020278,-1.664128,-2.339141,-1.806792,-2.147884,23,23,23,23,22,22,23,23,23,23,23,23,23,23,23,23,429,4290,-2.642082,-4.349093,-5.494176,-2.837762,-2.071959,-2.16613,-2.586599,-69.34038,-0.1236435,-0.3619496,-0.3575895,0.1212235,-0.1091194,0.001448793,0.442679,1.404249,22,22,22,22,22,22,22,22,22,22,22,22,22,22,22,22
430,4300,-66.36919,-58.03453,-21.41865,-18.63723,-13.75901,-11.2326,-7.402842,-6.522838,-4.086905,-3.568492,-1.66438,-2.522605,-1.549896,-1.792038,-1.432642,0.1207547,23,23,23,23,23,23,23,23,23,23,23,23,23,23,23,23,430,4300,-6.321485,-6.458184,-4.976549,-2.844186,-9.983752,-13.62583,-2.089621,-2.607616,-2.330089,-1.932516,-1.44567,-1.750913,-1.408113,-2.227707,-2.047691,-2.713108,23,23,23,23,22,22,23,23,23,23,23,23,23,23,23,23,430,4300,-2.18244,-3.197874,-5.621947,-2.321803,-2.460454,-3.058048,-3.233242,-69.44973,0.4943693,0.1219651,0.2384164,0.2425015,0.0009663975,0.8907961,0.3320105,1.053136,22,22,22,22,22,22,22,22,22,22,22,22,22,22,22,22
431,4310,-66.12873,-57.18819,-21.9109,-17.05409,-14.84525,-11.97295,-9.444335,-7.275175,-4.706133,-3.691543,-2.37724,-2.270423,-2.026779,-1.792038,-1.074536,0.3621582,23,23,23,23,23,23,23,23,23,23,23,23,23,23,23,23,431,4310,-6.724981,-6.721783,-4.452851,-3.232024,-10.64052,-13.13489,-2.220223,-3.781028,-2.588987,-1.417524,-2.234205,-2.020278,-1.408113,-2.673238,-2.28859,-2.373973,23,23,23,23,22,22,23,23,23,23,23,23,23,23,23,23,431,4310,-2.642082,-4.093267,-5.621947,-2.450793,-2.978448,-1.656463,-3.233242,-69.44973,0.1235616,0.3639241,0.1192152,-0.1213294,-0.2192053,-0.6655645,0.2212874,0.5849947,22,22,22,22,22,22,22,22,22,22,22,22,22,22,22,22
432,4320,-67.09058,-57.67181,-21.41865,-17.78477,-14.60386,-11.97295,-8.933962,-7.275175,-4.21075,-4.060693,-2.37724,-2.396528,-2.026779,-2.50885,-1.313307,-0.4828118,23,23,23,23,23,23,23,23,23,23,23,23,23,23,23,23,432,4320,-7.262976,-5.667387,-3.92916,-3.232024,-10.37781,-13.01211,-1.959019,-2.737997,-2.071192,-2.061264,-2.102784,-1.616231,-2.304163,-2.004938,-2.40904,-1.921741,23,23,23,23,22,22,23,23,23,23,23,23,23,23,23,23,432,4320,-2.18244,-3.83744,-5.366405,-1.805844,-2.460454,-2.803214,-2.845255,-69.01234,0.3707667,0.8478388,0.4768188,0.7276074,0.5513955,0.4461216,0.7746333,1.625243,22,22,22,22,22,22,22,22,22,22,22,22,22,22,22,22
433,4330,-65.40735,-57.55091,-22.64927,-18.75901,-13.75901,-11.2326,-8.040809,-7.024395,-3.839213,-3.568492,-1.66438,-2.144312,-1.430676,-1.314164,-0.9551498,0.1207002,23,23,23,23,23,23,23,23,23,23,23,23,23,23,23,23,433,4330,-7.397475,-5.535587,-4.583774,-4.136979,-10.24646,-13.25761,-3.265033,-2.998754,-2.330089,-2.061264,-2.102784,-1.885596,-2.304163,-2.227707,-1.324993,-1.921741,23,23,23,23,22,22,23,23,23,23,23,23,23,23,23,23,433,4330,-2.98682,-4.477006,-5.877489,-3.095742,-2.201457,-1.78388,-1.939956,-68.90298,0.1235616,0.4849004,-0.1191871,0.1212235,-0.549466,0.001447188,0.2212874,0.9231439,22,22,22,22,22,22,22,22,22,22,22,22,22,22,22,22
434,4340,-64.08481,-58.16541,-21.54171,-18.02833,-13.15555,-11.84956,-7.913215,-8.152902,-4.706133,-5.783394,-2.25843,-4.539838,-1.192234,-3.225661,-1.910236,-0.4828118,23,23,23,23,23,23,23,23,23,23,23,23,23,23,23,23,434,4340,-6.590483,-5.008389,-3.92916,-4.136979,-9.589693,-13.9941,-2.87323,-2.607616,-2.200639,-2.31876,-2.102784,-2.289644,-1.536121,-1.670789,-1.445443,-2.260879,23,23,23,23,22,22,23,23,23,23,23,23,23,23,23,23,434,4340,-2.527177,-4.221179,-6.388573,-1.676854,-1.812962,-2.420964,-2.845255,-69.12168,-0.1236435,-0.6039085,1.404647E-05,-0.3638823,-0.549466,-0.1097214,-4.976465E-05,0.6891088,22,22,22,22,22,22,22,22,22,22,22,22,22,22,22,22
435,4350,-66.24895,-58.28633,-23.87989,-20.22038,-14.36248,-11.97295,-9.827115,-9.156017,-6.686833,-7.75185,-3.921768,-5.044146,-2.26522,-2.628319,-0.8357636,-0.9656205,23,23,23,23,23,23,23,23,23,23,23,23,23,23,23,23,435,4350,-6.321486,-5.140188,-3.798237,-3.361304,-9.721046,-14.60782,-2.350823,-1.564581,-1.812294,-2.190012,-1.839937,-2.020278,-1.664128,-1.559406,-1.324993,-2.826102,23,23,23,23,22,22,23,23,23,23,23,23,23,23,23,23,435,4350,-2.297355,-3.83744,-5.621947,-1.289884,-1.294968,-1.274213,-1.551971,-69.01234,0.8651778,0.7268593,1.404647E-05,-0.2426075,-0.1091194,0.2237844,0.2212874,0.4550737,22,22,22,22,22,22,22,22,22,22,22,22,22,22,22,22
436,4360,-63.36343,-57.80263,-24.86439,-22.41243,-15.08663,-11.97295,-10.46508,-9.908354,-7.800157,-8.243572,-3.802958,-5.926685,-3.576648,-3.34513,-2.626551,-0.120705,23,23,23,23,23,23,23,23,23,23,23,23,23,23,23,23,436,4360,-5.379995,-4.744789,-4.191006,-2.714907,-10.11511,-14.73054,-2.220223,-2.086099,-2.588987,-1.160027,-2.102784,-2.424327,-0.7680773,-1.225255,-2.28859,-2.260879,23,23,23,23,22,22,23,23,23,23,23,23,23,23,23,23,436,4360,-1.263159,-4.093266,-6.516343,-1.676906,-1.553965,-1.529046,-2.327942,-68.57495,0.4943693,0.2429446,-0.2383883,0.8488822,-0.2192053,-0.1097214,0.1106188,1.274193,22,22,22,22,22,22,22,22,22,22,22,22,22,22,22,22
437,4370,-61.43974,-56.35151,-24.98745,-20.0986,-14.96593,-12.71331,-12.76176,-11.03686,-10.1505,-9.964602,-5.466295,-7.313532,-4.530412,-4.300878,-3.22348,0.3621053,23,23,23,23,23,23,23,23,23,23,23,23,23,23,23,23,437,4370,-4.438503,-4.48119,-3.405463,-2.714907,-10.50922,-14.11683,-2.350823,-1.564581,-2.459538,-0.645035,-1.971361,-1.885596,-0.6400697,-1.448021,-2.047691,-1.582606,23,23,23,23,22,22,23,23,23,23,23,23,23,23,23,23,437,4370,-1.722801,-3.709527,-5.238635,-1.160947,-1.165521,-1.274213,-1.939956,-68.79365,0.1235616,-0.2409701,0.2384164,-0.2426075,-0.4393801,0.4461216,0.2212874,0.5720944,22,22,22,22,22,22,22,22,22,22,22,22,22,22,22,22
438,4380,-67.21081,-58.28633,-28.06401,-22.41243,-16.05218,-13.94724,-13.01695,-12.41615,-10.64531,-11.68563,-6.178773,-8.700379,-6.08028,-5.973437,-4.775496,-0.3621085,23,23,23,23,23,23,23,23,23,23,23,23,23,23,23,23,438,4380,-3.631511,-4.085791,-3.012694,-2.973466,-10.90322,-13.25766,-2.350823,-1.825342,-1.941743,-1.417524,-1.708517,-1.077501,-0.8960848,-1.670789,-1.927242,-1.243471,23,23,23,23,22,22,23,23,23,23,23,23,23,23,23,23,438,4380,-1.60789,-3.453701,-6.00526,-0.7739768,-1.036023,-1.911296,-3.491898,-69.12168,-0.2472464,0.3639241,0.1192152,0.4850545,-0.4393801,-0.4432273,0.7746333,1.040158,22,22,22,22,22,22,22,22,22,22,22,22,22,22,22,22
439,4390,-71.05817,-58.40726,-29.66382,-21.43819,-14.72455,-12.09634,-12.37898,-11.53842,-10.39791,-11.43977,-6.29745,-9.835073,-7.272488,-7.884933,-6.805055,-0.120705,23,23,23,23,23,23,23,23,23,23,23,23,23,23,23,23,439,4390,-3.228015,-3.953992,-2.61992,-2.327069,-11.03458,-13.50316,-2.089672,-1.955719,-1.035601,-2.061264,-1.971361,-1.212183,-0.8960848,-2.33909,-1.565893,-1.130428,23,23,23,23,22,22,23,23,23,23,23,23,23,23,23,23,439,4390,-2.297355,-3.709527,-5.749718,-1.805895,-1.813014,-1.656463,-3.103964,-68.79365,-0.1236435,-0.2409701,0.2384164,-0.3638823,-0.3292943,0.1126166,0.2212874,1.157173,22,22,22,22,22,22,22,22,22,22,22,22,22,22,22,22
440,4400,-70.69749,-59.49559,-28.31013,-19.4897,-13.27623,-12.58992,-11.35824,-12.29076,-10.27421,-12.79201,-7.602915,-9.961149,-7.987811,-10.03298,-7.998369,-0.2414067,23,23,23,23,23,23,23,23,23,23,23,23,23,23,23,23,440,4400,-3.362513,-2.635996,-2.750842,-2.844186,-9.85245,-13.13494,-2.481476,-0.7823035,-1.682845,-2.31876,-1.051402,-1.212183,-1.280106,-1.670789,-1.686342,-1.808698,23,23,23,23,22,22,23,23,23,23,23,23,23,23,23,23,440,4400,-1.837712,-2.686221,-5.749718,-1.418926,-1.683515,-2.420964,-2.974636,-68.6843,-4.093544E-05,0.8478388,0.1192152,0.2425015,-0.2192053,0.2237844,0.2212874,0.9231439,22,22,22,22,22,22,22,22,22,22,22,22,22,22,22,22
441,4410,-73.82349,-59.49559,-31.01751,-23.99557,-16.29356,-13.20688,-12.1238,-12.16537,-10.64531,-12.17736,-8.90838,-11.60015,-9.53768,-10.98766,-9.19049,-0.6035136,23,23,23,23,23,23,23,23,23,23,23,23,23,23,23,23,441,4410,-2.959017,-2.372397,-2.750842,-3.361304,-10.37786,-13.38039,-1.828469,-1.694958,-2.071192,-2.705004,-1.44567,-1.077501,-2.048148,-1.893555,-1.565893,-1.356517,23,23,23,23,22,22,23,23,23,23,23,23,23,23,23,23,441,4410,-1.722801,-3.709527,-6.644114,-1.547916,-1.165521,-1.401629,-2.069336,-69.01234,-0.2472464,-0.724888,-0.9535951,-0.7277133,-1.430153,-0.1097214,-4.976465E-05,0.9231439,22,22,22,22,22,22,22,22,22,22,22,22,22,22,22,22
442,4420,-74.42463,-60.58393,-32.61732,-27.28364,-16.41426,-13.20688,-13.27214,-13.41926,-11.38753,-13.03787,-8.552344,-9.961149,-9.180017,-10.51032,-9.548124,0.1207002,23,23,23,23,23,23,23,23,23,23,23,23,23,23,23,23,442,4420,-3.76601,-2.240597,-3.27454,-3.361304,-9.85245,-12.76667,-2.481476,-1.303821,-2.588987,-2.576256,-1.44567,-0.9428186,-1.792133,-1.336638,-1.927242,-1.808698,23,23,23,23,22,22,23,23,23,23,23,23,23,23,23,23,442,4420,-1.952624,-3.453701,-5.621947,-1.418926,-1.813014,-2.930631,-2.715979,-69.01234,0.1235616,-0.1199938,0.1192152,1.091438,-0.549466,-0.1097214,-4.976465E-05,1.040158,22,22,22,22,22,22,22,22,22,22,22,22,22,22,22,22
443,4430,-78.03155,-60.82579,-36.30919,-31.05884,-18.82813,-13.45366,-13.65492,-13.29387,-12.37715,-13.40666,-9.620451,-12.10446,-10.96833,-10.74899,-10.62103,-0.2414067,23,23,23,23,23,23,23,23,23,23,23,23,23,23,23,23,443,4430,-4.035007,-2.240597,-4.845626,-3.102745,-10.11516,-12.76667,-2.220274,-2.477233,-2.977334,-2.31876,-0.7885578,-2.020278,-2.304163,-1.448021,-1.806792,-1.695652,23,23,23,23,22,22,23,23,23,23,23,23,23,23,23,23,443,4430,-1.952624,-3.453701,-5.494176,-2.321855,-2.460506,-1.911296,-2.58665,-68.6843,0.6179726,0.3639241,-0.3575895,-0.7277133,-0.2192053,-0.22089,0.1106188,1.391208,22,22,22,22,22,22,22,22,22,22,22,22,22,22,22,22
444,4440,-80.79685,-63.12338,-38.77044,-33.00732,-22.93171,-14.81098,-14.54807,-14.04621,-13.11936,-13.89839,-10.92592,-12.23053,-11.32557,-11.22633,-10.74024,-0.3621085,23,23,23,23,23,23,23,23,23,23,23,23,23,23,23,23,444,4440,-5.245495,-4.349391,-4.714697,-2.585628,-9.721098,-13.38039,-2.089672,-2.086096,-2.588987,-1.67502,-1.577093,-1.750913,-1.536121,-1.448021,-1.445443,-1.356517,23,23,23,23,22,22,23,23,23,23,23,23,23,23,23,23,444,4440,-2.067532,-3.83744,-5.366405,-1.676906,-2.460506,-3.058048,-2.974636,-68.57496,-0.1236435,-0.1199938,0.2384164,-0.1213294,-0.3292943,0.4461216,0.3319575,1.157173,22,22,22,22,22,22,22,22,22,22,22,22,22,22,22,22
445,4450,-80.31593,-64.21172,-38.8935,-32.15486,-23.0524,-15.30456,-12.76176,-13.41926,-11.88234,-12.42322,-9.501772,-11.97838,-11.20655,-11.94235,-10.74024,-0.3621085,23,23,23,23,23,23,23,23,23,23,23,23,23,23,23,23,445,4450,-4.842,-5.403787,-4.845626,-2.844186,-9.458443,-13.01217,-1.306064,-2.86837,-2.718436,-1.67502,-1.182826,-2.559009,-1.40811,-2.561855,-1.445443,-2.486968,23,23,23,23,22,22,23,23,23,23,23,23,23,23,23,23,445,4450,-2.642086,-3.197874,-5.110864,-1.676906,-1.683515,-1.911296,-1.810679,-68.13757,0.7415752,0.2429446,0.7152212,-0.3638823,-0.3292365,0.2237844,0.5532947,0.9231439,22,22,22,22,22,22,22,22,22,22,22,22,22,22,22,22
446,4460,-79.59454,-63.24431,-36.55531,-28.50145,-17.86258,-12.96009,-11.86861,-12.54154,-11.63493,-13.1608,-10.21384,-12.48269,-11.32557,-12.53903,-11.21709,0.482807,23,23,23,23,23,23,23,23,23,23,23,23,23,23,23,23,446,4460,-5.514493,-5.799186,-4.321929,-2.973466,-9.983804,-13.62588,-2.220274,-3.650645,-2.071192,-1.546272,-1.708517,-1.346866,-1.024089,-2.450476,-1.686342,-1.921741,23,23,23,23,22,22,23,23,23,23,23,23,23,23,23,23,446,4460,-2.412266,-3.453701,-5.366405,-2.063875,-1.942513,-2.54838,-1.810679,-68.13757,-0.1236435,0.1219651,0.2384164,-0.3638823,-0.1090649,0.3349538,-0.2213885,0.8061231,22,22,22,22,22,22,22,22,22,22,22,22,22,22,22,22
447,4470,-80.31593,-63.48617,-34.58632,-26.3094,-16.05218,-13.45366,-11.23064,-14.04621,-12.62455,-15.00476,-11.04459,-13.11307,-11.20655,-11.94235,-10.38261,-0.9656205,23,23,23,23,23,23,23,23,23,23,23,23,23,23,23,23,447,4470,-6.724982,-5.271987,-4.845626,-3.361304,-10.64057,-12.64395,-2.350874,-2.346856,-1.941743,-0.9025313,-1.708517,-0.9428186,-1.536118,-2.561859,-2.28859,-1.356517,23,23,23,23,22,22,23,23,23,23,23,23,23,23,23,23,447,4470,-2.297355,-3.197874,-5.621947,-1.289937,-1.554017,-2.16613,-2.58665,-68.57496,0.8651778,-1.087823,-0.3575895,-0.4851604,0.001020978,0.557291,0.5533476,0.3380593,22,22,22,22,22,22,22,22,22,22,22,22,22,22,22,22
448,4480,-81.15755,-63.24431,-34.09407,-25.0916,-15.81079,-12.8367,-12.1238,-13.54465,-12.37715,-13.03787,-10.68856,-11.09584,-10.13373,-10.98766,-8.832852,-0.9656205,23,23,23,23,23,23,23,23,23,23,23,23,23,23,23,23,448,4480,-7.128478,-6.326384,-4.583774,-3.232024,-10.64057,-13.25766,-2.873281,-2.216476,-1.682845,-1.546272,-1.971361,-1.212183,-1.664125,-2.004941,-1.445443,-1.469563,23,23,23,23,22,22,23,23,23,23,23,23,23,23,23,23,448,4480,-1.837712,-3.069961,-5.238635,-1.547916,-1.813014,-3.185465,-2.198665,-68.02823,0.1235616,0.9688182,1.404647E-05,-0.1213294,0.1111068,0.3349538,-0.2213355,1.157121,22,22,22,22,22,22,22,22,22,22,22,22,22,22,22,22
449,4490,-80.79685,-62.51875,-33.47875,-25.7005,-16.17287,-12.46652,-11.35824,-12.9177,-11.01642,-12.17736,-10.33252,-10.84369,-9.89529,-9.316964,-8.832852,-0.2414067,23,23,23,23,23,23,23,23,23,23,23,23,23,23,23,23,449,4490,-8.338092,-6.062785,-5.893014,-4.007699,-9.983804,-13.99415,-3.265085,-2.477233,-2.330089,-1.160027,-1.708517,-1.885596,-2.176152,-1.670792,-0.9636443,-1.695652,23,23,23,23,22,22,23,23,23,23,23,23,23,23,23,23,449,4490,-2.182389,-2.942048,-5.621947,-1.805895,-0.9065241,-2.038713,-2.457322,-68.24693,-4.093544E-05,-0.6039085,1.404647E-05,-0.7277133,0.2211926,-0.3320587,-0.2213355,0.2209936,22,22,22,22,22,22,22,22,22,22,22,22,22,22,22,22
450,4500,-84.16331,-62.38709,-39.01656,-32.03308,-17.98328,-12.34313,-12.50658,-12.16537,-11.75863,-11.68563,-11.04459,-11.348,-10.25295,-9.078293,-8.475217,0.6035104,23,23,23,23,23,23,23,23,23,23,23,23,23,23,23,23,450,4500,-7.800672,-6.062785,-5.762092,-5.300492,-9.983804,-14.85332,-2.220274,-1.303821,-1.553396,-1.803768,-0.9199815,-1.885596,-1.536118,-1.002491,-1.686342,-2.373922,23,23,23,23,22,22,23,23,23,23,23,23,23,23,23,23,450,4500,-2.067477,-3.197874,-5.494176,-1.160947,-2.072011,-2.16613,-0.9053795,-67.91888,0.1235616,0.8478388,-0.1191871,-0.4851604,0.4413643,0.3349538,-0.5533412,0.4550223,22,22,22,22,22,22,22,22,22,22,22,22,22,22,22,22
451,4510,-86.087,-63.71705,-38.40125,-30.69349,-17.13842,-13.20688,-11.9962,-11.53842,-10.52161,-11.19391,-9.857808,-9.078609,-9.179967,-9.674971,-7.998369,-0.3621085,23,23,23,23,23,23,23,23,23,23,23,23,23,23,23,23,451,4510,-7.397424,-5.930985,-5.893002,-3.749141,-10.24651,-14.73059,-2.350874,-1.173441,-1.941743,-0.9025313,-1.44567,-1.616231,-0.8960816,-1.002491,-1.084094,-2.147833,23,23,23,23,22,22,23,23,23,23,23,23,23,23,23,23,451,4510,-1.837658,-3.069961,-6.13298,-1.676906,-1.683515,-1.911296,-1.422693,-68.13757,0.4943693,0.0009856612,-0.4767907,-0.3638823,0.001020978,0.001447188,0.1106718,0.1039728,22,22,22,22,22,22,22,22,22,22,22,22,22,22,22,22
452,4520,-88.01069,-63.35434,-39.38575,-31.42418,-17.62119,-12.21974,-11.9962,-11.16225,-9.903098,-9.718741,-9.027058,-9.330763,-9.537628,-9.913642,-8.594428,0.7242121,23,23,23,23,23,23,23,23,23,23,23,23,23,23,23,23,452,4520,-6.859429,-6.721783,-4.845613,-4.395485,-9.85245,-14.85332,-1.697869,-0.9126837,-2.847885,-0.645035,-1.839937,-2.020278,-0.7680756,-1.002491,-1.445443,-1.808698,23,23,23,23,22,22,23,23,23,23,23,23,23,23,23,23,452,4520,-1.607835,-3.069961,-4.471958,-2.321855,-0.9065241,-2.038713,-1.034708,-67.37215,0.3707667,0.7268593,0.3576176,-0.1213294,-0.5494114,0.1126166,-0.6640114,1.274142,22,22,22,22,22,22,22,22,22,22,22,22,22,22,22,22
453,4530,-89.09276,-65.89334,-42.33925,-37.39142,-23.0524,-16.04491,-11.35824,-11.03686,-9.160883,-10.57926,-8.671021,-10.59153,-8.941525,-10.86833,-8.952065,-0.4828118,23,23,23,23,23,23,23,23,23,23,23,23,23,23,23,23,453,4530,-6.859429,-5.535587,-5.762079,-3.619809,-10.50916,-14.2396,-1.567267,-1.303821,-1.553396,-0.7737833,-1.051402,-1.346866,-0.3840531,-1.113874,-1.927242,-1.582606,23,23,23,23,22,22,23,23,23,23,23,23,23,23,23,23,453,4530,-1.607835,-3.197874,-5.494125,-1.547916,-1.035971,-1.019379,-1.552022,-68.24693,-0.2472464,-0.6039085,-1.430207,-0.4851604,-0.5494114,-0.1097214,0.442679,0.2209936,22,22,22,22,22,22,22,22,22,22,22,22,22,22,22,22
454,4540,-86.56792,-67.10239,-41.72394,-33.37267,-22.93171,-16.04491,-12.25139,-11.66381,-9.903098,-10.45633,-9.383093,-9.078609,-8.703085,-9.555635,-7.043775,-0.8449187,23,23,23,23,23,23,23,23,23,23,23,23,23,23,23,23,454,4540,-7.128427,-5.403787,-4.190999,-4.007648,-10.77182,-13.99415,-2.742679,-0.7823035,-1.423946,-1.288775,-1.577093,-0.9428186,-1.40811,-1.113874,-1.927242,-0.7912933,23,23,23,23,22,22,23,23,23,23,23,23,23,23,23,23,454,4540,-1.033281,-2.046656,-5.366354,-1.031957,-1.294968,-1.656463,-1.293366,-67.4815,0.9887803,0.1219651,0.4768188,0.1212235,0.3312785,0.7796283,-0.2213355,1.040107,22,22,22,22,22,22,22,22,22,22,22,22,22,22,22,22
455,4550,-83.92284,-65.28882,-39.38575,-29.59747,-20.27646,-14.5642,-11.10305,-10.78608,-9.655692,-8.981156,-8.314986,-8.574302,-7.510878,-7.884881,-6.566232,-0.2414067,23,23,23,23,23,23,23,23,23,23,23,23,23,23,23,23,455,4550,-6.186935,-5.799186,-3.929154,-5.429719,-10.64052,-13.13494,-2.220274,-1.825338,-1.553396,-2.31876,-1.314249,-1.346866,-0.8960816,-1.448025,-1.084094,-1.695652,23,23,23,23,22,22,23,23,23,23,23,23,23,23,23,23,455,4550,-1.722746,-2.942049,-5.877438,-1.547916,-1.165469,-2.038713,-2.327994,-68.02823,0.6179726,-0.8458642,-0.5959919,-0.3638823,-0.6594972,-0.5543959,-0.1106654,-0.4811054,22,22,22,22,22,22,22,22,22,22,22,22,22,22,22,22
456,4560,-81.63847,-64.20067,-37.53982,-28.62323,-19.79368,-13.08349,-12.1238,-10.66069,-9.655692,-8.489434,-8.552342,-7.691762,-6.795554,-5.973386,-5.969303,-0.2414067,23,23,23,23,23,23,23,23,23,23,23,23,23,23,23,23,456,4560,-6.321434,-5.271987,-3.798224,-4.007648,-10.11511,-13.01217,-1.436665,-1.434201,-1.941743,-2.190012,-1.708517,-1.212183,-0.5120606,-1.448025,-1.084094,-1.469563,23,23,23,23,22,22,23,23,23,23,23,23,23,23,23,23,456,4560,-1.607835,-2.686222,-5.238584,-0.5159968,-1.294968,-2.038713,-2.198665,-68.13757,-4.093544E-05,0.2429446,-0.2383883,-0.3638823,-0.8796689,0.2237844,-0.2213355,0.9230925,22,22,22,22,22,22,22,22,22,22,22,22,22,22,22,22
457,4570,-82.96101,-63.95886,-39.878,-29.23213,-20.27646,-14.19402,-11.61342,-10.66069,-9.779396,-10.08753,-8.077628,-9.204687,-7.868539,-6.690196,-5.133602,-0.3621085,23,23,23,23,23,23,23,23,23,23,23,23,23,23,23,23,457,4570,-6.186935,-4.48119,-3.929154,-4.654043,-9.458341,-13.13494,-2.220274,-1.303821,-1.294497,-2.190012,-0.3942901,-1.077501,-1.40811,-0.7797238,-0.9636443,-1.243471,23,23,23,23,22,22,23,23,23,23,23,23,23,23,23,23,457,4570,-1.837658,-2.558308,-5.749667,-0.7739768,-0.906472,-1.146796,-2.198665,-67.80953,0.4943693,0.1219651,-0.4767907,-1.212819,-0.6594972,-0.3320587,0.442679,0.3380079,22,22,22,22,22,22,22,22,22,22,22,22,22,22,22,22
458,4580,-82.84077,-63.71705,-40.00106,-28.98857,-20.15576,-13.94724,-11.23064,-9.281406,-8.789777,-9.964602,-8.077628,-7.943917,-6.557113,-5.853917,-4.417287,0.3621053,23,23,23,23,23,23,23,23,23,23,23,23,23,23,23,23,458,4580,-6.590432,-4.744789,-4.583767,-3.49053,-9.983752,-12.39845,-2.873281,-1.173441,-1.553396,-1.288775,-1.182826,-0.8081346,-1.40811,-0.7797238,-0.6022952,-1.017382,23,23,23,23,22,22,23,23,23,23,23,23,23,23,23,23,458,4580,-1.378012,-3.069961,-5.110813,-1.160947,-1.553965,-2.54838,-2.845307,-68.35626,-0.1236435,-0.2409701,-0.2383883,-0.2426075,-0.8796689,0.7796283,-0.2213355,0.9230925,22,22,22,22,22,22,22,22,22,22,22,22,22,22,22,22
459,4590,-83.32169,-64.80519,-41.47781,-30.08459,-19.19021,-15.92152,-11.10305,-10.91147,-9.655694,-10.45633,-7.365557,-9.204687,-7.153216,-7.048604,-5.133602,-0.6035136,23,23,23,23,23,23,23,23,23,23,23,23,23,23,23,23,459,4590,-5.783439,-5.140188,-4.321922,-3.231972,-9.8524,-13.50316,-2.089672,-1.173441,-2.200639,-1.288775,-0.3942837,-0.8081346,-1.280103,-0.7797238,-0.4818459,-1.356517,23,23,23,23,22,22,23,23,23,23,23,23,23,23,23,23,459,4590,-2.182389,-3.325788,-5.877438,-1.547916,-0.906472,-1.146796,-1.681351,-67.59084,0.3707667,0.0009856612,-0.2383883,-0.8489882,-0.1090649,0.2237844,3.210623E-06,0.6890574,22,22,22,22,22,22,22,22,22,22,22,22,22,22,22,22
460,4600,-85.48584,-65.40972,-41.10862,-29.23213,-19.91438,-15.92152,-12.76176,-11.16225,-9.655694,-10.45633,-8.196307,-8.826454,-7.033994,-6.690196,-3.462202,-0.6035136,23,23,23,23,23,23,23,23,23,23,23,23,23,23,23,23,460,4600,-4.841948,-4.48119,-4.583767,-3.102693,-10.24646,-13.50316,-1.959071,-1.173441,-2.330089,-1.160027,-1.051399,-1.481548,-0.6400681,-1.225259,-1.324993,-1.017382,23,23,23,23,22,22,23,23,23,23,23,23,23,23,23,23,460,4600,-1.492923,-2.942049,-5.238584,-1.160947,-2.201457,-2.930631,-1.940008,-68.13757,0.1235616,0.1219651,-0.1191871,-0.2426107,-0.5494114,0.1126166,-0.2213355,0.6890574,22,22,22,22,22,22,22,22,22,22,22,22,22,22,22,22
461,4610,-85.36561,-64.80519,-40.24719,-27.64898,-18.70744,-15.79813,-12.37898,-10.91147,-8.666075,-9.34995,-6.534808,-8.19607,-7.033999,-5.614981,-3.939744,-0.4828118,23,23,23,23,23,23,23,23,23,23,23,23,23,23,23,23,461,4610,-5.110945,-5.667387,-4.190999,-2.714855,-9.589693,-13.62588,-1.436665,-2.477233,-1.941743,-1.288775,-1.445666,-1.616231,-1.536121,-2.004941,-1.686342,-2.147833,23,23,23,23,22,22,23,23,23,23,23,23,23,23,23,23,461,4610,-2.182389,-3.325788,-5.494125,-1.934885,-1.94246,-2.293547,-3.879935,-68.6843,-4.093544E-05,0.2429446,-0.2383883,-0.7277165,-0.4393256,-0.4432273,3.210623E-06,-0.01304155,22,22,22,22,22,22,22,22,22,22,22,22,22,22,22,22
462,4620,-86.087,-65.53062,-41.47781,-29.47569,-23.41448,-16.78527,-14.0377,-10.91147,-10.76902,-9.227018,-7.840271,-7.439609,-7.153219,-5.256626,-4.536673,0.3621053,23,23,23,23,23,23,23,23,23,23,23,23,23,23,23,23,462,4620,-4.976447,-5.008389,-2.619913,-2.585576,-9.983752,-13.13494,-1.697869,-2.607613,-1.294497,-1.288775,-1.051399,-1.616231,-1.024092,-1.670792,-1.084094,-2.034787,23,23,23,23,22,22,23,23,23,23,23,23,23,23,23,23,462,4620,-1.722746,-3.069961,-5.749667,-1.676906,-1.683463,-2.16613,-1.940008,-68.13757,0.1235616,0.4849004,0.2384164,-0.2426107,0.001020978,-0.2208387,0.2213419,0.4550223,22,22,22,22,22,22,22,22,22,22,22,22,22,22,22,22
463,4630,-85.12514,-66.49787,-42.09312,-33.25089,-23.17309,-17.27884,-14.54807,-12.54154,-10.64531,-10.45633,-8.07763,-8.448224,-7.033999,-5.853969,-3.820359,-0.2414067,23,23,23,23,23,23,23,23,23,23,23,23,23,23,23,23,463,4630,-4.169454,-4.61299,-2.881759,-2.585576,-9.721046,-13.25766,-2.350874,-2.216476,-1.165048,-1.546272,-2.102778,-1.481548,-1.792133,-2.116324,-1.565893,-1.695652,23,23,23,23,22,22,23,23,23,23,23,23,23,23,23,23,463,4630,-2.182389,-3.709527,-5.494125,-1.289937,-1.294968,-1.146796,-0.9053795,-67.7002,0.1235616,0.2429446,-0.1191871,-0.2426107,-0.5494114,-0.999019,-0.3320571,1.040107,22,22,22,22,22,22,22,22,22,22,22,22,22,22,22,22
464,4640,-84.88468,-67.10239,-42.21619,-33.25089,-21.96616,-17.40223,-14.67566,-11.66381,-10.27421,-10.3334,-7.009521,-8.19607,-6.676336,-6.451311,-4.417287,-0.2414083,23,23,23,23,23,23,23,23,23,23,23,23,23,23,23,23,464,4640,-4.438451,-3.426794,-3.14361,-1.93918,-9.983752,-13.25766,-1.828469,-2.737993,-1.423946,-1.546272,-2.497046,-1.346866,-2.176155,-1.448025,-1.686343,-1.243522,23,23,23,23,22,22,23,23,23,23,23,23,23,23,23,23,464,4640,-1.033281,-3.325788,-6.516292,-1.547916,-1.294968,-1.911296,-1.940008,-68.79366,-4.093544E-05,0.0009856612,0.7152212,0.848879,0.001020978,0.112668,0.5532947,0.5720431,22,22,22,22,22,22,22,22,22,22,22,22,22,22,22,22
465,4650,-84.04308,-67.58601,-43.69294,-34.46869,-21.24199,-17.64902,-12.76176,-11.66381,-9.53199,-10.70219,-7.484236,-9.330763,-6.795557,-8.123604,-6.32746,-0.9656237,23,23,23,23,23,23,23,23,23,23,23,23,23,23,23,23,465,4650,-4.976447,-3.163194,-2.619913,-2.714855,-9.983752,-13.74866,-2.873281,-2.346856,-1.553396,-2.190012,-2.234202,-2.020278,-2.43217,-1.559407,-1.324993,-1.469614,23,23,23,23,22,22,23,23,23,23,23,23,23,23,23,23,465,4650,-1.837712,-4.22118,-6.13298,-1.547916,-1.424466,-0.8919623,-1.164037,-68.13757,-0.1236435,0.2429446,0.1192152,-0.1213326,-0.5494114,-0.8878503,0.4426261,0.5720431,22,22,22,22,22,22,22,22,22,22,22,22,22,22,22,22
466,4660,-86.32746,-69.27867,-45.04662,-34.71225,-20.39714,-16.66188,-12.76176,-11.66381,-10.64531,-11.19391,-8.433665,-9.204686,-8.226206,-9.197628,-6.446846,-0.6035152,23,23,23,23,23,23,23,23,23,23,23,23,23,23,23,23,466,4660,-3.900457,-3.031394,-2.48899,-2.585576,-9.589693,-14.2396,-2.350874,-2.086096,-1.812294,-2.190012,-1.577087,-2.693691,-2.43217,-1.893558,-1.204544,-2.034838,23,23,23,23,22,22,23,23,23,23,23,23,23,23,23,23,466,4660,-1.37807,-2.430396,-5.877438,-1.547916,-1.294968,-1.78388,-2.457322,-69.23104,-4.093544E-05,0.8478388,0.59602,0.6063261,0.001020978,0.112668,-0.1107199,1.274142,22,22,22,22,22,22,22,22,22,22,22,22,22,22,22,22
467,4670,-86.9286,-69.39958,-45.41581,-35.19937,-18.46605,-15.42795,-12.25139,-12.03998,-9.655694,-10.3334,-8.07763,-8.826454,-8.822308,-9.674971,-8.117581,-0.6035152,23,23,23,23,23,23,23,23,23,23,23,23,23,23,23,23,467,4670,-3.362462,-3.163194,-2.48899,-2.714855,-9.983752,-14.60787,-2.220274,-1.825338,-2.459538,-2.962501,-2.628469,-3.097739,-2.048148,-1.448025,-1.806792,-2.600065,23,23,23,23,22,22,23,23,23,23,23,23,23,23,23,23,467,4670,-1.722801,-3.83744,-6.260801,-2.450845,-2.201457,-2.16613,-2.198665,-67.4815,-0.8652596,-0.1199938,0.1192152,-0.3638856,0.1111068,-0.6655131,0.1106188,1.274142,22,22,22,22,22,22,22,22,22,22,22,22,22,22,22,22
468,4680,-86.087,-68.91596,-46.27724,-37.39141,-19.67299,-15.79813,-13.27214,-12.03998,-10.89272,-9.964602,-8.433665,-9.708994,-9.418411,-10.39098,-8.952065,-0.1207066,23,23,23,23,23,23,23,23,23,23,23,23,23,23,23,23,468,4680,-2.958966,-2.635996,-3.536379,-1.809952,-10.64052,-14.11688,-1.828469,-1.434201,-2.459538,-1.67502,-2.365622,-1.885596,-1.152098,-1.448025,-2.409041,-2.600065,23,23,23,23,22,22,23,23,23,23,23,23,23,23,23,23,468,4680,-1.37807,-2.302483,-6.260801,-1.676905,-1.94246,-1.274213,-2.327994,-68.24693,-0.9888622,0.1219651,0.3576176,0.3637732,0.4413643,0.6685103,-0.5533957,0.6890574,22,22,22,22,22,22,22,22,22,22,22,22,22,22,22,22
469,4690,-87.52976,-68.67415,-48.73849,-41.1666,-25.09532,-16.16831,-14.67566,-13.16848,-12.50085,-12.42322,-10.92591,-11.34799,-10.37218,-11.22633,-8.832852,0.1206985,23,23,23,23,23,23,23,23,23,23,23,23,23,23,23,23,469,4690,-2.55547,-2.372397,-3.14361,-2.19779,-10.90317,-13.38039,-2.350874,-2.086096,-2.459538,-2.31876,-2.628469,-2.154962,-1.536121,-1.670792,-2.890839,-2.034838,23,23,23,23,22,22,23,23,23,23,23,23,23,23,23,23,469,4690,-1.492978,-3.581614,-6.13303,-2.837813,-2.460506,-2.54838,-2.327994,-67.37215,-0.1236435,-0.1199938,0.59602,0.848879,0.7716218,-0.1096701,-4.976465E-05,1.391156,22,22,22,22,22,22,22,22,22,22,22,22,22,22,22,22
470,4700,-85.84653,-68.06963,-48.3693,-38.731,-24.61263,-16.90866,-14.67566,-14.1716,-12.25345,-11.80856,-9.383093,-10.46546,-9.776074,-10.62966,-8.952065,-0.3621117,23,23,23,23,23,23,23,23,23,23,23,23,23,23,23,23,470,4700,-2.55547,-2.899595,-2.227145,-3.102745,-10.90317,-13.74866,-1.697869,-2.346856,-1.553396,-3.219996,-3.022737,-1.885596,-2.048148,-2.784624,-2.047691,-2.034838,23,23,23,23,22,22,23,23,23,23,23,23,23,23,23,23,470,4700,-2.067532,-3.197874,-5.749718,-2.579834,-2.331008,-2.420964,-2.974636,-69.77777,-1.112465,-1.208803,-0.1191871,0.2424983,0.2211926,0.001498558,-0.885403,0.5720431,22,22,22,22,22,22,22,22,22,22,22,22,22,22,22,22
471,4710,-85.60607,-68.19052,-48.24624,-38.00031,-22.07851,-15.42795,-13.14454,-12.79231,-11.14012,-12.05443,-9.857808,-10.96976,-10.37218,-11.82302,-9.667336,-0.4828134,23,23,23,23,23,23,23,23,23,23,23,23,23,23,23,23,471,4710,-2.824467,-2.899595,-1.703447,-2.973466,-10.24646,-13.13494,-2.481423,-2.346856,-2.071192,-2.705004,-1.971354,-2.154962,-1.664128,-2.561859,-1.565893,-2.373973,23,23,23,23,22,22,23,23,23,23,23,23,23,23,23,23,471,4710,-1.722801,-2.302483,-5.621947,-2.837813,-2.849002,-2.54838,-3.233242,-67.7002,-4.093544E-05,-0.3619496,-0.8343939,0.1212203,0.2211926,0.2238358,-0.5533957,0.5720431,22,22,22,22,22,22,22,22,22,22,22,22,22,22,22,22
472,4720,-86.32746,-68.55325,-49.23074,-41.28838,-21.95783,-15.92152,-12.63417,-13.41926,-11.63493,-12.54615,-9.976487,-11.09584,-9.895295,-11.58434,-9.309701,-0.7242185,23,23,23,23,23,23,23,23,23,23,23,23,23,23,23,23,472,4720,-2.958966,-1.713399,-1.965299,-2.844186,-9.721046,-12.76667,-2.089619,-1.173441,-2.588987,-3.606241,-2.75989,-2.154962,-2.304163,-2.450476,-2.52949,-2.600065,23,23,23,23,22,22,23,23,23,23,23,23,23,23,23,23,472,4720,-2.297355,-3.069961,-5.749718,-2.837813,-2.9785,-2.54838,-2.069285,-68.35625,0.4943693,-0.6039085,1.404647E-05,0.1212203,0.2211926,0.3350052,-0.2213885,0.4550223,22,22,22,22,22,22,22,22,22,22,22,22,22,22,22,22
473,4730,-88.25115,-67.70691,-50.46137,-41.77551,-22.31985,-14.44081,-13.14454,-13.41926,-11.88234,-13.1608,-10.21384,-10.96976,-10.4914,-11.34567,-9.190489,-0.4828134,23,23,23,23,23,23,23,23,23,23,23,23,23,23,23,23,473,4730,-2.958966,-2.108798,-3.14361,-3.102745,-9.8524,-13.74866,-2.481423,-1.825338,-3.365681,-3.219996,-2.628469,-2.963056,-2.688185,-2.561859,-2.047691,-2.373973,23,23,23,23,22,22,23,23,23,23,23,23,23,23,23,23,473,4730,-2.297355,-3.069961,-5.366405,-3.224783,-3.237497,-3.440298,-2.715928,-68.57495,0.2471642,-0.2409701,-0.9535951,0.2424983,0.1111068,0.001498558,-0.6640643,-0.01304155,22,22,22,22,22,22,22,22,22,22,22,22,22,22,22,22
474,4740,-89.57368,-67.82781,-54.15323,-48.71699,-28.95684,-19.00634,-14.29288,-13.67004,-12.50085,-13.03787,-9.976487,-11.60015,-11.0875,-10.74899,-9.190489,0.3621021,23,23,23,23,23,23,23,23,23,23,23,23,23,23,23,23,474,4740,-1.882976,-2.372397,-3.274533,-2.068511,-9.8524,-13.38039,-2.220219,-2.346856,-2.977336,-2.576308,-1.971354,-2.693691,-2.304163,-2.673242,-1.927242,-2.487019,23,23,23,23,22,22,23,23,23,23,23,23,23,23,23,23,474,4740,-2.527177,-2.942049,-5.110863,-2.192864,-2.9785,-2.038713,-1.163986,-67.80952,0.3707667,-0.724888,-0.1191871,0.1212203,0.3312785,-0.1096701,0.2212874,0.5720431,22,22,22,22,22,22,22,22,22,22,22,22,22,22,22,22
475,4750,-90.05461,-68.55325,-55.2608,-49.56945,-31.49096,-17.77241,-14.54807,-13.67004,-13.24307,-12.42322,-10.80724,-11.8523,-11.68266,-10.27165,-9.667336,0.7242106,23,23,23,23,23,23,23,23,23,23,23,23,23,23,23,23,475,4750,-2.017475,-2.504197,-3.14361,-2.714907,-9.195685,-13.99415,-2.089619,-3.389888,-2.459539,-2.190064,-2.102784,-3.097739,-1.536121,-2.450476,-2.288591,-2.826154,23,23,23,23,22,22,23,23,23,23,23,23,23,23,23,23,475,4750,-2.98682,-2.814136,-5.621947,-2.708823,-3.366996,-2.675797,-2.327942,-68.6843,-0.7416571,-0.3619496,-0.4767907,0.4850512,0.3312785,0.112668,-0.2213885,0.6890574,22,22,22,22,22,22,22,22,22,22,22,22,22,22,22,22
476,4760,-91.37714,-70.12501,-58.09123,-52.12683,-34.50776,-19.12973,-15.69641,-14.92393,-13.86158,-14.26718,-11.28195,-12.23053,-10.96828,-10.98766,-8.71364,-0.7242185,23,23,23,23,23,23,23,23,23,23,23,23,23,23,23,23,476,4760,-2.420971,-3.953992,-2.619913,-2.456349,-10.11511,-12.76667,-2.612023,-3.389888,-1.941744,-1.546323,-2.365628,-2.154962,-2.688185,-3.564308,-2.409041,-2.147884,23,23,23,23,22,22,23,23,23,23,23,23,23,23,23,23,476,4760,-2.642086,-3.83744,-5.238634,-2.321854,-1.942513,-3.058048,-2.198614,-68.57495,-4.093544E-05,-0.1199938,-0.3575895,-0.3638856,-0.1090649,-0.3320073,0.1106188,0.2209936,22,22,22,22,22,22,22,22,22,22,22,22,22,22,22,22
477,4770,-89.93438,-68.43233,-57.59898,-54.1971,-38.12793,-22.33795,-16.97234,-13.92082,-12.37715,-14.51304,-10.56988,-12.23053,-11.0875,-9.913642,-7.879157,-0.4828134,23,23,23,23,23,23,23,23,23,23,23,23,23,23,23,23,477,4770,-3.631459,-3.294994,-2.48899,-2.068511,-10.90317,-13.13494,-3.13443,-2.346856,-2.588988,-2.190064,-2.497052,-2.020278,-2.688185,-2.784624,-2.047691,-2.147884,23,23,23,23,22,22,23,23,23,23,23,23,23,23,23,23,477,4770,-2.98682,-2.686222,-5.494176,-2.708823,-3.366996,-3.695131,-2.974584,-68.57495,0.6179726,0.4849004,1.404647E-05,-0.3638856,0.1111068,-0.2208387,-0.4427272,-0.1300559,22,22,22,22,22,22,22,22,22,22,22,22,22,22,22,22
478,4780,-91.25691,-69.76229,-59.44492,-56.14559,-39.45533,-24.31223,-16.84475,-15.3001,-13.98528,-15.00476,-10.68856,-13.99561,-10.25296,-10.74899,-7.879157,-0.3621117,23,23,23,23,23,23,23,23,23,23,23,23,23,23,23,23,478,4780,-3.900457,-2.372397,-2.48899,-2.327069,-9.8524,-13.62588,-2.742625,-2.607613,-2.200641,-2.061316,-2.365628,-2.559009,-3.200212,-2.116324,-2.409041,-1.808749,23,23,23,23,22,22,23,23,23,23,23,23,23,23,23,23,478,4780,-2.642086,-3.325788,-5.877488,-2.321854,-2.719503,-2.54838,-3.621227,-68.57495,0.2471642,-0.2409701,-0.4767907,-0.2426107,-0.2191507,-0.1097214,0.4426261,0.1039728,22,22,22,22,22,22,22,22,22,22,22,22,22,22,22,22
479,4790,-91.85807,-70.97134,-62.89066,-60.28613,-41.26542,-23.0783,-16.84475,-15.04932,-14.23269,-15.00476,-11.40063,-12.987,-11.32558,-10.98766,-7.282547,-1.086325,23,23,23,23,23,23,23,23,23,23,23,23,23,23,23,23,479,4790,-3.362462,-2.767796,-2.227145,-2.714907,-9.721046,-13.87138,-2.873226,-2.477233,-1.941744,-2.318812,-2.234205,-2.289644,-2.43217,-2.450476,-2.28859,-2.373973,23,23,23,23,22,22,23,23,23,23,23,23,23,23,23,23,479,4790,-3.331551,-3.325788,-5.238634,-2.063875,-3.107999,-3.440298,-3.621227,-68.79365,0.1235616,1.331753,1.404647E-05,-0.1213326,0.1111068,0.001447188,0.1106718,1.157121,22,22,22,22,22,22,22,22,22,22,22,22,22,22,22,22
480,4800,-90.77599,-69.03687,-61.04472,-53.83176,-38.48995,-22.33795,-15.18604,-14.1716,-12.74826,-13.89839,-10.80724,-12.35661,-9.895293,-9.316964,-6.924388,-0.6035152,23,23,23,23,23,23,23,23,23,23,23,23,23,23,23,23,480,4800,-3.093465,-2.372397,-2.619913,-3.232024,-9.8524,-14.36237,-3.003828,-1.955719,-2.33009,-2.833804,-1.708517,-3.501786,-2.81619,-2.116324,-2.52949,-2.826109,23,23,23,23,22,22,23,23,23,23,23,23,23,23,23,23,480,4800,-3.446462,-3.709527,-5.366405,-2.321854,-2.072011,-3.058048,-3.103913,-68.24692,0.2471642,-0.3619496,-0.9535951,-0.8489914,0.2211926,0.3349538,0.3320105,0.1039728,22,22,22,22,22,22,22,22,22,22,22,22,22,22,22,22
481,4810,-91.37714,-70.48772,-63.38291,-56.14559,-39.21398,-20.73384,-16.71716,-15.17471,-14.7275,-14.14425,-11.04459,-12.60877,-10.37218,-8.839622,-8.117581,0.1206985,23,23,23,23,23,23,23,23,23,23,23,23,23,23,23,23,481,4810,-2.017526,-1.976998,-2.227145,-1.292835,-9.983752,-13.87138,-1.697814,-1.694958,-2.33009,-1.932568,-2.234205,-2.963056,-2.304163,-2.116324,-3.131738,-3.27829,23,23,23,23,22,22,23,23,23,23,23,23,23,23,23,23,481,4810,-2.527171,-3.197874,-5.110863,-2.708823,-2.331008,-3.058048,-3.879884,-68.35625,-4.093544E-05,0.3639241,0.59602,0.2424983,-0.3292365,0.4461216,0.2213419,1.742206,22,22,22,22,22,22,22,22,22,22,22,22,22,22,22,22
482,4820,-91.25691,-71.09225,-60.55248,-50.78725,-34.38709,-20.24027,-15.56882,-15.04932,-14.10898,-14.02132,-10.80724,-11.47407,-9.41841,-9.197628,-6.805003,-0.3621117,23,23,23,23,23,23,23,23,23,23,23,23,23,23,23,23,482,4820,-2.286524,-2.767796,-3.012688,-1.939232,-10.90317,-14.11688,-1.959018,-2.477233,-2.977336,-2.190064,-3.811279,-2.424327,-2.304163,-1.782175,-2.890839,-2.600017,23,23,23,23,22,22,23,23,23,23,23,23,23,23,23,23,482,4820,-3.331547,-4.22118,-5.494176,-2.321854,-2.072011,-2.16613,-3.233242,-68.6843,-0.1236435,-0.1199938,-0.1191871,-0.3638856,-0.769583,0.2237844,-0.1106654,1.040107,22,22,22,22,22,22,22,22,22,22,22,22,22,22,22,22
483,4830,-87.77023,-70.24591,-60.06023,-48.71699,-32.93903,-18.63616,-13.9101,-14.1716,-12.12974,-11.9315,-9.501772,-9.204687,-7.51088,-6.57078,-5.611145,-0.4828134,23,23,23,23,23,23,23,23,23,23,23,23,23,23,23,23,483,4830,-2.824518,-2.635996,-2.358068,-2.068511,-10.50916,-13.38039,-1.306011,-2.477233,-2.071194,-2.061316,-3.285584,-2.559009,-1.152098,-1.893558,-2.047691,-2.826109,23,23,23,23,22,22,23,23,23,23,23,23,23,23,23,23,483,4830,-2.297351,-3.965354,-5.366406,-1.289935,-1.942513,-2.16613,-3.621227,-69.23103,0.2471642,0.3639241,0.9536236,1.091435,-0.3292365,0.001447188,-0.5533412,0.9230925,22,22,22,22,22,22,22,22,22,22,22,22,22,22,22,22
484,4840,-83.32169,-69.03687,-57.72205,-45.79426,-31.97364,-17.89581,-13.9101,-13.41926,-11.51123,-12.54615,-9.027058,-9.708995,-6.795556,-6.212375,-4.536673,-4.815934E-06,23,23,23,23,23,23,23,23,23,23,23,23,23,23,23,23,484,4840,-2.959017,-3.163194,-2.227145,-2.844135,-10.24646,-13.38039,-1.306011,-2.607613,-2.071194,-3.220048,-2.628473,-2.424327,-1.792133,-2.450476,-1.927242,-1.808704,23,23,23,23,22,22,23,23,23,23,23,23,23,23,23,23,484,4840,-2.412263,-3.837441,-5.621948,-1.676907,-1.813014,-1.78388,-0.9053282,-68.02822,-0.2472464,-0.3619496,-0.2383883,-0.2426107,-0.8796689,0.557291,-0.1106654,0.3380079,22,22,22,22,22,22,22,22,22,22,22,22,22,22,22,22
485,4850,-81.75869,-68.43233,-53.90711,-39.82702,-27.99146,-18.14259,-13.39973,-13.92082,-11.26383,-11.31684,-8.552344,-8.574302,-6.080231,-7.28759,-5.730531,-1.569134,23,23,23,23,23,23,23,23,23,23,23,23,23,23,23,23,485,4850,-3.76601,-2.899595,-2.881759,-3.361252,-9.85245,-12.52122,-2.350821,-2.086096,-2.588988,-2.576308,-2.628473,-2.154962,-2.560178,-2.004941,-2.168141,-2.034793,23,23,23,23,22,22,23,23,23,23,23,23,23,23,23,23,485,4850,-1.722798,-4.093267,-5.621948,-1.160947,-1.812962,-2.038713,-4.009212,-69.77776,0.3707667,0.2429446,1.404647E-05,-0.2426107,0.001020978,-0.4432273,-0.2213355,1.274142,22,22,22,22,22,22,22,22,22,22,22,22,22,22,22,22
486,4860,-81.15755,-66.61877,-53.41486,-37.02607,-26.42272,-17.27884,-13.78251,-13.67004,-11.88234,-10.45633,-8.433665,-8.448225,-6.914776,-6.809718,-3.820359,-0.7242185,23,23,23,23,23,23,23,23,23,23,23,23,23,23,23,23,486,4860,-4.573002,-2.372397,-3.274533,-2.844135,-9.721098,-13.13494,-2.481423,-2.216476,-2.718437,-2.705056,-2.234205,-2.693691,-2.688185,-1.893558,-1.686342,-2.260882,23,23,23,23,22,22,23,23,23,23,23,23,23,23,23,23,486,4860,-2.756994,-4.60492,-5.621948,-1.934886,-2.330956,-2.166131,-1.422642,-67.91887,-0.1236435,0.3639241,0.1192152,0.3637732,-0.4393256,-0.22089,0.3320105,0.6890574,22,22,22,22,22,22,22,22,22,22,22,22,22,22,22,22
487,4870,-78.15178,-66.01424,-49.723,-32.76376,-23.64725,-16.2917,-11.74102,-12.66692,-10.39791,-8.366503,-7.840271,-7.313531,-5.96101,-6.57078,-4.656059,-0.6035152,23,23,23,23,23,23,23,23,23,23,23,23,23,23,23,23,487,4870,-2.824518,-2.372397,-4.060076,-2.456296,-9.721098,-14.11688,-2.612023,-2.86837,-3.754029,-2.44756,-2.234205,-2.559009,-1.92014,-2.004941,-1.927242,-1.469566,23,23,23,23,22,22,23,23,23,23,23,23,23,23,23,23,487,4870,-2.18244,-4.093267,-6.133031,-2.321856,-2.071959,-2.675798,-3.750607,-70.1058,-1.112465,0.1219651,1.404647E-05,0.3637732,-0.3292365,-0.5543959,3.210623E-06,0.6890574,22,22,22,22,22,22,22,22,22,22,22,22,22,22,22,22
488,4880,-78.39224,-65.40971,-48.73849,-30.81527,-22.5612,-14.5642,-12.50658,-11.53842,-9.779396,-8.858225,-8.789701,-8.196071,-7.749321,-6.212375,-4.894831,0.2414003,23,23,23,23,23,23,23,23,23,23,23,23,23,23,23,23,488,4880,-2.69002,-2.767796,-2.619913,-2.456296,-9.32709,-13.38039,-1.697814,-2.346859,-2.718437,-1.546323,-1.182826,-2.020278,-1.664128,-2.896011,-2.047691,-2.600017,23,23,23,23,22,22,23,23,23,23,23,23,23,23,23,23,488,4880,-2.067529,-4.22118,-5.87749,-2.063876,-2.201457,-1.911297,-2.58665,-68.24693,-0.1236435,0.2429446,0.59602,-5.458059E-05,-0.5494114,-0.4432273,0.2213419,1.391156,22,22,22,22,22,22,22,22,22,22,22,22,22,22,22,22
489,4890,-76.46855,-64.44247,-44.92356,-26.43118,-20.3891,-14.07063,-10.84786,-11.41303,-9.53199,-8.981156,-7.365559,-8.448225,-7.153218,-6.331842,-3.820359,-0.6035152,23,23,23,23,23,23,23,23,23,23,23,23,23,23,23,23,489,4890,-3.228015,-3.690392,-2.227145,-3.102693,-10.11516,-13.38039,-1.828416,-3.259511,-2.33009,-1.546323,-2.102784,-2.020278,-2.176155,-3.230159,-2.047691,-1.808704,23,23,23,23,22,22,23,23,23,23,23,23,23,23,23,23,489,4890,-1.607886,-3.197876,-5.87749,-2.708825,-2.460454,-2.038714,-2.845307,-69.44974,-1.359722,-1.329782,0.7152212,0.2424983,-0.1090649,-0.9990703,-0.1106654,0.2209936,22,22,22,22,22,22,22,22,22,22,22,22,22,22,22,22
490,4900,-70.57726,-62.38709,-41.10862,-24.11735,-19.5444,-14.44081,-11.23064,-11.28764,-9.53199,-9.34995,-7.24688,-6.557069,-6.914776,-5.734501,-3.462202,-0.2414083,23,23,23,23,23,23,23,23,23,23,23,23,23,23,23,23,490,4900,-2.959017,-3.558593,-2.750836,-2.327018,-10.64057,-13.25766,-1.436612,-3.259511,-2.459539,-1.67502,-2.628473,-1.885596,-1.792133,-3.230159,-2.649939,-1.921747,23,23,23,23,22,22,23,23,23,23,23,23,23,23,23,23,490,4900,-1.952617,-3.197876,-6.00526,-2.708825,-2.589952,-2.293548,-2.974636,-67.91888,-0.7417084,-0.2419172,0.2384164,0.4850512,0.2211926,-0.1097214,-0.5533412,0.8060718,22,22,22,22,22,22,22,22,22,22,22,22,22,22,22,22
491,4910,-74.18418,-62.02437,-40.98557,-25.82228,-18.82036,-14.5642,-11.35824,-11.16225,-9.655694,-8.858225,-6.416129,-6.052762,-5.007246,-5.495564,-3.104044,0.1206985,23,23,23,23,23,23,23,23,23,23,23,23,23,23,23,23,491,4910,-4.035007,-3.426793,-2.227145,-2.197738,-10.90322,-13.13494,-2.742625,-3.520271,-2.588988,-1.67502,-2.89132,-1.077501,-2.176155,-1.559407,-2.047691,-1.469566,23,23,23,23,22,22,23,23,23,23,23,23,23,23,23,23,491,4910,-1.952617,-3.453701,-5.366406,-2.837815,-2.201457,-2.166131,-2.198665,-69.01234,-0.7417084,-1.330537,0.2383655,0.7276042,-0.2191507,0.2237844,-0.3320041,0.9230925,22,22,22,22,22,22,22,22,22,22,22,22,22,22,22,22
492,4920,-71.8998,-62.14528,-41.47781,-26.67474,-17.97565,-14.31741,-10.46508,-9.908354,-8.418669,-7.259946,-5.822726,-5.674531,-4.649584,-5.376095,-2.984658,-1.448432,23,23,23,23,23,23,23,23,23,23,23,23,23,23,23,23,492,4920,-3.631511,-2.635996,-2.227145,-2.585576,-9.458443,-13.13494,-3.26503,-2.737997,-1.941744,-1.803768,-1.708517,-2.154967,-2.176155,-1.670792,-1.806792,-1.921747,23,23,23,23,22,22,23,23,23,23,23,23,23,23,23,23,492,4920,-1.492975,-3.069962,-5.238635,-2.579835,-2.589952,-2.293548,-2.457322,-68.35626,0.2471128,-0.7257484,0.1191647,0.7276555,0.3312785,0.557291,-0.1106654,0.8060718,22,22,22,22,22,22,22,22,22,22,22,22,22,22,22,22
493,4930,-73.22233,-62.14528,-38.77044,-24.48269,-18.09633,-14.07063,-10.72027,-8.905238,-7.552751,-6.521646,-4.872247,-4.41376,-4.29192,-4.420347,-2.387729,-0.6035152,23,23,23,23,23,23,23,23,23,23,23,23,23,23,23,23,493,4930,-3.900508,-2.635996,-1.965299,-2.714855,-10.11516,-14.2396,-2.481423,-2.216479,-2.588988,-2.576256,-2.102784,-2.693698,-2.560181,-2.339093,-2.28859,-2.486974,23,23,23,23,22,22,23,23,23,23,23,23,23,23,23,23,493,4930,-2.642082,-3.453701,-5.110864,-2.708825,-3.107947,-2.548381,-2.198665,-69.34039,-0.1236949,-1.330537,-0.5960425,0.4851026,0.1110587,-0.1097214,-0.1106654,1.157121,22,22,22,22,22,22,22,22,22,22,22,22,22,22,22,22
494,4940,-74.06395,-62.6289,-37.17063,-23.14311,-16.52758,-14.07063,-10.33749,-8.027512,-6.686834,-5.906395,-4.040578,-3.279067,-2.742052,-3.584066,-2.148958,-4.815934E-06,23,23,23,23,23,23,23,23,23,23,23,23,23,23,23,23,494,4940,-2.555521,-2.504196,-2.227145,-2.585576,-9.85245,-14.11688,-2.873226,-2.607616,-1.553397,-2.061264,-2.234205,-3.097745,-2.176158,-2.004938,-1.565893,-2.826109,23,23,23,23,22,22,23,23,23,23,23,23,23,23,23,23,494,4940,-2.297351,-2.942049,-4.599781,-2.450846,-3.107947,-2.803215,-2.845307,-69.34039,0.4943179,0.241914,-0.3576401,-0.7276652,0.4413162,0.7796299,-0.2213355,0.8060718,22,22,22,22,22,22,22,22,22,22,22,22,22,22,22,22
495,4950,-73.34256,-62.6289,-36.18613,-21.3164,-16.0449,-11.84956,-9.444337,-7.525953,-6.686834,-4.429793,-4.634627,-2.900836,-3.218933,-2.986723,-2.148957,0.1206985,23,23,23,23,23,23,23,23,23,23,23,23,23,23,23,23,495,4950,-2.286524,-2.240597,-2.619913,-1.93918,-10.11516,-14.36237,-2.612023,-1.694962,-2.459539,-2.447508,-3.02274,-3.232428,-2.048151,-2.450472,-2.52949,-3.504379,23,23,23,23,22,22,23,23,23,23,23,23,23,23,23,23,495,4950,-2.642082,-3.965354,-4.983094,-2.579835,-2.719451,-2.803215,-2.198665,-68.46561,0.1235102,-0.7257484,-0.7152436,-0.4851122,-0.109113,-0.4432257,0.3320105,0.2209936,22,22,22,22,22,22,22,22,22,22,22,22,22,22,22,22
496,4960,-74.30441,-63.35432,-34.95551,-20.58572,-15.20019,-11.35599,-8.551183,-7.275175,-6.192024,-5.537245,-4.872247,-4.41376,-3.576597,-4.420347,-1.910185,-0.2414067,23,23,23,23,23,23,23,23,23,23,23,23,23,23,23,23,496,4960,-2.017526,-1.976998,-2.096222,-1.422063,-10.11516,-14.73059,-1.828416,-1.564581,-2.200641,-1.67502,-2.628473,-2.82838,-2.176158,-2.116324,-2.890839,-2.826109,23,23,23,23,22,22,23,23,23,23,23,23,23,23,23,23,496,4960,-2.18244,-3.325788,-5.494177,-2.579835,-2.848949,-2.675798,-2.198665,-68.57496,0.1235102,0.1209538,-3.652083E-05,-0.1212813,0.0009728187,0.223786,3.210623E-06,0.936102,22,22,22,22,22,22,22,22,22,22,22,22,22,22,22,22
497,4970,-72.86163,-61.29894,-33.10957,-19.85504,-13.63144,-10.36884,-7.65803,-6.773616,-5.201514,-5.291144,-3.921768,-3.909452,-3.576597,-3.584066,-2.387728,-1.605311E-06,23,23,23,23,23,23,23,23,23,23,23,23,23,23,23,23,497,4970,-1.883027,-2.635996,-2.096222,-2.068459,-10.90322,-13.50316,-2.220219,-1.825342,-2.33009,-2.31876,-2.759896,-2.424332,-2.432173,-2.33909,-3.131738,-2.260882,23,23,23,23,22,22,23,23,23,23,23,23,23,23,23,23,497,4970,-2.52712,-3.453701,-5.238635,-2.192866,-2.201457,-3.058049,-2.715979,-68.13757,1.112332,0.604785,-0.1192377,-0.84894,-0.109113,-0.2208884,-0.2213355,0.936102,22,22,22,22,22,22,22,22,22,22,22,22,22,22,22,22
498,4980,-70.93794,-62.02439,-30.64832,-19.36792,-14.23481,-10.36884,-8.04081,-7.776732,-5.325359,-5.291144,-4.634627,-4.161606,-3.934258,-4.778752,-3.104043,-0.2414067,23,23,23,23,23,23,23,23,23,23,23,23,23,23,23,23,498,4980,-2.152024,-1.976998,-2.227145,-2.327018,-11.03458,-13.38039,-1.436612,-1.434204,-1.553397,-2.061264,-2.628473,-2.289649,-1.920143,-2.673238,-2.40904,-2.373928,23,23,23,23,22,22,23,23,23,23,23,23,23,23,23,23,498,4980,-2.871854,-3.83744,-4.983094,-2.063876,-2.201457,-2.675798,-3.879935,-68.79366,0.2471128,0.725742,-0.3576401,0.4851026,-0.109113,0.5572919,0.5533476,0.5849947,22,22,22,22,22,22,22,22,22,22,22,22,22,22,22,22
499,4990,-71.89979,-62.99163,-31.3867,-19.36792,-13.63144,-11.72617,-9.827117,-9.156017,-7.181644,-7.505987,-4.040578,-5.296299,-4.53036,-5.853969,-3.581587,-1.086322,23,23,23,23,23,23,23,23,23,23,23,23,23,23,23,23,499,4990,-1.883027,-2.240597,-1.703441,-2.714855,-10.37786,-13.25766,-2.350821,-1.825342,-1.812295,-2.962501,-2.628473,-2.020283,-1.920143,-2.450472,-2.168141,-1.695658,23,23,23,23,22,22,23,23,23,23,23,23,23,23,23,23,499,4990,-3.446408,-3.581614,-5.366405,-1.934886,-2.201457,-1.783881,-2.069336,-68.02823,-9.23054E-05,0.483828,0.7151702,-0.1212813,-0.3292847,-0.1097206,3.210623E-06,0.3509211,22,22,22,22,22,22,22,22,22,22,22,22,22,22,22,22
500,5000,-70.81771,-62.14529,-30.27913,-18.63723,-12.90741,-11.23259,-8.80637,-8.40368,-7.305346,-7.013846,-4.040578,-5.296299,-3.218933,-4.778752,-2.865272,-0.2414067,23,23,23,23,23,23,23,23,23,23,23,23,23,23,23,23,500,5000,-2.555521,-1.581599,-2.358061,-3.361252,-9.458443,-13.38039,-2.612023,-1.955719,-2.459539,-3.091249,-2.234205,-2.289649,-2.176158,-2.227707,-2.168141,-2.147839,23,23,23,23,22,22,23,23,23,23,23,23,23,23,23,23,500,5000,-2.412211,-3.965353,-5.877489,-2.192865,-2.978448,-3.695132,-4.267921,-69.23104,-9.23054E-05,0.483828,-0.3576401,-3.210623E-06,-0.2191988,-0.7767323,0.3320105,1.404249,22,22,22,22,22,22,22,22,22,22,22,22,22,22,22,22
501,5010,-70.69748,-62.14529,-29.90995,-18.39367,-14.60386,-11.60277,-10.0823,-9.030627,-8.789777,-7.013846,-4.753436,-5.548454,-4.053479,-3.942473,-3.700972,-0.3621085,23,23,23,23,23,23,23,23,23,23,23,23,23,23,23,23,501,5010,-2.017526,-0.9226013,-1.834364,-2.197738,-9.85245,-12.88944,-2.873226,-1.825342,-2.071194,-2.962501,-1.839937,-1.750918,-2.048151,-1.782172,-2.168141,-1.469566,23,23,23,23,22,22,23,23,23,23,23,23,23,23,23,23,501,5010,-2.52712,-4.093267,-5.494176,-2.192865,-1.812962,-2.038714,-2.974636,-68.6843,1.235934,0.725742,-0.1192377,-0.4851122,-1.650318,0.1126174,0.3320105,0.8190684,22,22,22,22,22,22,22,22,22,22,22,22,22,22,22,22
502,5020,-69.9761,-61.29896,-29.90995,-20.22038,-17.6212,-11.47938,-11.61342,-8.779849,-8.913479,-8.120641,-5.109867,-5.926684,-4.29192,-4.06194,-2.6265,-0.4828118,23,23,23,23,23,23,23,23,23,23,23,23,23,23,23,23,502,5020,-2.286523,-0.9226013,-2.488984,-1.93918,-9.85245,-13.01217,-2.612023,-1.434204,-2.847887,-2.447508,-1.971361,-1.750918,-1.536124,-1.113871,-1.927242,-1.695658,23,23,23,23,22,22,23,23,23,23,23,23,23,23,23,23,502,5020,-1.837658,-3.83744,-5.877489,-2.063875,-2.201457,-2.420964,-2.457322,-69.01234,-0.2472978,-0.4838312,0.3575667,0.7276555,-0.5494596,-0.3320579,-0.1106654,0.3509211,22,22,22,22,22,22,22,22,22,22,22,22,22,22,22,22
503,5030,-71.29864,-61.17805,-31.26363,-22.16886,-17.13843,-11.97295,-10.97546,-9.657576,-9.408288,-9.104087,-5.347486,-7.817839,-4.41114,-5.256626,-3.700972,-0.3621085,23,23,23,23,23,23,23,23,23,23,23,23,23,23,23,23,503,5030,-1.479531,-2.240597,-2.488984,-1.93918,-9.721098,-13.62588,-1.959018,-1.564581,-2.718437,-1.160027,-1.44567,-2.424332,-1.664128,-1.893555,-1.084094,-1.921747,23,23,23,23,22,22,23,23,23,23,23,23,23,23,23,23,503,5030,-2.52712,-4.349093,-5.238635,-1.805895,-1.812962,-1.274213,-1.6813,-68.46561,-1.359722,0.1209538,-3.652083E-05,-3.210623E-06,-0.6595454,-0.9990695,0.1106718,0.7020283,22,22,22,22,22,22,22,22,22,22,22,22,22,22,22,22
504,5040,-71.29864,-61.17805,-29.78689,-23.75201,-15.93149,-12.58992,-11.10305,-9.406797,-8.171265,-8.243571,-5.109867,-7.061378,-4.768802,-5.01769,-3.342815,-0.3621085,23,23,23,23,23,23,23,23,23,23,23,23,23,23,23,23,504,5040,-1.479531,-1.713399,-1.310673,-1.292784,-9.983804,-13.50316,-1.697814,-2.086099,-2.200641,-1.160027,-1.577093,-2.289649,-1.664128,-2.450472,-2.168141,-1.808704,23,23,23,23,22,22,23,23,23,23,23,23,23,23,23,23,504,5040,-1.148193,-2.686222,-6.388573,-1.547916,-0.7769739,-2.038713,-2.327942,-69.01234,-0.2472978,0.241914,0.1191647,0.6063775,-0.2191988,-0.4432257,-0.5533412,1.053136,22,22,22,22,22,22,22,22,22,22,22,22,22,22,22,22
505,5050,-70.45702,-62.99163,-32.00201,-25.33515,-16.53496,-13.70045,-12.1238,-10.91147,-9.160884,-10.45633,-6.060094,-8.196071,-5.245686,-6.451311,-3.939744,-0.8449187,23,23,23,23,23,23,23,23,23,23,23,23,23,23,23,23,505,5050,-1.479531,-2.504196,-1.965286,-1.163505,-10.50922,-13.50316,-2.220219,-3.129134,-2.33009,-1.546272,-1.577093,-2.289649,-1.664128,-2.784621,-2.168141,-2.260882,23,23,23,23,22,22,23,23,23,23,23,23,23,23,23,23,505,5050,-1.837658,-4.22118,-5.749718,-2.063875,-1.553965,-2.038713,-2.715928,-68.13757,-0.4944516,0.604785,0.595969,0.1212716,-0.109113,-0.4432257,3.210623E-06,0.936102,22,22,22,22,22,22,22,22,22,22,22,22,22,22,22,22
506,5060,-71.65932,-63.95887,-31.3867,-23.38667,-16.89704,-14.44081,-11.9962,-10.03374,-9.53199,-9.964602,-6.772165,-7.817839,-5.245686,-5.853969,-3.581587,-0.6035136,23,23,23,23,23,23,23,23,23,23,23,23,23,23,23,23,506,5060,-2.152024,-2.767796,-1.965286,-1.680621,-9.983804,-12.76667,-2.089619,-2.737997,-1.941744,-1.675071,-3.02274,-1.346871,-2.688185,-2.116324,-2.047691,-1.695658,23,23,23,23,22,22,23,23,23,23,23,23,23,23,23,23,506,5060,-2.067477,-3.197874,-6.00526,-2.450845,-2.201457,-1.911296,-2.069285,-69.23103,-0.370849,0.0009888718,-0.2384389,0.3638245,-0.109113,-0.5543951,0.1106718,0.936102,22,22,22,22,22,22,22,22,22,22,22,22,22,22,22,22
507,5070,-71.65932,-62.99163,-30.15607,-21.55996,-15.20733,-13.45367,-10.72027,-10.5353,-9.53199,-10.08753,-6.178771,-8.574302,-6.437891,-5.256626,-4.417287,-0.3621085,23,23,23,23,23,23,23,23,23,23,23,23,23,23,23,23,507,5070,-2.286523,-1.845199,-1.17975,-2.327018,-9.589745,-13.50316,-3.13443,-2.607616,-1.941744,-2.061316,-1.839937,-2.289649,-2.432173,-1.782172,-1.445443,-1.808704,23,23,23,23,22,22,23,23,23,23,23,23,23,23,23,23,507,5070,-1.607835,-3.709527,-6.13303,-2.321855,-2.330956,-2.038713,-2.198614,-68.6843,-0.4944516,0.3639273,0.1192152,-0.1212813,-0.4393705,-0.8879009,0.2213419,0.3509211,22,22,22,22,22,22,22,22,22,22,22,22,22,22,22,22
508,5080,-72.62117,-63.35435,-28.4332,-19.36791,-15.81079,-12.96009,-10.97546,-9.908354,-10.39791,-9.104088,-7.128199,-8.448226,-6.557113,-5.01769,-3.820358,-1.605311E-06,23,23,23,23,23,23,23,23,23,23,23,23,23,23,23,23,508,5080,-2.017526,-1.845199,-1.310673,-2.844135,-10.11516,-14.36237,-2.742625,-2.086099,-2.071194,-2.190064,-1.839937,-2.559012,-2.304166,-1.782172,-1.445443,-2.826109,23,23,23,23,22,22,23,23,23,23,23,23,23,23,23,23,508,5080,-1.722746,-2.942049,-6.260802,-2.708824,-1.812962,-1.401629,-1.939956,-68.90298,-0.7416571,-0.845861,0.1192152,0.3637764,0.2211445,-0.1097206,-0.5533412,0.4679547,22,22,22,22,22,22,22,22,22,22,22,22,22,22,22,22
509,5090,-70.21656,-63.47525,-27.4487,-18.75901,-15.32802,-12.09634,-10.33749,-9.281406,-9.53199,-9.104088,-6.178771,-7.187455,-5.484179,-5.137158,-3.700972,-0.4828118,23,23,23,23,23,23,23,23,23,23,23,23,23,23,23,23,509,5090,-2.017526,-2.108798,-1.572518,-2.197738,-10.24651,-13.99415,-1.959018,-1.173444,-1.682846,-1.932568,-1.708517,-2.424332,-1.664128,-1.336638,-1.204544,-3.052198,23,23,23,23,22,22,23,23,23,23,23,23,23,23,23,23,509,5090,-1.952566,-3.325788,-5.877489,-2.837814,-2.071959,-2.038713,-2.327942,-68.02822,-4.093544E-05,0.1219683,-0.4767907,0.1212235,0.3312239,-0.5543951,-0.2213355,0.7020283,22,22,22,22,22,22,22,22,22,22,22,22,22,22,22,22
510,5100,-71.17841,-62.62892,-25.97195,-18.02833,-14.84525,-11.35599,-8.933962,-8.278291,-8.418669,-8.243571,-6.416128,-6.430993,-5.245737,-4.659232,-3.462201,0.7242121,23,23,23,23,23,23,23,23,23,23,23,23,23,23,23,23,510,5100,-1.748528,-1.713399,-2.096215,-1.163505,-10.24651,-14.11688,-2.350821,-1.955719,-2.718437,-1.675071,-2.628473,-2.289649,-1.792136,-1.670792,-2.52949,-2.713063,23,23,23,23,22,22,23,23,23,23,23,23,23,23,23,23,510,5100,-1.492923,-2.942049,-5.366405,-2.192865,-1.94246,-1.529046,-0.7759995,-67.70019,-0.7416571,-0.7248815,-0.4767907,-0.6064352,-0.1091194,-0.1097222,-0.5533412,0.7020283,22,22,22,22,22,22,22,22,22,22,22,22,22,22,22,22
511,5110,-72.26048,-63.95887,-25.97195,-18.02833,-12.19,-11.47938,-8.168402,-9.281406,-8.418669,-9.104088,-6.534807,-6.935301,-5.961061,-6.570729,-4.297902,-1.448429,23,23,23,23,23,23,23,23,23,23,23,23,23,23,23,23,511,5110,-1.210533,-1.581599,-2.096215,-2.068459,-10.50922,-14.2396,-1.828416,-1.564581,-2.33009,-1.417575,-2.628473,-1.8856,-1.664128,-1.670792,-1.92719,-1.921747,23,23,23,23,22,22,23,23,23,23,23,23,23,23,23,23,511,5110,-1.492923,-3.453701,-6.13303,-2.966804,-2.201457,-1.911296,-2.586599,-68.57495,0.2471642,0.3639273,-0.1191871,0.7276074,0.1110522,-0.6655645,-0.6640676,1.287209,22,22,22,22,22,22,22,22,22,22,22,22,22,22,22,22
512,5120,-70.69748,-63.11254,-24.4952,-16.68875,-11.58653,-11.35599,-8.678776,-8.65446,-7.923859,-8.612365,-5.822726,-6.683147,-5.007295,-5.017638,-2.507115,-0.9655659,23,23,23,23,23,23,23,23,23,23,23,23,23,23,23,23,512,5120,-1.076035,-2.372397,-1.048827,-1.551342,-10.77187,-13.01217,-1.697814,-1.564581,-1.165051,-2.576308,-2.497052,-1.750918,-1.408116,-2.004941,-2.529438,-1.469614,23,23,23,23,22,22,23,23,23,23,23,23,23,23,23,23,512,5120,-2.182389,-3.581614,-5.238635,-2.192865,-2.460454,-1.78388,-1.422642,-68.24692,-0.370849,-1.450755,-0.1191871,-0.2426075,0.3312239,-0.22089,0.2212857,0.3380079,22,22,22,22,22,22,22,22,22,22,22,22,22,22,22,22
513,5130,-72.38072,-62.38711,-25.60276,-16.68875,-10.50028,-9.998668,-8.295996,-8.529069,-8.047561,-7.99771,-5.466295,-5.800608,-4.768854,-4.181358,-2.865272,0.1207547,23,23,23,23,23,23,23,23,23,23,23,23,23,23,23,23,513,5130,-1.34498,-2.635996,-1.310673,-1.93918,-10.90322,-13.87138,-1.828416,-2.607616,-1.812295,-2.190064,-2.234205,-1.8856,-1.920143,-1.893558,-1.92719,-2.147884,23,23,23,23,22,22,23,23,23,23,23,23,23,23,23,23,513,5130,-1.148247,-3.197874,-5.366405,-2.966804,-3.237445,-2.54838,-2.974584,-68.24692,0.2471642,-0.3619463,-0.7151927,0.7276074,0.7715672,-0.4432273,-0.8854046,0.6890638,22,22,22,22,22,22,22,22,22,22,22,22,22,22,22,22
514,5140,-73.1021,-62.50801,-26.58726,-17.66299,-10.98306,-9.628489,-9.189149,-8.529069,-8.913479,-8.120641,-6.890842,-6.935301,-5.245737,-3.822953,-3.342815,0.4828616,23,23,23,23,23,23,23,23,23,23,23,23,23,23,23,23,514,5140,-2.017474,-1.976998,-0.9178978,-2.327018,-10.24651,-13.01217,-1.567212,-1.825342,-1.941744,-2.705056,-2.497052,-2.154967,-1.920143,-2.339093,-2.047639,-1.695703,23,23,23,23,22,22,23,23,23,23,23,23,23,23,23,23,514,5140,-2.182443,-3.453701,-5.877489,-2.450845,-3.237445,-2.420964,-1.551971,-68.57495,-0.370849,-1.329776,-0.2383883,-0.1213294,0.2211381,0.2237844,-0.6640676,0.1039792,22,22,22,22,22,22,22,22,22,22,22,22,22,22,22,22
515,5150,-69.9761,-62.38709,-25.4797,-16.07985,-10.50028,-10.36885,-8.295996,-8.529069,-7.552751,-7.99771,-5.585106,-5.548454,-4.530412,-3.464546,-2.387729,-0.4827573,23,23,23,23,23,23,23,23,23,23,23,23,23,23,23,23,515,5150,-2.286471,-1.4498,-2.227145,-2.197738,-9.32709,-12.76667,-2.742625,-1.434204,-2.33009,-3.220048,-1.971361,-1.8856,-2.560181,-1.893558,-1.445391,-2.26093,23,23,23,23,22,22,23,23,23,23,23,23,23,23,23,23,515,5150,-1.37807,-3.453701,-5.749718,-2.837814,-3.366944,-2.293547,-2.198614,-69.12168,0.4943693,0.0009888718,-0.2383883,0.7276074,0.4413097,-0.1097222,-0.4427288,0.9230925,22,22,22,22,22,22,22,22,22,22,22,22,22,22,22,22
516,5160,-69.61541,-60.69443,-23.75683,-14.98383,-10.37959,-10.24545,-7.913215,-7.400564,-6.439428,-6.644692,-4.634627,-4.918069,-3.576648,-2.508798,-1.432642,0.6035634,23,23,23,23,23,23,23,23,23,23,23,23,23,23,23,23,516,5160,-1.748476,-1.581599,-2.096222,-2.327069,-9.85245,-13.13494,-2.089619,-1.694962,-2.718437,-1.288827,-1.971361,-2.020283,-2.304166,-1.782175,-1.686291,-1.921792,23,23,23,23,22,22,23,23,23,23,23,23,23,23,23,23,516,5160,-2.067532,-2.942048,-4.855322,-2.063824,-2.460454,-2.293547,-1.810627,-67.59084,-4.093544E-05,-0.9668405,-0.3575895,0.4850545,0.1110522,0.5572895,-5.297528E-05,0.6890638,22,22,22,22,22,22,22,22,22,22,22,22,22,22,22,22
517,5170,-70.3368,-60.69443,-23.01846,-18.51546,-11.21799,-10.73902,-6.637282,-7.024395,-5.449206,-6.398592,-4.159388,-4.791992,-3.099765,-4.061889,-2.6265,-1.086269,23,23,23,23,23,23,23,23,23,23,23,23,23,23,23,23,517,5170,-2.151973,-1.581599,-2.750836,-1.551395,-9.721098,-13.62588,-1.959018,-1.825342,-3.236234,-2.190064,-1.44567,-2.424332,-2.048151,-2.450476,-1.445391,-1.808749,23,23,23,23,22,22,23,23,23,23,23,23,23,23,23,23,517,5170,-1.837712,-2.814135,-4.983093,-2.192813,-3.625994,-2.803214,-2.327942,-68.90298,0.4943693,0.4849068,-0.9535951,0.3637764,0.1110522,0.001447188,-0.5533974,0.2209936,22,22,22,22,22,22,22,22,22,22,22,22,22,22,22,22
518,5180,-67.93218,-59.96899,-24.37214,-17.78477,-11.82136,-10.49224,-7.147655,-6.648227,-6.068321,-6.152492,-4.753436,-4.03553,-3.457427,-3.584015,-1.313257,-1.206971,23,23,23,23,23,23,23,23,23,23,23,23,23,23,23,23,518,5180,-1.479479,-1.845199,-2.358068,-1.680673,-9.85245,-13.87138,-1.175409,-2.477236,-2.200641,-1.675071,-1.971361,-2.020283,-1.792136,-2.673242,-2.770337,-2.9392,23,23,23,23,22,22,23,23,23,23,23,23,23,23,23,23,518,5180,-2.527177,-3.581613,-4.983093,-2.192813,-2.460507,-2.038713,-2.45727,-68.79365,-0.1236435,-0.7248815,1.404647E-05,0.4850545,0.1110522,0.3349522,-5.297528E-05,0.8060782,22,22,22,22,22,22,22,22,22,22,22,22,22,22,22,22
519,5190,-68.53334,-60.0899,-22.40314,-15.71451,-10.37329,-9.381702,-6.509689,-5.89589,-4.086904,-4.429791,-3.446528,-3.279068,-2.145999,-2.747736,-1.432642,-0.2413521,23,23,23,23,23,23,23,23,23,23,23,23,23,23,23,23,519,5190,-2.017474,-2.108798,-1.965299,-1.939232,-9.983804,-13.13494,-1.828469,-3.129134,-1.941744,-1.932568,-2.365628,-2.154967,-2.816193,-3.564308,-2.168089,-2.600065,23,23,23,23,22,22,23,23,23,23,23,23,23,23,23,23,519,5190,-2.297355,-3.197874,-5.366405,-2.450793,-3.366997,-3.058048,-2.45727,-68.02822,-0.2472464,0.1219683,-0.5959919,-0.2426075,0.5513955,0.2237844,-0.2213901,0.6890638,22,22,22,22,22,22,22,22,22,22,22,22,22,22,22,22
520,5200,-65.40735,-58.39723,-22.40314,-15.22739,-9.649257,-8.147775,-6.126909,-4.140436,-4.829978,-2.953189,-3.684148,-2.900836,-3.338207,-2.269861,-2.148957,0.3621582,23,23,23,23,23,23,23,23,23,23,23,23,23,23,23,23,520,5200,-2.286471,-2.767796,-2.227145,-1.680673,-9.983804,-13.01217,-2.220274,-2.998754,-1.423948,-1.417575,-3.02274,-1.8856,-2.560181,-3.341542,-2.890787,-1.921792,23,23,23,23,22,22,23,23,23,23,23,23,23,23,23,23,520,5200,-2.642086,-4.093266,-5.110864,-1.934834,-2.20151,-2.420964,-2.845255,-68.24692,0.4943693,0.1219683,-0.4767907,0.1212235,0.1110522,0.4461216,-5.297528E-05,0.4550287,22,22,22,22,22,22,22,22,22,22,22,22,22,22,22,22
521,5210,-62.8825,-58.88085,-22.64927,-14.4967,-9.890606,-8.271168,-5.361349,-4.767383,-3.839212,-3.81454,-3.446528,-3.657299,-2.026779,-2.269861,-0.7163277,-0.2413521,23,23,23,23,23,23,23,23,23,23,23,23,23,23,23,23,521,5210,-3.227962,-2.504196,-2.227145,-1.809952,-10.50922,-13.13494,-2.612077,-2.998754,-2.071194,-1.417575,-2.89132,-2.424332,-3.072208,-2.784624,-2.408988,-2.373973,23,23,23,23,22,22,23,23,23,23,23,23,23,23,23,23,521,5210,-2.412266,-3.581613,-4.727551,-2.708772,-2.719504,-3.822548,-2.198614,-69.12168,0.3707667,-0.3619463,-0.2383883,-0.3638823,-0.3292943,1.001965,-5.297528E-05,0.4550287,22,22,22,22,22,22,22,22,22,22,22,22,22,22,22,22
522,5220,-58.43398,-57.30908,-20.31108,-12.54822,-7.597823,-5.433134,-3.575042,-3.01193,-2.848448,-2.214891,-2.852479,-1.765981,-1.430676,-1.55305,-0.8357139,5.136996E-05,23,23,23,23,23,23,23,23,23,23,23,23,23,23,23,23,522,5220,-3.093463,-2.372397,-1.441602,-2.068511,-10.24651,-13.74866,-3.134483,-1.825342,-1.941744,-1.675071,-1.708517,-2.424332,-2.944201,-2.450476,-1.445391,-2.826154,23,23,23,23,22,22,23,23,23,23,23,23,23,23,23,23,522,5220,-3.101731,-3.325787,-4.472009,-2.579783,-2.590006,-3.440298,-4.009212,-68.35625,1.359588,-0.3629256,-0.1191871,-0.1213294,0.1110522,0.3349522,0.4426245,-0.1300559,22,22,22,22,22,22,22,22,22,22,22,22,22,22,22,22
523,5230,-55.54844,-57.06728,-17.9729,-10.96507,-5.66707,-5.433134,-2.426702,-3.513488,-2.353065,-3.076242,-2.139618,-1.765981,-1.430676,-2.747736,-1.910186,-0.4827573,23,23,23,23,23,23,23,23,23,23,23,23,23,23,23,23,523,5230,-2.824466,-1.976998,-1.572524,-2.714907,-10.11516,-13.87138,-2.089672,-1.825342,-2.200641,-3.0913,-1.839886,-2.963063,-2.944201,-2.339093,-2.047639,-2.9392,23,23,23,23,22,22,23,23,23,23,23,23,23,23,23,23,523,5230,-3.216643,-3.581613,-4.855322,-2.837762,-3.366997,-3.440298,-2.974584,-69.01234,0.2471642,0.3628196,-0.4767899,0.2425015,-0.3292943,-0.22089,-5.297528E-05,0.8060782,22,22,22,22,22,22,22,22,22,22,22,22,22,22,22,22
524,5240,-54.82706,-56.58366,-16.86534,-9.625488,-5.425721,-4.81617,-2.171515,-3.388099,-2.724602,-3.076242,-2.020809,-2.144364,-1.669117,-2.747736,-0.3581707,-1.086269,23,23,23,23,23,23,23,23,23,23,23,23,23,23,23,23,524,5240,-2.017474,-1.4498,-1.572524,-2.068511,-9.458443,-14.85332,-1.959071,-2.346859,-2.200641,-2.318812,-1.708465,-2.424328,-2.560181,-2.673242,-2.047639,-3.052243,23,23,23,23,22,22,23,23,23,23,23,23,23,23,23,23,524,5240,-2.642086,-4.349092,-5.238635,-2.192813,-1.942513,-2.038713,-3.491898,-68.6843,0.1235616,0.7256906,0.119216,-0.2425593,-0.8797235,-0.1097222,-0.3320602,0.9230925,22,22,22,22,22,22,22,22,22,22,22,22,22,22,22,22
525,5250,-51.09991,-55.2537,-15.0194,-8.164124,-3.977653,-3.087832,-0.8942255,-2.008814,-0.8669179,-2.091841,-1.66438,-1.387701,-0.596081,-2.030924,-0.9550992,0.1207547,23,23,23,23,23,23,23,23,23,23,23,23,23,23,23,23,525,5250,-1.479479,-1.4498,-1.965299,-1.939232,-9.85245,-14.97609,-2.612077,-1.303824,-2.588988,-1.803819,-2.891268,-3.097742,-2.304163,-1.893558,-2.408988,-3.052243,23,23,23,23,22,22,23,23,23,23,23,23,23,23,23,23,525,5250,-2.067532,-3.83744,-4.983093,-2.708772,-1.813015,-3.312881,-2.327942,-68.79365,-4.093544E-05,-0.2419686,-0.2383875,0.4851026,-0.2191475,0.001447188,-5.297528E-05,0.9230925,22,22,22,22,22,22,22,22,22,22,22,22,22,22,22,22
526,5260,-45.56931,-54.04465,-14.0349,-5.971983,-4.098334,-2.717293,-1.788448,-2.008814,-2.22922,-1.476591,-2.139618,-1.13548,-1.549846,-1.792036,-1.313257,-0.2413521,23,23,23,23,23,23,23,23,23,23,23,23,23,23,23,23,526,5260,-1.075983,-1.845199,-2.096222,-1.809952,-11.03458,-13.99415,-1.567267,-2.477236,-2.588988,-2.061316,-3.154116,-2.424328,-2.688185,-2.227707,-2.770337,-2.713108,23,23,23,23,22,22,23,23,23,23,23,23,23,23,23,23,526,5260,-2.756997,-4.349092,-5.366405,-2.966752,-2.719504,-2.16613,-2.45727,-68.90298,-0.4944516,0.1209024,0.4768192,-3.210623E-06,0.001024189,-0.3320579,0.2212857,1.157128,22,22,22,22,22,22,22,22,22,22,22,22,22,22,22,22
527,5270,-43.04446,-52.9565,-13.29653,-5.971983,-3.977653,-2.59378,-1.788448,-3.01193,-2.353065,-2.707092,-2.020809,-2.144364,-1.788287,-1.911505,-0.9551506,-0.3620555,23,23,23,23,23,23,23,23,23,23,23,23,23,23,23,23,527,5270,-1.210482,-2.504196,-1.572524,-2.585628,-10.64057,-14.11688,-1.697869,-1.303824,-1.941744,-2.318812,-3.54838,-3.232424,-2.304163,-2.673238,-3.252136,-2.147884,23,23,23,23,22,22,23,23,23,23,23,23,23,23,23,23,527,5270,-2.412266,-3.83744,-5.877489,-2.063824,-2.590006,-2.293547,-2.198614,-69.34038,0.6179726,-0.1210116,1.484913E-05,0.6063775,0.3312817,-0.6655645,-0.1106654,1.040113,22,22,22,22,22,22,22,22,22,22,22,22,22,22,22,22
528,5280,-44.12654,-51.50565,-11.81978,-4.266024,-2.891602,-2.346754,-1.532956,-1.255634,-1.857682,-1.476591,-1.66438,-1.26159,-1.430625,-2.030972,-1.432694,-0.1206552,23,23,23,23,23,23,23,23,23,23,23,23,23,23,23,23,528,5280,-1.882975,-1.976998,-1.703447,-2.19779,-11.16593,-13.13494,-1.959071,-2.086099,-2.588988,-2.190064,-2.891268,-2.154963,-2.176155,-2.450472,-2.770337,-2.713108,23,23,23,23,22,22,23,23,23,23,23,23,23,23,23,23,528,5280,-2.297355,-3.965353,-6.00526,-2.966752,-2.590006,-2.420964,-2.845255,-68.35625,-0.370849,0.3628196,-0.1191863,0.1212716,0.001024189,-0.2208892,0.442679,0.936102,22,22,22,22,22,22,22,22,22,22,22,22,22,22,22,22
529,5290,-45.93,-52.59379,-10.95834,-4.509732,-2.408917,-2.964319,-1.277464,-2.761151,-1.238454,-2.830142,-1.66438,-2.396528,-1.669067,-2.628315,-1.432694,-0.844869,23,23,23,23,23,23,23,23,23,23,23,23,23,23,23,23,529,5290,-1.479531,-1.845199,-1.179756,-1.939232,-10.77192,-13.99415,-1.828469,-2.086099,-2.200641,-2.705056,-2.628421,-1.885599,-2.43217,-2.673238,-2.529438,-2.487019,23,23,23,23,22,22,23,23,23,23,23,23,23,23,23,23,529,5290,-2.297348,-3.069961,-5.110864,-2.837762,-2.331008,-2.420964,-1.6813,-68.6843,-0.6180545,-0.8467568,1.484913E-05,0.4851026,0.2211958,0.1126166,-0.1106654,1.404249,22,22,22,22,22,22,22,22,22,22,22,22,22,22,22,22
530,5300,-45.68954,-52.71469,-10.46609,-4.509732,-2.529585,-2.470267,-1.788448,-2.134203,-1.3623,-2.584042,-2.496048,-2.648682,-2.026729,-2.867253,-0.716379,-1.086274,23,23,23,23,23,23,23,23,23,23,23,23,23,23,23,23,530,5300,-1.345032,-2.108798,-1.441602,-1.939232,-11.03458,-13.62588,-1.436665,-2.086099,-1.423948,-3.0913,-2.365577,-2.424328,-1.536121,-2.116324,-1.565841,-2.147884,23,23,23,23,22,22,23,23,23,23,23,23,23,23,23,23,530,5300,-2.067525,-3.325788,-5.749718,-3.224732,-2.590006,-2.293547,-2.069285,-67.91887,0.1235616,-0.4838826,-0.5959911,0.7276555,0.4413675,-0.2208892,-0.3320041,0.4679547,22,22,22,22,22,22,22,22,22,22,22,22,22,22,22,22
531,5310,-45.80977,-51.26383,-9.85078,-4.631587,-2.770934,-2.59378,-0.5109873,-2.134203,-0.7430722,-1.968792,-1.54557,-1.387701,-1.072964,-2.508848,-1.55208,0.1207499,23,23,23,23,23,23,23,23,23,23,23,23,23,23,23,23,531,5310,-1.748528,-1.4498,-1.703441,-2.714907,-9.983804,-13.38039,-1.567267,-1.694962,-2.071194,-2.833804,-2.102733,-2.559012,-2.176155,-2.116324,-1.445391,-2.147884,23,23,23,23,22,22,23,23,23,23,23,23,23,23,23,23,531,5310,-1.722794,-3.325788,-5.366406,-2.708772,-3.237499,-1.78388,-1.810627,-68.6843,-0.4944516,-0.9677138,-0.3575887,-3.210623E-06,0.3312817,0.4461224,-0.2213355,0.5849947,22,22,22,22,22,22,22,22,22,22,22,22,22,22,22,22
532,5320,-45.93,-50.78021,-10.58915,-4.387878,-2.891602,-2.346754,-1.788448,-1.883432,-2.22922,-2.214891,-2.020809,-1.513811,-1.788287,-1.553099,-1.790851,0.1207499,23,23,23,23,23,23,23,23,23,23,23,23,23,23,23,23,532,5320,-1.614029,-1.318001,-1.703441,-2.844135,-10.24651,-13.50316,-2.350874,-1.173444,-2.33009,-3.0913,-1.97131,-1.885599,-2.048148,-2.227707,-1.445391,-2.147884,23,23,23,23,22,22,23,23,23,23,23,23,23,23,23,23,532,5320,-1.952614,-3.069963,-5.110864,-3.095796,-2.460507,-3.185464,-1.293314,-67.91887,0.7415752,0.8466508,0.357618,0.2425497,0.001024189,0.2237852,-0.3320041,0.233881,22,22,22,22,22,22,22,22,22,22,22,22,22,22,22,22
533,5330,-43.88608,-51.38474,-9.85078,-4.266024,-3.494968,-1.976215,-1.788448,-2.635761,-2.105374,-1.968792,-2.139618,-2.396528,-2.26517,-2.508848,-1.193922,-0.6034638,23,23,23,23,23,23,23,23,23,23,23,23,23,23,23,23,533,5330,-2.017526,-1.713399,-2.619907,-2.714855,-10.11516,-13.01217,-2.220274,-2.086099,-3.495131,-2.44756,-2.497001,-2.96306,-3.584235,-2.227707,-2.890787,-2.034838,23,23,23,23,22,22,23,23,23,23,23,23,23,23,23,23,533,5330,-2.642079,-3.197876,-4.727552,-2.708826,-3.237444,-3.185464,-2.586599,-68.46561,0.6179726,-0.1210116,-1.549194,-0.3638342,0.5514534,0.3349538,0.5533476,-0.0001926374,22,22,22,22,22,22,22,22,22,22,22,22,22,22,22,22
534,5340,-47.37276,-50.05478,-8.989345,-3.534898,-2.529585,-1.85265,-1.788448,-1.632313,-1.114609,-1.722691,-1.30795,-1.766032,-1.430625,-1.553099,-1.193922,0.1207499,23,23,23,23,23,23,23,23,23,23,23,23,23,23,23,23,534,5340,-2.286523,-1.4498,-2.619907,-2.327018,-9.721098,-13.13494,-1.828469,-2.346859,-3.236234,-3.220048,-2.628421,-2.424328,-2.688185,-2.004938,-2.770337,-2.26093,23,23,23,23,22,22,23,23,23,23,23,23,23,23,23,23,534,5340,-2.98681,-3.325788,-4.47201,-2.450846,-3.755438,-3.312881,-2.715928,-68.24692,0.8651778,0.6047336,-0.5959911,-0.3638342,-0.1090616,0.2237852,0.2213419,0.8190684,22,22,22,22,22,22,22,22,22,22,22,22,22,22,22,22
535,5350,-45.32885,-51.74745,-8.497095,-3.534898,-1.564215,-2.099676,-1.277412,-2.134203,-0.9907632,-3.076242,-1.54557,-2.018253,-1.788287,-2.986722,-1.074536,-0.4827621,23,23,23,23,23,23,23,23,23,23,23,23,23,23,23,23,535,5350,-2.017526,-1.976998,-3.274527,-2.456296,-9.85245,-13.87138,-2.089672,-2.346859,-3.236234,-2.576308,-2.365577,-2.96306,-2.176155,-2.896007,-2.168089,-2.373973,23,23,23,23,22,22,23,23,23,23,23,23,23,23,23,23,535,5350,-3.101722,-4.477007,-4.983094,-2.321856,-3.237444,-3.185465,-3.879935,-69.12168,0.8651778,0.1209024,-0.7151923,-0.1212813,-0.3292333,-0.2208892,-0.2213355,0.3509211,22,22,22,22,22,22,22,22,22,22,22,22,22,22,22,22
536,5360,-46.17046,-51.98926,-8.866282,-5.362712,-3.856985,-2.964268,-1.66065,-2.259592,-1.733837,-3.322343,-2.020809,-3.026913,-2.14595,-3.106189,-1.790851,-0.7241672,23,23,23,23,23,23,23,23,23,23,23,23,23,23,23,23,536,5360,-2.152024,-1.845199,-2.358061,-2.197738,-10.24651,-13.87138,-2.350874,-3.129134,-3.365681,-2.576308,-2.102733,-2.828377,-1.92014,-2.896007,-2.770337,-2.713108,23,23,23,23,22,22,23,23,23,23,23,23,23,23,23,23,536,5360,-2.412256,-4.604921,-4.855322,-2.708826,-2.589952,-3.949966,-3.621278,-68.46561,0.1235616,1.088565,0.2384168,-0.1212813,-0.7695798,0.1126166,-0.3320041,0.936102,22,22,22,22,22,22,22,22,22,22,22,22,22,22,22,22
537,5370,-44.60746,-50.90111,-8.497095,-4.997149,-4.219002,-2.964268,-1.788396,-2.134203,-2.105425,-2.214891,-1.66438,-1.766032,-1.669067,-2.747784,-1.313308,-0.3620603,23,23,23,23,23,23,23,23,23,23,23,23,23,23,23,23,537,5370,-1.345032,-3.031394,-2.619907,-2.068459,-9.721098,-13.38039,-2.220274,-2.346859,-2.718436,-2.190064,-1.577042,-3.501789,-1.536121,-2.784621,-2.047639,-3.278335,23,23,23,23,22,22,23,23,23,23,23,23,23,23,23,23,537,5370,-3.331544,-3.837441,-5.494177,-2.579836,-2.589952,-1.529046,-3.362622,-68.35625,-4.093544E-05,0.1209024,1.484913E-05,-0.4851122,-0.4393191,-0.2208892,3.210623E-06,0.7020283,22,22,22,22,22,22,22,22,22,22,22,22,22,22,22,22
538,5380,-42.68377,-51.14293,-8.497095,-5.484566,-3.615636,-2.593729,-1.532904,-1.883379,-1.857734,-2.091841,-2.258428,-1.639922,-2.26517,-2.150441,-1.790851,0.1207499,23,23,23,23,23,23,23,23,23,23,23,23,23,23,23,23,538,5380,-1.748528,-3.031394,-2.619907,-1.680621,-9.85245,-13.87138,-2.089672,-2.607616,-2.330089,-2.190064,-1.577042,-2.424328,-2.304163,-3.564305,-2.649888,-2.600065,23,23,23,23,22,22,23,23,23,23,23,23,23,23,23,23,538,5380,-2.98681,-3.453702,-4.855322,-2.063877,-2.460454,-2.930631,-2.715979,-67.91887,0.6179726,0.4849004,0.119216,0.9702085,0.001024189,0.001447991,0.3320105,1.053136,22,22,22,22,22,22,22,22,22,22,22,22,22,22,22,22
539,5390,-39.43755,-50.41749,-8.004844,-4.875295,-3.615636,-2.346702,-1.788396,-1.883379,-2.972345,-1.722691,-1.901999,-1.766032,-1.788287,-2.26991,-2.029623,0.2414517,23,23,23,23,23,23,23,23,23,23,23,23,23,23,23,23,539,5390,-1.614029,-3.031394,-1.834364,-1.93918,-10.24651,-13.50316,-2.481476,-3.650648,-2.200639,-2.061316,-1.839937,-2.559012,-2.176155,-3.230156,-3.131686,-2.26093,23,23,23,23,22,22,23,23,23,23,23,23,23,23,23,23,539,5390,-2.98681,-4.604921,-5.238635,-1.934887,-2.848948,-3.312881,-2.069336,-69.01234,0.3707667,0.6058798,0.4768188,-0.3638342,-0.9897515,-0.7767323,0.2213419,0.233881,22,22,22,22,22,22,22,22,22,22,22,22,22,22,22,22
540,5400,-39.19709,-50.17569,-8.127908,-4.753441,-3.132951,-2.717242,-1.788396,-2.510371,-2.105425,-2.707092,-1.78319,-2.270474,-1.788287,-2.150441,-1.193922,-1.086274,23,23,23,23,23,23,23,23,23,23,23,23,23,23,23,23,540,5400,-2.017526,-2.767796,-1.441595,-2.456296,-10.77192,-12.88944,-2.481476,-2.737997,-2.459538,-2.44756,-3.154167,-2.154962,-2.944197,-3.230156,-3.011237,-2.713108,23,23,23,23,22,22,23,23,23,23,23,23,23,23,23,23,540,5400,-2.642079,-3.837441,-5.621948,-2.321856,-2.460454,-2.930631,-2.58665,-69.12168,0.6179726,0.1219651,0.2384164,0.1212235,0.3312817,-0.4432265,0.9960251,1.287209,22,22,22,22,22,22,22,22,22,22,22,22,22,22,22,22
541,5410,-40.15894,-49.08754,-7.26647,-4.387878,-3.132951,-2.099676,-0.8941743,-1.883379,-1.486197,-2.830142,-1.54557,-1.892143,-0.9537436,-2.628315,-1.313308,-0.241357,23,23,23,23,23,23,23,23,23,23,23,23,23,23,23,23,541,5410,-2.555521,-2.504196,-2.619907,-1.809901,-10.90322,-13.87138,-3.134483,-2.868374,-2.588987,-2.576308,-2.89132,-2.693691,-3.840247,-2.784621,-2.408988,-2.487019,23,23,23,23,22,22,23,23,23,23,23,23,23,23,23,23,541,5410,-3.101722,-4.860747,-4.855322,-3.353775,-2.460454,-2.038713,-2.845307,-68.6843,-0.7416571,0.2429446,-0.5959919,0.2425015,-0.2192053,-0.5543951,-0.5533412,0.936102,22,22,22,22,22,22,22,22,22,22,22,22,22,22,22,22
542,5420,-43.1647,-50.65931,-6.651159,-4.631587,-2.650266,-3.211294,-1.02192,-2.88654,-1.610043,-2.953192,-1.54557,-2.522605,-1.430627,-3.106189,-2.507166,-0.6034638,23,23,23,23,23,23,23,23,23,23,23,23,23,23,23,23,542,5420,-2.959017,-2.372397,-2.227138,-2.844135,-9.721098,-14.36237,-2.612077,-2.737997,-2.588987,-3.0913,-3.02274,-3.636468,-3.456227,-2.896011,-2.408988,-2.826154,23,23,23,23,22,22,23,23,23,23,23,23,23,23,23,23,542,5420,-2.067525,-4.093268,-5.87749,-2.321856,-2.071958,-2.675797,-3.362622,-69.23103,0.3707667,0.1219651,0.4768188,0.9701603,-0.1091194,-0.6655645,0.442679,0.936102,22,22,22,22,22,22,22,22,22,22,22,22,22,22,22,22
543,5430,-44.60746,-50.41749,-6.77422,-4.144169,-3.253619,-2.223189,-1.532904,-2.384981,-1.610043,-2.460992,-2.139618,-2.270474,-1.430627,-2.508848,-0.9551506,-0.241357,23,23,23,23,23,23,23,23,23,23,23,23,23,23,23,23,543,5430,-3.093515,-2.767796,-1.703441,-3.361252,-9.721098,-14.4851,-3.134483,-3.650648,-2.718436,-2.833804,-2.497052,-3.636468,-3.584235,-2.561859,-2.649939,-3.391377,23,23,23,23,22,22,23,23,23,23,23,23,23,23,23,23,543,5430,-2.642079,-5.372399,-5.494177,-3.095796,-2.71945,-2.803214,-3.103964,-68.90298,-0.4944516,0.1219651,-0.1191871,-0.8489882,-0.549466,-0.3320587,-0.1107199,1.053136,22,22,22,22,22,22,22,22,22,22,22,22,22,22,22,22
544,5440,-45.20861,-49.93388,-6.528096,-4.022315,-3.012283,-2.099676,-0.7664282,-2.635761,-1.238506,-2.091841,-1.901999,-1.639922,-1.90751,-1.792036,-1.910237,0.1206985,23,23,23,23,23,23,23,23,23,23,23,23,23,23,23,23,544,5440,-2.286523,-1.976998,-2.096215,-2.197738,-10.11516,-14.85332,-2.612077,-2.346859,-2.330089,-2.705056,-2.89132,-3.905833,-2.43217,-2.116324,-2.890839,-3.165244,23,23,23,23,22,22,23,23,23,23,23,23,23,23,23,23,544,5440,-2.297348,-3.837441,-5.366406,-2.450846,-2.848948,-2.930631,-2.327994,-68.57495,0.6179726,0.2429446,0.2384164,0.6063293,0.3312239,-0.3320587,0.3319575,0.8060718,22,22,22,22,22,22,22,22,22,22,22,22,22,22,22,22
545,5450,-47.37276,-48.96663,-8.74322,-4.997149,-3.012283,-1.358598,-1.277412,-1.255581,-1.733889,-1.353541,-2.258428,-1.513811,-2.265171,-1.314162,-1.313308,-0.2414083,23,23,23,23,23,23,23,23,23,23,23,23,23,23,23,23,545,5450,-2.017526,-2.240597,-2.488984,-1.809901,-10.37786,-14.60787,-2.089672,-1.955719,-3.495129,-2.190064,-3.548432,-2.693691,-2.176155,-2.004941,-3.131738,-3.165244,23,23,23,23,22,22,23,23,23,23,23,23,23,23,23,23,545,5450,-2.642086,-4.98866,-5.366406,-2.837816,-2.589952,-1.529046,-2.069336,-69.01234,0.2471642,1.210774,-0.2383883,-0.1213294,-0.7696376,-0.5543959,-0.5533957,0.3380079,22,22,22,22,22,22,22,22,22,22,22,22,22,22,22,22
546,5460,-43.40516,-49.81297,-7.758719,-4.997149,-3.494968,-1.976163,-1.532904,-2.134203,-1.238506,-2.584042,-1.54557,-2.144364,-1.549847,-1.194694,-1.193922,-0.6035152,23,23,23,23,23,23,23,23,23,23,23,23,23,23,23,23,546,5460,-1.748528,-2.504196,-1.572518,-2.585576,-10.64057,-13.87138,-2.089672,-1.825342,-2.847885,-2.190064,-3.548432,-3.232421,-2.560178,-2.339093,-3.011288,-2.600017,23,23,23,23,22,22,23,23,23,23,23,23,23,23,23,23,546,5460,-2.527177,-3.453701,-4.47201,-1.934887,-1.94246,-2.16613,-2.58665,-68.79365,0.2471642,-0.482929,-0.4767907,0.6063293,0.5513955,-0.5543959,-4.976465E-05,1.625192,22,22,22,22,22,22,22,22,22,22,22,22,22,22,22,22
547,5470,-45.20861,-49.32935,-7.758721,-4.631587,-3.012283,-1.358598,-1.532904,-2.008813,-1.11466,-1.845741,-1.18914,-1.766032,-1.430627,-2.030972,-1.790851,0.7242106,23,23,23,23,23,23,23,23,23,23,23,23,23,23,23,23,547,5470,-1.883027,-2.372397,-2.096215,-2.585576,-10.64057,-13.87138,-2.350874,-2.868374,-2.718436,-2.962552,-3.548432,-3.097739,-2.43217,-3.007394,-3.131738,-2.486974,23,23,23,23,22,22,23,23,23,23,23,23,23,23,23,23,547,5470,-2.871908,-4.477005,-5.877488,-3.095796,-3.107945,-3.822549,-1.810679,-68.6843,-0.4944516,0.7268593,0.2384164,0.4850545,0.2211381,-1.110239,-4.976465E-05,1.742206,22,22,22,22,22,22,22,22,22,22,22,22,22,22,22,22
548,5480,-47.85369,-51.26383,-7.635658,-4.753441,-2.167568,-2.223189,-1.149666,-2.384981,-1.11466,-3.691493,-1.07033,-2.522605,-1.788289,-3.345127,-1.432694,0.1206985,23,23,23,23,23,23,23,23,23,23,23,23,23,23,23,23,548,5480,-3.093515,-3.031394,-1.703441,-2.973413,-11.03458,-13.74866,-1.567267,-2.737997,-2.977334,-3.992537,-3.679855,-2.559009,-2.560178,-3.230159,-2.890839,-3.27829,23,23,23,23,22,22,23,23,23,23,23,23,23,23,23,23,548,5480,-3.216643,-4.349092,-5.494176,-4.127711,-2.848948,-2.675797,-3.879935,-69.77776,-0.6180545,0.1219651,0.3576176,0.6063293,0.5513955,-0.3320587,0.4426261,1.040107,22,22,22,22,22,22,22,22,22,22,22,22,22,22,22,22
549,5490,-50.13807,-50.78021,-9.481594,-5.85013,-3.012277,-2.964268,-1.405158,-2.384981,-1.610043,-2.460992,-1.54557,-1.766032,-1.192185,-2.150441,-0.4776074,-0.2414083,23,23,23,23,23,23,23,23,23,23,23,23,23,23,23,23,549,5490,-3.228014,-2.635996,-2.358061,-3.361252,-10.50922,-13.50316,-1.697869,-3.259511,-3.36568,-3.992537,-2.365628,-2.828374,-3.072205,-3.007394,-2.52949,-2.713063,23,23,23,23,22,22,23,23,23,23,23,23,23,23,23,23,549,5490,-3.906105,-5.628223,-5.621947,-3.095793,-2.849002,-2.803214,-2.457322,-68.35625,-0.2472464,0.2429446,-0.4767907,0.1212235,-0.2192053,-1.221408,0.4426261,1.157121,22,22,22,22,22,22,22,22,22,22,22,22,22,22,22,22
550,5500,-46.65138,-50.17569,-9.604657,-5.606421,-2.288243,-1.729137,-0.8941743,-1.63226,-0.7431235,-1.845741,-1.42676,-1.13548,-0.7153026,-1.553099,-1.55208,0.3621021,23,23,23,23,23,23,23,23,23,23,23,23,23,23,23,23,550,5500,-2.959017,-2.372397,-2.227138,-3.619809,-10.24651,-12.88949,-2.350874,-2.346859,-2.459538,-4.378781,-3.811279,-2.559009,-3.32822,-2.339093,-2.890839,-2.034793,23,23,23,23,22,22,23,23,23,23,23,23,23,23,23,23,550,5500,-2.871908,-4.221179,-6.00526,-3.740742,-2.460506,-2.54838,-3.362622,-69.34038,-1.236068,-1.450758,0.1192152,0.7276074,0.0009663975,-0.1097214,-4.976465E-05,1.157121,22,22,22,22,22,22,22,22,22,22,22,22,22,22,22,22
551,5510,-47.61323,-49.57116,-8.989345,-4.144169,-2.529579,-0.9880587,-1.405158,-0.7533421,-1.610043,-1.476591,-1.66438,-1.26159,-1.430627,-1.194694,-1.790851,0.2414003,23,23,23,23,23,23,23,23,23,23,23,23,23,23,23,23,551,5510,-2.690019,-1.976998,-2.358061,-2.973413,-9.85245,-12.88949,-2.742625,-2.737997,-3.624578,-3.606293,-2.628473,-2.828374,-3.712239,-2.896011,-2.770389,-2.260882,23,23,23,23,22,22,23,23,23,23,23,23,23,23,23,23,551,5510,-1.952624,-4.732832,-5.749718,-3.224783,-3.496495,-3.058048,-2.845255,-68.46561,-0.6180545,-0.6039085,-0.2383883,0.6063293,0.0009663975,-0.7767331,-0.4427272,1.742206,22,22,22,22,22,22,22,22,22,22,22,22,22,22,22,22
552,5520,-48.57507,-50.78021,-9.481594,-4.509732,-2.167562,-1.85265,-1.149666,-1.883379,-1.610043,-1.968792,-1.07033,-1.766032,-0.8345235,-1.672567,-0.8357652,0.1206985,23,23,23,23,23,23,23,23,23,23,23,23,23,23,23,23,552,5520,-2.690019,-2.372397,-3.274527,-2.197738,-10.24651,-13.62593,-2.350821,-2.346856,-3.236231,-2.833804,-3.02274,-2.424327,-3.200212,-2.673242,-2.52949,-2.939155,23,23,23,23,22,22,23,23,23,23,23,23,23,23,23,23,552,5520,-2.412266,-3.83744,-4.472009,-3.224783,-2.590004,-2.420964,-1.939956,-68.79365,-4.093544E-05,-0.9668437,0.3576176,-5.136996E-05,-0.4393801,-0.3320587,-0.6640643,0.4550223,22,22,22,22,22,22,22,22,22,22,22,22,22,22,22,22
553,5530,-48.81553,-49.93388,-8.74322,-4.875295,-1.564209,-0.7410326,-0.6386821,-0.7533421,-0.6192264,-1.23049,-1.18914,-0.7571483,-0.7153026,-2.030972,-0.716379,0.8449123,23,23,23,23,23,23,23,23,23,23,23,23,23,23,23,23,553,5530,-2.017526,-2.899595,-3.143604,-2.585576,-10.11516,-13.38044,-2.481423,-2.86837,-4.012925,-2.833804,-2.759896,-4.309884,-3.072205,-3.341542,-3.131738,-2.373928,23,23,23,23,22,22,23,23,23,23,23,23,23,23,23,23,553,5530,-2.756997,-3.965353,-5.366405,-2.837813,-3.107999,-3.058048,-2.586599,-68.46561,-0.7416571,-0.482929,-0.1191871,0.7276074,-0.2192053,0.6684589,-0.2213885,1.157121,22,22,22,22,22,22,22,22,22,22,22,22,22,22,22,22
554,5540,-51.58083,-51.02202,-11.45059,-11.33041,-3.977647,-2.099676,-0.7664282,-2.259592,-1.238455,-3.322393,-1.18914,-2.648682,-1.311406,-3.225658,-1.671465,-0.3621117,23,23,23,23,23,23,23,23,23,23,23,23,23,23,23,23,554,5540,-2.286523,-3.558593,-3.012675,-2.327018,-9.983804,-14.11693,-2.220219,-4.041782,-2.847885,-2.576308,-3.02274,-3.367104,-2.560178,-3.564308,-2.40904,-2.939155,23,23,23,23,22,22,23,23,23,23,23,23,23,23,23,23,554,5540,-2.98682,-3.83744,-4.983092,-2.450844,-2.590004,-3.185464,-1.6813,-68.46561,-0.2472464,-0.8458642,1.404647E-05,-5.136996E-05,-0.3292943,0.2237844,0.2212874,0.8060718,22,22,22,22,22,22,22,22,22,22,22,22,22,22,22,22
555,5550,-52.42245,-51.50564,-13.29653,-11.08685,-5.305047,-2.346702,-1.788396,-1.38114,-1.733837,-2.584092,-2.614909,-2.270474,-1.549847,-2.747784,-1.55208,-0.6035152,23,23,23,23,23,23,23,23,23,23,23,23,23,23,23,23,555,5550,-2.555521,-2.635996,-2.227138,-2.585576,-10.24651,-14.11693,-2.742625,-3.650645,-3.236231,-2.576308,-2.628473,-2.424327,-2.304163,-3.230159,-3.252187,-2.826109,23,23,23,23,22,22,23,23,23,23,23,23,23,23,23,23,555,5550,-3.331551,-4.349092,-4.855321,-2.837813,-3.107999,-2.803214,-2.327942,-68.24692,-0.370849,0.2429446,-0.8343935,0.1212235,-0.2192053,0.3349538,0.3319575,0.2209936,22,22,22,22,22,22,22,22,22,22,22,22,22,22,22,22
556,5560,-52.42245,-50.90111,-12.0659,-8.651244,-3.977647,-2.346702,-0.7664282,-1.883379,-0.7430722,-2.337992,-1.070382,-2.018253,-1.788289,-1.792036,-2.029623,-0.6035152,23,23,23,23,23,23,23,23,23,23,23,23,23,23,23,23,556,5560,-2.555521,-2.899595,-2.358061,-1.551342,-10.24651,-12.88949,-2.742625,-2.99875,-2.718436,-2.190064,-2.497052,-2.693695,-2.688185,-2.896011,-3.011288,-2.147839,23,23,23,23,22,22,23,23,23,23,23,23,23,23,23,23,556,5560,-2.527177,-4.477005,-4.599779,-2.192864,-2.460506,-3.185464,-2.069285,-68.46561,-4.093544E-05,-0.724888,-0.1191863,-0.2426107,0.3312239,0.6684589,0.2212874,0.8060718,22,22,22,22,22,22,22,22,22,22,22,22,22,22,22,22
557,5570,-53.98545,-51.26383,-12.55815,-7.31166,-5.063698,-2.717242,-2.043889,-2.259592,-2.353065,-2.584092,-2.614909,-2.270474,-2.742052,-2.030972,-1.910237,-0.2414083,23,23,23,23,23,23,23,23,23,23,23,23,23,23,23,23,557,5570,-2.555521,-2.240597,-2.227138,-2.197738,-10.77187,-14.36242,-3.395632,-2.99875,-2.200639,-2.190064,-2.628473,-2.559012,-3.456231,-2.673242,-2.890839,-1.921747,23,23,23,23,22,22,23,23,23,23,23,23,23,23,23,23,557,5570,-2.756997,-3.83744,-5.110863,-3.353772,-2.9785,-3.058048,-1.939956,-68.46561,-0.1236435,-0.1199938,-0.7151923,-0.4851636,-0.1090649,0.1126166,-0.7747329,0.9230925,22,22,22,22,22,22,22,22,22,22,22,22,22,22,22,22
558,5580,-54.10567,-50.65931,-10.95834,-7.677002,-3.856979,-1.85265,-0.8941743,-1.883379,-1.3623,-1.722741,-1.426811,-1.513811,-1.192184,-1.911502,-1.313308,-0.4828134,23,23,23,23,23,23,23,23,23,23,23,23,23,23,23,23,558,5580,-2.690019,-2.240597,-2.227138,-3.102693,-10.50922,-13.25771,-3.13443,-2.216476,-2.200639,-1.675071,-3.02274,-1.885599,-3.200216,-2.450472,-2.28859,-2.147839,23,23,23,23,22,22,23,23,23,23,23,23,23,23,23,23,558,5580,-2.871908,-3.965353,-4.855321,-2.063875,-1.942513,-2.54838,-3.491898,-68.57495,-4.093544E-05,-0.482929,-0.8343935,-0.3638856,0.3312785,0.001447188,-0.1107199,0.1039728,22,22,22,22,22,22,22,22,22,22,22,22,22,22,22,22
559,5590,-53.98545,-50.78021,-10.83528,-6.824539,-4.098328,-2.223189,-1.02192,-1.255581,-0.6192264,-2.337992,-1.545621,-1.892142,-1.669067,-2.747782,-1.552028,-0.3621117,23,23,23,23,23,23,23,23,23,23,23,23,23,23,23,23,559,5590,-2.555521,-1.4498,-1.572518,-2.973413,-9.85245,-14.73065,-3.395632,-2.346856,-1.812294,-2.576308,-1.708517,-3.501789,-2.816193,-2.33909,-1.927242,-2.826109,23,23,23,23,22,22,23,23,23,23,23,23,23,23,23,23,559,5590,-2.871908,-4.221179,-5.110863,-2.063875,-3.237497,-3.695131,-2.845255,-68.35625,-0.1236435,0.3639241,0.119216,-5.458059E-05,-0.3292365,-0.22089,0.1106718,0.9230925,22,22,22,22,22,22,22,22,22,22,22,22,22,22,22,22
560,5600,-54.5866,-51.74745,-10.21997,-7.798782,-3.374294,-3.334807,-1.149666,-2.510371,-1.114609,-3.445443,-1.664431,-2.396528,-1.430625,-3.464593,-1.910185,-0.4828118,23,23,23,23,23,23,23,23,23,23,23,23,23,23,23,23,560,5600,-2.017526,-2.767796,-2.227138,-2.327018,-9.85245,-15.09887,-2.873226,-2.216476,-2.459538,-2.705056,-1.839937,-3.232424,-2.560181,-2.561855,-2.770389,-3.052198,23,23,23,23,22,22,23,23,23,23,23,23,23,23,23,23,560,5600,-2.98682,-4.221179,-4.727551,-2.837813,-1.165521,-2.038713,-2.45727,-68.46561,0.6179726,0.0009856612,-0.1191863,-0.8489914,0.3312785,0.1126166,0.442679,-0.01304155,22,22,22,22,22,22,22,22,22,22,22,22,22,22,22,22
561,5610,-54.58659,-51.38474,-11.94284,-9.747268,-4.581013,-3.211294,-1.02192,-1.883379,-1.114609,-2.953242,-0.9515716,-2.144363,-1.669067,-2.389376,-1.074485,-0.7242153,23,23,23,23,23,23,23,23,23,23,23,23,23,23,23,23,561,5610,-2.152025,-2.372397,-2.358061,-2.456296,-10.64057,-15.09887,-2.220219,-2.607613,-2.977334,-2.061316,-2.497052,-3.636472,-2.816193,-2.896007,-2.649939,-3.391333,23,23,23,23,22,22,23,23,23,23,23,23,23,23,23,23,561,5610,-2.871905,-4.604918,-4.983092,-2.966803,-2.460506,-3.312881,-2.586599,-68.6843,0.1235616,-0.2409701,-0.3575887,0.7276042,-0.3292365,0.6684589,0.1106718,1.508171,22,22,22,22,22,22,22,22,22,22,22,22,22,22,22,22
562,5620,-55.66867,-51.62656,-14.52715,-10.47795,-6.029081,-2.964268,-1.788396,-2.008813,-2.353065,-2.337992,-2.020861,-2.270474,-2.14595,-2.508845,-2.387728,0.482807,23,23,23,23,23,23,23,23,23,23,23,23,23,23,23,23,562,5620,-2.152025,-1.976998,-2.619907,-2.327018,-10.64057,-14.48515,-2.481423,-2.346856,-3.624578,-2.833804,-3.154167,-3.367107,-2.688185,-2.784621,-3.974885,-3.391333,23,23,23,23,22,22,23,23,23,23,23,23,23,23,23,23,562,5620,-3.101725,-5.116573,-5.877488,-2.708823,-2.201509,-2.293547,-2.327942,-69.01234,-0.370849,0.7268593,0.5960204,0.2424983,-0.6594972,-0.1097214,0.2213419,0.5720431,22,22,22,22,22,22,22,22,22,22,22,22,22,22,22,22
563,5630,-50.85944,-50.65932,-13.78878,-9.016586,-5.305047,-3.334807,-1.788396,-2.88654,-2.600756,-2.953242,-2.37729,-2.270474,-2.980494,-3.584061,-2.6265,-1.605311E-06,23,23,23,23,23,23,23,23,23,23,23,23,23,23,23,23,563,5630,-2.286524,-2.504196,-3.143604,-2.327018,-11.16593,-14.60792,-2.089619,-2.216476,-2.588987,-2.962552,-3.811279,-3.097742,-2.688185,-2.673238,-3.252187,-2.939155,23,23,23,23,22,22,23,23,23,23,23,23,23,23,23,23,563,5630,-2.871905,-4.093267,-5.749718,-2.450844,-2.849002,-3.312881,-2.715928,-68.90298,-0.2472464,0.1219651,1.484913E-05,1.21271,0.1111068,-0.4432273,0.2213419,1.157121,22,22,22,22,22,22,22,22,22,22,22,22,22,22,22,22
564,5640,-50.73922,-49.93389,-12.92734,-7.920562,-4.339664,-2.964268,-2.171515,-2.88654,-1.3623,-2.830193,-2.020861,-1.261589,-2.026729,-2.747782,-1.910185,0.1207002,23,23,23,23,23,23,23,23,23,23,23,23,23,23,23,23,564,5640,-1.61403,-1.845199,-1.834364,-2.585576,-10.50922,-13.62593,-2.089619,-2.086096,-2.071192,-2.833804,-3.548432,-2.424328,-2.432173,-3.118773,-2.40904,-3.165244,23,23,23,23,22,22,23,23,23,23,23,23,23,23,23,23,564,5640,-2.871905,-5.244485,-5.494177,-2.837815,-2.9785,-2.293547,-2.327942,-68.13757,-0.1236435,0.8478388,0.4768192,0.4850512,0.2211926,-0.8879017,0.5533476,1.040107,22,22,22,22,22,22,22,22,22,22,22,22,22,22,22,22
565,5650,-50.61898,-49.57117,-11.45059,-6.702758,-3.620754,-3.211294,-1.532904,-2.88654,-2.353065,-3.445443,-1.426811,-2.900836,-2.026729,-3.345124,-2.148957,-0.3621085,23,23,23,23,23,23,23,23,23,23,23,23,23,23,23,23,565,5650,-2.152025,-1.976998,-2.488984,-2.585576,-10.64057,-13.50321,-1.959018,-2.346856,-2.718436,-3.606293,-2.89132,-2.020281,-1.920143,-2.450472,-2.28859,-2.147839,23,23,23,23,22,22,23,23,23,23,23,23,23,23,23,23,565,5650,-2.412263,-4.22118,-6.133031,-3.224785,-2.71945,-3.185464,-2.198614,-69.23103,-0.370849,0.0009856612,0.357618,1.091435,0.3312785,0.2237844,-0.1106654,1.508171,22,22,22,22,22,22,22,22,22,22,22,22,22,22,22,22
566,5660,-50.49875,-49.32936,-10.46609,-7.31166,-3.620754,-3.581884,-1.916143,-3.262709,-2.22922,-3.568493,-1.902051,-3.279068,-2.14595,-4.181404,-1.671414,-1.207026,23,23,23,23,23,23,23,23,23,23,23,23,23,23,23,23,566,5660,-2.017526,-1.976998,-1.834364,-2.973413,-9.983804,-13.74866,-2.481423,-1.564578,-2.330089,-3.348797,-2.102784,-1.616234,-1.920143,-2.227707,-2.28859,-2.034793,23,23,23,23,22,22,23,23,23,23,23,23,23,23,23,23,566,5660,-2.756994,-4.732833,-5.87749,-3.353774,-2.848948,-2.420964,-1.939956,-68.02822,0.4943693,-0.1199938,0.357618,0.848879,0.2211926,-0.4432273,-0.7746799,1.508171,22,22,22,22,22,22,22,22,22,22,22,22,22,22,22,22
567,5670,-52.06175,-48.84575,-12.55815,-7.677001,-3.137979,-2.346754,-1.277412,-2.384981,-1.609992,-2.461043,-0.7139518,-2.144363,-1.311405,-2.747782,-1.910185,-0.7242153,23,23,23,23,23,23,23,23,23,23,23,23,23,23,23,23,567,5670,-2.555521,-1.976998,-2.488984,-2.197738,-10.50922,-12.64395,-2.742625,-1.955719,-3.106781,-3.0913,-2.497052,-2.154963,-2.560181,-2.227707,-1.686342,-1.582612,23,23,23,23,22,22,23,23,23,23,23,23,23,23,23,23,567,5670,-2.067529,-4.093267,-4.727552,-2.966805,-3.107945,-2.803214,-1.939955,-68.6843,-0.7416571,-1.692717,-0.4767899,0.2424983,0.4413643,-0.1097214,3.210623E-06,1.157121,22,22,22,22,22,22,22,22,22,22,22,22,22,22,22,22
568,5680,-51.82129,-50.1757,-12.0659,-6.580978,-3.017285,-2.470267,-2.299109,-2.008813,-2.353065,-2.337992,-2.496099,-2.018253,-2.980494,-2.747782,-2.6265,0.2414035,23,23,23,23,23,23,23,23,23,23,23,23,23,23,23,23,568,5680,-2.152025,-1.713399,-2.358061,-2.456296,-10.24651,-13.62588,-2.481423,-2.346856,-2.718436,-2.190064,-2.365628,-1.616234,-2.304166,-3.230156,-2.28859,-2.600017,23,23,23,23,22,22,23,23,23,23,23,23,23,23,23,23,568,5680,-1.837709,-4.349093,-5.238635,-3.224785,-3.366943,-2.54838,-1.939955,-68.46561,0.4943693,0.1219651,-0.2383875,1.091435,0.7716218,0.557291,3.210623E-06,1.040107,22,22,22,22,22,22,22,22,22,22,22,22,22,22,22,22
569,5690,-49.53691,-50.05479,-12.92734,-6.580978,-3.741448,-3.087832,-2.299109,-3.513487,-2.229271,-2.953242,-2.37729,-2.396528,-2.622832,-2.986719,-1.671414,-0.4828118,23,23,23,23,23,23,23,23,23,23,23,23,23,23,23,23,569,5690,-2.555521,-2.899595,-3.274527,-2.327018,-10.11516,-14.36237,-1.959018,-2.99875,-3.754027,-1.932568,-3.285584,-3.232424,-2.432173,-3.452922,-2.40904,-3.27829,23,23,23,23,22,22,23,23,23,23,23,23,23,23,23,23,569,5690,-2.642082,-4.477007,-4.983094,-3.740744,-3.107945,-2.675797,-2.974583,-68.90299,-0.6181059,-1.087823,-0.2383875,0.6063261,-0.2191507,0.1126166,0.1106718,1.040107,22,22,22,22,22,22,22,22,22,22,22,22,22,22,22,22
570,5700,-48.93576,-49.08756,-10.21997,-4.997098,-2.896592,-2.099728,-2.299109,-2.510371,-1.362352,-2.830142,-1.783241,-2.522605,-2.384391,-2.628314,-2.387728,0.2414035,23,23,23,23,23,23,23,23,23,23,23,23,23,23,23,23,570,5700,-2.017526,-3.031394,-2.488984,-2.327018,-9.721098,-14.36237,-2.089619,-3.520268,-3.36568,-2.705056,-2.234205,-2.828377,-2.560181,-3.00739,-2.52949,-3.391333,23,23,23,23,22,22,23,23,23,23,23,23,23,23,23,23,570,5700,-2.527171,-4.093267,-5.366406,-3.095795,-3.366943,-3.695132,-3.750554,-68.24693,-0.3709004,0.1209024,-0.2383875,0.2424983,0.001020978,0.8907961,-0.2213355,0.5720431,22,22,22,22,22,22,22,22,22,22,22,22,22,22,22,22
571,5710,-46.17046,-48.48303,-8.374032,-4.875244,-2.775898,-2.964319,-1.788396,-3.388098,-2.600808,-3.568443,-1.42676,-3.279068,-1.788287,-3.464593,-3.223429,-1.448429,23,23,23,23,23,23,23,23,23,23,23,23,23,23,23,23,571,5710,-2.017526,-3.558593,-1.965286,-2.197738,-10.77187,-14.36237,-2.742625,-2.99875,-2.588987,-2.318812,-3.548432,-2.020281,-2.816193,-3.564305,-3.011288,-2.486974,23,23,23,23,22,22,23,23,23,23,23,23,23,23,23,23,571,5710,-2.527171,-4.477007,-5.110864,-2.321856,-2.460454,-3.312881,-2.327941,-68.13757,-0.4945029,-0.2419686,-0.5959911,-0.1213326,0.3312785,0.2237844,0.6640178,0.3380079,22,22,22,22,22,22,22,22,22,22,22,22,22,22,22,22
572,5720,-45.32884,-48.96665,-9.604655,-5.118953,-3.379367,-3.458371,-2.299109,-2.510371,-2.600808,-3.199292,-2.496048,-2.774759,-1.549846,-3.584061,-1.552028,-0.4828118,23,23,23,23,23,23,23,23,23,23,23,23,23,23,23,23,572,5720,-2.959017,-2.240597,-2.619907,-2.197738,-10.90322,-13.62588,-3.13443,-3.389888,-2.071192,-1.675071,-2.759896,-2.424327,-2.560181,-3.675691,-2.52949,-2.147839,23,23,23,23,22,22,23,23,23,23,23,23,23,23,23,23,572,5720,-2.871905,-3.837441,-4.47201,-3.224785,-3.62594,-2.930631,-2.845255,-68.6843,0.3707153,0.9676079,0.357618,-0.2426107,-0.5494114,1.224303,0.3320105,0.2209936,22,22,22,22,22,22,22,22,22,22,22,22,22,22,22,22
573,5730,-42.68377,-48.12031,-8.497095,-3.778555,-2.293123,-2.223241,-1.02192,-1.883432,-1.362352,-1.722691,-1.901999,-1.766032,-1.788289,-1.792033,-2.029571,-0.120705,23,23,23,23,23,23,23,23,23,23,23,23,23,23,23,23,573,5730,-2.69002,-2.504196,-1.441595,-1.93918,-10.50922,-14.2396,-3.656833,-2.86837,-2.588987,-2.318812,-2.628473,-2.424327,-3.456231,-2.561855,-2.047691,-1.921747,23,23,23,23,22,22,23,23,23,23,23,23,23,23,23,23,573,5730,-3.56137,-5.116573,-5.238635,-2.192866,-2.201457,-2.293547,-2.974583,-68.79366,0.4943179,0.7256906,0.2384168,-0.9702694,-0.1090649,0.6684589,0.7746863,0.1039728,22,22,22,22,22,22,22,22,22,22,22,22,22,22,22,22
574,5740,-44.00631,-48.36213,-8.620156,-4.022264,-3.137979,-1.852701,-2.299109,-2.008813,-1.857734,-2.584042,-2.377238,-2.144364,-2.265171,-2.986722,-2.387728,0.3621053,23,23,23,23,23,23,23,23,23,23,23,23,23,23,23,23,574,5740,-3.631511,-2.372397,-2.096215,-2.197738,-10.24651,-13.99415,-2.481423,-2.737993,-2.330089,-1.932568,-3.154167,-2.289644,-3.328223,-2.561859,-1.445443,-2.260882,23,23,23,23,22,22,23,23,23,23,23,23,23,23,23,23,574,5740,-2.527171,-4.988659,-4.727552,-2.450846,-2.848948,-3.312881,-3.23324,-69.66842,0.6179212,0.4837766,0.357618,0.1212203,0.1111068,-0.5543959,3.210623E-06,1.040107,22,22,22,22,22,22,22,22,22,22,22,22,22,22,22,22
575,5750,-41.84216,-48.96665,-8.374032,-3.778555,-2.896592,-2.346754,-2.171515,-2.008813,-1.11466,-2.091841,-1.54557,-1.766032,-2.265171,-2.150441,-1.790851,-1.605311E-06,23,23,23,23,23,23,23,23,23,23,23,23,23,23,23,23,575,5750,-2.824518,-2.240597,-1.834364,-2.068459,-9.589745,-14.60787,-3.003828,-1.825338,-2.330089,-2.576308,-2.365628,-2.828374,-2.560181,-2.339093,-1.445443,-3.052198,23,23,23,23,22,22,23,23,23,23,23,23,23,23,23,23,575,5750,-3.216636,-4.732833,-5.366406,-2.579835,-1.683462,-2.038713,-2.327941,-68.90299,0.1235102,0.3628196,-0.3575887,-5.458059E-05,-0.9897547,-0.1097214,-0.4427272,0.4550223,22,22,22,22,22,22,22,22,22,22,22,22,22,22,22,22
576,5760,-42.44331,-48.36213,-7.635658,-4.509681,-2.534511,-2.717293,-1.277412,-3.011929,-1.238506,-2.953192,-1.66438,-2.648682,-1.430627,-2.986722,-1.790851,-0.7241672,23,23,23,23,23,23,23,23,23,23,23,23,23,23,23,23,576,5760,-1.883027,-2.108798,-1.834364,-2.585576,-10.24651,-15.09881,-2.873226,-2.477233,-1.812294,-2.44756,-2.759896,-3.501786,-2.432173,-2.116324,-1.445443,-3.391326,23,23,23,23,22,22,23,23,23,23,23,23,23,23,23,23,576,5760,-2.642082,-4.988659,-5.366406,-2.450846,-1.812961,-2.803214,-2.327941,-69.55908,0.2471128,0.3628196,0.7152216,0.3637732,0.001020978,-0.4432273,0.4426261,1.391156,22,22,22,22,22,22,22,22,22,22,22,22,22,22,22,22
577,5770,-42.804,-49.20846,-7.512595,-5.118953,-3.620754,-3.334858,-1.532904,-2.259592,-1.733889,-3.568443,-2.258428,-2.144364,-2.145951,-3.464596,-1.55208,-1.327679,23,23,23,23,23,23,23,23,23,23,23,23,23,23,23,23,577,5770,-2.286524,-1.4498,-1.572518,-2.068459,-9.983804,-14.97609,-2.220219,-1.955719,-2.071192,-2.576308,-1.708517,-3.367104,-2.688185,-1.448025,-2.28859,-3.391326,23,23,23,23,22,22,23,23,23,23,23,23,23,23,23,23,577,5770,-2.412266,-4.860746,-5.621948,-2.708825,-2.589952,-2.420964,-2.457269,-68.57496,-0.865311,0.4837766,0.7152216,0.4850512,0.1111068,-0.5543959,0.3319575,1.391156,22,22,22,22,22,22,22,22,22,22,22,22,22,22,22,22
578,5780,-44.0063,-48.72483,-7.389533,-3.778555,-2.293123,-2.59378,-1.149666,-2.635761,-0.8669693,-2.091841,-1.07033,-2.144364,-1.549847,-1.911505,-1.313308,-0.1206552,23,23,23,23,23,23,23,23,23,23,23,23,23,23,23,23,578,5780,-2.017526,-1.186201,-2.358061,-2.197738,-10.24651,-14.85332,-2.220219,-1.825338,-2.588987,-2.318812,-2.234205,-2.693691,-1.920143,-2.450476,-2.40904,-3.278283,23,23,23,23,22,22,23,23,23,23,23,23,23,23,23,23,578,5780,-1.837712,-3.709527,-5.238635,-2.708825,-1.683462,-2.420964,-3.362569,-69.55908,-0.6181059,-0.1210116,0.2384168,0.2424983,-0.2191507,-0.22089,-0.2213885,0.9230925,22,22,22,22,22,22,22,22,22,22,22,22,22,22,22,22
579,5790,-43.28492,-48.96664,-8.866282,-5.728224,-3.982835,-1.482162,-1.532904,-1.883432,-2.724653,-1.722691,-2.139618,-1.13548,-2.02673,-2.508848,-2.268394,0.2414517,23,23,23,23,23,23,23,23,23,23,23,23,23,23,23,23,579,5790,-1.883027,-1.581599,-3.012675,-2.327018,-10.50922,-14.4851,-2.089619,-1.564578,-2.459538,-0.9025827,-3.154167,-2.154962,-1.792136,-2.004941,-2.890839,-2.826102,23,23,23,23,22,22,23,23,23,23,23,23,23,23,23,23,579,5790,-2.297355,-4.604918,-5.749718,-3.482764,-2.201457,-2.54838,-2.198612,-68.6843,-9.23054E-05,-0.2419686,0.357618,0.4850512,0.1111068,-0.4432273,-0.2213885,1.157121,22,22,22,22,22,22,22,22,22,22,22,22,22,22,22,22
580,5800,-45.68953,-50.05479,-8.74322,-8.285903,-3.982835,-2.223241,-1.66065,-2.259592,-1.238506,-1.845741,-1.78319,-2.018253,-1.788289,-2.150441,-1.432694,-0.241357,23,23,23,23,23,23,23,23,23,23,23,23,23,23,23,23,580,5800,-2.017526,-2.240597,-1.834364,-2.197738,-11.29728,-14.60787,-1.959018,-1.825338,-3.106781,-2.705056,-3.417008,-2.828374,-2.304166,-2.561859,-3.493087,-2.147833,23,23,23,23,22,22,23,23,23,23,23,23,23,23,23,23,580,5800,-2.182443,-3.709527,-4.855322,-3.482762,-2.71945,-2.038713,-2.586598,-69.88712,0.2471128,-0.8467568,0.357618,-0.4851636,-0.2191507,0.2237844,-0.3320571,1.040107,22,22,22,22,22,22,22,22,22,22,22,22,22,22,22,22
581,5810,-46.29068,-49.08754,-8.374032,-6.824539,-3.50006,-1.482162,-1.277412,-1.883432,-1.733889,-2.337942,-1.66438,-1.766032,-2.145951,-2.747784,-2.149009,0.6035585,23,23,23,23,23,23,23,23,23,23,23,23,23,23,23,23,581,5810,-2.69002,-2.372397,-1.834364,-2.327018,-11.29728,-13.99415,-1.697814,-2.086096,-2.071192,-2.44756,-3.02274,-2.693691,-1.536124,-2.22771,-3.252187,-3.052191,23,23,23,23,22,22,23,23,23,23,23,23,23,23,23,23,581,5810,-2.067532,-4.221179,-5.238635,-3.353772,-2.719503,-2.675797,-2.715926,-68.90299,0.4943179,-0.2419686,-0.5959911,0.3637732,0.5514501,-0.1097214,-0.2213885,0.2209936,22,22,22,22,22,22,22,22,22,22,22,22,22,22,22,22
582,5820,-45.5693,-50.78022,-9.604657,-9.138366,-2.775898,-3.087781,-1.66065,-3.388098,-1.610043,-3.445392,-1.54557,-3.026913,-1.90751,-4.061939,-2.149009,-0.4827621,23,23,23,23,23,23,23,23,23,23,23,23,23,23,23,23,582,5820,-2.017526,-3.163194,-2.227138,-3.361252,-11.16593,-14.36237,-2.350821,-2.99875,-2.977334,-3.348797,-4.07412,-2.963056,-2.432173,-3.118776,-2.770389,-3.052191,23,23,23,23,22,22,23,23,23,23,23,23,23,23,23,23,582,5820,-2.527177,-4.221179,-4.855322,-2.192864,-2.9785,-3.822496,-1.422641,-69.12169,0.2471128,-0.6048428,-0.4767899,-5.458059E-05,0.2211926,0.1126166,-0.3320571,0.8060718,22,22,22,22,22,22,22,22,22,22,22,22,22,22,22,22
583,5830,-49.29644,-51.14293,-10.09691,-7.31166,-3.50006,-2.470215,-2.299109,-2.88654,-1.98158,-2.707092,-1.42676,-2.522605,-1.311406,-2.986722,-1.55208,-0.7241672,23,23,23,23,23,23,23,23,23,23,23,23,23,23,23,23,583,5830,-2.555521,-1.976998,-1.703441,-3.619809,-10.50922,-13.50316,-2.742623,-2.346856,-2.977334,-4.250033,-2.89132,-2.154962,-2.944201,-2.22771,-2.40904,-2.713057,23,23,23,23,22,22,23,23,23,23,23,23,23,23,23,23,583,5830,-2.871908,-3.965353,-5.110864,-3.998721,-4.014489,-4.07733,-1.940008,-69.77777,0.4943179,0.6047336,-1.072796,0.2424983,0.4413643,-0.22089,-0.5533957,-0.01304155,22,22,22,22,22,22,22,22,22,22,22,22,22,22,22,22
584,5840,-50.73921,-50.53841,-9.481594,-6.337417,-3.017285,-2.717242,-1.532956,-1.883432,-1.857734,-1.722691,-2.258428,-1.387701,-1.90751,-2.747784,-2.268394,-0.1206552,23,23,23,23,23,23,23,23,23,23,23,23,23,23,23,23,584,5840,-3.093516,-1.845199,-3.012675,-2.844135,-9.983804,-13.50316,-2.873223,-2.477233,-3.36568,-3.0913,-2.759896,-2.154962,-3.200216,-1.670792,-1.927242,-2.486968,23,23,23,23,22,22,23,23,23,23,23,23,23,23,23,23,584,5840,-2.412266,-4.221179,-5.110864,-2.579834,-2.331008,-2.803163,-0.5173942,-68.02822,0.2471128,-0.1210116,-0.2383875,-1.091544,0.1111068,-0.5543959,-4.976465E-05,0.3380079,22,22,22,22,22,22,22,22,22,22,22,22,22,22,22,22
585,5850,-51.94151,-50.4175,-11.08141,-6.702758,-3.379367,-2.593729,-1.788448,-2.259592,-1.98158,-1.845741,-2.258428,-2.396528,-2.384392,-2.508848,-1.432694,0.3621534,23,23,23,23,23,23,23,23,23,23,23,23,23,23,23,23,585,5850,-2.152025,-1.845199,-3.143604,-2.197738,-10.64057,-14.11688,-2.873223,-2.477233,-3.106781,-2.962552,-2.759896,-2.154962,-2.560181,-1.893558,-1.686342,-2.034787,23,23,23,23,22,22,23,23,23,23,23,23,23,23,23,23,585,5850,-2.527177,-3.83744,-4.727551,-2.579834,-3.107999,-3.567663,-2.58665,-69.44973,0.2471128,0.3628196,0.357618,-0.1213326,-0.3292365,0.1126166,0.3319575,0.3380079,22,22,22,22,22,22,22,22,22,22,22,22,22,22,22,22
586,5860,-50.97967,-50.05479,-10.83528,-7.31166,-3.258673,-2.346702,-1.149718,-2.88654,-1.486197,-2.461043,-1.78319,-2.396528,-1.669068,-2.747784,-1.671465,0.2414517,23,23,23,23,23,23,23,23,23,23,23,23,23,23,23,23,586,5860,-1.748529,-1.713399,-3.143604,-2.456296,-10.11516,-13.50316,-1.959014,-2.607613,-3.754027,-1.932516,-1.708517,-2.963056,-2.176158,-2.450476,-2.047691,-2.260879,23,23,23,23,22,22,23,23,23,23,23,23,23,23,23,23,586,5860,-2.98682,-4.988657,-4.855322,-2.192864,-2.072011,-2.675746,-2.845307,-69.23103,0.7415238,0.6047336,1.484913E-05,-5.458059E-05,-0.5494114,-0.6655645,0.2212874,0.5720431,22,22,22,22,22,22,22,22,22,22,22,22,22,22,22,22
587,5870,-46.7716,-50.05479,-9.358533,-6.459198,-2.655204,-2.470215,-1.532956,-2.134202,-0.7431235,-2.337992,-1.30795,-2.396528,-1.669068,-2.747784,-2.149009,-0.844869,23,23,23,23,23,23,23,23,23,23,23,23,23,23,23,23,587,5870,-1.748529,-2.635996,-3.012675,-2.197738,-10.77187,-14.36237,-1.567211,-3.129131,-2.977334,-2.190012,-2.234205,-2.424327,-2.048151,-2.784624,-2.649939,-2.826102,23,23,23,23,22,22,23,23,23,23,23,23,23,23,23,23,587,5870,-3.216643,-4.988657,-4.983093,-2.192864,-2.460506,-3.440246,-3.362622,-69.44973,-9.23054E-05,0.1209024,0.1191647,0.7276042,-0.5494114,-0.4432273,-0.1107199,0.8060718,22,22,22,22,22,22,22,22,22,22,22,22,22,22,22,22
588,5880,-47.01206,-49.93388,-9.481594,-5.85013,-3.017285,-3.45832,-1.40521,-2.88654,-2.353117,-3.445443,-2.139618,-2.648682,-2.265171,-3.464596,-1.313308,-0.6034638,23,23,23,23,23,23,23,23,23,23,23,23,23,23,23,23,588,5880,-1.748529,-2.240597,-0.9178978,-1.292784,-9.721098,-14.2396,-2.612021,-2.477233,-2.330089,-1.803768,-2.628473,-2.289644,-2.304166,-2.450476,-2.52949,-2.373922,23,23,23,23,22,22,23,23,23,23,23,23,23,23,23,23,588,5880,-2.871908,-4.860745,-5.494176,-2.321854,-1.942513,-1.783828,-2.58665,-68.79365,-0.1236949,0.7256906,0.4767678,0.3638214,-0.4393256,-0.22089,0.1106188,0.3380079,22,22,22,22,22,22,22,22,22,22,22,22,22,22,22,22
589,5890,-45.68953,-49.20845,-8.127908,-4.631587,-2.413817,-2.346702,-1.532956,-2.635761,-1.857734,-2.584092,-0.8327103,-2.018202,-1.430627,-2.747784,-1.55208,-0.844869,23,23,23,23,23,23,23,23,23,23,23,23,23,23,23,23,589,5890,-2.286524,-2.504196,-2.227138,-1.809901,-11.29728,-13.62588,-2.612021,-3.259508,-1.941743,-2.061264,-2.628473,-1.616231,-2.81619,-2.673242,-1.927242,-2.034787,23,23,23,23,22,22,23,23,23,23,23,23,23,23,23,23,589,5890,-2.182443,-4.349092,-5.749718,-2.708823,-1.813014,-1.783828,-2.58665,-70.1058,-0.865311,-0.7257998,0.3575667,0.6063743,0.0009728187,-0.1097214,0.5532947,0.9230925,22,22,22,22,22,22,22,22,22,22,22,22,22,22,22,22
590,5900,-42.20284,-49.08754,-9.23547,-5.362712,-3.137979,-2.840755,-2.299109,-2.134202,-2.972345,-2.461043,-2.496048,-2.270423,-2.503613,-2.867255,-3.104095,0.7242619,23,23,23,23,23,23,23,23,23,23,23,23,23,23,23,23,590,5900,-2.286524,-1.713399,-2.096215,-1.93918,-10.77187,-13.74866,-2.873223,-2.607613,-2.588987,-1.67502,-2.234205,-2.289644,-2.81619,-2.450476,-1.686342,-1.695652,23,23,23,23,22,22,23,23,23,23,23,23,23,23,23,23,590,5900,-2.182443,-4.732832,-5.110864,-2.321854,-2.072011,-1.656412,-2.198665,-68.57495,-0.6181059,0.6047336,0.9535726,0.2425465,-0.3292847,-1.332575,-4.976465E-05,1.274142,22,22,22,22,22,22,22,22,22,22,22,22,22,22,22,22
591,5910,-43.04446,-48.96664,-9.358533,-4.387878,-3.017285,-2.840755,-2.426702,-3.262709,-2.229271,-3.322393,-2.377238,-2.900836,-2.145951,-2.867255,-1.671414,-0.4827621,23,23,23,23,23,23,23,23,23,23,23,23,23,23,23,23,591,5910,-2.959017,-1.976998,-1.17975,-2.456296,-10.50922,-14.73059,-3.003825,-2.477233,-1.941743,-1.288775,-1.971361,-2.559009,-2.688185,-2.004941,-0.8431946,-2.373922,23,23,23,23,22,22,23,23,23,23,23,23,23,23,23,23,591,5910,-1.837712,-3.325787,-5.621947,-2.450844,-1.165521,-1.911245,-3.750607,-69.99646,-1.483324,-0.1210116,0.1191647,0.9702052,0.2211445,0.001448793,-0.1107167,1.157121,22,22,22,22,22,22,22,22,22,22,22,22,22,22,22,22
592,5920,-41.84215,-47.03216,-7.635658,-4.022316,-2.293123,-1.729137,-2.04394,-2.635761,-1.486197,-2.337992,-1.42676,-2.270423,-1.669068,-2.747787,-1.671414,0.2414517,23,23,23,23,23,23,23,23,23,23,23,23,23,23,23,23,592,5920,-2.959017,-1.976998,-2.488984,-2.714855,-10.11516,-15.22159,-3.003825,-2.477233,-1.812294,-2.31876,-2.102784,-2.828374,-2.560178,-2.116324,-1.565893,-2.373928,23,23,23,23,22,22,23,23,23,23,23,23,23,23,23,23,592,5920,-1.148247,-4.349092,-5.494176,-2.192864,-1.813014,-1.783828,-1.681351,-68.57495,-0.6181059,0.4837766,0.7151702,0.1212684,0.0009728187,-0.3320579,-0.442724,1.287209,22,22,22,22,22,22,22,22,22,22,22,22,22,22,22,22
593,5930,-43.1647,-47.63669,-7.512596,-4.387878,-2.534511,-3.087781,-1.149718,-3.388098,-1.733889,-3.199343,-1.901999,-2.648682,-1.90751,-3.703535,-2.268343,-0.241357,23,23,23,23,23,23,23,23,23,23,23,23,23,23,23,23,593,5930,-1.479531,-2.504196,-2.619907,-2.456296,-10.50922,-15.71253,-2.35082,-2.346856,-2.718436,-2.447508,-2.234205,-2.963056,-1.792133,-2.004941,-2.047691,-3.052198,23,23,23,23,22,22,23,23,23,23,23,23,23,23,23,23,593,5930,-1.837703,-3.069961,-5.110864,-2.837813,-2.590004,-1.783828,-2.58665,-69.77776,-0.4945029,-0.3629256,-3.652083E-05,-6.421245E-06,-0.2191988,0.7796299,-0.5533926,0.4679547,22,22,22,22,22,22,22,22,22,22,22,22,22,22,22,22
594,5940,-44.12654,-47.51578,-7.881783,-4.509733,-3.017285,-3.581833,-2.809482,-3.262709,-1.98158,-3.568493,-2.496048,-2.900836,-1.788289,-3.106192,-1.671414,-0.7241672,23,23,23,23,23,23,23,23,23,23,23,23,23,23,23,23,594,5940,-2.421022,-2.108798,-2.096215,-2.197738,-10.64057,-15.09881,-2.48142,-2.216476,-2.977334,-2.190012,-3.02274,-2.828374,-2.304163,-2.116324,-2.890839,-2.713063,23,23,23,23,22,22,23,23,23,23,23,23,23,23,23,23,594,5940,-1.722794,-4.093268,-5.366405,-3.224783,-2.201509,-2.166079,-2.457322,-68.90298,0.2471128,-5.458059E-05,-0.3576401,0.4850994,0.7715737,-0.4432257,-0.442724,0.5849947,22,22,22,22,22,22,22,22,22,22,22,22,22,22,22,22
595,5950,-45.80977,-47.15306,-7.389533,-3.169336,-2.172429,-2.470215,-2.171515,-2.76115,-1.610043,-2.707143,-1.901999,-2.144312,-1.430627,-1.553102,-2.268343,0.3621534,23,23,23,23,23,23,23,23,23,23,23,23,23,23,23,23,595,5950,-2.152025,-2.372397,-2.48899,-2.456296,-10.77187,-14.2396,-2.35082,-2.99875,-2.330089,-2.190012,-3.679855,-2.154962,-1.664128,-2.339093,-3.252187,-2.600017,23,23,23,23,22,22,23,23,23,23,23,23,23,23,23,23,595,5950,-1.952614,-3.453702,-5.110864,-2.966803,-2.590004,-1.911245,-2.069336,-69.23103,-0.4945029,-0.8467568,0.3575667,0.6063743,0.6614878,-0.2208884,-0.6640627,0.936102,22,22,22,22,22,22,22,22,22,22,22,22,22,22,22,22
596,5960,-45.32885,-47.15306,-7.635658,-3.169335,-3.379367,-2.593729,-2.299109,-2.384981,-2.600808,-1.968842,-2.733669,-2.270423,-2.503613,-3.225661,-2.148957,0.4828568,23,23,23,23,23,23,23,23,23,23,23,23,23,23,23,23,596,5960,-1.479531,-1.4498,-2.48899,-1.939232,-11.03458,-14.4851,-2.220218,-2.346856,-2.847885,-2.447508,-3.417008,-2.020278,-1.792133,-2.673242,-2.770389,-2.486974,23,23,23,23,22,22,23,23,23,23,23,23,23,23,23,23,596,5960,-1.492972,-3.581615,-4.727552,-2.966806,-2.849002,-2.675746,-1.810679,-69.34038,0.3707153,0.6047336,-1.192048,0.2425465,0.9917453,0.1126174,-0.99607,0.3509211,22,22,22,22,22,22,22,22,22,22,22,22,22,22,22,22
597,5970,-41.00055,-47.27397,-7.020347,-3.534898,-2.891602,-2.593729,-2.04394,-3.137319,-2.105425,-3.445443,-2.139618,-2.774759,-1.788289,-2.50885,-1.910186,-0.4827621,23,23,23,23,23,23,23,23,23,23,23,23,23,23,23,23,597,5970,-1.748529,-2.767796,-2.227145,-3.232024,-10.77187,-14.36237,-1.828414,-2.216476,-2.200639,-2.833753,-2.89132,-2.154962,-1.664128,-2.784624,-2.047691,-2.147839,23,23,23,23,22,22,23,23,23,23,23,23,23,23,23,23,597,5970,-2.642079,-3.965354,-4.983094,-2.966806,-3.107945,-2.803163,-2.845307,-69.01234,0.4943179,-0.9677138,-0.4768413,0.7276523,-0.109113,-0.1097206,-0.3320554,0.7020283,22,22,22,22,22,22,22,22,22,22,22,22,22,22,22,22
598,5980,-42.44331,-45.09768,-7.635658,-3.900461,-2.408917,-2.099728,-1.277464,-2.384981,-0.990815,-2.337992,-1.42676,-2.018202,-1.788289,-2.867255,-1.7908,0.6035585,23,23,23,23,23,23,23,23,23,23,23,23,23,23,23,23,598,5980,-1.748529,-2.504196,-1.965299,-3.102745,-10.90322,-14.11688,-1.959014,-1.825338,-2.330089,-2.962501,-2.234205,-2.289644,-2.176155,-2.339093,-2.168141,-2.486974,23,23,23,23,22,22,23,23,23,23,23,23,23,23,23,23,598,5980,-1.952614,-3.453702,-5.366406,-2.708826,-2.848948,-3.058048,-2.069336,-68.57495,0.7415238,0.7256906,0.1191647,-0.1212845,0.8816594,-0.3320579,-0.6640627,0.233881,22,22,22,22,22,22,22,22,22,22,22,22,22,22,22,22
599,5990,-44.00631,-47.63668,-6.897284,-5.119004,-2.167568,-3.458371,-1.405158,-3.388098,-1.733889,-3.322393,-1.42676,-2.522605,-2.02673,-3.464597,-2.507115,-0.4827621,23,23,23,23,23,23,23,23,23,23,23,23,23,23,23,23,599,5990,-1.748529,-1.318001,-1.83437,-3.232024,-10.50922,-13.74866,-2.350821,-1.303821,-2.330089,-2.31876,-2.365628,-2.154962,-2.43217,-1.448025,-2.168141,-1.808704,23,23,23,23,22,22,23,23,23,23,23,23,23,23,23,23,599,5990,-2.756991,-4.093268,-4.599781,-2.450846,-2.71945,-2.803214,-1.810627,-68.90298,-9.23054E-05,-0.8467568,0.595969,0.7276523,-0.109113,0.1126174,0.4426277,0.5849947,22,22,22,22,22,22,22,22,22,22,22,22,22,22,22,22
600,6000,-44.96815,-48.1203,-7.512596,-5.119004,-2.288249,-2.840806,-2.043888,-3.011929,-2.229271,-3.322393,-2.377238,-2.774759,-1.669068,-3.225661,-1.313257,-1.327679,23,23,23,23,23,23,23,23,23,23,23,23,23,23,23,23,600,6000,-1.883027,-1.318001,-2.48899,-2.714907,-10.37786,-14.2396,-3.13443,-2.086096,-2.977334,-3.348744,-1.971361,-2.154962,-2.304163,-1.893558,-2.047691,-2.034793,23,23,23,23,22,22,23,23,23,23,23,23,23,23,23,23,600,6000,-2.527168,-3.453702,-4.47201,-2.708826,-3.366943,-4.077383,-2.586598,-68.79366,-0.6181059,0.9676079,-0.3576401,-0.1212845,0.0009728187,0.4461232,-0.3320554,0.5849947,22,22,22,22,22,22,22,22,22,22,22,22,22,22,22,22
601,6010,-42.20285,-46.54853,-6.281971,-3.900461,-2.529585,-2.717293,-1.66065,-2.76115,-1.981529,-2.707143,-2.139618,-2.270423,-1.669068,-2.389381,-2.745886,-0.1206552,23,23,23,23,23,23,23,23,23,23,23,23,23,23,23,23,601,6010,-1.748529,-1.581599,-3.012688,-2.456349,-10.90322,-13.38039,-1.567212,-1.825338,-3.495129,-1.803768,-1.971361,-2.424327,-1.536121,-2.339093,-1.927242,-2.600017,23,23,23,23,22,22,23,23,23,23,23,23,23,23,23,23,601,6010,-3.101722,-4.221181,-5.621948,-2.063877,-2.071958,-2.420964,-3.750554,-69.12169,0.3707153,0.6047336,-0.2384389,-0.8489432,-0.7696312,-0.3320579,0.2212906,-0.2342599,22,22,22,22,22,22,22,22,22,22,22,22,22,22,22,22
602,6020,-39.43755,-45.7022,-6.158909,-3.169335,-3.253619,-1.605675,-1.916143,-1.757819,-2.724602,-2.091892,-2.496048,-2.522605,-2.265171,-3.106192,-1.671414,-0.241357,23,23,23,23,23,23,23,23,23,23,23,23,23,23,23,23,602,6020,-1.210534,-2.635996,-2.48899,-2.068511,-10.50922,-14.2396,-1.959018,-2.607613,-2.459538,-1.803819,-0.7885578,-2.154962,-1.792133,-2.339093,-1.565893,-1.921747,23,23,23,23,22,22,23,23,23,23,23,23,23,23,23,23,602,6020,-3.101722,-4.093268,-4.216467,-2.321856,-3.496441,-3.695132,-2.974583,-68.90299,-0.2472978,0.1219651,-0.2384389,0.4850994,-0.2191988,0.1126174,0.5532963,0.7020283,22,22,22,22,22,22,22,22,22,22,22,22,22,22,22,22
603,6030,-37.51386,-45.7022,-5.66666,-4.144169,-2.770934,-2.099728,-1.788396,-2.635761,-2.22922,-2.707143,-1.783241,-2.900836,-2.02673,-3.34513,-2.029572,-0.6034638,23,23,23,23,23,23,23,23,23,23,23,23,23,23,23,23,603,6030,-2.421022,-2.372397,-2.358068,-1.809952,-10.64057,-13.87138,-2.350821,-3.129131,-2.459538,-1.675071,-1.70851,-1.885596,-2.688185,-2.673242,-2.649939,-2.260882,23,23,23,23,22,22,23,23,23,23,23,23,23,23,23,23,603,6030,-3.331544,-4.477007,-5.110864,-2.192867,-2.589952,-2.675797,-3.103912,-69.34039,0.3707153,-0.482929,-0.3575895,-0.8489432,-0.3292847,0.223786,0.6639664,0.5849947,22,22,22,22,22,22,22,22,22,22,22,22,22,22,22,22
604,6040,-40.51963,-45.46039,-5.297472,-3.29119,-2.529585,-1.852701,-1.277412,-1.883379,-1.609992,-1.845792,-1.783241,-2.018201,-1.669068,-2.50885,-1.7908,-0.3620603,23,23,23,23,23,23,23,23,23,23,23,23,23,23,23,23,604,6040,-2.017526,-2.899595,-1.965299,-2.068511,-11.29728,-13.74866,-2.873226,-3.520268,-2.718436,-1.288827,-2.891314,-2.020278,-1.408113,-2.673242,-2.168141,-2.034793,23,23,23,23,22,22,23,23,23,23,23,23,23,23,23,23,604,6040,-2.297348,-4.221181,-4.855322,-2.063877,-2.589952,-2.675797,-3.103912,-70.21516,0.4943179,-0.724888,0.2384164,0.3637732,-0.3292847,0.1126174,0.774635,1.053136,22,22,22,22,22,22,22,22,22,22,22,22,22,22,22,22
605,6050,-42.804,-46.79034,-8.620156,-8.651244,-2.529585,-2.717293,-1.02192,-2.76115,-1.238455,-3.322393,-1.545621,-2.270422,-1.669067,-3.464597,-2.029572,-1.206976,23,23,23,23,23,23,23,23,23,23,23,23,23,23,23,23,605,6050,-2.017526,-1.713399,-1.310679,-1.680673,-10.50922,-13.87138,-2.873226,-2.086096,-1.941743,-1.031331,-2.497046,-1.616231,-1.664128,-2.450476,-1.324993,-2.147839,23,23,23,23,22,22,23,23,23,23,23,23,23,23,23,23,605,6050,-2.756991,-4.732833,-5.238635,-1.676907,-1.812961,-1.656463,-1.681299,-68.79366,-0.4945029,0.0009856612,0.1192152,-0.6064385,-0.1090649,-0.2208884,-0.3320554,0.4679547,22,22,22,22,22,22,22,22,22,22,22,22,22,22,22,22
606,6060,-41.96239,-46.79034,-8.74322,-7.555221,-4.33967,-2.717293,-1.66065,-2.134203,-1.733837,-2.461043,-1.902051,-1.76598,-1.788287,-2.628259,-1.193871,-1.086274,23,23,23,23,23,23,23,23,23,23,23,23,23,23,23,23,606,6060,-2.017526,-1.4498,-1.310679,-1.809952,-9.721098,-14.60787,-2.873226,-2.607613,-1.812294,-1.932568,-1.445666,-2.154962,-2.81619,-1.893558,-1.445443,-1.808704,23,23,23,23,22,22,23,23,23,23,23,23,23,23,23,23,606,6060,-1.607883,-4.349094,-4.855322,-2.192867,-1.03597,-2.420964,-3.491897,-70.21516,0.2471128,0.4849004,-0.1191871,-5.458059E-05,-0.1090649,0.1126166,-4.815934E-05,1.170176,22,22,22,22,22,22,22,22,22,22,22,22,22,22,22,22
607,6070,-43.52539,-47.39487,-7.758721,-6.94632,-3.3743,-2.099728,-1.149666,-2.259592,-1.486146,-0.9844412,-1.545621,-1.89209,-1.669067,-2.150385,-1.910236,-0.241357,23,23,23,23,23,23,23,23,23,23,23,23,23,23,23,23,607,6070,-2.152025,-1.713399,-1.83437,-1.809952,-9.983804,-15.34431,-2.220219,-1.694958,-1.812294,-1.803819,-1.051399,-2.289644,-1.408113,-1.559407,-1.445443,-2.147839,23,23,23,23,22,22,23,23,23,23,23,23,23,23,23,23,607,6070,-2.067525,-4.860747,-5.238635,-2.708826,-1.94246,-1.78388,-4.397197,-69.77777,0.1235102,0.6058798,0.9536236,0.2424983,-0.769583,-0.1097214,0.2212857,0.5849947,22,22,22,22,22,22,22,22,22,22,22,22,22,22,22,22
608,6080,-45.68954,-48.2412,-8.74322,-6.459198,-4.33967,-1.605675,-1.788396,-1.63226,-1.609992,-1.599692,-2.020861,-1.76598,-1.549846,-1.672511,-1.671465,0.4828054,23,23,23,23,23,23,23,23,23,23,23,23,23,23,23,23,608,6080,-1.61403,-1.845199,-1.83437,-2.068511,-10.77187,-15.71253,-1.959018,-1.043064,-2.459538,-1.417575,-2.102778,-3.097739,-1.92014,-1.336642,-2.047691,-2.147839,23,23,23,23,22,22,23,23,23,23,23,23,23,23,23,23,608,6080,-1.492972,-3.581615,-5.366406,-2.837816,-2.201457,-2.420964,-4.397197,-70.21516,0.3707153,0.0009856612,0.59602,0.3637732,0.4413643,-0.22089,-0.1107215,0.8060782,22,22,22,22,22,22,22,22,22,22,22,22,22,22,22,22
609,6090,-48.57506,-48.72483,-7.758721,-5.971983,-3.3743,-2.223241,-1.405158,-1.883379,-1.238455,-1.968842,-1.426811,-1.387648,-2.026729,-2.030916,-1.432693,0.1206985,23,23,23,23,23,23,23,23,23,23,23,23,23,23,23,23,609,6090,-1.61403,-1.581599,-2.358068,-2.327069,-11.03458,-15.09881,-2.481423,-2.086096,-2.459538,-1.546323,-3.022737,-2.559009,-1.536121,-1.559407,-1.927242,-2.713063,23,23,23,23,22,22,23,23,23,23,23,23,23,23,23,23,609,6090,-2.297355,-4.477007,-6.388573,-2.579836,-2.071958,-1.78388,-3.491897,-69.77777,-0.6181059,0.0009856612,0.2384164,-0.1213326,-0.3292365,-0.8879017,-0.5533974,1.157128,22,22,22,22,22,22,22,22,22,22,22,22,22,22,22,22
610,6100,-46.41091,-48.24122,-7.020347,-4.875295,-2.529585,-1.605675,-1.405158,-1.883379,-1.362301,-3.199343,-1.426811,-1.89209,-1.072964,-2.269854,-1.432693,0.6035072,23,23,23,23,23,23,23,23,23,23,23,23,23,23,23,23,610,6100,-0.9415364,-1.4498,-1.703447,-1.809952,-11.29728,-13.62588,-1.828416,-1.303821,-2.071192,-1.932568,-2.365622,-1.346866,-1.664128,-1.893558,-2.28859,-2.600017,23,23,23,23,22,22,23,23,23,23,23,23,23,23,23,23,610,6100,-1.837712,-3.709527,-5.110864,-2.450846,-1.94246,-2.803214,-4.914511,-70.5432,-0.2472978,0.2429446,0.59602,0.9701571,0.3312785,0.3349538,-0.1107215,0.9230925,22,22,22,22,22,22,22,22,22,22,22,22,22,22,22,22
611,6110,-47.97391,-48.60394,-7.26647,-5.484566,-2.288249,-1.605675,-1.788396,-2.134203,-1.362301,-3.076293,-2.020861,-2.522605,-2.384391,-3.106133,-1.671465,-0.7242185,23,23,23,23,23,23,23,23,23,23,23,23,23,23,23,23,611,6110,-1.076035,-1.976998,-1.703447,-2.714907,-11.42864,-14.11688,-1.959018,-1.825338,-2.200639,-2.576308,-2.75989,-2.424327,-2.304163,-2.339093,-2.40904,-2.147839,23,23,23,23,22,22,23,23,23,23,23,23,23,23,23,23,611,6110,-2.182443,-3.709527,-5.877488,-3.095796,-2.460454,-2.16613,-3.491897,-69.12169,0.1235102,0.0009856612,-0.2383883,0.1212203,-0.4393256,-0.6655645,-0.6640676,1.391163,22,22,22,22,22,22,22,22,22,22,22,22,22,22,22,22
612,6120,-50.61898,-49.32936,-9.85078,-5.728224,-2.288249,-1.976215,-1.02192,-2.008813,-0.3715357,-2.091892,-1.426811,-1.89209,-1.311405,-2.389323,-1.432693,-1.327731,23,23,23,23,23,23,23,23,23,23,23,23,23,23,23,23,612,6120,-1.748529,-2.240597,-1.703447,-2.197738,-11.29728,-14.36237,-1.567212,-2.086096,-2.200639,-3.0913,-2.234202,-2.020278,-2.048148,-2.339093,-1.686342,-2.034793,23,23,23,23,22,22,23,23,23,23,23,23,23,23,23,23,612,6120,-2.067532,-3.83744,-4.855321,-2.708772,-2.460454,-2.293547,-3.621226,-70.43385,-0.9889135,-0.9668437,-0.1191871,0.7276042,-0.5494114,0.6684589,-0.3320602,0.8060782,22,22,22,22,22,22,22,22,22,22,22,22,22,22,22,22
613,6130,-48.3346,-50.05479,-9.112406,-4.997098,-2.413817,-1.729188,-1.149666,-1.63226,-1.733837,-1.845792,-2.13967,-1.639869,-1.669067,-2.030916,-2.268394,0.1206985,23,23,23,23,23,23,23,23,23,23,23,23,23,23,23,23,613,6130,-1.883027,-1.581599,-2.48899,-3.102693,-10.90322,-13.74866,-2.089619,-1.303821,-2.459538,-2.833804,-2.891314,-2.020278,-2.81619,-3.007394,-2.28859,-2.147839,23,23,23,23,22,22,23,23,23,23,23,23,23,23,23,23,613,6130,-2.182443,-4.349092,-5.238634,-3.224732,-2.9785,-3.185465,-3.103912,-69.44974,0.1235102,-0.6039085,0.1192152,0.848879,0.661536,-0.1097214,-0.4427288,1.274142,22,22,22,22,22,22,22,22,22,22,22,22,22,22,22,22
614,6140,-47.01206,-50.05479,-9.973842,-4.997098,-3.017285,-2.717293,-1.788396,-2.88654,-2.353065,-2.337992,-2.614909,-2.900836,-2.26517,-2.867197,-2.029622,-0.9656237,23,23,23,23,23,23,23,23,23,23,23,23,23,23,23,23,614,6140,-2.555521,-1.318001,-2.619913,-2.197738,-9.85245,-13.74871,-2.481423,-1.564578,-3.236231,-2.833804,-2.365622,-2.289644,-3.32822,-2.784624,-3.011288,-2.373928,23,23,23,23,22,22,23,23,23,23,23,23,23,23,23,23,614,6140,-2.756997,-3.581613,-4.088696,-3.224732,-2.849002,-2.548329,-1.163985,-69.77777,0.3707153,-0.724888,0.1192152,0.6063261,0.1111068,0.3349538,-0.3320602,0.8060782,22,22,22,22,22,22,22,22,22,22,22,22,22,22,22,22
615,6150,-47.13229,-49.81298,-8.620156,-4.022264,-2.051736,-1.605675,-1.405158,-2.259592,-1.609992,-1.845792,-2.020861,-2.018201,-1.907508,-2.389323,-1.313307,0.2414003,23,23,23,23,23,23,23,23,23,23,23,23,23,23,23,23,615,6150,-2.152025,-2.372397,-3.012688,-2.585576,-10.64057,-13.99421,-2.220274,-3.259508,-3.236231,-2.833804,-3.548425,-3.232421,-2.560178,-3.230159,-3.131738,-2.600017,23,23,23,23,22,22,23,23,23,23,23,23,23,23,23,23,615,6150,-3.446462,-4.093266,-4.599779,-3.353721,-2.9785,-3.312829,-2.715928,-69.77777,0.2471128,0.4849004,1.404647E-05,0.3637732,0.4413643,-0.22089,-0.6640676,0.5720431,22,22,22,22,22,22,22,22,22,22,22,22,22,22,22,22
616,6160,-48.45483,-49.32936,-7.512595,-3.90041,-1.810348,-3.087832,-1.277412,-2.510371,-1.733837,-2.953242,-1.902051,-2.522605,-1.907508,-3.584007,-2.268394,-0.4828134,23,23,23,23,23,23,23,23,23,23,23,23,23,23,23,23,616,6160,-1.479531,-2.635996,-2.881759,-2.456296,-10.50922,-14.11693,-2.089672,-3.129134,-3.236231,-2.44756,-3.154161,-3.771151,-2.43217,-3.564308,-2.649939,-3.391333,23,23,23,23,22,22,23,23,23,23,23,23,23,23,23,23,616,6160,-3.216643,-4.477005,-4.599779,-2.966752,-3.366996,-3.185412,-4.138541,-69.88711,-9.23054E-05,-1.087823,-0.8343939,-0.1213326,0.1111068,0.557291,-0.4427288,0.4550287,22,22,22,22,22,22,22,22,22,22,22,22,22,22,22,22
617,6170,-49.29644,-50.2966,-7.26647,-4.265973,-2.413817,-2.470267,-1.788396,-2.635761,-1.981528,-3.076293,-2.496099,-2.900836,-2.26517,-3.46454,-1.432693,-0.8449203,23,23,23,23,23,23,23,23,23,23,23,23,23,23,23,23,617,6170,-0.8070374,-2.108798,-1.965299,-2.456296,-10.77187,-14.11693,-1.959071,-3.259511,-2.718437,-1.932568,-1.839934,-3.232421,-2.81619,-4.009843,-3.613537,-3.617425,23,23,23,23,22,22,23,23,23,23,23,23,23,23,23,23,617,6170,-3.216643,-3.83744,-4.216466,-2.837762,-3.237497,-3.312829,-2.069285,-69.55907,-9.23054E-05,0.4849004,-0.1191871,-0.6064385,0.4413643,0.3349538,-0.2213901,-0.01304155,22,22,22,22,22,22,22,22,22,22,22,22,22,22,22,22
618,6180,-50.01783,-51.02203,-8.374032,-5.850078,-3.137979,-2.59378,-1.405158,-2.259592,-1.238454,-2.091892,-2.496099,-2.018201,-1.788287,-2.628259,-1.552079,-4.815934E-06,23,23,23,23,23,23,23,23,23,23,23,23,23,23,23,23,618,6180,-2.152025,-2.372397,-2.227145,-1.422063,-10.37786,-13.99421,-2.612077,-3.650648,-2.718437,-2.44756,-3.679849,-2.963056,-3.968254,-3.787077,-4.215785,-3.165244,23,23,23,23,22,22,23,23,23,23,23,23,23,23,23,23,618,6180,-2.871908,-4.860745,-4.855321,-2.966752,-2.849002,-2.803163,-2.974584,-70.3245,0.4943179,-0.1199938,-0.3575895,-1.091544,0.1111068,0.001447188,0.553293,-0.01304155,22,22,22,22,22,22,22,22,22,22,22,22,22,22,22,22
619,6190,-48.3346,-50.65932,-8.743218,-5.971932,-3.50006,-1.235136,-1.149666,-2.008813,-1.981528,-1.845792,-1.902,-1.89209,-1.788287,-1.911449,-2.387779,0.965614,23,23,23,23,23,23,23,23,23,23,23,23,23,23,23,23,619,6190,-2.421022,-3.294994,-2.881759,-2.327018,-11.69134,-14.23965,-2.873281,-3.259511,-3.106785,-3.220048,-3.942703,-2.828374,-3.712239,-4.343995,-4.215785,-3.165244,23,23,23,23,22,22,23,23,23,23,23,23,23,23,23,23,619,6190,-3.676285,-4.604918,-4.472009,-3.224732,-3.237497,-4.07733,-5.173169,-70.76189,0.3707153,0.4849004,0.3575667,-0.1213326,-0.5494114,0.2237844,-0.1107215,1.274142,22,22,22,22,22,22,22,22,22,22,22,22,22,22,22,22
620,6200,-46.53114,-51.26385,-9.85078,-8.042342,-4.344916,-2.470267,-1.66065,-2.008813,-1.238454,-2.707143,-1.902,-2.018253,-2.026729,-1.79198,-1.552079,-0.6035152,23,23,23,23,23,23,23,23,23,23,23,23,23,23,23,23,620,6200,-3.900508,-2.767796,-2.48899,-2.585576,-10.50922,-14.48515,-3.003881,-3.129134,-2.977336,-3.220048,-3.417008,-3.232424,-3.456227,-3.230159,-2.890839,-3.504379,23,23,23,23,22,22,23,23,23,23,23,23,23,23,23,23,620,6200,-3.676285,-5.116571,-4.855321,-4.12766,-3.496495,-3.312829,-2.974584,-69.99646,0.2471128,0.0009856612,-0.2384389,-0.7276652,-0.9897547,-0.4432273,0.3319543,0.4550287,22,22,22,22,22,22,22,22,22,22,22,22,22,22,22,22
621,6210,-46.89183,-50.65932,-10.34303,-6.702758,-2.534511,-2.223241,-1.277412,-2.008813,-0.7430722,-1.845792,-1.189142,-2.144364,-1.549846,-2.150385,-0.9551498,0.2414003,23,23,23,23,23,23,23,23,23,23,23,23,23,23,23,23,621,6210,-2.69002,-1.976998,-2.227145,-2.585576,-10.37786,-15.09887,-3.395686,-2.998754,-2.977336,-3.0913,-3.02274,-3.367107,-3.328223,-3.118776,-2.40904,-4.182648,23,23,23,23,22,22,23,23,23,23,23,23,23,23,23,23,621,6210,-3.791196,-4.860745,-4.855321,-3.611701,-3.755492,-3.69508,-5.173169,-70.76189,0.4943179,-0.1199938,-0.1192377,0.8489304,-0.2191475,-0.3320587,-5.297528E-05,1.157128,22,22,22,22,22,22,22,22,22,22,22,22,22,22,22,22
622,6220,-47.25252,-51.62656,-9.727717,-5.971932,-2.534511,-2.099728,-1.02192,-2.635761,-1.114609,-3.076293,-1.66438,-2.270474,-1.311405,-2.747782,-1.671465,-0.9656237,23,23,23,23,23,23,23,23,23,23,23,23,23,23,23,23,622,6220,-3.093516,-2.504196,-2.48899,-2.585576,-9.983804,-15.71258,-2.089672,-2.216479,-2.847887,-3.735041,-2.89132,-4.040519,-2.944201,-3.118776,-2.890839,-3.730468,23,23,23,23,22,22,23,23,23,23,23,23,23,23,23,23,622,6220,-3.561374,-5.50031,-5.366405,-3.224732,-3.107999,-2.675746,-3.879884,-70.43384,-0.2472978,0.6058798,0.2383655,-3.210623E-06,-0.1090616,-0.5543951,0.4426245,0.6890638,22,22,22,22,22,22,22,22,22,22,22,22,22,22,22,22
623,6230,-47.61322,-51.38475,-9.973842,-4.875244,-3.258673,-2.223241,-1.277412,-2.134202,-1.238454,-1.845792,-1.426761,-1.13548,-0.596081,-2.15044,-0.9551506,-0.7242185,23,23,23,23,23,23,23,23,23,23,23,23,23,23,23,23,623,6230,-2.421022,-2.504196,-2.096222,-2.456296,-10.77187,-15.34436,-2.220274,-2.737997,-3.236234,-3.348797,-2.628473,-4.040519,-2.944201,-2.22771,-3.011288,-4.069602,23,23,23,23,22,22,23,23,23,23,23,23,23,23,23,23,623,6230,-3.101731,-4.477005,-4.983092,-3.740691,-3.237497,-3.185412,-2.715928,-70.98058,-9.23054E-05,-0.1199938,0.1191647,0.2425497,0.3312817,-0.7767323,-0.2213355,1.157128,22,22,22,22,22,22,22,22,22,22,22,22,22,22,22,22
624,6240,-45.92999,-50.05479,-8.250969,-4.144118,-2.293123,-1.235136,-0.6386821,-1.255634,-0.7430722,-1.230541,-1.545571,-1.009369,-1.430625,-1.792033,-2.268394,0.3621534,23,23,23,23,23,23,23,23,23,23,23,23,23,23,23,23,624,6240,-2.017526,-2.240597,-3.14361,-1.809901,-11.69134,-15.46708,-1.959071,-2.477236,-3.365681,-2.576308,-3.679855,-3.232424,-2.688185,-3.118776,-3.854436,-3.843507,23,23,23,23,22,22,23,23,23,23,23,23,23,23,23,23,624,6240,-3.331551,-5.628223,-6.13303,-3.740691,-3.496495,-3.69508,-3.36257,-70.3245,-0.865311,-0.2409701,0.7151702,0.3638245,-0.7695798,-0.6655645,0.5533476,1.053136,22,22,22,22,22,22,22,22,22,22,22,22,22,22,22,22
625,6250,-48.81553,-50.41751,-10.46609,-6.093786,-3.137979,-2.223241,-1.277412,-1.757872,-1.733837,-1.845792,-2.13962,-2.396528,-2.384391,-2.508845,-1.432694,4.655403E-05,23,23,23,23,23,23,23,23,23,23,23,23,23,23,23,23,625,6250,-1.883027,-2.108798,-3.012688,-2.585576,-11.42864,-14.73065,-2.350874,-3.259511,-3.106785,-2.44756,-3.417008,-2.559012,-3.072208,-2.784624,-3.131738,-3.617418,23,23,23,23,22,22,23,23,23,23,23,23,23,23,23,23,625,6250,-3.331544,-4.349092,-5.238634,-4.25665,-3.496495,-3.057996,-2.715928,-71.08992,-1.359722,-0.482929,-0.1192377,-0.1212813,-0.2191475,-0.2208892,0.1106718,0.936102,22,22,22,22,22,22,22,22,22,22,22,22,22,22,22,22
626,6260,-51.70106,-49.45872,-9.358531,-4.753389,-2.413817,-1.605675,-0.6386821,-0.6278357,1.605311E-06,-1.722741,-0.9515218,-0.5049274,-1.669067,-1.553097,-1.074536,0.2414517,23,23,23,23,23,23,23,23,23,23,23,23,23,23,23,23,626,6260,-2.555521,-3.163194,-2.619913,-3.619809,-11.42864,-14.11693,-2.350874,-3.389891,-1.941744,-3.0913,-3.154167,-2.424328,-2.304166,-3.230159,-2.770389,-3.278283,23,23,23,23,22,22,23,23,23,23,23,23,23,23,23,23,626,6260,-3.101722,-4.732833,-4.727551,-3.869681,-3.366996,-3.185412,-2.845255,-70.87123,-9.23054E-05,-0.3619496,0.3575667,0.7276555,-0.4393191,-0.2208892,-0.3320041,1.404249,22,22,22,22,22,22,22,22,22,22,22,22,22,22,22,22
627,6270,-53.98545,-51.03076,-11.20447,-7.677001,-2.896592,-1.852701,-0.1276981,-1.255634,-0.9907632,-2.214942,-1.189142,-1.009369,-1.311405,-2.747782,-1.313308,4.655403E-05,23,23,23,23,23,23,23,23,23,23,23,23,23,23,23,23,627,6270,-3.093515,-3.163194,-2.096215,-2.585576,-10.77187,-14.73065,-2.481476,-3.129134,-2.847887,-3.606293,-3.02274,-2.828377,-3.328223,-3.118776,-3.011288,-3.391326,23,23,23,23,22,22,23,23,23,23,23,23,23,23,23,23,627,6270,-3.561364,-4.604921,-4.47201,-3.99867,-4.143987,-4.07733,-2.198614,-70.87123,0.1235102,-1.208803,-1.072847,0.4851026,0.001024189,0.3349538,-0.5533412,0.5849947,22,22,22,22,22,22,22,22,22,22,22,22,22,22,22,22
628,6280,-58.19352,-52.48188,-13.91184,-11.93931,-3.982835,-2.470267,-0.7664282,-2.384981,-1.3623,-3.076293,-1.545571,-2.396528,-1.669067,-2.747782,-0.4776074,-0.7241672,23,23,23,23,23,23,23,23,23,23,23,23,23,23,23,23,628,6280,-2.555521,-2.635996,-2.358061,-4.007648,-11.16593,-14.73065,-2.089672,-2.216479,-2.847887,-3.863789,-3.548432,-2.693695,-2.944201,-3.452925,-2.047691,-3.165237,23,23,23,23,22,22,23,23,23,23,23,23,23,23,23,23,628,6280,-2.642079,-4.349094,-4.855322,-4.514683,-4.273486,-3.567663,-2.586599,-71.30862,0.7415238,-0.1199938,-0.2384389,0.6063775,0.771625,-0.6655645,-0.6640114,-0.2342599,22,22,22,22,22,22,22,22,22,22,22,22,22,22,22,22
629,6290,-55.66867,-52.24002,-13.54265,-9.747268,-2.896585,-2.346754,-1.02192,-2.510371,-1.609991,-1.845792,-1.426761,-1.892143,-1.430625,-2.389376,-1.074536,4.655403E-05,23,23,23,23,23,23,23,23,23,23,23,23,23,23,23,23,629,6290,-2.421022,-2.635996,-3.012675,-2.973413,-10.11516,-14.23965,-2.220274,-2.346859,-3.365681,-2.833804,-2.365628,-2.154963,-2.688185,-2.22771,-2.52949,-3.052191,23,23,23,23,22,22,23,23,23,23,23,23,23,23,23,23,629,6290,-3.561364,-4.732833,-4.855322,-3.353774,-2.848948,-3.567663,-2.198614,-70.1058,0.1235102,0.0009856612,0.3575667,-0.2425593,0.001024189,0.4461224,-0.2213355,0.7020283,22,22,22,22,22,22,22,22,22,22,22,22,22,22,22,22
630,6300,-56.63052,-51.03076,-15.14246,-10.84329,-3.862135,-1.605675,-0.6386821,-1.757872,-0.9907632,-0.9844412,-1.545571,-1.513811,-1.788287,-2.15044,-1.671465,0.3621534,23,23,23,23,23,23,23,23,23,23,23,23,23,23,23,23,630,6300,-2.690019,-2.108798,-4.190993,-3.749089,-10.90322,-14.11688,-2.612077,-2.477236,-3.624579,-2.833804,-2.497052,-2.424328,-3.200216,-2.673242,-2.649939,-2.600014,23,23,23,23,22,22,23,23,23,23,23,23,23,23,23,23,630,6300,-3.791187,-4.604921,-4.216467,-3.095795,-3.366943,-4.459633,-3.750556,-71.41796,0.4943179,0.3639241,0.2383655,0.3638245,-0.659494,0.1126166,-0.5533412,0.7020283,22,22,22,22,22,22,22,22,22,22,22,22,22,22,22,22
631,6310,-55.06752,-50.66798,-13.78878,-8.773025,-3.500054,-1.729188,-1.277412,-1.381193,-1.114609,-1.845792,-1.902,-2.522605,-1.907508,-2.389376,-1.193922,-0.1206552,23,23,23,23,23,23,23,23,23,23,23,23,23,23,23,23,631,6310,-2.286523,-2.635996,-3.274527,-2.844135,-10.24651,-14.2396,-2.220274,-2.737997,-3.495131,-3.220048,-2.497052,-2.559012,-1.664128,-2.339093,-1.806792,-2.939148,23,23,23,23,22,22,23,23,23,23,23,23,23,23,23,23,631,6310,-3.676275,-5.244486,-4.855322,-2.450846,-2.330955,-2.293547,-2.974636,-70.54319,0.2471128,0.2429446,0.2383655,-0.3638342,-0.9897515,-0.1097206,0.2213419,0.8190684,22,22,22,22,22,22,22,22,22,22,22,22,22,22,22,22
632,6320,-51.09991,-49.33779,-12.68122,-7.433441,-2.775892,-1.852701,-0.8941743,-1.506753,-1.3623,-1.476642,-1.66438,-1.892143,-2.14595,-1.672566,-1.313308,4.655403E-05,23,23,23,23,23,23,23,23,23,23,23,23,23,23,23,23,632,6320,-1.748528,-2.767796,-3.274527,-2.714855,-9.983804,-14.97609,-1.959071,-3.389891,-2.847887,-2.190064,-2.234205,-2.96306,-2.304166,-2.784624,-2.40904,-2.713057,23,23,23,23,22,22,23,23,23,23,23,23,23,23,23,23,632,6320,-2.412256,-4.604921,-4.855322,-2.192866,-2.978447,-3.058048,-4.39725,-71.41796,0.1235102,-0.1199938,0.3575667,0.1212716,-0.8796657,-0.4432265,0.442679,0.3509211,22,22,22,22,22,22,22,22,22,22,22,22,22,22,22,22
633,6330,-53.38429,-48.49131,-10.0969,-6.459198,-2.051729,-2.717293,-1.02192,-2.384982,-0.3715357,-2.461043,-0.9515218,-2.270474,-1.311405,-2.986719,-2.029623,-0.844869,23,23,23,23,23,23,23,23,23,23,23,23,23,23,23,23,633,6330,-2.555521,-4.085791,-2.881752,-2.844135,-10.90322,-14.85332,-2.350874,-3.781028,-2.847887,-2.576308,-2.234205,-3.097742,-2.560181,-3.341542,-3.131738,-3.052191,23,23,23,23,22,22,23,23,23,23,23,23,23,23,23,23,633,6330,-3.676275,-6.395705,-4.983094,-2.966805,-3.496441,-3.185465,-3.362622,-70.87123,-0.6180545,0.3639241,-3.652083E-05,-0.2425593,-0.4393191,-0.4432265,-0.3320041,0.3509211,22,22,22,22,22,22,22,22,22,22,22,22,22,22,22,22
634,6340,-56.39006,-49.09594,-12.18897,-8.042342,-3.017279,-2.59378,-1.277412,-2.635761,-1.733837,-2.953242,-1.070332,-2.270474,-1.549846,-2.747782,-1.432694,-0.844869,23,23,23,23,23,23,23,23,23,23,23,23,23,23,23,23,634,6340,-2.959017,-3.426793,-3.012675,-2.197738,-10.77192,-14.4851,-2.481476,-4.172166,-2.977336,-1.932568,-3.02274,-3.367107,-2.816193,-4.009843,-3.493087,-2.826102,23,23,23,23,22,22,23,23,23,23,23,23,23,23,23,23,634,6340,-2.756991,-4.98866,-5.238635,-3.482764,-2.71945,-3.185465,-4.267921,-72.07404,-0.2472464,-1.208803,0.2383655,0.7276555,0.3312817,0.001447991,-0.3320041,1.404249,22,22,22,22,22,22,22,22,22,22,22,22,22,22,22,22
635,6350,-57.83282,-49.45872,-13.29653,-9.625487,-3.982829,-2.223241,-0.1276981,-1.883432,-0.6192268,-1.353591,-1.189142,-1.387701,-0.8345219,-1.911502,-1.193922,-0.7241672,23,23,23,23,23,23,23,23,23,23,23,23,23,23,23,23,635,6350,-2.824518,-3.031394,-3.012675,-2.844135,-11.16593,-14.11688,-3.134483,-3.389891,-2.588988,-1.803819,-3.417008,-2.020281,-2.560181,-2.896011,-2.047691,-2.826102,23,23,23,23,22,22,23,23,23,23,23,23,23,23,23,23,635,6350,-3.101722,-5.116573,-5.494177,-3.482764,-3.107945,-3.058048,-3.103964,-70.43384,-0.2472464,0.3639241,0.2384164,-0.3638342,-0.4393191,-0.6655645,0.3320105,1.053136,22,22,22,22,22,22,22,22,22,22,22,22,22,22,22,22
636,6360,-57.59236,-50.06335,-16.86534,-12.42644,-4.948379,-1.976215,-0.8941743,-0.8789545,-0.9907637,-1.476641,-2.13962,-1.009368,-2.26517,-1.911502,-1.55208,0.3621534,23,23,23,23,23,23,23,23,23,23,23,23,23,23,23,23,636,6360,-3.362513,-1.713399,-1.834364,-2.714855,-10.37786,-14.60787,-3.265085,-2.477236,-2.459539,-1.546323,-2.497052,-2.828377,-3.072208,-2.339093,-2.047691,-2.939148,23,23,23,23,22,22,23,23,23,23,23,23,23,23,23,23,636,6360,-2.412256,-4.221181,-5.110864,-3.095795,-2.330955,-1.656463,-3.621278,-71.52731,-0.6180545,0.0009856612,0.4768188,1.576541,0.5514534,0.3349538,-0.1106654,0.5849947,22,22,22,22,22,22,22,22,22,22,22,22,22,22,22,22
637,6370,-57.71259,-50.42613,-16.0039,-11.81753,-4.948379,-2.840806,-1.66065,-1.632313,-1.238455,-1.968841,-1.78319,-1.892142,-1.788286,-1.553097,-1.193922,-0.6034638,23,23,23,23,23,23,23,23,23,23,23,23,23,23,23,23,637,6370,-2.690019,-1.976998,-2.096215,-3.231972,-10.77192,-15.46703,-3.003881,-2.868374,-2.718437,-2.962552,-2.628473,-3.636472,-2.816193,-2.450476,-2.649939,-2.826102,23,23,23,23,22,22,23,23,23,23,23,23,23,23,23,23,637,6370,-2.527168,-4.604921,-4.983094,-3.611754,-3.237444,-3.185465,-3.362622,-70.76189,-0.4944516,-0.3619496,-0.8343939,0.848879,-0.4393801,-1.110239,-0.9960186,0.1168474,22,22,22,22,22,22,22,22,22,22,22,22,22,22,22,22
638,6380,-62.16112,-48.61224,-16.12696,-11.81753,-3.37936,-1.482162,-0.3831902,-0.6278357,1.605311E-06,-0.8613904,-1.189142,-1.513811,-1.430625,-1.672569,-1.55208,-0.241357,23,23,23,23,23,23,23,23,23,23,23,23,23,23,23,23,638,6380,-2.152024,-1.581599,-1.834364,-1.93918,-10.11516,-15.09881,-2.742679,-1.955719,-2.459539,-2.705056,-2.234205,-2.96306,-2.432173,-2.450476,-2.770389,-3.504372,23,23,23,23,22,22,23,23,23,23,23,23,23,23,23,23,638,6380,-2.182437,-4.093268,-3.833155,-2.321856,-2.848948,-2.54838,-2.198665,-70.87123,-0.4944516,-0.9668437,-0.4767907,-0.1213326,-0.6595518,0.7796267,3.210623E-06,0.1168474,22,22,22,22,22,22,22,22,22,22,22,22,22,22,22,22
639,6390,-65.52757,-50.42613,-17.35759,-14.4967,-3.017279,-2.840806,-0.8941743,-2.635761,-1.362301,-3.076292,-1.307951,-2.900836,-1.669065,-3.225661,-2.865272,-0.844869,23,23,23,23,23,23,23,23,23,23,23,23,23,23,23,23,639,6390,-2.017526,-1.976998,-2.096215,-2.585576,-11.42864,-15.58981,-2.089672,-2.477236,-3.365681,-2.44756,-2.89132,-2.828377,-2.176158,-2.561859,-3.493035,-3.391326,23,23,23,23,22,22,23,23,23,23,23,23,23,23,23,23,639,6390,-2.297348,-4.221181,-4.855322,-3.482764,-3.755438,-3.440298,-2.198665,-70.54319,-0.7416571,-0.2409701,-0.4767907,0.6063261,1.101825,-0.1097222,-0.3320602,0.8190684,22,22,22,22,22,22,22,22,22,22,22,22,22,22,22,22
640,6400,-69.13448,-51.75632,-18.9574,-13.64424,-3.862135,-2.964319,-1.149666,-2.008814,-1.609992,-2.953242,-1.66438,-2.396528,-1.788286,-2.986723,-1.552028,-1.086266,23,23,23,23,23,23,23,23,23,23,23,23,23,23,23,23,640,6400,-2.421022,-1.713399,-2.881752,-2.714855,-11.95405,-14.85332,-2.350874,-2.346859,-3.236234,-3.220048,-3.417008,-2.424328,-2.816193,-2.561859,-3.613485,-2.600065,23,23,23,23,22,22,23,23,23,23,23,23,23,23,23,23,640,6400,-3.101722,-3.837441,-4.983094,-2.579835,-4.014435,-2.803214,-2.845307,-71.63665,-0.2472464,-0.9668437,-0.9535951,-0.4851636,0.2211381,0.4461216,-5.297528E-05,1.157128,22,22,22,22,22,22,22,22,22,22,22,22,22,22,22,22
641,6410,-69.85587,-50.06335,-19.08046,-15.34916,-7.845028,-4.445991,-0.1276981,-1.883432,-1.486146,-1.722741,-2.02081,-1.892142,-1.788286,-2.150445,-2.029572,0.1207563,23,23,23,23,23,23,23,23,23,23,23,23,23,23,23,23,641,6410,-1.479531,-2.372397,-1.572518,-2.973413,-11.55999,-14.85332,-1.959071,-3.389891,-2.33009,-3.0913,-3.417008,-3.232424,-2.304166,-3.118776,-3.252136,-2.826154,23,23,23,23,22,22,23,23,23,23,23,23,23,23,23,23,641,6410,-2.642031,-3.069963,-4.216467,-3.095795,-3.366943,-2.54838,-2.327994,-69.99646,0.6179726,0.1219651,0.2384164,0.2424983,0.5513955,0.4461216,-0.9960732,0.4550287,22,22,22,22,22,22,22,22,22,22,22,22,22,22,22,22
642,6420,-69.13448,-49.09594,-21.17252,-15.83629,-9.776115,-4.075813,-1.277412,-1.506753,-1.609992,-1.722741,-2.13962,-1.892142,-2.622831,-2.269912,-2.984658,5.458059E-05,23,23,23,23,23,23,23,23,23,23,23,23,23,23,23,23,642,6420,-1.076035,-1.976998,-2.096215,-2.585576,-11.42864,-14.97609,-2.220274,-2.868374,-2.588988,-2.833804,-2.628473,-2.020281,-2.688185,-2.896011,-2.288539,-2.826154,23,23,23,23,22,22,23,23,23,23,23,23,23,23,23,23,642,6420,-2.871854,-3.581613,-4.47201,-2.579835,-2.330955,-2.803214,-1.293366,-69.99646,0.6179726,-0.3619496,-1.191997,-1.212822,-0.2192053,0.2237844,-5.297528E-05,-0.364091,22,22,22,22,22,22,22,22,22,22,22,22,22,22,22,22
643,6430,-67.69172,-50.54706,-19.81883,-13.52246,-8.207096,-4.199206,-1.66065,-2.259593,-1.362301,-2.707142,-2.37724,-2.648682,-2.265169,-2.867255,-1.671414,-0.6034574,23,23,23,23,23,23,23,23,23,23,23,23,23,23,23,23,643,6430,-1.210533,-1.318001,-2.358061,-2.456296,-10.64057,-14.2396,-2.873281,-1.694962,-2.718437,-2.833804,-1.971361,-1.885599,-2.176158,-1.670792,-1.92719,-2.487019,23,23,23,23,22,22,23,23,23,23,23,23,23,23,23,23,643,6430,-2.756943,-3.069961,-4.471958,-2.450846,-2.978447,-2.420964,-2.069336,-70.3245,0.1235616,0.1219651,-0.4767907,0.1212203,0.7715672,0.8907961,-0.2213901,0.4550287,22,22,22,22,22,22,22,22,22,22,22,22,22,22,22,22
644,6440,-70.69749,-49.21687,-20.18802,-14.00958,-6.638091,-2.59378,-1.149666,-1.632313,-0.9907637,-2.337991,-1.78319,-1.766032,-2.026727,-3.106192,-1.910186,5.458059E-05,23,23,23,23,23,23,23,23,23,23,23,23,23,23,23,23,644,6440,-1.479531,-1.186201,-1.834364,-2.327018,-10.77192,-13.99415,-2.742679,-2.086099,-2.588988,-2.318812,-1.708517,-2.559012,-2.560181,-1.670792,-2.168089,-1.582657,23,23,23,23,22,22,23,23,23,23,23,23,23,23,23,23,644,6440,-2.642031,-4.093266,-3.960875,-2.063824,-1.94246,-2.54838,-2.457322,-69.88711,-4.093544E-05,0.2429446,0.2384164,-0.6064385,0.2211381,0.001447188,0.4426245,0.4550287,22,22,22,22,22,22,22,22,22,22,22,22,22,22,22,22
645,6450,-68.41311,-50.90984,-18.9574,-12.67,-5.672541,-3.458371,-1.02192,-2.008814,-0.9907637,-3.076292,-2.02081,-2.648682,-1.430625,-3.942473,-2.6265,-0.3620523,23,23,23,23,23,23,23,23,23,23,23,23,23,23,23,23,645,6450,-1.614029,-1.186201,-2.750829,-1.809901,-10.50922,-13.99415,-2.350874,-1.564581,-2.847887,-2.318812,-1.182826,-1.750916,-1.408116,-1.559407,-1.565841,-1.695703,23,23,23,23,22,22,23,23,23,23,23,23,23,23,23,23,645,6450,-2.986765,-4.093266,-4.088646,-2.192813,-1.94246,-3.058048,-1.681351,-69.99646,-4.093544E-05,0.3639241,-0.2383883,0.3637732,0.0009663975,0.6684589,0.8853003,1.040113,22,22,22,22,22,22,22,22,22,22,22,22,22,22,22,22
646,6460,-72.7414,-50.30521,-20.80333,-17.05409,-9.776115,-3.334807,-1.149666,-2.134203,-1.486146,-3.322392,-2.25843,-2.774759,-2.026727,-3.225661,-2.029572,-0.9655643,23,23,23,23,23,23,23,23,23,23,23,23,23,23,23,23,646,6460,-1.345032,-1.581599,-2.619907,-1.551342,-10.37786,-14.4851,-2.481476,-2.346859,-2.718437,-1.546323,-1.44567,-2.693695,-1.920143,-2.004941,-1.80674,-1.695703,23,23,23,23,22,22,23,23,23,23,23,23,23,23,23,23,646,6460,-2.871854,-4.477005,-3.960875,-1.676854,-1.94246,-2.293547,-1.552022,-70.21516,0.6179726,0.8478388,0.4768188,-0.2426107,-0.549466,-0.1097222,-5.297528E-05,0.8060782,22,22,22,22,22,22,22,22,22,22,22,22,22,22,22,22
647,6470,-73.82349,-49.33779,-21.41865,-17.66299,-10.86236,-2.717242,-1.277464,-2.384982,-1.362301,-2.214941,-1.426761,-2.396528,-1.192183,-2.986723,-2.507115,-0.6034574,23,23,23,23,23,23,23,23,23,23,23,23,23,23,23,23,647,6470,-1.076035,-2.767796,-2.227138,-1.551342,-10.90322,-14.73059,-2.089672,-2.737997,-2.33009,-1.160079,-1.051402,-2.424328,-1.664128,-2.339093,-1.324942,-2.373973,23,23,23,23,22,22,23,23,23,23,23,23,23,23,23,23,647,6470,-2.412211,-3.83744,-4.088646,-1.547864,-3.237445,-3.440298,-2.974636,-70.87123,-4.093544E-05,0.2429446,0.59602,0.6063261,-0.549466,-0.6655645,0.3319543,0.4550287,22,22,22,22,22,22,22,22,22,22,22,22,22,22,22,22
648,6480,-69.85587,-48.49131,-19.69577,-14.25314,-9.29334,-1.976163,-1.788448,-1.883432,-1.981529,-2.337991,-2.61486,-2.144363,-1.669065,-2.50885,-2.387729,0.3621615,23,23,23,23,23,23,23,23,23,23,23,23,23,23,23,23,648,6480,-1.614029,-2.240597,-1.965286,-1.551342,-11.16593,-13.62588,-1.959071,-2.868377,-2.200641,-1.803819,-1.708517,-2.020281,-1.920143,-3.118776,-2.168089,-2.147884,23,23,23,23,22,22,23,23,23,23,23,23,23,23,23,23,648,6480,-2.756943,-3.83744,-3.705333,-2.708772,-2.201457,-2.038713,-1.164037,-70.3245,0.4943693,0.1219651,-0.3575895,-1.091544,-0.549466,0.5572895,0.2212857,0.9230925,22,22,22,22,22,22,22,22,22,22,22,22,22,22,22,22
649,6490,-67.45126,-48.37039,-17.84984,-12.30466,-7.724334,-3.087781,-1.788448,-2.134203,-1.609991,-2.091891,-1.545571,-2.144363,-2.026727,-2.867255,-2.148957,-0.2413505,23,23,23,23,23,23,23,23,23,23,23,23,23,23,23,23,649,6490,-1.479531,-2.240597,-0.786975,-0.6463875,-10.50922,-14.60787,-2.873281,-1.694965,-1.812294,-1.675071,-2.102784,-1.48155,-2.432173,-2.004941,-2.288539,-1.808749,23,23,23,23,22,22,23,23,23,23,23,23,23,23,23,23,649,6490,-1.952566,-3.453701,-4.983042,-1.418874,-2.978448,-2.16613,-1.552022,-70.87123,-0.1236949,0.0009856612,0.7152212,0.3637732,-0.1091194,-0.4432273,0.1106172,0.8060782,22,22,22,22,22,22,22,22,22,22,22,22,22,22,22,22
650,6500,-67.93218,-46.5565,-16.49615,-8.529464,-6.155316,-2.099676,-0.6387334,-1.632313,-1.3623,-2.091841,-1.78319,-1.639921,-1.788286,-2.50885,-1.552028,0.1207563,23,23,23,23,23,23,23,23,23,23,23,23,23,23,23,23,650,6500,-1.748528,-1.4498,-1.441595,-1.292784,-11.55999,-14.73059,-3.656888,-2.086102,-1.423946,-0.7738347,-1.971361,-1.346867,-2.304166,-1.559407,-1.565841,-1.13048,23,23,23,23,22,22,23,23,23,23,23,23,23,23,23,23,650,6500,-2.182389,-4.604918,-4.344188,-2.450793,-2.201457,-1.78388,-1.810679,-70.3245,0.1235102,0.8466508,0.59602,-5.458059E-05,-0.6595518,-0.9990711,0.3319543,0.4550287,22,22,22,22,22,22,22,22,22,22,22,22,22,22,22,22
651,6510,-65.6478,-47.0402,-15.26552,-8.042342,-4.948379,-3.087781,-1.149718,-2.88654,-1.3623,-2.830142,-1.78319,-3.279067,-1.907506,-4.06194,-2.745886,0.1207563,23,23,23,23,23,23,23,23,23,23,23,23,23,23,23,23,651,6510,-1.748528,-1.318001,-1.048827,-1.809901,-10.11516,-14.73059,-3.134483,-0.9126902,-1.294497,-1.288827,-0.9199815,-1.48155,-2.176158,-0.8911083,-0.9635929,-2.26093,23,23,23,23,22,22,23,23,23,23,23,23,23,23,23,23,651,6510,-1.263104,-3.197874,-4.216416,-1.805844,-1.553965,-2.293547,-1.422693,-70.3245,-9.23054E-05,0.8466508,0.4767678,0.4850512,0.5513955,0.001447188,0.7746301,1.040113,22,22,22,22,22,22,22,22,22,22,22,22,22,22,22,22
652,6520,-63.84435,-47.0402,-14.52715,-7.433441,-5.31046,-2.593729,-1.788448,-2.384982,-2.105374,-3.568443,-1.78319,-2.018253,-1.907506,-2.986723,-1.552028,-0.9655643,23,23,23,23,23,23,23,23,23,23,23,23,23,23,23,23,652,6520,-1.210533,-0.7908021,-0.786975,-1.163505,-10.37786,-15.46703,-1.959071,-1.04307,-1.165048,-1.417575,-1.182826,-2.963063,-1.920143,-2.004941,-1.565841,-2.713108,23,23,23,23,22,22,23,23,23,23,23,23,23,23,23,23,652,6520,-1.607835,-3.709527,-4.471958,-1.934834,-2.201457,-2.930631,-1.552022,-70.3245,-0.6181059,0.9676079,0.595969,0.2425465,0.0009663975,-0.5543967,-0.1107215,1.157128,22,22,22,22,22,22,22,22,22,22,22,22,22,22,22,22
653,6530,-63.96458,-48.24945,-14.28103,-7.18988,-3.982829,-2.346702,-1.40521,-2.384982,-1.609991,-2.337942,-1.30795,-2.018253,-2.265171,-3.106192,-2.148957,-0.3620523,23,23,23,23,23,23,23,23,23,23,23,23,23,23,23,23,653,6530,-0.9415359,-0.9226013,-1.441595,-1.034226,-10.24651,-15.83531,-1.959071,-0.9126902,-1.553396,-1.160079,-1.708517,-2.020283,-1.664128,-2.004941,-2.529438,-3.504424,23,23,23,23,22,22,23,23,23,23,23,23,23,23,23,23,653,6530,-2.642031,-3.965353,-4.344188,-3.224732,-2.848949,-2.420964,-1.940008,-70.98058,-0.2472978,-0.2419686,-0.3576401,0.1212684,1.101831,0.4461216,-5.297528E-05,0.8060782,22,22,22,22,22,22,22,22,22,22,22,22,22,22,22,22
654,6540,-64.20504,-48.49131,-15.63471,-7.920563,-4.948379,-2.964268,-2.809482,-2.259593,-2.848448,-2.091841,-2.971287,-2.396528,-2.861275,-2.747787,-2.387729,0.3621615,23,23,23,23,23,23,23,23,23,23,23,23,23,23,23,23,654,6540,-0.6725388,-0.9226013,-1.441595,-1.163505,-11.29728,-15.83531,-2.220274,-1.303827,-2.588987,-1.932568,-2.89132,-2.559012,-1.92014,-2.450524,-3.613485,-3.504424,23,23,23,23,22,22,23,23,23,23,23,23,23,23,23,23,654,6540,-2.412211,-4.221179,-3.960875,-3.869681,-3.366944,-2.293547,-2.198665,-70.21516,0.2471128,-5.458059E-05,-0.1192377,0.2425465,0.2211445,0.001448793,-0.7747361,1.391163,22,22,22,22,22,22,22,22,22,22,22,22,22,22,22,22
655,6550,-65.52757,-49.8215,-16.12696,-8.042342,-5.069072,-3.087781,-1.788448,-3.513488,-2.724602,-3.445392,-2.377238,-3.15299,-3.099717,-3.34513,-2.268394,-0.4827557,23,23,23,23,23,23,23,23,23,23,23,23,23,23,23,23,655,6550,-1.076035,-0.7908021,-1.965286,-1.034226,-11.69134,-14.85332,-1.959071,-1.825345,-1.812294,-1.803819,-3.154167,-2.963063,-1.664128,-2.339141,-3.131738,-2.826154,23,23,23,23,22,22,23,23,23,23,23,23,23,23,23,23,655,6550,-2.182389,-3.709527,-4.471958,-3.482711,-2.978448,-2.420964,-2.457322,-70.65253,-0.9889135,-0.7257998,0.2383655,0.2425465,0.4413162,0.223786,-0.4426726,0.4550287,22,22,22,22,22,22,22,22,22,22,22,22,22,22,22,22
656,6560,-63.72412,-48.97502,-14.15796,-8.529464,-4.224216,-2.717242,-2.04394,-2.635761,-1.857682,-3.199292,-2.020809,-2.774759,-2.02673,-3.106192,-0.9551506,-0.1206552,23,23,23,23,23,23,23,23,23,23,23,23,23,23,23,23,656,6560,-0.5380394,-0.9226013,-0.5251294,-1.93918,-11.03458,-14.60787,-1.828469,-1.825345,-1.423946,-2.318812,-3.02274,-2.154967,-1.280106,-2.784672,-2.168141,-2.26093,23,23,23,23,22,22,23,23,23,23,23,23,23,23,23,23,656,6560,-1.492923,-4.093266,-4.599729,-3.224732,-1.94246,-2.420964,-1.810679,-70.21516,-9.23054E-05,-0.1210116,-0.3576401,0.2425465,-0.109113,0.001448793,-0.6640114,0.5849947,22,22,22,22,22,22,22,22,22,22,22,22,22,22,22,22
657,6570,-65.88827,-51.87724,-14.40409,-8.164124,-3.500054,-2.717242,-1.021971,-3.01193,-1.3623,-2.953192,-2.139618,-2.270474,-1.549847,-3.703535,-2.029623,-0.4827621,23,23,23,23,23,23,23,23,23,23,23,23,23,23,23,23,657,6570,-0.5380394,-0.9226013,-0.6560522,-2.327018,-11.03458,-13.87138,-1.959071,-2.216482,-1.682845,-2.318812,-1.971361,-2.154967,-1.536121,-2.339141,-1.686342,-2.147884,23,23,23,23,22,22,23,23,23,23,23,23,23,23,23,23,657,6570,-1.607883,-3.581613,-4.088646,-1.676854,-2.589952,-2.675797,-1.293366,-69.77776,-0.3709004,-0.8467568,-0.1192377,-0.1212845,0.2211445,0.6684605,0.2213419,0.1168474,22,22,22,22,22,22,22,22,22,22,22,22,22,22,22,22
658,6580,-66.72988,-53.19831,-17.60371,-10.11261,-5.31046,-3.087781,-1.277464,-2.384982,-1.733837,-2.460992,-1.66438,-2.144364,-1.788289,-2.628319,-1.432694,-0.9655723,23,23,23,23,23,23,23,23,23,23,23,23,23,23,23,23,658,6580,-1.076035,-0.7908534,-0.3942067,-2.844135,-11.16593,-14.11688,-1.828469,-1.434208,-2.977334,-3.220048,-2.497052,-2.424332,-1.664128,-1.67084,-1.806792,-2.147884,23,23,23,23,22,22,23,23,23,23,23,23,23,23,23,23,658,6580,-2.067525,-3.325788,-3.833104,-2.966752,-3.366944,-3.312881,-2.715979,-70.65253,-9.23054E-05,0.3628196,-0.3576401,-6.421245E-06,0.8816594,0.6684605,-0.3320041,0.936102,22,22,22,22,22,22,22,22,22,22,22,22,22,22,22,22
659,6590,-68.05241,-52.9565,-18.21902,-10.11261,-5.069072,-2.470215,-0.7664795,-1.381193,-0.6192264,-1.353541,-1.18914,-1.13548,-1.549847,-1.792038,-1.55208,-0.7241672,23,23,23,23,23,23,23,23,23,23,23,23,23,23,23,23,659,6590,-1.614029,-1.449851,-1.572518,-2.068459,-10.77187,-14.4851,-2.350874,-1.825345,-2.459538,-1.932568,-1.971361,-1.8856,-2.43217,-2.004989,-2.047691,-1.695703,23,23,23,23,22,22,23,23,23,23,23,23,23,23,23,23,659,6590,-2.527168,-3.709528,-4.344239,-1.805844,-2.460454,-2.803214,-2.715979,-70.65253,-9.23054E-05,-0.2419686,-0.5960425,0.6063743,0.4413162,0.3349546,0.1106718,0.233881,22,22,22,22,22,22,22,22,22,22,22,22,22,22,22,22
660,6600,-68.4131,-53.31921,-18.58821,-10.72151,-6.638091,-2.22319,-1.916194,-1.757872,-1.981528,-1.845741,-2.733669,-1.513811,-2.742054,-2.747787,-1.910237,0.8449637,23,23,23,23,23,23,23,23,23,23,23,23,23,23,23,23,660,6600,-0.9415359,-1.318052,-2.358061,-1.680673,-10.77187,-15.09881,-1.828469,-2.086102,-2.330089,-1.932568,-1.971361,-2.154967,-2.176155,-2.227758,-2.047691,-2.147884,23,23,23,23,22,22,23,23,23,23,23,23,23,23,23,23,660,6600,-2.412256,-3.453701,-3.322072,-2.192866,-3.496442,-3.058048,-2.845307,-70.1058,-9.23054E-05,0.8466508,-0.3576401,0.1212684,0.551402,0.6684605,-0.2213355,0.233881,22,22,22,22,22,22,22,22,22,22,22,22,22,22,22,22
661,6610,-69.9761,-54.28645,-20.80334,-14.13136,-6.270436,-2.593729,-1.660702,-1.883432,-1.981528,-2.214891,-1.78319,-1.13548,-2.384392,-2.269912,-1.671465,-0.9655723,23,23,23,23,23,23,23,23,23,23,23,23,23,23,23,23,661,6610,-0.8070374,-1.84525,-2.488984,-1.551395,-10.64057,-14.97609,-2.089672,-2.868377,-3.495129,-2.318812,-1.971361,-2.963063,-2.176155,-2.784672,-2.52949,-2.147884,23,23,23,23,22,22,23,23,23,23,23,23,23,23,23,23,661,6610,-3.216633,-3.709528,-3.833155,-2.063876,-2.71945,-3.440298,-2.58665,-70.76189,0.8651264,-5.458059E-05,0.1191647,-0.4851155,-0.3292847,-0.2208884,-0.1106654,0.3509211,22,22,22,22,22,22,22,22,22,22,22,22,22,22,22,22
662,6620,-69.49518,-53.44012,-17.35759,-10.84329,-5.063704,-2.346754,-1.660702,-1.506753,-0.8669179,-2.214891,-1.66438,-1.639922,-1.669068,-1.792038,-1.193922,-0.1206552,23,23,23,23,23,23,23,23,23,23,23,23,23,23,23,23,662,6620,-1.614029,-1.449851,-1.965286,-1.163556,-10.64057,-14.73059,-1.697869,-2.738,-1.682845,-1.546323,-1.708517,-1.8856,-1.664128,-2.67329,-2.047691,-3.165289,23,23,23,23,22,22,23,23,23,23,23,23,23,23,23,23,662,6620,-2.756991,-4.22118,-3.705384,-2.450846,-3.107945,-3.440298,-2.974636,-70.54319,-0.3709004,0.7256906,0.1191647,-6.421245E-06,-0.7696312,0.4461232,-0.1106654,0.7020283,22,22,22,22,22,22,22,22,22,22,22,22,22,22,22,22
663,6630,-69.9761,-54.28645,-16.74228,-11.20863,-5.305053,-3.458371,-1.149666,-2.635761,-1.3623,-3.076242,-2.258428,-3.026913,-1.788289,-3.106192,-1.432694,-0.7241672,23,23,23,23,23,23,23,23,23,23,23,23,23,23,23,23,663,6630,-1.210533,-1.84525,-1.310673,-1.809952,-11.03458,-14.2396,-1.959071,-2.738,-2.200639,-1.288827,-3.154167,-1.481553,-2.176155,-2.67329,-2.40904,-1.808749,23,23,23,23,22,22,23,23,23,23,23,23,23,23,23,23,663,6630,-2.527168,-4.093267,-3.577614,-2.450846,-2.330955,-2.675797,-2.586598,-70.87123,0.6179212,0.2418626,-0.5960425,-0.6063903,-0.6595454,0.001448793,-0.1106654,-0.1172263,22,22,22,22,22,22,22,22,22,22,22,22,22,22,22,22
664,6640,-73.34255,-54.04464,-18.09596,-11.57397,-6.632453,-3.211345,-1.66065,-2.134203,-0.9907632,-1.968792,-1.18914,-1.639922,-1.072964,-1.672569,-0.358222,-0.4827621,23,23,23,23,23,23,23,23,23,23,23,23,23,23,23,23,664,6640,-2.555521,-1.97705,-1.441595,-1.809952,-11.03458,-14.60787,-2.481476,-2.216482,-2.071192,-1.803819,-2.497052,-1.616235,-3.072205,-2.339141,-2.047691,-2.034838,23,23,23,23,22,22,23,23,23,23,23,23,23,23,23,23,664,6640,-1.837703,-3.837441,-4.216467,-1.676907,-2.071958,-2.930631,-3.103912,-71.30862,-0.1236949,0.1209024,0.1191647,0.7276523,0.4413162,0.223786,0.9960251,1.287209,22,22,22,22,22,22,22,22,22,22,22,22,22,22,22,22
665,6650,-75.50671,-54.89098,-21.66477,-15.1056,-7.839172,-4.569384,-2.681889,-2.008813,-1.238455,-1.476591,-1.30795,-1.26159,-1.311406,-1.433633,-1.432694,-0.241357,23,23,23,23,23,23,23,23,23,23,23,23,23,23,23,23,665,6650,-2.824518,-2.240649,-1.572518,-2.19779,-10.77187,-14.97609,-3.134483,-2.60762,-2.588988,-2.061316,-1.839937,-2.559012,-3.32822,-2.339141,-1.927242,-2.034838,23,23,23,23,22,22,23,23,23,23,23,23,23,23,23,23,665,6650,-2.527168,-4.732833,-4.47201,-2.450846,-2.71945,-2.16613,-2.069284,-71.19926,0.1235616,0.6047336,0.2383655,-0.4851155,-0.2191988,-0.5543951,0.1106718,0.3509211,22,22,22,22,22,22,22,22,22,22,22,22,22,22,22,22
666,6660,-76.10786,-56.10003,-22.28008,-13.76602,-7.839172,-3.705397,-3.957822,-3.137319,-2.353065,-2.091892,-1.66438,-1.387701,-0.9537436,-1.792038,-0.2388366,-0.1206552,23,23,23,23,23,23,23,23,23,23,23,23,23,23,23,23,666,6660,-2.017526,-1.71345,-1.048827,-2.19779,-10.24651,-15.34431,-2.220274,-1.564585,-1.941744,-2.962552,-2.497052,-3.232428,-2.43217,-2.227758,-2.168141,-2.9392,23,23,23,23,22,22,23,23,23,23,23,23,23,23,23,23,666,6660,-2.527168,-3.837441,-4.983094,-1.676907,-1.424465,-2.038713,-3.362569,-71.63665,-0.1236435,-0.724888,0.2383655,0.2425465,-0.5494596,-0.3320579,0.5533476,1.053136,22,22,22,22,22,22,22,22,22,22,22,22,22,22,22,22
667,6670,-76.34832,-57.18817,-24.00296,-17.66299,-7.477155,-3.82891,-2.937075,-2.259592,-1.733837,-2.214942,-1.189191,-0.7571483,-1.430627,-1.314164,-0.9551506,0.1207499,23,23,23,23,23,23,23,23,23,23,23,23,23,23,23,23,667,6670,-2.421022,-1.449851,-1.441595,-1.809952,-10.50922,-16.0808,-1.828469,-1.564585,-2.588988,-2.44756,-2.365628,-3.097745,-1.664128,-1.782223,-2.770389,-3.052243,23,23,23,23,22,22,23,23,23,23,23,23,23,23,23,23,667,6670,-2.756991,-4.732833,-4.088697,-2.192866,-2.330955,-1.401629,-1.939955,-70.65253,-0.4944516,0.2429446,-0.1191871,0.2425465,-0.109113,-0.3320579,0.3320105,0.3509211,22,22,22,22,22,22,22,22,22,22,22,22,22,22,22,22
668,6680,-78.51247,-56.94636,-22.03396,-15.59273,-7.839172,-3.334858,-2.809482,-2.76115,-0.495381,-1.968842,-1.070382,-1.766031,-1.430627,-1.911507,-0.9551506,-0.7241672,23,23,23,23,23,23,23,23,23,23,23,23,23,23,23,23,668,6680,-1.345032,-1.97705,-2.881752,-1.551395,-11.29728,-15.58981,-1.959071,-1.825345,-3.106785,-2.061316,-2.89132,-2.289646,-1.664128,-2.227758,-2.52949,-3.165289,23,23,23,23,22,22,23,23,23,23,23,23,23,23,23,23,668,6680,-1.837703,-3.453701,-4.47201,-2.579835,-1.553964,-1.78388,-2.586598,-71.52731,-0.370849,0.3639241,0.4768188,0.7276074,0.2211445,-0.8879009,-0.1106654,0.233881,22,22,22,22,22,22,22,22,22,22,22,22,22,22,22,22
669,6690,-78.99339,-58.39723,-21.17252,-17.17587,-7.95984,-4.81617,-1.788396,-2.76115,-1.609992,-3.076293,-0.7139518,-1.639921,-1.430625,-3.34513,-0.8357652,-1.086274,23,23,23,23,23,23,23,23,23,23,23,23,23,23,23,23,669,6690,-2.017526,-1.186252,-2.096215,-2.19779,-11.55999,-15.09881,-1.959071,-1.434208,-2.33009,-1.803819,-2.89132,-2.154963,-1.408113,-2.004989,-2.890839,-2.713108,23,23,23,23,22,22,23,23,23,23,23,23,23,23,23,23,669,6690,-1.722794,-3.965354,-4.727552,-2.579835,-1.683462,-1.274213,-2.069284,-70.43384,-0.370849,0.8478388,-0.3575895,-0.1213294,-0.1091194,-0.8879009,-0.2213355,0.8190684,22,22,22,22,22,22,22,22,22,22,22,22,22,22,22,22
670,6700,-82.72054,-58.15541,-23.14152,-15.95807,-6.99447,-3.82891,-2.171515,-2.134203,-1.362301,-2.214942,-1.308001,-1.639921,-0.7153003,-1.792033,-0.716379,-0.6034638,23,23,23,23,23,23,23,23,23,23,23,23,23,23,23,23,670,6700,-1.883027,-1.97705,-1.572518,-1.939232,-11.29728,-14.97609,-1.828469,-2.346859,-2.071194,-2.705056,-2.628473,-1.885599,-1.792133,-2.67329,-2.168141,-2.147884,23,23,23,23,22,22,23,23,23,23,23,23,23,23,23,23,670,6700,-1.837703,-2.942049,-3.833155,-2.192866,-1.424465,-1.911296,-1.681299,-70.43384,-0.6180545,-0.1199938,1.404647E-05,0.4850545,0.3312239,-0.22089,0.1106718,0.3509211,22,22,22,22,22,22,22,22,22,22,22,22,22,22,22,22
671,6710,-82.23962,-59.00175,-22.77233,-14.86204,-7.597823,-3.334858,-1.916143,-1.506699,-0.9907637,-1.476642,-1.189191,-0.6310363,-0.3576385,-1.075223,-0.5969415,-0.1206552,23,23,23,23,23,23,23,23,23,23,23,23,23,23,23,23,671,6710,-2.017526,-2.372448,-2.619907,-3.102745,-10.50922,-14.60787,-1.959071,-2.998757,-2.459539,-3.0913,-2.102784,-2.559012,-1.792133,-2.339141,-2.40904,-2.034838,23,23,23,23,22,22,23,23,23,23,23,23,23,23,23,23,671,6710,-2.067525,-3.709528,-4.47201,-2.708825,-2.201457,-2.420964,-2.586598,-70.54319,-0.4944516,-0.3619496,-0.5959919,0.7276074,0.2211381,-0.4432273,-0.2213901,1.170176,22,22,22,22,22,22,22,22,22,22,22,22,22,22,22,22
672,6720,-82.48007,-59.24356,-23.26458,-14.37492,-7.235806,-2.964319,-2.299109,-1.757819,-1.362301,-0.8613908,-1.070382,-0.6310363,-0.9537411,-0.8362854,-0.477556,-0.3621085,23,23,23,23,23,23,23,23,23,23,23,23,23,23,23,23,672,6720,-2.017526,-1.449851,-2.096215,-2.844186,-10.77187,-14.36237,-2.350874,-1.694965,-2.459539,-2.833804,-2.234205,-2.154963,-2.43217,-1.782223,-2.16814,-2.034832,23,23,23,23,22,22,23,23,23,23,23,23,23,23,23,23,672,6720,-2.297348,-3.069962,-3.833155,-2.192866,-3.107945,-2.54838,-1.293313,-70.54319,0.1235616,-1.087823,0.2384164,0.6063293,-0.1091194,1.001965,-0.2213901,0.2209936,22,22,22,22,22,22,22,22,22,22,22,22,22,22,22,22
673,6730,-82.84076,-59.96899,-24.12602,-14.4967,-6.99447,-3.087832,-1.277412,-1.38114,-0.3715357,-0.7383409,-0.8327617,-0.3788154,-0.2384176,-0.7168165,0.358145,-0.2414067,23,23,23,23,23,23,23,23,23,23,23,23,23,23,23,23,673,6730,-2.151973,-1.71345,-3.274527,-2.327069,-10.50922,-14.60787,-3.003881,-1.694965,-3.106785,-2.833804,-1.44567,-1.885599,-2.176155,-2.227758,-1.686342,-2.487013,23,23,23,23,22,22,23,23,23,23,23,23,23,23,23,23,673,6730,-1.837658,-3.325788,-3.705384,-2.708825,-3.237444,-3.058048,-1.163985,-69.77776,0.7415752,0.1219651,0.2384164,0.3637764,0.5513955,0.6684589,-0.9960732,0.8060782,22,22,22,22,22,22,22,22,22,22,22,22,22,22,22,22
674,6740,-84.52399,-60.81534,-27.44871,-21.43818,-9.407907,-2.717293,-1.277412,-1.757819,-0.1238442,-1.599692,-0.4763328,-1.261589,-0.5960794,-1.792033,-0.3581699,-0.2414067,23,23,23,23,23,23,23,23,23,23,23,23,23,23,23,23,674,6740,-1.748476,-2.108798,-3.012675,-1.551395,-10.77187,-14.4851,-1.567267,-1.825345,-2.847887,-1.417575,-1.708517,-2.828377,-2.304163,-2.67329,-2.047691,-2.826147,23,23,23,23,22,22,23,23,23,23,23,23,23,23,23,23,674,6740,-2.756943,-3.453701,-4.216467,-1.805897,-2.71945,-3.440298,-1.163985,-70.1058,0.4943693,-0.8458642,-0.7151927,-0.7277133,-0.549466,-0.7767339,-0.5533974,0.2209936,22,22,22,22,22,22,22,22,22,22,22,22,22,22,22,22
675,6750,-85.60606,-61.29896,-30.03301,-23.14311,-9.045891,-3.581884,-1.405158,-2.384981,-1.609992,-2.337992,-0.9515716,-1.261589,-0.9537411,-2.747782,-0.5969415,-0.8449187,23,23,23,23,23,23,23,23,23,23,23,23,23,23,23,23,675,6750,-0.9414842,-2.899595,-2.096222,-1.551395,-10.37786,-14.36237,-1.959071,-2.60762,-1.941744,-1.675071,-1.708517,-2.828377,-2.048148,-2.784672,-2.047691,-2.713105,23,23,23,23,22,22,23,23,23,23,23,23,23,23,23,23,675,6750,-2.642031,-3.325788,-3.833154,-2.579835,-3.237444,-4.204799,-1.810627,-70.54319,0.1235616,0.2429446,-0.3575895,-0.2426075,0.7715672,0.3349522,0.2212857,0.4550287,22,22,22,22,22,22,22,22,22,22,22,22,22,22,22,22
676,6760,-88.37136,-61.66167,-33.72488,-29.71925,-12.66607,-3.581884,-0.8941743,-1.63226,-1.486146,-1.230541,-0.5951419,-1.009368,-0.3576385,-1.672566,-0.3581699,-0.8449187,23,23,23,23,23,23,23,23,23,23,23,23,23,23,23,23,676,6760,-1.479479,-2.372397,-2.096222,-1.939232,-10.50922,-14.73059,-2.089672,-3.129137,-2.071194,-1.803819,-2.497052,-2.154963,-1.536121,-3.230207,-3.372637,-2.600059,23,23,23,23,22,22,23,23,23,23,23,23,23,23,23,23,676,6760,-3.101673,-3.325788,-3.833154,-2.579783,-2.848948,-2.420964,-2.327941,-70.43384,0.2471642,-0.1199938,-0.1191871,-0.4851604,-0.3292943,-0.1097222,0.1106172,0.4550287,22,22,22,22,22,22,22,22,22,22,22,22,22,22,22,22
677,6770,-86.92859,-61.54077,-35.44776,-32.15485,-15.93149,-3.087832,-0.7664283,-1.130021,-0.2476899,-0.2461408,-1.070382,-0.6310363,-0.9537411,-1.075223,-1.19387,-1.605311E-06,23,23,23,23,23,23,23,23,23,23,23,23,23,23,23,23,677,6770,-2.151973,-2.240597,-1.703447,-1.939232,-11.42864,-14.4851,-2.350874,-2.738,-1.682846,-1.288827,-2.628473,-1.48155,-2.176155,-2.450524,-2.649939,-2.034832,23,23,23,23,22,22,23,23,23,23,23,23,23,23,23,23,677,6770,-3.331496,-4.22118,-3.1943,-1.547864,-2.848949,-3.185465,-2.845255,-70.76189,0.3707667,0.3639241,0.3576176,-0.1213294,-0.8797235,-0.4432273,0.3319543,0.5720431,22,22,22,22,22,22,22,22,22,22,22,22,22,22,22,22
678,6780,-87.28928,-60.69444,-37.909,-29.47569,-15.6901,-3.581884,-1.149666,-1.38114,-0.7430722,-1.845792,-1.783241,-1.639921,-0.9537411,-1.911502,-0.2387836,-0.120705,23,23,23,23,23,23,23,23,23,23,23,23,23,23,23,23,678,6780,-1.479479,-1.4498,-1.179756,-1.939232,-11.16593,-14.97609,-2.742679,-2.60762,-1.682846,-1.288827,-2.365628,-1.616234,-2.944197,-2.561907,-1.806792,-1.921789,23,23,23,23,22,22,23,23,23,23,23,23,23,23,23,23,678,6780,-2.986765,-4.477006,-3.577613,-2.321803,-2.330956,-1.656463,-1.681299,-70.65253,0.4943693,0.6058798,-0.3575895,-0.9702662,-0.9898093,-0.8879025,-5.297528E-05,1.040113,22,22,22,22,22,22,22,22,22,22,22,22,22,22,22,22
679,6790,-86.44767,-61.54077,-40.49331,-34.46868,-17.86259,-3.087832,-0.5109362,-1.130021,-0.495381,-1.599692,-1.070382,-1.009368,-1.549845,-1.672566,-1.313256,-0.120705,23,23,23,23,23,23,23,23,23,23,23,23,23,23,23,23,679,6790,-1.748476,-1.318001,-1.310679,-1.809952,-10.37786,-15.09881,-2.350823,-1.564585,-1.682846,-1.932568,-1.577093,-2.693695,-2.560178,-2.116375,-2.047691,-2.373966,23,23,23,23,22,22,23,23,23,23,23,23,23,23,23,23,679,6790,-1.837658,-4.093267,-4.216467,-1.934834,-2.071959,-2.038713,-2.457322,-70.87123,0.3707667,0.3639241,0.4768188,0.3637764,-0.9898093,-0.1097222,0.553293,0.6890638,22,22,22,22,22,22,22,22,22,22,22,22,22,22,22,22
680,6800,-85.48582,-61.29896,-40.24719,-33.49443,-16.53496,-4.322598,-1.788396,-2.008813,-1.362301,-2.337992,-1.426811,-1.892142,-1.907506,-2.628314,-0.5969415,-1.605311E-06,23,23,23,23,23,23,23,23,23,23,23,23,23,23,23,23,680,6800,-2.017474,-1.054401,-1.179756,-1.939232,-9.589745,-15.83531,-2.481425,-1.043067,-1.423948,-1.675071,-1.839937,-2.154963,-2.560178,-2.339141,-1.084094,-2.487013,23,23,23,23,22,22,23,23,23,23,23,23,23,23,23,23,680,6800,-2.2973,-4.732833,-4.599781,-2.192813,-1.424466,-1.274213,-0.9053795,-69.55907,-0.1236435,0.4849004,0.4768188,0.3637764,0.0009663975,-0.7767339,0.3319543,0.5720431,22,22,22,22,22,22,22,22,22,22,22,22,22,22,22,22
681,6810,-84.04307,-61.78259,-41.847,-31.66773,-14.48318,-5.062955,-1.532904,-2.510371,-0.990815,-3.691544,-1.545621,-2.270473,-1.907506,-3.106188,-0.835713,-1.086322,23,23,23,23,23,23,23,23,23,23,23,23,23,23,23,23,681,6810,-0.8069856,-1.318001,-1.703447,-1.809952,-11.03458,-16.0808,-2.481425,-1.564581,-2.200639,-1.288827,-2.234205,-3.097742,-1.792133,-1.893606,-2.16814,-2.713105,23,23,23,23,22,22,23,23,23,23,23,23,23,23,23,23,681,6810,-1.607835,-3.453701,-4.472009,-1.934834,-1.165469,-1.656463,-1.681351,-71.08992,-0.1236949,-0.8458642,1.404647E-05,0.4850545,0.5513955,-0.5543967,-5.297528E-05,0.8060782,22,22,22,22,22,22,22,22,22,22,22,22,22,22,22,22
682,6820,-86.08698,-62.2662,-43.44681,-29.23213,-12.91416,-3.458371,-1.277412,-2.134202,-1.733889,-2.214941,-1.308001,-2.018252,-1.430625,-1.553097,-0.835713,-0.120705,23,23,23,23,23,23,23,23,23,23,23,23,23,23,23,23,682,6820,-1.479479,-0.9226013,-1.572524,-0.9049983,-11.42864,-15.95803,-1.959019,-0.7823067,-2.459538,-1.546272,-2.365628,-2.424328,-2.304163,-2.450524,-2.649939,-2.487013,23,23,23,23,22,22,23,23,23,23,23,23,23,23,23,23,682,6820,-1.952566,-3.965353,-4.855322,-1.289884,-1.94246,-1.401629,-1.293366,-70.21516,-9.23054E-05,0.1209024,0.3576176,0.1212235,0.5513955,-0.6655645,-0.2213901,1.040113,22,22,22,22,22,22,22,22,22,22,22,22,22,22,22,22
683,6830,-83.44191,-61.66167,-44.55437,-31.05883,-13.63832,-2.964319,-1.277412,-2.384981,-1.98158,-1.599691,-1.78319,-1.261589,-1.907506,-1.433628,-1.790799,-1.605311E-06,23,23,23,23,23,23,23,23,23,23,23,23,23,23,23,23,683,6830,-1.210482,-1.318001,-1.179756,-1.551395,-12.34805,-14.97609,-1.436614,-1.303824,-2.071192,-1.803768,-2.759896,-2.289646,-1.792133,-2.227758,-3.131737,-1.921789,23,23,23,23,22,22,23,23,23,23,23,23,23,23,23,23,683,6830,-1.837658,-3.069961,-4.216467,-2.192813,-1.812962,-0.7645456,-0.7760509,-70.65253,-0.1236949,-0.3629256,-3.652083E-05,0.4850545,0.4413097,0.2237844,-0.6640676,0.6890638,22,22,22,22,22,22,22,22,22,22,22,22,22,22,22,22
684,6840,-81.0373,-61.78259,-44.06212,-29.47569,-12.19,-3.087832,-1.916143,-2.384981,-1.98158,-2.830192,-1.78319,-2.396528,-2.145948,-1.911502,-1.313256,-0.3621085,23,23,23,23,23,23,23,23,23,23,23,23,23,23,23,23,684,6840,-0.537988,-1.4498,-1.441602,-1.680673,-11.95405,-14.97609,-1.436614,-1.825342,-1.941743,-1.932516,-2.497052,-2.424324,-1.408113,-2.450524,-2.28859,-2.034832,23,23,23,23,22,22,23,23,23,23,23,23,23,23,23,23,684,6840,-1.722746,-2.942049,-4.344238,-2.450793,-1.94246,-1.656463,-2.069336,-69.66841,-9.23054E-05,0.2418626,-0.7152436,0.8489304,-0.3292943,-0.3320594,-1.217412,0.6890638,22,22,22,22,22,22,22,22,22,22,22,22,22,22,22,22
685,6850,-80.07545,-62.99163,-40.8625,-24.72625,-9.534734,-2.59378,-1.532904,-1.757821,-1.610043,-1.845791,-1.189142,-1.765981,-1.311455,-2.269907,-1.552028,-1.605311E-06,23,23,23,23,23,23,23,23,23,23,23,23,23,23,23,23,685,6850,-0.537988,-0.9226013,-0.7869814,-1.939232,-10.77187,-14.73059,-1.567216,-1.173444,-1.165048,-2.833753,-2.365628,-1.481547,-1.152146,-2.004989,-2.16814,-2.034832,23,23,23,23,22,22,23,23,23,23,23,23,23,23,23,23,685,6850,-2.067477,-3.581614,-3.705384,-1.160895,-1.94246,-1.019379,-0.5173942,-69.55907,0.3707153,-1.088671,-0.1192377,-3.210623E-06,0.3312303,0.112615,0.1106172,0.4550287,22,22,22,22,22,22,22,22,22,22,22,22,22,22,22,22
686,6860,-78.03154,-61.90348,-38.77044,-25.21337,-8.931265,-2.840806,-1.02192,-1.88338,-0.8669693,-1.722741,-0.4762822,-2.144312,-1.311455,-2.628267,-1.552028,-0.120705,23,23,23,23,23,23,23,23,23,23,23,23,23,23,23,23,686,6860,-1.210482,-0.9226013,-1.83437,-2.068511,-11.16593,-14.11688,-2.350823,-0.7823067,-2.071192,-2.705004,-2.102784,-2.154959,-2.560226,-2.116375,-2.047691,-1.582654,23,23,23,23,22,22,23,23,23,23,23,23,23,23,23,23,686,6860,-1.952566,-3.325788,-3.449842,-2.450793,-2.589952,-2.16613,-1.293366,-70.3245,0.1235102,0.3628196,-0.4768413,-0.3638342,0.3312303,0.112668,-0.5533974,0.5720431,22,22,22,22,22,22,22,22,22,22,22,22,22,22,22,22
687,6870,-79.35407,-62.14529,-38.15513,-23.87379,-8.810572,-3.705397,-2.681889,-2.88654,-1.98158,-3.445442,-1.902,-2.144312,-1.669117,-3.106141,-2.149009,-0.8449187,23,23,23,23,23,23,23,23,23,23,23,23,23,23,23,23,687,6870,-2.017474,-0.1318041,-1.048833,-1.551395,-10.64057,-14.2396,-1.828418,-1.303824,-1.941743,-1.932516,-1.314249,-1.885594,-1.792184,-1.782223,-1.324942,-2.034832,23,23,23,23,22,22,23,23,23,23,23,23,23,23,23,23,687,6870,-2.182389,-3.197874,-3.577613,-1.160895,-1.424466,-0.8919623,-2.457322,-70.3245,0.1235102,-5.458059E-05,-0.7152436,-0.4851122,0.3312303,0.112668,0.3320105,-0.2470703,22,22,22,22,22,22,22,22,22,22,22,22,22,22,22,22
688,6880,-78.272,-61.41987,-37.04757,-20.58572,-8.44849,-3.087832,-1.277412,-2.88654,-0.8669693,-1.968841,-1.189142,-2.270423,-0.9537925,-2.030924,-1.193922,-0.3621085,23,23,23,23,23,23,23,23,23,23,23,23,23,23,23,23,688,6880,-1.613978,-1.054401,-1.83437,-1.163556,-10.11516,-14.4851,-1.175412,-1.303824,-2.330089,-1.67502,-1.182826,-2.559006,-1.664176,-2.116375,-1.92719,-2.147884,23,23,23,23,22,22,23,23,23,23,23,23,23,23,23,23,688,6880,-2.067477,-3.709527,-3.577613,-1.289884,-1.683463,-2.930631,-2.58665,-70.1058,-9.23054E-05,0.1209024,0.1191647,-3.210623E-06,-0.9898029,-0.4431759,3.210623E-06,0.4550223,22,22,22,22,22,22,22,22,22,22,22,22,22,22,22,22
689,6890,-75.74718,-61.05715,-33.23263,-17.90655,-7.482954,-3.581884,-1.916143,-1.757821,-2.105425,-2.091891,-1.426761,-1.639871,-1.669117,-2.030924,-2.029623,0.3621053,23,23,23,23,23,23,23,23,23,23,23,23,23,23,23,23,689,6890,-0.4034894,-1.845199,-1.572524,-1.292835,-10.64057,-14.73059,-1.436614,-1.955719,-2.330089,-1.932516,-1.182826,-2.559006,-1.02414,-2.450524,-1.80674,-2.147884,23,23,23,23,22,22,23,23,23,23,23,23,23,23,23,23,689,6890,-2.756994,-3.709527,-3.577613,-1.547864,-1.553965,-0.8919623,-3.879935,-70.43384,0.1235102,0.3628196,-0.2384389,-0.4851122,-0.6595454,-0.3320073,0.8853549,0.9230925,22,22,22,22,22,22,22,22,22,22,22,22,22,22,22,22
690,6900,-77.91132,-61.78257,-34.70938,-22.29065,-7.965728,-2.840806,-2.681889,-2.76115,-2.476963,-2.214941,-2.13962,-1.765981,-2.145999,-2.628267,-2.029623,-0.3621085,23,23,23,23,23,23,23,23,23,23,23,23,23,23,23,23,690,6900,-1.34498,-1.976998,-1.441602,-0.9049983,-11.16593,-14.73059,-1.959019,-3.129134,-1.553396,-1.417524,-2.234205,-1.750911,-1.664176,-3.007442,-2.529438,-2.034838,23,23,23,23,22,22,23,23,23,23,23,23,23,23,23,23,690,6900,-2.297351,-3.581614,-3.577613,-1.418874,-2.330956,-3.058048,-3.49195,-70.87123,-0.6181059,0.4837766,-0.1192377,0.1212716,0.0009728187,-0.2208387,0.1106718,1.040107,22,22,22,22,22,22,22,22,22,22,22,22,22,22,22,22
691,6910,-78.39224,-62.62891,-35.94001,-23.38667,-8.08641,-3.334858,-1.788396,-2.88654,-1.98158,-2.461042,-2.13962,-2.396528,-2.145999,-2.508798,-1.910237,-1.605311E-06,23,23,23,23,23,23,23,23,23,23,23,23,23,23,23,23,691,6910,-1.748476,-1.845199,-0.5251359,-1.034277,-10.90322,-14.4851,-2.089621,-2.477236,-1.682845,-1.288775,-2.102784,-1.481547,-2.048196,-2.116375,-2.408988,-2.26093,23,23,23,23,22,22,23,23,23,23,23,23,23,23,23,23,691,6910,-2.986817,-4.477006,-3.960926,-1.805844,-2.201457,-1.78388,-2.58665,-70.43384,-0.1236949,0.3628196,-0.7152436,-0.4851122,-0.8797171,-0.7766817,-0.1106654,0.6890574,22,22,22,22,22,22,22,22,22,22,22,22,22,22,22,22
692,6920,-81.15755,-62.74982,-38.77044,-28.86679,-9.293346,-3.458371,-2.043888,-2.635761,-1.98158,-3.076292,-1.307951,-2.270423,-1.430676,-2.628267,-1.790851,-0.120705,23,23,23,23,23,23,23,23,23,23,23,23,23,23,23,23,692,6920,-1.075983,-1.054401,0.1294844,-1.292835,-11.16593,-13.87138,-2.089621,-1.303824,-1.941743,-1.288775,-1.708517,-2.154959,-2.176203,-2.116375,-1.686291,-1.808749,23,23,23,23,22,22,23,23,23,23,23,23,23,23,23,23,692,6920,-1.722798,-3.325788,-4.344238,-1.547864,-1.683463,-1.529046,-2.327994,-71.41796,-0.1236949,0.2418626,0.3575667,0.7276555,0.1110587,-0.3320073,0.2213419,0.9230925,22,22,22,22,22,22,22,22,22,22,22,22,22,22,22,22
693,6930,-82.23962,-65.16792,-40.00106,-29.59747,-10.25262,-5.186348,-2.426702,-3.137319,-1.857734,-3.568492,-1.545571,-2.270423,-1.311455,-3.584015,-1.790851,-0.7242153,23,23,23,23,23,23,23,23,23,23,23,23,23,23,23,23,693,6930,-1.479479,-0.7908021,-0.00144478,-0.9049983,-10.24651,-15.46703,-2.350823,-0.6519298,-1.294497,-0.9025313,-1.314249,-1.616229,-2.176203,-1.893606,-1.686291,-1.921792,23,23,23,23,22,22,23,23,23,23,23,23,23,23,23,23,693,6930,-2.067529,-3.709527,-4.344238,-1.289884,-1.942513,-1.78388,-1.681351,-70.21516,-0.1236949,0.4837766,-0.1192377,0.1212716,-0.4393705,-0.5543445,-0.2213355,0.9230925,22,22,22,22,22,22,22,22,22,22,22,22,22,22,22,22
694,6940,-84.76447,-65.53062,-42.70844,-31.9113,-10.85598,-4.692777,-1.788396,-2.635761,-1.362352,-3.322392,-1.426761,-2.396528,-1.073013,-2.508798,-1.193922,-0.3621085,23,23,23,23,23,23,23,23,23,23,23,23,23,23,23,23,694,6940,-0.8069856,-0.6590028,-0.6560587,-0.7757186,-10.24651,-15.95798,-1.436614,-0.7823067,-1.423946,-1.67502,-1.182826,-3.097736,-2.176203,-2.116375,-2.288539,-2.600065,23,23,23,23,22,22,23,23,23,23,23,23,23,23,23,23,694,6940,-1.722798,-2.814136,-3.833154,-2.579783,-1.683515,-2.420964,-2.198665,-70.65253,0.2471128,-0.1210116,0.1191647,-0.3638342,0.4413162,-0.3320073,3.210623E-06,0.5720431,22,22,22,22,22,22,22,22,22,22,22,22,22,22,22,22
695,6950,-86.44769,-66.37696,-45.04662,-38.24388,-15.56221,-4.445991,-2.299109,-2.510371,-1.610043,-1.968841,-1.66438,-1.639871,-1.669117,-1.672518,-1.432694,-1.605311E-06,23,23,23,23,23,23,23,23,23,23,23,23,23,23,23,23,695,6950,-0.537988,-0.3954034,-0.7869814,-0.5171599,-11.16593,-15.95798,-1.567267,-0.9126869,-2.071192,-2.190012,-2.234205,-3.232418,-2.048196,-2.227758,-3.011237,-3.052243,23,23,23,23,22,22,23,23,23,23,23,23,23,23,23,23,695,6950,-2.067529,-3.581614,-3.960926,-2.450793,-2.590004,-2.54838,-1.422642,-70.21516,-0.3709004,0.4837766,0.1191647,0.7276555,-0.109113,-0.4431759,-0.6640114,1.391156,22,22,22,22,22,22,22,22,22,22,22,22,22,22,22,22
696,6960,-89.69392,-67.10239,-49.59993,-40.19237,-18.82036,-5.803312,-4.213009,-2.88654,-3.220036,-2.707142,-2.02081,-2.270423,-2.026779,-2.030924,-1.074536,0.2414035,23,23,23,23,23,23,23,23,23,23,23,23,23,23,23,23,696,6960,-0.6724866,-1.054401,-1.703447,-1.034277,-11.95405,-15.46698,-0.9142601,-1.303824,-2.847885,-1.932516,-3.942703,-3.097736,-2.432219,-3.007442,-3.613485,-2.713108,23,23,23,23,22,22,23,23,23,23,23,23,23,23,23,23,696,6960,-2.642082,-3.325788,-3.322072,-2.966752,-3.625993,-2.293547,-2.974584,-71.30862,-0.2472978,-0.7257998,-0.2384389,0.1212716,0.1110587,0.5573424,-0.9960186,0.8060718,22,22,22,22,22,22,22,22,22,22,22,22,22,22,22,22
697,6970,-88.13092,-67.22329,-48.86155,-38.60922,-18.45835,-6.667061,-3.319855,-3.638877,-2.353117,-2.707142,-1.426761,-1.765981,-1.192234,-1.911456,-0.8357652,-0.120705,23,23,23,23,23,23,23,23,23,23,23,23,23,23,23,23,697,6970,-1.613978,-1.845199,-1.572524,-1.292835,-12.47941,-15.09876,-1.306064,-1.564581,-2.071189,-2.833753,-3.154167,-2.289641,-2.176203,-2.896059,-2.649888,-2.826154,23,23,23,23,22,22,23,23,23,23,23,23,23,23,23,23,697,6970,-2.527171,-2.942049,-3.960926,-2.837762,-4.143987,-2.930631,-3.233242,-70.21516,0.4943693,0.3628196,-0.5960425,0.4851026,0.551402,-0.1096701,-0.2213355,0.1039728,22,22,22,22,22,22,22,22,22,22,22,22,22,22,22,22
698,6980,-89.93438,-68.06963,-49.35381,-37.26963,-17.61363,-7.407418,-3.702635,-3.513488,-2.229271,-2.953192,-1.070332,-2.144312,-1.073013,-2.150393,-0.716379,-1.605311E-06,23,23,23,23,23,23,23,23,23,23,23,23,23,23,23,23,698,6980,-1.075983,-1.581599,-0.7869814,-2.327069,-10.90322,-14.11683,-0.9142601,-1.955719,-1.423945,-2.962501,-2.497052,-2.559006,-1.792184,-3.118824,-2.649888,-2.26093,23,23,23,23,22,22,23,23,23,23,23,23,23,23,23,23,698,6980,-2.642082,-2.814136,-3.1943,-2.063824,-2.849002,-2.16613,-3.233242,-70.43384,0.4943693,-0.3619496,-0.3576401,-0.7276652,0.1110587,0.2238358,-0.2213355,0.2209936,22,22,22,22,22,22,22,22,22,22,22,22,22,22,22,22
699,6990,-88.37138,-68.55325,-47.63093,-38.48744,-18.69968,-7.530811,-2.809482,-3.388098,-2.353117,-3.445392,-1.189139,-3.026913,-1.192234,-3.106141,-1.074536,-0.9656205,23,23,23,23,23,23,23,23,23,23,23,23,23,23,23,23,699,6990,-1.613978,-2.240597,-1.441602,-2.068511,-10.90322,-14.23955,-1.697869,-1.694962,-1.423945,-2.962501,-2.234202,-2.559006,-1.664176,-2.561907,-1.92719,-2.487019,23,23,23,23,22,22,23,23,23,23,23,23,23,23,23,23,699,6990,-2.756994,-3.325788,-2.555445,-2.708772,-3.107999,-3.949965,-3.621227,-70.54319,0.1235616,0.1219651,-0.2383875,-0.3638342,-0.3292847,0.3350052,-0.5533412,0.1039728,22,22,22,22,22,22,22,22,22,22,22,22,22,22,22,22
700,7000,-88.25115,-68.67416,-48.61543,-36.66073,-17.37229,-6.913847,-3.447449,-3.513488,-1.98158,-1.845741,-0.9515194,-1.38765,-0.4769107,-1.911456,-0.5969936,-0.3621085,23,23,23,23,23,23,23,23,23,23,23,23,23,23,23,23,700,7000,-2.689967,-1.186201,-1.703447,-2.068511,-10.37786,-14.11683,-2.220274,-1.434204,-2.847883,-2.705004,-1.70851,-2.424324,-2.688234,-1.559457,-1.80674,-2.034838,23,23,23,23,22,22,23,23,23,23,23,23,23,23,23,23,700,7000,-2.527171,-4.093267,-2.938758,-1.805844,-3.107999,-1.911296,-3.621227,-70.54319,0.6179726,-0.1199938,-0.1191863,-0.7277165,0.3312303,0.001498558,0.442679,0.2209936,22,22,22,22,22,22,22,22,22,22,22,22,22,22,22,22
701,7010,-91.25691,-69.39959,-49.47687,-35.68649,-17.37229,-6.420276,-3.702635,-2.384982,-2.105425,-1.599641,-0.7138996,-1.135429,-2.02673,-1.075175,-1.313308,0.1207002,23,23,23,23,23,23,23,23,23,23,23,23,23,23,23,23,701,7010,-1.748476,-1.186201,-2.48899,-1.292835,-10.24651,-14.85327,-2.089672,-2.086099,-2.588985,-1.417524,-2.234202,-2.559006,-2.816186,-2.561907,-2.649888,-1.808749,23,23,23,23,22,22,23,23,23,23,23,23,23,23,23,23,701,7010,-3.216636,-3.197874,-3.066529,-2.063824,-3.107999,-3.695131,-2.715928,-70.1058,0.2471642,0.1219651,0.119216,-0.6064385,-0.8796657,-0.5543445,-0.3320041,1.040107,22,22,22,22,22,22,22,22,22,22,22,22,22,22,22,22
702,7020,-90.17483,-70.00411,-49.59993,-37.87854,-19.5444,-9.505095,-4.085415,-3.137319,-1.610043,-2.460992,-1.545568,-2.144312,-1.90751,-2.269907,-0.9551506,-0.9656205,23,23,23,23,23,23,23,23,23,23,23,23,23,23,23,23,702,7020,-2.151973,-1.581599,-2.619913,-2.19779,-10.64057,-14.85327,-1.044862,-2.346859,-2.718434,-2.447508,-2.102778,-2.559006,-1.920137,-3.230207,-2.047639,-2.487019,23,23,23,23,22,22,23,23,23,23,23,23,23,23,23,23,702,7020,-3.101725,-4.477006,-3.449842,-2.579783,-2.849002,-2.420964,-3.879884,-70.54319,0.9887803,-0.2409701,-0.4767899,-5.458059E-05,-0.4393191,-0.3320073,0.5533476,0.2209936,22,22,22,22,22,22,22,22,22,22,22,22,22,22,22,22
703,7030,-91.73784,-70.24592,-51.19974,-40.80127,-21.47515,-9.011524,-3.957822,-3.262709,-1.733889,-1.845741,-1.070329,-1.009318,-1.549847,-1.314159,-0.5969422,0.2414035,23,23,23,23,23,23,23,23,23,23,23,23,23,23,23,23,703,7030,-0.6724866,-2.240597,-2.227145,-1.809952,-10.24651,-14.60782,-1.436665,-3.129134,-3.10678,-2.061264,-1.971354,-2.559006,-2.30416,-3.007442,-2.770389,-3.052243,23,23,23,23,22,22,23,23,23,23,23,23,23,23,23,23,703,7030,-2.642082,-3.965353,-4.088696,-2.321803,-2.331008,-3.185464,-2.45727,-70.98058,0.3707667,0.3639241,0.2384168,0.6063261,-0.3292333,-0.3320073,0.1106718,0.4550223,22,22,22,22,22,22,22,22,22,22,22,22,22,22,22,22
704,7040,-92.81991,-70.85045,-52.67649,-40.43592,-20.50977,-9.628489,-4.468195,-3.513488,-2.105425,-2.584042,-0.4762798,-2.144312,-0.9537436,-2.508845,-0.477556,-0.241357,23,23,23,23,23,23,23,23,23,23,23,23,23,23,23,23,704,7040,-1.479479,-2.767796,-2.096222,-1.551395,-11.29728,-13.87133,-1.436665,-3.129134,-2.071189,-1.803768,-2.628469,-2.289641,-2.688182,-3.34159,-3.131738,-2.487019,23,23,23,23,22,22,23,23,23,23,23,23,23,23,23,23,704,7040,-2.871905,-4.477006,-3.960926,-2.450793,-2.072011,-2.675797,-1.551971,-70.21516,-0.370849,0.7268593,0.119216,-0.3638856,-0.3292333,-0.6655131,-0.4426726,0.8060718,22,22,22,22,22,22,22,22,22,22,22,22,22,22,22,22
705,7050,-93.78173,-72.0595,-53.16874,-41.89729,-22.31985,-10.86242,-5.488943,-4.641993,-3.343882,-3.445392,-1.901998,-2.270423,-1.311406,-1.792033,-0.3581707,-1.327679,23,23,23,23,23,23,23,23,23,23,23,23,23,23,23,23,705,7050,-2.824518,-2.372397,-1.703447,-2.19779,-11.03458,-14.60782,-2.220274,-2.607616,-2.071189,-2.190012,-3.285584,-2.424324,-3.328217,-3.118824,-2.890839,-2.487019,23,23,23,23,22,22,23,23,23,23,23,23,23,23,23,23,705,7050,-2.067529,-3.453701,-4.088696,-2.579783,-2.719503,-2.16613,-4.138541,-71.52731,-0.1236435,0.2429446,0.2384168,0.9701571,0.6615392,-0.7766817,0.2213419,0.8060718,22,22,22,22,22,22,22,22,22,22,22,22,22,22,22,22
706,7060,-90.65574,-69.8832,-52.06118,-40.19237,-21.11313,-10.12206,-5.488943,-3.889657,-2.105425,-2.337942,-1.189139,-1.38765,-0.7153026,-1.19469,-0.9550992,4.655403E-05,23,23,23,23,23,23,23,23,23,23,23,23,23,23,23,23,706,7060,-3.093516,-2.240597,-1.83437,-2.19779,-10.24651,-14.97604,-2.612077,-1.955719,-2.071189,-2.061264,-2.234202,-2.559006,-3.200209,-2.339141,-2.40904,-3.165289,23,23,23,23,22,22,23,23,23,23,23,23,23,23,23,23,706,7060,-2.756994,-4.221181,-3.577613,-2.579783,-2.719503,-2.675797,-1.939956,-69.88711,-0.2472464,0.0009856612,0.4768192,0.2424983,-0.3292333,-1.110188,-0.2213355,1.625192,22,22,22,22,22,22,22,22,22,22,22,22,22,22,22,22
707,7070,-89.21297,-69.03687,-50.83055,-36.53896,-20.3891,-9.134917,-5.616536,-4.265825,-3.343882,-1.845741,-1.426758,-1.765981,-1.311406,-1.672566,-1.552028,0.2414517,23,23,23,23,23,23,23,23,23,23,23,23,23,23,23,23,707,7070,-2.69002,-2.372397,-1.703447,-2.973466,-9.721098,-15.71248,-2.220274,-3.389891,-2.588985,-2.833753,-2.497046,-2.693688,-3.072201,-2.116375,-2.40904,-3.052243,23,23,23,23,22,22,23,23,23,23,23,23,23,23,23,23,707,7070,-2.067529,-3.069963,-3.449843,-2.837762,-2.9785,-2.420964,-2.198614,-70.65253,-0.1236435,-0.6039085,0.357618,-5.458059E-05,0.3312817,-0.3320073,-0.2213355,0.8060718,22,22,22,22,22,22,22,22,22,22,22,22,22,22,22,22
708,7080,-89.57366,-69.76231,-49.84605,-35.32114,-17.85498,-9.258309,-6.126909,-4.767383,-3.343882,-2.707092,-1.426758,-2.018202,-0.8345235,-1.792033,-0.7163277,-0.7241672,23,23,23,23,23,23,23,23,23,23,23,23,23,23,23,23,708,7080,-2.421022,-2.108798,-1.310679,-2.456349,-10.64057,-16.08075,-1.567267,-1.955719,-2.200638,-2.447508,-1.70851,-3.232418,-2.688182,-2.896059,-3.011288,-3.391377,23,23,23,23,22,22,23,23,23,23,23,23,23,23,23,23,708,7080,-2.527171,-4.349094,-4.344239,-3.611754,-2.331008,-2.293547,-2.198614,-70.1058,0.1235616,0.2429446,-0.2383875,0.4850512,0.3312817,-0.1096701,-0.1106654,1.040107,22,22,22,22,22,22,22,22,22,22,22,22,22,22,22,22
709,7090,-89.45343,-68.55325,-47.754,-31.78951,-16.17287,-7.90099,-5.744129,-4.641993,-2.476963,-2.460992,-0.5950897,-0.8832074,-1.072964,-1.075223,-0.8357139,0.1207499,23,23,23,23,23,23,23,23,23,23,23,23,23,23,23,23,709,7090,-1.883027,-2.240597,-2.096222,-1.809952,-11.29728,-15.71248,-1.828469,-2.086099,-3.883473,-1.932516,-3.285584,-3.501786,-2.432167,-2.67329,-2.649939,-3.165289,23,23,23,23,22,22,23,23,23,23,23,23,23,23,23,23,709,7090,-1.952617,-3.837441,-3.322072,-2.708825,-2.590003,-2.16613,-1.293314,-70.43384,-0.2472464,-0.724888,1.484913E-05,0.2424983,-0.1090616,0.001498558,-0.5533412,1.040107,22,22,22,22,22,22,22,22,22,22,22,22,22,22,22,22
710,7100,-90.8962,-69.6414,-46.52337,-30.57171,-13.75901,-8.271168,-4.850976,-4.892772,-3.09619,-3.076242,-0.7138996,-1.639871,-0.9537436,-2.986719,-1.193871,-0.7241672,23,23,23,23,23,23,23,23,23,23,23,23,23,23,23,23,710,7100,-1.883027,-1.581599,-2.619913,-1.680673,-10.90322,-15.22159,-1.436665,-1.564581,-2.200638,-2.705004,-2.497046,-3.501786,-1.536118,-2.67329,-3.011288,-3.052243,23,23,23,23,22,22,23,23,23,23,23,23,23,23,23,23,710,7100,-2.067529,-3.709529,-3.322072,-2.966805,-2.719502,-3.185465,-1.293314,-69.55907,0.1235616,0.1219651,-0.4767899,-5.458059E-05,0.771625,0.112668,-0.1106654,0.1039728,22,22,22,22,22,22,22,22,22,22,22,22,22,22,22,22
711,7110,-92.33897,-70.24592,-48.49237,-33.85978,-16.41426,-8.888132,-5.361348,-4.767383,-3.343882,-3.076242,-1.545568,-1.51376,-0.8345235,-2.86725,-0.8357139,-0.3620603,23,23,23,23,23,23,23,23,23,23,23,23,23,23,23,23,711,7110,-1.345033,-1.976998,-1.83437,-2.19779,-11.55999,-14.97609,-1.697814,-2.216479,-2.588985,-2.833753,-3.679849,-3.232418,-2.560175,-2.784672,-2.52949,-1.921792,23,23,23,23,22,22,23,23,23,23,23,23,23,23,23,23,711,7110,-2.527171,-3.965354,-2.810988,-2.450846,-2.590003,-3.058048,-1.939955,-70.65253,-0.1236435,-1.087823,-0.2383875,0.1212203,0.2211958,-0.2208387,-0.1106654,0.3380079,22,22,22,22,22,22,22,22,22,22,22,22,22,22,22,22
712,7120,-92.33897,-70.72955,-50.83055,-37.39141,-16.77634,-7.160633,-4.723382,-3.889657,-2.229271,-1.599641,-0.7138996,-1.009318,0.2384626,-1.075223,-0.477556,-0.6034638,23,23,23,23,23,23,23,23,23,23,23,23,23,23,23,23,712,7120,-2.152025,-2.504197,-2.619913,-2.973466,-10.90322,-14.60787,-0.7836055,-2.737993,-1.941741,-3.477493,-2.75989,-2.424324,-2.048145,-2.339141,-2.047691,-2.713108,23,23,23,23,22,22,23,23,23,23,23,23,23,23,23,23,712,7120,-2.527171,-3.581615,-3.577614,-2.579835,-3.237496,-3.312881,-2.198612,-70.3245,-0.2472464,0.2429446,-0.5959911,-0.6064385,0.4413675,0.001498558,-0.3320041,-0.01304155,22,22,22,22,22,22,22,22,22,22,22,22,22,22,22,22
713,7130,-90.29504,-69.6414,-49.10768,-33.37266,-18.10397,-8.271168,-6.126908,-4.641994,-2.724602,-1.845741,-1.070329,-1.009318,-0.4768609,-0.5973492,-0.5969422,-0.241357,23,23,23,23,23,23,23,23,23,23,23,23,23,23,23,23,713,7130,-2.286524,-2.108798,-1.703447,-3.490583,-10.37786,-14.36237,-2.220219,-1.955719,-2.588985,-3.863737,-2.497046,-2.289641,-2.560175,-2.004989,-2.047691,-2.373973,23,23,23,23,22,22,23,23,23,23,23,23,23,23,23,23,713,7130,-2.871905,-3.965354,-3.322072,-2.063876,-2.201508,-2.803214,-2.974583,-69.55907,0.3707153,-0.6039085,-0.8343935,-1.091544,0.2211958,-0.2208387,0.2213419,-0.01304155,22,22,22,22,22,22,22,22,22,22,22,22,22,22,22,22
714,7140,-89.93436,-68.91597,-50.95361,-36.66073,-18.22466,-9.134917,-7.020062,-4.391214,-3.591522,-3.19929,-1.664378,-1.261539,-0.8345235,-1.553097,-1.284249E-05,4.655403E-05,23,23,23,23,23,23,23,23,23,23,23,23,23,23,23,23,714,7140,-2.152025,-1.845199,-2.096222,-2.844186,-10.24651,-13.74866,-2.220219,-1.694958,-2.847883,-3.606293,-2.365622,-2.020276,-2.432167,-2.227758,-1.686342,-1.808749,23,23,23,23,22,22,23,23,23,23,23,23,23,23,23,23,714,7140,-2.642082,-3.581615,-2.938759,-1.934886,-3.107997,-2.675797,-3.621226,-70.3245,0.1235102,0.3639241,1.484913E-05,0.2424983,-0.3292333,-0.1096701,-0.3320041,1.040107,22,22,22,22,22,22,22,22,22,22,22,22,22,22,22,22
715,7150,-91.01643,-69.39959,-52.79955,-38.85277,-19.91438,-9.134917,-7.020062,-5.143552,-3.715368,-3.19929,-0.1199031,-1.38765,-0.7153026,-0.8362854,-1.284249E-05,-0.3620603,23,23,23,23,23,23,23,23,23,23,23,23,23,23,23,23,715,7150,-2.421022,-1.581599,-3.012688,-2.327069,-10.24651,-14.36237,-1.959018,-1.825338,-2.588985,-2.318812,-2.365622,-2.289641,-2.30416,-1.559457,-1.565893,-1.695703,23,23,23,23,22,22,23,23,23,23,23,23,23,23,23,23,715,7150,-2.871905,-4.604921,-3.577614,-2.063876,-1.424516,-1.78388,-2.715926,-70.21516,0.3707153,0.3639241,0.357618,-5.458059E-05,-0.4393191,0.2238358,0.2213419,0.5720431,22,22,22,22,22,22,22,22,22,22,22,22,22,22,22,22
716,7160,-90.41528,-70.24592,-53.2918,-41.89728,-20.03507,-10.36885,-8.040809,-6.397447,-4.086905,-4.55284,-0.001093217,-2.522605,-0.23842,-1.553097,-1.074485,0.1207499,23,23,23,23,23,23,23,23,23,23,23,23,23,23,23,23,716,7160,-1.210534,-1.845199,-2.881759,-2.068511,-10.50922,-15.09881,-1.436612,-2.477233,-2.718434,-2.190064,-1.971354,-2.020278,-1.40811,-2.450524,-1.927242,-1.921792,23,23,23,23,22,22,23,23,23,23,23,23,23,23,23,23,716,7160,-2.18244,-3.581615,-3.322072,-1.934886,-1.554015,-2.16613,-3.362569,-70.65253,0.1235102,0.0009856612,-0.2383875,-0.4851604,-1.099837,-0.2208387,0.6640178,1.508171,22,22,22,22,22,22,22,22,22,22,22,22,22,22,22,22
717,7170,-91.97827,-69.8832,-54.03017,-41.41016,-22.20754,-11.97295,-8.551182,-6.522838,-4.829978,-4.675891,-1.545621,-2.774759,-1.430676,-2.986719,-1.313257,-1.327679,23,23,23,23,23,23,23,23,23,23,23,23,23,23,23,23,717,7170,-2.286524,-2.635996,-2.619913,-1.809952,-11.03458,-14.85332,-1.697814,-2.86837,-2.588985,-2.061316,-1.445666,-2.963056,-1.536118,-2.450524,-2.28859,-2.600065,23,23,23,23,22,22,23,23,23,23,23,23,23,23,23,23,717,7170,-2.642082,-4.221181,-3.577614,-2.321856,-1.554015,-1.019379,-2.845255,-70.43384,0.1235102,0.3639241,-0.1191863,-0.3638823,-0.5494114,0.446173,-0.5533412,0.9230925,22,22,22,22,22,22,22,22,22,22,22,22,22,22,22,22
718,7180,-89.09274,-69.27868,-51.69199,-36.05183,-20.51783,-11.35599,-7.275249,-5.64511,-3.219985,-4.675891,-1.070382,-2.018253,-0.9537925,-2.389379,-0.5969422,-0.844869,23,23,23,23,23,23,23,23,23,23,23,23,23,23,23,23,718,7180,-1.883027,-2.108798,-1.965299,-1.680673,-10.37786,-14.97609,-1.567212,-3.129131,-1.812292,-1.675071,-0.919975,-1.750913,-1.152095,-2.784624,-1.806792,-2.034838,23,23,23,23,22,22,23,23,23,23,23,23,23,23,23,23,718,7180,-1.607886,-3.581615,-4.216467,-2.192866,-1.554015,-1.911296,-2.327941,-70.54319,-0.4945029,-0.2409701,-0.1191863,0.4850545,0.1111068,-0.4432273,0.6640178,1.157121,22,22,22,22,22,22,22,22,22,22,22,22,22,22,22,22
719,7190,-87.89043,-68.43235,-50.46137,-35.19936,-17.98328,-9.134917,-6.509688,-5.018162,-3.591522,-3.56844,-1.426811,-2.396528,-1.788338,-2.030972,-2.029571,0.1207499,23,23,23,23,23,23,23,23,23,23,23,23,23,23,23,23,719,7190,-2.017526,-2.372397,-2.096222,-1.034277,-11.03458,-13.87138,-1.697814,-2.607613,-1.941741,-1.417575,-2.102778,-1.750913,-1.920137,-2.896011,-1.927242,-1.921792,23,23,23,23,22,22,23,23,23,23,23,23,23,23,23,23,719,7190,-2.067529,-3.837441,-3.705384,-1.418927,-2.072009,-1.911296,-0.9053274,-69.23103,-0.1236949,1.089795,0.8344228,-0.1213294,-0.1090649,-0.8879025,-0.1107215,1.040107,22,22,22,22,22,22,22,22,22,22,22,22,22,22,22,22
720,7200,-87.64997,-67.94872,-48.24624,-29.71924,-15.44871,-8.147776,-6.509688,-5.018162,-4.334596,-3.19929,-2.13967,-2.648682,-2.384441,-2.628315,-1.19387,-0.2414083,23,23,23,23,23,23,23,23,23,23,23,23,23,23,23,23,720,7200,-2.824518,-1.976998,-1.441602,-2.068511,-11.03458,-14.36237,-2.742625,-2.477233,-2.459536,-1.675071,-2.365622,-1.750913,-1.792133,-1.782175,-1.565893,-2.147833,23,23,23,23,22,22,23,23,23,23,23,23,23,23,23,23,720,7200,-2.412263,-2.814136,-3.833155,-2.192866,-1.683513,-2.038713,-2.974583,-70.65253,-0.1236949,0.2429446,0.119216,0.3637764,0.2211926,-0.22089,-5.297528E-05,0.3380079,22,22,22,22,22,22,22,22,22,22,22,22,22,22,22,22
721,7210,-85.60606,-66.73968,-44.43131,-29.59747,-12.67276,-6.913847,-4.723382,-3.889657,-2.476911,-2.584039,-1.664431,-1.513811,-2.145999,-1.911505,-0.835713,0.7242106,23,23,23,23,23,23,23,23,23,23,23,23,23,23,23,23,721,7210,-3.362513,-2.372397,-1.703447,-2.327069,-9.983804,-14.73059,-2.742625,-1.955719,-2.330087,-1.803819,-2.497046,-2.424327,-2.688182,-2.339093,-1.806792,-2.713057,23,23,23,23,22,22,23,23,23,23,23,23,23,23,23,23,721,7210,-2.067532,-3.965354,-3.960926,-2.837815,-2.331006,-2.293547,-1.810627,-70.3245,0.1235102,0.2429446,0.357618,0.3637764,0.1111068,-0.3320594,-0.6640676,1.040113,22,22,22,22,22,22,22,22,22,22,22,22,22,22,22,22
722,7220,-85.12514,-66.98149,-46.03112,-30.44993,-11.82791,-6.420276,-3.957822,-3.638877,-2.105374,-4.060641,-1.070382,-2.522605,-1.788338,-3.106189,-1.432642,0.8449123,23,23,23,23,23,23,23,23,23,23,23,23,23,23,23,23,722,7220,-2.959017,-2.372397,-1.572524,-2.327069,-10.24651,-15.34431,-3.003828,-1.955719,-2.071189,-1.803819,-1.971354,-2.289644,-2.560175,-2.450476,-1.927242,-2.713057,23,23,23,23,22,22,23,23,23,23,23,23,23,23,23,23,722,7220,-2.067532,-4.093266,-3.705384,-2.450846,-3.366994,-2.038713,-2.586598,-70.1058,-0.4945029,-0.724888,0.2384168,-0.7277133,0.001020978,0.6684589,-0.6640676,0.5720431,22,22,22,22,22,22,22,22,22,22,22,22,22,22,22,22
723,7230,-84.1633,-67.2233,-44.8005,-28.745,-11.46583,-6.173491,-3.064668,-3.388099,-2.105374,-3.44539,-1.664431,-2.144363,-1.192234,-2.508848,-1.671414,-1.207027,23,23,23,23,23,23,23,23,23,23,23,23,23,23,23,23,723,7230,-2.555521,-2.108798,-2.48899,-2.19779,-10.50922,-15.34431,-2.089619,-2.216476,-2.330087,-2.318812,-2.497046,-2.828374,-2.30416,-2.116324,-2.168141,-2.826102,23,23,23,23,22,22,23,23,23,23,23,23,23,23,23,23,723,7230,-1.722801,-3.325787,-3.577612,-3.740744,-3.496493,-2.293547,-2.586598,-70.1058,0.6179212,0.1219651,-0.8343935,-0.1213294,-0.4393256,-0.7767339,-0.7747361,0.9230925,22,22,22,22,22,22,22,22,22,22,22,22,22,22,22,22
724,7240,-82.96099,-65.16792,-42.46231,-25.21337,-10.74166,-5.309741,-2.426702,-2.134203,-1.981529,-2.337939,-0.9515716,-1.892142,-1.073013,-2.26991,-0.7163268,-0.8449203,23,23,23,23,23,23,23,23,23,23,23,23,23,23,23,23,724,7240,-2.152025,-2.372397,-2.358068,-1.551342,-10.24651,-16.0808,-2.350821,-1.955719,-2.718434,-1.675071,-2.497046,-3.636468,-2.30416,-2.004941,-3.131738,-3.165237,23,23,23,23,22,22,23,23,23,23,23,23,23,23,23,23,724,7240,-2.297355,-3.965353,-4.088696,-2.321854,-3.107997,-2.038713,-2.198612,-69.99646,-9.23054E-05,-0.3619496,-0.4767899,-5.136996E-05,0.4413643,-0.22089,0.1106172,0.5720431,22,22,22,22,22,22,22,22,22,22,22,22,22,22,22,22
725,7250,-81.63847,-62.87073,-40.49331,-22.16886,-8.931265,-4.322598,-2.171515,-2.134203,-2.22922,-2.46099,-2.020861,-1.766032,-1.907558,-1.553099,-1.790799,0.2414003,23,23,23,23,23,23,23,23,23,23,23,23,23,23,23,23,725,7250,-2.017526,-2.504197,-2.48899,-2.327018,-11.82264,-14.85332,-2.220219,-2.086096,-2.718434,-2.190064,-3.679849,-2.154962,-2.176152,-2.22771,-2.28859,-2.826102,23,23,23,23,22,22,23,23,23,23,23,23,23,23,23,23,725,7250,-2.412266,-3.069961,-3.322071,-2.450844,-2.9785,-3.058048,-1.939955,-70.3245,-9.23054E-05,0.2429446,-0.4767899,-0.8489882,-0.1090649,0.001447188,-0.7747361,0.8060782,22,22,22,22,22,22,22,22,22,22,22,22,22,22,22,22
726,7260,-80.43616,-62.99163,-40.12413,-18.88079,-8.44849,-3.82891,-2.681889,-2.384982,-2.476911,-2.337939,-2.020861,-1.892142,-2.145999,-1.792036,-2.148957,0.8449123,23,23,23,23,23,23,23,23,23,23,23,23,23,23,23,23,726,7260,-2.152025,-2.372397,-1.965299,-2.068459,-11.55994,-14.85332,-1.567212,-1.694958,-2.459536,-2.318812,-3.022737,-1.750913,-1.920137,-1.782175,-1.927242,-2.260879,23,23,23,23,22,22,23,23,23,23,23,23,23,23,23,23,726,7260,-2.412266,-3.709527,-3.705383,-2.450844,-2.460506,-2.420964,-2.069284,-69.77776,-0.6181059,-0.9668437,-0.8343935,-0.2426075,-0.3292365,0.001447188,-0.1107215,0.2209936,22,22,22,22,22,22,22,22,22,22,22,22,22,22,22,22
727,7270,-79.59454,-61.90348,-37.66288,-19.48969,-8.569184,-3.705397,-1.788448,-2.88654,-1.981529,-2.337939,-1.426811,-2.018253,-1.549896,-2.030972,-1.313256,-0.2414083,23,23,23,23,23,23,23,23,23,23,23,23,23,23,23,23,727,7270,-2.152025,-2.504197,-1.703447,-2.714855,-10.90317,-14.73059,-1.959018,-1.955719,-2.200638,-2.962552,-2.628469,-1.885596,-1.40811,-2.004941,-2.40904,-2.034787,23,23,23,23,22,22,23,23,23,23,23,23,23,23,23,23,727,7270,-2.98682,-3.197874,-2.810987,-1.676905,-2.719503,-2.293547,-1.681351,-69.99646,0.4943179,0.9688182,-0.7151923,-0.7277133,-0.2191507,-0.1097222,-0.7747361,0.6890638,22,22,22,22,22,22,22,22,22,22,22,22,22,22,22,22
728,7280,-80.79685,-61.29896,-35.20163,-17.54121,-7.965728,-4.075813,-1.916194,-2.88654,-1.733837,-3.19929,-2.25848,-2.144363,-1.907558,-2.628315,-1.910185,-4.815934E-06,23,23,23,23,23,23,23,23,23,23,23,23,23,23,23,23,728,7280,-1.883027,-1.581599,-1.572524,-3.361252,-11.16588,-14.2396,-2.089619,-2.86837,-2.200638,-3.992537,-2.365622,-1.750913,-2.048145,-2.450476,-2.28859,-1.695652,23,23,23,23,22,22,23,23,23,23,23,23,23,23,23,23,728,7280,-2.297355,-3.453701,-3.577612,-1.934885,-2.201509,-2.293547,-2.069336,-69.66841,0.2471128,-0.1199938,-1.191997,-0.7277133,0.3312785,0.3349522,-5.297528E-05,-0.1300559,22,22,22,22,22,22,22,22,22,22,22,22,22,22,22,22
729,7290,-79.59454,-61.41987,-33.72488,-17.54121,-6.39671,-4.075813,-1.021972,-2.76115,-1.11466,-3.56844,-1.308001,-2.774759,-1.073013,-3.464596,-2.148957,-0.8449203,23,23,23,23,23,23,23,23,23,23,23,23,23,23,23,23,729,7290,-2.555521,-2.372397,-2.096222,-2.973413,-10.50916,-14.60787,-1.828416,-2.216476,-2.847885,-3.220048,-2.234202,-2.828374,-2.30416,-2.22771,-1.806792,-2.034787,23,23,23,23,22,22,23,23,23,23,23,23,23,23,23,23,729,7290,-2.527177,-4.221179,-3.322071,-2.321854,-2.9785,-3.058048,-3.362622,-70.76189,0.4943179,0.2429446,0.357618,-0.2426075,-0.2191507,-0.22089,-0.5533974,1.508177,22,22,22,22,22,22,22,22,22,22,22,22,22,22,22,22
730,7300,-81.99915,-60.08991,-34.46326,-16.81053,-6.39671,-3.705397,-2.171515,-3.011929,-2.724653,-3.44539,-2.25848,-2.774759,-1.907558,-3.106189,-0.835713,-1.086325,23,23,23,23,23,23,23,23,23,23,23,23,23,23,23,23,730,7300,-2.152025,-1.4498,-3.14361,-3.231972,-10.11511,-14.73059,-2.350821,-1.564578,-2.977334,-2.061264,-1.314243,-2.154962,-1.664125,-1.336642,-1.806792,-2.034787,23,23,23,23,22,22,23,23,23,23,23,23,23,23,23,23,730,7300,-2.98682,-4.221179,-3.960924,-1.418925,-1.813014,-1.401629,-2.069336,-69.88711,0.2471128,1.330479,-0.3575887,-0.8489882,0.001020978,-0.8879025,-0.3320602,0.8060782,22,22,22,22,22,22,22,22,22,22,22,22,22,22,22,22
731,7310,-83.32169,-60.33172,-32.12507,-15.59272,-5.913935,-3.087832,-1.277464,-1.632261,-1.238506,-1.968789,-0.9515218,-2.270474,-0.9537925,-1.553099,-1.910185,0.1206985,23,23,23,23,23,23,23,23,23,23,23,23,23,23,23,23,731,7310,-2.152025,-2.504197,-3.012688,-2.327018,-10.50916,-14.60787,-2.089619,-2.216476,-2.330089,-1.546272,-0.7885514,-2.289644,-1.152095,-1.893558,-1.084094,-2.147833,23,23,23,23,22,22,23,23,23,23,23,23,23,23,23,23,731,7310,-1.952624,-3.965353,-3.705383,-1.031956,-1.036023,-1.911296,-1.940008,-70.43384,0.1235102,0.6047336,-0.2383871,0.3637764,-0.6594972,-0.9990711,0.6639616,0.9230925,22,22,22,22,22,22,22,22,22,22,22,22,22,22,22,22
732,7320,-84.52399,-60.57353,-32.98651,-16.20163,-6.638097,-2.964319,-1.916194,-2.384981,-2.105425,-1.599639,-2.49605,-1.892142,-2.861323,-2.508848,-2.507114,0.8449123,23,23,23,23,23,23,23,23,23,23,23,23,23,23,23,23,732,7320,-1.748529,-2.504197,-2.881759,-1.809901,-10.37781,-14.60787,-1.697814,-2.346856,-1.941743,-1.288775,-1.182819,-1.885596,-1.536118,-2.116324,-1.324993,-2.260879,23,23,23,23,22,22,23,23,23,23,23,23,23,23,23,23,732,7320,-2.297355,-3.83744,-4.472009,-1.676905,-1.813014,-1.274213,-1.810679,-70.1058,-0.865311,0.7256906,0.47682,-1.334049,-0.769583,-0.5543967,-0.2213901,0.2209936,22,22,22,22,22,22,22,22,22,22,22,22,22,22,22,22
733,7330,-80.91708,-59.48538,-31.14057,-13.64424,-6.034629,-3.087832,-2.426702,-2.259592,-1.98158,-1.845739,-1.66438,-2.396528,-2.026779,-2.986722,-1.313256,-0.4828134,23,23,23,23,23,23,23,23,23,23,23,23,23,23,23,23,733,7330,-1.61403,-2.240597,-2.096222,-1.93918,-10.24646,-14.36237,-1.959018,-2.346856,-1.423946,-1.160027,-1.314243,-2.289644,-0.8960848,-1.893558,-1.565893,-1.808698,23,23,23,23,22,22,23,23,23,23,23,23,23,23,23,23,733,7330,-1.148247,-2.942048,-3.833154,-1.547915,-1.036023,-1.656463,-1.552022,-69.99646,-9.23054E-05,0.7256906,1.525046E-05,0.9702085,0.8816594,-0.1097222,0.2212857,1.157128,22,22,22,22,22,22,22,22,22,22,22,22,22,22,22,22
734,7340,-79.11362,-59.00176,-29.78689,-14.00958,-4.948385,-2.099728,-1.021972,-1.757821,-1.486197,-1.968789,-1.545571,-1.261589,-1.311455,-2.150445,-1.790799,-4.815934E-06,23,23,23,23,23,23,23,23,23,23,23,23,23,23,23,23,734,7340,-2.152025,-2.899595,-1.703447,-1.809901,-10.90317,-14.97609,-2.612023,-1.955719,-2.071192,-1.288775,-1.971354,-1.077501,-2.304163,-2.227707,-1.686342,-1.921741,23,23,23,23,22,22,23,23,23,23,23,23,23,23,23,23,734,7340,-2.182443,-4.604918,-4.344237,-2.192864,-1.683515,-1.656463,-2.327994,-69.55907,-0.3709004,0.3628196,0.715222,0.1212716,0.0009728187,-1.554913,0.1106172,0.6890638,22,22,22,22,22,22,22,22,22,22,22,22,22,22,22,22
735,7350,-75.62694,-58.75996,-30.64832,-18.63723,-6.879485,-3.087832,-0.7664797,-2.510371,-0.990815,-2.953189,-1.78319,-2.396528,-1.430676,-3.106192,-1.910185,-0.4828134,23,23,23,23,23,23,23,23,23,23,23,23,23,23,23,23,735,7350,-3.093516,-1.581599,-1.310679,-2.068459,-10.50916,-14.4851,-2.350821,-1.955719,-2.071192,-1.160027,-2.102778,-1.346866,-2.304163,-1.336638,-1.204544,-0.6782473,23,23,23,23,22,22,23,23,23,23,23,23,23,23,23,23,735,7350,-1.60789,-3.325787,-4.344237,-2.708823,-1.554017,-0.8919623,-1.293366,-69.34038,-0.6181059,-0.3629256,-0.4767895,-3.210623E-06,0.551402,0.2237852,-0.3320041,1.157128,22,22,22,22,22,22,22,22,22,22,22,22,22,22,22,22
736,7360,-74.18417,-57.67181,-28.80239,-15.83628,-6.638097,-3.211345,-1.788448,-3.011929,-2.476963,-2.584039,-1.78319,-1.3877,-1.907558,-2.986723,-1.313256,-0.7241592,23,23,23,23,23,23,23,23,23,23,23,23,23,23,23,23,736,7360,-2.959017,-1.845199,-1.703447,-1.93918,-10.77182,-15.83531,-3.003828,-2.086096,-1.553396,-1.546272,-1.445666,-1.481548,-1.92014,-1.670789,-1.445443,-2.260879,23,23,23,23,22,22,23,23,23,23,23,23,23,23,23,23,736,7360,-1.722801,-2.942048,-3.833154,-2.063875,-2.072011,-1.529046,-1.810679,-69.12168,-0.3709004,0.1209024,-0.1191859,0.1212716,0.2211445,-0.5543951,-0.6640114,0.9231439,22,22,22,22,22,22,22,22,22,22,22,22,22,22,22,22
737,7370,-72.50095,-56.10004,-25.4797,-12.91356,-5.551854,-2.59378,-0.5109876,-1.506702,-0.8669693,-2.09184,-1.307951,-1.639921,-1.192234,-2.389381,-0.9550989,5.458059E-05,23,23,23,23,23,23,23,23,23,23,23,23,23,23,23,23,737,7370,-2.421022,-1.976998,-0.6560587,-2.068459,-10.11511,-15.34431,-2.742625,-1.955719,-1.553396,-1.803768,-1.839934,-2.154962,-2.43217,-1.670789,-1.324993,-1.808698,23,23,23,23,22,22,23,23,23,23,23,23,23,23,23,23,737,7370,-0.8035065,-3.069961,-3.066528,-1.289935,-1.942513,-2.16613,-0.7760509,-69.66841,0.1235102,-0.7257998,1.525046E-05,0.3638245,0.1110587,0.1126166,-0.7746799,0.6891088,22,22,22,22,22,22,22,22,22,22,22,22,22,22,22,22
738,7380,-70.09634,-55.37462,-23.38764,-10.23439,-6.034629,-2.223241,-1.916194,-2.88654,-2.105425,-1.968789,-1.902,-2.018253,-1.549896,-1.553102,-1.790799,0.2414597,23,23,23,23,23,23,23,23,23,23,23,23,23,23,23,23,738,7380,-2.824518,-1.581599,-1.83437,-1.93918,-10.50916,-15.58981,-1.959018,-1.434201,-1.812294,-1.803768,-1.577087,-2.559009,-1.408113,-1.225255,-1.806792,-2.826102,23,23,23,23,22,22,23,23,23,23,23,23,23,23,23,23,738,7380,-1.033329,-3.581615,-3.449841,-2.450844,-2.331008,-2.420964,-1.552022,-69.66841,-0.1236949,-0.2419686,-0.5959907,0.7276555,0.551402,0.001447991,-0.5533412,0.4550737,22,22,22,22,22,22,22,22,22,22,22,22,22,22,22,22
739,7390,-69.85587,-55.73733,-22.40314,-9.138365,-4.948385,-1.976215,-1.916194,-2.259592,-1.98158,-1.722689,-1.66438,-2.018253,-1.907558,-2.030976,-0.9550989,0.1207563,23,23,23,23,23,23,23,23,23,23,23,23,23,23,23,23,739,7390,-1.345033,-1.318001,-1.703447,-1.551342,-10.90317,-15.22159,-1.697814,-1.043064,-1.812294,-1.67502,-2.234202,-3.097739,-1.664128,-1.448021,-2.28859,-2.600014,23,23,23,23,22,22,23,23,23,23,23,23,23,23,23,23,739,7390,-1.492972,-2.942049,-3.833155,-2.192864,-1.813014,-1.401629,-1.034708,-69.23103,0.1235102,-0.2419686,-0.3575883,1.091486,0.4413162,1.001966,0.7746863,0.6891088,22,22,22,22,22,22,22,22,22,22,22,22,22,22,22,22
740,7400,-67.33103,-54.04465,-20.31108,-7.677002,-3.982835,-1.852701,-1.277464,-2.510371,-1.362352,-1.968789,-2.02081,-1.3877,-1.788338,-2.50885,-1.790799,-0.1206472,23,23,23,23,23,23,23,23,23,23,23,23,23,23,23,23,740,7400,-1.748529,-1.4498,-2.48899,-1.680621,-12.0853,-14.73059,-1.828416,-1.434201,-2.588987,-1.67502,-3.285584,-2.020278,-1.92014,-2.227707,-2.770389,-2.939148,23,23,23,23,22,22,23,23,23,23,23,23,23,23,23,23,740,7400,-2.067525,-2.686223,-3.833155,-2.579835,-2.849002,-3.058048,-2.327994,-69.66841,0.3707153,0.9676079,-0.8343927,-0.1212813,0.3312303,-0.1097206,-0.7746799,0.8061231,22,22,22,22,22,22,22,22,22,22,22,22,22,22,22,22
741,7410,-65.76804,-52.83561,-18.09596,-7.0681,-2.896592,-2.346754,-1.277464,-2.259592,-0.990815,-2.83014,-1.545571,-3.15299,-0.9537925,-2.628319,-0.9550989,-0.7241592,23,23,23,23,23,23,23,23,23,23,23,23,23,23,23,23,741,7410,-1.479531,-1.976998,-2.096222,-2.068459,-11.55999,-14.85332,-1.567212,-1.564578,-1.553396,-1.546272,-3.154161,-2.424327,-2.048148,-2.227707,-2.40904,-2.147833,23,23,23,23,22,22,23,23,23,23,23,23,23,23,23,23,741,7410,-1.837703,-3.325788,-3.705384,-1.805897,-1.683462,-2.293547,-1.552022,-69.23103,0.3707153,-0.1210116,-0.4767895,0.2425497,0.2211445,0.2237852,-0.5533412,0.1040242,22,22,22,22,22,22,22,22,22,22,22,22,22,22,22,22
742,7420,-67.33103,-51.14294,-18.34208,-7.0681,-3.50006,-3.334858,-1.788448,-2.259592,-1.98158,-3.19929,-2.49605,-2.270474,-2.26522,-3.225661,-2.387728,-0.8448625,23,23,23,23,23,23,23,23,23,23,23,23,23,23,23,23,742,7420,-1.345033,-2.504196,-1.83437,-2.068459,-11.69134,-14.97609,-1.697814,-1.303821,-1.294497,-2.190012,-2.628469,-1.616231,-2.176155,-2.227707,-1.686342,-2.147833,23,23,23,23,22,22,23,23,23,23,23,23,23,23,23,23,742,7420,-2.642079,-2.814136,-3.449843,-1.805897,-2.330955,-2.803214,-1.552022,-69.44973,-9.23054E-05,0.3628196,-0.7151919,-0.2425593,0.1110587,0.3349538,-0.6640114,0.3380593,22,22,22,22,22,22,22,22,22,22,22,22,22,22,22,22
743,7430,-64.8062,-50.2966,-19.08046,-9.016586,-3.620754,-2.59378,-1.149666,-2.259592,-0.990815,-2.584039,-1.189142,-1.766032,-1.549896,-2.747787,-1.671414,-0.8448625,23,23,23,23,23,23,23,23,23,23,23,23,23,23,23,23,743,7430,-1.883027,-2.108798,-1.441602,-2.197738,-10.90322,-14.97609,-1.175409,-1.825338,-1.423946,-2.190012,-1.314243,-1.481548,-1.92014,-1.782172,-1.445443,-1.921741,23,23,23,23,22,22,23,23,23,23,23,23,23,23,23,23,743,7430,-2.067525,-3.581615,-3.960926,-2.192866,-1.812961,-1.401629,-2.457269,-69.34038,0.2471128,-0.6048428,-0.5959907,-0.2425593,0.7715737,0.3349538,0.2213419,-0.01299018,22,22,22,22,22,22,22,22,22,22,22,22,22,22,22,22
744,7440,-61.80043,-49.57117,-19.08046,-10.23439,-4.103529,-2.470267,-1.788396,-2.259593,-1.610043,-2.09184,-2.25843,-2.144363,-1.788338,-2.269912,-2.387728,0.6035666,23,23,23,23,23,23,23,23,23,23,23,23,23,23,23,23,744,7440,-2.017526,-1.186201,-1.83437,-2.456296,-11.03458,-14.4851,-2.742625,-1.564578,-2.459538,-2.962501,-1.70851,-1.750913,-2.048148,-1.782172,-1.565893,-1.808698,23,23,23,23,22,22,23,23,23,23,23,23,23,23,23,23,744,7440,-2.067525,-3.709529,-3.06653,-2.321856,-2.071958,-2.930631,-2.198612,-69.01234,-9.23054E-05,0.7256906,-0.2383871,-3.210623E-06,-0.6595454,0.2237852,0.1106718,0.4550737,22,22,22,22,22,22,22,22,22,22,22,22,22,22,22,22
745,7450,-59.63628,-48.48303,-18.09596,-8.407684,-3.258673,-2.223241,-2.426702,-2.259593,-2.353117,-1.968789,-2.61486,-2.018253,-2.384441,-2.269912,-2.148957,0.4828632,23,23,23,23,23,23,23,23,23,23,23,23,23,23,23,23,745,7450,-1.479531,-0.7908021,-1.965299,-2.456296,-10.37786,-14.36237,-1.959018,-0.5215432,-2.200639,-2.962501,-1.314243,-0.9428186,-2.048148,-0.3341873,-1.927242,-1.695652,23,23,23,23,22,22,23,23,23,23,23,23,23,23,23,23,745,7450,-2.297348,-3.965354,-3.449843,-1.160947,-2.201457,-1.911296,-1.810627,-69.34038,0.8651264,0.6047336,-0.3575883,-0.1212813,0.0009728187,0.4461224,0.3320105,-0.01299018,22,22,22,22,22,22,22,22,22,22,22,22,22,22,22,22
746,7460,-59.87675,-49.32936,-18.71127,-12.18288,-4.706998,-3.087832,-1.916143,-3.01193,-2.105425,-2.461042,-2.852479,-2.522605,-1.907558,-2.389381,-1.910185,-0.3620523,23,23,23,23,23,23,23,23,23,23,23,23,23,23,23,23,746,7460,-1.345033,-1.581599,-2.096222,-2.068459,-10.64057,-14.4851,-2.220219,-1.955716,-2.718436,-1.67502,-0.657131,-2.020278,-0.8960848,-1.448021,-1.324993,-1.921741,23,23,23,23,22,22,23,23,23,23,23,23,23,23,23,23,746,7460,-2.412256,-3.581615,-3.705384,-1.031957,-1.683462,-2.293547,-2.586598,-69.88711,0.1235102,0.0009856612,1.525046E-05,0.1212716,-0.109113,-0.4432265,0.3320105,1.157173,22,22,22,22,22,22,22,22,22,22,22,22,22,22,22,22
747,7470,-61.92067,-49.08756,-19.20352,-11.08685,-3.741448,-1.976215,-1.277412,-1.757872,-1.857734,-1.722741,-1.426761,-1.513811,-1.788338,-2.50885,-1.910185,-0.1206472,23,23,23,23,23,23,23,23,23,23,23,23,23,23,23,23,747,7470,-1.345033,-2.240597,-1.965299,-1.422063,-10.24651,-14.97609,-2.089619,-1.955716,-2.200639,-1.417524,-1.577087,-2.154962,-1.280106,-1.782172,-0.9636443,-2.034787,23,23,23,23,22,22,23,23,23,23,23,23,23,23,23,23,747,7470,-2.182437,-4.093268,-4.344239,-1.160947,-1.294967,-1.401629,-2.327941,-69.44973,0.1235102,0.8478388,0.357618,0.1212716,-0.3292847,-0.6655645,0.5533476,0.8061231,22,22,22,22,22,22,22,22,22,22,22,22,22,22,22,22
748,7480,-64.20504,-50.05479,-20.31108,-12.91356,-3.017285,-2.59378,-1.02192,-2.384982,-1.238506,-2.953242,-1.78319,-2.774759,-1.669117,-3.34513,-1.790799,-0.7241592,23,23,23,23,23,23,23,23,23,23,23,23,23,23,23,23,748,7480,-1.61403,-1.976998,-1.965299,-1.93918,-10.24651,-15.09881,-1.697814,-2.216473,-1.423946,-1.417524,-1.314243,-2.289644,-1.408113,-2.561855,-1.686342,-1.469563,23,23,23,23,22,22,23,23,23,23,23,23,23,23,23,23,748,7480,-1.607883,-2.686223,-4.983094,-2.063876,-0.7769731,-1.401629,-2.069284,-69.99646,0.2471128,0.1219651,-0.1191863,-0.3638823,0.2211445,0.6684605,0.1106718,1.157173,22,22,22,22,22,22,22,22,22,22,22,22,22,22,22,22
749,7490,-61.31951,-50.53841,-18.09596,-11.08685,-4.103529,-3.087832,-1.277412,-2.635761,-1.857734,-3.076292,-2.02081,-2.774759,-2.145947,-3.34513,-1.552028,-1.689778,23,23,23,23,23,23,23,23,23,23,23,23,23,23,23,23,749,7490,-2.152025,-1.976998,-1.179756,-1.551342,-10.50922,-14.36237,-2.481423,-2.47723,-1.682845,-1.031279,-1.971354,-0.9428186,-1.792133,-2.450472,-2.047691,-1.582606,23,23,23,23,22,22,23,23,23,23,23,23,23,23,23,23,749,7490,-1.722794,-3.197876,-4.216467,-1.418927,-1.424465,-1.656463,-2.327941,-69.66841,-0.865311,-0.482929,-0.1191863,0.8488822,-0.1091194,-0.2208892,0.2213419,1.508222,22,22,22,22,22,22,22,22,22,22,22,22,22,22,22,22
750,7500,-56.26983,-48.96665,-15.75777,-8.894806,-3.017285,-1.976215,-1.02192,-2.384982,-1.11466,-2.830192,-1.070332,-2.270474,-1.072961,-2.508848,-1.910185,0.2414597,23,23,23,23,23,23,23,23,23,23,23,23,23,23,23,23,750,7500,-2.69002,-2.108798,-1.703447,-1.551342,-10.64057,-14.4851,-2.873226,-1.434198,-1.165048,-0.9025313,-1.839934,-1.750913,-2.43217,-1.893558,-1.445443,-1.582606,23,23,23,23,22,22,23,23,23,23,23,23,23,23,23,23,750,7500,-1.607883,-2.55831,-4.088697,-2.321856,-1.683462,-1.656463,-1.55197,-69.55907,-0.7417084,-0.9668437,0.357618,0.4850545,0.2211381,-0.22089,-0.1106654,1.508222,22,22,22,22,22,22,22,22,22,22,22,22,22,22,22,22
751,7510,-53.62475,-47.27398,-15.88084,-7.433441,-3.258673,-1.482162,-0.8941743,-1.381193,-1.610043,-1.722741,-2.25843,-1.639921,-1.907506,-0.9557558,-1.671414,-0.2413505,23,23,23,23,23,23,23,23,23,23,23,23,23,23,23,23,751,7510,-2.286524,-1.845199,-1.048833,-2.197738,-11.69134,-15.46703,-2.742625,-1.694955,-2.071192,-1.546272,-1.445666,-1.750913,-2.688185,-1.336642,-1.324993,-2.486968,23,23,23,23,22,22,23,23,23,23,23,23,23,23,23,23,751,7510,-1.033329,-3.197876,-4.088697,-2.450846,-1.294967,-1.78388,-1.810627,-68.46561,0.2471128,0.0009856612,-0.1191863,0.6063293,-0.1091194,-0.4432273,-1.328081,0.8061231,22,22,22,22,22,22,22,22,22,22,22,22,22,22,22,22
752,7520,-56.02937,-47.51579,-14.77328,-6.580978,-3.620754,-2.223241,-1.405158,-2.008814,-1.733889,-1.599691,-2.02081,-2.018253,-2.503609,-2.628315,-1.552028,0.3621053,23,23,23,23,23,23,23,23,23,23,23,23,23,23,23,23,752,7520,-2.555521,-1.713399,-1.179756,-2.197738,-10.11516,-15.34431,-2.612023,-2.346853,-1.553396,-2.061264,-1.445666,-1.750913,-2.048148,-1.336642,-1.445443,-2.034787,23,23,23,23,22,22,23,23,23,23,23,23,23,23,23,23,752,7520,-1.837703,-2.55831,-3.705384,-1.031957,-1.294967,-2.420964,-2.198612,-68.90298,-0.1236949,-0.6039085,-1.072796,-0.4851604,0.7715672,-0.4432273,0.3319543,0.4550287,22,22,22,22,22,22,22,22,22,22,22,22,22,22,22,22
753,7530,-56.63052,-47.27398,-13.29653,-5.971983,-3.017285,-1.729188,-1.02192,-1.632313,-1.238506,-1.599691,-2.02081,-1.639921,-1.192181,-1.43363,-1.552028,0.2414035,23,23,23,23,23,23,23,23,23,23,23,23,23,23,23,23,753,7530,-1.748529,-1.976998,-1.572524,-1.551342,-10.24651,-16.20353,-1.828416,-1.043061,-1.941743,-1.546272,-0.657131,-2.559009,-1.024092,-1.670792,-1.686342,-2.373922,23,23,23,23,22,22,23,23,23,23,23,23,23,23,23,23,753,7530,-1.722746,-3.197876,-3.06653,-1.934886,-1.94246,-2.293547,-1.681299,-69.12168,0.1235102,-0.3619496,-0.1191863,-0.1213294,0.1110522,0.2237844,-0.2213901,0.8060782,22,22,22,22,22,22,22,22,22,22,22,22,22,22,22,22
754,7540,-53.62474,-47.9994,-12.0659,-6.093838,-1.931042,-1.852701,-0.1276981,-1.381193,-0.8669693,-1.845791,-1.426761,-1.892142,-1.311402,-2.389379,-1.790799,-0.4828118,23,23,23,23,23,23,23,23,23,23,23,23,23,23,23,23,754,7540,-1.345033,-1.4498,-2.358068,-0.9049461,-10.50922,-15.83531,-1.959018,-1.303818,-2.071192,-0.9025313,-2.365622,-2.289644,-0.8960848,-1.670792,-2.168141,-2.260879,23,23,23,23,22,22,23,23,23,23,23,23,23,23,23,23,754,7540,-1.148193,-3.581614,-3.705384,-1.289937,-1.165468,-2.038713,-1.681299,-69.01234,0.2471128,0.3639241,-0.1191863,-0.6064352,0.6614814,0.2237844,0.3319543,0.1039792,22,22,22,22,22,22,22,22,22,22,22,22,22,22,22,22
755,7550,-56.51028,-48.12031,-12.43509,-6.580978,-2.051736,-2.717293,-0.6386822,-2.384982,-1.610043,-3.322392,-1.545571,-2.396528,-1.311402,-2.986722,-1.910185,-0.8449187,23,23,23,23,23,23,23,23,23,23,23,23,23,23,23,23,755,7550,-0.9415364,-1.713399,-1.310673,-1.551342,-11.55999,-15.09881,-1.697814,-1.303818,-1.682845,-1.803768,-2.628469,-1.885596,-1.536121,-1.559407,-2.047691,-1.469563,23,23,23,23,22,22,23,23,23,23,23,23,23,23,23,23,755,7550,-2.067477,-2.430396,-3.705333,-1.289937,-1.94246,-2.16613,-2.327941,-69.77776,0.2471128,-0.3619496,-0.7151923,-5.136996E-05,-0.1091194,0.4461216,0.8853003,0.8060782,22,22,22,22,22,22,22,22,22,22,22,22,22,22,22,22
756,7560,-52.78313,-47.03217,-11.69672,-5.606421,-2.534511,-2.223241,-1.405158,-2.008814,-0.990815,-2.214941,-1.545571,-1.892142,-1.788285,-2.26991,-0.9550989,-1.207026,23,23,23,23,23,23,23,23,23,23,23,23,23,23,23,23,756,7560,-2.286524,-1.713399,-1.703441,-1.93918,-11.69134,-15.09881,-1.828416,-1.825335,-1.812294,-2.31876,-2.102778,-1.481548,-1.664128,-2.004941,-2.52949,-1.808698,23,23,23,23,22,22,23,23,23,23,23,23,23,23,23,23,756,7560,-2.182389,-3.581614,-3.833104,-1.676854,-1.165468,-1.146796,-1.681299,-69.55907,0.7415238,-0.1199938,0.8344228,-0.8489882,-0.9898093,-0.1097222,-0.4427288,0.5720431,22,22,22,22,22,22,22,22,22,22,22,22,22,22,22,22
757,7570,-53.62474,-46.06493,-10.0969,-5.119004,-2.534511,-1.605675,-1.02192,-2.134203,-1.238506,-2.214941,-1.307951,-1.639921,-1.192181,-1.911505,-1.432642,-0.120705,23,23,23,23,23,23,23,23,23,23,23,23,23,23,23,23,757,7570,-1.61403,-2.240597,-1.572518,-2.714855,-10.90322,-14.85332,-2.089619,-2.086092,-1.941743,-2.576256,-2.365622,-1.750913,-1.536121,-2.339093,-1.806792,-1.921741,23,23,23,23,22,22,23,23,23,23,23,23,23,23,23,23,757,7570,-1.492923,-3.197874,-4.599729,-1.676854,-1.165468,-2.038713,-3.103912,-70.1058,-0.6181059,-0.1199938,0.357618,1.091438,0.0009663975,-1.11024,0.4426245,1.274142,22,22,22,22,22,22,22,22,22,22,22,22,22,22,22,22
758,7580,-53.38428,-44.37226,-9.604655,-3.778607,-3.379367,-1.976215,-1.405158,-1.255634,-1.733889,-1.353591,-1.902,-1.766032,-1.788285,-2.030972,-1.671414,0.8449139,23,23,23,23,23,23,23,23,23,23,23,23,23,23,23,23,758,7580,-1.61403,-1.4498,-1.834364,-2.844135,-10.37786,-14.4851,-1.828416,-1.434198,-1.812294,-2.576256,-1.445666,-2.020278,-1.92014,-1.670792,-1.686342,-1.808698,23,23,23,23,22,22,23,23,23,23,23,23,23,23,23,23,758,7580,-1.607835,-3.965353,-3.960875,-1.676854,-0.9064711,-1.146796,-1.681299,-70.21516,-0.3709004,0.1219651,0.8344228,0.8488822,-0.3292943,0.001447188,0.3319543,1.040113,22,22,22,22,22,22,22,22,22,22,22,22,22,22,22,22
759,7590,-56.39005,-46.42765,-14.77328,-7.677001,-3.258673,-2.717293,-1.916194,-2.635761,-1.733889,-2.584091,-1.426761,-2.270474,-1.669064,-1.911505,-1.074485,-0.4828118,23,23,23,23,23,23,23,23,23,23,23,23,23,23,23,23,759,7590,-2.555521,-1.713399,-2.358061,-1.93918,-11.03458,-14.2396,-2.220218,-1.434198,-2.459538,-2.447508,-1.70851,-1.885596,-2.304163,-1.448025,-1.565893,-1.921741,23,23,23,23,22,22,23,23,23,23,23,23,23,23,23,23,759,7590,-1.148193,-3.069961,-3.960875,-2.321803,-1.03597,-1.911296,-2.457269,-70.1058,-0.7417084,0.2429446,0.4768192,-0.1213294,0.1110522,-0.6655645,-0.4427288,0.6890638,22,22,22,22,22,22,22,22,22,22,22,22,22,22,22,22
760,7600,-60.23743,-46.06493,-15.75777,-7.677001,-2.655204,-0.4940578,-0.8942257,-1.757821,-1.11466,-1.353591,-1.66438,-1.3877,-0.9537404,-2.26991,-1.313256,0.482807,23,23,23,23,23,23,23,23,23,23,23,23,23,23,23,23,760,7600,-2.152025,-1.845199,-2.750829,-1.809901,-10.24651,-14.97609,-1.959014,-1.564578,-2.330089,-1.803768,-1.182819,-1.616231,-2.176155,-1.670792,-1.686342,-1.695652,23,23,23,23,22,22,23,23,23,23,23,23,23,23,23,23,760,7600,-1.492923,-3.325788,-4.599729,-2.063824,-1.812961,-1.401629,-2.198612,-68.90299,0.2471128,-0.6039085,0.4768192,0.7276074,-0.3292943,0.001447188,-0.2213901,0.8060782,22,22,22,22,22,22,22,22,22,22,22,22,22,22,22,22
761,7610,-63.36342,-49.20846,-19.69577,-15.34916,-8.327797,-3.211345,-1.149718,-2.635761,-1.114609,-2.953242,-1.307951,-1.892142,-1.311402,-3.345127,-1.910185,-0.120705,23,23,23,23,23,23,23,23,23,23,23,23,23,23,23,23,761,7610,-1.748529,-2.108798,-2.881752,-1.809901,-10.24651,-15.46703,-1.306009,-2.346856,-2.847885,-1.546272,-1.051399,-2.154962,-1.536121,-2.339093,-1.565893,-1.582606,23,23,23,23,22,22,23,23,23,23,23,23,23,23,23,23,761,7610,-1.837658,-3.83744,-3.449792,-1.934834,-1.812961,-1.656463,-2.069284,-69.34039,-0.2472974,-0.482929,-0.5959911,-0.1213294,0.5513955,-0.4432273,-0.5533974,0.4550287,22,22,22,22,22,22,22,22,22,22,22,22,22,22,22,22
762,7620,-64.68596,-51.74747,-23.38764,-17.54121,-7.965728,-2.840806,-1.149718,-2.88654,-2.105374,-2.83014,-1.902,-2.270474,-1.549844,-2.628315,-1.432642,-1.327727,23,23,23,23,23,23,23,23,23,23,23,23,23,23,23,23,762,7620,-1.479531,-2.504196,-1.572518,-1.809901,-10.11516,-14.36237,-1.567211,-2.737993,-1.682845,-1.546272,-1.839934,-2.289644,-1.280106,-2.22771,-1.806792,-1.921741,23,23,23,23,22,22,23,23,23,23,23,23,23,23,23,23,762,7620,-0.9183697,-2.686222,-3.449792,-2.579783,-2.071958,-1.911296,-3.491897,-69.55908,0.6179212,0.3628196,0.119216,0.4850545,0.8816531,-0.3320594,-1.217412,0.6890638,22,22,22,22,22,22,22,22,22,22,22,22,22,22,22,22
763,7630,-63.00273,-51.26385,-21.41865,-13.52246,-5.551854,-1.976215,-0.8942257,-1.757821,-1.114609,-1.845739,-1.42676,-1.639921,-1.430623,-1.792036,-0.3581699,-0.6035136,23,23,23,23,23,23,23,23,23,23,23,23,23,23,23,23,763,7630,-2.286524,-2.504196,-1.572518,-1.551342,-10.90322,-14.2396,-2.48142,-2.477233,-1.682845,-1.288775,-2.365628,-1.750913,-2.176155,-2.22771,-2.168141,-1.582606,23,23,23,23,22,22,23,23,23,23,23,23,23,23,23,23,763,7630,-1.722746,-3.069961,-3.577562,-2.063824,-2.460454,-1.656463,-2.457269,-69.23104,0.1235102,-0.4838826,-1.31125,0.7276074,0.4413097,0.112615,-0.1107215,0.6890638,22,22,22,22,22,22,22,22,22,22,22,22,22,22,22,22
764,7640,-66.60965,-51.98927,-23.87989,-17.66299,-6.39671,-1.605675,-0.2554955,-1.130023,-1.3623,-1.107438,-1.42676,-1.261589,-0.9537404,-1.553099,-1.671414,0.1207002,23,23,23,23,23,23,23,23,23,23,23,23,23,23,23,23,764,7640,-2.286524,-2.372397,-2.096215,-2.068459,-10.77187,-14.73059,-2.35082,-2.346856,-1.812294,-1.160027,-2.234205,-1.616234,-2.688185,-2.116324,-1.565893,-1.469563,23,23,23,23,22,22,23,23,23,23,23,23,23,23,23,23,764,7640,-1.722746,-3.325788,-3.705333,-2.063824,-2.848948,-2.293547,-3.362569,-70.21516,0.2471128,0.2418626,-0.7152436,-0.2425593,0.3312239,0.4461216,-5.297528E-05,0.5720431,22,22,22,22,22,22,22,22,22,22,22,22,22,22,22,22
765,7650,-67.2108,-52.7147,-24.61827,-15.71451,-6.39671,-2.223241,-2.171515,-1.381142,-2.105374,-2.337939,-1.78319,-2.522605,-2.265169,-2.26991,-1.432642,0.1207002,23,23,23,23,23,23,23,23,23,23,23,23,23,23,23,23,765,7650,-2.824518,-1.4498,-1.572518,-1.93918,-9.983804,-15.58981,-2.48142,-1.955719,-1.941743,-2.061264,-1.708517,-2.289646,-2.304166,-1.893558,-1.565893,-2.147833,23,23,23,23,22,22,23,23,23,23,23,23,23,23,23,23,765,7650,-2.067477,-3.453701,-3.449792,-1.934834,-1.553964,-1.911296,-2.845255,-69.01234,0.2471128,-0.1210116,-0.2384389,-0.1212813,-0.1090616,-0.1097222,-0.2213901,0.1039792,22,22,22,22,22,22,22,22,22,22,22,22,22,22,22,22
766,7660,-64.80619,-51.74747,-21.41865,-12.18287,-4.706998,-1.358649,-0.7664797,-1.381142,-0.7430722,-1.722689,-1.07033,-0.6310366,-1.430625,-1.553097,-0.5969415,-0.6035136,23,23,23,23,23,23,23,23,23,23,23,23,23,23,23,23,766,7660,-2.017526,-2.372397,-2.227138,-2.456296,-9.85245,-15.95803,-1.828414,-1.955719,-2.071192,-1.803768,-2.365628,-3.501789,-1.664128,-1.670792,-1.445443,-3.504372,23,23,23,23,22,22,23,23,23,23,23,23,23,23,23,23,766,7660,-2.642031,-3.069961,-3.066478,-2.063824,-2.330955,-2.803214,-2.327941,-69.55908,0.7415238,0.7256906,-0.7152436,-0.84894,-0.1090616,0.3349538,-0.2213901,-0.1300559,22,22,22,22,22,22,22,22,22,22,22,22,22,22,22,22
767,7670,-62.8825,-51.38475,-21.66477,-13.52246,-6.155323,-2.346754,-0.7664797,-2.134202,-1.486146,-1.353539,-0.9515202,-1.261589,-0.8345211,-2.030971,-0.2387853,0.482807,23,23,23,23,23,23,23,23,23,23,23,23,23,23,23,23,767,7670,-2.286524,-2.108798,-1.572518,-2.327018,-10.77187,-16.0808,-2.089616,-2.086096,-1.423946,-1.803768,-2.102784,-2.559012,-1.792136,-2.004941,-2.649939,-3.165237,23,23,23,23,22,22,23,23,23,23,23,23,23,23,23,23,767,7670,-2.756943,-3.83744,-3.577562,-1.934834,-0.9064711,-1.529046,-1.293313,-69.88712,0.7415238,-5.458059E-05,-3.652083E-05,-0.4851122,-0.1090616,-0.22089,3.210623E-06,0.3380079,22,22,22,22,22,22,22,22,22,22,22,22,22,22,22,22
768,7680,-63.12296,-51.02203,-20.43415,-15.1056,-5.43116,-2.840806,-0.5109876,-2.76115,-0.8669179,-2.707089,-1.18914,-2.522605,-1.072962,-3.106188,-1.074485,-0.8449203,23,23,23,23,23,23,23,23,23,23,23,23,23,23,23,23,768,7680,-3.093516,-1.976998,-2.096215,-1.680621,-10.50922,-15.83531,-1.828414,-1.564578,-2.200639,-1.417524,-2.89132,-2.020281,-1.664128,-1.559407,-2.40904,-2.600014,23,23,23,23,22,22,23,23,23,23,23,23,23,23,23,23,768,7680,-1.952566,-3.965353,-3.449792,-1.160895,-2.071958,-2.54838,-3.491897,-70.21516,0.1235102,0.2418626,0.595969,0.1212716,-0.4393191,-0.3320587,-0.2213355,0.4550223,22,22,22,22,22,22,22,22,22,22,22,22,22,22,22,22
769,7690,-67.09057,-52.23108,-23.38764,-15.1056,-5.672547,-2.346754,-1.660702,-1.757821,-1.238455,-2.584039,-0.8327103,-1.892142,-1.192183,-2.508845,-0.8357139,-0.3621117,23,23,23,23,23,23,23,23,23,23,23,23,23,23,23,23,769,7690,-1.748528,-1.318001,-1.310673,-1.809901,-10.77187,-15.58981,-1.697813,-1.434201,-1.812294,-2.31876,-3.02274,-2.154963,-1.280109,-1.893558,-2.28859,-2.600014,23,23,23,23,22,22,23,23,23,23,23,23,23,23,23,23,769,7690,-2.067532,-3.965353,-3.449792,-2.192813,-0.9064711,-1.019379,-2.586598,-70.10581,0.4943179,0.4837766,0.4767678,-0.84894,-0.5494082,-0.3320587,-0.2213355,0.3380079,22,22,22,22,22,22,22,22,22,22,22,22,22,22,22,22
770,7700,-69.13448,-51.26385,-23.51071,-15.47094,-4.586304,-1.976215,-0.7664797,-1.506702,-0.9907637,-2.09184,-1.07033,-2.018253,-0.2384176,-1.672566,-1.313257,-0.3621117,23,23,23,23,23,23,23,23,23,23,23,23,23,23,23,23,770,7700,-1.614029,-2.504196,-1.703441,-2.714855,-11.16593,-14.60787,-1.828414,-1.955719,-2.459538,-2.705004,-2.234205,-2.289646,-1.152102,-2.450476,-1.565893,-1.921741,23,23,23,23,22,22,23,23,23,23,23,23,23,23,23,23,770,7700,-1.60789,-3.581613,-3.833104,-1.289884,-1.553964,-2.038713,-2.069284,-70.3245,-0.2472974,-5.458059E-05,-0.1192377,0.7276555,0.6615392,-0.4432273,0.1106718,0.9230925,22,22,22,22,22,22,22,22,22,22,22,22,22,22,22,22
771,7710,-71.77955,-53.68195,-26.09502,-16.20163,-5.310466,-1.482162,-0.3832416,-1.506702,-1.609992,-0.8613383,-1.901999,-1.261589,-1.669065,-0.9557542,-1.910186,0.1206985,23,23,23,23,23,23,23,23,23,23,23,23,23,23,23,23,771,7710,-1.883027,-1.845199,-1.17975,-2.456296,-10.90322,-14.60787,-1.306009,-2.216476,-1.423946,-3.219996,-2.234205,-1.885599,-1.408116,-2.22771,-2.047691,-2.034787,23,23,23,23,22,22,23,23,23,23,23,23,23,23,23,23,771,7710,-1.722801,-4.604918,-3.960926,-1.805844,-1.683462,-1.656463,-1.163985,-69.23104,-1.112516,0.4837766,0.7151702,0.2425497,-0.3292333,-0.6655645,3.210623E-06,1.157121,22,22,22,22,22,22,22,22,22,22,22,22,22,22,22,22
772,7720,-77.55061,-54.52828,-33.10958,-28.86678,-14.36248,-5.556526,-1.788448,-2.259592,-1.733837,-2.46099,-1.901999,-2.270474,-1.788286,-2.030971,-0.8357139,-0.3621117,23,23,23,23,23,23,23,23,23,23,23,23,23,23,23,23,772,7720,-2.286523,-1.186201,-1.703441,-2.844135,-11.16593,-14.85332,-2.48142,-1.303821,-2.330089,-2.705004,-1.971361,-2.020281,-1.792136,-1.225259,-0.9636443,-2.034787,23,23,23,23,22,22,23,23,23,23,23,23,23,23,23,23,772,7720,-1.492978,-3.581613,-4.344238,-2.579834,-1.165468,-1.146796,-1.422641,-70.10581,-0.1236949,-0.6048428,-0.1192377,0.7276555,0.11111,0.2237844,0.3320105,0.6890574,22,22,22,22,22,22,22,22,22,22,22,22,22,22,22,22
773,7730,-78.39223,-55.97914,-33.47876,-24.72625,-10.85598,-3.952423,-1.277464,-1.381142,-0.8669179,-1.476589,-1.66438,-0.7571475,-1.192183,-1.19469,-1.074485,-0.2414083,23,23,23,23,23,23,23,23,23,23,23,23,23,23,23,23,773,7730,-2.152024,-1.186201,-2.358061,-2.068459,-10.24651,-14.4851,-2.48142,-2.086096,-2.459538,-1.932516,-1.314249,-1.885599,-1.920143,-1.336642,-1.204544,-1.921741,23,23,23,23,22,22,23,23,23,23,23,23,23,23,23,23,773,7730,-1.492978,-4.093266,-4.472009,-1.676905,-1.036023,-0.8919623,-1.55197,-69.23104,-9.23054E-05,0.3628196,-0.1192377,0.2425497,-0.1090616,-0.7767331,-0.3320041,1.040107,22,22,22,22,22,22,22,22,22,22,22,22,22,22,22,22
774,7740,-78.75292,-56.46276,-32.86345,-21.9253,-8.201189,-3.581833,-0.1277495,-2.008813,-0.6192264,-2.584039,-1.42676,-1.766032,-1.072962,-2.15044,-0.9550992,-0.4828134,23,23,23,23,23,23,23,23,23,23,23,23,23,23,23,23,774,7740,-1.614029,-1.4498,-2.488984,-1.680621,-10.37786,-14.85332,-2.220218,-1.955719,-2.847885,-2.447508,-1.051402,-1.885599,-1.280109,-1.782175,-1.445443,-1.695652,23,23,23,23,22,22,23,23,23,23,23,23,23,23,23,23,774,7740,-1.722801,-3.325787,-4.216467,-2.192864,-1.036023,-1.274213,-1.810627,-70.21516,-0.3709,-0.7257998,-0.2384389,-0.1212813,-0.2191475,0.3349538,-0.5533412,1.157121,22,22,22,22,22,22,22,22,22,22,22,22,22,22,22,22
775,7750,-79.59454,-56.22095,-31.14058,-19.12435,-6.753121,-3.45832,-0.1277495,-2.259592,-0.6192264,-2.337939,-1.42676,-2.144363,-0.9537411,-2.389376,-2.148957,-0.4828134,23,23,23,23,23,23,23,23,23,23,23,23,23,23,23,23,775,7750,-1.345032,-1.318001,-1.965286,-2.068459,-10.50922,-15.58981,-1.567267,-1.825338,-2.200639,-1.546272,-1.182826,-2.154963,-0.8960864,-1.782175,-1.084094,-1.921741,23,23,23,23,22,22,23,23,23,23,23,23,23,23,23,23,775,7750,-1.148247,-3.069961,-3.449842,-2.063875,-2.201509,-1.274213,-1.551971,-69.44974,0.3707153,0.6047336,0.3575667,1.212761,0.2211958,0.001447188,-0.1106654,1.391156,22,22,22,22,22,22,22,22,22,22,22,22,22,22,22,22
776,7760,-78.15177,-56.10004,-31.87895,-19.61147,-6.753121,-3.211294,-0.6387336,-1.130021,-0.8669179,-1.722689,-1.07033,-2.018253,-1.072962,-2.269907,-1.432642,-0.9656237,23,23,23,23,23,23,23,23,23,23,23,23,23,23,23,23,776,7760,-1.210533,-2.635996,-2.096215,-1.680621,-11.69134,-15.46703,-1.697869,-2.607616,-1.941743,-1.546272,-1.314249,-2.693695,-1.536124,-2.339093,-1.927242,-2.486968,23,23,23,23,22,22,23,23,23,23,23,23,23,23,23,23,776,7760,-1.722801,-3.453701,-3.322072,-1.805895,-2.590004,-1.911296,-1.939956,-70.1058,-9.23054E-05,-0.7257998,-3.652083E-05,0.2425497,0.4413675,0.001447188,3.210623E-06,1.040107,22,22,22,22,22,22,22,22,22,22,22,22,22,22,22,22
777,7770,-76.58877,-56.58366,-30.03301,-15.1056,-4.943036,-3.087781,-1.021972,-1.757819,-1.114609,-1.107438,-0.5950905,-1.513811,-1.788286,-1.911502,-1.552028,-4.815934E-06,23,23,23,23,23,23,23,23,23,23,23,23,23,23,23,23,777,7770,-1.076035,-2.372397,-1.17975,-1.163505,-11.16593,-14.4851,-2.089672,-2.216479,-2.459539,-1.417524,-2.628473,-1.48155,-1.920143,-2.450476,-2.047691,-1.921741,23,23,23,23,22,22,23,23,23,23,23,23,23,23,23,23,777,7770,-1.37807,-3.325787,-3.705384,-2.063875,-2.590004,-1.656463,-2.327942,-69.01234,0.2471642,0.6047336,-3.652083E-05,0.8489304,0.3312817,-0.5543959,-0.7746799,0.8060718,22,22,22,22,22,22,22,22,22,22,22,22,22,22,22,22
778,7780,-74.30439,-56.58366,-29.04851,-16.07985,-7.718504,-3.087781,-0.8942257,-1.883379,-1.857683,-1.845792,-1.901999,-1.766032,-1.788286,-1.911502,-1.432642,0.2414003,23,23,23,23,23,23,23,23,23,23,23,23,23,23,23,23,778,7780,-2.690019,-1.713399,-1.703441,-1.680621,-11.42864,-15.22159,-2.612077,-2.998754,-1.941744,-1.546323,-2.497052,-1.750916,-2.432173,-2.339093,-2.28859,-2.373922,23,23,23,23,22,22,23,23,23,23,23,23,23,23,23,23,778,7780,-2.067532,-3.069961,-3.322072,-1.676905,-2.590004,-1.78388,-1.551971,-69.66841,0.1235616,-0.9668437,-3.652083E-05,-3.210623E-06,-0.2191475,-0.3320587,-0.4426726,0.5720431,22,22,22,22,22,22,22,22,22,22,22,22,22,22,22,22
779,7790,-72.74139,-55.61643,-29.04851,-16.68875,-6.753121,-3.828859,-1.660702,-2.008813,-1.981529,-1.968842,-1.545621,-2.018253,-1.311404,-2.269907,-1.552028,-0.6035152,23,23,23,23,23,23,23,23,23,23,23,23,23,23,23,23,779,7790,-2.421022,-1.845199,-1.572518,-1.422063,-11.29728,-14.85332,-3.526286,-2.216479,-2.200641,-2.061316,-1.839937,-2.424328,-2.176158,-1.893558,-1.927242,-2.486968,23,23,23,23,22,22,23,23,23,23,23,23,23,23,23,23,779,7790,-1.722801,-3.325787,-3.1943,-2.063875,-2.9785,-2.930631,-1.939956,-69.44973,-0.1236435,0.0009856612,-0.8343935,0.3638245,0.8817108,0.1126166,-0.8853485,0.6890574,22,22,22,22,22,22,22,22,22,22,22,22,22,22,22,22
780,7800,-70.33678,-54.64919,-26.58727,-13.64424,-5.546402,-3.581833,-1.277464,-1.255581,-0.6192268,-1.476642,-1.308001,-1.261589,-1.311404,-1.792033,-0.9550992,0.6035072,23,23,23,23,23,23,23,23,23,23,23,23,23,23,23,23,780,7800,-2.286523,-1.713399,-1.17975,-2.327018,-10.11516,-16.0808,-2.742679,-2.346859,-1.812295,-2.318812,-1.708517,-2.020281,-1.408116,-1.670792,-1.324993,-2.826102,23,23,23,23,22,22,23,23,23,23,23,23,23,23,23,23,780,7800,-2.412266,-3.581613,-3.577613,-1.934885,-1.942513,-2.420964,-1.810627,-69.55907,0.1235616,-0.9668437,-0.9535947,0.2424983,0.4413675,0.2237844,0.2213419,0.2209936,22,22,22,22,22,22,22,22,22,22,22,22,22,22,22,22
781,7810,-72.3807,-55.1328,-26.58727,-17.78477,-6.391104,-3.334807,-0.6387336,-2.384981,-0.8669179,-2.953242,-1.189191,-2.144363,-0.7153003,-3.225657,-1.7908,-0.8449203,23,23,23,23,23,23,23,23,23,23,23,23,23,23,23,23,781,7810,-1.076035,-0.9226013,-1.310673,-1.680621,-9.983804,-15.34431,-1.697869,-1.303824,-1.423948,-1.288827,-1.051402,-2.289646,-1.920143,-1.559407,-1.445443,-2.713057,23,23,23,23,22,22,23,23,23,23,23,23,23,23,23,23,781,7810,-1.37807,-3.197874,-3.577613,-2.321854,-2.460506,-1.911296,-0.2586863,-69.12168,0.8651778,0.4849004,0.2384168,-5.458059E-05,0.3312817,0.2237844,0.5533476,0.1039728,22,22,22,22,22,22,22,22,22,22,22,22,22,22,22,22
782,7820,-72.50093,-55.49552,-25.60277,-14.61848,-6.99447,-3.952372,-1.660702,-2.384981,-2.105374,-2.830193,-1.426811,-2.396528,-1.788286,-2.986666,-1.432642,-0.3621117,23,23,23,23,23,23,23,23,23,23,23,23,23,23,23,23,782,7820,-2.152024,-1.186201,-1.834364,-1.163505,-11.55999,-16.81724,-1.959071,-1.043067,-2.33009,-1.417575,-2.497052,-2.289646,-1.408116,-1.336638,-1.806792,-2.600014,23,23,23,23,22,22,23,23,23,23,23,23,23,23,23,23,782,7820,-1.492978,-3.709527,-4.344238,-1.289935,-1.813014,-2.038713,-2.327942,-69.77776,0.1235616,-0.724888,-0.4767899,-0.7277165,0.2211958,-0.3320594,0.442679,0.6890574,22,22,22,22,22,22,22,22,22,22,22,22,22,22,22,22
783,7830,-66.24895,-54.04465,-22.77233,-12.54821,-5.546402,-3.952372,-0.8942257,-2.134203,-0.8669179,-2.091892,-0.8327617,-1.135478,-1.192183,-1.79198,-1.671414,-0.2414083,23,23,23,23,23,23,23,23,23,23,23,23,23,23,23,23,783,7830,-1.748528,-1.581599,-1.965286,-1.680621,-11.29728,-16.0808,-1.959071,-1.173444,-2.33009,-1.288827,-1.708517,-2.289646,-0.7680805,-0.8911051,-2.047639,-2.260879,23,23,23,23,22,22,23,23,23,23,23,23,23,23,23,23,783,7830,-2.067532,-2.686221,-3.322072,-1.805895,-2.201509,-2.54838,-2.069285,-69.12168,-4.093544E-05,0.8478388,-0.3575887,-0.1213326,0.5514534,0.2237844,-0.5533957,0.6890574,22,22,22,22,22,22,22,22,22,22,22,22,22,22,22,22
784,7840,-65.16688,-52.7147,-23.87989,-12.30465,-6.029087,-2.470215,-1.660702,-1.757819,-1.114609,-1.722741,-2.020861,-2.396528,-2.145948,-1.911449,-2.148957,-0.241357,23,23,23,23,23,23,23,23,23,23,23,23,23,23,23,23,784,7840,-1.883027,-2.240597,-1.965286,-1.422063,-11.55999,-15.58981,-1.828469,-1.694962,-2.071194,-2.061316,-3.02274,-1.616234,-1.024094,-1.782172,-2.649888,-2.26093,23,23,23,23,22,22,23,23,23,23,23,23,23,23,23,23,784,7840,-2.297355,-3.453701,-3.449842,-1.805895,-1.813014,-1.911296,-2.715928,-69.44973,0.1235616,-0.724888,-0.9535947,-5.458059E-05,-0.2191475,-0.3320594,-4.976465E-05,0.1039728,22,22,22,22,22,22,22,22,22,22,22,22,22,22,22,22
785,7850,-67.57149,-53.68195,-24.4952,-11.33041,-6.391104,-3.705346,-2.426702,-2.134203,-2.353065,-2.337992,-2.13967,-2.396528,-2.026727,-2.747728,-1.552028,-0.1206552,23,23,23,23,23,23,23,23,23,23,23,23,23,23,23,23,785,7850,-1.613978,-1.976998,-1.703441,-1.93918,-11.16593,-14.73059,-1.175464,-1.955719,-2.200641,-2.318812,-3.285584,-2.020281,-1.664128,-1.670789,-2.529438,-1.695703,23,23,23,23,22,22,23,23,23,23,23,23,23,23,23,23,785,7850,-2.067529,-2.302483,-3.960926,-1.676905,-2.331008,-2.420964,-2.45727,-70.21516,-4.093544E-05,0.7268593,-0.5959911,0.2424983,0.4413675,-0.22089,0.1106188,0.8060718,22,22,22,22,22,22,22,22,22,22,22,22,22,22,22,22
786,7860,-68.4131,-52.84466,-25.84889,-11.69575,-4.460351,-2.099676,-1.021972,-2.008813,-1.238455,-2.337992,-1.664431,-1.51381,-2.622831,-2.269854,-1.432642,0.6035585,23,23,23,23,23,23,23,23,23,23,23,23,23,23,23,23,786,7860,-1.748476,-2.635996,-1.572518,-2.197738,-11.29728,-15.09881,-1.959071,-2.346859,-1.682846,-2.705056,-2.497052,-1.616234,-1.280109,-1.893555,-1.204492,-2.147884,23,23,23,23,22,22,23,23,23,23,23,23,23,23,23,23,786,7860,-2.642082,-3.83744,-3.833154,-2.063875,-2.331008,-2.293547,-2.45727,-69.44973,0.4943693,-0.6039085,-0.3575887,-0.7277165,-0.3292333,0.112615,0.1106188,0.3380079,22,22,22,22,22,22,22,22,22,22,22,22,22,22,22,22
787,7870,-67.09057,-52.1191,-24.86439,-10.72151,-4.219002,-2.223189,-1.532956,-2.134203,-0.9907637,-2.830193,-1.426811,-1.892142,-1.669065,-2.628259,-1.671414,-0.1206552,23,23,23,23,23,23,23,23,23,23,23,23,23,23,23,23,787,7870,-1.748476,-1.4498,-2.227138,-2.844135,-10.77192,-15.09881,-2.350874,-2.216479,-1.682846,-3.606293,-1.44567,-1.885599,-2.048151,-2.004938,-1.084042,-2.26093,23,23,23,23,22,22,23,23,23,23,23,23,23,23,23,23,787,7870,-2.18244,-3.709527,-3.32202,-1.805895,-2.590004,-2.293547,-2.198614,-69.34038,0.6179726,0.0009856612,-0.3575887,0.2424983,0.001024189,-0.22089,-0.4427272,0.9230925,22,22,22,22,22,22,22,22,22,22,22,22,22,22,22,22
788,7880,-65.04665,-51.75632,-22.40314,-10.11261,-3.977653,-3.952372,-1.149718,-2.76115,-1.981529,-3.937643,-2.020861,-2.648682,-2.38439,-3.46454,-1.552028,-1.086274,23,23,23,23,23,23,23,23,23,23,23,23,23,23,23,23,788,7880,-2.555469,-1.4498,-2.096215,-2.456296,-11.29728,-14.85332,-2.612077,-1.694962,-2.588988,-2.833804,-1.577093,-1.48155,-2.048151,-1.113871,-1.92719,-1.921792,23,23,23,23,22,22,23,23,23,23,23,23,23,23,23,23,788,7880,-2.412263,-3.453701,-3.960875,-1.805844,-1.554017,-2.54838,-2.715928,-69.44973,0.4943693,-0.8458642,-0.4767899,-1.091544,-0.3292333,0.001447188,-0.1107199,0.2209936,22,22,22,22,22,22,22,22,22,22,22,22,22,22,22,22
789,7890,-65.04665,-50.06335,-22.52621,-9.503707,-4.219002,-3.705346,-1.40521,-2.635761,-1.733837,-2.461043,-2.020861,-2.396528,-1.549845,-2.628259,-1.19387,-0.4827621,23,23,23,23,23,23,23,23,23,23,23,23,23,23,23,23,789,7890,-1.748476,-1.318001,-3.012675,-1.809901,-10.64057,-14.4851,-3.003881,-1.043067,-2.847887,-1.932568,-1.314249,-1.346867,-2.176158,-1.782172,-1.92719,-2.147884,23,23,23,23,22,22,23,23,23,23,23,23,23,23,23,23,789,7890,-2.297351,-3.325788,-2.938708,-1.805844,-1.812962,-2.293547,-1.6813,-69.34038,0.2471642,1.089795,0.5960204,0.6063261,0.2211958,1.224302,0.2212874,1.274142,22,22,22,22,22,22,22,22,22,22,22,22,22,22,22,22
790,7900,-62.28135,-49.45872,-21.17252,-8.529464,-3.856985,-3.087781,-1.277464,-2.510371,-1.362301,-2.337992,-1.426811,-1.892142,-1.430625,-2.50879,-2.507114,0.2414517,23,23,23,23,23,23,23,23,23,23,23,23,23,23,23,23,790,7900,-2.151973,-1.581599,-2.358061,-1.93918,-11.03458,-15.09881,-1.959071,-2.086099,-2.588988,-2.318812,-1.44567,-1.885599,-1.792136,-1.782172,-1.686291,-1.582657,23,23,23,23,22,22,23,23,23,23,23,23,23,23,23,23,790,7900,-2.756994,-3.965353,-3.577562,-2.063824,-0.5179762,-1.274213,-2.327942,-69.55907,0.3707667,-0.2409701,0.5960204,-5.458059E-05,-0.3292333,0.001447188,-0.1107199,0.6890574,22,22,22,22,22,22,22,22,22,22,22,22,22,22,22,22
791,7910,-67.2108,-49.45872,-23.26458,-10.96507,-4.701687,-2.470215,-2.299109,-3.137319,-2.724602,-2.337992,-2.37729,-1.892142,-2.38439,-2.269854,-1.552028,0.1207499,23,23,23,23,23,23,23,23,23,23,23,23,23,23,23,23,791,7910,-1.210482,-2.635996,-2.619907,-1.93918,-10.37786,-15.46703,-1.175409,-2.607616,-2.459539,-1.546323,-1.182826,-2.289646,-1.536124,-1.670789,-1.204492,-2.373973,23,23,23,23,22,22,23,23,23,23,23,23,23,23,23,23,791,7910,-2.412263,-3.965353,-3.705333,-1.805844,-1.683463,-3.312881,-2.457322,-69.44973,1.359588,0.3639241,0.357618,0.1212203,0.2211958,0.7796267,-0.1107199,0.4550223,22,22,22,22,22,22,22,22,22,22,22,22,22,22,22,22
792,7920,-66.97034,-49.94242,-24.98746,-16.93231,-6.873789,-3.211294,-1.66065,-3.262709,-1.857683,-2.461043,-2.020861,-2.018252,-2.026727,-2.030916,-1.074485,-0.4827621,23,23,23,23,23,23,23,23,23,23,23,23,23,23,23,23,792,7920,-2.286471,-2.899595,-1.965286,-2.197738,-11.29728,-15.09881,-2.220219,-3.520274,-1.812295,-1.546323,-1.971361,-2.289646,-2.688185,-2.784621,-2.408988,-1.921792,23,23,23,23,22,22,23,23,23,23,23,23,23,23,23,23,792,7920,-2.642082,-3.83744,-3.833104,-1.547864,-2.460454,-2.54838,-2.198665,-69.66841,-0.2472464,-0.1199938,0.2384168,-0.6064385,-0.659494,0.112615,0.1106188,0.5720431,22,22,22,22,22,22,22,22,22,22,22,22,22,22,22,22
793,7930,-69.13448,-48.61224,-28.06401,-18.75901,-8.080521,-2.717242,-1.532904,-2.259592,-1.114609,-2.461043,-1.783241,-2.270473,-1.430625,-2.50879,-0.835713,0.3621534,23,23,23,23,23,23,23,23,23,23,23,23,23,23,23,23,793,7930,-2.42097,-3.690392,-2.227138,-2.197738,-11.29728,-15.22159,-2.350821,-2.998757,-1.941744,-1.675071,-2.102784,-2.020281,-2.176158,-2.784621,-2.168089,-2.26093,23,23,23,23,22,22,23,23,23,23,23,23,23,23,23,23,793,7930,-2.067529,-4.349093,-3.32202,-1.934834,-2.071959,-2.930631,-4.138592,-70.76189,-9.23054E-05,-0.2409701,0.7152216,0.1212203,-0.659494,0.112615,-0.1107199,1.391156,22,22,22,22,22,22,22,22,22,22,22,22,22,22,22,22
794,7940,-70.93794,-49.57965,-28.80239,-18.39367,-6.873789,-3.211294,-1.02192,-2.761151,-1.486146,-3.199343,-2.020861,-2.522605,-1.549845,-2.867197,-1.671414,-0.6034638,23,23,23,23,23,23,23,23,23,23,23,23,23,23,23,23,794,7940,-2.689967,-3.163194,-2.358061,-2.197738,-11.03458,-15.09881,-2.089619,-2.738,-2.200641,-1.932568,-3.02274,-1.885599,-2.048151,-2.450472,-1.92719,-1.469614,23,23,23,23,22,22,23,23,23,23,23,23,23,23,23,23,794,7940,-2.18244,-4.477006,-4.471958,-1.805844,-2.071959,-1.78388,-1.681351,-69.01234,-0.6181055,0.3628196,0.119216,-0.4851636,0.11111,-0.8879025,-0.885403,1.157121,22,22,22,22,22,22,22,22,22,22,22,22,22,22,22,22
795,7950,-74.06394,-49.94242,-29.4177,-16.81053,-6.391104,-3.45832,-1.66065,-2.510371,-1.609992,-2.461043,-1.545568,-2.018252,-1.549845,-2.50879,-0.7163268,-0.4827621,23,23,23,23,23,23,23,23,23,23,23,23,23,23,23,23,795,7950,-3.362461,-1.976998,-1.965286,-2.068459,-11.55999,-14.60787,-2.481423,-2.086102,-2.071194,-1.546323,-1.971361,-2.289646,-2.304166,-1.448021,-1.686291,-2.034838,23,23,23,23,22,22,23,23,23,23,23,23,23,23,23,23,795,7950,-1.378063,-3.581614,-4.344188,-2.321803,-0.7769739,-2.16613,-1.681351,-70.43384,-9.23054E-05,0.3628196,0.3575667,0.4850512,0.2211958,-0.4432273,0.3319575,0.4550223,22,22,22,22,22,22,22,22,22,22,22,22,22,22,22,22
796,7960,-72.14025,-49.70057,-27.69482,-16.81053,-6.029087,-2.470215,-1.02192,-1.883379,-1.609992,-0.6152909,-1.545568,-1.51376,-1.430625,-1.314106,-1.910185,0.4828568,23,23,23,23,23,23,23,23,23,23,23,23,23,23,23,23,796,7960,-2.824466,-2.240597,-1.441595,-2.197738,-10.90322,-15.71253,-2.742625,-2.086102,-1.941744,-2.318812,-1.708517,-2.289646,-2.688185,-1.893555,-1.324942,-2.487019,23,23,23,23,22,22,23,23,23,23,23,23,23,23,23,23,796,7960,-2.297351,-4.22118,-4.7275,-2.579783,-1.812962,-1.656463,-1.810679,-69.12168,-0.6181055,-0.2419686,0.1191647,0.2425465,-0.7695798,0.001447188,0.7746333,0.9230925,22,22,22,22,22,22,22,22,22,22,22,22,22,22,22,22
797,7970,-75.02578,-49.09594,-30.27913,-16.44519,-6.391104,-2.223189,-2.426702,-2.259592,-2.105374,-2.707143,-2.852476,-2.018201,-2.384391,-2.150385,-1.074485,-0.241357,23,23,23,23,23,23,23,23,23,23,23,23,23,23,23,23,797,7970,-2.824466,-2.372397,-1.441595,-1.93918,-10.37786,-16.44902,-2.220219,-2.477239,-2.071194,-2.705056,-1.971361,-2.96306,-1.664128,-1.448021,-2.168089,-2.487019,23,23,23,23,22,22,23,23,23,23,23,23,23,23,23,23,797,7970,-1.722798,-3.83744,-4.471958,-2.450793,-0.906472,-2.675797,-2.069336,-70.3245,-0.2472974,-0.3629256,0.4767678,0.3638214,0.3312303,0.2237844,-0.1107199,1.85922,22,22,22,22,22,22,22,22,22,22,22,22,22,22,22,22
798,7980,-74.06394,-50.18428,-31.63282,-18.27189,-5.425721,-2.346702,-1.277412,-2.384982,-1.733837,-1.599692,-1.901998,-1.63987,-1.907508,-2.030972,-1.074485,-0.7241672,23,23,23,23,23,23,23,23,23,23,23,23,23,23,23,23,798,7980,-2.42097,-2.372397,-1.572518,-1.93918,-11.29728,-16.57174,-2.089619,-1.825345,-2.071194,-2.190064,-2.234205,-2.559012,-1.92014,-2.004938,-1.80674,-3.165289,23,23,23,23,22,22,23,23,23,23,23,23,23,23,23,23,798,7980,-1.492975,-3.965353,-4.85527,-2.579783,-1.812962,-1.911296,-2.457322,-69.55907,-0.4945029,0.3628196,0.3575667,0.3638214,-0.109113,-0.4432265,-0.4427272,1.508171,22,22,22,22,22,22,22,22,22,22,22,22,22,22,22,22
799,7990,-72.14025,-48.12853,-28.18707,-14.98382,-5.184385,-2.593729,-1.66065,-2.008814,-1.114609,-2.337992,-1.426758,-1.892091,-1.669067,-2.867253,-1.432642,0.2414517,23,23,23,23,23,23,23,23,23,23,23,23,23,23,23,23,799,7990,-1.613978,-1.318001,-2.619907,-1.551342,-11.16593,-16.20353,-1.828416,-1.04307,-2.977336,-1.417575,-2.497052,-2.424328,-2.560178,-2.004938,-2.408988,-2.600065,23,23,23,23,22,22,23,23,23,23,23,23,23,23,23,23,799,7990,-1.837709,-3.83744,-4.471958,-2.579783,-1.94246,-1.401629,-2.198665,-69.77776,-0.6181055,-5.458059E-05,0.1191647,-6.421245E-06,-0.109113,0.1126166,0.1106204,0.6890574,22,22,22,22,22,22,22,22,22,22,22,22,22,22,22,22
800,8000,-76.58878,-48.97502,-30.4022,-17.66299,-7.839172,-4.692777,-2.171515,-3.137319,-1.362301,-2.707143,-1.901998,-2.018201,-2.14595,-3.106189,-1.074485,-1.086322,23,23,23,23,23,23,23,23,23,23,23,23,23,23,23,23,800,8000,-1.613978,-1.4498,-2.096215,-1.422063,-11.95405,-15.22159,-1.567212,-1.564585,-1.682846,-1.417575,-2.628473,-2.154963,-1.664128,-1.448021,-1.80674,-1.921792,23,23,23,23,22,22,23,23,23,23,23,23,23,23,23,23,800,8000,-0.9184211,-3.83744,-4.983042,-1.805844,-1.553965,-2.038713,-1.681351,-69.34038,-0.6181055,-0.1210116,-0.3576401,-0.1212845,-0.2191988,-0.2208892,-0.442724,1.274193,22,22,22,22,22,22,22,22,22,22,22,22,22,22,22,22
801,8010,-78.51246,-49.57965,-35.07857,-27.5272,-15.44153,-7.037241,-4.213009,-2.384982,-1.733837,-1.968842,-0.9515194,-1.63987,-0.715301,-1.553099,-0.3581699,-1.605311E-06,23,23,23,23,23,23,23,23,23,23,23,23,23,23,23,23,801,8010,-1.075983,-2.372397,-1.17975,-2.068459,-11.16593,-15.22159,-1.697814,-1.955722,-1.294499,-2.44756,-2.628473,-2.559012,-1.280106,-1.893555,-1.80674,-2.034838,23,23,23,23,22,22,23,23,23,23,23,23,23,23,23,23,801,8010,-1.37806,-3.83744,-3.705333,-2.321803,-1.94246,-1.529046,-1.293366,-69.34038,0.1235102,-1.330588,-0.1192377,0.1212684,0.4413162,0.2237852,-0.2213869,0.9231439,22,22,22,22,22,22,22,22,22,22,22,22,22,22,22,22
802,8020,-75.86739,-47.51579,-35.69388,-26.3094,-12.90741,-6.296884,-3.447449,-1.38114,-0.8669179,-1.722741,-1.426758,-1.63987,-0.715301,-1.43363,-0.9550989,-0.3621085,23,23,23,23,23,23,23,23,23,23,23,23,23,23,23,23,802,8020,-1.613978,-2.372397,-1.310673,-2.585576,-11.16593,-15.46703,-2.350821,-2.086102,-1.423948,-2.44756,-2.234205,-1.616234,-1.408113,-1.893555,-0.9635929,-1.469614,23,23,23,23,22,22,23,23,23,23,23,23,23,23,23,23,802,8020,-1.492972,-3.709528,-4.088646,-2.579783,-2.589952,-2.038713,-1.810679,-69.12168,0.2471128,0.4837766,-0.1192377,0.6063743,0.2211445,-0.4432265,-0.5533926,0.8061231,22,22,22,22,22,22,22,22,22,22,22,22,22,22,22,22
803,8030,-76.10785,-48.72484,-34.34019,-20.46394,-11.82136,-5.679919,-4.468195,-2.635761,-2.105374,-1.722741,-2.139618,-2.018201,-2.742052,-2.26991,-1.074485,0.6035104,23,23,23,23,23,23,23,23,23,23,23,23,23,23,23,23,803,8030,-2.555469,-1.976998,-2.619907,-2.585576,-11.03458,-14.85332,-2.350821,-1.434208,-1.941744,-2.833804,-2.102784,-2.020281,-2.048148,-1.670789,-1.686291,-1.582657,23,23,23,23,22,22,23,23,23,23,23,23,23,23,23,23,803,8030,-1.492972,-3.837441,-4.47201,-2.450793,-2.460454,-1.911296,-1.681351,-69.66841,-0.7417084,-1.088671,-0.5960425,0.3638214,0.3312303,0.4461224,0.1106204,0.8061231,22,22,22,22,22,22,22,22,22,22,22,22,22,22,22,22
804,8040,-76.22808,-49.81298,-32.98651,-23.63023,-12.54539,-4.939563,-3.319855,-2.134203,-0.8669179,-2.214942,-1.307948,-0.883207,-1.311405,-1.553099,-1.19387,-0.2414067,23,23,23,23,23,23,23,23,23,23,23,23,23,23,23,23,804,8040,-2.151973,-1.581599,-2.358061,-1.551342,-11.55999,-15.34431,-2.481423,-1.173447,-2.718437,-2.061316,-2.365628,-1.750916,-2.304163,-1.670789,-1.445391,-1.808749,23,23,23,23,22,22,23,23,23,23,23,23,23,23,23,23,804,8040,-1.263149,-3.581614,-3.833155,-2.708825,-2.460454,-1.911296,-2.327994,-69.23103,0.1235102,0.3628196,-0.5960425,0.1212684,0.551402,-0.1097206,-1.217407,0.3380593,22,22,22,22,22,22,22,22,22,22,22,22,22,22,22,22
805,8050,-77.91131,-50.05479,-35.69388,-27.77076,-15.93149,-4.322598,-2.681889,-2.134203,-0.9907637,-1.968842,-1.307948,-1.51376,-1.549846,-2.628315,-1.19387,-1.605311E-06,23,23,23,23,23,23,23,23,23,23,23,23,23,23,23,23,805,8050,-2.017474,-1.318001,-2.750829,-1.551342,-10.37786,-14.97609,-2.220219,-2.216482,-2.459539,-1.803819,-1.708517,-1.346867,-1.536121,-1.893555,-1.084042,-1.356568,23,23,23,23,22,22,23,23,23,23,23,23,23,23,23,23,805,8050,-1.607883,-3.581614,-4.344239,-1.160947,-2.072009,-1.911296,-0.646723,-68.57495,0.3707153,-0.8467568,-0.2384389,0.2425465,0.4413162,-0.2208892,-0.3320554,-0.2470253,22,22,22,22,22,22,22,22,22,22,22,22,22,22,22,22
806,8060,-78.63269,-52.35199,-35.07857,-26.30939,-13.15555,-5.556526,-2.937075,-3.764266,-1.486146,-3.076293,-1.783188,-3.026913,-2.384391,-3.464596,-1.552028,-0.7242153,23,23,23,23,23,23,23,23,23,23,23,23,23,23,23,23,806,8060,-1.210482,-2.108798,-2.881752,-1.680621,-10.77187,-15.83531,-1.044809,-2.346859,-1.812295,-1.417575,-0.9199815,-1.346867,-0.8960848,-1.670789,-1.084042,-2.373973,23,23,23,23,22,22,23,23,23,23,23,23,23,23,23,23,806,8060,-1.607883,-3.197876,-3.449843,-1.547917,-2.719502,-2.16613,-3.621278,-69.66841,0.3707153,0.6047336,-0.4768413,-0.9702213,-0.3292847,0.1126166,-0.5533926,-0.1300045,22,22,22,22,22,22,22,22,22,22,22,22,22,22,22,22
807,8070,-78.272,-52.95652,-34.34019,-25.45693,-12.55208,-4.692777,-2.426702,-2.88654,-1.486146,-1.845792,-1.664378,-2.396528,-1.072964,-2.628315,-1.19387,-0.2414067,23,23,23,23,23,23,23,23,23,23,23,23,23,23,23,23,807,8070,-1.613978,-2.372397,-1.834364,-1.93918,-10.77187,-15.58981,-2.350874,-2.738,-2.071194,-1.546323,-1.708517,-1.885599,-1.024092,-2.227707,-1.80674,-1.808749,23,23,23,23,22,22,23,23,23,23,23,23,23,23,23,23,807,8070,-1.722794,-3.453701,-4.344239,-1.160947,-1.424516,-2.16613,-1.681299,-68.13757,0.3707153,0.2418626,-0.5960425,0.1212684,-0.109113,0.1126166,-0.442724,-0.2470253,22,22,22,22,22,22,22,22,22,22,22,22,22,22,22,22
808,8080,-76.709,-52.83561,-34.70938,-24.84803,-11.22445,-3.087832,-2.04394,-1.883432,-1.857683,-1.599692,-1.426758,-1.765981,-1.788287,-1.792036,-1.910185,-1.605311E-06,23,23,23,23,23,23,23,23,23,23,23,23,23,23,23,23,808,8080,-2.689967,-2.767796,-1.965286,-1.292784,-11.03458,-14.60787,-1.697869,-2.216482,-1.941744,-0.9025827,-2.628473,-1.346867,-2.304163,-1.336638,-2.168089,-1.356568,23,23,23,23,22,22,23,23,23,23,23,23,23,23,23,23,808,8080,-1.837703,-3.197876,-3.960926,-2.063876,-2.201508,-2.420964,-1.810627,-69.01234,0.7415238,-5.458059E-05,-0.3576401,0.2425465,-0.3292847,0.3349538,-0.2213869,0.221045,22,22,22,22,22,22,22,22,22,22,22,22,22,22,22,22
809,8090,-78.39223,-51.74747,-34.95551,-25.45693,-10.86236,-3.334858,-2.554295,-2.635761,-1.610043,-2.337992,-2.496047,-2.018201,-2.503612,-2.628315,-1.19387,0.1207002,23,23,23,23,23,23,23,23,23,23,23,23,23,23,23,23,809,8090,-2.555469,-1.713399,-0.9178978,-1.292784,-11.03458,-14.85332,-2.612077,-2.346859,-1.682846,-1.031331,-2.497052,-1.346867,-1.536121,-1.448021,-1.084042,-1.13048,23,23,23,23,22,22,23,23,23,23,23,23,23,23,23,23,809,8090,-2.067525,-3.325788,-3.833155,-1.418927,-1.165519,-2.038713,-2.586598,-68.90298,-0.2472978,-0.3629256,-3.652083E-05,-0.4851155,0.0009728187,-0.2208892,0.2212906,0.4550737,22,22,22,22,22,22,22,22,22,22,22,22,22,22,22,22
810,8100,-76.34831,-49.93389,-34.21713,-21.68174,-8.689878,-2.840806,-1.788448,-2.008814,-1.238506,-1.599692,-1.426758,-1.387649,-1.072964,-1.792036,-1.074485,-0.120705,23,23,23,23,23,23,23,23,23,23,23,23,23,23,23,23,810,8100,-2.017474,-1.713399,-0.9178978,-2.068459,-10.37786,-15.22159,-2.612077,-2.216482,-2.459539,-1.932568,-1.577093,-1.48155,-2.81619,-1.893555,-1.324942,-1.695703,23,23,23,23,22,22,23,23,23,23,23,23,23,23,23,23,810,8100,-1.837703,-3.325788,-3.194301,-1.805897,-1.813012,-2.930631,-2.069284,-69.12168,0.4943179,0.7268593,0.3575667,0.2425465,-0.6595454,0.2237852,0.1106204,0.6891088,22,22,22,22,22,22,22,22,22,22,22,22,22,22,22,22
811,8110,-75.26624,-50.41751,-33.97101,-19.73326,-7.120872,-3.087832,-1.021972,-2.635761,-0.990815,-2.830193,-1.78319,-2.270423,-1.549846,-2.628315,-2.029571,-1.605311E-06,23,23,23,23,23,23,23,23,23,23,23,23,23,23,23,23,811,8110,-1.075983,-1.4498,-0.6560522,-2.068459,-9.85245,-16.44902,-2.481476,-2.216482,-1.553397,-2.576308,-2.365628,-2.96306,-1.792133,-1.559406,-1.445391,-2.826154,23,23,23,23,22,22,23,23,23,23,23,23,23,23,23,23,811,8110,-2.412256,-3.069962,-3.194301,-1.547917,-2.201508,-1.78388,-1.293313,-68.79365,0.1235102,0.0009856612,-0.2383875,-0.3638374,-0.7696312,-0.1097206,0.2212906,0.1040242,22,22,22,22,22,22,22,22,22,22,22,22,22,22,22,22
812,8120,-78.51246,-51.14294,-35.81694,-25.33515,-9.293346,-3.581884,-1.660702,-2.88654,-1.98158,-2.953242,-1.902,-2.522605,-2.026729,-3.106189,-1.790799,-1.569132,23,23,23,23,23,23,23,23,23,23,23,23,23,23,23,23,812,8120,-0.6724866,-1.054401,-1.048827,-1.163505,-10.90322,-16.69452,-1.959071,-1.303827,-2.071194,-1.675071,-2.234205,-2.96306,-1.92014,-1.782172,-1.92719,-2.600065,23,23,23,23,22,22,23,23,23,23,23,23,23,23,23,23,812,8120,-1.952614,-3.709528,-3.06653,-1.676907,-2.072009,-2.803214,-1.939955,-69.88711,-0.1236949,0.2429446,-0.3575887,-0.1213326,-0.5494596,0.1126166,0.2212906,1.157173,22,22,22,22,22,22,22,22,22,22,22,22,22,22,22,22
813,8130,-81.15753,-51.14294,-39.13963,-27.16186,-10.62098,-4.199206,-2.171515,-2.88654,-1.857734,-2.337992,-2.02081,-2.270474,-1.907508,-3.345127,-2.029571,0.1207002,23,23,23,23,23,23,23,23,23,23,23,23,23,23,23,23,813,8130,-0.2689908,-0.7908021,-1.572518,-1.292784,-10.90322,-16.20353,-1.436665,-1.564585,-2.718437,-2.190064,-2.365628,-2.559012,-1.792133,-1.893555,-2.408988,-3.278335,23,23,23,23,22,22,23,23,23,23,23,23,23,23,23,23,813,8130,-2.642079,-4.22118,-4.599781,-1.934886,-1.295018,-1.401629,-1.681299,-69.55907,-9.23054E-05,0.0009856612,0.119216,-1.091544,-0.4393801,-0.6655645,0.3319591,0.4550737,22,22,22,22,22,22,22,22,22,22,22,22,22,22,22,22
814,8140,-86.44767,-51.50565,-42.46231,-31.05883,-16.05218,-3.952423,-2.681889,-2.510371,-2.229271,-2.461043,-2.25843,-2.018253,-2.742052,-2.150445,-2.148957,0.6035104,23,23,23,23,23,23,23,23,23,23,23,23,23,23,23,23,814,8140,-0.6724866,-0.6590028,-2.227138,-1.292784,-11.29728,-15.71253,-1.436665,-1.303827,-2.071194,-1.546323,-2.497052,-2.020281,-2.048148,-2.004938,-2.288539,-2.26093,23,23,23,23,22,22,23,23,23,23,23,23,23,23,23,23,814,8140,-1.263149,-3.837441,-3.960926,-1.160947,-1.424516,-2.038713,-2.845255,-69.77776,0.1235102,0.4849004,0.7152216,0.7276042,0.1110522,-0.5543959,0.2212906,0.6891088,22,22,22,22,22,22,22,22,22,22,22,22,22,22,22,22
815,8150,-87.89043,-51.02203,-44.06212,-37.63497,-22.93171,-8.641346,-3.064669,-3.513488,-2.229271,-3.322393,-2.733669,-2.018253,-2.026729,-2.628319,-1.671414,-0.2414067,23,23,23,23,23,23,23,23,23,23,23,23,23,23,23,23,815,8150,-1.075983,-1.186201,-0.9178978,-1.809901,-11.55999,-15.22159,-1.828469,-1.955722,-2.071194,-2.44756,-3.02274,-1.750916,-1.408113,-2.004938,-2.168089,-1.695703,23,23,23,23,22,22,23,23,23,23,23,23,23,23,23,23,815,8150,-1.952614,-4.60492,-3.449843,-2.450846,-2.331006,-1.911296,-1.55197,-69.44973,-0.4945029,0.3639241,0.2384168,-0.1213326,-0.9898093,-0.8879017,-5.297528E-05,0.6891088,22,22,22,22,22,22,22,22,22,22,22,22,22,22,22,22
816,8160,-88.01067,-52.95652,-47.01562,-42.50618,-29.20777,-11.35599,-3.575042,-2.635761,-1.362352,-2.461043,-2.02081,-1.387701,-1.311405,-2.389381,-1.074486,0.1207499,23,23,23,23,23,23,23,23,23,23,23,23,23,23,23,23,816,8160,-1.479479,-1.581599,-0.6560522,-2.068459,-11.03458,-15.22159,-1.567267,-1.694965,-1.423948,-2.705056,-1.839937,-0.9428203,-0.7680773,-1.893555,-1.80674,-1.356562,23,23,23,23,22,22,23,23,23,23,23,23,23,23,23,23,816,8160,-1.837703,-3.325788,-4.216467,-1.289937,-1.165519,-1.911296,-0.9053274,-69.66841,-0.1236949,0.1219651,-0.8343935,0.3637732,-0.1091194,0.3349538,0.7746301,1.040113,22,22,22,22,22,22,22,22,22,22,22,22,22,22,22,22
817,8170,-84.40376,-53.68195,-45.29275,-41.89728,-25.70767,-10.73902,-3.575042,-3.388099,-1.857734,-3.076293,-1.426761,-2.648682,-1.430625,-3.34513,-2.507115,-0.241357,23,23,23,23,23,23,23,23,23,23,23,23,23,23,23,23,817,8170,-1.210482,-0.6590028,-1.572518,-2.714855,-10.77187,-15.58981,-1.828469,-1.694965,-2.071194,-2.44756,-1.839937,-2.020281,-1.280106,-1.893555,-1.565841,-1.808743,23,23,23,23,22,22,23,23,23,23,23,23,23,23,23,23,817,8170,-1.60789,-3.837441,-4.216467,-1.418927,-1.554015,-1.529046,-1.422641,-68.35625,-0.9889135,-0.724888,0.119216,-0.2426107,-0.3292943,-1.443746,0.1106172,0.6890638,22,22,22,22,22,22,22,22,22,22,22,22,22,22,22,22
818,8180,-84.28353,-54.77008,-47.13868,-39.46167,-23.29379,-9.875275,-4.340602,-3.262709,-2.724653,-2.830193,-2.13962,-2.144364,-1.669067,-2.50885,-0.9551001,-1.086274,23,23,23,23,23,23,23,23,23,23,23,23,23,23,23,23,818,8180,-1.34498,-0.6590028,-1.17975,-2.197738,-10.77187,-14.73059,-2.612077,-1.04307,-2.200641,-1.803819,-1.314249,-0.8081378,-1.408113,-0.5569547,-0.7226935,-1.017427,23,23,23,23,22,22,23,23,23,23,23,23,23,23,23,23,818,8180,-1.37807,-2.686221,-4.216467,-2.063876,-0.3885287,-1.146796,-1.163985,-69.23103,-0.6181059,-0.6039085,-0.5959911,0.1212203,0.3312239,0.1126166,-5.297528E-05,0.8060782,22,22,22,22,22,22,22,22,22,22,22,22,22,22,22,22
819,8190,-81.87892,-54.52827,-45.90806,-35.68648,-21.60408,-9.134917,-2.554295,-1.757872,-1.98158,-2.461043,-2.37724,-2.018253,-1.669067,-1.792038,-2.387729,0.2414517,23,23,23,23,23,23,23,23,23,23,23,23,23,23,23,23,819,8190,-0.8069856,-0.7908021,-1.310673,-1.422063,-10.90322,-15.34431,-2.089672,-1.564585,-2.459539,-1.417575,-0.9199815,-1.616234,-1.152098,-0.7797206,-0.3613443,-1.243519,23,23,23,23,22,22,23,23,23,23,23,23,23,23,23,23,819,8190,-1.148247,-3.709527,-4.983093,-1.676907,-0.9065225,-0.7645456,-0.5173421,-67.59084,-0.4945029,0.0009856612,0.357618,-0.2426107,-0.7696376,-0.7767331,-0.6640676,0.9230925,22,22,22,22,22,22,22,22,22,22,22,22,22,22,22,22
820,8200,-83.44192,-56.22094,-46.27725,-34.71224,-21.84547,-7.90099,-3.702635,-2.761151,-1.98158,-2.584092,-2.25843,-2.144364,-2.742052,-2.269912,-1.671414,-0.3620603,23,23,23,23,23,23,23,23,23,23,23,23,23,23,23,23,820,8200,-0.537988,-0.2636042,-1.965286,-1.680621,-11.03458,-15.46703,-1.306064,-1.955722,-2.33009,-1.031331,-1.182826,-2.154963,-0.8960848,-2.116324,-0.9635929,-1.243519,23,23,23,23,22,22,23,23,23,23,23,23,23,23,23,23,820,8200,-1.263159,-2.430396,-4.216467,-1.676905,-0.1295318,-4.494872E-05,-1.034656,-68.57495,-0.6181059,-0.6039085,0.7152216,0.4850512,0.4413097,-0.22089,-0.3320602,1.274142,22,22,22,22,22,22,22,22,22,22,22,22,22,22,22,22
821,8210,-85.36561,-56.58365,-49.35381,-39.9488,-20.51783,-6.790454,-2.426702,-2.510371,-1.610043,-2.214942,-1.78319,-1.639922,-1.192184,-2.269912,-1.432643,0.2414517,23,23,23,23,23,23,23,23,23,23,23,23,23,23,23,23,821,8210,-0.8069856,-1.976998,-1.310673,-1.551342,-10.90322,-15.09881,-1.306064,-2.216482,-1.165051,-1.546323,-1.44567,-1.750916,-0.7680773,-2.116324,-1.445391,-1.582654,23,23,23,23,22,22,23,23,23,23,23,23,23,23,23,23,821,8210,-0.3438705,-3.069961,-4.344238,-1.289935,-0.7770253,-0.7645456,-0.2586847,-68.13757,-0.1236949,0.0009856612,0.2384168,0.1212203,0.0009663975,-0.5543959,-0.2213901,0.6890638,22,22,22,22,22,22,22,22,22,22,22,22,22,22,22,22
822,8220,-83.56215,-56.94636,-48.61544,-36.53895,-17.5005,-6.790455,-2.299109,-2.635761,-1.486197,-2.953242,-1.426761,-2.396528,-1.430625,-3.584066,-1.552029,4.655403E-05,23,23,23,23,23,23,23,23,23,23,23,23,23,23,23,23,822,8220,-1.882975,-2.635996,-1.572518,-1.422063,-11.16593,-14.97609,-2.220274,-2.346859,-1.553397,-1.546323,-1.44567,-1.212185,-1.792133,-2.004938,-1.92719,-1.469608,23,23,23,23,22,22,23,23,23,23,23,23,23,23,23,23,822,8220,-1.033336,-2.430396,-3.833154,-1.547915,-1.29502,-1.146744,-0.3880134,-68.46561,-1.606927,-1.934676,0.4768192,-0.3638856,-0.6595518,0.2237844,-0.3320602,1.157128,22,22,22,22,22,22,22,22,22,22,22,22,22,22,22,22
823,8230,-84.40376,-57.06727,-49.10769,-38.36565,-17.01772,-6.173491,-1.916194,-3.388099,-1.857734,-3.691544,-2.61486,-2.396528,-1.907508,-3.703535,-1.313257,-0.844869,23,23,23,23,23,23,23,23,23,23,23,23,23,23,23,23,823,8230,-1.613978,-1.054401,-0.786975,-1.93918,-10.77187,-15.09881,-2.612077,-1.564585,-1.294499,-1.160079,-1.051402,-1.077503,-2.048148,-1.448021,-0.8431432,-1.469608,23,23,23,23,22,22,23,23,23,23,23,23,23,23,23,23,823,8230,-0.8035161,-2.558308,-3.449842,-1.418925,-0.9065241,-1.019328,-0.3880142,-67.70019,0.4943179,0.4849004,-0.1191863,0.2424983,0.3312239,0.2237844,-0.7747361,0.9230925,22,22,22,22,22,22,22,22,22,22,22,22,22,22,22,22
824,8240,-86.80837,-58.27631,-47.63094,-34.22512,-14.96593,-4.569384,-1.532956,-2.384982,-1.238506,-2.214942,-1.66438,-2.018253,-1.311405,-2.150445,-1.432643,-0.1206552,23,23,23,23,23,23,23,23,23,23,23,23,23,23,23,23,824,8240,-1.882975,-1.845199,-1.310673,-1.422063,-10.64057,-15.95803,-2.873281,-1.434204,-1.035602,-0.9025827,-1.971361,-0.6734554,-1.92014,-1.002488,-0.7226935,-1.130473,23,23,23,23,22,22,23,23,23,23,23,23,23,23,23,23,824,8240,-0.6886047,-3.197874,-3.833154,-1.289935,-1.165521,-0.891911,-2.88956E-05,-67.91887,-0.1236949,-0.9668437,-0.4767899,-0.6064385,0.0009663975,-0.4432273,0.4426245,0.2209936,22,22,22,22,22,22,22,22,22,22,22,22,22,22,22,22
825,8250,-89.33321,-58.51813,-48.86156,-35.19936,-13.39693,-3.828859,-1.788448,-2.259592,-1.981529,-1.845792,-2.13962,-1.513811,-1.549846,-1.672569,-1.671414,0.8449637,23,23,23,23,23,23,23,23,23,23,23,23,23,23,23,23,825,8250,-2.017474,-1.713399,-1.048827,-1.680621,-9.983804,-16.0808,-1.959071,-1.303824,-0.9061533,-1.546323,-0.7885578,-2.020281,-1.152098,-0.7797206,-0.4817941,-1.921789,23,23,23,23,22,22,23,23,23,23,23,23,23,23,23,23,825,8250,-1.148247,-2.174569,-3.833154,-0.7739768,-1.29502,-1.911245,-1.293314,-67.91887,0.7415752,0.8478388,0.4768192,-0.2426107,0.2211381,0.557291,-0.5533974,0.5720431,22,22,22,22,22,22,22,22,22,22,22,22,22,22,22,22
826,8260,-92.45921,-59.60627,-52.30731,-37.87853,-16.41426,-5.433134,-3.575042,-3.137319,-2.972294,-2.707142,-2.61486,-2.774759,-2.622832,-2.150445,-1.313257,0.8449637,23,23,23,23,23,23,23,23,23,23,23,23,23,23,23,23,826,8260,-1.748476,-1.318001,-1.310673,-1.680621,-11.16593,-17.06274,-1.828469,-1.564581,-1.682846,-1.031331,-1.182826,-2.154963,-0.8960848,-0.8911051,-1.084042,-2.373966,23,23,23,23,22,22,23,23,23,23,23,23,23,23,23,23,826,8260,-1.60789,-3.325787,-4.216467,-0.3870068,-0.6475272,-1.274161,-1.034657,-68.13757,-4.093544E-05,-0.1199938,-0.8343935,-0.6064385,-0.1091194,0.1126166,0.4426245,-0.1300559,22,22,22,22,22,22,22,22,22,22,22,22,22,22,22,22
827,8270,-93.66151,-61.41985,-53.53793,-47.37739,-23.77656,-5.926705,-1.788448,-1.757819,-1.362301,-2.091891,-1.426811,-1.766032,-1.430625,-1.553102,-0.8357139,-0.1206552,23,23,23,23,23,23,23,23,23,23,23,23,23,23,23,23,827,8270,-0.6724866,-1.581599,-1.965286,-0.6463875,-10.90322,-15.71253,-1.567267,-1.173444,-2.459539,-1.031331,-1.971361,-1.750916,-0.8960848,-0.7797206,-1.084042,-1.808743,23,23,23,23,22,22,23,23,23,23,23,23,23,23,23,23,827,8270,-1.492978,-2.302483,-3.1943,-0.9029668,-1.165521,-1.783828,-1.163986,-67.48149,0.7415752,0.8478388,-0.3575887,0.1212203,0.3312239,0.4461216,-0.4427288,0.1039792,22,22,22,22,22,22,22,22,22,22,22,22,22,22,22,22
828,8280,-92.21875,-62.99162,-57.10674,-49.69122,-24.9835,-8.271169,-2.937075,-3.638877,-3.343831,-3.814592,-0.9515716,-2.522605,-2.026729,-2.269912,-0.7163284,0.3621534,23,23,23,23,23,23,23,23,23,23,23,23,23,23,23,23,828,8280,-1.34498,-0.7908021,-1.965286,-0.9049461,-10.77187,-16.0808,-1.044862,-0.6519298,-2.33009,-0.9025827,-1.839937,-1.077501,-1.152098,-1.225255,-0.6022438,-1.469608,23,23,23,23,22,22,23,23,23,23,23,23,23,23,23,23,828,8280,-1.263159,-3.581613,-3.960926,-0.5159968,-0.1295326,-0.1274104,-2.198614,-68.13757,1.235985,0.1219651,0.4768192,-0.3638342,-0.4393801,-0.22089,0.1106172,-0.01304155,22,22,22,22,22,22,22,22,22,22,22,22,22,22,22,22
829,8290,-95.46497,-65.1679,-59.81411,-54.44065,-29.20777,-11.60277,-4.850975,-5.143552,-3.839213,-5.291193,-1.783241,-3.657298,-2.265169,-3.225661,-1.193872,-0.6034638,23,23,23,23,23,23,23,23,23,23,23,23,23,23,23,23,829,8290,-0.4034894,-1.581599,-0.9178978,-0.9049461,-12.34805,-15.58981,-1.306064,-1.564581,-1.812295,-1.417575,-1.839937,-1.077501,-0.8960816,-1.113871,-1.084042,-0.7913382,23,23,23,23,22,22,23,23,23,23,23,23,23,23,23,23,829,8290,-1.722801,-2.430396,-3.449842,-1.160946,-1.036023,-2.038662,-0.6466716,-68.35625,0.3707667,0.2429446,-0.1191863,-0.4851122,-0.7695798,-0.22089,-0.4427288,0.6890638,22,22,22,22,22,22,22,22,22,22,22,22,22,22,22,22
830,8300,-97.26842,-63.95885,-63.75211,-56.0238,-31.13887,-11.47938,-5.488942,-5.018162,-4.582287,-5.168143,-2.25848,-4.161607,-2.026727,-2.628259,-0.8357139,-0.3620603,23,23,23,23,23,23,23,23,23,23,23,23,23,23,23,23,830,8300,-1.479479,-1.4498,-0.786975,-2.197738,-11.55999,-15.22159,-1.697869,-2.086099,-1.165051,-1.546323,-1.708517,-1.346866,-0.6400681,-1.225307,-0.3613443,-1.356562,23,23,23,23,22,22,23,23,23,23,23,23,23,23,23,23,830,8300,-1.263159,-3.069961,-3.449842,-0.7739768,-1.165521,-0.7644942,-1.939956,-68.46561,0.7415752,-0.482929,0.5960204,-0.6063871,0.001024189,0.2238358,0.553293,0.2209936,22,22,22,22,22,22,22,22,22,22,22,22,22,22,22,22
831,8310,-97.38866,-63.11251,-64.85967,-56.75448,-31.50095,-11.84956,-5.106162,-5.268941,-5.201515,-4.183743,-3.090149,-3.657298,-2.861272,-2.389323,-0.7163268,0.4828568,23,23,23,23,23,23,23,23,23,23,23,23,23,23,23,23,831,8310,-1.613978,-1.318001,-2.096215,-2.714855,-10.90322,-15.09881,-2.089672,-1.173444,-1.682846,-2.318812,-1.577093,-2.020278,-1.280103,-1.33669,-0.4818454,-0.6782922,23,23,23,23,22,22,23,23,23,23,23,23,23,23,23,23,831,8310,-1.148247,-2.430396,-3.833154,-1.289935,-1.813014,-1.656412,-1.293314,-68.57495,0.3707667,0.2429446,0.5960204,0.3638245,0.001024189,0.2238358,-0.1107167,1.274142,22,22,22,22,22,22,22,22,22,22,22,22,22,22,22,22
832,8320,-99.79327,-63.59614,-67.93623,-59.67721,-33.43203,-10.86242,-4.595789,-4.516603,-4.706133,-3.937643,-2.852529,-3.531221,-2.38439,-2.269854,-1.432642,-1.605311E-06,23,23,23,23,23,23,23,23,23,23,23,23,23,23,23,23,832,8320,-3.093463,-1.845199,-1.965286,-2.456296,-10.90322,-15.09881,-2.350874,-1.564581,-2.071194,-2.190064,-1.577093,-0.9428186,-1.152095,-0.779772,-1.084094,-0.904381,23,23,23,23,22,22,23,23,23,23,23,23,23,23,23,23,832,8320,-1.37807,-3.581613,-3.960926,-2.192864,-1.165521,-1.019328,-1.6813,-69.01234,-4.093544E-05,-0.1199938,-0.3575887,-0.2425593,-0.4393191,-0.1096701,0.3319591,0.1039728,22,22,22,22,22,22,22,22,22,22,22,22,22,22,22,22
833,8330,-100.0337,-64.56339,-71.25891,-66.86225,-36.0873,-12.71331,-5.106162,-3.889657,-3.467676,-3.568492,-2.852529,-3.026913,-2.622831,-2.269854,-1.313256,-0.6035136,23,23,23,23,23,23,23,23,23,23,23,23,23,23,23,23,833,8330,-3.362513,-1.845199,-2.227138,-2.327018,-11.03458,-14.73059,-2.089672,-0.7823067,-2.071194,-1.417575,-1.44567,-0.5387698,-1.152095,-0.779772,-0.9636443,-1.017427,23,23,23,23,22,22,23,23,23,23,23,23,23,23,23,23,833,8330,-1.033332,-3.453701,-4.088696,-0.3870068,-1.29502,-2.038662,-1.293314,-68.02822,0.2471642,0.7268593,0.953624,0.4851026,-0.7695798,-1.110188,-0.3320554,1.85922,22,22,22,22,22,22,22,22,22,22,22,22,22,22,22,22
834,8340,-97.26842,-64.20068,-72.12035,-65.88801,-37.41493,-12.9601,-4.723382,-4.140435,-4.334596,-3.691543,-2.496099,-3.026913,-2.145948,-3.106133,-0.5969415,-1.605311E-06,23,23,23,23,23,23,23,23,23,23,23,23,23,23,23,23,834,8340,-2.959017,-2.240597,-2.619907,-1.163505,-11.03458,-15.83531,-1.175464,-2.086099,-2.33009,-1.417575,-0.7885578,-1.481548,-0.3840531,-0.8911565,-0.6022952,-1.695697,23,23,23,23,22,22,23,23,23,23,23,23,23,23,23,23,834,8340,-2.067529,-4.22118,-4.727551,-1.547915,-0.7770253,-0.7644942,-0.9053282,-68.79365,0.1235616,0.4849004,0.119216,-0.2425593,-0.2191475,0.001498558,0.2212906,1.157121,22,22,22,22,22,22,22,22,22,22,22,22,22,22,22,22
835,8350,-98.23026,-65.04702,-72.73564,-66.25335,-38.13909,-11.60277,-3.319855,-4.015046,-2.848448,-4.060693,-2.37729,-3.026913,-1.669065,-3.822945,-1.671414,-0.7242153,23,23,23,23,23,23,23,23,23,23,23,23,23,23,23,23,835,8350,-3.362513,-3.426793,-2.48899,-1.680621,-10.77187,-15.58981,-0.7836584,-2.086099,-1.553397,-0.6450868,-1.182826,-1.481548,-0.2560472,-1.33669,-1.204543,-1.469608,23,23,23,23,22,22,23,23,23,23,23,23,23,23,23,23,835,8350,-0.4587787,-2.814136,-4.344239,-0.6449868,-1.036023,-1.401578,-0.9053282,-68.79365,-0.2472464,-0.2409701,1.484913E-05,1.576592,0.5514534,-0.7766817,0.6639664,0.8060718,22,22,22,22,22,22,22,22,22,22,22,22,22,22,22,22
836,8360,-98.47073,-65.40974,-75.07383,-66.13157,-37.17354,-11.60277,-4.595789,-4.140435,-3.963059,-4.183743,-2.971338,-3.405144,-1.788286,-3.942414,-1.432642,-0.7242153,23,23,23,23,23,23,23,23,23,23,23,23,23,23,23,23,836,8360,-5.514493,-5.535586,-3.536379,-1.809952,-10.90322,-15.09881,-1.828469,-2.086099,-1.682846,-1.031331,-1.182826,-1.212183,-0.8960816,-1.67084,-0.8431946,-1.243519,23,23,23,23,22,22,23,23,23,23,23,23,23,23,23,23,836,8360,-1.148244,-3.709528,-4.599781,-1.418927,-1.554017,-0.6370775,-1.293314,-68.57495,0.2471642,0.3639241,1.484913E-05,-0.7276652,-0.4393191,-0.3320073,0.5532963,1.742206,22,22,22,22,22,22,22,22,22,22,22,22,22,22,22,22
837,8370,-96.54704,-66.01426,-74.58158,-63.57418,-36.0873,-12.09635,-3.192262,-2.88654,-2.848448,-3.199342,-2.73372,-3.279067,-2.622831,-3.345071,-2.148957,-0.3621085,23,23,23,23,23,23,23,23,23,23,23,23,23,23,23,23,837,8370,-6.052487,-6.062784,-3.405456,-1.680673,-11.82269,-14.60787,-1.306064,-2.086099,-1.035602,-0.7738347,-1.314249,-0.6734522,-1.536118,-1.448073,-1.445442,-0.904381,23,23,23,23,22,22,23,23,23,23,23,23,23,23,23,23,837,8370,-1.148244,-3.069962,-4.599781,-1.289937,-1.294967,-1.783828,-1.163986,-68.35625,-4.093544E-05,0.4849004,0.5960204,0.6063775,-0.3292333,-0.5543445,-0.1107167,1.157121,22,22,22,22,22,22,22,22,22,22,22,22,22,22,22,22
838,8380,-98.35049,-66.49788,-77.28896,-62.2346,-36.208,-12.34313,-3.447449,-3.011929,-3.467676,-2.091891,-3.565388,-2.648682,-3.695817,-3.46454,-2.507114,0.3621053,23,23,23,23,23,23,23,23,23,23,23,23,23,23,23,23,838,8380,-6.455984,-5.667386,-3.798224,-2.844186,-11.03458,-15.34431,-2.220274,-1.303824,-1.553397,-1.160079,-1.182826,-0.9428186,-1.792133,-0.8911565,-0.7227449,-0.904381,23,23,23,23,22,22,23,23,23,23,23,23,23,23,23,23,838,8380,-1.607886,-3.453701,-4.47201,-0.7739776,-0.5179762,-0.6371288,-1.551971,-67.91887,0.7415752,0.8478388,0.357618,-0.4851122,-0.2191475,0.001498558,0.4426277,0.6890574,22,22,22,22,22,22,22,22,22,22,22,22,22,22,22,22
839,8390,-100.3944,-66.8606,-77.41202,-68.20184,-43.44961,-17.03206,-5.488942,-2.384982,-2.105374,-3.076292,-2.852529,-2.522605,-2.980493,-3.106133,-1.671414,-0.4828118,23,23,23,23,23,23,23,23,23,23,23,23,23,23,23,23,839,8390,-7.800672,-6.062784,-4.321922,-4.266258,-10.11516,-16.81724,-2.742628,-1.955719,-1.812295,-2.318812,-1.577093,-2.424327,-1.792133,-1.225307,-0.6022952,-2.034832,23,23,23,23,22,22,23,23,23,23,23,23,23,23,23,23,839,8390,-1.722798,-3.325788,-4.216467,-0.7739776,-0.6474742,-1.401629,-2.198612,-68.35625,0.6179726,0.1219651,-0.2383875,0.3638245,-0.1090616,-0.5543445,-0.1107167,1.040107,22,22,22,22,22,22,22,22,22,22,22,22,22,22,22,22
840,8400,-99.91349,-66.01426,-80.11938,-75.38688,-53.94994,-24.8058,-7.020062,-1.381193,-1.114609,-1.722741,-2.73372,-1.639921,-2.145948,-3.345071,-1.790799,0.2414035,23,23,23,23,23,23,23,23,23,23,23,23,23,23,23,23,840,8400,-7.531973,-5.799185,-4.976542,-4.524817,-10.50922,-16.20353,-3.265033,-2.086099,-2.459539,-2.576308,-2.497052,-2.020278,-1.920137,-1.448073,-0.9636443,-2.147878,23,23,23,23,22,22,23,23,23,23,23,23,23,23,23,23,840,8400,-1.378063,-3.965354,-4.47201,-1.031957,-0.6474742,-0.8919623,-0.3880134,-67.91887,-0.2472464,0.3639241,0.8344228,0.2425497,-0.2191475,-0.7766817,-0.2213869,1.391156,22,22,22,22,22,22,22,22,22,22,22,22,22,22,22,22
841,8410,-95.34473,-65.77245,-77.53507,-66.13157,-46.94973,-22.83152,-6.126908,-2.88654,-1.609992,-3.691543,-2.37729,-2.774759,-2.622831,-3.584007,-1.910185,-0.2414067,23,23,23,23,23,23,23,23,23,23,23,23,23,23,23,23,841,8410,-6.724981,-5.930984,-4.583767,-5.171213,-10.37786,-16.69452,-1.828418,-3.389891,-3.365681,-3.863789,-3.548432,-4.175201,-1.664125,-1.448073,-1.686342,-1.356562,23,23,23,23,22,22,23,23,23,23,23,23,23,23,23,23,841,8410,-1.033332,-2.430397,-3.833155,-0.9029668,-0.5179762,-0.8919623,-1.163985,-68.35625,-0.6181055,-0.1199938,-0.3575887,0.2425497,-0.1090616,-0.5543445,0.4426277,1.274142,22,22,22,22,22,22,22,22,22,22,22,22,22,22,22,22
842,8420,-95.46496,-65.65154,-73.96627,-56.0238,-38.50118,-19.49991,-7.020062,-2.76115,-2.353065,-2.584039,-2.614909,-2.144363,-2.265169,-3.345071,-1.432642,-0.9656205,23,23,23,23,23,23,23,23,23,23,23,23,23,23,23,23,842,8420,-6.590482,-5.008388,-4.452845,-4.136979,-11.03458,-16.20353,-2.481425,-3.389891,-4.012927,-3.477545,-4.46839,-3.905833,-2.432167,-1.225307,-1.806792,-1.243519,23,23,23,23,22,22,23,23,23,23,23,23,23,23,23,23,842,8420,-1.378063,-3.197876,-4.216467,-0.6449876,-0.7769731,-0.509712,-0.3880134,-67.91887,0.1235102,0.8478355,1.484913E-05,-0.9702181,-1.320009,-0.4431759,0.3319591,1.040107,22,22,22,22,22,22,22,22,22,22,22,22,22,22,22,22
843,8430,-96.54704,-66.13516,-75.31995,-62.35638,-40.91504,-16.04491,-5.361348,-2.88654,-2.105374,-2.337939,-2.13962,-1.513811,-1.788286,-2.867197,-1.910185,-1.086322,23,23,23,23,23,23,23,23,23,23,23,23,23,23,23,23,843,8430,-6.052487,-4.744789,-5.107465,-4.395537,-10.50922,-17.06274,-2.481425,-4.824063,-5.048518,-4.378781,-6.045461,-5.117978,-3.200209,-2.339141,-2.770389,-1.921789,23,23,23,23,22,22,23,23,23,23,23,23,23,23,23,23,843,8430,-0.6885983,-3.069962,-4.855322,-0.9029668,-0.2589785,-0.3822953,-1.681299,-68.35625,-0.1236949,1.089791,1.072826,0.2425497,-0.2191475,-0.2208387,0.774635,1.157121,22,22,22,22,22,22,22,22,22,22,22,22,22,22,22,22
844,8440,-97.74934,-65.40974,-77.7812,-62.96528,-42.84614,-17.89581,-5.106162,-2.259592,-2.353065,-1.599639,-2.02081,-1.63987,-2.145948,-1.194637,-1.313256,0.2414035,23,23,23,23,23,23,23,23,23,23,23,23,23,23,23,23,844,8440,-6.321485,-5.930984,-5.238388,-4.912654,-11.55999,-15.58981,-2.350823,-5.08482,-5.177967,-5.15127,-6.176885,-4.848613,-3.840244,-3.118824,-2.890838,-1.356562,23,23,23,23,22,22,23,23,23,23,23,23,23,23,23,23,844,8440,-1.033332,-3.325788,-4.47201,-0.7739776,-1.294967,-0.7645456,-1.810627,-68.79365,-0.3709,0.6058766,0.3576188,-0.2425625,-0.1090616,-0.7766817,0.1106204,1.625192,22,22,22,22,22,22,22,22,22,22,22,22,22,22,22,22
845,8450,-99.91349,-67.94874,-81.10389,-67.95827,-46.22556,-18.0192,-5.999315,-2.76115,-2.724602,-3.07624,-2.13962,-2.522605,-2.026779,-1.911449,-0.835713,-0.4828118,23,23,23,23,23,23,23,23,23,23,23,23,23,23,23,23,845,8450,-7.397475,-6.589983,-6.154854,-6.205447,-11.55999,-15.46703,-2.481425,-5.867095,-5.048518,-5.79501,-7.491108,-5.252661,-4.352273,-4.566809,-2.52949,-2.260924,23,23,23,23,22,22,23,23,23,23,23,23,23,23,23,23,845,8450,-0.9184211,-2.558309,-4.088697,-1.031957,-0.9064711,-0.7645456,-3.750554,-69.12168,-0.2472974,-0.2409765,0.715222,0.6063743,0.551402,-0.1096701,0.3319591,0.8060718,22,22,22,22,22,22,22,22,22,22,22,22,22,22,22,22
846,8460,-101.3563,-67.34422,-79.7502,-68.68896,-44.65654,-16.41509,-4.723382,-2.635761,-2.353065,-3.44539,-2.02081,-2.522605,-2.145999,-2.030924,-1.313256,0.8449139,23,23,23,23,23,23,23,23,23,23,23,23,23,23,23,23,846,8460,-8.203736,-7.907978,-7.07132,-7.627518,-11.29728,-15.46703,-2.612026,-6.518787,-5.695762,-7.211114,-6.176885,-4.983296,-5.504338,-4.009891,-2.40904,-1.582654,23,23,23,23,22,22,23,23,23,23,23,23,23,23,23,23,846,8460,-1.378063,-3.581614,-4.727552,-0.7739776,-1.553964,-1.274213,-2.327941,-68.57495,-0.6181055,0.4848971,0.5960208,-0.9702213,-0.5494596,-0.7766817,-4.815934E-05,0.6890574,22,22,22,22,22,22,22,22,22,22,22,22,22,22,22,22
847,8470,-102.0776,-67.82784,-82.94982,-75.99578,-54.19132,-29.37134,-12.12379,-4.391214,-1.857683,-4.060641,-1.545571,-3.15299,-1.192234,-2.747736,-1.552028,-0.120705,23,23,23,23,23,23,23,23,23,23,23,23,23,23,23,23,847,8470,-8.069382,-7.776178,-6.940397,-7.498239,-11.03458,-15.22159,-3.134431,-6.77913,-6.084109,-7.982959,-6.702573,-5.252661,-3.968251,-4.009891,-2.16814,-1.808743,23,23,23,23,22,22,23,23,23,23,23,23,23,23,23,23,847,8470,-1.263155,-2.814136,-4.47201,-1.934886,-1.553964,-0.509712,-2.069284,-68.90298,0.1235102,-0.119997,0.3576188,0.3638214,0.6614878,-0.3320073,-0.4427224,1.040107,22,22,22,22,22,22,22,22,22,22,22,22,22,22,22,22
848,8480,-100.8753,-69.15779,-79.38101,-64.54842,-45.98418,-25.54616,-10.97546,-4.140435,-2.476911,-3.56844,-2.37724,-2.270423,-2.026779,-1.911456,-0.3581707,-0.9655643,23,23,23,23,23,23,23,23,23,23,23,23,23,23,23,23,848,8480,-10.08471,-8.566835,-8.379115,-8.403193,-10.50922,-14.97609,-3.656837,-5.997475,-6.731353,-7.468396,-6.176885,-5.656708,-4.992308,-3.898508,-2.28859,-1.356562,23,23,23,23,22,22,23,23,23,23,23,23,23,23,23,23,848,8480,-1.263155,-3.069962,-4.599781,-1.160947,-1.812961,-1.274213,-0.7759987,-68.13757,-9.23054E-05,0.3639176,0.2384176,-0.3638374,-0.9898029,-1.221357,0.2212922,0.4679547,22,22,22,22,22,22,22,22,22,22,22,22,22,22,22,22
849,8490,-98.59096,-68.19055,-76.18139,-56.99804,-39.9495,-21.72098,-9.189148,-4.015046,-2.476911,-3.32234,-1.426761,-2.270423,-0.5961308,-1.55305,-0.9550992,0.1207563,23,23,23,23,23,23,23,23,23,23,23,23,23,23,23,23,849,8490,-11.15954,-9.356655,-9.555982,-8.919572,-10.77187,-15.46703,-4.04864,-5.997475,-6.472455,-6.824995,-5.782614,-4.444566,-3.840244,-2.896059,-2.047691,-1.921789,23,23,23,23,22,22,23,23,23,23,23,23,23,23,23,23,849,8490,-1.263149,-2.430397,-4.47201,-1.805897,-0.7769731,-0.509712,-1.939955,-69.01234,-0.6181055,-0.4829322,-0.3575883,0.4850994,0.6614878,0.6685103,0.1106236,0.3509211,22,22,22,22,22,22,22,22,22,22,22,22,22,22,22,22
850,8500,-97.86958,-68.19054,-71.87421,-49.32588,-35.72522,-18.88295,-10.0823,-4.265824,-3.34383,-3.19929,-1.78319,-3.279068,-2.384441,-2.150393,-1.910186,0.3621615,23,23,23,23,23,23,23,23,23,23,23,23,23,23,23,23,850,8500,-12.23438,-10.54138,-11.64818,-9.435966,-10.90322,-15.58981,-4.309844,-6.258233,-7.1197,-5.79501,-5.38835,-4.579248,-3.968251,-3.452973,-2.16814,-1.921789,23,23,23,23,22,22,23,23,23,23,23,23,23,23,23,23,850,8500,-1.263149,-3.069963,-4.727552,-2.063876,-2.071958,-1.401629,-0.7759987,-68.13757,-0.6181055,-0.4829322,0.715222,0.2425465,-0.7696312,-0.6655131,-0.4427224,2.106464,22,22,22,22,22,22,22,22,22,22,22,22,22,22,22,22
851,8510,-96.18636,-68.79506,-71.62808,-54.44065,-37.17355,-17.89581,-10.2099,-5.89589,-4.458441,-6.275542,-3.090099,-4.665915,-3.218985,-2.867203,-1.074485,-0.7241592,23,23,23,23,23,23,23,23,23,23,23,23,23,23,23,23,851,8510,-14.24971,-12.51593,-12.56353,-9.823262,-11.03458,-15.34431,-3.91804,-6.258233,-6.860802,-5.408766,-4.731238,-4.444566,-3.328217,-3.007442,-2.16814,-2.034832,23,23,23,23,22,22,23,23,23,23,23,23,23,23,23,23,851,8510,-1.952614,-2.942049,-4.088697,-1.418927,-2.071958,-1.019379,-2.845255,-69.44973,-0.6181055,0.1219619,0.3576188,-0.1212845,0.6614878,0.5573424,-0.2213837,0.8190684,22,22,22,22,22,22,22,22,22,22,22,22,22,22,22,22
852,8520,-96.66727,-68.43235,-73.47402,-59.43365,-42.48406,-19.87009,-9.954708,-6.146668,-5.201515,-6.767742,-3.446528,-5.2963,-3.815088,-4.061889,-2.507115,0.4828632,23,23,23,23,23,23,23,23,23,23,23,23,23,23,23,23,852,8520,-13.84664,-12.91084,-12.302,-10.33966,-11.69134,-15.58981,-4.04864,-7.03947,-6.213558,-5.15127,-4.599814,-4.848613,-3.456224,-3.230207,-1.565892,-1.921789,23,23,23,23,22,22,23,23,23,23,23,23,23,23,23,23,852,8520,-2.067525,-3.709529,-4.727552,-2.192866,-2.201457,-2.803214,-1.681299,-67.70019,0.1235102,-0.6039117,1.525046E-05,0.2425465,-0.2191988,-0.4431759,0.1106236,0.7020283,22,22,22,22,22,22,22,22,22,22,22,22,22,22,22,22
853,8530,-98.59096,-68.06963,-74.95077,-61.62571,-39.09331,-21.10402,-9.954708,-7.776732,-5.696897,-8.735294,-4.397007,-7.187455,-4.05353,-4.89817,-3.462201,-0.6034574,23,23,23,23,23,23,23,23,23,23,23,23,23,23,23,23,853,8530,-14.11535,-13.8323,-12.69429,-10.72695,-10.77187,-15.95803,-4.309844,-7.690324,-6.343006,-4.765026,-4.46839,-4.309884,-3.072201,-3.007442,-2.28859,-2.147878,23,23,23,23,22,22,23,23,23,23,23,23,23,23,23,23,853,8530,-1.148237,-2.814136,-4.088697,-1.547917,-1.295018,-1.656463,-2.198612,-69.34038,0.1235102,-0.7248912,0.2384176,0.4850994,0.2211445,-0.2208387,-0.4427224,0.233881,22,22,22,22,22,22,22,22,22,22,22,22,22,22,22,22
854,8540,-100.7551,-68.55325,-75.93526,-61.50392,-41.86878,-19.74669,-10.0823,-7.776732,-6.192024,-8.366503,-5.109867,-7.187455,-4.888075,-5.495512,-2.507115,-0.8448625,23,23,23,23,23,23,23,23,23,23,23,23,23,23,23,23,854,8540,-13.17487,-14.09557,-12.302,-10.98515,-10.90322,-15.58981,-4.962851,-7.690324,-6.731353,-5.408766,-4.862655,-3.905833,-3.072201,-3.452973,-2.28859,-1.695697,23,23,23,23,22,22,23,23,23,23,23,23,23,23,23,23,854,8540,-1.263149,-2.942049,-4.216467,-1.934886,-1.683513,-1.78388,-1.681299,-67.91887,0.3707153,-0.119997,0.3576188,0.4850994,0.0009728187,-0.8878503,-0.9960668,0.5849947,22,22,22,22,22,22,22,22,22,22,22,22,22,22,22,22
855,8550,-98.47073,-69.15778,-74.58158,-60.77324,-39.81735,-19.12973,-9.061557,-8.529069,-7.552751,-8.981156,-4.753436,-8.196072,-4.530412,-5.137107,-3.462201,-0.8448625,23,23,23,23,23,23,23,23,23,23,23,23,23,23,23,23,855,8550,-14.11535,-13.56903,-12.43276,-10.46875,-11.69134,-15.22159,-5.485254,-8.601519,-6.472455,-5.022521,-5.65119,-4.444566,-3.968251,-4.009891,-2.890838,-1.695697,23,23,23,23,22,22,23,23,23,23,23,23,23,23,23,23,855,8550,-1.37806,-2.942049,-4.47201,-1.289937,-1.942511,-1.78388,-2.069284,-68.57495,-0.4945029,-1.329785,0.2384176,0.1212684,-0.109113,0.001498558,-0.3320538,0.233881,22,22,22,22,22,22,22,22,22,22,22,22,22,22,22,22
856,8560,-97.86958,-69.39959,-73.84321,-55.90203,-39.45533,-20.73384,-13.27214,-8.027512,-8.418669,-8.735294,-6.178773,-8.700379,-5.84184,-5.73445,-4.775445,0.7242683,23,23,23,23,23,23,23,23,23,23,23,23,23,23,23,23,856,8560,-13.17487,-13.56903,-11.90971,-10.46875,-11.82269,-15.46703,-6.138263,-8.601519,-6.731353,-4.765026,-5.782614,-4.040519,-3.840244,-4.232657,-2.649939,-1.808743,23,23,23,23,22,22,23,23,23,23,23,23,23,23,23,23,856,8560,-1.952614,-2.814136,-4.344239,-1.805897,-2.201508,-1.529046,-1.293313,-67.91887,0.1235102,0.1219619,-1.191996,-0.6063903,-0.3292847,-0.2208387,-0.6640595,0.5849947,22,22,22,22,22,22,22,22,22,22,22,22,22,22,22,22
857,8570,-97.26842,-69.8832,-74.70464,-61.26036,-43.79953,-22.58473,-11.9962,-9.030627,-7.923859,-9.71874,-6.772165,-9.835073,-6.318722,-6.809667,-5.491759,-0.9655643,23,23,23,23,23,23,23,23,23,23,23,23,23,23,23,23,857,8570,-13.30922,-12.51593,-11.2559,-10.98515,-11.16593,-16.57174,-5.877059,-7.690324,-6.213555,-4.765026,-5.256926,-5.252661,-5.120316,-3.787125,-3.372637,-2.826147,23,23,23,23,22,22,23,23,23,23,23,23,23,23,23,23,857,8570,-2.297348,-2.942049,-4.216467,-1.547917,-1.295018,-0.7645456,-0.9053274,-68.79365,-9.23054E-05,-0.7248912,-0.1191859,0.1212684,0.2211445,0.3350052,-0.3320538,0.3509211,22,22,22,22,22,22,22,22,22,22,22,22,22,22,22,22
858,8580,-98.11004,-69.76231,-76.18139,-62.47816,-45.00626,-23.20169,-12.88936,-9.532186,-7.923859,-10.45633,-7.365559,-9.961149,-7.153267,-8.481611,-5.491759,0.2414597,23,23,23,23,23,23,23,23,23,23,23,23,23,23,23,23,858,8580,-11.15954,-10.93629,-10.20979,-10.59785,-10.37786,-16.69452,-6.399463,-7.29981,-6.213555,-5.280018,-4.994079,-5.252661,-4.608289,-4.232657,-3.974885,-3.956598,23,23,23,23,22,22,23,23,23,23,23,23,23,23,23,23,858,8580,-2.642079,-2.942049,-4.344239,-1.418927,-2.590003,-2.293547,-1.034656,-68.46561,0.2471128,0.2429446,-0.7151919,-0.4851155,-0.4393705,-0.1096701,-0.7747297,0.4679547,22,22,22,22,22,22,22,22,22,22,22,22,22,22,22,22
859,8590,-97.98981,-72.0595,-77.04283,-67.71472,-47.05769,-25.54615,-13.9101,-10.40991,-7.305346,-10.70219,-8.196307,-10.08723,-7.868591,-9.436299,-7.16316,-0.9655643,23,23,23,23,23,23,23,23,23,23,23,23,23,23,23,23,859,8590,-9.41293,-8.566835,-8.379115,-9.694163,-10.64057,-16.44902,-5.746458,-6.258233,-5.436862,-4.893774,-4.205544,-4.713931,-4.096259,-3.675742,-2.52949,-3.730509,23,23,23,23,22,22,23,23,23,23,23,23,23,23,23,23,859,8590,-3.791187,-4.221181,-4.088697,-1.418927,-1.295018,-1.019379,-2.069284,-68.6843,0.4943179,-0.3619496,-0.1191863,-0.3638374,0.3312303,-0.2208387,0.3319607,-0.3512999,22,22,22,22,22,22,22,22,22,22,22,22,22,22,22,22
860,8600,-100.9956,-71.69678,-80.61163,-74.77798,-54.90139,-32.45615,-18.63106,-10.15913,-7.552751,-9.718741,-7.484236,-7.943915,-8.345472,-9.913642,-8.236794,5.458059E-05,23,23,23,23,23,23,23,23,23,23,23,23,23,23,23,23,860,8600,-7.262923,-7.38078,-7.85606,-8.273861,-10.77187,-16.69452,-6.530065,-5.867095,-5.954659,-3.992537,-4.205544,-4.713934,-3.456224,-3.787125,-3.252187,-4.182687,23,23,23,23,22,22,23,23,23,23,23,23,23,23,23,23,860,8600,-3.446456,-3.709529,-3.960926,-1.289937,-1.942511,-1.529046,-0.5173421,-68.13757,0.2471128,0.4849004,-0.7151923,-5.458059E-05,0.0009728187,0.112668,-0.2213837,-0.0001926374,22,22,22,22,22,22,22,22,22,22,22,22,22,22,22,22
861,8610,-101.3563,-71.57587,-82.7037,-75.99579,-57.31484,-31.83919,-16.58956,-9.782964,-8.047561,-8.612364,-8.433665,-8.069993,-9.06075,-9.078293,-8.832853,-0.1206472,23,23,23,23,23,23,23,23,23,23,23,23,23,23,23,23,861,8610,-5.245443,-5.799185,-7.202236,-5.946836,-11.16593,-16.57174,-5.485254,-4.824063,-5.307413,-3.220048,-3.811279,-3.905837,-2.688185,-2.339141,-1.806792,-3.956598,23,23,23,23,22,22,23,23,23,23,23,23,23,23,23,23,861,8610,-3.101722,-3.709529,-3.833155,-1.289937,-0.6475256,-1.401629,-1.422641,-68.02822,0.6179212,-0.3619496,1.484913E-05,-5.458059E-05,-0.1090649,-0.2208387,0.1106236,-0.0001926374,22,22,22,22,22,22,22,22,22,22,22,22,22,22,22,22
862,8620,-103.7609,-73.75217,-85.41106,-79.6492,-63.22778,-34.80061,-18.50346,-9.908353,-9.160883,-9.34995,-9.027058,-8.952532,-9.776074,-9.674971,-8.236794,-0.2413505,23,23,23,23,23,23,23,23,23,23,23,23,23,23,23,23,862,8620,-5.917936,-5.535586,-6.940384,-6.205394,-10.90322,-17.18546,-5.877059,-5.345578,-5.825209,-2.833804,-3.285584,-4.44457,-2.688185,-2.116375,-3.493087,-3.052239,23,23,23,23,22,22,23,23,23,23,23,23,23,23,23,23,862,8620,-2.642079,-3.581615,-3.833155,-0.2580185,-0.2590298,-1.019379,-1.422641,-68.46561,-9.23054E-05,0.3639241,0.2384168,0.3637732,-0.4393256,-0.5543959,-0.553391,1.053136,22,22,22,22,22,22,22,22,22,22,22,22,22,22,22,22
863,8630,-103.5204,-72.66402,-87.74925,-86.34711,-69.98544,-42.82114,-22.71404,-13.04309,-8.418669,-9.104087,-8.433665,-8.826454,-9.299191,-9.316964,-7.879157,-0.3620523,23,23,23,23,23,23,23,23,23,23,23,23,23,23,23,23,863,8630,-6.455931,-6.326383,-7.725297,-7.498186,-11.42864,-15.95803,-5.485254,-4.693683,-5.566311,-3.220048,-3.811279,-2.693695,-1.92014,-1.448073,-2.529438,-3.165282,23,23,23,23,22,22,23,23,23,23,23,23,23,23,23,23,863,8630,-3.216633,-3.965354,-3.960926,-0.7739776,-0.9065225,-0.3822953,-1.163985,-68.57495,0.4943179,-0.1199938,-0.2383875,-0.7277165,-0.4393256,0.001447188,0.1106188,0.1168474,22,22,22,22,22,22,22,22,22,22,22,22,22,22,22,22
864,8640,-100.8753,-72.90583,-87.74925,-85.73821,-68.05468,-42.57436,-20.28977,-13.79543,-9.903098,-11.5627,-9.027058,-10.59153,-9.537633,-10.51032,-7.998369,-0.7241672,23,23,23,23,23,23,23,23,23,23,23,23,23,23,23,23,864,8640,-4.841947,-5.667386,-5.762073,-6.98107,-11.82269,-15.34431,-5.485254,-5.475958,-4.53072,-3.477545,-4.205544,-3.097742,-2.304163,-2.227758,-2.770337,-1.695703,23,23,23,23,22,22,23,23,23,23,23,23,23,23,23,23,864,8640,-1.492972,-3.709529,-4.599781,-0.6449876,-0.5180275,-0.8919623,-1.293313,-68.57495,0.7415238,0.6058798,0.8344228,0.848879,0.4413643,-0.22089,0.1106188,1.391156,22,22,22,22,22,22,22,22,22,22,22,22,22,22,22,22
865,8650,-102.799,-74.5985,-89.59518,-84.88575,-65.39989,-38.25561,-18.24828,-12.03998,-9.779396,-11.68563,-9.739129,-10.2133,-9.656853,-10.03298,-8.356005,-0.844869,23,23,23,23,23,23,23,23,23,23,23,23,23,23,23,23,865,8650,-5.379942,-5.008388,-5.762073,-6.463953,-12.2167,-16.32625,-5.485254,-5.606338,-4.53072,-3.735041,-3.811279,-2.828377,-1.792133,-1.67084,-2.168089,-2.713108,23,23,23,23,22,22,23,23,23,23,23,23,23,23,23,23,865,8650,-2.871908,-4.477007,-4.727552,-1.289937,-0.7770244,-0.3822953,-2.069284,-69.55907,-0.1236949,0.1219651,-0.5959911,-1.091544,-1.099841,0.001447188,0.1106188,0.3380079,22,22,22,22,22,22,22,22,22,22,22,22,22,22,22,22
866,8660,-103.0395,-73.99397,-87.74925,-78.55318,-59.48694,-33.69008,-16.58956,-11.66381,-9.284586,-11.07098,-9.264416,-9.45684,-8.822308,-8.839622,-7.163211,-0.844869,23,23,23,23,23,23,23,23,23,23,23,23,23,23,23,23,866,8660,-6.186934,-7.249032,-5.892995,-6.722511,-11.69134,-15.83531,-4.962851,-4.302546,-3.624578,-3.348797,-3.811279,-3.097742,-1.792133,-1.782223,-1.445391,-1.13048,23,23,23,23,22,22,23,23,23,23,23,23,23,23,23,23,866,8660,-1.492978,-3.325787,-4.855322,-1.031957,0.258964,-0.7645456,-1.422641,-69.23103,-9.23054E-05,0.0009856612,0.5960204,0.848879,0.2211926,-0.4432273,-4.976465E-05,0.6890574,22,22,22,22,22,22,22,22,22,22,22,22,22,22,22,22
867,8670,-103.0395,-74.35669,-87.13395,-77.33537,-59.96963,-33.07312,-17.48272,-11.53842,-10.0268,-9.718741,-10.21384,-9.078609,-10.37218,-9.674971,-8.594428,0.1207499,23,23,23,23,23,23,23,23,23,23,23,23,23,23,23,23,867,8670,-7.800672,-7.776229,-6.809461,-7.368907,-11.16593,-15.46703,-5.746458,-4.172166,-4.919067,-4.250033,-2.89132,-2.559012,-2.048148,-1.782223,-1.565841,-1.356568,23,23,23,23,22,22,23,23,23,23,23,23,23,23,23,23,867,8670,-2.412266,-4.093266,-4.727551,-1.289937,-1.683513,-0.6371288,-0.2586847,-67.80952,-0.6181059,0.2429446,0.2384168,-0.2426107,-1.099841,-1.554913,0.1106188,0.5720431,22,22,22,22,22,22,22,22,22,22,22,22,22,22,22,22
868,8680,-104.0013,-75.08212,-87.25701,-79.5274,-63.95182,-36.52811,-18.12068,-12.16537,-9.037181,-10.21046,-9.976487,-10.59153,-10.01451,-10.98766,-8.594428,0.3621534,23,23,23,23,23,23,23,23,23,23,23,23,23,23,23,23,868,8680,-7.666317,-5.931036,-5.762073,-6.076115,-11.42864,-14.97609,-6.138263,-4.041786,-4.789618,-4.121285,-3.02274,-1.616234,-2.43217,-1.448073,-0.8431432,-1.13048,23,23,23,23,22,22,23,23,23,23,23,23,23,23,23,23,868,8680,-1.033336,-2.942048,-4.855322,-0.9029668,0.1294651,-0.3822953,-1.293313,-68.57495,-1.112516,0.0009856612,0.119216,0.4850512,0.3312785,0.001447188,0.2212874,1.391156,22,22,22,22,22,22,22,22,22,22,22,22,22,22,22,22
869,8690,-104.1216,-75.44484,-88.48764,-81.11055,-64.55518,-37.88543,-22.20367,-13.29387,-9.408288,-9.227018,-9.145737,-9.204686,-10.37218,-10.39098,-9.428912,-0.1206552,23,23,23,23,23,23,23,23,23,23,23,23,23,23,23,23,869,8690,-7.935027,-6.853633,-7.85606,-6.85179,-11.55999,-15.71253,-6.007661,-5.08482,-5.825209,-4.121285,-3.02274,-2.424328,-1.92014,-1.002539,-1.084042,-2.26093,23,23,23,23,22,22,23,23,23,23,23,23,23,23,23,23,869,8690,-1.722801,-4.477005,-5.238635,-1.031956,-0.7770253,-0.3822953,-0.6466708,-67.91887,0.2471128,0.0009856612,-0.3575887,-0.3638856,-0.5494114,-0.4432273,0.1106188,0.5720431,22,22,22,22,22,22,22,22,22,22,22,22,22,22,22,22
870,8700,-102.1979,-76.53298,-85.41108,-76.60468,-61.05568,-38.25562,-22.07608,-14.1716,-10.1505,-10.94805,-9.739129,-10.2133,-10.13374,-12.06169,-10.62103,-0.9655723,23,23,23,23,23,23,23,23,23,23,23,23,23,23,23,23,870,8700,-7.397422,-6.721833,-7.333011,-6.722511,-11.16593,-15.46703,-6.138263,-5.867095,-5.177964,-4.121285,-3.417008,-3.232424,-2.304163,-1.67084,-1.565841,-1.921792,23,23,23,23,22,22,23,23,23,23,23,23,23,23,23,23,870,8700,-1.492978,-3.325787,-4.599781,-0.9029668,-0.2590314,-0.3822439,0.1293006,-67.70019,-0.1236949,-0.1199938,0.953624,-5.458059E-05,0.5514501,0.6684589,-0.2213885,0.8060718,22,22,22,22,22,22,22,22,22,22,22,22,22,22,22,22
871,8710,-103.0395,-76.8957,-86.02639,-77.94426,-60.93501,-37.02169,-21.05533,-14.1716,-10.76902,-10.94805,-10.09516,-10.2133,-11.4446,-13.49371,-12.29,-0.7241672,23,23,23,23,23,23,23,23,23,23,23,23,23,23,23,23,871,8710,-8.606801,-8.435227,-8.379115,-7.110349,-11.03458,-15.83531,-6.138259,-6.127852,-7.507628,-4.765026,-3.679855,-3.905837,-2.176155,-2.561907,-1.445391,-2.373973,23,23,23,23,22,22,23,23,23,23,23,23,23,23,23,23,871,8710,-1.722801,-3.453701,-5.110864,-1.805895,-1.29502,-0.5096607,-1.422642,-68.79365,-0.2472978,-0.2409701,-0.7151923,-0.6064385,-0.5494114,-0.22089,-0.3320571,0.4550223,22,22,22,22,22,22,22,22,22,22,22,22,22,22,22,22
872,8720,-103.4002,-76.17027,-86.6417,-78.30961,-57.91819,-33.81348,-19.77939,-12.79231,-10.64531,-10.57926,-10.56988,-10.08722,-11.0875,-13.13571,-13.36291,-0.6034638,23,23,23,23,23,23,23,23,23,23,23,23,23,23,23,23,872,8720,-9.144221,-9.093382,-7.333011,-7.239628,-10.24651,-16.0808,-5.615853,-7.299813,-5.69576,-4.121285,-3.417008,-3.501789,-2.688185,-3.007442,-2.529438,-2.26093,23,23,23,23,22,22,23,23,23,23,23,23,23,23,23,23,872,8720,-1.263159,-3.069961,-4.472009,-1.418925,-1.036023,-1.019328,-1.163986,-68.46561,0.1235102,-0.6039085,-0.1191863,0.2424983,0.3312785,0.8907961,-0.4427272,0.8060718,22,22,22,22,22,22,22,22,22,22,22,22,22,22,22,22
873,8730,-102.3181,-76.7748,-88.24151,-79.28385,-56.71148,-30.35848,-17.7379,-12.29076,-11.14012,-9.841673,-11.51931,-9.708994,-11.92071,-13.73239,-12.88606,0.3621534,23,23,23,23,23,23,23,23,23,23,23,23,23,23,23,23,873,8730,-10.21906,-10.93629,-7.463773,-8.015304,-11.95405,-15.34431,-6.007658,-8.080835,-6.343004,-4.765026,-5.38835,-3.232424,-2.944197,-3.118824,-1.92719,-1.808749,23,23,23,23,22,22,23,23,23,23,23,23,23,23,23,23,873,8730,-1.837712,-3.453701,-4.599781,-2.450844,-1.942513,-1.911245,-1.422642,-68.35625,0.6179726,0.4849004,-0.5959911,-0.4851636,-0.4393256,0.001447188,0.2212874,0.5720431,22,22,22,22,22,22,22,22,22,22,22,22,22,22,22,22
874,8740,-104.362,-77.37931,-87.99538,-79.28385,-57.67686,-30.85205,-14.16529,-10.03374,-8.666075,-8.243572,-9.383093,-8.448224,-10.4914,-12.06169,-10.85946,4.655403E-05,23,23,23,23,23,23,23,23,23,23,23,23,23,23,23,23,874,8740,-11.02519,-10.54138,-7.85606,-8.015304,-11.82269,-15.22159,-6.007658,-8.341179,-6.601902,-4.507477,-5.125502,-3.771154,-3.200212,-3.675742,-2.408988,-1.469614,23,23,23,23,22,22,23,23,23,23,23,23,23,23,23,23,874,8740,-1.952624,-3.709527,-4.344238,-1.547915,-1.813014,-2.166079,-0.7759995,-68.24692,-0.7416571,-0.2409701,0.119216,-0.3638856,0.1111068,0.557291,0.4426261,0.2209936,22,22,22,22,22,22,22,22,22,22,22,22,22,22,22,22
875,8750,-104.2418,-77.13751,-88.97988,-82.32835,-60.57299,-32.33276,-12.37898,-8.529069,-7.552751,-9.227018,-9.501772,-9.582916,-10.37218,-13.01637,-11.57473,-0.9655723,23,23,23,23,23,23,23,23,23,23,23,23,23,23,23,23,875,8750,-9.950351,-9.093382,-8.509877,-8.661375,-11.29728,-15.71253,-6.660663,-7.429981,-6.343004,-5.537462,-5.782614,-4.579252,-4.480284,-3.675742,-2.288539,-2.487019,23,23,23,23,22,22,23,23,23,23,23,23,23,23,23,23,875,8750,-2.412266,-4.093266,-4.216467,-2.708823,-3.107999,-2.675746,-0.2586863,-67.91887,0.2471642,0.6058798,-0.3576401,-5.458059E-05,-0.2191507,0.1126166,-0.5533957,1.040107,22,22,22,22,22,22,22,22,22,22,22,22,22,22,22,22
876,8760,-103.5204,-78.58837,-89.47214,-80.74522,-59.12493,-30.48187,-11.10305,-9.030627,-8.047561,-10.08753,-10.09517,-9.45684,-10.72984,-12.53903,-11.09788,-1.206976,23,23,23,23,23,23,23,23,23,23,23,23,23,23,23,23,876,8760,-9.815996,-8.698472,-7.85606,-8.790473,-10.77187,-16.20353,-7.052468,-8.211007,-6.731351,-6.696195,-6.702573,-5.117978,-4.736296,-3.675742,-2.288539,-2.9392,23,23,23,23,22,22,23,23,23,23,23,23,23,23,23,23,876,8760,-2.527177,-4.221179,-4.088696,-2.966803,-2.719503,-2.038662,-1.551971,-67.80952,0.2471642,-0.724888,-0.5960425,-0.6064385,-0.3292365,0.6684589,0.9959705,-0.364091,22,22,22,22,22,22,22,22,22,22,22,22,22,22,22,22
877,8770,-104.1216,-76.8957,-87.99538,-76.4829,-56.71148,-32.57955,-10.46508,-6.648227,-6.315726,-7.383045,-9.145737,-7.565685,-9.29919,-10.27165,-10.14418,-0.3620603,23,23,23,23,23,23,23,23,23,23,23,23,23,23,23,23,877,8770,-9.547286,-8.698472,-7.986822,-8.790473,-11.03458,-16.57174,-6.791265,-8.211007,-7.249146,-5.66621,-7.096844,-6.464806,-5.248326,-3.787125,-2.770337,-3.730516,23,23,23,23,22,22,23,23,23,23,23,23,23,23,23,23,877,8770,-2.98682,-4.349092,-3.705384,-2.837813,-3.625993,-3.567663,-1.551971,-67.70019,0.1235616,0.0009856612,0.3575667,-0.1213326,-0.1090616,0.1126166,-0.3320571,0.5720431,22,22,22,22,22,22,22,22,22,22,22,22,22,22,22,22
878,8780,-107.1273,-75.80756,-84.79577,-69.17608,-50.9192,-26.65669,-10.33749,-5.51972,-6.686834,-5.537293,-8.90838,-6.683146,-8.106983,-8.481611,-8.475217,0.3621534,23,23,23,23,23,23,23,23,23,23,23,23,23,23,23,23,878,8780,-9.41293,-8.961745,-8.771402,-9.306868,-10.37786,-16.32625,-6.791265,-7.950664,-7.507628,-6.953691,-7.622532,-7.541937,-6.016368,-4.566758,-4.336182,-3.391377,23,23,23,23,22,22,23,23,23,23,23,23,23,23,23,23,878,8780,-3.331551,-4.988657,-3.960926,-3.095793,-3.496495,-2.803163,-1.6813,-67.80952,-4.093544E-05,0.1219651,-0.1192377,-0.4851636,0.11111,0.446173,0.5532947,0.1039728,22,22,22,22,22,22,22,22,22,22,22,22,22,22,22,22
879,8790,-105.3239,-77.25842,-84.54964,-69.41964,-52.72929,-30.48187,-11.35824,-7.400564,-6.563131,-6.398644,-8.671021,-6.304915,-7.630099,-8.600946,-6.924388,-0.241357,23,23,23,23,23,23,23,23,23,23,23,23,23,23,23,23,879,8790,-9.547286,-9.356655,-8.640639,-9.177769,-11.29728,-16.57174,-6.530061,-8.341179,-8.283091,-8.1116,-9.592486,-9.290593,-7.040425,-4.789071,-4.697583,-4.295739,23,23,23,23,22,22,23,23,23,23,23,23,23,23,23,23,879,8790,-3.101731,-4.732832,-4.344238,-2.450844,-4.014489,-3.567663,-2.069285,-68.35625,0.1235616,-0.1199938,-0.1192377,-0.1213326,-0.1090616,-0.3320073,3.210623E-06,1.274142,22,22,22,22,22,22,22,22,22,22,22,22,22,22,22,22
880,8800,-105.6845,-76.04936,-85.04189,-69.41964,-52.00526,-25.05259,-9.189148,-5.51972,-4.829978,-4.922043,-6.772165,-4.035529,-6.080231,-6.092906,-4.775445,-0.1207066,23,23,23,23,23,23,23,23,23,23,23,23,23,23,23,23,880,8800,-9.547286,-9.883202,-10.20979,-8.919572,-11.42864,-16.44902,-6.399463,-9.252373,-9.834012,-8.626163,-10.77406,-9.425106,-7.29644,-6.789649,-5.419098,-4.634229,23,23,23,23,22,22,23,23,23,23,23,23,23,23,23,23,880,8800,-3.906105,-5.50031,-4.216467,-2.966803,-2.719503,-2.675746,-1.810627,-68.02822,0.7415752,0.1219651,-0.2384389,-0.2426107,-0.2191475,-0.2208387,-0.3320041,-0.5981262,22,22,22,22,22,22,22,22,22,22,22,22,22,22,22,22
881,8810,-105.0834,-75.44484,-84.30352,-68.20184,-49.95382,-24.31223,-7.275249,-5.64511,-3.963058,-5.660344,-5.822724,-5.170222,-5.126465,-6.092906,-5.372374,-0.1207066,23,23,23,23,23,23,23,23,23,23,23,23,23,23,23,23,881,8810,-10.75648,-10.67302,-10.99437,-9.435966,-11.95405,-16.57174,-7.052468,-9.122201,-9.317038,-8.883446,-11.03663,-9.290593,-8.19249,-7.345362,-6.621196,-4.747063,23,23,23,23,22,22,23,23,23,23,23,23,23,23,23,23,881,8810,-3.791187,-5.628223,-3.960926,-3.224783,-4.014489,-3.440246,-1.810627,-69.12168,0.1235616,0.4849004,0.1191647,-0.1213326,-0.4393191,-0.2208387,3.210623E-06,0.6890574,22,22,22,22,22,22,22,22,22,22,22,22,22,22,22,22
882,8820,-107.0071,-76.17026,-83.07289,-67.83649,-49.22979,-21.84437,-7.530435,-5.394331,-4.458441,-5.783394,-6.416129,-4.665914,-4.530362,-5.376095,-3.700973,-1.086325,23,23,23,23,23,23,23,23,23,23,23,23,23,23,23,23,882,8820,-12.23438,-11.72611,-11.38666,-10.85605,-11.82269,-15.58981,-7.313672,-9.252373,-8.412333,-9.269368,-11.43048,-9.69413,-8.320324,-7.789937,-7.222244,-4.634229,23,23,23,23,22,22,23,23,23,23,23,23,23,23,23,23,882,8820,-4.135918,-6.395704,-4.599781,-3.482762,-3.107999,-2.675746,-1.810627,-69.12168,0.1235616,0.7268593,0.1191647,-0.6064385,-0.4393191,-0.2208387,0.2213419,0.2209936,22,22,22,22,22,22,22,22,22,22,22,22,22,22,22,22
883,8830,-106.0453,-75.44482,-84.42658,-70.51566,-49.5918,-20.98063,-7.020062,-4.767383,-3.963058,-4.798993,-5.347485,-4.791991,-4.649584,-5.01769,-4.417287,0.2414003,23,23,23,23,23,23,23,23,23,23,23,23,23,23,23,23,883,8830,-13.30922,-13.43739,-12.04048,-12.53433,-11.42864,-16.0808,-7.444273,-10.94459,-9.058551,-9.783931,-11.16791,-9.425106,-8.064483,-7.345362,-5.419098,-4.859897,23,23,23,23,22,22,23,23,23,23,23,23,23,23,23,23,883,8830,-4.480652,-5.500312,-4.983094,-3.095793,-2.460506,-2.420912,-2.715928,-69.01234,0.2471642,-0.1199938,-3.652083E-05,0.2424983,0.001024189,-0.4431759,0.5533476,0.9230925,22,22,22,22,22,22,22,22,22,22,22,22,22,22,22,22
884,8840,-109.2915,-75.56573,-89.22601,-76.23933,-55.50476,-26.40991,-9.571928,-4.767383,-4.334595,-4.060693,-5.703914,-3.783375,-4.291922,-4.898221,-3.700973,0.4828054,23,23,23,23,23,23,23,23,23,23,23,23,23,23,23,23,884,8840,-13.30922,-13.04248,-12.302,-13.17982,-10.24651,-15.58981,-7.705473,-9.773055,-8.929309,-9.783931,-9.067345,-8.752544,-7.29644,-6.345073,-4.818033,-3.843559,23,23,23,23,22,22,23,23,23,23,23,23,23,23,23,23,884,8840,-4.021009,-5.884051,-4.855322,-3.611753,-2.849002,-2.166079,-1.422642,-69.34038,-4.093544E-05,-0.2409701,0.2383655,-0.4851636,-0.659494,-0.6655131,-0.4426726,1.157121,22,22,22,22,22,22,22,22,22,22,22,22,22,22,22,22
885,8850,-108.2094,-75.92844,-87.13395,-72.82949,-53.4533,-26.90348,-9.571928,-5.51972,-4.086904,-5.168143,-5.228674,-4.791991,-4.411142,-5.495564,-4.297902,-0.2414083,23,23,23,23,23,23,23,23,23,23,23,23,23,23,23,23,885,8850,-14.11535,-13.30575,-12.302,-13.69622,-11.42864,-15.34431,-7.836075,-8.861861,-9.058551,-9.398008,-8.41092,-7.407425,-6.656403,-5.567072,-4.456684,-3.278335,23,23,23,23,22,22,23,23,23,23,23,23,23,23,23,23,885,8850,-3.101722,-5.500312,-4.599781,-2.708824,-2.331006,-1.783828,-1.293314,-69.23103,-0.1236435,-0.2409701,-0.3576401,0.3637732,0.001024189,0.112668,0.1106718,0.9230925,22,22,22,22,22,22,22,22,22,22,22,22,22,22,22,22
886,8860,-105.6846,-74.7194,-86.51864,-73.19483,-55.86676,-30.60526,-12.63417,-5.51972,-3.467676,-5.045093,-4.991054,-4.791991,-4.411142,-5.973437,-4.178516,-4.815934E-06,23,23,23,23,23,23,23,23,23,23,23,23,23,23,23,23,886,8860,-15.05584,-13.8323,-13.87116,-13.56712,-11.69134,-15.46703,-8.357769,-9.773055,-9.834012,-8.754805,-8.279644,-7.945471,-6.656403,-4.900213,-4.577134,-3.278335,23,23,23,23,22,22,23,23,23,23,23,23,23,23,23,23,886,8860,-3.216633,-5.500312,-4.983094,-2.966804,-2.331006,-1.911296,-1.551971,-68.90298,-0.1236435,0.0009856612,0.9535726,0.3637732,0.2211958,-0.4431759,3.210623E-06,1.274142,22,22,22,22,22,22,22,22,22,22,22,22,22,22,22,22
887,8870,-103.5204,-75.20301,-85.28802,-73.80373,-57.55617,-31.09884,-12.88936,-6.146668,-3.963058,-6.152544,-5.703914,-5.926684,-5.722569,-7.884933,-6.088688,-0.7242185,23,23,23,23,23,23,23,23,23,23,23,23,23,23,23,23,887,8870,-14.92148,-14.62212,-14.91726,-13.82532,-11.16593,-15.34431,-8.749022,-9.773055,-10.35099,-7.982959,-7.885379,-7.003535,-5.376334,-4.121222,-3.493087,-3.391377,23,23,23,23,22,22,23,23,23,23,23,23,23,23,23,23,887,8870,-2.871902,-4.60492,-4.47201,-3.482763,-1.942511,-1.274213,-1.810627,-69.44973,-0.8652596,-0.724888,-0.2384389,0.6063261,-0.1090616,0.2238358,-0.4426726,0.6890574,22,22,22,22,22,22,22,22,22,22,22,22,22,22,22,22
888,8880,-106.0453,-74.9612,-85.16496,-74.29086,-57.31482,-32.33276,-14.0377,-6.773614,-4.458441,-5.906444,-5.941415,-6.178838,-6.080231,-8.362275,-6.088688,-0.2414083,23,23,23,23,23,23,23,23,23,23,23,23,23,23,23,23,888,8880,-13.17487,-14.35885,-14.00192,-13.17982,-11.03458,-15.71253,-7.444273,-9.642883,-8.670821,-6.696195,-6.439726,-6.195437,-4.352277,-3.341539,-3.011288,-2.600065,23,23,23,23,22,22,23,23,23,23,23,23,23,23,23,23,888,8880,-2.527168,-4.988659,-4.599781,-2.579835,-1.424516,-1.529046,-1.681299,-68.02823,0.7415752,-0.1199938,0.2383655,1.091435,0.5514534,-0.3320073,-0.6640114,1.040107,22,22,22,22,22,22,22,22,22,22,22,22,22,22,22,22
889,8890,-107.1273,-76.29116,-87.62621,-80.98877,-67.20995,-40.60008,-19.14143,-7.149784,-3.963059,-4.798993,-6.178773,-5.926684,-7.033998,-7.28759,-7.401932,-0.4828134,23,23,23,23,23,23,23,23,23,23,23,23,23,23,23,23,889,8890,-14.65277,-14.88539,-14.13269,-12.79253,-10.77192,-16.20353,-7.836075,-9.642883,-9.187794,-6.438698,-6.308309,-6.060755,-3.840247,-3.898457,-2.40904,-2.826154,23,23,23,23,22,22,23,23,23,23,23,23,23,23,23,23,889,8890,-2.412256,-4.477007,-4.983094,-2.063875,-2.072009,-1.78388,-0.7759987,-69.01234,-0.4945029,-0.6039085,-0.8344449,-0.3638856,-0.1090616,0.2238358,0.1106718,0.4550223,22,22,22,22,22,22,22,22,22,22,22,22,22,22,22,22
890,8900,-108.2094,-76.29116,-89.96439,-81.11055,-65.03785,-39.73633,-18.12068,-8.1529,-5.820744,-6.029495,-8.07763,-7.187454,-8.583864,-8.720285,-7.401932,0.6035072,23,23,23,23,23,23,23,23,23,23,23,23,23,23,23,23,890,8900,-12.36874,-13.43739,-12.82506,-11.37244,-11.03458,-15.46703,-7.96652,-9.642883,-7.636872,-5.408714,-4.336967,-4.579248,-3.32822,-3.564305,-3.011288,-2.26093,23,23,23,23,22,22,23,23,23,23,23,23,23,23,23,23,890,8900,-2.297348,-3.325788,-5.238635,-2.321855,-1.683513,-2.038713,-1.422641,-68.02823,0.3707153,0.4837766,-0.3576401,-0.1213326,0.3312817,-0.1096701,-0.4426726,0.3380079,22,22,22,22,22,22,22,22,22,22,22,22,22,22,22,22
891,8910,-106.7666,-76.29116,-89.5952,-83.42438,-67.4513,-41.71062,-22.20367,-8.403678,-4.953824,-6.398646,-7.128201,-6.809223,-8.822307,-8.481611,-7.998369,0.1206985,23,23,23,23,23,23,23,23,23,23,23,23,23,23,23,23,891,8910,-11.15954,-10.93629,-11.64819,-11.24335,-11.29728,-15.83531,-9.009853,-9.122201,-7.766116,-4.893722,-5.256926,-3.097739,-3.200212,-2.561855,-1.927242,-1.243522,23,23,23,23,22,22,23,23,23,23,23,23,23,23,23,23,891,8910,-2.067525,-4.477007,-4.47201,-1.676906,-1.036021,-1.656463,-1.422641,-68.57496,0.1235102,-0.6048428,-0.5959911,-0.3638856,-0.1090616,0.001498558,3.210623E-06,0.2209936,22,22,22,22,22,22,22,22,22,22,22,22,22,22,22,22
892,8920,-105.8048,-77.37931,-88.36458,-79.64919,-64.43449,-41.46383,-22.33126,-10.91147,-6.686833,-9.34995,-8.433665,-9.204687,-8.822307,-10.15231,-8.594428,0.6035072,23,23,23,23,23,23,23,23,23,23,23,23,23,23,23,23,892,8920,-9.815996,-10.40975,-10.73285,-10.59785,-11.82269,-15.83531,-9.009853,-8.211007,-7.89536,-5.02247,-5.256926,-4.175201,-4.096262,-2.896007,-2.649939,-2.034838,23,23,23,23,22,22,23,23,23,23,23,23,23,23,23,23,892,8920,-2.527168,-3.837441,-4.088697,-1.676906,-1.554015,-2.16613,-1.422641,-68.57496,0.2471128,0.7256906,-0.1191863,0.2424983,-0.3292333,0.001498558,-0.5533412,0.9230925,22,22,22,22,22,22,22,22,22,22,22,22,22,22,22,22
893,8930,-106.4059,-78.10474,-88.48764,-78.55317,-64.67583,-42.57437,-21.43811,-10.03374,-6.439428,-8.981156,-8.314986,-8.952534,-8.703136,-10.74899,-9.190489,-0.2414083,23,23,23,23,23,23,23,23,23,23,23,23,23,23,23,23,893,8930,-9.547286,-9.488292,-9.42522,-9.565064,-11.55999,-16.20353,-9.009853,-7.169641,-6.472453,-4.249981,-3.942703,-3.097739,-3.84025,-3.00739,-1.565893,-1.243522,23,23,23,23,22,22,23,23,23,23,23,23,23,23,23,23,893,8930,-2.412256,-4.477007,-4.599781,-1.160947,-0.7770244,-0.7645456,-1.681299,-68.57496,0.3707153,0.2418626,0.119216,-5.458059E-05,-0.8796689,-0.5543445,3.210623E-06,0.1039728,22,22,22,22,22,22,22,22,22,22,22,22,22,22,22,22
894,8940,-104.9632,-77.50021,-88.85682,-79.16207,-67.08928,-45.53579,-22.45886,-9.657574,-6.439428,-8.489434,-8.196307,-8.196072,-8.822356,-10.51032,-9.428912,-1.327731,23,23,23,23,23,23,23,23,23,23,23,23,23,23,23,23,894,8940,-10.21906,-8.698472,-8.379115,-8.532276,-10.11516,-16.32625,-8.879437,-6.127852,-5.177964,-3.606241,-3.154167,-3.097739,-3.072208,-1.670789,-1.565893,-1.582657,23,23,23,23,22,22,23,23,23,23,23,23,23,23,23,23,894,8940,-1.607883,-3.837441,-4.855322,-0.9029668,-0.2590298,-1.529046,-0.6466708,-68.79366,0.6179212,-5.458059E-05,-0.3575887,0.3637732,0.1111068,-0.3320587,0.9960251,0.6890574,22,22,22,22,22,22,22,22,22,22,22,22,22,22,22,22
895,8950,-105.8048,-77.2584,-90.94888,-83.18082,-69.38205,-48.8674,-23.35201,-9.532185,-6.068321,-7.751849,-8.07763,-7.187455,-7.630149,-8.958957,-9.309701,0.1206985,23,23,23,23,23,23,23,23,23,23,23,23,23,23,23,23,895,8950,-8.606801,-8.039778,-7.594542,-7.886023,-11.03458,-16.93996,-8.488188,-5.345578,-4.789618,-2.833753,-2.234205,-3.097739,-2.304166,-1.336638,-1.80674,-2.26093,23,23,23,23,22,22,23,23,23,23,23,23,23,23,23,23,895,8950,-2.182437,-4.988659,-5.621948,-0.9029668,-0.5180275,-1.529046,-0.1293568,-68.90299,-0.4945029,-0.1210116,0.5960204,0.3637732,-0.769583,-0.7767331,-0.4427272,0.6890574,22,22,22,22,22,22,22,22,22,22,22,22,22,22,22,22
896,8960,-107.0071,-77.86292,-93.41013,-85.61643,-71.07146,-49.11419,-26.92462,-11.41303,-7.800157,-8.489434,-9.027058,-8.826456,-9.180017,-9.078293,-9.071278,-4.815934E-06,23,23,23,23,23,23,23,23,23,23,23,23,23,23,23,23,896,8960,-7.666317,-7.24898,-7.725304,-6.593231,-11.16593,-17.06274,-6.921866,-4.041786,-4.919067,-2.190012,-3.154167,-3.232421,-1.792136,-1.225255,-1.565841,-2.260879,23,23,23,23,22,22,23,23,23,23,23,23,23,23,23,23,896,8960,-1.37806,-3.197876,-4.983094,-1.418926,-1.165519,-0.509712,-1.293313,-69.55908,-0.7417084,-0.6048428,0.357618,1.091435,0.1111068,-0.1097214,-0.2213885,0.9230925,22,22,22,22,22,22,22,22,22,22,22,22,22,22,22,22
897,8970,-106.4059,-79.19288,-94.02544,-88.17381,-72.64021,-46.52294,-25.13832,-11.91459,-7.676455,-9.227018,-8.196307,-8.700379,-7.987811,-8.362279,-7.759945,-0.3621117,23,23,23,23,23,23,23,23,23,23,23,23,23,23,23,23,897,8970,-7.397475,-6.589983,-7.594542,-6.593231,-11.55999,-16.32625,-7.574875,-4.302546,-4.789618,-1.417524,-3.679855,-3.367104,-1.536124,-1.559406,-2.047639,-2.373922,23,23,23,23,22,22,23,23,23,23,23,23,23,23,23,23,897,8970,-1.263159,-3.965354,-5.238635,-1.805895,-1.813012,-1.529046,-0.3880134,-67.91888,-1.112516,-0.8467568,-0.1191863,0.2424983,0.1111068,-0.6655645,-0.3320571,1.157128,22,22,22,22,22,22,22,22,22,22,22,22,22,22,22,22
898,8980,-105.4441,-78.84379,-93.77932,-89.14806,-73.1229,-49.36097,-25.77629,-13.16848,-5.944589,-7.874779,-7.958951,-7.565686,-7.510929,-8.60095,-7.282547,0.3621021,23,23,23,23,23,23,23,23,23,23,23,23,23,23,23,23,898,8980,-6.859479,-6.721782,-6.809454,-6.463952,-12.34805,-16.32625,-7.052468,-4.041786,-3.883476,-2.576256,-2.759896,-2.289644,-2.048151,-2.004938,-2.770337,-1.695652,23,23,23,23,22,22,23,23,23,23,23,23,23,23,23,23,898,8980,-1.148247,-3.069961,-4.599781,-1.805895,-1.554015,-1.146796,-0.9053274,-69.01234,-0.865311,-0.6048428,0.357618,0.4850512,0.1111068,0.1126166,-0.6640643,1.040113,22,22,22,22,22,22,22,22,22,22,22,22,22,22,22,22
899,8990,-106.4059,-79.8112,-95.99442,-93.89749,-77.70844,-52.69258,-29.09371,-14.54776,-6.934239,-8.120641,-8.433665,-7.817841,-7.153267,-9.555635,-7.521318,-0.9656237,23,23,23,23,23,23,23,23,23,23,23,23,23,23,23,23,899,8990,-5.78349,-5.667386,-5.500227,-6.593231,-11.82269,-15.71253,-7.18307,-4.172166,-3.754027,-3.091249,-3.417008,-2.963056,-1.920143,-2.673238,-3.011237,-1.017382,23,23,23,23,22,22,23,23,23,23,23,23,23,23,23,23,899,8990,-1.263159,-3.83744,-4.855321,-2.192865,-1.295018,-2.038713,-0.5173421,-68.24693,-9.23054E-05,-0.3629256,-0.2383875,0.6063261,0.7716218,0.1126166,-0.885403,0.3380079,22,22,22,22,22,22,22,22,22,22,22,22,22,22,22,22
900,9000,-107.8487,-79.08565,-97.22504,-95.60242,-82.17332,-58.12185,-35.98375,-19.31257,-8.789777,-7.628918,-7.602915,-6.935301,-7.153267,-9.674971,-8.475217,-0.1207066,23,23,23,23,23,23,23,23,23,23,23,23,23,23,23,23,900,9000,-4.841999,-5.008388,-4.845607,-6.593232,-12.34805,-16.20353,-7.18307,-3.650648,-3.495129,-2.576256,-3.417008,-2.154962,-1.664128,-2.004938,-1.92719,-1.921741,23,23,23,23,22,22,23,23,23,23,23,23,23,23,23,23,900,9000,-1.37807,-4.477005,-4.472009,-1.547915,-1.683513,-2.038713,-0.6466708,-68.46561,-0.2472974,-1.088671,-0.3575887,0.6063261,0.1111068,-0.3320587,-4.976465E-05,0.6890638,22,22,22,22,22,22,22,22,22,22,22,22,22,22,22,22
901,9010,-105.8048,-76.78805,-96.7328,-93.28859,-79.39788,-54.91364,-35.85616,-20.0649,-9.779396,-7.259996,-8.314986,-7.061378,-8.822356,-10.27165,-10.38261,-0.6035152,23,23,23,23,23,23,23,23,23,23,23,23,23,23,23,23,901,9010,-4.573001,-3.953992,-4.321916,-5.688277,-11.29728,-15.58981,-6.660663,-3.259511,-2.847885,-2.576256,-1.839937,-1.750913,-1.024094,-1.782172,-1.445391,-2.034787,23,23,23,23,22,22,23,23,23,23,23,23,23,23,23,23,901,9010,-1.722801,-3.453701,-4.472009,-2.063875,-2.331008,-2.038713,-1.810627,-68.13757,-0.4945029,0.8466508,-0.7151923,0.3637732,0.001020978,-0.1097214,-0.5533957,0.8060782,22,22,22,22,22,22,22,22,22,22,22,22,22,22,22,22
902,9020,-108.6903,-76.18342,-98.3326,-93.16681,-80.24259,-56.88792,-32.79392,-19.93951,-9.903098,-8.243572,-9.501772,-9.204687,-9.776121,-11.107,-10.38261,0.1206985,23,23,23,23,23,23,23,23,23,23,23,23,23,23,23,23,902,9020,-3.497011,-3.163194,-4.190993,-4.654043,-10.64057,-15.09881,-6.921866,-2.868374,-3.36568,-2.576256,-1.182826,-1.616231,-1.408116,-1.225255,-1.204492,-1.130428,23,23,23,23,22,22,23,23,23,23,23,23,23,23,23,23,902,9020,-1.37807,-3.83744,-4.472009,-1.031956,-0.7770253,-1.528995,0.1293006,-67.80953,-9.23054E-05,0.1209024,-0.3575887,0.2424983,0.1111068,0.1126166,-4.976465E-05,-0.2470703,22,22,22,22,22,22,22,22,22,22,22,22,22,22,22,22
903,9030,-106.0452,-75.216,-95.62524,-87.56491,-73.36426,-49.85453,-26.41425,-16.67939,-8.542371,-6.644746,-8.671021,-7.565686,-9.776121,-10.98766,-10.38261,-0.4828134,23,23,23,23,23,23,23,23,23,23,23,23,23,23,23,23,903,9030,-4.304004,-3.690392,-4.97653,-4.654043,-10.64057,-15.09881,-7.052465,-1.694962,-3.36568,-2.061264,-1.839937,-1.212183,-1.536124,-1.336638,-1.445391,-1.017382,23,23,23,23,22,22,23,23,23,23,23,23,23,23,23,23,903,9030,-1.60789,-2.558308,-3.833154,-1.289935,-1.036023,-2.293495,-0.9053795,-68.13757,0.2471128,0.3628196,0.357618,-0.3638856,-0.4393256,0.001447188,-0.5533957,0.6890638,22,22,22,22,22,22,22,22,22,22,22,22,22,22,22,22
904,9040,-104.0013,-75.09508,-92.67174,-85.25108,-67.57198,-44.79543,-21.31052,-15.30011,-7.181643,-8.120641,-9.739129,-9.204687,-10.13378,-13.49371,-11.93236,-0.6035152,23,23,23,23,23,23,23,23,23,23,23,23,23,23,23,23,904,9040,-2.959017,-2.504196,-4.321916,-3.361252,-11.55999,-15.46703,-6.791262,-1.303818,-3.106781,-1.546272,-1.314249,-1.481548,-1.152102,-1.670789,-1.204492,-0.9043361,23,23,23,23,22,22,23,23,23,23,23,23,23,23,23,23,904,9040,-1.722801,-3.965353,-4.472009,-1.418925,-1.29502,-0.6370775,-1.164037,-68.24692,0.3707153,0.6047336,-0.3575887,-0.4851636,-0.1090649,-0.1097214,-4.976465E-05,0.1039792,22,22,22,22,22,22,22,22,22,22,22,22,22,22,22,22
905,9050,-104.1216,-77.02989,-93.04093,-85.85999,-68.29602,-44.54864,-20.28977,-14.04621,-9.037181,-9.34995,-10.68856,-9.961149,-11.32557,-13.13571,-10.85946,-1.086325,23,23,23,23,23,23,23,23,23,23,23,23,23,23,23,23,905,9050,-3.228014,-3.690392,-4.190993,-3.231972,-11.03458,-15.83531,-5.615853,-1.694955,-2.718436,-1.417524,-1.577093,-1.616231,-1.280109,-1.670789,-0.9635929,-1.130428,23,23,23,23,22,22,23,23,23,23,23,23,23,23,23,23,905,9050,-2.182443,-4.604918,-4.216466,-0.5159968,-1.165521,-1.783828,-0.9053795,-68.90298,-0.2472978,0.1209024,0.119216,-0.1213326,-0.5494114,-0.1097214,-0.4427272,1.040113,22,22,22,22,22,22,22,22,22,22,22,22,22,22,22,22
906,9060,-105.5643,-76.30434,-94.7638,-88.9045,-71.07149,-45.53579,-21.82089,-13.67004,-8.294967,-8.612366,-9.739129,-9.204687,-9.895342,-12.53903,-11.93236,-0.3621117,23,23,23,23,23,23,23,23,23,23,23,23,23,23,23,23,906,9060,-3.362513,-3.558593,-2.881752,-2.456296,-11.03458,-16.0808,-5.224048,-2.346853,-2.071192,-1.417524,-1.182826,-2.020278,-1.152102,-1.559406,-1.324942,-1.695652,23,23,23,23,22,22,23,23,23,23,23,23,23,23,23,23,906,9060,-1.60789,-3.965353,-4.088696,-1.031956,-1.165521,-0.891911,-0.5173942,-68.46561,0.7415238,0.4837766,1.192026,-5.458059E-05,-0.4393256,-0.1097214,-4.976465E-05,0.2209936,22,22,22,22,22,22,22,22,22,22,22,22,22,22,22,22
907,9070,-106.4059,-75.216,-96.85586,-88.9045,-69.98544,-44.79543,-21.82089,-12.54154,-10.0268,-9.472879,-11.87534,-10.96977,-12.51584,-13.73239,-12.76685,0.4828054,23,23,23,23,23,23,23,23,23,23,23,23,23,23,23,23,907,9070,-2.690019,-3.163194,-2.227138,-2.973413,-10.64057,-16.20353,-5.615853,-2.60761,-1.553396,-0.7737833,-1.708517,-1.616231,-1.152102,-1.893555,-1.204492,-1.582606,23,23,23,23,22,22,23,23,23,23,23,23,23,23,23,23,907,9070,-1.37807,-4.349092,-4.599779,-0.9029668,-1.036023,-2.293495,-1.422693,-69.34038,0.6179212,0.1209024,0.2384176,0.4850512,-0.3292365,-0.6655645,-4.976465E-05,1.625192,22,22,22,22,22,22,22,22,22,22,22,22,22,22,22,22
908,9080,-105.925,-75.216,-97.47117,-92.31435,-73.72627,-49.97793,-25.64869,-16.30322,-9.655692,-9.718741,-10.68856,-9.582917,-10.84911,-12.7777,-11.57473,-0.6035152,23,23,23,23,23,23,23,23,23,23,23,23,23,23,23,23,908,9080,-3.362513,-3.690392,-2.619907,-1.809901,-10.77187,-15.95803,-5.746451,-2.47723,-1.941743,-0.7737833,-1.577093,-0.9428186,-1.152102,-1.782172,-2.288539,-1.469563,23,23,23,23,22,22,23,23,23,23,23,23,23,23,23,23,908,9080,-1.492978,-3.83744,-5.621947,-1.031956,-1.036023,-0.3822439,-0.2587377,-68.6843,0.1235102,0.7256906,0.5960208,0.1212716,-0.3292365,-0.3320587,-4.976465E-05,0.6890638,22,22,22,22,22,22,22,22,22,22,22,22,22,22,22,22
909,9090,-104.6025,-74.61137,-97.10198,-91.94901,-75.05367,-51.08846,-25.39351,-17.05556,-10.27421,-9.841673,-10.09517,-10.2133,-11.92071,-14.20973,-13.00527,-4.815934E-06,23,23,23,23,23,23,23,23,23,23,23,23,23,23,23,23,909,9090,-3.63151,-3.294994,-1.572518,-1.93918,-11.55999,-15.71253,-6.007655,-1.955716,-2.200639,-0.516287,-1.839937,-1.212183,-1.664128,-1.225255,-0.6022438,-1.582606,23,23,23,23,22,22,23,23,23,23,23,23,23,23,23,23,909,9090,-0.4587819,-2.814135,-5.110863,-1.160946,-1.424518,-1.401578,-8.026557E-05,-69.34038,-0.7417084,-0.2419686,-0.1191859,0.4851026,0.2211958,0.1126166,-0.1107199,0.9230925,22,22,22,22,22,22,22,22,22,22,22,22,22,22,22,22
910,9100,-104.2418,-76.5462,-98.3326,-97.67268,-78.07049,-51.21185,-25.13832,-17.30634,-11.51123,-12.05443,-11.63799,-11.72623,-11.4446,-14.20973,-12.29,-1.086325,23,23,23,23,23,23,23,23,23,23,23,23,23,23,23,23,910,9100,-3.497011,-2.108798,-1.048827,-2.973413,-11.29728,-16.0808,-5.877053,-1.825335,-1.553396,-0.516287,-0.6571342,-0.8081346,-1.536121,-1.002488,-0.7226935,-1.582606,23,23,23,23,22,22,23,23,23,23,23,23,23,23,23,23,910,9100,-1.722801,-3.709527,-5.110863,-1.934885,-1.036023,-1.401578,0.2585771,-68.24692,-0.3709004,0.1209024,0.5960208,0.3638245,-0.2191475,-0.7767323,-0.2213885,1.274142,22,22,22,22,22,22,22,22,22,22,22,22,22,22,22,22
911,9110,-107.1273,-76.30434,-100.6708,-98.1598,-79.63923,-53.67971,-28.83852,-18.18406,-9.903098,-9.595811,-9.620451,-9.456841,-8.941528,-10.74899,-10.02497,0.1206985,23,23,23,23,23,23,23,23,23,23,23,23,23,23,23,23,911,9110,-4.841999,-2.899595,-1.703441,-2.327018,-10.64057,-17.06274,-5.615853,-1.043061,-1.294497,-1.160027,-1.182826,-1.750913,-1.152098,-0.7797206,-0.4817941,-2.260879,23,23,23,23,22,22,23,23,23,23,23,23,23,23,23,23,911,9110,-1.148247,-3.197874,-4.983092,-1.805895,-1.683515,-1.783828,-8.026557E-05,-68.57495,-0.6181059,-0.6048428,-0.2383871,-3.210623E-06,0.2211958,0.2237852,-0.1107151,0.9230925,22,22,22,22,22,22,22,22,22,22,22,22,22,22,22,22
912,9120,-103.5204,-76.42526,-97.34811,-90.60942,-72.03687,-48.744,-26.79703,-16.554,-11.38753,-9.841673,-10.80724,-10.08723,-10.25296,-10.62966,-9.190489,-4.815934E-06,23,23,23,23,23,23,23,23,23,23,23,23,23,23,23,23,912,9120,-3.63151,-2.899595,-2.488984,-2.197738,-10.50922,-17.06274,-4.701643,-0.391163,-1.035601,-1.031279,-0.9199815,-1.481548,-0.2560488,-0.4455718,-0.2408946,-2.034787,23,23,23,23,22,22,23,23,23,23,23,23,23,23,23,23,912,9120,-1.148247,-3.325787,-5.621947,-1.676905,-2.072011,-1.401578,-1.422693,-68.13757,-9.23054E-05,-0.2419686,0.1192164,0.7276555,0.5514534,-0.5543951,-0.2213837,1.391156,22,22,22,22,22,22,22,22,22,22,22,22,22,22,22,22
913,9130,-103.6406,-76.66712,-96.11748,-88.17381,-70.70947,-45.65918,-22.58645,-15.17472,-10.76902,-9.595811,-10.80724,-9.330763,-10.37218,-9.794307,-8.832852,-4.815934E-06,23,23,23,23,23,23,23,23,23,23,23,23,23,23,23,23,913,9130,-2.959017,-2.372397,-2.750829,-1.292784,-11.69134,-17.06274,-4.179237,-0.391163,-1.165048,-0.001294684,-1.182826,-1.481548,-0.7680773,-0.5569547,-1.324942,-1.921741,23,23,23,23,22,22,23,23,23,23,23,23,23,23,23,23,913,9130,-1.263149,-2.814135,-4.344237,-1.805895,-2.072011,-1.656412,0.1292484,-68.13757,0.2471128,-1.209631,0.47682,0.6063775,0.001024189,0.001447991,-0.9960668,1.157121,22,22,22,22,22,22,22,22,22,22,22,22,22,22,22,22
914,9140,-101.8372,-75.216,-95.00993,-84.76396,-63.46913,-36.52811,-17.22753,-12.03998,-8.666073,-8.612366,-9.501772,-8.196071,-8.941528,-9.078293,-7.998369,-4.815934E-06,23,23,23,23,23,23,23,23,23,23,23,23,23,23,23,23,914,9140,-4.169506,-3.558593,-3.536372,-2.585576,-11.82269,-16.57174,-4.048635,-1.303818,-1.294497,-0.1300431,-1.44567,-0.6734522,-0.1280412,-0.1114215,-0.9635929,-1.356517,23,23,23,23,22,22,23,23,23,23,23,23,23,23,23,23,914,9140,-0.6885951,-3.325788,-4.727551,-1.934885,-1.942513,-1.274161,-1.293366,-68.46561,-0.6181059,0.1209024,-0.3575883,0.8489304,-0.4393191,0.1126166,-0.7747297,0.3380079,22,22,22,22,22,22,22,22,22,22,22,22,22,22,22,22
915,9150,-101.1158,-74.85323,-93.16401,-85.61643,-62.50375,-35.29419,-14.42048,-12.16537,-7.057941,-8.120642,-8.314986,-7.565686,-7.272438,-8.123604,-7.879157,-1.086325,23,23,23,23,23,23,23,23,23,23,23,23,23,23,23,23,915,9150,-4.035007,-3.953992,-2.227138,-2.585576,-12.08535,-16.20353,-3.787434,-1.434198,-1.294497,-0.2587906,-1.577093,-4.013279E-05,-3.531685E-05,-1.448021,-1.80674,-1.017382,23,23,23,23,22,22,23,23,23,23,23,23,23,23,23,23,915,9150,-0.3438641,-2.430397,-4.216467,-1.676905,-2.072011,-1.911245,0.1292484,-67.80952,-0.1236949,-0.6048428,0.1192164,-0.3638342,0.3312817,0.1126166,-0.6640595,1.157121,22,22,22,22,22,22,22,22,22,22,22,22,22,22,22,22
916,9160,-102.0776,-73.88582,-94.64075,-86.59066,-65.03786,-34.06026,-14.67566,-11.16225,-8.418669,-8.366503,-8.196307,-7.313531,-6.557114,-7.526522,-6.208074,-1.086325,23,23,23,23,23,23,23,23,23,23,23,23,23,23,23,23,916,9160,-5.514493,-4.744789,-3.274527,-3.102693,-11.55999,-15.34431,-3.265028,-1.825335,-0.5178044,-0.645035,-0.9199815,-0.5387698,-0.5120638,-0.6683376,-1.084042,-1.695652,23,23,23,23,22,22,23,23,23,23,23,23,23,23,23,23,916,9160,-1.263149,-2.942049,-4.727552,-1.934886,-2.719503,-1.783828,-8.026557E-05,-67.59084,0.1235102,0.4837766,-0.2383871,0.6063775,0.4413675,-0.4432265,-0.7747297,-0.4811054,22,22,22,22,22,22,22,22,22,22,22,22,22,22,22,22
917,9170,-100.7551,-71.951,-94.51769,-85.85998,-64.67585,-34.55383,-14.54807,-10.03374,-7.057941,-7.136946,-7.721594,-6.052762,-5.603349,-6.212368,-6.446846,-0.7242185,23,23,23,23,23,23,23,23,23,23,23,23,23,23,23,23,917,9170,-6.321486,-5.535586,-3.667295,-3.49053,-11.29728,-15.83531,-3.918034,-1.173441,-1.294497,-1.803768,-0.9199815,-0.6734522,-0.7680773,-1.893555,-1.565841,-1.695652,23,23,23,23,22,22,23,23,23,23,23,23,23,23,23,23,917,9170,-1.263149,-2.942049,-3.833155,-1.547917,-2.330955,-2.930579,-1.164037,-68.46561,-0.4945029,-0.8467568,-0.5959907,0.3638245,0.11111,-0.6655645,-0.7747297,0.5720431,22,22,22,22,22,22,22,22,22,22,22,22,22,22,22,22
918,9180,-97.02796,-70.1371,-91.19501,-78.55315,-57.55618,-28.87777,-13.65492,-8.905238,-7.800157,-7.013896,-8.552344,-5.800608,-6.557114,-6.331838,-7.759945,0.2414003,23,23,23,23,23,23,23,23,23,23,23,23,23,23,23,23,918,9180,-5.514493,-4.349391,-3.929141,-3.749089,-10.90322,-15.34436,-3.918034,-0.5215432,-1.165048,-1.932516,-0.7885578,-0.1347225,-1.408113,-1.113871,-1.204492,-1.243471,23,23,23,23,22,22,23,23,23,23,23,23,23,23,23,23,918,9180,-1.722794,-2.558309,-4.47201,-1.934886,-2.201457,-2.038713,-1.810679,-67.91887,0.1235102,0.3628196,-0.4767895,-0.4851122,0.3312817,0.1126166,-0.7747297,-0.2470767,22,22,22,22,22,22,22,22,22,22,22,22,22,22,22,22
919,9190,-98.95164,-69.89525,-90.70277,-82.08479,-62.26241,-31.34562,-12.25139,-7.902121,-6.563131,-6.767796,-7.840271,-6.557069,-6.437894,-6.690244,-6.208074,-0.2414083,23,23,23,23,23,23,23,23,23,23,23,23,23,23,23,23,919,9190,-5.783491,-4.48119,-4.845607,-4.266206,-10.90322,-15.09887,-3.787434,-1.173441,-1.165048,-1.803768,-0.7885578,-0.4040874,-1.536121,-1.002488,-1.565841,-1.356517,23,23,23,23,22,22,23,23,23,23,23,23,23,23,23,23,919,9190,-1.492972,-2.942049,-4.088697,-1.676907,-2.460454,-2.54838,-1.293313,-68.24692,0.2471128,-0.3629256,-0.3575883,-1.212771,0.11111,-0.4432265,0.1106236,-0.2470767,22,22,22,22,22,22,22,22,22,22,22,22,22,22,22,22
920,9200,-98.59096,-68.44414,-90.94888,-85.85998,-66.60661,-35.41759,-14.80326,-7.400564,-5.696897,-6.029495,-6.534808,-6.178839,-6.080231,-6.212368,-5.372374,-0.3621117,23,23,23,23,23,23,23,23,23,23,23,23,23,23,23,23,920,9200,-5.783491,-4.217591,-3.667295,-3.49053,-10.77192,-15.09887,-4.179237,-1.043064,-1.812294,-1.288775,-0.5257138,-0.6734522,-1.92014,-1.336638,-1.445391,-1.469563,23,23,23,23,22,22,23,23,23,23,23,23,23,23,23,23,920,9200,-1.722794,-2.814136,-4.344239,-1.805897,-2.589952,-3.312881,-1.681299,-68.90298,-0.1236949,0.6047336,1.525046E-05,-0.4851122,0.001024189,0.1126166,-0.1107151,0.8060718,22,22,22,22,22,22,22,22,22,22,22,22,22,22,22,22
921,9210,-99.91349,-69.6534,-92.05644,-89.26983,-66.12392,-37.26848,-15.824,-9.406797,-6.934239,-9.595811,-6.178773,-6.052762,-5.484129,-6.809711,-5.611145,-0.2414083,23,23,23,23,23,23,23,23,23,23,23,23,23,23,23,23,921,9210,-6.052488,-4.48119,-4.583761,-3.102693,-11.55999,-15.22164,-3.787434,-0.5215464,-2.200639,-1.160027,-0.5257138,-1.616231,-1.664128,-1.448021,-2.168089,-2.034787,23,23,23,23,22,22,23,23,23,23,23,23,23,23,23,23,921,9210,-2.756991,-3.581614,-4.983094,-1.934886,-2.201457,-1.911296,-1.939955,-68.46561,-9.23054E-05,0.3628196,0.1192164,-0.7276652,-0.5494082,0.2237852,0.4426293,0.8060718,22,22,22,22,22,22,22,22,22,22,22,22,22,22,22,22
922,9220,-98.35049,-68.68599,-89.71826,-80.01453,-58.15955,-32.94973,-13.65491,-8.529069,-6.810537,-7.874779,-5.941415,-4.791992,-4.05348,-5.137152,-3.581587,-0.9656237,23,23,23,23,23,23,23,23,23,23,23,23,23,23,23,23,922,9220,-6.455984,-4.48119,-4.321916,-3.231972,-10.50922,-16.08085,-3.134427,-1.303821,-2.200639,-1.031279,-1.182826,-1.481548,-1.664128,-2.450472,-1.686291,-2.260879,23,23,23,23,22,22,23,23,23,23,23,23,23,23,23,23,922,9220,-1.722794,-3.581614,-4.344239,-1.547917,-2.201457,-3.440298,-1.939955,-68.24692,0.4943179,0.6058831,0.1192164,0.2425497,-0.1090616,-0.1097206,0.1106236,0.9230925,22,22,22,22,22,22,22,22,22,22,22,22,22,22,22,22
923,9230,-94.86381,-66.50932,-85.28802,-72.46414,-48.50575,-26.78009,-10.33749,-7.525953,-5.820794,-6.521642,-4.872248,-4.161606,-4.05348,-4.659278,-3.462202,0.2414003,23,23,23,23,23,23,23,23,23,23,23,23,23,23,23,23,923,9230,-6.724982,-5.271987,-4.452838,-3.102693,-11.16593,-16.20358,-3.003825,-1.955719,-1.812294,-1.546272,-1.314249,-1.212183,-1.280106,-3.118773,-1.686291,-2.260879,23,23,23,23,22,22,23,23,23,23,23,23,23,23,23,23,923,9230,-2.756991,-3.965354,-5.366406,-2.192866,-2.201457,-1.78388,-1.810627,-68.57495,-0.1236949,-0.1199874,0.357618,-0.7276652,-1.320009,-1.110239,0.1106236,1.157121,22,22,22,22,22,22,22,22,22,22,22,22,22,22,22,22
924,9240,-99.19211,-66.14654,-88.24151,-77.21358,-55.74609,-23.2017,-9.061555,-6.397447,-5.449257,-5.414191,-5.109868,-3.405145,-3.93426,-2.86725,-3.22343,-0.1207066,23,23,23,23,23,23,23,23,23,23,23,23,23,23,23,23,924,9240,-7.397475,-6.062785,-3.536372,-3.361252,-10.90322,-15.95808,-3.656832,-2.86837,-0.9061517,-0.7737833,-1.577093,-2.020278,-1.152098,-2.561855,-2.047639,-1.469563,23,23,23,23,22,22,23,23,23,23,23,23,23,23,23,23,924,9240,-2.182437,-3.965354,-5.238635,-1.934886,-1.812961,-2.803214,-1.939955,-69.34038,-0.6181059,-1.08782,-0.5959911,1.212713,0.5514534,0.4461224,0.2212922,0.3380079,22,22,22,22,22,22,22,22,22,22,22,22,22,22,22,22
925,9250,-99.5528,-66.99302,-88.11845,-77.94425,-56.47013,-26.90348,-9.699522,-6.899005,-5.325412,-5.906392,-4.991057,-3.657299,-4.411192,-3.942466,-2.984658,-0.1207066,23,23,23,23,23,23,23,23,23,23,23,23,23,23,23,23,925,9250,-6.724982,-5.271987,-4.060063,-2.585576,-11.42864,-15.46708,-3.395628,-2.477233,-1.165048,-0.645035,-2.234205,-1.077501,-2.176155,-2.450472,-2.408988,-1.582606,23,23,23,23,22,22,23,23,23,23,23,23,23,23,23,23,925,9250,-2.182437,-3.965354,-4.727552,-2.063876,-2.201457,-1.401629,-1.681299,-68.24692,-0.3709004,0.0009888718,-0.2383875,0.4850545,0.1111068,-0.9990695,-0.1107151,0.6890574,22,22,22,22,22,22,22,22,22,22,22,22,22,22,22,22
926,9260,-95.58519,-64.57449,-81.96533,-68.81073,-48.7471,-23.32509,-9.699522,-6.522838,-5.201566,-5.291141,-4.397009,-4.161607,-2.861323,-3.584066,-3.462202,-4.815934E-06,23,23,23,23,23,23,23,23,23,23,23,23,23,23,23,23,926,9260,-6.993979,-4.744789,-3.798218,-3.619809,-11.69134,-16.44907,-4.048635,-1.434201,-1.812294,-0.387539,-1.577093,-1.346866,-2.048148,-1.670792,-1.445391,-2.034787,23,23,23,23,22,22,23,23,23,23,23,23,23,23,23,23,926,9260,-2.297348,-3.709528,-5.494177,-3.095795,-2.071958,-1.656463,-1.810627,-69.23103,-1.112516,-0.2409669,-0.2383875,0.1212235,0.1111068,-0.1097214,0.1106236,0.8060718,22,22,22,22,22,22,22,22,22,22,22,22,22,22,22,22
927,9270,-93.30081,-65.17913,-78.88877,-65.2791,-45.48895,-19.7467,-7.275249,-6.648227,-5.573103,-5.783341,-3.921769,-3.909452,-2.742103,-4.181409,-3.342815,-0.1207066,23,23,23,23,23,23,23,23,23,23,23,23,23,23,23,23,927,9270,-7.666317,-5.008388,-4.845607,-3.619809,-11.03458,-15.95808,-3.52623,-0.9126837,-0.9061517,-0.001294684,-1.182826,-1.212183,-1.92014,-1.559407,-1.565893,-1.582606,23,23,23,23,22,22,23,23,23,23,23,23,23,23,23,23,927,9270,-1.492972,-2.814136,-5.110864,-2.579835,-1.424465,-1.401629,-0.3880134,-68.02822,-0.3709004,-0.7248815,-0.1191863,0.3637764,-0.4393256,-0.5543959,-0.5533974,1.625192,22,22,22,22,22,22,22,22,22,22,22,22,22,22,22,22
928,9280,-95.46496,-65.78376,-80.11939,-65.2791,-45.85097,-22.21455,-10.2099,-7.275175,-6.315726,-6.890792,-4.515818,-4.918069,-3.93431,-4.420347,-2.984658,-1.206969,23,23,23,23,23,23,23,23,23,23,23,23,23,23,23,23,928,9280,-6.321486,-5.140188,-3.929141,-3.49053,-10.64057,-16.20358,-3.395628,-0.7823035,-1.165048,-1.288775,-0.7885578,-1.750913,-1.92014,-1.782175,-0.9636443,-1.582606,23,23,23,23,22,22,23,23,23,23,23,23,23,23,23,23,928,9280,-1.263149,-3.069962,-4.47201,-1.547917,-1.294967,-1.274213,-0.1293568,-68.46561,-0.4945029,-0.845861,0.7152216,0.7276074,-0.3292365,-0.3320587,-0.2213901,1.157179,22,22,22,22,22,22,22,22,22,22,22,22,22,22,22,22
929,9290,-94.62336,-65.17913,-74.58159,-59.19008,-40.9034,-18.88295,-7.147655,-6.272058,-5.325412,-6.521642,-4.2782,-5.044146,-2.980544,-3.225661,-3.223429,-0.2413505,23,23,23,23,23,23,23,23,23,23,23,23,23,23,23,23,929,9290,-5.648992,-5.008388,-3.798218,-3.231972,-11.03458,-16.94002,-2.873223,-0.9126837,-0.7767026,-1.417524,-1.44567,-2.424327,-1.664128,-1.670792,-1.686342,-2.713057,23,23,23,23,22,22,23,23,23,23,23,23,23,23,23,23,929,9290,-1.033281,-2.942049,-5.110864,-2.966805,-1.553964,-2.038713,-1.422641,-67.91887,-0.1236949,-0.2409669,-0.4767899,-5.136996E-05,-0.2191507,-0.1097214,0.1106172,0.5720944,22,22,22,22,22,22,22,22,22,22,22,22,22,22,22,22
930,9300,-96.54704,-63.00245,-75.68916,-59.79898,-42.2308,-17.52563,-7.402842,-5.7705,-6.315726,-5.783341,-5.822728,-4.413761,-4.291972,-3.225661,-3.342815,-0.1206472,23,23,23,23,23,23,23,23,23,23,23,23,23,23,23,23,930,9300,-6.724982,-4.876588,-3.274527,-2.456296,-10.50922,-17.18551,-1.959014,-0.3911662,-1.812294,-0.387539,-1.708517,-2.289644,-0.7680773,-1.225259,-2.047691,-3.278283,23,23,23,23,22,22,23,23,23,23,23,23,23,23,23,23,930,9300,-1.722746,-3.197874,-4.344239,-1.805897,-1.683462,-1.529046,-0.1293568,-67.80952,-0.3709004,-1.08782,-0.4767899,-0.1213294,0.5514501,0.7796283,-0.6640676,0.8061296,22,22,22,22,22,22,22,22,22,22,22,22,22,22,22,22
931,9310,-96.78751,-63.24431,-75.93526,-61.38213,-44.64425,-21.22741,-10.72027,-6.272058,-6.686834,-7.013842,-6.534807,-7.061378,-5.484179,-5.01769,-4.05913,-0.4827557,23,23,23,23,23,23,23,23,23,23,23,23,23,23,23,23,931,9310,-5.783491,-4.612989,-3.536372,-2.197738,-11.55999,-16.94002,-2.742623,-0.9126837,-1.294497,-0.9025313,-1.839937,-2.559009,-1.280106,-1.113874,-1.927242,-2.713057,23,23,23,23,22,22,23,23,23,23,23,23,23,23,23,23,931,9310,-1.607835,-2.302483,-4.344237,-2.063876,-2.589952,-2.16613,-0.9053274,-68.6843,-0.9889135,0.0009888718,-0.1191863,0.2425015,0.2211926,0.4461216,0.3319543,-0.01298376,22,22,22,22,22,22,22,22,22,22,22,22,22,22,22,22
932,9320,-95.46497,-63.72802,-76.91976,-65.88801,-46.93702,-21.84437,-9.571928,-5.143552,-5.696948,-7.259942,-6.416128,-5.800608,-4.888075,-5.376095,-5.252988,0.3621615,23,23,23,23,23,23,23,23,23,23,23,23,23,23,23,23,932,9320,-4.842,-3.822192,-3.798218,-1.93918,-11.29728,-16.3263,-2.48142,-0.3911662,-1.812294,-0.516287,-1.839937,-1.750913,-1.280106,-1.559407,-2.52949,-1.695652,23,23,23,23,22,22,23,23,23,23,23,23,23,23,23,23,932,9320,-2.067477,-3.069961,-4.599779,-1.547864,-2.460454,-2.420964,-0.7759987,-68.24692,-0.3709004,-0.2409669,-0.5959911,-0.4851604,0.1111068,0.001447188,-0.9960732,0.3380657,22,22,22,22,22,22,22,22,22,22,22,22,22,22,22,22
933,9330,-93.54128,-64.09079,-75.07382,-62.35638,-43.20821,-20.48705,-8.295996,-6.146668,-5.201566,-7.259942,-4.991057,-6.052762,-4.17275,-5.734501,-5.133602,-0.6034574,23,23,23,23,23,23,23,23,23,23,23,23,23,23,23,23,933,9330,-4.573002,-3.690392,-4.190993,-2.973413,-11.95405,-16.3263,-2.220218,-0.6519266,-1.812294,-1.031279,-2.102784,-1.346866,-0.8960848,-1.559407,-2.52949,-2.034787,23,23,23,23,22,22,23,23,23,23,23,23,23,23,23,23,933,9330,-2.52712,-3.325787,-4.344237,-2.192813,-3.107947,-3.440298,-0.9053274,-67.91887,1.483139,0.2429478,-0.5959911,-0.2426075,0.4413643,-0.5543959,-0.3320602,0.3380657,22,22,22,22,22,22,22,22,22,22,22,22,22,22,22,22
934,9340,-95.34474,-64.93728,-75.44301,-63.08706,-43.4496,-22.09116,-9.827115,-6.773616,-5.820794,-7.013842,-6.060092,-6.55707,-4.530412,-6.451311,-5.014216,-0.9655643,23,23,23,23,23,23,23,23,23,23,23,23,23,23,23,23,934,9340,-4.035007,-3.294994,-3.143604,-3.102693,-11.95405,-15.58981,-2.220218,-0.9126837,-0.9061517,-1.288775,-2.102784,-0.8081346,-0.5120638,-1.893558,-2.168141,-1.921741,23,23,23,23,22,22,23,23,23,23,23,23,23,23,23,23,934,9340,-2.2973,-3.581613,-4.599779,-2.708772,-2.719451,-2.420964,-1.810627,-68.13757,-0.1236949,-0.2409669,-0.1191863,-0.7277133,-0.5494114,0.4461216,0.4426245,-0.01298376,22,22,22,22,22,22,22,22,22,22,22,22,22,22,22,22
935,9350,-94.14243,-65.17913,-74.33544,-58.09407,-39.5874,-19.37652,-7.785622,-5.51972,-4.953875,-6.521642,-5.466297,-6.052762,-5.007295,-5.495564,-5.252988,-0.7241592,23,23,23,23,23,23,23,23,23,23,23,23,23,23,23,23,935,9350,-2.959017,-2.899595,-1.834364,-2.456296,-11.42864,-15.83531,-1.828414,-0.9126837,-9.631868E-06,-1.803768,-2.234205,-1.346866,-1.280106,-1.893558,-2.047691,-1.921741,23,23,23,23,22,22,23,23,23,23,23,23,23,23,23,23,935,9350,-2.182389,-3.581613,-4.088696,-2.063824,-2.978448,-2.675797,-1.552022,-67.91887,-9.23054E-05,0.847842,0.5960204,0.7276074,-0.1090649,0.2237844,-0.2213901,0.8061296,22,22,22,22,22,22,22,22,22,22,22,22,22,22,22,22
936,9360,-92.94013,-64.57449,-72.98177,-55.53668,-41.03572,-19.12973,-7.785622,-5.018162,-5.07772,-6.521642,-6.297449,-5.800608,-5.364957,-5.973437,-6.208074,0.2414597,23,23,23,23,23,23,23,23,23,23,23,23,23,23,23,23,936,9360,-3.631511,-3.690392,-3.143604,-2.973413,-10.77187,-15.83531,-2.742623,-0.9126805,-0.9061517,-2.061264,-1.44567,-1.616231,-0.8960848,-1.670792,-1.927242,-1.243471,23,23,23,23,22,22,23,23,23,23,23,23,23,23,23,23,936,9360,-2.986765,-4.477005,-4.344237,-2.192813,-1.812962,-1.019379,-2.327994,-68.57495,1.483139,0.3639273,-0.1191863,-0.8489882,-0.769583,-0.1097214,-5.297528E-05,-0.2470189,22,22,22,22,22,22,22,22,22,22,22,22,22,22,22,22
937,9370,-92.69967,-65.78376,-71.50501,-56.51092,-38.50117,-16.90866,-7.530435,-6.021279,-5.696948,-7.505987,-6.653486,-7.691762,-6.08028,-6.929185,-5.849917,-1.086266,23,23,23,23,23,23,23,23,23,23,23,23,23,23,23,23,937,9370,-4.842,-3.031394,-3.274527,-2.585576,-11.29728,-15.58981,-2.612021,0.3911116,-1.294497,-1.031279,-0.5257138,-0.9428186,-2.176155,-2.004941,-1.686342,-1.130428,23,23,23,23,22,22,23,23,23,23,23,23,23,23,23,23,937,9370,-1.952566,-3.069961,-4.088696,-1.418874,-2.330956,-2.54838,-1.681351,-68.02822,0.3707153,0.7268625,0.2384168,-0.1213294,-1.320012,0.557291,0.9959689,0.8061296,22,22,22,22,22,22,22,22,22,22,22,22,22,22,22,22
938,9380,-94.02221,-65.17913,-73.84321,-63.93953,-46.22554,-22.70812,-7.530435,-5.51972,-6.439428,-8.366503,-6.772163,-8.574302,-6.318722,-6.092906,-5.372374,0.3621615,23,23,23,23,23,23,23,23,23,23,23,23,23,23,23,23,938,9380,-5.245495,-2.899595,-3.143604,-2.068459,-11.16593,-15.09881,-2.089616,-0.1304059,-1.682845,-1.160027,-1.577093,-1.077501,-2.688185,-1.225259,-1.204544,-1.243471,23,23,23,23,22,22,23,23,23,23,23,23,23,23,23,23,938,9380,-2.642031,-4.093266,-4.216466,-1.547864,-1.94246,-1.911296,-0.7760509,-67.91887,0.7415238,0.6047336,0.5960204,-0.2426075,-0.1090649,0.1126166,0.1106172,0.6891152,22,22,22,22,22,22,22,22,22,22,22,22,22,22,22,22
939,9390,-94.74359,-66.38839,-75.31995,-66.86225,-47.55318,-22.70812,-8.168402,-7.024395,-7.057941,-10.21046,-7.602915,-9.330765,-6.437942,-6.809718,-5.611145,-0.2413505,23,23,23,23,23,23,23,23,23,23,23,23,23,23,23,23,939,9390,-5.110997,-2.767796,-3.536372,-2.197738,-11.03458,-15.58981,-2.220218,-1.173441,-2.588987,-1.031279,-1.70851,-2.020278,-1.792133,-1.670792,-1.806792,-1.469563,23,23,23,23,22,22,23,23,23,23,23,23,23,23,23,23,939,9390,-2.2973,-3.83744,-4.727551,-1.805844,-1.94246,-2.420964,-2.715979,-69.01234,0.3707153,0.6047336,0.47682,0.7276074,0.2211926,-0.22089,0.2212857,1.274193,22,22,22,22,22,22,22,22,22,22,22,22,22,22,22,22
940,9400,-96.30659,-67.8395,-76.67364,-64.0613,-46.22554,-20.85723,-9.571929,-8.152902,-7.923859,-10.08753,-7.840271,-8.826454,-6.08028,-5.734501,-4.297902,-0.7241592,23,23,23,23,23,23,23,23,23,23,23,23,23,23,23,23,940,9400,-5.245495,-4.34939,-3.929141,-2.585576,-11.03458,-16.0808,-1.959014,-1.955716,-2.071192,-1.67502,-1.577087,-2.020278,-1.408113,-1.893558,-1.927242,-2.034787,23,23,23,23,22,22,23,23,23,23,23,23,23,23,23,23,940,9400,-2.52712,-4.477005,-4.983092,-1.676854,-2.201457,-1.529046,-1.681351,-68.79365,-0.6181055,0.2418626,-0.1191859,-0.6063871,-0.8796689,-0.8879017,-0.1107215,0.9231439,22,22,22,22,22,22,22,22,22,22,22,22,22,22,22,22
941,9410,-95.58521,-66.99302,-75.8122,-64.0613,-46.46693,-21.4742,-8.168402,-7.149784,-7.676455,-8.981156,-7.24688,-8.952532,-5.484129,-5.256626,-5.491759,-0.3620523,23,23,23,23,23,23,23,23,23,23,23,23,23,23,23,23,941,9410,-4.035007,-4.085791,-2.488984,-1.163505,-10.11516,-15.83531,-1.567211,-1.955716,-0.3883553,-1.67502,-1.839934,-1.885596,-1.152095,-1.893558,-1.686342,-2.486968,23,23,23,23,22,22,23,23,23,23,23,23,23,23,23,23,941,9410,-1.837658,-3.325787,-4.344237,-0.9029154,-1.424466,-2.420964,-1.552022,-69.23103,0.2471128,0.8466508,0.47682,0.3638245,0.1110587,-0.3320587,0.3319543,0.9231439,22,22,22,22,22,22,22,22,22,22,22,22,22,22,22,22
942,9420,-96.66727,-66.75117,-76.55057,-66.74047,-51.05329,-22.83151,-9.189149,-7.024395,-8.294967,-8.981156,-7.721592,-9.204686,-7.868541,-8.362275,-7.879157,-0.1206472,23,23,23,23,23,23,23,23,23,23,23,23,23,23,23,23,942,9420,-3.228015,-3.426793,-2.096215,-1.422063,-11.03458,-16.20353,-1.828414,-2.086092,-1.165048,-1.932516,-1.839934,-2.154962,-1.280103,-2.33909,-2.047691,-1.695652,23,23,23,23,22,22,23,23,23,23,23,23,23,23,23,23,942,9420,-2.2973,-3.965353,-4.855321,-1.676854,-1.424466,-1.656463,0.5172337,-67.59084,-0.2472974,0.2418626,-0.2383871,0.3638245,-0.4393705,-0.6655645,-0.4427288,1.157179,22,22,22,22,22,22,22,22,22,22,22,22,22,22,22,22
943,9430,-95.46497,-66.38839,-74.70464,-60.77324,-42.84613,-19.7467,-7.530435,-6.648227,-7.923859,-9.227018,-7.840271,-8.700378,-7.868541,-8.481611,-7.759945,0.1207563,23,23,23,23,23,23,23,23,23,23,23,23,23,23,23,23,943,9430,-3.497012,-3.822192,-2.096215,-1.809901,-11.03458,-15.58981,-2.742623,-1.825335,-1.035601,-1.160027,-2.365622,-1.750913,-1.792133,-2.004938,-2.047691,-1.921741,23,23,23,23,22,22,23,23,23,23,23,23,23,23,23,23,943,9430,-1.837658,-3.453701,-5.238634,-2.063824,-1.424466,-0.8919623,-1.293366,-68.90298,-0.7417084,-5.458059E-05,0.1192164,0.1212716,0.2211445,0.001447991,-0.2213869,0.5720944,22,22,22,22,22,22,22,22,22,22,22,22,22,22,22,22
944,9440,-91.61759,-66.02561,-71.13583,-54.31887,-36.20799,-17.40223,-7.020062,-6.899005,-7.552751,-10.08753,-7.840271,-10.2133,-9.060748,-9.794307,-8.832852,-0.1206552,23,23,23,23,23,23,23,23,23,23,23,23,23,23,23,23,944,9440,-3.76601,-3.031394,-1.965286,-1.292784,-11.55999,-15.95803,-2.48142,-1.955716,-1.294497,-1.031279,-1.971354,-1.481548,-1.920137,-1.782172,-1.204544,-1.243471,23,23,23,23,22,22,23,23,23,23,23,23,23,23,23,23,944,9440,-1.378012,-3.197874,-5.238634,-1.418874,-1.553965,-2.038713,-0.2587377,-67.0441,-0.4945029,0.2418626,0.3576188,0.7276555,-0.3292847,-0.8879017,-0.3320554,0.936102,22,22,22,22,22,22,22,22,22,22,22,22,22,22,22,22
945,9450,-93.18057,-67.23488,-70.52052,-51.88327,-33.79412,-14.68759,-6.254502,-7.525953,-8.171265,-10.21046,-9.145737,-10.46546,-9.41841,-9.913642,-8.475217,-1.206976,23,23,23,23,23,23,23,23,23,23,23,23,23,23,23,23,945,9450,-3.497012,-2.372397,-2.096215,-1.292784,-10.64057,-15.83531,-2.873223,-1.694955,-1.294497,-1.67502,-1.839934,-1.885596,-1.792133,-1.225255,-1.204544,-1.582606,23,23,23,23,22,22,23,23,23,23,23,23,23,23,23,23,945,9450,-1.033329,-2.558308,-4.344237,-2.192813,-1.553965,-1.146796,-1.422693,-69.23103,-0.865311,-0.8467568,1.525046E-05,0.1212716,0.1110587,-0.1097206,-0.3320554,0.4679547,22,22,22,22,22,22,22,22,22,22,22,22,22,22,22,22
946,9460,-94.62334,-66.49787,-72.98177,-62.47816,-42.60474,-21.10402,-12.1238,-8.779849,-8.171265,-10.94805,-8.671021,-11.09584,-9.29919,-10.03298,-8.236794,-0.844869,23,23,23,23,23,23,23,23,23,23,23,23,23,23,23,23,946,9460,-2.824518,-2.108798,-2.227138,-0.7756664,-10.37786,-16.44902,-2.612021,-1.434198,-1.165048,-1.803768,-2.102778,-1.346866,-2.048145,-1.448021,-0.6022952,-1.582606,23,23,23,23,22,22,23,23,23,23,23,23,23,23,23,23,946,9460,-1.37806,-1.918744,-4.599779,-1.418874,-1.035971,-1.019379,-1.034708,-67.80952,-0.1236949,0.6047336,-0.7151919,0.4851026,0.4413162,-0.4432265,-0.7747313,0.3509211,22,22,22,22,22,22,22,22,22,22,22,22,22,22,22,22
947,9470,-94.02219,-66.61877,-75.07384,-64.54842,-45.1393,-23.69526,-15.56882,-10.91147,-10.39791,-10.70219,-10.09516,-11.09584,-10.61062,-9.436299,-8.952065,4.655403E-05,23,23,23,23,23,23,23,23,23,23,23,23,23,23,23,23,947,9470,-2.69002,-1.976998,-1.441602,-1.809901,-10.64057,-16.81724,-2.220218,-1.694955,-1.423946,-1.417524,-1.182819,-1.212183,-1.792133,-1.113871,-0.9636443,-1.582606,23,23,23,23,22,22,23,23,23,23,23,23,23,23,23,23,947,9470,-1.263149,-2.046657,-4.47201,-1.031905,-1.683463,-1.401629,-2.198665,-68.13757,-0.1236949,-0.6048428,0.1192164,-3.210623E-06,0.3312303,-0.1097206,-0.6640627,0.4679547,22,22,22,22,22,22,22,22,22,22,22,22,22,22,22,22
948,9480,-93.78172,-67.22329,-72.85871,-59.55543,-40.79434,-21.84437,-15.69641,-12.54154,-9.655694,-11.07098,-10.4512,-11.60015,-10.84906,-10.62966,-8.71364,-0.4827621,23,23,23,23,23,23,23,23,23,23,23,23,23,23,23,23,948,9480,-1.345033,-1.845199,-1.572524,-1.292784,-11.16593,-17.18546,-1.828414,-1.043061,-0.7767026,-1.160027,-0.919975,-2.020278,-0.6400681,-0.7797206,-1.204544,-1.921741,23,23,23,23,22,22,23,23,23,23,23,23,23,23,23,23,948,9480,-0.4587755,-2.55831,-4.216467,-1.547917,-2.071959,-1.656463,-1.940008,-67.37214,0.9887289,0.1209024,-0.1191859,0.4851026,0.6614878,0.6684605,-0.1107167,0.1168474,22,22,22,22,22,22,22,22,22,22,22,22,22,22,22,22
949,9490,-90.41527,-66.61877,-70.15134,-55.17134,-35.83516,-19.37652,-13.39973,-11.66381,-9.903098,-10.70219,-10.21384,-11.60015,-10.4914,-10.98766,-8.356005,0.3621534,23,23,23,23,23,23,23,23,23,23,23,23,23,23,23,23,949,9490,-1.61403,-1.054401,-0.9179106,-0.6463875,-11.29728,-17.06274,-1.044806,-0.5215432,-1.682845,-0.7737833,-0.919975,-1.885596,-0.6400681,-1.002488,-1.204544,-1.808698,23,23,23,23,22,22,23,23,23,23,23,23,23,23,23,23,949,9490,-0.9184179,-2.814136,-4.088697,-1.031957,-1.424516,-1.529046,-1.552022,-67.0441,0.2471128,-0.2419686,-0.2383871,0.3638245,-0.2191988,0.1126166,0.5532963,-0.4683335,22,22,22,22,22,22,22,22,22,22,22,22,22,22,22,22
950,9500,-90.29504,-67.22329,-70.76665,-56.99804,-31.73231,-17.64902,-12.76176,-11.7892,-9.903098,-11.80856,-10.33252,-12.10446,-10.61062,-11.70368,-9.190489,-0.6034638,23,23,23,23,23,23,23,23,23,23,23,23,23,23,23,23,950,9500,-1.479531,-1.581599,-1.310679,-0.7756664,-10.77187,-17.18546,-1.697813,-0.391163,-2.200639,-0.645035,-2.102778,-2.154962,-0.7680756,-1.336638,-2.28859,-2.034787,23,23,23,23,22,22,23,23,23,23,23,23,23,23,23,23,950,9500,-1.607883,-3.453702,-3.194301,-1.676907,-1.942511,-3.058048,-2.974636,-68.46561,0.2471128,0.2418626,0.2384176,-0.6063871,-0.2191988,0.4461224,-1.106739,0.8190684,22,22,22,22,22,22,22,22,22,22,22,22,22,22,22,22
951,9510,-90.5355,-66.49787,-71.75116,-58.09407,-34.14574,-17.15545,-11.86861,-11.16225,-10.1505,-11.68563,-11.16327,-11.22192,-11.0875,-10.98766,-8.952065,-0.9655723,23,23,23,23,23,23,23,23,23,23,23,23,23,23,23,23,951,9510,-1.076035,-1.4498,-1.572524,-0.3878296,-11.95405,-16.44902,-1.436665,-0.7823004,-1.553396,-0.645035,-1.971354,-1.750913,-1.024089,-1.336638,-2.047691,-1.808698,23,23,23,23,22,22,23,23,23,23,23,23,23,23,23,23,951,9510,-1.492972,-2.942049,-4.216467,-0.9029668,-0.7770244,-1.401629,-1.810627,-67.0441,0.9887289,-0.2419686,-0.2383871,-0.2425593,-0.109113,0.1126166,0.3319591,-0.4683335,22,22,22,22,22,22,22,22,22,22,22,22,22,22,22,22
952,9520,-89.21297,-65.53062,-68.3054,-53.10107,-30.16356,-15.42795,-11.10305,-9.908354,-9.53199,-9.964602,-10.09516,-10.2133,-10.01451,-9.794307,-8.117581,-0.3620603,23,23,23,23,23,23,23,23,23,23,23,23,23,23,23,23,952,9520,-1.479531,-1.845199,-1.83437,-1.163505,-12.08535,-16.32625,-1.697869,-1.043064,-1.682845,-2.190012,-2.891314,-2.020278,-1.536118,-1.893555,-2.047691,-1.695652,23,23,23,23,22,22,23,23,23,23,23,23,23,23,23,23,952,9520,-1.492972,-3.197876,-4.216467,-1.676907,-2.460505,-2.675797,-0.9053274,-68.02822,-0.1236949,0.6047336,-0.4767895,-3.210623E-06,-0.3292847,0.3349538,0.1106204,0.5849947,22,22,22,22,22,22,22,22,22,22,22,22,22,22,22,22
953,9530,-94.02219,-63.95886,-71.2589,-58.45941,-36.55919,-19.99348,-13.14454,-9.532187,-9.408288,-10.08753,-10.92591,-10.59153,-9.895293,-9.674971,-7.521318,0.6035585,23,23,23,23,23,23,23,23,23,23,23,23,23,23,23,23,953,9530,-0.6725388,-1.318001,-0.7869814,-1.551342,-11.29728,-15.83531,-1.306064,-1.043064,-1.294496,-2.190012,-2.365622,-1.885596,-1.152095,-1.225255,-1.927242,-1.582606,23,23,23,23,22,22,23,23,23,23,23,23,23,23,23,23,953,9530,-2.412256,-3.197876,-4.216467,-1.676907,-1.295018,-1.146796,-3.103912,-67.70019,-0.1236949,-0.6048428,-0.4767895,-0.4851122,-0.109113,0.1126166,-4.815934E-05,-0.1172263,22,22,22,22,22,22,22,22,22,22,22,22,22,22,22,22
954,9540,-92.94011,-64.44248,-72.12034,-60.89502,-38.24861,-20.98063,-11.9962,-9.281406,-8.789777,-9.841673,-9.620451,-9.330763,-8.941528,-8.24294,-6.805003,-0.4827621,23,23,23,23,23,23,23,23,23,23,23,23,23,23,23,23,954,9540,-1.210534,-1.976998,-1.179756,-1.93918,-11.95405,-15.95803,-1.567267,-2.607613,-1.553394,-2.447508,-2.75989,-1.750913,-1.40811,-1.893555,-1.686342,-1.582606,23,23,23,23,22,22,23,23,23,23,23,23,23,23,23,23,954,9540,-1.722794,-2.55831,-3.705384,-1.547917,-1.554015,-2.675797,-2.845255,-67.48149,-9.23054E-05,0.0009856612,1.525046E-05,-0.2425593,-0.2191988,0.3349538,-0.1107167,1.287209,22,22,22,22,22,22,22,22,22,22,22,22,22,22,22,22
955,9550,-94.74357,-64.56339,-75.31996,-67.47115,-41.38608,-21.84437,-13.39973,-9.281406,-7.552751,-9.34995,-9.264416,-8.952532,-7.868541,-7.28759,-5.372374,-0.4827621,23,23,23,23,23,23,23,23,23,23,23,23,23,23,23,23,955,9550,-1.61403,-2.240597,-1.572524,-2.585576,-10.90322,-15.46703,-2.089672,-1.694958,-1.165047,-2.061264,-2.234202,-1.750913,-1.536118,-1.893555,-1.806792,-1.582606,23,23,23,23,22,22,23,23,23,23,23,23,23,23,23,23,955,9550,-2.871902,-3.581615,-4.344239,-1.676907,-1.683513,-1.401629,-3.362569,-67.80952,-9.23054E-05,-0.2409701,-0.2383875,-0.6063871,-0.4393705,-0.3320579,0.2212906,0.4679547,22,22,22,22,22,22,22,22,22,22,22,22,22,22,22,22
956,9560,-95.22449,-65.40972,-74.70465,-64.54842,-39.576,-19.99348,-12.25139,-9.406797,-8.418669,-9.595811,-9.383095,-8.700378,-7.987763,-8.24294,-5.730531,-0.7241672,23,23,23,23,23,23,23,23,23,23,23,23,23,23,23,23,956,9560,-1.883027,-1.976998,-1.310679,-1.93918,-11.16593,-15.46703,-1.959071,-1.303821,-2.330087,-2.447508,-1.051399,-1.481547,-1.664125,-1.448021,-1.686342,-1.469563,23,23,23,23,22,22,23,23,23,23,23,23,23,23,23,23,956,9560,-1.37806,-2.814136,-4.216467,-1.031957,-1.683513,-2.54838,-2.457269,-68.24692,-9.23054E-05,0.1219651,1.484913E-05,0.6063839,-0.3292847,-0.1097206,-0.1107167,0.936102,22,22,22,22,22,22,22,22,22,22,22,22,22,22,22,22
957,9570,-96.0661,-63.59615,-74.58159,-65.27911,-41.14474,-22.70812,-10.72027,-7.902121,-7.552751,-9.104088,-7.602915,-7.943917,-6.437894,-6.690248,-5.49176,-0.3620603,23,23,23,23,23,23,23,23,23,23,23,23,23,23,23,23,957,9570,-2.959017,-1.713399,-1.572524,-2.585576,-10.77187,-15.46703,-2.089672,-0.6519266,-1.812292,-2.833752,-1.839934,-1.750911,-1.408162,-1.448021,-1.686342,-1.582606,23,23,23,23,22,22,23,23,23,23,23,23,23,23,23,23,957,9570,-2.182437,-3.709529,-4.47201,-1.934886,-2.201508,-1.146796,-2.069284,-67.91887,0.2471128,0.1219651,-0.3575887,-0.1212749,-0.8796689,-0.7767323,0.3319591,0.7020283,22,22,22,22,22,22,22,22,22,22,22,22,22,22,22,22
958,9580,-93.54126,-62.74982,-73.47403,-62.47816,-42.2308,-22.70812,-10.59268,-7.776732,-7.923859,-8.120642,-8.314986,-7.565686,-6.795556,-6.57078,-6.566232,0.2414517,23,23,23,23,23,23,23,23,23,23,23,23,23,23,23,23,958,9580,-2.555521,-1.318001,-2.881759,-1.93918,-9.983804,-15.71253,-2.481476,-1.564578,-2.588985,-2.576256,-2.234202,-1.616229,-1.792184,-1.893606,-1.927242,-1.808698,23,23,23,23,22,22,23,23,23,23,23,23,23,23,23,23,958,9580,-1.263149,-3.453702,-4.727552,-1.805897,-1.942511,-2.675797,-2.069284,-68.46561,0.6179212,-0.482929,0.357618,0.6063839,-0.2191507,0.1126166,0.3319591,0.936102,22,22,22,22,22,22,22,22,22,22,22,22,22,22,22,22
959,9590,-92.69965,-63.35434,-72.98177,-60.04255,-39.33466,-20.61045,-9.954708,-8.152902,-8.418669,-9.472879,-8.433665,-8.448225,-7.391659,-6.690248,-5.611197,0.1207499,23,23,23,23,23,23,23,23,23,23,23,23,23,23,23,23,959,9590,-2.286524,-2.372397,-2.750836,-1.93918,-10.77187,-16.20353,-1.959071,-2.086096,-2.718434,-1.803768,-1.70851,-1.481547,-2.176203,-1.893606,-1.204492,-1.808698,23,23,23,23,22,22,23,23,23,23,23,23,23,23,23,23,959,9590,-2.297348,-4.349094,-4.727552,-2.450846,-1.942511,-1.529046,-2.069284,-68.46561,0.1235102,-0.2409701,-0.3575887,-0.3638278,-1.099841,-0.5543959,-0.2213885,0.3509211,22,22,22,22,22,22,22,22,22,22,22,22,22,22,22,22
960,9600,-91.97826,-62.99162,-69.53603,-55.04956,-35.83516,-18.88295,-9.444335,-8.529069,-8.047561,-9.718741,-8.552344,-9.078609,-8.226203,-7.884933,-6.446897,0.4828054,23,23,23,23,23,23,23,23,23,23,23,23,23,23,23,23,960,9600,-1.61403,-2.635996,-2.358068,-1.809901,-10.64057,-16.20353,-1.175464,-2.86837,-2.459536,-1.803768,-1.445666,-2.020276,-1.152146,-2.67329,-1.565841,-1.808743,23,23,23,23,22,22,23,23,23,23,23,23,23,23,23,23,960,9600,-1.37806,-3.581615,-4.599781,-1.934886,-1.683513,-2.420964,-1.681299,-68.35625,-9.23054E-05,-0.1199938,0.119216,0.727662,0.2211926,-0.5543959,-0.2213885,0.4550287,22,22,22,22,22,22,22,22,22,22,22,22,22,22,22,22
961,9610,-92.8199,-64.9261,-70.64359,-59.79899,-38.48995,-20.11688,-9.061555,-9.406797,-8.171265,-10.57926,-9.383095,-10.84369,-9.060748,-9.794307,-6.446897,-0.8449203,23,23,23,23,23,23,23,23,23,23,23,23,23,23,23,23,961,9610,-2.286523,-2.372397,-2.750836,-2.327018,-10.50922,-16.0808,-1.697869,-2.607613,-2.459536,-2.061264,-1.445666,-2.424324,-2.048196,-2.561907,-2.529438,-2.713105,23,23,23,23,22,22,23,23,23,23,23,23,23,23,23,23,961,9610,-2.067532,-3.837441,-4.983094,-2.837815,-1.813012,-2.038713,-2.457269,-68.46561,-0.7417084,0.3639241,0.4768192,0.485109,-0.6594972,-0.9990703,-0.5533957,1.508177,22,22,22,22,22,22,22,22,22,22,22,22,22,22,22,22
962,9620,-92.45921,-65.40971,-70.02828,-59.06831,-41.14474,-17.77241,-7.402842,-7.400564,-7.923859,-9.841673,-8.552344,-8.826455,-7.272438,-7.645998,-3.939795,-1.569134,23,23,23,23,23,23,23,23,23,23,23,23,23,23,23,23,962,9620,-2.152024,-3.163194,-2.096222,-1.93918,-11.42864,-15.95803,-1.828469,-2.99875,-1.941741,-1.67502,-2.365622,-1.885594,-1.792184,-2.784672,-2.288539,-1.808743,23,23,23,23,22,22,23,23,23,23,23,23,23,23,23,23,962,9620,-1.837712,-2.814135,-3.960926,-2.966805,-2.072009,-1.911296,-2.327941,-68.90298,-0.6181059,-0.1199938,-0.3575887,0.485109,0.2211926,-0.3320587,-0.3320571,0.4550287,22,22,22,22,22,22,22,22,22,22,22,22,22,22,22,22
963,9630,-90.53552,-65.53062,-69.16684,-55.78024,-37.64524,-15.79813,-5.744128,-6.899005,-6.934239,-8.489434,-7.484236,-7.187454,-7.153218,-6.331842,-4.775496,-0.2414083,23,23,23,23,23,23,23,23,23,23,23,23,23,23,23,23,963,9630,-2.421022,-2.899595,-2.096222,-1.551342,-11.29728,-15.95803,-2.481476,-2.477233,-1.812292,-1.288775,-2.497046,-2.020276,-2.432219,-2.784672,-1.445391,-1.808743,23,23,23,23,22,22,23,23,23,23,23,23,23,23,23,23,963,9630,-1.60789,-3.453701,-5.494176,-2.579835,-2.590003,-2.293547,-1.810627,-67.26279,-0.1236949,0.0009856612,0.7152216,0.485109,-0.3292365,-0.5543959,-0.1107199,1.508177,22,22,22,22,22,22,22,22,22,22,22,22,22,22,22,22
964,9640,-92.69967,-63.95885,-70.15134,-56.87627,-34.02507,-12.58992,-6.254502,-6.021279,-7.057941,-7.505987,-8.552344,-6.935301,-6.914776,-5.256626,-3.701024,0.4828054,23,23,23,23,23,23,23,23,23,23,23,23,23,23,23,23,964,9640,-3.093515,-2.372397,-1.965299,-1.809952,-10.37786,-16.57174,-2.481476,-2.086096,-2.071189,-1.546271,-2.891314,-2.154959,-3.072253,-2.339141,-1.686291,-2.600059,23,23,23,23,22,22,23,23,23,23,23,23,23,23,23,23,964,9640,-1.60789,-3.581613,-4.088696,-3.224783,-2.072009,-2.293547,-1.939955,-68.35625,-0.1236949,-0.9668437,-0.4767899,3.210623E-06,0.3312785,-0.3320587,-1.10674,0.8060782,22,22,22,22,22,22,22,22,22,22,22,22,22,22,22,22
965,9650,-91.73782,-62.50799,-66.58253,-50.78725,-31.61162,-13.08349,-5.233755,-5.51972,-5.820743,-6.767795,-6.890844,-5.548454,-5.722569,-4.898221,-3.462252,-0.6035152,23,23,23,23,23,23,23,23,23,23,23,23,23,23,23,23,965,9650,-2.152024,-1.318001,-1.83437,-2.19779,-10.77187,-16.44902,-2.612077,-1.694958,-1.682843,-1.546271,-1.70851,-2.020276,-2.688234,-1.782223,-1.445391,-2.713105,23,23,23,23,22,22,23,23,23,23,23,23,23,23,23,23,965,9650,-1.722801,-2.814135,-5.238634,-2.063875,-2.331008,-2.54838,-1.681299,-67.70019,0.2471128,0.1219651,-0.3575887,0.6063839,0.7716218,0.3349538,-0.885403,0.6890638,22,22,22,22,22,22,22,22,22,22,22,22,22,22,22,22
966,9660,-92.45921,-60.93623,-65.59804,-53.46641,-32.45632,-13.82384,-5.361348,-5.89589,-6.068321,-6.644745,-6.416129,-5.926684,-5.364907,-5.853969,-3.104095,-4.815934E-06,23,23,23,23,23,23,23,23,23,23,23,23,23,23,23,23,966,9660,-1.883027,-1.713399,-1.441602,-2.068511,-10.77187,-16.3262,-2.873281,-1.043064,-1.941741,-1.932516,-2.234202,-2.963053,-1.920188,-1.448073,-2.168089,-2.826147,23,23,23,23,22,22,23,23,23,23,23,23,23,23,23,23,966,9660,-1.722801,-2.814135,-4.599779,-2.063875,-2.460506,-2.038662,-1.681299,-67.48149,-0.1236949,-1.087823,-0.4767899,0.485109,0.5514501,0.001447188,-0.9960716,0.9230925,22,22,22,22,22,22,22,22,22,22,22,22,22,22,22,22
967,9670,-93.42105,-60.45261,-68.18234,-57.8505,-36.07649,-18.51277,-7.020062,-5.7705,-5.201515,-6.644745,-6.416129,-5.800608,-5.484129,-5.853969,-2.626552,-0.9656237,23,23,23,23,23,23,23,23,23,23,23,23,23,23,23,23,967,9670,-1.345032,-1.318001,-1.441602,-1.809952,-10.77187,-17.43091,-1.04481,-1.564578,-1.812292,-1.417523,-1.314243,-2.559006,-0.768127,-0.668389,-1.80674,-2.487013,23,23,23,23,22,22,23,23,23,23,23,23,23,23,23,23,967,9670,-1.492978,-3.197874,-4.088696,-2.321854,-2.331008,-2.038662,-1.810679,-67.0441,-9.23054E-05,0.1219651,-0.2383875,3.210623E-06,0.1111068,-0.1097214,-0.885403,-0.01304155,22,22,22,22,22,22,22,22,22,22,22,22,22,22,22,22
968,9680,-93.1806,-60.45261,-69.16684,-56.51092,-32.21498,-14.68759,-6.892468,-5.645109,-5.696897,-6.152544,-5.941415,-5.422377,-4.1727,-5.137158,-2.626552,0.2414003,23,23,23,23,23,23,23,23,23,23,23,23,23,23,23,23,968,9680,-0.9415359,-0.7908021,-1.441602,-0.7757186,-11.55999,-16.93991,-1.436614,-0.9126869,-1.812292,-0.773783,-1.577087,-1.750911,-1.280154,-1.225307,-1.80674,-2.147878,23,23,23,23,22,22,23,23,23,23,23,23,23,23,23,23,968,9680,-1.37807,-3.325787,-4.344237,-1.418925,-1.813014,-1.783828,-0.9053795,-67.15344,0.3707153,-0.6039085,-0.5959911,3.210623E-06,0.1111068,0.1126166,0.1106188,0.3380079,22,22,22,22,22,22,22,22,22,22,22,22,22,22,22,22
969,9690,-94.02221,-60.45261,-69.53603,-57.2416,-33.90439,-15.05777,-7.147655,-4.641993,-5.696897,-5.168143,-5.941415,-3.783375,-4.05348,-3.584066,-2.507166,0.1206985,23,23,23,23,23,23,23,23,23,23,23,23,23,23,23,23,969,9690,-1.479531,-1.318001,-1.83437,-0.5171599,-11.55999,-16.20347,-1.959019,-0.7823067,-2.588985,-1.288775,-2.102778,-2.289641,-0.512112,-0.779772,-2.288539,-1.808743,23,23,23,23,22,22,23,23,23,23,23,23,23,23,23,23,969,9690,-1.722801,-2.174569,-4.088696,-1.676905,-1.942513,-2.038662,-1.940008,-68.13757,-4.093544E-05,0.9688182,-0.3575887,-0.4851058,-0.2191507,0.001447188,-0.4427272,0.4550287,22,22,22,22,22,22,22,22,22,22,22,22,22,22,22,22
970,9700,-96.66727,-60.08989,-72.36646,-64.79198,-37.64524,-17.40224,-6.254502,-5.143551,-6.192023,-5.537293,-5.703914,-4.918068,-4.768804,-4.420347,-2.149009,-0.1207066,23,23,23,23,23,23,23,23,23,23,23,23,23,23,23,23,970,9700,-1.748528,-1.713399,-1.310679,-1.422115,-11.69134,-15.83525,-1.697817,-1.434204,-2.330087,-0.9025313,-1.839934,-1.750911,-1.280154,-1.225307,-2.168089,-1.808743,23,23,23,23,22,22,23,23,23,23,23,23,23,23,23,23,970,9700,-1.60789,-2.686221,-4.088696,-1.418925,-1.813014,-2.038662,-1.552022,-67.0441,0.3707667,-0.3619496,-0.5959911,-0.7276587,-0.5494114,-0.4432273,0.3319575,0.1039792,22,22,22,22,22,22,22,22,22,22,22,22,22,22,22,22
971,9710,-97.38866,-61.41985,-74.82771,-68.4454,-41.26541,-17.40224,-8.806369,-5.895888,-5.820743,-5.660344,-5.347485,-4.41376,-4.649584,-4.06194,-1.910237,0.1206985,23,23,23,23,23,23,23,23,23,23,23,23,23,23,23,23,971,9710,-1.076035,-1.976998,-1.572524,-2.19779,-11.69134,-15.83525,-1.04481,-1.303824,-1.294496,-2.447508,-2.365628,-1.481547,-0.8961329,-1.782223,-1.324942,-1.582654,23,23,23,23,22,22,23,23,23,23,23,23,23,23,23,23,971,9710,-1.837712,-2.814135,-4.216466,-1.160946,-1.554017,-2.548329,-1.810679,-67.59084,0.1235616,0.2429446,0.1191647,-0.3638278,0.001020978,0.8907961,0.1106188,0.1039792,22,22,22,22,22,22,22,22,22,22,22,22,22,22,22,22
972,9720,-94.74359,-60.93623,-70.15134,-56.14558,-33.30103,-14.93438,-6.254502,-6.272058,-5.32536,-6.767795,-4.515815,-4.413761,-2.742052,-4.181409,-1.790851,-0.6035152,23,23,23,23,23,23,23,23,23,23,23,23,23,23,23,23,972,9720,-1.210533,-1.976998,-1.048833,-2.327069,-11.29728,-15.83525,-1.175412,-1.955719,-1.423945,-2.447508,-2.497052,-1.21218,-0.8961329,-2.227758,-1.565841,-1.243519,23,23,23,23,22,22,23,23,23,23,23,23,23,23,23,23,972,9720,-2.642086,-3.709527,-4.472009,-1.934885,-1.683515,-1.528995,-2.58665,-68.02822,0.4943693,0.0009856612,-0.3576401,-0.2425593,-0.3292365,-0.3320587,0.2212874,0.8060782,22,22,22,22,22,22,22,22,22,22,22,22,22,22,22,22
973,9730,-94.14243,-62.87071,-68.6746,-50.78725,-27.87078,-13.45367,-6.382095,-6.021277,-5.573051,-5.906444,-5.347485,-4.287683,-4.411192,-4.06194,-2.029623,-0.9656237,23,23,23,23,23,23,23,23,23,23,23,23,23,23,23,23,973,9730,-2.152024,-2.240597,-1.441602,-3.102745,-11.29728,-15.58976,-2.089621,-1.825342,-1.423945,-2.833753,-1.708517,-1.616229,-1.536169,-2.004989,-1.324942,-2.034832,23,23,23,23,22,22,23,23,23,23,23,23,23,23,23,23,973,9730,-2.182443,-3.453701,-3.705383,-1.934885,-1.813014,-2.675746,-3.49195,-68.6843,-0.1236435,0.1219651,0.1191647,-3.210623E-06,-0.5494596,-0.1097214,-4.976465E-05,1.274142,22,22,22,22,22,22,22,22,22,22,22,22,22,22,22,22
974,9740,-92.8199,-58.51813,-64.49048,-46.03781,-23.28523,-10.86242,-5.106162,-5.26894,-4.458441,-4.552893,-3.802957,-3.15299,-3.099765,-2.867255,-2.029623,0.1206985,23,23,23,23,23,23,23,23,23,23,23,23,23,23,23,23,974,9740,-2.421022,-1.581599,-2.48899,-2.714907,-11.03458,-15.46698,-2.089621,-1.434204,-1.941741,-3.734989,-2.234205,-1.346863,-1.664176,-1.67084,-1.92719,-1.243519,23,23,23,23,22,22,23,23,23,23,23,23,23,23,23,23,974,9740,-2.412266,-3.965353,-4.472009,-1.805895,-0.9065241,-1.274161,-2.974636,-68.02822,-0.2472464,0.0009856612,-0.5960425,-0.6063871,-0.5494596,-0.5543951,0.1106188,0.5720431,22,22,22,22,22,22,22,22,22,22,22,22,22,22,22,22
975,9750,-91.97829,-56.82546,-64.61354,-45.67247,-23.4059,-9.875275,-5.871722,-5.26894,-6.192023,-4.552893,-5.228674,-3.909452,-3.695868,-3.34513,-2.507115,0.7242106,23,23,23,23,23,23,23,23,23,23,23,23,23,23,23,23,975,9750,-2.555521,-1.318001,-2.750836,-1.809952,-10.77187,-15.83525,-2.87323,-1.564581,-2.588985,-2.576256,-1.577093,-1.481547,-1.664176,-1.559457,-1.686291,-1.695697,23,23,23,23,22,22,23,23,23,23,23,23,23,23,23,23,975,9750,-1.722801,-3.709527,-4.344237,-1.547915,-1.942513,-2.166079,-3.233293,-68.46561,0.3707667,-0.1199938,-3.652083E-05,-0.1212813,-0.3292847,0.001447991,-0.2213869,1.040113,22,22,22,22,22,22,22,22,22,22,22,22,22,22,22,22
976,9760,-88.61183,-57.7927,-63.50598,-46.28137,-25.578,-10.86242,-5.233755,-6.146667,-5.820743,-5.906444,-4.634625,-5.044146,-4.888075,-4.06194,-2.268343,-1.605311E-06,23,23,23,23,23,23,23,23,23,23,23,23,23,23,23,23,976,9760,-2.421022,-1.845199,-3.274533,-2.19779,-11.03458,-15.83525,-2.220223,-1.825342,-2.718434,-1.803768,-1.44567,-1.616229,-1.536169,-1.782223,-1.324942,-1.921789,23,23,23,23,22,22,23,23,23,23,23,23,23,23,23,23,976,9760,-2.067532,-3.83744,-4.472009,-1.805895,-2.719503,-1.401578,-2.58665,-68.13757,-0.370849,-0.1199938,0.1191647,-0.3638342,-1.32006,-1.443745,-4.815934E-05,0.8060718,22,22,22,22,22,22,22,22,22,22,22,22,22,22,22,22
977,9770,-87.64999,-55.61641,-59.93716,-38.24387,-22.31985,-10.24545,-6.509689,-6.522836,-6.315726,-6.521695,-4.515815,-5.800608,-4.411192,-4.300878,-1.910186,0.2414035,23,23,23,23,23,23,23,23,23,23,23,23,23,23,23,23,977,9770,-2.286471,-2.372397,-2.227145,-1.680673,-9.85245,-16.20347,-1.567216,-1.825342,-2.071189,-1.67502,-1.44567,-2.020276,-1.280154,-1.893606,-1.084042,-1.808743,23,23,23,23,22,22,23,23,23,23,23,23,23,23,23,23,977,9770,-1.492972,-2.558308,-4.983092,-1.676905,-1.036023,-2.038662,-2.069336,-67.80952,-0.1236435,0.3639241,0.4767678,0.6063775,-0.109113,0.001447991,0.2212906,1.274142,22,22,22,22,22,22,22,22,22,22,22,22,22,22,22,22
978,9780,-85.96677,-56.34185,-56.12223,-37.02606,-20.99246,-11.35599,-6.509689,-7.275173,-5.696897,-7.628918,-5.228674,-5.926685,-3.815088,-5.256626,-2.507115,-0.4828118,23,23,23,23,23,23,23,23,23,23,23,23,23,23,23,23,978,9780,-1.479479,-2.767796,-2.096222,-1.422115,-10.77187,-15.58976,-1.959019,-3.129134,-2.200638,-1.288775,-1.971361,-1.750911,-1.152146,-2.561907,-2.047639,-1.808743,23,23,23,23,22,22,23,23,23,23,23,23,23,23,23,23,978,9780,-1.952614,-4.093267,-5.110863,-1.676905,-1.813014,-1.401578,-2.069336,-67.91887,-0.2472464,0.8478388,0.595969,0.2425497,-0.3292847,0.001447991,-0.2213869,0.2209936,22,22,22,22,22,22,22,22,22,22,22,22,22,22,22,22
979,9790,-83.44192,-54.40737,-53.04567,-33.61621,-20.02707,-11.47938,-7.658029,-7.149784,-5.696897,-7.259995,-4.634625,-5.926685,-4.17275,-4.06194,-2.148957,0.1207002,23,23,23,23,23,23,23,23,23,23,23,23,23,23,23,23,979,9790,-1.882975,-2.767796,-1.441602,-1.422115,-10.90322,-15.71248,-1.828418,-2.477236,-1.812292,-1.417524,-2.365628,-1.21218,-2.304211,-2.67329,-2.288539,-2.034832,23,23,23,23,22,22,23,23,23,23,23,23,23,23,23,23,979,9790,-1.837703,-3.837441,-4.855322,-2.063875,-1.942513,-2.675746,-2.327994,-69.23103,-0.370849,-0.3619496,0.2383655,0.6063775,0.2211445,-0.4432265,-0.1107167,0.6890574,22,22,22,22,22,22,22,22,22,22,22,22,22,22,22,22
980,9800,-80.31593,-53.80284,-49.47686,-28.25788,-18.33766,-10.36885,-6.892468,-6.522836,-6.686833,-7.013895,-5.822724,-5.926685,-3.695868,-3.464597,-2.148957,0.2414035,23,23,23,23,23,23,23,23,23,23,23,23,23,23,23,23,980,9800,-2.42097,-2.635996,-1.703447,-1.809901,-11.03458,-15.95798,-2.742628,-3.389891,-1.553394,-1.288775,-2.628473,-1.481547,-2.944245,-2.896059,-2.649888,-1.695697,23,23,23,23,22,22,23,23,23,23,23,23,23,23,23,23,980,9800,-2.067525,-3.837441,-5.110864,-2.450846,-1.813014,-1.401578,-1.810679,-67.59084,-0.2472464,0.1219651,0.595969,1.091486,-0.4393705,-0.4432265,-0.442724,1.040107,22,22,22,22,22,22,22,22,22,22,22,22,22,22,22,22
981,9810,-78.75294,-53.92374,-45.66193,-25.33516,-17.5005,-10.49224,-8.423589,-7.902121,-7.552751,-7.013895,-6.060094,-5.674531,-4.17275,-3.464597,-2.268343,0.1207002,23,23,23,23,23,23,23,23,23,23,23,23,23,23,23,23,981,9810,-2.151973,-2.240597,-1.83437,-1.809901,-10.64057,-15.71248,-2.612026,-2.086099,-1.294496,-1.803768,-2.759896,-1.885594,-3.328268,-2.561907,-1.80674,-2.034832,23,23,23,23,22,22,23,23,23,23,23,23,23,23,23,23,981,9810,-1.837703,-2.814136,-4.599781,-2.708825,-1.424516,-1.274161,-2.58665,-68.57495,-0.1236435,-0.1199938,-0.7152436,-3.210623E-06,0.1110587,0.1126166,-0.442724,0.9230925,22,22,22,22,22,22,22,22,22,22,22,22,22,22,22,22
982,9820,-79.23386,-53.80284,-43.4468,-24.60447,-16.65565,-9.381702,-6.892468,-6.773614,-5.32536,-5.660344,-4.753435,-3.909452,-3.695868,-3.225661,-2.6265,-0.6035136,23,23,23,23,23,23,23,23,23,23,23,23,23,23,23,23,982,9820,-2.689967,-1.713399,-1.310679,-2.068459,-10.11516,-16.20353,-2.350823,-2.086099,-1.423945,-1.803768,-1.971361,-2.289641,-2.688234,-2.784672,-1.445391,-2.373966,23,23,23,23,22,22,23,23,23,23,23,23,23,23,23,23,982,9820,-1.607883,-3.069962,-5.110864,-2.450846,-2.201508,-1.656463,-2.198665,-67.91887,-4.093544E-05,-0.3619496,-3.652083E-05,0.3638245,0.2211445,-0.3320579,-0.442724,1.040107,22,22,22,22,22,22,22,22,22,22,22,22,22,22,22,22
983,9830,-81.398,-54.28646,-42.46231,-23.50845,-15.08663,-8.764739,-5.488943,-6.021277,-4.334595,-5.537293,-3.802957,-3.783375,-2.622882,-3.34513,-1.432642,-0.3621085,23,23,23,23,23,23,23,23,23,23,23,23,23,23,23,23,983,9830,-2.555469,-2.372397,-1.83437,-2.456296,-10.77187,-16.44902,-2.220223,-1.694962,-2.200638,-2.705004,-1.839937,-2.559006,-2.304211,-2.227758,-2.288539,-2.600059,23,23,23,23,22,22,23,23,23,23,23,23,23,23,23,23,983,9830,-2.182437,-3.581614,-4.727552,-2.579835,-2.331006,-2.293547,-2.198612,-68.46561,-0.370849,-0.482929,0.2383655,0.1212716,0.3312303,0.1126166,-0.8853998,1.040107,22,22,22,22,22,22,22,22,22,22,22,22,22,22,22,22
984,9840,-80.67662,-55.01189,-41.60087,-23.75201,-15.08663,-8.888132,-5.488943,-6.272057,-4.458441,-4.552893,-4.040577,-3.657298,-2.622882,-2.986723,-2.029572,-1.327727,23,23,23,23,23,23,23,23,23,23,23,23,23,23,23,23,984,9840,-2.017474,-2.767796,-1.703447,-2.197738,-9.983804,-16.81724,-1.04481,-1.303824,-2.330087,-1.67502,-2.102784,-2.828371,-2.176203,-2.227758,-2.047639,-2.826147,23,23,23,23,22,22,23,23,23,23,23,23,23,23,23,23,984,9840,-1.837703,-3.197876,-4.344239,-3.095795,-2.849,-2.038713,-2.198612,-67.26279,-0.370849,-0.2409701,-0.2384389,0.3638245,0.2211445,0.3349538,-0.3320554,0.3380079,22,22,22,22,22,22,22,22,22,22,22,22,22,22,22,22
985,9850,-82.84077,-55.2537,-44.06211,-28.86679,-19.19021,-10.61563,-7.530436,-6.773615,-5.325359,-5.783394,-3.327717,-4.03553,-2.384441,-2.269912,-1.7908,-0.7242153,23,23,23,23,23,23,23,23,23,23,23,23,23,23,23,23,985,9850,-2.286471,-1.4498,-2.358068,-1.034226,-10.90322,-16.81724,-1.436614,-1.694962,-3.106781,-1.160027,-2.759896,-3.3671,-1.920188,-2.116375,-2.649888,-2.939193,23,23,23,23,22,22,23,23,23,23,23,23,23,23,23,23,985,9850,-2.182437,-3.325788,-3.705384,-2.579835,-2.590003,-2.54838,-1.163985,-67.80952,-0.3709004,-1.450758,-0.2384389,0.1212716,-0.109113,0.2237852,-1.217407,1.157121,22,22,22,22,22,22,22,22,22,22,22,22,22,22,22,22
986,9860,-80.79685,-55.3746,-44.18518,-28.50145,-18.58674,-9.751882,-7.913216,-6.522837,-5.57305,-4.183745,-3.208907,-2.648682,-1.788338,-1.672569,-1.7908,-0.3621085,23,23,23,23,23,23,23,23,23,23,23,23,23,23,23,23,986,9860,-1.748476,-1.845199,-1.83437,-1.93918,-11.03458,-16.20353,-1.697817,-1.434204,-2.718436,-1.546272,-3.154167,-2.424324,-1.792184,-2.116375,-2.890787,-3.052239,23,23,23,23,22,22,23,23,23,23,23,23,23,23,23,23,986,9860,-1.837703,-3.197876,-4.599781,-2.450846,-2.460505,-2.293547,-2.457269,-68.24692,0.6179212,0.2429446,0.2383655,1.091486,0.0009728187,-0.1097206,-0.3320554,0.2209936,22,22,22,22,22,22,22,22,22,22,22,22,22,22,22,22
987,9870,-81.27778,-56.22094,-45.78499,-27.5272,-18.82813,-10.36885,-9.061557,-7.149785,-6.315726,-5.414246,-3.327769,-3.279067,-2.26522,-2.628319,-0.9550992,0.482807,23,23,23,23,23,23,23,23,23,23,23,23,23,23,23,23,987,9870,-2.151973,-1.976998,-1.179756,-1.551342,-11.95405,-16.20353,-2.089621,-2.086099,-2.200639,-2.447508,-2.891314,-1.481547,-1.536169,-2.116375,-3.252136,-1.921789,23,23,23,23,22,22,23,23,23,23,23,23,23,23,23,23,987,9870,-2.527168,-3.709528,-3.705384,-2.450846,-2.719502,-2.803214,-2.327941,-67.80952,-0.1236949,-1.087823,-0.8344449,-0.7276652,0.3312303,-0.1097206,-0.3320554,0.3380079,22,22,22,22,22,22,22,22,22,22,22,22,22,22,22,22
988,9880,-80.67662,-57.30908,-42.46231,-26.18762,-17.74189,-9.998668,-7.275249,-6.522837,-5.325359,-4.798995,-1.783241,-2.270423,-1.549896,-1.433633,-0.8357139,-0.7242153,23,23,23,23,23,23,23,23,23,23,23,23,23,23,23,23,988,9880,-2.017474,-2.372397,-1.83437,-2.585576,-11.42864,-15.95803,-1.436614,-2.477236,-1.812294,-2.576256,-3.285584,-2.020276,-1.536169,-2.561907,-2.288539,-1.582654,23,23,23,23,22,22,23,23,23,23,23,23,23,23,23,23,988,9880,-1.952614,-2.686223,-3.833155,-1.934886,-3.107997,-3.440298,-2.457269,-68.24692,0.4943179,1.089795,-0.4768413,-0.3638856,0.8816594,0.001447991,-0.7747313,0.2209936,22,22,22,22,22,22,22,22,22,22,22,22,22,22,22,22
989,9890,-79.95524,-57.06728,-42.21618,-28.13611,-18.58674,-10.98581,-7.65803,-6.021278,-5.077669,-5.537296,-2.020861,-2.648682,-1.669067,-2.389381,-1.552028,-0.4828118,23,23,23,23,23,23,23,23,23,23,23,23,23,23,23,23,989,9890,-2.017474,-2.504196,-1.310679,-2.456296,-10.90322,-15.71253,-2.612026,-1.955719,-2.200639,-2.833753,-1.70851,-2.154959,-2.048196,-2.227758,-1.565841,-2.034832,23,23,23,23,22,22,23,23,23,23,23,23,23,23,23,23,989,9890,-2.067525,-3.197876,-4.216467,-2.450846,-2.072009,-2.54838,-2.069284,-67.26279,0.2471128,-0.6039085,-0.8344449,-0.3638856,0.2211445,0.6684605,-4.815934E-05,-0.4811054,22,22,22,22,22,22,22,22,22,22,22,22,22,22,22,22
990,9900,-78.87317,-59.24356,-43.4468,-29.71925,-19.55229,-11.72617,-8.295997,-7.275174,-5.696897,-6.521697,-3.208958,-4.161607,-2.26517,-3.106188,-0.477556,-1.207026,23,23,23,23,23,23,23,23,23,23,23,23,23,23,23,23,990,9900,-2.151973,-1.845199,-2.096222,-3.102693,-10.90322,-15.34431,-1.567216,-1.564581,-1.812294,-2.833753,-1.971354,-1.885594,-1.664176,-1.782169,-1.565841,-1.808743,23,23,23,23,22,22,23,23,23,23,23,23,23,23,23,23,990,9900,-2.182437,-2.686223,-3.322072,-2.321856,-2.072009,-2.54838,-1.293313,-67.26279,0.4943179,0.4849004,0.1191647,-0.2426107,0.551402,0.112668,-0.3320554,0.5720431,22,22,22,22,22,22,22,22,22,22,22,22,22,22,22,22
991,9910,-77.55064,-59.00176,-41.72393,-28.50145,-17.37981,-11.47938,-7.65803,-6.648226,-5.325359,-5.906446,-2.614909,-3.783375,-1.788287,-2.628314,-1.910186,-0.120705,23,23,23,23,23,23,23,23,23,23,23,23,23,23,23,23,991,9910,-2.151973,-1.318001,-2.096222,-2.714855,-10.64057,-15.09881,-2.089621,-0.9126869,-2.200639,-2.447508,-2.102778,-1.750911,-2.176203,-1.002485,-1.324942,-1.469608,23,23,23,23,22,22,23,23,23,23,23,23,23,23,23,23,991,9910,-2.297348,-3.069962,-4.599781,-1.289937,-1.942511,-2.038713,-1.810627,-66.49737,0.6179212,-0.2409701,-0.1192377,0.1212203,-0.3292847,-0.2208387,-0.3320554,-0.01304155,22,22,22,22,22,22,22,22,22,22,22,22,22,22,22,22
992,9920,-78.15178,-58.63904,-41.10862,-27.77076,-17.5005,-11.72617,-9.57193,-6.899004,-6.686834,-5.783396,-3.090149,-3.909452,-2.14595,-1.314159,-1.7908,-4.815934E-06,23,23,23,23,23,23,23,23,23,23,23,23,23,23,23,23,992,9920,-2.689967,-1.4498,-1.965299,-2.327018,-11.29728,-15.58981,-1.828418,-1.825342,-1.941743,-2.31876,-2.365622,-1.346863,-1.920188,-1.448018,-1.686291,-1.582654,23,23,23,23,22,22,23,23,23,23,23,23,23,23,23,23,992,9920,-2.297348,-3.837441,-3.960926,-1.934886,-2.201508,-2.803214,-2.845255,-68.46561,0.3707153,-0.2409701,0.3575667,-0.1213326,-0.4393705,0.446173,-4.815934E-05,0.6890574,22,22,22,22,22,22,22,22,22,22,22,22,22,22,22,22
993,9930,-82.35984,-59.96899,-42.95455,-26.9183,-17.25911,-10.86242,-9.827117,-8.654457,-7.057941,-7.259997,-4.159437,-5.548454,-3.099715,-3.345124,-1.671414,0.1206985,23,23,23,23,23,23,23,23,23,23,23,23,23,23,23,23,993,9930,-1.748528,-1.054401,-2.750836,-2.714855,-11.16593,-15.46703,-2.350823,-1.434204,-2.459538,-1.932516,-1.971354,-2.154959,-2.048196,-1.336635,-1.204492,-0.7913382,23,23,23,23,22,22,23,23,23,23,23,23,23,23,23,23,993,9930,-2.52712,-3.581614,-3.960926,-1.805897,-1.813012,-2.038713,-2.327941,-67.15344,-0.1236949,0.0009856612,0.2383655,-0.7277165,0.2211445,-0.1096701,0.3319591,0.3380079,22,22,22,22,22,22,22,22,22,22,22,22,22,22,22,22
994,9940,-81.27777,-59.97931,-39.63187,-24.72625,-15.08663,-10.49224,-8.80637,-7.525952,-6.563131,-5.906446,-3.446578,-4.539838,-3.457377,-3.106188,-1.910186,-0.1207066,23,23,23,23,23,23,23,23,23,23,23,23,23,23,23,23,994,9940,-1.883027,-2.108798,-2.750836,-1.422063,-10.77187,-15.71253,-1.697817,-1.825342,-2.718436,-1.932516,-1.577087,-2.020276,-2.048196,-1.448018,-1.565841,-2.147878,23,23,23,23,22,22,23,23,23,23,23,23,23,23,23,23,994,9940,-2.2973,-3.453701,-3.833155,-1.547917,-2.201508,-3.058048,-3.23324,-68.57495,-9.23054E-05,0.3639241,0.2383655,-0.1213326,-0.8797171,0.446173,0.2212906,0.8060718,22,22,22,22,22,22,22,22,22,22,22,22,22,22,22,22
995,9950,-81.398,-59.61652,-39.63187,-23.87379,-13.8797,-9.751882,-7.020062,-7.400563,-5.449205,-6.890847,-3.921817,-4.918069,-2.861273,-3.464593,-2.387729,-0.1207066,23,23,23,23,23,23,23,23,23,23,23,23,23,23,23,23,995,9950,-1.748528,-2.108798,-2.881759,-1.551342,-10.77187,-15.95803,-1.567216,-2.086099,-2.718436,-2.061264,-1.051399,-1.885594,-1.664176,-1.559403,-1.445391,-1.695697,23,23,23,23,22,22,23,23,23,23,23,23,23,23,23,23,995,9950,-2.756943,-4.093266,-4.216416,-1.676907,-1.683513,-1.656463,-2.845255,-67.80952,0.3707153,-0.2409701,0.2383655,-0.2426107,-1.099889,-0.3320073,0.3319591,0.5720431,22,22,22,22,22,22,22,22,22,22,22,22,22,22,22,22
996,9960,-83.08122,-60.10023,-42.46231,-26.18761,-13.51762,-10.49224,-8.551183,-6.899004,-6.563131,-7.751849,-4.753486,-5.926685,-4.1727,-3.822999,-1.671414,-1.327731,23,23,23,23,23,23,23,23,23,23,23,23,23,23,23,23,996,9960,-1.748528,-2.372397,-2.750836,-1.680621,-9.983804,-16.0808,-1.567216,-1.955719,-2.330089,-1.417524,-1.182819,-2.154959,-0.3841045,-1.893551,-1.565841,-1.808743,23,23,23,23,22,22,23,23,23,23,23,23,23,23,23,23,996,9960,-2.412211,-3.965353,-4.344188,-0.7739254,-1.165519,-1.656463,-2.715926,-68.24692,-0.1236949,-0.482929,0.2383655,0.1212203,-0.7696312,-0.4431759,0.4426277,0.6890574,22,22,22,22,22,22,22,22,22,22,22,22,22,22,22,22
997,9970,-83.20145,-59.61652,-41.72394,-24.23913,-12.67276,-9.998668,-7.402843,-6.522837,-5.944588,-6.890847,-4.634677,-5.2963,-3.576597,-3.70353,-2.507115,0.2414003,23,23,23,23,23,23,23,23,23,23,23,23,23,23,23,23,997,9970,-1.614029,-2.504196,-1.179756,-1.422063,-10.64057,-15.83531,-1.567216,-2.477236,-1.165048,-0.9025313,-1.445666,-1.885594,-1.02414,-2.227703,-1.686291,-1.808743,23,23,23,23,22,22,23,23,23,23,23,23,23,23,23,23,997,9970,-2.182389,-3.581613,-4.344188,-1.289884,-0.6474751,-1.274213,-2.327941,-67.80952,-0.2472978,0.4849004,0.595969,0.4850512,-0.3292847,-0.4431759,0.3319591,0.9230925,22,22,22,22,22,22,22,22,22,22,22,22,22,22,22,22
998,9980,-84.52399,-60.10023,-42.21619,-24.11735,-13.03485,-9.134917,-7.913216,-7.275174,-6.810537,-5.414246,-4.872296,-4.791992,-3.457377,-2.628314,-2.507115,0.1206985,23,23,23,23,23,23,23,23,23,23,23,23,23,23,23,23,998,9980,-2.421022,-3.163194,-2.48899,-1.680621,-11.16593,-15.83531,-2.220223,-2.998754,-1.682845,-1.031279,-1.70851,-1.21218,-1.280154,-2.227703,-1.80674,-1.582654,23,23,23,23,22,22,23,23,23,23,23,23,23,23,23,23,998,9980,-1.378012,-3.069961,-4.7275,-1.160895,-1.294968,-1.528995,-2.715926,-68.24692,-0.3709004,-0.3619496,0.2383655,0.3637732,0.0009728187,0.112668,-0.2213869,0.9230925,22,22,22,22,22,22,22,22,22,22,22,22,22,22,22,22
999,9990,-84.52399,-60.82579,-43.69294,-25.94406,-14.96593,-11.1092,-9.571928,-8.403679,-6.934239,-6.398647,-5.466345,-5.674531,-4.888025,-3.942466,-2.865272,-4.815934E-06,23,23,23,23,23,23,23,23,23,23,23,23,23,23,23,23,999,9990,-2.690019,-2.899595,-2.096222,-2.456296,-10.77187,-15.71253,-2.220274,-3.129134,-1.423946,-1.031279,-2.365622,-2.020276,-2.048196,-2.227703,-2.047639,-1.243519,23,23,23,23,22,22,23,23,23,23,23,23,23,23,23,23,999,9990,-1.607835,-2.686221,-3.833104,-1.676854,-2.589952,-2.038662,-1.552022,-67.15344,-0.4945029,-0.1199938,0.2383655,0.1212203,0.2211445,-0.7766817,0.1106204,1.040107,22,22,22,22,22,22,22,22,22,22,22,22,22,22,22,22
