0,0,-31.38663,-48.73204,-12.31327,-11.45301,-9.533906,-5.927012,-4.851428,-4.014995,-3.095716,-2.33721,-2.61436,-3.404909,-2.980694,-2.747887,-1.670528,-0.7231237,25,25,25,25,25,25,25,25,25,25,25,25,25,25,25,25,0,0,-1.345133,-1.054617,-0.1325538,-1.422242,166.7517,143.961,-1.567439,-1.435235,-1.036869,-0.7739744,-0.9215515,-1.480551,-2.305418,-1.894043,-1.084877,-2.487269,25,25,25,25,25,25,25,25,25,25,25,25,25,25,25,25,0,0,-0.5746052,-3.453871,-4.59862,-1.677108,-1.55423,-1.146981,-1.552257,-71.635,0.002289174,0.3626816,0.7151831,0.242386,-0.3303891,-0.8881738,0.2210819,2.663019,24,24,24,24,24,24,24,24,24,24,25,24,24,24,25,25
1,10,-32.10812,-50.0622,-14.03641,-14.74159,-11.58565,-8.271839,-5.361884,-4.892701,-2.228662,-3.444831,-0.7131218,-2.270431,-0.2386865,-1.672698,-0.8347041,-0.4816833,25,25,25,25,25,25,25,25,25,25,25,25,25,25,25,25,1,10,-1.345133,-1.450006,-1.572679,-0.905138,166.357,143.4701,-1.175645,-1.174533,-2.589924,-1.288953,-1.578522,-2.288784,-1.537537,-1.782679,-2.048281,-1.696105,25,25,25,25,25,25,25,25,25,25,25,25,25,25,25,25,1,10,-0.804383,-4.221332,-4.215246,-1.806095,-2.072211,-3.058184,-2.198882,-72.72844,-0.2449978,0.8464999,0.1191936,-0.3639787,-0.3303891,0.001151811,-0.5535804,1.961055,24,24,24,24,24,24,24,24,24,24,25,24,24,24,25,25
2,20,-34.39285,-52.1179,-14.65181,-15.22878,-11.82703,-8.148427,-5.106656,-4.391154,-3.21958,-2.829486,-2.020223,-2.1443,-0.7155571,-2.389492,-0.5958964,-0.3609623,25,25,25,25,25,25,25,25,25,25,25,25,25,25,25,25,2,20,-1.614124,-1.713598,-1.965441,-1.292967,165.6992,144.3291,-1.567439,-0.9138299,-1.554555,-0.9027191,-2.629677,-1.615258,-1.281579,-2.22813,-1.927855,-2.487269,25,25,25,25,25,25,25,25,25,25,25,25,25,25,25,25,2,20,-1.493713,-4.221332,-4.087454,-2.451028,-1.813221,-0.8921542,-2.716183,-71.96304,0.002289174,-0.1211336,1.430371,0.7274789,0.1098707,-0.3323452,-0.996245,3.598967,24,24,24,24,24,24,24,24,24,24,25,24,24,24,25,25
3,30,-32.94987,-51.51329,-15.26722,-13.76719,-11.34427,-5.18654,-4.213358,-3.137289,-2.724121,-2.091071,-2.257879,-1.892039,-1.430864,-1.792163,-0.8347041,-0.1195218,25,25,25,25,25,25,25,25,25,25,25,25,25,25,25,25,3,30,-2.2866,-2.108987,-1.441762,-2.068622,165.9623,144.2064,-1.306243,-1.95664,-1.813397,-2.962634,-2.366887,-2.154079,-1.665519,-2.22813,-2.168706,-3.278434,25,25,25,25,25,25,25,25,25,25,25,25,25,25,25,25,3,30,-1.723491,-5.1167,-4.215244,-2.451028,-1.29524,-1.911462,-3.492134,-72.61909,0.7441517,-0.3630444,0.2383911,-0.3639787,-0.4404557,-0.3323452,0.1104149,3.364977,24,24,24,24,24,24,24,24,24,24,25,24,24,24,25,25
4,40,-33.07011,-52.35975,-13.91332,-12.671,-9.533906,-5.433364,-3.192447,-3.262676,-1.609337,-2.460279,-1.188431,-1.639778,-0.4771218,-2.15056,-0.7153003,-1.085285,25,25,25,25,25,25,25,25,25,25,25,25,25,25,25,25,4,40,-2.824582,-1.977191,-2.227286,-2.45645,166.6201,144.9428,-1.306243,-1.695938,-2.978186,-2.83389,-2.498282,-2.154079,-2.817336,-2.339494,-3.011684,-3.504481,25,25,25,25,25,25,25,25,25,25,25,25,25,25,25,25,4,40,-1.608602,-3.709692,-3.83187,-2.966974,-3.108173,-2.803357,-3.621459,-72.29106,0.7441517,0.120774,0.3575891,0.7274789,-0.3303891,-0.3323452,-0.996245,2.546024,24,24,24,24,24,24,24,24,24,24,25,24,24,24,25,25
5,50,-35.95608,-53.68991,-15.3903,-14.13259,-10.13736,-6.42066,-3.320061,-3.137289,-1.609337,-2.33721,-0.4754675,-1.135256,-0.7155571,-1.314301,-0.2376856,-0.3609623,25,25,25,25,25,25,25,25,25,25,25,25,25,25,25,25,5,50,-2.152105,-2.899765,-3.01281,-1.680794,166.6201,144.0837,-0.6532525,-2.869099,-2.848766,-2.447655,-2.892463,-2.827607,-2.433397,-3.341754,-2.770833,-2.939364,25,25,25,25,25,25,25,25,25,25,25,25,25,25,25,25,5,50,-1.034158,-4.349241,-4.981992,-2.709001,-1.554281,-3.440425,-2.845508,-72.61909,0.1259335,0.120774,0.7151831,0.242386,-0.2203258,0.3346488,-0.6642473,2.663019,24,24,24,24,24,24,24,24,24,24,25,24,24,24,25,25
6,60,-32.10812,-53.32714,-15.26722,-12.4274,-9.775293,-4.56948,-3.064833,-3.388062,-2.600256,-2.952554,-1.544914,-2.01817,-1.669299,-1.433766,-1.670528,-0.4816833,25,25,25,25,25,25,25,25,25,25,25,25,25,25,25,25,6,60,-2.959077,-3.558747,-2.881887,-1.81007,166.7517,144.5746,-1.175645,-2.738748,-2.20166,-1.546443,-2.629677,-2.154079,-2.945318,-3.11903,-2.650408,-2.82634,25,25,25,25,25,25,25,25,25,25,25,25,25,25,25,25,6,60,-2.642599,-5.50043,-3.959662,-2.966974,-2.331252,-3.058184,-2.069557,-71.30697,0.002289174,-0.604952,-4.414606E-06,0.1211143,0.1098707,0.3346488,-0.3322497,2.897003,24,24,24,24,24,24,24,24,24,24,25,24,24,24,25,25
7,70,-31.26639,-53.44806,-13.79024,-11.08761,-8.447701,-3.705344,-2.171535,-2.134197,-1.609337,-3.321762,-1.188431,-2.01817,-0.8347747,-1.672698,-0.4764933,-0.9645641,25,25,25,25,25,25,25,25,25,25,25,25,25,25,25,25,7,70,-3.631554,-3.031561,-2.750964,-2.45645,166.7517,144.82,-2.612224,-2.347694,-1.813397,-2.447655,-2.629677,-3.231721,-2.945318,-2.339494,-1.80743,-3.504481,25,25,25,25,25,25,25,25,25,25,25,25,25,25,25,25,7,70,-1.493713,-4.860881,-4.215244,-3.224947,-2.849233,-1.784048,-1.810856,-72.40041,-1.110503,0.6045924,0.834381,0.242386,-0.7706522,-0.2211798,-0.0002504286,2.780008,24,24,24,24,24,24,24,24,24,24,25,24,24,24,25,25
8,80,-29.34241,-53.08529,-12.55943,-9.504229,-8.447701,-5.18654,-2.426764,-3.011903,-1.980932,-2.583347,-0.5942943,-1.261387,-0.4771218,-1.911629,-0.4764933,-0.6024027,25,25,25,25,25,25,25,25,25,25,25,25,25,25,25,25,8,80,-2.690086,-3.031561,-2.227286,-2.45645,166.6201,142.9792,-1.436842,-1.435232,-3.107608,-1.546443,-2.104101,-3.097016,-2.305418,-1.894043,-2.168706,-2.148199,25,25,25,25,25,25,25,25,25,25,25,25,25,25,25,25,8,80,-2.527714,-5.1167,-3.83187,-1.806095,-2.201757,-2.803357,-2.586807,-72.18172,0.249577,1.330318,0.7151831,-0.242707,0.3300039,0.7793112,0.1104149,2.429029,24,24,24,24,24,24,24,24,24,24,25,24,24,24,25,25
9,90,-26.81718,-51.27144,-12.68251,-7.799042,-6.999402,-3.705344,-1.916113,-2.259583,-2.228662,-1.598795,-1.782568,-1.261387,-1.07321,-1.194835,-0.5958964,-0.1195218,25,25,25,25,25,25,25,25,25,25,25,25,25,25,25,25,9,90,-2.690086,-1.845395,-2.620048,-2.327174,165.8308,143.8383,-1.828636,-2.086988,-2.978238,-2.318911,-3.023861,-1.749963,-1.793497,-3.11903,-2.168706,-2.82634,25,25,25,25,25,25,25,25,25,25,25,25,25,25,25,25,9,90,-1.953269,-4.477151,-3.83187,-3.09596,-2.460747,-1.784048,-1.940182,-72.61909,-0.4923365,-0.2420906,0.834381,0.1211143,0.5501338,-0.1100144,-0.442915,3.832951,24,24,24,24,24,24,24,24,24,24,25,24,24,24,25,25
10,100,-28.86141,-51.63421,-11.69786,-7.068248,-4.947659,-3.45828,-1.149655,-1.757831,-1.113879,-1.844882,-0.5942943,-1.513648,-0.5963395,-1.672698,0.001120507,-1.085285,25,25,25,25,25,25,25,25,25,25,25,25,25,25,25,25,10,100,-2.2866,-2.504376,-1.965447,-2.585726,166.2254,144.4519,-1.436842,-2.086988,-2.201712,-2.962634,-2.629677,-2.288784,-1.409558,-3.007666,-2.168706,-3.278434,25,25,25,25,25,25,25,25,25,25,25,25,25,25,25,25,10,100,-1.83838,-5.37252,-4.854201,-2.580014,-1.942766,-1.529221,-2.586807,-72.50976,0.4968126,0.1207708,0.3575891,-0.6065283,-0.3303891,-0.3323452,0.2210819,2.897003,24,24,24,24,24,24,24,24,24,24,24,24,24,24,25,25
11,110,-29.70315,-52.72252,-10.71321,-7.677243,-6.516639,-4.446068,-2.554378,-3.137289,-1.361608,-2.214088,-1.069603,-1.892039,0.1189672,-1.314301,0.1205244,0.001199168,25,25,25,25,25,25,25,25,25,25,25,25,25,25,25,25,11,110,-3.362563,-2.899765,-2.750964,-2.973554,166.4886,144.82,-1.959234,-1.565583,-3.10766,-2.5764,-2.892411,-2.423489,-2.305418,-2.22813,-2.891259,-3.391458,25,25,25,25,25,25,25,25,25,25,25,25,25,25,25,25,11,110,-2.412825,-4.605061,-4.215244,-3.224947,-2.978727,-2.038875,-2.328157,-72.18172,0.1258821,-0.3630476,0.7151831,0.6062073,0.1098707,-0.6658422,-0.442915,2.546024,24,24,24,24,24,24,24,24,24,24,24,24,24,24,25,25
12,120,-26.81718,-51.75513,-10.83629,-8.286239,-8.689075,-5.18654,-3.192447,-2.886516,-2.228662,-2.337157,-1.426085,-1.513776,-1.07321,-1.194835,-0.3570895,-0.8438448,25,25,25,25,25,25,25,25,25,25,25,25,25,25,25,25,12,120,-2.959077,-3.031561,-3.667411,-2.585726,167.278,144.4519,-1.306243,-2.869096,-3.10766,-2.447655,-1.84126,-3.231721,-2.049458,-3.11903,-2.529983,-2.035175,25,25,25,25,25,25,25,25,25,25,25,25,25,25,25,25,12,120,-2.183047,-4.605061,-4.854201,-2.193054,-2.201757,-2.166289,-3.880059,-72.94714,0.3731691,0.2417246,0.5959851,0.2423346,-0.0001926374,-0.1100144,0.2210819,2.312034,24,24,24,24,24,24,24,24,24,24,24,24,24,24,25,25
13,130,-26.81718,-52.1179,-11.4517,-10.47862,-8.809769,-5.927012,-2.554378,-2.510356,-1.485473,-2.706365,-0.4754659,-1.639883,-0.3579555,-1.792163,-0.2376856,-1.206006,25,25,25,25,25,25,25,25,25,25,25,25,25,25,25,25,13,130,-3.093572,-3.558747,-3.143726,-1.422242,166.357,144.2064,-1.828636,-3.26015,-2.460554,-2.447655,-3.41799,-2.019374,-2.817336,-3.007666,-2.409557,-2.713316,25,25,25,25,25,25,25,25,25,25,25,25,25,25,25,25,13,130,-2.297936,-4.221332,-4.087453,-2.064068,-1.554281,-2.803357,-1.293556,-71.74435,0.002237804,-1.088773,-0.1192024,-0.1214835,0.5501338,0.8904766,-0.3322497,2.780008,24,24,24,24,24,24,24,24,24,24,24,24,24,24,25,25
14,140,-26.93743,-53.32714,-12.31327,-12.06201,-9.654599,-6.790895,-4.085744,-3.889608,-2.476392,-3.567848,-1.426085,-2.900821,-0.7156085,-0.9559035,-0.3570895,-0.2402413,25,25,25,25,25,25,25,25,25,25,25,25,25,25,25,25,14,140,-5.111002,-4.217728,-3.405565,-2.197898,165.5676,144.5746,-2.22043,-2.869096,-2.07229,-2.061421,-3.155201,-2.962312,-3.201278,-2.784945,-2.048281,-3.278434,25,25,25,25,25,25,25,25,25,25,25,25,25,25,25,25,14,140,-2.297936,-4.860881,-5.109784,-3.09596,-2.072261,-2.038875,-2.716132,-73.05647,-0.1214057,0.2417246,0.3575891,-0.6065797,-0.6605856,0.557031,-0.0002504286,3.364977,24,24,24,24,24,24,24,24,24,24,24,24,24,24,25,25
15,150,-28.62092,-53.20621,-13.54408,-11.08761,-10.25805,-6.050423,-6.510409,-5.64502,-5.325284,-5.906159,-2.852014,-5.548373,-2.503875,-3.106284,-1.312317,-0.6024027,25,25,25,25,25,25,25,25,25,25,25,25,25,25,25,25,15,150,-5.245498,-4.217728,-2.881887,-2.585726,166.7517,142.8565,-2.612224,-1.956637,-2.978238,-2.705145,-3.023809,-3.635839,-2.305418,-2.784945,-2.650356,-2.82634,25,25,25,25,25,25,25,25,25,25,25,25,25,25,25,25,15,150,-2.757488,-4.605061,-3.959662,-3.48292,-3.367213,-3.822665,-2.328157,-71.85368,0.002237804,0.3626783,-4.414606E-06,0.2423346,-0.2203258,-0.109963,-0.3321983,2.780008,24,24,24,24,24,24,24,24,24,24,24,24,24,24,25,25
16,160,-29.94365,-53.56898,-12.0671,-9.991425,-8.930463,-7.03772,-5.999953,-5.519634,-4.705959,-4.798538,-2.257877,-4.79193,-1.66935,-3.106284,-0.9541067,-1.206003,25,25,25,25,25,25,25,25,25,25,25,25,25,25,25,25,16,160,-6.993937,-4.48132,-4.191089,-2.973554,166.357,143.102,-1.698037,-2.21734,-3.366502,-2.705145,-3.41799,-2.962312,-2.433397,-2.784945,-3.011632,-3.61755,25,25,25,25,25,25,25,25,25,25,25,25,25,25,25,25,16,160,-2.872377,-4.732971,-4.854201,-3.353934,-2.590242,-2.803357,-3.233433,-73.27515,-0.1214057,0.1207708,0.5959851,-0.0002119011,-0.8807188,-0.3322938,0.4424639,2.793306,24,24,24,24,24,24,24,24,24,24,24,24,24,24,25,25
17,170,-31.02589,-54.53637,-12.80559,-12.3056,-10.74082,-8.025015,-7.020864,-6.898887,-5.449149,-5.167745,-2.495532,-3.909412,-1.192479,-1.792163,-0.5958964,-0.3609591,25,25,25,25,25,25,25,25,25,25,25,25,25,25,25,25,17,170,-6.590452,-5.535691,-3.536488,-4.007762,165.8308,144.0837,-1.959234,-2.21734,-2.07229,-3.091379,-4.074961,-2.962312,-2.433397,-3.341757,-2.650356,-3.843597,25,25,25,25,25,25,25,25,25,25,25,25,25,25,25,25,17,170,-2.987211,-5.37252,-4.343036,-3.224947,-2.849233,-2.166289,-1.810856,-71.635,0.620456,-0.9678198,-4.414606E-06,-0.0002119011,-0.0001926374,0.001203181,0.3317986,2.442263,24,24,24,24,24,24,24,24,24,24,24,24,24,24,25,25
18,180,-32.58912,-53.93176,-12.92867,-12.18381,-10.74082,-7.161131,-5.872339,-6.271953,-4.95369,-3.937055,-2.97084,-3.909412,-2.146221,-2.031095,-2.028739,-0.9645625,25,25,25,25,25,25,25,25,25,25,25,25,25,25,25,25,18,180,-6.05247,-4.744913,-3.798327,-4.39559,166.357,143.7156,-2.481625,-1.435232,-3.10766,-3.606358,-2.235441,-2.423489,-2.561379,-1.782682,-2.529931,-3.052432,25,25,25,25,25,25,25,25,25,25,25,25,25,25,25,25,18,180,-2.068103,-5.50043,-5.365366,-3.09596,-2.201757,-1.529221,-2.069506,-72.40041,-0.7396239,0.1207708,0.834381,-0.2427584,-0.6605856,0.001203181,-0.110866,2.442263,24,24,24,24,24,24,24,24,24,24,24,24,24,24,25,25
19,190,-34.75359,-54.77822,-14.03641,-13.28,-10.25805,-6.667483,-5.489497,-5.394248,-3.838905,-5.044676,-2.139049,-4.287634,-1.311697,-2.628421,-0.9541067,-1.085284,25,25,25,25,25,25,25,25,25,25,25,25,25,25,25,25,19,190,-4.976507,-4.217728,-4.191089,-3.490658,166.2254,144.5746,-1.436842,-1.826286,-3.237082,-2.061421,-1.84126,-3.097016,-1.793497,-2.896309,-2.650356,-2.826385,25,25,25,25,25,25,25,25,25,25,25,25,25,25,25,25,19,190,-2.297878,-4.605061,-3.959663,-2.064068,-2.072261,-2.293703,-1.940182,-71.96304,0.4968126,0.2417246,0.2383911,-0.1214835,-0.1102592,-0.3322938,-0.3321983,2.910314,24,24,24,24,24,24,24,24,24,24,24,24,24,24,25,25
20,200,-34.63335,-55.62468,-14.52873,-14.61979,-11.22358,-9.752783,-7.148479,-6.648113,-5.325284,-5.660021,-2.376704,-2.522599,-0.7156085,-2.15056,-0.7152994,-0.1195186,25,25,25,25,25,25,25,25,25,25,25,25,25,25,25,25,20,200,-4.707516,-4.349524,-4.191089,-3.619935,166.8833,144.3291,-1.959234,-2.738745,-1.94287,-1.675187,-2.235441,-2.288784,-2.433397,-3.119033,-2.168654,-2.487314,25,25,25,25,25,25,25,25,25,25,25,25,25,25,25,25,20,200,-1.953214,-4.093421,-4.215246,-2.837986,-1.683776,-2.038875,-2.457482,-73.05647,-0.3686927,-0.0001862161,0.834381,-0.1214835,0.1098707,-0.44346,0.1104663,3.378371,24,24,24,24,24,24,24,24,24,24,24,24,24,24,25,25
21,210,-35.71558,-55.62468,-16.25187,-15.95958,-13.27533,-8.642075,-6.127567,-6.146567,-5.325284,-5.290814,-2.614359,-3.783338,-2.74231,-2.508957,-2.148142,-0.4816801,25,25,25,25,25,25,25,25,25,25,25,25,25,25,25,25,21,210,-4.573021,-5.140302,-3.143726,-3.10283,165.9623,144.3291,-2.612224,-1.956637,-1.684026,-1.546443,-2.235441,-2.423489,-2.817336,-2.339497,-1.686953,-2.148244,25,25,25,25,25,25,25,25,25,25,25,25,25,25,25,25,21,210,-2.297878,-5.62834,-3.959663,-2.32204,-1.55423,-1.656635,-2.198832,-72.07238,0.4968126,-0.4840014,-0.1192024,-0.4853049,0.3300039,0.7793626,0.1104663,3.378371,24,24,24,24,24,24,24,24,24,24,24,24,24,24,25,25
22,220,-36.19658,-56.83391,-16.49803,-15.47238,-12.79257,-8.765486,-6.382795,-6.271953,-5.077554,-4.921607,-2.020222,-3.909412,-1.550133,-2.508957,-1.670528,-0.8438416,25,25,25,25,25,25,25,25,25,25,25,25,25,25,25,25,22,220,-4.707516,-4.085932,-3.143726,-3.74921,166.4886,143.8383,-2.742822,-2.086988,-1.94287,-2.83389,-2.104049,-2.827607,-1.537537,-1.894046,-1.807378,-2.487314,25,25,25,25,25,25,25,25,25,25,25,25,25,25,25,25,22,220,-1.723437,-4.605061,-4.087454,-3.095958,-1.942716,-1.401809,-1.940182,-71.30697,-0.1214057,-0.2420938,0.834381,-0.0002119011,-0.6605856,-0.5546255,0.1104663,2.793306,24,24,24,24,24,24,24,24,24,24,24,24,24,24,25,25
23,230,-36.55732,-57.92222,-17.97501,-18.51735,-13.27533,-9.259134,-6.382795,-6.7735,-4.95369,-5.290814,-2.139049,-3.152969,-0.5963908,-2.628421,-1.551124,0.001202378,25,25,25,25,25,25,25,25,25,25,25,25,25,25,25,25,23,230,-3.631554,-3.558747,-3.274649,-2.327174,166.2254,142.8565,-1.044994,-0.7834754,-2.460554,-1.932677,-2.629625,-3.231721,-1.665519,-1.782682,-1.927804,-1.922197,25,25,25,25,25,25,25,25,25,25,25,25,25,25,25,25,23,230,-1.37877,-4.860881,-4.215246,-1.93508,-1.55423,-2.038876,-3.233484,-73.16582,1.238674,1.209358,0.7151831,0.1210629,-0.2203258,0.223534,0.2211332,2.559277,24,24,24,24,24,24,24,24,24,24,24,24,24,24,25,25
24,240,-38.4813,-58.16407,-17.97501,-16.93397,-13.27533,-7.531366,-6.638023,-6.271953,-5.325284,-4.5524,-3.208496,-3.405117,-2.861528,-2.986818,-2.625757,-1.447445,25,25,25,25,25,25,25,25,25,25,25,25,25,25,25,25,24,240,-3.631554,-3.42695,-2.750964,-2.715002,165.9623,144.0837,-2.089778,-2.21734,-2.201712,-2.061421,-3.023809,-2.154079,-2.177436,-2.228134,-2.168654,-2.713362,25,25,25,25,25,25,25,25,25,25,25,25,25,25,25,25,24,240,-2.068103,-4.605061,-4.087454,-1.93508,-1.424735,-1.656636,-2.328207,-72.07238,-0.3686927,-0.12114,0.7151831,0.3636094,-0.1102592,0.3347002,-0.553529,3.378371,24,24,24,24,24,24,24,24,24,24,24,24,24,24,25,25
25,250,-37.75981,-58.64777,-17.85193,-16.81217,-13.27533,-8.148426,-5.744726,-5.64502,-4.705958,-4.5524,-2.495532,-3.783338,-2.146221,-3.942544,-2.386949,-0.8438416,25,25,25,25,25,25,25,25,25,25,25,25,25,25,25,25,25,250,-3.497058,-3.690542,-2.489125,-3.619935,165.6992,143.4701,-1.567386,-2.347691,-1.813397,-3.477613,-2.629625,-2.962312,-2.177436,-3.230397,-2.168654,-3.843597,25,25,25,25,25,25,25,25,25,25,25,25,25,25,25,25,25,250,-1.723437,-4.605061,-4.726411,-2.451026,-1.813221,-2.421117,-2.198882,-72.40041,-0.2450492,0.1207708,0.7151831,-0.9703979,-0.7706522,-0.109963,0.3317986,3.027328,24,24,24,24,24,24,24,24,24,24,24,24,24,24,25,25
26,260,-38.36105,-60.34069,-19.45199,-18.76095,-13.27533,-8.642074,-5.744726,-5.895794,-4.829823,-4.675523,-2.614359,-3.405117,-2.265439,-3.942544,-2.506353,-0.1195186,25,25,25,25,25,25,25,25,25,25,25,25,25,25,25,25,26,260,-4.304031,-3.031561,-4.060173,-3.74921,166.2254,144.4519,-2.873366,-1.826286,-3.36645,-3.348869,-2.49823,-2.827607,-3.073296,-2.784945,-3.011632,-3.052432,25,25,25,25,25,25,25,25,25,25,25,25,25,25,25,25,26,260,-2.642545,-4.605061,-4.215246,-2.837986,-2.331201,-3.313011,-2.328207,-71.85368,0.2495256,0.6045924,0.2383911,0.2423346,0.3300039,-0.5546255,-0.553529,2.442263,24,24,24,24,24,24,24,24,24,24,25,24,24,24,25,25
27,270,-38.60155,-60.21977,-19.82123,-18.39556,-14.965,-8.765486,-6.382795,-5.64502,-4.953688,-4.675523,-3.564981,-4.287634,-3.219181,-3.823078,-2.864563,-0.9645625,25,25,25,25,25,25,25,25,25,25,25,25,25,25,25,25,27,270,-3.093572,-3.163357,-3.92925,-2.973554,166.8832,143.7156,-1.30619,-2.21734,-2.589924,-2.190166,-1.972655,-2.962312,-1.409558,-2.896309,-2.28908,-2.261267,25,25,25,25,25,25,25,25,25,25,25,25,25,25,25,25,27,270,-2.068103,-4.221332,-4.087454,-2.708999,-1.55423,-1.656636,-1.940232,-72.72844,0.4968126,0.3626816,0.7151834,0.3636094,-0.0001926374,0.557031,0.2211332,3.729408,24,24,24,24,24,24,24,24,24,24,25,24,24,24,25,25
28,280,-38.84205,-59.97792,-19.57507,-18.27376,-14.24085,-9.876193,-7.531321,-6.271953,-6.06834,-6.152352,-1.901397,-3.657011,-2.384656,-4.062009,-2.74516,-1.206003,25,25,25,25,25,25,25,25,25,25,25,25,25,25,25,25,28,280,-2.824582,-3.690542,-2.489125,-2.45645,166.357,144.2064,-2.220375,-2.869096,-2.460502,-1.160209,-2.76102,-1.884668,-2.305418,-2.562221,-1.927804,-2.600338,25,25,25,25,25,25,25,25,25,25,25,25,25,25,25,25,28,280,-2.527656,-4.860881,-3.959663,-1.290147,-0.647764,-2.038876,-0.9056308,-71.52567,0.3731691,-0.4839981,0.119194,0.242386,0.2199373,0.001203181,-0.553529,3.027328,24,24,24,24,24,24,24,24,24,24,25,24,24,24,25,25
29,290,-40.16478,-61.429,-19.94431,-20.46614,-16.41329,-12.34443,-8.16939,-7.024272,-5.944606,-6.029283,-2.614362,-4.161214,-2.026952,-2.747887,-1.909335,-0.4816801,25,25,25,25,25,25,25,25,25,25,25,25,25,25,25,25,29,290,-3.228068,-2.767969,-1.834524,-2.068622,165.9623,144.6973,-2.481572,-1.826286,-1.942818,-2.447656,-2.104049,-2.288784,-2.561379,-1.671322,-1.927804,-2.261267,25,25,25,25,25,25,25,25,25,25,25,25,25,25,25,25,29,290,-1.493659,-4.605061,-4.470828,-1.93508,-0.7772589,-1.784049,-2.586858,-71.52567,-0.2450492,0.7255462,1.072777,0.7274789,0.5501338,-0.5546255,0.4424639,3.378371,24,24,24,24,24,24,24,24,24,24,25,24,24,24,25,25
30,300,-39.32304,-60.09884,-20.92896,-20.58794,-18.7064,-13.94879,-12.12542,-9.155845,-8.542773,-8.612335,-4.396773,-7.312486,-4.888178,-5.256666,-4.178002,-0.8438416,25,25,25,25,25,25,25,25,25,25,25,25,25,25,25,25,30,300,-2.824582,-2.636173,-2.620048,-2.45645,166.8832,142.7338,-2.612171,-2.608393,-2.20166,-2.190166,-2.104049,-3.366426,-2.305418,-2.116767,-1.205251,-2.374291,25,25,25,25,25,25,25,25,25,25,25,25,25,25,25,25,30,300,-1.37877,-5.50043,-4.470828,-1.93508,-1.424735,-2.930771,-2.457533,-72.07238,0.4968126,0.4836354,-0.119202,-0.242707,0.4400672,0.2235332,-0.110866,2.793306,24,24,24,24,24,24,24,24,24,24,25,24,24,24,25,25
31,310,-40.64578,-60.9453,-22.28286,-23.14572,-20.03401,-17.65115,-14.42247,-12.4159,-10.15115,-10.94796,-5.228565,-9.455351,-5.484267,-6.929185,-4.178054,-0.8438416,25,25,25,25,25,25,25,25,25,25,25,25,25,25,25,25,31,310,-2.2866,-1.977191,-2.620048,-1.551518,165.9623,142.6111,-1.828581,-1.044178,-2.460502,-1.675188,-2.366836,-2.154079,-1.281579,-1.225867,-1.686953,-1.809173,25,25,25,25,25,25,25,25,25,25,25,25,25,25,25,25,31,310,-1.493659,-4.860881,-3.959663,-2.064067,-1.036249,-0.6373271,-2.328207,-72.29106,-0.3686927,-0.8468627,0.7151834,0.1211143,0.7702637,0.1123678,-0.3321983,3.846422,24,24,24,24,24,24,24,24,24,24,25,24,24,24,25,25
32,320,-41.84826,-63.001,-23.02135,-24.8509,-22.20645,-19.2555,-16.71952,-13.79515,-11.75953,-12.30017,-5.585047,-10.46376,-5.603484,-6.690254,-3.461633,0.001151008,25,25,25,25,25,25,25,25,25,25,25,25,25,25,25,25,32,320,-1.345133,-2.240784,-1.834524,-1.680794,166.0938,143.4701,-1.95918,-1.565583,-1.683975,-2.190166,-1.315684,-1.749963,-1.153598,-1.337231,-0.4826986,-2.261274,25,25,25,25,25,25,25,25,25,25,25,25,25,25,25,25,32,320,-1.034103,-5.244611,-4.470828,-0.9031883,-0.0002873507,-0.5099135,-1.940232,-71.74435,1.238674,-0.1211336,0.3575899,-1.334168,-0.0001926374,0.1123678,-0.110866,3.599018,24,24,24,24,24,24,24,24,24,24,25,24,24,24,25,25
33,330,-41.96852,-61.30808,-24.62141,-25.5817,-24.62026,-20.11938,-17.4852,-14.42208,-12.25442,-11.93139,-7.009492,-11.72427,-7.749403,-7.526512,-5.969107,-0.6024525,25,25,25,25,25,25,25,25,25,25,25,25,25,25,25,25,33,330,-1.210638,-1.450006,-0.918084,-2.715002,166.6201,144.6973,-2.220375,-0.3924216,-1.942818,-2.061422,-1.052895,-1.345847,-0.8976387,-0.1122434,-1.084826,-1.809179,25,25,25,25,25,25,25,25,25,25,25,25,25,25,25,25,33,330,-0.9192687,-4.221332,-3.831872,-1.161161,-1.29524,-1.401809,-2.069557,-71.74435,0.1258821,-0.2420906,0.238392,0.242386,0.3300039,-0.1099638,-0.664196,2.42908,24,24,24,24,24,24,24,24,24,24,25,24,24,24,25,25
34,340,-40.64578,-61.79177,-24.25216,-25.94709,-23.41334,-20.85986,-17.86805,-16.67904,-12.25442,-14.38994,-7.60287,-13.86713,-8.46471,-10.15265,-6.446721,-1.688937,25,25,25,25,25,25,25,25,25,25,25,25,25,25,25,25,34,340,-1.479629,-1.186413,-2.096363,-1.292967,167.4095,144.4519,-1.567386,-1.435232,-2.589924,-1.160209,-0.3959244,-1.480551,-0.7696585,-1.337231,-1.566527,-1.131038,25,25,25,25,25,25,25,25,25,25,25,25,25,25,25,25,34,340,-0.3448273,-3.198052,-4.343037,-1.54812,0.2587023,-0.6373271,-2.716183,-72.61909,0.620456,-0.0001797949,1.191975,0.4849325,-0.4404557,0.2235332,0.4424639,3.599018,24,24,24,24,24,24,24,24,24,24,25,24,24,24,25,25
35,350,-44.49374,-63.12192,-27.20612,-29.84466,-24.74095,-22.95786,-19.65464,-17.18058,-13.73908,-13.16066,-7.60287,-12.35452,-8.345492,-9.913944,-7.282547,-0.4817315,25,25,25,25,25,25,25,25,25,25,25,25,25,25,25,25,35,350,-0.9416472,-1.845395,-1.965396,-1.422242,166.357,143.102,-1.567386,-1.956637,-1.425133,-1.160209,-1.709865,-1.345847,-1.025617,-1.448593,-1.084826,-1.131038,25,25,25,25,25,25,25,25,25,25,25,25,25,25,25,25,35,350,-1.149047,-4.73297,-4.470828,-1.54812,-0.9067537,-1.019568,-1.940232,-71.52567,0.2495256,-1.814496,0.3575899,0.4849325,0.3300039,-0.5546262,0.4424639,1.961106,24,24,24,24,24,24,24,24,24,24,25,24,24,24,25,25
36,360,-44.97474,-62.75915,-27.57536,-27.77408,-25.46509,-22.09397,-20.54794,-18.55984,-16.08979,-15.988,-10.68844,-15.25369,-11.80166,-12.18166,-9.309949,-0.8438929,25,25,25,25,25,25,25,25,25,25,25,25,25,25,25,25,36,360,-1.210638,-1.845395,-1.048949,-0.905138,166.0938,144.0837,-2.350974,-2.478042,-1.295713,-1.288953,-1.84126,-1.211142,-1.665519,-1.225867,-0.8439748,-1.470109,25,25,25,25,25,25,25,25,25,25,25,25,25,25,25,25,36,360,-0.5746052,-4.477151,-4.598618,-1.935081,-0.0002873507,-0.2550864,-2.716183,-72.50976,-0.2450492,0.4836354,0.8343815,-0.1214322,-0.6605856,0.2235332,0.2211332,2.66307,24,24,24,24,24,24,24,24,24,24,25,24,24,24,25,25
37,370,-45.33548,-62.5173,-26.46763,-25.94709,-24.25817,-21.10668,-18.88896,-17.68213,-15.10002,-14.51287,-9.501682,-13.23688,-10.01454,-11.34619,-7.640756,-1.085335,25,25,25,25,25,25,25,25,25,25,25,25,25,25,25,25,37,370,-2.286601,-2.240784,-1.310794,-1.551518,166.8832,142.7338,-2.350974,-1.30488,-1.166291,-1.546443,-1.315684,-2.558195,-1.793497,-1.448593,-1.325677,-2.261274,25,25,25,25,25,25,25,25,25,25,25,25,25,25,25,25,37,370,-0.4597162,-4.093421,-3.83187,-1.161162,-1.295291,-2.16629,-2.845508,-71.74435,0.002237804,0.7255462,0.3575899,-0.1214322,0.1098707,0.4458648,-0.664196,2.078095,24,24,24,24,24,24,24,24,24,24,25,24,24,24,25,25
38,380,-45.57598,-63.96838,-27.08303,-27.53048,-25.22369,-21.72374,-18.50612,-17.0552,-14.11025,-13.89823,-9.383006,-11.34611,-8.822363,-8.959114,-6.924335,0.1218704,25,25,25,25,25,25,25,25,25,25,25,25,25,25,25,25,38,380,-2.01761,-0.7910244,-1.834473,-1.422242,166.8832,142.8565,-2.220375,-1.044178,-2.072239,-1.288953,-1.709865,-2.6929,-1.281579,-1.559955,-2.168654,-2.14825,25,25,25,25,25,25,25,25,25,25,25,25,25,25,25,25,38,380,-0.9192687,-4.349241,-4.215244,-2.322041,-1.554282,-1.147032,-1.940232,-72.18172,-0.8632674,-0.2420906,0.7151834,0.242386,-0.3303891,-0.3322954,0.1104663,3.365028,24,24,24,24,24,24,24,24,24,24,25,24,24,24,25,25
39,390,-42.08876,-63.24284,-26.46763,-25.5817,-25.22369,-21.23009,-19.78226,-18.05829,-14.85258,-14.38994,-10.33241,-12.73267,-9.776105,-9.317176,-7.043739,0.001151008,25,25,25,25,25,25,25,25,25,25,25,25,25,25,25,25,39,390,-1.74862,-1.713598,-1.70355,-1.939346,165.5676,143.8382,-1.828581,-1.826286,-1.942818,-1.546443,-2.235441,-1.345847,-1.409558,-2.116767,-1.807378,-3.278486,25,25,25,25,25,25,25,25,25,25,25,25,25,25,25,25,39,390,-1.608602,-5.372519,-4.470828,-2.064068,-1.295291,-1.274445,-2.716131,-71.635,0.620456,-0.2420906,-0.2384,-0.7278,0.1098707,0.1123678,0.1104663,3.248033,24,24,24,24,24,24,24,24,24,24,25,24,24,24,25,25
40,400,-40.16479,-61.67084,-25.60606,-23.38931,-22.56851,-20.2428,-17.99566,-17.30597,-13.98653,-14.51287,-10.45109,-12.98478,-9.180017,-9.913944,-7.282547,-1.688937,25,25,25,25,25,25,25,25,25,25,25,25,25,25,25,25,40,400,-1.74862,-1.977191,-1.965396,-2.327174,166.0938,143.9609,-1.436787,-1.565583,-1.425133,-2.705146,-2.49823,-2.019374,-2.433397,-2.339494,-2.28908,-3.73058,25,25,25,25,25,25,25,25,25,25,25,25,25,25,25,25,40,400,-1.149047,-3.965512,-3.83187,-2.966974,-2.978729,-2.293754,-1.810855,-71.52567,-0.2450492,-0.1211336,0.7151834,0.6062073,0.3300039,-0.4434609,0.1104663,3.716007,24,24,24,24,24,24,24,24,24,24,25,24,24,24,25,25
41,410,-40.16479,-61.54992,-25.60606,-24.6073,-22.32712,-20.36621,-16.97475,-15.80133,-13.12047,-13.03773,-9.383006,-11.47217,-8.345492,-7.28758,-5.849704,-0.11957,25,25,25,25,25,25,25,25,25,25,25,25,25,25,25,25,41,410,-3.228068,-1.977191,-3.143675,-2.973554,166.2254,144.2064,-2.481572,-1.044178,-2.978186,-2.705146,-2.49823,-2.423489,-2.177436,-2.116767,-3.132058,-3.165462,25,25,25,25,25,25,25,25,25,25,25,25,25,25,25,25,41,410,-1.608602,-4.605061,-4.854201,-2.580014,-2.460748,-3.058235,-2.586807,-72.07238,0.2495256,0.120774,0.238392,-0.242707,0.3300039,0.4458648,-0.664196,2.078095,24,24,24,24,24,24,24,24,24,24,25,24,24,24,25,25
42,420,-41.60777,-61.91269,-26.59071,-25.0945,-22.80988,-19.50233,-17.86805,-16.67904,-13.49164,-12.79188,-9.85771,-11.85032,-8.941581,-8.481701,-6.446721,0.3633125,25,25,25,25,25,25,25,25,25,25,25,25,25,25,25,25,42,420,-1.74862,-2.108987,-3.012758,-1.551518,167.6726,143.8382,-1.567386,-2.478042,-2.848766,-1.803933,-1.84126,-2.154079,-1.409558,-2.896306,-2.409505,-3.504533,25,25,25,25,25,25,25,25,25,25,25,25,25,25,25,25,42,420,-2.183047,-3.837601,-3.959662,-2.322041,-2.460748,-1.911513,-1.16423,-71.85368,-0.4923362,-0.6049551,0.9535794,0.3636608,0.2199373,0.5570302,0.3317986,3.482023,24,24,24,24,24,24,24,24,24,24,24,24,24,24,25,25
43,430,-41.96852,-61.54992,-24.25216,-22.78032,-20.39607,-19.74915,-16.59191,-16.67904,-13.61536,-14.51287,-9.857708,-11.72427,-8.941581,-8.839763,-5.491493,-1.326775,25,25,25,25,25,25,25,25,25,25,25,25,25,25,25,25,43,430,-1.614124,-3.031561,-1.834473,-2.327174,165.5676,143.5928,-2.612171,-3.26015,-2.331081,-2.061422,-2.235441,-2.019374,-3.201278,-2.673579,-2.168654,-3.052438,25,25,25,25,25,25,25,25,25,25,25,25,25,25,25,25,43,430,-1.83838,-5.1167,-4.343036,-3.09596,-1.942767,-2.293754,-1.552205,-71.52567,0.1258821,-0.0001862161,0.5959333,-0.9703465,-0.0001926374,-0.4434609,-0.0001990586,3.365028,24,24,24,24,24,24,24,24,24,24,24,24,24,24,25,25
44,440,-36.67757,-60.34068,-23.39059,-21.92773,-20.39607,-18.51503,-14.80532,-15.04901,-12.1307,-10.70211,-8.908303,-8.951148,-7.630186,-7.048649,-5.133283,0.4840319,25,25,25,25,25,25,25,25,25,25,25,25,25,25,25,25,44,440,-2.690087,-2.37258,-1.70355,-1.551518,166.0938,143.3473,-2.350974,-2.21734,-2.460502,-1.675187,-1.84126,-1.884668,-2.433397,-2.339494,-2.28908,-3.617556,25,25,25,25,25,25,25,25,25,25,25,25,25,25,25,25,44,440,-2.297936,-4.86088,-3.704079,-3.224947,-2.590243,-2.548581,-2.586807,-71.41632,-0.4923362,0.4836321,-5.658723E-05,0.969974,0.2199373,0.4458648,-0.664196,2.19509,24,24,24,24,24,24,24,24,24,24,24,24,24,24,25,25
45,450,-38.60155,-59.85699,-23.63675,-19.97894,-18.82709,-16.91068,-13.7844,-13.54437,-11.26465,-9.841612,-8.552276,-8.320893,-6.557227,-6.331857,-4.775072,0.001151008,25,25,25,25,25,25,25,25,25,25,25,25,25,25,25,25,45,450,-2.286601,-1.186413,-2.096312,-2.068622,166.2254,142.611,-2.350974,-1.695934,-2.331081,-2.061422,-2.49823,-2.827607,-2.305418,-2.339494,-1.807378,-2.035227,25,25,25,25,25,25,25,25,25,25,25,25,25,25,25,25,45,450,-1.723491,-4.86088,-4.726409,-3.740893,-0.906805,-1.274445,-1.552205,-71.41632,0.1258821,0.1207708,1.430319,0.969974,0.1098226,0.1123678,0.3317986,3.248033,24,24,24,24,24,24,24,24,24,24,24,24,24,24,25,25
46,460,-38.84205,-59.85699,-21.29821,-16.56857,-15.56844,-15.0595,-12.12542,-13.04283,-9.903711,-9.718685,-8.196249,-7.816689,-6.438008,-6.92924,-4.655668,-0.8438929,25,25,25,25,25,25,25,25,25,25,25,25,25,25,25,25,46,460,-2.824582,-1.845395,-2.619997,-1.680794,166.2254,142.4883,-1.567386,-0.9138267,-2.719344,-1.417698,-3.023809,-2.019374,-1.921479,-1.337231,-1.446102,-1.583132,25,25,25,25,25,25,25,25,25,25,25,25,25,25,25,25,46,460,-2.068158,-5.88416,-3.448496,-2.451028,-0.5183197,-1.401859,-2.974782,-71.74435,-0.2450492,-0.6049551,-0.3576505,-0.8491262,-0.2203739,0.223534,0.2211332,2.42908,24,24,24,24,24,24,24,24,24,24,24,24,24,24,24,25
47,470,-36.55733,-58.52683,-20.06739,-16.56857,-15.44776,-14.44244,-11.23212,-11.16203,-9.161382,-8.24355,-7.009492,-6.43013,-5.365048,-4.539927,-3.939196,0.6047529,25,25,25,25,25,25,25,25,25,25,25,25,25,25,25,25,47,470,-1.345133,-2.37258,-1.572634,-1.939346,166.0938,143.3473,-1.567386,-1.826286,-1.554555,-2.5764,-2.235441,-1.480551,-1.153598,-2.116767,-1.807378,-3.052438,25,25,25,25,25,25,25,25,25,25,25,25,25,25,25,25,47,470,-1.149047,-4.73297,-4.726409,-2.451028,-0.906805,-0.8922055,-1.810855,-71.41632,-0.2450492,-0.12114,1.191923,0.1210629,-0.5505704,-0.6657909,-0.2215876,3.131038,24,24,24,24,24,24,24,24,24,24,24,24,24,24,24,25
48,480,-36.91808,-57.55945,-22.0367,-18.03016,-16.89604,-15.0595,-12.38065,-11.4128,-9.285103,-8.120624,-6.297437,-5.925927,-5.007395,-4.300995,-3.580985,-0.2402397,25,25,25,25,25,25,25,25,25,25,25,25,25,25,25,25,48,480,-1.210638,-1.845395,-1.179872,-2.715002,166.6201,143.9609,-1.697984,-1.30488,-1.942818,-2.5764,-1.315684,-1.345847,-1.793497,-1.559955,-2.048229,-3.504481,25,25,25,25,25,25,25,25,25,25,25,25,25,25,25,25,48,480,-1.493713,-4.605061,-4.215244,-1.548122,-1.295291,-1.656686,-3.233433,-71.52567,0.3731691,0.9674505,0.8343292,-0.36403,-0.1103074,0.4458656,-0.0002552445,2.559271,24,24,24,24,24,24,24,24,24,24,24,24,24,24,24,25
49,490,-35.59534,-58.52683,-21.54437,-17.54296,-15.80982,-15.18291,-11.35974,-11.66358,-9.408825,-10.45625,-6.653465,-7.690639,-5.603484,-4.659392,-3.461581,-0.8438416,25,25,25,25,25,25,25,25,25,25,25,25,25,25,25,25,49,490,-1.748619,-1.713598,-2.489074,-0.7758622,166.7517,144.0836,-1.175592,-1.30488,-3.107608,-1.675187,-1.709865,-2.558195,-1.025617,-2.116767,-2.650356,-2.148199,25,25,25,25,25,25,25,25,25,25,25,25,25,25,25,25,49,490,-1.723437,-4.605061,-4.087453,-2.193054,-1.165796,-1.147032,-2.198831,-72.07238,-0.7396239,-0.9678198,0.5959333,0.2423346,0.440019,0.4458656,-1.438914,3.378365,24,24,24,24,24,24,24,24,24,24,24,24,24,24,24,25
50,500,-36.55732,-59.25237,-22.40594,-21.44053,-20.27538,-17.52774,-13.91202,-12.4159,-9.779988,-9.595757,-7.009492,-7.312486,-5.961137,-3.942598,-3.222775,-0.4816801,25,25,25,25,25,25,25,25,25,25,25,25,25,25,25,25,50,500,-1.076142,-2.899765,-2.358157,-2.068622,166.0938,143.7155,-1.436787,-3.390501,-1.554555,-1.803933,-2.366836,-1.884668,-1.153598,-2.784942,-2.048229,-2.374246,25,25,25,25,25,25,25,25,25,25,25,25,25,25,25,25,50,500,-1.37877,-6.012122,-4.981992,-2.064068,-1.424786,-1.019618,-2.198831,-71.74435,0.4968126,0.2417246,0.3575374,-0.36403,-0.0002407967,0.1123686,0.5530747,2.676285,24,24,24,24,24,24,24,24,24,24,24,24,24,24,24,25
51,510,-38.9623,-60.70346,-22.65211,-19.97894,-18.94778,-15.79997,-11.35974,-10.78587,-7.924165,-8.120624,-6.060087,-6.30408,-4.76896,-2.986873,-2.267546,0.1219218,25,25,25,25,25,25,25,25,25,25,25,25,25,25,25,25,51,510,-2.152105,-2.240784,-1.834473,-1.551518,165.9623,142.9792,-2.873366,-1.695934,-1.166291,-1.803933,-2.629625,-1.480551,-2.305418,-2.22813,-1.807378,-2.939364,25,25,25,25,25,25,25,25,25,25,25,25,25,25,25,25,51,510,-1.953214,-4.349293,-3.704079,-1.806095,-2.201758,-1.911513,-2.457481,-71.96304,-0.1214057,-0.0001862161,0.5959333,0.6061559,0.440019,-0.8881224,-0.8855845,3.027328,24,24,24,24,24,24,24,24,24,24,24,24,24,24,24,25
52,520,-37.15857,-59.61514,-20.43664,-18.51736,-16.53398,-14.93608,-9.573143,-10.28432,-7.552999,-8.120624,-5.941411,-6.682232,-4.411307,-3.703667,-2.148143,-0.7231221,25,25,25,25,25,25,25,25,25,25,25,25,25,25,25,25,52,520,-3.362563,-3.031561,-1.965396,-2.45645,167.2779,143.2246,-2.612171,-1.956637,-1.942818,-2.318911,-1.578471,-2.6929,-2.433397,-1.894043,-1.807378,-2.939364,25,25,25,25,25,25,25,25,25,25,25,25,25,25,25,25,52,520,-2.182992,-3.837653,-4.726411,-2.580013,-1.036301,-1.7841,-3.104107,-72.94714,-0.1214057,0.1207708,0.3575374,-0.1214835,-0.6606338,0.001203181,0.3317424,3.261351,24,24,24,24,24,24,24,24,24,24,24,24,24,24,24,25
53,530,-36.07633,-58.16406,-20.06739,-16.44677,-15.68913,-11.9742,-9.062687,-8.528912,-6.81067,-5.660075,-5.466217,-4.539367,-3.696,-2.747941,-1.670528,-0.2402397,25,25,25,25,25,25,25,25,25,25,25,25,25,25,25,25,53,530,-2.152105,-1.450006,-2.227235,-1.551518,167.0148,142.2429,-1.95918,-1.30488,-1.942818,-1.031464,-2.49823,-2.6929,-1.665519,-1.894043,-2.891207,-1.922152,25,25,25,25,25,25,25,25,25,25,25,25,25,25,25,25,53,530,-2.297878,-3.965564,-3.959663,-1.806094,-1.424735,-1.529273,-2.069506,-71.635,0.002237804,-1.088773,0.2383394,0.2423346,0.6601522,0.223534,0.1104101,3.261351,24,24,24,24,24,24,24,24,24,24,24,24,24,24,24,25
54,540,-35.95608,-58.16406,-19.82123,-17.66476,-16.29259,-12.46784,-8.80746,-7.525818,-6.563227,-5.537006,-4.634425,-4.413316,-2.384605,-2.747941,-0.9541072,0.001202378,25,25,25,25,25,25,25,25,25,25,25,25,25,25,25,25,54,540,-1.479628,-1.845395,-1.965396,-1.81007,164.9098,143.7155,-1.567386,-2.21734,-2.331081,-1.932677,-2.76102,-1.615258,-1.665519,-1.671319,-1.325677,-2.713316,25,25,25,25,25,25,25,25,25,25,25,25,25,25,25,25,54,540,-0.8043252,-4.733023,-4.598619,-2.064067,-1.942716,-1.529222,-2.328156,-71.96304,-0.7396239,0.4836321,0.7151313,-0.1214835,-0.3304373,0.557031,0.4424094,3.612394,24,24,24,24,24,24,24,24,24,24,24,24,24,24,24,25
55,550,-36.55732,-59.49422,-20.19048,-20.22254,-18.46502,-15.05949,-10.72167,-9.908165,-7.676721,-7.628912,-5.109735,-6.30408,-3.219129,-3.106339,-0.8347041,-0.4816801,25,25,25,25,25,25,25,25,25,25,25,25,25,25,25,25,55,550,-1.748619,-2.108987,-1.441711,-2.585726,166.0938,143.8382,-1.828636,-1.435232,-1.683975,-2.705146,-2.235441,-1.480551,-1.025617,-1.448593,-1.566527,-2.939364,25,25,25,25,25,25,25,25,25,25,25,25,25,25,25,25,55,550,-2.412767,-4.605114,-3.959663,-1.677107,-1.942716,-2.803357,-3.104107,-72.29106,-0.2450492,0.1207708,0.3575374,-0.0002119011,-0.0002407967,0.3347002,-0.3322529,2.910314,24,24,24,24,24,24,24,24,24,24,24,24,24,24,24,25
56,560,-36.43708,-58.8896,-21.05205,-19.00455,-17.74087,-12.22102,-9.190301,-7.275046,-6.315784,-5.537006,-5.109735,-4.287265,-3.338348,-2.50901,-1.431721,-0.3609591,25,25,25,25,25,25,25,25,25,25,25,25,25,25,25,25,56,560,-2.421096,-1.450006,-2.096312,-2.45645,166.7517,143.7155,-2.481625,-0.7834754,-2.331081,-2.447656,-1.447079,-1.749963,-1.537537,-2.005406,-2.529931,-1.922152,25,25,25,25,25,25,25,25,25,25,25,25,25,25,25,25,56,560,-1.838326,-3.198104,-4.470828,-1.806094,-0.647764,-0.8921542,-2.586807,-72.18172,-0.2450492,0.1207708,0.7151313,0.7274276,-0.2203739,-0.2211284,0.3317424,3.261351,24,24,24,24,24,24,24,24,24,24,24,24,24,24,24,25
57,570,-37.63956,-59.73607,-21.05205,-18.27376,-16.53398,-11.72737,-7.276092,-7.275046,-4.829823,-5.537006,-3.802633,-3.783062,-2.861476,-2.986873,-1.670528,-0.9645625,25,25,25,25,25,25,25,25,25,25,25,25,25,25,25,25,57,570,-1.076142,-2.37258,-2.750913,-1.551518,166.357,143.47,-2.089831,-1.826286,-1.684028,-1.932677,-1.315684,-2.827607,-1.153598,-2.562218,-2.168654,-1.922152,25,25,25,25,25,25,25,25,25,25,25,25,25,25,25,25,57,570,-2.872323,-4.605114,-3.576288,-1.677107,-0.2592787,-1.784049,-3.233433,-71.52567,-0.2450492,-0.4840014,-5.658723E-05,-0.0002119011,-0.2203739,0.223534,-0.2215876,2.325248,24,24,24,24,24,24,24,24,24,24,24,24,24,24,24,25
58,580,-38.24081,-59.97791,-20.43664,-17.90836,-14.72361,-11.72737,-7.53132,-7.525818,-6.06834,-6.398489,-3.802633,-4.035163,-2.026952,-2.031147,-1.312318,-0.3609591,25,25,25,25,25,25,25,25,25,25,25,25,25,25,25,25,58,580,-1.883114,-2.37258,-2.489074,-1.163689,166.0938,143.9609,-2.612224,-2.608393,-2.460555,-1.031464,-2.49823,-1.884668,-2.305418,-2.005406,-1.325677,-2.148199,25,25,25,25,25,25,25,25,25,25,25,25,25,25,25,25,58,580,-1.608548,-3.453924,-3.959663,-2.451026,-2.201706,-1.656636,-2.198831,-71.52567,-0.7396239,0.120774,1.072725,0.2423346,-0.5505704,0.1123686,0.1104101,3.144343,24,24,24,24,24,24,24,24,24,24,25,24,24,24,24,25
59,590,-39.08255,-58.8896,-20.06739,-16.56857,-14.72361,-11.35714,-8.424618,-7.275046,-6.06834,-4.675522,-4.5156,-4.161214,-3.576783,-3.225804,-2.506353,-1.085284,25,25,25,25,25,25,25,25,25,25,25,25,25,25,25,25,59,590,-2.690086,-2.240784,-1.965396,-2.45645,166.2254,142.8565,-3.265214,-2.347691,-2.201713,-1.675187,-1.972655,-2.423489,-2.305418,-1.894043,-1.446102,-2.261222,25,25,25,25,25,25,25,25,25,25,25,25,25,25,25,25,59,590,-1.034103,-4.093473,-4.470828,-1.677107,-2.201706,-2.675944,-3.362757,-72.50976,-0.1214057,0.6045924,0.3575891,-0.36403,-0.1103074,0.6681972,0.1104101,1.740183,24,24,24,24,24,24,24,24,24,24,25,24,24,24,24,25
60,600,-38.36105,-58.52683,-18.7135,-14.01079,-13.27532,-9.752782,-6.638022,-6.7735,-5.820741,-5.413937,-3.327326,-3.909112,-2.265387,-3.464736,-1.670528,-0.6024011,25,25,25,25,25,25,25,25,25,25,25,25,25,25,25,25,60,600,-1.614124,-1.845395,-2.096312,-2.068622,167.1463,142.3656,-2.22043,-1.826286,-2.589977,-1.546443,-1.84126,-2.962363,-1.281579,-1.337231,-1.807378,-1.696105,25,25,25,25,25,25,25,25,25,25,25,25,25,25,25,25,60,600,-2.068103,-4.093473,-3.448497,-2.064067,-1.942716,-0.8921542,-2.457481,-72.50976,-0.7396239,-0.2420906,0.834381,0.1211143,0.6601522,-0.109963,-0.2215876,3.612394,24,24,24,24,24,24,24,24,24,24,25,24,24,24,24,25
61,610,-37.15857,-58.28498,-18.95966,-16.32497,-14.12015,-10.49325,-6.638022,-6.898887,-4.953688,-5.413937,-4.159116,-4.665418,-2.623041,-3.34527,-2.028739,-0.2402397,25,25,25,25,25,25,25,25,25,25,25,25,25,25,25,25,61,610,-1.210638,-1.450006,-2.096312,-1.292966,165.6992,143.47,-1.959234,-1.30488,-2.201713,-1.803933,-3.023809,-1.076488,-1.537537,-1.559955,-1.566527,-2.148199,25,25,25,25,25,25,25,25,25,25,25,25,25,25,25,25,61,610,-1.608548,-4.860933,-4.343037,-1.419134,-0.5182683,-1.019568,-3.621408,-72.40041,0.2495256,-0.0001797949,0.4767871,-0.1214322,-0.1102592,-0.2211284,-0.1109206,2.559271,24,24,24,24,24,24,24,24,24,24,25,24,24,24,24,25
62,620,-39.32304,-57.68037,-18.7135,-14.86339,-13.15463,-9.382545,-8.041775,-6.522727,-6.81067,-4.798592,-4.040289,-4.287265,-2.503823,-2.867352,-2.028739,-0.4816801,25,25,25,25,25,25,25,25,25,25,25,25,25,25,25,25,62,620,-2.152105,-2.108987,-1.441711,-2.973553,166.4886,144.0836,-1.959234,-1.695934,-1.425186,-2.83389,-2.104049,-2.019425,-1.281579,-2.116767,-1.807378,-2.713316,25,25,25,25,25,25,25,25,25,25,25,25,25,25,25,25,62,620,-1.148992,-3.070194,-4.087453,-2.193053,-1.813221,-1.784049,-2.457481,-71.52567,-0.2450492,-0.2420906,1.072777,0.4849325,-0.5505223,-0.9993392,-0.5535852,2.793299,24,24,24,24,24,24,24,24,24,24,25,24,24,24,25,25
63,630,-38.84205,-56.83391,-18.46733,-17.05577,-15.80982,-12.34443,-7.914162,-7.651206,-6.06834,-5.783144,-3.08967,-4.287265,-1.907734,-3.823078,-2.028739,-1.447445,25,25,25,25,25,25,25,25,25,25,25,25,25,25,25,25,63,630,-1.614124,-1.581802,-2.489074,-2.715002,166.6201,144.2064,-2.22043,-1.174529,-1.81345,-1.803933,-1.709865,-1.750014,-2.177436,-0.891781,-2.529983,-2.600293,25,25,25,25,25,25,25,25,25,25,25,25,25,25,25,25,63,630,-1.034103,-2.942285,-5.109784,-1.677107,-1.165744,-1.401809,-2.198831,-72.50976,0.002237804,-0.1211336,1.311173,0.1211143,-0.2203258,0.001151811,-0.1109174,2.793299,24,24,24,24,24,24,24,24,24,24,25,24,24,24,25,25
64,640,-39.80404,-58.64776,-18.83658,-16.44677,-14.36154,-10.24643,-5.872339,-6.648113,-4.458228,-4.306315,-2.852015,-3.152807,-2.503823,-2.389492,-1.909336,0.2425914,25,25,25,25,25,25,25,25,25,25,25,25,25,25,25,25,64,640,-2.152105,-1.713598,-2.750913,-2.327174,166.8832,143.1019,-1.436842,-1.826286,-2.719398,-1.932677,-1.84126,-2.692951,-1.665519,-1.894043,-2.650408,-1.922152,25,25,25,25,25,25,25,25,25,25,25,25,25,25,25,25,64,640,-1.838326,-3.198104,-3.959663,-1.677107,-1.29524,-2.675944,-2.328156,-71.635,-0.1214057,-1.08877,1.191975,0.4849325,-0.0001926374,0.7793112,-0.0002504286,3.481972,24,24,24,24,24,24,24,24,24,24,25,24,24,24,25,25
65,650,-39.32304,-57.8013,-18.7135,-14.01079,-13.51671,-9.505958,-6.638022,-6.648113,-5.696877,-4.306315,-3.208497,-3.278858,-2.742259,-2.747887,-1.789933,0.6047529,25,25,25,25,25,25,25,25,25,25,25,25,25,25,25,25,65,650,-1.748619,-2.899765,-1.965396,-1.680794,165.8307,143.3473,-1.959234,-2.738745,-1.942871,-0.7739748,-2.235441,-1.345898,-1.921479,-2.005406,-1.446154,-1.583081,25,25,25,25,25,25,25,25,25,25,25,25,25,25,25,25,65,650,-1.263884,-4.093473,-4.215245,-2.32204,-1.942716,-1.656636,-3.104107,-72.29106,-0.7396239,-0.1211336,0.7151831,-0.242707,-0.5505223,0.001151811,-0.0002504286,3.364977,24,24,24,24,24,24,24,24,24,24,25,24,24,24,25,25
66,660,-35.59534,-56.71299,-16.25187,-11.69661,-9.895987,-7.901603,-4.5962,-5.64502,-5.077552,-4.921661,-2.257879,-3.404909,-1.430864,-3.345215,-1.909336,-0.9646139,25,25,25,25,25,25,25,25,25,25,25,25,25,25,25,25,66,660,-2.152105,-2.37258,-1.572634,-1.422242,166.6201,142.9792,-2.612224,-1.695934,-2.072292,-1.803933,-1.578471,-2.019425,-2.177436,-1.671319,-1.80743,-2.82634,25,25,25,25,25,25,25,25,25,25,25,25,25,25,25,25,66,660,-1.838329,-3.837601,-3.320706,-1.54812,-1.683725,-2.803357,-2.974782,-71.74435,0.1258821,0.4836354,-0.1192024,0.7274789,0.6602004,0.1123172,-0.3322497,2.897003,24,24,24,24,24,24,24,24,24,24,25,24,24,24,25,25
67,670,-35.35484,-56.35022,-16.37495,-13.4018,-11.46497,-8.642074,-4.5962,-5.018088,-3.591175,-3.321762,-1.901396,-2.522553,-1.788517,-2.508957,-1.431722,0.1218704,25,25,25,25,25,25,25,25,25,25,25,25,25,25,25,25,67,670,-2.690086,-1.713598,-1.310846,-2.068622,166.4886,142.1201,-2.742822,-1.695934,-2.331135,-2.061422,-1.84126,-2.692951,-1.665519,-1.671319,-1.80743,-2.487269,25,25,25,25,25,25,25,25,25,25,25,25,25,25,25,25,67,670,-1.378773,-3.709692,-3.831872,-2.837986,-2.460697,-1.784049,-2.586807,-72.50976,-0.4923365,-0.0001797949,0.3575891,0.242386,-0.0001926374,-0.8881738,-0.2215827,3.247982,24,24,24,24,24,24,24,24,24,24,25,24,24,24,25,25
68,680,-34.15236,-55.74561,-15.51338,-10.23502,-10.37875,-7.654778,-4.213358,-4.641928,-3.467309,-2.583348,-2.61436,-1.513648,-1.311645,-2.508957,-1.073511,-0.6024525,25,25,25,25,25,25,25,25,25,25,25,25,25,25,25,25,68,680,-0.9416468,-1.318209,-1.834524,-0.905138,165.8307,142.1201,-2.22043,-1.30488,-2.331135,-1.288953,-2.76102,-1.750014,-1.665519,-2.005406,-1.687004,-2.035175,25,25,25,25,25,25,25,25,25,25,25,25,25,25,25,25,68,680,-1.72344,-4.605061,-3.448498,-1.935134,-1.29524,-1.274395,-3.233433,-72.29106,0.7441003,-0.2420906,0.3575891,-0.1214322,-0.1102592,0.3346488,0.2210819,3.247982,24,24,24,24,24,24,24,24,24,24,25,24,24,24,25,25
69,690,-32.70937,-54.53637,-12.80559,-8.529837,-7.120101,-6.544071,-3.064833,-3.388062,-2.228662,-3.321762,-1.901396,-2.900706,-1.430864,-2.986818,-2.028739,-0.8438929,25,25,25,25,25,25,25,25,25,25,25,25,25,25,25,25,69,690,-1.614124,-2.108987,-1.834524,-1.81007,165.6992,143.5928,-1.698037,-1.695934,-1.684028,-2.5764,-2.235441,-1.884719,-1.793497,-2.450855,-1.566579,-2.713316,25,25,25,25,25,25,25,25,25,25,25,25,25,25,25,25,69,690,-1.148995,-3.070142,-4.087454,-2.580066,-2.590192,-1.656636,-1.42288,-71.41632,-0.3686927,0.8464999,0.7151831,0.1211143,-0.2203258,-0.7770084,-0.0002504286,3.130986,24,24,24,24,24,24,24,24,24,24,25,24,24,24,25,25
70,700,-32.70937,-55.50376,-12.55943,-8.773435,-8.085626,-5.803599,-2.554378,-3.137289,-1.980932,-2.091072,-1.663741,-2.1443,-1.669299,-2.389492,-1.551125,-0.4817315,25,25,25,25,25,25,25,25,25,25,25,25,25,25,25,25,70,700,-1.614124,-1.186413,-1.703601,-1.939346,166.4886,143.8383,-2.089831,-1.435232,-2.201713,-2.705146,-1.84126,-1.884719,-2.177436,-1.337231,-2.289132,-2.82634,25,25,25,25,25,25,25,25,25,25,25,25,25,25,25,25,70,700,-1.493662,-3.581781,-4.726411,-1.935134,-1.813221,-1.7841,-3.492083,-73.05647,0.2495256,0.3626816,0.4767871,0.1211143,-0.3303891,0.6681458,0.4424126,2.546024,24,24,24,24,24,24,24,24,24,24,25,24,24,24,25,25
71,710,-32.94987,-55.86652,-13.79024,-10.84402,-10.86152,-6.667483,-3.830517,-3.638835,-3.095715,-2.460279,-1.901396,-2.01817,-2.026952,-1.911629,-1.789933,-0.11957,25,25,25,25,25,25,25,25,25,25,25,25,25,25,25,25,71,710,-1.614124,-1.450006,-3.01281,-2.068622,166.357,143.4701,-1.698037,-1.956637,-2.460555,-1.932677,-1.578471,-1.884719,-1.793497,-1.894043,-2.770833,-2.148199,25,25,25,25,25,25,25,25,25,25,25,25,25,25,25,25,71,710,-2.297884,-4.221331,-4.215246,-2.06412,-2.201706,-1.7841,-1.42288,-71.96304,-0.1214057,-1.330678,0.4767871,0.3636608,0.3300039,0.2234826,-0.996245,3.364977,24,24,24,24,24,24,24,24,24,24,25,24,24,24,25,25
72,720,-36.19658,-57.43853,-15.14414,-15.71598,-11.10289,-7.407955,-2.937219,-4.892702,-2.97185,-4.060177,-2.970842,-3.278858,-2.742259,-3.584146,-2.745161,-0.9646139,25,25,25,25,25,25,25,25,25,25,25,25,25,25,25,25,72,720,-0.9416468,-1.845395,-1.965447,-1.163689,166.6201,142.9792,-1.175645,-2.99945,-2.201713,-1.288953,-2.629625,-2.42354,-2.177436,-3.007666,-2.289132,-2.148199,25,25,25,25,25,25,25,25,25,25,25,25,25,25,25,25,72,720,-2.527662,-4.98879,-4.470828,-2.193107,-1.55423,-1.019618,-2.845457,-72.40041,0.4968126,0.2417278,0.4767871,-0.6065283,-0.2203258,0.5569797,0.5530795,3.481972,24,24,24,24,24,24,24,24,24,24,25,24,24,24,25,25
73,730,-37.03832,-58.04315,-15.51338,-14.74159,-9.533912,-6.544071,-2.937219,-2.635743,-1.98088,-2.091072,-2.257879,-2.1443,-2.026952,-1.911629,-2.267546,-0.11957,25,25,25,25,25,25,25,25,25,25,25,25,25,25,25,25,73,730,-2.690086,-2.108987,-1.441762,-1.680794,166.6201,143.3474,-2.481625,-2.478045,-1.942871,-1.932677,-2.629625,-2.42354,-2.689357,-1.894043,-1.80743,-2.487269,25,25,25,25,25,25,25,25,25,25,25,25,25,25,25,25,73,730,-2.182996,-4.093421,-4.343037,-3.611959,-2.978678,-2.421168,-3.362757,-72.50976,-0.1214057,-0.7259057,-0.2384004,-0.0001605311,-0.7706522,-0.3323452,-1.106912,2.546024,24,24,24,24,24,24,24,24,24,24,25,24,24,24,25,25
74,740,-36.67757,-58.64777,-16.62111,-14.49799,-10.74082,-7.037719,-3.447675,-3.513449,-2.228611,-3.075624,-2.257879,-2.270431,-1.669299,-2.15056,-1.670529,0.3633125,25,25,25,25,25,25,25,25,25,25,25,25,25,25,25,25,74,740,-2.01761,-1.186413,-1.572685,-1.551518,166.8833,142.9792,-2.612224,-1.565586,-1.295766,-1.546443,-1.447079,-2.288835,-1.665519,-1.894043,-1.566579,-2.939364,25,25,25,25,25,25,25,25,25,25,25,25,25,25,25,25,74,740,-1.953218,-3.325962,-4.470828,-3.096012,-1.424735,-1.7841,-2.845457,-73.16582,0.2495256,0.120774,1.072777,0.9700254,0.1098707,0.3346488,0.8850772,2.780008,24,24,24,24,24,24,24,24,24,24,24,24,24,24,25,25
75,750,-35.71558,-59.01053,-14.65181,-13.76719,-10.13737,-7.778191,-3.192447,-3.638835,-2.72407,-3.814038,-2.376704,-3.152807,-2.265387,-3.464681,-2.506354,-0.240291,25,25,25,25,25,25,25,25,25,25,25,25,25,25,25,25,75,750,-1.614124,-2.108987,-2.096363,-1.034414,166.2254,141.5066,-1.959234,-1.174533,-2.719398,-0.64523,-1.709917,-2.42354,-0.8976387,-0.7804173,-1.566579,-1.583081,25,25,25,25,25,25,25,25,25,25,25,25,25,25,25,25,75,750,-2.642548,-4.73297,-4.59862,-2.06412,-1.29524,-1.656686,-2.328156,-71.30697,0.1258821,-1.451632,0.7151313,0.4849325,0.2199373,0.3346488,-0.0002504286,3.013998,24,24,24,24,24,24,24,24,24,24,24,24,24,24,25,25
76,760,-33.43086,-58.16407,-14.89797,-13.28,-10.13737,-6.297247,-3.064833,-2.76113,-2.228611,-2.460279,-2.614359,-2.396502,-1.907734,-1.194835,-1.909336,0.4840319,25,25,25,25,25,25,25,25,25,25,25,25,25,25,25,25,76,760,-0.8071517,-0.6592283,-1.179923,-1.292966,165.1729,143.102,-2.22043,-0.9138299,-0.9075018,-1.288953,-2.235492,-1.211142,-0.6416783,-1.894043,-0.8440261,-2.374246,25,25,25,25,25,25,25,25,25,25,25,25,25,25,25,25,76,760,-0.9192173,-4.093421,-4.726411,-2.193107,-1.165744,-0.7647912,-1.810855,-72.07238,-0.3686927,0.4836354,1.191923,0.242386,0.2199373,0.001151811,0.4424126,3.130986,24,24,24,24,24,24,24,24,24,24,24,24,24,24,25,25
77,770,-33.19036,-58.285,-14.77489,-13.76719,-11.46497,-7.778191,-3.830517,-3.638835,-2.72407,-2.091071,-1.782567,-1.89209,-1.430915,-2.15056,-1.670529,-0.240291,25,25,25,25,25,25,25,25,25,25,25,25,25,25,25,25,77,770,-0.9416468,-1.713598,-1.572685,-2.715002,166.2254,143.4701,-2.22043,-1.044181,-1.295766,-2.318911,-1.315736,-1.749963,-1.921479,-1.337231,-2.529983,-2.713316,25,25,25,25,25,25,25,25,25,25,25,25,25,25,25,25,77,770,-1.608551,-4.349241,-4.215246,-2.06412,-2.072211,-3.058235,-1.552205,-71.52567,0.2495256,0.2417278,0.4767353,-0.0001605311,0.6601522,-0.1100144,0.1104149,2.429029,24,24,24,24,24,24,24,24,24,24,24,24,24,24,25,25
78,780,-33.55111,-58.285,-14.89797,-15.10698,-10.74082,-8.271839,-3.447675,-3.889609,-2.847934,-3.937107,-2.376704,-2.522553,-2.027003,-3.106284,-2.267546,-0.8438929,25,25,25,25,25,25,25,25,25,25,25,25,25,25,25,25,78,780,-1.614124,-1.186413,-1.703601,-1.81007,166.6201,143.8383,-2.481625,-0.9138299,-1.942871,-2.061421,-1.44713,-0.9417302,-1.409558,-1.448593,-2.289132,-2.713316,25,25,25,25,25,25,25,25,25,25,25,25,25,25,25,25,78,780,-1.263884,-4.093421,-3.448498,-2.451079,-2.978678,-2.16634,-2.069506,-72.72844,-0.3686927,-0.1211336,0.9535273,0.6062073,-0.0002407967,-0.44346,0.2210819,3.715955,24,24,24,24,24,24,24,24,24,24,24,24,24,24,24,25
79,790,-35.35484,-58.40592,-16.7442,-15.83778,-12.06842,-7.407955,-3.064833,-3.262676,-2.72407,-2.460279,-2.733186,-2.018221,-2.503875,-2.270026,-2.38695,-0.240291,25,25,25,25,25,25,25,25,25,25,25,25,25,25,25,25,79,790,-1.076142,-1.713598,-2.881887,-1.422242,166.7517,143.102,-1.175645,-2.217343,-1.81345,-1.288953,-1.052946,-2.019374,-0.8976387,-1.782679,-1.687004,-1.583081,25,25,25,25,25,25,25,25,25,25,25,25,25,25,25,25,79,790,-1.953218,-4.86088,-4.215246,-2.451079,-1.036249,-1.274445,-3.362757,-72.72844,0.620456,-0.0001797949,0.5959333,-0.0001605311,0.3299557,-0.2211292,-0.2215876,2.897003,24,24,24,24,24,24,24,24,24,24,24,24,24,24,24,25
80,800,-33.43086,-58.64777,-16.7442,-14.61979,-11.10289,-6.420659,-3.192447,-3.388062,-1.98088,-2.706417,-1.66374,-1.513699,-1.907786,-2.389492,-1.312318,-0.7231735,25,25,25,25,25,25,25,25,25,25,25,25,25,25,25,25,80,800,-1.614124,-2.636173,-1.834524,-0.6465857,165.6992,143.8383,-2.089831,-1.95664,-1.295766,-0.5164853,-2.104101,-1.076437,-1.409558,-1.337231,-0.9644518,-1.922203,25,25,25,25,25,25,25,25,25,25,25,25,25,25,25,25,80,800,-1.608551,-3.837601,-4.215246,-2.193107,-1.813221,-1.529273,-2.198831,-71.74435,-0.61598,0.3626816,0.5959333,-0.1214322,-0.0002407967,-0.3322946,0.885074,3.130986,24,24,24,24,24,24,24,24,24,24,24,24,24,24,24,25
81,810,-34.0321,-59.49423,-15.88263,-13.88899,-10.37876,-7.531366,-3.447675,-4.140382,-2.72407,-3.321762,-2.614359,-2.144351,-2.384656,-2.628421,-1.789932,-0.11957,25,25,25,25,25,25,25,25,25,25,25,25,25,25,25,25,81,810,-2.2866,-1.845395,-1.703601,-2.197898,166.7517,142.3656,-2.351028,-1.565586,-1.166344,-2.061421,-1.578522,-2.154079,-1.921479,-1.782679,-1.687004,-2.487321,25,25,25,25,25,25,25,25,25,25,25,25,25,25,25,25,81,810,-0.4596616,-4.093421,-4.215246,-1.419187,-1.942716,-2.548581,-3.621408,-72.18172,0.620456,0.4836354,0.1191414,0.242386,0.6601522,0.001202378,-1.106915,2.780008,24,24,24,24,24,24,24,24,24,24,24,24,24,24,24,25
82,820,-34.0321,-57.8013,-16.62111,-12.30561,-9.654606,-5.680188,-3.320061,-2.635743,-2.47634,-1.598795,-2.852014,-2.270482,-2.146221,-2.389492,-1.909336,0.3633125,25,25,25,25,25,25,25,25,25,25,25,25,25,25,25,25,82,820,-1.883114,-1.318209,-0.7871612,-0.905138,167.1464,141.8748,-1.698037,-0.9138299,-1.295766,-0.64523,-0.6587652,-1.345847,-0.513698,-0.6690552,-0.7236009,-1.357085,25,25,25,25,25,25,25,25,25,25,25,25,25,25,25,25,82,820,-1.953214,-3.709744,-4.087454,-2.193107,-1.942716,-1.274445,-1.552205,-72.61909,-1.110555,-0.7259057,1.311121,0.1211143,0.2198891,0.1123678,0.1104101,3.481972,24,24,24,24,24,24,24,24,24,24,24,24,24,24,24,25
83,830,-32.70937,-56.59207,-15.02106,-11.69661,-8.447707,-5.556776,-3.447675,-2.76113,-1.98088,-2.33721,-1.544912,-2.522553,-1.192479,-2.986818,-1.551125,-0.7231735,25,25,25,25,25,25,25,25,25,25,25,25,25,25,25,25,83,830,-1.345133,-1.054617,-1.834518,-0.905138,165.8308,142.8565,-1.959234,-0.9138299,-1.81345,-0.64523,-2.104101,-0.9417302,-0.7696585,-1.225867,-1.325728,-1.696156,25,25,25,25,25,25,25,25,25,25,25,25,25,25,25,25,83,830,-1.148992,-4.988843,-4.343086,-1.419187,-0.3887735,-0.8922048,-2.716131,-72.61909,0.1258821,-0.0001797949,0.1191414,-0.8490748,-0.2203739,0.4458648,-0.2215876,3.013998,24,24,24,24,24,24,24,24,24,24,24,24,24,24,24,25
84,840,-32.34862,-58.16407,-14.65181,-12.5492,-10.49945,-7.161131,-3.447675,-4.391155,-2.971799,-3.075624,-1.307258,-2.522553,-1.907786,-2.508957,-1.431721,-0.240291,25,25,25,25,25,25,25,25,25,25,25,25,25,25,25,25,84,840,-1.748619,-1.581802,-0.2634766,-1.55157,165.5676,142.8565,-1.959234,-1.304884,-0.5192379,-1.675187,-0.6587652,-1.345847,-0.7696585,-0.7804173,-1.084877,-1.809179,25,25,25,25,25,25,25,25,25,25,25,25,25,25,25,25,84,840,-1.034103,-2.814375,-4.470877,-2.193054,-1.29524,-0.8922048,-1.293554,-71.41632,-0.4923365,0.120774,1.191923,0.4849325,-0.3304373,-0.2211292,-0.1109206,3.013998,24,24,24,24,24,24,24,24,24,24,24,24,24,24,24,25
85,850,-29.46265,-56.83391,-14.15948,-9.504229,-8.809775,-5.433364,-3.702903,-3.388062,-3.219529,-2.952554,-2.852014,-2.648604,-2.503875,-2.867352,-2.148143,-1.206054,25,25,25,25,25,25,25,25,25,25,25,25,25,25,25,25,85,850,-1.748619,-0.6592283,-1.179917,-2.068674,166.2254,143.4701,-2.22043,-0.1317222,-1.81345,-1.160209,-0.6587652,-1.615258,-1.153598,-0.7804173,-1.927855,-2.035227,25,25,25,25,25,25,25,25,25,25,25,25,25,25,25,25,85,850,-0.9192141,-3.709744,-4.72646,-0.9031883,-1.0363,-1.401859,-2.845457,-71.52567,0.3731691,0.3626816,0.5959333,0.1211143,-0.5505704,0.6681964,-0.6642522,2.663019,24,24,24,24,24,24,24,24,24,24,24,24,24,24,24,25
86,860,-28.50067,-55.86652,-12.55943,-9.138832,-6.878727,-4.446068,-2.043908,-2.635743,-1.98088,-2.21414,-1.426085,-2.270482,-1.192479,-3.106284,-0.8347041,-1.206054,25,25,25,25,25,25,25,25,25,25,25,25,25,25,25,25,86,860,-0.9416468,-1.318209,-1.834518,-0.5173622,166.6201,143.102,-1.175645,-1.695938,-1.942871,-0.3877405,-0.264581,-1.615258,-1.025617,-1.225867,-2.048281,-2.261274,25,25,25,25,25,25,25,25,25,25,25,25,25,25,25,25,86,860,-1.263881,-3.581834,-3.70413,-1.548121,-1.683776,-1.401808,-1.293554,-71.635,0.002237804,-0.9678165,0.8343292,-0.242707,0.5500856,0.7793618,-0.5535852,3.598967,24,24,24,24,24,24,24,24,24,24,24,24,24,24,24,25
87,870,-27.65893,-56.35022,-13.05175,-9.991425,-8.447707,-5.803599,-3.575289,-3.388062,-2.228611,-2.460279,-1.66374,-2.144351,-1.192479,-2.389492,-1.192914,-0.7231735,25,25,25,25,25,25,25,25,25,25,25,25,25,25,25,25,87,870,-0.6726559,-2.899765,-1.048994,-1.293018,166.0939,143.102,-1.306243,-2.869099,-1.425186,-1.932677,-1.972706,-1.211142,-2.049458,-2.562218,-1.687004,-1.696156,25,25,25,25,25,25,25,25,25,25,25,25,25,25,25,25,87,870,-0.9192141,-4.605114,-4.854251,-2.32204,-1.29529,-2.038875,-1.810856,-72.50976,-0.1214057,-0.0001797949,0.7151313,-0.7278,-0.7707003,0.4458648,-0.0002552445,3.013998,24,24,24,24,24,24,24,24,24,24,24,24,24,24,24,25
88,880,-26.33619,-55.62468,-12.19018,-9.017033,-7.964945,-5.063128,-3.702903,-2.76113,-2.352475,-2.829486,-2.376704,-2.522553,-2.027003,-2.031095,-1.551125,-0.240291,25,25,25,25,25,25,25,25,25,25,25,25,25,25,25,25,88,880,-2.2866,-1.845395,-0.9180776,-1.034465,165.8308,143.102,-2.351028,-1.565586,-1.684028,-1.288953,-1.184341,-1.211142,-2.305418,-1.782679,-1.80743,-2.261274,25,25,25,25,25,25,25,25,25,25,25,25,25,25,25,25,88,880,-2.297878,-4.221384,-3.831921,-2.451027,-2.719738,-1.784048,-2.457482,-71.635,0.2495256,-0.3630444,-0.1192546,0.9700254,0.440019,-0.44346,-0.8855845,2.897003,24,24,24,24,24,24,24,24,24,24,24,24,24,24,24,25
89,890,-27.53868,-55.26191,-10.22088,-6.946449,-6.63734,-3.952409,-2.043856,-2.76113,-1.733151,-3.075624,-1.426085,-2.018221,-0.8348261,-3.106284,-1.551125,-1.326775,25,25,25,25,25,25,25,25,25,25,25,25,25,25,25,25,89,890,-1.076142,-1.054617,-0.5253156,-1.293018,167.1464,142.4884,-1.698037,-1.174533,-1.295764,-1.288953,-1.44713,-2.558195,-1.153598,-1.671319,-1.566579,-1.922203,25,25,25,25,25,25,25,25,25,25,25,25,25,25,25,25,89,890,-0.6894363,-3.965564,-4.854251,-2.193054,-1.554281,-1.401808,-2.845458,-72.29106,-0.3686927,0.3626816,0.7151313,0.242386,-0.0002407967,0.557031,0.4424094,3.130986,24,24,24,24,24,24,24,24,24,24,24,24,24,24,24,25
90,900,-28.38042,-56.83391,-10.83629,-8.408038,-6.275271,-4.446068,-1.532884,-2.76113,-1.733151,-2.583347,-1.782567,-2.018221,-1.073261,-1.553232,-1.431721,-0.240291,25,25,25,25,25,25,25,25,25,25,25,25,25,25,25,25,90,900,-1.210638,-1.318209,-0.9180776,-1.034465,166.0939,142.2429,-1.436842,-0.5227761,-1.94287,-0.7739744,-1.578522,-2.288784,-1.153598,-1.559955,-1.80743,-1.470109,25,25,25,25,25,25,25,25,25,25,25,25,25,25,25,25,90,900,-2.297878,-4.221384,-4.343086,-2.064068,-0.6478146,-1.019567,-2.974783,-71.52567,-0.1214057,-0.3630476,-5.658723E-05,-0.3639787,-0.1103074,0.6681964,-0.1109206,2.663019,24,24,24,24,24,24,24,24,24,24,25,24,24,24,24,25
91,910,-28.50067,-57.19669,-13.17483,-10.11322,-7.964945,-3.952409,-2.554378,-2.635743,-1.485421,-2.952554,-1.663741,-2.144351,-1.66935,-1.911629,-1.909336,0.1218704,25,25,25,25,25,25,25,25,25,25,25,25,25,25,25,25,91,910,-0.8071517,-0.7910244,-1.572679,-1.422294,165.1729,142.6111,-1.567439,-1.435235,-1.166342,-2.061421,-2.104101,-2.288784,-1.921479,-1.671319,-1.446154,-2.487321,25,25,25,25,25,25,25,25,25,25,25,25,25,25,25,25,91,910,-1.148992,-4.093473,-5.109835,-2.709,-1.0363,-1.274394,-2.069506,-71.52567,-0.7396239,0.3626783,1.311173,-0.242707,-0.0002407967,-0.2211292,-0.1109206,3.130986,24,24,24,24,24,24,24,24,24,24,25,24,24,24,24,25
92,920,-30.0639,-57.43853,-11.08245,-9.626028,-6.275271,-4.446068,-1.916113,-2.635743,-1.485421,-3.814038,-1.782568,-2.774747,-1.788568,-2.867352,-2.625757,-0.9646139,25,25,25,25,25,25,25,25,25,25,25,25,25,25,25,25,92,920,-1.345133,-1.450006,-1.310833,-2.715054,165.9623,142.9792,-1.306243,-1.435235,-1.554606,-2.318911,-1.578522,-1.615258,-1.921479,-1.671319,-1.927855,-3.504533,25,25,25,25,25,25,25,25,25,25,25,25,25,25,25,25,92,920,-2.182992,-4.221384,-3.70413,-1.677107,-2.460747,-3.185597,-1.940182,-70.86961,-0.2450492,0.8464967,0.5959851,-0.0002119011,0.3299557,0.001202378,-0.4429199,2.195039,24,24,24,24,24,24,24,24,24,24,25,24,24,24,24,25
93,930,-31.62713,-57.07576,-11.45169,-8.773435,-5.671815,-3.581812,-2.043856,-2.00881,-1.485421,-2.091071,-1.782568,-1.892098,-1.907734,-1.911629,-2.148143,-0.11957,25,25,25,25,25,25,25,25,25,25,25,25,25,25,25,25,93,930,-2.421096,-1.977191,-2.22728,-2.585778,166.357,143.961,-2.089831,-1.044181,-2.589976,-2.190166,-1.709917,-2.423489,-2.817336,-1.782679,-2.770833,-2.374297,25,25,25,25,25,25,25,25,25,25,25,25,25,25,25,25,93,930,-0.9192141,-3.837653,-3.831921,-3.353933,-2.590242,-1.911462,-2.586807,-72.50976,-0.2450492,-0.12114,0.5959851,0.2423346,0.3299557,-0.3322946,-0.1109206,3.949946,24,24,24,24,24,24,24,24,24,24,25,24,24,24,24,25
94,940,-31.02589,-58.04315,-11.94402,-7.799042,-5.671815,-3.211215,-1.660627,-1.757831,-1.113827,-1.844933,-1.307259,-1.135454,-0.8347747,-1.553229,-1.431721,0.4840319,25,25,25,25,25,25,25,25,25,25,25,25,25,25,25,25,94,940,-0.8071517,-1.977191,-3.012797,-1.034465,166.6201,142.4884,-2.351028,-2.608397,-2.331132,-1.675187,-1.841311,-2.827607,-1.665519,-2.673582,-1.927855,-2.035227,25,25,25,25,25,25,25,25,25,25,25,25,25,25,25,25,94,940,-1.838326,-4.860933,-3.831921,-2.193054,-1.554281,-1.401808,-2.586807,-71.635,0.4968126,0.2417246,0.3575891,-0.1214835,0.2198891,0.4458656,0.5530747,3.364977,24,24,24,24,24,24,24,24,24,24,25,24,24,24,25,25
95,950,-30.18415,-58.88961,-11.32861,-10.11322,-6.63734,-4.322656,-1.916113,-3.638835,-2.600205,-3.075624,-2.495533,-2.522599,-2.265387,-3.106282,-1.670528,-0.8438929,25,25,25,25,25,25,25,25,25,25,25,25,25,25,25,25,95,950,-0.5381614,-2.37258,-1.572679,-1.293018,165.3045,143.102,-1.828636,-2.086992,-1.94287,-0.9027191,-2.498282,-1.211142,-2.305418,-2.339497,-1.80743,-2.14825,25,25,25,25,25,25,25,25,25,25,25,25,25,25,25,25,95,950,-1.838326,-4.349293,-4.470877,-3.095959,-1.942766,-1.401808,-1.293556,-70.97894,-0.2450492,0.1207708,0.7151831,0.3636094,-0.7707003,-0.9992878,-0.3322513,2.897003,24,24,24,24,24,24,24,24,24,24,25,24,24,24,25,25
96,960,-29.8234,-57.19669,-10.95937,-8.042641,-5.671815,-2.470022,-1.277398,-1.506672,-1.237692,-0.8603811,-2.020223,-1.387668,-1.550081,-0.9559003,-1.192914,-0.1195186,25,25,25,25,25,25,25,25,25,25,25,25,25,25,25,25,96,960,-2.421096,-1.713598,-0.7871548,-2.068674,167.4095,142.3656,-2.351028,-0.7834786,-1.166342,-1.932677,-1.184341,-2.827607,-1.793497,-1.671322,-1.325728,-2.374297,25,25,25,25,25,25,25,25,25,25,25,25,25,25,25,25,96,960,-1.723437,-4.349293,-4.343086,-1.677107,-1.683776,-2.54853,-2.845458,-71.96304,-0.1214057,0.2417246,0.4767871,-0.1214835,0.2198891,0.4458656,-0.3322513,2.793306,24,24,24,24,24,24,24,24,24,24,25,24,24,24,25,25
97,970,-30.42464,-57.07576,-11.20553,-7.190047,-5.913203,-2.593554,-0.7664265,-1.506672,-1.237692,-1.721864,-1.426086,-1.513776,-1.311645,-1.553229,-0.9541072,0.1219218,25,25,25,25,25,25,25,25,25,25,25,25,25,25,25,25,97,970,-0.9416981,-0.7910244,-1.179917,-1.293018,165.6992,141.3839,-1.567439,-1.695938,-1.94287,-1.675187,-2.366887,-3.501131,-1.793497,-2.11677,-2.891259,-2.14825,25,25,25,25,25,25,25,25,25,25,25,25,25,25,25,25,97,970,-1.838326,-4.477203,-3.70413,-2.064068,-2.201757,-2.166289,-1.034905,-71.635,-0.4923362,-0.7259122,1.072777,0.4848811,0.5500856,0.3347002,-0.4429166,3.495379,24,24,24,24,24,24,24,24,24,24,25,24,24,24,25,25
98,980,-29.3424,-57.31761,-9.851636,-7.311846,-5.06836,-3.087683,-1.660627,-2.886516,-1.485421,-2.952554,-1.901396,-2.396525,-1.430864,-2.389488,-2.028739,0.1219218,25,25,25,25,25,25,25,25,25,25,25,25,25,25,25,25,98,980,-1.614175,-1.186413,-1.441756,-1.680846,165.3045,142.8565,-1.567439,-1.826289,-1.813448,-1.417698,-2.892463,-2.423489,-2.177436,-2.339497,-1.80743,-3.617556,25,25,25,25,25,25,25,25,25,25,25,25,25,25,25,25,98,980,-2.412767,-5.372572,-4.72646,-2.32204,-2.072261,-2.421116,-2.457482,-71.96304,-0.3686927,0.2417246,0.5959851,-0.6065797,-0.1103074,0.223534,0.2210787,3.027328,24,24,24,24,24,24,24,24,24,24,25,24,24,24,25,25
99,990,-28.98166,-57.07576,-10.59013,-6.581053,-5.189054,-2.099425,-1.78837,-1.381093,-2.104745,-1.721864,-2.376706,-2.144313,-2.265387,-2.150557,-2.38695,-1.206003,25,25,25,25,25,25,25,25,25,25,25,25,25,25,25,25,99,990,-1.74867,-1.581802,-1.965447,-2.715054,166.2254,143.102,-2.351028,-1.435235,-2.460554,-2.705145,-2.235492,-2.558195,-2.561379,-1.671322,-2.770833,-3.165462,25,25,25,25,25,25,25,25,25,25,25,25,25,25,25,25,99,990,-1.953214,-4.093473,-3.959663,-2.32204,-2.849233,-2.803357,-2.328157,-71.635,0.1258821,-0.3630476,0.3575891,0.1210629,0.3299557,-0.109963,-0.9962482,2.442263,24,24,24,24,24,24,24,24,24,24,25,24,24,24,25,25
100,1000,-31.02588,-57.8013,-10.95937,-7.799042,-5.671815,-3.581812,-1.532884,-1.757831,-0.6183676,-1.721864,-1.426086,-1.639883,-1.550081,-2.270023,-0.8347041,-0.3609591,25,25,25,25,25,25,25,25,25,25,25,25,25,25,25,25,100,1000,-2.152156,-1.186413,-2.620048,-1.939347,166.6201,142.6111,-1.698037,-2.217343,-2.331132,-1.546443,-1.315736,-2.558195,-1.153598,-1.894046,-2.529983,-2.374297,25,25,25,25,25,25,25,25,25,25,25,25,25,25,25,25,100,1000,-2.182992,-4.093473,-4.598619,-3.353932,-1.683776,-1.911462,-2.974783,-72.40041,0.2495256,0.6045859,1.191975,0.6061559,-0.0002407967,0.4458656,0.5530763,3.495379,24,24,24,24,24,24,24,24,24,24,25,24,24,24,25,25
101,1010,-29.3424,-57.8013,-8.990067,-6.093871,-4.947666,-3.581812,-1.660627,-2.38497,-1.857016,-2.583347,-2.020223,-2.144313,-1.907734,-3.106282,-1.909336,-0.7231221,25,25,25,25,25,25,25,25,25,25,25,25,25,25,25,25,101,1010,-1.47968,-2.37258,-2.489125,-1.422242,167.4095,142.4884,-1.698037,-2.869099,-2.07229,-1.675187,-2.366887,-1.749963,-1.409558,-3.119033,-1.325728,-2.035227,25,25,25,25,25,25,25,25,25,25,25,25,25,25,25,25,101,1010,-2.757434,-5.372572,-4.087453,-2.708999,-1.813221,-1.784048,-2.845458,-71.52567,-0.2450492,-0.7259122,0.2383911,-0.36403,-0.0002407967,0.3347002,0.442411,2.793306,24,24,24,24,24,24,24,24,24,24,25,24,24,24,25,25
102,1020,-28.50066,-57.31761,-9.23623,-5.728252,-4.826985,-2.593554,-1.277398,-2.00881,-1.361556,-1.721864,-2.495533,-0.8832383,-2.026952,-1.79216,-1.073511,-0.1195186,25,25,25,25,25,25,25,25,25,25,25,25,25,25,25,25,102,1020,-2.017661,-1.845395,-1.703601,-1.034415,166.357,142.4883,-3.657008,-1.565586,-2.201712,-1.031464,-1.44713,-2.154079,-2.305418,-1.782682,-1.205303,-2.600344,25,25,25,25,25,25,25,25,25,25,25,25,25,25,25,25,102,1020,-1.608548,-4.733023,-5.493158,-2.708999,-2.331201,-1.656636,-1.422881,-71.52567,-0.61598,-0.2420938,1.311173,-0.2427584,-0.3304373,-0.44346,0.3317456,2.910314,24,24,24,24,24,24,24,24,24,24,25,24,24,24,25,25
103,1030,-29.8234,-56.47115,-8.005416,-3.53454,-3.49938,-1.358232,-0.8941694,-0.7531952,-0.7422326,-1.475726,-1.307259,-1.135454,-0.8347747,-1.79216,-1.431721,-1.447445,25,25,25,25,25,25,25,25,25,25,25,25,25,25,25,25,103,1030,-2.017661,-1.581802,-0.918084,-1.939347,166.4886,141.6292,-1.175645,-1.304884,-1.813448,-1.932677,-1.709917,-3.231721,-2.305418,-2.005409,-2.168706,-2.939415,25,25,25,25,25,25,25,25,25,25,25,25,25,25,25,25,103,1030,-2.412767,-4.860933,-3.831871,-2.451026,-1.813221,-3.313011,-1.164281,-71.08829,-0.1214057,1.330312,0.7151831,0.1210629,0.1098226,0.6681972,-0.110919,2.559277,24,24,24,24,24,24,24,24,24,24,25,24,24,24,25,25
104,1040,-28.26017,-57.31761,-7.513089,-4.38765,-3.258005,-2.593554,-1.149655,-2.00881,-1.733151,-2.091071,-1.901396,-1.513776,-1.07321,-1.911626,-0.9541072,-0.8438416,25,25,25,25,25,25,25,25,25,25,25,25,25,25,25,25,104,1040,-0.9416981,-1.713598,-1.703601,-1.292967,165.436,141.8747,-1.828636,-1.435232,-2.460554,-1.803932,-3.023861,-2.827607,-2.049458,-2.228134,-2.048281,-3.278486,25,25,25,25,25,25,25,25,25,25,25,25,25,25,25,25,104,1040,-2.068103,-4.477203,-4.343037,-2.708999,-2.719687,-1.784049,-1.552257,-72.50976,-0.61598,-0.0001862161,0.953579,-0.0002119011,-0.3304373,-0.6657909,-0.110919,3.729408,24,24,24,24,24,24,24,24,24,24,25,24,24,24,25,25
105,1050,-29.46265,-56.10838,-7.882333,-5.118887,-3.740767,-1.852361,-0.6386836,-1.004354,-1.237743,-1.229588,-1.544914,-1.387668,-1.669299,-1.672694,-1.551125,-0.3609591,25,25,25,25,25,25,25,25,25,25,25,25,25,25,25,25,105,1050,-1.74867,-1.845395,-1.310846,-1.939347,165.9623,141.9974,-2.22043,-1.695934,-1.425184,-2.190166,-1.972706,-2.288784,-1.281579,-2.005409,-1.687004,-3.165462,25,25,25,25,25,25,25,25,25,25,25,25,25,25,25,25,105,1050,-2.527656,-5.628393,-4.981992,-3.224945,-2.331201,-2.293703,-2.586858,-71.74435,0.620456,-0.12114,-4.414606E-06,-0.8491262,-0.1103074,-0.109963,0.2210787,3.378371,24,24,24,24,24,24,24,24,24,24,25,24,24,24,25,25
106,1060,-29.70315,-56.95483,-7.759253,-5.971998,-3.740767,-1.481764,-0.3831975,-0.3764567,-0.7422839,-1.352605,-0.9507769,-0.8832383,-0.4771218,-2.031091,-0.3570895,-0.6024011,25,25,25,25,25,25,25,25,25,25,25,25,25,25,25,25,106,1060,-1.47968,-1.186413,-1.834524,-2.068623,166.6201,142.9792,-1.828636,-0.9138267,-2.460554,-2.705146,-1.841311,-1.749963,-2.177436,-1.671322,-2.168706,-3.617556,25,25,25,25,25,25,25,25,25,25,25,25,25,25,25,25,106,1060,-1.608548,-4.477203,-3.576288,-3.869878,-3.108173,-2.930771,-1.810907,-71.30697,-0.1214057,0.120774,1.311173,1.091249,-0.2203739,-0.44346,0.1104133,2.910314,24,24,24,24,24,24,24,24,24,24,25,24,24,24,25,25
107,1070,-30.42464,-57.43853,-8.37466,-6.946449,-5.309747,-2.593554,-0.8941694,-1.757831,-1.609338,-2.214088,-1.426085,-1.639883,-1.07321,-1.911626,-0.5958964,-0.6024011,25,25,25,25,25,25,25,25,25,25,25,25,25,25,25,25,107,1070,-2.555642,-1.450006,-2.489125,-1.292967,166.6201,143.2246,-1.828636,-1.435232,-2.460554,-1.675187,-1.18429,-2.154079,-0.7696585,-1.782682,-1.80743,-1.696156,25,25,25,25,25,25,25,25,25,25,25,25,25,25,25,25,107,1070,-2.182992,-4.988843,-4.981992,-2.580013,-1.55423,-2.675944,-2.328207,-72.61909,0.620456,0.6045924,0.9535794,-0.0002119011,-0.1103074,0.4458656,0.2210787,2.676285,24,24,24,24,24,24,24,24,24,24,25,24,24,24,25,25
108,1080,-29.3424,-57.19669,-8.005416,-5.850125,-4.706291,-1.852361,-1.532884,-1.381093,-2.104797,-1.229536,-2.139049,-1.387668,-1.907734,-1.553229,-2.028739,-0.3609591,25,25,25,25,25,25,25,25,25,25,25,25,25,25,25,25,108,1080,-1.614175,-2.504376,-1.965447,-1.422242,166.4886,143.2246,-2.089831,-2.347691,-1.425184,-0.9027196,-1.972655,-1.076437,-2.049458,-2.228134,-1.205303,-1.809179,25,25,25,25,25,25,25,25,25,25,25,25,25,25,25,25,108,1080,-1.608548,-4.221384,-4.087453,-1.93508,-2.331201,-1.911463,-1.293606,-72.40041,-0.1214057,-0.4839981,1.668767,0.242386,-0.1103074,0.557031,-0.3322513,3.144343,24,24,24,24,24,24,24,24,24,24,25,24,24,24,25,25
109,1090,-29.10191,-56.83391,-6.528438,-4.265777,-3.258005,-1.975893,-0.8941694,-1.004354,-0.9900136,-1.721812,-0.3566384,-1.387668,-0.5963379,-2.031091,-0.5958964,-0.4816801,25,25,25,25,25,25,25,25,25,25,25,25,25,25,25,25,109,1090,-2.421147,-1.581802,-1.965447,-1.551518,166.0939,142.8565,-2.22043,-2.086988,-1.94287,-1.546443,-1.972655,-2.019374,-3.073351,-1.782682,-1.084877,-1.922203,25,25,25,25,25,25,25,25,25,25,25,25,25,25,25,25,109,1090,-1.034103,-4.477203,-4.215245,-2.580013,-2.201706,-2.038876,-2.586858,-72.72844,-0.1214057,0.4836354,0.3575899,-0.6065283,-0.3303891,-0.109963,-0.110919,3.261357,24,24,24,24,24,24,24,24,24,24,25,24,24,24,25,25
110,1100,-28.62091,-56.71299,-7.636171,-6.946449,-4.826985,-3.45828,-1.277398,-2.635743,-1.237743,-1.844882,-0.8319478,-1.892098,-0.9539916,-2.15056,-1.192914,-0.3609591,25,25,25,25,25,25,25,25,25,25,25,25,25,25,25,25,110,1100,-2.959129,-2.240784,-2.358209,-2.197899,166.6201,141.6292,-2.351028,-1.826286,-2.07229,-1.932677,-1.84126,-2.288784,-0.7697115,-1.225867,-1.205303,-1.922203,25,25,25,25,25,25,25,25,25,25,25,25,25,25,25,25,110,1100,-1.723437,-3.965564,-4.215245,-2.708999,-2.849182,-2.803357,-1.681581,-71.85368,-0.2450492,-0.604952,0.3575899,0.6062073,-0.2203258,-0.1099638,-0.3322513,2.793306,24,24,24,24,24,24,24,24,24,24,25,24,24,24,25,25
111,1110,-26.09569,-55.86652,-7.636171,-5.606379,-5.309747,-2.593554,-2.043856,-1.255513,-1.361608,-1.229536,-2.139049,-1.765991,-2.384604,-1.911629,-1.312368,-0.2402397,25,25,25,25,25,25,25,25,25,25,25,25,25,25,25,25,111,1110,-1.74867,-1.450006,-2.489125,-1.939347,165.436,142.2429,-1.959234,-1.565583,-2.331132,-1.546443,-2.892411,-2.019374,-1.92153,-1.448593,-1.446102,-1.583132,25,25,25,25,25,25,25,25,25,25,25,25,25,25,25,25,111,1110,-0.8043252,-4.221384,-4.854201,-2.708999,-1.424735,-2.16629,-1.681581,-73.16582,0.002237804,-0.1211336,0.7151834,0.3636608,-0.6605856,0.001201576,0.2210819,3.144343,24,24,24,24,24,24,24,24,24,24,25,24,24,24,25,25
112,1120,-27.53867,-55.14099,-7.636171,-6.702852,-5.06836,-3.211215,-2.043856,-1.757831,-1.237743,-1.475674,-1.66374,-1.513776,-1.192427,-2.508957,-1.431772,-0.4817315,25,25,25,25,25,25,25,25,25,25,25,25,25,25,25,25,112,1120,-1.883166,-2.240784,-1.441762,-2.456451,165.436,142.3656,-1.698037,-1.695934,-1.813448,-2.447656,-2.892411,-2.019374,-1.793552,-1.894043,-1.084826,-2.826391,25,25,25,25,25,25,25,25,25,25,25,25,25,25,25,25,112,1120,-1.723437,-4.733023,-4.470828,-1.290147,-0.7772589,-1.274395,-0.9056308,-71.52567,0.4968126,-0.0001797949,0.3575899,0.4849325,0.5501338,0.2235332,0.5530795,2.780008,24,24,24,24,24,24,24,24,24,24,25,24,24,24,25,25
113,1130,-28.62092,-57.31761,-7.636171,-7.555444,-6.878727,-5.309952,-2.681991,-3.388062,-1.857067,-3.075572,-1.18843,-1.892098,-1.311645,-2.389492,-1.312368,-0.4817315,25,25,25,25,25,25,25,25,25,25,25,25,25,25,25,25,113,1130,-1.614124,-1.318209,-2.096363,-3.102831,165.9623,142.9792,-2.481625,-1.826286,-3.10766,-2.447656,-1.84126,-1.884668,-2.689412,-1.225867,-2.28908,-3.052438,25,25,25,25,25,25,25,25,25,25,25,25,25,25,25,25,113,1130,-1.148995,-3.965564,-4.470828,-2.32204,-2.072211,-2.038876,-1.422931,-71.85368,-1.110555,-0.0001797949,0.5959855,-0.4852535,-0.8807188,-0.8881233,-0.2215827,3.013998,24,24,24,24,24,24,24,24,24,24,25,24,24,24,25,25
114,1140,-30.3044,-56.71299,-9.728556,-10.60042,-9.533912,-4.446068,-3.702903,-2.510356,-2.352527,-2.460226,-2.139049,-1.892098,-2.265387,-1.672698,-1.192965,-0.8438929,25,25,25,25,25,25,25,25,25,25,25,25,25,25,25,25,114,1140,-0.8071517,-1.845395,-2.358209,-1.810071,167.4095,142.1201,-2.481625,-2.21734,-3.237082,-1.675187,-2.49823,-2.827607,-1.665573,-3.230394,-2.770782,-2.713368,25,25,25,25,25,25,25,25,25,25,25,25,25,25,25,25,114,1140,-0.229887,-4.73297,-4.343037,-1.806094,-1.813221,-2.803357,-1.552257,-71.96304,0.620456,0.4836354,0.8343815,-0.0001605311,-0.1102592,0.7793618,-0.442915,2.312034,24,24,24,24,24,24,24,24,24,24,25,24,24,24,25,25
115,1150,-32.94987,-57.19669,-11.20553,-10.84402,-9.533912,-4.56948,-2.681991,-2.510356,-1.485473,-3.567848,-1.544912,-2.900821,-1.192427,-1.911629,-0.9541574,-1.206054,25,25,25,25,25,25,25,25,25,25,25,25,25,25,25,25,115,1150,-2.152105,-3.295154,-2.358157,-1.163691,166.357,142.2429,-2.612224,-3.26015,-2.331132,-2.190166,-2.76102,-2.154079,-2.305473,-3.11903,-1.446102,-2.14825,25,25,25,25,25,25,25,25,25,25,25,25,25,25,25,25,115,1150,-2.182996,-4.605061,-4.854201,-2.837986,-3.108173,-2.038876,-1.940232,-72.83778,-0.2450492,-0.2420906,0.7151834,0.3636608,0.2199373,-0.1099638,-0.2215827,3.481972,24,24,24,24,24,24,24,24,24,24,25,24,24,24,25,25
116,1160,-33.7916,-58.88961,-10.83629,-11.45301,-8.809775,-5.927012,-3.192447,-2.886516,-2.724122,-3.198641,-2.020222,-1.765991,-0.7155563,-1.672698,-0.595947,-0.6024525,25,25,25,25,25,25,25,25,25,25,25,25,25,25,25,25,116,1160,-1.614124,-2.108987,-1.965396,-1.55157,165.9623,142.1201,-2.873419,-2.21734,-2.331132,-2.318911,-2.49823,-2.288784,-2.81739,-1.894043,-1.566527,-2.035227,25,25,25,25,25,25,25,25,25,25,25,25,25,25,25,25,116,1160,-1.838329,-5.1167,-5.109784,-2.193107,-1.29524,-1.656636,-1.552257,-72.29106,0.1258821,0.3626816,-4.013278E-06,-0.0001605311,-0.3303891,0.3346986,0.2210819,3.598967,24,24,24,24,24,24,24,24,24,24,25,24,24,24,25,25
117,1170,-31.02589,-56.83391,-10.59012,-11.08762,-9.895993,-4.56948,-3.447675,-3.137289,-2.724122,-2.706365,-1.544912,-2.144313,-1.669297,-1.911629,-1.073561,-0.7231735,25,25,25,25,25,25,25,25,25,25,25,25,25,25,25,25,117,1170,-2.421096,-1.450006,-1.179872,-2.585778,166.7517,140.6475,-2.612224,-1.435232,-1.94287,-2.318911,-1.447079,-2.962312,-1.665573,-1.337231,-0.9644004,-2.374297,25,25,25,25,25,25,25,25,25,25,25,25,25,25,25,25,117,1170,-1.838329,-4.349241,-3.320706,-1.806147,-2.201758,-2.421117,-2.586858,-71.96304,-0.2450492,-0.0001797949,0.119194,0.242386,-0.1102592,-0.3322954,-1.43891,2.897003,24,24,24,24,24,24,24,24,24,24,25,24,24,24,25,25
118,1180,-32.58912,-56.95483,-11.69786,-11.94021,-10.01669,-6.420659,-4.213358,-3.638835,-2.104797,-2.706365,-1.544912,-2.27042,-1.311645,-2.628421,-0.9541574,-0.8438929,25,25,25,25,25,25,25,25,25,25,25,25,25,25,25,25,118,1180,-1.479628,-0.5274323,-1.572634,-0.9051893,166.0938,141.5066,-1.698037,-0.7834754,-2.848818,-1.546443,-3.023809,-2.288784,-1.537591,-2.116767,-2.048229,-2.374297,25,25,25,25,25,25,25,25,25,25,25,25,25,25,25,25,118,1180,-1.034106,-4.605061,-4.343037,-1.935134,-1.295291,-1.911513,-3.104158,-73.05647,0.002237804,0.4836354,0.7151834,0.3636608,-0.1102592,0.5570302,0.6637449,2.780008,24,24,24,24,24,24,24,24,24,24,25,24,24,24,25,25
119,1190,-33.7916,-58.64777,-12.43635,-14.13259,-10.74082,-7.901603,-4.979042,-4.516542,-3.095716,-3.444779,-2.257877,-2.396525,-2.265387,-2.867352,-1.909386,0.1218704,25,25,25,25,25,25,25,25,25,25,25,25,25,25,25,25,119,1190,-0.6726559,-1.318209,-1.310794,-1.939398,165.6992,142.4884,-1.828581,-1.695934,-1.813448,-2.318911,-2.366836,-1.884668,-1.793552,-2.896306,-1.325677,-3.165462,25,25,25,25,25,25,25,25,25,25,25,25,25,25,25,25,119,1190,-1.838329,-4.73297,-4.470828,-2.580066,-2.331252,-3.313062,-1.681581,-71.635,-0.61598,-0.7259057,0.4767879,0.1211143,-0.2203258,0.001201576,-0.442915,2.663019,24,24,24,24,24,24,24,24,24,24,25,24,24,24,25,25
120,1200,-32.46887,-57.31761,-13.17483,-12.5492,-11.10289,-6.420659,-4.5962,-3.388062,-3.219581,-2.706365,-2.495532,-2.648673,-2.980692,-2.270026,-1.789982,-0.4817315,25,25,25,25,25,25,25,25,25,25,25,25,25,25,25,25,120,1200,-0.9416468,-1.318209,-1.834473,-2.327225,166.7517,142.1202,-1.828581,-1.435232,-1.94287,-2.705146,-1.578471,-2.019374,-2.177491,-1.894043,-2.409505,-3.391509,25,25,25,25,25,25,25,25,25,25,25,25,25,25,25,25,120,1200,-1.034106,-4.605061,-5.109784,-3.096012,-1.942767,-1.911513,-1.422931,-72.18172,-0.7396239,0.7255462,1.072777,-0.0001605311,-0.5505223,0.001201576,0.3317472,2.780008,24,24,24,24,24,24,24,24,24,24,25,24,24,24,25,25
121,1210,-32.82962,-57.55945,-13.91332,-14.74159,-11.34428,-6.790895,-4.213358,-3.388062,-2.104745,-3.198641,-1.901395,-2.144313,-1.55008,-2.508957,-1.431772,-0.6024525,25,25,25,25,25,25,25,25,25,25,25,25,25,25,25,25,121,1210,-1.614124,-1.054617,-2.358157,-1.810122,166.2254,142.9792,-2.481572,-1.695934,-2.20166,-1.031464,-0.7901086,-2.154079,-1.025672,-1.559955,-1.807378,-2.035227,25,25,25,25,25,25,25,25,25,25,25,25,25,25,25,25,121,1210,-2.527662,-4.98879,-4.087453,-2.451079,-1.942767,-2.548581,-2.457533,-72.40041,-0.4923362,0.6045924,0.3575899,-0.242707,-0.2203258,-0.1099638,-0.7749127,2.780008,24,24,24,24,24,24,24,24,24,24,25,24,24,24,25,25
122,1220,-35.71558,-59.61515,-16.49803,-17.42116,-13.03395,-7.654778,-4.340972,-3.137289,-2.72407,-3.075626,-1.901395,-2.396525,-1.669297,-2.15056,-1.073561,-0.11957,25,25,25,25,25,25,25,25,25,25,25,25,25,25,25,25,122,1220,-0.4036652,-1.581802,-1.179872,-1.55157,166.6201,142.1202,-1.697984,-2.21734,-1.295713,-0.64523,-1.18429,-1.076437,-1.409613,-2.562218,-2.048229,-2.14825,25,25,25,25,25,25,25,25,25,25,25,25,25,25,25,25,122,1220,-1.838329,-3.965512,-3.831871,-2.580066,-1.295291,-1.019618,-1.164281,-71.96304,-0.3686927,0.6045859,0.4767879,0.242386,-0.2203258,-0.4434609,0.3317472,3.364977,24,24,24,24,24,24,24,24,24,24,24,24,24,24,25,25
123,1230,-36.67757,-58.88961,-15.63647,-14.61979,-10.37876,-5.309952,-3.320061,-2.635743,-2.72407,-1.968003,-2.614362,-2.648673,-2.861475,-2.031095,-2.148193,-0.6024525,25,25,25,25,25,25,25,25,25,25,25,25,25,25,25,25,123,1230,-2.01761,-1.581802,-1.572634,-1.55157,165.436,142.7338,-2.742768,-2.21734,-1.942818,-1.288953,-1.578522,-2.019374,-2.177491,-1.225867,-1.566527,-2.600344,25,25,25,25,25,25,25,25,25,25,25,25,25,25,25,25,123,1230,-2.068107,-4.605061,-4.726411,-2.06412,-1.554282,-2.16634,-1.940232,-71.30697,0.002237804,-0.3630476,-0.2384526,-0.1214322,-0.4404557,-0.1099638,0.4424126,2.663019,24,24,24,24,24,24,24,24,24,24,24,24,24,24,25,25
124,1240,-39.08255,-59.13146,-14.28257,-12.7928,-8.809775,-5.309952,-3.447675,-3.262676,-2.104745,-3.321763,-1.544915,-3.026756,-1.907733,-2.747887,-1.431772,-0.11957,25,25,25,25,25,25,25,25,25,25,25,25,25,25,25,25,124,1240,-1.748619,-1.713598,-1.310794,-1.034465,166.2254,141.8748,-2.089778,-1.30488,-1.425133,-1.803933,-1.052946,-2.154079,-1.409613,-2.005406,-1.566527,-2.939415,25,25,25,25,25,25,25,25,25,25,25,25,25,25,25,25,124,1240,-1.378773,-3.709692,-3.959663,-2.709053,-2.072262,-1.7841,-1.552257,-71.08829,0.4968126,-0.2420938,0.7151313,0.3636608,-0.2203258,-0.6657925,-0.7749127,3.130986,24,24,24,24,24,24,24,24,24,24,24,24,24,24,25,25
125,1250,-38.7218,-59.85699,-14.03641,-13.76719,-8.93047,-6.667483,-4.085744,-4.140382,-2.971799,-3.444833,-2.376707,-3.152807,-1.669299,-2.867352,-1.909386,-0.4817315,25,25,25,25,25,25,25,25,25,25,25,25,25,25,25,25,125,1250,-0.9416468,-1.450006,-2.227235,-1.55157,165.9623,141.2612,-2.481572,-1.044178,-2.331081,-1.675187,-2.892463,-2.962312,-1.793494,-1.894043,-2.28908,-2.600344,25,25,25,25,25,25,25,25,25,25,25,25,25,25,25,25,125,1250,-1.263884,-4.477151,-4.726411,-2.322093,-2.331252,-2.421168,-2.586858,-71.635,0.002237804,0.4836321,0.4767353,-0.4852535,-0.0001862161,0.4458648,-0.2215827,2.897003,24,24,24,24,24,24,24,24,24,24,24,24,24,24,25,25
126,1260,-37.63956,-58.40592,-14.28257,-12.18381,-8.689081,-4.816304,-3.192447,-2.510356,-1.98088,-2.091073,-3.327326,-2.396502,-2.623041,-2.270026,-2.267596,0.1218704,25,25,25,25,25,25,25,25,25,25,25,25,25,25,25,25,126,1260,-1.883114,-2.240784,-1.70355,-1.939398,165.1729,142.2429,-2.220375,-1.826286,-1.036869,-2.962635,-2.366887,-1.749963,-1.921476,-2.450855,-1.325677,-3.052438,25,25,25,25,25,25,25,25,25,25,25,25,25,25,25,25,126,1260,-1.608551,-4.477151,-4.726411,-2.709053,-2.460748,-2.293754,-1.552257,-72.50976,-1.234198,-0.3630476,0.7151313,0.9700254,0.4400736,0.1123678,-0.442915,3.715955,24,24,24,24,24,24,24,24,24,24,24,24,24,24,24,25
127,1270,-36.79782,-58.285,-14.03641,-10.35682,-8.085626,-4.692892,-2.937219,-2.76113,-2.228611,-2.46028,-2.614362,-2.396502,-2.14617,-2.270026,-1.551125,-0.6024525,25,25,25,25,25,25,25,25,25,25,25,25,25,25,25,25,127,1270,-2.421096,-1.186413,-1.965396,-2.068674,166.2254,142.9792,-2.481572,-0.9138267,-2.589924,-2.962635,-1.578522,-1.615258,-1.409555,-1.114505,-2.891207,-2.261274,25,25,25,25,25,25,25,25,25,25,25,25,25,25,25,25,127,1270,-1.953218,-4.98879,-5.237576,-2.580066,-2.331252,-1.656686,-2.198882,-72.50976,0.2495256,-0.12114,0.1191414,-0.4852535,-0.4404493,0.1123678,0.1104101,3.715955,24,24,24,24,24,24,24,24,24,24,24,24,24,24,24,25
128,1280,-34.15236,-57.55945,-12.68251,-11.57481,-8.20632,-5.680187,-2.809605,-3.889608,-2.847934,-3.567902,-2.614362,-2.774655,-1.788517,-2.986818,-1.551125,-0.9645641,25,25,25,25,25,25,25,25,25,25,25,25,25,25,25,25,128,1280,-1.076142,-1.845395,-2.227235,-1.293018,166.357,142.2429,-1.436787,-2.347691,-2.331081,-2.190166,-1.578522,-2.288784,-1.409555,-2.339494,-2.168654,-2.939364,25,25,25,25,25,25,25,25,25,25,25,25,25,25,25,25,128,1280,-1.72344,-4.221331,-4.215245,-1.935134,-2.331252,-2.548581,-1.940232,-71.52567,0.8677438,0.725543,-0.2384526,0.6062073,-0.0001862161,0.1123678,-0.5535852,2.546024,24,24,24,24,24,24,24,24,24,24,24,24,24,24,24,25
129,1290,-35.59534,-56.83391,-13.79024,-12.9146,-11.22359,-7.16113,-5.489498,-4.516542,-3.343394,-2.583349,-2.614362,-2.270431,-2.623041,-2.986818,-2.745161,-0.3609623,25,25,25,25,25,25,25,25,25,25,25,25,25,25,25,25,129,1290,-1.210638,-3.031561,-1.179872,-1.163742,165.9623,142.6111,-1.95918,-1.826286,-1.425133,-1.160209,-1.841311,-1.211142,-2.433393,-1.894043,-2.048229,-2.148199,25,25,25,25,25,25,25,25,25,25,25,25,25,25,25,25,129,1290,-1.493656,-4.349241,-4.726411,-2.580066,-0.906805,-1.656686,-1.552257,-72.50976,0.2495256,0.2417246,0.4767353,0.1211143,-0.1102528,0.557031,0.2210771,3.130986,24,24,24,24,24,24,24,24,24,24,24,24,24,24,24,25
130,1300,-37.15857,-57.92221,-15.3903,-13.0364,-11.58565,-7.284543,-5.23427,-4.892701,-2.847934,-2.337211,-2.495534,-2.01817,-1.550081,-2.867352,-2.028739,-0.2402413,25,25,25,25,25,25,25,25,25,25,25,25,25,25,25,25,130,1300,-2.01761,-2.108987,-1.572634,-1.680846,166.357,141.9975,-2.742768,-1.565583,-2.331081,-1.546443,-1.184341,-2.154079,-2.689354,-1.225867,-1.205251,-2.487269,25,25,25,25,25,25,25,25,25,25,25,25,25,25,25,25,130,1300,-1.723433,-4.349293,-3.959663,-2.322093,-1.424786,-2.038927,-1.034956,-71.19762,1.115031,-0.6049551,0.7151313,0.6062073,0.5501402,0.6681964,0.3317424,2.663019,24,24,24,24,24,24,24,24,24,24,24,24,24,24,24,25
131,1310,-35.59534,-57.8013,-15.26722,-14.25439,-11.46497,-8.148426,-5.361884,-5.895794,-3.219529,-4.060178,-2.614362,-2.648604,-2.026952,-3.464681,-2.267546,-0.2402413,25,25,25,25,25,25,25,25,25,25,25,25,25,25,25,25,131,1310,-2.421096,-2.240784,-1.703595,-1.55157,166.357,141.0157,-1.95918,-1.435232,-2.072239,-1.803933,-1.972706,-2.827607,-1.665515,-1.337231,-2.529931,-2.148199,25,25,25,25,25,25,25,25,25,25,25,25,25,25,25,25,131,1310,-1.723433,-4.477203,-5.237576,-2.83804,-1.942767,-2.803408,-1.422931,-71.08829,-0.4923362,-0.0001862161,0.5959333,-0.8490748,-0.7706458,0.3346994,-0.0002552445,2.780008,24,24,24,24,24,24,24,24,24,24,24,24,24,24,24,25
132,1320,-34.63335,-56.83391,-15.14414,-13.28,-11.70635,-6.667483,-4.5962,-3.764222,-2.847934,-2.337211,-2.376707,-1.765909,-2.265387,-1.911629,-2.267546,-0.1195218,25,25,25,25,25,25,25,25,25,25,25,25,25,25,25,25,132,1320,-1.748619,-1.450006,-2.620042,-1.551518,165.0413,141.8748,-1.828581,-1.695934,-2.460502,-1.417698,-3.023861,-1.749963,-2.433393,-2.450855,-1.927804,-3.504481,25,25,25,25,25,25,25,25,25,25,25,25,25,25,25,25,132,1320,-1.723433,-4.477203,-3.576288,-2.193053,-2.849233,-3.695303,-1.552257,-71.19762,0.8677438,0.9674505,0.3575374,0.1211143,0.5501402,0.557031,-0.5535852,2.663019,24,24,24,24,24,24,24,24,24,24,24,24,24,24,24,25
133,1330,-37.03832,-57.3176,-15.3903,-13.64539,-11.70634,-7.284543,-6.255181,-4.391155,-3.095664,-2.214142,-1.663742,-1.513648,-1.788517,-2.508957,-1.192915,-0.6024027,25,25,25,25,25,25,25,25,25,25,25,25,25,25,25,25,133,1330,-2.690086,-2.108987,-1.572679,-2.45645,166.4886,142.7338,-1.95918,-1.826286,-2.719344,-2.962635,-1.44713,-2.288784,-2.305415,-1.448593,-2.28908,-3.617505,25,25,25,25,25,25,25,25,25,25,25,25,25,25,25,25,133,1330,-2.642542,-4.733023,-4.598619,-2.837986,-2.460748,-1.911513,-2.845508,-72.72844,-0.8632674,-0.7259122,0.9535273,0.8487538,0.1098771,-0.3322946,-0.4429199,3.013998,24,24,24,24,24,24,24,24,24,24,24,24,24,24,24,25
134,1340,-35.71558,-56.59206,-14.89798,-13.1582,-10.49944,-7.654779,-5.23427,-5.519634,-3.467258,-3.321763,-1.901397,-1.639778,-1.192428,-2.747887,-1.431722,0.001199168,25,25,25,25,25,25,25,25,25,25,25,25,25,25,25,25,134,1340,-2.690086,-1.713598,-2.358196,-1.81007,165.5676,142.611,-1.697984,-2.086988,-3.107608,-2.061422,-1.578522,-2.6929,-1.793494,-2.005406,-2.650356,-2.600293,25,25,25,25,25,25,25,25,25,25,25,25,25,25,25,25,134,1340,-2.527653,-6.012122,-3.959663,-2.193053,-2.201758,-2.16629,-2.586858,-71.74435,0.4968126,-0.4840014,-5.658723E-05,-0.3639787,-0.3303827,0.3346994,-0.0002552445,3.715955,24,24,24,24,24,24,24,24,24,24,24,24,24,24,24,25
135,1350,-36.07633,-56.10837,-15.51338,-11.94021,-9.533906,-5.8036,-4.213358,-3.889608,-3.343394,-2.337211,-3.089672,-2.01817,-2.623041,-2.270026,-2.267546,-0.8438448,25,25,25,25,25,25,25,25,25,25,25,25,25,25,25,25,135,1350,-1.614124,-2.504376,-3.012797,-1.680794,166.2254,142.2429,-1.828636,-2.738745,-2.589924,-2.705146,-2.104101,-2.288784,-1.665515,-3.007666,-2.409505,-2.82634,25,25,25,25,25,25,25,25,25,25,25,25,25,25,25,25,135,1350,-2.068097,-4.093473,-4.598619,-2.837986,-3.237719,-2.16629,-1.16423,-70.54156,-0.2450492,0.3626783,-0.1192546,0.7274789,0.2199437,-0.44346,-0.8855845,3.364977,24,24,24,24,24,24,24,24,24,24,24,24,24,24,24,25
136,1360,-35.35484,-55.2619,-14.65181,-11.08762,-7.723551,-4.692892,-3.192447,-3.262675,-1.857016,-1.968003,-2.020225,-1.009126,-1.430864,-2.628421,-1.192915,-0.3609623,25,25,25,25,25,25,25,25,25,25,25,25,25,25,25,25,136,1360,-2.152105,-2.767969,-2.22728,-1.422242,165.9623,142.4883,-2.351028,-2.478045,-2.072239,-1.932677,-2.235492,-1.480551,-2.305415,-2.450855,-1.686953,-2.713316,25,25,25,25,25,25,25,25,25,25,25,25,25,25,25,25,136,1360,-1.723433,-3.965564,-4.470828,-2.580013,-1.295291,-2.293703,-3.621409,-72.50976,-0.1214057,0.2417246,1.191923,0.4849325,0.2199437,0.3346994,0.5530747,3.130986,24,24,24,24,24,24,24,24,24,24,24,24,24,24,24,25
137,1370,-35.83583,-55.86652,-14.40565,-12.06201,-7.964939,-5.309952,-3.447675,-3.889608,-2.352527,-2.829487,-1.901397,-1.261387,-0.5963395,-1.911629,-0.1182834,-0.1195218,25,25,25,25,25,25,25,25,25,25,25,25,25,25,25,25,137,1370,-3.362563,-2.37258,-2.489119,-2.197898,165.5676,141.8747,-3.657008,-3.129802,-1.813397,-2.5764,-1.841311,-2.558195,-2.433393,-2.22813,-2.650356,-3.617505,25,25,25,25,25,25,25,25,25,25,25,25,25,25,25,25,137,1370,-2.412764,-5.244663,-4.470828,-2.064067,-2.072262,-3.058184,-1.940182,-71.96304,-0.7396239,-0.7259122,1.430319,0.4849325,0.2199437,0.001202378,-0.5535852,2.663019,24,24,24,24,24,24,24,24,24,24,24,24,24,24,24,25
138,1380,-34.87384,-53.2062,-13.91332,-10.72222,-9.292531,-4.816304,-3.447675,-3.011902,-2.971851,-2.091073,-2.257879,-1.513648,-2.026952,-2.15056,-1.670529,-0.3609623,25,25,25,25,25,25,25,25,25,25,25,25,25,25,25,25,138,1380,-2.2866,-1.713598,-1.703595,-2.068622,166.6201,141.752,-1.436842,-1.565586,-2.20166,-1.803932,-2.366887,-2.962312,-1.793494,-2.339494,-2.409505,-2.713316,25,25,25,25,25,25,25,25,25,25,25,25,25,25,25,25,138,1380,-2.068097,-5.500482,-4.981992,-2.451026,-1.942767,-1.401809,-1.681532,-71.52567,0.002237804,0.2417246,1.311121,-0.6065283,-0.1102528,0.1123678,0.2210771,3.364977,24,24,24,24,24,24,24,24,24,24,25,24,24,24,24,25
139,1390,-33.67136,-53.2062,-13.421,-9.747827,-7.482163,-3.828877,-2.809605,-3.137289,-1.609337,-2.952556,-1.663791,-1.892039,-1.07321,-3.464681,-1.431722,-1.326727,25,25,25,25,25,25,25,25,25,25,25,25,25,25,25,25,139,1390,-2.421096,-1.845395,-2.358196,-1.680794,165.1729,141.3839,-2.612224,-1.695938,-2.978186,-1.546443,-2.892411,-2.558195,-2.177436,-2.450855,-2.529931,-2.600293,25,25,25,25,25,25,25,25,25,25,25,25,25,25,25,25,139,1390,-2.527653,-3.709744,-4.215245,-2.966973,-2.849233,-2.675944,-3.104108,-71.85368,0.002237804,-0.2420938,0.1191936,0.4849325,0.1098771,0.001202378,-0.8855845,3.364977,24,24,24,24,24,24,24,24,24,24,25,24,24,24,24,25
140,1400,-33.55111,-54.05267,-13.17484,-8.895234,-6.516639,-4.446068,-2.681991,-2.886516,-2.228662,-2.706419,-1.544964,-1.387568,-1.430864,-2.270026,-1.312318,-0.6024027,25,25,25,25,25,25,25,25,25,25,25,25,25,25,25,25,140,1400,-1.614124,-2.240784,-1.834518,-2.45645,165.5676,142.8565,-1.828636,-2.086992,-1.683975,-2.447655,-2.49823,-2.019425,-1.537537,-1.894043,-1.325677,-2.713316,25,25,25,25,25,25,25,25,25,25,25,25,25,25,25,25,140,1400,-2.297875,-4.093473,-4.726411,-2.580013,-1.554282,-1.784049,-2.716132,-72.50976,0.1258821,-0.4840014,0.5959851,0.7274308,-0.0001862161,0.223534,0.2210771,2.897003,24,24,24,24,24,24,24,24,24,24,25,24,24,24,24,25
141,1410,-32.46887,-53.08529,-12.0671,-9.017033,-7.844245,-4.075832,-2.29915,-3.011902,-1.980932,-2.337211,-2.139101,-2.270482,-1.311647,-2.270026,-0.8347041,-0.9645641,25,25,25,25,25,25,25,25,25,25,25,25,25,25,25,25,141,1410,-2.2866,-0.7910244,-1.703595,-2.327174,166.7517,142.4883,-3.265214,-1.435235,-2.072239,-2.962634,-1.84126,-1.884719,-2.433397,-1.559955,-2.650356,-2.713316,25,25,25,25,25,25,25,25,25,25,25,25,25,25,25,25,141,1410,-2.642542,-4.605114,-4.087453,-2.32204,-1.683777,-2.038876,-1.552206,-71.30697,0.620456,-1.572592,0.953579,0.1210662,0.2199373,0.3346994,-0.5535852,2.897003,24,24,24,24,24,24,24,24,24,24,25,24,24,24,24,25
142,1420,-33.91185,-52.84343,-13.91332,-11.81841,-8.689075,-4.075832,-0.8942207,-1.75783,-0.4945543,-1.352658,-0.8319992,-2.018221,-0.7155579,-2.150557,-0.954108,-0.7231237,25,25,25,25,25,25,25,25,25,25,25,25,25,25,25,25,142,1420,-1.479628,-1.713598,-2.620042,-1.422242,166.4886,141.752,-1.828636,-2.217343,-3.107608,-1.675187,-1.315684,-2.827658,-1.409558,-2.11677,-2.650356,-2.374246,25,25,25,25,25,25,25,25,25,25,25,25,25,25,25,25,142,1420,-1.838319,-4.860933,-5.237576,-1.54812,-1.554282,-1.274395,-2.716132,-72.61909,0.9913873,0.2417246,0.953579,-0.4853017,-0.3303891,0.4458142,0.2210771,3.247982,24,24,24,24,24,24,24,24,24,24,25,24,24,24,25,25
143,1430,-34.0321,-54.41544,-13.66716,-9.991425,-8.085619,-4.446068,-1.788422,-2.761129,-0.8661485,-1.598797,-1.782619,-2.648604,-0.7155579,-2.150557,-0.8347555,0.001199168,25,25,25,25,25,25,25,25,25,25,25,25,25,25,25,25,143,1430,-1.479628,-2.504376,-2.096357,-1.163689,166.0939,141.3839,-1.959234,-2.99945,-1.942818,-1.288953,-1.578471,-1.750014,-1.793497,-2.228134,-1.446154,-2.035175,25,25,25,25,25,25,25,25,25,25,25,25,25,25,25,25,143,1430,-2.527653,-4.221384,-3.704079,-2.32204,-2.460748,-2.803357,-3.104108,-72.18172,-0.2450492,0.1207708,-4.414606E-06,0.3636127,-0.0001926374,-0.4435114,-0.5535836,2.663019,24,24,24,24,24,24,24,24,24,24,25,24,24,24,25,25
144,1440,-35.59534,-53.44805,-13.421,-9.38243,-8.809769,-3.952409,-3.064833,-2.510356,-1.609337,-2.214142,-1.426136,-2.522553,-1.550082,-2.031091,-1.431773,-0.4816833,25,25,25,25,25,25,25,25,25,25,25,25,25,25,25,25,144,1440,-2.01761,-2.504376,-1.441756,-2.068622,165.8308,142.611,-2.742822,-2.478045,-2.460502,-1.417698,-1.972655,-1.884719,-2.177436,-1.671322,-0.8440261,-2.035227,25,25,25,25,25,25,25,25,25,25,25,25,25,25,25,25,144,1440,-1.378767,-4.477203,-4.854201,-2.064067,-1.424786,-1.911463,-2.845458,-72.29106,0.4968126,0.6045859,0.953579,0.7274308,-0.1102592,0.5569797,0.2210787,3.378371,24,24,24,24,24,24,24,24,24,24,25,24,24,24,25,25
145,1450,-33.91185,-53.44805,-12.19018,-10.11322,-7.482163,-4.56948,-1.149707,-3.011902,-0.6184189,-2.583349,-1.307309,-2.144351,-1.550082,-2.986817,-1.909387,-1.326727,25,25,25,25,25,25,25,25,25,25,25,25,25,25,25,25,145,1450,-2.286652,-1.713598,-1.310833,-2.197898,166.8833,141.6292,-2.481625,-1.435235,-1.813397,-1.546443,-1.18429,-2.558247,-1.025617,-1.337234,-1.205303,-1.583132,25,25,25,25,25,25,25,25,25,25,25,25,25,25,25,25,145,1450,-2.183047,-4.477203,-4.343037,-2.193053,-1.683777,-2.293703,-2.845458,-71.635,0.2495256,-1.572592,0.834381,0.2423378,-0.0001926374,0.3346488,-0.3322513,2.793306,24,24,24,24,24,24,24,24,24,24,25,24,24,24,25,25
146,1460,-34.0321,-54.29452,-12.68251,-10.47862,-7.482163,-4.56948,-1.660679,-2.259583,-0.4945543,-2.214142,-0.9508267,-1.76596,-0.7155579,-2.031091,-0.8347555,0.001199168,25,25,25,25,25,25,25,25,25,25,25,25,25,25,25,25,146,1460,-1.210689,-0.9228213,-2.096357,-1.163689,166.0939,141.5066,-2.22043,-0.7834786,-1.942818,-1.932677,-2.629625,-1.750014,-1.153598,-1.559958,-1.687004,-1.922203,25,25,25,25,25,25,25,25,25,25,25,25,25,25,25,25,146,1460,-1.263935,-4.732971,-5.109784,-1.93508,-1.683777,-0.8921542,-1.422881,-71.74435,0.1258821,0.725543,0.7151831,-0.3640268,-0.3303891,0.2234826,0.5530763,3.729408,24,24,24,24,24,24,24,24,24,24,25,24,24,24,25,25
147,1470,-32.22837,-53.93176,-12.55943,-8.529837,-7.602857,-3.581812,-2.426764,-2.259583,-1.980932,-2.46028,-2.020273,-1.639829,-1.907736,-1.672694,-1.431773,-0.8438448,25,25,25,25,25,25,25,25,25,25,25,25,25,25,25,25,147,1470,-1.345184,-1.845395,-1.441756,-1.680794,165.0414,142.611,-2.22043,-2.086992,-1.166291,-2.061421,-2.49823,-1.750014,-1.409558,-2.562221,-1.687004,-3.052438,25,25,25,25,25,25,25,25,25,25,25,25,25,25,25,25,147,1470,-1.493713,-4.477151,-4.087454,-1.290147,-1.813272,-3.058184,-1.810856,-71.41632,0.1258821,0.3626783,-0.2384004,0.3636127,0.2199373,-0.2211798,-0.7749159,2.325248,24,24,24,24,24,24,24,24,24,24,25,24,24,24,25,25
148,1480,-31.62713,-53.20621,-11.08245,-8.286239,-6.395958,-3.952409,-1.532936,-2.00881,-0.8661485,-2.091073,-0.7131724,-2.270482,-0.7155579,-2.508954,-1.431773,-0.8438448,25,25,25,25,25,25,25,25,25,25,25,25,25,25,25,25,148,1480,-1.883166,-0.7910244,-2.620042,-2.844278,166.4886,142.4883,-2.873419,-0.7834786,-3.107608,-2.962634,-2.235441,-2.15413,-2.177436,-2.339497,-2.650408,-3.617556,25,25,25,25,25,25,25,25,25,25,25,25,25,25,25,25,148,1480,-1.723491,-4.349241,-4.981994,-2.837987,-2.331252,-1.656636,-3.104108,-72.50976,-0.2450492,0.2417246,0.834381,0.6061592,-0.4404557,-0.1100144,0.7744086,3.027328,24,24,24,24,24,24,24,24,24,24,25,24,24,24,25,25
149,1490,-32.22837,-53.56898,-10.59013,-7.433645,-6.878721,-3.705345,-1.405193,-2.384969,-0.4945543,-1.844935,-1.307309,-1.639829,-1.311647,-2.150557,-1.789983,-0.1195218,25,25,25,25,25,25,25,25,25,25,25,25,25,25,25,25,149,1490,-2.152156,-2.240784,-3.405559,-2.327174,165.9623,141.8747,-1.828636,-2.99945,-2.978186,-2.190166,-1.447079,-2.827658,-1.921479,-3.00767,-2.409557,-2.939415,25,25,25,25,25,25,25,25,25,25,25,25,25,25,25,25,149,1490,-2.872377,-4.349241,-4.470828,-2.966973,-2.460697,-2.675944,-2.716132,-71.635,-0.1214057,-0.7259122,0.2383911,-0.0002086905,-0.0001926374,0.3346488,0.1104133,2.793306,24,24,24,24,24,24,24,24,24,24,25,24,24,24,25,25
150,1500,-31.38663,-52.48067,-10.59013,-6.946449,-6.395958,-4.199244,-2.171535,-2.384969,-1.485473,-1.968003,-1.426136,-2.522553,-1.192429,-2.270023,-0.8347555,0.001199168,25,25,25,25,25,25,25,25,25,25,25,25,25,25,25,25,150,1500,-1.614175,-3.558747,-2.881881,-1.551518,166.357,142.3656,-1.828636,-3.260153,-2.331081,-2.318911,-2.76102,-2.15413,-2.177436,-3.230397,-2.168706,-3.278486,25,25,25,25,25,25,25,25,25,25,25,25,25,25,25,25,150,1500,-1.83838,-4.221332,-5.237576,-3.224946,-2.719687,-2.16629,-2.845458,-71.85368,-1.357842,-0.3630476,0.7151831,0.4848843,-0.4404557,0.1123172,0.6637433,3.495379,24,24,24,24,24,24,24,24,24,24,25,24,24,24,25,25
151,1510,-31.26639,-52.6016,-8.743905,-5.971946,-4.706285,-3.458332,-1.788422,-2.510356,-1.485473,-3.321763,-2.139101,-2.648604,-2.146171,-3.584145,-1.909387,-0.9645641,25,25,25,25,25,25,25,25,25,25,25,25,25,25,25,25,151,1510,-3.228119,-2.504376,-2.096357,-1.551518,166.2254,142.2429,-2.873419,-2.738748,-2.20166,-2.447655,-3.023809,-2.827658,-2.945318,-2.896309,-1.927855,-3.278486,25,25,25,25,25,25,25,25,25,25,25,25,25,25,25,25,151,1510,-2.068158,-5.37252,-4.470828,-2.451027,-3.237667,-3.695252,-2.716183,-72.07238,0.7441003,0.4836321,0.2383911,-0.0002086905,0.6602004,-0.2211798,-0.2215859,2.09122,24,24,24,24,24,24,24,24,24,24,25,24,24,24,25,25
152,1520,-31.62713,-52.48067,-8.005416,-4.509471,-4.464898,-3.458332,-1.149707,-2.259583,-0.9900136,-1.844935,-1.663791,-1.639829,-1.788517,-1.194832,-1.431773,0.6048027,25,25,25,25,25,25,25,25,25,25,25,25,25,25,25,25,152,1520,-2.690138,-2.636173,-1.965441,-2.715002,166.357,140.6475,-2.22043,-1.695934,-2.072239,-1.675187,-2.49823,-2.962363,-1.793497,-2.228134,-1.687004,-2.035227,25,25,25,25,25,25,25,25,25,25,25,25,25,25,25,25,152,1520,-2.987266,-4.349241,-4.470828,-3.224946,-3.237667,-1.911463,-2.198882,-72.18172,-0.3686927,0.3626783,0.953579,-0.0002086905,0.2199373,-0.2211798,0.2210787,3.261357,24,24,24,24,24,24,24,24,24,24,25,24,24,24,25,25
153,1530,-31.14614,-52.84344,-9.851638,-7.068248,-6.275265,-3.95246,-2.043908,-2.761129,-2.228662,-2.583349,-2.257928,-2.144351,-1.788517,-2.62842,-1.789983,0.001199168,25,25,25,25,25,25,25,25,25,25,25,25,25,25,25,25,153,1530,-1.076193,-1.450006,-2.22728,-1.422242,165.1729,141.8747,-2.089831,-1.435232,-2.07229,-1.675187,-3.41799,-1.750014,-1.793497,-2.450858,-2.048281,-2.826391,25,25,25,25,25,25,25,25,25,25,25,25,25,25,25,25,153,1530,-2.757488,-5.1167,-4.726411,-2.193054,-1.424735,-1.911463,-2.069557,-71.19762,0.2495256,-0.3630476,0.7151831,0.1210662,0.1098707,0.4458142,-0.110919,3.027328,24,24,24,24,24,24,24,24,24,24,25,24,24,24,25,25
154,1540,-30.0639,-53.68991,-9.11315,-8.651636,-6.154571,-3.828928,-1.405193,-3.137289,-0.9900136,-2.706418,-1.426136,-2.900706,-1.6693,-3.703611,-1.431773,-1.206006,25,25,25,25,25,25,25,25,25,25,25,25,25,25,25,25,154,1540,-2.017661,-2.636173,-1.441756,-2.585726,165.5676,142.1201,-2.351028,-1.956637,-1.295764,-2.83389,-2.49823,-2.288835,-1.409558,-2.673582,-2.048281,-3.504533,25,25,25,25,25,25,25,25,25,25,25,25,25,25,25,25,154,1540,-1.953269,-4.605061,-4.854201,-3.095959,-2.719687,-2.293703,-1.681581,-71.96304,-0.4923365,-0.0001797949,1.072777,0.7274308,-0.4404557,-0.2211798,-0.3322513,2.793306,24,24,24,24,24,24,24,24,24,24,25,24,24,24,25,25
155,1550,-31.98788,-54.05268,-9.97472,-8.651636,-6.033877,-3.581864,-1.788422,-2.384969,-1.733202,-2.091072,-1.426136,-1.89209,-2.265389,-2.150557,-1.67058,0.2426396,25,25,25,25,25,25,25,25,25,25,25,25,25,25,25,25,155,1550,-2.152156,-1.450006,-2.489119,-2.327174,166.357,142.4883,-2.481625,-1.174529,-2.331132,-2.190166,-1.84126,-1.884719,-2.817336,-1.894046,-2.770833,-3.052438,25,25,25,25,25,25,25,25,25,25,25,25,25,25,25,25,155,1550,-1.953269,-5.50043,-4.981994,-2.451027,-2.331201,-2.930771,-2.457533,-72.07238,0.3731691,0.7255462,-0.119202,0.1210662,1.210527,0.5569797,0.2210787,2.559277,24,24,24,24,24,24,24,24,24,24,25,24,24,24,25,25
156,1560,-29.94365,-55.50376,-10.22088,-8.042641,-5.792503,-3.458332,-2.171535,-2.886516,-1.609337,-2.214141,-2.139101,-1.892039,-1.550082,-2.150557,-1.909387,0.4840816,25,25,25,25,25,25,25,25,25,25,25,25,25,25,25,25,156,1560,-1.345184,-2.240784,-3.274642,-1.680794,166.2254,141.2611,-1.959234,-2.608393,-2.589976,-1.417698,-1.972655,-3.231721,-1.793497,-3.341757,-2.289132,-2.826391,25,25,25,25,25,25,25,25,25,25,25,25,25,25,25,25,156,1560,-1.723491,-4.477151,-4.343037,-2.966973,-3.237667,-2.548531,-1.164281,-71.96304,-0.61598,0.3626816,1.191975,0.6061559,0.2199373,-0.3323452,-0.2215859,2.910314,24,24,24,24,24,24,24,24,24,24,25,24,24,24,25,25
157,1570,-31.74738,-54.77822,-9.11315,-7.190047,-5.189047,-3.581864,-2.043908,-3.513449,-1.113878,-3.567901,-1.663791,-3.026756,-2.026954,-4.062007,-2.267597,-1.688889,25,25,25,25,25,25,25,25,25,25,25,25,25,25,25,25,157,1570,-2.690138,-2.899765,-2.358196,-2.068622,165.8308,142.1201,-3.004018,-2.869096,-1.813448,-1.932677,-2.366836,-2.019374,-2.177436,-2.339497,-1.446154,-2.261274,25,25,25,25,25,25,25,25,25,25,25,25,25,25,25,25,157,1570,-2.757488,-5.62834,-5.365367,-2.193054,-1.942716,-1.784049,-2.457533,-71.635,0.3731691,-0.4839981,-0.119202,-0.36403,0.2199373,0.4458142,-0.110919,2.793306,24,24,24,24,24,24,24,24,24,24,25,24,24,24,25,25
158,1580,-31.26639,-55.14099,-8.497742,-5.850073,-4.344216,-3.458332,-1.532936,-2.134197,-1.237743,-2.214141,-1.544964,-1.892039,-1.788517,-1.911626,-1.909387,-0.1195218,25,25,25,25,25,25,25,25,25,25,25,25,25,25,25,25,158,1580,-2.690138,-1.845395,-1.703595,-1.292967,166.4886,142.1201,-2.612224,-1.174529,-1.94287,-1.288953,-1.709865,-1.615258,-2.561379,-1.003146,-1.566579,-2.939415,25,25,25,25,25,25,25,25,25,25,25,25,25,25,25,25,158,1580,-2.183047,-3.581782,-4.726411,-2.966973,-2.460697,-1.529222,-2.328207,-71.08829,0.3731691,0.3626816,1.430371,0.3636094,0.3300039,-0.44346,0.1104133,3.378371,24,24,24,24,24,24,24,24,24,24,25,24,24,24,25,25
159,1590,-30.0639,-55.74561,-9.359313,-5.850073,-5.068353,-3.087734,-2.426764,-2.886516,-2.352527,-2.460279,-2.020273,-2.1443,-2.146171,-2.508954,-2.267546,-0.1195218,25,25,25,25,25,25,25,25,25,25,25,25,25,25,25,25,159,1590,-1.74867,-2.108987,-1.834518,-1.939346,165.6992,140.4021,-2.873419,-1.30488,-2.07229,-1.417698,-1.972655,-2.827607,-1.409558,-1.448596,-1.807378,-1.809179,25,25,25,25,25,25,25,25,25,25,25,25,25,25,25,25,159,1590,-1.378824,-4.605061,-4.981994,-1.935081,-1.942716,-2.548531,-2.457533,-72.18172,0.1258821,0.120774,0.238392,-0.7278514,-0.5505223,0.6681964,-0.442915,1.857198,24,24,24,24,24,24,24,24,24,24,25,24,24,24,25,25
160,1600,-27.89942,-55.50376,-7.390008,-5.240709,-3.620067,-3.211267,-1.660679,-2.761129,-1.980932,-3.198694,-1.901446,-2.648604,-1.550082,-3.584145,-2.506353,-0.8438448,25,25,25,25,25,25,25,25,25,25,25,25,25,25,25,25,160,1600,-1.47968,-1.186413,-1.834518,-1.292967,165.6992,142.1201,-1.959234,-1.174529,-1.425184,-1.803933,-2.366836,-1.615258,-1.793497,-2.673582,-1.686953,-2.939415,25,25,25,25,25,25,25,25,25,25,25,25,25,25,25,25,160,1600,-1.83838,-4.349241,-4.087454,-2.193054,-1.942716,-1.529222,-1.681581,-72.07238,-0.61598,-0.7259057,0.7151834,0.1210629,-0.1102592,0.3346994,-0.0002504286,3.378365,24,24,24,24,24,24,24,24,24,24,25,24,24,24,25,25
161,1610,-27.77917,-54.77822,-7.143847,-5.7282,-5.189047,-2.84067,-0.7664778,-1.883409,-1.980932,-2.091072,-1.188482,-1.135256,-1.788517,-1.553229,-1.551125,0.1219202,25,25,25,25,25,25,25,25,25,25,25,25,25,25,25,25,161,1610,-2.01761,-1.977191,-1.965441,-2.844278,165.5676,142.4883,-2.22043,-1.826286,-2.589976,-2.83389,-1.84126,-1.749963,-2.945318,-2.450858,-2.409505,-2.939415,25,25,25,25,25,25,25,25,25,25,25,25,25,25,25,25,161,1610,-2.297936,-5.50043,-4.726411,-2.709,-2.590192,-2.293703,-2.328207,-71.41632,0.1258821,-0.1211336,-4.013278E-06,-0.8491262,0.1098707,0.1123678,-0.0002504286,3.612394,24,24,24,24,24,24,24,24,24,24,25,24,24,24,25,25
162,1620,-28.50067,-54.77822,-8.251579,-5.971946,-5.792503,-4.199244,-3.575289,-3.388062,-1.485473,-2.583348,-1.782619,-2.1443,-1.311647,-1.79216,-1.073511,0.6048027,25,25,25,25,25,25,25,25,25,25,25,25,25,25,25,25,162,1620,-2.824582,-2.240784,-3.14372,-2.45645,166.2254,142.8565,-2.742822,-1.30488,-3.237082,-2.447656,-2.235441,-2.154079,-2.561379,-2.784945,-3.252483,-3.278486,25,25,25,25,25,25,25,25,25,25,25,25,25,25,25,25,162,1620,-2.527714,-4.221332,-5.109785,-3.353933,-3.237667,-3.058184,-2.457533,-71.52567,-0.2450492,-0.2420906,0.8343815,0.8487024,-0.0001926374,-0.6657916,-0.6642473,2.676285,24,24,24,24,24,24,24,24,24,24,25,24,24,24,25,25
163,1630,-28.01967,-55.50376,-6.282276,-5.7282,-5.068353,-4.199244,-2.043908,-3.638835,-1.361608,-3.075625,-1.901446,-2.270431,-2.146171,-3.464679,-2.028739,-1.085285,25,25,25,25,25,25,25,25,25,25,25,25,25,25,25,25,163,1630,-1.74862,-2.636173,-3.143675,-2.197898,166.0939,141.752,-1.698037,-2.738745,-2.848818,-1.417698,-1.709865,-2.423489,-2.049458,-2.784945,-1.927804,-2.261274,25,25,25,25,25,25,25,25,25,25,25,25,25,25,25,25,163,1630,-2.183047,-4.988791,-5.49321,-2.837987,-2.460697,-3.058184,-2.974833,-71.74435,-0.1214057,0.3626816,0.4767879,-0.6065797,-0.5505223,0.7793618,-0.0002504286,2.910314,24,24,24,24,24,24,24,24,24,24,25,24,24,24,25,25
164,1640,-28.01967,-54.77822,-7.143845,-7.068248,-6.154571,-4.939715,-2.554378,-2.384969,-1.361608,-1.475727,-1.782619,-1.135256,-1.907736,-1.553229,-1.073511,0.1219202,25,25,25,25,25,25,25,25,25,25,25,25,25,25,25,25,164,1640,-2.01761,-2.37258,-1.441711,-1.680794,165.6992,142.1201,-3.004018,-2.478042,-2.201712,-1.031464,-2.104049,-1.615258,-2.817336,-1.782682,-1.686953,-2.487321,25,25,25,25,25,25,25,25,25,25,25,25,25,25,25,25,164,1640,-1.953269,-4.093421,-4.598671,-2.580014,-2.072211,-2.038876,-1.810907,-72.07238,-0.7396239,-0.9678165,1.311173,0.2423346,-0.1102592,-0.109963,-0.2215827,3.027328,24,24,24,24,24,24,24,24,24,24,25,24,24,24,25,25
165,1650,-30.18415,-55.38284,-8.990067,-8.164439,-7.240796,-4.692892,-2.809605,-3.011902,-1.609337,-2.214141,-1.069654,-1.639778,-1.430865,-2.150557,-1.192914,-0.2402413,25,25,25,25,25,25,25,25,25,25,25,25,25,25,25,25,165,1650,-2.555591,-1.977191,-1.310794,-1.680794,166.6201,141.3839,-2.612224,-1.30488,-1.813448,-1.803933,-1.315684,-2.423489,-1.409558,-1.782682,-1.927804,-2.035227,25,25,25,25,25,25,25,25,25,25,25,25,25,25,25,25,165,1650,-1.953269,-4.732971,-5.237628,-2.451027,-1.683725,-1.146981,-2.586858,-71.85368,-0.2450492,0.6045924,0.4767879,-0.4853049,-0.5505223,-0.109963,0.3317472,3.261351,24,24,24,24,24,24,24,24,24,24,25,24,24,24,25,25
166,1660,-31.14614,-55.50376,-8.620823,-9.260631,-6.878727,-4.939716,-2.426764,-3.388062,-1.485473,-3.075625,-1.663791,-2.01817,-1.907736,-2.986817,-1.909336,-0.8438448,25,25,25,25,25,25,25,25,25,25,25,25,25,25,25,25,166,1660,-1.210638,-1.450006,-1.70355,-1.680794,165.5676,139.9112,-1.828636,-1.435232,-2.331132,-1.546443,-2.235441,-2.423489,-2.433397,-1.22587,-2.650356,-1.922203,25,25,25,25,25,25,25,25,25,25,25,25,25,25,25,25,166,1660,-2.297936,-4.349241,-4.343088,-2.451027,-2.590192,-2.16629,-2.457533,-71.41632,0.2495256,0.120774,0.4767879,-0.0002119011,0.7702637,0.001202378,-0.5535804,3.495379,24,24,24,24,24,24,24,24,24,24,25,24,24,24,25,25
167,1670,-31.50688,-56.47115,-10.22088,-9.747827,-7.964945,-4.56948,-3.192447,-2.886516,-1.113878,-2.33721,-2.61441,-1.261387,-2.265389,-2.62842,-2.148143,-0.6024027,25,25,25,25,25,25,25,25,25,25,25,25,25,25,25,25,167,1670,-1.479629,-1.845395,-1.70355,-2.197898,164.5151,141.9974,-2.089778,-2.347691,-2.331132,-2.061422,-3.286592,-2.827607,-1.921479,-3.119033,-2.048229,-3.278486,25,25,25,25,25,25,25,25,25,25,25,25,25,25,25,25,167,1670,-1.378824,-3.709692,-5.49321,-2.193054,-2.072211,-2.675944,-3.750783,-72.72844,0.1258821,-0.1211336,1.072777,-0.2427584,-0.4404557,0.3346994,-0.1109174,2.676285,24,24,24,24,24,24,24,24,24,24,25,24,24,24,25,25
168,1680,-33.7916,-57.55945,-12.31327,-13.4018,-11.70635,-7.407955,-5.872339,-4.8927,-2.847986,-3.321762,-1.544964,-2.648604,-1.6693,-2.62842,-1.670528,-0.6024027,25,25,25,25,25,25,25,25,25,25,25,25,25,25,25,25,168,1680,-2.555591,-2.504376,-2.750913,-2.973554,166.8832,142.9792,-2.612171,-1.435232,-2.460554,-3.348869,-2.49823,-2.558195,-3.073296,-2.450858,-3.372909,-3.73058,25,25,25,25,25,25,25,25,25,25,25,25,25,25,25,25,168,1680,-2.527714,-3.837602,-4.726462,-2.837987,-2.849182,-3.567839,-2.974832,-72.18172,-0.4923365,-1.08877,0.119194,0.2423346,0.1098707,0.3346994,-0.442915,3.495379,24,24,24,24,24,24,24,24,24,24,25,24,24,24,25,25
169,1690,-34.2726,-57.68038,-12.31327,-14.49799,-10.98221,-8.518663,-5.106656,-5.770406,-4.210499,-4.552454,-2.852065,-4.539367,-3.099913,-3.345214,-2.625757,-0.4816833,25,25,25,25,25,25,25,25,25,25,25,25,25,25,25,25,169,1690,-3.228068,-3.954135,-2.358157,-2.068622,165.436,141.9974,-2.612171,-3.911906,-2.848766,-3.348869,-3.68078,-3.097016,-3.073296,-3.564485,-3.252483,-3.73058,25,25,25,25,25,25,25,25,25,25,25,25,25,25,25,25,169,1690,-2.757488,-4.988791,-4.726462,-3.998865,-2.978678,-3.058184,-2.974832,-72.29106,0.1258821,-0.0001797949,0.5959855,-1.091673,-0.4404557,0.4458648,-0.0002504286,3.144343,24,24,24,24,24,24,24,24,24,24,25,24,24,24,25,25
170,1700,-35.47509,-58.04315,-12.68251,-13.64539,-12.06842,-8.271839,-5.872339,-4.014995,-3.21958,-4.060176,-2.61441,-3.404909,-2.980695,-2.867351,-2.028739,-0.3609623,25,25,25,25,25,25,25,25,25,25,25,25,25,25,25,25,170,1700,-2.152106,-3.82234,-3.143675,-2.715002,166.6201,142.1201,-2.089778,-3.520852,-2.331081,-2.447655,-2.235441,-2.154079,-2.561379,-3.675845,-2.529931,-2.713368,25,25,25,25,25,25,25,25,25,25,25,25,25,25,25,25,170,1700,-3.331933,-5.75625,-4.47088,-3.353933,-3.626153,-3.822666,-3.880108,-72.40041,0.620456,0.3626816,-0.119202,-0.0002119011,0.2199373,0.1123678,-0.8855796,2.559271,24,24,24,24,24,24,24,24,24,24,25,24,24,24,25,25
171,1710,-36.19658,-59.01053,-13.66716,-13.4018,-10.37876,-6.914308,-4.5962,-4.140381,-3.343445,-4.429383,-2.139101,-3.657011,-2.623042,-3.225748,-2.506353,-0.8438448,25,25,25,25,25,25,25,25,25,25,25,25,25,25,25,25,171,1710,-3.093573,-3.295154,-2.096312,-2.327174,165.436,141.6292,-3.26516,-2.347691,-2.460502,-2.962634,-2.76102,-2.6929,-3.457239,-3.230397,-3.011632,-3.278486,25,25,25,25,25,25,25,25,25,25,25,25,25,25,25,25,171,1710,-2.297936,-3.965512,-5.365418,-4.127852,-2.201706,-2.16629,-2.974832,-72.72844,0.002237804,0.7255462,0.4767871,0.6061559,-0.0001926374,0.223534,0.2210819,3.612394,24,24,24,24,24,24,24,24,24,24,25,24,24,24,25,25
172,1720,-35.23459,-59.13146,-13.421,-13.1582,-10.86152,-8.271839,-4.5962,-4.51654,-3.21958,-4.060176,-2.733238,-3.026895,-1.788517,-2.986817,-2.028739,-0.8438448,25,25,25,25,25,25,25,25,25,25,25,25,25,25,25,25,172,1720,-3.228068,-2.504376,-1.834473,-2.45645,166.4886,140.6475,-2.742768,-1.695934,-2.460502,-2.318911,-2.629625,-3.770544,-2.689357,-2.896309,-2.770782,-3.052438,25,25,25,25,25,25,25,25,25,25,25,25,25,25,25,25,172,1720,-3.446822,-5.37252,-4.598671,-2.966973,-3.367163,-3.440425,-2.974832,-72.18172,-0.2450492,-1.08877,0.5959851,0.4848779,-0.0001926374,0.3346994,-0.0002504286,2.208234,24,24,24,24,24,24,24,24,24,24,25,24,24,24,25,25
173,1730,-34.15236,-58.40592,-14.15949,-13.4018,-12.06842,-7.531367,-4.851428,-4.014995,-3.591175,-3.321762,-2.852065,-3.026895,-3.219131,-2.270023,-2.38695,-0.7231237,25,25,25,25,25,25,25,25,25,25,25,25,25,25,25,25,173,1730,-2.152106,-1.977191,-2.750913,-2.068622,165.8307,140.5248,-2.612171,-1.826286,-2.978186,-1.160209,-2.892411,-3.097016,-2.177436,-2.11677,-2.770782,-2.487321,25,25,25,25,25,25,25,25,25,25,25,25,25,25,25,25,173,1730,-2.527714,-4.732971,-4.598671,-3.353933,-3.108173,-2.548531,-2.586857,-71.96304,-0.3686927,0.4836354,0.7151831,0.1210597,-0.5505223,-0.3322946,-0.2215827,2.676285,24,24,24,24,24,24,24,24,24,24,25,24,24,24,25,25
174,1740,-34.63335,-58.88961,-15.02106,-15.22878,-13.15463,-9.259135,-5.489497,-5.143474,-4.086634,-4.675521,-2.61441,-4.035486,-2.026954,-3.106279,-1.789932,-0.4816833,25,25,25,25,25,25,25,25,25,25,25,25,25,25,25,25,174,1740,-1.883115,-2.504376,-1.441711,-1.939346,165.3045,141.752,-1.95918,-2.086988,-1.554555,-2.5764,-2.629625,-2.019374,-1.665519,-2.116767,-1.566527,-2.939415,25,25,25,25,25,25,25,25,25,25,25,25,25,25,25,25,174,1740,-2.183047,-5.75625,-4.215297,-2.193054,-2.590192,-3.185598,-2.845507,-71.85368,0.1258821,1.088408,-4.414606E-06,0.6061527,0.7702637,0.4458648,-0.5535804,2.325248,24,24,24,24,24,24,24,24,24,24,25,24,24,24,25,25
175,1750,-34.5131,-59.85699,-15.26722,-14.49799,-12.3098,-9.382547,-5.872339,-5.895792,-4.210499,-4.92166,-2.970892,-3.657264,-2.503824,-2.628416,-0.9541072,-0.8438448,25,25,25,25,25,25,25,25,25,25,25,25,25,25,25,25,175,1750,-2.01761,-1.318209,-1.70355,-2.45645,165.9623,142.2429,-2.873366,-1.174529,-2.20166,-2.447655,-2.235441,-2.423489,-1.537537,-2.116767,-2.891207,-2.487321,25,25,25,25,25,25,25,25,25,25,25,25,25,25,25,25,175,1750,-2.068158,-4.477151,-4.47088,-3.224946,-2.072211,-1.784049,-2.845507,-72.50976,-0.3686927,0.120774,0.834381,-0.0002151117,-0.0001926374,-0.2211292,0.1104663,4.431488,24,24,24,24,24,24,24,24,24,24,25,24,24,24,25,25
176,1760,-34.75359,-58.16407,-14.15949,-11.94021,-10.74082,-7.778191,-4.5962,-4.391154,-4.334364,-2.952554,-3.208547,-2.900821,-2.503824,-2.628416,-2.506353,-0.3609623,25,25,25,25,25,25,25,25,25,25,25,25,25,25,25,25,176,1760,-1.479629,-2.240784,-2.227235,-1.939346,165.9623,141.8747,-2.481572,-2.608393,-2.072239,-1.803932,-1.18429,-1.884668,-1.665519,-2.673579,-1.446102,-1.922152,25,25,25,25,25,25,25,25,25,25,25,25,25,25,25,25,176,1760,-2.642599,-5.50043,-4.982045,-2.451027,-1.29524,-1.656636,-3.104158,-71.74435,-0.4923365,-0.7259057,0.4767871,-0.4853081,0.2199373,0.223534,-0.2215314,2.897054,24,24,24,24,24,24,24,24,24,24,25,24,24,24,25,25
177,1770,-35.11434,-58.64777,-15.02106,-12.7928,-10.86152,-8.642075,-4.979042,-4.391154,-3.343445,-3.198693,-2.376756,-2.900821,-1.788517,-2.867348,-1.670528,-0.6024027,25,25,25,25,25,25,25,25,25,25,25,25,25,25,25,25,177,1770,-1.883114,-2.899765,-2.096312,-1.292967,165.1729,142.1201,-2.742768,-2.347691,-1.554555,-1.160209,-2.104049,-1.480551,-2.049458,-2.22813,-1.205251,-2.261222,25,25,25,25,25,25,25,25,25,25,25,25,25,25,25,25,177,1770,-1.723491,-4.477151,-4.726462,-2.966973,-1.55423,-2.038876,-2.586857,-71.96304,-0.1214057,-0.3630444,1.311173,-0.0002151117,-0.5505223,-0.3322946,-0.110866,3.131038,24,24,24,24,24,24,24,24,24,24,25,24,24,24,25,25
178,1780,-34.63334,-59.24221,-15.14414,-13.64539,-11.58565,-9.012311,-4.340972,-5.64502,-3.46731,-4.183246,-2.257928,-3.026895,-2.026954,-2.628416,-1.192914,-0.3609623,25,25,25,25,25,25,25,25,25,25,25,25,25,25,25,25,178,1780,-2.01761,-1.318209,-1.441711,-1.551518,165.8307,142.1201,-3.134562,-1.695934,-1.942818,-1.932677,-0.7901086,-1.884668,-2.177436,-2.116767,-1.566527,-2.374246,25,25,25,25,25,25,25,25,25,25,25,25,25,25,25,25,178,1780,-1.263935,-4.477151,-4.343088,-1.161162,-2.072211,-2.675944,-2.716182,-72.50976,0.002237804,0.8464999,0.3575891,-0.1214868,0.6602004,0.6681964,-0.3321983,1.727116,24,24,24,24,24,24,24,24,24,24,25,24,24,24,25,25
179,1790,-36.55732,-58.15409,-15.14414,-12.7928,-10.86152,-7.03772,-5.234269,-4.51654,-4.210499,-3.198693,-3.08972,-2.900821,-2.980695,-2.508951,-2.267546,-0.7231237,25,25,25,25,25,25,25,25,25,25,25,25,25,25,25,25,179,1790,-1.345133,-1.450006,-2.096357,-1.422242,165.9623,140.893,-2.220375,-1.174529,-2.460502,-1.675187,-2.629625,-2.558195,-1.665519,-1.671319,-1.686953,-1.696105,25,25,25,25,25,25,25,25,25,25,25,25,25,25,25,25,179,1790,-1.263935,-4.477151,-4.343037,-2.193054,-2.072211,-1.274395,-2.328206,-72.94714,-0.4923365,-0.604952,0.5959851,0.1210597,0.1098707,0.001202378,0.4424639,3.716007,24,24,24,24,24,24,24,24,24,24,25,24,24,24,25,25
180,1800,-36.07632,-58.7586,-14.65181,-12.06201,-9.895993,-6.667484,-4.085744,-4.391154,-2.476391,-2.33721,-1.901446,-2.648673,-1.907736,-2.03109,-1.073511,-0.2402413,25,25,25,25,25,25,25,25,25,25,25,25,25,25,25,25,180,1800,-1.614124,-2.240784,-1.834518,-2.068674,164.6466,141.6292,-2.089778,-1.695934,-1.813397,-2.318911,-2.629625,-2.423489,-1.537537,-2.784942,-2.048229,-3.278434,25,25,25,25,25,25,25,25,25,25,25,25,25,25,25,25,180,1800,-2.297936,-4.98879,-4.215245,-1.548174,-1.424735,-2.293703,-2.328206,-72.07238,0.3731691,-0.2420906,0.7151831,0.2423314,0.3300039,-0.2211292,0.2211332,3.014049,24,24,24,24,24,24,24,24,24,24,25,24,24,24,25,25
181,1810,-34.2726,-57.91228,-13.79024,-12.9146,-10.74082,-8.518663,-6.127567,-5.770406,-4.705958,-6.15235,-3.683857,-4.16156,-3.338349,-3.823073,-2.864564,-0.7231237,25,25,25,25,25,25,25,25,25,25,25,25,25,25,25,25,181,1810,-1.479628,-2.108987,-1.965441,-3.232158,165.5676,141.8747,-2.612171,-2.21734,-1.942818,-3.477613,-2.366836,-2.423489,-3.329257,-2.005406,-2.529931,-3.956576,25,25,25,25,25,25,25,25,25,25,25,25,25,25,25,25,181,1810,-2.068158,-4.477151,-5.109784,-3.353986,-3.496658,-3.058184,-2.586857,-72.61909,-0.2450492,-0.0001797949,0.7151831,0.7274244,-0.3303891,-1.110454,-0.0001990586,2.66307,24,24,24,24,24,24,24,24,24,24,25,24,24,24,25,25
182,1820,-33.7916,-57.79138,-15.3903,-13.76719,-12.3098,-8.518662,-6.510409,-5.895792,-4.829823,-4.675521,-3.802684,-3.405117,-3.934437,-2.867348,-3.342178,-0.1195218,25,25,25,25,25,25,25,25,25,25,25,25,25,25,25,25,182,1820,-2.824582,-2.108987,-2.620042,-2.973606,166.0939,142.3656,-2.350974,-2.347691,-3.754714,-1.803932,-1.972655,-3.097016,-2.433397,-2.450855,-3.011632,-2.261222,25,25,25,25,25,25,25,25,25,25,25,25,25,25,25,25,182,1820,-2.412825,-5.50043,-5.493158,-2.451079,-2.590192,-3.567889,-2.457532,-72.50976,0.002237804,-0.0001797949,0.4767871,-1.091676,-0.4404557,0.3346994,-0.4428637,2.546075,24,24,24,24,24,24,24,24,24,24,25,24,24,24,25,25
183,1830,-37.27881,-58.15409,-15.14414,-14.25439,-12.18911,-9.382546,-7.403706,-6.648111,-4.334364,-4.552453,-2.495583,-3.279043,-2.861478,-3.464676,-2.506353,-0.4816833,25,25,25,25,25,25,25,25,25,25,25,25,25,25,25,25,183,1830,-2.2866,-2.899765,-2.750958,-2.585778,166.0939,141.5066,-2.22043,-2.738745,-1.813397,-1.546443,-2.49823,-2.423489,-2.049458,-3.007666,-1.927804,-2.487269,25,25,25,25,25,25,25,25,25,25,25,25,25,25,25,25,183,1830,-2.068158,-4.86088,-4.726411,-2.709053,-2.072211,-1.656686,-1.810907,-72.72844,-1.110555,-0.3630444,0.5959851,0.6061527,0.4400672,-0.109963,-0.0001990586,3.248033,24,24,24,24,24,24,24,24,24,24,25,24,24,24,25,25
184,1840,-34.75359,-58.6377,-15.63647,-14.74158,-11.82704,-9.752783,-7.020864,-7.149659,-4.458229,-4.79859,-2.61441,-3.783338,-2.265389,-3.942539,-2.148143,-1.326727,25,25,25,25,25,25,25,25,25,25,25,25,25,25,25,25,184,1840,-2.824582,-2.240784,-2.620042,-2.19795,165.8308,141.9974,-3.134616,-1.826286,-2.331081,-2.061421,-1.052895,-2.019374,-2.689357,-1.894043,-1.927804,-2.374246,25,25,25,25,25,25,25,25,25,25,25,25,25,25,25,25,184,1840,-1.953269,-5.24461,-5.109784,-2.967026,-2.072211,-1.401859,-1.422931,-71.96304,0.4968126,-0.1211336,0.2383911,-1.455494,-0.3303891,-0.109963,0.1104663,2.897054,24,24,24,24,24,24,24,24,24,24,25,24,24,24,25,25
185,1850,-34.63334,-58.51679,-16.00571,-15.22878,-12.79257,-9.505959,-5.999953,-6.146567,-4.334364,-3.198693,-2.733238,-2.144313,-2.503824,-2.628416,-1.909336,-0.1195218,25,25,25,25,25,25,25,25,25,25,25,25,25,25,25,25,185,1850,-2.421096,-1.845395,-1.572679,-2.715054,166.7517,140.6475,-2.612224,-2.086988,-2.460554,-2.190166,-1.709865,-3.097016,-2.177436,-2.562218,-2.28908,-2.261222,25,25,25,25,25,25,25,25,25,25,25,25,25,25,25,25,185,1850,-2.527714,-4.221331,-4.598619,-2.967026,-3.237667,-2.675995,-1.810907,-71.74435,0.002237804,-0.4839981,0.3575891,-0.0002151117,-0.0001926374,0.001202378,-0.3321983,2.780059,24,24,24,24,24,24,24,24,24,24,25,24,24,24,25,25
186,1860,-35.71558,-58.7586,-17.11344,-16.32497,-13.99948,-9.629371,-7.276092,-6.146567,-4.334364,-3.567899,-2.257928,-2.018205,-2.026954,-1.792158,-1.192914,0.2426396,25,25,25,25,25,25,25,25,25,25,25,25,25,25,25,25,186,1860,-2.555591,-1.713598,-3.012797,-2.068674,165.0414,141.5066,-2.481625,-1.30488,-2.719396,-1.803932,-3.41799,-2.827607,-2.817336,-2.673579,-1.807378,-2.600293,25,25,25,25,25,25,25,25,25,25,25,25,25,25,25,25,186,1860,-1.953269,-4.093421,-6.132114,-2.322093,-1.55423,-2.548581,-2.328207,-72.40041,0.1258821,-0.1211304,0.7151831,-0.2427616,-0.1102592,0.001202378,-0.0001990586,2.897054,24,24,24,24,24,24,24,24,24,24,24,24,24,24,25,25
187,1870,-35.95608,-58.8795,-17.97501,-18.15195,-14.965,-11.72737,-7.276092,-6.648113,-4.953688,-5.290865,-2.97084,-3.783338,-3.219131,-3.823073,-2.864564,-0.8438448,25,25,25,25,25,25,25,25,25,25,25,25,25,25,25,25,187,1870,-2.152105,-3.163357,-1.965441,-2.973606,164.9098,141.8747,-2.481625,-2.999447,-2.331132,-2.83389,-2.366836,-2.6929,-2.049458,-2.896306,-2.048229,-3.956576,25,25,25,25,25,25,25,25,25,25,25,25,25,25,25,25,187,1870,-2.183047,-4.73297,-4.726411,-2.322093,-2.590192,-2.675995,-1.940232,-71.96304,-0.2450492,-0.8468563,0.4767353,0.2423314,0.6602004,0.1123678,-0.664196,3.365028,24,24,24,24,24,24,24,24,24,24,24,24,24,24,25,25
188,1880,-34.99409,-59.12131,-17.11344,-16.32497,-12.4305,-9.259134,-6.765636,-6.522727,-4.458229,-3.44483,-3.089669,-2.900706,-2.623042,-2.628416,-2.625757,-0.4816833,25,25,25,25,25,25,25,25,25,25,25,25,25,25,25,25,188,1880,-2.959077,-1.845395,-2.750958,-2.84433,165.8308,142.7337,-3.52641,-1.174529,-3.366502,-3.220124,-1.84126,-2.154079,-2.945318,-2.005406,-3.132058,-2.600293,25,25,25,25,25,25,25,25,25,25,25,25,25,25,25,25,188,1880,-1.723491,-4.98879,-5.109784,-3.611959,-2.849182,-1.7841,-1.681581,-71.96304,-0.4923362,0.4836418,0.3575374,-0.6065283,-0.7706522,0.001202378,-0.3321983,3.014049,24,24,24,24,24,24,24,24,24,24,24,24,24,24,25,25
189,1890,-34.15235,-58.39589,-18.09809,-16.20317,-13.99948,-11.35714,-8.935073,-7.149659,-5.449148,-5.167797,-3.327324,-4.287265,-3.099912,-3.823073,-2.74516,-0.2402413,25,25,25,25,25,25,25,25,25,25,25,25,25,25,25,25,189,1890,-2.555591,-2.240784,-3.405559,-2.19795,165.9623,141.3839,-1.959234,-2.999447,-3.237082,-1.803932,-1.447079,-2.558195,-1.793497,-2.896306,-2.770782,-2.939364,25,25,25,25,25,25,25,25,25,25,25,25,25,25,25,25,189,1890,-2.183047,-4.98879,-3.831871,-2.322093,-2.331201,-2.930822,-2.845508,-71.635,0.3731691,0.241731,-0.3576505,0.1211143,0.440019,0.4458648,-0.9961936,2.780059,24,24,24,24,24,24,24,24,24,24,24,24,24,24,25,25
190,1900,-34.5131,-59.36311,-18.34426,-18.76095,-15.80983,-14.44244,-10.84928,-9.657391,-8.171609,-7.505984,-4.040288,-5.295672,-3.219129,-4.181475,-2.38695,-0.1195218,25,25,25,25,25,25,25,25,25,25,25,25,25,25,25,25,190,1900,-2.824582,-3.82234,-3.012797,-2.456502,164.7782,142.1201,-2.873419,-2.478042,-2.331132,-2.190166,-2.49823,-1.884668,-3.201278,-2.450858,-1.927804,-2.261222,25,25,25,25,25,25,25,25,25,25,25,25,25,25,25,25,190,1900,-2.068158,-4.221331,-5.620949,-2.580066,-2.072211,-1.656686,-3.492134,-73.27515,-0.7396239,-0.1211304,0.3575374,0.242386,-0.0002407967,-0.2211292,0.3317986,3.131038,24,24,24,24,24,24,24,24,24,24,24,24,24,24,25,25
191,1910,-34.5131,-59.12131,-17.97501,-16.32497,-13.99948,-11.35714,-9.317914,-8.027366,-6.934392,-5.290865,-3.089669,-3.909112,-4.172872,-2.867352,-2.74516,0.1219202,25,25,25,25,25,25,25,25,25,25,25,25,25,25,25,25,191,1910,-2.690086,-2.504376,-1.703595,-2.456502,166.357,140.7702,-2.873419,-1.826286,-2.460554,-2.83389,-1.84126,-3.097016,-2.561379,-2.562221,-2.529931,-3.052387,25,25,25,25,25,25,25,25,25,25,25,25,25,25,25,25,191,1910,-3.102155,-5.50043,-5.365367,-2.580066,-1.942716,-2.16634,-2.457533,-71.08829,-0.4923362,-0.7259026,0.4767353,0.242386,0.7702156,0.4458648,-0.0002536392,2.42908,24,24,24,24,24,24,24,24,24,24,24,24,24,24,25,25
192,1920,-35.35484,-59.0004,-17.97501,-15.71598,-13.75809,-11.11031,-9.700756,-8.278138,-6.439506,-5.906211,-3.683806,-4.791469,-2.623041,-3.225749,-2.267546,0.001151008,25,25,25,25,25,25,25,25,25,25,25,25,25,25,25,25,192,1920,-2.2866,-2.240784,-2.750958,-2.19795,165.8308,140.2793,-2.351028,-1.826286,-2.589976,-1.932677,-2.235441,-3.231721,-2.177436,-2.562221,-3.011632,-2.487321,25,25,25,25,25,25,25,25,25,25,25,25,25,25,25,25,192,1920,-1.723491,-4.73297,-5.237576,-3.224999,-3.108173,-2.675995,-2.716183,-71.96304,0.3731691,-0.6049488,0.2383394,0.1211143,0.1098226,-0.6657925,-0.2215859,2.897054,24,24,24,24,24,24,24,24,24,24,24,24,24,24,25,25
193,1930,-33.07011,-58.7586,-16.12879,-15.59418,-12.55119,-11.72737,-8.424618,-8.905071,-6.439506,-7.505984,-4.159114,-5.421723,-3.815218,-3.584146,-2.028739,-0.6024525,25,25,25,25,25,25,25,25,25,25,25,25,25,25,25,25,193,1930,-1.614124,-2.37258,-1.703595,-2.327225,164.7782,141.6292,-1.828636,-1.956637,-2.07229,-2.061421,-3.286592,-2.019374,-1.537537,-2.005409,-1.446102,-2.826391,25,25,25,25,25,25,25,25,25,25,25,25,25,25,25,25,193,1930,-1.838326,-5.1167,-4.981992,-1.935134,-2.331201,-2.293754,-3.104158,-71.96304,0.1258821,-0.0001765842,-0.2384526,-0.4852535,0.2198891,0.6681956,-0.4429166,3.014049,24,24,24,24,24,24,24,24,24,24,24,24,24,24,25,25
194,1940,-32.70937,-57.3176,-16.7442,-16.08137,-14.24085,-11.11031,-9.445528,-8.779685,-7.553,-6.644625,-4.634425,-5.421723,-3.576783,-2.270026,-2.148143,0.1218704,25,25,25,25,25,25,25,25,25,25,25,25,25,25,25,25,194,1940,-1.883114,-2.37258,-1.703595,-3.102881,165.0414,141.8747,-2.351028,-1.956637,-2.331132,-3.477613,-1.84126,-1.749963,-2.433397,-1.671322,-2.650356,-3.391509,25,25,25,25,25,25,25,25,25,25,25,25,25,25,25,25,194,1940,-2.068103,-3.965512,-4.343037,-2.580066,-1.942716,-1.274445,-1.422931,-72.40041,-1.234198,-0.2420842,0.7151313,0.6062073,0.1098226,-0.2211292,-0.4429166,3.599018,24,24,24,24,24,24,24,24,24,24,24,24,24,24,25,25
195,1950,-33.31061,-58.28498,-18.22117,-17.54296,-14.72361,-12.09761,-9.700756,-8.905071,-7.924165,-6.767694,-4.040288,-5.295672,-2.623041,-2.628421,-1.312318,-0.240291,25,25,25,25,25,25,25,25,25,25,25,25,25,25,25,25,195,1950,-2.2866,-1.054617,-3.143726,-2.068674,165.5676,142.2429,-3.004018,-2.086988,-2.589976,-2.5764,-1.709865,-2.6929,-1.793497,-2.228134,-2.650356,-2.600344,25,25,25,25,25,25,25,25,25,25,25,25,25,25,25,25,195,1950,-2.642545,-6.13998,-5.365366,-2.580066,-2.072211,-1.7841,-2.974833,-72.83778,0.2495256,-0.3630412,0.7151313,-1.334168,0.1098226,0.6681956,-0.0002536392,3.248033,24,24,24,24,24,24,24,24,24,24,24,24,24,24,25,25
196,1960,-31.74738,-58.8896,-17.23652,-17.29936,-15.0857,-14.31902,-9.445528,-10.15894,-7.800444,-7.997695,-4.277943,-5.421723,-3.099912,-3.225749,-2.148143,-0.9646139,25,25,25,25,25,25,25,25,25,25,25,25,25,25,25,25,196,1960,-1.748619,-1.977191,-3.143726,-2.197898,165.8308,141.1384,-2.351028,-3.129798,-2.460554,-2.061421,-2.104049,-2.827607,-2.049458,-3.453121,-2.891207,-2.939415,25,25,25,25,25,25,25,25,25,25,25,25,25,25,25,25,196,1960,-2.297878,-4.605061,-4.726409,-2.837987,-2.849182,-2.803408,-1.810907,-71.52567,0.620456,-0.3630412,0.3575374,0.6062073,-0.0002407967,-0.3322954,-0.6642489,3.131038,24,24,24,24,24,24,24,24,24,24,24,24,24,24,25,25
197,1970,-30.5449,-58.16406,-16.37495,-14.49799,-13.27532,-11.72737,-8.297004,-8.528912,-6.563227,-4.79859,-3.564978,-3.783062,-2.742259,-1.672698,-1.909336,0.6047529,25,25,25,25,25,25,25,25,25,25,25,25,25,25,25,25,197,1970,-2.555591,-3.163357,-2.489125,-2.068622,165.1729,142.3656,-2.481625,-3.129798,-2.589976,-1.546443,-2.366836,-1.749963,-2.177436,-2.562221,-1.205251,-2.600344,25,25,25,25,25,25,25,25,25,25,25,25,25,25,25,25,197,1970,-2.068103,-4.732971,-5.365366,-2.966973,-1.942766,-2.675995,-3.104158,-73.16582,-0.61598,0.7255493,0.5959333,-0.0001605311,-0.9908303,-0.1099638,-0.2215859,2.42908,24,24,24,24,24,24,24,24,24,24,24,24,24,24,25,25
198,1980,-29.8234,-57.3176,-16.12879,-13.76719,-12.1891,-10.49325,-7.53132,-7.901978,-6.068341,-5.290865,-3.564978,-3.657011,-2.265387,-2.031095,-1.073511,-0.11957,25,25,25,25,25,25,25,25,25,25,25,25,25,25,25,25,198,1980,-3.362563,-2.37258,-2.227286,-2.068622,166.0938,141.3839,-3.265214,-1.826286,-2.331132,-2.5764,-1.709865,-2.962312,-3.073296,-2.562221,-1.686953,-2.826391,25,25,25,25,25,25,25,25,25,25,25,25,25,25,25,25,198,1980,-2.068103,-4.732971,-4.343036,-2.451027,-2.460747,-2.038875,-1.293606,-71.74435,0.002237804,-0.9678101,1.191923,0.1211143,0.3299557,0.2235332,-0.2215859,3.482023,24,24,24,24,24,24,24,24,24,24,24,24,24,24,25,25
199,1990,-30.18415,-57.07575,-15.26722,-13.4018,-11.46497,-10.36984,-6.255181,-7.400433,-5.077553,-5.660073,-2.733186,-4.161214,-2.384605,-2.986818,-1.670528,-0.9646139,25,25,25,25,25,25,25,25,25,25,25,25,25,25,25,25,199,1990,-2.690086,-2.240784,-2.750964,-2.068622,165.6992,140.2793,-2.481625,-2.086988,-2.589976,-1.417698,-2.235441,-2.6929,-2.177436,-2.450858,-2.650356,-2.374297,25,25,25,25,25,25,25,25,25,25,25,25,25,25,25,25,199,1990,-2.182992,-5.37252,-5.365366,-2.709,-2.331252,-2.293703,-1.16423,-72.50976,-0.4923362,0.241731,0.7151313,-0.3639787,-1.100897,0.001201576,0.2210787,3.599018,24,24,24,24,24,24,24,24,24,24,24,24,24,24,25,25
200,2000,-30.5449,-56.71299,-14.77489,-13.4018,-11.82703,-10.36984,-7.148479,-7.651205,-5.077553,-4.429382,-3.446151,-4.035163,-2.861476,-2.270026,-1.909336,-0.11957,25,25,25,25,25,25,25,25,25,25,25,25,25,25,25,25,200,2000,-2.2866,-2.504376,-2.227286,-1.939346,164.252,140.2793,-2.742822,-1.826337,-2.07229,-2.318911,-3.41799,-2.288784,-2.561379,-3.119033,-2.048229,-3.391509,25,25,25,25,25,25,25,25,25,25,25,25,25,25,25,25,200,2000,-2.412767,-5.1167,-4.343036,-2.837987,-3.108223,-3.313011,-3.362759,-73.16582,-0.1214057,0.1207772,-0.3576505,0.6062073,0.2198891,0.1123678,-0.2215859,3.014049,24,24,24,24,24,24,24,24,24,24,24,24,24,24,25,25
201,2010,-35.71558,-57.19667,-17.97501,-17.54296,-15.68913,-13.20832,-10.72167,-9.532002,-6.934392,-7.751839,-3.683806,-6.178028,-3.576783,-3.225749,-2.148143,0.6047529,25,25,25,25,25,25,25,25,25,25,25,25,25,25,25,25,201,2010,-2.824582,-3.031561,-2.489125,-2.715002,165.5676,141.752,-2.873419,-2.478093,-2.719344,-2.962634,-2.235441,-2.6929,-2.945318,-2.450858,-2.409505,-4.069651,25,25,25,25,25,25,25,25,25,25,25,25,25,25,25,25,201,2010,-2.297878,-4.605061,-4.854201,-2.966973,-2.072261,-2.675943,-2.845458,-72.72844,-0.2450492,-0.2420842,0.8343292,0.6062073,-0.1103074,-0.4434609,0.2210787,3.014049,24,24,24,24,24,24,24,24,24,24,24,24,24,24,25,25
202,2020,-38.00031,-59.37329,-19.20583,-21.44053,-17.13742,-14.56585,-10.72167,-10.78587,-7.676722,-8.612335,-4.277943,-6.682232,-3.576783,-4.062009,-2.74516,-1.206054,25,25,25,25,25,25,25,25,25,25,25,25,25,25,25,25,202,2020,-2.824582,-1.713598,-2.489125,-2.197898,165.6992,142.1201,-2.742822,-2.478093,-3.495872,-2.318912,-2.235441,-2.154079,-1.921479,-2.562221,-2.409505,-2.487321,25,25,25,25,25,25,25,25,25,25,25,25,25,25,25,25,202,2020,-3.216989,-5.1167,-4.343036,-2.451027,-1.424785,-2.038875,-2.716132,-71.96304,0.002237804,-1.209727,0.2383394,0.6062073,0.2198891,0.3346986,0.1104133,2.42908,24,24,24,24,24,24,24,24,24,24,24,24,24,24,25,25
203,2030,-40.52553,-60.70346,-21.17513,-21.56233,-18.10294,-14.56585,-9.317915,-9.406616,-6.439506,-6.644629,-3.208547,-5.799876,-2.861476,-2.986818,-1.670528,0.1218704,25,25,25,25,25,25,25,25,25,25,25,25,25,25,25,25,203,2030,-2.2866,-2.899765,-3.143726,-2.327174,165.6992,141.3839,-2.089831,-3.390553,-2.20166,-2.576401,-2.366836,-2.423489,-1.537537,-2.673582,-2.048229,-2.035227,25,25,25,25,25,25,25,25,25,25,25,25,25,25,25,25,203,2030,-1.148992,-4.093421,-5.493157,-3.095959,-1.683776,-1.911462,-1.422881,-71.74435,0.1258821,0.4836321,0.9535273,-0.1214322,-1.100897,-0.5546262,-0.3322513,2.780059,24,24,24,24,24,24,24,24,24,24,24,24,24,24,25,25
204,2040,-39.20279,-59.85699,-21.54437,-21.56233,-19.55124,-13.94879,-10.59405,-9.155845,-6.563227,-6.52156,-4.040339,-5.422299,-2.980694,-2.628421,-2.148143,0.3633125,25,25,25,25,25,25,25,25,25,25,25,25,25,25,25,25,204,2040,-2.01761,-3.163357,-1.965447,-1.422242,164.5151,141.9974,-2.873419,-3.260201,-1.942818,-1.675188,-2.49823,-1.480551,-2.433397,-2.339497,-1.927804,-3.165462,25,25,25,25,25,25,25,25,25,25,25,25,25,25,25,25,204,2040,-1.608548,-5.37252,-3.83187,-2.451027,-1.554281,-2.166289,-2.198832,-71.85368,0.2495256,0.3626783,-0.834442,0.2423346,0.440019,0.1123678,-0.2215859,2.42908,24,24,24,24,24,24,24,24,24,24,24,24,24,24,25,25
205,2050,-39.20279,-61.30807,-21.17513,-22.17133,-18.5857,-14.81267,-11.35974,-9.532002,-6.934392,-7.628911,-3.446202,-6.052669,-2.980694,-4.539872,-2.267546,-1.206054,25,25,25,25,25,25,25,25,25,25,25,25,25,25,25,25,205,2050,-3.093572,-1.977191,-1.965447,-2.068622,165.436,140.7702,-3.52641,-1.695986,-1.813397,-2.061422,-1.972655,-2.6929,-2.561433,-2.339497,-1.446102,-3.052438,25,25,25,25,25,25,25,25,25,25,25,25,25,25,25,25,205,2050,-1.953214,-5.1167,-4.854201,-2.966973,-1.942766,-1.784048,-2.069506,-72.72844,0.1258821,-0.0001862161,1.072725,0.2423346,-0.2203739,0.1123678,0.442411,2.897054,24,24,24,24,24,24,24,24,24,24,24,24,24,24,25,25
206,2060,-40.16478,-61.67084,-21.54437,-22.53672,-19.91331,-15.92338,-11.35974,-10.5351,-7.800444,-8.24355,-3.683857,-6.178743,-3.099912,-3.464679,-2.506353,-0.3610104,25,25,25,25,25,25,25,25,25,25,25,25,25,25,25,25,206,2060,-2.555591,-2.504376,-1.965447,-1.680794,166.0938,140.893,-1.828636,-1.435283,-2.331081,-1.546443,-2.366836,-2.288784,-1.537591,-1.782679,-2.168654,-1.809179,25,25,25,25,25,25,25,25,25,25,25,25,25,25,25,25,206,2060,-2.412767,-4.732971,-4.726409,-2.32204,-1.165795,-1.911462,-3.104108,-71.635,-0.1214057,-1.330684,0.3575374,-0.2427584,-0.0002407967,0.001203181,0.2210787,2.546075,24,24,24,24,24,24,24,24,24,24,24,24,24,24,24,25
207,2070,-41.48752,-62.27545,-23.51367,-23.63291,-21.2409,-16.04679,-12.50826,-11.66358,-8.790217,-7.874767,-4.634476,-6.178743,-3.219129,-3.464679,-2.386949,0.001151008,25,25,25,25,25,25,25,25,25,25,25,25,25,25,25,25,207,2070,-2.01761,-1.318209,-1.703601,-2.327174,164.252,141.8747,-2.351028,-1.565634,-1.813397,-2.061422,-2.629625,-1.884668,-0.6417329,-2.450855,-1.205251,-2.939415,25,25,25,25,25,25,25,25,25,25,25,25,25,25,25,25,207,2070,-1.37877,-4.093421,-4.981992,-2.451027,-1.683776,-1.529221,-1.422881,-71.85368,-0.2450492,0.725543,1.668715,-0.1214835,-0.4405039,-0.6657909,-0.2215876,3.248033,24,24,24,24,24,24,24,24,24,24,24,24,24,24,24,25
208,2080,-41.60777,-62.27545,-22.15978,-22.65852,-19.06847,-16.29362,-11.23212,-10.66048,-8.419052,-8.24355,-3.802684,-6.304817,-3.338348,-4.659334,-2.74516,-1.809606,25,25,25,25,25,25,25,25,25,25,25,25,25,25,25,25,208,2080,-1.345133,-1.450006,-0.918084,-1.81007,164.7782,141.3839,-2.481625,-1.304932,-1.813397,-2.447656,-1.447079,-1.749963,-1.409613,-1.671319,-0.8439748,-2.487269,25,25,25,25,25,25,25,25,25,25,25,25,25,25,25,25,208,2080,-2.068103,-4.732971,-4.726409,-2.064068,-1.165795,-2.803357,-3.104108,-72.50976,0.002237804,0.2417246,0.3575374,0.1210629,-0.1103074,0.3347002,-0.1109206,2.910314,24,24,24,24,24,24,24,24,24,24,24,24,24,24,24,25
209,2090,-40.16478,-62.27545,-21.66745,-21.44053,-18.7064,-14.56585,-11.23212,-9.532002,-7.676722,-6.644629,-3.327375,-4.79193,-2.980694,-2.986817,-1.909335,0.4840832,25,25,25,25,25,25,25,25,25,25,25,25,25,25,25,25,209,2090,-1.883114,-0.6592283,-1.965447,-1.680794,165.0413,142.1201,-3.134616,-1.174581,-2.978186,-1.932677,-1.578471,-0.8070253,-1.281631,-0.7804173,-1.807378,-2.374246,25,25,25,25,25,25,25,25,25,25,25,25,25,25,25,25,209,2090,-1.034103,-4.349241,-4.470828,-2.193054,-1.683776,-1.146981,-1.293556,-72.40041,-0.8632674,-0.0001862161,1.191923,-0.36403,0.2198891,-0.3322938,-0.2215876,3.261351,24,24,24,24,24,24,24,24,24,24,24,24,24,24,24,25
210,2100,-41.12677,-62.03362,-23.88292,-22.78032,-20.75814,-15.42973,-11.87019,-11.03664,-8.542773,-6.39849,-4.396821,-5.548373,-3.457565,-3.225748,-1.670528,0.001202378,25,25,25,25,25,25,25,25,25,25,25,25,25,25,25,25,210,2100,-0.9416468,-1.713598,-2.096363,-1.551518,165.436,140.893,-1.959234,-1.956688,-1.554555,-0.7739748,-1.18429,-1.749963,-1.025672,-2.005406,-1.205251,-1.922152,25,25,25,25,25,25,25,25,25,25,25,25,25,25,25,25,210,2100,-1.608548,-5.116701,-4.981992,-2.193054,-1.0363,-1.274394,-2.328157,-71.52567,0.1258821,-0.846866,-0.4768485,-0.8491262,0.2198891,0.1123686,-0.0002552445,2.676285,24,24,24,24,24,24,24,24,24,24,24,24,24,24,24,25
211,2110,-42.81025,-62.27547,-22.89827,-21.31873,-17.01674,-14.31902,-10.21121,-9.28123,-7.676722,-6.275421,-3.327375,-5.170152,-2.384605,-3.823076,-2.267546,-0.8438416,25,25,25,25,25,25,25,25,25,25,25,25,25,25,25,25,211,2110,-1.479628,-2.37258,-1.310846,-1.939346,164.6466,142.2429,-2.612224,-1.826337,-1.683975,-1.160209,-1.84126,-1.211142,-2.177491,-2.450855,-1.446102,-2.487269,25,25,25,25,25,25,25,25,25,25,25,25,25,25,25,25,211,2110,-1.263881,-3.709692,-4.470828,-2.580014,-2.331252,-1.656635,-2.328157,-71.52567,0.002237804,-0.12114,0.3575374,0.6061559,0.440019,0.3347002,-0.1109206,3.261351,24,24,24,24,24,24,24,24,24,24,24,24,24,24,24,25
212,2120,-42.20901,-62.15454,-21.91362,-19.00455,-15.80982,-13.57855,-10.46644,-9.657391,-7.553,-6.890767,-3.683857,-4.79193,-2.980694,-3.345214,-2.028739,-0.4816801,25,25,25,25,25,25,25,25,25,25,25,25,25,25,25,25,212,2120,-2.555591,-1.845395,-1.310846,-1.680846,165.9623,140.7702,-2.089831,-1.956688,-2.20166,-2.190166,-1.315684,-2.6929,-2.305473,-2.005406,-1.205251,-2.82634,25,25,25,25,25,25,25,25,25,25,25,25,25,25,25,25,212,2120,-1.148992,-3.965512,-4.726411,-1.677107,-1.554281,-2.038875,-3.233433,-73.05647,-0.2450492,-0.3630476,0.8343292,-0.0002119011,-0.5505704,0.001203181,0.4424094,2.793299,24,24,24,24,24,24,24,24,24,24,24,24,24,24,24,25
213,2130,-40.76603,-61.91269,-22.40594,-18.76095,-17.49951,-14.31902,-11.99781,-9.908162,-8.171609,-7.136905,-3.683857,-4.79193,-2.980694,-2.270023,-1.909335,0.4840832,25,25,25,25,25,25,25,25,25,25,25,25,25,25,25,25,213,2130,-2.421096,-2.504376,-2.227286,-1.680846,165.6992,140.6475,-2.612224,-1.826337,-2.848766,-1.288953,-2.76102,-2.558195,-1.92153,-2.22813,-2.529931,-2.600293,25,25,25,25,25,25,25,25,25,25,25,25,25,25,25,25,213,2130,-2.182992,-4.732972,-4.215245,-2.451026,-2.719738,-2.54853,-1.940182,-71.96304,-0.4923362,-0.846866,0.7151313,0.6061559,0.440019,-0.109963,-0.9962498,3.027328,24,24,24,24,24,24,24,24,24,24,24,24,24,24,24,25
214,2140,-41.12677,-61.91269,-21.17513,-19.00455,-16.05122,-13.57855,-10.0836,-9.030457,-7.058114,-7.628911,-3.208547,-5.044078,-2.503823,-3.942542,-2.506353,-1.085284,25,25,25,25,25,25,25,25,25,25,25,25,25,25,25,25,214,2140,-1.345133,-1.450006,-1.703601,-2.068674,164.3835,141.6292,-2.351028,-2.08704,-2.331081,-2.83389,-3.023809,-1.884668,-1.793552,-2.22813,-1.566527,-3.391458,25,25,25,25,25,25,25,25,25,25,25,25,25,25,25,25,214,2140,-1.838326,-5.116701,-5.74874,-2.837986,-2.460748,-1.529222,-2.457482,-72.61909,0.9913873,0.4836321,1.191923,0.1210629,-0.2203739,0.223534,0.3317424,3.027328,24,24,24,24,24,24,24,24,24,24,24,24,24,24,24,25
215,2150,-41.36727,-63.001,-22.77518,-21.80593,-18.10296,-14.44244,-10.72167,-9.657391,-7.305557,-6.644629,-2.733238,-4.413708,-2.742259,-3.106282,-1.909335,0.2426428,25,25,25,25,25,25,25,25,25,25,25,25,25,25,25,25,215,2150,-2.01761,-2.240784,-1.834524,-2.585778,164.6466,141.6292,-1.828636,-1.826337,-2.072239,-3.09138,-2.235441,-2.288784,-1.793552,-1.782679,-2.409505,-3.165411,25,25,25,25,25,25,25,25,25,25,25,25,25,25,25,25,215,2150,-2.412767,-4.605062,-4.343037,-3.095958,-2.590243,-3.185598,-1.293554,-71.41632,-0.2450492,0.2417246,-0.1192546,-0.2427584,0.2198891,-0.2211284,-0.5535852,2.559271,24,24,24,24,24,24,24,24,24,24,24,24,24,24,24,25
216,2160,-40.88628,-63.36378,-22.89827,-20.70973,-17.86157,-14.0722,-10.9769,-9.657391,-7.305557,-6.644629,-3.683857,-4.287634,-2.861476,-2.986817,-2.506353,-0.2402397,25,25,25,25,25,25,25,25,25,25,25,25,25,25,25,25,216,2160,-2.01761,-1.581802,-2.489125,-1.939398,165.6992,141.8747,-2.612224,-1.695934,-2.719344,-1.675188,-1.972655,-1.749963,-1.537591,-2.005406,-2.770782,-2.487269,25,25,25,25,25,25,25,25,25,25,25,25,25,25,25,25,216,2160,-1.493659,-4.093422,-4.726411,-3.224945,-1.554282,-1.274395,-1.940181,-73.05647,-0.9869109,-0.2420938,0.8343292,-0.2427584,-0.0002407967,-0.3322938,0.3317424,3.729408,24,24,24,24,24,24,24,24,24,24,24,24,24,24,24,25
217,2170,-39.80404,-62.88008,-22.28286,-21.68413,-17.25812,-13.94879,-9.190301,-9.28123,-6.563227,-7.505984,-3.683857,-5.422299,-3.099912,-5.137197,-3.222774,-1.085284,25,25,25,25,25,25,25,25,25,25,25,25,25,25,25,25,217,2170,-1.076142,-1.977191,-1.834524,-1.680846,165.1729,140.893,-2.089831,-2.478042,-1.81345,-1.031464,-0.7901086,-1.480551,-0.8976917,-2.562218,-1.686952,-1.583081,25,25,25,25,25,25,25,25,25,25,25,25,25,25,25,25,217,2170,-2.642545,-4.860882,-4.470828,-2.32204,-1.424786,-2.038876,-2.198831,-71.96304,0.2495256,-0.12114,-0.1192546,-0.8491262,-0.6606338,0.223534,-0.1109206,2.559271,24,24,24,24,24,24,24,24,24,24,24,24,24,24,24,25
218,2180,-39.68379,-62.03362,-22.15978,-21.19693,-17.49951,-13.82538,-9.445528,-9.030457,-6.563227,-6.398489,-3.327375,-5.422299,-2.980694,-3.345214,-2.386949,0.1219218,25,25,25,25,25,25,25,25,25,25,25,25,25,25,25,25,218,2180,-1.076142,-1.845395,-0.918084,-0.7759136,164.9098,142.2429,-2.873419,-2.21734,-1.295766,-0.7739748,-1.578471,-1.076437,-1.92153,-0.891781,-1.325677,-1.809128,25,25,25,25,25,25,25,25,25,25,25,25,25,25,25,25,218,2180,-1.148992,-4.221333,-4.854201,-2.580013,-1.424786,-0.3824999,-1.810855,-71.85368,-0.7396239,-0.3630444,0.5959333,-0.0002119011,-0.4405039,-0.109963,-0.0002552445,2.793299,24,24,24,24,24,24,24,24,24,24,25,24,24,24,24,25
219,2190,-41.12677,-61.429,-22.40594,-19.61354,-17.74088,-13.70197,-11.23212,-10.03355,-8.171609,-7.38304,-5.109736,-6.430891,-3.576783,-4.420404,-2.74516,-0.1195186,25,25,25,25,25,25,25,25,25,25,25,25,25,25,25,25,219,2190,-2.2866,-1.713598,-0.918084,-1.810122,165.6992,140.6475,-3.395811,-0.7834754,-1.81345,-1.932677,-1.315684,-2.558195,-2.049512,-1.671319,-1.325677,-2.713316,25,25,25,25,25,25,25,25,25,25,25,25,25,25,25,25,219,2190,-0.9192141,-3.453873,-5.109784,-1.290147,-1.036301,-2.293703,-2.069506,-72.07238,0.4968126,0.3626816,1.072777,0.2423346,-0.2203739,0.223534,-0.2215876,2.910314,24,24,24,24,24,24,24,24,24,24,25,24,24,24,24,25
220,2200,-38.36105,-61.30808,-20.55972,-18.39556,-15.56846,-13.70197,-10.33883,-9.155845,-7.058114,-7.75184,-4.396771,-6.430891,-4.053654,-4.7788,-3.103371,-0.9645625,25,25,25,25,25,25,25,25,25,25,25,25,25,25,25,25,220,2200,-1.345133,-1.450006,-2.096363,-1.422294,165.3045,140.4021,-2.089831,-1.174529,-2.719398,-1.031464,-3.023809,-2.154079,-2.049512,-1.671319,-2.409505,-2.148199,25,25,25,25,25,25,25,25,25,25,25,25,25,25,25,25,220,2200,-1.953214,-4.349242,-4.215245,-2.580013,-1.942767,-2.038876,-1.68153,-72.40041,0.2495256,-0.2420906,0.8343815,0.1210597,-0.1103074,0.1123686,-0.6642522,3.495379,24,24,24,24,24,24,24,24,24,24,25,24,24,24,24,25
221,2210,-37.75981,-60.70346,-20.80588,-18.76095,-15.93053,-13.20832,-10.21121,-9.782776,-6.563227,-7.259972,-4.5156,-5.422299,-3.219181,-4.062007,-2.506353,0.001202378,25,25,25,25,25,25,25,25,25,25,25,25,25,25,25,25,221,2210,-1.883114,-2.504376,-1.834524,-1.939398,165.1729,141.8747,-2.351028,-1.826286,-1.684028,-2.447656,-2.366836,-2.019374,-1.665515,-2.22813,-1.566527,-2.487269,25,25,25,25,25,25,25,25,25,25,25,25,25,25,25,25,221,2210,-1.953214,-5.116701,-4.598619,-2.32204,-2.072262,-1.784049,-2.328156,-72.18172,0.002237804,-0.0001797949,0.3575899,-0.7278546,-0.0001926374,-0.2211284,0.2210771,4.197459,24,24,24,24,24,24,24,24,24,24,25,24,24,24,24,25
222,2220,-40.04454,-60.70346,-21.54437,-18.15195,-16.1719,-12.83808,-10.0836,-8.90507,-6.686948,-6.275419,-4.396771,-5.548373,-3.576834,-3.464681,-2.267546,-0.2402397,25,25,25,25,25,25,25,25,25,25,25,25,25,25,25,25,222,2220,-2.152105,-1.713598,-1.965447,-2.456502,165.436,141.8747,-2.22043,-0.7834754,-2.331135,-2.705146,-1.447079,-1.480551,-1.793494,-2.116767,-2.409505,-3.165411,25,25,25,25,25,25,25,25,25,25,25,25,25,25,25,25,222,2220,-2.297878,-3.837602,-4.343037,-2.708999,-3.367214,-1.784049,-2.457481,-71.85368,0.002237804,0.3626816,0.7151834,0.7274244,-0.1102592,0.3346488,-0.9962498,3.144343,24,24,24,24,24,24,24,24,24,24,25,24,24,24,25,25
223,2230,-39.08255,-60.9453,-20.43664,-18.15195,-14.36155,-10.9869,-7.403706,-7.400432,-5.077553,-5.413936,-3.327326,-4.918004,-2.384656,-4.300941,-2.745212,-1.085284,25,25,25,25,25,25,25,25,25,25,25,25,25,25,25,25,223,2230,-2.2866,-1.977191,-3.143726,-2.19795,165.0413,141.3839,-2.481625,-1.826286,-3.495925,-2.061422,-2.104049,-2.558195,-1.921476,-2.339494,-2.650408,-2.374246,25,25,25,25,25,25,25,25,25,25,25,25,25,25,25,25,223,2230,-1.493659,-4.860882,-4.726411,-3.482919,-2.201758,-1.911463,-3.492083,-73.16582,-0.1214057,-0.2420906,1.072777,0.1210597,-0.9907821,-0.2211798,0.6637449,3.027328,24,24,24,24,24,24,24,24,24,24,25,24,24,24,25,25
224,2240,-38.7218,-61.54993,-21.54437,-18.15195,-13.87878,-10.12302,-5.744726,-6.39734,-4.705958,-4.552453,-3.208497,-3.783338,-2.503875,-2.986818,-1.67058,-0.240291,25,25,25,25,25,25,25,25,25,25,25,25,25,25,25,25,224,2240,-1.614124,-2.240784,-1.834524,-1.422294,165.8307,141.1384,-1.698037,-3.26015,-1.684028,-1.160209,-1.972655,-1.884668,-0.7696553,-2.22813,-1.205303,-2.035227,25,25,25,25,25,25,25,25,25,25,25,25,25,25,25,25,224,2240,-2.757434,-4.732972,-4.087453,-2.193053,-1.683777,-1.784049,-2.069506,-71.85368,0.7441003,-1.209724,0.238392,-0.1214868,0.3300039,0.6681458,-0.0002504286,2.897003,24,24,24,24,24,24,24,24,24,24,25,24,24,24,25,25
225,2250,-36.19658,-60.58254,-20.55972,-15.35058,-12.55119,-9.01231,-6.382795,-6.522726,-4.582094,-4.675521,-3.446152,-3.657264,-2.861528,-2.747887,-2.02879,-0.240291,25,25,25,25,25,25,25,25,25,25,25,25,25,25,25,25,225,2250,-2.421096,-1.845395,-1.834524,-1.55157,164.9098,141.0157,-3.395811,-2.086988,-1.295766,-1.675187,-1.709865,-1.615258,-2.689354,-1.671319,-1.084877,-2.374297,25,25,25,25,25,25,25,25,25,25,25,25,25,25,25,25,225,2250,-1.72344,-4.349242,-4.854201,-1.93508,-0.6478153,-1.401809,-2.716131,-71.635,-0.9869109,0.6045924,0.5959855,-0.4853081,-0.8807188,-0.1100144,-0.1109174,3.247982,24,24,24,24,24,24,24,24,24,24,25,24,24,24,25,25
226,2260,-36.43708,-59.73608,-20.19048,-14.74158,-11.10289,-7.901603,-5.617111,-4.516541,-3.591175,-4.183246,-2.970842,-3.531191,-1.550133,-3.823078,-2.148194,-0.4817315,25,25,25,25,25,25,25,25,25,25,25,25,25,25,25,25,226,2260,-1.479628,-1.450006,-1.572685,-1.163742,165.0413,140.0339,-2.742822,-1.565583,-2.331135,-1.031464,-1.709865,-2.154079,-0.8976355,-1.225867,-1.325728,-1.809179,25,25,25,25,25,25,25,25,25,25,25,25,25,25,25,25,226,2260,-1.493662,-3.709692,-3.831871,-2.32204,-1.942767,-2.421117,-2.069506,-71.74435,-0.2450492,-0.2420906,0.238392,0.6061527,0.4400672,0.3346488,-1.328243,3.247982,24,24,24,24,24,24,24,24,24,24,25,24,24,24,25,25
227,2270,-36.79782,-60.70346,-20.6828,-17.05577,-11.94773,-8.518662,-4.5962,-4.391154,-2.724121,-2.952554,-2.495533,-2.648673,-1.430915,-2.389492,-1.551176,0.2425914,25,25,25,25,25,25,25,25,25,25,25,25,25,25,25,25,227,2270,-1.076142,-0.7910244,-1.572679,-0.9051893,165.1729,140.2793,-2.22043,-0.2620703,-1.942871,-1.546443,-2.49823,-2.288784,-1.793494,-1.782679,-2.289132,-2.14825,25,25,25,25,25,25,25,25,25,25,25,25,25,25,25,25,227,2270,-1.493662,-3.709692,-4.59862,-2.32204,-1.036301,-1.529222,-1.810855,-72.50976,-0.4923365,-0.2420906,0.8343815,0.4848779,0.2199373,-0.1100144,-0.2215827,3.364977,24,24,24,24,24,24,24,24,24,24,25,24,24,24,25,25
228,2280,-39.80404,-60.82439,-22.65211,-17.90836,-14.24085,-8.518662,-4.468586,-4.767314,-3.46731,-2.829486,-2.970842,-2.144313,-2.623092,-1.672698,-1.312369,0.3633125,25,25,25,25,25,25,25,25,25,25,25,25,25,25,25,25,228,2280,-1.479628,-1.713598,-1.834518,-1.810122,164.1204,141.2611,-1.959234,-2.21734,-1.942871,-1.803933,-1.84126,-1.749963,-1.281576,-2.005406,-1.084877,-2.600344,25,25,25,25,25,25,25,25,25,25,25,25,25,25,25,25,228,2280,-2.412773,-4.477151,-4.470828,-2.322093,-1.942767,-2.16629,-1.293554,-71.96304,0.002237804,-0.604952,-0.119202,-0.3640365,-0.1102592,0.4458142,0.3317472,2.312034,24,24,24,24,24,24,24,24,24,24,25,24,24,24,25,25
229,2290,-39.44329,-61.06623,-21.17513,-18.27376,-14.24085,-10.61667,-5.872339,-5.519633,-2.971851,-3.814038,-2.139051,-2.522599,-1.66935,-3.106284,-1.192966,-0.7231735,25,25,25,25,25,25,25,25,25,25,25,25,25,25,25,25,229,2290,-1.883114,-1.581802,-1.441756,-2.585778,165.3045,141.5066,-2.22043,-1.174529,-1.942871,-2.5764,-2.104049,-2.019374,-2.049454,-1.559955,-2.289132,-2.713368,25,25,25,25,25,25,25,25,25,25,25,25,25,25,25,25,229,2290,-0.9192173,-3.453871,-5.109785,-2.83804,-1.554231,-1.529222,-1.940181,-71.635,-0.61598,0.4836354,0.9535794,-0.0002151117,-0.3303891,-0.1100144,0.3317472,3.364977,24,24,24,24,24,24,24,24,24,24,25,24,24,24,25,25
230,2300,-39.6838,-60.9453,-21.17513,-16.32497,-12.79256,-9.62937,-4.979042,-4.767314,-2.600256,-3.075624,-2.376706,-1.639883,-1.073261,-2.15056,-1.073562,0.1218704,25,25,25,25,25,25,25,25,25,25,25,25,25,25,25,25,230,2300,-2.152105,-1.186413,-2.489119,-1.939398,165.5676,141.7521,-2.22043,-1.044178,-2.589977,-1.546443,-1.972655,-2.019374,-1.537537,-1.559955,-2.529983,-2.487321,25,25,25,25,25,25,25,25,25,25,25,25,25,25,25,25,230,2300,-2.182996,-4.093421,-4.087454,-1.67716,-2.201707,-2.675995,-2.586807,-71.85368,0.620456,0.8464999,1.072777,-0.1214868,0.8803303,0.1123172,-0.1109174,2.546024,24,24,24,24,24,24,24,24,24,24,25,24,24,24,25,25
231,2310,-39.80404,-60.09884,-19.82123,-15.35058,-12.79256,-8.271838,-5.999954,-5.018087,-3.838905,-3.444831,-2.376706,-2.018205,-1.66935,-2.031095,-1.312369,-0.240291,25,25,25,25,25,25,25,25,25,25,25,25,25,25,25,25,231,2310,-0.6726559,-2.240784,-2.22728,-1.55157,165.5676,141.2612,-1.959234,-2.738745,-2.460555,-1.546443,-2.104049,-2.423489,-1.921476,-2.562218,-2.168706,-2.939415,25,25,25,25,25,25,25,25,25,25,25,25,25,25,25,25,231,2310,-2.182996,-3.965512,-4.59862,-2.709053,-2.849183,-1.656686,-2.328207,-72.18172,-0.4923365,-0.0001797949,0.9535794,-0.1214868,0.3300039,-0.1100144,-0.1109174,3.364977,24,24,24,24,24,24,24,24,24,24,25,24,24,24,25,25
232,2320,-38.84205,-59.73608,-18.95966,-15.95958,-12.55117,-9.012309,-5.489498,-5.268861,-3.095716,-3.937107,-2.376706,-2.522599,-1.430915,-3.345215,-1.192966,-0.8438929,25,25,25,25,25,25,25,25,25,25,25,25,25,25,25,25,232,2320,-2.421096,-2.767969,-1.834518,-2.327225,164.6467,141.1385,-2.873419,-1.956637,-2.460555,-1.288953,-2.104049,-1.480551,-1.793494,-2.562218,-1.927855,-2.939415,25,25,25,25,25,25,25,25,25,25,25,25,25,25,25,25,232,2320,-2.412773,-5.24461,-4.215246,-2.193107,-1.683726,-1.019618,-2.586858,-72.50976,0.2495256,-0.4839981,0.9535794,-0.3640365,-0.5505223,0.3346488,0.4424126,3.013998,24,24,24,24,24,24,24,24,24,24,25,24,24,24,25,25
233,2330,-37.39907,-60.46162,-19.45199,-16.32497,-12.79256,-8.271838,-4.468586,-5.143475,-2.72407,-3.198693,-1.901396,-2.648673,-2.384656,-2.628421,-2.267597,0.001151008,25,25,25,25,25,25,25,25,25,25,25,25,25,25,25,25,233,2330,-2.2866,-2.108987,-1.965441,-1.939398,165.3045,140.2794,-2.742822,-1.695934,-1.942818,-1.803933,-1.18429,-2.288784,-2.049454,-1.782679,-1.566579,-2.035227,25,25,25,25,25,25,25,25,25,25,25,25,25,25,25,25,233,2330,-1.838329,-3.965512,-4.854201,-3.224999,-2.849183,-1.529273,-1.810907,-71.19762,-0.61598,-0.4839981,1.549569,0.4848779,-0.1102592,-0.8881738,-0.2215827,3.247982,24,24,24,24,24,24,24,24,24,24,25,24,24,24,25,25
234,2340,-37.63956,-60.21977,-20.55972,-15.35058,-12.43049,-7.16113,-4.979042,-4.892701,-4.334312,-3.937108,-2.61436,-2.900821,-2.146221,-2.628421,-1.551176,0.1218704,25,25,25,25,25,25,25,25,25,25,25,25,25,25,25,25,234,2340,-1.883114,-1.318209,-1.965441,-1.939398,164.9098,139.1749,-2.22043,-0.7834754,-1.813397,-1.288953,-2.629625,-1.615258,-1.281576,-1.337231,-1.325728,-1.470109,25,25,25,25,25,25,25,25,25,25,25,25,25,25,25,25,234,2340,-1.72344,-3.965512,-4.981994,-1.806147,-1.165745,-1.529273,-2.716183,-72.07238,-0.3686927,0.4836418,0.7151834,-0.3640365,-0.3303891,0.1123172,0.1104149,2.312034,24,24,24,24,24,24,24,24,24,24,24,24,24,24,25,25
235,2350,-36.31683,-59.97792,-18.7135,-14.86339,-10.49944,-6.667483,-3.830517,-5.143475,-2.72407,-3.567901,-2.257877,-3.405117,-2.265439,-3.703612,-2.387001,-1.447496,25,25,25,25,25,25,25,25,25,25,25,25,25,25,25,25,235,2350,-1.210638,-1.186413,-2.358196,-1.034465,164.5151,140.6476,-2.481625,-1.044178,-1.166291,-1.932677,-1.578471,-2.154079,-1.153596,-2.22813,-0.8440261,-2.374297,25,25,25,25,25,25,25,25,25,25,25,25,25,25,25,25,235,2350,-1.608551,-3.325962,-3.576289,-1.032227,-0.9067545,-1.401859,-1.034956,-71.85368,0.4968126,-0.483995,0.834381,0.7274244,0.8803303,0.8904766,-0.3322497,3.715955,24,24,24,24,24,24,24,24,24,24,24,24,24,24,25,25
236,2360,-36.55733,-59.85699,-17.48269,-12.18381,-8.689075,-5.556776,-2.554378,-3.889608,-2.352475,-2.706418,-1.66374,-2.01817,-1.788568,-1.672698,-1.789983,0.3633125,25,25,25,25,25,25,25,25,25,25,25,25,25,25,25,25,236,2360,-1.210638,-1.450006,-1.310833,-2.327225,164.3835,141.2612,-2.742822,-0.6531242,-1.942818,-2.83389,-1.709865,-1.480603,-2.049454,-1.448593,-2.168706,-2.374297,25,25,25,25,25,25,25,25,25,25,25,25,25,25,25,25,236,2360,-1.493662,-5.372519,-4.726411,-1.935134,-2.072211,-1.274445,-2.069557,-72.72844,0.002237804,0.3626848,0.4767871,-0.6065283,-0.5505223,0.001151811,-0.5535804,2.780008,24,24,24,24,24,24,24,24,24,24,24,24,24,24,25,25
237,2370,-36.07634,-58.64777,-16.37495,-9.991425,-8.327007,-4.692892,-3.958131,-3.889608,-2.847934,-2.829486,-2.376704,-2.270431,-2.384607,-2.031095,-1.073562,-0.8438929,25,25,25,25,25,25,25,25,25,25,25,25,25,25,25,25,237,2370,-1.210638,-1.186413,-2.358196,-0.9051893,165.5676,141.5066,-1.175645,-0.6531242,-2.589924,-1.031464,-1.315684,-2.558247,-1.281579,-2.22813,-2.289132,-2.261274,25,25,25,25,25,25,25,25,25,25,25,25,25,25,25,25,237,2370,-1.608551,-3.453871,-3.576289,-1.935134,-2.460697,-2.548581,-2.716183,-71.85368,0.1258821,0.4836418,0.4767871,0.8487538,0.3299525,-0.1100144,-0.442915,3.247982,24,24,24,24,24,24,24,24,24,24,24,24,24,24,25,25
238,2380,-32.82962,-57.31761,-13.54408,-7.920841,-5.671809,-4.199244,-2.171535,-3.137289,-1.98088,-2.583348,-1.426085,-2.396502,-1.073212,-2.747887,-0.5959477,-1.085335,25,25,25,25,25,25,25,25,25,25,25,25,25,25,25,25,238,2380,-2.01761,-2.37258,-2.620042,-2.585778,165.0414,140.034,-2.089831,-2.608393,-2.331081,-2.318911,-1.972655,-2.15413,-2.305418,-3.453121,-2.529983,-3.052438,25,25,25,25,25,25,25,25,25,25,25,25,25,25,25,25,238,2380,-1.72344,-3.453871,-4.854201,-2.709053,-2.201707,-2.675995,-1.681581,-72.29106,0.2495256,0.1207772,0.834381,0.7274789,-0.2203771,0.1123678,0.3317472,3.013998,24,24,24,24,24,24,24,24,24,24,24,24,24,24,24,25
239,2390,-32.10813,-58.04315,-13.29792,-9.504229,-7.361483,-5.556776,-2.554378,-4.014995,-2.352475,-2.952555,-1.782567,-2.648604,-1.907736,-2.986818,-1.431773,-0.4817315,25,25,25,25,25,25,25,25,25,25,25,25,25,25,25,25,239,2390,-3.228068,-2.899765,-2.22728,-1.810122,164.3835,141.3839,-2.481625,-2.347691,-1.554555,-2.061421,-2.49823,-2.692951,-2.945318,-2.896309,-1.927855,-3.504533,25,25,25,25,25,25,25,25,25,25,25,25,25,25,25,25,239,2390,-2.642548,-4.477151,-4.981994,-2.451079,-2.590192,-3.058235,-4.268085,-72.61909,0.002237804,-0.1211304,-4.414606E-06,0.3636608,0.2198859,0.1123678,0.2210787,2.663019,24,24,24,24,24,24,24,24,24,24,24,24,24,24,24,25
240,2400,-33.79161,-57.68038,-14.15948,-9.260631,-8.447701,-5.433363,-4.213358,-4.391155,-3.343394,-3.567901,-3.089669,-3.152807,-3.338349,-3.106284,-1.67058,0.001202378,25,25,25,25,25,25,25,25,25,25,25,25,25,25,25,25,240,2400,-3.497058,-2.108987,-1.965441,-2.84433,165.8308,139.5431,-2.612224,-2.086988,-2.719344,-2.061421,-1.972655,-3.63589,-3.073296,-2.673582,-2.409557,-3.165462,25,25,25,25,25,25,25,25,25,25,25,25,25,25,25,25,240,2400,-1.378773,-4.477151,-4.981994,-3.482972,-2.849183,-3.313062,-2.586858,-71.96304,-0.7396239,0.8465031,0.834381,0.1211143,-0.4405071,0.1123678,-0.4429166,3.248033,24,24,24,24,24,24,24,24,24,24,24,24,24,24,24,25
241,2410,-34.39285,-57.8013,-12.80559,-8.164439,-7.120095,-5.556776,-4.085744,-5.268861,-2.847934,-4.552454,-2.257877,-4.287265,-2.980695,-4.181475,-1.789983,-1.568164,25,25,25,25,25,25,25,25,25,25,25,25,25,25,25,25,241,2410,-2.555642,-2.240784,-3.14372,-1.810122,163.5942,140.5248,-2.351028,-1.826286,-3.36645,-1.546443,-3.549382,-2.42354,-2.817336,-2.562221,-2.529983,-3.391509,25,25,25,25,25,25,25,25,25,25,25,25,25,25,25,25,241,2410,-2.412825,-4.86088,-4.726411,-2.580066,-3.367164,-3.058235,-2.457533,-71.96304,0.2495256,0.4836418,-0.1192024,-0.242707,0.7702124,0.5570302,-0.0002536392,2.66307,24,24,24,24,24,24,24,24,24,24,24,24,24,24,24,25
242,2420,-35.35484,-58.64777,-13.05175,-10.47862,-8.206313,-6.420659,-4.340972,-4.516542,-3.095664,-4.060177,-2.257877,-3.278858,-2.74226,-2.747887,-1.909387,0.4840832,25,25,25,25,25,25,25,25,25,25,25,25,25,25,25,25,242,2420,-2.286652,-2.504376,-1.703595,-2.585778,164.3835,140.893,-2.351028,-3.26015,-2.460502,-3.220124,-2.76102,-2.558247,-2.561379,-3.564485,-2.409557,-3.843603,25,25,25,25,25,25,25,25,25,25,25,25,25,25,25,25,242,2420,-2.412825,-4.732971,-4.470828,-3.096012,-3.755649,-2.675995,-1.164281,-72.61909,-0.61598,-0.2420842,0.3575891,0.8487538,0.7702124,0.3346986,-0.3322513,3.014049,24,24,24,24,24,24,24,24,24,24,24,24,24,24,24,25
243,2430,-38.4813,-59.13146,-15.02106,-12.7928,-11.34427,-7.037719,-4.979042,-5.143475,-3.467258,-3.937108,-3.446151,-3.909112,-2.861478,-3.106284,-1.789983,-0.2402397,25,25,25,25,25,25,25,25,25,25,25,25,25,25,25,25,243,2430,-3.093624,-1.977191,-2.096363,-3.490709,164.5151,141.0157,-2.873419,-1.435232,-2.589924,-2.705145,-1.84126,-2.692951,-2.433397,-2.339497,-3.372961,-3.052438,25,25,25,25,25,25,25,25,25,25,25,25,25,25,25,25,243,2430,-2.872377,-5.50043,-4.854201,-2.83804,-2.201707,-2.293754,-2.328207,-72.61909,0.3731691,0.8465031,0.7151831,-0.3639787,-0.2203771,0.4458648,0.5530763,3.599018,24,24,24,24,24,24,24,24,24,24,24,24,24,24,24,25
244,2440,-39.92429,-59.73608,-14.40565,-12.18381,-9.533906,-7.407955,-4.340972,-5.394248,-3.591123,-5.167799,-2.495532,-4.413316,-2.623042,-4.062009,-2.148194,-0.8438416,25,25,25,25,25,25,25,25,25,25,25,25,25,25,25,25,244,2440,-2.690138,-2.504376,-3.536488,-2.715002,164.6467,140.5248,-1.959234,-2.478042,-3.625292,-2.5764,-2.235441,-2.692951,-2.177436,-2.562221,-2.650408,-2.826391,25,25,25,25,25,25,25,25,25,25,25,25,25,25,25,25,244,2440,-2.297936,-4.221332,-4.598618,-2.966973,-3.755649,-3.313062,-2.457533,-71.52567,0.002237804,-0.1211304,-0.1192024,0.1211143,0.2198859,-0.1099638,-0.6642489,2.66307,24,24,24,24,24,24,24,24,24,24,24,24,24,24,24,25
245,2450,-37.88006,-59.85699,-14.89798,-12.671,-10.01667,-7.77819,-4.979042,-5.268861,-2.72407,-3.444832,-2.614359,-3.278858,-2.623042,-2.747887,-1.789983,-0.3609591,25,25,25,25,25,25,25,25,25,25,25,25,25,25,25,25,245,2450,-2.555642,-3.031561,-2.358209,-2.068622,163.7257,140.893,-2.351028,-3.390501,-2.589924,-1.546443,-2.366836,-2.15413,-2.945318,-3.00767,-2.168706,-2.713368,25,25,25,25,25,25,25,25,25,25,25,25,25,25,25,25,245,2450,-1.953269,-4.477151,-4.215244,-2.709,-1.813271,-2.293754,-2.716183,-73.71253,0.002237804,0.4836418,0.834381,0.3636608,0.1098194,-0.2211292,0.5530763,3.599018,24,24,24,24,24,24,24,24,24,24,24,24,24,24,24,25
246,2460,-36.55732,-58.64777,-16.00571,-13.28,-12.91325,-8.025015,-6.638023,-5.394248,-3.714988,-3.814039,-3.208496,-3.404909,-2.861478,-2.867352,-1.431773,0.2426428,25,25,25,25,25,25,25,25,25,25,25,25,25,25,25,25,246,2460,-2.690138,-2.636173,-1.834524,-2.068622,163.9888,141.0157,-3.134616,-2.738745,-1.942818,-2.318911,-2.49823,-2.15413,-3.201278,-2.228134,-2.168706,-2.14825,25,25,25,25,25,25,25,25,25,25,25,25,25,25,25,25,246,2460,-2.412825,-5.1167,-4.726409,-2.451027,-1.813271,-2.548531,-2.586858,-71.41632,-0.4923365,-0.7259026,0.4767871,0.4849325,0.3299525,0.6681956,0.5530763,2.19509,24,24,24,24,24,24,24,24,24,24,24,24,24,24,24,25
247,2470,-36.19658,-58.52684,-14.40565,-12.18381,-10.62012,-8.395251,-5.489498,-5.770407,-3.219529,-4.675522,-2.495532,-4.161214,-2.146171,-3.942544,-1.67058,-0.9645625,25,25,25,25,25,25,25,25,25,25,25,25,25,25,25,25,247,2470,-2.690138,-2.108987,-1.441762,-1.939346,165.1729,140.4021,-2.612224,-1.565583,-2.331081,-1.546443,-1.709865,-3.366477,-2.049458,-2.005409,-2.529983,-2.14825,25,25,25,25,25,25,25,25,25,25,25,25,25,25,25,25,247,2470,-1.493713,-4.477151,-4.854201,-3.095959,-1.942766,-1.784049,-2.198831,-71.96304,-0.9869109,0.3626848,1.549569,0.4849325,-0.4405071,-0.1099638,0.2210787,4.417971,24,24,24,24,24,24,24,24,24,24,24,24,24,24,24,25
248,2480,-38.84205,-59.49423,-16.62112,-15.83778,-13.51671,-9.382546,-5.999954,-5.394247,-3.962718,-3.937108,-2.139049,-3.026756,-2.623042,-2.628421,-2.02879,0.001202378,25,25,25,25,25,25,25,25,25,25,25,25,25,25,25,25,248,2480,-2.690138,-1.977191,-2.489125,-1.81007,163.331,140.2794,-2.742822,-1.695986,-2.978186,-2.83389,-3.155201,-2.288835,-2.305418,-2.450858,-2.289132,-3.052438,25,25,25,25,25,25,25,25,25,25,25,25,25,25,25,25,248,2480,-1.608602,-5.244611,-4.470828,-2.193054,-2.719738,-3.822666,-2.974782,-72.40041,-0.1214057,0.4836418,0.3575891,-1.091621,-0.0002440073,0.5570302,-0.2215859,2.312085,24,24,24,24,24,24,24,24,24,24,24,24,24,24,24,25
249,2490,-38.36105,-58.285,-16.12879,-14.49799,-12.79256,-8.025015,-6.765638,-5.143474,-4.2105,-4.429384,-3.802633,-3.53096,-2.74226,-2.508957,-2.267597,-0.2402397,25,25,25,25,25,25,25,25,25,25,25,25,25,25,25,25,249,2490,-1.74867,-2.240784,-2.096363,-1.939346,164.252,141.0157,-2.089831,-1.826337,-1.295764,-2.962634,-2.104049,-2.019425,-1.153598,-1.894046,-1.205303,-3.052438,25,25,25,25,25,25,25,25,25,25,25,25,25,25,25,25,249,2490,-2.527714,-4.221332,-3.959662,-2.966973,-1.813271,-1.274395,-2.716131,-72.29106,-0.3686927,-0.7259026,0.7151831,0.1211143,0.3299525,0.3346986,-0.5535836,3.482023,24,24,24,24,24,24,24,24,24,24,24,24,24,24,24,25
250,2500,-37.75981,-58.285,-15.75955,-14.37619,-12.3098,-9.259134,-6.382795,-6.271953,-4.086635,-4.675521,-3.089669,-4.035163,-2.74226,-3.823078,-1.909387,-1.688885,25,25,25,25,25,25,25,25,25,25,25,25,25,25,25,25,250,2500,-2.017661,-1.581802,-2.489125,-2.45645,163.9888,141.0157,-2.742822,-0.7835268,-2.589976,-2.318911,-1.447079,-1.884719,-2.305418,-1.559958,-2.289132,-3.278486,25,25,25,25,25,25,25,25,25,25,25,25,25,25,25,25,250,2500,-2.068158,-5.50043,-5.109784,-2.064068,-1.424785,-1.656636,-2.845457,-71.74435,0.7441003,0.2417246,0.2383911,-0.7278,-0.2203771,0.2235332,-0.2215859,3.248033,24,24,24,24,24,24,24,24,24,24,24,24,24,24,24,25
251,2510,-37.88006,-58.16407,-16.25187,-16.69037,-13.15463,-8.395251,-6.382795,-5.143474,-3.96277,-3.814038,-3.208547,-3.783062,-2.861478,-2.986818,-2.148194,-0.2402397,25,25,25,25,25,25,25,25,25,25,25,25,25,25,25,25,251,2510,-1.076193,-2.240784,-3.01281,-1.81007,165.3045,140.5248,-2.612224,-2.608445,-2.331132,-1.675187,-1.18429,-2.42354,-1.409558,-2.005409,-1.927855,-2.374297,25,25,25,25,25,25,25,25,25,25,25,25,25,25,25,25,251,2510,-2.068158,-3.965512,-4.343036,-2.966973,-2.590242,-1.019568,-3.104107,-71.96304,-0.8632674,-0.7259122,0.5959851,0.6062073,-0.4405071,-0.2211292,-0.2215859,3.482023,24,24,24,24,24,24,24,24,24,24,24,24,24,24,24,25
252,2520,-38.00031,-57.31761,-17.11344,-17.54296,-15.93052,-10.36984,-8.552232,-7.149659,-5.696878,-4.183246,-3.921512,-3.909412,-3.338349,-3.464681,-2.02879,-0.2402397,25,25,25,25,25,25,25,25,25,25,25,25,25,25,25,25,252,2520,-2.017661,-2.767969,-1.703601,-1.16369,163.8572,141.0157,-2.612224,-2.999499,-1.94287,-1.546443,-2.49823,-1.749963,-2.945318,-2.673582,-2.048281,-2.261274,25,25,25,25,25,25,25,25,25,25,25,25,25,25,25,25,252,2520,-1.723491,-4.349241,-5.109784,-2.32204,-1.942766,-2.930771,-2.974782,-72.07238,-0.2450492,0.1207708,0.834381,0.3636127,0.7702124,0.5570302,0.1104133,2.312085,24,24,24,24,24,24,24,24,24,24,24,24,24,24,24,25
253,2530,-36.67757,-57.68038,-18.46734,-19.12635,-16.17189,-11.48055,-7.914163,-7.024271,-4.582094,-4.92166,-2.970892,-3.783338,-2.265387,-3.345215,-1.789983,-0.8438416,25,25,25,25,25,25,25,25,25,25,25,25,25,25,25,25,253,2530,-2.959129,-2.37258,-2.096363,-1.551518,164.6466,140.893,-3.787605,-1.956688,-2.201712,-1.160209,-1.972655,-2.154079,-2.689357,-2.339497,-2.289132,-2.826391,25,25,25,25,25,25,25,25,25,25,25,25,25,25,25,25,253,2530,-2.872377,-4.988791,-3.959662,-2.451027,-2.849233,-2.675944,-2.586807,-71.96304,-0.8632674,-0.846866,0.3575891,0.8487056,-0.1103106,0.2235332,0.2210787,3.131038,24,24,24,24,24,24,24,24,24,24,24,24,24,24,24,25
254,2540,-36.31683,-58.52684,-18.7135,-18.88275,-16.53398,-11.9742,-6.127567,-6.146565,-4.334364,-3.814038,-2.495583,-3.026895,-2.265387,-1.79216,-1.192966,-0.3609591,25,25,25,25,25,25,25,25,25,25,25,25,25,25,25,25,254,2540,-2.555642,-2.240784,-1.703601,-2.068622,164.1204,139.5431,-2.089831,-1.435283,-2.589976,-1.675187,-2.366836,-3.097016,-2.305418,-2.562218,-2.409557,-2.826391,25,25,25,25,25,25,25,25,25,25,25,25,25,25,25,25,254,2540,-2.642599,-4.860881,-4.981992,-2.837987,-2.719738,-2.421117,-1.552205,-72.61909,0.3731691,0.725543,0.4767871,-0.6065733,-0.7707036,0.2234826,-0.3322513,2.66307,24,24,24,24,24,24,24,24,24,24,24,24,24,24,25,25
255,2550,-36.07633,-57.92222,-18.34426,-16.93397,-15.44776,-10.24643,-6.382795,-5.26886,-3.591175,-3.937107,-2.376756,-3.026895,-1.907733,-2.270023,-1.312317,-0.2402397,25,25,25,25,25,25,25,25,25,25,25,25,25,25,25,25,255,2550,-1.614175,-1.581802,-2.881887,-1.034414,163.7257,140.2794,-2.089831,-1.044229,-2.978238,-1.546443,-3.155201,-2.019374,-2.049458,-2.673579,-1.566527,-2.487321,25,25,25,25,25,25,25,25,25,25,25,25,25,25,25,25,255,2550,-2.987266,-4.605061,-3.959662,-2.580014,-3.367213,-3.185598,-2.328156,-72.18172,0.4968126,0.2417246,-0.1192024,-0.1214803,-0.1103106,0.2234826,-0.4428637,3.365028,24,24,24,24,24,24,24,24,24,24,24,24,24,24,25,25
256,2560,-36.07633,-58.04315,-18.09809,-17.54296,-14.72361,-10.49325,-5.999954,-5.26886,-2.847986,-3.444831,-2.020273,-2.774747,-1.192427,-2.867351,-1.07351,-0.9645625,25,25,25,25,25,25,25,25,25,25,25,25,25,25,25,25,256,2560,-1.210689,-1.845395,-1.703601,-1.939346,164.5151,141.2612,-1.828636,-1.695986,-1.684026,-2.318911,-1.709865,-1.615258,-1.665519,-1.671319,-1.325677,-3.73058,25,25,25,25,25,25,25,25,25,25,25,25,25,25,25,25,256,2560,-1.953269,-4.605061,-4.470828,-3.353933,-1.813271,-1.401809,-2.069506,-72.94714,0.3731691,-0.3630476,0.7151831,0.6061592,-0.1103106,-0.1100144,0.2211332,3.027328,24,24,24,24,24,24,24,24,24,24,24,24,24,24,25,25
257,2570,-38.24081,-59.37331,-18.59042,-18.39556,-14.72361,-10.49325,-5.106656,-4.391154,-1.980933,-3.075624,-1.544964,-1.892149,-0.7155563,-2.031091,-1.192914,0.2426428,25,25,25,25,25,25,25,25,25,25,25,25,25,25,25,25,257,2570,-2.152106,-1.054617,-1.310846,-2.197898,165.1729,141.7521,-2.481625,-1.304932,-2.201712,-2.061422,-2.235441,-1.615258,-1.921479,-1.114505,-2.168654,-2.14825,25,25,25,25,25,25,25,25,25,25,25,25,25,25,25,25,257,2570,-2.297936,-4.988791,-4.215244,-1.935081,-1.424785,-1.656636,-2.845457,-71.85368,0.2495256,-0.2420938,0.1191936,-0.0002086905,-0.3304405,0.2234826,-0.2215314,3.378371,24,24,24,24,24,24,24,24,24,24,24,24,24,24,25,25
258,2580,-38.00031,-58.76869,-20.0674,-17.90836,-16.53398,-11.23373,-8.041777,-5.770406,-4.582094,-3.937107,-3.08972,-3.657264,-2.742257,-3.345214,-2.386949,-0.4816801,25,25,25,25,25,25,25,25,25,25,25,25,25,25,25,25,258,2580,-1.210638,-1.845395,-2.620048,-1.422242,165.1729,140.7703,-2.22043,-1.956688,-1.684026,-1.160209,-0.9215001,-1.749963,-0.7696585,-1.782679,-1.446102,-2.374297,25,25,25,25,25,25,25,25,25,25,25,25,25,25,25,25,258,2580,-1.493713,-3.837602,-4.470828,-2.064068,-1.942766,-0.8921542,-2.198831,-71.85368,0.002237804,-0.0001862161,1.072777,0.8487056,-0.1103106,-0.3323452,-0.2215314,3.495379,24,24,24,24,24,24,24,24,24,24,24,24,24,24,25,25
259,2590,-37.51931,-59.61515,-19.20583,-16.08138,-13.15463,-10.61667,-7.403707,-5.895792,-3.71504,-3.690969,-2.139101,-3.405117,-2.026951,-3.345214,-2.267546,-0.8438416,25,25,25,25,25,25,25,25,25,25,25,25,25,25,25,25,259,2590,-1.614124,-2.108987,-1.310794,-1.422242,163.4626,141.5066,-2.351028,-1.956688,-0.7780784,-0.5164853,-2.104049,-0.8070253,-1.665519,-1.782679,-1.205251,-2.14825,25,25,25,25,25,25,25,25,25,25,25,25,25,25,25,25,259,2590,-1.493713,-4.477151,-5.365418,-1.161162,-1.0363,-2.421117,-3.233433,-72.29106,-0.3686927,-0.0001862161,0.5959851,0.2423378,-0.3304405,0.6681458,0.1104663,3.144343,24,24,24,24,24,24,24,24,24,24,24,24,24,24,25,25
260,2600,-35.83583,-60.09884,-18.34426,-16.69037,-14.36154,-12.09761,-7.914163,-7.024271,-4.334364,-3.937107,-2.61441,-3.531191,-2.265387,-3.345214,-1.909335,-0.1195186,25,25,25,25,25,25,25,25,25,25,25,25,25,25,25,25,260,2600,-1.883115,-1.713598,-1.310794,-1.810122,164.7782,140.2794,-3.134616,-1.695986,-1.554606,-1.803933,-1.447079,-2.423489,-2.177436,-1.671319,-1.927803,-3.052438,25,25,25,25,25,25,25,25,25,25,25,25,25,25,25,25,260,2600,-1.608602,-4.605061,-4.343088,-1.935081,-1.424785,-2.038876,-1.940181,-72.18172,-0.2450492,-0.7259122,0.834381,0.3636127,0.3299525,0.7793112,0.2211332,2.559277,24,24,24,24,24,24,24,24,24,24,24,24,24,24,25,25
261,2610,-38.24081,-59.61515,-19.45199,-17.29936,-14.965,-10.61667,-8.80746,-6.271953,-4.953689,-3.937107,-3.446202,-3.026895,-2.861475,-3.345214,-2.386949,-0.4816801,25,25,25,25,25,25,25,25,25,25,25,25,25,25,25,25,261,2610,-1.614124,-2.37258,-1.441711,-1.422294,164.6466,139.0522,-1.959234,-1.565634,-1.554606,-1.546443,-2.235441,-2.6929,-1.921479,-1.782679,-1.566527,-2.261274,25,25,25,25,25,25,25,25,25,25,25,25,25,25,25,25,261,2610,-1.034158,-5.37252,-5.109836,-2.709,-1.683726,-1.401809,-2.716131,-72.61909,-0.61598,0.1207708,0.834381,0.1210662,-0.8807701,-0.1100144,0.2211332,3.261357,24,24,24,24,24,24,24,24,24,24,24,24,24,24,25,25
262,2620,-38.7218,-60.21977,-19.57507,-18.76095,-15.80983,-11.85078,-8.16939,-6.021179,-4.45823,-4.306314,-2.970892,-3.909412,-2.265387,-4.062007,-2.625757,-0.6024011,25,25,25,25,25,25,25,25,25,25,25,25,25,25,25,25,262,2620,-2.286601,-1.977191,-1.834473,-1.163742,164.3835,140.4021,-2.22043,-0.9138781,-1.684026,-1.546443,-3.023809,-1.749963,-1.153598,-2.22813,-1.807378,-2.600344,25,25,25,25,25,25,25,25,25,25,25,25,25,25,25,25,262,2620,-1.723491,-4.732971,-4.47088,-1.419135,-1.424736,-2.16634,-2.716131,-72.40041,0.7441003,1.088404,0.4767871,-0.1214803,0.7702124,0.5569797,-0.664196,2.559277,24,24,24,24,24,24,24,24,24,24,24,24,24,24,25,25
263,2630,-41.72802,-61.67085,-21.79053,-23.14572,-18.22364,-13.70196,-8.552231,-7.275045,-5.201418,-5.044729,-2.852065,-3.279043,-2.503822,-4.062007,-2.386949,-0.2402397,25,25,25,25,25,25,25,25,25,25,25,25,25,25,25,25,263,2630,-1.076143,-2.37258,-1.310794,-2.456502,164.252,141.1385,-2.220375,-2.217391,-2.460554,-2.962635,-1.84126,-2.558195,-2.433397,-1.894043,-2.28908,-3.956627,25,25,25,25,25,25,25,25,25,25,25,25,25,25,25,25,263,2630,-1.723491,-3.709692,-4.598671,-3.095959,-2.331202,-1.911513,-1.293606,-72.50976,0.1258821,0.2417246,0.953579,0.4848843,-0.2203771,-0.4435114,-0.2215314,3.6124,24,24,24,24,24,24,24,24,24,24,24,24,24,24,25,25
264,2640,-41.72802,-61.79177,-22.65211,-21.68413,-18.46503,-13.82537,-9.317914,-6.7735,-5.820743,-3.937107,-3.446202,-3.279043,-3.695998,-3.345214,-3.939195,-0.4816801,25,25,25,25,25,25,25,25,25,25,25,25,25,25,25,25,264,2640,-2.152106,-1.186413,-3.012758,-2.585778,164.3835,140.893,-3.26516,-1.956637,-2.978238,-2.83389,-2.104049,-2.827607,-2.689357,-2.339494,-2.891207,-2.939415,25,25,25,25,25,25,25,25,25,25,25,25,25,25,25,25,264,2640,-2.757488,-5.37252,-4.854253,-2.580014,-2.201707,-1.911513,-2.457533,-72.61909,0.7441003,0.3626783,0.1191936,-0.6065733,-0.4405071,0.2234826,0.1104663,3.261357,24,24,24,24,24,24,24,24,24,24,24,24,24,24,25,25
265,2650,-41.96851,-63.001,-22.89827,-21.92773,-18.94779,-13.0849,-9.82837,-7.525818,-5.325282,-4.306314,-2.257928,-3.279043,-2.623039,-3.345214,-2.74516,-0.1195186,25,25,25,25,25,25,25,25,25,25,25,25,25,25,25,25,265,2650,-1.345133,-1.713598,-2.881836,-1.680846,164.9098,140.6476,-1.175592,-2.608393,-2.589977,-2.061422,-1.709865,-2.154079,-1.537537,-2.450855,-1.807378,-2.14825,25,25,25,25,25,25,25,25,25,25,25,25,25,25,25,25,265,2650,-2.757488,-4.221332,-4.47088,-2.193054,-3.496659,-2.421168,-1.164281,-71.30697,0.4968126,-0.2420938,0.4767871,0.2423378,0.3299525,-0.1100144,-0.110866,2.676285,24,24,24,24,24,24,24,24,24,24,24,24,24,24,25,25
266,2660,-43.77224,-63.96839,-24.006,-24.7291,-19.91332,-14.44243,-10.0836,-9.281231,-6.06834,-5.290869,-2.61441,-3.783338,-2.265387,-3.703611,-2.267546,-0.3609591,25,25,25,25,25,25,25,25,25,25,25,25,25,25,25,25,266,2660,-1.883115,-2.636173,-1.965396,-1.55157,163.331,140.7703,-2.873366,-2.347691,-2.201713,-1.675187,-2.629625,-1.615258,-2.177436,-2.339494,-2.28908,-2.487321,25,25,25,25,25,25,25,25,25,25,25,25,25,25,25,25,266,2660,-1.493713,-4.093421,-5.365418,-2.451027,-1.554231,-2.293754,-1.810907,-71.96304,0.2495256,-0.0001765842,0.1191936,0.3636127,-0.2203771,0.8904766,0.8851286,3.495379,24,24,24,24,24,24,24,24,24,24,24,24,24,24,25,25
267,2670,-44.61398,-63.96839,-25.48298,-25.0945,-20.87884,-13.20831,-9.573143,-7.651206,-6.192062,-4.183247,-2.970842,-3.152969,-2.265387,-2.747885,-2.506353,0.2426428,25,25,25,25,25,25,25,25,25,25,25,25,25,25,25,25,267,2670,-2.555591,-1.318209,-1.441711,-1.55157,164.9098,139.2977,-3.26516,-1.826286,-1.684028,-1.546443,-1.315736,-2.288784,-1.921479,-1.671319,-1.686952,-2.487321,25,25,25,25,25,25,25,25,25,25,25,25,25,25,25,25,267,2670,-2.757488,-4.860881,-4.343088,-2.451027,-2.072211,-1.7841,-2.198882,-71.96304,-0.4923365,-0.8468563,0.1191414,0.2423378,-0.0002440073,-0.2211798,-0.110866,2.559277,24,24,24,24,24,24,24,24,24,24,24,24,24,24,25,25
268,2680,-42.44951,-63.84747,-23.63675,-23.87651,-20.27538,-13.20831,-10.33883,-8.278138,-5.449147,-5.290869,-2.376706,-3.278858,-2.384604,-3.106282,-2.148142,-0.6024011,25,25,25,25,25,25,25,25,25,25,25,25,25,25,25,25,268,2680,-1.210638,-1.713598,-1.965396,-1.680846,164.3835,139.2977,-1.567386,-1.30488,-2.460555,-1.417698,-1.972706,-2.962312,-1.921479,-1.448593,-1.927803,-1.583132,25,25,25,25,25,25,25,25,25,25,25,25,25,25,25,25,268,2680,-1.149047,-4.093421,-4.726462,-3.224946,-1.813222,-2.16634,-1.034956,-71.19762,-0.7396239,0.241731,0.7151313,-0.3639787,-0.8807701,-0.6658422,-0.110866,3.6124,24,24,24,24,24,24,24,24,24,24,24,24,24,24,25,25
269,2690,-40.88628,-63.96839,-24.74449,-24.7291,-19.91332,-14.81267,-9.573143,-9.030457,-6.315784,-5.537007,-2.733188,-3.53096,-2.384605,-2.62842,-1.789931,-0.4816801,25,25,25,25,25,25,25,25,25,25,25,25,25,25,25,25,269,2690,-1.345133,-1.713598,-2.227235,-0.9051893,163.4626,140.034,-2.220375,-1.435232,-1.554608,-1.546443,-1.972706,-2.154079,-1.665515,-2.450855,-1.446102,-2.826391,25,25,25,25,25,25,25,25,25,25,25,25,25,25,25,25,269,2690,-1.723491,-4.349241,-4.215297,-1.290149,-1.424736,-2.803408,-2.716183,-71.96304,0.2495256,0.6045956,0.4767353,-0.4852535,0.3299557,0.001151811,-0.3321983,1.974212,24,24,24,24,24,24,24,24,24,24,24,24,24,24,25,25
270,2700,-41.72802,-62.75916,-22.77518,-21.44053,-17.6202,-11.9742,-8.16939,-7.149659,-5.573012,-3.937109,-2.61436,-2.522553,-2.980694,-2.389492,-2.386949,-0.1195186,25,25,25,25,25,25,25,25,25,25,25,25,25,25,25,25,270,2700,-1.883115,-2.240784,-2.096312,-2.327225,164.3835,141.5066,-2.089778,-1.30488,-2.072292,-2.705146,-1.709917,-1.211142,-2.049454,-1.225867,-1.927803,-2.713368,25,25,25,25,25,25,25,25,25,25,25,25,25,25,25,25,270,2700,-1.608602,-3.965512,-3.704132,-2.193054,-2.719688,-1.274445,-1.422931,-71.74435,-0.61598,-0.1211304,0.3575374,0.4849325,0.3299557,0.3346994,-0.3321983,4.080451,24,24,24,24,24,24,24,24,24,24,24,24,24,24,24,25
271,2710,-41.48752,-63.24285,-23.02135,-18.88275,-15.80983,-10.86349,-7.658934,-6.7735,-4.953688,-3.81404,-2.139051,-2.900706,-1.788517,-2.867352,-1.909336,-0.2402397,25,25,25,25,25,25,25,25,25,25,25,25,25,25,25,25,271,2710,-1.614124,-1.581802,-1.834473,-1.293018,164.9098,141.8748,-1.697984,-1.30488,-1.81345,-1.675187,-1.44713,-1.615258,-1.409555,-2.005406,-1.927855,-1.922203,25,25,25,25,25,25,25,25,25,25,25,25,25,25,25,25,271,2710,-2.183047,-4.732971,-4.854253,-2.193054,-1.295241,-0.764792,-2.069557,-72.50976,0.2495256,0.241731,0.8343292,-0.4852535,-0.0002407967,0.4458648,0.6637433,3.495379,24,24,24,24,24,24,24,24,24,24,24,24,24,24,24,25
272,2720,-39.20279,-62.88008,-21.05205,-18.39556,-14.48224,-11.23372,-7.403706,-7.776592,-5.077552,-5.413938,-2.970842,-3.53096,-2.503823,-3.703612,-2.625757,-0.7231237,25,25,25,25,25,25,25,25,25,25,25,25,25,25,25,25,272,2720,-1.076143,-2.108987,-2.227235,-1.55157,164.7782,140.6476,-1.95918,-2.347691,-1.942871,-1.288953,-1.315736,-1.884668,-1.409555,-3.007666,-1.205303,-2.035175,25,25,25,25,25,25,25,25,25,25,25,25,25,25,25,25,272,2720,-1.723491,-3.070143,-4.215297,-1.290149,-2.201707,-2.16634,-1.940232,-72.07238,0.3731691,0.4836418,0.2383394,0.4849325,0.5500856,0.1123678,-0.6642489,2.546024,24,24,24,24,24,24,24,24,24,24,24,24,24,24,24,25
273,2730,-39.44329,-62.51731,-21.05205,-16.44677,-14.36155,-9.999605,-7.276092,-6.7735,-4.458228,-3.075626,-2.495533,-2.774655,-2.503823,-2.15056,-2.625757,0.3633606,25,25,25,25,25,25,25,25,25,25,25,25,25,25,25,25,273,2730,-2.01761,-2.240784,-1.441711,-1.422294,163.331,141.0157,-2.873366,-1.826286,-1.554608,-1.417698,-2.104101,-1.615258,-1.921476,-1.559955,-1.566579,-1.922152,25,25,25,25,25,25,25,25,25,25,25,25,25,25,25,25,273,2730,-0.9192141,-3.709692,-4.598671,-2.709,-1.295241,-2.038927,-3.492134,-72.83778,-0.4923365,0.3626848,0.5959333,0.3636608,0.440019,-0.2211292,-0.3322513,3.364977,24,24,24,24,24,24,24,24,24,24,24,24,24,24,24,25
274,2740,-38.9623,-62.39638,-20.55972,-15.71598,-13.27533,-9.382545,-6.382795,-5.895794,-3.838904,-3.81404,-2.257879,-2.774655,-1.907734,-2.628421,-2.148143,-0.3609623,25,25,25,25,25,25,25,25,25,25,25,25,25,25,25,25,274,2740,-2.421096,-0.7910244,-1.179872,-2.456502,164.5151,139.6658,-3.656954,-1.565583,-1.942871,-2.318911,-2.104101,-2.962312,-1.665515,-2.116767,-2.048281,-3.165411,25,25,25,25,25,25,25,25,25,25,25,25,25,25,25,25,274,2740,-1.723437,-3.709744,-4.343088,-1.806094,-1.295241,-2.16634,-1.940232,-71.19762,0.3731691,-0.7259026,0.2383394,-0.242707,-0.3304373,-0.109963,-0.0002536392,2.780008,24,24,24,24,24,24,24,24,24,24,24,24,24,24,24,25
275,2750,-37.63956,-63.24284,-20.31356,-15.47238,-11.94773,-9.62937,-6.127567,-6.271953,-4.582093,-3.937109,-2.970842,-3.404909,-2.742259,-2.747887,-1.551125,-0.3609623,25,25,25,25,25,25,25,25,25,25,25,25,25,25,25,25,275,2750,-1.210638,-1.186413,-1.834518,-1.422294,163.4626,139.9113,-2.481572,-1.565583,-2.331135,-1.803933,-2.629677,-2.423489,-2.049454,-2.22813,-2.409557,-2.035175,25,25,25,25,25,25,25,25,25,25,25,25,25,25,25,25,275,2750,-1.493659,-4.221384,-5.237576,-2.966973,-1.942716,-2.421168,-2.328207,-71.85368,-0.8632674,0.6045956,1.072725,0.8487538,-0.3304373,0.001202378,0.3317456,3.130986,24,24,24,24,24,24,24,24,24,24,24,24,24,24,24,25
276,2760,-38.36105,-62.15453,-18.46734,-13.88899,-10.74082,-7.037719,-5.489497,-4.892701,-3.095715,-2.337211,-2.61436,-1.765909,-2.623041,-2.508957,-2.267546,-0.4816833,25,25,25,25,25,25,25,25,25,25,25,25,25,25,25,25,276,2760,-2.152105,-2.37258,-1.965441,-1.810122,163.9888,140.2794,-1.828581,-2.086988,-1.81345,-2.5764,-3.155252,-2.558195,-1.921476,-2.339494,-1.80743,-2.939364,25,25,25,25,25,25,25,25,25,25,25,25,25,25,25,25,276,2760,-1.493659,-4.605114,-4.726411,-1.806145,-2.331202,-3.567889,-3.233484,-71.96304,-0.1214057,0.4836418,0.9535273,-0.4852535,0.3299557,0.4458648,0.442411,2.546024,24,24,24,24,24,24,24,24,24,24,24,24,24,24,24,25
277,2770,-37.03832,-61.91269,-17.97502,-12.9146,-10.49944,-7.037719,-4.851428,-4.391155,-2.97185,-2.46028,-1.188431,-2.1443,-1.192428,-2.389492,-0.954108,-1.206006,25,25,25,25,25,25,25,25,25,25,25,25,25,25,25,25,277,2770,-1.748619,-1.450006,-1.703595,-2.19795,164.1204,140.7703,-2.350974,-1.174529,-1.554608,-1.675187,-1.44713,-1.615258,-1.665515,-1.337231,-1.927855,-1.922152,25,25,25,25,25,25,25,25,25,25,25,25,25,25,25,25,277,2770,-2.182992,-3.837653,-4.087453,-2.193104,-2.590243,-1.656686,-2.198882,-71.96304,-0.61598,-1.088767,0.5959333,0.242386,0.5500856,0.4458648,-0.4429166,2.780008,24,24,24,24,24,24,24,24,24,24,24,24,24,24,24,25
278,2780,-36.67757,-62.15453,-17.97502,-13.88899,-10.74082,-8.025016,-5.106656,-4.391155,-3.21958,-3.567902,-2.020223,-1.892039,-0.5963395,-1.911629,-0.954108,0.001199168,25,25,25,25,25,25,25,25,25,25,25,25,25,25,25,25,278,2780,-1.210638,-2.108987,-2.358196,-1.55157,164.6467,140.7702,-1.828581,-1.956637,-1.425186,-1.417698,-1.578522,-2.423489,-0.7696553,-2.22813,-1.927855,-1.809128,25,25,25,25,25,25,25,25,25,25,25,25,25,25,25,25,278,2780,-1.723437,-5.372572,-5.109784,-2.064118,-1.683777,-1.019568,-1.940232,-71.96304,0.3731691,0.1207772,0.5959333,-1.091621,-0.2203739,0.557031,-0.110919,3.130986,24,24,24,24,24,24,24,24,24,24,24,24,24,24,24,25
279,2790,-35.35484,-60.46161,-17.85193,-13.5236,-11.34427,-7.407955,-5.106656,-4.140382,-3.095715,-1.968003,-2.139051,-1.513648,-1.430864,-2.270026,-1.909336,-0.4816833,25,25,25,25,25,25,25,25,25,25,25,25,25,25,25,25,279,2790,-1.614124,-2.240784,-0.9180776,-1.422294,164.6467,141.2611,-2.873419,-2.086988,-1.81345,-1.160209,-2.104101,-0.8070253,-1.793494,-1.448593,-1.205303,-1.357034,25,25,25,25,25,25,25,25,25,25,25,25,25,25,25,25,279,2790,-1.493659,-3.070194,-4.854201,-1.806145,-2.460748,-2.548531,-2.974782,-72.29106,0.002237804,0.4836418,0.9535273,0.3636608,0.2198891,-0.5546262,0.1104133,3.247982,24,24,24,24,24,24,24,24,24,24,24,24,24,24,24,25
280,2800,-34.0321,-60.21976,-17.35961,-13.4018,-10.86151,-6.667484,-4.5962,-4.140381,-2.600256,-1.968003,-1.188431,-2.1443,-1.311645,-2.389492,-1.312318,-0.8438448,25,25,25,25,25,25,25,25,25,25,25,25,25,25,25,25,280,2800,-2.690086,-1.977191,-1.441756,-1.810122,164.7782,139.5431,-2.873419,-1.826286,-1.425186,-1.546443,-1.972706,-1.749963,-2.433393,-1.671319,-0.6031757,-2.261222,25,25,25,25,25,25,25,25,25,25,25,25,25,25,25,25,280,2800,-0.9192141,-2.302735,-5.365367,-2.580065,-1.683777,-1.274395,-2.198831,-71.635,-0.2450492,0.6045956,0.4767353,0.9700254,-0.3304373,-0.3322946,0.7744086,3.247982,24,24,24,24,24,24,24,24,24,24,24,24,24,24,24,25
281,2810,-34.87384,-60.70345,-18.46734,-17.78656,-13.87878,-11.11031,-6.765638,-6.146565,-3.838853,-3.198694,-2.139051,-2.900706,-1.311645,-2.15056,-1.551125,-0.2402413,25,25,25,25,25,25,25,25,25,25,25,25,25,25,25,25,281,2810,-2.421096,-1.713598,-1.572679,-1.034465,164.5151,139.5431,-1.959234,-0.9138267,-2.07229,-1.417698,-1.578522,-2.423489,-1.025616,-0.891781,-1.084877,-1.470057,25,25,25,25,25,25,25,25,25,25,25,25,25,25,25,25,281,2810,-2.527656,-4.349293,-4.343037,-2.193104,-1.424786,-1.911463,-2.069506,-71.19762,-0.1214057,-0.3630412,-5.658723E-05,-0.4852535,-0.0002407967,-0.3322946,-0.0002536392,3.013998,24,24,24,24,24,24,24,24,24,24,24,24,24,24,24,25
282,2820,-38.4813,-60.70345,-18.95967,-16.20317,-14.60291,-8.395251,-5.361885,-4.767314,-3.838853,-3.198694,-3.08967,-2.522553,-2.14617,-2.508957,-1.670529,0.001199168,25,25,25,25,25,25,25,25,25,25,25,25,25,25,25,25,282,2820,-1.883114,-1.713598,-1.703595,-2.19795,163.1994,140.4021,-1.828636,-1.174529,-1.295764,-2.705145,-2.629677,-1.615258,-1.025616,-1.894043,-1.325728,-2.713316,25,25,25,25,25,25,25,25,25,25,25,25,25,25,25,25,282,2820,-0.9192141,-3.198104,-5.493158,-2.193104,-0.906805,-1.784049,-2.198831,-71.635,-0.4923365,0.6045859,1.072725,0.1211143,-0.4405039,-0.9992887,0.1104133,3.481972,24,24,24,24,24,24,24,24,24,24,25,24,24,24,24,25
283,2830,-39.44329,-61.06622,-18.46734,-14.49799,-11.94773,-7.778191,-4.723814,-3.889608,-2.72407,-3.444833,-1.663791,-2.522553,-2.026952,-2.628421,-1.192915,-0.3609623,25,25,25,25,25,25,25,25,25,25,25,25,25,25,25,25,283,2830,-2.421096,-1.186413,-1.310833,-2.19795,164.3835,140.7702,-2.742822,-0.5227728,-2.07229,-2.061421,-1.578471,-1.076437,-1.793494,-0.891781,-1.80743,-2.148199,25,25,25,25,25,25,25,25,25,25,25,25,25,25,25,25,283,2830,-1.37877,-4.349293,-4.854201,-1.419185,-2.331252,-2.803357,-1.940181,-71.30697,0.002237804,1.088404,0.7151834,-0.1214322,0.2198891,0.7793618,0.442411,2.429029,24,24,24,24,24,24,24,24,24,24,25,24,24,24,24,25
284,2840,-37.63956,-61.06622,-17.48269,-14.98518,-12.1891,-9.135722,-5.106656,-4.51654,-3.095664,-3.690971,-2.376756,-2.018256,-2.14617,-3.106284,-1.670529,-0.8438448,25,25,25,25,25,25,25,25,25,25,25,25,25,25,25,25,284,2840,-2.152105,-1.713598,-3.012797,-1.55157,163.8573,140.893,-2.089831,-1.826286,-2.719396,-1.932677,-1.972655,-2.558195,-1.665515,-2.673579,-2.409557,-2.487269,25,25,25,25,25,25,25,25,25,25,25,25,25,25,25,25,284,2840,-1.034103,-3.198104,-4.598619,-2.064118,-2.201758,-2.038876,-1.940181,-71.85368,-0.7396239,-0.3630476,0.9535794,0.1210629,0.3299557,-0.109963,-0.8855813,3.013998,24,24,24,24,24,24,24,24,24,24,25,24,24,24,24,25
285,2850,-37.88006,-60.21976,-18.46734,-15.83778,-13.87878,-9.876195,-5.361885,-4.391154,-3.838853,-2.583349,-2.852065,-2.396525,-2.503824,-2.508957,-1.909336,-0.7231237,25,25,25,25,25,25,25,25,25,25,25,25,25,25,25,25,285,2850,-2.01761,-2.899765,-2.22728,-1.680846,163.4626,140.6475,-1.959234,-2.999447,-1.813448,-1.932677,-2.366836,-2.154079,-1.793497,-2.116767,-1.687004,-2.261222,25,25,25,25,25,25,25,25,25,25,25,25,25,25,25,25,285,2850,-1.838326,-5.116753,-5.365367,-2.064118,-2.460748,-2.038876,-2.328156,-72.50976,0.2495256,0.2417246,0.8343815,-0.4853049,0.2199373,0.6681964,0.2210787,3.598967,24,24,24,24,24,24,24,24,24,24,25,24,24,24,24,25
286,2860,-38.4813,-60.09883,-18.22118,-16.08137,-13.75808,-8.271839,-5.361885,-3.638835,-3.467258,-2.46028,-2.020273,-1.892149,-1.6693,-2.270023,-1.909336,-0.9645641,25,25,25,25,25,25,25,25,25,25,25,25,25,25,25,25,286,2860,-3.228068,-2.240784,-1.965441,-2.19795,164.252,140.2793,-3.004018,-1.30488,-1.94287,-1.932677,-1.578471,-2.288784,-2.177436,-1.894046,-1.80743,-2.713316,25,25,25,25,25,25,25,25,25,25,25,25,25,25,25,25,286,2860,-2.182992,-3.837653,-4.343037,-2.322091,-2.590243,-2.293703,-2.198831,-72.29106,-0.2450492,0.4836321,-4.013278E-06,0.8487024,0.2199373,0.4458648,-0.7749159,2.663019,24,24,24,24,24,24,24,24,24,24,25,24,24,24,25,25
287,2870,-36.43708,-60.82438,-17.48269,-15.71598,-13.51671,-9.382547,-5.617112,-5.394247,-3.467258,-3.81404,-2.020273,-2.396525,-2.384607,-2.270023,-2.028739,-0.2402413,25,25,25,25,25,25,25,25,25,25,25,25,25,25,25,25,287,2870,-1.748619,-1.186413,-1.834518,-1.939398,164.1204,139.5431,-2.351028,-1.30488,-2.331132,-1.288953,-1.972655,-2.154079,-0.8976387,-0.8917842,-1.205251,-1.130987,25,25,25,25,25,25,25,25,25,25,25,25,25,25,25,25,287,2870,-2.068103,-3.965564,-4.726411,-2.838037,-1.165796,-0.7647406,-2.845457,-72.94714,-0.9869109,-0.12114,0.9535794,-0.0002119011,-0.4404557,-0.6657916,0.2210819,3.715955,24,24,24,24,24,24,24,24,24,24,25,24,24,24,25,25
288,2880,-34.5131,-58.04313,-16.99036,-14.86338,-12.79256,-8.8889,-5.617112,-4.014995,-3.467258,-2.952556,-2.733238,-2.522599,-3.219131,-2.747885,-2.148143,-1.085285,25,25,25,25,25,25,25,25,25,25,25,25,25,25,25,25,288,2880,-1.883114,-0.9228213,-1.441756,-0.5173622,163.1994,139.2976,-2.089831,-1.435232,-2.07229,-1.417698,-2.629625,-1.749963,-1.665519,-2.11677,-1.325677,-2.826385,25,25,25,25,25,25,25,25,25,25,25,25,25,25,25,25,288,2880,-1.263881,-4.477203,-4.470828,-1.677159,-1.165796,-1.146981,-1.810855,-70.97894,1.115031,-0.3630476,0.4767879,-0.4853049,-0.0001926374,0.223534,0.1104149,2.780008,24,24,24,24,24,24,24,24,24,24,25,24,24,24,25,25
289,2890,-35.95608,-58.16406,-16.7442,-13.0364,-11.58565,-8.642075,-4.5962,-3.764222,-2.600205,-3.81404,-1.901446,-2.522599,-2.146171,-2.62842,-1.073511,-0.8438448,25,25,25,25,25,25,25,25,25,25,25,25,25,25,25,25,289,2890,-1.479629,-1.581802,-1.310833,-2.585778,163.9888,140.2793,-1.959234,-1.565583,-1.425184,-2.705145,-1.578471,-1.211142,-1.921479,-2.005409,-1.566527,-3.391503,25,25,25,25,25,25,25,25,25,25,25,25,25,25,25,25,289,2890,-0.9192173,-3.709744,-5.237576,-2.064118,-2.460748,-2.421117,-1.940181,-72.07238,-0.61598,-0.0001862161,1.072777,0.8487024,-0.6605856,-0.109963,-0.0002504286,2.780008,24,24,24,24,24,24,24,24,24,24,25,24,24,24,25,25
290,2900,-34.5131,-59.37331,-16.7442,-14.49799,-11.70634,-9.012311,-5.361885,-4.8927,-4.210447,-4.060178,-3.08972,-3.783338,-2.980695,-2.508954,-1.431721,-0.4816833,25,25,25,25,25,25,25,25,25,25,25,25,25,25,25,25,290,2900,-2.421096,-1.318209,-1.834518,-1.422294,164.252,141.3839,-2.351028,-1.30488,-2.978238,-2.061421,-1.447079,-2.423489,-2.817336,-1.894046,-3.132058,-2.600338,25,25,25,25,25,25,25,25,25,25,25,25,25,25,25,25,290,2900,-1.378773,-3.837601,-4.726411,-1.677159,-1.554282,-2.293703,-3.233433,-71.52567,0.1258821,0.4836321,0.119194,-0.0002119011,-0.3303891,1.001693,-0.1109174,2.429029,24,24,24,24,24,24,24,24,24,24,25,24,24,24,25,25
291,2910,-34.39285,-58.76869,-16.12879,-12.4274,-9.775293,-6.544072,-4.723814,-3.638835,-3.343394,-2.952556,-3.446202,-3.152969,-3.099913,-2.270023,-2.148143,0.1219202,25,25,25,25,25,25,25,25,25,25,25,25,25,25,25,25,291,2910,-1.883115,-1.318209,-2.489074,-1.163742,163.8573,140.4021,-2.089831,-2.347691,-2.978238,-1.803932,-1.18429,-2.288784,-1.281579,-1.782682,-2.048229,-2.148244,25,25,25,25,25,25,25,25,25,25,25,25,25,25,25,25,291,2910,-2.412773,-3.965512,-4.343037,-2.451078,-1.683777,-1.529222,-1.552205,-71.52567,-0.1214057,-0.9678198,0.7151834,0.2423346,-0.0001926374,0.1123678,-0.3322497,3.013998,24,24,24,24,24,24,24,24,24,24,25,24,24,24,25,25
292,2920,-34.75359,-58.40592,-15.26722,-11.57481,-9.654599,-6.42066,-4.979043,-3.262675,-2.72407,-2.952556,-2.376756,-2.774747,-2.503824,-2.508954,-1.670528,-0.9645641,25,25,25,25,25,25,25,25,25,25,25,25,25,25,25,25,292,2920,-1.345133,-1.977191,-1.179872,-0.7758622,163.5942,140.893,-2.351028,-1.956637,-1.554606,-0.9027191,-2.366836,-1.749963,-2.561379,-2.562221,-2.168654,-2.261267,25,25,25,25,25,25,25,25,25,25,25,25,25,25,25,25,292,2920,-1.72344,-3.837601,-5.620949,-2.193054,-2.072262,-1.656636,-1.552205,-71.96304,-0.3686927,0.9674505,1.072777,0.1210629,-0.5505223,0.1123678,0.4424126,3.013998,24,24,24,24,24,24,24,24,24,24,25,24,24,24,25,25
293,2930,-36.07632,-59.13146,-15.88263,-12.7928,-11.10289,-9.135722,-6.382796,-5.018087,-3.714988,-3.81404,-3.08972,-3.783338,-2.623042,-3.106282,-1.192914,-0.2402413,25,25,25,25,25,25,25,25,25,25,25,25,25,25,25,25,293,2930,-2.286601,-1.845395,-1.310794,-1.680794,163.9888,139.4203,-3.004018,-1.435232,-1.94287,-1.417698,-1.447079,-1.884668,-1.793497,-1.337234,-0.6031239,-2.713362,25,25,25,25,25,25,25,25,25,25,25,25,25,25,25,25,293,2930,-1.953218,-4.477151,-3.831871,-1.419135,-2.719738,-2.293703,-1.940181,-72.07238,0.1258821,-0.12114,-0.7151919,0.1210629,-0.0001926374,0.1123678,-0.5535804,2.195039,24,24,24,24,24,24,24,24,24,24,25,24,24,24,25,25
294,2940,-33.43085,-58.40592,-14.15949,-11.20941,-10.25806,-7.901603,-5.999954,-5.143474,-4.086583,-3.567902,-2.970892,-3.531191,-3.099913,-2.508954,-2.506353,-0.1195218,25,25,25,25,25,25,25,25,25,25,25,25,25,25,25,25,294,2940,-0.6726568,-1.054617,-1.572634,-0.6465865,163.8572,139.5431,-1.698037,-1.044178,-2.07229,-0.9027191,-2.49823,-2.288784,-0.6416783,-1.448596,-2.168654,-1.357079,25,25,25,25,25,25,25,25,25,25,25,25,25,25,25,25,294,2940,-0.9192173,-3.325962,-4.343037,-2.193054,-1.683777,-1.7841,-1.68153,-72.72844,-0.3686927,-0.0001862161,1.549569,0.969974,0.8803303,-0.776957,0.8850772,3.949946,24,24,24,24,24,24,24,24,24,24,25,24,24,24,25,25
295,2950,-34.2726,-58.76869,-14.89798,-12.5492,-11.34428,-8.025015,-5.489497,-5.018087,-3.095664,-3.937109,-2.852065,-3.152969,-2.623042,-2.867351,-1.431721,-0.1195218,25,25,25,25,25,25,25,25,25,25,25,25,25,25,25,25,295,2950,-0.8071517,-1.450006,-2.096312,-1.939346,163.1994,139.6658,-2.350974,-1.30488,-1.684026,-1.932677,-2.629625,-1.480551,-0.6416783,-1.003146,-0.9644001,-2.148244,25,25,25,25,25,25,25,25,25,25,25,25,25,25,25,25,295,2950,-1.838329,-5.62834,-5.74874,-2.064068,-1.813272,-1.656686,-2.328156,-71.96304,0.1258821,-0.2420938,-0.8343894,-0.9703979,-0.3303891,-0.3322946,0.5530795,2.780008,24,24,24,24,24,24,24,24,24,24,25,24,24,24,25,25
296,2960,-36.07632,-59.85699,-16.00571,-15.22878,-12.67187,-9.999606,-6.765636,-6.522727,-4.334312,-5.04473,-3.327375,-4.035486,-2.384607,-3.703611,-2.506353,-0.6024027,25,25,25,25,25,25,25,25,25,25,25,25,25,25,25,25,296,2960,-0.5381614,-1.581802,-1.441711,-1.81007,163.5941,140.893,-1.697984,-1.044229,-1.813448,-2.447655,-1.315684,-1.076437,-0.7696585,-1.114508,-1.566527,-2.826385,25,25,25,25,25,25,25,25,25,25,25,25,25,25,25,25,296,2960,-1.148995,-2.558503,-4.087453,-1.548122,-1.942767,-0.8922055,-1.68153,-70.65091,0.2495256,-0.0001862161,0.9535794,0.7274276,0.3300039,0.001202378,0.2210819,3.598967,24,24,24,24,24,24,24,24,24,24,25,24,24,24,25,25
297,2970,-37.51931,-59.37331,-17.48269,-14.86338,-12.55119,-9.135722,-6.510408,-5.394248,-4.45823,-3.81404,-3.565029,-2.648673,-2.861478,-2.389488,-1.551125,-0.3609623,25,25,25,25,25,25,25,25,25,25,25,25,25,25,25,25,297,2970,-2.421096,-0.9228213,-2.096312,-1.939346,163.9888,140.6475,-2.350974,-1.565634,-2.719344,-1.803932,-1.447079,-1.480551,-1.537537,-1.782682,-2.168654,-2.261267,25,25,25,25,25,25,25,25,25,25,25,25,25,25,25,25,297,2970,-0.9192173,-3.709692,-5.109784,-1.806095,-1.813272,-2.293754,-2.328156,-71.96304,-0.1214057,0.2417246,1.191975,0.2423346,-1.320982,0.223534,0.4424126,3.247982,24,24,24,24,24,24,24,24,24,24,25,24,24,24,25,25
298,2980,-38.12055,-59.97792,-16.86728,-15.83777,-13.27533,-8.148427,-5.999953,-6.021181,-3.71504,-3.444779,-2.495583,-2.270471,-2.265389,-2.389488,-1.431721,-0.2402413,25,25,25,25,25,25,25,25,25,25,25,25,25,25,25,25,298,2980,-0.5381614,-1.318209,-1.70355,-1.551518,164.1204,140.5248,-1.95918,-1.956688,-1.942818,-0.64523,-0.7901086,-1.345847,-0.8976387,-1.782682,-1.205251,-1.018008,25,25,25,25,25,25,25,25,25,25,25,25,25,25,25,25,298,2980,-1.953218,-3.837601,-3.959663,-1.548122,-1.424786,-1.274445,-1.293554,-71.52567,-0.3686927,-0.8468627,0.3575899,-0.36403,0.1098707,0.6681964,-0.1109174,3.130986,24,24,24,24,24,24,24,24,24,24,24,24,24,24,25,25
299,2990,-39.20279,-60.34069,-17.11344,-18.03016,-14.36155,-10.9869,-7.148478,-5.770407,-4.582094,-4.798538,-3.327326,-2.900821,-3.338349,-2.867351,-1.909336,-0.4816833,25,25,25,25,25,25,25,25,25,25,25,25,25,25,25,25,299,2990,-1.74862,-1.450006,-1.310794,-0.905138,163.9888,140.6475,-1.95918,-1.956688,-1.425133,-0.64523,-1.052895,-1.480551,-1.921479,-1.337234,-1.566527,-1.244055,25,25,25,25,25,25,25,25,25,25,25,25,25,25,25,25,299,2990,-0.8043316,-3.837601,-4.726411,-2.451028,-0.7773102,-1.147032,-2.069506,-71.635,-0.61598,0.3626816,1.191975,-0.36403,-0.5505223,-0.109963,0.3317472,3.481972,24,24,24,24,24,24,24,24,24,24,24,24,24,24,25,25
300,3000,-39.56354,-59.73608,-17.23652,-15.59418,-13.87878,-9.135722,-6.638022,-5.018088,-4.086635,-3.690917,-3.08967,-2.900706,-2.623042,-3.106282,-2.864564,-0.2402413,25,25,25,25,25,25,25,25,25,25,25,25,25,25,25,25,300,3000,-2.152106,-1.186413,-0.9180326,-0.7758622,164.3835,140.0339,-1.95918,-1.435283,-1.554555,-1.803933,-1.18429,-2.019425,-1.665519,-1.559958,-1.205251,-2.148244,25,25,25,25,25,25,25,25,25,25,25,25,25,25,25,25,300,3000,-1.263884,-3.709692,-4.854201,-0.9031891,-2.201758,-3.058235,-2.586807,-72.07238,0.002237804,0.2417278,0.3575891,0.2423346,0.2199373,0.223534,-0.2215827,2.780008,24,24,24,24,24,24,24,24,24,24,24,24,24,24,25,25
301,3010,-38.96229,-60.58254,-18.09809,-16.93397,-14.965,-10.61667,-7.658933,-5.64502,-4.582094,-4.429331,-2.376706,-3.404909,-1.430862,-2.986817,-1.551125,-0.7231237,25,25,25,25,25,25,25,25,25,25,25,25,25,25,25,25,301,3010,-0.9416472,-0.9228213,-1.441711,-1.292967,163.7257,139.6658,-1.95918,-0.9138781,-2.072239,-0.7739748,-1.709865,-2.019425,-1.025617,-1.114508,-1.686952,-0.9049847,25,25,25,25,25,25,25,25,25,25,25,25,25,25,25,25,301,3010,-1.263884,-3.709692,-3.576288,-2.837987,-1.554282,-0.3825513,-2.974782,-72.29106,-0.4923362,-0.7259057,0.834381,0.3636094,0.3299557,-0.3322946,-0.3322497,4.066934,24,24,24,24,24,24,24,24,24,24,24,24,24,24,25,25
302,3020,-38.12055,-61.30808,-17.23652,-15.35058,-13.03395,-11.11031,-7.276092,-6.522727,-4.45823,-5.167745,-2.376706,-3.026756,-2.265387,-2.867352,-1.312318,0.001199168,25,25,25,25,25,25,25,25,25,25,25,25,25,25,25,25,302,3020,-0.5381614,-1.318209,-1.048949,-0.905138,163.1994,140.5248,-1.436787,-1.174581,-1.295713,-1.031464,-1.578471,-1.480603,-0.7696585,-1.67137,-0.2418474,-2.148244,25,25,25,25,25,25,25,25,25,25,25,25,25,25,25,25,302,3020,-1.608551,-4.477151,-4.854201,-0.9031891,-0.3888249,-0.2551377,-1.940181,-71.30697,-0.2450492,-0.4839981,0.3575891,-0.4853049,-0.2203739,0.223534,0.1104149,3.364977,24,24,24,24,24,24,24,24,24,24,24,24,24,24,25,25
303,3030,-37.51931,-60.09884,-17.60577,-15.95957,-13.75809,-10.61667,-7.658933,-6.397341,-5.077554,-4.306262,-2.970842,-3.278858,-2.742257,-1.672698,-2.267546,-0.3609623,25,25,25,25,25,25,25,25,25,25,25,25,25,25,25,25,303,3030,-1.479629,-0.7910244,-0.5252707,-1.939346,163.8572,141.1384,-1.567386,-0.7835268,-1.554555,-1.675187,-0.7901086,-0.4029604,-1.025617,-1.448644,-1.325677,-2.939409,25,25,25,25,25,25,25,25,25,25,25,25,25,25,25,25,303,3030,-1.148995,-3.198052,-4.598619,-1.419135,-1.942767,-2.675995,-2.586807,-71.96304,-0.2450492,-0.604952,0.834381,-0.0002119011,-0.0002407967,-0.3322938,-0.110919,3.130986,24,24,24,24,24,24,24,24,24,24,24,24,24,24,25,25
304,3040,-35.47508,-59.73608,-16.25187,-13.4018,-13.03395,-9.876194,-7.403706,-6.648113,-4.829824,-4.798538,-2.376706,-4.413316,-2.265387,-3.106284,-1.789932,-0.7231735,25,25,25,25,25,25,25,25,25,25,25,25,25,25,25,25,304,3040,-1.345133,-0.7910244,-2.096312,-1.680794,163.4626,140.893,-1.828581,-0.9138781,-2.460502,-1.288953,-1.578471,-1.750014,-0.8976387,-1.448644,-2.048229,-1.24401,25,25,25,25,25,25,25,25,25,25,25,25,25,25,25,25,304,3040,-1.034106,-2.430593,-5.493158,-2.322041,-1.295291,-1.7841,-1.552205,-71.635,0.2495256,0.7255462,0.834381,0.6061559,-0.2203739,1.001694,0.7744086,2.910314,24,24,24,24,24,24,24,24,24,24,24,24,24,24,25,25
305,3050,-35.95608,-60.82439,-17.23652,-15.10698,-13.87878,-11.11031,-8.041775,-7.149659,-5.449148,-5.290814,-2.61436,-3.404909,-2.265387,-3.225749,-1.670528,0.1218704,25,25,25,25,25,25,25,25,25,25,25,25,25,25,25,25,305,3050,-0.9416468,-1.977191,-2.096312,-1.16369,164.252,140.1566,-1.30619,-2.738796,-2.072239,-1.288953,-1.972655,-1.615309,-1.409558,-2.005458,-0.7235491,-1.696105,25,25,25,25,25,25,25,25,25,25,25,25,25,25,25,25,305,3050,-2.412825,-3.709692,-4.470828,-1.419135,-1.554282,-1.529273,-2.198831,-71.74435,-0.2450492,-1.572589,0.4767871,0.6061559,0.3299557,0.1123686,-0.0002536392,2.910314,24,24,24,24,24,24,24,24,24,24,24,24,24,24,25,25
306,3060,-35.47509,-59.49423,-17.11344,-16.44677,-14.12016,-10.61667,-7.53132,-6.648113,-5.325284,-3.567848,-2.970842,-3.657011,-3.457563,-2.270026,-2.506353,-0.3610104,25,25,25,25,25,25,25,25,25,25,25,25,25,25,25,25,306,3060,-1.614124,-2.240784,-1.572634,-0.7758622,163.9888,140.2793,-2.220375,-2.217391,-1.166291,-1.160209,-2.366836,-0.6723718,-2.049458,-1.560006,-1.446102,-1.922152,25,25,25,25,25,25,25,25,25,25,25,25,25,25,25,25,306,3060,-0.804383,-3.326014,-4.215245,-1.806095,-1.165796,-1.401859,-2.586807,-71.52567,0.002237804,0.4836354,0.7151831,-0.4853049,-0.4405039,-0.3322938,-0.3322513,3.261357,24,24,24,24,24,24,24,24,24,24,24,24,24,24,25,25
307,3070,-37.63956,-60.58254,-18.46733,-16.20317,-15.32707,-11.11031,-7.658933,-6.021181,-5.077554,-3.813985,-2.376706,-3.152807,-1.55008,-2.031095,-0.8347041,-0.7231735,25,25,25,25,25,25,25,25,25,25,25,25,25,25,25,25,307,3070,-2.2866,-1.054617,-1.049,-2.327174,164.5151,139.2976,-2.481572,-1.435283,-1.813397,-1.932677,-1.84126,-2.15413,-2.049458,-1.894094,-1.927804,-2.487269,25,25,25,25,25,25,25,25,25,25,25,25,25,25,25,25,307,3070,-1.493713,-3.581834,-3.70408,-1.419135,-2.590243,-2.548581,-2.716131,-71.19762,0.2495256,0.7255462,-0.3575984,0.1210629,0.1098226,0.3347002,-0.6642489,1.740183,24,24,24,24,24,24,24,24,24,24,24,24,24,24,25,25
308,3080,-36.55732,-60.34069,-17.97501,-17.05577,-13.6374,-10.49325,-6.638022,-6.522727,-5.201418,-4.306262,-2.257879,-3.026756,-1.430862,-3.106284,-1.431721,-0.7231735,25,25,25,25,25,25,25,25,25,25,25,25,25,25,25,25,308,3080,-2.01761,-1.450006,-1.834524,-1.810122,163.4626,138.9294,-1.697984,-1.695986,-2.331081,-1.031464,-2.76102,-2.42354,-1.921479,-1.337282,-1.927804,-2.600293,25,25,25,25,25,25,25,25,25,25,25,25,25,25,25,25,308,3080,-1.378824,-3.709744,-4.59862,-2.580013,-2.849233,-1.911513,-2.845457,-72.72844,-0.3686927,-0.3630444,0.953579,0.969974,-0.6606338,-0.776957,0.1104133,3.261357,24,24,24,24,24,24,24,24,24,24,24,24,24,24,25,25
309,3090,-36.43708,-59.97792,-18.34426,-15.71598,-14.48224,-9.259134,-7.276092,-5.895794,-4.705959,-3.690917,-2.733188,-2.774655,-2.384604,-1.672698,-1.789932,-0.4817315,25,25,25,25,25,25,25,25,25,25,25,25,25,25,25,25,309,3090,-1.479628,-2.240784,-1.310846,-2.19795,163.5941,140.2793,-1.828581,-1.826337,-2.20166,-2.5764,-3.023809,-2.019425,-1.665519,-2.784994,-1.927804,-3.843552,25,25,25,25,25,25,25,25,25,25,25,25,25,25,25,25,309,3090,-2.183047,-4.605114,-4.343037,-1.93508,-1.813221,-2.421168,-3.104107,-71.41632,-0.1214057,0.2417278,0.3575891,-0.6065797,-0.2203739,-0.2211284,-0.2215859,2.325248,24,24,24,24,24,24,24,24,24,24,24,24,24,24,25,25
310,3100,-37.27882,-58.52684,-18.34426,-16.69037,-14.965,-9.752782,-6.510408,-5.64502,-4.086635,-4.060124,-2.61436,-3.53096,-2.265387,-3.225749,-1.670528,-1.085335,25,25,25,25,25,25,25,25,25,25,25,25,25,25,25,25,310,3100,-2.152105,-2.108987,-1.834524,-2.068674,163.7257,140.7702,-1.828581,-1.435283,-1.683975,-3.220124,-1.972655,-1.750014,-2.433397,-1.894094,-2.529931,-3.052387,25,25,25,25,25,25,25,25,25,25,25,25,25,25,25,25,310,3100,-1.608602,-3.070194,-4.726411,-2.708999,-3.626153,-2.16629,-3.104107,-71.41632,0.002237804,0.120774,0.5959851,0.4848811,0.2198891,-0.3322938,-0.2215859,3.027328,24,24,24,24,24,24,24,24,24,24,24,24,24,24,25,25
311,3110,-38.4813,-60.82439,-19.32891,-19.61355,-15.0857,-10.36984,-7.403707,-6.271953,-5.077554,-5.167745,-2.495533,-3.657011,-2.026951,-2.628421,-1.789932,-0.7231735,25,25,25,25,25,25,25,25,25,25,25,25,25,25,25,25,311,3110,-2.152105,-1.054617,-2.358209,-1.680846,164.6466,140.893,-1.959234,-1.826337,-3.625292,-1.803933,-2.235441,-2.692951,-2.177436,-2.896357,-3.252483,-2.600293,25,25,25,25,25,25,25,25,25,25,25,25,25,25,25,25,311,3110,-1.723491,-3.581834,-5.109785,-2.32204,-1.813221,-2.421117,-3.362809,-72.18172,0.620456,0.4836354,0.834381,0.6061559,-0.5505704,0.4458656,0.2210787,3.729408,24,24,24,24,24,24,24,24,24,24,24,24,24,24,25,25
312,3120,-38.84205,-59.73608,-19.57507,-16.81217,-13.6374,-7.77819,-5.999954,-4.767314,-4.086635,-3.937055,-2.61436,-3.53096,-2.503822,-2.15056,-2.267546,-0.7231735,25,25,25,25,25,25,25,25,25,25,25,25,25,25,25,25,312,3120,-1.614124,-3.031561,-1.965447,-1.680846,163.8572,139.9112,-1.959234,-3.260153,-1.942818,-2.318911,-2.104049,-1.884719,-2.049458,-2.784994,-1.807378,-2.261222,25,25,25,25,25,25,25,25,25,25,25,25,25,25,25,25,312,3120,-2.987266,-3.837653,-4.343037,-2.451026,-2.719687,-2.930771,-2.586858,-71.96304,0.1258821,-1.209724,1.072777,0.8487024,0.3299557,0.1123686,-0.2215859,2.676285,24,24,24,24,24,24,24,24,24,24,24,24,24,24,25,25
313,3130,-36.31683,-58.88961,-18.59042,-14.86339,-12.79257,-8.39525,-5.999954,-5.268861,-4.334312,-4.306262,-2.020223,-3.657011,-1.788515,-3.106284,-1.192914,-1.085335,25,25,25,25,25,25,25,25,25,25,25,25,25,25,25,25,313,3130,-2.959077,-1.581802,-0.918084,-1.55157,164.252,140.893,-2.612224,-1.95664,-1.813397,-1.675187,-1.447079,-2.15413,-2.433397,-1.67137,-1.566527,-2.713316,25,25,25,25,25,25,25,25,25,25,25,25,25,25,25,25,313,3130,-1.608602,-4.349293,-5.237576,-2.837986,-1.813221,-1.656636,-1.940232,-71.635,0.4968126,0.4836354,0.4767871,-0.2427584,-0.5505704,0.001203181,-0.8855813,3.027328,24,24,24,24,24,24,24,24,24,24,24,24,24,24,25,25
314,3140,-33.91185,-58.88961,-18.22117,-15.71598,-12.4305,-9.012309,-5.744726,-5.770406,-4.334312,-4.921661,-2.020223,-3.657011,-2.026951,-2.15056,-0.7153003,-0.240291,25,25,25,25,25,25,25,25,25,25,25,25,25,25,25,25,314,3140,-2.2866,-1.845395,-2.096363,-1.680846,164.252,139.2976,-2.873419,-1.826289,-1.813397,-1.803932,-1.447079,-2.42354,-2.049458,-1.78273,-1.927804,-2.713316,25,25,25,25,25,25,25,25,25,25,25,25,25,25,25,25,314,3140,-1.953269,-3.965564,-3.959663,-1.54812,-2.072211,-3.567839,-3.104158,-71.74435,-0.1214057,0.9674537,0.1191936,-0.0002119011,0.7702156,0.4458656,-0.7749159,2.793306,24,24,24,24,24,24,24,24,24,24,25,24,24,24,25,25
315,3150,-34.0321,-57.8013,-19.20583,-16.56857,-14.12016,-8.888898,-8.552232,-7.14966,-5.82069,-5.044729,-3.208499,-4.91752,-2.623039,-2.747887,-1.670528,-1.085335,25,25,25,25,25,25,25,25,25,25,25,25,25,25,25,25,315,3150,-1.883114,-1.977191,-2.358209,-1.163742,163.4626,139.5431,-1.959234,-1.435235,-2.719344,-1.546443,-2.892463,-2.558247,-2.177436,-2.116818,-2.770782,-2.82634,25,25,25,25,25,25,25,25,25,25,25,25,25,25,25,25,315,3150,-1.953269,-3.453924,-4.470828,-3.224945,-1.942716,-2.16629,-2.328207,-72.07238,-0.7396239,-0.0001797949,0.7151831,0.1210629,-0.1103074,-0.44346,-0.110919,3.027328,24,24,24,24,24,24,24,24,24,24,25,24,24,24,25,25
316,3160,-34.87384,-56.71299,-16.99036,-15.35058,-13.6374,-10.86349,-8.16939,-7.400432,-4.582042,-5.290868,-1.30726,-4.161214,-1.311645,-2.628421,-1.073511,-0.7231735,25,25,25,25,25,25,25,25,25,25,25,25,25,25,25,25,316,3160,-1.883114,-2.636173,-1.310846,-1.939398,163.4626,140.7702,-1.959234,-2.217343,-2.20166,-3.348869,-3.155252,-2.42354,-2.305418,-2.228182,-2.28908,-3.165411,25,25,25,25,25,25,25,25,25,25,25,25,25,25,25,25,316,3160,-2.642599,-4.349293,-4.726411,-2.580013,-2.590192,-1.274395,-3.104158,-71.19762,0.4968126,-0.1211336,-4.414606E-06,0.1210597,0.3299557,0.890528,0.442411,2.910314,24,24,24,24,24,24,24,24,24,24,25,24,24,24,25,25
317,3170,-34.15236,-57.43853,-18.09809,-16.08137,-15.32707,-12.09761,-9.317915,-7.776591,-5.201366,-4.798592,-2.970844,-3.909112,-2.384605,-2.15056,-0.9541072,-0.6024525,25,25,25,25,25,25,25,25,25,25,25,25,25,25,25,25,317,3170,-2.2866,-1.318209,-2.489125,-2.19795,163.7257,140.7702,-2.612224,-1.826289,-2.848766,-2.962634,-2.498282,-1.750014,-2.561375,-1.894094,-2.770782,-3.391458,25,25,25,25,25,25,25,25,25,25,25,25,25,25,25,25,317,3170,-2.527714,-3.581834,-4.343037,-3.224945,-3.755648,-2.421117,-2.716183,-71.52567,0.8677438,0.3626816,0.834381,0.4848779,0.7702124,0.001203181,-0.5535836,3.144343,24,24,24,24,24,24,24,24,24,24,25,24,24,24,25,25
318,3180,-36.43708,-55.86652,-20.06739,-18.15196,-16.65466,-10.9869,-7.914163,-6.271952,-4.953636,-4.060177,-2.852017,-3.657011,-2.14617,-1.792163,-0.9541072,-0.3610104,25,25,25,25,25,25,25,25,25,25,25,25,25,25,25,25,318,3180,-2.421096,-2.899765,-3.01281,-1.680846,164.252,140.893,-2.22043,-2.869099,-3.625292,-2.5764,-2.366887,-2.827658,-2.433393,-3.230394,-3.252483,-2.82634,25,25,25,25,25,25,25,25,25,25,25,25,25,25,25,25,318,3180,-1.83838,-4.093473,-5.109785,-2.837986,-2.072211,-2.675944,-3.362809,-72.94714,0.2495256,0.2417278,0.3575891,0.2423314,-0.8807701,0.4458648,0.442411,3.495379,24,24,24,24,24,24,24,24,24,24,25,24,24,24,25,25
319,3190,-35.83583,-56.71299,-18.46733,-17.05577,-13.75809,-10.12302,-6.255181,-5.394247,-3.219529,-3.937108,-1.663742,-3.152807,-1.07321,-2.389492,-0.9541585,-1.085335,25,25,25,25,25,25,25,25,25,25,25,25,25,25,25,25,319,3190,-2.152105,-3.690543,-1.965447,-1.810122,163.7257,141.0157,-2.481625,-3.390504,-2.719344,-2.447655,-2.235492,-2.288835,-2.561375,-3.453118,-2.770833,-3.391458,25,25,25,25,25,25,25,25,25,25,25,25,25,25,25,25,319,3190,-2.412825,-4.477203,-4.215246,-3.353932,-2.331201,-2.421117,-1.940232,-71.19762,-0.2450492,-0.8468627,0.953579,0.6061527,0.3299525,0.3346986,0.1104133,3.495379,24,24,24,24,24,24,24,24,24,24,25,24,24,24,25,25
320,3200,-36.43708,-58.16407,-18.83658,-18.88275,-15.20638,-10.61666,-5.87234,-4.641928,-3.343394,-2.829486,-2.020225,-2.648604,-1.311645,-2.389492,-1.073562,-0.3609591,25,25,25,25,25,25,25,25,25,25,25,25,25,25,25,25,320,3200,-3.093572,-2.504376,-2.096363,-2.19795,164.252,139.1749,-3.134616,-1.826289,-2.460502,-2.447655,-2.104101,-2.558247,-2.561375,-2.562218,-1.80743,-3.052438,25,25,25,25,25,25,25,25,25,25,25,25,25,25,25,25,320,3200,-2.068158,-4.477203,-5.493158,-3.611905,-2.978678,-2.803357,-2.716183,-72.29106,-0.61598,-0.2420906,0.3575891,-0.9704011,-0.8807701,0.1123678,0.2210787,2.66307,24,24,24,24,24,24,24,24,24,24,25,24,24,24,25,25
321,3210,-36.91807,-57.07576,-19.82123,-17.54296,-14.965,-9.999605,-6.510409,-5.268861,-4.334312,-3.567901,-2.020225,-2.270482,-1.430864,-1.672698,-1.312369,-0.3609591,25,25,25,25,25,25,25,25,25,25,25,25,25,25,25,25,321,3210,-1.883166,-2.108987,-2.358209,-1.163742,163.4626,139.2976,-1.698037,-1.565586,-2.848766,-1.288953,-2.498282,-2.692951,-1.921476,-2.116767,-2.168706,-2.261274,25,25,25,25,25,25,25,25,25,25,25,25,25,25,25,25,321,3210,-2.757488,-4.477203,-3.70408,-2.580013,-2.201706,-2.293703,-2.069557,-71.96304,0.2495256,0.8464999,-0.3575984,-0.1214868,0.3299525,0.1123678,-0.2215859,2.312085,24,24,24,24,24,24,24,24,24,24,25,24,24,24,25,25
322,3220,-36.07633,-57.19667,-19.69815,-18.27376,-15.0857,-11.11031,-5.87234,-5.018087,-3.095664,-3.321762,-1.544915,-2.774655,-0.5963395,-2.389492,-0.8347555,-1.206003,25,25,25,25,25,25,25,25,25,25,25,25,25,25,25,25,322,3220,-1.345184,-2.108987,-2.489125,-1.680846,162.6732,140.4021,-1.828636,-1.565586,-2.589924,-2.447655,-3.418042,-1.884719,-1.921476,-2.22813,-1.205303,-2.600344,25,25,25,25,25,25,25,25,25,25,25,25,25,25,25,25,322,3220,-1.723491,-4.605061,-3.831872,-3.482919,-1.683725,-1.911463,-1.810907,-71.74435,-0.1214057,-0.2420906,1.311173,0.1210597,0.2198859,-0.2211292,0.2210787,3.482023,24,24,24,24,24,24,24,24,24,24,25,24,24,24,25,25
323,3230,-37.51931,-58.04314,-20.80588,-19.97894,-14.965,-9.752782,-5.361884,-4.516541,-3.095664,-2.583348,-1.069605,-2.396502,-0.4771218,-1.792163,-0.9541585,-0.1195186,25,25,25,25,25,25,25,25,25,25,25,25,25,25,25,25,323,3230,-2.017661,-1.977191,-1.834524,-2.456502,164.3835,140.1566,-2.742822,-1.304884,-2.460502,-2.705145,-1.709917,-1.750014,-1.793494,-1.559955,-2.289132,-3.052438,25,25,25,25,25,25,25,25,25,25,25,25,25,25,25,25,323,3230,-2.642599,-4.988791,-4.598618,-2.193053,-1.813221,-0.8921542,-2.328207,-71.635,0.4968126,0.120774,-4.414606E-06,-0.3640365,-0.1103106,0.4458648,0.442411,2.780059,24,24,24,24,24,24,24,24,24,24,25,24,24,24,25,25
324,3240,-38.24081,-57.68037,-19.69815,-17.54296,-13.03395,-10.12302,-5.106656,-5.64502,-2.47634,-3.937108,-1.426088,-2.396502,-1.430864,-2.747887,-1.312369,-0.7231221,25,25,25,25,25,25,25,25,25,25,25,25,25,25,25,25,324,3240,-2.152156,-1.581802,-2.620048,-1.292967,163.7257,141.2611,-1.828636,-1.826289,-3.23703,-0.9027191,-1.44713,-2.42354,-1.537537,-2.562218,-2.409557,-2.14825,25,25,25,25,25,25,25,25,25,25,25,25,25,25,25,25,324,3240,-1.723491,-3.581782,-4.470828,-2.451028,-2.460697,-1.911463,-2.457533,-71.635,0.002237804,0.120774,0.5959851,0.6061527,-0.0002440073,-0.1099638,-0.0002536392,3.365028,24,24,24,24,24,24,24,24,24,24,25,24,24,24,25,25
325,3250,-37.39906,-56.47113,-18.7135,-15.47238,-12.55117,-8.518661,-5.106656,-4.516541,-2.600205,-3.075625,-1.30726,-2.144351,-1.192428,-2.389492,-0.8347555,-1.206003,25,25,25,25,25,25,25,25,25,25,25,25,25,25,25,25,325,3250,-1.47968,-2.240784,-2.227286,-1.939346,163.9888,140.4021,-2.22043,-2.738748,-1.942818,-1.160209,-2.235492,-1.750014,-1.921476,-2.339494,-1.687004,-2.035227,25,25,25,25,25,25,25,25,25,25,25,25,25,25,25,25,325,3250,-1.608602,-3.453871,-4.981992,-2.451028,-1.942766,-2.038876,-3.104158,-72.29106,0.1258821,0.2417278,0.834381,-0.2427616,-0.5505736,0.6681956,0.3317456,3.014049,24,24,24,24,24,24,24,24,24,24,25,24,24,24,25,25
326,3260,-37.15857,-57.19667,-19.08274,-14.01079,-10.86151,-7.901603,-3.958131,-3.889608,-2.600205,-2.706418,-1.30726,-1.89209,-1.07321,-2.270026,-0.5959477,0.1219218,25,25,25,25,25,25,25,25,25,25,25,25,25,25,25,25,326,3260,-1.883166,-1.845395,-2.227286,-1.680794,163.7257,140.893,-2.612224,-2.086992,-2.331081,-1.675187,-1.44713,-2.15413,-2.433393,-1.114505,-1.687004,-2.713368,25,25,25,25,25,25,25,25,25,25,25,25,25,25,25,25,326,3260,-2.527714,-3.581782,-4.087453,-2.064068,-2.201757,-2.038875,-2.586858,-71.96304,-0.7396239,-0.3630444,0.953579,0.7274244,0.660149,0.5570302,-0.7749159,3.248033,24,24,24,24,24,24,24,24,24,24,25,24,24,24,25,25
327,3270,-33.43086,-55.2619,-16.86728,-11.81841,-10.74082,-7.778191,-4.851429,-3.638835,-3.962718,-2.829486,-2.73319,-3.278858,-2.503823,-2.628421,-1.551176,-0.4816801,25,25,25,25,25,25,25,25,25,25,25,25,25,25,25,25,327,3270,-1.614175,-1.713598,-1.703601,-1.551518,164.1204,138.9294,-2.089831,-0.5227761,-2.978186,-1.160209,-1.841311,-2.827658,-2.049454,-1.894043,-2.409557,-2.487321,25,25,25,25,25,25,25,25,25,25,25,25,25,25,25,25,327,3270,-2.068158,-4.860881,-4.981992,-2.709001,-1.942766,-1.401808,-1.940181,-71.635,0.3731691,0.9674537,0.834381,-0.6065829,0.3299525,0.4458648,0.1104133,3.599018,24,24,24,24,24,24,24,24,24,24,25,24,24,24,25,25
328,3280,-33.31061,-53.93174,-16.86728,-13.0364,-11.34427,-7.284544,-4.851429,-4.014995,-3.219529,-3.198694,-1.663742,-2.900706,-1.669299,-2.508957,-1.073562,-0.9645625,25,25,25,25,25,25,25,25,25,25,25,25,25,25,25,25,328,3280,-1.614175,-1.713598,-1.441762,-1.551518,162.6732,139.9112,-1.698037,-1.565583,-1.683975,-2.447655,-2.761071,-1.884719,-1.281576,-2.450855,-1.446154,-2.487321,25,25,25,25,25,25,25,25,25,25,25,25,25,25,25,25,328,3280,-2.642599,-3.709692,-3.83187,-2.709001,-2.849233,-2.803357,-2.198831,-72.07238,0.620456,-0.1211336,-0.2384004,0.9699709,0.4400159,0.2235332,-0.6642489,2.66307,24,24,24,24,24,24,24,24,24,24,25,24,24,24,25,25
329,3290,-36.31683,-55.7456,-16.99036,-13.88899,-10.86151,-7.407955,-3.958131,-4.641927,-2.847934,-2.952555,-1.30726,-1.76596,-1.192428,-2.389492,-1.073562,-0.3609591,25,25,25,25,25,25,25,25,25,25,25,25,25,25,25,25,329,3290,-1.883166,-2.240784,-1.834524,-2.715002,163.5942,140.893,-1.698037,-1.956637,-2.20166,-2.705145,-1.841311,-1.750014,-2.177436,-1.894043,-2.168706,-3.052438,25,25,25,25,25,25,25,25,25,25,25,25,25,25,25,25,329,3290,-1.608602,-4.349241,-4.854201,-2.322041,-1.165795,-1.656635,-3.362757,-73.16582,-0.2450492,0.2417278,0.5959851,0.6061527,-0.2203771,-0.1099638,0.2210787,3.599018,24,24,24,24,24,24,24,24,24,24,25,24,24,24,25,25
330,3300,-37.39906,-55.38282,-16.86728,-11.94021,-10.13736,-6.173835,-4.851429,-4.265768,-3.219529,-3.198694,-2.376707,-2.900706,-2.742259,-2.867352,-1.431773,-0.2402397,25,25,25,25,25,25,25,25,25,25,25,25,25,25,25,25,330,3300,-2.286652,-0.9228213,-2.881887,-1.81007,164.3835,140.5248,-1.959234,-2.086988,-2.848766,-1.546443,-1.578522,-1.884719,-1.025616,-2.005406,-1.927855,-1.696156,25,25,25,25,25,25,25,25,25,25,25,25,25,25,25,25,330,3300,-2.757488,-4.477151,-4.470828,-2.064068,-2.201757,-2.293703,-2.845457,-71.41632,0.1258821,-0.7259122,-0.3575984,0.2423314,0.4400159,0.5570302,-0.0002536392,2.66307,24,24,24,24,24,24,24,24,24,24,24,24,24,24,25,25
331,3310,-36.79782,-54.53636,-16.25187,-12.671,-10.01667,-6.544071,-4.340972,-4.51654,-2.352475,-3.814039,-1.426136,-2.774655,-1.430864,-3.106284,-1.67058,-0.7231221,25,25,25,25,25,25,25,25,25,25,25,25,25,25,25,25,331,3310,-1.076193,-2.899765,-1.572685,-0.7758622,163.8573,140.4021,-2.351028,-2.086988,-1.554555,-1.417698,-1.84126,-1.076488,-1.537537,-2.450855,-1.446154,-1.357085,25,25,25,25,25,25,25,25,25,25,25,25,25,25,25,25,331,3310,-1.263935,-4.093421,-4.598618,-2.322041,-1.942766,-1.401808,-1.293554,-70.21353,-0.61598,0.1207708,1.072777,0.6061527,-0.2203771,-0.1099638,0.2210787,3.131038,24,24,24,24,24,24,24,24,24,24,24,24,24,24,25,25
332,3320,-35.71558,-55.14098,-16.62111,-11.94021,-10.62012,-7.778191,-5.489498,-5.26886,-3.714988,-3.444832,-2.020273,-3.026756,-1.192428,-2.628421,-1.431773,-0.3609591,25,25,25,25,25,25,25,25,25,25,25,25,25,25,25,25,332,3320,-2.286652,-1.186413,-0.918084,-1.422242,164.1204,140.6475,-2.742822,-1.565583,-1.036869,-1.031464,-0.5273191,-1.345898,-2.177436,-0.891781,-0.48275,-1.696156,25,25,25,25,25,25,25,25,25,25,25,25,25,25,25,25,332,3320,-1.493713,-4.477151,-4.343036,-1.290149,-1.29529,-1.784048,-1.940181,-72.07238,-0.2450492,0.1207708,0.4767871,-0.1214803,0.4400159,0.6681956,0.1104133,2.42908,24,24,24,24,24,24,24,24,24,24,24,24,24,24,25,25
333,3330,-34.15236,-54.1736,-15.75954,-11.33121,-9.895987,-6.297247,-5.617112,-4.641927,-3.838853,-3.937108,-2.139101,-3.026756,-2.146171,-2.628421,-1.789983,0.001202378,25,25,25,25,25,25,25,25,25,25,25,25,25,25,25,25,333,3330,-2.152156,-1.054617,-1.703601,-1.680794,164.6467,139.6658,-1.567439,-1.30488,-0.9074488,-1.417698,-1.052895,-2.827658,-1.281579,-1.782679,-1.687004,-2.487321,25,25,25,25,25,25,25,25,25,25,25,25,25,25,25,25,333,3330,-1.263935,-3.581782,-3.959662,-1.290149,-1.683776,-1.529221,-0.7762539,-71.635,-0.1214057,-0.12114,1.430371,0.6061592,0.440019,0.2235332,-0.2215859,3.716007,24,24,24,24,24,24,24,24,24,24,24,24,24,24,25,25
334,3340,-34.99409,-54.53636,-15.26722,-10.47862,-8.085619,-5.18654,-4.085744,-4.014995,-2.971799,-3.69097,-1.069654,-3.152807,-1.550082,-3.106282,-1.551176,-1.447445,25,25,25,25,25,25,25,25,25,25,25,25,25,25,25,25,334,3340,-1.883166,-1.977191,-1.834524,-1.422242,163.331,139.9112,-2.742822,-0.6531242,-2.331081,-1.417698,-1.709865,-1.615309,-1.409558,-1.894094,-2.168706,-1.922203,25,25,25,25,25,25,25,25,25,25,25,25,25,25,25,25,334,3340,-1.723491,-4.860881,-4.981992,-1.935081,-1.683776,-1.529221,-1.68153,-72.29106,0.2495256,0.6045859,0.4767871,-0.7278482,-0.2203739,0.1123172,0.6637433,2.66307,24,24,24,24,24,24,24,24,24,24,24,24,24,24,25,25
335,3350,-34.63335,-54.89913,-14.52873,-11.33121,-8.809769,-5.803599,-3.064833,-4.265768,-2.228611,-2.214141,-1.663791,-2.270482,-1.311647,-2.270023,-2.028739,0.3633638,25,25,25,25,25,25,25,25,25,25,25,25,25,25,25,25,335,3350,-2.017661,-1.581802,-1.179923,-1.16369,163.5942,140.1566,-1.959234,-1.435232,-1.036869,-1.932677,-1.972655,-1.345898,-2.049458,-2.005458,-1.686953,-3.391509,25,25,25,25,25,25,25,25,25,25,25,25,25,25,25,25,335,3350,-1.83838,-3.070143,-4.215244,-2.709001,-2.978727,-2.675943,-1.68153,-71.30697,0.8677438,0.4836321,0.4767871,0.9699773,-0.0002407967,0.001151811,-0.110866,3.716007,24,24,24,24,24,24,24,24,24,24,24,24,24,24,25,25
336,3360,-33.55111,-54.1736,-14.40565,-9.991425,-9.413225,-6.050423,-4.851429,-4.8927,-2.971799,-3.937108,-2.495583,-3.657011,-2.503824,-2.62842,-2.028739,-0.4816833,25,25,25,25,25,25,25,25,25,25,25,25,25,25,25,25,336,3360,-1.74867,-1.054617,-2.227286,-1.680794,163.5942,140.5248,-2.873419,-0.5227728,-2.331081,-1.546443,-1.578471,-1.211193,-1.025617,-1.560006,-2.409505,-1.809179,25,25,25,25,25,25,25,25,25,25,25,25,25,25,25,25,336,3360,-1.723491,-4.093421,-4.981992,-2.709001,-1.554281,-0.8921542,-2.328156,-73.16582,-0.61598,-0.12114,0.5959851,0.6061592,-0.5505704,-0.3323452,0.5531309,3.6124,24,24,24,24,24,24,24,24,24,24,24,24,24,24,25,25
337,3370,-32.10812,-54.89913,-14.03641,-9.991425,-8.085619,-6.297247,-3.447675,-4.767314,-3.095664,-4.306315,-1.901446,-3.783062,-2.026954,-4.7788,-1.909336,-0.9645641,25,25,25,25,25,25,25,25,25,25,25,25,25,25,25,25,337,3370,-1.210638,-1.318209,-2.227286,-1.680794,163.7257,140.2793,-1.698037,-1.956637,-2.460502,-1.160209,-1.315684,-2.288835,-1.281579,-2.562269,-1.927804,-2.374297,25,25,25,25,25,25,25,25,25,25,25,25,25,25,25,25,337,3370,-1.953269,-3.837602,-4.470828,-1.677108,-1.165795,-1.401808,-2.845457,-70.86961,0.002237804,0.1207708,-4.414606E-06,0.2423378,0.6601522,0.3346488,0.1104663,2.442263,24,24,24,24,24,24,24,24,24,24,24,24,24,24,25,25
338,3380,-34.5131,-56.10838,-13.29792,-9.991425,-7.964926,-5.433364,-3.958131,-4.391154,-2.352475,-3.198694,-2.61441,-3.152807,-2.265389,-2.62842,-2.148143,0.1219202,25,25,25,25,25,25,25,25,25,25,25,25,25,25,25,25,338,3380,-1.614124,-2.504376,-1.703601,-1.81007,163.1994,140.6475,-2.089831,-2.21734,-1.036869,-1.417698,-1.84126,-2.019425,-1.921479,-2.896357,-1.325677,-1.809179,25,25,25,25,25,25,25,25,25,25,25,25,25,25,25,25,338,3380,-0.9192687,-3.709744,-4.470828,-2.709001,-2.719738,-2.166289,-2.198831,-71.85368,-0.4923362,0.4836321,1.191975,-0.1214803,-0.4405039,-0.6658422,-0.110866,3.261357,24,24,24,24,24,24,24,24,24,24,24,24,24,24,25,25
339,3390,-34.87384,-56.35022,-13.54408,-9.138832,-8.447701,-5.556776,-4.085744,-4.641927,-3.095664,-3.321762,-1.782619,-2.396502,-2.503824,-2.867351,-2.506353,-0.4816833,25,25,25,25,25,25,25,25,25,25,25,25,25,25,25,25,339,3390,-2.421096,-1.977191,-1.834473,-1.81007,163.9888,139.6658,-2.873419,-1.826286,-1.554555,-2.190166,-1.315684,-2.15413,-2.561379,-2.562269,-1.566527,-3.052438,25,25,25,25,25,25,25,25,25,25,25,25,25,25,25,25,339,3390,-1.83838,-4.349293,-4.343088,-1.677108,-2.460747,-3.695252,-2.198831,-71.19762,-0.4923362,0.725543,0.4767871,0.3636127,-0.1103074,0.6681458,-0.3321983,3.027328,24,24,24,24,24,24,24,24,24,24,24,24,24,24,25,25
340,3400,-33.91185,-56.35022,-13.91332,-10.96582,-8.085619,-5.680188,-3.447675,-4.391154,-3.095664,-3.937108,-2.020273,-3.404909,-2.265389,-4.420404,-2.506353,-1.688889,25,25,25,25,25,25,25,25,25,25,25,25,25,25,25,25,340,3400,-1.748619,-2.108987,-1.834473,-1.680846,163.1994,139.0522,-2.089831,-1.695934,-2.460502,-1.417698,-2.104049,-2.558247,-1.665519,-2.116818,-2.770782,-2.261274,25,25,25,25,25,25,25,25,25,25,25,25,25,25,25,25,340,3400,-2.642599,-4.221384,-4.343088,-3.482919,-2.978727,-1.784048,-1.552205,-72.07238,-0.3686927,-0.7259122,0.953579,0.2423378,0.440019,-0.2211798,-0.553529,3.378371,24,24,24,24,24,24,24,24,24,24,24,24,24,24,25,25
341,3410,-35.35484,-56.35022,-14.15949,-11.33121,-8.327007,-5.927011,-2.554378,-3.764222,-2.47634,-2.829486,-1.782619,-2.270482,-1.907736,-2.62842,-1.312318,-0.2402413,25,25,25,25,25,25,25,25,25,25,25,25,25,25,25,25,341,3410,-1.345133,-1.450006,-1.965396,-1.422294,162.9363,139.2976,-1.959234,-1.695934,-2.460502,-2.318911,-3.286592,-2.15413,-1.793497,-2.005458,-2.409505,-2.261274,25,25,25,25,25,25,25,25,25,25,25,25,25,25,25,25,341,3410,-2.297936,-4.605114,-4.598671,-2.32204,-1.942716,-0.3824999,-1.552205,-71.30697,0.2495256,0.3626783,1.072777,-0.0002086905,0.1098226,0.4458142,-0.0001990586,3.378371,24,24,24,24,24,24,24,24,24,24,24,24,24,24,25,25
342,3420,-36.19658,-56.47115,-14.77489,-12.18381,-10.25805,-6.050423,-3.192447,-4.391154,-2.971799,-3.567901,-2.020273,-2.270482,-2.026954,-2.389488,-1.670528,0.001199168,25,25,25,25,25,25,25,25,25,25,25,25,25,25,25,25,342,3420,-1.614124,-2.108987,-1.310794,-2.585778,162.8047,140.034,-1.698037,-1.565583,-2.072239,-2.83389,-1.972655,-1.750014,-1.665519,-1.225919,-1.807378,-3.504533,25,25,25,25,25,25,25,25,25,25,25,25,25,25,25,25,342,3420,-2.412825,-3.837653,-3.831923,-3.095958,-2.978678,-2.675943,-1.68153,-71.52567,-0.2450492,-0.0001862161,0.3575891,1.091252,0.5500856,0.001151811,-0.2215314,3.846422,24,24,24,24,24,24,24,24,24,24,24,24,24,24,25,25
343,3430,-35.59534,-57.07576,-13.17484,-11.69661,-7.964926,-6.42066,-2.937219,-5.018087,-2.971799,-3.814039,-2.376756,-2.900706,-2.74226,-4.181473,-2.506353,-0.9645641,25,25,25,25,25,25,25,25,25,25,25,25,25,25,25,25,343,3430,-1.748619,-0.7910244,-1.834473,-2.456502,163.7256,140.6476,-2.873419,-1.044178,-2.460502,-1.288953,-1.315684,-1.480603,-2.049458,-1.225919,-2.168654,-1.922203,25,25,25,25,25,25,25,25,25,25,25,25,25,25,25,25,343,3430,-1.608602,-3.709744,-4.854253,-2.580013,-1.165744,-1.019567,-2.457532,-72.61909,0.1258821,0.1207708,0.7151831,0.4848843,-0.1103074,-0.1100144,-0.3321983,3.378371,24,24,24,24,24,24,24,24,24,24,24,24,24,24,25,25
344,3440,-35.47509,-57.43853,-14.03641,-11.81841,-9.775293,-7.284544,-4.085744,-4.391154,-2.352475,-2.706418,-1.901446,-3.152807,-2.265389,-2.867351,-1.551125,0.4840816,25,25,25,25,25,25,25,25,25,25,25,25,25,25,25,25,344,3440,-0.9416468,-1.713598,-3.012758,-1.422294,164.1204,139.9113,-1.175645,-2.21734,-1.425133,-0.7739748,-0.3959244,-2.019425,-1.025617,-1.78273,-1.205251,-2.035227,25,25,25,25,25,25,25,25,25,25,25,25,25,25,25,25,344,3440,-2.183047,-4.860933,-4.47088,-2.064067,-0.647764,-0.7647406,-2.716182,-71.30697,0.1258821,-0.4840014,0.4767871,-0.4853017,0.3299557,0.2234826,0.1104663,3.261357,24,24,24,24,24,24,24,24,24,24,24,24,24,24,25,25
345,3450,-33.67136,-57.55945,-15.63647,-13.88899,-11.82703,-8.025015,-5.361884,-4.516541,-2.847986,-3.198694,-2.61441,-2.144351,-3.099913,-3.345214,-1.312318,0.001199168,25,25,25,25,25,25,25,25,25,25,25,25,25,25,25,25,345,3450,-0.9416468,-2.240784,-1.179872,-1.163742,163.1994,140.6476,-2.089831,-2.738745,-1.554608,-1.288953,-1.709865,-1.076488,-2.177436,-1.78273,-1.686953,-2.14825,25,25,25,25,25,25,25,25,25,25,25,25,25,25,25,25,345,3450,-1.034158,-3.453924,-4.47088,-1.677107,-1.55423,-1.529221,-1.16428,-70.97894,-0.9869109,-0.3630476,0.834381,0.4848843,-0.0002407967,0.001151811,-0.0001990586,3.027328,24,24,24,24,24,24,24,24,24,24,24,24,24,24,25,25
346,3460,-34.5131,-58.285,-15.3903,-15.83778,-12.43049,-8.765487,-4.979042,-4.892701,-2.847986,-4.429386,-2.376756,-3.278858,-2.503824,-3.703611,-2.74516,-1.326727,25,25,25,25,25,25,25,25,25,25,25,25,25,25,25,25,346,3460,-2.421096,-1.318209,-0.7871099,-1.163742,164.515,139.9113,-2.742822,-0.9138267,-0.9075018,-1.932677,-0.7901086,-2.288835,-2.177436,-1.78273,-1.686953,-2.713368,25,25,25,25,25,25,25,25,25,25,25,25,25,25,25,25,346,3460,-1.149047,-3.453924,-5.109836,-2.193053,-1.036249,-2.293703,-2.586857,-72.18172,0.7441003,0.3626848,1.430371,0.1210662,-0.1103074,0.6681458,-0.110866,3.027328,24,24,24,24,24,24,24,24,24,24,24,24,24,24,25,25
347,3470,-35.71558,-58.16407,-15.3903,-14.74159,-11.82703,-8.148427,-4.723814,-3.764222,-3.21958,-3.690971,-2.139049,-3.026756,-2.861478,-2.389488,-1.431721,0.8462431,25,25,25,25,25,25,25,25,25,25,25,25,25,25,25,25,347,3470,-1.210638,-1.713598,-2.358157,-1.680846,162.9363,138.8068,-1.828636,-1.044178,-2.072292,-1.160209,-3.023861,-2.692951,-2.433397,-2.228182,-2.409505,-2.035227,25,25,25,25,25,25,25,25,25,25,25,25,25,25,25,25,347,3470,-2.297936,-3.581834,-4.215297,-1.806094,-2.331201,-1.656635,-1.552256,-71.635,0.002237804,-0.8468563,0.7151313,0.6061592,0.2198891,0.3346488,-0.2215314,3.027328,24,24,24,24,24,24,24,24,24,24,24,24,24,24,25,25
348,3480,-36.55732,-57.8013,-16.37496,-14.86339,-11.82703,-8.765487,-5.87234,-5.268861,-3.96277,-3.81404,-2.852014,-3.279043,-3.219131,-2.508954,-1.551125,-0.1195218,25,25,25,25,25,25,25,25,25,25,25,25,25,25,25,25,348,3480,-1.883114,-1.581802,-2.096312,-1.680846,162.5415,139.6658,-1.698037,-1.174529,-1.554608,-1.675187,-2.366887,-2.019425,-1.281579,-2.005458,-1.446102,-2.600344,25,25,25,25,25,25,25,25,25,25,25,25,25,25,25,25,348,3480,-1.83838,-4.605114,-4.982045,-2.580013,-2.072211,-1.401808,-1.810906,-71.74435,-0.8632674,0.6045956,1.072725,-0.7278,-0.8807669,0.2234826,0.2211332,3.378371,24,24,24,24,24,24,24,24,24,24,24,24,24,24,25,25
349,3490,-34.5131,-57.43853,-15.26722,-15.47238,-12.79256,-10.9869,-7.658934,-6.648112,-4.582094,-5.04473,-2.614359,-4.035486,-3.099912,-4.181473,-2.38695,-1.326727,25,25,25,25,25,25,25,25,25,25,25,25,25,25,25,25,349,3490,-1.076142,-1.450006,-1.834473,-2.19795,163.8572,140.4021,-2.742822,-1.30488,-1.942871,-2.447656,-1.578522,-1.615309,-1.537537,-0.8918324,-2.048229,-2.713368,25,25,25,25,25,25,25,25,25,25,25,25,25,25,25,25,349,3490,-1.953269,-4.093473,-4.47088,-1.806094,-1.942716,-2.54853,-1.940231,-71.74435,0.4968126,0.9674569,0.1191414,0.4849325,0.7702156,0.4458142,-0.110866,2.559277,24,24,24,24,24,24,24,24,24,24,24,24,24,24,25,25
350,3500,-37.39906,-57.68038,-17.85193,-18.88275,-15.93052,-11.60396,-8.80746,-6.898886,-5.077553,-3.937109,-2.614359,-3.026895,-2.742259,-2.031091,-1.909336,0.2426396,25,25,25,25,25,25,25,25,25,25,25,25,25,25,25,25,350,3500,-1.883114,-1.713598,-2.096312,-0.9051893,163.4625,140.2794,-1.567439,-1.174529,-2.331135,-1.160209,-0.5273705,-0.9417816,-0.8976387,-1.337234,-1.807378,-2.14825,25,25,25,25,25,25,25,25,25,25,25,25,25,25,25,25,350,3500,-1.263935,-3.198104,-4.215297,-2.966973,-1.424735,-0.0002592578,-2.328206,-72.61909,-1.728773,-0.3630412,0.3575374,0.242386,-0.2203739,-0.1099638,-0.3321983,3.6124,24,24,24,24,24,24,24,24,24,24,24,24,24,24,24,25
351,3510,-38.7218,-59.13146,-19.08275,-17.54296,-13.99947,-11.35714,-7.914163,-6.39734,-3.838905,-4.183247,-2.376704,-2.900821,-1.788517,-1.79216,-1.192966,0.1219202,25,25,25,25,25,25,25,25,25,25,25,25,25,25,25,25,351,3510,-0.5381614,-1.450006,-1.310794,-0.5173622,163.7256,140.034,-1.567439,-1.956637,-0.9075018,-0.9027196,-0.7901599,-0.9417816,-1.281579,-2.005409,-1.084877,-1.470109,25,25,25,25,25,25,25,25,25,25,25,25,25,25,25,25,351,3510,-0.804383,-4.221384,-4.47088,-1.290147,-0.2592787,0.509395,-1.810906,-71.19762,0.2495256,-0.1211304,0.2383394,0.1211143,0.9903487,0.4458648,0.6637433,3.027328,24,24,24,24,24,24,24,24,24,24,24,24,24,24,24,25
352,3520,-35.35484,-59.49423,-16.7442,-15.10698,-11.82703,-10.36984,-6.255181,-6.39734,-4.705958,-5.783145,-3.327324,-4.287634,-3.576783,-2.986817,-2.02879,-0.8438978,25,25,25,25,25,25,25,25,25,25,25,25,25,25,25,25,352,3520,-1.614124,-1.845395,-1.048949,-0.7759136,163.3309,140.6476,-2.351028,-1.565583,-0.5192379,-0.2589961,-1.184341,-0.9417816,-1.409558,-1.114508,-0.7236009,-1.696156,25,25,25,25,25,25,25,25,25,25,25,25,25,25,25,25,352,3520,-1.263935,-3.965564,-4.47088,-1.806094,-1.813221,-1.784048,-0.90563,-71.08829,0.3731691,-0.0001765842,0.1191414,0.8487538,0.1098226,-0.6657925,-0.9962482,3.247982,24,24,24,24,24,24,24,24,24,24,24,24,24,24,24,25
353,3530,-34.0321,-58.04315,-16.7442,-16.56857,-14.12015,-10.74008,-8.16939,-6.773499,-4.829823,-4.798593,-3.683806,-4.539782,-2.980694,-2.389488,-2.267597,0.6047481,25,25,25,25,25,25,25,25,25,25,25,25,25,25,25,25,353,3530,-2.152156,-1.186413,-0.7871099,-1.163742,164.1204,140.034,-2.481625,-1.174529,-0.77808,-1.546443,-1.184341,-2.019425,-1.409558,-1.114508,-1.566579,-2.035227,25,25,25,25,25,25,25,25,25,25,25,25,25,25,25,25,353,3530,-0.8043252,-3.070194,-4.726462,-1.290147,-0.647764,-1.784048,-1.810906,-72.18172,0.4968126,0.7255493,0.8343292,0.3636608,-0.1103074,0.8905272,0.995741,3.013998,24,24,24,24,24,24,24,24,24,24,24,24,24,24,24,25
354,3540,-35.71558,-58.8896,-18.59042,-17.66476,-14.8443,-11.85079,-9.445529,-7.525819,-5.449148,-6.029283,-4.277943,-4.79193,-3.934435,-3.584145,-1.431773,0.1218656,25,25,25,25,25,25,25,25,25,25,25,25,25,25,25,25,354,3540,-1.47968,-1.186413,-2.096312,-1.034465,163.3309,139.7886,-1.436842,-0.2620703,-2.331135,-0.9027196,-1.841311,-2.019425,-1.153598,-1.22587,-1.687004,-1.470109,25,25,25,25,25,25,25,25,25,25,25,25,25,25,25,25,354,3540,-1.723437,-3.965564,-4.854253,-1.419134,-1.424735,-1.529221,-1.293605,-70.76025,-0.61598,-1.088767,0.3575374,0.4849325,-0.1103074,0.2235332,0.2210787,3.013998,24,24,24,24,24,24,24,24,24,24,24,24,24,24,24,25
355,3550,-36.19658,-59.25237,-18.7135,-19.97894,-17.01674,-14.56585,-11.10451,-9.406616,-5.573012,-7.136905,-4.39677,-5.674448,-3.457565,-4.898266,-2.506405,-0.7231783,25,25,25,25,25,25,25,25,25,25,25,25,25,25,25,25,355,3550,-0.9416981,-1.186413,-1.049,-1.55157,163.0678,140.4021,-1.436842,-1.695934,-1.166344,-1.160209,-1.578522,-1.211193,-1.153598,-2.11677,-1.205303,-2.713368,25,25,25,25,25,25,25,25,25,25,25,25,25,25,25,25,355,3550,-1.148992,-3.581834,-5.237575,-1.93508,-0.9067537,-1.401808,-1.552256,-71.08829,0.1258821,0.3626848,0.9535273,0.4849325,-0.0002407967,0.8905272,0.442411,4.300924,24,24,24,24,24,24,24,24,24,24,24,24,24,24,24,25
356,3560,-39.92429,-60.46161,-20.19048,-22.41492,-18.10294,-15.67656,-11.99781,-9.782776,-6.686948,-5.783145,-3.921461,-3.909412,-3.815218,-2.389488,-1.67058,-0.6024573,25,25,25,25,25,25,25,25,25,25,25,25,25,25,25,25,356,3560,-1.47968,-1.581802,-1.703601,-2.197898,163.4625,140.1567,-2.481625,-1.044178,-2.331135,-2.5764,-1.315736,-1.615309,-1.793497,-1.448596,-2.168706,-2.600344,25,25,25,25,25,25,25,25,25,25,25,25,25,25,25,25,356,3560,-1.723437,-4.733023,-4.215244,-1.677107,-2.072211,-3.440425,-2.198882,-71.635,0.2495256,0.241731,-5.658723E-05,0.1211143,0.2198891,-0.2211292,-0.2215859,2.195039,24,24,24,24,24,24,24,24,24,24,24,24,24,24,24,25
357,3570,-42.81025,-61.67084,-20.31356,-18.88275,-16.17189,-13.45514,-10.21121,-8.779685,-5.696877,-6.029283,-3.327324,-3.657264,-2.384605,-2.747885,-1.431773,0.1218656,25,25,25,25,25,25,25,25,25,25,25,25,25,25,25,25,357,3570,-1.47968,-0.6592283,-2.227286,-1.034414,163.4626,140.2794,-1.698037,-1.565583,-1.942871,-1.675187,-1.052946,-2.692951,-1.665519,-2.005409,-2.650408,-2.14825,25,25,25,25,25,25,25,25,25,25,25,25,25,25,25,25,357,3570,-1.263881,-3.581834,-4.598618,-2.193054,-1.942766,-1.146981,-1.293605,-71.74435,-0.2450492,-0.1211304,1.907111,0.7274789,0.7702156,0.5570302,0.2210787,3.715955,24,24,24,24,24,24,24,24,24,24,24,24,24,24,24,25
358,3580,-41.24702,-61.06622,-18.83658,-18.03016,-14.24085,-13.20832,-8.16939,-8.403524,-5.449148,-5.906214,-3.802633,-4.79193,-2.980694,-3.345214,-2.02879,-0.2402958,25,25,25,25,25,25,25,25,25,25,25,25,25,25,25,25,358,3580,-1.47968,-2.37258,-2.096363,-1.034414,163.4626,140.0339,-1.567439,-3.390501,-1.942871,-1.417698,-2.366887,-1.480603,-1.537537,-2.784945,-1.80743,-1.583132,25,25,25,25,25,25,25,25,25,25,25,25,25,25,25,25,358,3580,-1.723437,-4.988843,-4.470828,-2.193054,-2.072261,-1.401809,-2.716182,-71.85368,0.2495256,0.241731,0.4767353,-0.7278,0.1098226,0.1123678,0.2210787,3.013998,24,24,24,24,24,24,24,24,24,24,24,24,24,24,24,25
359,3590,-41.36727,-60.46161,-19.32891,-17.29936,-13.39602,-10.61667,-7.148479,-6.898886,-4.829823,-4.306316,-3.327324,-3.657264,-2.980694,-2.747885,-2.148194,0.1218656,25,25,25,25,25,25,25,25,25,25,25,25,25,25,25,25,359,3590,-2.421147,-2.504376,-1.441762,-2.068622,162.8048,139.7885,-2.22043,-1.565583,-1.684028,-1.031464,-1.052946,-0.6723718,-2.305418,-1.448596,-0.8440261,-2.374297,25,25,25,25,25,25,25,25,25,25,25,25,25,25,25,25,359,3590,-1.953214,-3.198104,-4.087453,-1.806094,-2.460747,-1.529222,-1.940181,-71.19762,0.002237804,-0.3630412,0.9535273,0.6062073,-0.2203739,-0.7769579,-0.5535836,3.247982,24,24,24,24,24,24,24,24,24,24,24,24,24,24,24,25
360,3600,-42.9305,-61.42899,-19.45199,-15.71598,-12.67187,-9.135722,-6.127567,-6.146565,-4.458229,-3.81404,-3.089669,-2.900821,-2.503823,-2.62842,-2.148194,-0.6024573,25,25,25,25,25,25,25,25,25,25,25,25,25,25,25,25,360,3600,-1.345184,-1.450006,-0.918084,-2.068622,163.7257,138.9294,-2.22043,-0.9138267,-1.166344,-1.546443,-1.052946,-1.480603,-1.281579,-0.4463328,-0.6031757,-2.487321,25,25,25,25,25,25,25,25,25,25,25,25,25,25,25,25,360,3600,-1.034103,-3.070194,-4.854201,-1.032175,-0.906805,-1.401809,-0.5176038,-71.19762,-0.61598,0.6045956,0.7151313,0.6062073,-0.5505704,0.001201576,-0.2215859,3.481972,24,24,24,24,24,24,24,24,24,24,24,24,24,24,24,25
361,3610,-40.40528,-61.18714,-17.23652,-13.76719,-9.533906,-9.505959,-5.872339,-6.146565,-4.458229,-5.290869,-3.208496,-3.279043,-2.384605,-3.225748,-1.67058,-0.2402958,25,25,25,25,25,25,25,25,25,25,25,25,25,25,25,25,361,3610,-0.6727073,-0.3956354,-1.179923,-0.5173108,163.1994,139.1749,-1.567439,-0.5227728,-2.07229,-0.64523,-1.578522,-1.345898,-0.8976387,-0.6690584,-0.9644518,-1.018015,25,25,25,25,25,25,25,25,25,25,25,25,25,25,25,25,361,3610,-1.723437,-3.581834,-4.981992,-1.548121,-0.3888241,-0.5099135,-2.198831,-70.86961,0.2495256,0.4836418,0.4767353,0.3636608,0.5500856,0.5570302,0.3317456,3.130986,24,24,24,24,24,24,24,24,24,24,24,24,24,24,24,25
362,3620,-37.03832,-58.8896,-15.26722,-10.23502,-8.809769,-6.42066,-4.468586,-4.767314,-4.086634,-3.198693,-2.97084,-2.522599,-2.861476,-2.150557,-1.551176,-0.2402958,25,25,25,25,25,25,25,25,25,25,25,25,25,25,25,25,362,3620,-0.6727073,-1.054617,-0.001637418,-1.16369,163.5942,140.1566,-1.436842,-0.9138267,-0.1309725,-1.031464,-1.44713,-0.8070767,-0.8976387,-0.2236086,-0.48275,-2.600344,25,25,25,25,25,25,25,25,25,25,25,25,25,25,25,25,362,3620,-0.3447727,-3.198104,-4.598618,-1.677107,-1.29529,-0.7647406,-1.42288,-70.97894,-0.61598,-0.2420906,0.9535273,0.242386,-0.3304373,-0.7769579,-0.2215859,2.897003,24,24,24,24,24,24,24,24,24,24,25,24,24,24,24,25
363,3630,-33.7916,-59.01052,-14.40565,-9.260631,-7.844245,-4.939716,-3.192447,-3.764222,-2.476391,-2.952554,-2.614358,-2.018206,-1.669299,-2.270023,-1.67058,-0.4817363,25,25,25,25,25,25,25,25,25,25,25,25,25,25,25,25,363,3630,-0.5382127,-0.7910244,-1.310846,-1.292967,163.4626,140.7702,-2.481625,-0.6531242,-1.166342,-1.546443,-0.658717,-0.6723718,-1.281579,-0.7804205,-1.687004,-2.261274,25,25,25,25,25,25,25,25,25,25,25,25,25,25,25,25,363,3630,-0.0001059506,-2.814375,-5.74874,-0.7742015,-0.0003387207,-0.8921542,-2.328156,-71.52567,0.4968126,0.6045924,1.072777,0.3636608,-0.2203739,0.5570302,0.1104133,3.364977,24,24,24,24,24,24,24,24,24,24,25,24,24,24,24,25
364,3640,-33.91185,-59.85699,-12.68251,-8.651635,-6.516639,-5.680188,-3.320061,-3.889608,-2.971851,-3.444831,-2.49553,-1.639883,-1.907734,-2.270023,-0.5959477,-1.08534,25,25,25,25,25,25,25,25,25,25,25,25,25,25,25,25,364,3640,-1.076193,-0.7910244,-1.834524,-1.034414,163.7257,140.2793,-1.828636,-1.435232,-2.331132,-1.288953,-0.5273255,-1.615309,-0.6416783,-1.337234,-1.566579,-1.922203,25,25,25,25,25,25,25,25,25,25,25,25,25,25,25,25,364,3640,-0.9192141,-3.198104,-4.470828,-1.032175,-1.683776,-1.911463,-1.68153,-70.86961,-0.2450492,-1.08877,0.3575899,-0.2427616,-0.6606338,0.6681956,-0.5535836,1.961055,24,24,24,24,24,24,24,24,24,24,25,24,24,24,24,25
365,3650,-30.5449,-56.71299,-11.69786,-6.215656,-6.154571,-3.45828,-2.681991,-2.761129,-2.476391,-2.21414,-2.257875,-2.27042,-2.146171,-1.672694,-1.551176,-0.6024573,25,25,25,25,25,25,25,25,25,25,25,25,25,25,25,25,365,3650,-0.9416981,-1.713598,-0.3943993,-0.6465865,163.5942,140.2793,-1.306243,-1.826286,-1.295764,-0.9027191,-1.184296,-1.076488,-1.025617,-2.005409,-1.325728,-1.696156,25,25,25,25,25,25,25,25,25,25,25,25,25,25,25,25,365,3650,-0.8043252,-3.453924,-5.109784,-1.935081,-1.165795,-1.401809,-1.940181,-71.19762,-0.4923365,0.6045924,0.8343815,-0.0002151117,-0.7706522,0.2235332,-0.0002536392,3.598967,24,24,24,24,24,24,24,24,24,24,25,24,24,24,24,25
366,3660,-29.22216,-55.62468,-11.57478,-6.337455,-5.309741,-3.581812,-2.043908,-3.011902,-2.104797,-2.952554,-1.544912,-2.018205,-1.430865,-2.508954,-1.192966,-0.7231783,25,25,25,25,25,25,25,25,25,25,25,25,25,25,25,25,366,3660,-1.883166,-1.450006,-1.310846,-1.292967,162.8048,139.6658,-3.004018,-1.435232,-1.554606,-1.417698,-1.578477,-1.750014,-2.689357,-2.228134,-1.687004,-2.826391,25,25,25,25,25,25,25,25,25,25,25,25,25,25,25,25,366,3660,-1.493659,-4.093473,-4.087453,-1.806094,-2.590242,-2.930771,-1.68153,-70.76025,0.1258821,0.4836354,0.4767879,0.1210597,0.7702637,0.001201576,-0.2215859,2.429029,24,24,24,24,24,24,24,24,24,24,25,24,24,24,25,25
367,3670,-27.53868,-56.35021,-10.34396,-7.433645,-5.430434,-4.692892,-2.937219,-4.391154,-2.724121,-2.829486,-2.852012,-2.396525,-2.026954,-2.747885,-1.670528,-0.3610169,25,25,25,25,25,25,25,25,25,25,25,25,25,25,25,25,367,3670,-2.421147,-0.9228213,-0.918084,-1.939346,164.1204,138.8067,-2.089831,-0.7834754,-1.03692,-1.031464,-1.447082,-2.692951,-1.793497,-1.559958,-0.9644001,-1.809179,25,25,25,25,25,25,25,25,25,25,25,25,25,25,25,25,367,3670,-1.37877,-4.221384,-3.959662,-1.806094,-2.719738,-1.274395,-1.552205,-71.30697,-0.61598,-0.604952,0.3575899,-0.0002151117,-0.0001926374,0.2235332,-0.3322497,3.715955,24,24,24,24,24,24,24,24,24,24,25,24,24,24,25,25
368,3680,-28.38042,-55.2619,-9.482392,-5.606328,-5.309741,-3.705345,-2.29915,-2.886516,-2.476391,-2.21414,-2.733186,-2.27042,-2.384607,-2.270023,-1.789932,-0.8438416,25,25,25,25,25,25,25,25,25,25,25,25,25,25,25,25,368,3680,-1.210689,-0.9228213,-1.310846,-0.5173108,162.6732,139.2976,-1.436842,-1.044178,-1.813448,-1.160209,-1.841266,-2.42354,-1.153598,-1.448596,-1.325677,-2.148244,25,25,25,25,25,25,25,25,25,25,25,25,25,25,25,25,368,3680,-1.148992,-3.965564,-4.726409,-2.064068,-1.165795,-1.274395,-1.16423,-70.97894,0.002237804,0.9674537,0.9535794,-0.1214868,-0.3303891,0.5570302,-0.1109174,3.364977,24,24,24,24,24,24,24,24,24,24,25,24,24,24,25,25
369,3690,-27.17793,-55.02006,-8.866986,-4.996963,-4.223523,-2.840619,-1.27745,-1.75783,-1.361608,-2.21414,-1.069602,-1.513776,-1.192429,-2.150557,-0.7153003,0.1219218,25,25,25,25,25,25,25,25,25,25,25,25,25,25,25,25,369,3690,-1.614124,-1.713598,-1.049,-2.068622,162.6732,139.2976,-2.22043,-1.956637,-1.813448,-2.447655,-1.709872,-1.211193,-1.025617,-1.448596,-1.686952,-2.713362,25,25,25,25,25,25,25,25,25,25,25,25,25,25,25,25,369,3690,-2.068158,-3.965564,-3.83187,-2.32204,-2.072261,-1.911463,-2.069506,-71.19762,0.3731691,-0.1211336,-0.119202,0.3636062,0.2199373,-0.2211292,-0.6642473,2.429029,24,24,24,24,24,24,24,24,24,24,25,24,24,24,25,25
370,3700,-25.97544,-56.35022,-8.866986,-5.7282,-4.344216,-4.322656,-2.043908,-3.388062,-2.352527,-3.444831,-1.901393,-2.27042,-1.550082,-2.389488,-1.192914,-0.6024011,25,25,25,25,25,25,25,25,25,25,25,25,25,25,25,25,370,3700,-0.9416468,-1.581802,-1.441762,-2.45645,163.4626,140.1566,-1.828636,-0.6531242,-1.813448,-2.447655,-1.315688,-1.615309,-2.049458,-1.448596,-2.409505,-3.052432,25,25,25,25,25,25,25,25,25,25,25,25,25,25,25,25,370,3700,-1.149047,-3.325962,-4.854201,-1.935081,-1.165795,-0.7647406,-2.198831,-71.30697,0.3731691,0.8464999,1.191975,0.9699709,0.2199373,0.2235332,0.4424126,3.247982,24,24,24,24,24,24,24,24,24,24,25,24,24,24,25,25
371,3710,-25.49445,-54.53637,-8.128496,-3.900107,-3.499373,-2.34649,-0.8942207,-2.259583,-1.857067,-0.4911739,-1.426084,-1.261561,-1.192429,-0.8364347,-0.7153003,-0.4816801,25,25,25,25,25,25,25,25,25,25,25,25,25,25,25,25,371,3710,-2.152105,-1.318209,-2.096363,-1.422242,163.331,140.2793,-1.436842,-1.435232,-1.94287,-1.160209,-1.578477,-1.480603,-0.8976387,-1.671322,-1.927803,-1.922197,25,25,25,25,25,25,25,25,25,25,25,25,25,25,25,25,371,3710,-1.83838,-4.477151,-4.343036,-1.548121,-1.424785,-0.3824999,-2.457481,-71.96304,0.2495256,0.4836354,0.4767879,-0.7278546,-0.0001926374,0.1123678,-0.1109174,3.481972,24,24,24,24,24,24,24,24,24,24,25,24,24,24,25,25
372,3720,-26.21594,-54.05268,-6.774601,-2.803251,-3.137305,-1.85236,-1.27745,-2.134197,-1.237743,-2.091071,-1.069602,-1.892098,-1.192429,-1.79216,-0.8347041,-0.8438416,25,25,25,25,25,25,25,25,25,25,25,25,25,25,25,25,372,3720,-1.479628,-2.504376,-1.703601,-1.551518,163.331,140.2793,-2.089831,-1.956637,-1.295764,-1.031464,-1.709872,-0.9417816,-1.537537,-2.339497,-1.205251,-1.131032,25,25,25,25,25,25,25,25,25,25,25,25,25,25,25,25,372,3720,-1.608602,-3.581781,-3.83187,-1.935081,-2.072261,-1.146981,-2.069506,-70.76025,0.002237804,0.3626816,0.4767879,0.4848779,-0.0001926374,-0.3322954,-0.6642473,3.013998,24,24,24,24,24,24,24,24,24,24,25,24,24,24,25,25
373,3730,-26.21594,-54.6573,-6.282276,-3.656361,-3.620073,-3.705345,-1.660679,-2.259583,-1.113878,-2.21414,-1.901393,-1.639883,-0.953994,-1.672694,-1.192914,-0.6024011,25,25,25,25,25,25,25,25,25,25,25,25,25,25,25,25,373,3730,-1.345133,-1.450006,-0.918084,-0.905138,163.5941,139.7885,-2.22043,-1.435232,-1.03692,-1.417698,-1.052901,-1.884719,-1.537537,-1.559958,-0.6031239,-1.696149,25,25,25,25,25,25,25,25,25,25,25,25,25,25,25,25,373,3730,-1.263935,-3.198052,-4.087453,-1.419135,-0.6478146,-0.6373271,-1.810855,-71.635,0.1258821,0.4836354,0.9535794,0.3636062,-0.2203258,0.4458648,0.5530795,3.130986,24,24,24,24,24,24,24,24,24,24,25,24,24,24,25,25
374,3740,-24.8932,-53.20621,-5.666869,-3.534488,-3.620073,-2.222958,-1.27745,-1.883409,-1.980932,-1.844933,-2.257875,-1.639883,-1.550082,-1.433763,-1.551125,-0.6024011,25,25,25,25,25,25,25,25,25,25,25,25,25,25,25,25,374,3740,-1.210638,-0.2638393,-0.6562384,-0.905138,163.5941,139.1749,-2.089831,-0.7834754,-1.295764,-1.031464,-1.052901,-1.884719,-1.281579,-1.22587,-0.7235491,-1.018008,25,25,25,25,25,25,25,25,25,25,25,25,25,25,25,25,374,3740,-1.953269,-3.198052,-4.087453,-1.290149,-0.6478146,-1.529221,-2.198831,-71.08829,0.2495256,-0.8468627,0.119194,0.2423314,0.3300039,0.5570302,0.4424126,3.130986,24,24,24,24,24,24,24,24,24,24,25,24,24,24,25,25
375,3750,-26.81718,-53.68991,-6.65152,-3.778234,-3.016618,-1.852361,-0.6386836,-1.63225,-0.8661485,-1.598795,-1.426084,-1.261561,-1.073212,-2.031091,-0.8347041,0.2426428,25,25,25,25,25,25,25,25,25,25,25,25,25,25,25,25,375,3750,-1.479628,-1.186413,-1.834524,-0.7758622,162.5416,139.4203,-1.436842,0.1289836,-2.331132,-0.7739744,-2.498237,-1.211193,-1.409558,-1.22587,-1.325677,-1.696149,25,25,25,25,25,25,25,25,25,25,25,25,25,25,25,25,375,3750,-0.5746052,-3.325962,-4.726409,-1.935081,-1.942766,-1.019567,-1.42288,-70.65091,-0.4923365,0.120774,0.5959855,0.6061527,-0.0001926374,-0.2211292,-0.1109174,3.130986,24,24,24,24,24,24,24,24,24,24,25,24,24,24,25,25
376,3760,-30.18414,-54.6573,-7.759253,-6.215656,-3.861461,-3.45828,-1.532884,-3.262676,-1.361608,-3.075624,-1.544912,-2.396525,-1.311647,-2.389488,-1.551125,-0.8438416,25,25,25,25,25,25,25,25,25,25,25,25,25,25,25,25,376,3760,-1.345133,-1.450006,-0.7871612,-1.680794,162.8047,140.1566,-2.22043,-0.6531755,-0.9075001,-2.190166,-1.972658,-0.9417816,-1.537537,-1.337234,-1.205251,-2.713362,25,25,25,25,25,25,25,25,25,25,25,25,25,25,25,25,376,3760,-0.9192687,-3.581781,-4.598618,-0.6452163,-1.554281,-2.166289,-3.104107,-71.52567,-0.4923365,0.2417278,0.8343815,-0.4853081,0.5501338,0.5570302,-0.2215827,2.663019,24,24,24,24,24,24,24,24,24,24,25,24,24,24,25,25
377,3770,-29.94365,-54.29452,-7.266927,-5.606328,-4.706291,-2.593554,-2.043856,-1.883412,-1.485473,-1.844933,-2.020221,-1.892098,-2.384607,-2.508954,-2.148143,-0.7231221,25,25,25,25,25,25,25,25,25,25,25,25,25,25,25,25,377,3770,-1.883114,-0.2638393,-1.179923,-1.16369,163.4626,140.5248,-1.436842,-1.174581,-1.813397,-1.932677,-0.9215065,-1.211193,-1.665519,-1.559958,-2.168654,-2.03522,25,25,25,25,25,25,25,25,25,25,25,25,25,25,25,25,377,3770,-0.6894941,-3.581781,-3.320705,-1.548122,-1.942766,-0.6373271,-1.42288,-71.08829,-0.61598,-0.9678165,1.072777,0.1210597,1.10046,0.6681956,-0.3322497,3.832951,24,24,24,24,24,24,24,24,24,24,25,24,24,24,25,25
378,3780,-31.50688,-54.29452,-8.005416,-7.920841,-5.06836,-2.34649,-2.171535,-2.134197,-1.609338,-2.952502,-1.901393,-2.522599,-1.550082,-3.106282,-1.312318,-1.326724,25,25,25,25,25,25,25,25,25,25,25,25,25,25,25,25,378,3780,-1.479628,-1.450006,-1.834524,-0.905138,163.7257,140.2793,-1.436842,-2.217391,-2.20166,-1.160209,-1.447082,-1.750014,-1.537537,-2.228134,-2.28908,-2.713362,25,25,25,25,25,25,25,25,25,25,25,25,25,25,25,25,378,3780,-1.034158,-4.221331,-4.981992,-1.419135,-1.554281,-1.274394,-0.9055794,-71.08829,0.002237804,0.2417246,0.7151834,-0.4853081,-0.4404557,-0.1099638,-0.442915,3.364977,24,24,24,24,24,24,24,24,24,24,25,24,24,24,25,25
379,3790,-34.5131,-56.59207,-9.728556,-8.286239,-5.430441,-3.334748,-1.405141,-2.886516,-1.857067,-2.829433,-1.782567,-1.261561,-1.073212,-2.031091,-0.3570895,0.1219218,25,25,25,25,25,25,25,25,25,25,25,25,25,25,25,25,379,3790,-1.748619,-2.37258,-1.179923,-0.905138,163.0678,139.6658,-1.959234,-2.217391,-1.683975,-0.7739748,-2.235441,-1.615309,-2.177436,-2.673582,-1.446102,-1.696149,25,25,25,25,25,25,25,25,25,25,25,25,25,25,25,25,379,3790,-1.83838,-3.198052,-3.83187,-1.677108,-2.590242,-2.54853,-2.328156,-70.54156,0.620456,0.8464967,-4.013278E-06,0.7274244,0.9903969,0.5570302,-0.1109174,3.130986,24,24,24,24,24,24,24,24,24,24,25,24,24,24,25,25
380,3800,-35.11434,-55.38284,-9.23623,-6.093819,-4.585598,-1.975893,-2.043856,-2.00881,-1.980933,-1.352605,-1.66374,-1.892098,-1.430865,-2.031091,-0.7153003,-1.206003,25,25,25,25,25,25,25,25,25,25,25,25,25,25,25,25,380,3800,-2.2866,-1.845395,-0.918084,-1.551518,163.331,139.1749,-2.089831,-1.956688,-1.942818,-2.318911,-1.84126,-2.42354,-2.433397,-2.11677,-1.686952,-3.052432,25,25,25,25,25,25,25,25,25,25,25,25,25,25,25,25,380,3800,-1.953269,-3.453871,-4.215244,-2.193054,-2.072261,-1.911462,-2.069506,-71.52567,-0.7396239,-0.2420938,0.9535794,-0.0002119011,0.4400672,0.3346986,0.2210819,4.066934,24,24,24,24,24,24,24,24,24,24,25,24,24,24,25,25
381,3810,-33.91185,-55.98745,-9.359311,-8.408037,-5.06836,-2.222958,-0.7664265,-1.129934,-0.7422839,-1.106467,-0.5942935,-0.6310238,-0.4771732,-1.553229,-0.2376856,-0.8438416,25,25,25,25,25,25,25,25,25,25,25,25,25,25,25,25,381,3810,-2.01761,-2.108987,-1.572685,-1.939346,163.331,138.5613,-1.828636,-1.565634,-2.848766,-1.546443,-2.235441,-3.63589,-1.793494,-1.782682,-2.529931,-2.03522,25,25,25,25,25,25,25,25,25,25,25,25,25,25,25,25,381,3810,-2.183047,-4.73297,-4.726409,-2.837987,-3.237718,-2.803357,-3.362757,-70.97894,0.002237804,-0.3630476,-4.013278E-06,-0.6065797,-0.1102592,0.6681956,0.5530795,2.897003,24,24,24,24,24,24,24,24,24,24,25,24,24,24,25,25
382,3820,-32.70937,-56.10838,-9.605474,-7.555444,-4.706291,-2.964151,-1.277398,-1.129934,-1.113879,-1.598743,-0.7131211,-0.6310238,-0.3579555,-1.553232,-0.1182825,-0.7231221,25,25,25,25,25,25,25,25,25,25,25,25,25,25,25,25,382,3820,-1.883114,-1.054617,-1.965447,-1.422242,162.5416,139.5431,-1.698037,-1.565634,-1.683975,-1.675187,-2.629625,-2.288835,-1.537537,-2.450906,-1.686952,-3.165456,25,25,25,25,25,25,25,25,25,25,25,25,25,25,25,25,382,3820,-2.527714,-3.325962,-3.576288,-2.580014,-2.849233,-2.038875,-1.42288,-70.97894,0.1258821,-0.2420938,0.3575899,0.4848811,0.1098707,0.2234826,-0.2215827,3.247982,24,24,24,24,24,24,24,24,24,24,25,24,24,24,25,25
383,3830,-31.26638,-54.6573,-8.497741,-5.7282,-5.309747,-1.852361,-1.78837,-0.8787747,-0.9900136,-0.6141905,-1.66374,-1.261561,-1.550133,-1.672698,-1.192914,-0.7231221,25,25,25,25,25,25,25,25,25,25,25,25,25,25,25,25,383,3830,-1.210638,-1.845395,-1.310846,-2.844278,163.0678,140.2793,-1.698037,-2.217391,-1.813397,-2.5764,-1.84126,-2.019425,-1.921476,-1.78273,-2.048229,-2.939409,25,25,25,25,25,25,25,25,25,25,25,25,25,25,25,25,383,3830,-1.608602,-3.453871,-5.365366,-2.580014,-1.554281,-2.293703,-2.198831,-71.635,0.2495256,0.2417246,0.5959855,0.6061559,-0.0001926374,0.6681458,0.1104149,3.364977,24,24,24,24,24,24,24,24,24,24,25,24,24,24,25,25
384,3840,-30.78539,-54.6573,-8.620823,-5.7282,-4.102836,-2.222958,-0.7664265,-1.506672,-0.6184189,-2.091019,-0.3566384,-1.261561,-0.9540437,-2.389492,-0.7152994,-1.206054,25,25,25,25,25,25,25,25,25,25,25,25,25,25,25,25,384,3840,-2.555591,-1.845395,-2.620048,-2.068622,163.5941,139.4203,-1.306243,-1.565634,-2.460502,-2.061422,-1.84126,-1.345898,-1.281576,-1.448644,-2.28908,-1.470057,25,25,25,25,25,25,25,25,25,25,25,25,25,25,25,25,384,3840,-2.642599,-4.093421,-4.343036,-2.709001,-2.460747,-2.166289,-1.810855,-70.21353,-0.2450492,-0.7259122,0.8343815,0.969974,-0.0001926374,0.2234826,-0.2215827,2.078043,24,24,24,24,24,24,24,24,24,24,25,24,24,24,25,25
385,3850,-29.8234,-55.26191,-8.620823,-5.850073,-4.706291,-3.581812,-1.405141,-1.506672,-1.237743,-1.96795,-0.7131211,-0.757131,-0.2387379,-1.672698,-0.8347033,-0.3610104,25,25,25,25,25,25,25,25,25,25,25,25,25,25,25,25,385,3850,-0.8071517,-2.767969,-1.179923,-1.16369,163.331,139.5431,-2.089831,-2.738796,-1.554555,-1.288953,-1.315684,-1.211193,-0.8976355,-2.005458,-1.927804,-2.148199,25,25,25,25,25,25,25,25,25,25,25,25,25,25,25,25,385,3850,-0.9192687,-4.093421,-4.598618,-2.193054,-0.7773094,-1.401808,-1.552205,-70.21353,-0.7396239,0.3626783,0.9535794,0.2423346,-1.210915,-0.2211798,-0.1109174,3.364977,24,24,24,24,24,24,24,24,24,24,25,24,24,24,25,25
386,3860,-29.70315,-53.318,-9.113148,-6.946449,-5.792509,-2.840619,-2.171535,-2.259583,-1.857067,-1.844882,-2.020222,-1.765991,-2.027003,-2.508957,-1.670528,-1.085335,25,25,25,25,25,25,25,25,25,25,25,25,25,25,25,25,386,3860,-2.01761,-2.240784,-1.310846,-1.422242,163.1994,140.2793,-2.351028,-1.435283,-1.036869,-1.031464,-1.447079,-1.750014,-2.433393,-1.67137,-1.325677,-1.696105,25,25,25,25,25,25,25,25,25,25,25,25,25,25,25,25,386,3860,-0.5746052,-4.093421,-3.704079,-1.290149,-1.942766,-2.803357,-2.716131,-71.41632,-0.1214057,0.2417246,0.8343815,0.1210629,0.6602004,1.223974,0.3317472,2.078043,24,24,24,24,24,24,24,24,24,24,25,24,24,24,25,25
387,3870,-29.5829,-53.80161,-8.743904,-7.555444,-4.826985,-2.717087,-1.405141,-2.134197,-1.237743,-2.583295,-0.7131211,-2.018205,-0.7156085,-2.747887,-0.9541067,-0.9646139,25,25,25,25,25,25,25,25,25,25,25,25,25,25,25,25,387,3870,-2.555591,-1.450006,-0.7871612,-1.939346,163.5941,138.8067,-2.612224,-1.435283,-1.683975,-1.803933,-1.578471,-2.288835,-2.177436,-1.894094,-1.566527,-2.82634,25,25,25,25,25,25,25,25,25,25,25,25,25,25,25,25,387,3870,-1.378824,-4.477151,-3.831871,-1.935081,-2.978727,-1.911462,-2.069506,-71.41632,-0.1214057,-1.209727,0.7151834,0.1210629,0.2199373,-0.2211798,-0.996245,2.897003,24,24,24,24,24,24,24,24,24,24,25,24,24,24,25,25
388,3880,-28.98166,-54.40612,-8.128496,-6.702852,-4.826985,-3.087683,-1.149655,-1.883412,-0.6184189,-1.598743,-0.5942935,-1.261561,-1.192479,-1.553232,-0.9541067,0.001151008,25,25,25,25,25,25,25,25,25,25,25,25,25,25,25,25,388,3880,-1.748619,-1.318209,-1.441762,-1.422294,162.5416,139.0522,-2.089831,-0.7835268,-2.20166,-1.288953,-1.84126,-1.615309,-1.537537,-1.78273,-2.168654,-2.261222,25,25,25,25,25,25,25,25,25,25,25,25,25,25,25,25,388,3880,-1.378824,-5.1167,-4.470828,-2.06412,-2.460747,-1.656635,-1.940181,-71.08829,-0.3686927,0.3626783,-0.119202,-0.6065797,-0.0001926374,-0.1100144,0.2210819,3.598967,24,24,24,24,24,24,24,24,24,24,25,24,24,24,25,25
389,3890,-27.29818,-52.22989,-8.620821,-6.459254,-5.309747,-1.975893,-1.660627,-2.635743,-1.857067,-2.091019,-1.901395,-2.27042,-1.311697,-2.15056,-1.07351,-0.9646139,25,25,25,25,25,25,25,25,25,25,25,25,25,25,25,25,389,3890,-0.9416468,-1.450006,-1.441762,-1.422294,162.0153,139.9112,-1.828636,-1.044229,-1.554555,-1.288953,-2.104049,-1.615309,-1.409555,-2.228182,-1.566527,-2.713316,25,25,25,25,25,25,25,25,25,25,25,25,25,25,25,25,389,3890,-2.183047,-3.837601,-3.959663,-2.193107,-2.460748,-2.421116,-1.68153,-70.21353,0.1258821,0.2417246,0.238392,1.091249,-0.0001926374,-0.2211798,-0.3322497,2.897003,24,24,24,24,24,24,24,24,24,24,25,24,24,24,25,25
390,3900,-28.01967,-52.59259,-8.251577,-6.215656,-4.585598,-3.211267,-0.8941694,-2.635743,-0.7422839,-3.444779,-0.7131211,-1.765991,-1.073261,-3.225749,-0.9541067,-0.8438929,25,25,25,25,25,25,25,25,25,25,25,25,25,25,25,25,390,3900,-1.748619,-1.713598,-2.096363,-2.84433,162.5416,139.6658,-2.22043,-0.6531755,-2.072239,-2.83389,-1.709865,-1.211193,-2.049454,-1.67137,-2.409505,-2.939364,25,25,25,25,25,25,25,25,25,25,25,25,25,25,25,25,390,3900,-1.034158,-3.198052,-4.343037,-2.709053,-2.201758,-1.656686,-2.586807,-72.29106,-0.8632674,0.4836321,1.072777,0.2423346,-0.3303891,-0.2211798,-0.2215827,3.013998,24,24,24,24,24,24,24,24,24,24,25,24,24,24,25,25
391,3910,-28.50067,-52.71349,-8.497741,-7.311846,-5.792509,-4.939715,-2.29915,-3.262676,-1.609338,-2.583295,-1.544912,-1.513776,-1.430915,-1.672698,-1.192914,0.001151008,25,25,25,25,25,25,25,25,25,25,25,25,25,25,25,25,391,3910,-2.01761,-1.845395,-2.750964,-1.55157,163.5941,139.4204,-1.828636,-1.695986,-2.978186,-1.803933,-2.104049,-2.42354,-1.409555,-2.896357,-2.650356,-2.487269,25,25,25,25,25,25,25,25,25,25,25,25,25,25,25,25,391,3910,-2.412825,-4.605061,-3.576288,-2.193107,-2.460748,-1.7841,-1.810855,-70.76025,0.3731691,0.1207708,0.8343815,-0.36403,0.2199373,0.6681458,0.1104149,2.546024,24,24,24,24,24,24,24,24,24,24,25,24,24,24,25,25
392,3920,-31.98788,-52.59259,-10.46704,-9.017033,-8.447707,-6.173835,-4.979042,-3.889608,-2.228662,-3.567848,-2.020222,-2.648673,-2.027003,-1.792163,-1.431721,-0.4817315,25,25,25,25,25,25,25,25,25,25,25,25,25,25,25,25,392,3920,-2.01761,-3.031561,-1.572685,-1.422294,162.6732,140.034,-1.959234,-2.608397,-2.331081,-1.160209,-2.366836,-2.42354,-2.689354,-2.896357,-1.686953,-2.374246,25,25,25,25,25,25,25,25,25,25,25,25,25,25,25,25,392,3920,-1.263935,-3.070142,-4.343037,-3.482972,-3.367214,-1.911513,-1.552205,-70.10419,-0.2450492,-0.3630476,1.191975,0.3636094,-0.4404557,-0.2211798,-0.0002504286,2.897003,24,24,24,24,24,24,24,24,24,24,25,24,24,24,25,25
393,3930,-34.15236,-51.86718,-10.95937,-11.20941,-8.568388,-6.667483,-4.5962,-4.892701,-2.724121,-4.060124,-1.307258,-3.405117,-1.788568,-3.106284,-1.789931,-1.447496,25,25,25,25,25,25,25,25,25,25,25,25,25,25,25,25,393,3930,-2.01761,-2.504376,-1.310846,-2.068674,162.9363,139.2977,-2.22043,-1.95664,-1.554555,-1.932677,-2.366836,-2.15413,-2.945314,-1.67137,-1.446102,-2.148199,25,25,25,25,25,25,25,25,25,25,25,25,25,25,25,25,393,3930,-1.953269,-3.965512,-4.598619,-2.580066,-1.813272,-1.7841,-2.974782,-71.52567,-0.2450492,-0.2420938,0.8343815,0.2423346,-0.4404557,0.2234826,0.2210819,3.130986,24,24,24,24,24,24,24,24,24,24,25,24,24,24,25,25
394,3940,-36.07633,-54.28522,-11.69786,-12.30561,-8.809775,-6.790895,-4.979042,-4.767315,-2.971851,-3.937107,-1.66374,-2.648673,-1.430915,-1.553232,-1.551124,-0.3610104,25,25,25,25,25,25,25,25,25,25,25,25,25,25,25,25,394,3940,-2.152105,-1.450006,-1.965447,-2.19795,163.0678,138.8068,-1.567439,-1.565586,-1.683975,-1.675187,-1.315684,-2.692951,-1.281576,-1.78273,-1.927804,-1.583081,25,25,25,25,25,25,25,25,25,25,25,25,25,25,25,25,394,3940,-1.953269,-3.837601,-3.704079,-1.67716,-0.906805,-1.274445,-1.810855,-70.43223,0.2495256,-0.8468627,0.3575899,0.969974,0.1098707,0.7793112,-0.0002504286,2.429029,24,24,24,24,24,24,24,24,24,24,25,24,24,24,25,25
395,3950,-35.71558,-53.55981,-12.55943,-11.94021,-9.654606,-7.161131,-5.489497,-5.268861,-4.086634,-4.183246,-2.733188,-2.774747,-2.74231,-2.15056,-1.431721,-0.4817315,25,25,25,25,25,25,25,25,25,25,25,25,25,25,25,25,395,3950,-0.9416468,-1.054617,-1.310846,-0.6466379,162.9363,138.6841,-1.045048,-0.2620735,-2.20166,-0.7739744,-2.104101,-2.019425,-0.6416751,-1.337282,-1.205251,-1.583081,25,25,25,25,25,25,25,25,25,25,25,25,25,25,25,25,395,3950,-0.9192687,-3.965512,-4.854201,-2.580066,-1.813272,-1.7841,-2.069506,-70.65091,-0.3686927,0.2417278,0.4767871,-0.7278514,-1.100849,-0.4435114,-0.442915,3.481972,24,24,24,24,24,24,24,24,24,24,25,24,24,24,25,25
396,3960,-35.59534,-53.1971,-12.80559,-13.1582,-9.292538,-8.148426,-5.999953,-6.522727,-4.210499,-6.029281,-2.733188,-4.539782,-2.265439,-3.106284,-1.670528,-1.206054,25,25,25,25,25,25,25,25,25,25,25,25,25,25,25,25,396,3960,-0.8071517,-1.450006,-1.310846,-1.810122,162.6732,139.5431,-1.045048,-1.435235,-1.683975,-2.190166,-1.44713,-1.345847,-1.665515,-1.448644,-1.807378,-2.82634,25,25,25,25,25,25,25,25,25,25,25,25,25,25,25,25,396,3960,-1.149047,-3.965512,-3.959663,-1.548174,-2.331252,-2.038927,-2.974782,-71.08829,0.7441003,0.6045924,0.953579,-0.4853049,0.5501338,0.3346488,0.3317472,2.312034,24,24,24,24,24,24,24,24,24,24,25,24,24,24,25,25
397,3970,-36.79782,-54.16431,-13.421,-13.28,-10.13737,-7.284544,-5.234269,-5.394248,-4.705958,-5.044729,-2.376706,-3.405117,-1.788568,-1.314301,-0.9541067,0.3633125,25,25,25,25,25,25,25,25,25,25,25,25,25,25,25,25,397,3970,-1.076142,-1.977191,-1.441762,-2.068674,162.6732,139.9113,-2.612224,-1.304884,-1.813397,-2.447655,-1.315736,-1.884668,-2.177436,-1.337282,-1.807378,-2.487269,25,25,25,25,25,25,25,25,25,25,25,25,25,25,25,25,397,3970,-1.378824,-3.453871,-4.470828,-1.806147,-2.201758,-1.529273,-1.034904,-70.54156,-0.2450492,-0.2420906,0.3575891,0.2423346,1.210479,0.5569797,-0.2215827,3.715955,24,24,24,24,24,24,24,24,24,24,25,24,24,24,25,25
398,3980,-35.35484,-54.28522,-14.52873,-13.88899,-11.94773,-8.39525,-6.89325,-6.397341,-4.334364,-4.429383,-2.61436,-3.152969,-2.146221,-2.031095,-1.431721,0.001151008,25,25,25,25,25,25,25,25,25,25,25,25,25,25,25,25,398,3980,-1.345133,-1.450006,-1.965447,-1.422294,163.5941,139.9113,-1.436842,-1.174533,-2.331081,-1.546443,-1.578522,-1.615258,-1.025617,-1.782679,-1.927804,-1.922152,25,25,25,25,25,25,25,25,25,25,25,25,25,25,25,25,398,3980,-1.83838,-4.093421,-4.343037,-2.06412,-2.072262,-1.274445,-1.940181,-70.32288,0.2495256,0.7255462,0.1191936,-0.4853049,-0.4405039,0.6681972,-0.0002504286,3.364977,24,24,24,24,24,24,24,24,24,24,25,24,24,24,25,25
399,3990,-35.83583,-54.64793,-16.00571,-17.78656,-13.39602,-10.12302,-6.510409,-7.149659,-5.077553,-6.275419,-3.208497,-4.413708,-3.338399,-3.345215,-2.74516,-1.447496,25,25,25,25,25,25,25,25,25,25,25,25,25,25,25,25,399,3990,-0.6726559,-1.845395,-1.049,-1.680846,163.0678,139.7886,-1.567439,-2.478045,-2.20166,-1.288953,-1.578522,-1.749963,-1.665519,-2.450855,-0.7236009,-1.696105,25,25,25,25,25,25,25,25,25,25,25,25,25,25,25,25,399,3990,-1.723491,-3.070142,-4.087453,-1.806147,-2.849233,-2.675995,-1.940181,-70.54156,1.115031,0.2417278,0.2383911,0.6061559,0.3299557,0.223534,-0.7748613,3.247982,24,24,24,24,24,24,24,24,24,24,25,24,24,24,25,25
400,4000,-38.9623,-54.88973,-15.75954,-17.29936,-13.51672,-9.135722,-6.89325,-6.7735,-5.573012,-4.675521,-3.08967,-3.152969,-2.980745,-2.628421,-2.386949,0.3633638,25,25,25,25,25,25,25,25,25,25,25,25,25,25,25,25,400,4000,-1.345133,-2.240784,-1.049,-1.293018,162.6732,139.5431,-2.481625,-1.826289,-1.425133,-1.031464,-1.052946,-0.9417302,-2.177436,-0.7804173,-0.7236009,-1.696156,25,25,25,25,25,25,25,25,25,25,25,25,25,25,25,25,400,4000,-1.378824,-3.198052,-4.087453,-1.67716,-0.906805,-0.8922055,-3.104107,-71.85368,0.002237804,-0.0001797949,1.072777,0.3636094,0.2198891,-0.3322938,0.1104663,3.6124,24,24,24,24,24,24,24,24,24,24,25,24,24,24,25,25
401,4010,-40.64578,-56.58236,-17.72885,-19.73534,-15.44776,-9.999605,-7.786548,-8.152752,-6.068341,-5.906212,-2.970842,-4.035486,-2.623092,-3.225749,-1.789931,-0.6024011,25,25,25,25,25,25,25,25,25,25,25,25,25,25,25,25,401,4010,-1.210689,-1.713598,-0.918084,-1.55157,162.9363,139.1749,-2.481625,-0.5227761,-1.425133,-1.417698,-0.9215515,-2.423489,-2.049458,-1.114505,-0.9644518,-2.261274,25,25,25,25,25,25,25,25,25,25,25,25,25,25,25,25,401,4010,-1.034158,-4.349241,-3.831871,-1.419187,-0.7773102,-0.764792,-2.069506,-69.99485,0.620456,0.120774,0.4767871,-0.36403,0.5500856,0.001203181,0.2211332,3.495379,24,24,24,24,24,24,24,24,24,24,25,24,24,24,25,25
402,4020,-41.00652,-57.55945,-19.20583,-20.83154,-16.05122,-12.83808,-9.317914,-9.406617,-6.810671,-6.890764,-3.327326,-4.539782,-2.74231,-3.225749,-1.551124,-0.6024011,25,25,25,25,25,25,25,25,25,25,25,25,25,25,25,25,402,4020,-1.076193,-0.5274323,-0.7871612,-0.9051893,162.9363,138.1932,-1.698037,-0.2620735,-1.554555,-0.5164853,-1.44713,-1.076437,-0.3857178,-0.891781,-1.205303,-1.131038,25,25,25,25,25,25,25,25,25,25,25,25,25,25,25,25,402,4020,-1.608602,-3.070143,-3.959663,-2.06412,-2.849233,-1.656686,-1.940181,-70.32288,-0.2450492,-0.604952,0.953579,0.6061559,-0.0002407967,-0.44346,0.6637962,3.963437,24,24,24,24,24,24,24,24,24,24,25,24,24,24,25,25
403,4030,-41.84826,-57.31761,-18.59042,-19.00455,-15.44776,-11.35714,-9.062687,-8.403525,-6.439506,-5.167798,-3.08967,-2.900821,-2.861528,-2.15056,-2.028739,0.1219218,25,25,25,25,25,25,25,25,25,25,25,25,25,25,25,25,403,4030,-0.4037165,-1.186413,-1.179923,-1.163742,162.41,139.7886,-1.306243,-0.9138299,-1.683975,-1.031464,-2.235492,-1.076437,-0.7696585,-1.559955,-0.6031757,-2.261274,25,25,25,25,25,25,25,25,25,25,25,25,25,25,25,25,403,4030,-0.5746052,-3.325962,-4.726462,-1.548174,-2.072262,-2.16634,-1.42288,-70.54156,0.002237804,0.2417278,0.3575891,-0.0002119011,-0.7707003,0.6681972,0.5531309,2.910314,24,24,24,24,24,24,24,24,24,24,25,24,24,24,25,25
404,4040,-40.04454,-57.43853,-17.72885,-17.05577,-15.32707,-11.9742,-9.317914,-8.152752,-5.573012,-4.552453,-2.970842,-3.405117,-2.503875,-2.031095,-1.312317,-0.8438416,25,25,25,25,25,25,25,25,25,25,25,25,25,25,25,25,404,4040,-0.8072031,-1.186413,-1.179923,-1.810122,163.331,139.5431,-2.089831,-0.5227761,-1.166291,-1.546443,-0.6587652,-1.211142,-1.793497,-1.114505,-1.80743,-2.261274,25,25,25,25,25,25,25,25,25,25,25,25,25,25,25,25,404,4040,-1.263935,-3.453871,-4.726462,-1.935081,-1.165796,-1.7841,-1.42288,-70.43223,-0.2450492,-0.8468627,0.953579,0.3636094,0.440019,-0.109963,0.1104663,2.793306,24,24,24,24,24,24,24,24,24,24,25,24,24,24,25,25
405,4050,-37.15857,-57.19669,-17.85193,-17.90836,-14.965,-12.96149,-9.317914,-9.532005,-6.686948,-6.767696,-3.327326,-4.539782,-2.146221,-3.106284,-1.551124,-0.6024011,25,25,25,25,25,25,25,25,25,25,25,25,25,25,25,25,405,4050,-1.883166,-1.054617,-1.572685,-1.293018,163.5942,139.4204,-2.089831,-0.7834786,-2.20166,-1.031464,-0.3959757,-1.749963,-0.8976387,-1.782679,-1.927855,-2.035227,25,25,25,25,25,25,25,25,25,25,25,25,25,25,25,25,405,4050,-0.5746052,-4.093421,-4.598671,-1.806094,-1.942716,-0.8922055,-1.293554,-69.55747,-1.234198,-0.0001797949,0.5959851,-0.2427584,-0.5505704,-0.3322938,0.2211332,2.910314,24,24,24,24,24,24,24,24,24,24,25,24,24,24,25,25
406,4060,-37.75981,-57.55945,-18.09809,-18.63915,-16.65466,-11.9742,-9.955984,-8.779685,-6.810671,-4.92166,-2.61436,-3.657264,-2.503875,-1.792163,-1.07351,0.001202378,25,25,25,25,25,25,25,25,25,25,25,25,25,25,25,25,406,4060,-0.269222,-1.713598,-0.6562384,-0.5173622,163.4626,140.034,-1.306243,-1.304884,-1.036869,-0.3877405,-0.9215515,-1.211142,-1.153598,-1.448593,-1.325728,-1.809179,25,25,25,25,25,25,25,25,25,25,25,25,25,25,25,25,406,4060,-0.804383,-3.709692,-4.215297,-1.290149,-2.072211,-3.058235,-1.810855,-70.10419,0.3731691,0.7255462,-0.4767963,-0.36403,0.2198891,0.4458656,-0.110866,2.910314,24,24,24,24,24,24,24,24,24,24,25,24,24,24,25,25
407,4070,-41.12677,-58.04315,-19.20583,-18.27375,-16.65466,-12.59126,-10.46644,-9.030457,-6.315784,-5.290867,-2.257879,-3.026895,-2.265439,-2.389492,-1.07351,-0.2402397,25,25,25,25,25,25,25,25,25,25,25,25,25,25,25,25,407,4070,-0.9416981,-1.581802,-1.179923,-0.9051893,162.9363,140.2794,-2.351028,-1.304884,-1.036869,-0.9027191,-1.052946,-0.6723204,-1.793497,-0.891781,-0.48275,-1.696156,25,25,25,25,25,25,25,25,25,25,25,25,25,25,25,25,407,4070,-1.263935,-3.070143,-3.704132,-1.548121,-1.683725,-0.6373785,-1.034956,-70.65091,-0.4923362,-0.2420906,0.834381,0.3636094,0.3299557,0.3347002,-0.4428637,3.495379,24,24,24,24,24,24,24,24,24,24,25,24,24,24,25,25
408,4080,-39.32304,-58.285,-17.97501,-18.39555,-16.89605,-14.0722,-10.72167,-9.406617,-7.305557,-6.029281,-3.08967,-4.79193,-1.788568,-2.867352,-1.670528,-0.7231221,25,25,25,25,25,25,25,25,25,25,25,25,25,25,25,25,408,4080,-1.345184,-1.186413,-1.441762,-0.7759136,163.331,138.9295,-1.567439,-0.9138267,-0.778027,-0.5164853,-1.052946,-2.288784,-0.6416783,-0.6690552,-0.8440261,-0.9049911,25,25,25,25,25,25,25,25,25,25,25,25,25,25,25,25,408,4080,-0.9192687,-4.093421,-4.47088,-1.290149,-0.0002873507,-0.0003106277,-2.069557,-70.43223,0.620456,0.3626816,0.1191936,-0.1214835,-0.2203739,0.1123686,0.2211332,3.378371,24,24,24,24,24,24,24,24,24,24,25,24,24,24,25,25
409,4090,-38.9623,-57.19669,-18.59042,-16.81217,-16.05122,-12.71467,-9.445528,-8.152752,-7.058114,-5.290867,-2.852015,-3.026895,-2.74231,-1.911629,-1.670528,-0.3609591,25,25,25,25,25,25,25,25,25,25,25,25,25,25,25,25,409,4090,-0.4037165,-0.6592283,-1.179923,-0.5173622,162.1469,139.1749,-1.828636,-0.9138267,-1.684026,-0.64523,-1.709917,-1.615258,-2.433397,-1.559955,-1.80743,-1.583132,25,25,25,25,25,25,25,25,25,25,25,25,25,25,25,25,409,4090,-0.804383,-3.325962,-3.959715,-0.7742015,-1.55423,-1.656686,-1.034956,-69.99485,0.4968126,0.6045924,-4.414606E-06,0.6061559,-0.2203739,-0.2211284,-0.3321983,2.559277,24,24,24,24,24,24,24,24,24,24,25,24,24,24,25,25
410,4100,-37.27882,-56.71299,-17.60577,-16.56857,-16.05122,-12.22102,-9.190301,-8.278138,-6.439506,-5.290867,-2.020223,-3.026895,-1.66935,-2.389492,-1.551124,-0.7231221,25,25,25,25,25,25,25,25,25,25,25,25,25,25,25,25,410,4100,-0.8072031,-1.450006,-0.918084,-1.163742,162.41,138.9295,-1.306243,-1.174529,-1.03692,-2.318911,-2.235492,-1.615258,-1.665519,-2.562218,-1.80743,-2.826391,25,25,25,25,25,25,25,25,25,25,25,25,25,25,25,25,410,4100,-0.1150495,-3.453871,-4.854253,-2.064068,-1.29524,-1.656686,-2.198882,-71.08829,-0.2450492,-0.1211304,0.4767871,0.2423346,-0.6606338,0.223534,-0.110866,3.144343,24,24,24,24,24,24,24,24,24,24,24,24,24,24,25,25
411,4110,-38.00031,-57.19669,-17.3596,-15.71598,-15.0857,-11.60396,-8.807459,-8.403525,-6.563227,-4.92166,-2.614359,-2.900821,-1.907786,-2.508957,-1.670528,-0.2402397,25,25,25,25,25,25,25,25,25,25,25,25,25,25,25,25,411,4110,-1.47968,-1.318209,-2.227286,-2.456502,163.4626,140.5248,-2.22043,-1.044178,-2.460554,-2.705145,-1.972655,-1.884668,-2.177436,-2.005406,-2.168706,-2.374297,25,25,25,25,25,25,25,25,25,25,25,25,25,25,25,25,411,4110,-1.149047,-3.837602,-3.959715,-1.935081,-1.683725,-1.911513,-2.457533,-70.43223,0.3731691,-0.8468563,-5.658723E-05,-0.1214835,-0.1103074,0.890528,0.3317986,2.559277,24,24,24,24,24,24,24,24,24,24,24,24,24,24,25,25
412,4120,-37.27882,-56.59207,-16.86728,-14.25439,-13.87878,-10.12302,-7.914162,-6.7735,-6.068341,-4.429383,-3.327324,-3.405117,-2.74231,-2.15056,-1.789931,-1.085284,25,25,25,25,25,25,25,25,25,25,25,25,25,25,25,25,412,4120,-2.152156,-2.37258,-2.881887,-2.19795,162.5417,140.034,-1.306243,-2.347691,-2.589976,-2.318911,-1.447079,-2.827607,-1.793497,-2.22813,-2.289132,-2.14825,25,25,25,25,25,25,25,25,25,25,25,25,25,25,25,25,412,4120,-1.034158,-2.814323,-4.982045,-2.32204,-1.55423,-2.038927,-0.9056308,-69.44814,-0.1214057,0.3626848,1.191923,0.3636608,-1.100897,-0.3322938,-0.3321983,2.676285,24,24,24,24,24,24,24,24,24,24,24,24,24,24,25,25
413,4130,-37.39906,-55.62468,-16.12879,-13.4018,-12.3098,-8.148426,-6.638022,-6.648113,-5.201366,-4.306314,-1.426085,-3.026895,-1.311645,-2.15056,-1.551124,-0.7231221,25,25,25,25,25,25,25,25,25,25,25,25,25,25,25,25,413,4130,-0.9416981,-2.504376,-1.572685,-1.422294,162.9363,139.5431,-1.698037,-2.086988,-1.166342,-1.031464,-1.315684,-0.9417302,-1.153598,-1.559955,-1.205303,-0.9049911,25,25,25,25,25,25,25,25,25,25,25,25,25,25,25,25,413,4130,-1.378824,-3.325962,-3.831923,-1.161162,-0.9067537,-1.401859,-2.457533,-70.76025,0.002237804,0.4836418,0.7151313,0.1211143,-0.4404493,0.4458656,0.2211332,3.027328,24,24,24,24,24,24,24,24,24,24,24,24,24,24,25,25
414,4140,-37.88006,-56.2293,-14.77489,-12.671,-10.74082,-8.025014,-5.489497,-6.522727,-4.086583,-3.690969,-2.257877,-2.018205,-1.192427,-2.508957,-0.5958964,0.1219218,25,25,25,25,25,25,25,25,25,25,25,25,25,25,25,25,414,4140,-1.883166,-0.9228213,-0.918084,-1.163742,162.41,139.2977,-2.089831,-1.695934,-0.7780784,-1.031464,-1.052895,-0.6723204,-2.305418,-0.7804205,-0.9644518,-2.035227,25,25,25,25,25,25,25,25,25,25,25,25,25,25,25,25,414,4140,-1.034158,-3.581782,-3.192967,-1.419135,-1.036249,-0.764792,-1.034956,-69.66682,-0.61598,-0.6049488,0.4767353,0.1211143,-0.1102528,0.223534,-0.4428637,3.6124,24,24,24,24,24,24,24,24,24,24,24,24,24,24,24,25
415,4150,-36.19658,-55.74561,-14.28257,-10.23502,-9.413231,-5.680188,-4.723814,-4.014995,-3.467258,-2.706417,-2.614359,-2.144313,-1.788515,-2.15056,-1.551124,-0.1195186,25,25,25,25,25,25,25,25,25,25,25,25,25,25,25,25,415,4150,-1.345184,-1.054617,-1.310846,-1.55157,163.1994,138.4387,-1.306243,-0.9138267,-1.166342,-0.9027191,-0.6587138,-2.154079,-1.409558,-0.7804205,-0.9644001,-1.922203,25,25,25,25,25,25,25,25,25,25,25,25,25,25,25,25,415,4150,-0.804383,-4.221332,-4.726462,-1.677107,-1.165744,-0.5099649,-2.586858,-70.21353,-0.1214057,0.1207772,0.3575374,-0.4852535,-0.7706458,0.001202378,0.1104101,3.027328,24,24,24,24,24,24,24,24,24,24,24,24,24,24,24,25
416,4160,-33.7916,-54.05268,-12.92867,-8.164439,-7.361489,-5.18654,-3.575289,-3.388062,-2.971799,-2.583347,-1.18843,-2.27042,-0.834774,-2.508957,-0.7152994,-1.085335,25,25,25,25,25,25,25,25,25,25,25,25,25,25,25,25,416,4160,-1.47968,-0.7910244,-1.441762,-0.3880856,162.5417,138.6841,-1.698037,-0.9138267,-1.684026,-1.546443,-2.49823,-1.749963,-1.153598,-1.337234,-1.686952,-1.809173,25,25,25,25,25,25,25,25,25,25,25,25,25,25,25,25,416,4160,-0.9192687,-3.325962,-3.320758,-0.5162288,-2.072211,-2.548581,-1.422931,-69.22944,0.620456,0.9674569,0.2383394,-0.0001605311,0.3300103,0.223534,-0.5535852,2.312034,24,24,24,24,24,24,24,24,24,24,24,24,24,24,24,25
417,4170,-30.42464,-53.20621,-12.31326,-8.529837,-7.120101,-5.309952,-3.320061,-3.764222,-3.095664,-3.075624,-1.307258,-1.387668,-1.430862,-2.031095,-0.9541067,-0.11957,25,25,25,25,25,25,25,25,25,25,25,25,25,25,25,25,417,4170,-1.345133,-1.318209,-1.049,-1.55157,162.0154,139.0522,-1.567439,-2.086988,-1.94287,-1.803932,-2.235441,-1.884668,-1.665519,-2.673582,-1.686952,-2.600338,25,25,25,25,25,25,25,25,25,25,25,25,25,25,25,25,417,4170,-0.689433,-3.325962,-4.343088,-2.32204,-2.460697,-1.274445,-0.7763053,-70.43223,-0.61598,-0.2420842,0.4767353,0.7274789,-0.0001862161,-0.2211292,-0.2215876,3.832951,24,24,24,24,24,24,24,24,24,24,24,24,24,24,24,25
418,4180,-30.18415,-51.27144,-11.57478,-7.433645,-7.602864,-4.816304,-2.937219,-4.014995,-2.847934,-2.952554,-1.782567,-2.144313,-1.788515,-1.792163,-0.4764925,-0.11957,25,25,25,25,25,25,25,25,25,25,25,25,25,25,25,25,418,4180,-2.01761,-1.318209,-1.965447,-2.327225,163.0679,139.6658,-1.828636,-0.9138267,-2.07229,-2.447655,-1.578471,-1.480551,-1.025617,-1.671322,-1.927803,-2.939409,25,25,25,25,25,25,25,25,25,25,25,25,25,25,25,25,418,4180,-1.493656,-4.605114,-4.598671,-1.419135,-1.424735,-1.147032,-2.328207,-70.43223,0.2495256,0.241731,0.7151313,-0.7278,-0.3303827,0.223534,0.2210771,3.715955,24,24,24,24,24,24,24,24,24,24,24,24,24,24,24,25
419,4190,-28.86141,-51.27144,-10.83629,-7.677243,-7.723557,-4.446068,-3.702903,-3.889608,-1.98088,-3.198693,-1.18843,-1.892098,-0.3579026,-2.867352,-1.192914,-0.8438929,25,25,25,25,25,25,25,25,25,25,25,25,25,25,25,25,419,4190,-1.479628,-1.845395,-2.620048,-0.9051893,162.6732,139.6658,-1.045048,-1.956637,-2.201712,-1.546443,-1.18429,-1.884668,-1.025617,-1.782682,-1.205251,-1.470102,25,25,25,25,25,25,25,25,25,25,25,25,25,25,25,25,419,4190,-1.263878,-2.686465,-3.576288,-1.677107,-2.590192,-1.529273,-1.552257,-69.44814,0.002237804,0.3626848,0.5959333,0.7274789,0.2199437,-0.776957,-0.0002552445,3.247982,24,24,24,24,24,24,24,24,24,24,24,24,24,24,24,25
420,4200,-31.02589,-53.08529,-11.82094,-8.408038,-8.20632,-5.927011,-3.95813,-3.638835,-1.857016,-2.829486,-1.18843,-1.765991,-0.4771202,-1.911629,-1.07351,0.3633125,25,25,25,25,25,25,25,25,25,25,25,25,25,25,25,25,420,4200,-0.9416468,-1.845395,-2.227286,-1.55157,162.6732,139.5431,-1.698037,-2.347691,-1.94287,-0.3877405,-1.18429,-1.076437,-1.153598,-1.782682,-1.686952,-1.131032,25,25,25,25,25,25,25,25,25,25,25,25,25,25,25,25,420,4200,-0.0001027399,-2.558555,-4.598619,-1.677159,-0.2592787,-1.147032,-1.810907,-70.86961,0.002237804,0.1207772,0.8343292,0.8487538,-0.2203193,1.112859,0.885074,3.247982,24,24,24,24,24,24,24,24,24,24,24,24,24,24,24,25
421,4210,-30.5449,-52.84344,-11.45169,-8.042641,-8.568388,-4.939715,-4.213358,-3.764222,-2.72407,-2.583347,-2.257877,-2.396525,-1.907733,-2.031095,-0.5958964,-0.4817315,25,25,25,25,25,25,25,25,25,25,25,25,25,25,25,25,421,4210,-1.883114,-1.186413,-0.3943993,-1.163742,162.6732,139.7886,-2.351028,-1.174529,-1.295764,-0.5164853,-1.84126,-1.076437,-1.793497,-1.114508,-1.084825,-1.470102,25,25,25,25,25,25,25,25,25,25,25,25,25,25,25,25,421,4210,-1.493656,-3.453924,-3.959663,-1.548172,-0.5182683,-0.3825513,-2.328207,-70.10419,0.002237804,-0.6049488,-0.1192546,0.242386,0.4400736,0.4458648,0.3317424,2.780008,24,24,24,24,24,24,24,24,24,24,24,24,24,24,24,25
422,4220,-31.62713,-53.56898,-11.08245,-10.35682,-7.964945,-5.680188,-2.29915,-3.388062,-1.237692,-2.091071,-0.8319478,-1.765991,-1.311645,-2.15056,-1.431721,-1.206054,25,25,25,25,25,25,25,25,25,25,25,25,25,25,25,25,422,4220,-1.345133,-1.450006,-0.7871612,-1.422294,163.5942,138.4386,-1.828636,-0.5227728,-1.94287,-0.9027191,-1.447079,-1.884668,-1.153598,-1.003146,-1.205251,-1.018008,25,25,25,25,25,25,25,25,25,25,25,25,25,25,25,25,422,4220,-0.2298806,-2.814375,-3.959663,-1.419185,-1.036249,-0.7647406,-1.810907,-69.22944,0.2495256,0.6045956,1.191923,-0.0001605311,0.1098771,-0.3322946,0.1104101,2.897003,24,24,24,24,24,24,24,24,24,24,24,24,24,24,24,25
423,4230,-32.10812,-55.14099,-12.19018,-10.96582,-8.689081,-6.667483,-2.809605,-3.137289,-1.485421,-1.968003,-0.7131211,-1.387668,-0.2386849,-1.194835,-0.7152994,-0.3610104,25,25,25,25,25,25,25,25,25,25,25,25,25,25,25,25,423,4230,-1.210638,-1.450006,-1.834524,-0.5173622,162.41,138.8067,-1.567439,-0.3924216,-1.425184,-0.7739744,-2.235441,-1.749963,-1.153598,-1.22587,-1.325677,-1.357079,25,25,25,25,25,25,25,25,25,25,25,25,25,25,25,25,423,4230,-0.689433,-3.326014,-4.087453,-0.9032397,-1.165744,-1.911463,-2.845508,-70.10419,0.002237804,0.7255493,1.072725,-0.0001605311,0.2199437,0.1123678,-0.1109206,2.663019,24,24,24,24,24,24,24,24,24,24,24,24,24,24,24,25
424,4240,-33.91185,-55.14099,-13.29792,-11.45301,-10.37876,-5.803599,-3.320061,-3.638835,-1.609286,-1.844933,-1.426085,-1.387668,-1.073209,-1.194835,-0.8347033,-0.240291,25,25,25,25,25,25,25,25,25,25,25,25,25,25,25,25,424,4240,-1.614124,-1.186413,-0.5253221,-1.680846,162.0154,140.1566,-1.306243,-1.044229,-1.554606,-1.675187,-2.49823,-2.019374,-1.025617,-1.894046,-0.9644001,-2.374291,25,25,25,25,25,25,25,25,25,25,25,25,25,25,25,25,424,4240,-1.0341,-3.709744,-4.087453,-1.161212,-1.424735,-1.274395,-1.164281,-69.55747,0.2495256,-0.9678101,1.430319,-0.0001605311,0.6602068,0.4458648,-0.0002552445,3.715955,24,24,24,24,24,24,24,24,24,24,24,24,24,24,24,25
425,4250,-33.31061,-55.74561,-12.0671,-10.47862,-8.085626,-5.927011,-2.681991,-3.889608,-1.609337,-2.829486,-0.8319478,-1.639883,-0.5963379,-2.031095,-1.312317,-1.568216,25,25,25,25,25,25,25,25,25,25,25,25,25,25,25,25,425,4250,-1.748619,-1.581802,-2.358209,-1.680846,162.41,139.9112,-2.089831,-0.9138781,-2.072239,-2.318911,-0.9215001,-1.480551,-1.409558,-1.448596,-1.446102,-2.03522,25,25,25,25,25,25,25,25,25,25,25,25,25,25,25,25,425,4250,-0.689433,-3.581834,-4.726411,-1.806145,-1.424735,-0.6373271,-2.069557,-70.32288,-0.2450492,0.1207772,0.5959333,-0.6065283,-0.7706458,-0.2211292,-0.0002552445,3.364977,24,24,24,24,24,24,24,24,24,24,24,24,24,24,24,25
426,4260,-29.46265,-54.29452,-10.59012,-8.529837,-7.240796,-4.56948,-2.171535,-2.761129,-1.361608,-1.229588,-0.7131211,-0.8832383,-0.834774,-0.9559035,-1.07351,0.2425914,25,25,25,25,25,25,25,25,25,25,25,25,25,25,25,25,426,4260,-1.614124,-1.713598,-2.489125,-1.680846,162.8048,140.2793,-1.045048,-1.435283,-2.460502,-1.160209,-1.052895,-1.615258,-0.8976387,-1.782682,-2.168654,-2.261267,25,25,25,25,25,25,25,25,25,25,25,25,25,25,25,25,426,4260,-0.9192109,-2.942285,-3.065123,-1.032226,-1.424735,-2.16629,-2.457533,-69.66682,0.002237804,0.8465031,-0.2384526,0.4849325,0.5501402,0.6681964,-0.2215876,2.663019,24,24,24,24,24,24,24,24,24,24,25,24,24,24,24,25
427,4270,-29.5829,-53.81083,-11.94402,-9.504229,-8.20632,-4.446068,-2.426764,-2.510356,-1.609337,-1.721864,-0.8319478,-1.009346,-0.7155563,-1.194835,-0.7152994,0.2425914,25,25,25,25,25,25,25,25,25,25,25,25,25,25,25,25,427,4270,-1.614124,-2.767969,-1.965447,-1.55157,162.2785,139.5431,-1.306243,-2.999499,-1.554555,-1.160209,-2.629625,-2.019374,-2.305418,-2.562221,-2.28908,-2.03522,25,25,25,25,25,25,25,25,25,25,25,25,25,25,25,25,427,4270,-1.0341,-2.814375,-3.959663,-1.935131,-1.424735,-1.401809,-1.810907,-70.54156,-0.4923365,0.1207772,0.5959855,0.6062073,-0.1102528,0.001202378,-0.2215876,3.247982,24,24,24,24,24,24,24,24,24,24,25,24,24,24,24,25
428,4280,-30.0639,-53.81083,-10.34396,-7.799042,-6.033884,-4.56948,-1.532936,-3.137289,-1.485473,-3.075624,-1.544912,-1.261612,-1.073209,-2.508957,-0.4764925,-0.6024525,25,25,25,25,25,25,25,25,25,25,25,25,25,25,25,25,428,4280,-2.421096,-1.977191,-1.310846,-1.810122,162.5417,140.0339,-2.351028,-1.565634,-1.295713,-1.031464,-1.052895,-1.076437,-2.817336,-2.11677,-1.446102,-1.470102,25,25,25,25,25,25,25,25,25,25,25,25,25,25,25,25,428,4280,-2.068097,-4.221384,-3.704079,-1.806145,-0.9067537,-0.6373271,-2.457533,-70.65091,0.4968126,-0.3630412,0.5959855,-0.0002151117,-0.1102528,0.890528,0.774407,3.247982,24,24,24,24,24,24,24,24,24,24,25,24,24,24,24,25
429,4290,-26.57669,-52.96437,-8.497741,-6.824651,-5.792509,-3.828928,-1.405193,-1.381092,-1.237743,-1.229588,-1.307258,-0.6310744,-1.550081,-0.4780408,-1.312317,-0.240291,25,25,25,25,25,25,25,25,25,25,25,25,25,25,25,25,429,4290,-2.421096,-1.581802,-0.918084,-2.327225,163.4626,138.9294,-2.22043,-0.9138781,-1.554555,-2.061422,-1.447079,-2.423489,-2.177436,-1.337234,-1.446102,-2.03522,25,25,25,25,25,25,25,25,25,25,25,25,25,25,25,25,429,4290,-1.263878,-2.302735,-3.576288,-1.935131,-1.813221,-0.2550864,-1.164281,-69.44814,-0.1214057,0.1207772,0.3575899,0.1210597,0.1098226,-0.8881233,-0.6642522,3.013998,24,24,24,24,24,24,24,24,24,24,25,24,24,24,24,25
430,4300,-25.01345,-52.1179,-9.359311,-6.946449,-6.395965,-3.458332,-2.043908,-1.632251,-1.361608,-1.968003,-1.069603,-1.387719,-1.311645,-2.150555,-1.551124,-0.4817315,25,25,25,25,25,25,25,25,25,25,25,25,25,25,25,25,430,4300,-1.076142,-1.318209,-1.703601,-0.9051893,162.6732,138.5613,-1.828636,-1.435283,-1.813397,-1.031464,-1.84126,-2.154079,-1.281576,-1.225919,-1.084825,-1.583126,25,25,25,25,25,25,25,25,25,25,25,25,25,25,25,25,430,4300,-0.689433,-2.942285,-4.087453,-1.032226,-0.2592787,-0.7647406,-2.974833,-70.76025,0.620456,-0.0001765842,0.8343815,0.2423314,0.1098226,0.5569788,-0.0002552445,2.897003,24,24,24,24,24,24,24,24,24,24,25,24,24,24,25,25
431,4310,-26.57669,-51.51329,-9.482392,-8.408038,-7.361489,-5.433364,-2.937219,-3.388062,-1.980932,-3.5679,-1.782567,-2.396525,-2.265387,-2.628416,-1.670528,-0.240291,25,25,25,25,25,25,25,25,25,25,25,25,25,25,25,25,431,4310,-1.345133,-1.713598,-1.703601,-1.939398,162.2785,139.9112,-1.436842,-2.08704,-0.9074488,-2.190166,-2.366836,-1.749963,-1.025616,-1.78273,-1.686952,-2.713362,25,25,25,25,25,25,25,25,25,25,25,25,25,25,25,25,431,4310,-0.9192109,-3.070194,-3.576288,-0.7742529,-1.813221,-1.274395,-1.940232,-69.77615,-0.4923365,-0.9678101,0.9535794,0.2423314,0.6601522,0.3346472,-0.0002536392,3.364977,24,24,24,24,24,24,24,24,24,24,25,24,24,24,25,25
432,4320,-27.65893,-51.51329,-10.46704,-9.626028,-8.447707,-4.199244,-3.064833,-3.262676,-2.600256,-2.33721,-1.901395,-1.766042,-2.861476,-2.628416,-2.38695,-0.2402397,25,25,25,25,25,25,25,25,25,25,25,25,25,25,25,25,432,4320,-1.883114,-1.713598,-1.965447,-2.585778,162.9363,139.9112,-1.698037,-1.826337,-2.20166,-2.83389,-1.709865,-2.288784,-2.049454,-1.894094,-2.409505,-3.165411,25,25,25,25,25,25,25,25,25,25,25,25,25,25,25,25,432,4320,-0.4596552,-3.709744,-4.343037,-1.935131,-1.55423,-0.7647406,-1.293606,-70.32288,-0.61598,0.4836418,0.4767879,-0.2427616,-0.4405039,0.2234818,-0.110919,3.481972,24,24,24,24,24,24,24,24,24,24,25,24,24,24,25,25
433,4330,-27.29818,-51.63421,-10.34396,-8.408038,-7.48217,-5.18654,-3.320061,-2.635743,-1.609337,-2.583347,-1.307258,-1.513827,-1.550081,-1.911624,-0.7153003,-0.9645625,25,25,25,25,25,25,25,25,25,25,25,25,25,25,25,25,433,4330,-1.883114,-1.977191,-3.536488,-2.068674,163.1994,139.9112,-1.698037,-2.217391,-3.107608,-1.546443,-2.104049,-2.288784,-1.537537,-2.896357,-3.011632,-2.600293,25,25,25,25,25,25,25,25,25,25,25,25,25,25,25,25,433,4330,-2.183047,-3.326014,-3.576288,-2.064118,-2.978678,-3.185598,-3.233484,-70.76025,0.1258821,0.241731,-4.013278E-06,-0.0002151117,-0.0002407967,0.001150206,-0.3322513,2.780008,24,24,24,24,24,24,24,24,24,24,25,24,24,24,25,25
434,4340,-26.81718,-51.26266,-9.605473,-8.408038,-7.361489,-5.309952,-3.447675,-3.513449,-2.600256,-2.952554,-1.18843,-1.766042,-0.9539924,-2.03109,-0.4764933,-0.3609591,25,25,25,25,25,25,25,25,25,25,25,25,25,25,25,25,434,4340,-1.614124,-3.163357,-1.703601,-1.810122,162.9363,139.6658,-1.698037,-3.12985,-2.20166,-1.546443,-1.972655,-1.345847,-2.177436,-2.67363,-2.529931,-2.487269,25,25,25,25,25,25,25,25,25,25,25,25,25,25,25,25,434,4340,-1.723491,-3.453871,-3.831871,-2.70905,-1.683725,-2.421117,-2.198882,-70.54156,0.002237804,-0.1211304,1.072777,1.212521,-0.4405039,0.1123164,0.442411,3.013998,24,24,24,24,24,24,24,24,24,24,25,24,24,24,25,25
435,4350,-27.65892,-50.77906,-10.46704,-8.895234,-8.447707,-5.803599,-4.468586,-3.513449,-2.971851,-1.598795,-2.020222,-1.766042,-1.550081,-1.792158,-1.789932,-0.3609591,25,25,25,25,25,25,25,25,25,25,25,25,25,25,25,25,435,4350,-1.883114,-3.031561,-2.227286,-1.293018,162.2785,139.6658,-2.22043,-2.608445,-2.20166,-1.675188,-2.104049,-2.019374,-2.433393,-2.228182,-1.686952,-2.487269,25,25,25,25,25,25,25,25,25,25,25,25,25,25,25,25,435,4350,-2.757488,-3.325962,-4.215244,-2.451078,-0.9067537,-1.019568,-1.810907,-69.33878,0.002237804,-0.7259026,0.238392,-0.0002151117,-0.1103074,0.4458134,0.3317456,3.130986,24,24,24,24,24,24,24,24,24,24,25,24,24,24,25,25
436,4360,-30.0639,-50.89996,-11.20553,-9.747827,-9.292538,-7.037719,-5.617111,-4.516541,-3.591175,-3.690969,-1.426085,-2.522599,-1.430864,-2.747882,-0.8347041,-0.7231221,25,25,25,25,25,25,25,25,25,25,25,25,25,25,25,25,436,4360,-2.555591,-2.37258,-1.965447,-2.327225,162.6732,138.3158,-1.959234,-1.826337,-2.072239,-1.417699,-0.7901086,-2.962312,-1.281576,-2.116818,-0.8439748,-1.696105,25,25,25,25,25,25,25,25,25,25,25,25,25,25,25,25,436,4360,-1.608602,-4.093421,-3.83187,-2.193054,-1.942716,-0.7647406,-1.810907,-69.66682,-1.234198,0.241731,0.7151834,-0.0002151117,-0.2203739,-0.2211806,0.2210787,3.013998,24,24,24,24,24,24,24,24,24,24,25,24,24,24,25,25
437,4370,-33.31061,-52.9553,-12.80559,-12.3056,-10.9822,-8.888898,-7.276092,-6.271952,-4.582094,-4.675521,-1.544912,-2.396525,-1.311645,-2.270021,-1.073511,-0.3609591,25,25,25,25,25,25,25,25,25,25,25,25,25,25,25,25,437,4370,-1.748619,-0.5274323,-1.441762,-1.680846,162.2785,138.4386,-1.828636,-0.5228242,-2.20166,-1.031464,-1.709865,-1.749963,-1.409555,-0.7804686,-0.9644001,-1.130987,25,25,25,25,25,25,25,25,25,25,25,25,25,25,25,25,437,4370,-0.6894941,-3.325962,-3.448496,-0.9031891,-0.5183197,-1.019568,-2.586858,-69.99485,0.3731691,0.4836418,0.5959855,0.3636062,0.2198891,1.001641,-0.110919,2.078043,24,24,24,24,24,24,24,24,24,24,25,24,24,24,25,25
438,4380,-35.71558,-52.22989,-13.54408,-13.1582,-12.1891,-8.148427,-8.424618,-7.400432,-4.705958,-5.044729,-2.139049,-3.531191,-2.026952,-2.747882,-1.192914,-0.3609591,25,25,25,25,25,25,25,25,25,25,25,25,25,25,25,25,438,4380,-0.9416468,-1.581802,-1.179923,-1.680846,162.2785,139.4204,-2.351028,-1.565634,-1.554555,-2.190166,-1.315684,-1.615258,-1.153596,-1.67137,-1.084825,-2.374246,25,25,25,25,25,25,25,25,25,25,25,25,25,25,25,25,438,4380,-1.034158,-2.814323,-3.959662,-1.161162,-0.906805,-0.2550864,-1.810907,-70.10419,-0.2450492,-0.2420842,0.7151834,0.4848779,-0.1103074,0.1123164,-0.110919,3.481972,24,24,24,24,24,24,24,24,24,24,25,24,24,24,25,25
439,4390,-36.55732,-52.9553,-14.15949,-14.49799,-12.1891,-8.642075,-8.424618,-6.648112,-4.705958,-4.675521,-1.307258,-2.648673,-1.669299,-2.867348,-1.551125,-1.206003,25,25,25,25,25,25,25,25,25,25,25,25,25,25,25,25,439,4390,-1.345133,-1.450006,-1.310846,-2.327225,162.5416,139.5431,-1.828636,-1.044229,-1.813397,-1.803933,-1.315684,-1.211142,-1.665515,-0.8918324,-2.048229,-2.487269,25,25,25,25,25,25,25,25,25,25,25,25,25,25,25,25,439,4390,-0.4597162,-3.965512,-4.470828,-0.6452163,-0.906805,-0.0002592578,-2.716131,-70.21353,0.4968126,-0.0001765842,0.7151834,-0.7278546,-0.3304373,0.1123164,-0.0002536392,4.183929,24,24,24,24,24,24,24,24,24,24,25,24,24,24,25,25
440,4400,-38.2408,-55.37333,-15.63647,-15.10698,-12.91325,-9.135722,-7.276092,-6.898886,-4.582094,-4.675521,-1.544912,-2.270471,-1.07321,-1.075364,-0.4764933,-0.6024011,25,25,25,25,25,25,25,25,25,25,25,25,25,25,25,25,440,4400,-1.614124,-1.581802,-2.489125,-1.680846,164.1204,139.9113,-1.306243,-1.826286,-2.589924,-1.932677,-2.366836,-2.423489,-1.665515,-2.450906,-2.28908,-2.600293,25,25,25,25,25,25,25,25,25,25,25,25,25,25,25,25,440,4400,-1.608602,-2.046864,-3.704079,-1.161162,-2.072262,-1.784048,-1.68153,-69.44814,-0.1214057,0.3626848,0.3575899,0.4848779,0.3299557,-0.4435122,-0.3322513,2.780008,24,24,24,24,24,24,24,24,24,24,25,24,24,24,25,25
441,4410,-38.12055,-54.64793,-15.88263,-13.28,-12.3098,-7.901603,-7.658934,-7.024272,-5.077554,-4.183246,-2.376704,-3.026895,-1.669299,-1.911624,-0.7153003,0.001202378,25,25,25,25,25,25,25,25,25,25,25,25,25,25,25,25,441,4410,-1.883114,-2.767969,-2.358209,-1.810122,162.6732,139.5431,-1.567439,-2.869096,-1.554555,-1.417699,-2.49823,-2.423489,-2.049454,-3.230445,-1.807378,-2.487269,25,25,25,25,25,25,25,25,25,25,25,25,25,25,25,25,441,4410,-0.5746052,-2.942233,-4.343036,-2.193054,-1.554282,-1.529221,-2.457481,-70.76025,-0.1214057,-0.1211304,0.5959855,0.3636062,-0.3304373,0.1123164,0.442411,3.247982,24,24,24,24,24,24,24,24,24,24,25,24,24,24,25,25
442,4420,-36.67757,-53.55981,-14.89798,-12.5492,-11.10289,-8.765487,-7.020864,-6.146566,-4.45823,-4.429384,-0.9507753,-2.900821,-0.8347747,-2.747882,-0.7153003,-0.8438416,25,25,25,25,25,25,25,25,25,25,25,25,25,25,25,25,442,4420,-2.2866,-2.37258,-1.965447,-1.422294,162.2785,139.1749,-2.742822,-2.478042,-2.072239,-1.803933,-1.84126,-2.288784,-2.433393,-1.78273,-1.686952,-2.600293,25,25,25,25,25,25,25,25,25,25,25,25,25,25,25,25,442,4420,-2.068158,-3.837602,-3.576288,-1.548122,-1.942767,-2.166289,-2.328156,-69.55747,0.620456,-0.0001797949,0.3575899,0.4848779,0.9903487,0.4458134,-0.0002536392,3.364977,24,24,24,24,24,24,24,24,24,24,24,24,24,24,25,25
443,4430,-38.72179,-54.16431,-15.75955,-14.37619,-12.67187,-9.382546,-7.148479,-6.271952,-3.591175,-3.814039,-1.307309,-2.144364,-1.788517,-1.911624,-0.9541072,-0.2402397,25,25,25,25,25,25,25,25,25,25,25,25,25,25,25,25,443,4430,-3.362563,-2.240784,-1.703601,-2.19795,163.1994,138.9295,-2.481625,-2.21734,-2.20166,-2.705146,-1.578471,-2.6929,-1.281576,-2.116818,-1.325677,-2.035175,25,25,25,25,25,25,25,25,25,25,25,25,25,25,25,25,443,4430,-1.493713,-3.198052,-4.343036,-2.709001,-2.460748,-0.8921542,-2.328156,-69.77615,-0.2450492,-0.604952,0.834381,-0.1214868,-0.8807669,-0.2211806,-0.0002536392,3.949946,24,24,24,24,24,24,24,24,24,24,24,24,24,24,25,25
444,4440,-40.40528,-53.80161,-15.63647,-14.61979,-13.99947,-11.23373,-9.445528,-8.152751,-5.820743,-4.552454,-2.257928,-4.035486,-2.265387,-2.628416,-1.551125,0.3633638,25,25,25,25,25,25,25,25,25,25,25,25,25,25,25,25,444,4440,-1.748619,-1.713598,-2.227286,-1.55157,162.1469,138.6841,-2.089831,-0.9138267,-1.683975,-0.64523,-1.972655,-2.019374,-1.281576,-1.225919,-2.168654,-1.357034,25,25,25,25,25,25,25,25,25,25,25,25,25,25,25,25,444,4440,-1.034158,-3.581782,-3.576288,-0.9031891,-1.165796,-0.6373271,-3.362757,-69.99485,0.002237804,0.120774,0.3575891,-0.0002119011,0.440019,-0.2211806,-0.3322513,2.078043,24,24,24,24,24,24,24,24,24,24,24,24,24,24,25,25
445,4450,-39.32304,-54.28522,-15.51338,-15.59418,-12.91325,-11.11031,-7.786548,-8.654297,-6.068341,-6.152351,-2.376756,-4.16156,-2.742259,-3.703607,-2.028739,-0.9645625,25,25,25,25,25,25,25,25,25,25,25,25,25,25,25,25,445,4450,-0.9416468,-1.450006,-0.6562384,-1.422294,161.6206,138.9295,-1.045048,-1.435232,-0.778027,-1.417698,-0.7901086,-1.211142,-0.2577359,-1.448644,-0.362273,-2.035175,25,25,25,25,25,25,25,25,25,25,25,25,25,25,25,25,445,4450,-0.9192687,-3.070143,-3.704079,-1.161162,-1.036301,0.509395,-1.16423,-70.10419,-0.7396235,-0.7259057,0.834381,0.3636094,0.7702124,0.1123164,-0.0002536392,3.364977,24,24,24,24,24,24,24,24,24,24,24,24,24,24,25,25
446,4460,-37.39906,-54.28522,-16.12879,-16.32497,-13.63739,-10.9869,-8.424618,-8.152751,-6.439505,-5.783144,-2.020273,-3.405117,-2.14617,-1.911626,-1.551125,0.1219218,25,25,25,25,25,25,25,25,25,25,25,25,25,25,25,25,446,4460,-1.210638,-0.7910244,-1.572685,-1.810122,162.6732,140.034,-2.351028,-0.5227728,-2.072239,-2.061422,-0.6587138,-0.6723204,-0.8976355,-0.891781,-1.566527,-1.809128,25,25,25,25,25,25,25,25,25,25,25,25,25,25,25,25,446,4460,-0.804383,-2.942233,-3.576288,-0.6452163,-0.5183197,0.2545679,-2.069506,-69.99485,0.2495256,-0.2420906,-0.1192024,-0.7278514,0.1098194,0.223534,-0.3322513,3.364977,24,24,24,24,24,24,24,24,24,24,24,24,24,24,25,25
447,4470,-37.27881,-54.28522,-17.72885,-17.42116,-15.08568,-11.60396,-10.59405,-9.155845,-6.934392,-5.660075,-2.495583,-4.16156,-2.265387,-1.79216,-1.789983,0.3633638,25,25,25,25,25,25,25,25,25,25,25,25,25,25,25,25,447,4470,-2.2866,-1.318209,-1.965447,-1.810122,162.5416,140.1567,-0.9144496,-1.044178,-2.460502,-1.675187,-1.052895,-0.9417302,-1.153596,-1.782679,-2.529983,-2.148199,25,25,25,25,25,25,25,25,25,25,25,25,25,25,25,25,447,4470,-0.9192687,-1.918953,-3.448496,-1.161162,-2.331252,-2.421116,-1.68153,-69.55747,-0.1214057,-0.7259057,0.1191936,0.4848811,0.5500824,0.1123686,-0.0002536392,3.013998,24,24,24,24,24,24,24,24,24,24,24,24,24,24,25,25
448,4480,-35.11434,-54.28522,-16.99036,-18.15195,-16.05121,-13.0849,-10.21121,-10.40971,-7.553,-6.644628,-3.08972,-3.909412,-2.265387,-2.747885,-2.148194,-0.6024027,25,25,25,25,25,25,25,25,25,25,25,25,25,25,25,25,448,4480,-1.748619,-2.504376,-1.572685,-1.939398,163.0678,138.9295,-1.828636,-2.608393,-1.166291,-0.9027196,-1.447079,-1.884668,-1.409555,-2.896306,-2.289132,-2.261222,25,25,25,25,25,25,25,25,25,25,25,25,25,25,25,25,448,4480,-1.263935,-2.814323,-3.576288,-1.548122,-1.424786,-1.911462,-1.810855,-70.10419,-0.3686927,0.120774,0.834381,0.2423346,-0.0002440073,0.7793626,-0.110919,2.676285,24,24,24,24,24,24,24,24,24,24,24,24,24,24,25,25
449,4490,-35.11434,-53.80161,-16.86728,-16.81217,-14.12015,-11.48055,-9.700756,-8.278137,-6.315784,-4.921661,-2.733238,-2.774747,-2.503823,-1.79216,-2.02879,-0.2402413,25,25,25,25,25,25,25,25,25,25,25,25,25,25,25,25,449,4490,-2.555591,-2.767969,-1.834524,-1.422294,162.1469,139.6658,-1.828636,-2.21734,-1.942818,-1.675187,-2.629625,-1.884668,-2.817336,-2.673579,-2.168706,-3.052387,25,25,25,25,25,25,25,25,25,25,25,25,25,25,25,25,449,4490,-1.608548,-3.198052,-3.320705,-2.451028,-1.554282,-1.784048,-1.68153,-69.55747,-0.61598,-0.604952,0.4767871,-0.0002119011,0.1098194,0.557031,-0.0002536392,3.6124,24,24,24,24,24,24,24,24,24,24,24,24,24,24,25,25
450,4500,-37.27882,-54.41544,-18.09809,-16.81217,-14.36154,-11.48055,-8.935073,-8.152751,-6.068341,-4.429384,-1.426136,-2.144313,-1.430864,-1.553229,-0.8347555,-0.4816833,25,25,25,25,25,25,25,25,25,25,25,25,25,25,25,25,450,4500,-2.690086,-2.504376,-2.489125,-1.680846,163.0678,138.9295,-2.612224,-1.044178,-1.813397,-1.803933,-1.578471,-2.423489,-2.177436,-2.339494,-2.048281,-2.82634,25,25,25,25,25,25,25,25,25,25,25,25,25,25,25,25,450,4500,-1.838326,-4.605114,-4.215244,-2.193054,-2.201758,-1.784048,-2.328156,-71.08829,-0.1214057,1.209361,-0.1192024,0.2423346,-0.7707036,0.7793626,0.3317456,3.261357,24,24,24,24,24,24,24,24,24,24,24,24,24,24,25,25
451,4510,-36.55732,-54.53636,-17.35961,-16.08137,-13.99947,-10.9869,-8.041775,-8.90507,-6.686948,-4.675522,-2.257928,-2.900821,-1.669299,-2.389488,-1.431773,0.3633606,25,25,25,25,25,25,25,25,25,25,25,25,25,25,25,25,451,4510,-2.01761,-1.977191,-1.310846,-1.55157,163.0678,138.0705,-2.089831,-0.7834754,-2.072239,-1.031464,-1.709865,-1.884668,-1.025616,-1.559955,-1.80743,-1.809128,25,25,25,25,25,25,25,25,25,25,25,25,25,25,25,25,451,4510,-2.527656,-3.581834,-3.065124,-1.548122,-2.072262,-2.293703,-2.586807,-69.44814,0.2495256,0.2417278,-4.414606E-06,0.4848811,0.8802789,-0.109963,-0.2215859,2.559277,24,24,24,24,24,24,24,24,24,24,24,24,24,24,25,25
452,4520,-37.03832,-53.56898,-17.11344,-14.86339,-14.24085,-9.876194,-7.786548,-7.14966,-5.820743,-3.937108,-2.61441,-3.531191,-2.623041,-2.508954,-1.789983,-0.3609623,25,25,25,25,25,25,25,25,25,25,25,25,25,25,25,25,452,4520,-0.9416468,-1.977191,-2.227286,-1.293018,162.1469,139.6658,-1.175645,-1.044178,-1.683975,-1.160209,-2.235441,-0.9417302,-0.6416751,-1.337231,-0.9644518,-2.261222,25,25,25,25,25,25,25,25,25,25,25,25,25,25,25,25,452,4520,-1.608548,-2.558555,-4.470828,-2.193053,-1.036301,-0.8921542,-2.974782,-70.76025,0.1258821,0.120774,0.953579,0.6061559,-0.9908335,0.3347002,0.6637433,3.6124,24,24,24,24,24,24,24,24,24,24,24,24,24,24,25,25
453,4530,-35.95608,-53.56898,-17.23652,-15.22878,-14.24085,-9.999606,-7.403706,-7.651205,-4.705959,-4.798592,-1.901446,-2.900821,-1.669299,-3.345214,-1.312369,-0.8438448,25,25,25,25,25,25,25,25,25,25,25,25,25,25,25,25,453,4530,-1.479628,-0.9228213,-0.3943993,-2.327225,162.1469,139.6658,-1.567439,-0.3924216,-1.036869,-1.803933,-0.5273191,-0.8070253,-0.5136964,-1.003143,-1.205303,-2.035175,25,25,25,25,25,25,25,25,25,25,25,25,25,25,25,25,453,4530,-1.953214,-3.070194,-3.576289,0.1287042,0.5176936,-0.5099135,-2.069506,-69.55747,0.4968126,-0.9678165,0.834381,0.6061559,-0.3304405,0.3347002,-0.0002536392,2.910314,24,24,24,24,24,24,24,24,24,24,24,24,24,24,25,25
454,4540,-37.27882,-54.1736,-16.99036,-17.05577,-15.20637,-11.60396,-8.297004,-8.027365,-5.820743,-4.552454,-2.376756,-2.774747,-1.788517,-2.508954,-1.073562,-0.2402413,25,25,25,25,25,25,25,25,25,25,25,25,25,25,25,25,454,4540,-1.614124,-0.3956354,-1.965447,-2.19795,163.1994,139.6658,-1.959234,-0.131719,-1.813397,-1.160209,-0.3959244,-0.5376139,-1.025616,-0.4463311,-2.168706,-1.809128,25,25,25,25,25,25,25,25,25,25,25,25,25,25,25,25,454,4540,-0.3447727,-2.814375,-4.087454,-1.419134,-0.647764,-0.7647406,-1.810855,-69.44814,-0.9869109,0.6045924,1.072777,-0.0002119011,0.2198859,-0.2211284,-0.2215859,3.144343,24,24,24,24,24,24,24,24,24,24,24,24,24,24,25,25
455,4550,-36.91807,-53.56898,-18.83658,-17.90836,-17.74087,-11.9742,-9.573143,-8.027365,-6.686948,-5.044729,-2.852065,-3.405117,-2.265387,-3.345214,-2.148194,-0.2402413,25,25,25,25,25,25,25,25,25,25,25,25,25,25,25,25,455,4550,-1.076142,-1.318209,-1.834524,-1.034465,162.9363,139.2977,-0.5226557,-0.7834754,-1.295713,-0.2589961,-0.6587138,-1.480551,-0.1297557,-1.559955,-0.9644518,-1.24401,25,25,25,25,25,25,25,25,25,25,25,25,25,25,25,25,455,4550,-0.8043252,-3.326014,-3.959663,-1.419134,-1.036249,-1.911463,-2.328207,-69.77615,-0.4923362,0.6045924,0.1191936,-0.6065797,0.4400159,0.4458656,-0.2215859,2.09122,24,24,24,24,24,24,24,24,24,24,24,24,24,24,25,25
456,4560,-38.4813,-54.65728,-18.46734,-18.27376,-17.13742,-12.71467,-8.679846,-8.779684,-5.696878,-5.660075,-2.495583,-3.531191,-1.907734,-3.703611,-1.431773,-1.326727,25,25,25,25,25,25,25,25,25,25,25,25,25,25,25,25,456,4560,-1.479628,-2.504376,-1.179923,-0.6466379,162.41,139.5431,-1.698037,-2.347694,-0.6486068,-0.64523,-1.052895,-0.5376139,-1.537537,-1.448593,-1.205303,-1.24401,25,25,25,25,25,25,25,25,25,25,25,25,25,25,25,25,456,4560,-0.8043252,-2.430645,-3.320707,-1.290147,-0.9067537,-1.019568,-1.422931,-69.77615,-0.7396235,-0.4839981,0.5959851,0.2423346,0.4400159,-0.109963,0.2210787,3.495379,24,24,24,24,24,24,24,24,24,24,24,24,24,24,25,25
457,4570,-39.92429,-55.02006,-18.83658,-18.51735,-16.17189,-11.72737,-8.679846,-8.278136,-6.315784,-4.921661,-1.901446,-2.522599,-1.311645,-1.911626,-1.192966,0.2426396,25,25,25,25,25,25,25,25,25,25,25,25,25,25,25,25,457,4570,-2.555591,-1.845395,-1.049,-1.55157,163.9888,138.5614,-2.089831,-0.5227761,-0.6486068,-1.288953,-1.447079,-1.480551,-1.409555,-1.559955,-1.446154,-2.035175,25,25,25,25,25,25,25,25,25,25,25,25,25,25,25,25,457,4570,-1.263881,-3.709744,-3.70408,-1.290147,-1.55423,-1.656636,-2.974833,-70.10419,0.4968126,-0.3630444,0.7151831,-0.7278514,-0.3304405,0.1123686,0.6637433,2.910314,24,24,24,24,24,24,24,24,24,24,24,24,24,24,25,25
458,4580,-41.24702,-55.14098,-20.68281,-19.61355,-18.10294,-12.71467,-9.317915,-8.52891,-6.934392,-4.798592,-3.08972,-3.783338,-2.384605,-1.79216,-0.8347555,-0.6024027,25,25,25,25,25,25,25,25,25,25,25,25,25,25,25,25,458,4580,-2.2866,-2.108987,-1.572685,-2.327225,163.4626,137.5796,-1.306243,-0.9138299,-1.813397,-1.546443,-1.18429,-1.749963,-1.025616,-1.225867,-1.446154,-2.374246,25,25,25,25,25,25,25,25,25,25,25,25,25,25,25,25,458,4580,-2.068103,-2.174825,-3.448498,-1.54812,-3.108173,-2.038876,-2.069557,-69.77615,0.002237804,-0.4839981,0.4767871,0.969974,-0.0002440073,-0.5546255,-0.5535836,3.261357,24,24,24,24,24,24,24,24,24,24,25,24,24,24,25,25
459,4590,-40.52553,-55.38282,-21.29821,-22.04952,-18.22364,-13.82538,-8.679846,-9.28123,-5.944555,-5.290868,-2.020273,-3.279043,-1.907734,-2.867351,-2.148194,-1.206006,25,25,25,25,25,25,25,25,25,25,25,25,25,25,25,25,459,4590,-1.883114,-1.713598,-1.965447,-1.163742,162.1469,138.8068,-1.175645,-0.9138299,-1.425133,-1.160209,-2.761071,-1.480551,-1.409555,-1.337231,-1.566579,-2.261222,25,25,25,25,25,25,25,25,25,25,25,25,25,25,25,25,459,4590,-1.148992,-2.942285,-3.959663,-1.93508,-1.683725,-1.529222,-2.586858,-70.43223,-0.2450492,0.120774,1.072777,0.2423346,-0.3304405,-0.2211284,0.7744086,3.261357,24,24,24,24,24,24,24,24,24,24,25,24,24,24,25,25
460,4600,-40.04454,-56.22929,-21.05205,-20.46614,-17.37881,-12.46784,-8.552232,-8.027364,-5.696826,-4.060177,-2.257928,-2.648604,-2.503823,-1.79216,-2.148194,-0.2402413,25,25,25,25,25,25,25,25,25,25,25,25,25,25,25,25,460,4600,-2.421096,-2.37258,-1.834524,-2.456502,162.8047,139.6658,-1.828636,-1.95664,-1.295713,-2.190166,-1.972706,-1.615258,-1.537537,-1.894043,-1.205303,-3.278434,25,25,25,25,25,25,25,25,25,25,25,25,25,25,25,25,460,4600,-1.723437,-2.686465,-3.192915,-1.290147,-2.460697,-2.038876,-0.6469798,-69.01076,0.002237804,-1.08877,0.8343815,-0.1214322,0.2198859,0.223534,-0.5535836,2.442263,24,24,24,24,24,24,24,24,24,24,25,24,24,24,25,25
461,4610,-40.16478,-56.71299,-21.79054,-21.80593,-17.86157,-13.70197,-9.190302,-8.52891,-5.944555,-4.921661,-1.901446,-2.900706,-2.265387,-2.867351,-1.909387,0.1219202,25,25,25,25,25,25,25,25,25,25,25,25,25,25,25,25,461,4610,-2.824582,-2.240784,-2.620048,-2.19795,163.4626,140.4021,-1.698037,-1.044181,-1.683975,-2.061421,-1.44713,-1.211142,-2.049458,-0.7804173,-1.687004,-2.261222,25,25,25,25,25,25,25,25,25,25,25,25,25,25,25,25,461,4610,-1.148992,-3.709744,-3.831872,-2.451026,-1.813221,-1.911463,-1.940232,-70.21353,0.2495256,0.7255462,1.311173,-0.242707,-0.4404557,0.001203181,0.7744086,3.144343,24,24,24,24,24,24,24,24,24,24,25,24,24,24,25,25
462,4620,-39.44329,-56.83391,-21.66746,-21.68413,-17.01674,-13.82538,-8.935073,-8.779684,-6.686948,-6.644628,-2.733238,-4.91752,-3.099912,-3.703667,-2.506405,-0.4816833,25,25,25,25,25,25,25,25,25,25,25,25,25,25,25,25,462,4620,-2.690086,-1.581802,-2.358209,-1.680846,162.9363,139.1749,-1.959234,-1.565586,-2.978186,-1.160209,-1.184341,-2.288784,-0.8976387,-1.671319,-2.409557,-1.922152,25,25,25,25,25,25,25,25,25,25,25,25,25,25,25,25,462,4620,-1.37877,-3.581834,-3.576289,-1.54812,-1.55423,-2.421117,-1.810907,-70.21353,0.7441003,0.7255462,0.3575899,-0.4852535,0.3300039,0.1123678,-0.6642489,1.740183,24,24,24,24,24,24,24,24,24,24,25,24,24,24,25,25
463,4630,-41.60777,-57.43852,-22.77519,-22.90212,-19.06847,-14.19561,-10.9769,-9.908161,-6.810671,-4.798592,-3.208547,-3.909112,-3.099912,-2.50901,-2.745212,0.1219202,25,25,25,25,25,25,25,25,25,25,25,25,25,25,25,25,463,4630,-1.210638,-3.295154,-1.965447,-2.068674,162.2785,139.5431,-1.045048,-2.347694,-1.554555,-0.7739744,-2.235492,-1.749963,-0.8976387,-2.450855,-1.446102,-1.470057,25,25,25,25,25,25,25,25,25,25,25,25,25,25,25,25,463,4630,-1.263881,-2.558555,-3.320707,-2.064067,-1.942716,-1.274395,-1.293606,-70.76025,-0.61598,-0.8468627,0.3575899,0.3636608,0.5501338,-0.3322954,-0.3321983,3.027328,24,24,24,24,24,24,24,24,24,24,25,24,24,24,25,25
464,4640,-41.96851,-58.28498,-23.26752,-21.80593,-17.98226,-14.31902,-10.33883,-8.779684,-6.934392,-5.044729,-2.852065,-2.774655,-2.265387,-2.628476,-1.431773,-0.4817315,25,25,25,25,25,25,25,25,25,25,25,25,25,25,25,25,464,4640,-3.093572,-2.37258,-1.834524,-1.810122,162.5416,139.1749,-2.742822,-1.826289,-1.036869,-1.288953,-1.052946,-1.480551,-1.537537,-1.225867,-1.686953,-1.922203,25,25,25,25,25,25,25,25,25,25,25,25,25,25,25,25,464,4640,-1.723437,-4.093473,-3.959663,-1.419134,-1.683725,-1.274395,-2.069557,-70.10419,0.2495256,-0.0001797949,0.119194,-0.8490748,-0.2203258,0.3346986,-0.110866,2.663019,24,24,24,24,24,24,24,24,24,24,25,24,24,24,25,25
465,4650,-41.12677,-58.04314,-23.02135,-22.65852,-17.86157,-14.81267,-9.317915,-9.532001,-6.934392,-5.290868,-2.61441,-3.404909,-1.430864,-2.389544,-1.192966,-0.4817315,25,25,25,25,25,25,25,25,25,25,25,25,25,25,25,25,465,4650,-2.017661,-1.845395,-1.441762,-2.19795,163.5941,138.1932,-2.089831,-0.7834786,-1.813397,-1.675187,-2.366887,-2.6929,-1.153598,-1.782679,-2.28908,-2.14825,25,25,25,25,25,25,25,25,25,25,25,25,25,25,25,25,465,4650,-1.378824,-2.430645,-3.448498,-2.580013,-3.237667,-2.930771,-1.681581,-69.22944,-0.3686927,0.2417278,0.8343815,0.8487538,0.3300039,-0.2211292,-0.0001990586,2.897003,24,24,24,24,24,24,24,24,24,24,25,24,24,24,25,25
466,4660,-41.00652,-58.16407,-22.28287,-20.22254,-17.13742,-12.46784,-8.679846,-7.525818,-6.192062,-4.183246,-2.852065,-3.278858,-1.907734,-2.270079,-2.02879,-0.3610104,25,25,25,25,25,25,25,25,25,25,25,25,25,25,25,25,466,4660,-1.614175,-1.713598,-2.358209,-1.680846,161.8838,138.3159,-2.22043,-2.086992,-2.589924,-2.190166,-2.761071,-2.558195,-2.305418,-2.22813,-1.686953,-2.14825,25,25,25,25,25,25,25,25,25,25,25,25,25,25,25,25,466,4660,-1.493713,-3.453871,-3.448498,-2.32204,-2.072211,-1.146981,-2.069557,-71.19762,-0.1214057,-0.0001797949,1.191975,-0.0001605311,-0.7706522,0.3346986,0.1104663,2.546024,24,24,24,24,24,24,24,24,24,24,25,24,24,24,25,25
467,4670,-41.96851,-57.8013,-23.26751,-20.46614,-16.53398,-11.72737,-8.16939,-7.149659,-5.325231,-4.798592,-2.61441,-3.026756,-2.14617,-2.747941,-1.312369,-0.9646139,25,25,25,25,25,25,25,25,25,25,25,25,25,25,25,25,467,4670,-0.9416981,-1.713598,-1.049,-2.456502,162.41,139.7886,-0.5226557,-1.695938,-1.295713,-2.061421,-2.235492,-1.749963,-1.281579,-1.671319,-1.084826,-2.713368,25,25,25,25,25,25,25,25,25,25,25,25,25,25,25,25,467,4670,-2.757488,-3.070142,-3.065122,-1.032174,-1.813221,-2.038876,-1.422931,-69.44814,0.2495256,-1.08877,0.5959855,1.0913,0.9903969,0.8905272,0.6637962,3.481972,24,24,24,24,24,24,24,24,24,24,25,24,24,24,25,25
468,4680,-42.08876,-58.40592,-23.39059,-21.56233,-18.22364,-15.0595,-9.573143,-8.52891,-6.068341,-4.429384,-2.257928,-3.657011,-1.788517,-3.225804,-1.312369,-0.240291,25,25,25,25,25,25,25,25,25,25,25,25,25,25,25,25,468,4680,-2.152156,-1.977191,-2.227286,-2.45645,163.0678,139.7886,-2.22043,-1.435235,-2.978186,-2.705145,-1.315736,-2.019374,-2.177436,-1.671319,-3.132058,-2.487321,25,25,25,25,25,25,25,25,25,25,25,25,25,25,25,25,468,4680,-1.149047,-3.198052,-3.576288,-1.935134,-2.072211,-1.784049,-1.034956,-69.55747,-0.8632674,0.3626816,1.072777,-0.4852535,-0.8807188,-0.2211292,-0.3321983,2.663019,24,24,24,24,24,24,24,24,24,24,25,24,24,24,25,25
469,4690,-41.96851,-57.31761,-24.62141,-22.65852,-19.91332,-14.31902,-11.10451,-7.77659,-7.058114,-4.552454,-3.208547,-3.657011,-2.623041,-3.34527,-2.864615,-0.7231735,25,25,25,25,25,25,25,25,25,25,25,25,25,25,25,25,469,4690,-1.614175,-1.450006,-3.143726,-1.81007,163.0679,139.4204,-1.436842,-1.565586,-3.107608,-1.803932,-1.184341,-2.154079,-1.409558,-2.450855,-1.807378,-2.261274,25,25,25,25,25,25,25,25,25,25,25,25,25,25,25,25,469,4690,-1.378824,-3.709692,-3.448496,-1.67716,-2.460748,-2.675944,-2.716183,-70.21353,0.3731691,0.2417278,0.3575899,-0.242707,0.5501338,0.5570302,0.1104663,2.663019,24,24,24,24,24,24,24,24,24,24,25,24,24,24,25,25
470,4700,-42.56976,-57.92222,-24.006,-22.04952,-19.91332,-14.68926,-9.955984,-7.651205,-5.696826,-4.921661,-2.61441,-4.287265,-2.384605,-4.18153,-2.506405,-1.447496,25,25,25,25,25,25,25,25,25,25,25,25,25,25,25,25,470,4700,-1.47968,-2.636173,-1.572685,-1.680794,162.9363,139.2976,-2.089831,-2.869099,-2.072239,-1.546443,-1.578522,-1.480551,-2.433397,-2.562218,-1.686953,-2.487321,25,25,25,25,25,25,25,25,25,25,25,25,25,25,25,25,470,4700,-1.149047,-2.814322,-3.959662,-2.322093,-2.849233,-1.019618,-0.5176551,-70.10419,-0.4923365,-0.7259057,0.9535794,0.4849325,0.2199373,0.001201576,-0.2215314,3.481972,24,24,24,24,24,24,24,24,24,24,25,24,24,24,25,25
471,4710,-41.48752,-58.16407,-23.51367,-21.19693,-18.58572,-13.94879,-9.955984,-8.027364,-5.325231,-4.921661,-2.61441,-2.774655,-2.026952,-2.031147,-1.192966,-0.11957,25,25,25,25,25,25,25,25,25,25,25,25,25,25,25,25,471,4710,-2.690138,-2.240784,-1.441762,-1.292967,162.1469,139.7885,-2.22043,-1.304884,-1.425133,-1.546443,-2.498282,-2.288784,-2.817336,-2.22813,-1.686953,-2.713368,25,25,25,25,25,25,25,25,25,25,25,25,25,25,25,25,471,4710,-1.83838,-4.093421,-3.959662,-2.06412,-1.683777,-1.7841,-2.328156,-70.86961,0.4968126,-0.4839981,-0.3575979,-0.4852535,-0.0001926374,0.001201576,0.7744632,2.897003,24,24,24,24,24,24,24,24,24,24,25,24,24,24,25,25
472,4720,-39.08255,-56.95483,-23.63675,-20.58794,-18.58572,-13.45514,-10.21121,-8.027366,-5.696826,-4.306315,-2.61441,-2.522553,-2.14617,-1.792216,-1.551176,-0.3610104,25,25,25,25,25,25,25,25,25,25,25,25,25,25,25,25,472,4720,-1.74867,-1.318209,-1.965447,-2.327174,162.8048,138.684,-2.22043,-2.086988,-2.719344,-1.932677,-2.366887,-3.231721,-2.177436,-2.784942,-2.891207,-2.487321,25,25,25,25,25,25,25,25,25,25,25,25,25,25,25,25,472,4720,-1.83838,-2.558503,-3.192914,-3.096012,-3.237719,-3.058235,-1.034904,-69.66682,0.1258821,-0.3630444,0.4767879,0.7274789,-0.1102592,0.001201576,-0.2215314,3.013998,24,24,24,24,24,24,24,24,24,24,25,24,24,24,25,25
473,4730,-38.9623,-56.59207,-21.42129,-19.00455,-17.13744,-13.20831,-7.658934,-7.024272,-4.458229,-3.69097,-1.782619,-2.648604,-1.192428,-2.270079,-1.431773,-1.930377,25,25,25,25,25,25,25,25,25,25,25,25,25,25,25,25,473,4730,-1.883166,-2.108987,-2.881887,-1.680794,162.1469,138.8067,-1.436842,-1.565583,-2.589976,-1.675187,-3.155252,-3.097016,-2.305418,-2.784942,-1.927804,-2.713368,25,25,25,25,25,25,25,25,25,25,25,25,25,25,25,25,473,4730,-1.723491,-3.965512,-3.704079,-2.06412,-2.331252,-2.675995,-2.845457,-70.21353,0.2495256,0.120774,0.4767879,0.1211143,-0.2203258,0.8905272,0.3317986,2.897003,24,24,24,24,24,24,24,24,24,24,25,24,24,24,25,25
474,4740,-37.63956,-56.47115,-21.29821,-18.15196,-16.05122,-11.9742,-7.403706,-6.271953,-3.591175,-3.075624,-1.663791,-1.765909,-1.430864,-2.150613,-0.9541585,-0.3610104,25,25,25,25,25,25,25,25,25,25,25,25,25,25,25,25,474,4740,-2.959129,-3.295154,-1.834524,-2.585726,162.5417,139.2976,-1.828636,-1.956637,-1.813448,-3.220124,-2.104101,-1.884668,-2.561379,-2.22813,-2.409505,-3.617556,25,25,25,25,25,25,25,25,25,25,25,25,25,25,25,25,474,4740,-2.412825,-3.453871,-3.448496,-1.935134,-3.108224,-2.930822,-1.940181,-69.77615,-0.1214057,-1.209724,0.7151834,0.1211143,-0.3303891,0.3346986,-0.110866,3.481972,24,24,24,24,24,24,24,24,24,24,24,24,24,24,25,25
475,4750,-35.35484,-55.62468,-22.0367,-19.00455,-17.86157,-12.59126,-8.424618,-7.149659,-4.086634,-3.5679,-2.257879,-2.648604,-2.14617,-1.911682,-1.431773,-0.8438929,25,25,25,25,25,25,25,25,25,25,25,25,25,25,25,25,475,4750,-2.286652,-1.581802,-3.274649,-2.844278,162.8048,139.5431,-2.612224,-1.30488,-3.366502,-2.83389,-2.104049,-2.6929,-2.433397,-2.339494,-3.132058,-2.939415,25,25,25,25,25,25,25,25,25,25,25,25,25,25,25,25,475,4750,-1.83838,-3.837601,-3.959662,-2.451079,-2.719738,-1.656686,-1.42288,-70.21353,0.2495256,-0.0001797949,1.191975,-0.6065283,-0.1102592,0.2235332,0.1104663,3.481972,24,24,24,24,24,24,24,24,24,24,24,24,24,24,25,25
476,4760,-34.39285,-55.26191,-20.43664,-17.66476,-14.965,-11.72737,-6.89325,-6.7735,-3.46731,-3.814038,-1.426086,-2.648673,-1.907734,-3.34527,-1.312369,-1.085335,25,25,25,25,25,25,25,25,25,25,25,25,25,25,25,25,476,4760,-1.345184,-2.37258,-2.750964,-2.068622,163.7257,138.9294,-1.698037,-3.129798,-2.978238,-1.803932,-2.235441,-2.558195,-2.177436,-2.784942,-2.28908,-2.14825,25,25,25,25,25,25,25,25,25,25,25,25,25,25,25,25,476,4760,-2.183047,-3.453871,-3.320705,-2.709053,-3.108224,-3.440476,-1.810855,-69.44814,-0.1214057,-0.0001797949,0.3575891,0.6061559,-0.0001926374,-0.1099638,-0.3321983,2.897003,24,24,24,24,24,24,24,24,24,24,24,24,24,24,25,25
477,4770,-34.87384,-54.77822,-19.69815,-16.81217,-14.12016,-10.49325,-5.361884,-5.519634,-2.724121,-3.075624,-2.020223,-1.892099,-1.788568,-2.031147,-1.909387,0.001151008,25,25,25,25,25,25,25,25,25,25,25,25,25,25,25,25,477,4770,-1.345184,-2.504376,-1.572685,-1.292967,162.6732,139.7885,-2.089831,-2.738745,-1.684026,-1.932677,-1.709865,-1.076437,-2.049458,-2.784942,-2.650356,-2.487321,25,25,25,25,25,25,25,25,25,25,25,25,25,25,25,25,477,4770,-2.527714,-3.198052,-3.320705,-2.709053,-1.813272,-1.656686,-1.810855,-70.32288,-0.3686927,-0.2420906,1.072777,0.969974,-0.1102528,-0.2211292,-0.0001990586,3.247982,24,24,24,24,24,24,24,24,24,24,24,24,24,24,25,25
478,4780,-33.91185,-54.29452,-20.43664,-15.71598,-14.24085,-10.49325,-6.127567,-5.018088,-3.838905,-3.075624,-2.257879,-2.522599,-1.788568,-2.031095,-1.431773,0.2425914,25,25,25,25,25,25,25,25,25,25,25,25,25,25,25,25,478,4780,-2.286652,-2.108987,-1.441762,-1.680794,163.4626,139.1749,-2.612224,-1.565583,-1.684026,-2.447655,-1.315684,-2.423489,-3.329257,-2.562221,-1.446102,-2.600344,25,25,25,25,25,25,25,25,25,25,25,25,25,25,25,25,478,4780,-2.872377,-3.965512,-3.065122,-2.322093,-2.072262,-2.16634,-2.328156,-69.55747,0.1258821,-0.8468627,-4.414606E-06,0.1210629,-0.3303827,0.4458656,-0.2215314,2.546024,24,24,24,24,24,24,24,24,24,24,24,24,24,24,24,25
479,4790,-33.55111,-53.20621,-17.11344,-14.49799,-12.18911,-10.49325,-4.979042,-5.143475,-3.46731,-4.306314,-2.61436,-3.279043,-2.265439,-3.345215,-2.148143,-0.7231735,25,25,25,25,25,25,25,25,25,25,25,25,25,25,25,25,479,4790,-1.076193,-0.9228213,-0.7871612,-0.905138,163.1994,137.9477,-2.089831,-1.044178,-2.07229,-1.160209,-1.447079,-2.288784,-1.921479,-1.559958,-2.28908,-1.809179,25,25,25,25,25,25,25,25,25,25,25,25,25,25,25,25,479,4790,-2.183047,-4.477151,-3.83187,-2.967026,-2.201758,-1.656686,-1.810855,-69.88551,-0.61598,0.2417278,1.072777,0.2423346,-0.7706458,0.223534,0.2210771,3.949946,24,24,24,24,24,24,24,24,24,24,24,24,24,24,24,25
480,4800,-31.26639,-51.39236,-16.12879,-13.88899,-13.6374,-9.876193,-6.765636,-6.522727,-5.077553,-4.79859,-2.61436,-3.909412,-3.219181,-2.270026,-2.506353,-0.1195186,25,25,25,25,25,25,25,25,25,25,25,25,25,25,25,25,480,4800,-1.883166,-0.9228213,-1.965447,-1.16369,162.2785,139.0522,-1.306243,-0.9138267,-1.684026,-1.546443,-2.235441,-1.480551,-1.281579,-2.450858,-1.807378,-2.713368,25,25,25,25,25,25,25,25,25,25,25,25,25,25,25,25,480,4800,-1.723491,-3.965512,-2.681749,-1.419187,-1.813272,-2.293754,-3.104107,-70.43223,-0.3686927,0.4836354,-4.414606E-06,-0.36403,0.3300103,0.7793626,-0.3322529,2.559271,24,24,24,24,24,24,24,24,24,24,24,24,24,24,24,25
481,4810,-31.02589,-51.87606,-17.23652,-15.22878,-15.20638,-10.36984,-8.041775,-7.275046,-4.829823,-5.290867,-2.139051,-3.279043,-2.623092,-2.867352,-1.431721,-0.4816801,25,25,25,25,25,25,25,25,25,25,25,25,25,25,25,25,481,4810,-0.9416472,-2.108987,-0.918084,-1.680794,162.6732,139.6658,-1.698037,-1.174529,-1.166342,-2.318911,-1.315684,-1.076437,-1.793497,-2.005409,-2.168654,-3.052438,25,25,25,25,25,25,25,25,25,25,25,25,25,25,25,25,481,4810,-2.068103,-3.325962,-3.065122,-2.709053,-2.331252,-1.147032,-1.552205,-69.66682,-0.61598,-0.0001797949,1.430371,0.6061559,0.1098771,-0.44346,-0.0002552445,3.612394,24,24,24,24,24,24,24,24,24,24,24,24,24,24,24,25
482,4820,-31.50688,-52.1179,-16.00571,-15.22878,-14.24085,-11.23372,-7.786548,-7.400433,-5.573012,-5.537004,-3.08967,-3.657264,-1.66935,-3.225749,-1.431721,-0.1195186,25,25,25,25,25,25,25,25,25,25,25,25,25,25,25,25,482,4820,-2.286601,-1.318209,-1.965447,-1.81007,162.6732,139.6658,-2.351028,-1.435232,-2.460554,-1.803932,-2.235441,-1.749963,-2.177436,-1.671322,-2.650356,-2.487321,25,25,25,25,25,25,25,25,25,25,25,25,25,25,25,25,482,4820,-2.527656,-4.860933,-3.576288,-2.322093,-2.201758,-1.401859,-3.362757,-69.66682,0.2495256,-0.0001797949,0.2383911,-0.1214835,-0.3303827,1.001694,0.6637416,3.027328,24,24,24,24,24,24,24,24,24,24,24,24,24,24,24,25
483,4830,-33.31061,-50.90867,-16.99036,-14.25439,-12.55119,-8.39525,-7.020864,-5.519634,-4.829823,-3.937107,-2.970842,-3.909412,-2.623092,-2.986818,-2.148143,-0.3609591,25,25,25,25,25,25,25,25,25,25,25,25,25,25,25,25,483,4830,-1.076143,-1.581802,-1.310794,-1.16369,163.1994,139.4203,-1.698037,-2.086988,-1.03692,-1.160209,-1.84126,-1.884668,-1.025617,-2.005409,-1.205251,-1.357085,25,25,25,25,25,25,25,25,25,25,25,25,25,25,25,25,483,4830,-1.608548,-3.198104,-4.087453,-3.096012,-1.683777,-1.529273,-1.940181,-69.12009,-0.4923362,0.120774,0.953579,0.4848811,-0.3303827,-0.5546255,-0.2215876,3.612394,24,24,24,24,24,24,24,24,24,24,24,24,24,24,24,25
484,4840,-33.31061,-51.27144,-16.37496,-12.06201,-10.37876,-7.284543,-4.979042,-5.268861,-4.334364,-4.429383,-1.901396,-3.026895,-2.027003,-3.106284,-1.670528,-0.6024011,25,25,25,25,25,25,25,25,25,25,25,25,25,25,25,25,484,4840,-1.883115,-1.450006,-1.310794,-0.9051893,162.0154,139.2976,-2.22043,-2.347691,-1.425184,-1.546443,-2.76102,-2.423489,-2.561379,-1.782682,-1.686952,-2.487321,25,25,25,25,25,25,25,25,25,25,25,25,25,25,25,25,484,4840,-0.8043252,-3.326014,-3.831871,-1.161161,-1.036301,-2.548581,-2.328156,-69.77615,0.3731691,0.8464999,0.7151831,-0.7278514,-0.0001862161,0.223534,0.1104101,3.027328,24,24,24,24,24,24,24,24,24,24,24,24,24,24,24,25
485,4850,-33.43086,-52.35975,-15.75955,-11.08761,-10.01667,-7.531366,-4.851428,-5.268861,-3.838905,-3.814038,-2.257879,-2.900821,-1.907786,-2.508957,-1.431721,-0.3609591,25,25,25,25,25,25,25,25,25,25,25,25,25,25,25,25,485,4850,-1.614124,-1.318209,-1.441711,-1.939398,162.6732,138.8067,-1.959234,-1.174529,-1.813448,-1.803932,-1.578471,-2.558195,-2.817336,-1.782682,-1.446102,-2.600344,25,25,25,25,25,25,25,25,25,25,25,25,25,25,25,25,485,4850,-1.953214,-4.093473,-3.192914,-1.54812,-2.201758,-2.421168,-0.6469284,-70.10419,-0.8632674,-0.9678165,0.1191936,0.1210629,0.1098771,0.3347002,-0.1109206,3.378365,24,24,24,24,24,24,24,24,24,24,24,24,24,24,24,25
486,4860,-33.31061,-51.39236,-15.26722,-11.08761,-10.86151,-7.407955,-5.617111,-5.018088,-4.705958,-4.552453,-3.564979,-3.783338,-2.980745,-3.225749,-2.267546,-0.4816801,25,25,25,25,25,25,25,25,25,25,25,25,25,25,25,25,486,4860,-1.210638,-0.9228213,-1.179872,-1.422294,162.6732,138.1931,-1.567439,-1.565583,-2.978238,-1.675187,-2.76102,-3.231721,-1.665519,-1.894046,-2.650356,-2.261274,25,25,25,25,25,25,25,25,25,25,25,25,25,25,25,25,486,4860,-1.723437,-4.349293,-3.959663,-2.064067,-1.813272,-1.656636,-2.069506,-69.66682,0.1258821,-0.0001797949,0.953579,-0.1214835,0.4400736,0.3347002,1.106405,3.846422,24,24,24,24,24,24,24,24,24,24,24,24,24,24,24,25
487,4870,-33.67136,-51.63421,-14.89798,-11.33121,-10.62012,-8.025015,-5.617111,-5.770407,-4.210499,-4.552453,-1.426086,-2.900821,-1.430915,-3.584146,-1.192914,-1.085284,25,25,25,25,25,25,25,25,25,25,25,25,25,25,25,25,487,4870,-0.9416472,-0.7910244,-1.572634,-0.9051893,161.4891,139.1749,-1.044994,-1.435232,-1.813448,-2.318911,-2.104049,-1.749963,-0.7696585,-2.11677,-0.9644001,-2.14825,25,25,25,25,25,25,25,25,25,25,25,25,25,25,25,25,487,4870,-2.297878,-3.837653,-3.448497,-2.451026,-2.719738,-1.911463,-1.034904,-69.44814,-0.2450492,-0.604952,0.1191936,0.7274276,-0.4404493,-0.44346,-0.5535852,3.612394,24,24,24,24,24,24,24,24,24,24,24,24,24,24,24,25
488,4880,-35.23459,-52.72252,-15.63647,-13.52359,-11.82703,-8.765487,-5.617111,-5.770406,-4.582094,-3.690969,-1.663741,-2.522599,-2.027003,-2.508957,-1.312318,-0.1195186,25,25,25,25,25,25,25,25,25,25,25,25,25,25,25,25,488,4880,-0.403666,-1.054617,-0.3943479,-1.680846,162.0153,139.0522,-1.436787,-1.435232,-1.554606,-1.932677,-0.7901086,-1.749963,-1.025617,-1.114508,-1.446102,-2.826391,25,25,25,25,25,25,25,25,25,25,25,25,25,25,25,25,488,4880,-0.9192141,-2.558555,-3.448497,-1.677107,-0.5183197,-1.274395,-1.940181,-69.99485,0.4968126,0.6045924,1.191975,0.1210629,-0.6605792,-0.3322938,0.5530747,3.378365,24,24,24,24,24,24,24,24,24,24,24,24,24,24,24,25
489,4890,-33.31061,-51.39236,-15.26722,-12.06201,-12.06841,-8.642075,-6.765636,-6.648112,-5.325284,-4.183246,-2.733188,-2.900821,-2.027003,-2.270026,-1.670528,-0.3609591,25,25,25,25,25,25,25,25,25,25,25,25,25,25,25,25,489,4890,-0.9416472,0.1315488,-0.7871099,-1.163742,162.9363,139.2976,-1.567386,-0.9138267,-2.460502,-0.7739744,-1.052895,-2.154079,-0.6416783,-0.8917842,-1.927803,-1.244062,25,25,25,25,25,25,25,25,25,25,25,25,25,25,25,25,489,4890,-1.838326,-3.965564,-3.065123,-1.290147,-0.6478153,-0.6373271,-1.42288,-68.79206,-0.3686927,-0.604952,0.2383911,-0.6065797,0.1098771,0.6681972,0.3317424,2.910314,24,24,24,24,24,24,24,24,24,24,24,24,24,24,24,25
490,4900,-32.70937,-51.02959,-14.52873,-12.18381,-10.9822,-8.395251,-5.999953,-6.522726,-3.71504,-4.675522,-1.663741,-3.026895,-1.907786,-3.464681,-2.028739,-1.085284,25,25,25,25,25,25,25,25,25,25,25,25,25,25,25,25,490,4900,-0.403666,-1.054617,-0.6561871,-1.034465,162.9363,138.8067,-1.828581,-1.695934,-1.166291,-0.5164853,-1.18429,-1.884668,-1.281579,-2.450858,-1.084825,-1.470109,25,25,25,25,25,25,25,25,25,25,25,25,25,25,25,25,490,4900,-0.5745474,-2.942285,-4.087453,-1.93508,-1.165796,-0.8921542,-1.42288,-69.77615,-0.1214057,0.3626816,1.311173,0.969974,-0.4404493,0.1123686,0.4424094,3.378365,24,24,24,24,24,24,24,24,24,24,25,24,24,24,24,25
491,4910,-33.55111,-51.63421,-15.75955,-15.10698,-13.51671,-10.24643,-5.106656,-5.770406,-3.46731,-3.321762,-1.901446,-2.522599,-1.907786,-2.389492,-1.551125,0.1219218,25,25,25,25,25,25,25,25,25,25,25,25,25,25,25,25,491,4910,-2.01761,-1.845395,-1.048949,-0.7759136,162.5416,139.4203,-2.612171,-1.30488,-0.9074488,-1.160209,-1.972655,-1.615258,-2.561379,-1.337234,-1.325677,-2.14825,25,25,25,25,25,25,25,25,25,25,25,25,25,25,25,25,491,4910,-0.8043252,-3.326014,-3.576288,-0.7742015,-1.295291,-1.911463,-2.716131,-70.10419,-0.2450492,0.2417278,0.8343815,-0.6065797,-0.5505158,0.001203181,0.1104101,1.974205,24,24,24,24,24,24,24,24,24,24,25,24,24,24,24,25
492,4920,-34.39285,-51.63421,-16.25187,-16.32497,-14.8443,-10.49325,-7.914162,-5.519633,-4.2105,-3.69097,-2.257928,-3.404909,-2.503875,-3.345215,-2.267546,-0.1195186,25,25,25,25,25,25,25,25,25,25,25,25,25,25,25,25,492,4920,-2.01761,-1.450006,-0.9180326,-1.55157,163.5941,138.9294,-2.089778,-1.174529,-1.813397,-1.546443,-1.972655,-2.42354,-2.305418,-2.450858,-2.048229,-3.165462,25,25,25,25,25,25,25,25,25,25,25,25,25,25,25,25,492,4920,-1.263881,-2.814375,-3.320706,-1.677107,-1.942767,-2.16629,-1.034904,-69.66682,0.1258821,-0.4839981,1.430371,0.1210629,0.1098771,0.1123686,0.3317424,3.495379,24,24,24,24,24,24,24,24,24,24,25,24,24,24,24,25
493,4930,-33.19036,-51.99698,-15.75955,-14.74158,-12.79256,-9.752783,-4.5962,-5.770406,-3.343446,-4.060177,-1.782619,-3.404909,-2.146221,-4.181475,-2.506353,-1.206003,25,25,25,25,25,25,25,25,25,25,25,25,25,25,25,25,493,4930,-1.614124,-2.108987,-1.441711,-1.034465,162.0153,138.0704,-1.95918,-1.565583,-3.23703,-1.675187,-2.76102,-2.558247,-1.793494,-2.11677,-1.927803,-2.487321,25,25,25,25,25,25,25,25,25,25,25,25,25,25,25,25,493,4930,-2.182992,-4.221384,-3.959663,-2.064067,-2.849233,-2.16629,-2.328156,-70.10419,0.620456,-0.0001797949,0.3575899,-0.6065797,-0.5505223,0.4458656,0.3317424,3.144343,24,24,24,24,24,24,24,24,24,24,25,24,24,24,24,25
494,4940,-33.43086,-52.35975,-15.3903,-13.64539,-11.22358,-8.888899,-4.723814,-4.767314,-3.219581,-3.444832,-2.020273,-2.144351,-1.907786,-2.867348,-2.625757,-0.1195186,25,25,25,25,25,25,25,25,25,25,25,25,25,25,25,25,494,4940,-2.555591,-1.977191,-1.70355,-2.456502,162.0153,139.5431,-1.567386,-2.21734,-2.20166,-2.705146,-2.892411,-2.15413,-2.433393,-2.896306,-2.409505,-3.73058,25,25,25,25,25,25,25,25,25,25,25,25,25,25,25,25,494,4940,-2.527656,-3.709744,-3.065123,-2.837986,-2.978729,-2.675944,-1.940181,-69.88551,-0.2450492,-0.4839981,0.5959855,0.6061559,-0.0001926374,-0.3322946,-0.8855845,3.027328,24,24,24,24,24,24,24,24,24,24,25,24,24,24,25,25
495,4950,-34.99409,-52.23883,-15.75955,-14.86338,-13.03395,-9.505959,-6.382795,-4.767314,-2.971851,-2.706418,-2.257928,-2.270482,-2.027003,-2.628416,-2.148143,-0.4816801,25,25,25,25,25,25,25,25,25,25,25,25,25,25,25,25,495,4950,-2.824582,-2.37258,-2.227235,-3.102881,162.9363,139.7885,-2.220375,-1.695934,-2.331081,-3.091379,-2.366836,-2.558247,-2.817336,-2.673579,-3.132058,-3.052438,25,25,25,25,25,25,25,25,25,25,25,25,25,25,25,25,495,4950,-1.263881,-3.453924,-4.215245,-3.095958,-2.719738,-3.058184,-2.328156,-70.43223,0.002237804,0.4836354,0.9535794,-0.1214835,-0.4404557,1.112859,-0.1109174,2.910314,24,24,24,24,24,24,24,24,24,24,25,24,24,24,25,25
496,4960,-34.75359,-52.48067,-16.37496,-16.32497,-12.43049,-9.505959,-4.468586,-4.767314,-2.352527,-3.198694,-2.733238,-3.026756,-1.907786,-3.584142,-2.267546,-0.9645641,25,25,25,25,25,25,25,25,25,25,25,25,25,25,25,25,496,4960,-2.555591,-2.504376,-2.750913,-2.585778,162.9363,139.6658,-2.220375,-1.826286,-3.754714,-2.190166,-2.235441,-2.827658,-2.433393,-2.562218,-3.252483,-2.600293,25,25,25,25,25,25,25,25,25,25,25,25,25,25,25,25,496,4960,-2.872323,-4.221384,-3.831871,-2.966973,-2.460748,-2.675944,-2.845457,-70.21353,0.1258821,-0.8468627,-4.013278E-06,0.4848811,0.3300039,0.223534,0.1104149,3.027328,24,24,24,24,24,24,24,24,24,24,25,24,24,24,25,25
497,4970,-34.63335,-53.44806,-17.23652,-17.42116,-14.60291,-10.61667,-6.255181,-4.641928,-2.352527,-2.460279,-1.307309,-1.387568,-1.788568,-2.150555,-1.551125,0.1219202,25,25,25,25,25,25,25,25,25,25,25,25,25,25,25,25,497,4970,-1.883114,-3.295154,-3.274598,-2.327225,162.41,139.1749,-1.697984,-3.129798,-2.072239,-1.803933,-2.235441,-1.615309,-2.305415,-2.673579,-1.446102,-2.035175,25,25,25,25,25,25,25,25,25,25,25,25,25,25,25,25,497,4970,-1.72344,-3.965564,-4.087453,-3.224945,-2.460748,-1.656636,-2.716131,-69.77615,-0.61598,-0.0001797949,0.9535794,-0.0002119011,-0.5505223,-0.8881233,0.2210819,3.729408,24,24,24,24,24,24,24,24,24,24,25,24,24,24,25,25
498,4980,-36.67757,-54.77821,-18.34426,-18.76095,-17.01674,-11.60396,-6.89325,-6.02118,-3.46731,-2.706418,-2.139101,-2.144351,-1.66935,-2.628416,-2.267546,-0.1195218,25,25,25,25,25,25,25,25,25,25,25,25,25,25,25,25,498,4980,-2.01761,-2.240784,-2.358157,-1.293018,162.8047,138.9294,-2.089778,-1.30488,-1.683975,-1.417698,-1.709865,-1.750014,-2.689354,-1.559955,-1.807378,-3.391458,25,25,25,25,25,25,25,25,25,25,25,25,25,25,25,25,498,4980,-1.72344,-4.221331,-2.809541,-1.032174,-1.424786,-2.675944,-1.552205,-69.44814,1.115031,0.9674537,0.238392,0.6061559,0.7702637,0.557031,-0.0002504286,2.676285,24,24,24,24,24,24,24,24,24,24,25,24,24,24,25,25
499,4990,-36.31683,-54.65728,-17.97501,-17.66476,-14.24085,-10.36984,-5.106656,-5.268861,-2.600257,-3.198694,-2.020273,-2.648604,-1.788568,-2.747882,-1.670528,-0.9645641,25,25,25,25,25,25,25,25,25,25,25,25,25,25,25,25,499,4990,-2.421096,-1.977191,-1.834518,-1.680846,162.9363,138.4386,-1.828581,-1.565583,-2.072239,-2.190166,-2.629625,-3.366477,-2.433393,-2.005406,-2.409505,-2.487269,25,25,25,25,25,25,25,25,25,25,25,25,25,25,25,25,499,4990,-1.838329,-3.453871,-3.70408,-3.095958,-2.849233,-2.421117,-1.68153,-70.32288,-0.7396239,-0.1211336,0.9535794,0.2423346,-0.1102592,0.223534,-0.2215827,3.729408,24,24,24,24,24,24,24,24,24,24,25,24,24,24,25,25
500,5000,-36.79782,-53.44805,-18.22117,-18.63915,-15.68913,-10.9869,-6.89325,-6.02118,-3.96277,-3.444832,-1.663791,-2.270482,-1.788568,-1.672693,-2.267546,-0.2402413,25,25,25,25,25,25,25,25,25,25,25,25,25,25,25,25,500,5000,-3.093572,-2.240784,-3.012797,-1.939398,162.2785,137.825,-1.828581,-1.435232,-2.978186,-1.803933,-3.549382,-2.692951,-2.689354,-2.450855,-3.493334,-3.165411,25,25,25,25,25,25,25,25,25,25,25,25,25,25,25,25,500,5000,-2.068107,-4.86088,-3.576289,-2.580066,-2.460748,-2.803357,-1.68153,-70.43223,0.1258821,-0.3630444,0.5959855,-0.4853049,0.1098707,-0.109963,0.3317472,3.612394,24,24,24,24,24,24,24,24,24,24,25,24,24,24,25,25
501,5010,-35.35484,-53.93174,-18.34426,-16.93397,-14.48223,-9.999606,-6.510409,-5.018087,-2.971851,-2.583348,-1.426136,-1.135307,-2.027003,-1.553227,-0.9541072,0.3633606,25,25,25,25,25,25,25,25,25,25,25,25,25,25,25,25,501,5010,-3.766049,-3.295154,-2.620042,-2.327225,161.7522,139.2976,-1.30619,-2.869096,-2.072239,-2.318911,-3.286592,-2.15413,-3.073293,-3.007666,-3.372909,-3.730529,25,25,25,25,25,25,25,25,25,25,25,25,25,25,25,25,501,5010,-3.44677,-4.349241,-2.553959,-4.385879,-4.273681,-3.822666,-1.940181,-69.99485,0.2495256,0.120774,0.119194,0.969974,0.7702637,-0.2211292,-0.442915,3.495379,24,24,24,24,24,24,24,24,24,24,25,24,24,24,25,25
502,5020,-32.22837,-53.44805,-16.37495,-15.59418,-13.27532,-9.752783,-5.489497,-5.770406,-3.96277,-3.69097,-2.257928,-2.522553,-1.073261,-1.911624,-1.551125,-0.2402413,25,25,25,25,25,25,25,25,25,25,25,25,25,25,25,25,502,5020,-2.959077,-2.240784,-2.489119,-2.456502,162.8047,139.4203,-2.481572,-1.435232,-2.848766,-2.5764,-1.84126,-2.692951,-2.561375,-2.450855,-3.011632,-3.165411,25,25,25,25,25,25,25,25,25,25,25,25,25,25,25,25,502,5020,-2.872326,-4.349241,-4.215246,-3.611959,-2.978729,-2.803408,-3.104107,-71.08829,-0.3686927,-0.2420906,0.8343815,0.1210629,-0.8807188,0.557031,-0.0002504286,3.144343,24,24,24,24,24,24,24,24,24,24,25,24,24,24,25,25
503,5030,-32.46887,-51.99697,-15.51338,-13.64539,-11.70634,-7.407955,-4.085744,-4.014995,-2.971851,-1.721865,-1.426136,-1.261438,-1.192479,-0.9558987,-0.8347041,0.2426396,25,25,25,25,25,25,25,25,25,25,25,25,25,25,25,25,503,5030,-2.824582,-2.767969,-2.881881,-1.163742,163.0678,139.5431,-0.9144496,-2.21734,-1.942818,-1.546443,-1.84126,-2.42354,-2.049454,-3.007666,-2.770782,-2.939364,25,25,25,25,25,25,25,25,25,25,25,25,25,25,25,25,503,5030,-3.331882,-3.965512,-3.192915,-3.096012,-2.201758,-2.675995,-0.6469798,-68.79206,-0.3686927,-0.7259057,0.7151834,0.3636094,0.5501338,0.7793618,-0.0002504286,2.793299,24,24,24,24,24,24,24,24,24,24,25,24,24,24,25,25
504,5040,-33.07011,-51.75513,-15.14414,-12.18381,-9.413225,-6.050424,-3.447675,-2.761129,-1.609338,-2.091072,-0.8319992,-1.261438,-0.8348261,-1.792158,-0.5958964,-1.085285,25,25,25,25,25,25,25,25,25,25,25,25,25,25,25,25,504,5040,-2.555591,-3.295154,-2.358196,-2.19795,162.41,139.1749,-1.567439,-2.99945,-2.072239,-2.190166,-2.104049,-2.15413,-2.945314,-3.341754,-2.409505,-2.939364,25,25,25,25,25,25,25,25,25,25,25,25,25,25,25,25,504,5040,-1.608551,-4.605061,-3.70408,-3.611959,-2.719738,-2.803408,-1.810907,-70.21353,-0.2450492,0.2417278,0.7151834,0.2423346,-0.6605856,-0.6657916,0.1104149,2.910314,24,24,24,24,24,24,24,24,24,24,25,24,24,24,25,25
505,5050,-32.22837,-52.35974,-15.51338,-13.88899,-11.94773,-8.8889,-4.468586,-4.767314,-2.847986,-3.075625,-1.307309,-2.270482,-1.192479,-2.150555,-1.192914,-0.1195218,25,25,25,25,25,25,25,25,25,25,25,25,25,25,25,25,505,5050,-3.631554,-3.295154,-2.22728,-2.456502,162.8047,139.2976,-2.612224,-1.695938,-2.20166,-2.061422,-2.235441,-2.962363,-3.329254,-2.673579,-2.168654,-3.052387,25,25,25,25,25,25,25,25,25,25,25,25,25,25,25,25,505,5050,-2.297884,-5.372519,-3.70408,-2.451079,-2.978729,-3.95013,-1.293606,-70.21353,0.2495256,0.7255462,1.191975,-0.4853049,-0.1102592,0.3346994,-0.1109174,2.559271,24,24,24,24,24,24,24,24,24,24,25,24,24,24,25,25
506,5060,-33.19036,-51.51328,-16.49803,-15.22878,-13.15463,-9.259135,-6.510409,-5.018087,-4.210499,-2.952555,-2.020273,-1.89209,-1.430915,-1.672693,-1.551125,-0.3609623,25,25,25,25,25,25,25,25,25,25,25,25,25,25,25,25,506,5060,-4.03504,-3.163357,-3.012797,-2.84433,162.5416,137.825,-1.959234,-1.826289,-2.331081,-2.705145,-2.235441,-3.366477,-2.433393,-2.450855,-2.650356,-2.82634,25,25,25,25,25,25,25,25,25,25,25,25,25,25,25,25,506,5060,-2.757437,-4.605061,-3.320707,-2.709053,-3.108224,-1.911513,-0.3883296,-70.10419,-0.9869109,-0.604952,0.3575899,0.3636094,0.1098707,-0.109963,-0.2215827,3.261351,24,24,24,24,24,24,24,24,24,24,25,24,24,24,25,25
507,5070,-33.55111,-52.48067,-16.49803,-13.64539,-11.34427,-7.531367,-5.23427,-5.519633,-2.847986,-2.33721,-1.663791,-1.387568,-1.550133,-1.672693,-0.5958964,-0.7231237,25,25,25,25,25,25,25,25,25,25,25,25,25,25,25,25,507,5070,-3.631554,-2.899765,-3.14372,-2.456502,162.5416,138.4386,-1.959234,-1.435235,-2.719344,-2.061421,-3.812223,-2.962363,-2.689354,-2.562218,-3.252483,-2.713316,25,25,25,25,25,25,25,25,25,25,25,25,25,25,25,25,507,5070,-2.872326,-4.86088,-4.215246,-2.83804,-1.813272,-1.7841,-2.845508,-70.54156,0.620456,0.120774,0.4767871,-0.6065797,-0.5505223,0.1123678,0.2210819,3.378365,24,24,24,24,24,24,24,24,24,24,25,24,24,24,25,25
508,5080,-30.5449,-52.72251,-14.77489,-12.7928,-9.413225,-7.284544,-3.702903,-5.143474,-3.591175,-3.198694,-1.544964,-1.261561,-0.9540437,-2.150555,-1.073511,-0.3609623,25,25,25,25,25,25,25,25,25,25,25,25,25,25,25,25,508,5080,-4.169535,-4.217728,-3.405559,-3.878537,162.1469,139.1749,-1.567439,-2.738748,-2.719344,-3.091379,-3.286644,-2.827607,-2.561375,-3.11903,-2.168654,-3.843552,25,25,25,25,25,25,25,25,25,25,25,25,25,25,25,25,508,5080,-2.757437,-3.965512,-3.320707,-2.451079,-3.237719,-2.675995,-2.586858,-70.54156,0.3731691,0.3626816,0.7151831,0.969974,-0.1102592,0.1123678,-0.6642473,2.676285,24,24,24,24,24,24,24,24,24,24,25,24,24,24,25,25
509,5090,-30.5449,-51.75513,-14.65181,-11.81841,-8.930463,-5.309952,-3.447675,-3.889608,-2.600256,-1.844934,-1.901446,-1.765991,-1.550082,-1.553227,-1.312318,-0.7231237,25,25,25,25,25,25,25,25,25,25,25,25,25,25,25,25,509,5090,-6.321461,-5.403894,-4.583845,-5.171298,162.9363,139.7885,-2.612224,-1.95664,-3.625292,-3.606358,-2.892463,-2.558195,-3.585217,-2.339494,-3.734185,-3.730529,25,25,25,25,25,25,25,25,25,25,25,25,25,25,25,25,509,5090,-2.872326,-4.093421,-3.831872,-3.998919,-2.201758,-2.803408,-2.974833,-70.54156,-0.3686927,0.3626816,0.5959851,0.3636094,-0.3303827,-0.3322946,0.7744119,2.793299,24,24,24,24,24,24,24,24,24,24,25,24,24,24,25,25
510,5100,-32.10812,-52.23882,-15.14414,-10.72222,-8.085619,-4.56948,-2.043908,-3.137289,-1.857067,-1.721865,-0.8319992,-1.261561,-0.8347763,-1.314297,-0.9541072,-0.7231237,25,25,25,25,25,25,25,25,25,25,25,25,25,25,25,25,510,5100,-5.783479,-5.272099,-5.762124,-4.266366,162.8047,139.6658,-2.351028,-2.738748,-3.754714,-1.932677,-2.104101,-3.501131,-2.177436,-2.562218,-3.132058,-2.939364,25,25,25,25,25,25,25,25,25,25,25,25,25,25,25,25,510,5100,-3.561659,-5.24461,-3.320707,-2.967026,-2.201758,-2.803408,-1.940232,-70.10419,-0.2450492,-0.9678165,-4.414606E-06,0.4848811,0.7702701,0.2234826,0.2210819,3.027328,24,24,24,24,24,24,24,24,24,24,25,24,24,24,24,25
511,5110,-32.70937,-52.60159,-13.91332,-11.08762,-7.844245,-5.433364,-2.937219,-4.391154,-3.46731,-3.69097,-1.782619,-2.522599,-2.503824,-2.62842,-1.551125,-1.085285,25,25,25,25,25,25,25,25,25,25,25,25,25,25,25,25,511,5110,-5.514489,-6.194672,-5.762124,-4.524918,162.5416,139.0522,-2.089831,-3.781558,-3.107608,-2.061421,-2.629677,-2.019374,-3.073296,-2.673579,-2.168706,-2.374246,25,25,25,25,25,25,25,25,25,25,25,25,25,25,25,25,511,5110,-2.757437,-4.73297,-4.343037,-3.998919,-3.626205,-2.293754,-1.810907,-69.55747,-0.61598,-0.0001797949,0.5959851,-0.1214835,-0.3303827,-0.7770084,-0.0002552445,3.027328,24,24,24,24,24,24,24,24,24,24,25,24,24,24,24,25
512,5120,-30.3044,-51.39235,-13.54408,-9.504229,-8.206313,-4.56948,-3.064833,-3.513449,-2.971851,-2.706418,-2.020273,-1.765991,-2.861478,-2.747885,-2.864564,-0.1195186,25,25,25,25,25,25,25,25,25,25,25,25,25,25,25,25,512,5120,-8.472423,-7.249043,-5.238446,-4.654193,162.41,139.9112,-2.873419,-2.738748,-2.719344,-2.5764,-1.972706,-2.962312,-3.329257,-2.339494,-2.168706,-3.278486,25,25,25,25,25,25,25,25,25,25,25,25,25,25,25,25,512,5120,-2.182996,-4.73297,-3.959663,-2.83804,-2.072262,-3.567889,-2.716183,-70.21353,0.4968126,1.088408,1.311173,0.3636094,-0.1102528,0.3346488,0.5530747,3.144343,24,24,24,24,24,24,24,24,24,24,25,24,24,24,24,25
513,5130,-29.46265,-51.15051,-13.17484,-10.60042,-9.533906,-5.556776,-4.340972,-4.51654,-2.971851,-3.567901,-1.426136,-2.900821,-1.907736,-2.747885,-1.909336,-1.085284,25,25,25,25,25,25,25,25,25,25,25,25,25,25,25,25,513,5130,-8.069368,-8.03982,-6.547647,-6.334782,163.1994,138.3158,-2.742822,-3.129802,-3.36645,-3.220124,-4.075012,-4.713481,-2.305418,-1.671319,-2.289132,-2.600344,25,25,25,25,25,25,25,25,25,25,25,25,25,25,25,25,513,5130,-2.642545,-4.86088,-2.937333,-2.83804,-2.978729,-2.038927,-1.810907,-69.88551,-0.2450492,-1.209724,0.5959851,0.2423346,-0.1102528,0.1123172,-0.4429199,3.027328,24,24,24,24,24,24,24,24,24,24,25,24,24,24,24,25
514,5140,-32.70937,-52.6016,-15.26722,-14.98518,-12.1891,-9.999606,-6.382795,-5.64502,-3.838905,-4.306315,-2.376756,-3.279043,-2.74226,-3.584145,-2.506353,0.2426428,25,25,25,25,25,25,25,25,25,25,25,25,25,25,25,25,514,5140,-8.472424,-7.117246,-7.202249,-5.946954,162.6732,139.0522,-2.481625,-2.869099,-3.36645,-2.83389,-3.680831,-2.6929,-1.921479,-1.671319,-1.927855,-2.487321,25,25,25,25,25,25,25,25,25,25,25,25,25,25,25,25,514,5140,-2.297878,-5.1167,-3.576289,-2.451079,-1.295291,-1.529273,-0.9056308,-70.43223,0.002237804,0.4836354,0.4767871,-0.7278514,-0.6605792,0.2234826,0.2210771,3.612394,24,24,24,24,24,24,24,24,24,24,25,24,24,24,24,25
515,5150,-31.98787,-52.48067,-15.14414,-14.37619,-13.99947,-8.025016,-6.638023,-5.143474,-4.210499,-3.198694,-3.208547,-3.531191,-3.219131,-3.584145,-3.580985,-0.8438416,25,25,25,25,25,25,25,25,25,25,25,25,25,25,25,25,515,5150,-8.20372,-7.644431,-6.285809,-6.07623,161.6206,139.4203,-2.612224,-3.651207,-3.107608,-4.121337,-3.680831,-3.635839,-2.561379,-3.675842,-2.289132,-3.617556,25,25,25,25,25,25,25,25,25,25,25,25,25,25,25,25,515,5150,-2.412767,-4.732971,-3.192915,-2.06412,-2.978729,-4.33237,-3.233484,-70.10419,0.4968126,0.7255462,-0.4767963,-0.1214835,0.7702701,0.3346488,-0.3322529,2.442256,24,24,24,24,24,24,24,24,24,24,25,24,24,24,24,25
516,5160,-32.10812,-52.48067,-17.11344,-17.90836,-15.68913,-11.11031,-7.148479,-5.895792,-3.71504,-3.937108,-2.61441,-3.531191,-2.861478,-3.942542,-2.38695,-1.206003,25,25,25,25,25,25,25,25,25,25,25,25,25,25,25,25,516,5160,-9.144181,-7.908024,-7.463767,-7.110438,163.0678,139.6658,-2.742822,-2.478045,-3.36645,-3.735102,-3.286644,-3.366426,-3.841178,-2.450855,-3.372961,-4.295701,25,25,25,25,25,25,25,25,25,25,25,25,25,25,25,25,516,5160,-2.642545,-4.732971,-2.809541,-4.127851,-3.7557,-3.695302,-1.810907,-70.32288,-0.3686927,-0.4839981,0.834381,0.7274276,-0.0001862161,-0.2211798,-0.0002552445,3.378365,24,24,24,24,24,24,24,24,24,24,25,24,24,24,24,25
517,5170,-34.99409,-54.77822,-19.32891,-20.70973,-16.65466,-12.59126,-8.041777,-5.895792,-4.210499,-4.306315,-2.61441,-2.900821,-2.623042,-2.747885,-1.909336,-0.2402397,25,25,25,25,25,25,25,25,25,25,25,25,25,25,25,25,517,5170,-9.00983,-8.435209,-7.594529,-6.334782,162.6732,139.1749,-2.742822,-3.911909,-3.625292,-3.477613,-3.286644,-3.635839,-2.305418,-3.675842,-3.13211,-3.617556,25,25,25,25,25,25,25,25,25,25,25,25,25,25,25,25,517,5170,-3.331878,-6.523709,-3.320707,-3.740891,-2.719687,-2.421168,-2.974833,-69.88551,0.7441003,-0.0001797949,0.3575891,-0.36403,-0.0001862161,0.4458142,0.3317424,3.144343,24,24,24,24,24,24,24,24,24,24,25,24,24,24,24,25
518,5180,-36.19658,-53.56898,-17.97501,-17.54296,-15.56845,-11.48055,-8.552232,-6.271953,-5.201418,-4.060177,-3.327375,-4.16156,-3.576785,-3.942542,-3.222775,-0.4816801,25,25,25,25,25,25,25,25,25,25,25,25,25,25,25,25,518,5180,-7.397475,-8.03982,-6.023969,-5.042021,162.41,138.9295,-2.742822,-3.520856,-3.495872,-2.5764,-3.023861,-2.558195,-2.817336,-2.673579,-2.289132,-2.261274,25,25,25,25,25,25,25,25,25,25,25,25,25,25,25,25,518,5180,-3.676545,-4.349241,-3.065124,-4.127851,-3.496658,-3.058184,-1.940232,-70.21353,-0.2450492,-0.7259057,0.5959851,0.3636094,-0.1102528,-0.6658422,-0.2215876,3.378365,24,24,24,24,24,24,24,24,24,24,25,24,24,24,24,25
519,5190,-37.63956,-53.20621,-18.7135,-18.76095,-16.89604,-13.0849,-10.0836,-7.901977,-5.077553,-6.275421,-3.446202,-5.674448,-4.29209,-5.376128,-3.580985,-0.7231221,25,25,25,25,25,25,25,25,25,25,25,25,25,25,25,25,519,5190,-6.590503,-6.590061,-5.238446,-4.654193,162.6732,139.1749,-3.265214,-2.738748,-2.589924,-2.318911,-3.155252,-2.288784,-3.073296,-2.673579,-2.650408,-3.165462,25,25,25,25,25,25,25,25,25,25,25,25,25,25,25,25,519,5190,-2.412767,-4.477151,-3.192915,-2.708999,-2.331201,-2.54853,-3.362808,-71.08829,0.4968126,0.7255462,1.311173,0.7274276,-0.3303827,0.8904766,0.2210771,3.378365,24,24,24,24,24,24,24,24,24,24,25,24,24,24,24,25
520,5200,-37.27881,-55.02007,-18.95966,-18.88275,-16.65466,-14.44244,-11.99781,-9.782776,-7.181836,-8.735262,-4.990958,-8.448073,-6.199574,-6.331854,-4.894424,-0.2402397,25,25,25,25,25,25,25,25,25,25,25,25,25,25,25,25,520,5200,-6.724998,-5.403894,-5.631207,-5.688402,162.9363,137.825,-3.134616,-2.347691,-2.719344,-3.091379,-2.104101,-3.231721,-2.433397,-2.450855,-2.289132,-3.391509,25,25,25,25,25,25,25,25,25,25,25,25,25,25,25,25,520,5200,-3.1021,-5.1167,-3.448498,-3.353932,-2.849182,-3.058184,-1.681581,-69.99485,0.1258821,-0.4839981,0.5959851,0.4848811,0.4400736,0.5569797,-0.1109206,2.676285,24,24,24,24,24,24,24,24,24,24,25,24,24,24,24,25
521,5210,-36.19658,-53.20621,-19.82123,-20.10074,-20.51677,-17.1575,-16.71952,-13.54437,-9.77999,-11.31674,-7.009492,-10.46526,-7.749404,-7.048646,-5.252635,-0.4816801,25,25,25,25,25,25,25,25,25,25,25,25,25,25,25,25,521,5210,-5.918026,-4.876709,-5.107523,-4.007814,162.1469,138.3159,-1.959234,-1.695934,-3.10766,-1.803932,-3.023861,-3.231721,-2.305418,-2.896306,-3.13211,-3.391509,25,25,25,25,25,25,25,25,25,25,25,25,25,25,25,25,521,5210,-1.953214,-4.605061,-4.470828,-3.482919,-2.978678,-3.567838,-2.328206,-70.43223,-0.8632674,0.3626816,0.5959851,-0.0002119011,-0.5505158,0.2234826,-0.0002552445,3.495379,24,24,24,24,24,24,24,24,24,24,25,24,24,24,24,25
522,5220,-35.47508,-53.08529,-19.82123,-21.68413,-21.12022,-18.39162,-16.71952,-14.92363,-11.51209,-12.79188,-7.365519,-11.34777,-7.153317,-7.884907,-4.77502,-0.8438416,25,25,25,25,25,25,25,25,25,25,25,25,25,25,25,25,522,5220,-5.783531,-5.799283,-5.107523,-4.395642,161.7523,139.2977,-2.873419,-2.869096,-2.719396,-3.735102,-3.943614,-3.366426,-3.073296,-4.232654,-2.650408,-4.521353,25,25,25,25,25,25,25,25,25,25,25,25,25,25,25,25,522,5220,-2.642545,-5.75625,-2.809541,-3.998864,-3.885144,-3.950078,-3.104158,-70.21353,0.3731691,0.9674569,0.5959851,0.2423346,-0.2203193,0.5569797,-0.5535852,2.208234,24,24,24,24,24,24,24,24,24,24,25,24,24,24,24,25
523,5230,-37.27881,-55.26191,-21.79053,-24.6073,-22.68919,-19.62574,-16.84714,-14.79824,-12.00698,-11.43967,-7.60287,-10.84348,-7.510969,-6.690251,-5.372038,0.3633638,25,25,25,25,25,25,25,25,25,25,25,25,25,25,25,25,523,5230,-5.783531,-6.062876,-4.191082,-4.912745,162.5417,139.5431,-2.612224,-3.129798,-2.589976,-4.250081,-2.629625,-2.423489,-2.561379,-3.007666,-3.13211,-4.521353,25,25,25,25,25,25,25,25,25,25,25,25,25,25,25,25,523,5230,-3.331878,-5.244611,-3.448498,-4.256838,-3.885144,-3.440425,-2.845507,-70.76025,-0.61598,-0.8468563,1.072777,0.2423346,0.1098771,0.4458142,0.3317424,3.495379,24,24,24,24,24,24,24,24,24,24,25,24,24,24,24,25
524,5240,-39.92428,-56.47115,-23.63675,-24.9727,-23.8961,-20.11939,-16.71952,-14.92363,-12.37815,-12.05431,-7.840222,-9.959555,-7.510969,-6.690251,-5.491441,-0.1195186,25,25,25,25,25,25,25,25,25,25,25,25,25,25,25,25,524,5240,-5.380044,-4.349524,-4.845684,-3.749262,163.5942,139.7886,-2.612224,-2.347691,-4.013608,-2.962634,-2.76102,-2.827607,-2.689357,-3.11903,-3.854662,-3.165462,25,25,25,25,25,25,25,25,25,25,25,25,25,25,25,25,524,5240,-3.331878,-6.01207,-3.576289,-3.611905,-2.849182,-2.421116,-2.457532,-70.54156,1.238674,0.4836418,0.3575891,-0.7278546,-0.2203193,0.6681458,0.4424094,3.846422,24,24,24,24,24,24,24,24,24,24,25,24,24,24,24,25
525,5250,-38.4813,-56.47115,-22.52902,-23.9983,-21.60298,-19.13209,-14.93293,-13.92053,-11.01721,-12.17724,-8.314925,-11.22006,-7.749403,-8.601056,-6.088459,-0.6024011,25,25,25,25,25,25,25,25,25,25,25,25,25,25,25,25,525,5250,-4.438578,-5.140302,-4.06016,-3.878537,163.0679,139.2977,-2.089831,-3.390501,-2.589976,-2.5764,-2.366836,-2.962312,-2.945318,-2.896306,-1.80743,-2.826391,25,25,25,25,25,25,25,25,25,25,25,25,25,25,25,25,525,5250,-3.331878,-4.860881,-3.70408,-3.740891,-3.755648,-2.803357,-2.328206,-70.54156,-0.2450492,-0.2420842,0.2383911,0.3636062,0.3299557,-0.2211798,-0.3322529,2.910314,24,24,24,24,24,24,24,24,24,24,25,24,24,24,24,25
526,5260,-39.80404,-56.35022,-22.40594,-22.41492,-20.51677,-17.40432,-12.8911,-12.91744,-10.3986,-10.70211,-8.077574,-10.21166,-7.630186,-6.809715,-6.088459,0.001202378,25,25,25,25,25,25,25,25,25,25,25,25,25,25,25,25,526,5260,-4.169587,-5.140302,-3.798321,-3.361434,162.2785,139.9113,-2.481625,-3.781555,-2.589976,-1.417698,-3.41799,-2.154079,-2.433397,-2.784945,-2.289132,-2.713368,25,25,25,25,25,25,25,25,25,25,25,25,25,25,25,25,526,5260,-2.068103,-4.732971,-3.70408,-3.482919,-1.813221,-2.293703,-1.681581,-70.97894,-0.2450492,0.4836418,1.311173,0.7274244,-0.2203739,0.4458648,-0.0002552445,3.612394,24,24,24,24,24,24,24,24,24,24,25,24,24,24,25,25
527,5270,-40.04453,-55.98745,-23.39059,-24.12011,-22.68919,-18.88527,-15.69861,-14.17131,-11.88326,-12.66895,-9.383006,-11.72427,-9.299233,-7.407044,-5.610845,0.4840832,25,25,25,25,25,25,25,25,25,25,25,25,25,25,25,25,527,5270,-6.187017,-4.349524,-3.274642,-3.619986,163.1994,138.6841,-3.265214,-2.738745,-3.10766,-2.190166,-1.972655,-3.635839,-2.433397,-2.784945,-2.048229,-3.052438,25,25,25,25,25,25,25,25,25,25,25,25,25,25,25,25,527,5270,-3.791434,-5.50043,-3.576289,-2.580013,-1.683725,-1.784048,-2.198882,-70.54156,0.002237804,-0.1211304,0.4767871,-0.1214868,0.6601522,0.2235332,0.3317456,2.325248,24,24,24,24,24,24,24,24,24,24,25,24,24,24,25,25
528,5280,-41.24702,-56.95483,-24.37524,-26.19069,-24.62025,-21.47692,-16.33668,-15.80133,-12.62559,-13.65237,-9.501682,-11.59822,-8.941581,-8.004288,-6.44667,-0.6024027,25,25,25,25,25,25,25,25,25,25,25,25,25,25,25,25,528,5280,-4.707568,-3.558747,-3.405559,-3.232158,162.5417,137.825,-2.612224,-1.695934,-3.495924,-2.318911,-3.155201,-3.231721,-3.073296,-2.228134,-2.891207,-3.391503,25,25,25,25,25,25,25,25,25,25,25,25,25,25,25,25,528,5280,-2.412767,-4.605061,-3.576289,-3.095958,-2.072211,-2.038875,-1.681581,-69.66682,-0.2450492,0.3626848,0.5959851,-0.4853081,-0.5505704,-0.7769579,-0.0002536392,3.364977,24,24,24,24,24,24,24,24,24,24,25,24,24,24,25,25
529,5290,-43.4115,-58.04315,-26.71379,-29.35746,-27.03406,-21.72374,-18.50612,-15.55056,-13.73908,-12.05431,-9.976384,-11.97637,-9.299233,-8.481701,-7.163091,-0.2402413,25,25,25,25,25,25,25,25,25,25,25,25,25,25,25,25,529,5290,-4.304031,-3.690542,-3.536482,-4.007814,162.2785,138.8068,-2.612224,-2.999447,-2.848818,-2.5764,-2.76102,-2.962312,-1.665519,-2.896309,-2.409505,-2.939409,25,25,25,25,25,25,25,25,25,25,25,25,25,25,25,25,529,5290,-2.297878,-5.1167,-2.937333,-2.451026,-2.719687,-2.93077,-2.069556,-70.21353,0.620456,0.6045956,0.834381,-0.4853081,0.1098226,0.6681956,-0.0002536392,2.780008,24,24,24,24,24,24,24,24,24,24,25,24,24,24,25,25
530,5300,-45.93672,-59.61514,-26.71379,-28.01767,-24.49956,-20.85986,-16.59191,-15.42517,-12.25442,-11.19382,-8.670951,-9.581402,-7.749403,-7.407044,-6.327267,0.1219202,25,25,25,25,25,25,25,25,25,25,25,25,25,25,25,25,530,5300,-4.707516,-4.085932,-3.012797,-3.749262,163.0679,139.6658,-3.004018,-1.826286,-2.978238,-3.348869,-1.447079,-1.615258,-2.433397,-1.894046,-2.168654,-2.826385,25,25,25,25,25,25,25,25,25,25,25,25,25,25,25,25,530,5300,-2.412767,-4.732971,-3.320707,-1.806094,-2.331201,-1.019567,-1.681581,-70.21353,-0.3686927,-1.209721,0.834381,0.2423314,-0.0002407967,0.3346986,-0.5535836,3.247982,24,24,24,24,24,24,24,24,24,24,25,24,24,24,25,25
531,5310,-44.01274,-59.73607,-26.34455,-27.16508,-23.77541,-21.97057,-16.46429,-16.42826,-13.12047,-12.54602,-9.383006,-10.84191,-9.060798,-8.601056,-7.401898,-0.3609623,25,25,25,25,25,25,25,25,25,25,25,25,25,25,25,25,531,5310,-4.438526,-3.031561,-4.191089,-3.232158,162.2785,139.2977,-2.873419,-1.174529,-3.10766,-1.932677,-1.972655,-2.019374,-2.049458,-2.228134,-3.132058,-2.374291,25,25,25,25,25,25,25,25,25,25,25,25,25,25,25,25,531,5310,-1.608548,-4.860881,-4.343036,-1.93508,-1.29524,-1.401808,-2.586857,-70.32288,0.1258821,0.241731,0.2383911,-0.4853081,0.1098226,0.5570302,-0.0002536392,3.013998,24,24,24,24,24,24,24,24,24,24,25,24,24,24,25,25
532,5320,-43.53175,-59.49422,-26.34455,-25.5817,-24.01679,-20.36621,-17.22998,-16.17749,-14.48141,-12.91481,-10.21374,-11.34611,-10.61063,-9.794589,-8.7138,-0.1195218,25,25,25,25,25,25,25,25,25,25,25,25,25,25,25,25,532,5320,-4.304031,-4.48132,-3.667411,-2.844278,163.0679,139.1749,-2.481625,-2.086988,-2.460554,-1.803932,-1.578471,-1.884668,-1.665519,-2.784945,-1.686953,-1.583126,25,25,25,25,25,25,25,25,25,25,25,25,25,25,25,25,532,5320,-2.527656,-4.093421,-3.320705,-1.935081,-2.978678,-2.293703,-1.293605,-69.99485,0.2495256,0.3626848,0.2383911,-0.0002151117,0.440019,0.001201576,-0.5535836,3.130986,24,24,24,24,24,24,24,24,24,24,25,24,24,24,25,25
533,5330,-42.44951,-60.58253,-26.22147,-26.31249,-24.13747,-20.73645,-16.71952,-15.04901,-13.36792,-13.16066,-10.09506,-11.22006,-8.941581,-10.63006,-9.667638,-0.7231237,25,25,25,25,25,25,25,25,25,25,25,25,25,25,25,25,533,5330,-4.976507,-3.954135,-2.358209,-2.327174,162.41,139.5431,-3.004018,-2.478042,-2.07229,-1.288953,-1.18429,-1.749963,-2.305418,-2.005409,-1.686953,-1.696149,25,25,25,25,25,25,25,25,25,25,25,25,25,25,25,25,533,5330,-1.953214,-4.221332,-3.576288,-1.677107,-1.813271,-1.784048,-2.198882,-71.30697,-0.3686927,0.1207772,1.191975,0.4848779,0.1098226,0.2235332,0.442411,2.897003,24,24,24,24,24,24,24,24,24,24,25,24,24,24,25,25
534,5340,-43.77224,-61.30807,-26.95996,-27.40868,-24.13747,-20.2428,-16.59191,-15.55056,-13.73908,-14.14408,-9.857708,-11.09401,-8.703146,-9.675238,-7.998422,-0.1195218,25,25,25,25,25,25,25,25,25,25,25,25,25,25,25,25,534,5340,-4.976507,-3.558747,-2.358209,-2.715002,162.5417,138.9294,-3.004018,-1.30488,-1.295764,-1.675187,-1.315684,-2.558195,-2.817336,-2.11677,-1.686953,-2.487314,25,25,25,25,25,25,25,25,25,25,25,25,25,25,25,25,534,5340,-3.1021,-4.988791,-3.576288,-2.064068,-1.683776,-1.784048,-1.42293,-69.99485,0.7441003,0.1207772,0.1191936,-0.1214868,-0.1103074,0.7793618,0.442411,2.897003,24,24,24,24,24,24,24,24,24,24,25,24,24,24,25,25
535,5350,-42.9305,-60.21976,-28.06769,-28.26127,-26.4306,-20.36621,-18.63373,-15.92672,-14.72886,-13.28359,-10.33241,-12.35452,-11.0875,-10.98812,-10.50224,-0.8438448,25,25,25,25,25,25,25,25,25,25,25,25,25,25,25,25,535,5350,-4.842011,-3.295154,-2.489125,-2.197898,162.41,137.825,-2.089831,-1.174529,-2.589976,-1.031464,-2.235441,-2.558195,-1.793497,-1.894046,-3.011632,-2.148244,25,25,25,25,25,25,25,25,25,25,25,25,25,25,25,25,535,5350,-1.838326,-3.837602,-3.576288,-2.837987,-2.590242,-1.911462,-1.552206,-69.55747,-0.7396239,0.1207772,0.953579,0.4848779,-0.3304373,0.001201576,0.8850756,2.897003,24,24,24,24,24,24,24,24,24,24,25,24,24,24,25,25
536,5360,-44.01274,-62.15453,-29.05234,-27.89588,-25.22369,-20.48962,-17.99566,-17.68213,-14.85258,-14.75872,-9.857708,-12.85873,-10.13376,-11.34619,-9.548408,-1.447447,25,25,25,25,25,25,25,25,25,25,25,25,25,25,25,25,536,5360,-3.766049,-3.295154,-2.881887,-1.680794,161.4891,138.684,-2.22043,-2.217391,-1.813448,-2.190166,-3.023809,-2.423489,-1.793497,-2.896309,-2.28908,-3.504526,25,25,25,25,25,25,25,25,25,25,25,25,25,25,25,25,536,5360,-2.297878,-4.988791,-3.448496,-1.677107,-3.367213,-3.695252,-2.198832,-70.21353,-0.1214057,0.6045956,0.7151831,-0.3640365,0.5500856,0.6681956,0.1104133,2.780008,24,24,24,24,24,24,24,24,24,24,25,24,24,24,25,25
537,5370,-43.77224,-62.63823,-26.71379,-25.94709,-22.44781,-19.74915,-15.82623,-16.30288,-13.36792,-14.26701,-10.68844,-12.10242,-10.01454,-10.15265,-8.59457,0.1219202,25,25,25,25,25,25,25,25,25,25,25,25,25,25,25,25,537,5370,-4.169535,-3.295154,-2.096363,-3.232107,162.8048,139.4203,-2.612224,-1.565634,-1.94287,-3.091379,-1.972655,-1.884668,-2.305418,-2.673582,-2.28908,-2.826385,25,25,25,25,25,25,25,25,25,25,25,25,25,25,25,25,537,5370,-2.412767,-4.860881,-3.704079,-2.709,-3.108223,-1.911462,-2.328157,-70.97894,-0.7396239,-0.7259026,1.072777,0.2423314,-0.0002407967,0.1123678,-0.9962482,3.715955,24,24,24,24,24,24,24,24,24,24,25,24,24,24,25,25
538,5380,-40.76603,-61.18714,-26.34455,-22.90212,-21.12021,-17.40432,-14.55009,-14.79824,-13.61536,-12.42309,-11.51917,-11.22006,-9.180017,-7.645976,-7.043687,-0.7231237,25,25,25,25,25,25,25,25,25,25,25,25,25,25,25,25,538,5380,-3.362563,-2.240784,-2.489125,-2.844278,162.6732,139.1749,-2.742822,-1.304932,-2.589976,-1.675187,-2.104049,-1.615258,-1.409558,-1.559958,-2.409505,-2.03522,25,25,25,25,25,25,25,25,25,25,25,25,25,25,25,25,538,5380,-2.182992,-4.605061,-4.343036,-1.806094,-1.683776,-1.529221,-2.069506,-70.32288,-0.2450492,0.2417278,1.311173,-0.2427616,-0.6606338,-0.5546262,0.5530763,3.481972,24,24,24,24,24,24,24,24,24,24,25,24,24,24,25,25
539,5390,-39.92429,-60.82438,-25.60606,-23.51111,-22.44781,-18.88527,-14.80532,-14.04592,-11.51209,-12.79188,-8.552276,-10.46376,-7.868621,-8.959114,-6.44667,-0.9645641,25,25,25,25,25,25,25,25,25,25,25,25,25,25,25,25,539,5390,-3.093572,-3.690543,-3.01281,-2.068622,162.8048,138.684,-1.828636,-2.08704,-2.07229,-0.7739748,-1.315684,-1.884668,-0.8976387,-1.782682,-2.048229,-2.03522,25,25,25,25,25,25,25,25,25,25,25,25,25,25,25,25,539,5390,-2.297878,-4.093421,-2.937331,-1.806094,-2.460747,-2.54853,-2.198832,-69.66682,0.3731691,0.6045924,0.238392,0.6061527,-0.0002407967,-0.2211292,-0.2215859,3.247982,24,24,24,24,24,24,24,24,24,24,25,24,24,24,25,25
540,5400,-40.16478,-61.79177,-25.72914,-23.26752,-20.27538,-18.51503,-14.42247,-13.92053,-12.37815,-12.54602,-9.026978,-10.84191,-8.345492,-7.287577,-6.207862,0.001199168,25,25,25,25,25,25,25,25,25,25,25,25,25,25,25,25,540,5400,-4.976507,-4.349524,-2.620048,-2.844278,162.2785,139.9112,-2.612224,-2.478093,-1.554606,-0.64523,-1.709865,-0.1334977,-1.409558,-1.559958,-1.084826,-1.357079,25,25,25,25,25,25,25,25,25,25,25,25,25,25,25,25,540,5400,-1.263881,-3.709692,-3.576288,-2.32204,-1.165795,-1.274394,-2.974783,-71.635,-0.4923362,-0.3630444,0.8343815,0.1210629,0.1098226,-0.3322954,-0.2215859,3.247982,24,24,24,24,24,24,24,24,24,24,25,24,24,24,25,25
541,5410,-40.28503,-61.06622,-25.85222,-23.26752,-23.17195,-18.26821,-15.69861,-14.79824,-13.61536,-13.28359,-9.50168,-10.71586,-7.868623,-7.526509,-6.207862,-0.2402413,25,25,25,25,25,25,25,25,25,25,25,25,25,25,25,25,541,5410,-5.245498,-3.42695,-2.358209,-2.844278,162.9363,138.5613,-2.612224,-0.9138781,-1.425184,-0.9027196,-0.3959244,-1.480551,-1.665519,-1.894046,-0.8439748,-2.600338,25,25,25,25,25,25,25,25,25,25,25,25,25,25,25,25,541,5410,-2.068103,-4.221332,-3.320705,-1.806094,-0.906805,-1.401808,-1.293556,-69.22944,-0.3686927,-0.2420906,0.5959855,0.6061559,0.4400672,0.2235332,0.1104133,2.546024,24,24,24,24,24,24,24,24,24,24,25,24,24,24,25,25
542,5420,-38.60155,-60.21976,-24.49833,-22.53672,-20.99953,-19.13209,-14.93293,-14.67285,-12.99675,-13.65237,-9.026978,-11.22006,-8.464712,-8.36235,-7.163091,-0.7231237,25,25,25,25,25,25,25,25,25,25,25,25,25,25,25,25,542,5420,-4.304031,-2.636173,-3.01281,-1.680794,162.5417,137.9477,-2.22043,-1.174581,-1.554606,-0.9027196,-1.709865,-2.558195,-1.153598,-1.448593,-1.807378,-1.696149,25,25,25,25,25,25,25,25,25,25,25,25,25,25,25,25,542,5420,-1.263881,-3.198052,-3.704079,-2.451027,-1.165795,-1.401808,-1.034905,-69.77615,-0.3686927,-0.1211336,0.7151834,0.8487024,-0.1102592,-0.7770084,-0.2215859,3.247982,24,24,24,24,24,24,24,24,24,24,25,24,24,24,25,25
543,5430,-39.44329,-61.42899,-24.99065,-23.87651,-21.48229,-18.88527,-16.08145,-14.54746,-12.37815,-12.66895,-9.620357,-10.21166,-7.630188,-7.168117,-6.804932,0.3633606,25,25,25,25,25,25,25,25,25,25,25,25,25,25,25,25,543,5430,-3.900545,-2.767969,-2.489125,-1.81007,161.8838,138.3158,-2.481625,-1.695986,-1.295764,-1.932677,-2.366836,-1.345847,-1.409558,-1.894043,-1.566527,-2.374291,25,25,25,25,25,25,25,25,25,25,25,25,25,25,25,25,543,5430,-1.723437,-4.093421,-3.576288,-1.677107,-1.424785,-1.656635,-2.457482,-70.10419,0.1258821,1.209361,1.072777,-0.6065797,-0.5505223,0.4458142,-0.1109174,2.663019,24,24,24,24,24,24,24,24,24,24,25,24,24,24,25,25
544,5440,-41.36727,-61.91269,-26.71379,-24.48551,-22.32712,-17.89797,-14.03963,-13.92053,-11.75954,-11.80846,-9.026978,-8.951148,-6.91488,-5.853994,-5.133283,0.001202378,25,25,25,25,25,25,25,25,25,25,25,25,25,25,25,25,544,5440,-3.900545,-3.295154,-2.620048,-2.585726,162.5417,139.2976,-1.828636,-0.9138781,-1.813448,-1.932677,-1.578471,-1.480551,-1.409558,-2.005406,-1.927804,-2.939364,25,25,25,25,25,25,25,25,25,25,25,25,25,25,25,25,544,5440,-1.838326,-4.093421,-3.704079,-1.806094,-2.590242,-2.166289,-2.069506,-70.65091,-0.1214057,-1.08877,1.072777,-0.0002119011,0.3300039,0.4458142,-0.442915,3.612394,24,24,24,24,24,24,24,24,24,24,25,24,24,24,25,25
545,5450,-42.44951,-61.30807,-24.006,-21.92773,-18.82709,-16.1702,-12.76349,-13.41899,-11.14093,-12.30017,-8.433599,-8.572995,-6.676445,-6.690254,-5.7303,-1.326724,25,25,25,25,25,25,25,25,25,25,25,25,25,25,25,25,545,5450,-4.304031,-2.899765,-3.274649,-3.10283,162.6732,139.2976,-3.265214,-1.826337,-2.201712,-2.83389,-1.972655,-2.154079,-2.049458,-2.22813,-3.493334,-2.713316,25,25,25,25,25,25,25,25,25,25,25,25,25,25,25,25,545,5450,-1.83838,-4.349241,-3.704079,-2.451027,-2.590242,-3.185597,-1.681532,-70.32288,-0.2450492,0.8464999,-4.013278E-06,-0.2427584,-0.3303891,0.1123172,-0.5535804,3.612394,24,24,24,24,24,24,24,24,24,24,25,24,24,24,25,25
546,5460,-39.92429,-60.09884,-22.28286,-19.24815,-16.89604,-14.81267,-11.61497,-11.4128,-10.27488,-10.57918,-8.433599,-8.951148,-7.510969,-6.451323,-6.446721,0.2426428,25,25,25,25,25,25,25,25,25,25,25,25,25,25,25,25,546,5460,-3.093572,-3.163357,-3.01281,-2.585726,163.0679,138.9294,-1.567439,-1.826337,-2.201712,-0.3877405,-1.052895,-1.884668,-1.281579,-1.894043,-1.566527,-1.809128,25,25,25,25,25,25,25,25,25,25,25,25,25,25,25,25,546,5460,-1.953269,-4.73297,-3.320705,-2.709,-2.460747,-2.675943,-2.328157,-70.86961,0.1258821,0.3626816,0.119194,-0.1214835,0.7702637,-0.2211798,-0.3322497,3.027328,24,24,24,24,24,24,24,24,24,24,25,24,24,24,25,25
547,5470,-41.00652,-60.21976,-23.14443,-20.95333,-19.91331,-16.29362,-14.29486,-13.2936,-12.00698,-11.31674,-8.908303,-9.203249,-7.749404,-7.765443,-6.088511,-0.8438416,25,25,25,25,25,25,25,25,25,25,25,25,25,25,25,25,547,5470,-2.421096,-3.690542,-1.965396,-2.068622,162.41,139.5431,-2.612224,-1.956688,-1.684026,-1.031464,-1.84126,-0.8070253,-2.177436,-2.22813,-1.205251,-2.035175,25,25,25,25,25,25,25,25,25,25,25,25,25,25,25,25,547,5470,-1.493713,-3.965512,-3.320707,-2.193054,-1.424785,-0.6373271,-1.810856,-69.88551,-0.61598,-0.2420906,0.8343815,0.7274276,0.2199373,-0.6658422,0.1104149,3.963437,24,24,24,24,24,24,24,24,24,24,25,24,24,24,25,25
548,5480,-38.36105,-59.49422,-23.14443,-22.04953,-18.5857,-16.66385,-15.06054,-14.1713,-12.25442,-11.68553,-8.789627,-10.21166,-7.272534,-7.645979,-5.969107,-0.2402397,25,25,25,25,25,25,25,25,25,25,25,25,25,25,25,25,548,5480,-2.555591,-2.240784,-2.096312,-1.810122,163.4626,138.4386,-3.004018,-1.304932,-1.425184,-1.546443,-1.315684,-1.749963,-1.921479,-1.337231,-1.325677,-2.148199,25,25,25,25,25,25,25,25,25,25,25,25,25,25,25,25,548,5480,-1.953269,-4.86088,-3.192915,-2.06412,-1.424785,-0.7647406,-2.457482,-69.99485,0.2495256,-0.1211336,0.3575899,-0.8491262,0.3300039,0.6681458,0.2210819,3.378365,24,24,24,24,24,24,24,24,24,24,25,24,24,24,25,25
549,5490,-38.60155,-59.49422,-23.88292,-22.17133,-20.39607,-17.52774,-16.46429,-14.29669,-12.50187,-11.80846,-8.433599,-10.08561,-8.941583,-7.407048,-7.163143,-0.1195186,25,25,25,25,25,25,25,25,25,25,25,25,25,25,25,25,549,5490,-1.614124,-2.240784,-1.179872,-1.422294,162.8047,137.4568,-1.828636,-1.044229,-1.684026,-1.031464,-1.709865,-2.288784,-1.281579,-1.671319,-2.28908,-1.809128,25,25,25,25,25,25,25,25,25,25,25,25,25,25,25,25,549,5490,-1.263935,-3.070142,-3.831872,-1.67716,-2.201758,-1.146981,-1.810856,-69.44814,1.238674,-0.2420906,0.5959855,1.333795,-0.0001926374,-0.5546768,-0.5535804,3.612394,24,24,24,24,24,24,24,24,24,24,25,24,24,24,25,25
550,5500,-40.16478,-59.85699,-24.12908,-22.78032,-19.91331,-16.54044,-15.44338,-14.29669,-12.62559,-11.93139,-9.383005,-10.21166,-8.703147,-8.839763,-6.566125,-0.6024011,25,25,25,25,25,25,25,25,25,25,25,25,25,25,25,25,550,5500,-2.01761,-1.845395,-1.70355,-2.068674,162.0153,138.1932,-1.567439,-1.435283,-1.166342,-1.417698,-2.49823,-1.480551,-1.025617,-1.448593,-0.8439748,-1.922152,25,25,25,25,25,25,25,25,25,25,25,25,25,25,25,25,550,5500,-1.263935,-3.709692,-4.59862,-2.83804,-1.165796,-1.274445,-2.198832,-70.54156,-0.1214057,-0.3630444,1.191975,0.1210629,-0.0001926374,0.3346488,0.4424126,2.676285,24,24,24,24,24,24,24,24,24,24,25,24,24,24,25,25
551,5510,-38.36105,-60.46161,-23.51368,-21.56233,-17.86157,-16.54044,-14.29486,-14.04592,-12.50187,-12.17724,-8.908303,-9.959555,-8.464712,-8.36235,-6.566125,-0.3609591,25,25,25,25,25,25,25,25,25,25,25,25,25,25,25,25,551,5510,-1.614124,-1.977191,-1.441711,-2.327225,162.6732,138.8068,-2.351028,-1.174581,-2.331132,-2.705146,-1.84126,-1.076437,-2.561379,-1.559955,-2.168654,-3.617505,25,25,25,25,25,25,25,25,25,25,25,25,25,25,25,25,551,5510,-2.412825,-3.070142,-3.065124,-1.548174,-1.295291,-2.421168,-2.328156,-69.44814,0.002237804,-0.1211336,0.7151834,0.8487024,0.4400672,1.001643,0.4424126,3.495379,24,24,24,24,24,24,24,24,24,24,25,24,24,24,25,25
552,5520,-36.55732,-58.8896,-23.02135,-20.95334,-18.34433,-15.42973,-14.42247,-13.41899,-12.1307,-10.94796,-9.50168,-9.707453,-8.703147,-7.168117,-6.685528,-0.3609591,25,25,25,25,25,25,25,25,25,25,25,25,25,25,25,25,552,5520,-2.555591,-2.636173,-2.881836,-2.19795,162.5416,139.2977,-2.22043,-1.826286,-2.848818,-1.417698,-1.315684,-2.6929,-1.281579,-1.559955,-2.409505,-2.148199,25,25,25,25,25,25,25,25,25,25,25,25,25,25,25,25,552,5520,-1.953269,-3.965512,-4.470828,-2.709053,-2.072262,-2.421168,-1.034904,-69.88551,-0.61598,-0.0001797949,0.7151834,0.6061559,-0.8807188,0.2234826,-0.0002504286,3.027328,24,24,24,24,24,24,24,24,24,24,25,24,24,24,25,25
553,5530,-36.79782,-58.76868,-23.51368,-19.85715,-17.86157,-15.18291,-13.7844,-13.41899,-11.88326,-12.79188,-9.976384,-11.34611,-9.656889,-10.27201,-7.759963,-0.8438416,25,25,25,25,25,25,25,25,25,25,25,25,25,25,25,25,553,5530,-1.614124,-2.504376,-2.096312,-2.068674,163.331,139.4204,-1.567439,-2.21734,-1.813397,-1.160209,-1.447079,-1.884668,-1.281579,-1.894043,-1.566527,-1.583081,25,25,25,25,25,25,25,25,25,25,25,25,25,25,25,25,553,5530,-1.83838,-4.221331,-3.320707,-1.806147,-1.036301,-1.401859,-2.198831,-70.10419,0.4968126,0.8464999,0.7151834,-0.0002119011,0.3300039,0.3346488,-0.0002504286,2.793299,24,24,24,24,24,24,24,24,24,24,25,24,24,24,25,25
554,5540,-37.39906,-58.52683,-23.26751,-20.22254,-17.37881,-15.92338,-14.16724,-15.1744,-12.37814,-12.42309,-8.433599,-10.58981,-8.345493,-8.720407,-7.043739,0.1219218,25,25,25,25,25,25,25,25,25,25,25,25,25,25,25,25,554,5540,-2.690086,-2.899765,-1.572634,-1.55157,162.0153,139.0522,-2.351028,-1.30488,-1.683975,-0.7739748,-0.6587138,-1.345847,-1.665519,-1.114505,-0.362273,-1.583081,25,25,25,25,25,25,25,25,25,25,25,25,25,25,25,25,554,5540,-1.034158,-3.070142,-3.320707,-1.290201,-0.906805,-0.764792,-1.034904,-70.43223,-0.7396239,-0.604952,0.4767879,0.8487024,0.6602004,-0.2211798,-0.0002504286,3.612394,24,24,24,24,24,24,24,24,24,24,24,24,24,24,25,25
555,5550,-37.39906,-58.64776,-24.37524,-21.80593,-20.87883,-19.2555,-18.63373,-16.55365,-14.72886,-13.7753,-10.56976,-11.85032,-9.656889,-9.197821,-7.401949,-0.8438416,25,25,25,25,25,25,25,25,25,25,25,25,25,25,25,25,555,5550,-2.01761,-1.318209,-1.048949,-1.293018,162.6732,137.825,-1.698037,-0.6531242,-1.425133,-0.7739748,-1.184341,-1.884668,-1.153598,-1.225867,-1.686953,-1.809128,25,25,25,25,25,25,25,25,25,25,25,25,25,25,25,25,555,5550,-1.608602,-4.221331,-3.320707,-0.6452677,0.3881466,-0.0003106277,-2.974782,-70.32288,0.7441003,0.6045924,1.072725,-0.6065797,-0.1102592,0.5569797,0.1104149,3.846422,24,24,24,24,24,24,24,24,24,24,24,24,24,24,25,25
556,5560,-39.68379,-58.64776,-25.23681,-23.87651,-22.56851,-21.3535,-17.74043,-17.05519,-14.11025,-13.65237,-9.026978,-11.72427,-7.630188,-8.959114,-5.969107,-0.4816801,25,25,25,25,25,25,25,25,25,25,25,25,25,25,25,25,556,5560,-2.01761,-1.713598,-2.489074,-1.034465,161.7522,138.8068,-1.175645,-0.6531242,-1.813397,-1.546443,-2.629677,-1.884668,-1.281579,-2.005406,-1.927804,-2.035175,25,25,25,25,25,25,25,25,25,25,25,25,25,25,25,25,556,5560,-1.263935,-3.198052,-3.959663,-2.451079,-2.978729,-2.16634,-2.328156,-69.22944,-0.1214057,-0.0001797949,0.8343292,0.7274276,-0.0001926374,-0.3323452,-0.7749127,3.495379,24,24,24,24,24,24,24,24,24,24,24,24,24,24,25,25
557,5570,-39.20279,-60.70346,-25.72914,-23.99831,-22.32712,-22.3408,-17.86805,-16.92981,-13.8628,-13.40652,-9.026978,-10.84191,-7.868673,-6.929185,-5.491493,-0.4816801,25,25,25,25,25,25,25,25,25,25,25,25,25,25,25,25,557,5570,-1.345133,-1.845395,-1.179872,-2.19795,162.2785,139.1749,-1.698037,-1.044178,-1.036869,-1.932677,-2.366887,-1.615258,-1.665515,-2.22813,-1.686953,-3.165411,25,25,25,25,25,25,25,25,25,25,25,25,25,25,25,25,557,5570,-1.149047,-2.942231,-4.215246,-1.806147,-1.554282,-1.7841,-3.750733,-70.97894,0.3731691,0.6045924,1.311121,0.4848811,-0.0001862161,0.5569797,0.5530795,2.910314,24,24,24,24,24,24,24,24,24,24,24,24,24,24,25,25
558,5580,-37.88006,-59.25237,-25.72914,-23.51112,-24.13749,-21.23009,-17.86805,-17.18058,-14.48141,-12.66895,-10.33241,-10.96796,-7.630238,-6.809718,-4.297458,-0.4816801,25,25,25,25,25,25,25,25,25,25,25,25,25,25,25,25,558,5580,-2.01761,-1.054617,-1.834473,-1.293018,162.9363,138.6841,-2.22043,-0.3924216,-2.072239,-1.546443,-1.184341,-1.615258,-1.153596,-0.891781,-2.168654,-1.922152,25,25,25,25,25,25,25,25,25,25,25,25,25,25,25,25,558,5580,-1.83838,-4.221331,-3.448498,-2.06412,-1.942767,-1.019618,-2.586807,-70.54156,-0.8632674,-0.3630444,0.4767353,0.3636094,-0.3303827,0.4458142,-0.1109174,3.378365,24,24,24,24,24,24,24,24,24,24,24,24,24,24,24,25
559,5590,-38.4813,-60.09884,-24.99065,-22.90212,-21.3616,-20.48962,-17.35759,-17.55674,-13.61536,-14.38994,-9.145655,-12.22847,-8.583979,-9.197821,-7.043739,-1.809606,25,25,25,25,25,25,25,25,25,25,25,25,25,25,25,25,559,5590,-0.0001797949,-1.318209,-1.179872,-0.7759136,163.0678,138.6841,-1.306243,-1.956637,-1.295713,-0.7739748,-1.315736,-1.615258,-0.7696553,-2.22813,-1.205303,-1.470057,25,25,25,25,25,25,25,25,25,25,25,25,25,25,25,25,559,5590,-1.493713,-3.709692,-3.831872,-0.9032413,-0.3888249,-0.764792,-2.586807,-70.10419,0.620456,-0.1211336,0.4767353,-0.1214835,-0.4404493,0.7793112,0.995741,3.846422,24,24,24,24,24,24,24,24,24,24,24,24,24,24,24,25
560,5600,-40.76603,-60.09884,-26.71379,-27.28688,-25.10301,-23.94515,-20.67555,-19.93909,-16.08979,-16.35678,-10.92579,-14.74949,-11.92069,-10.86877,-7.759963,-0.4817315,25,25,25,25,25,25,25,25,25,25,25,25,25,25,25,25,560,5600,-2.152105,-1.713598,-1.048949,-0.9051893,162.6732,138.6841,-2.481625,-1.30488,-1.036869,-0.7739748,-1.841311,-1.480551,-1.921476,-2.005406,-1.687004,-2.261274,25,25,25,25,25,25,25,25,25,25,25,25,25,25,25,25,560,5600,-1.149047,-3.453871,-2.681751,-1.67716,-2.849233,-2.803408,-2.328156,-69.77615,0.2495256,-0.604952,0.1191414,-0.1214835,-0.1102528,-0.6658422,-0.110919,3.013998,24,24,24,24,24,24,24,24,24,24,24,24,24,24,24,25
561,5610,-42.20901,-60.58253,-29.42159,-29.84466,-28.84441,-26.41339,-24.12113,-21.6945,-17.07957,-17.34021,-12.23122,-14.74949,-10.96833,-9.436531,-7.043739,0.001151008,25,25,25,25,25,25,25,25,25,25,25,25,25,25,25,25,561,5610,-1.614175,-1.186413,-1.179872,-1.422294,162.5416,138.4387,-2.22043,-0.5227728,-1.683975,-1.803933,-0.9215515,-1.749963,-1.793494,-1.337231,-1.446154,-2.261274,25,25,25,25,25,25,25,25,25,25,25,25,25,25,25,25,561,5610,-1.493656,-3.325962,-3.959663,-1.806147,-1.683777,-0.764792,-4.138709,-71.08829,-0.2450492,0.4836354,1.072725,0.3636094,0.3300103,0.6681458,1.217073,3.715955,24,24,24,24,24,24,24,24,24,24,24,24,24,24,24,25
562,5620,-43.89249,-61.30808,-27.9446,-28.87027,-25.58577,-23.45151,-20.1651,-19.8137,-15.34746,-15.49629,-11.40049,-13.23688,-9.656939,-10.27201,-7.282547,-1.688937,25,25,25,25,25,25,25,25,25,25,25,25,25,25,25,25,562,5620,-1.74867,-1.581802,-1.70355,-1.293018,162.2785,137.9478,-2.22043,-1.30488,-2.460502,-1.675187,-3.023861,-2.558195,-1.793494,-1.448593,-2.409557,-2.374297,25,25,25,25,25,25,25,25,25,25,25,25,25,25,25,25,562,5620,-1.493656,-3.581834,-3.448498,-1.67716,-2.719738,-3.058235,-2.586807,-70.54156,0.3731691,-0.7259057,-0.3576505,0.2423346,0.1098771,0.3346488,-0.3322513,3.013998,24,24,24,24,24,24,24,24,24,24,24,24,24,24,24,25
563,5630,-41.12677,-61.79177,-27.20612,-25.4599,-23.29264,-21.72374,-19.14419,-18.05829,-15.22374,-15.12751,-10.92579,-12.73267,-10.37224,-7.526512,-5.969107,-0.240291,25,25,25,25,25,25,25,25,25,25,25,25,25,25,25,25,563,5630,-1.345184,-1.318209,-1.441762,-2.068674,161.8838,138.9295,-1.698037,-1.695934,-1.295713,-2.447656,-2.235492,-1.480551,-1.665515,-2.450855,-1.927855,-3.391509,25,25,25,25,25,25,25,25,25,25,25,25,25,25,25,25,563,5630,-1.953208,-4.477203,-3.959662,-2.322093,-2.460748,-1.401859,-1.940181,-70.65091,0.4968126,0.120774,0.3575374,-0.1214835,-0.7706458,0.5569797,0.2210787,3.013998,24,24,24,24,24,24,24,24,24,24,24,24,24,24,24,25
564,5640,-38.36105,-60.70346,-26.59071,-22.41492,-21.84436,-20.11938,-18.3785,-17.55674,-14.48141,-13.65237,-11.04447,-11.85032,-8.941632,-6.690254,-4.655668,0.1218704,25,25,25,25,25,25,25,25,25,25,25,25,25,25,25,25,564,5640,-2.421147,-1.450006,-1.441762,-3.10283,162.9363,139.0522,-2.089831,-1.435232,-2.072239,-2.705146,-2.761071,-2.019374,-2.177436,-2.005406,-2.770833,-3.165462,25,25,25,25,25,25,25,25,25,25,25,25,25,25,25,25,564,5640,-2.872319,-3.965564,-3.959662,-2.451027,-3.108224,-2.930822,-2.586807,-70.54156,0.620456,0.4836354,0.2383394,0.969974,0.3300103,-0.3323452,-0.5535836,3.247982,24,24,24,24,24,24,24,24,24,24,24,24,24,24,24,25
565,5650,-34.87384,-59.01053,-23.63675,-20.46614,-17.98227,-17.77456,-15.571,-16.55365,-13.61536,-13.28359,-9.857708,-10.58981,-8.107108,-8.004288,-5.610896,-0.7231735,25,25,25,25,25,25,25,25,25,25,25,25,25,25,25,25,565,5650,-2.421147,-2.108987,-2.750964,-1.81007,163.0679,138.9295,-1.828636,-1.826286,-2.589924,-2.318911,-1.578522,-2.558195,-1.281576,-2.22813,-2.409557,-2.826391,25,25,25,25,25,25,25,25,25,25,25,25,25,25,25,25,565,5650,-1.723433,-3.837653,-3.576288,-4.385826,-1.813271,-1.7841,-2.716131,-71.41632,-0.2450492,0.2417278,1.072725,0.7274276,-0.3303827,0.3346488,0.1104133,3.013998,24,24,24,24,24,24,24,24,24,24,24,24,24,24,24,25
566,5660,-34.2726,-58.76869,-22.89827,-20.46614,-17.49951,-15.05949,-12.76349,-13.16821,-11.14093,-10.33332,-9.264331,-7.564588,-6.199624,-4.539872,-3.939247,0.7254739,25,25,25,25,25,25,25,25,25,25,25,25,25,25,25,25,566,5660,-2.421147,-2.767969,-1.572685,-1.81007,162.41,139.2976,-2.22043,-2.478042,-1.295713,-1.803933,-2.235492,-1.749963,-2.049454,-2.339494,-1.205303,-2.261274,25,25,25,25,25,25,25,25,25,25,25,25,25,25,25,25,566,5660,-2.642542,-3.581834,-3.704079,-2.32204,-1.683776,-1.911462,-2.974782,-69.88551,-0.3686927,-0.604952,-0.3576505,0.1210629,0.3300103,0.6681458,0.1104133,3.013998,24,24,24,24,24,24,24,24,24,24,24,24,24,24,24,25
567,5670,-34.99409,-59.37331,-22.77518,-19.00455,-16.89605,-13.94879,-12.25303,-12.66667,-11.01721,-9.841612,-7.958898,-7.816689,-5.484318,-4.898269,-3.103422,-0.11957,25,25,25,25,25,25,25,25,25,25,25,25,25,25,25,25,567,5670,-2.824633,-1.450006,-1.441762,-1.939346,163.0679,138.8067,-2.22043,-1.695934,-1.554555,-2.447656,-1.972706,-2.154079,-2.945314,-1.782679,-1.446154,-2.826391,25,25,25,25,25,25,25,25,25,25,25,25,25,25,25,25,567,5670,-1.723433,-4.221384,-4.215244,-2.580014,-1.29529,-1.019567,-1.293554,-70.21353,0.1258821,0.3626816,0.8343292,0.2423346,-0.3303827,0.1123172,0.442411,3.013998,24,24,24,24,24,24,24,24,24,24,24,24,24,24,24,25
568,5680,-35.11434,-59.61515,-23.02135,-21.80593,-17.49951,-15.67656,-12.8911,-12.29051,-9.779988,-9.718685,-8.077574,-7.438537,-5.484318,-4.898269,-2.864615,-0.6024525,25,25,25,25,25,25,25,25,25,25,25,25,25,25,25,25,568,5680,-3.228119,-1.977191,-1.703601,-2.068622,163.1994,138.0704,-1.828636,-1.174529,-1.942818,-1.803933,-2.104101,-3.097016,-1.409555,-2.005406,-1.80743,-2.826391,25,25,25,25,25,25,25,25,25,25,25,25,25,25,25,25,568,5680,-2.182986,-4.221384,-3.448496,-2.064068,-1.942766,-3.313011,-3.492083,-71.08829,0.2495256,0.6045924,0.2383394,-0.1214835,0.6602068,0.2234826,-0.5535836,2.312034,24,24,24,24,24,24,24,24,24,24,24,24,24,24,24,25
569,5690,-36.79782,-58.52684,-22.65211,-20.58794,-18.22364,-15.05949,-12.76349,-10.78587,-9.408825,-7.136902,-6.890817,-5.547774,-4.649794,-3.464681,-2.745212,0.4840319,25,25,25,25,25,25,25,25,25,25,25,25,25,25,25,25,569,5690,-1.614175,-1.977191,-2.489125,-1.422242,161.6207,138.5613,-1.959234,-1.565583,-2.719396,-2.447656,-3.418042,-3.097016,-2.433393,-3.341754,-2.770833,-3.504533,25,25,25,25,25,25,25,25,25,25,25,25,25,25,25,25,569,5690,-1.493656,-3.070194,-3.192914,-2.580014,-2.460747,-2.421116,-1.68153,-69.99485,0.002237804,-0.0001797949,0.5959333,0.4848811,0.2199437,0.1123172,0.442411,4.066934,24,24,24,24,24,24,24,24,24,24,24,24,24,24,24,25
570,5700,-36.91807,-59.37331,-23.02135,-20.83154,-17.86157,-13.57855,-10.9769,-9.908165,-8.171609,-6.644574,-6.178763,-5.295672,-3.934486,-3.225749,-2.387001,-0.8438929,25,25,25,25,25,25,25,25,25,25,25,25,25,25,25,25,570,5700,-3.228119,-2.636173,-2.750964,-2.844278,162.0154,139.0522,-2.612224,-1.565583,-2.331132,-3.863847,-2.366887,-3.097016,-3.201275,-2.116767,-2.409557,-3.278486,25,25,25,25,25,25,25,25,25,25,25,25,25,25,25,25,570,5700,-3.102097,-5.628393,-3.448496,-2.966973,-2.201757,-2.166289,-3.362757,-70.76025,0.1258821,0.3626783,0.5959333,-0.36403,0.1098771,0.2234826,-0.0002536392,3.364977,24,24,24,24,24,24,24,24,24,24,24,24,24,24,24,25
571,5710,-34.87384,-59.49423,-21.17513,-18.63915,-15.0857,-12.83808,-9.573143,-10.15894,-8.047888,-6.644574,-5.109735,-4.791469,-4.053705,-3.584146,-2.267597,0.1218704,25,25,25,25,25,25,25,25,25,25,25,25,25,25,25,25,571,5710,-2.824633,-2.504376,-3.143726,-1.939346,163.331,138.684,-1.567439,-2.478042,-2.719396,-2.061422,-2.235441,-3.635839,-2.049454,-2.22813,-2.289132,-2.600344,25,25,25,25,25,25,25,25,25,25,25,25,25,25,25,25,571,5710,-1.838319,-4.093473,-4.087453,-3.353933,-2.590242,-2.166289,-2.586807,-69.55747,0.2495256,-0.0001862161,0.953579,0.6061559,0.1098771,0.3346488,0.442411,3.364977,24,24,24,24,24,24,24,24,24,24,24,24,24,24,24,25
572,5720,-33.43086,-58.88961,-20.19048,-15.47238,-13.6374,-11.23372,-9.82837,-9.030457,-7.800444,-5.783091,-6.178763,-4.79193,-4.649794,-4.181475,-3.342229,-0.4817315,25,25,25,25,25,25,25,25,25,25,25,25,25,25,25,25,572,5720,-1.74867,-2.899765,-2.881887,-2.068622,162.6732,138.9294,-1.959234,-3.129798,-2.460554,-1.803933,-1.84126,-2.288784,-2.049454,-2.450855,-1.446154,-2.487321,25,25,25,25,25,25,25,25,25,25,25,25,25,25,25,25,572,5720,-1.378767,-4.093473,-4.470828,-2.064068,-1.683776,-1.274394,-3.104107,-70.65091,0.620456,-0.12114,0.953579,-0.1214835,-0.1102528,0.2234826,0.3317456,3.013998,24,24,24,24,24,24,24,24,24,24,24,24,24,24,24,25
573,5730,-32.70937,-58.04315,-19.20583,-15.35058,-14.12016,-11.11031,-9.700756,-9.281231,-7.058114,-6.398436,-4.990907,-4.413708,-3.576834,-3.942544,-2.267597,-0.6024525,25,25,25,25,25,25,25,25,25,25,25,25,25,25,25,25,573,5730,-2.690138,-2.636173,-2.358209,-2.197898,162.6732,139.2976,-2.873419,-2.21734,-1.813448,-1.932677,-2.235441,-2.288784,-2.817336,-1.782679,-2.529983,-2.600344,25,25,25,25,25,25,25,25,25,25,25,25,25,25,25,25,573,5730,-1.838319,-3.709744,-3.192914,-1.677107,-1.0363,-1.401808,-1.293554,-70.32288,0.002237804,-0.3630476,0.834381,0.8487024,0.5501338,0.5569797,-0.110919,3.013998,24,24,24,24,24,24,24,24,24,24,24,24,24,24,24,25
574,5740,-34.15236,-59.61515,-18.95966,-15.22878,-13.87878,-11.72737,-8.935073,-8.779685,-7.305557,-7.13685,-5.109735,-4.918004,-3.338399,-3.703612,-2.267597,-0.3610104,25,25,25,25,25,25,25,25,25,25,25,25,25,25,25,25,574,5740,-3.49711,-3.031561,-1.572685,-2.327174,163.4626,137.5795,-1.698037,-1.956637,-2.331132,-2.447656,-2.76102,-3.905249,-2.817336,-2.784942,-3.372961,-2.826391,25,25,25,25,25,25,25,25,25,25,25,25,25,25,25,25,574,5740,-1.723433,-4.477203,-4.343036,-2.837987,-2.201757,-1.911462,-1.034904,-70.43223,-0.2450492,1.088404,1.191975,-0.0002119011,-0.2203258,0.3347002,-0.0002536392,3.247982,24,24,24,24,24,24,24,24,24,24,24,24,24,24,25,25
575,5750,-32.94987,-58.40592,-18.09809,-14.74159,-13.03395,-10.12302,-8.16939,-8.278138,-7.181836,-4.5524,-4.634425,-3.531191,-3.81527,-2.628421,-2.983967,-0.11957,25,25,25,25,25,25,25,25,25,25,25,25,25,25,25,25,575,5750,-2.555642,-2.240784,-3.274649,-2.197898,161.3575,138.684,-2.089831,-2.478042,-2.460554,-2.5764,-3.943563,-2.962312,-3.201278,-3.341754,-3.011632,-3.843603,25,25,25,25,25,25,25,25,25,25,25,25,25,25,25,25,575,5750,-3.102097,-3.837653,-3.320705,-2.709,-3.626203,-4.71456,-2.069506,-69.22944,0.002237804,0.4836321,-4.414606E-06,0.4848811,0.9903969,0.4458656,-0.110866,2.897003,24,24,24,24,24,24,24,24,24,24,24,24,24,24,25,25
576,5760,-31.50688,-58.16407,-18.09809,-13.4018,-12.55119,-9.752782,-8.297004,-8.278138,-6.686948,-6.029228,-3.921461,-4.287634,-2.623092,-3.464681,-2.148142,-0.8438929,25,25,25,25,25,25,25,25,25,25,25,25,25,25,25,25,576,5760,-3.228119,-3.82234,-2.620048,-3.232107,162.1469,138.9294,-2.481625,-3.781555,-2.848818,-3.863847,-3.41799,-3.231721,-2.689357,-3.230394,-2.168654,-4.521353,25,25,25,25,25,25,25,25,25,25,25,25,25,25,25,25,576,5760,-2.412764,-4.477203,-3.192914,-4.256839,-3.496708,-2.803357,-1.68153,-70.76025,-0.8632674,-0.3630476,1.191975,-0.0002119011,0.9903969,0.001203181,-0.110866,3.378371,24,24,24,24,24,24,24,24,24,24,24,24,24,24,25,25
577,5770,-29.94365,-58.76869,-17.48269,-16.32497,-13.27533,-11.23372,-8.552231,-8.779685,-6.934392,-6.521504,-4.159114,-3.657264,-2.265439,-3.225749,-1.551124,-0.7231735,25,25,25,25,25,25,25,25,25,25,25,25,25,25,25,25,577,5770,-2.690086,-2.240784,-3.274649,-3.361382,163.1994,139.7885,-2.481625,-1.956637,-3.237082,-3.220124,-2.49823,-2.423489,-2.817336,-1.894043,-2.770782,-2.939415,25,25,25,25,25,25,25,25,25,25,25,25,25,25,25,25,577,5770,-3.561711,-5.756302,-3.192914,-2.580014,-2.460747,-2.675943,-1.940181,-69.22944,0.4968126,-0.12114,0.834381,0.1210629,0.3300039,0.890528,0.9957955,3.6124,24,24,24,24,24,24,24,24,24,24,24,24,24,24,25,25
578,5780,-31.38663,-57.8013,-18.46733,-15.47238,-14.60292,-10.12302,-9.573143,-9.155845,-7.924165,-6.275367,-4.634425,-5.044078,-3.696051,-3.584146,-1.909335,-1.326775,25,25,25,25,25,25,25,25,25,25,25,25,25,25,25,25,578,5780,-1.883114,-2.767969,-3.274649,-2.327174,162.0154,138.4386,-1.828636,-2.608393,-2.589976,-2.705146,-1.447079,-2.423489,-2.049458,-2.896306,-2.28908,-2.713368,25,25,25,25,25,25,25,25,25,25,25,25,25,25,25,25,578,5780,-2.068158,-3.070143,-3.320705,-2.837987,-2.331252,-2.421116,-0.9055794,-69.66682,-0.7396239,-0.2420938,0.953579,0.2423346,-0.1102592,-0.109963,-0.4428637,3.378371,24,24,24,24,24,24,24,24,24,24,24,24,24,24,25,25
579,5790,-33.67136,-58.52684,-19.20583,-17.29936,-15.20638,-11.60396,-8.935073,-8.905071,-6.563227,-6.275367,-3.327324,-4.539782,-2.384656,-2.628421,-1.909335,-1.206054,25,25,25,25,25,25,25,25,25,25,25,25,25,25,25,25,579,5790,-2.01761,-2.899765,-1.965447,-1.292967,162.41,138.9294,-2.481625,-2.738745,-2.978238,-2.705146,-2.629625,-2.019374,-2.049458,-1.894043,-1.927803,-2.939415,25,25,25,25,25,25,25,25,25,25,25,25,25,25,25,25,579,5790,-1.493713,-4.221332,-4.215297,-2.193054,-1.424785,-1.784048,-1.940181,-70.43223,0.4968126,0.3626783,0.953579,-0.1214835,-0.1102592,0.557031,-0.110866,2.910314,24,24,24,24,24,24,24,24,24,24,24,24,24,24,25,25
580,5800,-34.99409,-59.37331,-19.57507,-18.15196,-15.44776,-11.9742,-9.445528,-9.030457,-6.439506,-6.152297,-3.446151,-4.413708,-2.980745,-3.225749,-1.551124,-0.4817315,25,25,25,25,25,25,25,25,25,25,25,25,25,25,25,25,580,5800,-2.824582,-2.108987,-1.834524,-1.939398,162.8048,138.1931,-2.873419,-2.086988,-1.684026,-2.190166,-1.578471,-1.615258,-2.433397,-1.671319,-1.446102,-2.14825,25,25,25,25,25,25,25,25,25,25,25,25,25,25,25,25,580,5800,-2.757488,-4.349241,-3.831923,-1.935081,-2.072261,-1.401808,-2.457481,-69.22944,-0.1214057,-0.7259122,-0.1192024,0.3636094,-0.1102592,-0.109963,0.3317986,2.910314,24,24,24,24,24,24,24,24,24,24,24,24,24,24,25,25
581,5810,-33.55111,-58.76869,-20.31356,-18.27376,-16.65466,-11.9742,-10.59405,-9.532005,-7.676722,-7.13685,-4.990907,-5.170152,-3.219181,-2.747887,-1.551124,0.2425914,25,25,25,25,25,25,25,25,25,25,25,25,25,25,25,25,581,5810,-1.479628,-1.054617,-0.918084,-1.293018,162.8047,137.0887,-2.22043,-0.7834754,-1.94287,-1.031464,-2.235441,-2.423489,-1.281579,-1.782679,-2.409505,-1.809179,25,25,25,25,25,25,25,25,25,25,25,25,25,25,25,25,581,5810,-0.9192687,-3.965512,-3.192967,-2.451027,-0.5182683,-0.7647406,-1.552205,-69.55747,-0.7396239,0.725543,1.072777,0.4848811,-0.7706522,-0.3322938,0.3317986,3.6124,24,24,24,24,24,24,24,24,24,24,24,24,24,24,25,25
582,5820,-33.7916,-58.04315,-20.43664,-20.34434,-16.65466,-12.71467,-8.807459,-8.779685,-6.315784,-7.013781,-3.446151,-6.052669,-3.457616,-3.942544,-2.625757,-1.326775,25,25,25,25,25,25,25,25,25,25,25,25,25,25,25,25,582,5820,-1.345133,-1.581802,-1.703601,-1.939398,161.489,138.4386,-1.567439,-1.565583,-1.94287,-2.318911,-2.76102,-2.154079,-1.665519,-2.562218,-1.686952,-2.939415,25,25,25,25,25,25,25,25,25,25,25,25,25,25,25,25,582,5820,-1.034158,-4.605061,-3.320758,-1.032175,-1.55423,-2.675995,-2.198831,-70.21353,0.2495256,0.725543,0.4767871,-0.36403,-0.1102592,0.7793626,0.1104663,2.09122,24,24,24,24,24,24,24,24,24,24,24,24,24,24,25,25
583,5830,-36.55732,-59.97792,-20.92896,-20.70974,-16.77536,-12.83808,-9.190301,-8.779685,-6.563227,-7.013781,-3.564978,-5.926595,-3.576834,-2.867352,-2.148142,-0.240291,25,25,25,25,25,25,25,25,25,25,25,25,25,25,25,25,583,5830,-0.9416468,-1.318209,-1.049,-2.585778,162.6731,138.4386,-1.828636,-2.086988,-1.554606,-2.705146,-1.709865,-2.827607,-2.049458,-2.450855,-2.168654,-3.73058,25,25,25,25,25,25,25,25,25,25,25,25,25,25,25,25,583,5830,-2.183047,-3.837602,-3.320758,-2.32204,-2.201706,-1.147032,-2.198882,-70.10419,-0.3686927,-0.6049551,1.191975,0.3636094,0.6602004,0.7793626,0.3317986,3.846422,24,24,24,24,24,24,24,24,24,24,24,24,24,24,25,25
584,5840,-35.35484,-59.61515,-21.66745,-20.34434,-18.10296,-13.94879,-11.23212,-10.5351,-7.800444,-7.382988,-3.921461,-5.674448,-3.099963,-3.584146,-2.386949,0.2425914,25,25,25,25,25,25,25,25,25,25,25,25,25,25,25,25,584,5840,-2.152105,-1.581802,-2.358209,-2.068674,162.5415,139.2976,-2.481625,-1.956637,-2.589976,-1.932677,-1.709865,-1.749963,-1.537537,-1.559955,-2.770782,-1.244062,25,25,25,25,25,25,25,25,25,25,25,25,25,25,25,25,584,5840,-1.83838,-4.349241,-4.087505,-1.290149,-1.424735,-0.5099649,-1.422931,-70.10419,0.3731691,0.1207708,0.834381,-0.1214835,-0.1102592,0.3347002,-0.110866,2.676285,24,24,24,24,24,24,24,24,24,24,24,24,24,24,25,25
585,5850,-36.91807,-59.49423,-21.42129,-22.41492,-17.37881,-14.31902,-10.0836,-9.782776,-7.924165,-7.505984,-3.802633,-5.800521,-3.457616,-3.823078,-2.625757,-1.447496,25,25,25,25,25,25,25,25,25,25,25,25,25,25,25,25,585,5850,-0.9416468,-2.37258,-1.703601,-1.680846,162.6731,137.3341,-1.698037,-1.956637,-2.072292,-1.675187,-1.972655,-1.749963,-1.025617,-3.11903,-1.686952,-2.261274,25,25,25,25,25,25,25,25,25,25,25,25,25,25,25,25,585,5850,-1.723491,-4.221332,-3.576341,-1.677107,-2.072211,-3.058235,-1.940232,-69.12009,0.1258821,-0.3630476,0.7151831,0.4848811,0.3300039,0.3347002,-0.0001990586,3.144343,24,24,24,24,24,24,24,24,24,24,24,24,24,24,25,25
586,5860,-38.24081,-60.34069,-20.55972,-19.36995,-15.32707,-12.09761,-8.041775,-8.278137,-6.686948,-5.290814,-3.802633,-4.287634,-3.457616,-3.345215,-2.625757,-0.11957,25,25,25,25,25,25,25,25,25,25,25,25,25,25,25,25,586,5860,-2.01761,-2.240784,-1.179923,-1.55157,162.1469,138.9294,-2.351028,-2.086988,-2.072292,-1.288953,-1.447079,-0.9417302,-1.665519,-0.7804173,-0.6031239,-1.470109,25,25,25,25,25,25,25,25,25,25,25,25,25,25,25,25,586,5860,-1.723491,-3.581782,-3.831923,-2.32204,-1.942716,-1.7841,-2.974833,-70.97894,0.4968126,0.241731,0.3575891,0.4848811,0.3300039,0.001203181,0.3317986,3.261357,24,24,24,24,24,24,24,24,24,24,25,24,24,24,25,25
587,5870,-38.36105,-60.34069,-20.80588,-18.03016,-14.965,-11.35714,-7.914162,-7.651205,-5.944555,-4.921607,-3.683806,-3.531191,-2.74231,-2.508957,-2.267546,-0.11957,25,25,25,25,25,25,25,25,25,25,25,25,25,25,25,25,587,5870,-2.01761,-1.318209,-0.7871612,-1.680846,162.5415,138.1931,-2.22043,-1.30488,-1.684028,-1.417698,-0.9215515,-2.154079,-1.537537,-1.782679,-1.686952,-2.374297,25,25,25,25,25,25,25,25,25,25,25,25,25,25,25,25,587,5870,-1.953269,-4.221332,-3.704132,-1.161162,1.035674,0.5093436,-1.681581,-69.55747,0.002237804,-0.1211304,-0.2384004,-0.2427584,0.5501338,0.4458656,0.4424639,3.261357,24,24,24,24,24,24,24,24,24,24,25,24,24,24,25,25
588,5880,-35.95608,-59.97792,-18.59042,-16.69037,-13.39602,-11.72737,-7.020864,-7.651205,-5.696826,-6.029228,-3.564978,-4.16156,-2.861528,-3.106284,-3.222774,-0.9646139,25,25,25,25,25,25,25,25,25,25,25,25,25,25,25,25,588,5880,-1.883114,-1.186413,-2.227286,-1.55157,161.8838,137.0887,-1.436842,-1.044178,-2.589977,-1.546443,-2.498282,-2.15413,-1.665519,-1.894043,-1.566527,-1.922203,25,25,25,25,25,25,25,25,25,25,25,25,25,25,25,25,588,5880,-0.3448273,-3.837602,-4.087505,-3.095959,-2.590192,-2.038927,-1.552257,-68.79206,-0.3686927,-0.2420842,0.7151831,0.8487538,-0.2203258,-0.8881224,-0.0001990586,2.676285,24,24,24,24,24,24,24,24,24,24,25,24,24,24,25,25
589,5890,-36.55732,-59.73608,-19.45199,-19.24815,-16.1719,-12.46784,-8.16939,-6.522726,-4.829772,-4.5524,-4.040288,-3.531191,-2.861528,-2.867352,-2.506353,0.2425914,25,25,25,25,25,25,25,25,25,25,25,25,25,25,25,25,589,5890,-1.479628,-1.977191,-1.572685,-1.939398,161.7522,139.0522,-1.567439,-1.565583,-1.554608,-2.447656,-1.578522,-2.692951,-1.793494,-1.894043,-1.927803,-3.73058,25,25,25,25,25,25,25,25,25,25,25,25,25,25,25,25,589,5890,-1.263935,-4.221332,-3.576341,-1.677107,-1.683725,-2.293754,-1.810907,-70.10419,-0.1214057,1.088411,0.834381,0.242386,0.3299557,0.890528,0.4424639,2.325248,24,24,24,24,24,24,24,24,24,24,25,24,24,24,25,25
590,5900,-40.16478,-61.429,-21.91362,-20.70974,-17.98227,-13.70197,-9.190301,-7.651205,-5.201366,-4.675469,-3.683806,-4.035486,-2.861528,-3.464676,-2.625757,-0.4817315,25,25,25,25,25,25,25,25,25,25,25,25,25,25,25,25,590,5900,-3.093572,-1.713598,-2.096363,-2.84433,162.41,139.1749,-2.742822,-2.086988,-2.978241,-2.061422,-1.709917,-1.480603,-2.561375,-1.225867,-2.048229,-1.922203,25,25,25,25,25,25,25,25,25,25,25,25,25,25,25,25,590,5900,-2.183047,-3.837602,-3.959715,-2.451027,-2.331201,-1.274445,-2.328207,-70.32288,-0.4923365,-0.483995,0.5959851,0.6062073,-0.1103074,0.1123172,-0.3321983,3.144343,24,24,24,24,24,24,24,24,24,24,25,24,24,24,24,25
591,5910,-41.60777,-61.54993,-22.15978,-22.17133,-16.65466,-12.59126,-7.786548,-7.901978,-5.077501,-6.029228,-4.277943,-4.287634,-3.457616,-4.420402,-2.74516,-0.3610104,25,25,25,25,25,25,25,25,25,25,25,25,25,25,25,25,591,5910,-1.883114,-1.713598,-2.881887,-1.55157,162.8047,138.684,-1.306243,-1.956637,-2.460555,-1.160209,-0.7901599,-1.615309,-0.8976355,-1.671319,-1.446154,-1.583132,25,25,25,25,25,25,25,25,25,25,25,25,25,25,25,25,591,5910,-1.263935,-3.709692,-4.343088,-2.32204,-0.3887735,-0.764792,-1.681581,-69.88551,-0.8632674,0.7255493,0.834381,-0.242707,-0.6606338,0.1123172,0.2210771,3.846422,24,24,24,24,24,24,24,24,24,24,25,24,24,24,24,25
592,5920,-41.36727,-60.9453,-21.42129,-20.83154,-16.65466,-12.46784,-8.041775,-7.024272,-5.696826,-3.813985,-4.159114,-2.648673,-2.980745,-2.150555,-2.148143,-0.1195186,25,25,25,25,25,25,25,25,25,25,25,25,25,25,25,25,592,5920,-1.345133,-1.977191,-1.703601,-1.680846,162.5415,139.0522,-2.351028,-2.478042,-1.684028,-0.1302509,-1.972706,-0.9417816,-1.793494,-1.782679,-1.566579,-1.357034,25,25,25,25,25,25,25,25,25,25,25,25,25,25,25,25,592,5920,-1.149047,-3.581782,-2.937384,-0.9031883,-1.165744,-2.421168,-3.104158,-69.99485,0.3731691,0.3626848,0.3575891,0.242386,0.8802821,0.2234826,-0.2215876,2.325248,24,24,24,24,24,24,24,24,24,24,25,24,24,24,24,25
593,5930,-38.72179,-60.46162,-21.29821,-19.49175,-16.1719,-10.9869,-6.510409,-5.519633,-4.210447,-3.813985,-2.852014,-2.522599,-2.503875,-2.867348,-1.670528,-0.6024011,25,25,25,25,25,25,25,25,25,25,25,25,25,25,25,25,593,5930,-2.152156,-1.713598,-1.703601,-1.422294,162.5415,138.3158,-3.004018,-1.30488,-0.9075018,-1.031464,-1.841311,-1.480603,-2.049454,-1.671319,-2.048281,-2.82634,25,25,25,25,25,25,25,25,25,25,25,25,25,25,25,25,593,5930,-1.148992,-2.942233,-2.937384,-1.419135,-1.424735,-0.5099649,-1.552257,-69.99485,-0.4923365,0.1207772,1.191975,0.9700254,0.6601522,0.2234826,-0.0002552445,3.612394,24,24,24,24,24,24,24,24,24,24,25,24,24,24,24,25
594,5940,-37.03831,-61.18716,-20.6828,-19.97894,-16.77536,-12.59126,-7.276092,-6.271952,-5.325231,-4.675469,-3.564978,-3.531191,-2.980745,-3.34521,-2.267546,-0.8438416,25,25,25,25,25,25,25,25,25,25,25,25,25,25,25,25,594,5940,-2.824633,-1.845395,-1.965447,-2.456502,162.6731,137.7023,-1.959234,-2.21734,-2.719398,-1.546443,-2.761071,-2.558247,-2.305415,-2.116767,-3.252535,-2.261222,25,25,25,25,25,25,25,25,25,25,25,25,25,25,25,25,594,5940,-1.838326,-4.733023,-3.320758,-2.32204,-2.460697,-2.038927,-2.069557,-70.10419,0.2495256,0.1207772,0.2383911,-0.7278,-0.4405039,0.2234826,-0.2215876,3.261351,24,24,24,24,24,24,24,24,24,24,25,24,24,24,24,25
595,5950,-37.39906,-60.09884,-21.05205,-19.49175,-17.25812,-13.33173,-8.807459,-6.648112,-5.82069,-5.413884,-3.683806,-3.783338,-2.861528,-3.34521,-3.342178,-0.2402397,25,25,25,25,25,25,25,25,25,25,25,25,25,25,25,25,595,5950,-1.614175,-1.450006,-1.965441,-1.163742,161.8838,138.684,-1.698037,-1.695934,-2.848819,-2.447656,-2.629677,-2.019425,-1.921476,-2.22813,-1.927855,-2.600293,25,25,25,25,25,25,25,25,25,25,25,25,25,25,25,25,595,5950,-2.182992,-3.965564,-2.809541,-2.32204,-3.108173,-2.675995,-1.681581,-69.22944,0.4968126,0.4836418,-0.1192024,0.8487538,0.6601522,0.4458142,-0.3322529,2.559271,24,24,24,24,24,24,24,24,24,24,25,24,24,24,24,25
596,5960,-40.52553,-61.30808,-22.65211,-21.44053,-18.10296,-13.0849,-8.935073,-7.901978,-5.82069,-5.783091,-3.564978,-4.287634,-3.099963,-3.823073,-2.267546,-0.3609591,25,25,25,25,25,25,25,25,25,25,25,25,25,25,25,25,596,5960,-1.74867,-2.240784,-1.441756,-2.327225,161.7522,138.5613,-1.828636,-2.21734,-1.942871,-2.190166,-1.972706,-1.750014,-2.049454,-2.450855,-1.687004,-3.278434,25,25,25,25,25,25,25,25,25,25,25,25,25,25,25,25,596,5960,-2.068103,-3.453924,-3.320707,-2.837986,-2.072211,-2.421168,-2.069557,-70.54156,-0.4923365,-0.8468563,1.191975,0.1211143,-0.1103074,-0.4435114,-0.3322529,3.144343,24,24,24,24,24,24,24,24,24,24,25,24,24,24,24,25
597,5970,-40.64577,-62.75916,-22.0367,-20.22254,-16.89604,-13.33173,-8.552231,-7.525819,-6.068341,-6.275367,-4.515598,-4.287634,-3.81527,-3.823073,-2.267546,-0.3609591,25,25,25,25,25,25,25,25,25,25,25,25,25,25,25,25,597,5970,-1.345184,-1.581802,-1.834518,-2.327225,162.41,139.4203,-2.742822,-1.174529,-2.331135,-2.447656,-1.841311,-1.615309,-2.177436,-2.116767,-2.409557,-2.487269,25,25,25,25,25,25,25,25,25,25,25,25,25,25,25,25,597,5970,-1.953214,-4.988843,-3.320707,-1.290147,-0.3887735,-0.8922055,-1.940232,-69.66682,0.2495256,-0.2420842,0.953579,0.3636608,0.7702156,0.3346488,0.885074,3.378365,24,24,24,24,24,24,24,24,24,24,25,24,24,24,24,25
598,5980,-39.32304,-61.06623,-20.92896,-18.88275,-15.44776,-11.23373,-8.041775,-6.522726,-5.82069,-4.675469,-3.802633,-2.774747,-2.74231,-2.508951,-2.267546,0.001202378,25,25,25,25,25,25,25,25,25,25,25,25,25,25,25,25,598,5980,-1.883166,-1.977191,-2.489119,-2.585778,162.5416,138.0704,-1.567439,-2.478042,-2.331135,-1.546443,-1.972706,-3.097068,-1.537537,-2.339494,-1.927855,-2.261222,25,25,25,25,25,25,25,25,25,25,25,25,25,25,25,25,598,5980,-1.608548,-3.453924,-3.576289,-2.193053,-2.331201,-2.293703,-1.810907,-69.22944,-0.2450492,-0.3630412,1.072777,0.1211143,-0.1103074,-0.9993392,-0.3322529,3.144343,24,24,24,24,24,24,24,24,24,24,25,24,24,24,24,25
599,5990,-41.12677,-62.03362,-21.42129,-17.78656,-14.24085,-10.61667,-6.638022,-5.268861,-4.458177,-4.183193,-2.614359,-2.522599,-2.503875,-2.986813,-1.789932,0.001202378,25,25,25,25,25,25,25,25,25,25,25,25,25,25,25,25,599,5990,-1.210689,-2.108987,-1.703595,-1.422294,162.0153,138.9294,-2.350974,-2.869096,-1.166344,-1.932677,-1.709917,-1.211193,-1.921476,-2.22813,-1.325728,-1.809128,25,25,25,25,25,25,25,25,25,25,25,25,25,25,25,25,599,5990,-1.034103,-3.070194,-4.087454,-2.064067,-1.036249,-0.8921542,-2.457532,-70.76025,0.2495256,-0.1211304,0.7151831,-0.0001605311,-0.6606338,0.3346488,-0.0002552445,3.027328,24,24,24,24,24,24,24,24,24,24,25,24,24,24,24,25
600,6000,-39.92428,-61.429,-20.43664,-19.24815,-14.72361,-10.86349,-7.276092,-6.648113,-5.57296,-3.690917,-2.852014,-2.900821,-2.384656,-2.270021,-1.312318,-0.4816801,25,25,25,25,25,25,25,25,25,25,25,25,25,25,25,25,600,6000,-2.555642,-2.108987,-1.310833,-1.422294,162.9363,138.5613,-2.350974,-1.826289,-1.942871,-1.803933,-2.104101,-2.15413,-2.689354,-1.894043,-1.566579,-2.487269,25,25,25,25,25,25,25,25,25,25,25,25,25,25,25,25,600,6000,-2.068103,-3.837653,-3.320707,-1.290147,-0.3887735,-1.529222,-1.940231,-69.22944,0.1258821,-0.3630412,0.4767871,0.7274789,-0.0002407967,0.3346488,0.2210771,2.559271,24,24,24,24,24,24,24,24,24,24,25,24,24,24,24,25
601,6010,-37.39906,-60.21977,-20.31356,-17.90836,-14.72361,-10.36984,-7.403706,-6.271953,-5.201418,-4.921607,-3.683806,-3.909412,-3.338399,-2.628416,-0.9541072,-0.7231221,25,25,25,25,25,25,25,25,25,25,25,25,25,25,25,25,601,6010,-1.47968,-1.450006,-1.703595,-2.327225,162.6732,137.0887,-1.828581,-1.565586,-1.94287,-1.288953,-1.972706,-3.097068,-1.793494,-1.894043,-1.80743,-2.374246,25,25,25,25,25,25,25,25,25,25,25,25,25,25,25,25,601,6010,-0.9192141,-4.093473,-4.343037,-2.064067,-1.036249,-1.274395,-2.716182,-69.88551,-0.61598,0.4836418,1.311173,0.4849325,-1.210963,-0.1100144,0.3317424,3.495379,24,24,24,24,24,24,24,24,24,24,25,24,24,24,24,25
602,6020,-37.75981,-60.09884,-20.6828,-20.95333,-18.46502,-13.0849,-10.84928,-8.905071,-6.810671,-6.275419,-3.327324,-4.413708,-2.861528,-2.628416,-1.431721,-0.8438416,25,25,25,25,25,25,25,25,25,25,25,25,25,25,25,25,602,6020,-1.74867,-2.504376,-1.965441,-2.456502,162.0153,138.9294,-2.481572,-2.478045,-1.94287,-1.546443,-2.235492,-1.884719,-2.817336,-2.673579,-2.168706,-2.487269,25,25,25,25,25,25,25,25,25,25,25,25,25,25,25,25,602,6020,-1.838326,-4.733023,-3.065124,-1.93508,-2.072211,-3.440425,-3.104158,-69.44814,0.2495256,0.4836418,0.7151831,0.3636608,0.1098226,0.5569797,0.3317424,2.559271,24,24,24,24,24,24,24,24,24,24,24,24,24,24,24,25
603,6030,-40.76602,-61.30808,-21.54437,-22.29312,-18.7064,-13.70197,-10.0836,-8.152752,-6.563227,-6.398489,-2.852014,-3.909412,-2.027003,-3.225745,-1.073511,0.001202378,25,25,25,25,25,25,25,25,25,25,25,25,25,25,25,25,603,6030,-2.421147,-2.504376,-2.096357,-2.456502,162.2785,138.0704,-2.089778,-1.95664,-1.94287,-3.091379,-2.498282,-2.692951,-2.433393,-2.562218,-2.409557,-3.843552,25,25,25,25,25,25,25,25,25,25,25,25,25,25,25,25,603,6030,-2.412767,-4.093473,-3.448498,-2.708999,-3.367163,-2.038876,-1.293605,-69.66682,-0.4923365,-1.209721,0.834381,0.4849325,-0.0002407967,-0.1100144,0.2210771,3.261351,24,24,24,24,24,24,24,24,24,24,24,24,24,24,24,25
604,6040,-38.96229,-61.18716,-21.17513,-19.61354,-18.46502,-12.46784,-10.9769,-8.278138,-6.563227,-5.167798,-3.802633,-3.909412,-3.457616,-3.584142,-2.148143,-0.7231221,25,25,25,25,25,25,25,25,25,25,25,25,25,25,25,25,604,6040,-2.824633,-1.977191,-3.405559,-3.361434,162.2785,139.9112,-3.003965,-2.478045,-3.625344,-2.061421,-2.498282,-2.962312,-2.689354,-2.784942,-3.734237,-3.504481,25,25,25,25,25,25,25,25,25,25,25,25,25,25,25,25,604,6040,-2.182992,-4.477203,-4.215246,-2.580013,-2.978678,-2.803357,-2.198882,-70.10419,0.1258821,0.4836418,0.4767871,-0.6065283,-0.3304373,0.2234826,0.2210771,3.261351,24,24,24,24,24,24,24,24,24,24,24,24,24,24,24,25
605,6050,-39.32304,-61.18716,-21.91362,-20.83153,-18.94778,-14.0722,-9.955984,-7.651206,-5.573012,-4.552453,-2.495532,-3.279043,-2.265387,-3.34521,-0.9541072,-0.6024011,25,25,25,25,25,25,25,25,25,25,25,25,25,25,25,25,605,6050,-3.228119,-3.822339,-3.536482,-2.585778,162.8047,138.1931,-1.044994,-3.651207,-2.978238,-2.447655,-2.629677,-2.827607,-2.817336,-3.341754,-2.289132,-3.052387,25,25,25,25,25,25,25,25,25,25,25,25,25,25,25,25,605,6050,-3.331878,-3.837653,-2.809541,-3.353932,-4.403124,-3.950079,-1.681581,-69.55747,-0.3686927,0.241731,0.7151831,0.6062073,-0.1103074,-0.4435114,-0.6642522,3.144343,24,24,24,24,24,24,24,24,24,24,24,24,24,24,24,25
606,6060,-41.36726,-63.12193,-23.51368,-23.02391,-20.15468,-15.42973,-10.21121,-7.901978,-6.068341,-5.167798,-2.97084,-3.909412,-2.861475,-3.823078,-2.148143,-1.085284,25,25,25,25,25,25,25,25,25,25,25,25,25,25,25,25,606,6060,-2.824633,-3.690542,-2.620042,-2.327225,162.2785,138.684,-1.828581,-3.129802,-1.94287,-1.675187,-3.549433,-1.884668,-2.945314,-2.11677,-1.927855,-2.713316,25,25,25,25,25,25,25,25,25,25,25,25,25,25,25,25,606,6060,-2.297878,-3.837653,-3.70408,-3.224945,-1.424735,-1.656636,-2.457532,-70.32288,-0.1214057,0.1207772,0.4767871,0.4849325,-0.7707003,0.4458134,0.1104101,3.027328,24,24,24,24,24,24,24,24,24,24,24,24,24,24,25,25
607,6070,-41.60776,-61.429,-23.88292,-21.56233,-19.67192,-14.44244,-10.84928,-9.030457,-6.563227,-6.029281,-4.277943,-5.296226,-4.530522,-3.584146,-2.386949,-0.8438416,25,25,25,25,25,25,25,25,25,25,25,25,25,25,25,25,607,6070,-3.093624,-2.240784,-2.22728,-2.068674,163.1994,137.825,-2.612171,-2.347694,-2.719396,-2.705145,-1.44713,-2.827607,-2.689354,-1.894046,-1.686953,-2.035175,25,25,25,25,25,25,25,25,25,25,25,25,25,25,25,25,607,6070,-2.527656,-4.349293,-3.320707,-2.708999,-1.683725,-2.421117,-1.42293,-68.90141,0.1258821,-0.2420842,0.7151831,-0.7278,-0.3304373,0.3346472,0.2210787,2.442256,24,24,24,24,24,24,24,24,24,24,24,24,24,24,25,25
608,6080,-38.72179,-60.70346,-24.006,-20.95333,-20.63746,-16.41703,-12.50826,-9.908165,-7.553,-6.890764,-4.990907,-6.556965,-4.888176,-4.420406,-2.028739,-0.8438929,25,25,25,25,25,25,25,25,25,25,25,25,25,25,25,25,608,6080,-2.017661,-1.977191,-2.22728,-1.293018,162.0153,137.5795,-2.089778,-0.9138299,-2.589976,-0.9027191,-1.841311,-1.749963,-1.537537,-1.448596,-1.807378,-1.470102,25,25,25,25,25,25,25,25,25,25,25,25,25,25,25,25,608,6080,-1.37877,-3.965564,-4.59862,-2.451026,-1.424735,-0.6373271,-1.810906,-70.32288,-0.3686927,0.1207772,1.311173,-0.1214322,-0.1103074,-0.1100152,-0.110919,3.131038,24,24,24,24,24,24,24,24,24,24,24,24,24,24,25,25
609,6090,-37.27882,-61.30808,-22.40594,-20.34434,-18.94778,-16.41703,-13.52917,-11.4128,-8.913939,-8.489407,-4.87208,-7.313408,-5.126612,-4.300941,-2.267546,0.001151008,25,25,25,25,25,25,25,25,25,25,25,25,25,25,25,25,609,6090,-1.210638,-2.108987,-2.096357,-2.068674,162.1469,138.3158,-1.95918,-1.695938,-1.94287,-2.061421,-2.366887,-1.480551,-1.409555,-1.448596,-1.446102,-2.374291,25,25,25,25,25,25,25,25,25,25,25,25,25,25,25,25,609,6090,-1.263881,-3.837653,-3.320707,-1.54812,-0.9067537,-2.16629,-2.328206,-69.77615,0.3731691,0.7255493,0.4767871,0.1211143,0.7702156,0.1123164,-0.9962482,1.961106,24,24,24,24,24,24,24,24,24,24,24,24,24,24,25,25
610,6100,-37.88006,-60.34069,-22.0367,-18.39555,-18.10295,-14.68926,-13.27395,-11.53819,-9.77999,-8.489407,-6.178763,-7.565557,-5.365047,-3.823078,-2.74516,-0.7231735,25,25,25,25,25,25,25,25,25,25,25,25,25,25,25,25,610,6100,-1.748619,-2.240784,-1.834518,-2.973606,162.5416,139.1749,-3.003965,-0.9138299,-1.684026,-2.190166,-1.709917,-0.9417302,-1.665515,-0.5576964,-1.566527,-2.261267,25,25,25,25,25,25,25,25,25,25,25,25,25,25,25,25,610,6100,-1.608548,-3.709692,-4.087454,-1.93508,-1.813221,-0.7647406,-1.552256,-70.54156,-1.481486,-0.0001765842,1.072777,-0.1214322,0.2198891,0.3346472,-0.5535836,3.599018,24,24,24,24,24,24,24,24,24,24,24,24,24,24,25,25
611,6110,-38.00031,-60.34069,-22.77518,-20.34434,-17.86157,-15.55314,-12.25303,-10.78587,-7.800444,-7.38304,-4.39677,-5.926595,-3.576781,-3.584146,-1.312317,-0.4817315,25,25,25,25,25,25,25,25,25,25,25,25,25,25,25,25,611,6110,-1.748619,-1.713598,-2.881887,-2.456502,163.331,139.2976,-1.95918,-1.435235,-1.813448,-1.160209,-1.052946,-2.154079,-0.5136964,-1.782682,-1.205251,-1.809173,25,25,25,25,25,25,25,25,25,25,25,25,25,25,25,25,611,6110,-1.953214,-4.732971,-4.343036,-2.064067,-1.683725,-0.5099135,-2.198882,-70.86961,0.8677438,0.8465031,0.834381,-1.091621,-0.1103074,0.4458134,-0.0002536392,3.833002,24,24,24,24,24,24,24,24,24,24,24,24,24,24,25,25
612,6120,-35.95608,-60.46162,-21.79053,-18.88275,-16.89604,-14.0722,-9.82837,-9.657391,-6.563227,-7.136902,-4.040288,-4.539782,-3.219128,-3.345215,-1.192914,-0.7231735,25,25,25,25,25,25,25,25,25,25,25,25,25,25,25,25,612,6120,-1.748619,-2.899765,-2.096363,-1.939346,161.6206,138.9294,-2.220375,-2.347694,-1.554606,-1.160209,-2.235492,-1.211142,-1.793494,-2.228134,-1.927804,-2.261267,25,25,25,25,25,25,25,25,25,25,25,25,25,25,25,25,612,6120,-1.608548,-3.837602,-2.80954,-2.193054,-2.201706,-1.401809,-2.328206,-69.66682,0.002237804,-0.2420842,-0.1192024,0.3636608,-0.0002407967,0.2234818,-0.5535836,3.248033,24,24,24,24,24,24,24,24,24,24,24,24,24,24,25,25
613,6130,-35.11434,-58.64777,-21.42129,-16.81217,-15.93053,-13.20832,-12.25303,-10.15894,-8.29533,-6.767696,-4.515598,-5.044078,-3.815217,-2.747887,-1.909335,-0.7231735,25,25,25,25,25,25,25,25,25,25,25,25,25,25,25,25,613,6130,-2.421096,-2.504376,-3.01281,-3.619935,163.1994,138.1931,-3.395758,-1.95664,-1.684026,-2.061421,-1.578522,-2.6929,-2.433393,-2.450858,-1.686953,-2.939409,25,25,25,25,25,25,25,25,25,25,25,25,25,25,25,25,613,6130,-2.182992,-3.325962,-4.215244,-2.580014,-2.072261,-2.930771,-2.457532,-70.43223,0.1258821,0.4836418,0.3575891,0.1211143,-0.6606338,0.4458134,-0.110919,3.365028,24,24,24,24,24,24,24,24,24,24,24,24,24,24,25,25
614,6140,-34.5131,-58.16407,-19.69815,-16.08137,-14.72361,-12.46784,-10.72167,-10.5351,-6.810671,-6.890764,-3.208496,-5.548373,-3.219128,-3.942544,-1.789931,-1.447496,25,25,25,25,25,25,25,25,25,25,25,25,25,25,25,25,614,6140,-2.690086,-2.240784,-2.489125,-3.232107,162.9363,137.5795,-2.220375,-1.565586,-2.719396,-1.675187,-2.498282,-3.501131,-1.793494,-2.562221,-2.529931,-2.374291,25,25,25,25,25,25,25,25,25,25,25,25,25,25,25,25,614,6140,-2.757434,-4.477151,-3.192914,-2.064068,-2.072261,-2.675943,-2.716182,-70.21353,0.620456,-0.6049488,0.1191936,0.1211143,0.1098226,0.4458134,0.3317456,2.42908,24,24,24,24,24,24,24,24,24,24,24,24,24,24,25,25
615,6150,-35.47509,-59.13146,-20.31356,-17.66476,-15.32707,-12.83808,-10.59405,-10.15894,-6.810671,-6.890764,-3.921461,-4.79193,-3.09991,-2.747887,-1.789931,0.3633125,25,25,25,25,25,25,25,25,25,25,25,25,25,25,25,25,615,6150,-2.959077,-2.240784,-3.667411,-3.490658,162.2785,137.9477,-2.351028,-2.217343,-2.848818,-1.803932,-2.892463,-2.423489,-1.921476,-2.562221,-1.807378,-2.826385,25,25,25,25,25,25,25,25,25,25,25,25,25,25,25,25,615,6150,-1.608548,-3.965512,-4.087453,-3.48292,-3.367213,-2.293703,-1.552205,-70.10419,-0.1214057,-0.2420842,1.311173,-0.3639787,-0.9908303,-0.4435122,-0.0002536392,2.66307,24,24,24,24,24,24,24,24,24,24,24,24,24,24,25,25
616,6160,-37.39906,-58.40592,-20.43664,-17.17756,-15.68914,-13.33173,-11.10451,-9.657391,-7.305557,-5.660074,-3.921461,-4.665856,-3.457563,-2.270026,-2.028739,0.2425914,25,25,25,25,25,25,25,25,25,25,25,25,25,25,25,25,616,6160,-2.01761,-3.031561,-2.489125,-2.973554,162.0153,138.9294,-1.959234,-2.21734,-2.201712,-3.348869,-2.629677,-1.345847,-2.305415,-2.450858,-2.409505,-3.504526,25,25,25,25,25,25,25,25,25,25,25,25,25,25,25,25,616,6160,-2.412767,-4.093421,-3.576288,-2.064068,-2.719738,-3.440425,-2.974782,-70.10419,-0.2450492,0.4836418,0.4767871,0.1211143,0.2198891,0.3346472,-0.2215859,3.014049,24,24,24,24,24,24,24,24,24,24,24,24,24,24,25,25
617,6170,-37.75981,-58.88961,-19.45199,-17.05577,-14.48224,-11.9742,-7.658934,-7.901978,-5.696877,-5.660074,-2.852014,-4.035486,-2.384604,-3.225749,-1.789931,-1.085335,25,25,25,25,25,25,25,25,25,25,25,25,25,25,25,25,617,6170,-3.362563,-2.37258,-3.667411,-4.137038,162.6732,139.5431,-2.089831,-1.826286,-3.107608,-2.318911,-1.841311,-1.749963,-2.049454,-1.782682,-2.409505,-2.600338,25,25,25,25,25,25,25,25,25,25,25,25,25,25,25,25,617,6170,-2.642545,-3.965512,-3.448496,-2.451027,-2.590242,-0.7647406,-1.552205,-70.86961,-0.3686927,-0.3630412,1.430371,0.4849325,0.5500856,0.001150206,-0.2215859,3.131038,24,24,24,24,24,24,24,24,24,24,24,24,24,24,25,25
618,6180,-38.84205,-59.01053,-19.20583,-16.69037,-13.6374,-11.11031,-7.403706,-7.525819,-4.582094,-5.290867,-3.446151,-4.539782,-3.219128,-2.986818,-2.386949,0.6047529,25,25,25,25,25,25,25,25,25,25,25,25,25,25,25,25,618,6180,-1.748619,-3.295154,-3.798327,-2.844278,162.1469,138.4386,-2.22043,-2.21734,-3.36645,-2.190166,-1.578522,-2.558195,-1.665515,-2.450858,-2.650356,-2.713362,25,25,25,25,25,25,25,25,25,25,25,25,25,25,25,25,618,6180,-1.493659,-4.349241,-3.83187,-2.064068,-2.201757,-2.803357,-2.586807,-71.19762,0.2495256,0.7255462,0.2383911,-0.4852535,-0.6606338,-0.3323468,0.2210787,3.365028,24,24,24,24,24,24,24,24,24,24,25,24,24,24,25,25
619,6190,-36.31683,-59.01053,-19.82123,-15.10698,-12.79257,-10.86349,-7.914162,-7.901978,-5.325283,-5.290867,-3.564978,-4.035486,-3.219128,-2.867352,-1.670528,0.2425914,25,25,25,25,25,25,25,25,25,25,25,25,25,25,25,25,619,6190,-2.2866,-3.822339,-2.881887,-2.973554,162.6732,138.684,-2.22043,-2.999447,-1.942818,-1.803933,-2.235441,-1.480551,-2.561375,-2.896309,-2.529931,-2.826385,25,25,25,25,25,25,25,25,25,25,25,25,25,25,25,25,619,6190,-2.872323,-3.837602,-3.192914,-3.611906,-3.496708,-3.567838,-1.034904,-69.22944,0.1258821,-0.0001797949,0.238392,0.9700254,0.2198891,-0.6658438,-0.9962482,2.66307,24,24,24,24,24,24,24,24,24,24,25,24,24,24,25,25
620,6200,-35.35484,-59.25238,-17.60577,-14.49799,-12.18911,-11.35714,-9.445528,-9.030457,-5.077553,-5.783143,-2.852014,-4.413708,-2.384604,-4.539872,-2.267546,-1.326775,25,25,25,25,25,25,25,25,25,25,25,25,25,25,25,25,620,6200,-2.2866,-2.37258,-1.834524,-1.939346,163.331,137.5795,-3.395811,-1.956637,-1.813397,-1.675187,-1.84126,-2.019425,-2.433393,-2.228134,-1.566527,-2.826385,25,25,25,25,25,25,25,25,25,25,25,25,25,25,25,25,620,6200,-2.527656,-4.221332,-4.215244,-3.224946,-2.331252,-2.675943,-3.104107,-70.97894,0.002237804,0.6045924,0.7151834,0.7274308,-0.7707003,-0.1100152,-0.110919,2.19509,24,24,24,24,24,24,24,24,24,24,25,24,24,24,25,25
621,6210,-36.43708,-59.13146,-19.57507,-16.20317,-14.48224,-12.09761,-10.59405,-8.403524,-4.582094,-3.690969,-2.614359,-2.396525,-2.503823,-2.508957,-1.670528,0.1218704,25,25,25,25,25,25,25,25,25,25,25,25,25,25,25,25,621,6210,-1.479628,-2.37258,-1.572685,-3.10283,162.5416,137.0887,-1.959234,-1.565583,-2.20166,-1.932677,-2.49823,-2.558247,-1.665519,-2.450858,-2.048229,-2.713362,25,25,25,25,25,25,25,25,25,25,25,25,25,25,25,25,621,6210,-2.412767,-4.221332,-4.087453,-2.580014,-3.108223,-3.313011,-1.034904,-69.66682,0.002237804,-0.3630444,0.3575899,0.1210662,0.4400159,0.7793105,-0.3322513,3.365028,24,24,24,24,24,24,24,24,24,24,25,24,24,24,25,25
622,6220,-36.07633,-59.25238,-19.45199,-16.93397,-15.68914,-11.9742,-10.59405,-9.155845,-5.325283,-4.552453,-2.852014,-2.900821,-2.623041,-3.106282,-2.267546,0.3633125,25,25,25,25,25,25,25,25,25,25,25,25,25,25,25,25,622,6220,-1.479628,-1.186413,-2.358209,-1.551518,161.4891,137.825,-2.351028,-1.30488,-2.460502,-2.318911,-2.366836,-1.884719,-1.921479,-1.894043,-1.686953,-2.939409,25,25,25,25,25,25,25,25,25,25,25,25,25,25,25,25,622,6220,-2.412767,-3.709692,-4.470828,-3.353933,-2.590242,-1.911462,-1.552205,-70.10419,-0.8632674,-0.0001797949,0.7151834,0.4848843,-0.3304405,-0.2211798,-0.110919,2.897054,24,24,24,24,24,24,24,24,24,24,25,24,24,24,25,25
623,6230,-37.51931,-59.97792,-18.09809,-16.20317,-13.75809,-11.9742,-8.807459,-8.528911,-5.449148,-5.290867,-2.852014,-4.287634,-3.099912,-4.300939,-2.74516,-0.240291,25,25,25,25,25,25,25,25,25,25,25,25,25,25,25,25,623,6230,-1.210638,-2.37258,-1.703601,-2.45645,163.1994,138.4386,-1.828636,-1.956637,-1.813397,-2.190166,-1.972655,-2.288835,-2.305418,-3.007666,-2.409505,-3.843597,25,25,25,25,25,25,25,25,25,25,25,25,25,25,25,25,623,6230,-2.412767,-3.965512,-2.681749,-2.193054,-2.590242,-3.695252,-2.586807,-70.21353,0.4968126,0.4836354,0.9535794,-0.1214803,0.7702124,0.3346488,-0.5535804,2.19509,24,24,24,24,24,24,24,24,24,24,25,24,24,24,25,25
624,6240,-36.55732,-59.73608,-18.59042,-18.39556,-16.29259,-12.09761,-8.935073,-8.278137,-5.696877,-4.306314,-3.446151,-3.405117,-3.338348,-3.464679,-3.580985,0.1218704,25,25,25,25,25,25,25,25,25,25,25,25,25,25,25,25,624,6240,-2.152105,-1.450006,-2.750964,-2.197898,162.6732,138.8067,-2.481625,-1.956637,-2.978186,-1.675187,-1.972655,-2.42354,-2.177436,-2.562218,-2.650356,-2.374246,25,25,25,25,25,25,25,25,25,25,25,25,25,25,25,25,624,6240,-2.987211,-4.349241,-3.576288,-3.611906,-3.108223,-2.293703,-2.328156,-70.54156,-1.357842,-0.2420906,0.5959855,0.2423378,0.1098194,-0.3323452,-0.6642473,3.612394,24,24,24,24,24,24,24,24,24,24,25,24,24,24,25,25
625,6250,-37.51931,-59.73608,-21.17513,-20.83154,-17.98227,-13.57855,-11.10451,-9.908162,-6.563227,-4.92166,-3.208496,-3.026895,-3.457565,-3.225748,-2.864564,-0.240291,25,25,25,25,25,25,25,25,25,25,25,25,25,25,25,25,625,6250,-1.748619,-2.108987,-2.358209,-2.068622,163.331,138.0704,-1.698037,-2.478042,-3.107608,-1.546443,-2.104049,-2.962363,-2.561379,-2.784942,-2.770782,-2.939364,25,25,25,25,25,25,25,25,25,25,25,25,25,25,25,25,625,6250,-2.183047,-4.988791,-3.192914,-2.451027,-1.942766,-1.146981,-2.198831,-70.21353,0.1258821,0.2417278,0.8343815,-0.6065733,0.2198859,0.5569797,0.5530795,3.729408,24,24,24,24,24,24,24,24,24,24,25,24,24,24,25,25
626,6260,-38.12056,-60.81394,-20.6828,-21.07513,-17.86157,-14.68926,-11.23212,-11.03664,-7.676722,-5.906212,-3.802633,-4.035486,-2.623041,-3.464679,-3.222775,-0.7231735,25,25,25,25,25,25,25,25,25,25,25,25,25,25,25,25,626,6260,-1.748619,-2.37258,-1.572685,-1.422242,161.8838,139.2976,-2.873419,-2.478042,-1.683975,-1.546443,-1.972655,-2.15413,-2.817336,-2.450855,-2.28908,-2.82634,25,25,25,25,25,25,25,25,25,25,25,25,25,25,25,25,626,6260,-2.642599,-4.221332,-3.320705,-3.095959,-3.108223,-2.54853,-1.940181,-70.54156,0.4968126,0.120774,-4.013278E-06,0.7274308,0.1098194,-0.2211798,-0.442915,3.027328,24,24,24,24,24,24,24,24,24,24,25,24,24,24,25,25
627,6270,-38.36105,-60.81394,-20.43664,-18.27376,-15.93053,-11.72737,-8.935073,-8.403524,-6.686948,-4.92166,-2.97084,-2.648673,-3.457565,-3.106282,-2.74516,-0.6024525,25,25,25,25,25,25,25,25,25,25,25,25,25,25,25,25,627,6270,-1.748619,-1.845395,-1.179923,-2.068622,163.8572,137.4568,-1.959234,-1.30488,-2.20166,-1.417698,-2.104049,-2.558247,-2.305418,-2.22813,-2.770782,-2.713316,25,25,25,25,25,25,25,25,25,25,25,25,25,25,25,25,627,6270,-2.412825,-4.093421,-4.215297,-2.709,-2.072261,-2.675943,-2.716131,-70.86961,0.1258821,0.2417278,0.8343815,0.2423378,-0.2203771,0.4458142,0.5530795,2.208234,24,24,24,24,24,24,24,24,24,24,25,24,24,24,25,25
628,6280,-37.39906,-60.57213,-20.06739,-17.66476,-14.72361,-9.999605,-8.041775,-6.898886,-5.325283,-3.690969,-2.139049,-2.270471,-1.669299,-1.911626,-1.312318,-0.11957,25,25,25,25,25,25,25,25,25,25,25,25,25,25,25,25,628,6280,-1.076142,-1.186413,-1.834524,-1.034465,162.6732,137.9477,-2.481625,-0.5227728,-2.589924,-1.803933,-2.235441,-2.019425,-1.793497,-2.116767,-2.048229,-2.713316,25,25,25,25,25,25,25,25,25,25,25,25,25,25,25,25,628,6280,-3.331933,-4.605061,-2.809593,-2.451028,-1.942766,-2.293703,-2.457481,-69.77615,0.1258821,-1.572589,0.7151834,0.3636127,-0.4405071,0.1123172,0.1104149,1.857191,24,24,24,24,24,24,24,24,24,24,25,24,24,24,25,25
629,6290,-37.03832,-59.84672,-19.45199,-17.05577,-13.51672,-9.62937,-6.638022,-6.39734,-5.573012,-4.552453,-2.852014,-2.144364,-2.14617,-2.389488,-1.192914,-0.7231735,25,25,25,25,25,25,25,25,25,25,25,25,25,25,25,25,629,6290,-1.076142,-2.108987,-0.6562384,-1.939398,161.6207,138.4386,-1.959234,-2.086988,-2.072239,-2.318911,-2.49823,-2.42354,-2.049458,-2.339494,-2.28908,-3.504481,25,25,25,25,25,25,25,25,25,25,25,25,25,25,25,25,629,6290,-1.83838,-4.221332,-3.704132,-3.224947,-2.201706,-1.911462,-1.552205,-69.33878,0.3731691,0.4836354,1.191975,0.7274308,-0.4405071,0.1123172,-0.3322497,3.378365,24,24,24,24,24,24,24,24,24,24,25,24,24,24,25,25
630,6300,-36.91807,-59.12131,-18.34426,-14.49799,-11.94773,-7.407955,-5.361884,-5.64502,-4.334364,-2.460279,-2.733186,-2.648673,-3.099912,-2.031091,-2.38695,-0.9646139,25,25,25,25,25,25,25,25,25,25,25,25,25,25,25,25,630,6300,-1.883114,-1.186413,-1.572685,-2.068674,163.331,139.5431,-1.828636,-1.435232,-2.20166,-1.675187,-1.447079,-2.019425,-2.305418,-1.894043,-2.770782,-3.278434,25,25,25,25,25,25,25,25,25,25,25,25,25,25,25,25,630,6300,-2.642599,-4.605061,-3.831923,-2.322041,-2.849182,-3.567889,-2.198831,-70.54156,-0.4923362,0.2417278,0.4767879,-0.3640268,-0.1103106,0.001151811,-0.2215827,2.910314,24,24,24,24,24,24,24,24,24,24,25,24,24,24,25,25
631,6310,-36.55732,-58.7586,-17.72885,-14.25439,-10.62013,-6.173835,-4.979042,-4.767314,-4.334364,-3.5679,-1.782567,-2.648673,-1.430864,-2.389488,-1.551125,-0.7231735,25,25,25,25,25,25,25,25,25,25,25,25,25,25,25,25,631,6310,-1.076142,-1.581802,-2.096363,-1.163742,162.6732,138.4386,-2.350974,-2.347691,-2.20166,-1.932677,-2.104049,-2.692951,-1.921479,-3.898566,-2.650356,-3.730529,25,25,25,25,25,25,25,25,25,25,25,25,25,25,25,25,631,6310,-2.642599,-3.837602,-3.065175,-2.966974,-4.014639,-2.293754,-1.164281,-69.99485,-0.9869109,-0.604952,0.8343815,0.3636127,0.2198859,0.1123172,-0.0002504286,3.612394,24,24,24,24,24,24,24,24,24,24,25,24,24,24,25,25
632,6320,-36.55732,-59.60492,-17.60577,-14.61979,-11.70635,-9.259134,-6.127567,-6.146566,-4.210499,-3.5679,-1.66374,-3.026895,-2.14617,-2.508954,-0.9541072,-0.11957,25,25,25,25,25,25,25,25,25,25,25,25,25,25,25,25,632,6320,-1.883114,-2.767969,-1.703601,-1.163742,162.0154,139.0522,-2.742768,-2.478042,-2.20166,-1.803933,-3.155201,-2.15413,-2.945318,-2.562218,-2.891207,-2.82634,25,25,25,25,25,25,25,25,25,25,25,25,25,25,25,25,632,6320,-3.217044,-5.884161,-3.192967,-3.48292,-2.719687,-2.675995,-2.457533,-70.43223,0.4968126,-0.0001797949,-0.119202,-0.2427552,0.2198859,-0.3323452,0.4424126,3.144343,24,24,24,24,24,24,24,24,24,24,25,24,24,24,25,25
633,6330,-34.87384,-58.27499,-17.97501,-14.49799,-13.75809,-9.629371,-9.190301,-7.400432,-6.068341,-4.306314,-2.614359,-3.152969,-2.742259,-2.986817,-2.267546,-1.085335,25,25,25,25,25,25,25,25,25,25,25,25,25,25,25,25,633,6330,-2.690086,-2.240784,-1.441762,-1.939398,162.8048,138.3158,-3.134562,-1.435232,-1.295713,-2.318911,-1.972655,-2.42354,-2.817336,-2.116767,-2.409505,-3.165411,25,25,25,25,25,25,25,25,25,25,25,25,25,25,25,25,633,6330,-2.642599,-4.988791,-3.192967,-3.353934,-3.885144,-3.313062,-2.457533,-69.88551,0.4968126,-0.3630444,0.8343815,0.7274308,-0.0002440073,-0.1100144,-0.3322497,3.378365,24,24,24,24,24,24,24,24,24,24,25,24,24,24,25,25
634,6340,-32.10812,-57.67048,-15.75954,-12.4274,-11.94773,-9.505958,-7.914162,-6.648112,-5.449149,-4.675469,-2.614359,-3.909412,-2.14617,-3.703611,-2.028739,-0.8438929,25,25,25,25,25,25,25,25,25,25,25,25,25,25,25,25,634,6340,-2.01761,-2.240784,-2.358209,-2.068674,162.41,137.4568,-2.481572,-1.695934,-2.331081,-2.190166,-2.235441,-3.501183,-1.921479,-2.116767,-3.132058,-2.600293,25,25,25,25,25,25,25,25,25,25,25,25,25,25,25,25,634,6340,-1.953269,-4.221332,-3.320758,-3.353934,-2.590192,-2.803408,-2.069557,-70.65091,0.002237804,-0.0001765842,0.238392,0.2423378,-0.3304405,0.4458142,0.3317472,3.027328,24,24,24,24,24,24,24,24,24,24,24,24,24,24,25,25
635,6350,-33.19036,-58.03319,-15.51338,-12.18381,-11.34428,-9.382545,-6.765636,-6.898886,-4.582095,-4.060124,-2.495532,-3.152969,-2.026952,-3.464679,-1.909336,0.001151008,25,25,25,25,25,25,25,25,25,25,25,25,25,25,25,25,635,6350,-2.152105,-1.845395,-1.572685,-1.55157,161.3575,138.3158,-2.220375,-1.695934,-2.331081,-2.5764,-2.498282,-2.558247,-2.177436,-2.562218,-2.28908,-2.82634,25,25,25,25,25,25,25,25,25,25,25,25,25,25,25,25,635,6350,-2.987266,-4.093421,-3.065175,-2.580014,-3.367163,-2.803408,-1.940232,-70.10419,-0.1214057,-0.483995,-0.2384526,0.3636127,0.2198859,0.001151811,0.3317472,2.325248,24,24,24,24,24,24,24,24,24,24,24,24,24,24,25,25
636,6360,-34.0321,-57.91228,-15.88263,-12.4274,-12.55119,-8.39525,-7.53132,-7.14966,-5.696878,-4.306262,-2.852014,-3.405117,-2.861476,-2.747885,-2.38695,0.2425914,25,25,25,25,25,25,25,25,25,25,25,25,25,25,25,25,636,6360,-0.9416468,-1.977191,-1.572685,-2.84433,162.5417,138.9294,-1.95918,-1.695934,-2.978186,-2.318911,-2.104101,-1.749963,-2.561379,-1.003143,-1.446102,-2.487269,25,25,25,25,25,25,25,25,25,25,25,25,25,25,25,25,636,6360,-2.297936,-4.988791,-3.576341,-2.837987,-2.201706,-2.293754,-1.681581,-69.77615,0.002237804,0.241731,0.5959333,-0.3639787,-0.660637,-0.1100144,-0.0002504286,3.027328,24,24,24,24,24,24,24,24,24,24,24,24,24,24,25,25
637,6370,-31.38663,-57.18687,-14.89797,-12.06201,-11.70635,-9.259134,-6.255181,-6.146566,-4.582095,-4.306262,-2.020222,-2.774747,-1.550133,-3.823076,-2.148143,-0.9646139,25,25,25,25,25,25,25,25,25,25,25,25,25,25,25,25,637,6370,-2.421096,-1.713598,-2.881887,-2.19795,163.0679,138.9294,-2.089778,-0.9138267,-2.719344,-1.803932,-1.841311,-2.019374,-1.665515,-2.339494,-3.252483,-2.374246,25,25,25,25,25,25,25,25,25,25,25,25,25,25,25,25,637,6370,-1.723491,-4.349241,-3.192967,-1.290149,-1.29524,-2.675995,-2.845508,-70.21353,-0.1214057,0.6045956,0.7151313,0.242386,0.5500856,0.5569797,-0.1109174,2.676285,24,24,24,24,24,24,24,24,24,24,24,24,24,24,25,25
638,6380,-32.46887,-57.79138,-14.77489,-12.4274,-11.22359,-8.39525,-5.872339,-5.143474,-3.838905,-3.321709,-1.66374,-1.639883,-1.550133,-2.508954,-1.670528,0.2425914,25,25,25,25,25,25,25,25,25,25,25,25,25,25,25,25,638,6380,-1.883114,-2.37258,-2.620048,-1.810122,162.2785,138.0704,-1.697984,-3.26015,-2.331081,-1.417698,-1.315736,-1.480551,-1.409555,-2.228134,-1.446102,-1.809128,25,25,25,25,25,25,25,25,25,25,25,25,25,25,25,25,638,6380,-1.83838,-4.477151,-3.704132,-2.837987,-2.590192,-1.401859,-1.034956,-70.43223,-0.2450492,-0.1211304,0.1191414,-0.242707,-0.3304373,-0.44346,-0.6642473,3.144343,24,24,24,24,24,24,24,24,24,24,24,24,24,24,24,25
639,6390,-31.86763,-57.67048,-15.75954,-12.5492,-10.98221,-7.407955,-5.361884,-6.146566,-3.715041,-3.444779,-1.901395,-2.648673,-1.907786,-2.270023,-1.909335,-0.240291,25,25,25,25,25,25,25,25,25,25,25,25,25,25,25,25,639,6390,-1.614124,-2.240784,-1.834524,-0.9051893,162.41,138.3158,-2.742768,-1.435232,-1.036869,-1.417698,-1.44713,-2.019374,-2.177436,-1.559958,-0.9644518,-1.922152,25,25,25,25,25,25,25,25,25,25,25,25,25,25,25,25,639,6390,-2.068158,-5.50043,-3.065175,-1.677108,-0.5182683,-0.0003106277,-2.198882,-69.99485,0.2495256,-0.483995,0.4767353,-0.242707,0.6601522,0.4458648,0.5530747,3.846422,24,24,24,24,24,24,24,24,24,24,24,24,24,24,24,25
640,6400,-30.18415,-57.79138,-14.15948,-11.08761,-8.20632,-7.037719,-4.085744,-5.519633,-2.971852,-3.813985,-1.782567,-2.774747,-1.66935,-3.345214,-2.267546,-1.085284,25,25,25,25,25,25,25,25,25,25,25,25,25,25,25,25,640,6400,-2.152105,-1.450006,-1.310846,-1.810122,162.6732,137.4568,-2.089778,-1.695934,-1.942818,-1.031464,-1.44713,-2.288784,-1.409555,-1.22587,-0.9644518,-1.696156,25,25,25,25,25,25,25,25,25,25,25,25,25,25,25,25,640,6400,-1.723491,-3.581782,-2.55401,-1.806095,-2.201706,-1.911513,-2.586858,-70.10419,-0.8632674,-0.1211304,-0.2384526,0.1211143,0.1098226,-0.5546262,-0.7749175,2.897003,24,24,24,24,24,24,24,24,24,24,24,24,24,24,24,25
641,6410,-29.94365,-56.94506,-14.15948,-11.81841,-10.01669,-6.914307,-3.447675,-4.014995,-3.343446,-2.583295,-2.020222,-1.765991,-1.66935,-1.672694,-1.312317,0.2426428,25,25,25,25,25,25,25,25,25,25,25,25,25,25,25,25,641,6410,-1.74867,-1.450006,-2.227286,-1.034465,162.41,137.3341,-1.828581,-1.174529,-2.589924,-1.160209,-2.235492,-2.019374,-1.281576,-1.559958,-1.927855,-1.470109,25,25,25,25,25,25,25,25,25,25,25,25,25,25,25,25,641,6410,-1.378767,-3.325962,-3.448549,-0.9031891,0.2587023,-0.1277242,-3.492134,-71.19762,0.3731691,-0.3630412,0.8343292,0.4849325,-0.6606338,0.3346994,0.4424094,3.130986,24,24,24,24,24,24,24,24,24,24,24,24,24,24,24,25
642,6420,-28.01967,-57.07575,-14.52873,-11.81841,-10.25806,-7.284544,-3.95813,-3.513449,-2.600257,-3.444779,-1.18843,-1.639883,-1.788568,-1.911626,-0.7152994,-0.2402397,25,25,25,25,25,25,25,25,25,25,25,25,25,25,25,25,642,6420,-2.152156,-1.845395,-1.572685,-2.456502,161.8838,138.3158,-2.350974,-2.086988,-1.554555,-2.447655,-2.366887,-2.154079,-1.409555,-2.450858,-1.325728,-3.391509,25,25,25,25,25,25,25,25,25,25,25,25,25,25,25,25,642,6420,-2.182986,-3.709744,-2.937384,-1.290149,-1.683725,-2.038927,-1.940232,-70.21353,0.2495256,-0.8468563,-5.658723E-05,-0.4852535,0.1098226,0.4458648,-0.1109206,2.429029,24,24,24,24,24,24,24,24,24,24,24,24,24,24,24,25
643,6430,-26.93743,-57.43852,-13.54408,-11.33121,-8.327013,-7.407955,-3.320061,-4.516541,-2.971852,-3.813985,-2.376704,-2.648673,-1.907786,-2.508954,-1.789931,0.1219218,25,25,25,25,25,25,25,25,25,25,25,25,25,25,25,25,643,6430,-2.286652,-1.581802,-2.358209,-2.327225,162.6732,138.5613,-2.350974,-1.30488,-2.072239,-2.190166,-1.709917,-1.884668,-2.177436,-1.671322,-2.168706,-2.713368,25,25,25,25,25,25,25,25,25,25,25,25,25,25,25,25,643,6430,-1.0341,-4.349293,-3.959662,-2.322041,-1.29524,-1.656686,-2.069557,-70.10419,-0.4923365,0.6045956,0.7151313,0.7274789,-0.0002407967,-0.3322946,0.2210771,3.481972,24,24,24,24,24,24,24,24,24,24,24,24,24,24,24,25
644,6440,-28.01967,-56.35021,-13.17484,-12.30561,-11.34428,-7.901603,-5.744726,-4.014995,-3.467311,-2.583295,-2.139049,-2.27042,-2.146221,-1.672694,-1.431721,-0.4816801,25,25,25,25,25,25,25,25,25,25,25,25,25,25,25,25,644,6440,-2.286652,-2.108987,-3.01281,-2.197898,162.1469,138.684,-2.612171,-1.565583,-2.848766,-1.546443,-1.052946,-2.019374,-1.409555,-2.11677,-2.409557,-2.035227,25,25,25,25,25,25,25,25,25,25,25,25,25,25,25,25,644,6440,-1.148989,-4.221384,-3.704079,-1.032175,-2.072211,-1.911513,-2.974833,-70.65091,1.115031,0.4836418,0.1191414,-0.242707,0.2198891,0.7793618,-0.4429199,2.078043,24,24,24,24,24,24,24,24,24,24,24,24,24,24,24,25
645,6450,-31.02589,-57.43852,-13.79024,-11.81841,-10.37875,-7.284544,-4.979042,-4.265768,-2.724122,-3.321709,-2.139049,-2.648673,-0.7156085,-2.150557,-0.9541067,-0.4816801,25,25,25,25,25,25,25,25,25,25,25,25,25,25,25,25,645,6450,-1.47968,-2.37258,-1.441762,-2.068622,162.6732,138.3158,-1.30619,-2.869096,-2.331081,-1.160209,-1.972706,-1.749963,-1.409555,-1.894046,-0.9644518,-1.357085,25,25,25,25,25,25,25,25,25,25,25,25,25,25,25,25,645,6450,-1.608544,-4.093473,-2.937331,-1.806094,-2.201758,-1.401859,-1.940232,-70.43223,-0.4923365,-0.7259026,1.072725,0.3636608,-0.0002407967,-0.2211292,0.4424094,3.715955,24,24,24,24,24,24,24,24,24,24,24,24,24,24,24,25
646,6460,-32.22837,-58.76868,-15.51338,-14.49799,-13.39602,-10.61667,-5.872339,-4.391154,-3.715041,-4.429331,-1.901395,-2.648673,-1.311697,-2.62842,-0.5958964,0.001202378,25,25,25,25,25,25,25,25,25,25,25,25,25,25,25,25,646,6460,-2.017661,-2.108987,-1.703601,-1.81007,162.0153,138.5613,-2.873366,-1.695934,-1.813397,-1.932677,-2.235492,-2.154079,-2.945314,-1.894046,-1.325728,-1.922203,25,25,25,25,25,25,25,25,25,25,25,25,25,25,25,25,646,6460,-1.608544,-5.244663,-3.83187,-2.580014,-1.942767,-1.274395,-3.104158,-70.76025,1.115031,0.1207772,0.1191414,-0.4852535,-0.4405039,-0.2211292,0.4424094,3.013998,24,24,24,24,24,24,24,24,24,24,24,24,24,24,24,25
647,6470,-31.98788,-57.8013,-14.77489,-12.671,-12.06841,-8.148427,-5.617112,-3.764222,-3.715041,-3.813985,-3.089669,-2.396525,-2.265439,-1.911626,-1.312317,-0.7231221,25,25,25,25,25,25,25,25,25,25,25,25,25,25,25,25,647,6470,-2.017661,-1.318209,-1.572685,-2.45645,163.331,137.5795,-2.481625,-1.956637,-2.20166,-2.318911,-2.366887,-2.6929,-1.921476,-2.339497,-1.687004,-1.809179,25,25,25,25,25,25,25,25,25,25,25,25,25,25,25,25,647,6470,-1.608544,-3.070194,-3.320705,-2.709,-2.590243,-1.911463,-1.68153,-69.77615,-0.1214057,0.1207772,0.3575374,0.6062073,-0.4405039,-0.44346,-0.4429199,3.247982,24,24,24,24,24,24,24,24,24,24,24,24,24,24,24,25
648,6480,-33.67136,-57.8013,-14.65181,-13.64539,-11.94773,-9.629371,-5.617112,-5.26886,-2.847987,-3.444779,-1.307258,-2.144313,-0.4771732,-2.508954,-1.192914,-1.206003,25,25,25,25,25,25,25,25,25,25,25,25,25,25,25,25,648,6480,-1.210689,-2.108987,-2.750964,-1.680794,162.0153,137.4568,-1.959234,-1.826337,-2.589924,-1.417698,-2.761071,-2.558195,-1.665515,-1.671322,-1.80743,-2.035227,25,25,25,25,25,25,25,25,25,25,25,25,25,25,25,25,648,6480,-1.493656,-2.942285,-3.576288,-1.806094,-1.295291,-1.784049,-3.104107,-70.54156,0.002237804,0.3626848,0.9535273,-0.1214322,-0.9908303,-0.109963,0.1104101,2.780008,24,24,24,24,24,24,24,24,24,24,24,24,24,24,24,25
649,6490,-34.63335,-57.8013,-15.63647,-16.44677,-14.965,-11.23373,-7.403707,-5.895792,-3.46731,-4.060124,-1.18843,-2.27042,-0.9540437,-1.553229,-1.312317,0.6048043,25,25,25,25,25,25,25,25,25,25,25,25,25,25,25,25,649,6490,-1.74867,-2.240784,-2.227286,-2.45645,162.1469,138.684,-1.567439,-2.08704,-1.684026,-3.091379,-2.498282,-2.019374,-1.921476,-2.11677,-1.80743,-3.278486,25,25,25,25,25,25,25,25,25,25,25,25,25,25,25,25,649,6490,-2.068097,-3.453924,-3.576288,-1.419135,-1.036301,-2.293703,-2.716131,-69.66682,-0.4923365,-0.3630412,0.3575374,0.4849325,-0.0002407967,0.7793618,0.4424094,2.312034,24,24,24,24,24,24,24,24,24,24,24,24,24,24,24,25
650,6500,-37.88006,-58.76868,-17.85193,-17.78656,-15.93052,-12.96149,-8.80746,-6.898885,-5.449148,-5.167799,-2.020222,-3.531191,-2.503875,-2.270023,-2.028739,-0.3609591,25,25,25,25,25,25,25,25,25,25,25,25,25,25,25,25,650,6500,-2.555642,-2.108987,-3.143726,-3.361382,162.2785,138.1931,-2.612224,-1.565634,-3.10766,-3.091379,-1.841311,-1.884668,-2.305415,-1.671322,-3.011684,-2.487321,25,25,25,25,25,25,25,25,25,25,25,25,25,25,25,25,650,6500,-1.148989,-3.837653,-3.83187,-1.806094,-2.590243,-1.784049,-2.716131,-70.43223,-0.61598,-0.2420938,0.4767353,-0.1214322,-0.5505704,-0.44346,-0.0002552445,2.780008,24,24,24,24,24,24,24,24,24,24,25,24,24,24,24,25
651,6510,-36.55732,-58.8896,-16.99036,-18.63915,-15.93052,-13.94879,-8.679846,-8.403524,-5.449148,-6.890765,-2.97084,-4.287634,-2.980745,-3.823076,-2.267546,-0.8438416,25,25,25,25,25,25,25,25,25,25,25,25,25,25,25,25,651,6510,-1.210689,-2.240784,-3.01281,-2.327174,162.5416,138.4386,-1.698037,-1.956688,-2.07229,-1.932677,-1.709865,-2.827607,-2.049454,-2.673582,-1.927855,-2.487321,25,25,25,25,25,25,25,25,25,25,25,25,25,25,25,25,651,6510,-1.608544,-3.837653,-2.937331,-1.548121,-2.072262,-2.675944,-2.069506,-69.77615,0.4968126,1.330312,0.7151834,-0.1214322,0.440019,0.4458648,0.1104101,2.546024,24,24,24,24,24,24,24,24,24,24,25,24,24,24,24,25
652,6520,-36.79782,-59.01052,-18.22117,-19.73534,-15.32706,-12.71467,-9.062687,-7.149659,-5.944607,-5.044729,-3.564978,-3.909112,-3.696051,-2.270023,-2.625757,-0.2402397,25,25,25,25,25,25,25,25,25,25,25,25,25,25,25,25,652,6520,-1.74867,-3.163357,-2.489125,-1.939346,162.41,137.7023,-2.612224,-3.390553,-2.460554,-2.318911,-2.76102,-2.019374,-2.945314,-3.230397,-2.409557,-2.826391,25,25,25,25,25,25,25,25,25,25,25,25,25,25,25,25,652,6520,-1.953208,-3.709744,-3.704079,-1.677107,-2.201758,-2.16629,-0.9055794,-69.88551,-0.2450492,-0.3630476,1.311173,0.3636094,-0.0002407967,0.3346994,-0.5535852,2.546024,24,24,24,24,24,24,24,24,24,24,25,24,24,24,24,25
653,6530,-37.27882,-60.58253,-20.43664,-19.85715,-17.74087,-12.71467,-10.21121,-7.275045,-4.582094,-4.921661,-2.257877,-3.657011,-2.503875,-3.823076,-1.909335,-0.4816801,25,25,25,25,25,25,25,25,25,25,25,25,25,25,25,25,653,6530,-2.959129,-2.240784,-2.096363,-1.422242,162.5416,138.4386,-2.351028,-2.08704,-2.07229,-1.803933,-1.84126,-2.288784,-2.305418,-2.11677,-2.289132,-2.826391,25,25,25,25,25,25,25,25,25,25,25,25,25,25,25,25,653,6530,-1.838319,-4.349293,-3.576288,-2.193054,-2.331252,-1.401809,-2.328156,-70.76025,-0.2450492,0.2417246,0.3575899,-0.7278514,0.4400672,0.4458648,0.1104101,2.780008,24,24,24,24,24,24,24,24,24,24,25,24,24,24,24,25
654,6540,-38.60155,-62.03361,-21.17513,-22.29312,-17.74087,-14.56585,-10.9769,-9.406615,-7.181836,-7.75184,-3.802633,-6.808283,-3.457616,-3.584146,-2.028739,-0.6024011,25,25,25,25,25,25,25,25,25,25,25,25,25,25,25,25,654,6540,-2.152156,-1.977191,-2.358209,-2.45645,163.0678,137.2114,-2.22043,-1.826337,-2.201712,-2.061422,-3.023809,-3.635839,-2.305418,-3.007666,-2.891259,-2.14825,25,25,25,25,25,25,25,25,25,25,25,25,25,25,25,25,654,6540,-2.068097,-3.581834,-2.681749,-1.935081,-2.460748,-3.185598,-0.3882783,-69.55747,0.4968126,0.4836321,0.3575899,-0.2427584,1.10046,-0.2211292,-0.8855845,2.195039,24,24,24,24,24,24,24,24,24,24,25,24,24,24,25,25
655,6550,-40.04454,-60.70346,-23.02135,-23.02392,-19.55124,-14.44244,-10.59405,-9.155844,-6.686948,-7.259973,-4.634425,-6.178028,-4.172924,-4.062009,-2.983967,-0.6024011,25,25,25,25,25,25,25,25,25,25,25,25,25,25,25,25,655,6550,-1.883166,-2.37258,-2.489125,-2.585726,162.2785,138.3158,-1.959234,-1.695986,-2.331132,-1.803933,-3.155201,-1.884668,-1.409558,-2.339494,-1.807378,-2.713368,25,25,25,25,25,25,25,25,25,25,25,25,25,25,25,25,655,6550,-2.068097,-3.709744,-3.576288,-2.966973,-1.813272,-0.8921542,-2.328156,-71.19762,-0.7396239,-0.0001862161,0.4767879,-0.1214835,-0.4404557,-0.6657916,0.3317472,3.481972,24,24,24,24,24,24,24,24,24,24,25,24,24,24,25,25
656,6560,-40.16478,-61.54992,-21.05205,-19.97894,-16.89604,-13.08491,-9.700757,-9.28123,-6.686948,-8.120624,-4.39677,-7.94274,-3.934486,-5.1372,-2.625757,-1.206003,25,25,25,25,25,25,25,25,25,25,25,25,25,25,25,25,656,6560,-1.74867,-2.37258,-1.703601,-3.232107,162.2785,138.4386,-2.22043,-2.347742,-1.813448,-2.962635,-2.49823,-2.288784,-2.433397,-3.007666,-2.650356,-3.391458,25,25,25,25,25,25,25,25,25,25,25,25,25,25,25,25,656,6560,-1.723433,-4.093473,-2.80954,-1.677107,-1.165796,-1.911463,-2.328156,-69.77615,0.7441003,-0.6049551,-0.2384,-0.1214835,-0.0001926374,0.1123678,0.4424126,2.897003,24,24,24,24,24,24,24,24,24,24,25,24,24,24,25,25
657,6570,-37.63956,-61.18714,-19.45199,-18.27376,-15.93052,-12.96149,-8.935073,-8.278136,-5.820742,-6.275421,-3.683806,-5.421723,-3.696051,-3.106284,-2.983967,0.001202378,25,25,25,25,25,25,25,25,25,25,25,25,25,25,25,25,657,6570,-2.824582,-1.845395,-3.143726,-3.74921,162.1469,139.1749,-2.742822,-1.956688,-3.495924,-2.318911,-2.235441,-2.558195,-2.433397,-1.782679,-3.252483,-2.82634,25,25,25,25,25,25,25,25,25,25,25,25,25,25,25,25,657,6570,-1.83838,-3.198104,-3.320705,-3.095959,-3.367214,-1.784049,-1.810855,-70.21353,-0.2450492,0.1207708,1.191975,-0.2427584,-0.6605856,-0.6657916,-0.5535804,3.598967,24,24,24,24,24,24,24,24,24,24,25,24,24,24,25,25
658,6580,-37.39906,-60.58253,-20.80588,-19.61355,-18.10294,-14.19561,-10.46644,-8.278136,-6.192062,-6.152351,-4.159114,-5.043571,-2.980745,-3.106284,-1.909335,-0.4816801,25,25,25,25,25,25,25,25,25,25,25,25,25,25,25,25,658,6580,-1.479629,-2.899765,-3.01281,-1.81007,162.8047,137.825,-1.828636,-2.869147,-1.813448,-1.675187,-1.709865,-1.884668,-1.281579,-2.673579,-1.807378,-1.922152,25,25,25,25,25,25,25,25,25,25,25,25,25,25,25,25,658,6580,-1.953269,-4.221331,-3.704079,-2.193054,-1.942767,-1.784049,-4.009383,-70.32288,0.2495256,0.4836321,0.7151834,0.2423346,0.4400672,1.001693,-0.1109174,2.897003,24,24,24,24,24,24,24,24,24,24,25,24,24,24,25,25
659,6590,-36.07633,-61.06622,-19.32891,-19.61355,-16.0512,-13.08491,-9.445529,-9.155844,-6.563227,-7.259973,-4.159114,-5.799876,-3.219181,-3.584146,-2.148142,-0.7231221,25,25,25,25,25,25,25,25,25,25,25,25,25,25,25,25,659,6590,-2.152106,-2.504376,-1.441711,-1.81007,161.6206,138.3158,-3.004018,-1.826337,-1.94287,-0.9027196,-1.84126,-0.9417302,-1.409558,-1.337231,-0.9644001,-1.922152,25,25,25,25,25,25,25,25,25,25,25,25,25,25,25,25,659,6590,-3.102155,-3.837601,-2.426167,-1.806094,-1.813272,-1.656636,-1.810855,-69.44814,0.7441003,-0.3630476,-4.013278E-06,0.4848811,0.5501338,-0.3322946,-0.3322497,3.130986,24,24,24,24,24,24,24,24,24,24,25,24,24,24,25,25
660,6600,-34.75359,-59.85699,-18.95966,-17.90836,-15.56844,-11.11031,-8.679846,-6.898885,-6.934392,-5.906213,-4.634425,-5.547774,-3.576834,-3.106284,-2.864563,-0.7231221,25,25,25,25,25,25,25,25,25,25,25,25,25,25,25,25,660,6600,-2.286601,-1.977191,-2.227235,-2.456502,162.41,138.3158,-3.134616,-1.435283,-1.554606,-1.546443,-1.052895,-1.480551,-2.049458,-1.337231,-0.8439748,-2.261222,25,25,25,25,25,25,25,25,25,25,25,25,25,25,25,25,660,6600,-1.263935,-3.837601,-3.448497,-1.548172,-0.25933,-0.1276736,-1.552205,-69.99485,-0.1214057,0.1207708,0.9535794,-0.0002119011,-0.1102592,0.557031,0.4424126,2.780008,24,24,24,24,24,24,24,24,24,24,25,24,24,24,25,25
661,6610,-33.31061,-58.76868,-18.34426,-16.69037,-14.965,-11.11031,-8.041777,-8.027364,-6.192062,-6.521558,-3.921461,-5.421723,-3.099963,-3.345215,-1.909335,-0.4816801,25,25,25,25,25,25,25,25,25,25,25,25,25,25,25,25,661,6610,-1.479629,-1.713598,-1.441711,-1.810122,162.41,137.7023,-2.089831,-1.304932,-1.94287,-0.7739748,-2.104049,-2.423489,-0.7696585,-0.891781,-2.048229,-1.583081,25,25,25,25,25,25,25,25,25,25,25,25,25,25,25,25,661,6610,-1.378824,-3.709692,-2.809541,-1.032226,-1.424785,-2.16629,-2.328156,-70.43223,0.1258821,1.209358,0.119194,-0.2427584,0.7702637,0.4458648,-0.2215827,2.195039,24,24,24,24,24,24,24,24,24,24,25,24,24,24,25,25
662,6620,-31.86763,-59.37329,-18.46733,-16.56857,-14.36154,-10.9869,-7.148479,-8.027364,-5.696877,-6.029282,-3.802633,-5.547774,-3.219181,-3.464681,-2.506353,-0.4816801,25,25,25,25,25,25,25,25,25,25,25,25,25,25,25,25,662,6620,-1.74862,-1.581802,-2.358157,-2.327225,161.226,138.3158,-1.959234,-1.304932,-1.813448,-1.546443,-2.49823,-1.480551,-1.281579,-2.450855,-1.807378,-2.148199,25,25,25,25,25,25,25,25,25,25,25,25,25,25,25,25,662,6620,-1.149047,-4.221331,-2.809541,-1.806145,-0.5183189,-0.6373785,-2.457481,-70.32288,0.002237804,0.4836321,0.8343815,0.3636094,0.2199373,-0.2211292,-0.0002504286,3.130986,24,24,24,24,24,24,24,24,24,24,25,24,24,24,25,25
663,6630,-31.86763,-58.40591,-17.72885,-13.5236,-12.67187,-9.259135,-8.16939,-7.525818,-6.315784,-6.275421,-4.277943,-6.30408,-4.053705,-3.942544,-2.386949,-0.1195186,25,25,25,25,25,25,25,25,25,25,25,25,25,25,25,25,663,6630,-2.421096,-3.031561,-2.619997,-4.007814,162.1469,138.1931,-1.698037,-1.956688,-1.94287,-2.447656,-1.972655,-2.019374,-1.665519,-1.894043,-2.529931,-3.052387,25,25,25,25,25,25,25,25,25,25,25,25,25,25,25,25,663,6630,-2.412825,-4.477151,-3.448497,-1.935131,-1.554281,-0.764792,-2.198831,-69.44814,0.8677438,0.4836321,0.238392,-0.36403,-0.4404557,0.1123678,-0.1109174,3.013998,24,24,24,24,24,24,24,24,24,24,25,24,24,24,25,25
664,6640,-32.22837,-58.40591,-16.7442,-14.98518,-12.3098,-10.61667,-7.658934,-7.651205,-5.944607,-6.644628,-4.39677,-5.421723,-3.457616,-4.898269,-2.386949,-1.447445,25,25,25,25,25,25,25,25,25,25,25,25,25,25,25,25,664,6640,-3.093573,-2.240784,-3.143675,-2.585778,162.6732,139.1749,-2.612224,-2.478042,-2.978238,-2.318911,-2.366836,-2.154079,-2.049458,-2.339494,-2.891207,-3.052387,25,25,25,25,25,25,25,25,25,25,25,25,25,25,25,25,664,6640,-1.83838,-3.581781,-3.065123,-2.451078,-2.590242,-2.421168,-1.940181,-69.66682,0.002237804,0.4836321,0.9535794,0.7274276,0.3300039,-0.109963,-0.6642473,2.780008,24,24,24,24,24,24,24,24,24,24,25,24,24,24,25,25
665,6650,-34.5131,-58.40591,-17.11344,-14.37619,-11.94773,-9.752783,-6.510409,-7.525819,-6.068341,-4.798592,-3.921461,-4.161214,-3.338399,-2.15056,-1.551124,0.3633638,25,25,25,25,25,25,25,25,25,25,25,25,25,25,25,25,665,6650,-2.555591,-3.690543,-3.536437,-2.84433,162.6732,137.825,-2.22043,-2.999447,-2.719344,-2.318911,-2.104049,-2.423489,-1.793497,-3.230394,-2.048229,-2.487269,25,25,25,25,25,25,25,25,25,25,25,25,25,25,25,25,665,6650,-1.83838,-4.093421,-4.087453,-2.580065,-2.331252,-3.185649,-3.492083,-71.30697,-0.2450492,0.4836321,0.9535794,0.6061559,-0.2203258,-0.109963,0.1104149,2.078043,24,24,24,24,24,24,24,24,24,24,25,24,24,24,25,25
666,6660,-37.03832,-59.49422,-19.20582,-14.98518,-12.43049,-7.778191,-5.87234,-6.02118,-5.077501,-3.814038,-3.446151,-3.152807,-2.861528,-2.628421,-1.551124,-0.6024011,25,25,25,25,25,25,25,25,25,25,25,25,25,25,25,25,666,6660,-2.824582,-3.42695,-2.227235,-2.585778,162.1469,138.684,-2.742822,-2.999447,-2.460502,-2.190166,-2.892411,-2.019374,-2.433397,-2.450855,-2.168654,-2.600293,25,25,25,25,25,25,25,25,25,25,25,25,25,25,25,25,666,6660,-2.297936,-3.965512,-2.68175,-2.193104,-2.460747,-2.16634,-2.586807,-69.66682,0.2495256,-0.4839981,0.7151834,0.1210629,0.6602004,0.223534,-0.3322497,3.247982,24,24,24,24,24,24,24,24,24,24,25,24,24,24,25,25
667,6670,-34.39285,-59.49422,-17.11344,-14.25439,-11.10289,-9.259135,-5.361884,-6.773499,-5.201366,-4.79859,-4.040289,-4.161214,-2.980745,-2.986818,-2.028739,-0.1195186,25,25,25,25,25,25,25,25,25,25,25,25,25,25,25,25,667,6670,-3.362564,-3.163357,-2.750913,-2.973606,162.5416,137.7023,-3.395811,-2.21734,-2.589924,-2.318911,-1.972706,-3.366426,-2.305418,-1.894043,-1.927803,-2.713316,25,25,25,25,25,25,25,25,25,25,25,25,25,25,25,25,667,6670,-1.723491,-4.477151,-3.320706,-3.09601,-1.942766,-2.038927,-1.810855,-69.88551,-0.1214057,0.4836354,1.072777,-0.1214835,-0.1102592,-0.2211292,0.2210819,2.663019,24,24,24,24,24,24,24,24,24,24,25,24,24,24,25,25
668,6680,-32.34862,-57.68037,-17.97501,-14.86338,-13.39602,-9.629371,-6.638023,-6.648112,-4.829772,-3.5679,-3.564979,-2.900706,-3.338399,-2.508957,-2.625757,-0.1195186,25,25,25,25,25,25,25,25,25,25,25,25,25,25,25,25,668,6680,-2.555591,-2.37258,-1.965396,-2.19795,162.2785,136.8432,-2.22043,-1.435232,-2.589924,-1.417698,-2.104101,-2.288835,-1.281579,-1.782679,-2.529931,-2.148199,25,25,25,25,25,25,25,25,25,25,25,25,25,25,25,25,668,6680,-2.068158,-4.477151,-2.937332,-1.935131,-2.072261,-2.803408,-2.586807,-70.10419,0.002237804,1.088408,0.834381,0.1210629,0.2199373,0.7793618,-0.3322497,1.727065,24,24,24,24,24,24,24,24,24,24,25,24,24,24,25,25
669,6690,-35.47509,-57.92221,-17.97501,-15.10698,-12.3098,-8.518663,-5.744726,-5.519633,-4.334312,-3.444831,-2.257879,-2.648604,-1.311697,-2.867352,-1.312317,-0.8438416,25,25,25,25,25,25,25,25,25,25,25,25,25,25,25,25,669,6690,-2.421096,-2.504376,-2.358157,-2.327225,161.226,138.4386,-2.873419,-2.478042,-1.683975,-2.190166,-3.155252,-2.15413,-1.409555,-2.562218,-1.927803,-3.165411,25,25,25,25,25,25,25,25,25,25,25,25,25,25,25,25,669,6690,-1.149047,-3.965512,-2.809541,-2.70905,-2.331252,-2.038927,-1.42288,-69.88551,-0.4923362,0.6045924,0.953579,-0.0002119011,0.2198891,-0.5546262,-0.3322497,2.663019,24,24,24,24,24,24,24,24,24,24,25,24,24,24,25,25
670,6700,-35.35484,-59.61514,-18.09809,-16.69037,-13.87878,-11.11031,-6.255181,-6.02118,-4.334312,-3.5679,-2.376706,-2.270482,-1.550133,-2.508957,-0.9541067,-0.2402397,25,25,25,25,25,25,25,25,25,25,25,25,25,25,25,25,670,6700,-2.286601,-2.504376,-2.619997,-3.749262,162.5416,139.0522,-2.22043,-2.086988,-2.460502,-3.091379,-1.972706,-2.019425,-2.305415,-1.448593,-2.529931,-3.391458,25,25,25,25,25,25,25,25,25,25,25,25,25,25,25,25,670,6700,-2.183047,-4.605061,-3.320706,-2.322091,-2.072261,-1.274445,-2.457481,-70.54156,0.9913873,0.3626816,0.953579,-0.36403,0.1098226,0.3347002,0.1104149,3.598967,24,24,24,24,24,24,24,24,24,24,25,24,24,24,25,25
671,6710,-36.07633,-58.04314,-19.32891,-16.44677,-15.08568,-9.629371,-5.489498,-4.892701,-4.086583,-3.321762,-2.970842,-2.270482,-2.027003,-1.672698,-1.192914,-0.4816801,25,25,25,25,25,25,25,25,25,25,25,25,25,25,25,25,671,6710,-2.421096,-2.108987,-3.274598,-2.715054,162.41,138.8067,-2.351028,-1.956637,-2.978186,-2.962635,-1.44713,-1.750014,-2.305415,-2.116767,-3.372909,-2.148199,25,25,25,25,25,25,25,25,25,25,25,25,25,25,25,25,671,6710,-2.527714,-4.349241,-2.937332,-3.353983,-3.496708,-3.567889,-2.457481,-69.55747,-0.2450492,0.7255462,0.7151831,0.7274276,0.3299557,-0.44346,-0.9962482,2.312034,24,24,24,24,24,24,24,24,24,24,25,24,24,24,25,25
672,6720,-35.95608,-59.49422,-18.34426,-16.56857,-12.67187,-8.642075,-3.320061,-5.018087,-3.095664,-3.321762,-1.663741,-3.152807,-1.66935,-3.225749,-1.551124,-0.8438416,25,25,25,25,25,25,25,25,25,25,25,25,25,25,25,25,672,6720,-1.883115,-2.767969,-3.274598,-2.19795,162.5416,138.4386,-1.698037,-3.26015,-2.978186,-2.190166,-1.709917,-2.15413,-1.537537,-3.11903,-2.409505,-2.261222,25,25,25,25,25,25,25,25,25,25,25,25,25,25,25,25,672,6720,-2.297936,-3.581781,-2.809541,-3.224997,-2.331252,-2.548581,-3.233433,-71.19762,0.002237804,0.6045924,1.668767,0.2423346,-0.4405039,0.4458656,0.5530763,3.495379,24,24,24,24,24,24,24,24,24,24,25,24,24,24,25,25
673,6730,-35.47509,-59.85699,-18.46733,-16.93397,-12.91325,-8.025016,-3.702903,-3.638835,-2.72407,-2.706417,-1.544914,-1.639829,-1.907786,-1.433766,-1.670528,-0.1195186,25,25,25,25,25,25,25,25,25,25,25,25,25,25,25,25,673,6730,-3.362563,-3.82234,-3.274598,-2.84433,161.4891,138.9294,-2.873419,-3.129798,-2.589924,-1.932677,-2.761071,-1.750014,-2.689354,-2.673579,-2.409505,-2.487269,25,25,25,25,25,25,25,25,25,25,25,25,25,25,25,25,673,6730,-2.642599,-4.477151,-2.937332,-3.224997,-2.978727,-2.675995,-3.104107,-69.88551,-0.2450492,-0.4839981,-0.2384004,-0.36403,0.2198891,0.3347002,-0.4429166,2.208234,24,24,24,24,24,24,24,24,24,24,25,24,24,24,25,25
674,6740,-35.59534,-58.64776,-18.09809,-14.25439,-11.58565,-7.531367,-4.468586,-3.889608,-3.591123,-2.706417,-1.901396,-1.513699,-1.788568,-2.747887,-2.148142,-0.2402397,25,25,25,25,25,25,25,25,25,25,25,25,25,25,25,25,674,6740,-3.497058,-2.636173,-2.358157,-3.102881,163.4626,137.4568,-2.873419,-1.695934,-2.331081,-1.932677,-1.315736,-2.558247,-2.049454,-1.225867,-1.446102,-2.148199,25,25,25,25,25,25,25,25,25,25,25,25,25,25,25,25,674,6740,-1.83838,-4.093421,-3.448497,-3.86993,-2.719738,-2.293754,-1.68153,-70.10419,-1.110554,-0.1211336,0.834381,0.6061559,0.1098226,-0.5546255,-0.3322513,3.144343,24,24,24,24,24,24,24,24,24,24,25,24,24,24,25,25
675,6750,-36.79782,-59.13145,-17.60577,-14.98518,-11.82703,-7.654779,-4.723814,-5.519633,-3.838853,-3.198693,-2.852015,-2.648604,-2.027003,-2.747887,-1.670528,-0.4816801,25,25,25,25,25,25,25,25,25,25,25,25,25,25,25,25,675,6750,-1.614124,-1.581802,-2.489125,-1.939398,161.7522,137.5795,-2.22043,-1.695934,-2.719344,-1.417698,-1.841311,-2.288835,-0.8976355,-1.559955,-1.686953,-1.357034,25,25,25,25,25,25,25,25,25,25,25,25,25,25,25,25,675,6750,-1.263935,-4.221332,-2.809593,-1.548172,-0.7773094,-0.6373785,-2.198831,-70.65091,0.4968126,0.6045924,0.7151831,0.8487024,-0.0002407967,0.001203181,-0.2215859,2.676285,24,24,24,24,24,24,24,24,24,24,25,24,24,24,25,25
676,6760,-38.4813,-58.40591,-18.7135,-16.93397,-14.24085,-7.654779,-4.5962,-4.641928,-3.095664,-2.460279,-2.852015,-2.522553,-2.74231,-3.106284,-2.386949,-0.7231221,25,25,25,25,25,25,25,25,25,25,25,25,25,25,25,25,676,6760,-2.2866,-2.37258,-1.965447,-1.810122,160.9628,137.5795,-2.351028,-1.565583,-1.166291,-2.061422,-2.366887,-1.211193,-1.025616,-1.782679,-0.9644004,-2.148199,25,25,25,25,25,25,25,25,25,25,25,25,25,25,25,25,676,6760,-1.723491,-3.325962,-2.937384,-0.6452156,-0.6478146,-1.529273,-2.328156,-69.99485,-0.9869109,-0.604952,0.3575891,0.6061559,0.3299557,0.890528,-0.7749159,2.442263,24,24,24,24,24,24,24,24,24,24,25,24,24,24,25,25
677,6770,-41.24702,-59.37329,-19.45199,-17.05577,-13.75808,-8.518663,-4.851429,-4.516541,-3.343394,-4.060176,-2.020223,-3.152807,-1.66935,-3.225749,-1.670528,-1.206003,25,25,25,25,25,25,25,25,25,25,25,25,25,25,25,25,677,6770,-1.614124,-1.977191,-1.441762,-2.19795,162.41,138.4386,-3.004018,-1.30488,-1.813397,-2.705146,-1.841311,-1.615309,-1.793494,-1.225867,-1.927804,-3.165411,25,25,25,25,25,25,25,25,25,25,25,25,25,25,25,25,677,6770,-0.9192687,-3.965512,-4.47088,-1.419135,-0.2592787,-0.764792,-1.552205,-70.21353,0.002237804,0.8464999,1.191975,-0.36403,-0.5505704,0.001203181,0.442411,2.442263,24,24,24,24,24,24,24,24,24,24,25,24,24,24,25,25
678,6780,-42.9305,-60.46161,-19.45199,-16.08137,-12.55117,-7.654778,-3.830517,-4.516541,-2.847934,-3.075624,-1.663741,-2.648604,-2.027003,-2.986818,-1.909335,0.2426428,25,25,25,25,25,25,25,25,25,25,25,25,25,25,25,25,678,6780,-3.631554,-1.581802,-2.620048,-2.068674,161.4891,138.684,-2.22043,-1.956637,-2.460502,-1.803933,-1.578522,-2.962363,-1.409555,-2.005406,-2.650356,-1.809128,25,25,25,25,25,25,25,25,25,25,25,25,25,25,25,25,678,6780,-1.83838,-3.709692,-2.170636,-1.806094,-1.942716,-2.93077,-1.940181,-70.32288,0.7441003,0.6045924,-4.414606E-06,0.3636094,0.9903487,-0.2211284,-0.3322513,2.208234,24,24,24,24,24,24,24,24,24,24,25,24,24,24,25,25
679,6790,-41.12677,-58.76868,-18.7135,-14.74159,-12.43049,-6.914307,-4.340972,-4.641928,-3.343394,-2.829486,-2.139051,-2.522553,-1.907786,-2.15056,-1.312317,-0.2402397,25,25,25,25,25,25,25,25,25,25,25,25,25,25,25,25,679,6790,-2.152105,-2.504376,-3.405565,-1.422294,162.1469,138.1931,-1.959234,-2.21734,-1.942818,-2.318911,-1.841311,-2.15413,-1.153596,-2.339494,-1.566527,-2.261222,25,25,25,25,25,25,25,25,25,25,25,25,25,25,25,25,679,6790,-2.183047,-3.325962,-3.192967,-1.677107,-2.201707,-1.019567,-2.457532,-71.08829,0.1258821,-0.4839981,0.7151831,-0.1214835,-0.2203739,-0.109963,-0.7749159,3.261357,24,24,24,24,24,24,24,24,24,24,25,24,24,24,25,25
680,6800,-37.15857,-58.28498,-16.49803,-12.18381,-8.689075,-5.803599,-2.043908,-3.011902,-1.98088,-2.829486,-1.663741,-2.522553,-1.66935,-3.225749,-1.192914,-1.326724,25,25,25,25,25,25,25,25,25,25,25,25,25,25,25,25,680,6800,-1.883114,-2.636173,-1.572685,-1.810122,161.7523,138.1931,-2.351028,-2.086992,-2.331081,-1.160209,-1.315736,-1.345898,-2.177436,-1.894043,-1.566527,-2.035175,25,25,25,25,25,25,25,25,25,25,25,25,25,25,25,25,680,6800,-1.953269,-4.605061,-3.576341,-1.419135,-1.813222,-1.019567,-3.233482,-70.76025,0.7441003,0.2417278,0.834381,-0.0002119011,0.2198891,0.7793626,0.2210787,3.729408,24,24,24,24,24,24,24,24,24,24,25,24,24,24,25,25
681,6810,-35.59534,-57.55945,-15.75954,-10.72222,-7.844245,-5.556776,-2.809605,-3.011902,-2.847934,-2.091071,-2.020223,-2.396502,-2.027003,-1.553232,-1.909335,0.001202378,25,25,25,25,25,25,25,25,25,25,25,25,25,25,25,25,681,6810,-3.228068,-1.977191,-1.965447,-1.939398,163.0679,137.4568,-2.612224,-1.95664,-1.942818,-1.932677,-1.841311,-2.15413,-1.921476,-2.116767,-2.048229,-2.82634,25,25,25,25,25,25,25,25,25,25,25,25,25,25,25,25,681,6810,-2.412825,-3.325962,-3.065175,-2.064068,-2.331202,-2.803357,-2.069556,-69.99485,0.2495256,0.2417278,0.834381,0.3636094,-0.3304373,-0.5546255,-0.6642489,2.676285,24,24,24,24,24,24,24,24,24,24,25,24,24,24,25,25
682,6820,-33.43086,-57.19667,-16.25187,-12.5492,-10.01667,-7.531367,-5.489498,-5.394247,-3.219529,-3.567848,-1.901396,-2.522553,-1.788568,-2.867352,-1.789931,-0.2402397,25,25,25,25,25,25,25,25,25,25,25,25,25,25,25,25,682,6820,-2.152105,-2.240784,-2.096363,-2.19795,162.6732,136.8432,-2.481625,-1.565586,-2.331081,-1.546443,-2.235492,-2.42354,-1.537537,-1.337231,-1.927804,-2.148199,25,25,25,25,25,25,25,25,25,25,25,25,25,25,25,25,682,6820,-1.149047,-3.453871,-3.576341,-1.935081,-1.683726,-1.656635,-2.198882,-71.08829,0.8677438,0.2417278,1.549569,0.6061559,-0.5505704,0.4458656,0.6637433,3.144343,24,24,24,24,24,24,24,24,24,24,24,24,24,24,25,25
683,6830,-34.39285,-57.55945,-16.25187,-13.1582,-10.25805,-7.778191,-5.23427,-5.770406,-4.210447,-5.413884,-3.327324,-4.413316,-3.219181,-3.225749,-2.148142,-0.6024011,25,25,25,25,25,25,25,25,25,25,25,25,25,25,25,25,683,6830,-2.01761,-1.186413,-2.227286,-1.810122,161.4891,137.5795,-2.22043,-1.174533,-1.942818,-0.7739744,-2.366887,-1.076488,-1.281576,-1.337231,-1.205251,-2.374246,25,25,25,25,25,25,25,25,25,25,25,25,25,25,25,25,683,6830,-2.527714,-4.605061,-3.320758,-1.677107,-0.5182692,-1.274394,-2.328206,-70.32288,0.2495256,-0.1211336,0.5959851,-0.8491262,0.5500856,0.4458656,0.2210787,3.261357,24,24,24,24,24,24,24,24,24,24,24,24,24,24,25,25
684,6840,-34.99409,-57.68037,-17.11344,-14.01079,-11.22358,-7.407955,-5.744726,-5.394247,-4.582042,-3.690917,-3.208496,-4.035163,-3.576834,-3.703612,-3.461581,-0.4816801,25,25,25,25,25,25,25,25,25,25,25,25,25,25,25,25,684,6840,-1.614124,-2.108987,-1.310846,-2.327225,161.7523,138.1931,-2.612224,-1.435235,-1.166291,-2.318911,-1.972706,-1.480603,-1.153596,-2.22813,-2.168654,-3.617505,25,25,25,25,25,25,25,25,25,25,25,25,25,25,25,25,684,6840,-1.378824,-3.965512,-3.320758,-2.064068,-2.072211,-1.911462,-2.198882,-70.10419,-0.3686927,-0.1211336,1.787965,0.8487538,0.1098226,-0.8881224,-0.2215859,2.910314,24,24,24,24,24,24,24,24,24,24,24,24,24,24,25,25
685,6850,-35.47509,-57.92221,-18.09809,-15.83778,-13.87878,-9.505959,-6.638023,-6.271952,-4.705907,-5.044676,-2.733186,-4.413316,-2.503822,-4.778803,-2.983967,-1.568164,25,25,25,25,25,25,25,25,25,25,25,25,25,25,25,25,685,6850,-2.824582,-2.636173,-2.358209,-3.102881,162.2785,138.684,-2.612224,-1.044181,-2.589924,-1.803932,-2.104101,-2.288835,-2.049458,-2.005406,-3.011632,-2.82634,25,25,25,25,25,25,25,25,25,25,25,25,25,25,25,25,685,6850,-1.723491,-3.965512,-3.704132,-2.32204,-2.460697,-2.54853,-1.681581,-70.43223,0.4968126,0.9674537,0.953579,0.4849325,0.1098771,0.6681972,-0.0002536392,3.261357,24,24,24,24,24,24,24,24,24,24,24,24,24,24,25,25
686,6860,-38.4813,-59.61514,-19.82123,-18.63915,-15.68913,-11.35714,-8.16939,-7.275045,-5.449095,-5.290814,-2.97084,-5.169621,-2.503822,-3.703611,-2.267546,0.2426428,25,25,25,25,25,25,25,25,25,25,25,25,25,25,25,25,686,6860,-2.690086,-2.899765,-3.667411,-2.585778,162.2785,137.9477,-1.567439,-2.347694,-2.460502,-1.932677,-1.578522,-2.42354,-1.409558,-3.230397,-3.132058,-2.713316,25,25,25,25,25,25,25,25,25,25,25,25,25,25,25,25,686,6860,-2.412825,-4.221332,-3.065175,-2.193054,-2.201707,-2.93077,-1.940231,-70.10419,0.2495256,-0.8468627,0.5959851,0.6062073,0.4400736,-0.3322946,-0.3322513,2.676285,24,24,24,24,24,24,24,24,24,24,24,24,24,24,24,25
687,6870,-39.44329,-59.13145,-20.19048,-18.39556,-16.17189,-10.86349,-8.297004,-7.901978,-6.439506,-5.906159,-3.564978,-5.421723,-4.053652,-2.867351,-2.625757,-0.1195186,25,25,25,25,25,25,25,25,25,25,25,25,25,25,25,25,687,6870,-3.900545,-3.558747,-2.358209,-2.715054,161.8838,137.825,-2.873419,-3.520856,-2.331081,-1.675187,-2.366887,-2.15413,-2.945318,-2.339497,-1.084877,-1.809128,25,25,25,25,25,25,25,25,25,25,25,25,25,25,25,25,687,6870,-2.183047,-4.732971,-4.215297,-3.095959,-2.331202,-1.784048,-2.328206,-70.76025,-0.8632674,0.6045924,1.311173,-0.4852535,-0.7706458,-0.109963,0.2210771,3.378371,24,24,24,24,24,24,24,24,24,24,24,24,24,24,24,25
688,6880,-37.63956,-59.61514,-19.45199,-17.90836,-14.12015,-11.23373,-8.041777,-8.403524,-6.192062,-6.890711,-3.802633,-5.169621,-2.265387,-4.181473,-3.103371,-0.8438448,25,25,25,25,25,25,25,25,25,25,25,25,25,25,25,25,688,6880,-4.03504,-2.504376,-2.489125,-2.068674,162.1469,137.4568,-3.395811,-1.174533,-1.942818,-1.932677,-0.7901599,-1.345898,-1.281579,-1.448596,-1.325728,-1.922203,25,25,25,25,25,25,25,25,25,25,25,25,25,25,25,25,688,6880,-1.83838,-4.093421,-3.448549,-1.806094,-1.942716,-1.656635,-2.586857,-70.65091,0.1258821,0.7255462,0.1191936,-0.1214322,0.4400736,0.1123678,-0.2215876,2.208234,24,24,24,24,24,24,24,24,24,24,24,24,24,24,24,25
689,6890,-36.55732,-59.85699,-19.32891,-16.93397,-14.12015,-11.11031,-7.914163,-8.779685,-6.068341,-7.13685,-3.446151,-5.043571,-3.576781,-2.389488,-2.386949,-0.3609623,25,25,25,25,25,25,25,25,25,25,25,25,25,25,25,25,689,6890,-1.345184,-1.977191,-1.441762,-1.939398,162.0154,136.7205,-2.22043,-1.435235,-1.813397,-1.288953,-1.44713,-2.692951,-0.8976387,-1.003146,-1.205303,-1.696156,25,25,25,25,25,25,25,25,25,25,25,25,25,25,25,25,689,6890,-1.37877,-3.965512,-3.065175,-1.806094,-1.424736,-0.8921542,-1.293605,-70.76025,-0.1214057,-0.2420906,0.7151831,0.7274789,-0.2203193,-0.2211292,-0.5535852,3.261351,24,24,24,24,24,24,24,24,24,24,24,24,24,24,24,25
690,6900,-36.67757,-59.61514,-20.31356,-17.42116,-15.20637,-11.72737,-8.679846,-8.90507,-6.563227,-6.767642,-3.564978,-5.043571,-2.861475,-3.225748,-2.506353,-0.2402413,25,25,25,25,25,25,25,25,25,25,25,25,25,25,25,25,690,6900,-1.74867,-1.318209,-2.358209,-1.293018,161.3575,137.3341,-2.089831,-1.304884,-1.942818,-1.160209,-1.972706,-1.750014,-0.6416783,-1.782682,-1.446154,-2.035227,25,25,25,25,25,25,25,25,25,25,25,25,25,25,25,25,690,6900,-1.493659,-3.965512,-3.448549,-1.419135,-1.165745,-1.146981,-2.457532,-71.19762,0.002237804,0.6045924,1.072777,-0.1214322,-0.4404493,0.4458648,0.4424094,2.910314,24,24,24,24,24,24,24,24,24,24,24,24,24,24,24,25
691,6910,-36.67757,-59.97791,-19.45199,-17.66476,-14.60291,-12.09761,-8.297004,-8.90507,-7.800444,-8.120624,-5.109735,-5.673825,-4.053652,-4.181473,-2.148142,-1.085285,25,25,25,25,25,25,25,25,25,25,25,25,25,25,25,25,691,6910,-1.345184,-1.845395,-1.441762,-1.55157,161.8838,138.0704,-2.22043,-1.565586,-1.425133,-2.190166,-2.235492,-1.750014,-1.153598,-1.782682,-1.566579,-3.391509,25,25,25,25,25,25,25,25,25,25,25,25,25,25,25,25,691,6910,-1.608548,-3.709692,-2.937333,-1.806094,-2.460697,-1.784048,-2.198882,-69.99485,0.620456,0.7255462,-0.3575984,0.4849325,0.6602068,0.3346994,-0.5535852,2.676285,24,24,24,24,24,24,24,24,24,24,24,24,24,24,24,25
692,6920,-37.88006,-59.25237,-20.80588,-20.34434,-17.37881,-11.60396,-9.190302,-9.28123,-8.29533,-8.489407,-5.703872,-6.30408,-4.649741,-3.823076,-2.983967,-0.4816833,25,25,25,25,25,25,25,25,25,25,25,25,25,25,25,25,692,6920,-2.152156,-1.581802,-2.227286,-1.939346,161.8838,138.0704,-2.089831,-0.9138299,-2.978186,-2.5764,-1.841311,-1.884719,-1.409558,-1.671322,-2.168706,-2.939415,25,25,25,25,25,25,25,25,25,25,25,25,25,25,25,25,692,6920,-1.148992,-3.198052,-3.065124,-2.064067,-1.424736,-1.784048,-2.328206,-70.65091,0.2495256,0.120774,1.072777,0.8487538,-0.1102528,-0.776957,-0.2215876,3.378365,24,24,24,24,24,24,24,24,24,24,24,24,24,24,24,25
693,6930,-38.60155,-60.58253,-21.91362,-18.88275,-15.68913,-10.9869,-8.80746,-8.528911,-7.181836,-7.75184,-4.87208,-6.30408,-4.053652,-4.420404,-2.506353,-1.206006,25,25,25,25,25,25,25,25,25,25,25,25,25,25,25,25,693,6930,-2.152156,-2.240784,-2.620048,-2.197898,162.5416,137.4568,-2.089831,-2.869099,-2.589924,-2.061421,-1.184341,-1.884719,-0.8976387,-2.339497,-0.9644518,-2.261274,25,25,25,25,25,25,25,25,25,25,25,25,25,25,25,25,693,6930,-2.297878,-4.349242,-2.809541,-1.93508,-1.942716,-1.529221,-2.586857,-70.86961,0.002237804,0.3626816,1.072777,-0.242707,-0.2203193,0.223534,0.3317424,3.027328,24,24,24,24,24,24,24,24,24,24,24,24,24,24,24,25
694,6940,-36.43708,-61.18714,-20.80588,-17.90836,-15.08568,-10.86349,-7.658934,-7.400432,-6.315784,-6.644574,-3.683806,-5.295672,-2.742257,-3.225748,-2.028739,0.001199168,25,25,25,25,25,25,25,25,25,25,25,25,25,25,25,25,694,6940,-2.017661,-3.163357,-1.703601,-1.939346,161.8838,138.6841,-2.481625,-3.129802,-1.813397,-1.546443,-1.841311,-1.480603,-1.665519,-3.00767,-1.084877,-1.922203,25,25,25,25,25,25,25,25,25,25,25,25,25,25,25,25,694,6940,-2.527656,-3.453873,-3.448498,-2.064067,-2.590192,-2.166289,-2.198882,-70.43223,0.3731691,0.6045924,0.1191936,0.8487538,0.3300103,-0.5546262,-0.6642522,2.09122,24,24,24,24,24,24,24,24,24,24,24,24,24,24,24,25
695,6950,-34.99409,-59.13145,-20.6828,-17.90836,-16.65466,-11.60396,-9.955985,-8.528911,-7.181836,-6.767642,-4.040288,-4.91752,-2.980692,-2.867351,-1.551124,-0.2402413,25,25,25,25,25,25,25,25,25,25,25,25,25,25,25,25,695,6950,-2.555642,-1.450006,-1.441762,-1.680794,162.0153,137.4569,-2.873419,-1.044181,-1.813397,-1.288953,-0.5273705,-1.345898,-1.793497,-0.4463328,-0.3623244,-1.583132,25,25,25,25,25,25,25,25,25,25,25,25,25,25,25,25,695,6950,-1.723437,-4.093422,-3.192915,-2.837986,-1.424735,-0.5099135,-2.586857,-70.43223,-0.2450492,0.4836354,0.834381,0.4849325,0.4400736,-0.6657916,-0.0002552445,3.261351,24,24,24,24,24,24,24,24,24,24,24,24,24,24,24,25
696,6960,-34.0321,-59.61514,-18.95966,-16.44677,-13.39602,-11.48055,-7.403707,-8.90507,-6.192062,-6.521504,-3.564978,-4.791469,-2.623039,-3.942542,-2.864563,-1.085285,25,25,25,25,25,25,25,25,25,25,25,25,25,25,25,25,696,6960,-1.345184,-1.713598,-0.918084,-2.068622,162.0153,136.8433,-2.742822,-0.6531242,-1.683975,-1.031464,-1.44713,-2.288835,-0.8976387,-0.7804205,-1.687004,-1.470109,25,25,25,25,25,25,25,25,25,25,25,25,25,25,25,25,696,6960,-1.723437,-4.221333,-3.065124,-1.032174,-0.3887735,-0.5099135,-3.750783,-70.76025,1.115031,0.2417278,0.3575891,-1.091621,-0.2203193,0.001202378,0.2210771,3.261351,24,24,24,24,24,24,24,24,24,24,24,24,24,24,24,25
697,6970,-33.19036,-59.01052,-19.20582,-17.54296,-15.44776,-11.23373,-8.169391,-8.278137,-5.696877,-5.783091,-3.327324,-4.413316,-2.980692,-2.747885,-2.74516,0.1219202,25,25,25,25,25,25,25,25,25,25,25,25,25,25,25,25,697,6970,-1.883166,-1.581802,-2.096363,-1.292967,160.6997,137.3342,-1.959234,-1.30488,-1.684026,-1.675187,-2.366887,-1.480603,-1.281579,-1.894046,-1.205303,-1.922203,25,25,25,25,25,25,25,25,25,25,25,25,25,25,25,25,697,6970,-1.37877,-2.942233,-3.065124,-1.54812,-2.331201,-3.185597,-2.069556,-70.21353,0.1258821,0.2417278,0.4767871,0.242386,-0.1102528,-0.109963,-0.8855845,2.559271,24,24,24,24,24,24,24,24,24,24,24,24,24,24,24,25
698,6980,-36.79782,-60.21976,-21.29821,-20.95333,-19.43055,-14.44244,-10.9769,-8.654297,-5.820741,-5.783091,-3.564978,-4.413316,-2.861475,-2.867351,-2.267546,-0.3609623,25,25,25,25,25,25,25,25,25,25,25,25,25,25,25,25,698,6980,-1.74867,-2.240784,-1.310846,-1.81007,161.226,137.5796,-2.089831,-2.086988,-1.425184,-2.318911,-3.023861,-2.288835,-1.665519,-2.339497,-1.566579,-3.504533,25,25,25,25,25,25,25,25,25,25,25,25,25,25,25,25,698,6980,-0.9192141,-3.453873,-3.065124,-2.966973,-1.683725,-1.019567,-2.845507,-71.30697,-0.1214057,0.6045924,1.668767,0.9700254,0.3300103,-0.2211292,0.4424094,3.027328,24,24,24,24,24,24,24,24,24,24,25,24,24,24,24,25
699,6990,-37.39906,-60.9453,-20.80588,-20.46614,-17.4995,-14.19561,-10.0836,-8.403524,-6.686948,-6.029228,-3.564978,-5.043571,-3.219128,-2.986817,-1.670528,-0.2402413,25,25,25,25,25,25,25,25,25,25,25,25,25,25,25,25,699,6990,-3.362614,-1.977191,-2.620048,-3.232107,161.7522,138.0705,-2.22043,-1.174529,-3.10766,-2.962635,-2.104049,-1.884719,-2.305418,-2.005409,-2.650408,-2.261274,25,25,25,25,25,25,25,25,25,25,25,25,25,25,25,25,699,6990,-2.182992,-4.349242,-3.320707,-2.708999,-2.590192,-2.166289,-3.492132,-70.21353,0.8677438,-0.8468627,0.2383911,-0.3639787,-0.0001862161,0.1123678,-0.2215876,2.793299,24,24,24,24,24,24,24,24,24,24,25,24,24,24,24,25
700,7000,-35.23459,-59.49422,-20.06739,-18.63915,-17.01674,-12.96149,-10.0836,-7.275045,-6.06834,-5.290814,-4.159114,-4.16156,-2.623039,-3.106282,-1.789931,-0.8438448,25,25,25,25,25,25,25,25,25,25,25,25,25,25,25,25,700,7000,-2.017661,-2.240784,-3.536488,-1.680794,162.41,138.1932,-1.828636,-2.21734,-2.589976,-2.061422,-1.052895,-2.019374,-1.025617,-2.228134,-1.687004,-2.487321,25,25,25,25,25,25,25,25,25,25,25,25,25,25,25,25,700,7000,-1.723437,-3.325963,-2.937333,-2.837986,-2.590192,-1.656635,-2.069556,-69.88551,0.3731691,0.120774,1.549569,0.1211143,-0.5505158,-0.5546262,0.1104101,3.495379,24,24,24,24,24,24,24,24,24,24,25,24,24,24,24,25
701,7010,-36.07633,-58.64776,-21.17513,-19.00455,-17.25811,-13.0849,-7.786549,-6.39734,-4.334363,-4.798538,-2.376704,-3.531191,-1.788568,-3.823076,-1.192914,-0.6024027,25,25,25,25,25,25,25,25,25,25,25,25,25,25,25,25,701,7010,-1.47968,-3.42695,-2.096363,-2.068622,162.1469,137.825,-1.698037,-2.869096,-2.201712,-1.546443,-1.972655,-2.019374,-1.921479,-2.562221,-1.446154,-1.922203,25,25,25,25,25,25,25,25,25,25,25,25,25,25,25,25,701,7010,-1.723437,-2.942233,-3.448498,-2.32204,-1.165744,-2.54853,-2.198882,-70.97894,0.002237804,0.3626816,1.311173,0.3636608,-0.4405039,0.4458648,0.2210771,2.559271,24,24,24,24,24,24,24,24,24,24,25,24,24,24,24,25
702,7020,-40.40528,-59.73607,-21.29821,-19.24815,-16.29259,-11.9742,-6.893252,-6.02118,-3.838904,-3.937055,-2.733186,-3.026895,-2.265439,-2.270023,-1.909335,0.1219202,25,25,25,25,25,25,25,25,25,25,25,25,25,25,25,25,702,7020,-2.152156,-2.636173,-1.703601,-1.551518,161.6206,138.5614,-2.873419,-1.30488,-1.684026,-1.675187,-1.84126,-1.480551,-2.049458,-1.22587,-1.446154,-1.696156,25,25,25,25,25,25,25,25,25,25,25,25,25,25,25,25,702,7020,-2.642545,-3.581783,-2.809541,-2.064067,-1.813221,-2.166289,-1.940231,-70.32288,-0.2450492,-0.8468627,0.2383911,0.3636608,0.440019,0.4458142,0.1104101,2.910314,24,24,24,24,24,24,24,24,24,24,25,24,24,24,24,25
703,7030,-38.00031,-58.76868,-20.43664,-15.83778,-14.72361,-11.35714,-6.765638,-6.271952,-4.334363,-4.183193,-2.733186,-2.774747,-2.74231,-1.911626,-0.7153003,0.2426396,25,25,25,25,25,25,25,25,25,25,25,25,25,25,25,25,703,7030,-2.286652,-1.977191,-1.834524,-2.068622,163.0678,136.966,-2.22043,-1.044178,-1.425184,-1.160209,-0.6587138,-1.884668,-0.8976387,-0.8917842,-1.566527,-1.809179,25,25,25,25,25,25,25,25,25,25,25,25,25,25,25,25,703,7030,-1.263881,-3.709692,-3.831872,-1.93508,-1.29524,-1.529221,-1.940231,-70.21353,0.002237804,0.7255462,1.191975,-0.0001605311,-0.8807669,-0.1100144,-0.3322513,2.910314,24,24,24,24,24,24,24,24,24,24,25,24,24,24,24,25
704,7040,-35.11434,-57.68037,-18.59042,-15.47238,-13.51671,-11.35714,-7.148479,-6.522726,-4.334363,-5.536952,-2.614359,-4.16156,-3.099963,-4.062007,-2.625757,-1.326727,25,25,25,25,25,25,25,25,25,25,25,25,25,25,25,25,704,7040,-2.555642,-1.713598,-2.881887,-1.034414,161.0944,137.4569,-1.567439,-0.3924216,-2.07229,-1.288953,-2.104049,-1.076437,-1.281579,-1.337234,-1.205251,-2.03522,25,25,25,25,25,25,25,25,25,25,25,25,25,25,25,25,704,7040,-1.37877,-3.325963,-2.426167,-1.161161,-1.813221,-2.803357,-1.293605,-69.44814,0.002237804,0.4836354,0.5959851,0.1211143,0.3299557,0.5569797,0.3317456,2.793299,24,24,24,24,24,24,24,24,24,24,25,24,24,24,24,25
705,7050,-35.47509,-58.52683,-19.57507,-18.15195,-14.72361,-9.505959,-7.148479,-6.39734,-4.705958,-4.060124,-3.327324,-3.152969,-3.457616,-2.747885,-2.506353,0.1219202,25,25,25,25,25,25,25,25,25,25,25,25,25,25,25,25,705,7050,-1.883114,-2.108987,-1.572685,-1.680794,160.9628,138.0705,-2.22043,-1.956637,-1.554606,-2.5764,-1.315684,-1.076437,-1.281579,-1.448596,-0.8439748,-3.052432,25,25,25,25,25,25,25,25,25,25,25,25,25,25,25,25,705,7050,-1.493659,-3.453873,-3.576289,-2.193053,-1.942716,-1.019567,-2.069556,-70.76025,0.002237804,-1.330678,1.191975,0.3636608,0.440019,0.5569797,-0.2215859,3.378365,24,24,24,24,24,24,24,24,24,24,25,24,24,24,24,25
706,7060,-38.4813,-59.61514,-20.19048,-15.83778,-12.67187,-8.518662,-5.999954,-5.268861,-4.086634,-4.060124,-2.852014,-3.405117,-2.74231,-3.345214,-2.506353,-0.2402413,25,25,25,25,25,25,25,25,25,25,25,25,25,25,25,25,706,7060,-1.883114,-1.581802,-2.489125,-2.327174,161.8838,139.1749,-2.089831,-0.6531242,-1.684026,-2.061422,-0.3959244,-1.345847,-2.177436,-0.8917842,-1.807378,-1.809173,25,25,25,25,25,25,25,25,25,25,25,25,25,25,25,25,706,7060,-1.953214,-4.093473,-3.576289,-1.677107,-1.55423,-1.401808,-1.681581,-70.21353,0.002237804,0.4836354,0.953579,-0.242707,-0.3304373,0.1123172,-0.110919,3.495379,24,24,24,24,24,24,24,24,24,24,25,24,24,24,24,25
707,7070,-38.24081,-60.21976,-18.83658,-16.08137,-11.70634,-8.025015,-5.744726,-5.519633,-4.086634,-4.5524,-3.327324,-2.522599,-2.384656,-3.345214,-2.38695,-0.3609623,25,25,25,25,25,25,25,25,25,25,25,25,25,25,25,25,707,7070,-1.345133,-1.977191,-1.834473,-1.422242,162.8047,137.9478,-1.567439,-1.565583,-1.813448,-1.160209,-0.5273191,-1.615258,-0.6416783,-1.782682,-1.807378,-1.696149,25,25,25,25,25,25,25,25,25,25,25,25,25,25,25,25,707,7070,-1.838326,-2.942285,-2.937333,-1.419134,-1.683725,-1.146981,-2.069556,-69.88551,-0.1214057,0.4836354,-4.414606E-06,0.7274789,0.2198891,0.4458142,-0.7749159,2.676285,24,24,24,24,24,24,24,24,24,24,25,24,24,24,24,25
708,7080,-36.55732,-58.76868,-17.3596,-12.06201,-10.01667,-5.927012,-4.5962,-4.265768,-3.962769,-2.829433,-3.683806,-2.270421,-2.980745,-2.270023,-1.551125,-0.2402413,25,25,25,25,25,25,25,25,25,25,25,25,25,25,25,25,708,7080,-1.748619,-2.37258,-1.572634,-1.034414,161.4891,138.4387,-1.436842,-1.956637,-1.03692,-0.9027196,-1.578471,-0.8070253,-2.049458,-1.671322,-1.205251,-2.261267,25,25,25,25,25,25,25,25,25,25,25,25,25,25,25,25,708,7080,-1.034103,-2.430645,-3.448498,-1.93508,-1.036249,-1.784048,-2.586857,-70.97894,-0.1214057,-0.1211336,0.834381,0.8487538,0.1098226,0.2234826,0.442411,3.729408,24,24,24,24,24,24,24,24,24,24,25,24,24,24,24,25
709,7090,-35.83583,-57.92221,-15.75954,-9.38243,-7.240789,-5.803599,-2.937219,-2.886516,-2.600256,-2.829433,-1.901395,-2.018206,-1.311697,-2.508954,-1.312318,-1.085285,25,25,25,25,25,25,25,25,25,25,25,25,25,25,25,25,709,7090,-3.093572,-1.977191,-1.834473,-1.81007,162.0153,138.0705,-3.134616,-1.695934,-1.813448,-1.417698,-0.9215001,-1.345847,-1.921479,-1.782682,-0.8439748,-2.600338,25,25,25,25,25,25,25,25,25,25,25,25,25,25,25,25,709,7090,-2.527656,-4.349293,-3.065124,-2.966973,-2.460697,-2.803357,-3.750783,-70.97894,0.620456,-0.8468627,0.834381,-0.6065283,-0.4405039,-0.1100144,-0.110919,3.378365,24,24,24,24,24,24,24,24,24,24,25,24,24,24,24,25
710,7100,-32.22837,-57.55945,-14.52873,-8.895234,-7.602857,-4.692892,-1.916165,-3.137289,-1.609337,-1.844882,-1.18843,-1.135454,-0.5963908,-2.150557,-1.073511,-0.2402413,25,25,25,25,25,25,25,25,25,25,25,25,25,25,25,25,710,7100,-2.690086,-2.240784,-2.096312,-2.327174,161.7522,136.7205,-1.698037,-1.174529,-1.684026,-0.7739748,-1.315684,-2.019374,-0.8976387,-1.114508,-1.807378,-2.03522,25,25,25,25,25,25,25,25,25,25,25,25,25,25,25,25,710,7100,-1.838326,-3.070194,-2.809541,-2.837986,-2.331201,-2.038876,-1.681581,-68.79206,0.002237804,0.3626816,0.953579,0.4849325,0.3299557,-0.3323452,0.3317456,3.144343,24,24,24,24,24,24,24,24,24,24,25,24,24,24,24,25
711,7110,-31.62713,-56.47113,-15.26722,-8.895234,-8.085619,-4.692892,-3.320061,-3.262676,-2.97185,-1.96795,-1.901395,-2.396525,-2.027003,-1.911626,-2.028739,-0.2402413,25,25,25,25,25,25,25,25,25,25,25,25,25,25,25,25,711,7110,-1.614124,-1.713598,-1.70355,-2.197898,160.4366,138.4386,-2.089831,-1.044178,-0.9075001,-2.190166,-2.366836,-1.345847,-0.1297589,-1.448596,-0.8439748,-2.487314,25,25,25,25,25,25,25,25,25,25,25,25,25,25,25,25,711,7110,-1.723437,-3.326014,-3.576289,-1.419134,-1.683725,-2.16629,-2.716182,-70.32288,0.002237804,-0.0001797949,0.7151831,0.6062073,-0.0002407967,0.3346488,-0.3322513,2.910314,24,24,24,24,24,24,24,24,24,24,25,24,24,24,24,25
712,7120,-32.70937,-57.19667,-14.65181,-11.33121,-8.689075,-6.050423,-2.554378,-3.764222,-2.228662,-3.690917,-1.901395,-3.279043,-1.788568,-3.584145,-2.625757,-1.085285,25,25,25,25,25,25,25,25,25,25,25,25,25,25,25,25,712,7120,-2.2866,-2.37258,-2.096312,-2.068622,161.6206,138.3158,-2.351028,-0.131719,-1.554606,-2.318911,-1.447079,-1.884668,-2.049458,-0.8917842,-2.048229,-2.826385,25,25,25,25,25,25,25,25,25,25,25,25,25,25,25,25,712,7120,-2.182992,-3.837653,-2.553959,-1.419134,-2.460697,-1.911463,-1.681581,-70.21353,0.002237804,-1.209724,0.5959851,0.9700254,0.3299557,0.6681458,0.2210787,2.910314,24,24,24,24,24,24,24,24,24,24,25,24,24,24,24,25
713,7130,-37.39906,-59.13144,-15.75954,-14.13259,-11.94773,-8.888899,-5.23427,-6.522726,-3.838853,-4.306262,-3.564978,-3.279043,-2.027003,-1.79216,-1.789932,0.2426396,25,25,25,25,25,25,25,25,25,25,25,25,25,25,25,25,713,7130,-5.111002,-3.295154,-2.489074,-2.197898,161.7522,139.1749,-1.828636,-1.174529,-2.331135,-2.061422,-1.315684,-2.154079,-1.281579,-1.671322,-2.650356,-2.03522,25,25,25,25,25,25,25,25,25,25,25,25,25,25,25,25,713,7130,-1.608548,-3.453924,-3.192915,-2.451026,-2.201706,-1.529222,-0.5176543,-69.77615,0.1258821,0.8464999,0.4767871,-0.1214322,-0.5505704,0.2234826,0.1104133,3.378365,24,24,24,24,24,24,24,24,24,24,25,24,24,24,24,25
714,7140,-35.83583,-58.64776,-16.49803,-14.37619,-12.67187,-9.505959,-7.148479,-6.648112,-4.829772,-4.429384,-2.733186,-2.900821,-2.027003,-2.389488,-1.551125,0.2426396,25,25,25,25,25,25,25,25,25,25,25,25,25,25,25,25,714,7140,-4.03504,-4.744913,-2.750913,-2.197898,161.7522,138.0704,-1.567439,-2.478042,-1.295766,-1.031464,-1.315684,-0.9417302,-1.537537,-2.005409,-0.8439748,-2.03522,25,25,25,25,25,25,25,25,25,25,25,25,25,25,25,25,714,7140,-2.068103,-2.814375,-2.553959,-1.93508,-2.460697,-2.038876,-2.457532,-70.43223,0.4968126,0.9674569,0.7151831,0.4849325,0.6601522,0.4458142,-0.7749159,2.559271,24,24,24,24,24,24,24,24,24,24,25,24,24,24,24,25
715,7150,-35.71558,-58.52683,-15.63647,-13.76719,-11.82703,-9.752783,-5.23427,-6.02118,-4.705907,-5.167799,-3.327324,-4.035486,-2.384656,-2.270023,-1.551125,-0.3609623,25,25,25,25,25,25,25,25,25,25,25,25,25,25,25,25,715,7150,-4.573021,-3.954135,-2.881836,-2.45645,160.8312,138.0704,-3.004018,-1.695934,-1.295766,-0.9027196,-1.18429,-1.211142,-2.049458,-1.337234,-0.7235491,-2.148244,25,25,25,25,25,25,25,25,25,25,25,25,25,25,25,25,715,7150,-1.723437,-3.326014,-2.937333,-3.095958,-1.29524,-1.401809,-2.457532,-70.54156,-0.3686927,-0.0001765842,0.9535794,0.4849325,-0.5505704,-0.2211798,0.1104133,3.495379,24,24,24,24,24,24,24,24,24,24,25,24,24,24,24,25
716,7160,-32.82962,-57.07575,-14.40565,-10.96582,-9.654599,-6.544071,-4.340972,-4.014995,-3.219529,-2.952555,-2.614359,-2.270431,-2.265439,-1.433763,-1.789932,0.001199168,25,25,25,25,25,25,25,25,25,25,25,25,25,25,25,25,716,7160,-3.900545,-3.163357,-2.358157,-1.680794,161.7522,137.5795,-1.436842,-0.2620703,-0.77808,-0.1302509,-0.9215001,-1.615258,-0.7696585,-1.337234,-2.048229,-1.809173,25,25,25,25,25,25,25,25,25,25,25,25,25,25,25,25,716,7160,-2.182992,-3.965564,-3.065124,-1.806094,-0.9067537,-1.019568,-2.198882,-69.77615,0.002237804,-0.2420842,0.4767879,-0.1214868,0.3299557,0.8904766,0.6637433,3.027328,24,24,24,24,24,24,24,24,24,24,25,24,24,24,24,25
717,7170,-31.26639,-56.8339,-15.02106,-11.69661,-9.292531,-6.544071,-3.830517,-4.140381,-2.971799,-3.321762,-2.020222,-2.774655,-1.430862,-2.389488,-0.9541072,-0.6024027,25,25,25,25,25,25,25,25,25,25,25,25,25,25,25,25,717,7170,-3.362563,-2.504376,-2.750913,-1.422242,161.7522,137.5795,-1.436842,-0.6531242,-2.331135,-0.9027196,-2.104049,-1.076437,-1.409555,-1.671322,-1.566527,-2.374291,25,25,25,25,25,25,25,25,25,25,25,25,25,25,25,25,717,7170,-1.608548,-3.965564,-3.320707,-2.451026,-2.590192,-2.421117,-2.328206,-69.88551,-0.1214057,0.4836418,1.668767,0.4848779,-0.0002440073,-0.3323452,-0.0002536392,2.793299,24,24,24,24,24,24,24,24,24,24,25,24,24,24,24,25
718,7180,-30.90564,-57.80129,-14.52873,-12.06201,-10.13736,-7.161131,-3.447675,-4.391154,-3.219529,-4.183246,-2.614359,-3.026756,-1.55008,-3.106284,-1.789932,0.3633606,25,25,25,25,25,25,25,25,25,25,25,25,25,25,25,25,718,7180,-2.2866,-2.899765,-1.834473,-2.197898,161.7522,138.684,-2.22043,-1.30488,-0.2603959,-2.318911,-1.315684,-1.076437,-1.409555,-1.114505,-1.446102,-2.939409,25,25,25,25,25,25,25,25,25,25,25,25,25,25,25,25,718,7180,-1.723437,-3.965564,-3.320707,-1.806094,-1.683725,-2.421117,-3.104158,-70.32288,-0.2450492,0.241731,0.5959855,0.1210597,0.2198859,0.5569788,-0.2215859,2.325248,24,24,24,24,24,24,24,24,24,24,25,24,24,24,25,25
719,7190,-31.98788,-57.68037,-15.75954,-13.1582,-10.37875,-6.42066,-4.723814,-4.892701,-3.343394,-3.198694,-3.564978,-3.53096,-2.384604,-2.986818,-2.386949,-0.4816833,25,25,25,25,25,25,25,25,25,25,25,25,25,25,25,25,719,7190,-4.03504,-2.37258,-3.143675,-2.068622,162.2785,139.0522,-1.828636,-1.565583,-2.460555,-2.061422,-1.447079,-1.749963,-1.921476,-1.782679,-2.289132,-2.148244,25,25,25,25,25,25,25,25,25,25,25,25,25,25,25,25,719,7190,-2.182992,-2.942285,-2.681751,-1.806094,-1.813221,-2.16629,-2.198882,-69.99485,-0.61598,-0.483995,0.8343815,0.4848779,0.1098194,0.5569788,-0.2215314,3.144343,24,24,24,24,24,24,24,24,24,24,25,24,24,24,25,25
720,7200,-33.31061,-57.68037,-15.63647,-14.49799,-10.13736,-6.790895,-4.213359,-4.391154,-2.47634,-3.69097,-1.901395,-2.900706,-1.669297,-4.062009,-2.148142,-0.8438416,25,25,25,25,25,25,25,25,25,25,25,25,25,25,25,25,720,7200,-2.01761,-3.558747,-3.66736,-1.81007,162.2785,138.5613,-1.306243,-2.086988,-2.201713,-1.546443,-1.315684,-2.558195,-1.281576,-2.784942,-2.409557,-2.261222,25,25,25,25,25,25,25,25,25,25,25,25,25,25,25,25,720,7200,-0.9192141,-3.198104,-3.70408,-1.677107,-1.683725,-1.784049,-2.845507,-70.65091,-0.61598,0.6045956,0.8343815,0.2423314,-0.660637,0.3346472,0.1104663,3.364977,24,24,24,24,24,24,24,24,24,24,25,24,24,24,25,25
721,7210,-33.07011,-58.40591,-15.02106,-13.4018,-9.775293,-7.03772,-3.702903,-4.265768,-2.72407,-3.444832,-2.614359,-3.026756,-2.861475,-3.464681,-2.983967,-0.3609591,25,25,25,25,25,25,25,25,25,25,25,25,25,25,25,25,721,7210,-3.631605,-4.48132,-2.750913,-1.939346,161.6206,138.684,-2.481625,-2.478042,-1.942871,-1.160209,-3.286592,-1.884668,-3.201275,-2.116767,-1.80743,-2.939364,25,25,25,25,25,25,25,25,25,25,25,25,25,25,25,25,721,7210,-2.412825,-2.686465,-2.298376,-2.064067,-2.849182,-3.695252,-2.586857,-70.43223,-0.2450492,0.6045956,-4.013278E-06,-0.2427616,-0.0002440073,0.1123164,-0.553529,1.961055,24,24,24,24,24,24,24,24,24,24,25,24,24,24,25,25
722,7220,-33.19036,-58.04315,-15.63647,-13.5236,-11.34427,-7.284544,-4.468586,-4.641928,-3.219529,-3.567901,-2.614359,-2.900706,-2.384604,-2.508957,-1.909335,-0.2402397,25,25,25,25,25,25,25,25,25,25,25,25,25,25,25,25,722,7220,-3.766101,-3.295154,-2.750913,-2.973554,162.1469,138.0704,-2.351028,-2.347691,-1.554608,-2.705146,-1.709865,-2.558195,-2.305415,-1.894043,-1.927855,-3.165411,25,25,25,25,25,25,25,25,25,25,25,25,25,25,25,25,722,7220,-2.068158,-3.709692,-2.937333,-3.095958,-2.719687,-1.019568,-2.716182,-70.76025,-0.9869109,-0.483995,0.9535794,0.1210597,-0.1103106,-0.1100152,-0.664196,3.832951,24,24,24,24,24,24,24,24,24,24,25,24,24,24,25,25
723,7230,-32.82962,-58.52684,-15.63647,-14.25439,-10.49943,-7.284544,-4.340972,-5.268861,-3.343394,-4.306315,-2.614359,-3.152807,-2.265387,-3.345215,-2.506353,-0.7231221,25,25,25,25,25,25,25,25,25,25,25,25,25,25,25,25,723,7230,-3.228119,-3.163357,-3.405559,-2.068622,161.3575,137.825,-1.828636,-1.956637,-3.366503,-1.546443,-3.155201,-3.097016,-1.537537,-2.339494,-2.168706,-2.82634,25,25,25,25,25,25,25,25,25,25,25,25,25,25,25,25,723,7230,-2.987266,-4.349241,-2.937331,-2.064067,-1.942716,-1.401809,-3.104158,-70.32288,1.115031,0.4836418,-0.2384,0.2423314,-0.4405071,0.5569788,-0.110866,3.247982,24,24,24,24,24,24,24,24,24,24,25,24,24,24,25,25
724,7240,-33.91185,-58.40592,-15.75954,-13.5236,-11.46497,-7.531367,-4.468586,-4.516541,-4.086583,-3.567901,-3.564978,-3.404909,-3.576781,-2.867352,-2.74516,0.1219218,25,25,25,25,25,25,25,25,25,25,25,25,25,25,25,25,724,7240,-3.093624,-1.977191,-2.096357,-1.422294,160.5681,138.9294,-1.306243,-1.826286,-1.81345,-2.061422,-2.629625,-2.154079,-1.665515,-2.005406,-1.446154,-2.713316,25,25,25,25,25,25,25,25,25,25,25,25,25,25,25,25,724,7240,-2.527714,-3.453871,-3.065122,-2.193054,-2.719687,-1.911463,-3.233482,-70.76025,-0.1214057,0.3626848,0.7151834,0.4848779,0.2198859,-0.3323468,-0.664196,3.013998,24,24,24,24,24,24,24,24,24,24,25,24,24,24,25,25
725,7250,-34.63335,-58.88961,-15.51338,-13.5236,-11.46497,-7.407955,-5.361885,-4.641928,-3.343394,-4.060177,-2.614359,-3.026756,-2.980692,-3.106284,-1.789931,-0.6024011,25,25,25,25,25,25,25,25,25,25,25,25,25,25,25,25,725,7250,-2.555642,-2.899765,-2.620042,-3.232158,161.7523,139.7885,-1.959234,-1.695934,-2.460555,-3.348869,-2.104049,-1.749963,-2.817336,-2.005406,-2.891259,-3.391458,25,25,25,25,25,25,25,25,25,25,25,25,25,25,25,25,725,7250,-0.804383,-2.814323,-2.553957,-1.935081,-1.29529,-1.529222,-3.104158,-71.30697,0.2495256,0.6045956,0.5959855,-0.0002151117,0.4400159,0.3346472,0.8851286,3.364977,24,24,24,24,24,24,24,24,24,24,25,24,24,24,25,25
726,7260,-32.82962,-58.52684,-16.62111,-16.81217,-14.24085,-10.9869,-6.765638,-7.651205,-5.696826,-6.398489,-2.852014,-3.909112,-1.788515,-2.867352,-1.551124,-0.2402397,25,25,25,25,25,25,25,25,25,25,25,25,25,25,25,25,726,7260,-2.555642,-2.767969,-3.667404,-2.84433,162.41,138.9294,-1.175645,-2.999447,-3.495925,-3.091379,-2.49823,-3.097016,-2.049454,-3.007666,-3.011684,-3.165411,25,25,25,25,25,25,25,25,25,25,25,25,25,25,25,25,726,7260,-2.757488,-3.965512,-2.80954,-2.32204,-2.072261,-2.166289,-2.845507,-69.77615,-0.1214057,-0.6049488,0.3575899,0.1210597,0.1098194,0.3346472,0.4424639,3.130986,24,24,24,24,24,24,24,24,24,24,25,24,24,24,25,25
727,7270,-34.99409,-57.68038,-18.34426,-17.17756,-16.05121,-11.11031,-9.190302,-8.278137,-7.058114,-7.259973,-3.208496,-6.178028,-3.695998,-3.942544,-1.551124,-0.4816801,25,25,25,25,25,25,25,25,25,25,25,25,25,25,25,25,727,7270,-2.555642,-3.954135,-3.274642,-2.327225,161.3575,138.5613,-2.351028,-3.651204,-2.719398,-3.220124,-3.155201,-2.827607,-3.585214,-3.11903,-2.650408,-3.165411,25,25,25,25,25,25,25,25,25,25,25,25,25,25,25,25,727,7270,-2.297936,-3.325962,-3.192914,-3.353933,-3.367213,-2.675943,-2.845457,-70.21353,0.1258821,0.3626848,1.191975,-0.1214868,-0.7707036,-0.4435122,0.1104663,2.897003,24,24,24,24,24,24,24,24,24,24,25,24,24,24,25,25
728,7280,-35.11434,-58.16407,-18.09809,-17.78656,-16.29259,-12.34443,-9.062687,-8.403524,-6.810671,-7.628912,-3.921461,-5.799876,-3.09991,-5.256666,-2.148142,-0.6024011,25,25,25,25,25,25,25,25,25,25,25,25,25,25,25,25,728,7280,-4.035091,-2.767969,-3.14372,-2.456502,162.6732,138.8067,-2.481625,-2.738745,-2.719398,-2.83389,-2.49823,-2.962312,-3.457235,-2.450855,-2.048281,-3.052387,25,25,25,25,25,25,25,25,25,25,25,25,25,25,25,25,728,7280,-2.527714,-3.198052,-2.80954,-1.677107,-1.942766,-2.54853,-3.750733,-71.08829,0.1258821,0.3626848,0.8343815,-0.0002151117,-0.0002440073,0.7793105,-0.0001990586,3.364977,24,24,24,24,24,24,24,24,24,24,25,24,24,24,25,25
729,7290,-36.43708,-59.85699,-20.43664,-21.92773,-20.034,-15.42973,-11.23212,-10.15894,-7.553,-9.472828,-4.159114,-7.94274,-3.695998,-3.823078,-2.506353,-0.1195186,25,25,25,25,25,25,25,25,25,25,25,25,25,25,25,25,729,7290,-2.690138,-2.767969,-3.405559,-2.585778,161.8838,137.5795,-2.481625,-2.347691,-3.495924,-2.705146,-3.023809,-4.444068,-2.433393,-2.116767,-2.409557,-2.261222,25,25,25,25,25,25,25,25,25,25,25,25,25,25,25,25,729,7290,-2.642599,-3.453871,-2.937331,-1.419135,-2.849233,-1.784048,-1.552205,-70.54156,-0.1214057,-0.483995,1.072777,-0.0002151117,-0.5505736,0.3346472,-0.9961936,2.663019,24,24,24,24,24,24,24,24,24,24,25,24,24,24,25,25
730,7300,-38.7218,-59.01053,-21.29821,-23.02392,-21.84436,-16.91068,-12.76349,-12.29051,-9.656268,-9.718685,-4.87208,-7.186436,-3.934435,-3.464681,-2.148142,0.2426428,25,25,25,25,25,25,25,25,25,25,25,25,25,25,25,25,730,7300,-2.421147,-1.845395,-3.405559,-1.939398,161.226,138.9294,-1.959234,-2.086988,-2.978238,-2.5764,-3.155201,-2.423489,-2.177436,-2.22813,-1.566579,-2.148199,25,25,25,25,25,25,25,25,25,25,25,25,25,25,25,25,730,7300,-2.183047,-3.837602,-3.83187,-1.677107,-2.590242,-2.038875,-2.845457,-71.19762,-0.4923362,0.3626816,0.119194,-0.3640365,-0.9908335,-0.1100152,0.3317986,3.598967,24,24,24,24,24,24,24,24,24,24,25,24,24,24,25,25
731,7310,-39.56354,-60.09884,-20.80588,-23.38931,-21.60298,-18.02139,-13.27395,-11.91435,-9.161382,-10.57918,-4.990958,-8.068791,-3.934435,-4.539872,-2.74516,-1.085284,25,25,25,25,25,25,25,25,25,25,25,25,25,25,25,25,731,7310,-2.555642,-2.108987,-2.096357,-3.102881,161.8838,139.4203,-2.351028,-2.738745,-2.589976,-4.378826,-2.892411,-2.6929,-2.561375,-1.894043,-2.168706,-3.165411,25,25,25,25,25,25,25,25,25,25,25,25,25,25,25,25,731,7310,-1.953269,-3.325962,-1.659418,-2.193054,-2.072261,-3.058184,-2.586807,-70.21353,0.2495256,0.9674537,0.238392,-0.0002151117,-0.1103106,0.2234818,-0.3321983,2.195039,24,24,24,24,24,24,24,24,24,24,25,24,24,24,25,25
732,7320,-39.92429,-60.58254,-20.6828,-21.19693,-19.30985,-16.1702,-11.87019,-11.16203,-8.790217,-7.874767,-4.515649,-6.30408,-4.172871,-2.747887,-2.74516,0.3633638,25,25,25,25,25,25,25,25,25,25,25,25,25,25,25,25,732,7320,-2.959129,-2.504376,-3.405559,-2.715054,162.0154,140.1566,-2.481625,-2.608393,-3.754766,-2.962634,-2.892411,-2.558247,-2.689354,-2.562218,-3.13211,-2.600293,25,25,25,25,25,25,25,25,25,25,25,25,25,25,25,25,732,7320,-1.723491,-2.558503,-2.298375,-2.709,-3.237718,-2.421116,-1.034904,-70.97894,-0.2450492,-0.0001797949,0.7151834,0.2423378,-0.3304405,-0.1100152,-0.2215314,3.598967,24,24,24,24,24,24,24,24,24,24,25,24,24,24,25,25
733,7330,-39.92429,-60.82439,-22.15978,-21.92773,-21.12022,-17.28091,-13.40156,-11.91435,-8.542773,-8.120624,-4.277994,-6.30408,-3.81527,-5.615063,-4.058599,-0.7231221,25,25,25,25,25,25,25,25,25,25,25,25,25,25,25,25,733,7330,-2.152156,-3.558747,-2.881881,-2.19795,162.5417,139.7885,-1.828636,-3.911906,-2.978238,-2.83389,-2.366836,-3.097068,-2.305418,-3.675842,-2.289132,-3.052387,25,25,25,25,25,25,25,25,25,25,25,25,25,25,25,25,733,7330,-2.757488,-4.860881,-2.937331,-1.935081,-2.590242,-2.166289,-3.104107,-70.65091,0.1258821,0.4836354,0.8343815,-0.7278482,-0.2203258,0.7793105,0.4424639,3.130986,24,24,24,24,24,24,24,24,24,24,25,24,24,24,25,25
734,7340,-38.9623,-61.429,-22.0367,-22.53672,-20.51677,-18.26821,-14.16724,-12.41589,-9.77999,-9.104045,-6.060087,-7.564588,-4.411359,-4.778803,-3.461581,-0.6024011,25,25,25,25,25,25,25,25,25,25,25,25,25,25,25,25,734,7340,-3.49711,-3.690543,-3.14372,-2.715054,162.0154,139.1749,-2.612224,-3.129798,-2.589976,-2.83389,-2.49823,-2.692951,-2.817336,-2.005409,-1.80743,-2.939364,25,25,25,25,25,25,25,25,25,25,25,25,25,25,25,25,734,7340,-2.987266,-3.325962,-2.170583,-3.095959,-2.978727,-2.038875,-1.552205,-70.21353,-0.1214057,-0.3630444,0.9535794,0.6061592,0.2199373,-0.5546262,-0.2215314,2.897003,24,24,24,24,24,24,24,24,24,24,25,24,24,24,25,25
735,7350,-39.68379,-60.82439,-22.52902,-22.17132,-20.87883,-16.1702,-13.91202,-10.66048,-9.532547,-7.628912,-6.297437,-7.564588,-5.84197,-5.615063,-4.536213,-0.6024011,25,25,25,25,25,25,25,25,25,25,25,25,25,25,25,25,735,7350,-2.555642,-2.636173,-2.096357,-3.102881,162.5417,138.684,-2.612224,-2.086988,-3.237082,-2.705145,-2.892411,-3.9053,-2.177436,-2.005409,-2.770782,-2.148199,25,25,25,25,25,25,25,25,25,25,25,25,25,25,25,25,735,7350,-2.068158,-2.686412,-2.937331,-2.709,-2.072261,-2.166289,-2.974782,-70.97894,0.2495256,0.4836354,0.9535794,0.7274308,-0.3303891,1.001693,0.2210819,3.247982,24,24,24,24,24,24,24,24,24,24,25,24,24,24,25,25
736,7360,-40.28503,-61.30808,-24.006,-23.51111,-20.99953,-17.03409,-13.27395,-11.03664,-8.047888,-8.489407,-4.990958,-7.312486,-5.245883,-6.451323,-4.058599,-0.3610104,25,25,25,25,25,25,25,25,25,25,25,25,25,25,25,25,736,7360,-2.421147,-2.240784,-3.798321,-2.068674,161.7523,139.0522,-2.089831,-1.695934,-3.237082,-2.962634,-3.943563,-3.501183,-2.433397,-2.005409,-2.28908,-2.374291,25,25,25,25,25,25,25,25,25,25,25,25,25,25,25,25,736,7360,-2.642599,-4.349241,-2.681749,-2.580014,-2.460747,-2.803357,-2.586807,-71.08829,0.4968126,-0.4839981,0.3575899,0.3636127,0.5501338,0.4458648,0.1104149,2.676285,24,24,24,24,24,24,24,24,24,24,25,24,24,24,25,25
737,7370,-40.40528,-61.429,-24.25216,-23.87651,-20.51677,-16.41703,-11.48735,-9.908161,-8.171609,-8.120624,-5.703923,-6.682232,-4.769011,-5.1372,-4.178002,-0.240291,25,25,25,25,25,25,25,25,25,25,25,25,25,25,25,25,737,7370,-2.01761,-2.767969,-2.620042,-2.84433,162.1469,138.8067,-1.959234,-2.869096,-2.07229,-3.735102,-3.155201,-2.962363,-1.921479,-2.450858,-1.927804,-3.504526,25,25,25,25,25,25,25,25,25,25,25,25,25,25,25,25,737,7370,-2.297936,-3.070143,-2.681749,-3.224946,-2.331252,-2.421116,-3.104107,-70.65091,-0.1214057,0.3626816,1.430371,0.2423378,-0.2203258,-0.44346,1.106409,3.612394,24,24,24,24,24,24,24,24,24,24,25,24,24,24,25,25
738,7380,-41.48752,-61.30808,-24.006,-20.95333,-18.82709,-14.81267,-12.63588,-10.91125,-8.666495,-8.85819,-5.703923,-6.556181,-5.3651,-4.778803,-3.461581,0.001151008,25,25,25,25,25,25,25,25,25,25,25,25,25,25,25,25,738,7380,-2.555591,-1.581802,-3.012797,-3.102881,162.5417,140.1566,-2.481625,-1.956637,-3.495924,-3.348869,-2.366836,-2.288835,-2.305418,-2.339497,-2.529931,-3.165456,25,25,25,25,25,25,25,25,25,25,25,25,25,25,25,25,738,7380,-2.068158,-3.198051,-2.681749,-2.451027,-2.719738,-2.93077,-2.198831,-70.32288,0.002237804,0.8464999,0.9535794,-0.1214803,0.5501338,0.001202378,0.1104149,2.442256,24,24,24,24,24,24,24,24,24,24,25,24,24,24,25,25
739,7390,-41.24702,-61.54993,-22.65211,-20.70974,-18.34433,-14.81267,-11.23212,-11.16203,-8.666495,-8.489407,-6.178763,-8.951148,-6.318842,-6.809718,-4.77502,-0.9646139,25,25,25,25,25,25,25,25,25,25,25,25,25,25,25,25,739,7390,-2.555591,-2.636173,-3.143675,-2.715054,162.8048,139.9112,-2.612224,-2.869096,-3.237082,-2.190166,-2.49823,-3.097068,-1.921479,-2.339497,-2.770782,-2.148244,25,25,25,25,25,25,25,25,25,25,25,25,25,25,25,25,739,7390,-1.723491,-3.070141,-1.65942,-2.451027,-2.978727,-2.166289,-1.810855,-70.76025,-0.1214057,-0.3630444,1.191975,0.4848843,-0.0001926374,0.1123678,-0.442915,3.846422,24,24,24,24,24,24,24,24,24,24,25,24,24,24,25,25
740,7400,-40.16478,-60.82439,-21.66745,-20.22254,-17.4995,-14.0722,-10.0836,-10.03355,-8.666495,-8.366479,-6.772141,-8.194842,-6.080406,-5.376132,-4.178002,0.4840319,25,25,25,25,25,25,25,25,25,25,25,25,25,25,25,25,740,7400,-3.228068,-4.349524,-2.750913,-2.844278,161.8838,139.7885,-2.612224,-3.651204,-2.589976,-2.061421,-2.49823,-1.211193,-2.561379,-2.339497,-1.566527,-2.261267,25,25,25,25,25,25,25,25,25,25,25,25,25,25,25,25,740,7400,-2.068158,-3.325961,-3.320707,-2.837987,-3.237718,-2.038875,-1.810855,-70.97894,-0.1214057,0.4836354,0.119194,-0.2427552,-0.6605856,0.001202378,-0.442915,3.378365,24,24,24,24,24,24,24,24,24,24,25,24,24,24,25,25
741,7410,-38.36105,-61.18716,-22.40594,-20.34434,-18.82709,-15.55315,-13.14633,-11.66357,-9.903711,-10.33332,-6.890817,-8.825096,-6.318842,-6.451323,-3.939196,0.001151008,25,25,25,25,25,25,25,25,25,25,25,25,25,25,25,25,741,7410,-3.631554,-2.767969,-2.619997,-2.585726,162.9363,139.1749,-2.742822,-1.826286,-2.331132,-2.061421,-1.972655,-2.42354,-2.305418,-2.339497,-1.566527,-3.391503,25,25,25,25,25,25,25,25,25,25,25,25,25,25,25,25,741,7410,-2.757488,-3.453871,-2.298376,-2.193054,-2.978729,-3.058184,-1.940181,-70.10419,0.3731691,0.7255462,0.3575899,0.8487056,0.8803303,0.4458648,-0.2215827,2.676285,24,24,24,24,24,24,24,24,24,24,25,24,24,24,25,25
742,7420,-38.12056,-61.429,-21.91362,-20.22254,-18.22364,-17.28091,-13.7844,-13.79515,-11.14093,-12.42309,-7.958898,-9.707453,-7.034149,-6.570786,-4.655617,-0.4817315,25,25,25,25,25,25,25,25,25,25,25,25,25,25,25,25,742,7420,-2.555591,-2.37258,-2.750913,-2.585726,162.1469,138.684,-2.481625,-1.695934,-2.848818,-1.803932,-2.892411,-3.366477,-1.921479,-1.671322,-2.529931,-2.261267,25,25,25,25,25,25,25,25,25,25,25,25,25,25,25,25,742,7420,-2.297936,-3.325961,-2.170585,-3.48292,-2.719738,-2.16634,-2.069506,-70.86961,-0.3686927,0.2417278,0.9535794,0.2423378,0.3300039,-0.2211292,0.4424126,3.027328,24,24,24,24,24,24,24,24,24,24,25,24,24,24,25,25
743,7430,-37.75981,-60.70346,-21.91362,-20.22254,-19.30985,-16.04679,-12.38065,-11.53819,-10.27488,-8.981118,-7.128169,-7.94274,-6.080406,-5.97346,-4.655617,-0.11957,25,25,25,25,25,25,25,25,25,25,25,25,25,25,25,25,743,7430,-2.2866,-2.37258,-3.798276,-1.81007,161.6206,139.6658,-2.089778,-1.956637,-2.460554,-1.803932,-3.155201,-2.15413,-1.665519,-1.782682,-1.325677,-2.03522,25,25,25,25,25,25,25,25,25,25,25,25,25,25,25,25,743,7430,-2.757488,-4.093421,-2.553959,-1.935081,-2.072262,-0.8922055,-2.845457,-70.76025,0.3731691,0.120774,0.3575899,-0.1214803,0.2199373,0.3346994,0.1104149,3.027328,24,24,24,24,24,24,24,24,24,24,25,24,24,24,25,25
744,7440,-39.80404,-61.79177,-22.15978,-19.61355,-17.62018,-14.19561,-12.38065,-10.78587,-9.03766,-8.735262,-6.060087,-7.312486,-4.411359,-5.376132,-2.983967,-0.11957,25,25,25,25,25,25,25,25,25,25,25,25,25,25,25,25,744,7440,-2.152105,-2.636173,-2.227235,-2.715002,161.7522,139.9112,-2.220375,-2.347691,-1.295764,-2.5764,-1.709865,-1.884719,-1.537537,-1.448596,-1.686953,-3.165456,25,25,25,25,25,25,25,25,25,25,25,25,25,25,25,25,744,7440,-1.953269,-2.558502,-2.809541,-2.322041,-2.460748,-1.401859,-1.16423,-70.21353,0.8677438,-0.0001797949,1.311173,0.4848843,-0.3303891,-0.3322946,-0.2215827,3.261351,24,24,24,24,24,24,24,24,24,24,25,24,24,24,25,25
745,7450,-39.08255,-61.91269,-21.66745,-20.10074,-17.86157,-16.1702,-12.63588,-11.91435,-9.161382,-8.612335,-6.060087,-6.808283,-4.769011,-4.778803,-2.983967,-0.9646139,25,25,25,25,25,25,25,25,25,25,25,25,25,25,25,25,745,7450,-2.152105,-1.186413,-2.619997,-2.327174,162.5416,140.4021,-2.481572,-1.30488,-2.589924,-2.061421,-0.7901086,-1.480603,-1.537537,-0.8917842,-2.048229,-1.922197,25,25,25,25,25,25,25,25,25,25,25,25,25,25,25,25,745,7450,-1.378824,-3.581781,-2.681751,-1.806095,-1.683777,-2.548581,-2.198831,-70.54156,0.1258821,0.7255462,0.8343815,0.3636127,-0.2203258,0.7793618,0.1104149,2.676285,24,24,24,24,24,24,24,24,24,24,25,24,24,24,25,25
746,7460,-40.52553,-61.30808,-22.89827,-20.83154,-18.82709,-14.81267,-12.25303,-10.66048,-9.161382,-7.383042,-6.416113,-6.30408,-5.007446,-5.017735,-3.939196,-0.7231735,25,25,25,25,25,25,25,25,25,25,25,25,25,25,25,25,746,7460,-0.5381614,-1.977191,-2.227235,-1.422242,162.6732,139.6658,-1.828581,-2.086988,-1.036869,-0.3877405,-0.7901086,-1.211193,-0.7696585,-1.22587,-1.084826,-1.244055,25,25,25,25,25,25,25,25,25,25,25,25,25,25,25,25,746,7460,-1.83838,-3.453871,-2.042794,-2.709001,-1.813272,-1.7841,-1.940181,-70.21353,-0.1214057,-0.9678165,0.238392,0.2423378,-0.0001926374,0.6681964,-0.442915,3.261351,24,24,24,24,24,24,24,24,24,24,24,24,24,24,25,25
747,7470,-40.40528,-61.54993,-22.52902,-20.95333,-18.94778,-15.92338,-11.74258,-11.16203,-7.676722,-7.874767,-5.466215,-6.43013,-4.053705,-5.376132,-3.222775,-1.085335,25,25,25,25,25,25,25,25,25,25,25,25,25,25,25,25,747,7470,-0.8071517,-1.845395,-0.5252707,-0.905138,161.7522,140.893,-2.089778,-1.695934,-0.6486068,-0.64523,-1.052895,-0.8070767,-1.281579,-1.559958,-1.325677,-1.470102,25,25,25,25,25,25,25,25,25,25,25,25,25,25,25,25,747,7470,-0.804383,-2.430592,-2.809541,-2.451028,-1.036301,-0.8922055,-0.2589536,-69.99485,-0.2450492,1.330318,1.430371,0.3636127,-0.8807188,-0.109963,-0.1109174,3.378365,24,24,24,24,24,24,24,24,24,24,24,24,24,24,25,25
748,7480,-41.60777,-62.51731,-23.63675,-21.92773,-19.30985,-15.79997,-12.76349,-12.16512,-8.171609,-7.628912,-5.466215,-6.051977,-3.696051,-4.062009,-2.625757,0.001151008,25,25,25,25,25,25,25,25,25,25,25,25,25,25,25,25,748,7480,-2.421096,-1.054617,-1.441711,-1.551518,163.0678,139.0522,-2.481572,-0.5227728,-1.036869,-0.9027196,-0.3959244,-1.345898,-1.409558,-0.8917842,-0.4826986,-2.03522,25,25,25,25,25,25,25,25,25,25,25,25,25,25,25,25,748,7480,-2.183047,-3.581781,-2.042794,-2.064068,-1.942767,-3.313062,-1.940181,-70.54156,0.1258821,-0.0001797949,-4.414606E-06,0.1210662,0.5501338,-0.3322946,-0.8855796,2.442256,24,24,24,24,24,24,24,24,24,24,24,24,24,24,25,25
749,7490,-39.80404,-61.30808,-23.75984,-20.58794,-17.74087,-13.70197,-11.61496,-10.5351,-8.047888,-6.767696,-5.22856,-5.673825,-4.292089,-3.584146,-2.983967,0.2425914,25,25,25,25,25,25,25,25,25,25,25,25,25,25,25,25,749,7490,-1.076142,-0.1320433,-1.179872,-0.5173108,162.8047,139.6658,-2.220375,-0.6531242,-1.554555,-1.160209,-1.709865,-1.211193,-0.7696585,-0.4463328,-0.9644004,-1.470102,25,25,25,25,25,25,25,25,25,25,25,25,25,25,25,25,749,7490,-1.608602,-2.430592,-1.915002,-2.451028,-1.942767,-1.911513,-0.5176038,-70.76025,-0.1214057,0.2417278,1.072777,0.8487056,0.3299557,0.001202378,0.3317472,3.261351,24,24,24,24,24,24,24,24,24,24,24,24,24,24,25,25
750,7500,-40.04454,-62.27547,-22.0367,-19.49175,-15.56845,-12.83808,-9.062687,-9.155844,-7.429279,-7.013835,-5.109733,-5.925927,-3.219129,-4.539872,-2.625757,-1.206054,25,25,25,25,25,25,25,25,25,25,25,25,25,25,25,25,750,7500,-1.748619,-1.450006,-1.441711,-1.292967,161.7522,140.1566,-1.697984,-1.174529,-1.166291,-0.9027196,-1.972655,-0.5376653,-0.3857178,-1.448593,-0.6031239,-2.374291,25,25,25,25,25,25,25,25,25,25,25,25,25,25,25,25,750,7500,-2.068158,-4.093421,-2.042794,-2.451028,-2.460748,-1.7841,-1.68153,-69.99485,0.2495256,-0.3630444,0.7151831,0.6061592,0.3299557,0.3346488,0.1104149,3.027328,24,24,24,24,24,24,24,24,24,24,24,24,24,24,24,25
751,7510,-36.55732,-60.9453,-20.80588,-18.27376,-15.32706,-10.74008,-7.914162,-7.400431,-5.696877,-4.306315,-4.396768,-3.53096,-3.099912,-1.911629,-2.387001,0.001151008,25,25,25,25,25,25,25,25,25,25,25,25,25,25,25,25,751,7510,-0.4036652,-1.054617,-0.3943479,-1.81007,162.8047,140.4021,-1.567386,-1.435232,-1.295713,-2.061422,-1.84126,-0.6723718,-0.7696585,-0.3349675,-0.6031239,-2.374291,25,25,25,25,25,25,25,25,25,25,25,25,25,25,25,25,751,7510,-1.83838,-2.174772,-2.042794,-1.935081,-3.496709,-1.7841,-1.68153,-69.99485,0.7441003,0.120774,1.311173,1.333799,0.1098226,0.001151811,0.1104101,3.612394,24,24,24,24,24,24,24,24,24,24,24,24,24,24,24,25
752,7520,-37.63956,-61.67085,-21.91362,-19.12635,-15.80982,-11.72737,-8.807459,-7.901977,-5.944607,-4.921661,-4.159113,-4.035163,-3.338348,-3.584146,-2.267597,-0.6024011,25,25,25,25,25,25,25,25,25,25,25,25,25,25,25,25,752,7520,-1.883114,-1.054617,-2.227235,-1.680794,162.41,140.7702,-2.350974,-1.174529,-2.589924,-1.288953,-1.18429,-1.345898,-0.7696585,-1.003143,-1.446102,-1.470115,25,25,25,25,25,25,25,25,25,25,25,25,25,25,25,25,752,7520,-1.149047,-2.558502,-3.065124,-1.806095,-1.424786,-2.038927,-2.845457,-70.43223,-0.1214057,-0.0001797949,0.5959851,0.3636127,-0.2203739,0.2234826,0.4424094,3.027328,24,24,24,24,24,24,24,24,24,24,24,24,24,24,24,25
753,7530,-36.31683,-61.429,-21.05205,-18.88275,-15.08568,-11.85079,-8.679845,-8.52891,-6.439506,-6.767696,-4.634423,-4.91752,-3.099912,-4.420406,-2.387001,-0.3609591,25,25,25,25,25,25,25,25,25,25,25,25,25,25,25,25,753,7530,-1.345184,-2.108987,-1.965396,-0.905138,162.8047,141.1384,-1.567386,-2.086988,-0.6486068,-0.7739748,-0.7901086,-0.8070767,-0.513698,-1.225867,-0.4826986,-0.4529033,25,25,25,25,25,25,25,25,25,25,25,25,25,25,25,25,753,7530,-1.83838,-2.814322,-1.65942,-1.548122,-1.165796,-1.656686,-1.68153,-70.65091,0.1258821,-0.9678165,0.3575891,0.6061592,0.2198891,0.1123172,-0.1109206,2.559277,24,24,24,24,24,24,24,24,24,24,24,24,24,24,24,25
754,7540,-37.75981,-60.70346,-20.43664,-18.88275,-16.29259,-11.23373,-9.82837,-7.525818,-6.686948,-5.290868,-4.872078,-3.909112,-3.696,-2.747887,-3.342229,-0.6024011,25,25,25,25,25,25,25,25,25,25,25,25,25,25,25,25,754,7540,-2.017661,-1.845395,-1.179872,-0.7758622,162.6732,141.1384,-1.697984,-1.826286,-1.554555,-0.9027196,-1.052895,-1.345898,-1.537537,-0.891781,-0.8439748,-1.92221,25,25,25,25,25,25,25,25,25,25,25,25,25,25,25,25,754,7540,-0.804383,-2.686412,-2.809541,-1.677108,-1.554282,-1.7841,-2.069506,-70.76025,-0.3686927,0.9674537,1.668767,-0.1214803,-0.3304373,-0.2211798,-0.1109206,2.910314,24,24,24,24,24,24,24,24,24,24,24,24,24,24,24,25
755,7550,-38.4813,-60.58254,-20.31356,-17.78656,-16.17189,-12.59126,-9.573143,-8.779684,-6.315784,-6.275421,-4.040286,-5.925927,-2.623041,-3.345215,-1.789983,-0.7231221,25,25,25,25,25,25,25,25,25,25,25,25,25,25,25,25,755,7550,-2.421147,-1.450006,-1.572685,-1.292967,163.4626,139.9112,-1.436787,-1.174529,-0.778027,-1.160209,-0.6587138,-1.345898,-0.7696585,-0.4463311,-0.7235491,-1.244068,25,25,25,25,25,25,25,25,25,25,25,25,25,25,25,25,755,7550,-1.149047,-2.558503,-2.170585,-1.548122,-1.813272,-1.911513,-3.750733,-70.43223,-0.1214057,0.2417278,0.2383911,0.1210662,0.5500856,1.223974,0.2210771,2.793306,24,24,24,24,24,24,24,24,24,24,24,24,24,24,24,25
756,7560,-38.60155,-62.15454,-21.91362,-21.68413,-19.18916,-13.94879,-10.0836,-9.28123,-7.553,-7.383042,-4.396768,-5.673825,-2.503823,-2.747887,-1.789983,-0.7231221,25,25,25,25,25,25,25,25,25,25,25,25,25,25,25,25,756,7560,-0.9416981,-0.9228213,-1.703601,-0.3880856,162.41,139.4203,-1.567386,-0.9138267,-1.813397,-1.288953,-1.709865,-1.345898,-0.7696585,-0.3349675,-0.9644004,-1.131045,25,25,25,25,25,25,25,25,25,25,25,25,25,25,25,25,756,7560,-1.034158,-2.046864,-1.531628,-1.290149,-1.424786,-1.656686,-2.716131,-70.54156,-0.3686927,-0.3630444,1.311173,-0.1214803,0.6601522,0.001151811,-1.106915,2.910314,24,24,24,24,24,24,24,24,24,24,24,24,24,24,24,25
757,7570,-38.84205,-60.82439,-20.92896,-18.39556,-17.98227,-12.46784,-10.21121,-8.779684,-8.29533,-6.890765,-4.515596,-5.799876,-3.576783,-3.345215,-2.148194,-0.4816801,25,25,25,25,25,25,25,25,25,25,25,25,25,25,25,25,757,7570,-0.8072031,-1.318209,-0.918084,-1.293018,162.1469,140.7702,-1.30619,-1.435232,-1.036869,-1.546443,-1.84126,-1.076488,-1.537537,-1.671319,-1.325677,-2.487327,25,25,25,25,25,25,25,25,25,25,25,25,25,25,25,25,757,7570,-0.9192687,-3.070143,-2.298376,-1.032175,-2.072211,-1.274445,-2.198831,-70.65091,0.2495256,0.2417278,0.5959851,-0.2427552,0.1098226,0.4458142,0.3317424,3.846422,24,24,24,24,24,24,24,24,24,24,24,24,24,24,24,25
758,7580,-38.24081,-60.82439,-20.43664,-17.66476,-15.93053,-12.59126,-9.573143,-8.779684,-6.934392,-6.890765,-4.040286,-5.169621,-2.742259,-3.942544,-1.789983,-0.9645625,25,25,25,25,25,25,25,25,25,25,25,25,25,25,25,25,758,7580,-1.47968,-1.186413,-1.310846,-2.068674,162.6732,141.2611,-1.044994,-0.5227728,-1.295713,-2.061422,-0.7901086,-0.9417816,-1.665519,-1.003143,-0.8439748,-1.92221,25,25,25,25,25,25,25,25,25,25,25,25,25,25,25,25,758,7580,-1.83838,-2.814323,-1.148254,-1.806094,-3.367163,-2.675943,-2.198831,-70.54156,-0.1214057,0.7255462,0.4767871,0.1210662,0.3299557,-0.2211798,-0.3322529,2.442263,24,24,24,24,24,24,24,24,24,24,24,24,24,24,24,25
759,7590,-38.00031,-60.34069,-19.32891,-16.32497,-14.84431,-12.09761,-8.041775,-8.654296,-6.068341,-5.906213,-3.921459,-4.287265,-2.742259,-2.747887,-2.267597,-0.1195186,25,25,25,25,25,25,25,25,25,25,25,25,25,25,25,25,759,7590,-1.076193,-0.9228213,-1.965447,-1.55157,163.0678,140.7702,-1.175645,-1.30488,-2.331081,-1.160209,-0.7901086,-1.615309,-0.7696585,-1.894043,-2.048229,-2.148257,25,25,25,25,25,25,25,25,25,25,25,25,25,25,25,25,759,7590,-1.723491,-2.174773,-1.020463,-2.32204,-2.072211,-1.019567,-2.069556,-70.86961,0.1258821,0.7255462,1.072777,0.3636127,-0.3304373,-0.4435114,0.2210771,3.261357,24,24,24,24,24,24,24,24,24,24,24,24,24,24,24,25
760,7600,-39.80404,-60.58254,-20.06739,-16.20317,-15.56846,-11.48055,-9.190301,-8.152751,-6.315784,-6.275421,-3.683804,-4.413316,-3.338348,-2.747887,-2.506405,-0.1195186,25,25,25,25,25,25,25,25,25,25,25,25,25,25,25,25,760,7600,-2.017661,-2.504376,-1.310846,-1.422294,162.6732,140.7702,-1.567439,-2.869096,-1.554555,-0.64523,-1.84126,-1.345898,-1.409558,-2.005406,-0.9644004,-2.035233,25,25,25,25,25,25,25,25,25,25,25,25,25,25,25,25,760,7600,-2.183047,-2.942233,-2.042794,-2.32204,-2.072211,-2.038875,-1.810906,-70.21353,0.8677438,-0.3630444,-0.3575984,-0.4853017,0.5500856,0.5569797,0.4424094,2.910314,24,24,24,24,24,24,24,24,24,24,24,24,24,24,24,25
761,7610,-38.36105,-60.21977,-18.83658,-16.56857,-13.51672,-10.9869,-7.658934,-8.027365,-6.810671,-6.275421,-4.277941,-4.287265,-3.099912,-3.464681,-2.625808,-0.1195186,25,25,25,25,25,25,25,25,25,25,25,25,25,25,25,25,761,7610,-2.690138,-2.240784,-1.703601,-1.293018,162.1469,140.7702,-2.481625,-2.086988,-1.683975,-2.190166,-1.972655,-2.42354,-2.177436,-1.894043,-1.566527,-2.826398,25,25,25,25,25,25,25,25,25,25,25,25,25,25,25,25,761,7610,-1.378824,-2.558503,-2.170585,-3.48292,-2.978678,-2.803357,-2.328206,-70.65091,0.002237804,0.8464999,1.191975,0.2423378,0.1098226,-0.3323452,0.2210771,3.261357,24,24,24,24,24,24,24,24,24,24,24,24,24,24,24,25
762,7620,-36.31683,-59.97792,-18.46733,-15.10698,-13.27533,-10.24643,-7.403706,-6.271952,-5.201418,-4.92166,-4.277941,-3.404909,-4.053654,-2.747887,-2.625808,-0.6024011,25,25,25,25,25,25,25,25,25,25,25,25,25,25,25,25,762,7620,-3.093624,-3.031561,-2.096363,-2.84433,163.331,139.7885,-1.698037,-2.086988,-2.589924,-2.5764,-1.972655,-2.962363,-2.049458,-1.782679,-2.168654,-2.939421,25,25,25,25,25,25,25,25,25,25,25,25,25,25,25,25,762,7620,-2.412825,-3.325962,-2.553959,-2.837987,-3.885144,-4.204906,-3.492132,-71.635,0.8677438,0.241731,1.072777,-0.3640268,-0.4405039,0.2234826,-0.1109206,2.325248,24,24,24,24,24,24,24,24,24,24,24,24,24,24,24,25
763,7630,-37.15857,-60.46162,-18.59042,-15.10698,-12.3098,-9.01231,-6.382795,-5.394247,-3.838905,-4.306314,-3.565029,-3.278858,-1.788517,-2.747887,-2.148194,-0.9645625,25,25,25,25,25,25,25,25,25,25,25,25,25,25,25,25,763,7630,-2.959129,-2.240784,-2.096363,-1.680846,162.0153,140.1566,-1.698037,-1.044178,-1.683975,-1.675187,-2.498282,-1.750014,-1.665519,-1.448593,-1.686953,-2.713374,25,25,25,25,25,25,25,25,25,25,25,25,25,25,25,25,763,7630,-2.642599,-3.837602,-1.531628,-2.193054,-3.108173,-2.166289,-1.552256,-70.76025,-0.2450492,-0.2420842,0.9535273,0.3636127,0.3299557,0.001151811,0.2210771,3.378371,24,24,24,24,24,24,24,24,24,24,24,24,24,24,24,25
764,7640,-33.91185,-60.21977,-18.46733,-14.98518,-13.03395,-10.24643,-6.127567,-5.519633,-4.210499,-4.183246,-3.08972,-3.279043,-1.669299,-2.747887,-2.02879,-0.2402397,25,25,25,25,25,25,25,25,25,25,25,25,25,25,25,25,764,7640,-2.017661,-2.636173,-1.703601,-2.19795,162.6732,140.7702,-1.306243,-1.956637,-2.072239,-2.962634,-2.629677,-1.884668,-1.153598,-1.671319,-1.807378,-2.600351,25,25,25,25,25,25,25,25,25,25,25,25,25,25,25,25,764,7640,-1.953269,-3.965512,-2.042794,-2.451027,-2.978678,-1.401808,-1.034955,-70.97894,1.115031,0.4836418,0.7151313,-0.6065283,-0.2203739,0.1123172,0.1104101,3.378371,24,24,24,24,24,24,24,24,24,24,24,24,24,24,24,25
765,7650,-35.83583,-59.01053,-17.72885,-14.74159,-14.36155,-9.999605,-8.935073,-6.773499,-5.820742,-5.660074,-4.396821,-5.170152,-3.696002,-3.106284,-1.789983,-0.3609591,25,25,25,25,25,25,25,25,25,25,25,25,25,25,25,25,765,7650,-2.421147,-0.9228213,-1.572685,-2.19795,163.1994,141.752,-2.22043,-1.435232,-1.683975,-2.061421,-1.578522,-1.076437,-1.537537,-0.891781,-1.566527,-2.26128,25,25,25,25,25,25,25,25,25,25,25,25,25,25,25,25,765,7650,-1.953269,-2.558503,-1.403838,-2.064068,-2.201706,-1.146981,-2.198882,-71.52567,0.2495256,-0.6049488,0.1191414,0.4849325,-0.4405071,-0.4435114,-1.106915,3.027328,24,24,24,24,24,24,24,24,24,24,24,24,24,24,24,25
766,7660,-37.39906,-59.01053,-18.7135,-17.78656,-15.20638,-12.96149,-9.317914,-8.779685,-5.573012,-6.029281,-3.683857,-4.79193,-2.980695,-3.106282,-1.431773,-0.3609591,25,25,25,25,25,25,25,25,25,25,25,25,25,25,25,25,766,7660,-2.017661,-1.713598,-2.358209,-1.810122,162.9363,140.7702,-1.175645,-1.826286,-2.072239,-1.932677,-1.841311,-2.6929,-1.281576,-3.007666,-2.409505,-2.600351,25,25,25,25,25,25,25,25,25,25,25,25,25,25,25,25,766,7660,-1.263935,-2.558503,-1.787211,-2.064068,-1.036249,-1.146981,-1.42293,-71.08829,-0.1214057,0.4836418,1.072725,0.242386,-0.2203771,-0.2211806,0.6637416,3.144343,24,24,24,24,24,24,24,24,24,24,24,24,24,24,24,25
767,7670,-39.20279,-60.58254,-19.32891,-17.54296,-14.965,-12.83808,-9.190301,-8.278137,-5.820742,-6.275419,-3.327375,-4.035486,-2.265389,-1.672694,-1.192966,0.3633638,25,25,25,25,25,25,25,25,25,25,25,25,25,25,25,25,767,7670,-1.076193,-3.163357,-2.096363,-2.456502,162.6732,141.6292,-1.959234,-2.738745,-1.942818,-2.190166,-2.761071,-1.615258,-2.433393,-2.784942,-2.048281,-2.26128,25,25,25,25,25,25,25,25,25,25,25,25,25,25,25,25,767,7670,-2.757488,-3.581782,-1.65942,-2.580014,-1.942716,-1.911462,-2.198882,-70.54156,0.620456,0.241731,-5.658723E-05,-0.3639787,0.660149,0.2234818,-0.110919,2.910314,24,24,24,24,24,24,24,24,24,24,24,24,24,24,24,25
768,7680,-38.00031,-59.85699,-20.19048,-18.03016,-15.44776,-12.34443,-10.0836,-9.155845,-7.429279,-6.15235,-4.277994,-4.79193,-3.099913,-1.672694,-0.9541585,0.4840832,25,25,25,25,25,25,25,25,25,25,25,25,25,25,25,25,768,7680,-3.49711,-1.845395,-1.572685,-2.456502,163.4626,140.6475,-1.959234,-1.956637,-1.295713,-2.190166,-1.44713,-2.019374,-2.433393,-1.225867,-1.325728,-2.374297,25,25,25,25,25,25,25,25,25,25,25,25,25,25,25,25,768,7680,-1.723491,-3.325962,-1.787211,-2.709,-2.719687,-2.038875,-3.750783,-71.41632,-0.4923365,-0.0001765842,0.5959333,0.3636608,0.1098194,-0.4435122,0.2210787,3.365028,24,24,24,24,24,24,24,24,24,24,24,24,24,24,24,25
769,7690,-38.12056,-59.01053,-18.7135,-17.90836,-14.60292,-13.0849,-8.935073,-10.03355,-6.810671,-7.874767,-4.396821,-5.674448,-4.29209,-3.823076,-1.67058,-0.7231221,25,25,25,25,25,25,25,25,25,25,25,25,25,25,25,25,769,7690,-1.345184,-1.581802,-2.096363,-1.55157,162.8047,140.0339,-1.175645,-1.044178,-2.331081,-1.546443,-2.498282,-2.423489,-1.281576,-1.671319,-1.80743,-1.583132,25,25,25,25,25,25,25,25,25,25,25,25,25,25,25,25,769,7690,-1.493659,-3.581782,-1.531628,-1.161162,-1.29524,-2.038875,-2.716182,-71.08829,0.4968126,0.7255493,0.7151313,-0.7278,0.1098194,0.3346472,-0.0002536392,2.66307,24,24,24,24,24,24,24,24,24,24,24,24,24,24,24,25
770,7700,-38.00031,-59.73607,-19.57507,-18.76095,-16.05122,-12.34443,-10.46644,-10.5351,-8.171609,-7.75184,-4.872131,-6.178743,-5.126615,-3.823076,-2.506405,-0.3609591,25,25,25,25,25,25,25,25,25,25,25,25,25,25,25,25,770,7700,-1.076193,-1.713598,-2.620048,-1.55157,162.6732,141.0157,-1.828636,-1.695934,-2.20166,-2.190166,-2.104101,-1.480551,-0.8976355,-0.891781,-1.205303,-1.809179,25,25,25,25,25,25,25,25,25,25,25,25,25,25,25,25,770,7700,-1.608548,-3.325962,-1.403838,-1.806094,-1.55423,0.1271543,-1.810906,-71.08829,-0.2450492,-0.6049488,0.9535273,-0.0001605311,-0.1103106,0.4458134,-0.0002536392,3.014049,24,24,24,24,24,24,24,24,24,24,24,24,24,24,24,25
771,7710,-40.16478,-59.25237,-19.82123,-17.66476,-16.41329,-12.96149,-10.72167,-9.657391,-8.171609,-7.136902,-4.277994,-5.800521,-3.81522,-3.703611,-2.148194,0.001202378,25,25,25,25,25,25,25,25,25,25,25,25,25,25,25,25,771,7710,-1.210689,-1.186413,-0.656232,-1.163742,163.5941,141.752,-0.7838511,-0.6531242,-1.166291,-2.190166,-1.184341,-1.076437,-0.6416751,-1.337231,-0.9644518,-2.600344,25,25,25,25,25,25,25,25,25,25,25,25,25,25,25,25,771,7710,-1.838326,-3.581782,-1.787209,-1.548121,-0.129783,-0.2550864,-3.233482,-71.52567,-0.1214057,-0.1211304,0.4767353,-0.7278,0.4400159,0.6681442,0.3317456,3.482023,24,24,24,24,24,24,24,24,24,24,24,24,24,24,24,25
772,7720,-39.20279,-60.9453,-19.69815,-19.12635,-17.98227,-15.30632,-12.50826,-11.66358,-8.419052,-9.226974,-5.585095,-7.69163,-5.007396,-4.420404,-2.625808,-0.4816801,25,25,25,25,25,25,25,25,25,25,25,25,25,25,25,25,772,7720,-2.421147,-1.450006,-2.750958,-2.585726,163.331,142.2429,-2.22043,-1.174529,-2.072239,-1.803932,-1.578522,-1.884668,-1.409555,-1.225867,-2.529983,-2.487321,25,25,25,25,25,25,25,25,25,25,25,25,25,25,25,25,772,7720,-2.068103,-2.558503,-1.148253,-1.677107,-2.331201,-2.675943,-2.198882,-70.21353,-0.4923365,-0.1211304,0.7151313,0.6062073,0.1098194,-0.1100152,-0.2215859,2.42908,24,24,24,24,24,24,24,24,24,24,24,24,24,24,24,25
773,7730,-39.32304,-59.85699,-19.82123,-19.12635,-17.74088,-13.94879,-12.38065,-10.03355,-8.913939,-8.366479,-5.941411,-6.556965,-4.888179,-3.225748,-2.267597,-0.4816801,25,25,25,25,25,25,25,25,25,25,25,25,25,25,25,25,773,7730,-0.9416981,-2.37258,-1.965441,-1.422242,163.0679,141.8747,-1.045048,-1.30488,-1.036869,-1.160209,-0.6587652,-1.749963,-1.025616,-2.116767,-0.8440261,-2.035227,25,25,25,25,25,25,25,25,25,25,25,25,25,25,25,25,773,7730,-1.838326,-2.558503,-1.403835,-2.064068,-1.424784,-1.146981,-2.457532,-71.85368,-0.9869109,0.8465031,1.549517,0.8487538,-0.2203771,-0.2211806,0.6637433,3.131038,24,24,24,24,24,24,24,24,24,24,24,24,24,24,24,25
774,7740,-39.44329,-58.64776,-18.7135,-17.66476,-16.53398,-13.57855,-11.23212,-10.78587,-8.419052,-8.735262,-4.515649,-6.178743,-3.219131,-3.345214,-1.551176,-0.9645625,25,25,25,25,25,25,25,25,25,25,25,25,25,25,25,25,774,7740,-1.74867,-2.37258,-1.965441,-1.034414,162.8048,142.2429,-1.828636,-2.347691,-1.683975,-1.160209,-1.315736,-1.884668,-2.305415,-1.782679,-1.205303,-2.035227,25,25,25,25,25,25,25,25,25,25,25,25,25,25,25,25,774,7740,-2.412767,-3.198052,-1.148253,-1.161162,-1.813271,-1.911462,-2.457532,-70.65091,-0.2450492,-0.3630412,0.4767353,-0.0001605311,-0.3304405,-0.2211806,0.442411,3.014049,24,24,24,24,24,24,24,24,24,24,24,24,24,24,24,25
775,7750,-38.4813,-60.34068,-18.59042,-17.90836,-15.68914,-14.0722,-10.0836,-10.66048,-7.305557,-7.259972,-4.040339,-4.918004,-2.623042,-2.62842,-1.312369,-0.4816801,25,25,25,25,25,25,25,25,25,25,25,25,25,25,25,25,775,7750,-3.093624,-1.713598,-1.965441,-2.45645,163.0679,141.5066,-2.089831,-1.044178,-1.683975,-2.061421,-0.7901599,-1.749963,-1.665515,-0.7804173,-0.9644518,-1.696156,25,25,25,25,25,25,25,25,25,25,25,25,25,25,25,25,775,7750,-1.37877,-2.814323,-1.787209,-2.580014,-2.331251,-1.529221,-2.069506,-70.65091,-1.110555,-0.3630412,1.072725,0.4849325,-0.2203771,-0.5546776,0.3317456,3.365028,24,24,24,24,24,24,24,24,24,24,24,24,24,24,24,25
776,7760,-36.79782,-59.37329,-19.20583,-15.95958,-16.1719,-12.96149,-10.33883,-9.782776,-6.934392,-6.275419,-3.446202,-4.413708,-2.623042,-2.747885,-1.431773,-0.8438416,25,25,25,25,25,25,25,25,25,25,25,25,25,25,25,25,776,7760,-0.8072031,-1.054617,-1.834518,-1.292967,163.0679,140.5248,-0.9144496,-0.7834754,-1.554555,-0.9027191,-1.972706,-1.749963,-1.537537,-1.337231,-1.325728,-1.470109,25,25,25,25,25,25,25,25,25,25,25,25,25,25,25,25,776,7760,-1.608548,-2.686412,-1.148253,-0.3872428,-0.5183189,-1.146981,-2.974782,-71.30697,0.002237804,0.9674569,1.072725,0.8487538,0.2198859,0.8904759,0.5530763,2.546075,24,24,24,24,24,24,24,24,24,24,24,24,24,24,24,25
777,7770,-36.91807,-59.97791,-19.08274,-17.90836,-14.965,-12.22102,-7.786548,-8.90507,-6.439506,-6.029281,-2.852065,-4.287634,-2.503824,-3.106282,-1.789983,-1.206003,25,25,25,25,25,25,25,25,25,25,25,25,25,25,25,25,777,7770,-1.076193,-1.318209,-1.834518,-0.6465865,162.5417,142.2429,-1.306243,-1.174529,-1.166342,-1.031464,-1.841311,-1.211142,-0.8976355,-1.894043,-1.084877,-1.922203,25,25,25,25,25,25,25,25,25,25,25,25,25,25,25,25,777,7770,-1.608548,-2.686412,-1.020461,-1.548121,-1.942765,-1.146981,-1.16423,-70.54156,-0.7396239,-1.088767,0.7151313,0.7274789,0.3299525,0.6681442,-0.0002536392,3.365028,24,24,24,24,24,24,24,24,24,24,24,24,24,24,24,25
778,7780,-38.4813,-60.21976,-19.45199,-18.63915,-15.93053,-11.60396,-7.658934,-7.651205,-5.449095,-5.044676,-3.208547,-3.783338,-2.503824,-1.79216,-2.148194,-0.2402397,25,25,25,25,25,25,25,25,25,25,25,25,25,25,25,25,778,7780,-1.47968,-1.713598,-1.834518,-2.585726,163.4626,142.611,-1.436842,-0.7834754,-1.94287,-2.318911,-1.44713,-1.749963,-2.049454,-1.559955,-1.927855,-2.261274,25,25,25,25,25,25,25,25,25,25,25,25,25,25,25,25,778,7780,-1.263881,-2.430593,-2.042792,-1.161162,-1.683775,-0.8921542,-2.198831,-71.08829,0.002237804,0.8464999,1.072725,-0.1214322,-1.1009,0.6681442,0.1104133,3.131038,24,24,24,24,24,24,24,24,24,24,25,24,24,24,24,25
779,7790,-39.56354,-60.34068,-20.80588,-18.27376,-15.80983,-11.60396,-8.041775,-5.895793,-4.334312,-4.060124,-2.852014,-2.648673,-1.311647,-2.031091,-1.073562,-0.4816801,25,25,25,25,25,25,25,25,25,25,25,25,25,25,25,25,779,7790,-2.017661,-1.450006,-2.620042,-2.197898,163.5942,141.8747,-1.306243,-1.956637,-2.07229,-1.932677,-1.447079,-1.884668,-1.409555,-2.22813,-2.409557,-2.14825,25,25,25,25,25,25,25,25,25,25,25,25,25,25,25,25,779,7790,-1.838326,-1.791044,-0.8926703,-1.806094,-2.201756,-3.185597,-1.552205,-71.08829,-0.3686927,0.4836354,0.119194,0.7274789,0.3299525,0.3346472,-0.4429166,2.66307,24,24,24,24,24,24,24,24,24,24,25,24,24,24,24,25
780,7800,-38.84205,-61.30807,-19.45199,-18.88275,-15.20638,-12.83808,-7.786548,-7.776591,-5.57296,-5.660021,-2.97084,-3.783338,-2.503824,-3.106282,-2.02879,-0.4816801,25,25,25,25,25,25,25,25,25,25,25,25,25,25,25,25,780,7800,-0.9416981,-2.767969,-1.965441,-0.905138,163.0679,142.3656,-1.436842,-2.608393,-0.9075001,-0.5164853,-1.578471,-0.8070767,-1.665515,-2.22813,-1.325728,-1.470109,25,25,25,25,25,25,25,25,25,25,25,25,25,25,25,25,780,7800,-1.37877,-2.174773,-0.8926703,-1.935081,-1.683775,0.2545679,-2.328156,-71.52567,-0.2450492,0.2417278,1.311173,0.6061559,0.1098194,0.1123164,-0.0002536392,3.365028,24,24,24,24,24,24,24,24,24,24,25,24,24,24,24,25
781,7810,-40.16478,-60.82438,-20.31356,-19.61355,-16.29259,-11.60396,-8.16939,-6.146566,-4.705907,-3.813985,-3.446151,-3.405117,-3.099912,-2.62842,-2.984019,0.1219218,25,25,25,25,25,25,25,25,25,25,25,25,25,25,25,25,781,7810,-1.883166,-1.581802,-2.096357,-1.81007,163.1994,141.9974,-1.698037,-2.478042,-2.07229,-1.417698,-2.235441,-2.15413,-2.945318,-2.005406,-1.205303,-2.035227,25,25,25,25,25,25,25,25,25,25,25,25,25,25,25,25,781,7810,-1.953214,-3.070143,-1.020461,-1.419135,-1.036299,-1.274394,-2.457481,-70.97894,0.8677438,0.120774,-4.013278E-06,-0.0002119011,0.1098707,0.001150206,0.1104133,2.546075,24,24,24,24,24,24,24,24,24,24,25,24,24,24,24,25
782,7820,-41.72802,-61.67084,-21.54437,-19.97894,-16.1719,-11.23372,-7.403706,-6.271952,-5.201366,-5.290814,-2.97084,-4.035486,-2.503823,-4.18147,-2.625808,-1.447445,25,25,25,25,25,25,25,25,25,25,25,25,25,25,25,25,782,7820,-1.614175,-1.581802,-1.441756,-1.422242,163.9888,141.8747,-2.089831,-1.044178,-1.295764,-0.7739748,-1.709865,-2.288835,-1.153598,-0.891781,-1.084877,-1.244062,25,25,25,25,25,25,25,25,25,25,25,25,25,25,25,25,782,7820,-1.608548,-1.535223,-1.020461,-2.064068,-2.590241,-0.7647406,-2.457481,-70.97894,-0.3686927,-0.1211336,0.8343815,0.4848811,-0.3303891,-0.2211292,-0.0002536392,3.599018,24,24,24,24,24,24,24,24,24,24,25,24,24,24,25,25
783,7830,-42.08876,-62.27545,-21.29821,-19.12635,-15.68914,-11.23372,-6.382795,-6.146566,-4.705907,-4.5524,-2.614359,-3.026895,-2.503823,-3.106279,-1.67058,-0.7231221,25,25,25,25,25,25,25,25,25,25,25,25,25,25,25,25,783,7830,-1.210689,-1.450006,-2.096357,-1.16369,162.5417,141.9974,-1.306243,-0.9138267,-1.684026,-1.417698,-2.892411,-1.345898,-0.7696585,-1.448593,-0.8439748,-2.487321,25,25,25,25,25,25,25,25,25,25,25,25,25,25,25,25,783,7830,-1.493659,-2.686412,-1.659418,-1.290149,-1.424784,-1.401808,-2.974782,-71.85368,-0.1214057,0.120774,0.5959855,0.4848811,0.2199373,0.223534,-0.0002504286,3.131038,24,24,24,24,24,24,24,24,24,24,25,24,24,24,25,25
784,7840,-40.52553,-61.06622,-20.92896,-17.66476,-14.60292,-9.752782,-6.382795,-4.892701,-4.953636,-4.306262,-3.208496,-3.279043,-2.980694,-3.34521,-2.148194,-0.7231221,25,25,25,25,25,25,25,25,25,25,25,25,25,25,25,25,784,7840,-0.8072031,-1.977191,-1.310833,-2.45645,163.5942,142.7337,-1.045048,-1.826286,-0.9075001,-2.447656,-1.709865,-1.884719,-1.793497,-1.003143,-1.927803,-2.374297,25,25,25,25,25,25,25,25,25,25,25,25,25,25,25,25,784,7840,-1.953214,-1.791044,-0.8926703,-1.290149,-2.07226,-1.146981,-1.810855,-71.08829,0.4968126,-0.7259057,0.8343815,0.969974,0.5501338,0.3346994,-0.3322497,3.130986,24,24,24,24,24,24,24,24,24,24,25,24,24,24,25,25
785,7850,-39.92428,-61.42899,-20.06739,-16.44677,-12.67187,-9.012309,-4.340972,-5.143474,-3.219529,-3.937055,-1.66374,-3.279043,-1.311645,-2.986813,-2.148194,-1.206003,25,25,25,25,25,25,25,25,25,25,25,25,25,25,25,25,785,7850,-2.421096,-0.5274323,-2.096357,-2.068622,163.9888,142.1201,-1.959234,-1.174529,-2.201712,-2.190166,-1.972655,-1.615309,-2.049458,-1.559955,-2.529931,-2.035227,25,25,25,25,25,25,25,25,25,25,25,25,25,25,25,25,785,7850,-0.5746052,-3.453871,-1.659418,-1.677107,-1.683775,-1.911462,-2.586807,-71.19762,-0.1214057,0.9674537,1.311173,0.1210629,-0.3303891,0.223534,-0.1109174,3.013998,24,24,24,24,24,24,24,24,24,24,25,24,24,24,25,25
786,7860,-39.56354,-61.30808,-19.57507,-15.71598,-11.10289,-7.037719,-4.5962,-4.641928,-3.095664,-3.937055,-2.257877,-2.396525,-1.430864,-2.867348,-2.387001,0.2426428,25,25,25,25,25,25,25,25,25,25,25,25,25,25,25,25,786,7860,-1.345133,-2.240784,-2.881881,-1.81007,164.252,142.1201,-0.6532525,-2.347691,-1.684026,-2.447656,-1.18429,-2.827658,-0.7696585,-2.22813,-1.566527,-2.035227,25,25,25,25,25,25,25,25,25,25,25,25,25,25,25,25,786,7860,-1.953269,-2.430593,-1.148253,-1.677107,-2.719736,-3.313011,-2.716131,-70.97894,0.4968126,0.9674537,0.238392,0.3636094,0.4400672,0.7793618,-0.1109174,2.195039,24,24,24,24,24,24,24,24,24,24,25,24,24,24,25,25
787,7870,-39.08254,-60.82439,-19.57507,-14.86339,-11.70635,-8.888898,-5.872339,-4.892701,-3.838853,-3.690917,-2.495532,-3.152969,-2.14617,-3.106279,-2.148194,-0.1195186,25,25,25,25,25,25,25,25,25,25,25,25,25,25,25,25,787,7870,-2.959077,-2.504376,-2.227235,-1.680794,163.5942,142.3656,-1.828636,-2.478042,-1.684026,-1.932677,-2.76102,-0.9417816,-2.561379,-1.559955,-1.325677,-2.035227,25,25,25,25,25,25,25,25,25,25,25,25,25,25,25,25,787,7870,-1.263935,-2.302683,-0.5092978,-3.224946,-2.719736,-1.401808,-2.586807,-72.07238,-0.3686927,0.6045924,0.9535794,0.2423346,-0.0001926374,-0.109963,0.3317472,3.481972,24,24,24,24,24,24,24,24,24,24,25,24,24,24,25,25
788,7880,-38.2408,-59.85699,-19.57507,-16.20317,-11.34428,-9.259134,-6.765636,-6.773499,-4.210447,-4.306262,-3.327324,-3.531191,-2.742259,-3.464676,-2.267597,-0.7231221,25,25,25,25,25,25,25,25,25,25,25,25,25,25,25,25,788,7880,-2.690086,-2.240784,-1.70355,-2.327225,165.0414,141.9974,-2.481625,-1.044178,-1.554606,-1.803933,-0.7901086,-2.288835,-1.921479,-1.337231,-1.446102,-1.583132,25,25,25,25,25,25,25,25,25,25,25,25,25,25,25,25,788,7880,-3.102155,-3.325962,-1.020463,-2.193054,-3.108222,-2.93077,-2.586807,-70.76025,0.3731691,-0.604952,0.238392,0.2423346,0.3300039,0.6681964,-0.2215827,3.013998,24,24,24,24,24,24,24,24,24,24,25,24,24,24,25,25
789,7890,-36.91807,-59.49423,-19.57507,-15.47238,-11.46497,-7.654778,-4.5962,-4.140381,-3.095664,-2.337157,-3.446151,-2.27042,-2.384605,-2.03109,-2.148194,0.7255253,25,25,25,25,25,25,25,25,25,25,25,25,25,25,25,25,789,7890,-1.210638,-1.186413,-1.70355,-1.293018,163.9888,141.5066,-0.9144496,-0.6531242,-2.460554,-1.288953,-2.235441,-2.288835,-0.8976387,-0.891781,-1.927803,-1.809179,25,25,25,25,25,25,25,25,25,25,25,25,25,25,25,25,789,7890,-2.068158,-2.174772,-0.7648811,-2.966974,-2.719687,-2.038875,-2.586807,-71.635,-0.3686927,-0.1211336,1.668767,0.6061559,0.2199373,-0.44346,-0.3322497,3.949946,24,24,24,24,24,24,24,24,24,24,25,24,24,24,25,25
790,7900,-36.43707,-59.13146,-19.82123,-14.74159,-10.9822,-7.407955,-4.340972,-4.265768,-2.47634,-3.321709,-2.376704,-2.144313,-1.430864,-2.03109,-0.8347555,-0.3609591,25,25,25,25,25,25,25,25,25,25,25,25,25,25,25,25,790,7900,-0.9416468,-1.581802,-1.572634,-1.810122,162.5415,142.6111,-1.436842,-1.435232,-1.295764,-2.190166,-2.892411,-2.019425,-1.665519,-2.116767,-1.927803,-2.826391,25,25,25,25,25,25,25,25,25,25,25,25,25,25,25,25,790,7900,-1.608602,-2.174772,-1.403838,-2.193054,-2.331201,-3.058235,-2.586807,-72.40041,0.4968126,0.3626816,0.7151834,0.2423346,-0.5505223,0.223534,0.1104149,2.780008,24,24,24,24,24,24,24,24,24,24,25,24,24,24,25,25
791,7910,-36.67757,-60.21977,-19.69815,-14.86339,-11.10289,-8.025014,-4.723814,-5.018087,-3.591123,-4.060124,-1.782567,-2.648673,-1.07321,-1.792158,-0.7153516,0.2426428,25,25,25,25,25,25,25,25,25,25,25,25,25,25,25,25,791,7910,-1.883114,-1.450006,-1.70355,-2.068674,163.7256,143.5929,-1.567439,-0.7834754,-2.331132,-2.705146,-1.709865,-1.884719,-2.433397,-1.782679,-3.011632,-3.73058,25,25,25,25,25,25,25,25,25,25,25,25,25,25,25,25,791,7910,-2.527714,-2.814322,-0.8926719,-3.09596,-3.626153,-3.567889,-2.198882,-71.19762,-0.2450492,-0.9678165,0.3575899,0.7274276,0.6602004,1.112859,-0.0002504286,3.247982,24,24,24,24,24,24,24,24,24,24,25,24,24,24,25,25
792,7920,-36.55732,-59.49423,-19.45199,-15.10698,-12.91325,-8.765486,-7.020864,-5.519634,-4.086583,-3.937055,-3.327324,-3.026895,-2.742259,-2.747882,-2.267597,-0.4816801,25,25,25,25,25,25,25,25,25,25,25,25,25,25,25,25,792,7920,-1.614124,-2.240784,-2.881836,-2.327225,163.4625,142.6111,-1.436842,-2.347691,-2.460554,-1.803933,-1.972655,-2.827658,-1.281579,-3.11903,-2.650356,-2.826391,25,25,25,25,25,25,25,25,25,25,25,25,25,25,25,25,792,7920,-2.527714,-3.453871,-1.65942,-4.385826,-3.496658,-2.803408,-2.716183,-71.96304,0.3731691,1.209361,1.072777,-0.0002119011,-1.320982,0.223534,-0.2215827,3.247982,24,24,24,24,24,24,24,24,24,24,25,24,24,24,25,25
793,7930,-37.39906,-59.61515,-18.95966,-13.76719,-11.46497,-8.642074,-5.87234,-5.64502,-3.21958,-4.798538,-2.020222,-2.774747,-1.550081,-3.225745,-1.67058,-1.447445,25,25,25,25,25,25,25,25,25,25,25,25,25,25,25,25,793,7930,-2.152105,-2.636173,-1.572634,-1.810122,164.2519,142.9792,-1.828636,-2.21734,-2.072292,-1.546443,-1.972655,-1.884719,-2.433397,-3.007666,-2.770782,-2.939415,25,25,25,25,25,25,25,25,25,25,25,25,25,25,25,25,793,7930,-2.757488,-3.709692,-0.2537155,-3.353934,-3.367163,-3.822716,-2.845508,-71.85368,0.8677438,1.209361,0.119194,0.1210629,0.5501338,0.557031,-0.5535804,3.130986,24,24,24,24,24,24,24,24,24,24,25,24,24,24,25,25
794,7940,-34.75359,-59.37331,-17.85193,-14.25439,-11.58565,-8.518661,-5.87234,-4.892701,-3.343445,-3.5679,-1.901395,-3.279043,-2.14617,-2.628416,-1.789983,0.3633638,25,25,25,25,25,25,25,25,25,25,25,25,25,25,25,25,794,7940,-3.497058,-2.240784,-1.441711,-1.810122,163.3309,142.7338,-2.089831,-1.565583,-1.81345,-2.318911,-1.709865,-1.884719,-2.945318,-1.894043,-1.686952,-2.600344,25,25,25,25,25,25,25,25,25,25,25,25,25,25,25,25,794,7940,-2.527714,-3.453871,-1.276046,-4.256839,-3.237667,-2.930821,-3.492134,-72.94714,0.620456,0.4836418,0.7151834,0.969974,-0.0001926374,-0.109963,0.5530795,3.247982,24,24,24,24,24,24,24,24,24,24,24,24,24,24,25,25
795,7950,-36.67757,-59.37331,-19.94431,-15.95958,-12.79256,-8.888898,-6.127567,-6.146567,-3.962769,-3.814038,-2.970842,-3.152969,-2.623041,-2.150555,-2.148194,-0.2402397,25,25,25,25,25,25,25,25,25,25,25,25,25,25,25,25,795,7950,-2.01761,-2.240784,-1.70355,-1.939398,163.8572,141.5066,-0.9144496,-1.174529,-1.554608,-0.9027196,-1.972706,-2.827658,-1.665519,-1.114505,-1.807378,-2.487321,25,25,25,25,25,25,25,25,25,25,25,25,25,25,25,25,795,7950,-3.561711,-4.221331,-0.1259246,-3.48292,-2.201706,-2.548581,-3.362809,-71.96304,0.2495256,-0.1211304,0.3575891,0.3636094,0.5501338,0.223534,0.1104149,2.780008,24,24,24,24,24,24,24,24,24,24,24,24,24,24,25,25
796,7960,-34.2726,-59.01053,-16.62111,-14.49799,-10.62012,-8.518661,-4.979042,-6.146567,-3.591175,-5.413936,-3.08967,-3.909412,-2.026952,-3.703607,-1.789983,-1.447445,25,25,25,25,25,25,25,25,25,25,25,25,25,25,25,25,796,7960,-1.748619,-1.977191,-2.358157,-1.293018,163.3309,142.6111,-1.175645,0.2593348,-1.684028,-0.7739748,-2.366887,-1.615258,-0.8976387,-1.225867,-1.807378,-2.035227,25,25,25,25,25,25,25,25,25,25,25,25,25,25,25,25,796,7960,-2.297936,-3.837601,-1.531628,-3.48292,-2.719687,-2.803408,-2.457533,-71.30697,-0.8632674,0.4836418,0.7151831,-0.36403,-0.5505223,-0.44346,-0.1109174,3.247982,24,24,24,24,24,24,24,24,24,24,24,24,24,24,25,25
797,7970,-34.2726,-59.25238,-17.72885,-16.81217,-12.91325,-9.62937,-6.255181,-5.770407,-4.705958,-4.060176,-2.970842,-3.279043,-2.861476,-2.03109,-1.551176,-0.3609591,25,25,25,25,25,25,25,25,25,25,25,25,25,25,25,25,797,7970,-1.748619,-2.108987,-1.310794,-1.810122,163.8572,142.8565,-0.7838511,-1.30488,-0.9075018,-1.803933,-1.578522,-2.019374,-0.8976355,-1.337231,-0.8439748,-2.939415,25,25,25,25,25,25,25,25,25,25,25,25,25,25,25,25,797,7970,-1.034158,-3.453871,-1.020463,-1.548122,-2.072211,-2.930821,-4.39741,-71.96304,0.620456,0.7255493,0.7151831,0.1210629,0.8802821,1.001693,-0.0002504286,2.312034,24,24,24,24,24,24,24,24,24,24,24,24,24,24,25,25
798,7980,-33.55111,-59.73608,-18.34426,-15.83778,-13.75808,-9.012309,-5.999954,-6.021181,-4.582093,-4.79859,-2.139051,-3.152969,-1.907734,-2.389487,-1.312369,-0.6024011,25,25,25,25,25,25,25,25,25,25,25,25,25,25,25,25,798,7980,-1.748619,-1.318209,-2.358157,-2.327225,164.1204,144.3291,-1.567439,-1.174529,-2.201713,-2.447656,-1.44713,-1.076437,-2.433393,-1.448593,-1.807378,-2.713368,25,25,25,25,25,25,25,25,25,25,25,25,25,25,25,25,798,7980,-1.263935,-3.325962,-0.6370895,-2.709001,-2.978678,-1.529273,-3.362809,-72.40041,-0.61598,-0.2420842,1.191975,0.3636094,0.1098226,0.557031,-0.6642473,3.247982,24,24,24,24,24,24,24,24,24,24,24,24,24,24,24,25
799,7990,-32.10812,-60.21977,-18.34426,-16.81217,-13.87878,-11.11031,-7.276093,-7.149659,-6.06834,-5.906212,-2.61436,-4.413708,-2.503823,-2.986813,-2.267546,-0.7231221,25,25,25,25,25,25,25,25,25,25,25,25,25,25,25,25,799,7990,-1.345133,-1.450006,-1.965396,-1.55157,164.6466,142.9792,-0.7838511,-1.565583,-1.81345,-1.675187,-1.315736,-1.884668,-1.281576,-1.559955,-1.205303,-2.035227,25,25,25,25,25,25,25,25,25,25,25,25,25,25,25,25,799,7990,-2.068158,-3.965512,-1.276046,-2.580014,-2.072211,-1.529273,-3.362809,-72.18172,0.3731691,-0.3630412,0.4767871,-0.1214835,-0.0002407967,0.3346994,-0.5535852,3.247982,24,24,24,24,24,24,24,24,24,24,24,24,24,24,24,25
800,8000,-31.26638,-58.64777,-16.99036,-14.01079,-11.82703,-9.012309,-6.765638,-5.770407,-4.705958,-4.429383,-3.08967,-3.279043,-2.265387,-2.270021,-1.551125,-0.7231221,25,25,25,25,25,25,25,25,25,25,25,25,25,25,25,25,800,8000,-0.8071517,-1.186413,-0.5252707,-0.0002576525,164.2519,143.961,-1.306243,-2.21734,-1.295766,-0.9027196,-1.052946,-0.8070253,-0.7696553,-1.894043,-0.6031757,-1.583132,25,25,25,25,25,25,25,25,25,25,25,25,25,25,25,25,800,8000,-0.9192687,-3.070142,-0.3815071,-2.322041,-2.331201,-1.911513,-2.974833,-72.50976,0.7441003,-0.3630412,0.4767871,1.45507,0.1098226,-0.2211292,-0.9962498,3.364977,24,24,24,24,24,24,24,24,24,24,24,24,24,24,24,25
801,8010,-31.14613,-58.52684,-16.62111,-13.6454,-12.06841,-9.382545,-6.638023,-6.146567,-4.582093,-5.413936,-2.495533,-3.909412,-1.788517,-3.106279,-1.789932,-1.206003,25,25,25,25,25,25,25,25,25,25,25,25,25,25,25,25,801,8010,-1.479628,-1.845395,-1.048949,-0.7759136,163.8572,143.3474,-1.698037,-1.435232,-1.295766,-0.9027196,-1.184341,-1.480551,-1.921476,-1.003143,-1.566579,-2.374297,25,25,25,25,25,25,25,25,25,25,25,25,25,25,25,25,801,8010,-0.9192109,-3.070142,-0.6370895,-3.09596,-1.424735,-2.675995,-4.009435,-72.61909,-0.1214057,0.241731,0.834381,0.1210629,-0.0002407967,0.4458648,-0.3322529,3.247982,24,24,24,24,24,24,24,24,24,24,24,24,24,24,24,25
802,8020,-32.94986,-59.25238,-17.85193,-16.32497,-13.5167,-9.876193,-7.658934,-6.648113,-4.953688,-5.290867,-2.257879,-3.405117,-1.669299,-1.911624,-0.8347041,0.3633638,25,25,25,25,25,25,25,25,25,25,25,25,25,25,25,25,802,8020,-0.9416468,-0.9228213,-0.7871099,-1.810122,164.7782,142.4884,-0.5226557,-0.9138267,-0.9075018,-1.417698,-1.184341,-2.423489,-1.281576,-1.337231,-1.927855,-2.14825,25,25,25,25,25,25,25,25,25,25,25,25,25,25,25,25,802,8020,-1.953208,-3.581834,-0.5092978,-2.193054,-2.331201,-2.16634,-2.457533,-71.635,-0.2450492,-0.483995,0.4767871,0.6061559,0.440019,0.3346994,-0.0002552445,2.546024,24,24,24,24,24,24,24,24,24,24,24,24,24,24,24,25
803,8030,-33.55111,-58.285,-17.72885,-15.59418,-13.5167,-10.9869,-9.317915,-8.528912,-6.563227,-6.521557,-4.040289,-5.170152,-2.980694,-3.34521,-1.909336,-0.6024011,25,25,25,25,25,25,25,25,25,25,25,25,25,25,25,25,803,8030,-1.614124,-1.054617,-1.834518,-1.163742,163.3309,143.3474,-0.9144496,-1.174529,-2.201713,-1.803933,-2.629677,-2.154079,-1.409555,-1.782679,-1.325728,-3.052438,25,25,25,25,25,25,25,25,25,25,25,25,25,25,25,25,803,8030,-1.493656,-3.581834,-1.020461,-2.837987,-1.942716,-1.529273,-1.552257,-70.97894,0.620456,1.088411,1.311173,-0.2427584,-0.1103074,0.1123678,0.2210771,3.013998,24,24,24,24,24,24,24,24,24,24,24,24,24,24,24,25
804,8040,-36.07632,-58.64777,-17.60577,-15.83778,-13.03393,-11.11031,-8.041777,-8.027366,-5.573012,-6.15235,-2.257879,-4.287634,-2.14617,-3.34521,-1.192914,-1.085284,25,25,25,25,25,25,25,25,25,25,25,25,25,25,25,25,804,8040,-1.748619,-2.240784,-0.9180776,-1.939346,163.1994,143.8383,-1.045048,-1.435232,-1.684028,-1.803933,-2.104101,-1.615258,-1.537537,-2.116767,-0.8440261,-2.713368,25,25,25,25,25,25,25,25,25,25,25,25,25,25,25,25,804,8040,-1.608544,-3.453924,0.001868582,-1.935081,-2.460697,-2.930821,-2.845508,-71.41632,-0.1214057,0.8465031,-4.414606E-06,-0.0002119011,0.7702156,0.7793618,-0.7749175,2.312034,24,24,24,24,24,24,24,24,24,24,24,24,24,24,24,25
805,8050,-35.83583,-59.73608,-17.60577,-16.32497,-13.27532,-10.74008,-8.297004,-7.400433,-4.829823,-5.413936,-2.376706,-3.279043,-2.384605,-2.747882,-1.551125,-0.4816801,25,25,25,25,25,25,25,25,25,25,25,25,25,25,25,25,805,8050,-1.614124,-0.7910244,-1.572679,-1.81007,164.252,144.0837,-1.828636,-0.9138267,-1.554608,-1.803933,-1.052946,-1.345847,-1.409555,-0.5576932,-1.325728,-2.035227,25,25,25,25,25,25,25,25,25,25,25,25,25,25,25,25,805,8050,-1.263878,-2.686465,-0.5092962,-2.451027,-1.165796,-0.6373776,-2.586858,-72.18172,-0.4923362,0.241731,0.834381,0.4848811,0.5500856,-0.2211292,0.4424094,4.300924,24,24,24,24,24,24,24,24,24,24,24,24,24,24,24,25
806,8060,-36.19658,-59.97792,-18.83658,-18.88275,-17.4995,-12.96149,-10.21121,-8.528912,-5.820741,-5.783143,-3.08967,-4.035486,-2.14617,-2.389487,-1.909336,0.3633638,25,25,25,25,25,25,25,25,25,25,25,25,25,25,25,25,806,8060,-0.8071517,-1.318209,-2.096357,-2.068622,164.5151,144.3291,-1.175645,-1.435232,-2.072292,-1.546443,-0.3959757,-1.211142,-1.153596,-1.337231,-1.80743,-1.809179,25,25,25,25,25,25,25,25,25,25,25,25,25,25,25,25,806,8060,-2.297875,-3.837653,-0.3815047,-1.290149,-0.5183197,-1.529222,-4.13876,-71.52567,0.3731691,-0.1211304,-4.414606E-06,-0.1214835,0.2198891,0.3346994,0.2210771,3.130986,24,24,24,24,24,24,24,24,24,24,24,24,24,24,24,25
807,8070,-37.03831,-59.61515,-18.95967,-18.76095,-16.29259,-12.96149,-8.424618,-7.901978,-5.201417,-5.906212,-3.208497,-4.413708,-2.14617,-3.823073,-2.74516,-0.4816801,25,25,25,25,25,25,25,25,25,25,25,25,25,25,25,25,807,8070,-0.9416468,-2.636173,-0.9180776,-1.034414,164.1204,144.0837,-1.045048,-1.826286,-0.77808,-0.3877405,-1.841311,-0.5376139,-1.409555,-2.005406,-0.7236009,-1.809179,25,25,25,25,25,25,25,25,25,25,25,25,25,25,25,25,807,8070,-1.148989,-3.070194,-0.2537138,-1.935081,-1.554282,-1.784049,-3.621408,-71.41632,0.002237804,-0.1211304,0.953579,0.8487024,0.1098226,0.001202378,-0.6642522,3.715955,24,24,24,24,24,24,24,24,24,24,24,24,24,24,24,25
808,8080,-37.63956,-60.70346,-19.82124,-20.95333,-18.5857,-13.82537,-8.297004,-8.027365,-5.944606,-5.290867,-3.08967,-3.657264,-2.742259,-2.389487,-2.74516,0.4840832,25,25,25,25,25,25,25,25,25,25,25,25,25,25,25,25,808,8080,-1.210638,-1.713598,-1.441756,-1.680794,164.3835,144.0837,-1.698037,-1.565586,-1.166344,-1.417698,-1.315736,-0.9417302,-2.689354,-2.22813,-1.566579,-1.583132,25,25,25,25,25,25,25,25,25,25,25,25,25,25,25,25,808,8080,-1.378767,-3.198104,-0.6370879,-2.064068,-1.424786,-1.529222,-3.233433,-71.96304,0.3731691,0.241731,0.953579,0.4848811,-0.1103074,0.4458648,0.2210771,2.780008,24,24,24,24,24,24,24,24,24,24,24,24,24,24,24,25
809,8090,-38.4813,-61.79177,-21.42129,-22.53672,-19.06847,-13.82537,-9.573143,-7.275045,-5.820742,-4.183246,-2.61436,-2.900821,-2.14617,-2.150555,-0.5958964,-0.4816801,25,25,25,25,25,25,25,25,25,25,25,25,25,25,25,25,809,8090,-2.421096,-1.713598,-0.5253156,-1.81007,164.9098,143.102,-1.306243,-0.9138299,-1.295764,-1.803933,-1.184341,-2.019374,-1.025616,-1.003143,-0.8440261,-2.261274,25,25,25,25,25,25,25,25,25,25,25,25,25,25,25,25,809,8090,-2.297875,-3.709744,-0.2537138,-1.935081,-1.295291,-2.16629,-4.397359,-71.85368,0.1258821,-0.3630412,0.2383911,0.2423346,0.2198891,0.7793618,0.1104101,3.013998,24,24,24,24,24,24,24,24,24,24,24,24,24,24,24,25
810,8100,-39.32304,-61.18716,-21.17513,-23.26752,-19.18916,-13.0849,-8.424618,-7.525819,-5.325283,-4.306316,-2.970842,-3.279043,-2.14617,-2.986813,-1.909336,-0.8438416,25,25,25,25,25,25,25,25,25,25,25,25,25,25,25,25,810,8100,-1.345133,-1.186413,-1.048994,-0.7758622,164.5151,143.2247,-0.3920572,-0.3924248,-1.813448,-1.160209,-1.578522,-2.019374,-0.7696553,-1.337231,-1.80743,-2.035227,25,25,25,25,25,25,25,25,25,25,25,25,25,25,25,25,810,8100,-0.9192109,-3.581834,-0.7648787,-1.935081,-0.3888249,-0.2550864,-3.880059,-71.30697,-0.4923365,0.8464967,1.787965,0.4848811,-0.0002407967,0.223534,0.4424094,3.364977,24,24,24,24,24,24,24,24,24,24,25,24,24,24,24,25
811,8110,-39.44329,-61.18716,-21.66746,-21.19693,-19.06847,-12.46784,-8.297004,-6.522726,-5.573012,-4.060178,-2.852015,-2.900821,-3.099912,-1.672693,-2.148143,-0.2402397,25,25,25,25,25,25,25,25,25,25,25,25,25,25,25,25,811,8110,-1.345133,-1.713598,-1.048994,-1.939346,163.4626,144.4519,-0.5226557,-0.6531274,-0.9075001,-1.675187,-1.972655,-1.615258,-0.5136964,-1.782679,-0.9644518,-2.713368,25,25,25,25,25,25,25,25,25,25,25,25,25,25,25,25,811,8110,-1.378767,-3.965564,0.2574518,-1.161162,-2.201758,-3.185598,-4.009383,-71.85368,0.2495256,0.8464967,-0.119202,-0.1214835,0.3299557,0.557031,-0.3322529,2.663019,24,24,24,24,24,24,24,24,24,24,25,24,24,24,24,25
812,8120,-39.92428,-60.9453,-22.89827,-23.51111,-20.034,-14.0722,-8.80746,-6.898886,-5.325283,-4.306316,-2.495533,-3.404909,-2.14617,-2.270021,-1.431721,-0.6024011,25,25,25,25,25,25,25,25,25,25,25,25,25,25,25,25,812,8120,-1.614124,-1.845395,-1.048994,-2.327174,164.6467,143.961,-0.9144496,-1.95664,-1.813448,-2.5764,-1.709865,-1.345898,-1.409555,-1.894043,-1.927855,-3.165462,25,25,25,25,25,25,25,25,25,25,25,25,25,25,25,25,812,8120,-1.608544,-3.453924,0.7686167,-2.193054,-2.460748,-2.293703,-1.293554,-71.74435,0.1258821,-0.7259122,0.7151834,0.3636094,0.1098226,0.557031,-0.3322529,3.013998,24,24,24,24,24,24,24,24,24,24,25,24,24,24,24,25
813,8130,-40.88627,-61.67085,-23.3906,-24.6073,-19.91331,-13.70197,-7.914163,-6.522726,-5.573012,-4.306316,-1.901396,-3.783062,-1.788517,-2.628416,-1.192914,-0.2402397,25,25,25,25,25,25,25,25,25,25,25,25,25,25,25,25,813,8130,-2.2866,-1.450006,-1.441756,-1.939346,165.3045,144.3291,-1.436842,-1.044181,-1.94287,-1.417698,-1.315684,-1.884719,-1.921476,-1.448593,-2.409557,-2.035227,25,25,25,25,25,25,25,25,25,25,25,25,25,25,25,25,813,8130,-2.412764,-3.965564,-0.5092962,-2.064068,-1.683777,-1.019568,-1.810855,-72.29106,0.620456,0.8464967,1.072777,-0.1214835,-0.2203258,0.4458648,0.4424094,3.130986,24,24,24,24,24,24,24,24,24,24,25,24,24,24,24,25
814,8140,-41.48751,-61.06623,-23.88292,-21.31873,-18.5857,-12.59126,-7.531321,-7.024272,-5.325283,-4.798593,-3.208497,-4.161214,-2.980694,-3.34527,-2.506353,-0.8438416,25,25,25,25,25,25,25,25,25,25,25,25,25,25,25,25,814,8140,-0.9416468,-2.240784,-2.620042,-1.81007,165.436,143.8383,-0.7838511,-2.478045,-1.425184,-1.417698,-1.578471,-2.962363,-1.665515,-1.671322,-1.687004,-2.035227,25,25,25,25,25,25,25,25,25,25,25,25,25,25,25,25,814,8140,-2.412764,-3.198104,-0.2537138,-2.32204,-2.460748,-2.16629,-2.198831,-71.96304,0.2495256,0.6045859,0.5959855,1.333795,0.4400672,0.3346994,-0.2215876,3.247982,24,24,24,24,24,24,24,24,24,24,25,24,24,24,25,25
815,8150,-40.16478,-60.34069,-20.80589,-16.93397,-14.12015,-10.36984,-6.127567,-6.39734,-4.086634,-4.306316,-1.307259,-3.026756,-1.311645,-4.300995,-2.028739,-0.8438416,25,25,25,25,25,25,25,25,25,25,25,25,25,25,25,25,815,8150,-2.2866,-2.636173,-1.965441,-1.81007,163.8573,144.5746,-1.436842,-2.086992,-1.425184,-1.288953,-2.104049,-1.211193,-1.921476,-1.782682,-2.048281,-1.922203,25,25,25,25,25,25,25,25,25,25,25,25,25,25,25,25,815,8150,-1.148989,-2.814375,-0.1259222,-1.806094,-2.072262,-1.784049,-1.940181,-72.94714,-1.110555,-0.2420938,0.4767879,0.7274276,-0.5505223,-0.109963,0.4424126,3.013998,24,24,24,24,24,24,24,24,24,24,25,24,24,24,25,25
816,8160,-39.20279,-60.21977,-20.68281,-17.66476,-14.24085,-11.11031,-6.382795,-6.271952,-3.46731,-3.690971,-1.426086,-3.026756,-1.311645,-2.628476,-1.192915,0.001151008,25,25,25,25,25,25,25,25,25,25,25,25,25,25,25,25,816,8160,-3.362563,-1.977191,-2.096357,-1.680794,164.3835,144.3291,-2.22043,-1.565586,-1.425184,-1.675187,-1.578471,-1.884719,-2.689354,-2.562221,-1.80743,-2.374297,25,25,25,25,25,25,25,25,25,25,25,25,25,25,25,25,816,8160,-1.723433,-4.349293,-0.1259222,-1.806094,-2.072262,-2.16629,-4.526684,-71.635,0.2495256,-0.2420938,0.238392,0.4848811,0.4400672,0.7793618,0.2210819,3.130986,24,24,24,24,24,24,24,24,24,24,25,24,24,24,25,25
817,8170,-39.32304,-59.61515,-21.91362,-20.10074,-17.4995,-12.46784,-7.148479,-6.522726,-4.582094,-3.567902,-1.544914,-2.396502,-1.311645,-1.67275,-1.073511,0.001151008,25,25,25,25,25,25,25,25,25,25,25,25,25,25,25,25,817,8170,-2.690138,-1.977191,-1.572679,-1.939346,165.0414,143.4701,-1.045048,-1.304884,-2.460554,-1.803932,-1.972655,-2.827658,-1.921476,-2.005409,-2.048281,-2.14825,25,25,25,25,25,25,25,25,25,25,25,25,25,25,25,25,817,8170,-1.723491,-2.814375,-0.2537138,-3.224946,-2.849233,-2.803357,-2.716131,-71.08829,0.4968126,0.3626783,1.191975,0.8487024,0.1098707,-0.5546262,0.5530795,3.364977,24,24,24,24,24,24,24,24,24,24,25,24,24,24,25,25
818,8180,-39.80404,-59.85699,-20.80589,-19.97894,-16.0512,-12.22102,-6.510409,-7.275045,-4.210499,-4.552454,-2.020223,-3.657011,-2.503823,-2.867407,-1.551125,-1.085335,25,25,25,25,25,25,25,25,25,25,25,25,25,25,25,25,818,8180,-1.883166,-1.845395,-2.358196,-1.680794,163.8573,143.8383,-1.436842,-1.695938,-1.684026,-1.417698,-2.49823,-1.480603,-1.153596,-1.559958,-1.084877,-1.583132,25,25,25,25,25,25,25,25,25,25,25,25,25,25,25,25,818,8180,-1.83838,-3.709692,0.2574518,-1.161162,-1.554282,-2.16629,-3.750733,-71.635,0.4968126,0.3626783,1.072777,0.1210629,0.4400672,0.223534,0.1104149,2.195039,24,24,24,24,24,24,24,24,24,24,25,24,24,24,25,25
819,8190,-40.28503,-59.61515,-21.17513,-20.22254,-17.25811,-12.34443,-8.16939,-7.275045,-5.077553,-4.183247,-2.61436,-2.900706,-1.669299,-1.194888,-1.909336,-0.11957,25,25,25,25,25,25,25,25,25,25,25,25,25,25,25,25,819,8190,-1.345184,-2.240784,-1.179917,-2.45645,164.252,144.3291,-0.7838511,-1.95664,-1.554606,-2.447655,-1.972655,-2.019425,-1.409555,-1.782682,-1.205303,-2.826391,25,25,25,25,25,25,25,25,25,25,25,25,25,25,25,25,819,8190,-1.83838,-2.686412,0.00186778,-1.548121,-1.813272,-1.656636,-1.810855,-70.97894,0.2495256,-0.6049551,0.238392,-0.1214835,0.1098707,0.223534,-0.442915,3.247982,24,24,24,24,24,24,24,24,24,24,25,24,24,24,25,25
820,8200,-38.24081,-58.76869,-21.66745,-18.63915,-16.17189,-10.86349,-6.127567,-5.895793,-3.46731,-3.81404,-1.663741,-1.765909,-0.7155571,-1.314353,-0.4764933,-0.3610104,25,25,25,25,25,25,25,25,25,25,25,25,25,25,25,25,820,8200,-2.421147,-1.318209,-2.22728,-2.715002,165.0414,144.9428,-1.828636,-1.435235,-2.07229,-2.83389,-1.84126,-1.750014,-2.049454,-1.894046,-2.891259,-2.487321,25,25,25,25,25,25,25,25,25,25,25,25,25,25,25,25,820,8200,-1.723491,-3.709692,-0.7648795,-1.677108,-1.554282,-1.274395,-1.16423,-70.21353,0.8677438,0.4836321,1.072777,-0.2427584,0.4400672,1.001693,0.5530795,3.481972,24,24,24,24,24,24,24,24,24,24,25,24,24,24,25,25
821,8210,-36.91807,-58.16407,-19.94431,-17.29936,-14.12016,-10.49325,-5.617112,-4.767314,-4.086634,-3.198694,-1.663741,-2.648604,-1.07321,-1.553285,-0.3570903,-0.6024525,25,25,25,25,25,25,25,25,25,25,25,25,25,25,25,25,821,8210,-2.286652,-2.767969,-3.274642,-2.197898,165.5676,143.8383,-1.436842,-2.478045,-2.719396,-2.061421,-1.709865,-2.15413,-1.153596,-2.228134,-2.168706,-1.809179,25,25,25,25,25,25,25,25,25,25,25,25,25,25,25,25,821,8210,-2.068158,-3.070142,0.2574502,-2.451028,-2.849233,-2.930771,-1.16423,-70.54156,0.620456,0.1207708,-0.3575979,-0.36403,-0.6605856,0.001202378,-0.7749127,2.429029,24,24,24,24,24,24,24,24,24,24,25,24,24,24,25,25
822,8220,-36.31683,-57.19669,-19.57507,-14.98518,-13.15463,-7.407955,-5.617112,-4.641928,-3.96277,-2.829487,-1.901396,-2.522553,-2.265387,-2.389544,-1.789933,-0.240291,25,25,25,25,25,25,25,25,25,25,25,25,25,25,25,25,822,8220,-2.286652,-3.031561,-2.22728,-1.939346,164.7782,144.9428,-1.175645,-1.95664,-2.07229,-1.803932,-2.629625,-0.9417816,-2.433393,-2.450858,-1.80743,-2.600344,25,25,25,25,25,25,25,25,25,25,25,25,25,25,25,25,822,8220,-1.378824,-2.814322,-0.125923,-2.451028,-1.424786,-1.656686,-1.68153,-71.96304,0.3731691,0.9674505,0.5959855,0.969974,0.2199373,0.1123678,0.4424126,3.832951,24,24,24,24,24,24,24,24,24,24,25,24,24,24,25,25
823,8230,-35.71558,-56.2293,-18.7135,-16.32497,-13.15463,-7.037719,-4.085744,-4.516541,-2.971851,-2.952556,-1.188431,-2.522553,-0.7155571,-2.747941,-1.431722,-0.6024525,25,25,25,25,25,25,25,25,25,25,25,25,25,25,25,25,823,8230,-3.631605,-2.504376,-2.22728,-2.45645,165.3045,145.0655,-2.481625,-1.826289,-2.201712,-2.318911,-1.447079,-2.827658,-3.073293,-2.005409,-2.048281,-2.487321,25,25,25,25,25,25,25,25,25,25,25,25,25,25,25,25,823,8230,-2.872377,-4.477151,0.3852418,-2.580014,-2.719738,-2.803408,-2.328156,-70.54156,0.3731691,-0.7259122,-0.5959939,-0.2427584,-0.4404557,0.3346994,-0.3322497,3.130986,24,24,24,24,24,24,24,24,24,24,25,24,24,24,25,25
824,8240,-35.23459,-57.07576,-18.95966,-15.22878,-12.91326,-8.888898,-4.979042,-4.767314,-2.228662,-2.583349,-1.544914,-2.270431,-1.788517,-2.150613,-1.073511,-0.3610104,25,25,25,25,25,25,25,25,25,25,25,25,25,25,25,25,824,8240,-2.690138,-2.37258,-2.358196,-1.422242,165.436,143.4701,-1.436842,-1.826337,-2.719396,-1.803932,-2.235441,-2.15413,-2.049454,-1.894046,-2.048281,-2.374297,25,25,25,25,25,25,25,25,25,25,25,25,25,25,25,25,824,8240,-1.83838,-2.686412,0.1296594,-3.224947,-2.201758,-2.421168,-2.845457,-70.65091,-0.2450492,-0.4840014,1.191975,-0.0002119011,0.1098707,-0.109963,0.4424126,3.247982,24,24,24,24,24,24,24,24,24,24,25,24,24,24,25,25
825,8250,-35.11434,-56.71299,-18.59042,-14.25439,-11.46497,-7.778191,-4.723814,-5.018087,-2.104797,-2.214142,-1.069605,-1.765909,-0.8347747,-1.194888,-1.551125,0.001151008,25,25,25,25,25,25,25,25,25,25,25,25,25,25,25,25,825,8250,-2.286652,-2.767969,-2.489119,-2.068622,164.3835,144.9428,-0.9144496,-1.956688,-2.460554,-2.447655,-3.286592,-1.750014,-2.177436,-2.562221,-1.80743,-3.165462,25,25,25,25,25,25,25,25,25,25,25,25,25,25,25,25,825,8250,-2.068158,-3.837601,-0.2537147,-1.935081,-2.849233,-2.803408,-2.974782,-70.97894,0.002237804,0.3626783,1.311173,-0.0002119011,0.4400672,0.1123678,0.1104149,2.780008,24,24,24,24,24,24,24,24,24,24,25,24,24,24,25,25
826,8260,-34.99409,-57.19669,-17.11344,-14.13259,-11.46497,-9.135722,-5.999953,-5.018087,-2.352527,-3.075626,-1.307259,-1.892039,-1.07321,-2.628476,-1.551125,-1.326775,25,25,25,25,25,25,25,25,25,25,25,25,25,25,25,25,826,8260,-1.74867,-2.767969,-1.834518,-3.490658,165.1729,145.4337,-0.6532525,-1.695986,-2.07229,-2.061422,-1.315684,-1.480603,-1.921476,-1.003146,-1.927855,-2.713368,25,25,25,25,25,25,25,25,25,25,25,25,25,25,25,25,826,8260,-1.953269,-3.453871,0.6408243,-2.193054,-3.237719,-0.6373785,-1.68153,-70.86961,-0.2450492,-0.4839981,0.9535794,0.6061559,0.1098707,0.3346994,-0.2215827,3.481972,24,24,24,24,24,24,24,24,24,24,24,24,24,24,25,25
827,8270,-35.11434,-56.95483,-17.97501,-15.10698,-12.55119,-8.765487,-5.999953,-4.265768,-2.600257,-1.475727,-1.901446,-1.639778,-1.550081,-0.7170252,-1.312318,-0.3610104,25,25,25,25,25,25,25,25,25,25,25,25,25,25,25,25,827,8270,-2.017661,-1.054617,-1.703595,-2.715002,164.9098,145.3109,-1.436842,-0.6531755,-2.07229,-1.031464,-0.6587138,-0.8070767,-2.049454,-1.337234,-1.687004,-2.600344,25,25,25,25,25,25,25,25,25,25,25,25,25,25,25,25,827,8270,-2.068158,-4.477151,0.2574502,-2.193054,-1.165796,-0.6373785,-1.810855,-70.97894,-0.1214057,0.7255462,1.072777,-0.6065797,-0.2203258,0.557031,-0.2215827,3.364977,24,24,24,24,24,24,24,24,24,24,24,24,24,24,25,25
828,8280,-35.47509,-57.8013,-18.22117,-14.01079,-12.3098,-8.39525,-5.361884,-4.140381,-1.485473,-1.598797,-1.069654,-1.892039,-0.7155571,-1.553285,-1.192915,-1.085335,25,25,25,25,25,25,25,25,25,25,25,25,25,25,25,25,828,8280,-0.6727073,-2.108987,-2.750958,-2.197898,165.0414,144.5746,-0.5226557,-2.08704,-2.07229,-1.288953,-1.052895,-2.42354,-0.7696553,-1.782682,-1.927855,-2.374297,25,25,25,25,25,25,25,25,25,25,25,25,25,25,25,25,828,8280,-1.723491,-3.453871,1.279781,-1.161162,-2.072262,-2.548581,-1.552205,-69.88551,0.2495256,0.2417278,0.1191936,1.333795,0.5501338,0.3346994,-0.7749127,2.546024,24,24,24,24,24,24,24,24,24,24,24,24,24,24,25,25
829,8290,-34.2726,-57.8013,-18.7135,-15.83778,-13.03395,-9.135722,-6.127567,-4.641928,-2.228662,-2.214142,-1.188482,-1.513648,-0.9539924,-2.031147,-1.073511,-0.3610104,25,25,25,25,25,25,25,25,25,25,25,25,25,25,25,25,829,8290,-1.614175,-2.636173,-1.441756,-1.034414,164.3835,145.679,-1.567439,-1.956688,-1.166342,-0.64523,-1.578471,-0.9417816,-1.665519,-1.22587,-1.084877,-1.131038,25,25,25,25,25,25,25,25,25,25,25,25,25,25,25,25,829,8290,-0.804383,-2.686412,0.1296594,-1.677108,-0.906805,-0.8922055,-2.457481,-71.74435,0.2495256,0.2417278,0.953579,0.3636094,0.3300103,0.1123678,-0.1109174,3.247982,24,24,24,24,24,24,24,24,24,24,24,24,24,24,25,25
830,8300,-32.46887,-56.47115,-16.37495,-11.57481,-11.34428,-7.161131,-4.979042,-2.886516,-2.228662,-1.844935,-1.901446,-1.009126,-1.430864,-2.628421,-2.267546,0.1218704,25,25,25,25,25,25,25,25,25,25,25,25,25,25,25,25,830,8300,-2.286652,-1.318209,-1.310833,-2.327174,165.5676,145.3109,-1.567439,-1.174581,-0.6486582,-1.932677,-1.709865,-2.558247,-1.793497,-1.671322,-1.687004,-2.261274,25,25,25,25,25,25,25,25,25,25,25,25,25,25,25,25,830,8300,-1.83838,-3.070142,0.3852418,-1.548122,-0.6478153,-1.147032,-2.198831,-69.99485,0.1258821,0.120774,0.7151831,0.2423346,0.4400736,1.001643,0.3317472,3.247982,24,24,24,24,24,24,24,24,24,24,24,24,24,24,24,25
831,8310,-31.26639,-55.50376,-15.88263,-10.84402,-10.37876,-5.680188,-4.213358,-3.262676,-1.857067,-1.968003,-0.7131724,-1.513648,-1.07321,-2.389492,-0.8347041,-1.326775,25,25,25,25,25,25,25,25,25,25,25,25,25,25,25,25,831,8310,-1.614175,-2.108987,-2.489119,-1.939346,165.3045,143.961,-0.5226557,-1.695986,-1.813448,-1.417698,-2.629625,-2.827658,-1.665519,-1.671322,-2.168654,-2.374297,25,25,25,25,25,25,25,25,25,25,25,25,25,25,25,25,831,8310,-1.493713,-3.325962,0.00186778,-3.48292,-2.978729,-2.548581,-2.198831,-70.54156,-0.4923362,0.3626816,0.953579,-0.1214835,-0.0001862161,-0.6658422,-0.0002552445,3.130986,24,24,24,24,24,24,24,24,24,24,24,24,24,24,24,25
832,8320,-32.22837,-56.47115,-15.75954,-12.3056,-9.895993,-7.531366,-3.575289,-3.011902,-1.113879,-2.214142,-1.069654,-1.261387,-0.8347747,-2.389492,-0.5958972,-0.4816801,25,25,25,25,25,25,25,25,25,25,25,25,25,25,25,25,832,8320,-2.690138,-2.37258,-1.834518,-2.068622,164.3835,145.0655,-1.567439,-1.044229,-1.813448,-2.190166,-2.49823,-1.615309,-1.665519,-2.339497,-1.325677,-3.278479,25,25,25,25,25,25,25,25,25,25,25,25,25,25,25,25,832,8320,-1.723491,-3.709692,-0.125923,-2.064068,-2.719738,-3.440476,-2.328156,-70.21353,0.4968126,0.6045924,1.311173,-0.36403,-0.1102528,0.5569797,0.1104101,2.793306,24,24,24,24,24,24,24,24,24,24,24,24,24,24,24,25
833,8330,-31.62713,-55.62468,-15.88263,-11.20941,-9.413231,-6.297247,-4.340972,-4.014995,-1.980933,-2.091073,-1.544964,-1.639778,-1.788517,-2.031095,-0.954108,0.1219218,25,25,25,25,25,25,25,25,25,25,25,25,25,25,25,25,833,8330,-1.614124,-1.977191,-1.703595,-2.844278,165.436,145.679,-0.9144496,-0.9138781,-2.331132,-2.5764,-1.447079,-1.211193,-1.537537,-1.003146,-1.446102,-2.713362,25,25,25,25,25,25,25,25,25,25,25,25,25,25,25,25,833,8330,-2.297878,-3.453871,0.8964067,-2.193054,-2.201758,-0.1277242,-1.42288,-70.54156,-0.61598,-0.604952,1.311173,0.2423346,-0.2203193,-0.4435114,-0.6642522,3.6124,24,24,24,24,24,24,24,24,24,24,24,24,24,24,24,25
834,8340,-32.70937,-55.62468,-14.40565,-13.1582,-11.34428,-8.025014,-4.085744,-4.140381,-2.228662,-2.952556,-0.5943449,-2.01817,-0.9539924,-3.464681,-1.431722,-0.9645625,25,25,25,25,25,25,25,25,25,25,25,25,25,25,25,25,834,8340,-0.8071517,-1.054617,-2.358196,-1.81007,165.9623,145.679,-0.3920572,-0.9138781,-2.07229,-1.160209,-0.3959244,-1.345898,-0.8976387,-0.7804205,-1.325677,-1.470102,25,25,25,25,25,25,25,25,25,25,25,25,25,25,25,25,834,8340,-1.37877,-4.093422,0.7686158,-1.935081,-1.295291,-1.019618,-1.810855,-70.54156,0.1258821,0.120774,0.5959851,-0.4853049,-0.8807123,0.001151811,0.885074,3.6124,24,24,24,24,24,24,24,24,24,24,24,24,24,24,24,25
835,8350,-33.43086,-55.86652,-15.75954,-15.22878,-13.03395,-10.12302,-5.617111,-4.641928,-2.724122,-3.075626,-1.307309,-1.892039,-1.788517,-2.15056,-1.551125,0.6048043,25,25,25,25,25,25,25,25,25,25,25,25,25,25,25,25,835,8350,-0.8071517,-2.108987,-1.70355,-1.292967,166.0939,144.9428,-0.9144496,-1.565634,-1.166342,-0.5164853,-0.6587138,-0.8070767,-1.025617,-1.114508,-0.8439748,-1.809173,25,25,25,25,25,25,25,25,25,25,25,25,25,25,25,25,835,8350,-1.148992,-2.430593,1.024197,-0.6452163,-1.295291,-1.147032,-1.293554,-69.66682,0.4968126,-0.1211336,-4.414606E-06,0.7274276,0.2199437,-0.3323452,-0.8855845,2.559277,24,24,24,24,24,24,24,24,24,24,24,24,24,24,24,25
836,8360,-34.99409,-56.47115,-16.37495,-16.08137,-14.72361,-10.74008,-6.510409,-5.268861,-3.343446,-2.952556,-1.188482,-2.01817,-1.788517,-2.628421,-1.670529,0.2426428,25,25,25,25,25,25,25,25,25,25,25,25,25,25,25,25,836,8360,-0.6726559,-1.450006,-1.441711,-0.7758622,165.8308,146.1699,-1.698037,-0.7835268,-0.5192363,-0.1302509,-0.7901086,-0.6723718,-1.281579,-0.5576964,-0.362273,-1.922197,25,25,25,25,25,25,25,25,25,25,25,25,25,25,25,25,836,8360,-0.3447727,-2.558503,0.7686142,-1.54812,0.1291561,-0.8922055,-2.586807,-70.97894,0.2495256,-0.0001797949,0.953579,0.2423346,-0.0001862161,0.3346488,0.4424094,3.027328,24,24,24,24,24,24,24,24,24,24,24,24,24,24,24,25
837,8370,-33.67136,-56.2293,-15.88263,-16.69037,-13.87878,-11.23372,-6.255181,-5.770406,-3.591175,-4.183247,-1.901446,-3.026756,-2.384605,-3.823078,-2.625757,-0.9645625,25,25,25,25,25,25,25,25,25,25,25,25,25,25,25,25,837,8370,-1.748619,-0.7910244,-1.572634,-2.197898,165.9623,144.9428,-1.306243,-0.5228242,-1.425184,-1.288953,-0.7901086,-2.15413,-1.153598,-1.22587,-1.446102,-2.261267,25,25,25,25,25,25,25,25,25,25,25,25,25,25,25,25,837,8370,-1.034103,-2.942233,1.535362,-1.032174,-1.165796,-1.656686,-2.457481,-70.21353,0.2495256,-1.08877,0.2383911,0.3636094,-0.0001862161,0.7793112,-0.3322529,3.144343,24,24,24,24,24,24,24,24,24,24,24,24,24,24,24,25
838,8380,-33.07012,-55.86652,-16.37495,-15.35058,-13.03395,-9.629371,-6.510409,-4.641928,-3.219581,-2.091073,-2.020273,-1.639778,-2.265387,-1.672698,-1.789933,0.2426428,25,25,25,25,25,25,25,25,25,25,25,25,25,25,25,25,838,8380,-1.748619,-1.318209,-2.096312,-1.939346,165.6991,144.2064,-0.7838511,-1.304932,-2.331132,-0.9027196,-2.104049,-2.288835,-1.025617,-1.448596,-1.807378,-2.03522,25,25,25,25,25,25,25,25,25,25,25,25,25,25,25,25,838,8380,-1.034103,-3.325963,0.2574494,-2.451026,-1.942767,-1.784049,-2.328156,-70.21353,-0.2450492,0.8464999,0.7151831,-0.2427584,-0.8807123,0.2234826,-0.0002552445,3.027328,24,24,24,24,24,24,24,24,24,24,24,24,24,24,24,25
839,8390,-31.62713,-55.26191,-15.75954,-14.74158,-12.79257,-8.765487,-5.234269,-4.265768,-2.352527,-1.968003,-1.426136,-1.261387,-1.192428,-1.911629,-1.192915,-0.3609591,25,25,25,25,25,25,25,25,25,25,25,25,25,25,25,25,839,8390,-1.479628,-1.977191,-1.572634,-2.068622,165.0413,145.4335,-1.175645,-1.435283,-1.295764,-2.190166,-2.629625,-2.15413,-1.921479,-2.228134,-2.168654,-3.504526,25,25,25,25,25,25,25,25,25,25,25,25,25,25,25,25,839,8390,-1.838326,-3.581783,1.407571,-1.419134,-2.072262,-2.675944,-3.492134,-70.76025,0.2495256,1.088408,0.2383911,-0.0002119011,0.9904032,0.7793112,-0.1109206,2.559277,24,24,24,24,24,24,24,24,24,24,24,24,24,24,24,25
840,8400,-31.98788,-54.6573,-16.7442,-17.54296,-14.12016,-11.23372,-5.106656,-4.391155,-3.219581,-2.583349,-2.020273,-2.270431,-1.550081,-2.389492,-0.954108,-0.2402397,25,25,25,25,25,25,25,25,25,25,25,25,25,25,25,25,840,8400,-1.883114,-2.767969,-3.012758,-3.74921,166.0938,146.2926,-1.175645,-1.435232,-2.201712,-3.348869,-2.49823,-2.019425,-3.073296,-2.005409,-2.770782,-3.504526,25,25,25,25,25,25,25,25,25,25,25,25,25,25,25,25,840,8400,-1.838326,-3.453873,1.27978,-3.095958,-3.496709,-2.421117,-3.88011,-71.85368,-0.7396235,-0.2420906,0.4767871,0.7274276,0.2199437,-0.2211798,-0.1109206,3.495379,24,24,24,24,24,24,24,24,24,24,24,24,24,24,24,25
841,8410,-31.86763,-54.6573,-16.37495,-15.10698,-13.03395,-8.39525,-4.851428,-3.513449,-3.219581,-2.337211,-2.495583,-1.765909,-2.384605,-2.747887,-2.983968,-0.9645625,25,25,25,25,25,25,25,25,25,25,25,25,25,25,25,25,841,8410,-2.824582,-1.845395,-3.143675,-2.068622,165.6991,146.1699,-0.5226557,-2.21734,-2.719344,-2.705146,-1.447079,-2.288835,-1.537537,-2.339497,-3.011632,-2.713362,25,25,25,25,25,25,25,25,25,25,25,25,25,25,25,25,841,8410,-3.1021,-4.860882,0.8964059,-2.966973,-2.590243,-2.548531,-3.362809,-70.76025,-0.4923365,-0.604952,0.7151831,-0.9703979,-0.0001862161,0.5569797,0.3317424,3.378371,24,24,24,24,24,24,24,24,24,24,24,24,24,24,24,25
842,8420,-31.26639,-53.08529,-14.77489,-11.20941,-9.413231,-6.914307,-3.830517,-2.76113,-2.228662,-2.952502,-1.426136,-2.01817,-1.192428,-2.986818,-1.431722,-0.4816801,25,25,25,25,25,25,25,25,25,25,25,25,25,25,25,25,842,8420,-0.8071517,-2.636173,-2.750913,-2.197898,165.9623,145.8017,-1.436842,-2.738745,-2.719344,-1.932677,-1.578471,-1.750014,-1.665519,-2.896309,-1.446102,-2.600338,25,25,25,25,25,25,25,25,25,25,25,25,25,25,25,25,842,8420,-2.642545,-3.709692,1.27978,-2.966973,-3.237719,-2.803357,-2.198882,-70.43223,0.4968126,-0.1211336,0.5959851,0.4848811,0.2199437,0.1123172,-0.7749175,3.027328,24,24,24,24,24,24,24,24,24,24,25,24,24,24,24,25
843,8430,-31.14614,-53.68991,-14.40565,-11.33121,-9.05115,-6.667483,-3.064833,-3.764222,-2.352527,-2.706365,-1.66374,-2.774655,-1.430864,-3.106284,-1.789933,-0.2402397,25,25,25,25,25,25,25,25,25,25,25,25,25,25,25,25,843,8430,-1.883114,-1.977191,-1.441711,-1.551518,165.6991,146.5381,-1.306243,-1.565583,-1.295713,-1.546443,-2.761071,-1.615309,-2.433397,-2.339497,-1.807378,-2.600338,25,25,25,25,25,25,25,25,25,25,25,25,25,25,25,25,843,8430,-1.493659,-3.709692,0.5130318,-2.32204,-1.813272,-2.038876,-2.845508,-71.30697,-0.1214057,-0.2420906,0.3575899,0.8487024,-0.2203193,0.4458142,0.3317424,2.676285,24,24,24,24,24,24,24,24,24,24,25,24,24,24,24,25
844,8440,-31.50688,-51.51329,-14.89797,-9.869625,-7.844251,-5.309952,-2.937219,-4.140382,-2.724122,-2.706365,-2.376704,-2.774747,-2.026952,-2.628421,-2.267546,0.8462447,25,25,25,25,25,25,25,25,25,25,25,25,25,25,25,25,844,8440,-2.555591,-2.240784,-1.310794,-2.327174,166.7516,145.1881,-1.045048,-2.347691,-1.683975,-3.220124,-2.235492,-3.501183,-2.689357,-2.450858,-2.529931,-3.278479,25,25,25,25,25,25,25,25,25,25,25,25,25,25,25,25,844,8440,-2.757434,-3.965512,1.535362,-2.580013,-2.072262,-3.058184,-1.810907,-70.32288,-0.2450492,-0.8468627,0.3575899,0.1211143,-0.1102528,0.3346488,0.1104101,2.793306,24,24,24,24,24,24,24,24,24,24,25,24,24,24,24,25
845,8450,-29.8234,-50.5459,-12.19018,-7.920841,-6.516646,-5.063128,-2.426764,-3.388062,-1.857067,-3.444779,-1.782567,-3.531191,-1.907786,-4.062009,-2.745161,-1.447445,25,25,25,25,25,25,25,25,25,25,25,25,25,25,25,25,845,8450,-2.690086,-2.108987,-3.536437,-1.680794,165.5676,145.3108,-1.175645,-1.435232,-2.848766,-2.190166,-3.286644,-2.827658,-2.561375,-2.784945,-2.28908,-2.261267,25,25,25,25,25,25,25,25,25,25,25,25,25,25,25,25,845,8450,-1.838326,-3.837602,0.8964059,-3.482919,-3.496709,-2.803357,-1.422931,-70.76025,-0.61598,-0.0001797949,0.7151834,-0.0001605311,-0.8807188,-0.6658422,-0.1109206,3.495379,24,24,24,24,24,24,24,24,24,24,25,24,24,24,24,25
846,8460,-29.46266,-50.66682,-11.20553,-7.068248,-5.551122,-4.939715,-1.660627,-3.262676,-1.361608,-1.96795,-2.020222,-1.513776,-2.384656,-2.031091,-1.909336,0.6048043,25,25,25,25,25,25,25,25,25,25,25,25,25,25,25,25,846,8460,-1.883114,-1.845395,-2.358157,-2.45645,164.9098,145.1881,-0.9144496,-1.565583,-1.554555,-2.5764,-2.892463,-2.42354,-1.793494,-3.007718,-2.168654,-2.600338,25,25,25,25,25,25,25,25,25,25,25,25,25,25,25,25,846,8460,-2.412767,-4.477152,0.5130318,-2.708999,-2.719738,-2.803357,-2.457533,-70.86961,-0.2450492,0.7255462,0.3575899,0.1211143,0.2199373,0.5570302,0.2210771,2.442263,24,24,24,24,24,24,24,24,24,24,25,24,24,24,25,25
847,8470,-30.66515,-49.57851,-10.46704,-6.824651,-5.913203,-3.828928,-2.043856,-2.00881,-1.733202,-1.475674,-1.782567,-1.387668,-1.430915,-1.314297,-1.551125,0.001202378,25,25,25,25,25,25,25,25,25,25,25,25,25,25,25,25,847,8470,-1.748619,-1.713598,-2.096312,-2.973554,166.4885,146.2926,-1.436842,-1.695934,-1.942818,-2.705146,-1.578522,-1.480603,-2.177436,-1.448644,-2.048281,-2.939409,25,25,25,25,25,25,25,25,25,25,25,25,25,25,25,25,847,8470,-2.297878,-4.221333,1.407571,-2.580013,-2.072262,-0.8921542,-2.457533,-71.74435,-1.234198,0.120774,0.7151834,0.7274789,-0.1102592,-0.4434609,-0.110866,3.846422,24,24,24,24,24,24,24,24,24,24,25,24,24,24,25,25
848,8480,-28.38042,-49.57851,-9.605473,-7.190047,-5.671815,-4.199244,-1.78837,-3.262676,-1.980933,-3.075572,-1.782567,-2.018205,-1.430915,-2.389488,-0.5958964,-0.1195218,25,25,25,25,25,25,25,25,25,25,25,25,25,25,25,25,848,8480,-1.614124,-2.240784,-2.619997,-2.068622,166.0938,146.9067,-0.7838511,-2.478042,-2.848766,-1.675187,-1.44713,-2.288835,-1.409555,-2.450906,-2.650408,-3.165411,25,25,25,25,25,25,25,25,25,25,25,25,25,25,25,25,848,8480,-2.412767,-4.860882,0.8964059,-2.32204,-1.813272,-1.911463,-2.716183,-70.21353,0.1258821,-0.4839981,0.5959855,0.242386,0.2199373,0.001201576,0.2211332,2.780008,24,24,24,24,24,24,24,24,24,24,25,24,24,24,25,25
849,8490,-29.70316,-49.21574,-10.34396,-7.433645,-5.913203,-3.334799,-1.660627,-1.883412,-1.609338,-1.598743,-1.782567,-1.513776,-1.430915,-1.672694,-1.431721,-0.8438448,25,25,25,25,25,25,25,25,25,25,25,25,25,25,25,25,849,8490,-2.152105,-2.899765,-2.096312,-1.939346,165.9623,146.4153,-1.698037,-2.738745,-1.554555,-1.803933,-2.104101,-1.615309,-2.049454,-2.562269,-1.80743,-1.696105,25,25,25,25,25,25,25,25,25,25,25,25,25,25,25,25,849,8490,-2.068158,-3.325963,1.27978,-2.580013,-3.626205,-3.058184,-2.586858,-70.97894,0.4968126,-0.2420906,0.7151834,0.4849325,-0.4404557,-0.2211292,-0.4428637,2.897003,24,24,24,24,24,24,24,24,24,24,25,24,24,24,25,25
850,8500,-29.10191,-47.76465,-10.83629,-7.433645,-6.516646,-2.84067,-1.660627,-1.632252,-1.485473,-2.829433,-1.18843,-1.513776,-1.788568,-2.747885,-1.312318,-1.326727,25,25,25,25,25,25,25,25,25,25,25,25,25,25,25,25,850,8500,-1.883114,-2.240784,-1.441711,-1.81007,165.9623,146.1699,-1.567439,-2.086988,-1.554555,-1.675187,-2.235492,-2.42354,-2.945314,-2.67363,-1.927855,-2.82634,25,25,25,25,25,25,25,25,25,25,25,25,25,25,25,25,850,8500,-1.493713,-3.709692,1.151988,-2.193053,-1.942767,-2.930771,-2.845508,-71.19762,0.4968126,0.6045924,1.191975,-0.0001605311,0.3300039,0.4458648,0.1104663,2.546024,24,24,24,24,24,24,24,24,24,24,25,24,24,24,25,25
851,8510,-29.34241,-48.36927,-10.46704,-7.068248,-5.671815,-3.828928,-2.043856,-3.011903,-1.857067,-2.583295,-1.782567,-2.522599,-1.192479,-2.747885,-2.148143,0.001199168,25,25,25,25,25,25,25,25,25,25,25,25,25,25,25,25,851,8510,-3.093572,-2.240784,-2.227286,-2.585726,166.4885,144.3291,-1.436842,-2.21734,-2.460502,-2.190166,-2.629677,-3.231773,-2.689354,-2.339545,-2.650408,-2.600293,25,25,25,25,25,25,25,25,25,25,25,25,25,25,25,25,851,8510,-2.872377,-3.965512,1.663156,-2.837986,-3.626205,-3.185598,-0.7763053,-70.97894,-0.2450492,-1.08877,1.072777,0.1211143,0.4400672,0.4458648,-0.553529,2.780008,24,24,24,24,24,24,24,24,24,24,25,24,24,24,25,25
852,8520,-28.98166,-47.03911,-9.974718,-6.093819,-5.792509,-3.087734,-2.043856,-3.137289,-2.352527,-2.460226,-2.139049,-2.648673,-2.027003,-2.389488,-1.789932,0.2426396,25,25,25,25,25,25,25,25,25,25,25,25,25,25,25,25,852,8520,-2.2866,-2.636173,-3.01281,-2.456502,165.1729,145.4335,-1.567439,-1.695934,-2.848766,-2.447656,-3.680831,-2.558247,-2.177436,-2.896357,-1.687004,-3.391458,25,25,25,25,25,25,25,25,25,25,25,25,25,25,25,25,852,8520,-2.183047,-4.73297,1.0242,-3.096012,-2.849233,-2.548531,-1.940232,-71.635,-0.8632674,-0.0001797949,0.4767879,-0.8490748,-0.1102592,0.1123678,-0.110866,3.598967,24,24,24,24,24,24,24,24,24,24,25,24,24,24,25,25
853,8530,-28.01968,-46.79727,-8.497741,-5.118836,-4.102836,-3.087734,-1.532884,-2.886516,-1.485473,-2.952502,-1.426085,-2.396525,-1.430915,-3.345214,-1.551125,-1.809608,25,25,25,25,25,25,25,25,25,25,25,25,25,25,25,25,853,8530,-2.690086,-2.767969,-1.703601,-3.232158,165.8307,146.6608,-1.175645,-1.956637,-2.331081,-2.705146,-2.498282,-2.288835,-2.177436,-2.228182,-1.927855,-3.391458,25,25,25,25,25,25,25,25,25,25,25,25,25,25,25,25,853,8530,-2.987266,-4.86088,2.04653,-3.096012,-3.496709,-3.822666,-2.069557,-70.54156,0.002237804,0.3626816,-4.013278E-06,0.1211143,1.10046,0.2235332,-0.664196,2.429029,24,24,24,24,24,24,24,24,24,24,25,24,24,24,25,25
854,8540,-27.17793,-45.95081,-7.390008,-4.509471,-3.49938,-2.099477,-0.1277115,-1.757831,-0.7422839,-1.475674,-1.069603,-1.009346,-1.311697,-0.3585736,-1.192914,0.7255221,25,25,25,25,25,25,25,25,25,25,25,25,25,25,25,25,854,8540,-2.01761,-1.713598,-2.096363,-2.327225,166.2254,146.4154,-1.959234,-0.7834754,-2.848766,-2.447656,-1.44713,-1.345898,-1.921476,-1.003194,-1.80743,-2.148199,25,25,25,25,25,25,25,25,25,25,25,25,25,25,25,25,854,8540,-2.068158,-3.453871,1.535365,-2.580066,-1.165796,1.273824,-1.422931,-71.30697,-0.7396239,0.120774,1.072777,0.7274789,0.5501338,0.1123678,0.1104663,3.598967,24,24,24,24,24,24,24,24,24,24,25,24,24,24,25,25
855,8550,-26.21594,-44.49972,-7.266927,-4.387599,-3.258005,-1.852412,-0.7664778,-1.757831,-0.1229596,-0.9833981,-0.9507753,-0.6310238,-0.3579555,-1.433763,-0.3570895,-0.3609623,25,25,25,25,25,25,25,25,25,25,25,25,25,25,25,25,855,8550,-1.748619,-1.450006,-2.620048,-1.293018,166.8832,146.1699,-0.6531996,-1.30488,-2.072239,-0.7739748,-0.3959757,-2.019425,-0.3857162,-1.894094,-0.8440261,-1.583081,25,25,25,25,25,25,25,25,25,25,25,25,25,25,25,25,855,8550,-2.068158,-4.349241,1.279782,-2.06412,-0.7773102,-1.911513,-2.069506,-70.21353,0.2495256,-0.3630444,-0.119202,-0.3639787,0.2199373,0.4458648,0.2211332,2.897003,24,24,24,24,24,24,24,24,24,24,25,24,24,24,25,25
856,8560,-26.21594,-44.86249,-6.65152,-3.534488,-3.137311,-2.470073,-0.7664778,-1.506672,-1.361608,-2.337157,-0.7131211,-0.757131,-0.4771732,-1.314297,-0.1182825,-0.2402413,25,25,25,25,25,25,25,25,25,25,25,25,25,25,25,25,856,8560,-1.345133,-2.37258,-1.049,-0.9051893,166.0938,146.9067,-1.175592,-2.086992,-1.036869,-1.288953,-1.44713,-0.8070767,-1.409555,-1.337282,-0.7236009,-1.696105,25,25,25,25,25,25,25,25,25,25,25,25,25,25,25,25,856,8560,-0.4597162,-3.325962,1.918739,-2.451079,-1.295291,-0.8922055,-0.5176038,-70.65091,-0.3686927,-0.8468627,1.311173,0.6062073,-0.1102592,-0.5546262,-0.3321983,3.013998,24,24,24,24,24,24,24,24,24,24,25,24,24,24,25,25
857,8570,-26.21594,-43.04864,-6.036113,-2.072013,-2.775243,-0.7406218,-0.7664778,-1.255513,-1.609338,-1.475674,-2.139049,-2.396525,-1.430915,-1.553229,-1.551125,-1.085285,25,25,25,25,25,25,25,25,25,25,25,25,25,25,25,25,857,8570,-1.748619,-1.186413,-1.049,-1.422294,165.5676,146.5381,-1.30619,-1.565586,-1.295764,-1.803933,-1.184341,-2.15413,-3.201275,-1.448644,-1.446154,-2.600293,25,25,25,25,25,25,25,25,25,25,25,25,25,25,25,25,857,8570,-1.149047,-3.070142,1.279782,-1.67716,-1.942767,-2.421168,-1.42288,-71.19762,0.9913873,1.088408,0.5959855,0.7274789,-0.0001926374,0.7793618,0.1104663,2.312034,24,24,24,24,24,24,24,24,24,24,25,24,24,24,25,25
858,8580,-25.8552,-42.20218,-5.420705,-2.315759,-3.137311,-2.223009,-0.7664778,-2.00881,-1.113879,-3.444779,-1.18843,-2.774747,-1.192479,-2.986817,-1.551125,-1.688889,25,25,25,25,25,25,25,25,25,25,25,25,25,25,25,25,858,8580,-1.614124,-1.186413,-0.7871612,-1.55157,166.6201,145.9245,-0.914395,-0.6531274,-1.94287,-0.64523,-1.184341,-2.827658,-1.281576,-1.448644,-1.927855,-1.922152,25,25,25,25,25,25,25,25,25,25,25,25,25,25,25,25,858,8580,-2.183047,-3.325962,1.790946,-1.548174,-2.201758,-1.529273,-1.42288,-71.19762,0.1258821,-0.8468627,1.072777,0.7274789,0.6602004,1.001693,-0.2215314,3.481972,24,24,24,24,24,24,24,24,24,24,24,24,24,24,25,25
859,8590,-25.25395,-43.41142,-5.420705,-3.412615,-2.654549,-2.223009,-1.532936,-2.00881,-1.361608,-2.829433,-1.663791,-2.27042,-2.384656,-2.508954,-2.864564,-0.2402413,25,25,25,25,25,25,25,25,25,25,25,25,25,25,25,25,859,8590,-1.883114,-0.6592283,-1.572685,-1.422294,165.436,146.5381,-0.5226011,-1.174533,-1.295764,-1.932677,-3.155252,-2.42354,-2.177436,-2.784994,-2.289132,-2.939364,25,25,25,25,25,25,25,25,25,25,25,25,25,25,25,25,859,8590,-1.149047,-4.349241,1.407573,-1.161214,-2.460748,-2.421168,-0.6469284,-70.86961,0.8677438,0.4836354,0.3575891,-0.8490748,-0.2203258,0.4458648,0.1104663,3.364977,24,24,24,24,24,24,24,24,24,24,24,24,24,24,25,25
860,8600,-27.65893,-44.49972,-7.143845,-4.387599,-3.740767,-2.470073,-2.043908,-2.886516,-1.980933,-2.706365,-2.376756,-2.774655,-2.265439,-3.225748,-2.74516,0.001199168,25,25,25,25,25,25,25,25,25,25,25,25,25,25,25,25,860,8600,-1.883114,-2.767969,-2.096363,-2.327225,165.8307,146.9067,-1.436787,-2.086992,-1.94287,-2.5764,-1.44713,-2.288835,-2.177436,-2.339545,-2.891259,-3.617505,25,25,25,25,25,25,25,25,25,25,25,25,25,25,25,25,860,8600,-2.297936,-3.453871,2.813278,-2.322093,-4.144185,-3.695303,-1.552205,-70.54156,-0.2450492,-0.0001797949,1.072777,0.8487024,0.3300039,0.001201576,-0.553529,3.130986,24,24,24,24,24,24,24,24,24,24,24,24,24,24,25,25
861,8610,-26.81719,-45.34619,-5.174542,-4.143852,-3.016618,-2.84067,-2.043908,-3.764222,-2.847986,-3.690917,-2.852065,-3.53096,-2.623041,-3.345214,-2.148143,-0.4816833,25,25,25,25,25,25,25,25,25,25,25,25,25,25,25,25,861,8610,-2.421096,-1.845395,-2.227286,-2.456502,166.8832,147.3985,-1.697984,-0.6531274,-2.201712,-2.5764,-1.315736,-1.615309,-2.945314,-1.448644,-2.289132,-2.82634,25,25,25,25,25,25,25,25,25,25,25,25,25,25,25,25,861,8610,-2.297936,-4.093421,1.535365,-3.096012,-2.331252,-1.529273,-2.457481,-71.52567,0.3731691,0.2417278,1.191975,-0.0002119011,-0.1102528,0.2235332,0.7744632,2.780008,24,24,24,24,24,24,24,24,24,24,24,24,24,24,25,25
862,8620,-28.01968,-45.82988,-5.666869,-4.02198,-4.344223,-2.223009,-1.788422,-2.38497,-1.980933,-2.337157,-3.327375,-2.648604,-2.980694,-2.867351,-2.38695,-0.4816833,25,25,25,25,25,25,25,25,25,25,25,25,25,25,25,25,862,8620,-2.01761,-2.108987,-3.143726,-1.680846,166.4886,146.5381,-0.914395,-1.695938,-2.460554,-1.288953,-1.315736,-3.097068,-1.281576,-2.005406,-2.289132,-1.809128,25,25,25,25,25,25,25,25,25,25,25,25,25,25,25,25,862,8620,-3.446822,-4.349241,2.17432,-2.451079,-1.813272,-1.529273,-1.42288,-69.88551,-0.1214057,-0.7259057,0.5959851,0.6061559,0.5501402,0.6681458,0.4424639,2.663019,24,24,24,24,24,24,24,24,24,24,24,24,24,24,24,25
863,8630,-29.46266,-47.64373,-6.159194,-4.265726,-4.102836,-2.099477,-1.27745,-2.259583,-1.733202,-2.952502,-0.8319992,-2.270482,-1.907734,-3.106282,-1.909387,-0.6024027,25,25,25,25,25,25,25,25,25,25,25,25,25,25,25,25,863,8630,-1.479628,-2.240784,-1.834524,-1.939398,166.4886,146.7838,-0.7837981,-1.826289,-1.03692,-0.64523,-1.841311,-1.615309,-1.921476,-2.450855,-1.80743,-2.035175,25,25,25,25,25,25,25,25,25,25,25,25,25,25,25,25,863,8630,-0.6894941,-3.581781,1.279782,-1.548174,-1.554282,-1.401859,-2.198831,-70.32288,0.002237804,0.8464999,1.430371,0.3636094,-0.7706458,-0.2211798,0.2210771,3.013998,24,24,24,24,24,24,24,24,24,24,24,24,24,24,24,25
864,8640,-27.89943,-49.33666,-6.528438,-5.971946,-5.430441,-3.334799,-1.788422,-2.76113,-2.104797,-3.075572,-1.426136,-2.522553,-1.907734,-2.867351,-1.67058,-0.2402397,25,25,25,25,25,25,25,25,25,25,25,25,25,25,25,25,864,8640,-2.2866,-1.713598,-1.703601,-1.680846,166.6201,146.6609,-1.567386,-1.695938,-0.9075001,-1.160209,-1.578522,-1.615309,-3.073293,-1.894043,-1.325728,-2.14825,25,25,25,25,25,25,25,25,25,25,25,25,25,25,25,25,864,8640,-1.953269,-3.965512,2.17432,-1.806147,-2.201758,-3.695303,-2.457481,-69.77615,0.3731691,0.7255462,0.4767871,0.4848811,0.5501402,0.1123172,-0.8855845,2.910314,24,24,24,24,24,24,24,24,24,24,24,24,24,24,24,25
865,8650,-28.26017,-49.69942,-7.759253,-6.337455,-5.551122,-2.717138,-2.809605,-2.259583,-2.476392,-3.444779,-2.257928,-3.152807,-2.742259,-2.508954,-2.745212,-0.2402397,25,25,25,25,25,25,25,25,25,25,25,25,25,25,25,25,865,8650,-2.555642,-2.240784,-1.179923,-2.068674,167.4095,146.4154,-1.175592,-1.174533,-1.295764,-2.061421,-1.578522,-2.15413,-2.177436,-1.782679,-1.927855,-2.826391,25,25,25,25,25,25,25,25,25,25,25,25,25,25,25,25,865,8650,-1.723433,-3.965512,1.790946,-2.451079,-2.072262,-1.529273,-3.104107,-71.41632,-0.61598,-0.0001797949,0.834381,1.45507,0.4400736,-0.2211798,0.1104101,3.261351,24,24,24,24,24,24,24,24,24,24,24,24,24,24,24,25
866,8660,-28.13992,-50.66682,-7.636171,-7.190047,-5.309747,-4.322656,-1.788422,-3.764222,-1.485473,-3.937055,-2.257928,-2.522553,-2.026952,-3.942542,-2.267597,-0.8438416,25,25,25,25,25,25,25,25,25,25,25,25,25,25,25,25,866,8660,-2.017661,-1.450006,-2.227286,-1.422294,166.2254,145.3109,-1.436787,-1.174533,-2.589976,-1.417698,-2.892463,-2.42354,-1.921476,-1.671319,-2.289132,-2.14825,25,25,25,25,25,25,25,25,25,25,25,25,25,25,25,25,866,8660,-1.953208,-4.860933,2.557694,-2.709053,-1.554282,-1.7841,-2.974782,-69.55747,0.7441003,0.120774,0.4767871,-0.0002119011,0.7702701,0.1123172,0.4424094,2.676285,24,24,24,24,24,24,24,24,24,24,24,24,24,24,24,25
867,8670,-29.46266,-51.63421,-8.866984,-8.286239,-6.275271,-3.458332,-1.788422,-2.635743,-1.113879,-2.583295,-2.257928,-2.396502,-2.384605,-1.911626,-2.506405,0.1219218,25,25,25,25,25,25,25,25,25,25,25,25,25,25,25,25,867,8670,-1.345184,-1.977191,-1.441756,-2.456502,165.8307,146.6609,-1.436787,-1.95664,-1.425184,-2.5764,-2.498282,-1.750014,-1.537537,-2.450855,-1.325728,-3.391509,25,25,25,25,25,25,25,25,25,25,25,25,25,25,25,25,867,8670,-1.953208,-3.070194,1.407572,-2.451079,-2.072262,-1.401859,-3.621408,-70.21353,0.002237804,-0.1211336,0.834381,0.3636094,0.4400736,-0.4435114,-0.2215876,3.846422,24,24,24,24,24,24,24,24,24,24,24,24,24,24,24,25
868,8680,-31.98788,-51.75513,-10.59012,-9.017033,-7.48217,-3.458332,-2.426764,-2.76113,-1.361608,-2.583295,-1.782619,-1.89209,-2.265387,-2.867351,-2.02879,-0.2402397,25,25,25,25,25,25,25,25,25,25,25,25,25,25,25,25,868,8680,-1.74867,-0.9228213,-1.572679,-2.456502,167.0148,147.3985,-1.044994,-0.9138299,-1.94287,-3.220124,-2.498282,-2.15413,-3.073293,-1.782679,-3.011684,-3.391509,25,25,25,25,25,25,25,25,25,25,25,25,25,25,25,25,868,8680,-1.378767,-3.581834,1.918737,-1.290198,-2.072262,-2.16634,-2.716131,-70.65091,0.9913873,0.9674537,1.311173,0.3636094,-0.0001862161,0.5569797,0.2210771,2.09122,24,24,24,24,24,24,24,24,24,24,24,24,24,24,24,25
869,8690,-31.98788,-53.68991,-10.0978,-11.69661,-8.327013,-5.18654,-3.192447,-2.886516,-2.724122,-3.444779,-2.139101,-3.278858,-2.503823,-2.867351,-2.387001,-0.7231221,25,25,25,25,25,25,25,25,25,25,25,25,25,25,25,25,869,8690,-2.555642,-1.845395,-2.620042,-1.939398,166.2254,147.3985,-1.30619,-1.826289,-2.848818,-2.447655,-2.235492,-2.558247,-2.049454,-2.562218,-3.372961,-3.052438,25,25,25,25,25,25,25,25,25,25,25,25,25,25,25,25,869,8690,-2.297875,-3.965564,1.918737,-2.193104,-2.460748,-2.803408,-2.457481,-69.88551,0.4968126,-0.604952,0.4767871,-0.0002119011,0.3300103,0.3346488,-0.0002552445,2.325248,24,24,24,24,24,24,24,24,24,24,24,24,24,24,24,25
870,8700,-31.26639,-52.96437,-10.83629,-8.773435,-7.361489,-3.95246,-3.447675,-2.510356,-1.980933,-2.583295,-2.495583,-2.144351,-2.503823,-3.584145,-2.267597,-0.7231221,25,25,25,25,25,25,25,25,25,25,25,25,25,25,25,25,870,8700,-1.614175,-2.240784,-2.358196,-1.939398,166.357,147.3985,-0.6531996,-2.869099,-2.07229,-2.447655,-3.023861,-2.962363,-2.817336,-4.00993,-2.289132,-2.713368,25,25,25,25,25,25,25,25,25,25,25,25,25,25,25,25,870,8700,-1.493656,-3.837653,1.407572,-3.09601,-2.331252,-2.803357,-2.328156,-70.21353,-0.4923362,1.330318,1.072777,-0.2427584,-0.5505158,-0.4435114,-0.0002552445,3.261351,24,24,24,24,24,24,24,24,24,24,24,24,24,24,24,25
871,8710,-32.94987,-53.68991,-9.974718,-7.920841,-6.395965,-4.692892,-3.320061,-3.388062,-2.104797,-3.690917,-2.139101,-3.404909,-2.623041,-4.062007,-2.387001,-1.568164,25,25,25,25,25,25,25,25,25,25,25,25,25,25,25,25,871,8710,-2.152156,-2.37258,-1.572679,-1.680846,166.6201,147.2755,-1.567439,-2.738748,-1.684026,-2.5764,-2.366887,-2.42354,-3.585214,-2.339494,-1.446154,-2.600344,25,25,25,25,25,25,25,25,25,25,25,25,25,25,25,25,871,8710,-2.412764,-4.860933,1.918737,-1.935131,-2.978729,-2.293703,-3.104158,-70.54156,0.3731691,1.572226,0.7151831,0.2423346,0.7702701,0.2234826,-0.3322529,2.09122,24,24,24,24,24,24,24,24,24,24,24,24,24,24,24,25
872,8720,-33.91186,-54.89914,-9.605473,-8.529837,-6.878727,-4.199244,-3.064833,-3.137289,-1.857067,-3.198641,-2.020273,-3.278858,-2.265387,-3.225748,-2.745212,0.001202378,25,25,25,25,25,25,25,25,25,25,25,25,25,25,25,25,872,8720,-2.152156,-2.240784,-1.310833,-1.810122,166.8832,146.0472,-1.828636,-1.565583,-2.589976,-1.932677,-2.235492,-3.366477,-2.305415,-2.22813,-2.289132,-2.035227,25,25,25,25,25,25,25,25,25,25,25,25,25,25,25,25,872,8720,-1.378767,-3.326014,2.17432,-1.935131,-1.554282,-0.6373271,-2.974832,-71.30697,0.002237804,-0.0001797949,0.834381,0.6061559,0.7702701,0.2234826,-0.4429199,3.729408,24,24,24,24,24,24,24,24,24,24,24,24,24,24,24,25
873,8730,-33.07012,-53.44806,-9.605473,-7.068248,-6.63734,-4.56948,-3.95813,-4.014995,-2.971851,-3.937055,-2.733238,-2.396502,-2.14617,-2.389488,-1.909387,0.4840832,25,25,25,25,25,25,25,25,25,25,25,25,25,25,25,25,873,8730,-1.883166,-1.054617,-1.703595,-1.293018,166.0938,146.1699,-1.436842,-0.3924216,-2.07229,-2.318911,-2.761071,-2.42354,-1.921476,-2.22813,-2.289132,-3.165462,25,25,25,25,25,25,25,25,25,25,25,25,25,25,25,25,873,8730,-1.723433,-4.477203,1.535363,-1.935131,-1.165796,-1.529222,-2.845507,-70.97894,0.7441003,0.8464999,0.7151831,-0.2427584,0.1098771,0.3346488,-0.0002552445,3.261351,24,24,24,24,24,24,24,24,24,24,24,24,24,24,24,25
874,8740,-31.74738,-52.96437,-7.759253,-6.337455,-5.06836,-3.581864,-2.171535,-3.011902,-2.352527,-3.444832,-2.376756,-2.900706,-2.265387,-2.867351,-2.267597,-0.2402397,25,25,25,25,25,25,25,25,25,25,25,25,25,25,25,25,874,8740,-1.74867,-1.845395,-2.489119,-1.939398,166.4886,147.1526,-1.306243,-2.608393,-1.684026,-3.477613,-3.155252,-2.827658,-2.177436,-3.453118,-2.529983,-3.617556,25,25,25,25,25,25,25,25,25,25,25,25,25,25,25,25,874,8740,-1.838319,-3.070194,1.918737,-2.580065,-3.367214,-3.567839,-2.457532,-70.43223,0.4968126,0.120774,0.7151831,0.8487024,0.1098771,-0.1100144,-0.6642522,2.793299,24,24,24,24,24,24,24,24,24,24,25,24,24,24,24,25
875,8750,-29.58291,-51.39236,-7.020764,-5.606379,-4.947666,-3.458332,-1.78837,-2.384969,-1.609338,-1.968003,-2.020273,-1.639829,-1.311645,-1.314297,-2.02879,0.3633638,25,25,25,25,25,25,25,25,25,25,25,25,25,25,25,25,875,8750,-3.228119,-2.240784,-2.096357,-2.456502,166.8832,147.6444,-1.567439,-1.956637,-3.10766,-3.091379,-3.023809,-3.097068,-3.713193,-2.784942,-4.336364,-3.391509,25,25,25,25,25,25,25,25,25,25,25,25,25,25,25,25,875,8750,-2.068097,-3.965564,1.15199,-3.86993,-2.331252,-3.185598,-3.104158,-71.30697,0.1258821,0.2417278,1.191975,0.6061559,-0.2203193,0.8904766,0.2210771,3.027328,24,24,24,24,24,24,24,24,24,24,25,24,24,24,24,25
876,8760,-27.53868,-51.87606,-7.759253,-5.362633,-5.430441,-3.334799,-2.043856,-2.134197,-1.485473,-2.214141,-1.426136,-1.765909,-1.430864,-1.911626,-0.8347555,-0.1195186,25,25,25,25,25,25,25,25,25,25,25,25,25,25,25,25,876,8760,-3.228119,-2.899765,-3.012797,-2.327225,166.7517,147.8902,-1.436842,-3.26015,-3.625344,-3.348869,-2.629625,-3.501183,-2.561375,-3.453118,-3.252535,-3.052438,25,25,25,25,25,25,25,25,25,25,25,25,25,25,25,25,876,8760,-3.676539,-4.860933,2.046528,-3.611956,-4.01469,-3.313011,-2.974832,-70.54156,0.3731691,-0.3630444,-0.119202,-0.3640365,0.2199437,-0.1100144,0.774407,2.676285,24,24,24,24,24,24,24,24,24,24,25,24,24,24,24,25
877,8770,-28.74117,-52.23883,-8.990067,-9.382429,-8.20632,-6.790895,-4.723814,-3.889608,-3.095716,-3.814039,-2.020273,-2.396502,-1.311645,-2.747885,-1.431773,-0.4816801,25,25,25,25,25,25,25,25,25,25,25,25,25,25,25,25,877,8770,-4.842063,-4.876709,-3.667404,-2.327225,167.0148,147.3985,-1.828636,-3.781555,-2.201712,-1.546443,-2.629625,-1.750014,-2.561379,-2.450855,-2.048281,-2.713368,25,25,25,25,25,25,25,25,25,25,25,25,25,25,25,25,877,8770,-2.527653,-3.709744,2.046528,-3.740943,-3.237719,-2.675944,-2.198882,-70.76025,0.002237804,0.120774,1.072777,0.9699709,-0.1103106,-0.3323452,0.4424094,3.495379,24,24,24,24,24,24,24,24,24,24,25,24,24,24,24,25
878,8780,-27.05769,-51.75513,-9.359311,-7.311846,-7.723557,-4.816304,-3.830517,-4.014995,-3.343446,-2.829486,-2.733238,-2.648604,-2.265387,-2.15056,-1.789983,-0.7231221,25,25,25,25,25,25,25,25,25,25,25,25,25,25,25,25,878,8780,-5.918026,-4.48132,-3.012797,-3.232158,166.8832,147.6444,-2.22043,-2.086988,-2.07229,-2.318911,-1.972655,-2.962363,-3.713196,-2.339497,-2.168706,-2.600344,25,25,25,25,25,25,25,25,25,25,25,25,25,25,25,25,878,8780,-2.182986,-3.965564,2.046528,-2.322091,-2.072262,-2.421117,-3.880108,-71.30697,0.7441003,0.6045924,0.9535794,0.1210597,-0.0002440073,0.4458648,-0.3322529,3.027328,24,24,24,24,24,24,24,24,24,24,25,24,24,24,25,25
879,8790,-28.86141,-51.63421,-8.37466,-6.824651,-6.275271,-4.322656,-2.681991,-3.513449,-2.847986,-3.567901,-1.307309,-2.522553,-1.430864,-3.942544,-1.789983,-0.9645625,25,25,25,25,25,25,25,25,25,25,25,25,25,25,25,25,879,8790,-5.111053,-3.822339,-3.14372,-3.232158,167.0148,146.1699,-1.175645,-0.9138267,-3.237082,-2.061421,-1.84126,-3.097068,-2.049458,-2.228134,-2.28908,-2.14825,25,25,25,25,25,25,25,25,25,25,25,25,25,25,25,25,879,8790,-2.412764,-3.837653,2.17432,-3.09601,-3.367214,-2.038876,-2.198882,-71.19762,-0.3686927,-0.7259057,0.7151834,-0.0002151117,0.660149,-0.2211292,-0.2215314,3.612394,24,24,24,24,24,24,24,24,24,24,25,24,24,24,25,25
880,8800,-29.58291,-53.20621,-8.866984,-8.651635,-8.327013,-5.680188,-2.29915,-3.513449,-2.476392,-2.952555,-2.020273,-3.026756,-1.788517,-2.270026,-1.909387,-0.4817315,25,25,25,25,25,25,25,25,25,25,25,25,25,25,25,25,880,8800,-6.590503,-4.744913,-4.452922,-3.102881,166.357,146.5381,-1.175645,-1.435232,-3.366502,-2.318911,-3.549382,-2.692951,-2.817336,-2.562221,-2.409505,-2.713362,25,25,25,25,25,25,25,25,25,25,25,25,25,25,25,25,880,8800,-1.493656,-3.837653,1.15199,-2.451078,-1.165796,-0.8921542,-2.716182,-71.41632,0.2495256,0.3626816,0.7151834,-0.1214868,-0.2203771,0.4458648,-0.0001990586,3.832951,24,24,24,24,24,24,24,24,24,24,25,24,24,24,25,25
881,8810,-31.26639,-52.72252,-11.08245,-10.11322,-9.654606,-6.050423,-3.702903,-4.767314,-2.724122,-3.321762,-2.733238,-1.765909,-1.550081,-2.389492,-1.551176,0.3633125,25,25,25,25,25,25,25,25,25,25,25,25,25,25,25,25,881,8810,-5.917974,-5.535691,-3.929244,-3.361434,166.4886,147.6444,-1.045048,-2.608393,-1.684026,-3.477613,-3.023809,-2.827658,-1.793497,-3.00767,-2.409505,-4.408538,25,25,25,25,25,25,25,25,25,25,25,25,25,25,25,25,881,8810,-2.068103,-3.581834,2.685485,-2.838037,-2.978729,-2.930771,-3.362808,-71.30697,-0.2450492,0.2417278,-4.013278E-06,0.7274244,0.3299525,-0.4434609,-0.553529,3.013998,24,24,24,24,24,24,24,24,24,24,25,24,24,24,25,25
882,8820,-31.74738,-53.32714,-10.83629,-11.57481,-7.964945,-6.050423,-3.064833,-3.889608,-2.971851,-3.321762,-2.139101,-2.396502,-2.14617,-2.747887,-1.312369,-0.7231735,25,25,25,25,25,25,25,25,25,25,25,25,25,25,25,25,882,8820,-7.262928,-5.272098,-4.845684,-4.78347,166.8832,148.0132,-1.959234,-1.826286,-2.848818,-3.220124,-2.892411,-2.692951,-3.585217,-3.00767,-3.734185,-3.61755,25,25,25,25,25,25,25,25,25,25,25,25,25,25,25,25,882,8820,-1.723437,-2.686412,2.046528,-2.70905,-2.201758,-2.803357,-2.716182,-71.635,0.8677438,0.8464999,0.4767879,1.333792,-0.2203771,0.1123678,0.4424639,3.247982,24,24,24,24,24,24,24,24,24,24,25,24,24,24,25,25
883,8830,-31.74738,-52.96437,-10.46704,-9.869625,-6.878727,-4.446068,-2.043856,-3.011902,-1.857067,-1.721865,-2.139101,-2.1443,-1.907734,-1.672698,-2.02879,-0.7231735,25,25,25,25,25,25,25,25,25,25,25,25,25,25,25,25,883,8830,-7.397423,-7.117246,-6.023924,-3.878537,166.7517,147.2755,-1.567439,-2.999447,-3.495924,-2.5764,-2.76102,-3.366477,-2.433397,-3.341757,-3.011632,-2.600338,25,25,25,25,25,25,25,25,25,25,25,25,25,25,25,25,883,8830,-3.331878,-4.98879,2.685485,-3.740943,-3.7557,-3.058184,-2.586857,-70.97894,-0.1214057,-0.2420906,-0.119202,0.3636062,0.4400159,0.6681956,0.3317986,3.247982,24,24,24,24,24,24,24,24,24,24,25,24,24,24,25,25
884,8840,-31.86763,-52.84344,-10.71321,-10.11322,-7.602864,-3.95246,-2.043856,-3.011902,-1.733202,-2.214141,-0.5943449,-2.270431,-1.192428,-2.628421,-0.9541585,-0.3610104,25,25,25,25,25,25,25,25,25,25,25,25,25,25,25,25,884,8840,-6.724947,-7.249042,-5.107484,-3.878486,167.1463,147.5214,-1.436842,-4.172609,-2.848818,-2.190166,-3.68078,-2.827658,-3.201278,-3.787209,-2.770782,-2.600338,25,25,25,25,25,25,25,25,25,25,25,25,25,25,25,25,884,8840,-2.068103,-3.709692,2.046528,-3.48292,-2.978729,-2.421117,-3.104158,-71.19762,0.002237804,0.4836354,1.191975,0.7274244,-0.5505736,-0.7769579,-0.2215314,2.546024,24,24,24,24,24,24,24,24,24,24,25,24,24,24,25,25
885,8850,-31.50688,-53.08529,-10.95937,-9.504229,-6.516639,-4.446068,-2.171535,-2.761129,-1.485473,-1.968003,-1.188482,-1.765909,-1.430864,-2.389492,-0.9541585,-0.4817315,25,25,25,25,25,25,25,25,25,25,25,25,25,25,25,25,885,8850,-7.531919,-6.458265,-4.845639,-4.524866,167.2779,147.5214,-1.828636,-1.956637,-2.201712,-1.932677,-1.972655,-2.42354,-3.457239,-3.00767,-2.28908,-2.600338,25,25,25,25,25,25,25,25,25,25,25,25,25,25,25,25,885,8850,-2.297878,-4.093421,2.17432,-2.193054,-2.201757,-2.421117,-2.457532,-70.86961,-0.2450492,0.4836354,0.4767879,-0.6065829,0.3299525,1.112859,-0.0001990586,1.961055,24,24,24,24,24,24,24,24,24,24,25,24,24,24,25,25
886,8860,-32.46887,-52.84344,-10.46704,-7.799042,-7.240789,-3.705344,-2.426764,-3.513449,-2.352527,-3.198694,-2.139101,-2.01817,-1.311645,-1.553232,-1.312369,-0.240291,25,25,25,25,25,25,25,25,25,25,25,25,25,25,25,25,886,8860,-5.917974,-4.876709,-3.66736,-3.878486,168.3304,146.7838,-1.045048,-2.21734,-2.848818,-1.675187,-2.104049,-3.9053,-2.561379,-2.11677,-2.28908,-2.374291,25,25,25,25,25,25,25,25,25,25,25,25,25,25,25,25,886,8860,-1.37877,-2.686412,2.429902,-2.193054,-1.942766,-1.7841,-1.42293,-71.19762,-0.2450492,0.120774,0.8343815,0.2423314,0.3299525,-0.2211292,-0.4428637,3.481972,24,24,24,24,24,24,24,24,24,24,25,24,24,24,25,25
887,8870,-30.42464,-51.63421,-8.620823,-7.433645,-5.792503,-4.322656,-1.532936,-3.011902,-1.733202,-3.69097,-1.544964,-2.396502,-1.788517,-3.345215,-2.267597,-1.206054,25,25,25,25,25,25,25,25,25,25,25,25,25,25,25,25,887,8870,-5.917974,-5.008506,-4.452877,-3.361382,167.5411,147.1526,-1.828636,-1.565583,-2.978238,-2.705145,-3.286592,-2.42354,-1.921479,-3.00767,-1.807378,-3.052432,25,25,25,25,25,25,25,25,25,25,25,25,25,25,25,25,887,8870,-2.872323,-5.1167,1.663155,-2.451028,-2.719738,-2.038927,-2.974782,-71.41632,0.2495256,0.2417278,-4.013278E-06,-0.4853081,-0.1103106,1.001693,0.1104663,3.247982,24,24,24,24,24,24,24,24,24,24,25,24,24,24,25,25
888,8880,-31.62713,-51.51329,-8.743904,-7.311846,-4.947659,-3.581812,-1.916165,-2.886516,-2.104797,-1.721865,-1.307309,-1.387517,-1.669299,-2.15056,-1.67058,0.6047529,25,25,25,25,25,25,25,25,25,25,25,25,25,25,25,25,888,8880,-5.917974,-5.272098,-3.798276,-2.973554,167.2779,147.2755,-1.436842,-1.956637,-1.425184,-2.705145,-3.023809,-2.288835,-2.433397,-3.453121,-2.650356,-3.61755,25,25,25,25,25,25,25,25,25,25,25,25,25,25,25,25,888,8880,-2.642545,-3.325962,3.324442,-3.224947,-3.755699,-3.695303,-2.069506,-70.43223,-0.3686927,0.6045924,0.119194,0.8486992,1.100409,1.001693,-0.553529,2.897003,24,24,24,24,24,24,24,24,24,24,25,24,24,24,25,25
889,8890,-33.55111,-52.35975,-9.23623,-7.068248,-5.913197,-3.705344,-2.554378,-2.635742,-1.980932,-2.460279,-1.663791,-1.639778,-1.907734,-2.031095,-1.67058,-0.11957,25,25,25,25,25,25,25,25,25,25,25,25,25,25,25,25,889,8890,-6.993937,-6.062876,-4.976562,-4.654142,167.6726,148.259,-1.828636,-3.129798,-2.978186,-3.863847,-2.49823,-2.827658,-3.457239,-3.230397,-3.975035,-4.069644,25,25,25,25,25,25,25,25,25,25,25,25,25,25,25,25,889,8890,-2.412767,-3.965512,2.046528,-3.611906,-3.885194,-3.440476,-1.034904,-71.52567,-0.3686927,-0.0001797949,0.8343815,0.4848779,-0.1103106,0.4458648,0.3317986,3.364977,24,24,24,24,24,24,24,24,24,24,25,24,24,24,25,25
890,8900,-32.22837,-52.1179,-7.759253,-6.702852,-4.947659,-4.199244,-2.043908,-3.388062,-2.476391,-3.198694,-1.544964,-1.892039,-1.669299,-2.747887,-1.312369,-0.11957,25,25,25,25,25,25,25,25,25,25,25,25,25,25,25,25,890,8900,-8.069368,-5.931079,-6.416687,-3.878486,167.8042,148.0132,-1.045048,-3.520852,-4.013556,-3.348869,-2.366836,-3.097068,-2.945318,-3.341757,-3.613759,-3.278479,25,25,25,25,25,25,25,25,25,25,25,25,25,25,25,25,890,8900,-3.676545,-4.349241,2.557694,-3.09596,-4.403175,-3.95013,-3.492083,-71.41632,0.1258821,-0.4840014,0.3575899,0.3636062,-0.0002440073,0.3346986,0.1104663,2.663019,24,24,24,24,24,24,24,24,24,24,25,24,24,24,25,25
891,8910,-31.50688,-50.18313,-7.143845,-5.24076,-4.464898,-1.975893,-1.660679,-2.259583,-1.980932,-1.10652,-2.020222,-1.513648,-1.907734,-1.672698,-2.02879,0.1218704,25,25,25,25,25,25,25,25,25,25,25,25,25,25,25,25,891,8910,-7.666313,-7.776228,-4.714722,-3.878486,167.9358,147.6444,-1.698037,-4.172609,-2.848766,-2.190166,-2.629625,-2.827658,-2.561379,-3.675845,-2.529931,-2.713362,25,25,25,25,25,25,25,25,25,25,25,25,25,25,25,25,891,8910,-2.527656,-3.453871,2.429902,-3.740893,-4.014689,-2.803408,-1.16423,-69.99485,0.1258821,0.2417246,1.787965,-0.1214868,-0.0002440073,-0.4434609,-0.0001990586,3.247982,24,24,24,24,24,24,24,24,24,24,25,24,24,24,25,25
892,8920,-29.94365,-49.09482,-7.390008,-4.509522,-4.826979,-2.593554,-1.405193,-1.883409,-1.237743,-1.844935,-1.66374,-1.765909,-1.550081,-2.508957,-1.073562,-0.11957,25,25,25,25,25,25,25,25,25,25,25,25,25,25,25,25,892,8920,-7.935016,-7.908024,-5.2384,-4.137038,166.7517,148.0132,-2.612224,-4.172609,-2.848766,-2.962635,-3.286592,-2.154079,-3.585217,-2.450858,-2.409505,-2.826385,25,25,25,25,25,25,25,25,25,25,25,25,25,25,25,25,892,8920,-2.757434,-4.093421,1.918737,-2.966974,-2.849233,-2.675995,-2.974782,-71.41632,0.3731691,0.1207708,0.7151831,-0.3640268,-0.0002440073,0.5570302,-0.4428637,2.429029,24,24,24,24,24,24,24,24,24,24,25,24,24,24,25,25
893,8930,-28.38042,-48.85297,-7.020764,-5.850125,-5.068353,-3.952409,-2.043908,-2.886516,-1.485473,-2.337211,-0.8319478,-2.270431,-1.073261,-1.911629,-1.431773,0.1218704,25,25,25,25,25,25,25,25,25,25,25,25,25,25,25,25,893,8930,-6.859442,-6.194672,-4.191038,-4.266314,168.1989,148.0132,-2.22043,-2.999447,-2.20166,-2.447656,-1.709865,-2.6929,-2.177436,-2.11677,-1.686952,-2.600338,25,25,25,25,25,25,25,25,25,25,25,25,25,25,25,25,893,8930,-2.642545,-3.581781,2.429902,-2.709001,-2.590242,-1.656686,-2.457481,-71.52567,-0.3686927,-0.846866,0.834381,-0.0002086905,0.660149,0.4458648,-0.9961936,2.663019,24,24,24,24,24,24,24,24,24,24,25,24,24,24,25,25
894,8940,-26.81718,-47.28097,-7.636171,-7.799042,-7.964939,-6.050424,-6.510409,-5.64502,-3.71504,-4.675523,-2.020222,-4.287265,-3.219181,-2.986818,-2.267597,0.001151008,25,25,25,25,25,25,25,25,25,25,25,25,25,25,25,25,894,8940,-5.111002,-5.272098,-4.32196,-3.361382,167.2779,146.9067,-2.351028,-2.608393,-3.107608,-1.546443,-2.76102,-2.827607,-1.921476,-1.782679,-2.28908,-2.148244,25,25,25,25,25,25,25,25,25,25,25,25,25,25,25,25,894,8940,-2.412767,-4.221331,2.17432,-2.193054,-1.683776,-1.529273,-2.328156,-70.65091,0.1258821,0.725543,0.4767871,-0.849123,-0.4405071,0.1123686,-0.4428637,3.598967,24,24,24,24,24,24,24,24,24,24,25,24,24,24,25,25
895,8950,-27.53868,-47.88559,-7.882333,-10.84402,-11.22358,-10.24643,-8.807459,-7.901977,-5.944607,-7.75184,-3.327324,-6.934333,-4.530576,-5.97346,-3.819843,-0.6024525,25,25,25,25,25,25,25,25,25,25,25,25,25,25,25,25,895,8950,-4.304031,-3.954135,-4.32196,-2.715002,166.6201,148.3819,-1.698037,-1.956637,-3.23703,-2.061422,-3.155201,-1.884668,-1.665515,-1.894043,-0.9644001,-2.713362,25,25,25,25,25,25,25,25,25,25,25,25,25,25,25,25,895,8950,-2.527656,-3.965512,3.068859,-2.193054,-2.719738,-2.548581,-2.328156,-70.32288,0.1258821,0.1207708,0.2383911,0.2423378,-0.1103106,-0.3322938,-0.664196,2.429029,24,24,24,24,24,24,24,24,24,24,25,24,24,24,25,25
896,8960,-28.86141,-48.61113,-11.20553,-14.86338,-15.32706,-13.70197,-12.76349,-11.28741,-8.29533,-9.104045,-4.87208,-6.934333,-5.84197,-5.1372,-4.655668,-0.8438929,25,25,25,25,25,25,25,25,25,25,25,25,25,25,25,25,896,8960,-4.169535,-3.558747,-2.881836,-3.619935,167.5411,148.3819,-1.828636,-2.347691,-1.942818,-1.803933,-1.18429,-1.615258,-1.921476,-1.114505,-1.807378,-2.261274,25,25,25,25,25,25,25,25,25,25,25,25,25,25,25,25,896,8960,-1.723437,-3.198052,2.557694,-2.451028,-1.813271,-1.274445,-3.492083,-71.635,-0.1214057,0.4836321,0.953579,0.1210662,-0.3304405,-0.109963,0.2211332,3.495379,24,24,24,24,24,24,24,24,24,24,25,24,24,24,25,25
897,8970,-35.35484,-51.02959,-14.52873,-20.10074,-19.91331,-16.66385,-15.06054,-12.54128,-10.02743,-11.43967,-5.585043,-10.71586,-7.868673,-9.436531,-6.804932,-0.9646139,25,25,25,25,25,25,25,25,25,25,25,25,25,25,25,25,897,8970,-4.438526,-3.163357,-3.929199,-2.844278,167.1463,148.3819,-2.481625,-1.695934,-2.460502,-1.546443,-1.578471,-1.615258,-1.409555,-1.114505,-1.927803,-1.244062,25,25,25,25,25,25,25,25,25,25,25,25,25,25,25,25,897,8970,-2.297878,-2.686412,2.429902,-1.677108,-1.0363,-1.7841,-3.362757,-70.65091,-0.1214057,0.2417246,0.1191936,-0.0002086905,0.3299525,0.4458656,-0.0001990586,1.857198,24,24,24,24,24,24,24,24,24,24,25,24,24,24,25,25
898,8980,-37.27881,-53.93176,-17.23652,-22.53672,-21.12022,-17.77456,-15.31577,-13.54437,-11.01721,-12.79188,-6.653465,-10.46376,-7.98789,-8.839763,-6.088511,0.3633125,25,25,25,25,25,25,25,25,25,25,25,25,25,25,25,25,898,8980,-3.362563,-3.82234,-3.536437,-2.45645,168.3304,148.1361,-1.436842,-2.21734,-1.683975,-1.160209,-0.6587138,-1.749963,-1.153596,-2.116767,-1.686952,-1.131038,25,25,25,25,25,25,25,25,25,25,25,25,25,25,25,25,898,8980,-0.5745474,-2.814323,2.17432,-2.193054,-1.683776,-1.401859,-2.198831,-70.10419,-0.3686927,0.4836321,0.953579,-0.2427552,-0.660637,-0.2211284,-0.4428637,2.676285,24,24,24,24,24,24,24,24,24,24,25,24,24,24,25,25
899,8990,-37.75981,-53.32714,-17.97502,-21.19693,-20.99953,-17.28091,-15.44338,-13.54437,-12.1307,-13.16066,-7.484194,-13.11083,-9.180068,-9.078469,-6.446721,-0.4817315,25,25,25,25,25,25,25,25,25,25,25,25,25,25,25,25,899,8990,-3.497058,-3.42695,-2.358157,-1.81007,167.5411,148.9966,-1.436842,-1.826286,-1.295713,-0.7739748,-1.709865,-1.211142,-2.049454,-2.339494,-1.807378,-2.14825,25,25,25,25,25,25,25,25,25,25,25,25,25,25,25,25,899,8990,-1.034103,-3.070143,2.685432,-1.032175,-1.942766,-2.675995,-2.974782,-70.97894,-0.1214057,0.725543,0.834381,0.1210662,0.8802789,0.6681972,-0.110866,2.442263,24,24,24,24,24,24,24,24,24,24,25,24,24,24,25,25
900,9000,-38.12055,-54.41544,-19.20583,-23.14571,-21.60298,-19.00868,-16.08145,-15.80133,-12.00698,-15.37336,-8.433599,-13.99318,-10.37224,-10.86877,-8.356112,-1.326775,25,25,25,25,25,25,25,25,25,25,25,25,25,25,25,25,900,9000,-4.169535,-3.163357,-2.096312,-2.327225,167.6726,148.1361,-2.612224,-1.565583,-1.425133,-1.546443,-1.052895,-1.884668,-1.921476,-2.116767,-1.566527,-1.922203,25,25,25,25,25,25,25,25,25,25,25,25,25,25,25,25,900,9000,-1.723437,-2.814323,2.429851,-2.580014,-2.719738,-0.8922055,-1.810855,-71.41632,-0.3686927,0.1207708,0.7151831,0.6061592,0.4400159,-0.2211284,-0.4428637,3.378371,24,24,24,24,24,24,24,24,24,24,25,24,24,24,25,25
901,9010,-37.88006,-56.59207,-20.19048,-24.3637,-23.05127,-20.11939,-18.63373,-17.55674,-13.98653,-15.86507,-10.33241,-15.00159,-12.27776,-11.46554,-9.429178,-0.7231735,25,25,25,25,25,25,25,25,25,25,25,25,25,25,25,25,901,9010,-2.2866,-2.504376,-2.489074,-1.680846,167.8042,147.3985,-1.306243,-1.044178,-2.20166,-0.64523,-1.578471,-1.480551,-1.153596,-1.114505,-2.168654,-1.583132,25,25,25,25,25,25,25,25,25,25,25,25,25,25,25,25,901,9010,-2.068103,-3.581782,2.302058,-2.064068,-1.942716,-1.656686,-2.198831,-70.65091,0.7441003,0.4836321,0.1191936,-1.09167,-0.2203771,0.001203181,0.3317986,3.378371,24,24,24,24,24,24,24,24,24,24,25,24,24,24,25,25
902,9020,-37.15857,-55.98745,-21.91362,-25.0945,-24.49956,-20.73644,-18.25089,-17.9329,-14.23397,-15.74215,-10.33241,-13.99318,-11.56362,-11.46554,-10.02533,-0.11957,25,25,25,25,25,25,25,25,25,25,25,25,25,25,25,25,902,9020,-2.555591,-2.504376,-2.096312,-2.585778,167.2779,148.136,-1.306243,-1.565583,-1.295713,-2.061422,-2.104049,-1.749963,-1.793494,-2.116767,-0.9644001,-2.487321,25,25,25,25,25,25,25,25,25,25,25,25,25,25,25,25,902,9020,-1.493659,-2.686412,2.557642,-2.32204,-3.237667,-2.548531,-1.552205,-69.99485,0.2495256,-0.4840014,0.3575891,0.4848843,-0.1103106,-0.2211284,-0.4428637,2.676285,24,24,24,24,24,24,24,24,24,24,25,24,24,24,25,25
903,9030,-38.00031,-57.31761,-21.17513,-23.99831,-21.84436,-19.99597,-17.74043,-18.55983,-15.34746,-16.11093,-11.63784,-14.24528,-11.92069,-12.42037,-8.95226,-0.6024525,25,25,25,25,25,25,25,25,25,25,25,25,25,25,25,25,903,9030,-2.690086,-2.767969,-1.310794,-2.456502,167.2779,148.8736,-0.914395,-1.565583,-2.072239,-2.447656,-1.18429,-1.749963,-1.409555,-1.225867,-1.325677,-2.939415,25,25,25,25,25,25,25,25,25,25,25,25,25,25,25,25,903,9030,-1.608548,-2.814323,2.046477,-2.451027,-1.55423,-2.038876,-3.233484,-71.41632,0.3731691,0.725543,0.953579,0.4848843,-0.1103106,0.7793626,-0.4428637,3.027328,24,24,24,24,24,24,24,24,24,24,25,24,24,24,25,25
904,9040,-38.00031,-56.83391,-20.43664,-21.07513,-21.3616,-17.65115,-16.33668,-16.17749,-14.72886,-14.38994,-11.51917,-13.23688,-12.63483,-11.8236,-9.667638,-0.9646139,25,25,25,25,25,25,25,25,25,25,25,25,25,25,25,25,904,9040,-2.959077,-1.977191,-3.143675,-2.456502,167.6726,149.2424,-2.089778,-1.044181,-2.460502,-1.546443,-1.709865,-2.019374,-2.049454,-2.116767,-2.409505,-2.487321,25,25,25,25,25,25,25,25,25,25,25,25,25,25,25,25,904,9040,-2.412767,-2.814323,2.429851,-1.677107,-1.942716,-2.038876,-1.552257,-70.65091,0.7441003,-0.3630476,1.072777,0.8487056,-0.0002440073,0.3347002,-0.7748613,2.793306,24,24,24,24,24,24,24,24,24,24,25,24,24,24,25,25
905,9050,-35.95608,-57.19669,-20.92897,-22.41492,-21.72366,-18.26821,-17.10236,-17.80751,-14.60513,-14.14408,-9.739033,-13.11083,-11.32557,-12.42037,-8.356112,-0.7231735,25,25,25,25,25,25,25,25,25,25,25,25,25,25,25,25,905,9050,-3.631554,-3.558747,-3.012758,-1.939398,167.9358,148.3819,-0.6531996,-1.95664,-1.813397,-1.031464,-1.18429,-1.749963,-0.7696553,-2.005406,-0.7235491,-1.583132,25,25,25,25,25,25,25,25,25,25,25,25,25,25,25,25,905,9050,-1.493659,-3.965512,1.663103,-2.451027,-2.331201,-1.784049,-2.457533,-71.41632,-0.7396239,0.2417246,0.4767871,-0.1214803,-0.5505736,0.001203181,-0.110866,3.027328,24,24,24,24,24,24,24,24,24,24,25,24,24,24,25,25
906,9060,-38.96229,-58.16407,-22.77519,-24.7291,-22.20643,-18.14479,-16.46429,-17.55674,-14.23397,-14.02116,-10.68844,-13.48898,-11.08755,-11.10748,-7.640756,-0.6024525,25,25,25,25,25,25,25,25,25,25,25,25,25,25,25,25,906,9060,-3.093572,-3.031561,-2.358157,-1.680846,167.4095,148.8736,-1.95918,-2.086992,-1.813397,-1.288953,-1.447079,-1.615258,-2.049454,-1.782679,-1.566527,-2.261274,25,25,25,25,25,25,25,25,25,25,25,25,25,25,25,25,906,9060,-1.838326,-3.325962,3.45218,-1.677107,-2.072211,-2.548531,-1.681581,-70.32288,0.620456,0.8465031,0.3575891,0.1210662,-0.1103106,0.4458656,-0.110866,2.442263,24,24,24,24,24,24,24,24,24,24,25,24,24,24,25,25
907,9070,-39.92428,-57.68038,-24.49833,-26.92148,-25.34439,-20.36621,-19.65464,-19.8137,-15.47118,-15.00458,-11.99387,-13.36293,-11.80166,-11.46554,-8.83303,-0.11957,25,25,25,25,25,25,25,25,25,25,25,25,25,25,25,25,907,9070,-3.497058,-2.37258,-2.227235,-2.327225,168.3304,147.7672,-2.873366,-1.565586,-1.942818,-2.190166,-0.6587652,-2.019374,-2.177436,-2.005406,-1.566527,-2.261274,25,25,25,25,25,25,25,25,25,25,25,25,25,25,25,25,907,9070,-1.37877,-3.198052,2.941015,-2.580014,-2.072211,-1.146981,-1.552257,-71.19762,-0.9869109,-0.1211304,0.8343815,0.4848843,-0.1103106,-0.776957,-0.0001990586,3.6124,24,24,24,24,24,24,24,24,24,24,25,24,24,24,25,25
908,9080,-40.64577,-58.285,-25.11374,-27.77408,-24.37886,-21.47692,-18.25089,-19.31215,-15.22374,-15.37336,-11.75652,-13.36496,-12.51581,-12.53972,-9.309949,-0.7231735,25,25,25,25,25,25,25,25,25,25,25,25,25,25,25,25,908,9080,-3.766049,-2.767969,-2.489074,-2.715054,167.8042,147.6443,-1.828581,-1.304884,-2.719344,-2.061422,-2.629677,-3.501183,-2.689354,-1.894043,-2.891207,-3.052438,25,25,25,25,25,25,25,25,25,25,25,25,25,25,25,25,908,9080,-2.412767,-3.709692,2.941015,-1.935081,-2.201706,-1.656636,-3.621459,-70.97894,0.2495256,-0.3630412,0.4767879,0.242386,0.2198859,0.6681972,0.6637962,3.027328,24,24,24,24,24,24,24,24,24,24,25,24,24,24,25,25
909,9090,-41.96851,-58.285,-25.11374,-28.50487,-24.49956,-21.23009,-19.39941,-19.18677,-16.21351,-15.25044,-12.8246,-14.87784,-14.06312,-13.49455,-11.09839,-0.8438929,25,25,25,25,25,25,25,25,25,25,25,25,25,25,25,25,909,9090,-5.245498,-3.42695,-3.405514,-2.456502,167.0148,148.6278,-1.30619,-1.695938,-1.554555,-2.962635,-3.286644,-2.019425,-1.665515,-2.339494,-2.048229,-2.713368,25,25,25,25,25,25,25,25,25,25,25,25,25,25,25,25,909,9090,-2.297878,-2.942233,2.429851,-3.998865,-4.273629,-3.185598,-2.328207,-70.54156,-0.4923365,-0.2420842,0.4767879,0.6062073,-0.4405071,-0.2211284,-0.4428637,3.144343,24,24,24,24,24,24,24,24,24,24,25,24,24,24,25,25
910,9100,-44.85448,-60.21977,-27.94461,-30.57545,-27.39613,-23.3281,-21.69646,-20.81679,-18.06934,-16.35678,-13.18063,-16.01251,-13.468,-12.65907,-10.02533,-0.3610104,25,25,25,25,25,25,25,25,25,25,25,25,25,25,25,25,910,9100,-5.514489,-4.217728,-2.881836,-3.490709,168.3304,149.3654,-1.30619,-1.695938,-2.072239,-3.091379,-2.235492,-2.288835,-2.177436,-2.339494,-1.927803,-3.617556,25,25,25,25,25,25,25,25,25,25,25,25,25,25,25,25,910,9100,-1.723437,-2.686412,2.429851,-1.806094,-2.460697,-2.675944,-2.069557,-71.19762,0.8677438,1.088411,1.191975,0.9700254,0.1098194,0.7793618,0.4424639,2.676285,24,24,24,24,24,24,24,24,24,24,25,24,24,24,25,25
911,9110,-46.05696,-61.429,-28.80618,-31.54984,-28.36165,-24.4388,-23.10022,-22.19605,-18.31678,-17.21728,-12.8246,-15.63429,-12.9919,-12.65907,-9.548408,0.1218704,25,25,25,25,25,25,25,25,25,25,25,25,25,25,25,25,911,9110,-5.111002,-3.42695,-3.536437,-3.749262,168.1989,149.3654,-1.828581,-1.435235,-3.23703,-2.318911,-2.235492,-1.750014,-2.561375,-1.782679,-3.011684,-2.487321,25,25,25,25,25,25,25,25,25,25,25,25,25,25,25,25,911,9110,-2.987211,-3.837602,2.302058,-2.451027,-3.108173,-2.675944,-1.552257,-70.65091,-0.2450492,-0.6049488,0.3575899,0.242386,0.2198859,0.6681956,-0.5535836,2.910314,24,24,24,24,24,24,24,24,24,24,25,24,24,24,25,25
912,9120,-45.69622,-60.70346,-28.80618,-29.72286,-27.6375,-23.08127,-22.58976,-21.94527,-18.81167,-17.09435,-13.89268,-15.88644,-13.468,-11.70424,-9.906096,-0.1195218,25,25,25,25,25,25,25,25,25,25,25,25,25,25,25,25,912,9120,-4.169535,-3.82234,-3.66736,-2.068674,168.5936,148.5049,-1.30619,-2.086992,-2.072239,-1.160209,-1.315736,-2.019425,-1.153596,-1.782679,-2.048281,-1.470109,25,25,25,25,25,25,25,25,25,25,25,25,25,25,25,25,912,9120,-2.068103,-3.581782,2.174267,-2.580014,-1.424735,-1.274395,-2.069557,-71.30697,0.1258821,0.8465031,1.072777,-0.0001605311,0.1098194,0.7793618,-0.110919,3.013998,24,24,24,24,24,24,24,24,24,24,25,24,24,24,25,25
913,9130,-43.53175,-61.18716,-26.95996,-28.38307,-24.98232,-22.58762,-18.88896,-20.06447,-15.47118,-14.75872,-12.3499,-13.23888,-11.08755,-10.51071,-8.7138,-0.7231237,25,25,25,25,25,25,25,25,25,25,25,25,25,25,25,25,913,9130,-3.900596,-4.085932,-3.143675,-2.068674,168.3304,149.1195,-1.828581,-2.99945,-1.942818,-1.417698,-2.235492,-1.076488,-2.561375,-2.339494,-1.687004,-1.922203,25,25,25,25,25,25,25,25,25,25,25,25,25,25,25,25,913,9130,-1.493659,-2.942233,2.941015,-1.548121,-1.942716,-2.548531,-1.422931,-70.10419,0.2495256,0.3626848,-4.013278E-06,0.3636608,0.3299525,0.3346986,-1.328246,2.546024,24,24,24,24,24,24,24,24,24,24,25,24,24,24,25,25
914,9140,-42.32926,-61.79177,-24.37525,-24.6073,-21.96505,-19.00868,-16.46429,-17.18058,-14.9763,-12.54602,-11.16314,-10.96955,-9.180068,-7.645973,-6.327267,-0.3609623,25,25,25,25,25,25,25,25,25,25,25,25,25,25,25,25,914,9140,-3.900596,-3.295154,-2.881836,-2.456502,167.8042,148.6278,-2.742768,-2.478045,-1.813397,-2.318911,-2.104101,-2.288835,-2.177436,-1.894043,-1.80743,-2.600344,25,25,25,25,25,25,25,25,25,25,25,25,25,25,25,25,914,9140,-1.37877,-2.686412,2.813223,-1.677107,-2.072211,-1.784049,-1.940232,-71.52567,-0.3686927,-0.0001765842,0.7151834,0.242386,0.1098194,-0.1099638,-0.2215859,3.598967,24,24,24,24,24,24,24,24,24,24,25,24,24,24,25,25
915,9150,-40.76603,-61.18714,-25.48298,-25.0945,-22.68919,-19.87256,-16.20907,-14.79824,-12.25442,-10.08747,-9.501682,-9.204517,-6.795713,-6.451316,-4.77502,-0.4816833,25,25,25,25,25,25,25,25,25,25,25,25,25,25,25,25,915,9150,-5.111053,-3.690543,-3.667411,-3.361434,169.1198,147.7672,-1.567386,-2.347694,-2.331081,-2.705146,-2.629677,-3.231773,-2.561375,-2.784942,-2.891259,-3.165462,25,25,25,25,25,25,25,25,25,25,25,25,25,25,25,25,915,9150,-2.182992,-4.221331,2.04653,-2.451027,-3.367163,-2.930771,-3.233484,-70.76025,0.8677438,0.8465031,0.4767879,-0.1214322,0.4400159,0.4458648,0.8850756,3.247982,24,24,24,24,24,24,24,24,24,24,25,24,24,24,25,25
916,9160,-40.64578,-61.06622,-24.49833,-22.90212,-19.79262,-18.02138,-15.31577,-15.42517,-13.73908,-12.42309,-10.45109,-10.84348,-8.941632,-8.720407,-6.44667,-0.3609623,25,25,25,25,25,25,25,25,25,25,25,25,25,25,25,25,916,9160,-4.304082,-4.48132,-4.583851,-2.45645,167.9358,148.136,-2.089778,-2.086992,-3.495872,-2.061422,-3.418042,-2.15413,-2.049454,-2.22813,-2.891259,-2.374297,25,25,25,25,25,25,25,25,25,25,25,25,25,25,25,25,916,9160,-2.757434,-3.709692,2.685487,-3.998865,-4.403124,-3.185598,-2.457533,-70.86961,0.1258821,-0.483995,0.7151834,0.8487538,-0.1103106,-0.6657925,-0.2215859,3.715955,24,24,24,24,24,24,24,24,24,24,25,24,24,24,25,25
917,9170,-40.64578,-60.09884,-23.26751,-21.80593,-20.51677,-17.89797,-16.20907,-15.67594,-14.60513,-12.42309,-11.16314,-10.59133,-10.37224,-7.765437,-6.685477,-0.4816833,25,25,25,25,25,25,25,25,25,25,25,25,25,25,25,25,917,9170,-3.900596,-3.954135,-3.01281,-2.844277,167.1464,149.7341,-1.567386,-2.086992,-1.942818,-2.318911,-1.44713,-2.019425,-1.409555,-2.22813,-0.9644518,-2.826391,25,25,25,25,25,25,25,25,25,25,25,25,25,25,25,25,917,9170,-1.838326,-3.070142,2.429904,-2.193054,-1.683776,-1.401809,-2.716183,-71.19762,-0.1214057,0.241731,1.430371,0.1211143,-0.3304405,0.7793618,0.2210787,2.663019,24,24,24,24,24,24,24,24,24,24,25,24,24,24,25,25
918,9180,-40.28503,-59.49422,-24.12908,-23.38931,-21.96506,-18.76185,-15.82623,-14.79824,-12.37814,-10.94796,-9.739033,-9.708813,-7.98789,-7.645973,-5.252635,-1.326727,25,25,25,25,25,25,25,25,25,25,25,25,25,25,25,25,918,9180,-3.766101,-3.163357,-2.620048,-3.619934,168.462,149.7342,-1.828581,-2.086992,-2.072239,-2.5764,-1.578522,-1.750014,-1.665515,-1.782679,-1.687004,-3.052438,25,25,25,25,25,25,25,25,25,25,25,25,25,25,25,25,918,9180,-2.527656,-3.198052,2.685487,-1.677107,-1.683776,-1.911462,-2.069557,-70.76025,0.1258821,-0.6049488,0.4767879,0.7274789,0.7702124,0.3346986,-0.110919,2.429029,24,24,24,24,24,24,24,24,24,24,25,24,24,24,25,25
919,9190,-39.92429,-60.58253,-24.25216,-22.90212,-21.84436,-18.02138,-16.33668,-15.1744,-11.88326,-12.05431,-9.620357,-10.59133,-8.226325,-6.929179,-5.252635,0.1219202,25,25,25,25,25,25,25,25,25,25,25,25,25,25,25,25,919,9190,-4.573073,-3.558747,-3.667411,-2.844277,168.7252,149.3654,-1.828636,-1.695938,-2.719344,-2.318911,-1.709917,-2.692951,-1.793494,-1.782679,-2.650408,-2.14825,25,25,25,25,25,25,25,25,25,25,25,25,25,25,25,25,919,9190,-1.493659,-3.070142,1.790946,-2.580014,-1.683776,-2.038875,-2.586807,-70.21353,-0.4923365,0.7255493,1.072777,-0.242707,-0.8807701,-0.2211292,-0.4429166,3.013998,24,24,24,24,24,24,24,24,24,24,25,24,24,24,25,25
920,9200,-40.16478,-59.49422,-24.006,-22.29312,-21.4823,-17.52773,-15.69861,-14.67285,-11.88326,-10.94796,-10.33241,-10.21311,-8.822414,-6.451316,-5.252635,-0.2402413,25,25,25,25,25,25,25,25,25,25,25,25,25,25,25,25,920,9200,-4.169587,-3.558747,-3.143726,-2.45645,168.5936,148.259,-1.306243,-2.347691,-1.813397,-1.675187,-2.104101,-2.288835,-1.665515,-2.673579,-2.529983,-2.261274,25,25,25,25,25,25,25,25,25,25,25,25,25,25,25,25,920,9200,-1.723437,-3.837601,2.685487,-2.064068,-2.849233,-3.567838,-2.328156,-70.86961,0.4968126,0.8465031,-4.013278E-06,0.242386,0.2198859,0.4458648,-0.4429166,2.546024,24,24,24,24,24,24,24,24,24,24,25,24,24,24,25,25
921,9210,-36.07633,-58.8896,-21.66745,-19.00455,-16.77536,-14.93608,-11.61496,-12.03973,-10.15116,-10.33332,-8.670951,-8.574148,-6.676495,-6.809715,-3.819792,-1.447447,25,25,25,25,25,25,25,25,25,25,25,25,25,25,25,25,921,9210,-3.900596,-4.48132,-2.358209,-2.585726,168.0674,149.8571,-1.436842,-2.086988,-1.684028,-1.932677,-2.235492,-2.42354,-2.049454,-2.562218,-1.927855,-1.922203,25,25,25,25,25,25,25,25,25,25,25,25,25,25,25,25,921,9210,-1.608548,-3.198052,2.813278,-2.709,-2.719738,-1.529221,-2.198831,-71.52567,-1.110554,-0.3630412,0.4767879,0.3636608,-0.1103106,0.001201576,0.1104133,3.715955,24,24,24,24,24,24,24,24,24,24,25,24,24,24,25,25
922,9220,-33.55111,-57.55945,-20.55972,-18.27376,-17.13744,-15.42973,-13.27395,-13.16821,-10.3986,-9.104045,-7.721546,-7.439482,-6.795713,-5.256661,-3.939196,0.3633606,25,25,25,25,25,25,25,25,25,25,25,25,25,25,25,25,922,9220,-4.438578,-2.767969,-2.750964,-2.715002,168.8568,149.3654,-2.351028,-1.435232,-1.81345,-1.803932,-1.315736,-2.288835,-2.177436,-2.116767,-2.048281,-3.165462,25,25,25,25,25,25,25,25,25,25,25,25,25,25,25,25,922,9220,-2.068103,-4.221331,2.302113,-1.935081,-2.072261,-1.401808,-1.68153,-70.43223,0.4968126,0.7255462,-0.119202,-0.6065283,-0.1103106,0.2235332,0.442411,3.949946,24,24,24,24,24,24,24,24,24,24,25,24,24,24,25,25
923,9230,-35.83583,-56.59206,-22.65211,-22.17132,-21.3616,-17.77456,-14.42247,-13.41899,-10.76976,-8.489407,-7.60287,-6.304817,-5.603535,-4.778799,-3.222775,0.3633606,25,25,25,25,25,25,25,25,25,25,25,25,25,25,25,25,923,9230,-4.438578,-2.767969,-2.096363,-2.45645,168.5936,147.7673,-1.436842,-2.21734,-2.072292,-1.932677,-2.104095,-2.558247,-1.921476,-1.894043,-2.289132,-1.809179,25,25,25,25,25,25,25,25,25,25,25,25,25,25,25,25,923,9230,-2.182992,-3.325962,3.324442,-2.709,-3.496708,-2.803357,-1.42288,-70.76025,-0.2450492,0.120774,0.834381,-0.1214322,0.1098194,-0.9992895,-0.4429166,3.247982,24,24,24,24,24,24,24,24,24,24,25,24,24,24,25,25
924,9240,-36.79782,-57.8013,-21.54437,-22.17132,-20.03401,-18.51503,-14.42247,-14.17131,-11.38837,-11.68553,-8.552276,-10.46526,-7.98789,-6.092919,-4.536213,-0.8438448,25,25,25,25,25,25,25,25,25,25,25,25,25,25,25,25,924,9240,-2.555642,-2.240784,-2.489125,-1.680794,168.1989,148.9966,-1.436842,-1.30488,-2.072292,-1.932677,-2.498276,-2.019425,-1.409555,-1.337231,-0.7236009,-1.922203,25,25,25,25,25,25,25,25,25,25,25,25,25,25,25,25,924,9240,-2.297878,-2.430593,2.302113,-1.677107,-1.554281,-2.038875,-1.810855,-70.21353,1.362318,1.330318,0.953579,-0.0002086905,0.2198859,1.001693,0.3317456,3.364977,24,24,24,24,24,24,24,24,24,24,25,24,24,24,25,25
925,9250,-36.67757,-57.92221,-22.15978,-22.17132,-20.99953,-18.63844,-15.95384,-14.67285,-12.50187,-12.30017,-9.383006,-10.7174,-9.060798,-6.690248,-5.013827,0.1219202,25,25,25,25,25,25,25,25,25,25,25,25,25,25,25,25,925,9250,-2.824633,-2.504376,-1.834524,-1.939346,168.0674,149.9801,-1.436842,-1.044178,-1.036922,-2.5764,-1.447124,-1.076488,-1.153596,-1.114505,-0.8440261,-2.374297,25,25,25,25,25,25,25,25,25,25,25,25,25,25,25,25,925,9250,-1.37877,-2.302683,3.324442,-1.161162,-1.813271,-0.5099135,-1.42288,-71.19762,-0.1214057,-0.2420906,1.072777,0.7274308,0.3299525,0.3346986,-0.110919,3.832951,24,24,24,24,24,24,24,24,24,24,25,24,24,24,25,25
926,9260,-38.12056,-59.13145,-23.88292,-24.48551,-23.17197,-18.76185,-15.69861,-14.04592,-11.38837,-11.31674,-9.026978,-10.21311,-7.987838,-7.16811,-4.77502,-0.7231237,25,25,25,25,25,25,25,25,25,25,25,25,25,25,25,25,926,9260,-1.345184,-1.186413,-1.310846,-2.197898,169.1199,149.9801,-1.828636,-0.5227728,-1.81345,-1.546443,-0.9215482,-1.076488,-1.153596,-1.337231,-2.048281,-2.713368,25,25,25,25,25,25,25,25,25,25,25,25,25,25,25,25,926,9260,-1.723437,-2.686412,2.17432,-0.7742015,-1.29529,-0.8921542,-1.293554,-70.65091,0.8677438,-0.1211336,0.5959851,-0.3640268,-0.0002440073,0.001151811,0.8850756,3.598967,24,24,24,24,24,24,24,24,24,24,25,24,24,24,25,25
927,9270,-38.9623,-59.85699,-24.12908,-24.6073,-23.41334,-20.85986,-18.50612,-17.05519,-14.48141,-14.14408,-10.45109,-12.48244,-9.656887,-8.601056,-5.730249,-0.2402413,25,25,25,25,25,25,25,25,25,25,25,25,25,25,25,25,927,9270,-2.152156,-1.450006,-2.489125,-1.292966,168.9883,149.1196,-0.3920572,-1.30488,-2.460555,-1.417698,-0.5273672,-2.019425,-0.8976355,-1.782679,-2.048281,-2.14825,25,25,25,25,25,25,25,25,25,25,25,25,25,25,25,25,927,9270,-1.608548,-2.558503,2.17432,-1.935081,-2.201757,-1.401808,-1.552205,-70.21353,0.002237804,-0.2420906,0.953579,0.9699773,-0.5505736,-0.4435114,-0.5535836,3.130986,24,24,24,24,24,24,24,24,24,24,25,24,24,24,25,25
928,9280,-38.7218,-59.25237,-24.12908,-23.63291,-23.53404,-20.11938,-17.99566,-16.17749,-14.9763,-14.14408,-11.04447,-12.98674,-10.01454,-9.317176,-6.685477,-0.6024011,25,25,25,25,25,25,25,25,25,25,25,25,25,25,25,25,928,9280,-3.093624,-3.42695,-2.096363,-1.422242,168.7252,149.4883,-1.175645,-2.21734,-0.9075018,-1.031464,-2.235489,-1.211193,-1.537537,-2.339494,-1.325728,-1.696105,25,25,25,25,25,25,25,25,25,25,25,25,25,25,25,25,928,9280,-1.263881,-3.070142,2.685487,-1.290149,-1.942766,-2.421116,-2.457481,-70.97894,0.2495256,0.4836354,0.1191936,0.1210662,-0.0002440073,0.8904766,0.1104133,2.793306,24,24,24,24,24,24,24,24,24,24,25,24,24,24,25,25
929,9290,-35.95608,-59.25237,-23.26751,-21.92773,-21.12023,-19.37891,-17.10236,-16.80442,-13.8628,-15.988,-11.87519,-14.6257,-11.44459,-12.18166,-8.475341,-1.326724,25,25,25,25,25,25,25,25,25,25,25,25,25,25,25,25,929,9290,-3.093624,-2.37258,-1.310846,-1.163689,168.3305,149.3654,-1.828636,-1.174529,-1.554608,-0.9027191,-1.052943,-1.480603,-2.433393,-1.003143,-0.9644518,-1.809128,25,25,25,25,25,25,25,25,25,25,25,25,25,25,25,25,929,9290,-1.608548,-2.814322,2.557694,-1.677107,-1.942766,-0.5099135,-0.2589536,-70.54156,0.4968126,-0.2420906,0.953579,0.8487056,0.3299525,0.4458142,0.1104133,3.846422,24,24,24,24,24,24,24,24,24,24,25,24,24,24,25,25
930,9300,-37.75981,-59.37329,-24.99065,-24.7291,-23.41334,-20.98327,-17.61282,-16.67904,-13.8628,-14.14408,-11.75652,-12.60851,-10.01454,-9.317176,-6.924284,0.4840832,25,25,25,25,25,25,25,25,25,25,25,25,25,25,25,25,930,9300,-2.421147,-1.713598,-0.7871612,-1.81007,168.9883,148.9966,-1.175645,-0.6531242,-1.425186,-1.031464,-0.3959725,-0.9417816,-0.3857162,-0.6690552,-0.001048268,-1.357034,25,25,25,25,25,25,25,25,25,25,25,25,25,25,25,25,930,9300,-1.37877,-3.709744,2.17432,-1.677107,-0.3888241,0.3819814,-1.810855,-71.635,0.002237804,-0.0001797949,0.3575891,-0.9703947,-0.0002440073,0.4458142,-0.7749159,3.846422,24,24,24,24,24,24,24,24,24,24,25,24,24,24,25,25
931,9310,-39.44329,-60.21976,-27.08304,-26.92149,-25.22371,-20.61303,-18.25089,-17.43135,-13.98653,-13.7753,-10.68844,-11.2217,-9.299233,-8.004288,-5.849652,-0.7231221,25,25,25,25,25,25,25,25,25,25,25,25,25,25,25,25,931,9310,-0.8072031,-0.0002472179,-1.179917,-0.51731,168.8568,148.6278,-1.175645,-0.2620703,-1.036922,-0.3877405,-1.578519,-1.076488,-0.5136964,-0.5576932,-0.9644518,-0.7919161,25,25,25,25,25,25,25,25,25,25,25,25,25,25,25,25,931,9310,-0.9192141,-1.663185,3.452233,-0.9031883,-0.906805,-0.6373271,-1.293554,-70.10419,0.2495256,0.2417278,0.5959851,0.7274308,0.2198859,0.2234826,0.1104133,3.378371,24,24,24,24,24,24,24,24,24,24,25,24,24,24,25,25
932,9320,-38.84205,-60.46161,-24.006,-23.26752,-20.39608,-17.89797,-13.91201,-14.92363,-12.50187,-12.17724,-9.857708,-9.834888,-8.583927,-6.809715,-5.372038,-0.2402397,25,25,25,25,25,25,25,25,25,25,25,25,25,25,25,25,932,9320,-1.076193,-0.9228213,-0.7871548,-0.7759136,167.5411,149.7342,-1.306243,-1.174529,-0.3898162,-1.031464,-1.578519,-1.345898,-0.5136964,-1.448593,-0.2418991,-1.922152,25,25,25,25,25,25,25,25,25,25,25,25,25,25,25,25,932,9320,-0.5745474,-2.046915,2.429902,-1.290147,-1.424785,-1.529221,-1.68153,-70.10419,0.620456,0.4836354,0.7151831,0.6061592,-0.660637,0.3346488,0.5530763,2.559277,24,24,24,24,24,24,24,24,24,24,25,24,24,24,25,25
933,9330,-36.43708,-59.49422,-22.77519,-22.29312,-20.034,-16.66385,-14.42247,-14.04592,-11.63581,-10.08747,-8.670951,-8.195926,-6.795662,-5.734522,-4.655617,-0.4816801,25,25,25,25,25,25,25,25,25,25,25,25,25,25,25,25,933,9330,-0.6727073,-0.7910244,-0.5253156,-0.9051893,168.5936,149.6113,-1.306243,-0.6531242,-1.166344,-1.675187,-0.6587588,-1.480603,-0.8976355,-0.7804173,-1.084877,-2.148199,25,25,25,25,25,25,25,25,25,25,25,25,25,25,25,25,933,9330,-1.838326,-2.558555,2.17432,-0.7742015,-1.165744,-0.6373271,-2.457481,-70.97894,0.4968126,-0.8468627,0.2383911,0.4848843,0.4400159,1.001643,0.442411,2.559277,24,24,24,24,24,24,24,24,24,24,25,24,24,24,25,25
934,9340,-37.63956,-59.25237,-24.12909,-21.19693,-21.12022,-16.41702,-13.27395,-13.04283,-10.27488,-10.45625,-8.314925,-8.574148,-6.438008,-6.451316,-4.655617,-0.4816801,25,25,25,25,25,25,25,25,25,25,25,25,25,25,25,25,934,9340,-0.6727073,-1.186413,-1.834518,-0.3880856,169.5145,149.9801,-0.3920572,-0.7834754,-1.942871,-0.7739744,-1.184335,-1.076488,-0.6416751,-1.448593,-2.048281,-1.696105,25,25,25,25,25,25,25,25,25,25,25,25,25,25,25,25,934,9340,-0.9192141,-2.942285,2.302111,-1.806094,-0.9067537,-1.274395,-1.552205,-70.43223,-0.61598,0.3626816,0.953579,0.1210662,-0.660637,0.2234826,0.5530763,3.495379,24,24,24,24,24,24,24,24,24,24,25,24,24,24,25,25
935,9350,-37.88006,-60.46161,-24.86757,-24.24191,-22.93058,-19.2555,-16.46429,-15.55056,-12.50187,-12.42309,-9.264331,-11.2217,-8.703146,-9.436531,-6.685477,-0.2402397,25,25,25,25,25,25,25,25,25,25,25,25,25,25,25,25,935,9350,-0.269222,-1.054617,-0.9180776,-1.034465,169.1198,149.7341,-0.7838511,-2.086988,-1.425186,-0.9027191,-1.052943,-1.345898,-1.281576,-2.339494,-1.566579,-2.374246,25,25,25,25,25,25,25,25,25,25,25,25,25,25,25,25,935,9350,-0.6894363,-2.686465,3.580024,-0.7742015,-1.942716,-2.421117,-1.552257,-69.55747,0.2495256,0.4836354,0.834381,-0.3640268,0.7702124,0.3346488,-0.5535836,2.559277,24,24,24,24,24,24,24,24,24,24,25,24,24,24,25,25
936,9360,-41.12677,-59.85699,-25.48298,-24.6073,-24.49956,-19.87256,-17.99566,-16.80442,-14.48141,-13.40652,-10.45109,-10.59133,-9.180017,-7.765437,-5.730249,-0.8438416,25,25,25,25,25,25,25,25,25,25,25,25,25,25,25,25,936,9360,-1.883166,-1.713598,-0.9180776,-0.9051893,168.462,150.2259,-1.175645,-1.565583,-1.295766,-1.160209,-1.447124,-1.615309,-2.049454,-2.005406,-1.205303,-2.374246,25,25,25,25,25,25,25,25,25,25,25,25,25,25,25,25,936,9360,-1.034103,-2.558555,2.429902,-1.677107,-2.072211,-1.401809,-1.681581,-72.07238,-0.4923362,-0.0001797949,1.191975,0.6061592,-0.0002440073,0.1123172,-0.0002536392,3.6124,24,24,24,24,24,24,24,24,24,24,25,24,24,24,25,25
937,9370,-41.84826,-60.34068,-23.14444,-21.56233,-20.39607,-18.63844,-16.46429,-15.92672,-13.49164,-14.51287,-8.908303,-12.10422,-8.822363,-8.959114,-7.043687,-1.568164,25,25,25,25,25,25,25,25,25,25,25,25,25,25,25,25,937,9370,-2.286652,-1.713598,-0.3943929,-1.680846,169.7777,149.2424,-1.436842,-1.30488,-0.9075001,-1.288953,-1.052943,-1.750014,-1.665515,-1.671319,-0.48275,-2.374246,25,25,25,25,25,25,25,25,25,25,25,25,25,25,25,25,937,9370,-1.953214,-3.198104,2.17432,-1.290147,-2.201706,-1.401809,-2.716183,-71.41632,0.3731691,0.3626816,0.7151831,-0.3640268,0.2198859,0.5569797,-0.0002536392,3.6124,24,24,24,24,24,24,24,24,24,24,25,24,24,24,25,25
938,9380,-41.24702,-60.58253,-23.14444,-20.83154,-19.67192,-18.51503,-16.20907,-16.0521,-13.2442,-13.03773,-9.501682,-10.7174,-8.226274,-7.16811,-6.327267,0.8462447,25,25,25,25,25,25,25,25,25,25,25,25,25,25,25,25,938,9380,-1.345184,-1.186413,-1.179917,-1.422294,169.2514,148.5049,-1.175645,-0.9138267,-1.684026,-1.031464,-1.447124,-2.827658,-1.281576,-1.225867,-1.566579,-1.470057,25,25,25,25,25,25,25,25,25,25,25,25,25,25,25,25,938,9380,-1.37877,-2.174825,2.941068,-1.54812,-2.460697,-1.656636,-1.164281,-69.88551,0.7441003,0.2417278,0.5959851,0.4848843,0.660149,-0.2211798,-0.7749159,2.676285,24,24,24,24,24,24,24,24,24,24,25,24,24,24,25,25
939,9390,-41.48752,-61.42899,-23.3906,-21.92773,-20.99953,-19.37891,-16.97475,-15.29979,-13.2442,-11.5626,-9.026978,-10.08704,-8.345492,-7.765437,-5.013827,-0.8438416,25,25,25,25,25,25,25,25,25,25,25,25,25,25,25,25,939,9390,-1.345184,-1.450006,-1.048994,-0.7759136,168.462,148.5049,-1.045048,-0.2620703,-1.295764,-0.7739744,-1.709917,-1.345898,-0.1297557,-1.114505,-0.8440261,-1.922152,25,25,25,25,25,25,25,25,25,25,25,25,25,25,25,25,939,9390,-1.493659,-2.686465,2.302111,-1.290147,-0.9067537,-1.146981,-3.233484,-71.52567,0.620456,0.3626816,1.430371,0.4848843,-0.4405071,0.5569797,0.442411,3.144343,24,24,24,24,24,24,24,24,24,24,25,24,24,24,25,25
940,9400,-39.68379,-60.70346,-23.51368,-24.48551,-23.17195,-21.23009,-16.33668,-16.0521,-12.25442,-12.91481,-9.383006,-10.33918,-8.583927,-8.004288,-5.133231,-0.6024011,25,25,25,25,25,25,25,25,25,25,25,25,25,25,25,25,940,9400,-0.8072031,-1.977191,-0.7871548,-1.680846,168.7252,150.4718,-1.436842,-1.30488,-1.425184,-2.962634,-1.052946,-2.019374,-1.409555,-1.782679,-1.205303,-3.278434,25,25,25,25,25,25,25,25,25,25,25,25,25,25,25,25,940,9400,-1.493659,-2.430645,3.19665,-1.161161,-1.683725,-2.16629,-2.069557,-71.41632,0.2495256,-1.209724,0.238392,0.1211143,-0.0002440073,0.3346488,-0.110919,3.144343,24,24,24,24,24,24,24,24,24,24,25,24,24,24,25,25
941,9410,-40.88628,-60.21976,-23.75984,-22.90212,-21.12022,-17.89797,-15.44338,-13.2936,-12.1307,-11.31674,-9.739033,-10.21311,-8.464712,-7.645973,-5.849652,-0.7231221,25,25,25,25,25,25,25,25,25,25,25,25,25,25,25,25,941,9410,-2.017661,-1.054617,-1.179917,-2.068674,169.5145,149.8571,-1.567439,-0.131719,-1.94287,-1.546443,-1.052946,-0.6723204,-1.409558,-0.5576932,-1.084877,-2.261222,25,25,25,25,25,25,25,25,25,25,25,25,25,25,25,25,941,9410,-1.263881,-3.326014,2.429902,-2.580013,-2.201706,-1.656636,-2.586858,-70.21353,-1.110555,0.3626816,0.8343815,-0.4852535,-1.100849,0.1123172,-0.3322513,3.846422,24,24,24,24,24,24,24,24,24,24,25,24,24,24,25,25
942,9420,-42.69001,-60.46161,-24.74449,-24.6073,-22.68919,-19.74915,-15.95384,-15.29979,-12.25442,-13.03773,-9.620357,-11.2217,-8.345493,-8.481701,-5.372038,-1.326724,25,25,25,25,25,25,25,25,25,25,25,25,25,25,25,25,942,9420,-1.210689,-0.7910244,-2.358196,-0.9051893,169.6461,150.4718,-0.9144496,-0.6531242,-2.07229,-0.7739744,-0.5273705,-1.749963,-1.025617,-2.339494,-2.891259,-1.809128,25,25,25,25,25,25,25,25,25,25,25,25,25,25,25,25,942,9420,-1.608548,-2.302735,2.813276,-1.032174,-2.331201,-2.548531,-2.457533,-70.86961,0.2495256,0.120774,0.119194,0.242386,0.2199373,-0.2211292,-0.6642489,1.740183,24,24,24,24,24,24,24,24,24,24,25,24,24,24,25,25
943,9430,-44.25323,-61.18714,-26.83688,-27.77408,-26.91337,-23.57492,-17.35759,-16.30288,-13.73908,-13.28359,-9.739033,-11.59992,-8.107059,-7.76544,-5.610896,-0.3609591,25,25,25,25,25,25,25,25,25,25,25,25,25,25,25,25,943,9430,-0.9416981,-1.845395,-1.048994,-0.9051893,169.7777,150.103,-0.2614587,-1.435232,-1.295764,-0.7739744,-1.184341,-1.076437,-1.153598,-2.22813,-1.325728,-1.583081,25,25,25,25,25,25,25,25,25,25,25,25,25,25,25,25,943,9430,-0.8043252,-3.326014,2.429902,-2.451026,-2.331201,-1.529222,-1.940232,-71.19762,-0.8632674,0.120774,0.5959855,0.242386,-0.4404557,-0.2211292,-0.3322497,3.6124,24,24,24,24,24,24,24,24,24,24,25,24,24,24,25,25
944,9440,-46.05697,-60.46161,-28.06769,-27.89588,-26.91337,-23.20468,-19.52703,-17.05519,-14.85258,-13.7753,-10.33241,-11.97814,-9.060802,-6.690251,-4.894475,0.3633606,25,25,25,25,25,25,25,25,25,25,25,25,25,25,25,25,944,9440,-1.883166,-2.108987,-1.441756,-0.9051893,169.6461,150.5947,-1.175645,-2.086988,-1.94287,-1.160209,-2.498282,-1.749963,-2.689357,-2.005406,-2.409557,-2.826391,25,25,25,25,25,25,25,25,25,25,25,25,25,25,25,25,944,9440,-2.297878,-3.965564,2.557694,-2.32204,-2.201706,-2.293703,-1.681581,-70.43223,0.2495256,0.4836354,0.5959855,-0.4852535,0.3300039,0.3346986,0.1104149,2.897003,24,24,24,24,24,24,24,24,24,24,25,24,24,24,25,25
945,9450,-45.21523,-60.46161,-27.82153,-30.33186,-27.7582,-26.66022,-21.44123,-19.56293,-15.71863,-15.988,-9.383006,-12.73459,-8.107059,-7.526509,-5.013879,-0.8438448,25,25,25,25,25,25,25,25,25,25,25,25,25,25,25,25,945,9450,-2.421147,-1.977191,-1.703595,-1.163742,169.7777,149.1195,-1.698037,-2.21734,-1.554606,-2.190166,-1.315736,-2.288784,-2.177436,-2.22813,-1.205303,-2.487321,25,25,25,25,25,25,25,25,25,25,25,25,25,25,25,25,945,9450,-1.953269,-3.709744,2.685485,-2.451026,-3.885144,-3.440425,-2.457533,-70.32288,-0.2450492,0.2417278,0.9535794,1.0913,-0.4404557,-0.8881233,0.1104149,3.130986,24,24,24,24,24,24,24,24,24,24,25,24,24,24,25,25
946,9460,-46.8987,-60.46162,-29.42159,-30.69725,-28.48235,-25.67292,-21.18601,-19.31215,-16.83212,-14.38994,-9.739033,-11.59992,-7.272534,-5.256663,-4.178054,-0.2402413,25,25,25,25,25,25,25,25,25,25,25,25,25,25,25,25,946,9460,-1.076193,-1.054617,-0.656232,-1.034465,168.7252,149.2424,-0.7838511,-0.3924216,-1.94287,-0.5164853,-1.315736,-2.019374,-1.409558,-1.114505,-1.446154,-1.809179,25,25,25,25,25,25,25,25,25,25,25,25,25,25,25,25,946,9460,-1.608602,-3.453871,2.685485,-1.677107,-1.683725,-1.784049,-2.328207,-70.86961,0.4968126,0.6045924,0.5959855,-0.0001605311,-0.0001926374,0.7793618,-0.0002504286,2.663019,24,24,24,24,24,24,24,24,24,24,25,24,24,24,25,25
947,9470,-47.25945,-61.06623,-29.66775,-30.81905,-28.48235,-23.20468,-20.1651,-17.80751,-14.85258,-12.91481,-9.026978,-10.46526,-7.391752,-5.256663,-3.819843,-0.6024027,25,25,25,25,25,25,25,25,25,25,25,25,25,25,25,25,947,9470,-0.6727073,-0.6592283,-1.048994,-0.6466379,168.3304,150.2259,-0.2614587,-1.044178,-1.03692,-1.417698,-1.44713,-1.480551,-1.153598,-1.559955,-1.205303,-2.14825,25,25,25,25,25,25,25,25,25,25,25,25,25,25,25,25,947,9470,-1.378824,-3.070142,2.429902,-1.806094,-1.813221,-1.019568,-0.6469798,-70.21353,-0.4923365,-0.604952,0.4767879,-0.242707,0.2199373,-0.2211292,-0.3322497,3.013998,24,24,24,24,24,24,24,24,24,24,25,24,24,24,25,25
948,9480,-44.85448,-60.46162,-28.56001,-29.23567,-26.4306,-22.95786,-18.76134,-18.18367,-15.22374,-14.88165,-9.976384,-11.34777,-7.391752,-6.212388,-4.775072,-0.4816833,25,25,25,25,25,25,25,25,25,25,25,25,25,25,25,25,948,9480,-1.210689,-1.581802,-0.9180776,-2.327174,169.2514,150.5947,-0.9144496,-0.5227728,-1.03692,-2.061421,-1.709917,-1.076437,-1.793497,-1.114505,-1.446154,-2.14825,25,25,25,25,25,25,25,25,25,25,25,25,25,25,25,25,948,9480,-1.263935,-3.325962,2.046528,-1.677108,-1.683725,-1.401809,-1.552257,-70.32288,0.8677438,0.9674537,0.7151834,-0.4852535,-0.1102592,0.1123678,-0.0002504286,2.663019,24,24,24,24,24,24,24,24,24,24,25,24,24,24,25,25
949,9490,-44.25323,-58.88961,-28.56001,-26.06889,-25.82715,-20.73644,-17.86805,-16.17749,-13.2442,-11.5626,-8.552276,-9.582739,-6.676445,-4.300939,-3.581036,-0.6024027,25,25,25,25,25,25,25,25,25,25,25,25,25,25,25,25,949,9490,-1.076193,-0.7910244,-1.572679,-1.551518,169.6461,150.8405,-1.175645,-1.044178,-2.201712,-1.675187,-1.052946,-1.345847,-1.153598,-0.7804173,-1.566579,-2.035227,25,25,25,25,25,25,25,25,25,25,25,25,25,25,25,25,949,9490,-1.493713,-3.325962,3.835607,-1.161162,-2.201758,-2.16629,-1.293606,-70.10419,0.620456,-0.2420906,0.3575899,-0.0001605311,0.5501338,-0.3322954,-0.5535804,2.897003,24,24,24,24,24,24,24,24,24,24,25,24,24,24,25,25
950,9500,-45.21523,-57.92222,-27.69844,-25.2163,-23.65473,-19.74915,-16.20907,-15.1744,-11.51209,-9.96454,-7.009492,-8.069852,-3.696002,-4.181473,-1.909387,-1.206006,25,25,25,25,25,25,25,25,25,25,25,25,25,25,25,25,950,9500,-0.8072031,-0.9228213,-1.703595,-0.7758622,169.9093,150.3488,-0.5226557,-1.174529,-2.201712,-0.7739744,-0.5273705,-1.480551,-0.513698,-1.337231,-2.048281,-1.244062,25,25,25,25,25,25,25,25,25,25,25,25,25,25,25,25,950,9500,-0.804383,-2.686412,2.557694,-2.064068,-0.6478153,-1.147032,-2.586858,-71.85368,0.1258821,-0.1211336,0.8343815,0.9700254,-0.0001926374,-0.1099638,0.2210819,3.130986,24,24,24,24,24,24,24,24,24,24,25,24,24,24,25,25
951,9510,-43.77224,-59.13146,-26.71379,-25.5817,-24.01679,-21.10668,-15.82623,-14.04592,-11.14093,-9.104044,-5.347388,-5.926595,-2.980695,-2.62842,-1.312369,0.001199168,25,25,25,25,25,25,25,25,25,25,25,25,25,25,25,25,951,9510,-1.076193,-1.845395,-1.048994,-0.905138,168.7252,150.3488,-0.3920572,-2.608393,-0.9075001,-1.160209,-1.184341,-0.9417302,-1.409558,-2.22813,-1.084877,-2.374297,25,25,25,25,25,25,25,25,25,25,25,25,25,25,25,25,951,9510,-1.378824,-3.453871,2.941068,-1.548122,-1.554282,-2.803408,-2.069506,-70.21353,0.9913873,-0.4839981,0.8343815,-0.1214322,0.1098707,0.6681956,-0.1109174,3.013998,24,24,24,24,24,24,24,24,24,24,25,24,24,24,25,25
952,9520,-43.77224,-57.8013,-27.20612,-24.60731,-23.41334,-20.11938,-14.80531,-13.16821,-10.64604,-7.751839,-5.703872,-6.178743,-3.219131,-3.703611,-1.909387,0.1219202,25,25,25,25,25,25,25,25,25,25,25,25,25,25,25,25,952,9520,-1.210689,-2.108987,-1.572679,-1.422242,169.5146,150.5947,-1.045048,-1.30488,-1.554606,-1.288953,-1.052946,-0.1334977,-0.8976387,-1.003143,-0.7236009,-1.357085,25,25,25,25,25,25,25,25,25,25,25,25,25,25,25,25,952,9520,-1.034158,-3.709692,2.813276,-2.837987,-2.460748,-1.401859,-2.457481,-70.86961,-0.7396239,0.120774,1.072777,-0.0001605311,-0.4404557,-0.6657925,-0.442915,3.364977,24,24,24,24,24,24,24,24,24,24,25,24,24,24,25,25
953,9530,-42.44951,-57.43853,-27.3292,-26.55609,-22.32712,-20.61303,-15.06054,-14.54747,-11.38837,-10.21039,-6.416113,-7.69163,-5.007396,-3.703611,-2.745212,-0.3609623,25,25,25,25,25,25,25,25,25,25,25,25,25,25,25,25,953,9530,-2.017661,-1.054617,-0.7871548,-1.292967,170.304,149.6112,-1.306243,-0.7834754,-0.6486582,-1.031464,-0.001794738,-1.211142,-0.6416783,-1.003143,-0.1214739,-1.357085,25,25,25,25,25,25,25,25,25,25,25,25,25,25,25,25,953,9530,-1.149047,-3.070142,2.557694,-1.548122,-1.295291,-1.401859,-2.328156,-70.76025,0.002237804,1.330318,0.5959855,-0.242707,-0.1102592,0.7793618,-0.2215827,2.195039,24,24,24,24,24,24,24,24,24,24,25,24,24,24,25,25
954,9540,-41.60777,-57.07576,-26.46763,-26.06889,-23.53403,-19.74915,-15.95384,-14.17131,-10.27488,-7.75184,-5.822699,-5.800521,-4.29209,-2.508954,-2.148194,-0.2402413,25,25,25,25,25,25,25,25,25,25,25,25,25,25,25,25,954,9540,0.1342642,-0.9228213,-1.048994,-0.2587577,169.5146,148.8736,-1.175645,-0.131719,-1.166342,-0.001455215,-1.184341,-1.749963,-1.025617,-1.003143,-1.80743,-1.696156,25,25,25,25,25,25,25,25,25,25,25,25,25,25,25,25,954,9540,-0.4597162,-2.430593,3.068859,-1.290149,-1.683777,-0.7647912,-1.034904,-70.97894,-0.1214057,-0.9678165,1.311173,0.3636608,0.5501338,-0.3322954,-0.442915,3.247982,24,24,24,24,24,24,24,24,24,24,24,24,24,24,25,25
955,9550,-41.24702,-57.43853,-25.48298,-22.29312,-19.18916,-16.41702,-12.8911,-12.16512,-9.532547,-8.24355,-4.990958,-6.809113,-3.81522,-3.703611,-2.387001,-0.8438448,25,25,25,25,25,25,25,25,25,25,25,25,25,25,25,25,955,9550,-0.5382127,-1.450006,-1.310833,-0.7758622,168.0674,149.9801,-0.9144496,-0.6531242,-1.295764,-0.9026678,-1.315736,-1.345847,-0.513698,-1.225867,-1.084877,-2.374297,25,25,25,25,25,25,25,25,25,25,25,25,25,25,25,25,955,9550,-0.9192687,-3.070142,2.302111,-1.548122,-1.424786,-0.7647912,-2.845457,-70.86961,0.1258821,0.2417278,0.5959851,-0.4852535,-0.3303891,0.1123678,-0.3322497,3.364977,24,24,24,24,24,24,24,24,24,24,24,24,24,24,25,25
956,9560,-40.16478,-56.35022,-24.86757,-22.41492,-19.79262,-19.37891,-14.55009,-13.79515,-10.3986,-9.96454,-7.009492,-7.439482,-4.649744,-4.7788,-2.625808,-0.6024027,25,25,25,25,25,25,25,25,25,25,25,25,25,25,25,25,956,9560,-1.74867,-1.581802,-0.9180776,-1.551518,169.6461,150.9635,-0.2614587,-1.695934,-0.9075001,-1.80388,-1.184341,-1.480603,-0.8976387,-2.005406,-1.566579,-2.487321,25,25,25,25,25,25,25,25,25,25,25,25,25,25,25,25,956,9560,-2.183047,-3.709692,3.580024,-1.935081,-2.849233,-2.548581,-2.457481,-70.21353,0.3731691,0.7255462,-0.2384004,0.6061559,0.5501338,-0.3322954,-0.7749127,2.429029,24,24,24,24,24,24,24,24,24,24,24,24,24,24,25,25
957,9570,-37.75981,-54.89914,-23.14443,-19.00455,-18.58572,-14.93608,-12.38065,-10.78587,-9.408825,-7.628912,-6.297437,-6.178743,-5.245833,-3.703611,-2.864615,-1.206006,25,25,25,25,25,25,25,25,25,25,25,25,25,25,25,25,957,9570,-2.017661,-0.7910244,-1.965441,-1.680794,169.6461,150.8405,-0.7838511,-0.7834754,-2.201712,-1.546391,-1.709917,-1.480603,-1.921476,-1.559955,-2.650408,-2.487321,25,25,25,25,25,25,25,25,25,25,25,25,25,25,25,25,957,9570,-1.034158,-2.302683,2.685485,-3.224947,-1.683777,-1.7841,-1.16423,-71.08829,0.3731691,0.3626816,0.834381,0.969974,0.1098771,0.1123678,-0.0002504286,3.364977,24,24,24,24,24,24,24,24,24,24,24,24,24,24,25,25
958,9580,-35.11434,-54.53637,-21.42129,-16.32497,-14.8443,-12.59126,-9.190301,-9.532002,-7.924165,-6.767696,-4.753303,-5.548373,-3.338349,-4.062005,-1.789983,-0.2402413,25,25,25,25,25,25,25,25,25,25,25,25,25,25,25,25,958,9580,-1.076193,-1.713598,-3.012797,-1.551518,170.1724,149.9801,-0.3920572,-1.956637,-1.94287,-1.031413,-1.315736,-2.558247,-1.153596,-2.673582,-1.927855,-2.487321,25,25,25,25,25,25,25,25,25,25,25,25,25,25,25,25,958,9580,-2.183047,-4.093421,2.813276,-2.064068,-2.072262,-1.911513,-2.457481,-70.32288,0.8677438,-0.604952,0.834381,-0.0002119011,0.6602068,0.4458656,0.4424126,2.897003,24,24,24,24,24,24,24,24,24,24,24,24,24,24,24,25
959,9590,-34.2726,-54.77822,-21.29821,-17.05577,-15.20637,-12.22102,-8.424618,-9.28123,-6.563227,-5.413936,-3.802684,-3.783338,-2.623042,-2.747882,-1.073562,0.3633606,25,25,25,25,25,25,25,25,25,25,25,25,25,25,25,25,959,9590,-1.47968,-2.37258,-1.572679,-1.292967,169.7777,150.5947,-0.6532525,-2.478042,-1.554606,-1.160157,-1.841311,-1.480603,-2.177436,-2.11677,-1.927855,-1.809179,25,25,25,25,25,25,25,25,25,25,25,25,25,25,25,25,959,9590,-1.263935,-2.942231,2.813276,-2.966974,-2.849233,-2.038927,-1.940181,-70.21353,0.002237804,0.120774,0.953579,0.2423346,-0.0001862161,-0.44346,-0.3322513,3.715955,24,24,24,24,24,24,24,24,24,24,24,24,24,24,24,25
960,9600,-35.47509,-54.1736,-19.45199,-15.22878,-13.27532,-10.12302,-7.53132,-7.651205,-6.315784,-5.413936,-4.396821,-4.539782,-3.099913,-2.986813,-1.67058,-0.3609623,25,25,25,25,25,25,25,25,25,25,25,25,25,25,25,25,960,9600,-1.74867,-2.108987,-1.310833,-1.292967,168.8568,150.5947,-1.567439,-1.435232,-1.813448,-1.288902,-1.709917,-1.076488,-2.305415,-1.671322,-1.325728,-2.14825,25,25,25,25,25,25,25,25,25,25,25,25,25,25,25,25,960,9600,-1.608602,-3.581781,2.557694,-2.064068,-1.683777,-1.7841,-2.069506,-70.65091,0.4968126,0.6045924,0.953579,-0.9703979,-0.2203193,0.6681972,0.3317456,2.793306,24,24,24,24,24,24,24,24,24,24,24,24,24,24,24,25
961,9610,-36.67757,-55.26191,-19.45199,-16.08138,-13.63739,-11.23372,-6.765636,-7.776591,-6.192062,-6.275419,-3.565029,-3.783338,-2.026954,-3.106279,-1.67058,-0.9645641,25,25,25,25,25,25,25,25,25,25,25,25,25,25,25,25,961,9610,-1.74867,-1.713598,-1.310833,-1.81007,170.8302,149.3654,-0.9144496,-1.174529,-1.425184,-2.06137,-1.578522,-1.884719,-1.793494,-1.448596,-1.80743,-2.826391,25,25,25,25,25,25,25,25,25,25,25,25,25,25,25,25,961,9610,-1.723437,-3.325962,2.429902,-1.419135,-1.554282,-1.7841,-1.42288,-70.65091,0.1258821,-0.604952,0.5959851,-0.0002119011,0.2199437,0.3347002,-0.110919,2.793306,24,24,24,24,24,24,24,24,24,24,24,24,24,24,24,25
962,9620,-37.88006,-55.86652,-19.08274,-15.83778,-13.39602,-10.12302,-6.382795,-6.39734,-5.57296,-3.937107,-3.565029,-2.648673,-2.384607,-1.792158,-2.148194,0.1219202,25,25,25,25,25,25,25,25,25,25,25,25,25,25,25,25,962,9620,-1.076193,-1.186413,-1.310833,-1.16369,169.5146,149.4883,-1.045048,-0.131719,-2.07229,-1.160157,-1.841311,-2.15413,-1.153596,-1.671322,-1.927855,-2.261274,25,25,25,25,25,25,25,25,25,25,25,25,25,25,25,25,962,9620,-1.493659,-4.221384,1.663155,-2.064068,-2.072262,-1.147032,-1.42288,-70.65091,0.002237804,0.120774,0.4767871,0.2423346,-0.2203193,0.4458656,0.6637433,3.261357,24,24,24,24,24,24,24,24,24,24,24,24,24,24,24,25
963,9630,-38.84205,-57.07575,-20.55972,-16.81217,-13.15463,-10.36984,-6.510409,-6.522726,-4.705907,-3.444831,-2.495583,-2.396525,-2.026954,-1.672693,-1.312369,0.1219202,25,25,25,25,25,25,25,25,25,25,25,25,25,25,25,25,963,9630,-0.8072031,-1.318209,-1.310833,-1.034414,168.8568,150.8405,-1.045048,-0.3924216,-1.684026,-2.833838,-3.155252,-1.615309,-1.281576,-1.559958,-1.205303,-1.696156,25,25,25,25,25,25,25,25,25,25,25,25,25,25,25,25,963,9630,-1.493659,-3.965564,2.941067,-1.806095,-1.813272,-1.7841,-1.68153,-69.88551,0.1258821,0.120774,-0.2384004,-0.2427584,0.4400736,0.001203181,-0.8855813,3.027328,24,24,24,24,24,24,24,24,24,24,24,24,24,24,24,25
964,9640,-36.19658,-57.3176,-18.83658,-16.08138,-12.79256,-11.9742,-6.765636,-6.648112,-4.705907,-4.79859,-3.208547,-3.279043,-2.265389,-3.464676,-1.67058,-0.4816833,25,25,25,25,25,25,25,25,25,25,25,25,25,25,25,25,964,9640,-1.076193,-0.9228213,-0.5253156,-1.680794,169.1199,150.2259,-0.5226557,-1.174529,-1.295764,-2.190115,-1.841311,-1.345898,-1.281576,-1.559958,-1.325728,-2.826391,25,25,25,25,25,25,25,25,25,25,25,25,25,25,25,25,964,9640,-0.8043252,-2.430645,3.196648,-1.806094,-0.3888249,-0.0003106277,-1.810855,-71.635,0.2495256,0.2417278,1.430371,0.3636094,-0.0001862161,0.001203181,-0.0002536392,3.6124,24,24,24,24,24,24,24,24,24,24,24,24,24,24,24,25
965,9650,-37.39906,-57.55945,-19.82123,-17.42117,-15.08568,-11.23372,-7.658934,-5.64502,-4.953636,-3.937107,-3.565029,-2.648673,-2.861478,-2.508951,-2.02879,-0.3609623,25,25,25,25,25,25,25,25,25,25,25,25,25,25,25,25,965,9650,-1.47968,0.1315496,-1.048994,-1.81007,169.9093,151.0864,-1.175645,-0.7834754,-1.425184,-2.318859,-1.709917,-0.9417816,-1.921476,-1.782682,-2.289132,-2.826391,25,25,25,25,25,25,25,25,25,25,25,25,25,25,25,25,965,9650,-1.493659,-3.709744,2.685484,-1.806094,-0.3887735,-1.401859,-2.586807,-69.99485,0.2495256,-0.4839981,-4.414606E-06,0.1210629,-0.0001862161,0.4458656,0.2210787,3.261357,24,24,24,24,24,24,24,24,24,24,24,24,24,24,24,25
966,9660,-40.04454,-58.28498,-20.06739,-15.83778,-12.55117,-9.259134,-5.617111,-4.516541,-3.467258,-3.321762,-2.852065,-2.522599,-1.907736,-2.508951,-0.8347555,-0.1195218,25,25,25,25,25,25,25,25,25,25,25,25,25,25,25,25,966,9660,-1.614175,-0.6592283,-2.22728,-1.16369,170.1724,151.2094,-0.3920572,-1.044178,-1.813448,-1.160157,-1.184341,-1.750014,-1.665515,-1.782682,-2.529983,-2.374297,25,25,25,25,25,25,25,25,25,25,25,25,25,25,25,25,966,9660,-0.5745474,-2.814375,2.174319,-1.806094,-2.719687,-1.656636,-1.42288,-69.22944,-0.7396235,0.7255462,1.072777,0.6061559,-0.0001862161,0.223534,0.3317456,4.080451,24,24,24,24,24,24,24,24,24,24,24,24,24,24,24,25
967,9670,-37.51931,-59.37329,-18.83658,-16.32497,-12.3098,-10.49325,-6.255181,-5.895793,-4.086583,-4.306314,-2.970892,-2.648673,-1.550082,-2.389487,-1.073562,-0.7231237,25,25,25,25,25,25,25,25,25,25,25,25,25,25,25,25,967,9670,-1.076193,-2.240784,-1.310833,-1.680794,169.6461,150.7177,-1.175592,-2.608393,-1.684026,-1.417646,-2.498282,-1.884719,-1.793494,-2.562221,-1.446154,-2.487321,25,25,25,25,25,25,25,25,25,25,25,25,25,25,25,25,967,9670,-1.493659,-3.326014,2.174319,-1.419134,-2.590192,-2.293703,-2.198882,-69.88551,-0.61598,0.9674537,0.834381,-0.7278514,0.1098771,0.3347002,-0.3322513,2.442263,24,24,24,24,24,24,24,24,24,24,24,24,24,24,24,25
968,9680,-37.63956,-57.68037,-17.11344,-13.6454,-12.06841,-8.888898,-7.020864,-5.64502,-4.334312,-3.321762,-2.61441,-1.765991,-2.146171,-1.314296,-0.8347555,-0.1195218,25,25,25,25,25,25,25,25,25,25,25,25,25,25,25,25,968,9680,-0.6727073,-1.318209,-1.310833,-1.034414,170.0408,151.4552,-1.436787,-1.695938,-1.813448,-1.160157,-2.498282,-1.480603,-1.921476,-1.894046,-1.446154,-1.922203,25,25,25,25,25,25,25,25,25,25,25,25,25,25,25,25,968,9680,-1.608548,-3.326014,2.941067,-2.064067,-2.590192,-1.146981,-0.9056308,-70.21353,-0.1214057,0.3626816,1.072777,1.091249,0.6602068,0.557031,-0.0002536392,3.6124,24,24,24,24,24,24,24,24,24,24,24,24,24,24,24,25
969,9690,-33.67136,-57.19667,-16.7442,-12.671,-12.06841,-8.642074,-6.255181,-4.767314,-3.467309,-3.814038,-1.544964,-1.639884,-0.357905,-1.792158,0.001069137,-0.6024027,25,25,25,25,25,25,25,25,25,25,25,25,25,25,25,25,969,9690,-1.210689,-0.5274323,-0.2634766,-1.551518,170.304,150.3489,-1.828581,-1.695938,-1.03692,-1.675136,-0.3959757,-1.345898,-1.025616,-1.448596,-0.9644518,-2.035227,25,25,25,25,25,25,25,25,25,25,25,25,25,25,25,25,969,9690,-1.263881,-3.965564,2.046528,-2.064067,-0.9067537,0.1271535,-1.422931,-70.43223,0.3731691,0.4836354,0.4767871,-0.6065797,-0.1102528,-0.3322938,-0.0002536392,3.144343,24,24,24,24,24,24,24,24,24,24,24,24,24,24,24,25
970,9700,-32.22837,-58.52683,-16.7442,-14.01079,-11.22358,-8.518661,-4.723814,-4.391154,-2.847986,-3.198694,-1.544964,-1.639884,-1.311647,-1.433761,-0.4765447,0.2426396,25,25,25,25,25,25,25,25,25,25,25,25,25,25,25,25,970,9700,-0.5382127,0.1315496,-1.310833,-0.6465865,169.2514,149.1196,-0.3920042,-0.7834786,-1.425184,-0.9027191,-1.578522,-1.480603,-1.153596,-1.114508,-1.446154,-0.9049911,25,25,25,25,25,25,25,25,25,25,25,25,25,25,25,25,970,9700,-1.493659,-2.302735,2.429902,-1.54812,-1.55423,-0.8921542,-0.9056308,-69.33878,-0.1214057,-0.7259057,1.191975,0.7274276,0.3300103,-0.5546255,-0.4429166,3.378371,24,24,24,24,24,24,24,24,24,24,25,24,24,24,24,25
971,9710,-32.70937,-57.68037,-16.37495,-11.69661,-10.74082,-6.297247,-4.5962,-4.391154,-3.838904,-3.198694,-2.257879,-2.522599,-1.311647,-2.150555,-0.9541585,-1.326727,25,25,25,25,25,25,25,25,25,25,25,25,25,25,25,25,971,9710,0.5377504,0.2633457,-0.1325538,-0.3880343,169.2514,150.103,-0.2614057,-0.5227761,-1.295764,-0.64523,-0.5273705,-0.6723718,-0.001775474,-0.3349707,-0.6031757,-1.357085,25,25,25,25,25,25,25,25,25,25,25,25,25,25,25,25,971,9710,-0.9192141,-2.302735,2.941067,-0.516228,0.2587023,0.1271535,-1.552257,-70.43223,0.3731691,0.9674537,0.4767879,-0.36403,-0.5505158,1.11286,0.442411,3.495379,24,24,24,24,24,24,24,24,24,24,25,24,24,24,24,25
972,9720,-32.82962,-57.3176,-14.52873,-10.72222,-8.809769,-6.790895,-3.830517,-4.014995,-2.724121,-3.567901,-0.9507769,-2.270482,-0.5963402,-2.747882,-1.073562,-1.326727,25,25,25,25,25,25,25,25,25,25,25,25,25,25,25,25,972,9720,-0.269222,-0.5274323,0.2602081,-1.292967,169.383,150.8406,-0.2614057,-0.3924248,-0.5192363,-1.417698,-0.7901599,-1.211193,-1.025616,-0.6690584,-1.325728,-2.713368,25,25,25,25,25,25,25,25,25,25,25,25,25,25,25,25,972,9720,-0.6894363,-3.070194,2.813274,-0.0002825348,-0.5182683,-0.7647406,-1.681581,-69.99485,0.002237804,-0.3630444,1.072777,0.6062073,0.7702701,0.223534,0.2210787,3.144343,24,24,24,24,24,24,24,24,24,24,25,24,24,24,24,25
973,9730,-33.7916,-57.68037,-14.77489,-11.94021,-10.13736,-7.284543,-3.447675,-4.014995,-1.980932,-2.460279,-1.307259,-1.009177,-0.5963908,-1.075364,-0.5959477,0.7255221,25,25,25,25,25,25,25,25,25,25,25,25,25,25,25,25,973,9730,-1.345184,0.1315496,-1.048994,-1.034414,170.304,151.3323,-1.175592,-0.7834786,-1.813448,-1.675187,-1.315736,-1.750014,-1.665519,-1.782682,-2.529983,-2.826391,25,25,25,25,25,25,25,25,25,25,25,25,25,25,25,25,973,9730,-0.6894363,-2.942285,2.046528,-1.032174,-1.29524,-1.656636,-2.457533,-70.32288,0.2495256,0.6045924,0.8343815,-0.8490748,-0.0002440073,0.4458656,-0.110919,3.495379,24,24,24,24,24,24,24,24,24,24,25,24,24,24,24,25
974,9740,-34.0321,-56.83391,-15.75954,-13.28,-11.58565,-7.284543,-4.851429,-3.889608,-2.352526,-1.721865,-1.069605,-1.76596,-0.8348261,-1.194832,-0.1183339,0.7255221,25,25,25,25,25,25,25,25,25,25,25,25,25,25,25,25,974,9740,-0.8072031,-1.977191,-1.703595,-1.16369,170.0408,150.4718,-0.5226011,-2.608397,-1.813448,-1.932677,-1.709917,-2.42354,-1.537537,-2.339497,-1.927855,-2.600344,25,25,25,25,25,25,25,25,25,25,25,25,25,25,25,25,974,9740,-2.182992,-2.558555,2.302109,-2.708999,-2.849182,-3.058184,-1.810907,-69.99485,0.1258821,0.3626816,0.119194,0.7274789,0.5500824,-0.109963,-0.5535836,3.027328,24,24,24,24,24,24,24,24,24,24,25,24,24,24,25,25
975,9750,-35.47509,-57.8013,-15.75954,-14.01079,-10.49944,-7.284543,-3.447675,-4.014995,-2.228662,-3.321762,-1.663741,-1.89209,-1.550133,-2.389488,-1.192966,-0.7231237,25,25,25,25,25,25,25,25,25,25,25,25,25,25,25,25,975,9750,-1.47968,-2.504376,-1.834518,-1.422242,169.9093,151.0865,-1.436787,-3.129802,-1.813448,-1.675187,-2.235492,-1.615309,-2.049458,-3.119033,-1.566579,-1.696156,25,25,25,25,25,25,25,25,25,25,25,25,25,25,25,25,975,9750,-1.263881,-2.686465,2.685484,-2.708999,-2.201706,-1.401809,-2.457533,-70.86961,0.2495256,0.6045924,0.8343815,0.8487538,-0.2203771,-0.109963,0.2210835,2.910314,24,24,24,24,24,24,24,24,24,24,25,24,24,24,25,25
976,9760,-36.55732,-57.92221,-15.63647,-14.25439,-11.22358,-6.790895,-3.064833,-2.510356,-1.485472,-1.598796,-1.426086,-1.387568,-1.311697,-1.553229,-1.312369,0.001151008,25,25,25,25,25,25,25,25,25,25,25,25,25,25,25,25,976,9760,-2.286652,-2.240784,-1.441756,-1.939346,170.0408,150.9635,-2.220375,-2.347694,-1.94287,-2.061421,-2.235492,-2.558247,-2.561379,-2.562221,-2.048281,-2.826391,25,25,25,25,25,25,25,25,25,25,25,25,25,25,25,25,976,9760,-1.723437,-3.581834,2.429902,-1.806094,-2.849182,-3.185598,-1.552257,-69.33878,0.4968126,-0.0001797949,0.9535794,0.1211143,-0.5505736,0.6681964,0.1104165,2.546024,24,24,24,24,24,24,24,24,24,24,25,24,24,24,25,25
977,9770,-40.04454,-58.04314,-17.60577,-15.83778,-13.15463,-8.148426,-4.851429,-3.764222,-1.857067,-2.829486,-1.901396,-2.144351,-1.430915,-2.031091,-1.551176,-0.3610104,25,25,25,25,25,25,25,25,25,25,25,25,25,25,25,25,977,9770,-2.824633,-2.240784,-2.22728,-2.45645,170.0408,149.9801,-1.567386,-2.086992,-2.460554,-2.318911,-1.44713,-3.097068,-1.793497,-1.894046,-1.325728,-2.826391,25,25,25,25,25,25,25,25,25,25,25,25,25,25,25,25,977,9770,-1.608602,-4.093473,2.046528,-3.224945,-2.590192,-2.16629,-1.681581,-69.55747,0.002237804,0.4836354,1.311173,0.4849325,-0.7707036,0.001202378,0.2210835,3.130986,24,24,24,24,24,24,24,24,24,24,25,24,24,24,25,25
978,9780,-40.88628,-59.37331,-16.86728,-16.69037,-13.03395,-8.888898,-4.213358,-5.018087,-3.343445,-3.567901,-1.901396,-2.774655,-2.623092,-2.867351,-1.551176,-0.3610104,25,25,25,25,25,25,25,25,25,25,25,25,25,25,25,25,978,9780,-1.74867,-1.581802,-2.096357,-1.551518,169.9093,150.103,-1.30619,-1.435235,-2.460554,-1.288953,-2.235492,-1.750014,-1.537537,-0.5576964,-1.446154,-1.244062,25,25,25,25,25,25,25,25,25,25,25,25,25,25,25,25,978,9780,-2.412825,-3.965512,3.580023,-2.451026,-2.590192,-2.548531,-1.422931,-70.21353,0.002237804,0.7255462,0.3575899,0.4849325,0.2198859,-0.5546262,-0.9962434,2.195039,24,24,24,24,24,24,24,24,24,24,25,24,24,24,25,25
979,9790,-41.48752,-59.73608,-18.95966,-18.03016,-14.48223,-9.259134,-6.127567,-5.143474,-3.962769,-2.952555,-1.901396,-2.144351,-2.265439,-1.911626,-1.909387,0.2425914,25,25,25,25,25,25,25,25,25,25,25,25,25,25,25,25,979,9790,-0.9416981,-1.186413,-1.441756,-0.7758622,168.9883,150.9635,-0.6531996,-0.2620735,-1.554606,-0.9027191,-2.235492,-0.9417816,-0.3857178,-0.7804205,-0.48275,-1.357085,25,25,25,25,25,25,25,25,25,25,25,25,25,25,25,25,979,9790,-1.608602,-2.302684,2.685484,-1.419134,-0.647764,0.2545671,-1.422931,-70.43223,0.2495256,0.7255462,0.8343815,0.7274789,0.3299525,0.1123678,-0.0002488233,3.715955,24,24,24,24,24,24,24,24,24,24,25,24,24,24,25,25
980,9800,-43.171,-59.97792,-20.80588,-18.76095,-16.41328,-10.86349,-7.786548,-5.394247,-3.962769,-4.306315,-2.020223,-3.53096,-2.384656,-2.270023,-1.073562,-0.4817315,25,25,25,25,25,25,25,25,25,25,25,25,25,25,25,25,980,9800,-1.47968,-1.581802,-0.656232,-2.068674,169.6461,150.5947,-1.175592,-1.565586,-0.7780784,-1.160209,-0.5273705,-0.8070767,-0.513698,-1.114508,-0.48275,-2.487321,25,25,25,25,25,25,25,25,25,25,25,25,25,25,25,25,980,9800,-1.608602,-3.325962,2.429902,-1.032175,-0.3887735,-0.5099135,-2.328207,-69.44814,0.620456,-0.2420906,0.238392,-0.1214322,-0.2203771,0.1123678,-0.2215811,2.546024,24,24,24,24,24,24,24,24,24,24,25,24,24,24,25,25
981,9810,-43.05075,-60.82439,-21.29821,-21.31873,-17.49951,-12.71467,-9.317915,-8.152751,-5.573012,-5.783144,-2.139051,-3.152807,-1.311697,-2.150557,-0.4765447,-0.4817315,25,25,25,25,25,25,25,25,25,25,25,25,25,25,25,25,981,9810,-1.076193,-0.2638393,-0.5253156,-2.068674,170.1724,151.5782,-1.044994,-0.2620735,-1.554606,-1.160209,-0.1331895,-0.9417816,-0.8976387,-0.7804205,-1.687004,-2.261274,25,25,25,25,25,25,25,25,25,25,25,25,25,25,25,25,981,9810,-0.5746052,-3.070143,2.557693,-1.290149,-0.9067537,-1.019568,-1.681581,-69.77615,0.3731691,0.4836354,1.311173,0.242386,0.1098194,0.223534,-0.3322465,3.481972,24,24,24,24,24,24,24,24,24,24,25,24,24,24,25,25
982,9820,-41.12677,-60.46162,-21.54437,-19.97894,-18.46503,-12.22102,-10.21121,-8.654297,-6.439506,-4.921661,-2.61436,-3.278858,-2.623092,-2.270023,-2.02879,-0.11957,25,25,25,25,25,25,25,25,25,25,25,25,25,25,25,25,982,9820,-0.1347257,-0.9228213,-1.179917,-0.7759136,170.6986,150.7176,-0.6531996,-1.304884,-1.94287,-0.9027191,-0.7901599,-1.480603,-0.513698,-1.337234,-1.446154,-0.9049911,25,25,25,25,25,25,25,25,25,25,25,25,25,25,25,25,982,9820,-1.378824,-2.942233,3.580023,-1.032175,-1.813221,-2.038927,-1.940232,-68.90141,0.3731691,1.088408,-4.013278E-06,0.4849325,0.5500824,0.4458648,-0.3322465,2.429029,24,24,24,24,24,24,24,24,24,24,25,24,24,24,25,25
983,9830,-39.92429,-60.34069,-21.29821,-19.00455,-16.53398,-11.85079,-8.679845,-7.525819,-5.325282,-5.044729,-1.426086,-3.026756,-0.9540437,-2.508954,-0.8347555,-1.085335,25,25,25,25,25,25,25,25,25,25,25,25,25,25,25,25,983,9830,-0.5382127,-1.054617,-0.3943929,0.1290181,170.6986,151.4552,-0.3920572,-1.044181,-0.3898146,0.3847273,-0.264581,-0.1335491,0.382162,-0.7804205,0.1193774,-0.9049911,25,25,25,25,25,25,25,25,25,25,25,25,25,25,25,25,983,9830,-1.378824,-3.198052,3.324441,-1.677108,-1.165744,0.7641708,-2.069556,-69.55747,-0.4923365,-0.8468627,0.5959855,-0.0001605311,0.3299525,0.223534,-0.0002488233,3.247982,24,24,24,24,24,24,24,24,24,24,25,24,24,24,25,25
984,9840,-40.76603,-60.9453,-22.15978,-20.70973,-16.77536,-12.83808,-9.1903,-7.901978,-4.582093,-4.183246,-1.544914,-1.639829,-1.192479,-0.9559003,0.120473,0.001151008,25,25,25,25,25,25,25,25,25,25,25,25,25,25,25,25,984,9840,-0.6727073,-0.2638393,-0.2634766,-0.5173622,170.0408,151.4552,-1.959234,-1.044178,-0.3898146,-0.3877405,-0.7901599,-1.211193,-2.305418,-1.337234,-0.9644518,-2.035227,25,25,25,25,25,25,25,25,25,25,25,25,25,25,25,25,984,9840,-1.608602,-2.686412,2.941067,-1.548122,-0.2592787,-0.5099649,-1.681581,-69.33878,1.115031,0.120774,1.072777,-0.4852535,0.5500824,0.4458648,-0.1109142,2.897003,24,24,24,24,24,24,24,24,24,24,25,24,24,24,25,25
985,9850,-41.12677,-60.9453,-22.40594,-22.04952,-17.74088,-13.0849,-9.317913,-8.152751,-4.829823,-4.306315,-1.307259,-2.144351,-0.9540437,-0.9559003,-0.3571408,0.2425914,25,25,25,25,25,25,25,25,25,25,25,25,25,25,25,25,985,9850,-0.8072031,-0.9228213,-0.2634766,-1.680846,170.4355,149.7341,-1.175645,-1.044178,-1.295764,-1.803932,-1.052946,-2.288835,-1.537537,-1.337234,-0.8440261,-1.809179,25,25,25,25,25,25,25,25,25,25,25,25,25,25,25,25,985,9850,-1.149047,-2.686412,2.429902,-2.064068,-2.201706,-1.147032,-1.681581,-69.44814,-0.61598,0.2417278,1.072777,0.7274789,-0.8807701,0.3346994,0.2210835,3.013998,24,24,24,24,24,24,24,24,24,24,25,24,24,24,25,25
986,9860,-40.28503,-60.82439,-22.40594,-22.41492,-16.29259,-13.33173,-7.148478,-6.648112,-3.96277,-4.552454,-1.188431,-2.396502,-1.550133,-2.031091,-1.192966,-0.6024525,25,25,25,25,25,25,25,25,25,25,25,25,25,25,25,25,986,9860,-0.5382127,-0.6592283,-1.048994,-0.5173622,169.7777,150.5947,-1.045048,-0.131719,-1.813448,-0.7739744,-1.709917,-1.615309,-1.281579,-0.7804205,-1.325728,-2.035227,25,25,25,25,25,25,25,25,25,25,25,25,25,25,25,25,986,9860,-0.9192687,-3.581782,2.685484,-1.548122,-1.165744,-0.8922055,-3.233482,-69.55747,0.620456,0.6045956,0.238392,-0.4852535,0.3299525,0.4458648,0.4424158,2.663019,24,24,24,24,24,24,24,24,24,24,25,24,24,24,25,25
987,9870,-38.7218,-60.46162,-21.29821,-18.27375,-14.60292,-9.999606,-6.25518,-5.64502,-4.458229,-2.706418,-1.782567,-1.89209,-1.907786,-1.075366,-1.312369,0.4840319,25,25,25,25,25,25,25,25,25,25,25,25,25,25,25,25,987,9870,-0.9416981,-0.7910244,-0.7871548,-0.7759136,169.1199,150.9635,-0.5226557,-0.7834754,-1.03692,-1.675187,-2.104049,-1.615309,-0.7696585,-0.7804205,-0.7236009,-2.600344,25,25,25,25,25,25,25,25,25,25,25,25,25,25,25,25,987,9870,-1.149047,-2.814323,2.813274,-1.935081,-1.55423,-0.764792,-0.90563,-70.32288,-0.3686927,-0.2420842,0.834381,0.3636608,0.5500824,-0.5546262,-0.5535788,3.247982,24,24,24,24,24,24,24,24,24,24,25,24,24,24,25,25
988,9880,-37.88006,-59.37331,-20.92896,-18.03016,-14.24085,-9.01231,-5.999953,-5.394247,-3.591175,-2.952555,-0.8319478,-1.261387,-0.8348261,-1.553229,-0.1183339,-0.240291,25,25,25,25,25,25,25,25,25,25,25,25,25,25,25,25,988,9880,-0.6727073,-0.6592283,-0.9180776,-1.293018,170.5671,151.7011,-1.175645,0.1289836,-1.425184,-1.288953,-0.5273191,-0.4029604,-1.025617,-0.1122466,-0.6031757,-1.922203,25,25,25,25,25,25,25,25,25,25,25,25,25,25,25,25,988,9880,-1.378824,-3.325962,2.557693,-1.032175,-0.647764,-0.3825513,-2.198882,-69.44814,1.362319,-0.0001765842,0.7151831,-0.242707,-0.1103106,0.1123678,-0.2215811,3.247982,24,24,24,24,24,24,24,24,24,24,25,24,24,24,25,25
989,9890,-37.27882,-59.85699,-19.45199,-15.95957,-12.3098,-9.135722,-4.5962,-5.143474,-3.46731,-2.829486,-0.7131211,-1.261387,-0.3579042,-1.194832,0.001069137,0.3633125,25,25,25,25,25,25,25,25,25,25,25,25,25,25,25,25,989,9890,0.1342642,-0.5274323,-1.048994,-0.9051893,170.8302,151.2094,-0.7838511,-0.001367725,-2.201712,-0.9027191,0.5238324,-1.076488,-0.5136964,-1.003146,-1.566579,-0.9049911,25,25,25,25,25,25,25,25,25,25,25,25,25,25,25,25,989,9890,-0.3448273,-2.046864,2.429902,-1.290149,-1.29524,-0.6373785,-0.90563,-69.33878,0.002237804,-0.0001765842,1.549569,0.7274789,0.440019,-0.3322946,-0.3322465,2.780008,24,24,24,24,24,24,24,24,24,24,25,24,24,24,25,25
990,9900,-36.91807,-58.285,-17.85193,-12.5492,-10.13737,-6.173836,-3.320061,-3.388062,-2.600256,-1.721865,-0.9507753,-1.135256,-0.7155571,-0.4780408,-0.1183339,-0.3610104,25,25,25,25,25,25,25,25,25,25,25,25,25,25,25,25,990,9900,-0.269222,-0.3956354,-1.441756,-0.9051893,170.4355,150.7176,-0.6532525,-1.695934,-0.9075001,-0.3877405,-1.18429,-1.750014,-1.665515,-2.116767,-0.7236009,-1.470109,25,25,25,25,25,25,25,25,25,25,25,25,25,25,25,25,990,9900,-0.4597162,-1.791044,1.918736,-0.7742023,-0.5182683,-1.529273,-2.716182,-70.54156,0.2495256,1.209368,1.311173,0.6062073,0.2198891,0.3346986,0.1104165,3.247982,24,24,24,24,24,24,24,24,24,24,25,24,24,24,25,25
991,9910,-35.59534,-57.31761,-17.48269,-12.5492,-10.62013,-7.03772,-2.809605,-3.011902,-1.609337,-1.352658,-0.1189841,-0.3784734,0.5958378,-1.075369,0.7175413,-1.447496,25,25,25,25,25,25,25,25,25,25,25,25,25,25,25,25,991,9910,-1.47968,-1.845395,-0.7871548,-0.0002576525,169.2514,151.4552,-1.436842,-1.826286,-0.2603943,-0.64523,-1.052895,-0.6723718,-1.665515,-1.559955,-0.7236009,-1.809179,25,25,25,25,25,25,25,25,25,25,25,25,25,25,25,25,991,9910,-1.608602,-2.814323,3.068858,-1.032175,-1.29524,-1.147032,-1.810906,-69.55747,-0.1214057,-0.483995,0.834381,-0.0001605311,0.1098226,0.6681956,-0.664196,3.598967,24,24,24,24,24,24,24,24,24,24,25,24,24,24,25,25
992,9920,-35.71558,-58.52684,-17.11344,-13.0364,-10.13737,-6.667483,-1.149707,-3.262676,-1.361608,-0.6142435,0.3563253,-0.2523429,0.2381849,-0.1196439,0.7175413,0.4840319,25,25,25,25,25,25,25,25,25,25,25,25,25,25,25,25,992,9920,-1.47968,-1.450006,-0.656232,-1.293018,170.4355,150.2259,-1.306243,-0.7834754,-1.03692,-1.160209,-0.3959244,-1.480603,-0.8976355,-0.4463311,-0.48275,-1.244055,25,25,25,25,25,25,25,25,25,25,25,25,25,25,25,25,992,9920,-1.034158,-3.453871,2.685484,-1.032175,-0.647764,-1.274445,-2.974832,-70.10419,0.3731691,0.241731,0.5959851,-0.1214322,0.1098226,0.4458648,-0.110866,3.482023,24,24,24,24,24,24,24,24,24,24,25,24,24,24,25,25
993,9930,-35.47509,-58.16407,-18.22117,-13.76719,-11.34428,-7.778191,-3.830517,-3.513449,-1.733202,-1.968003,-0.7131211,-0.5046039,-0.4771218,-1.314301,-0.715301,0.1218704,25,25,25,25,25,25,25,25,25,25,25,25,25,25,25,25,993,9930,-0.4036652,-0.3956354,-0.7871548,-0.2588091,170.4355,150.4718,-1.045048,-0.131719,-1.166342,-0.3877405,-1.052895,-0.8070767,-0.7696553,-0.4463311,-1.325728,-1.470102,25,25,25,25,25,25,25,25,25,25,25,25,25,25,25,25,993,9930,-1.034158,-1.791044,2.557693,-1.548122,-0.3887735,0.5093436,-2.069556,-69.99485,-0.1214057,-0.2420842,0.5959851,0.8487538,-0.0002407967,-0.4434609,-0.110866,2.66307,24,24,24,24,24,24,24,24,24,24,25,24,24,24,25,25
994,9940,-34.63335,-57.68038,-16.99036,-13.88899,-10.25806,-7.654778,-3.320061,-4.391154,-2.104797,-3.075625,-1.069603,-1.892039,-1.07321,-2.747887,-1.551125,-1.326775,25,25,25,25,25,25,25,25,25,25,25,25,25,25,25,25,994,9940,-0.4036652,-0.9228213,-1.179917,-0.7759136,169.7777,151.3323,-0.7838511,-0.5227728,-1.295764,-0.9027191,-1.972655,-0.9417816,-0.5136964,-0.891781,-0.3623244,-1.809173,25,25,25,25,25,25,25,25,25,25,25,25,25,25,25,25,994,9940,-0.3448273,-2.302683,2.046528,-1.419135,-1.813221,-1.401859,-2.457532,-70.10419,0.620456,0.7255493,0.7151831,0.3636608,-0.3304373,0.2235332,-0.4428637,2.897054,24,24,24,24,24,24,24,24,24,24,25,24,24,24,25,25
995,9950,-35.71558,-57.55945,-16.86728,-13.88899,-9.895993,-7.778191,-3.95813,-4.516541,-2.600256,-2.460279,-1.66374,-1.765909,-1.07321,-1.194835,-1.431722,0.4840319,25,25,25,25,25,25,25,25,25,25,25,25,25,25,25,25,995,9950,-0.4036652,-0.5274323,-0.2634766,-1.163742,170.5671,152.5616,-0.7838511,-0.3924216,-1.03692,-1.417698,-0.7901086,-0.8070767,-0.8976355,0.1104823,-0.8440261,-2.487314,25,25,25,25,25,25,25,25,25,25,25,25,25,25,25,25,995,9950,-1.493713,-2.942231,2.685487,-1.161162,-1.683725,-1.147032,-0.90563,-69.66682,-0.4923365,-0.6049488,0.7151831,0.3636608,-0.0002407967,0.2235332,-0.110866,3.014049,24,24,24,24,24,24,24,24,24,24,25,24,24,24,25,25
996,9960,-37.03832,-58.88961,-17.60577,-12.7928,-10.49945,-5.927012,-4.340972,-3.388062,-1.857067,-1.598796,-1.307258,-1.639778,-1.550081,-1.911629,-1.431722,-0.4817315,25,25,25,25,25,25,25,25,25,25,25,25,25,25,25,25,996,9960,-1.210638,-0.3956354,-1.310833,-0.7758622,170.4355,151.7011,-0.7838511,-0.9138267,-1.813448,-0.9027191,-0.7901086,-1.750014,-1.281576,-0.7804173,-1.927855,-1.809173,25,25,25,25,25,25,25,25,25,25,25,25,25,25,25,25,996,9960,-0.804383,-3.453871,2.557694,-1.290149,-1.29524,-1.019618,-1.293605,-69.22944,0.7441003,0.3626848,0.5959851,-0.3639787,0.2198891,0.5570302,0.4424639,3.131038,24,24,24,24,24,24,24,24,24,24,25,24,24,24,25,25
997,9970,-38.60155,-58.88961,-16.99036,-14.86338,-11.58565,-9.259134,-6.89325,-5.895793,-3.96277,-3.567901,-2.020222,-2.270431,-1.430864,-2.747887,-1.551125,-0.7231735,25,25,25,25,25,25,25,25,25,25,25,25,25,25,25,25,997,9970,-0.2691706,-1.186413,-1.441756,-0.3880343,170.1724,150.9635,-0.5226557,-1.174529,-1.295764,-0.2589961,-0.5273191,-0.2682556,-0.6416751,-1.225867,-0.9644518,-1.131032,25,25,25,25,25,25,25,25,25,25,25,25,25,25,25,25,997,9970,-1.263935,-2.430593,2.302113,-2.322041,-2.072262,-0.6373785,-2.198882,-69.77615,0.1258821,0.241731,1.191975,0.8487538,0.1098226,-0.4434609,-0.110866,3.131038,24,24,24,24,24,24,24,24,24,24,25,24,24,24,25,25
998,9980,-38.24081,-59.01053,-17.23652,-14.74158,-13.75808,-10.24643,-8.935072,-6.271952,-4.458229,-2.952555,-1.544912,-2.01817,-1.550081,-1.911629,-1.670529,-0.240291,25,25,25,25,25,25,25,25,25,25,25,25,25,25,25,25,998,9980,-0.2691706,-1.318209,-0.7871548,-0.6465865,169.7777,151.824,-1.175645,-1.565583,-0.3898146,-0.1302509,-1.18429,-0.2682556,-0.8976355,-0.5576932,-0.8440261,-1.583126,25,25,25,25,25,25,25,25,25,25,25,25,25,25,25,25,998,9980,-0.4597162,-2.302683,2.302113,-1.032175,-0.3888249,-1.656686,-2.069556,-69.99485,0.8677438,-0.0001765842,1.072777,0.1211143,-0.0002407967,0.7793618,0.8851286,2.897054,24,24,24,24,24,24,24,24,24,24,25,24,24,24,25,25
999,9990,-38.36105,-59.01053,-16.62111,-12.5492,-11.94773,-9.752782,-7.786548,-6.773499,-3.343445,-2.952555,-0.8319478,-1.513648,-0.2386865,-2.270026,-0.8347041,-0.8438929,25,25,25,25,25,25,25,25,25,25,25,25,25,25,25,25,999,9990,-1.614124,-1.054617,-0.656232,-0.905138,170.8302,150.7176,-1.436842,-0.6531242,-0.1309725,-1.160209,-1.052895,-1.345898,-1.025616,-1.003143,-0.3623244,-2.03522,25,25,25,25,25,25,25,25,25,25,25,25,25,25,25,25,999,9990,-1.608602,-2.942231,2.557694,-1.419135,-1.036301,-1.401859,-2.198831,-69.66682,-0.7396239,-0.8468563,0.3575891,-0.242707,0.6601522,0.5570302,-0.553529,3.014049,24,24,24,24,24,24,24,24,24,24,25,24,24,24,25,25
