0,0,-30.18414,-54.17358,-8.743902,-5.606328,-3.982129,-2.34649,-0.6387351,-1.883407,-0.8661995,-1.721862,-1.42608,-0.6307361,-0.4771194,-1.672739,-0.3570919,0.4840913,25,25,25,25,25,25,25,25,25,25,25,25,25,25,25,25,0,0,-1.614122,-0.7910252,-2.096338,-1.293016,232.5339,219.1911,-1.306234,0.3896444,-0.7780703,-0.1302509,-0.001826844,-0.9417672,0.126163,-1.449098,-1.686952,-1.470138,25,25,25,25,25,25,25,25,25,25,25,25,25,25,25,25,0,0,-1.263916,-5.116699,-1.915057,-2.322089,-1.683773,-2.166339,-1.034899,-69.77613,0.4967612,0.1207965,0.7151337,-0.1214675,0.3300231,0.5570278,0.5530859,3.130929,24,24,24,24,24,24,24,24,24,24,25,25,25,24,25,25
1,10,-28.62091,-52.11789,-7.63617,-4.387599,-3.620061,-1.481764,-1.532936,-1.632248,-0.8661995,-1.721862,-1.069598,-1.76591,-0.4771194,-1.792205,-0.4764957,-0.3609526,25,25,25,25,25,25,25,25,25,25,25,25,25,25,25,25,1,10,-3.228066,-4.744912,-3.40554,-2.068671,232.1392,218.3306,-0.783843,-2.608432,-1.295754,-1.546442,-1.709949,-1.615295,-1.665557,-2.005821,-2.289078,-3.391538,25,25,25,25,25,25,25,25,25,25,25,25,25,25,25,25,1,10,-1.723472,-4.09342,-2.681805,-3.740941,-3.10822,-2.803406,-0.6469236,-69.4481,0.002187237,-0.7258832,1.072727,0.3636255,-0.0001733736,-0.4434624,-0.4429086,2.54596,24,24,24,24,24,24,24,24,24,24,25,25,25,24,25,25
2,20,-29.70314,-52.83438,-8.005414,-6.702852,-3.740754,-3.581812,-1.916165,-3.262676,-1.980983,-3.321759,-1.901389,-2.018171,-0.8347723,-2.628463,-0.4764957,-0.9645545,25,25,25,25,25,25,25,25,25,25,25,25,25,25,25,25,2,20,-3.497056,-3.954135,-2.358177,-1.551568,232.1392,219.1911,-1.045038,-1.565622,-1.425176,-1.803931,-1.447159,-0.4029476,-1.665557,-1.115065,-1.084824,-1.809208,25,25,25,25,25,25,25,25,25,25,25,25,25,25,25,25,2,20,-1.838361,-4.73302,-2.681805,-3.482968,-1.942764,-2.421166,-1.164224,-70.4322,0.002187237,0.6046149,0.8343317,0.121079,-0.2203033,0.2235308,0.2210883,3.247917,24,24,24,24,24,24,24,24,24,24,25,25,25,24,25,25
3,30,-30.78538,-52.47167,-8.128495,-6.337455,-4.34421,-2.840619,-2.29915,-2.38497,-2.600307,-3.321759,-2.020217,-2.396502,-2.861474,-2.867394,-2.386951,-0.4816737,25,25,25,25,25,25,25,25,25,25,25,25,25,25,25,25,3,30,-4.707514,-3.295154,-2.096395,-2.456499,233.0602,218.3306,-1.959225,-1.304919,-1.554596,-1.417697,-1.052978,-1.75,-1.153636,-0.5583417,-0.9643992,-2.374326,25,25,25,25,25,25,25,25,25,25,25,25,25,25,25,25,3,30,-2.183024,-5.244659,-1.531683,-2.451075,-2.072259,-2.675993,-0.6469236,-69.22941,0.6204047,-0.7258832,0.4767377,0.121079,-0.5504998,0.8905248,0.1104213,2.54596,24,24,24,24,24,24,24,24,24,24,25,25,25,24,25,25
4,40,-31.14613,-53.19708,-9.236227,-7.799042,-5.792496,-3.705344,-3.447675,-3.513449,-2.476442,-3.19869,-2.376699,-3.152807,-2.146167,-3.942585,-3.103372,0.001208799,25,25,25,25,25,25,25,25,25,25,25,25,25,25,25,25,4,40,-3.228066,-3.163357,-2.750996,-1.551568,231.8761,218.6993,-1.567431,-0.9138652,-0.7780703,-0.3877405,-1.578554,-0.4029476,-1.025656,-1.003721,-1.807377,-2.82642,25,25,25,25,25,25,25,25,25,25,25,25,25,25,25,25,4,40,-1.263916,-4.86093,-2.809595,-2.708998,-1.295288,-0.3825505,-0.7762491,-69.55745,-0.368744,0.1207965,1.311123,0.121079,-0.2203033,-0.2211308,0.2210883,3.013934,24,24,24,24,24,24,24,24,24,24,25,25,25,24,25,25
5,50,-31.50687,-55.13152,-9.851634,-9.26063,-6.516633,-4.322656,-3.447675,-3.388062,-1.733253,-3.690966,-2.257871,-3.152807,-2.146167,-4.062051,-2.506355,-1.447437,25,25,25,25,25,25,25,25,25,25,25,25,25,25,25,25,5,50,-2.82458,-3.163357,-2.227312,-2.4565,232.4023,219.314,-0.783843,-1.826324,-1.425176,-2.31891,-1.184373,-1.48059,-0.8976756,-0.4469973,-1.566526,-2.148279,25,25,25,25,25,25,25,25,25,25,25,25,25,25,25,25,5,50,-0.8043637,-4.98884,-2.29843,-2.193052,-2.460742,-4.714608,-2.457475,-69.55745,-0.1214563,0.6046149,0.2383422,-0.4852888,-0.1102399,1.001691,-0.2215763,2.662955,24,24,24,24,24,24,24,24,24,24,25,25,25,24,25,25
6,60,-31.98787,-53.8016,-9.48239,-7.311846,-5.551109,-3.087632,-3.192446,-2.510356,-2.724172,-3.075622,-2.733181,-2.900706,-2.980692,-3.345257,-2.625758,0.001208799,25,25,25,25,25,25,25,25,25,25,25,25,25,25,25,25,6,60,-3.362561,-2.240783,-2.881919,-2.4565,232.6655,219.8058,-1.828626,-1.43527,-2.331124,-1.675187,-0.1332216,-0.6723574,-1.409597,-1.22641,-1.446101,-2.035255,25,25,25,25,25,25,25,25,25,25,25,25,25,25,25,25,6,60,-1.95325,-4.86093,-1.403891,-2.708998,-2.978724,-3.058181,-1.940174,-69.88548,-0.2451001,-0.4839757,0.5959357,-0.1214675,0.1098932,0.4458624,-0.2215763,2.54596,24,24,24,24,24,24,24,24,24,24,25,25,25,24,25,25
7,70,-31.14613,-53.68069,-8.497739,-6.702852,-5.430428,-3.952358,-2.681991,-3.262676,-2.228712,-3.937105,-1.188426,-2.900706,-1.311644,-3.106326,-1.789934,0.1219298,25,25,25,25,25,25,25,25,25,25,25,25,25,25,25,25,7,70,-1.883113,-2.767969,-2.620074,-1.680844,232.2708,218.9452,-0.9143869,-1.695973,-0.9074922,-1.160208,-0.7901888,-1.211179,-1.153636,-2.117165,-1.807377,-3.052467,25,25,25,25,25,25,25,25,25,25,25,25,25,25,25,25,7,70,-1.493694,-5.37257,-2.937387,-3.095958,-2.978724,-2.293701,-1.552253,-69.77613,-0.1214563,0.9674762,1.191925,0.121079,-0.4404364,0.1123662,-0.2215763,3.481907,24,24,24,24,24,24,24,24,24,24,25,25,25,24,25,25
8,80,-31.62712,-54.76881,-9.851634,-9.017032,-7.602851,-5.18654,-3.064833,-4.516541,-2.228712,-3.937105,-2.139045,-3.404909,-1.907732,-2.031136,-1.551127,-1.085276,25,25,25,25,25,25,25,25,25,25,25,25,25,25,25,25,8,80,-2.959075,-2.37258,-1.572711,-1.293016,231.7445,219.314,-1.697975,-1.174571,-1.036912,-0.5164849,-1.184373,-1.076474,-1.537575,-0.5583417,-1.325675,-1.922232,25,25,25,25,25,25,25,25,25,25,25,25,25,25,25,25,8,80,-1.493694,-5.116749,-1.276101,-2.966971,-2.719733,-4.204902,-1.940228,-70.21351,-0.1214563,0.9674762,0.3575398,-0.2427423,0.550153,0.5570278,-0.110911,1.960991,24,24,24,24,24,24,24,24,24,24,25,25,25,24,25,25
9,90,-31.62712,-54.76881,-11.20553,-10.60042,-10.37874,-6.790894,-6.255179,-5.394247,-3.962768,-4.675519,-2.614354,-3.53096,-1.907732,-2.150602,-2.148144,0.001208799,25,25,25,25,25,25,25,25,25,25,25,25,25,25,25,25,9,90,-2.286598,-2.240783,-1.703633,-2.197948,233.3233,217.8388,-1.697975,-1.304922,-0.6486517,-1.031464,-1.184373,-2.154116,-1.537575,-1.894476,-1.686952,-2.713397,25,25,25,25,25,25,25,25,25,25,25,25,25,25,25,25,9,90,-1.378805,-4.60511,-2.170639,-2.708998,-2.072257,-1.91146,-2.328203,-70.97892,-0.6159796,-0.1211111,1.191925,0.606172,0.3300231,-0.3322971,-0.2215763,3.481907,24,24,24,24,24,24,24,24,24,24,25,25,25,24,25,25
10,100,-33.19035,-55.01062,-12.31326,-13.0364,-11.10288,-8.025014,-5.361882,-6.146566,-3.467309,-5.167846,-1.42608,-3.909112,-1.788514,-4.062051,-2.267548,0.2426492,25,25,25,25,25,25,25,25,25,25,25,25,25,25,25,25,10,100,-2.421094,-1.845395,-1.965473,-1.163741,232.4023,218.3306,-0.7837884,-0.9138684,-1.425178,-1.417646,-1.578554,-1.211179,-1.665557,-2.228509,-3.01163,-3.504562,25,25,25,25,25,25,25,25,25,25,25,25,25,25,25,25,10,100,-1.723472,-5.500479,-3.192969,-2.451025,-1.942762,-3.822662,-1.293602,-69.88548,-0.4923362,0.1207387,1.549519,-0.6065605,-0.7706329,0.8905248,-0.2215763,3.247917,24,24,24,24,24,24,24,24,24,24,25,25,25,24,25,25
11,110,-35.11433,-57.30776,-14.52873,-16.20317,-13.99945,-10.36984,-7.276091,-7.024272,-4.086633,-4.798638,-1.663735,-2.900706,-1.788514,-1.075411,-1.789934,-1.085276,25,25,25,25,25,25,25,25,25,25,25,25,25,25,25,25,11,110,-2.555589,-2.899765,-1.703633,-1.939396,232.0077,219.0681,-0.9143869,-1.956679,-1.036914,-1.417646,-1.97268,-1.211179,-2.049496,-2.896576,-2.168653,-3.052467,25,25,25,25,25,25,25,25,25,25,25,25,25,25,25,25,11,110,-2.757469,-5.756298,-1.020517,-3.869877,-4.014685,-4.84197,-1.940228,-70.4322,0.3731691,0.7255076,0.5959875,0.7274436,0.3300231,-0.1099654,-0.8855732,2.54596,24,24,24,24,24,24,24,24,24,24,25,25,25,24,25,25
12,120,-35.59533,-58.15407,-15.02105,-13.76719,-11.82703,-8.148426,-5.744724,-5.018087,-3.095715,-3.567949,-1.307252,-2.522553,-1.073208,-1.314342,-0.9541096,-0.3609526,25,25,25,25,25,25,25,25,25,25,25,25,25,25,25,25,12,120,-2.421094,-1.450006,-1.310872,-1.293016,232.797,220.0516,-1.697975,0.5199925,-0.7780719,-0.5164335,0.3924119,0.001168667,-1.281615,0.777791,-0.1214217,-2.48735,25,25,25,25,25,25,25,25,25,25,25,25,25,25,25,25,12,120,-2.757469,-6.267937,-1.787265,-3.998863,-3.108218,-2.930768,-2.069553,-70.54154,-0.6159796,0.4836001,1.311175,0.6061206,0.4400897,-0.1099654,-0.110911,3.481907,24,24,24,24,24,24,24,24,24,24,25,25,25,24,25,25
13,130,-32.22837,-56.94505,-13.29791,-13.1582,-10.01666,-8.271837,-4.596199,-5.394247,-2.97185,-5.290915,-1.782562,-3.53096,-2.026999,-3.584188,-2.267548,-0.8438351,25,25,25,25,25,25,25,25,25,25,25,25,25,25,25,25,13,130,-0.4036644,-1.054617,-1.049032,0.2582954,232.1392,219.437,-0.2613977,0.780695,0.2572961,1.672226,1.837748,0.6746947,1.022025,0.6664466,0.36028,-0.5659493,25,25,25,25,25,25,25,25,25,25,25,25,25,25,25,25,13,130,-1.378805,-6.267937,-2.681804,-1.677106,-0.7773062,-1.019565,-1.940228,-70.4322,0.002238607,0.4836001,0.4767895,-1.334251,-0.2203611,0.4458624,-0.0002440073,2.77995,24,24,24,24,24,24,24,24,24,24,25,25,25,24,25,25
14,140,-31.38662,-54.2852,-13.17483,-13.0364,-10.98219,-7.901602,-4.596199,-4.265768,-3.467309,-4.183294,-2.257871,-2.648604,-1.907782,-1.911667,-2.267548,-0.2402316,25,25,25,25,25,25,25,25,25,25,25,25,25,25,25,25,14,140,0.4033072,-0.5274323,-0.001669524,0.3875711,232.4023,219.314,-0.6531916,-0.3924633,1.033824,1.80097,0.5238067,1.213517,0.7660642,-0.224315,-0.843974,-0.6789728,25,25,25,25,25,25,25,25,25,25,25,25,25,25,25,25,14,140,-0.344808,-3.837652,-1.787265,-1.032174,-0.0003355101,-1.019565,-1.293602,-69.55745,0.4968126,0.3626463,0.953581,0.7273923,0.3299653,0.5570791,-0.6642409,2.662955,24,24,24,24,24,24,24,24,24,24,25,25,25,24,25,25
15,150,-33.19035,-55.25242,-15.51338,-13.0364,-11.34427,-7.531366,-5.489497,-4.516541,-2.600255,-3.814086,-2.139045,-2.900706,-2.742306,-3.106324,-1.789985,-0.1195122,25,25,25,25,25,25,25,25,25,25,25,25,25,25,25,25,15,150,-2.959075,-1.977191,-0.9181097,-0.0002560471,232.2708,219.437,-1.95917,-0.3924633,-0.7780719,-0.7739226,-0.921529,-1.076474,-1.409593,-1.449105,-1.566578,-1.583161,25,25,25,25,25,25,25,25,25,25,25,25,25,25,25,25,15,150,0.4594144,-3.837652,-2.170639,-2.837984,-1.295286,-2.930768,-1.810903,-70.86957,0.002238607,-0.0002151117,0.7151855,-0.2427937,-0.0002311648,-0.3322457,-0.3322384,3.013934,24,24,24,24,24,24,24,24,24,24,25,25,25,24,25,25
16,160,-30.90563,-55.01062,-13.05175,-12.3056,-9.654593,-8.518661,-5.106655,-5.64502,-3.591174,-5.044777,-2.376699,-3.278858,-1.907782,-2.747927,-1.073564,-0.8438351,25,25,25,25,25,25,25,25,25,25,25,25,25,25,25,25,16,160,-2.959075,-2.899765,-1.834556,-1.422292,232.5339,218.3306,-0.9143869,0.2592899,-1.425178,-0.5164335,-1.31571,-2.423526,-1.409593,-1.671794,-2.650406,-3.278463,25,25,25,25,25,25,25,25,25,25,25,25,25,25,25,25,16,160,-2.068139,-6.140028,-2.681804,-2.708998,-3.108218,-4.077489,-1.810903,-69.77613,0.7440996,-0.0002151117,0.4767895,0.2422993,0.3299653,0.2235821,-0.0002407967,2.793203,24,24,24,24,24,24,24,24,24,24,25,25,25,24,25,25
17,170,-30.78538,-54.76881,-13.29791,-10.84402,-9.051137,-6.420659,-5.361882,-4.641927,-3.343444,-2.460327,-2.257871,-1.63978,-1.192476,-0.3586153,-0.5959494,-0.4816737,25,25,25,25,25,25,25,25,25,25,25,25,25,25,25,25,17,170,-3.09357,-2.240783,-2.096395,-1.163741,231.3498,218.5764,-1.175582,-0.3924633,-1.5546,-0.9026674,-1.97268,-1.076474,-0.8976741,-1.560449,-2.529981,-3.052416,25,25,25,25,25,25,25,25,25,25,25,25,25,25,25,25,17,170,-2.527698,-6.140028,-1.915056,-3.611903,-3.755694,-1.91146,-1.034952,-69.33877,0.7440996,0.6045538,0.3575919,0.6061206,0.4400319,0.1124159,-0.6642361,2.910218,24,24,24,24,24,24,24,24,24,24,25,25,25,24,25,25
18,180,-31.02588,-53.93173,-12.68251,-9.504228,-8.930456,-7.284542,-4.596199,-4.140381,-2.352526,-2.460327,-1.544907,-1.009127,-0.7156053,-0.5975466,0.4786814,-0.4816737,25,25,25,25,25,25,25,25,25,25,25,25,25,25,25,25,18,180,-1.883113,-2.636121,-1.310872,-2.197948,232.4023,219.0681,-0.7837884,-0.3924633,-0.9074938,-1.675135,-1.184315,-0.5376525,-1.025654,-0.781037,-0.8440254,-2.261251,25,25,25,25,25,25,25,25,25,25,25,25,25,25,25,25,18,180,-1.14903,-5.24466,-2.809595,-3.35393,-2.331248,-2.803355,-2.198879,-70.86957,0.4968126,-0.2421259,0.8343834,0.2422993,-0.0002311648,-0.3322457,-0.2215715,2.910218,24,24,24,24,24,24,24,24,24,24,25,25,25,24,25,25
19,190,-30.06389,-54.53635,-12.92867,-11.81841,-10.74081,-8.518661,-6.765635,-5.519633,-4.334363,-4.060225,-1.663735,-2.900706,-1.550129,-2.867393,-1.073564,-1.447437,25,25,25,25,25,25,25,25,25,25,25,25,25,25,25,25,19,190,-2.555589,-1.054566,-2.096331,-1.293016,232.6655,220.0516,-0.5225931,-0.3924633,-1.295756,-0.6451778,0.1296225,-0.8070623,-0.6417136,-1.337759,-1.084876,-1.696133,25,25,25,25,25,25,25,25,25,25,25,25,25,25,25,25,19,190,-1.608586,-5.24466,-1.659474,-2.451025,-2.072257,-3.567835,-1.552253,-70.10416,0.7440996,-0.0002151117,-2.006639E-06,0.3635741,0.5500953,0.445913,0.1104262,2.442167,24,24,24,24,24,24,24,24,24,24,25,25,25,24,25,25
20,200,-29.1019,-53.08527,-13.66716,-11.94021,-10.98219,-8.025014,-6.638021,-5.519633,-4.086633,-4.306363,-2.495526,-3.404909,-2.980741,-3.584185,-2.506406,-0.2402316,25,25,25,25,25,25,25,25,25,25,25,25,25,25,25,25,20,200,-1.076141,-2.240732,-1.834486,-0.5173606,232.4023,219.1911,-0.9143869,-1.565625,-0.2603879,-0.7739226,-0.7901343,-0.9417672,-0.8976741,-1.671794,-1.566578,-2.261251,25,25,25,25,25,25,25,25,25,25,25,25,25,25,25,25,20,200,-0.5745891,-4.86093,-2.937387,-3.224943,-3.108218,-2.803355,-0.3883264,-69.33877,0.3731691,0.2416925,0.5959875,0.3635741,-0.3304276,-0.7769089,-0.5535707,2.559175,24,24,24,24,24,24,24,24,24,24,25,25,25,24,25,25
21,210,-30.90563,-53.56896,-13.66716,-11.69661,-10.74081,-8.642074,-6.893249,-5.895792,-4.458227,-4.921708,-2.376699,-4.791468,-3.219177,-4.53991,-3.222827,-0.1195122,25,25,25,25,25,25,25,25,25,25,25,25,25,25,25,25,21,210,-1.210636,-1.97714,-1.048968,-0.775912,232.1392,220.0516,-0.5225931,-0.9138684,-0.3898081,-0.1301996,-0.921529,-0.2682411,-1.793532,-0.5583482,-0.362324,-2.035204,25,25,25,25,25,25,25,25,25,25,25,25,25,25,25,25,21,210,-1.14903,-4.86093,-2.554013,-2.064065,-1.683772,-2.675941,-1.552253,-70.4322,0.002238607,-0.1211721,0.8343834,-0.0002472179,-0.6606241,0.1124159,0.7744215,2.910218,24,24,24,24,24,24,24,24,24,24,25,25,25,24,25,25
22,220,-33.0701,-54.89912,-15.51338,-13.64539,-11.94771,-10.36984,-7.531318,-7.275044,-4.582092,-4.552501,-2.376699,-4.161214,-3.576829,-4.181513,-3.819844,-1.568158,25,25,25,25,25,25,25,25,25,25,25,25,25,25,25,25,22,220,-1.210636,-0.7909738,0.2602338,-0.9051877,233.1917,218.4535,-1.306181,0.2592899,-0.9074938,-0.1301996,0.3924119,-0.6723574,-0.5137349,0.1097182,-1.084876,-2.148228,25,25,25,25,25,25,25,25,25,25,25,25,25,25,25,25,22,220,-1.838364,-4.605111,-1.403891,-1.935078,-1.813267,-2.166339,-1.940228,-69.12007,0.2495256,-0.7259411,0.2383939,-0.1215189,-0.4404942,0.2235821,0.1104262,2.559175,24,24,24,24,24,24,24,24,24,24,25,25,25,24,25,25
23,230,-33.19035,-55.26189,-16.62111,-15.59417,-13.15462,-9.259132,-7.148478,-6.522724,-4.458227,-4.921708,-3.802626,-4.287265,-4.292135,-4.898307,-4.058651,0.3633702,25,25,25,25,25,25,25,25,25,25,25,25,25,25,25,25,23,230,-0.4036644,-0.1319927,-0.7871227,0.1290197,231.8761,218.6994,-0.9143885,-0.001412674,-1.295756,-0.001455215,-1.447105,-1.076474,-0.5137349,-0.8923814,-2.168705,-1.58311,25,25,25,25,25,25,25,25,25,25,25,25,25,25,25,25,23,230,0.1147444,-3.965561,-2.554013,-1.935078,-1.036297,-1.274445,-1.293602,-69.12007,-0.3686922,0.3626463,0.5959875,-0.2427937,-0.0002311648,-0.2210803,-0.0002407967,3.495283,24,24,24,24,24,24,24,24,24,24,25,25,25,24,25,25
24,240,-32.94986,-54.89912,-15.75954,-14.37619,-11.58564,-7.654778,-3.95813,-5.519633,-2.600255,-2.952603,-2.020217,-2.900706,-2.146217,-4.181513,-3.939248,-0.4816737,25,25,25,25,25,25,25,25,25,25,25,25,25,25,25,25,24,240,-1.076141,-1.054566,-1.179885,-1.680844,232.0077,219.5599,-0.3919978,-1.695973,-0.7780719,-2.962581,-1.709891,-1.211179,-1.537572,-2.117171,-2.28913,-1.922181,25,25,25,25,25,25,25,25,25,25,25,25,25,25,25,25,24,240,-0.8043669,-4.73302,-2.042848,-1.806092,-1.942762,-3.822714,-2.328203,-69.88548,-0.2450488,0.2416925,0.3575919,-0.4853402,-0.0002311648,1.112907,-0.1109061,2.676195,24,24,24,24,24,24,24,24,24,24,25,25,25,24,25,25
25,250,-31.38662,-56.3502,-16.49803,-14.61978,-11.22357,-7.531366,-4.085744,-4.516541,-2.228661,-2.952603,-1.544907,-1.261388,-2.861524,-2.867393,-2.387002,-0.7231141,25,25,25,25,25,25,25,25,25,25,25,25,25,25,25,25,25,250,-2.421094,-1.581751,-2.096331,-2.327223,233.718,220.1746,-1.697976,-1.174568,-2.719385,-3.091326,-1.841286,-2.019409,-3.20131,-2.785238,-2.650406,-2.713346,25,25,25,25,25,25,25,25,25,25,25,25,25,25,25,25,25,250,-2.29792,-4.86093,-1.531683,-3.35393,-3.755694,-4.077541,-1.422927,-69.12006,-0.2450488,-0.1211721,0.4767895,0.3635741,0.1098354,0.6682445,0.1104262,2.559175,24,24,24,24,24,24,24,24,24,24,25,25,25,24,25,25
26,260,-31.14613,-55.50373,-16.49803,-13.64539,-11.46495,-8.148426,-5.489497,-5.26886,-3.095714,-2.829483,-1.663735,-1.513649,-2.384653,-2.270064,-2.267599,0.001208799,25,25,25,25,25,25,25,25,25,25,25,25,25,25,25,25,26,260,-1.076141,-1.449955,-2.227247,-1.422291,233.0602,219.314,-1.306183,-1.565622,-2.201701,-1.546442,-0.3959533,-1.076474,-0.8976741,-1.894482,-0.7236001,-3.391487,25,25,25,25,25,25,25,25,25,25,25,25,25,25,25,25,26,260,-2.183031,-5.756299,-2.809595,-3.998862,-3.367209,-3.31306,-2.069553,-70.32284,-0.3686922,0.2416925,1.072779,0.4848458,-0.3304276,-0.3322457,-0.0002407967,3.261261,24,24,24,24,24,24,24,24,24,24,25,25,25,24,25,25
27,270,-30.42463,-56.22927,-14.89797,-12.9146,-9.895981,-8.395249,-5.361883,-6.021179,-4.086632,-4.306311,-2.257924,-3.152807,-2.623088,-3.464721,-2.148196,-0.2402316,25,25,25,25,25,25,25,25,25,25,25,25,25,25,25,25,27,270,-0.5381598,-0.7909738,-0.3943672,0.5168477,232.1392,219.9287,-1.697976,-1.43527,-0.2603847,0.5134725,-0.921529,-0.2682411,-0.8976741,0.2210626,0.6010792,-1.58311,25,25,25,25,25,25,25,25,25,25,25,25,25,25,25,25,27,270,-2.068142,-5.756299,-1.787265,-1.290145,-0.7773062,-5.224262,-2.069553,-69.66678,0.3731691,0.7255076,0.1191964,0.4848458,0.7702252,0.7794099,0.6637561,2.910218,24,24,24,24,24,24,24,24,24,24,25,25,25,24,25,25
28,280,-30.06389,-56.3502,-14.28256,-12.06201,-9.413218,-7.284542,-5.361883,-5.018087,-3.715038,-3.075622,-2.257924,-2.270432,-2.265435,-2.38953,-2.148196,-1.205997,25,25,25,25,25,25,25,25,25,25,25,25,25,25,25,25,28,280,-1.748618,-0.3955856,-0.3943672,-0.9051877,232.6655,218.5765,-1.567379,-0.6531659,-0.3898049,-0.9027187,-0.3959533,-0.8070671,-1.025654,-0.224315,-0.362324,-2.713346,25,25,25,25,25,25,25,25,25,25,25,25,25,25,25,25,28,280,-0.3448113,-3.837652,-1.787265,-2.96697,-4.66216,-6.498397,-1.422927,-69.33876,-0.2450488,-0.2421259,1.072779,0.1210276,-0.2203611,0.2235821,0.1104262,2.910218,24,24,24,24,24,24,24,24,24,24,25,25,25,24,25,25
29,290,-29.1019,-56.95481,-14.40565,-11.33121,-10.01666,-8.025014,-6.25518,-5.770406,-4.210497,-4.429381,-1.901442,-2.648604,-2.503819,-2.867393,-2.028792,-0.8438351,25,25,25,25,25,25,25,25,25,25,25,25,25,25,25,25,29,290,-0.6726552,-0.2637896,-0.6562063,0.3875719,232.797,218.2076,-0.6531932,0.5199957,-1.036911,-0.001506585,-1.184315,-0.8070671,-0.001817212,-0.00162618,-1.205302,-2.826369,25,25,25,25,25,25,25,25,25,25,25,25,25,25,25,25,29,290,-0.3448113,-4.605111,-3.065177,-2.837983,-3.626199,-4.459781,-2.198879,-69.33876,-0.1214049,0.2416925,0.4767903,-0.1215189,-0.4404942,0.3347476,0.6637561,3.612297,24,24,24,24,24,24,24,24,24,24,25,25,25,24,25,25
30,300,-30.30439,-57.80128,-14.52873,-12.9146,-10.49942,-9.75278,-7.148478,-7.901978,-6.315784,-6.398485,-2.852061,-4.035163,-2.742255,-3.106274,-1.670581,-1.085276,25,25,25,25,25,25,25,25,25,25,25,25,25,25,25,25,30,300,-0.4036644,-1.318159,-0.9180455,-1.810119,232.5339,219.5599,-0.9143885,-1.826324,-0.7780687,-1.803931,-2.235467,-2.154121,-1.025656,-2.339911,-2.048279,-1.809157,25,25,25,25,25,25,25,25,25,25,25,25,25,25,25,25,30,300,-0.5745891,-4.477201,-2.170639,-1.806092,-4.014685,-5.988743,-2.198879,-69.77612,0.620456,0.8464646,0.8343838,0.4848458,-0.0002311648,1.001689,0.1104262,2.208138,24,24,24,24,24,24,24,24,24,24,25,25,25,24,25,25
31,310,-31.62712,-56.95481,-14.89797,-12.3056,-11.10288,-7.778189,-6.638022,-5.895792,-5.32528,-5.167794,-3.802679,-5.16962,-4.172867,-4.062,-3.103423,0.2426492,25,25,25,25,25,25,25,25,25,25,25,25,25,25,25,25,31,310,-2.82458,-2.240732,-1.834486,-1.939396,232.6655,219.437,-1.044987,-1.956676,-2.460543,-2.833888,-2.892437,-2.019416,-2.433435,-1.894534,-3.01163,-2.826369,25,25,25,25,25,25,25,25,25,25,25,25,25,25,25,25,31,310,-1.14903,-4.98884,-2.042848,-4.514808,-5.827616,-6.24357,-2.974829,-70.4322,-0.6159796,-0.7259411,0.7151859,0.3635741,0.1098354,-0.2211316,-0.442907,2.910218,24,24,24,24,24,24,24,24,24,24,25,25,25,24,25,25
32,320,-34.39284,-58.04313,-16.74419,-13.88899,-10.62012,-8.642074,-6.127566,-6.773498,-5.32528,-5.78314,-2.733234,-5.04357,-2.98069,-3.584137,-2.387002,-0.8438865,25,25,25,25,25,25,25,25,25,25,25,25,25,25,25,25,32,320,-2.017608,-2.636121,-2.750932,-1.939396,232.9286,219.8058,-0.5225947,-2.869134,-3.107648,-2.447654,-2.761046,-3.366468,-1.793536,-3.898733,-2.891205,-4.182696,25,25,25,25,25,25,25,25,25,25,25,25,25,25,25,25,32,320,-2.642583,-5.11675,-2.937387,-4.514808,-5.18014,-6.116157,-2.328203,-70.65088,0.2495256,0.6045538,1.072779,-0.3640653,-0.1102977,-0.2211316,0.5530875,3.144246,24,24,24,24,24,24,24,24,24,24,25,25,25,24,25,25
33,330,-33.19035,-58.04313,-16.0057,-14.49798,-12.79255,-10.86349,-9.573142,-9.532001,-6.81067,-7.505985,-2.733234,-5.673824,-2.265383,-2.747877,-1.192967,-1.447488,25,25,25,25,25,25,25,25,25,25,25,25,25,25,25,25,33,330,-2.824631,-3.295102,-2.35817,-1.810119,232.797,219.1911,-1.044987,-3.260188,-1.684017,-2.190165,-2.104075,-1.345888,-2.433435,-2.228567,-2.048227,-4.182696,25,25,25,25,25,25,25,25,25,25,25,25,25,25,25,25,33,330,-3.217028,-5.884209,-1.659474,-3.998862,-4.532665,-5.733916,-3.233479,-69.77612,0.002238607,0.7255076,-0.1191992,-0.0002472179,0.2198988,0.1123646,0.1104229,2.559175,24,24,24,24,24,24,24,24,24,24,25,25,25,24,25,25
34,340,-32.22837,-57.42865,-17.23652,-14.49798,-15.20636,-13.70196,-11.87019,-9.782775,-7.800443,-7.75184,-3.802679,-6.051977,-3.695997,-2.986809,-1.670581,-0.6024445,25,25,25,25,25,25,25,25,25,25,25,25,25,25,25,25,34,340,-1.748669,-1.449955,-1.441724,-1.810119,232.4023,219.437,-2.350967,-1.174568,-1.684017,-0.773974,-1.31571,-1.480593,-2.945356,-1.671845,-1.20525,-2.37432,25,25,25,25,25,25,25,25,25,25,25,25,25,25,25,25,34,340,-2.757472,-5.116699,-2.29843,-3.869876,-3.755694,-3.31306,-2.845504,-70.10416,-0.4923362,-0.3630797,0.8343838,0.4848458,-0.3304276,0.2235308,-0.33224,3.378268,24,24,24,24,24,24,24,24,24,24,25,25,25,24,25,25
35,350,-32.58911,-57.30775,-15.3903,-14.25439,-13.27532,-13.57855,-11.23212,-11.28741,-8.295329,-9.718684,-4.990953,-8.699044,-5.126608,-6.21238,-4.178055,0.2425979,25,25,25,25,25,25,25,25,25,25,25,25,25,25,25,25,35,350,-1.210687,-1.186363,-1.048975,-1.422291,233.3233,218.5765,-1.044987,-0.783514,-2.331122,-1.417697,-1.97268,-2.558237,-1.921514,-2.896633,-3.01163,-2.939437,25,25,25,25,25,25,25,25,25,25,25,25,25,25,25,25,35,350,-1.608586,-5.756248,-2.681753,-2.193051,-2.460742,-4.077541,-1.810903,-69.77612,0.3731691,0.3626463,0.3575923,-0.3640653,0.2198988,0.2235308,-0.2215747,3.027232,24,24,24,24,24,24,24,24,24,24,25,25,25,24,25,25
36,360,-33.5511,-57.42865,-17.11344,-16.20317,-15.68913,-14.68926,-12.25303,-11.66357,-9.90371,-10.45625,-5.703917,-9.203247,-5.841914,-5.853983,-4.536265,-1.326767,25,25,25,25,25,25,25,25,25,25,25,25,25,25,25,25,36,360,-1.748669,-2.108936,-2.4891,-1.163739,232.5339,218.4535,-1.306183,-1.826324,-3.495912,-2.576399,-3.418016,-3.501173,-3.201313,-3.342011,-4.57716,-4.634168,25,25,25,25,25,25,25,25,25,25,25,25,25,25,25,25,36,360,-2.757472,-4.732969,-1.915005,-4.1279,-4.791656,-4.969436,-2.198879,-69.55744,-0.1214049,0.1207387,-0.2383972,0.6061206,0.4400319,0.2235308,-1.106902,2.559175,24,24,24,24,24,24,24,24,24,24,25,25,25,24,25,25
37,370,-35.35483,-57.91225,-19.57507,-19.12634,-18.22363,-16.54044,-14.03963,-12.03973,-10.52232,-9.472829,-6.297437,-7.942739,-5.603479,-5.017723,-3.461634,0.4840399,25,25,25,25,25,25,25,25,25,25,25,25,25,25,25,25,37,370,-3.228117,-3.295102,-2.4891,-2.844327,231.4814,219.314,-0.7837917,-2.999486,-2.978228,-3.735101,-3.680799,-3.097058,-2.817374,-3.898733,-3.372906,-4.182696,25,25,25,25,25,25,25,25,25,25,25,25,25,25,25,25,37,370,-3.102139,-6.139977,-2.170587,-5.159792,-5.050645,-4.459781,-2.328203,-70.76022,-0.7396231,-0.3630797,0.8343838,0.4848458,-0.1102977,-0.4434632,-0.6642377,3.612297,24,24,24,24,24,24,24,24,24,24,25,25,25,24,25,25
38,380,-39.44328,-59.00037,-19.45198,-19.36994,-15.80982,-14.56585,-10.72167,-11.16203,-9.037659,-9.595756,-5.228608,-7.816688,-5.841914,-5.734517,-2.98402,-0.240283,25,25,25,25,25,25,25,25,25,25,25,25,25,25,25,25,38,380,-3.093621,-3.03151,-2.096338,-2.456499,233.5864,219.9287,-0.9143885,-2.217378,-3.23707,-3.348866,-2.366861,-2.692942,-3.329295,-2.339911,-2.770779,-4.29572,25,25,25,25,25,25,25,25,25,25,25,25,25,25,25,25,38,380,-3.561695,-6.907436,-2.937335,-4.385873,-4.144179,-3.950128,-1.940228,-70.10416,-0.1214049,0.2416925,0.4767903,-0.6066118,0.1098354,0.4458616,0.7744198,3.378268,24,24,24,24,24,24,24,24,24,24,25,25,25,24,25,25
39,390,-38.72179,-60.3303,-18.95966,-17.17756,-14.48223,-12.71467,-9.700753,-10.40971,-8.047886,-7.136899,-5.58509,-5.799875,-4.649738,-3.584137,-2.506406,-0.481725,25,25,25,25,25,25,25,25,25,25,25,25,25,25,25,25,39,390,-2.017659,-3.163306,-2.227254,-1.422291,232.4023,219.5599,-1.436776,-2.347729,-2.331122,-1.288953,-0.7901343,-1.884709,-1.665557,-1.78319,-1.446101,-3.278508,25,25,25,25,25,25,25,25,25,25,25,25,25,25,25,25,39,390,-3.217028,-5.628338,-1.787214,-4.901819,-4.014685,-1.784099,-1.810903,-69.4481,0.002238607,0.6045538,0.2383943,0.6061206,-0.2203611,0.2235308,-0.2215747,3.027232,24,24,24,24,24,24,24,24,24,24,25,25,25,24,25,25
40,400,-35.95607,-60.3303,-19.57507,-16.81216,-15.68913,-12.96149,-10.59405,-10.28432,-8.047886,-7.01383,-4.396816,-4.791468,-3.219125,-2.389482,-1.551178,-0.361004,25,25,25,25,25,25,25,25,25,25,25,25,25,25,25,25,40,400,-0.6727065,-1.845343,-1.834492,-1.163739,233.0602,219.5599,-1.567375,-2.608435,-1.295753,-0.773974,-0.5273448,-0.5376573,-1.793536,-2.117223,-1.325675,-3.052461,25,25,25,25,25,25,25,25,25,25,25,25,25,25,25,25,40,400,-1.838364,-4.860879,-2.42617,-2.580062,-1.683772,-1.656685,-3.362805,-70.4322,-0.7396231,-0.2421259,0.8343838,-0.2427937,-0.5505576,0.2235308,-0.000242402,3.261261,24,24,24,24,24,24,24,24,24,24,25,25,25,24,25,25
41,410,-36.07632,-60.4512,-17.48268,-16.20317,-12.91325,-11.85078,-8.169388,-8.779683,-6.81067,-6.767692,-3.683852,-4.539366,-2.503819,-3.22574,-0.7153533,-0.6024445,25,25,25,25,25,25,25,25,25,25,25,25,25,25,25,25,41,410,-2.017659,-1.845343,-0.2634509,-0.5173606,232.0077,219.314,-2.089767,-1.04422,-1.166336,-0.3877401,-0.3959533,-0.4029508,-2.049496,-1.449156,-1.566526,-1.470131,25,25,25,25,25,25,25,25,25,25,25,25,25,25,25,25,41,410,-2.068142,-5.500428,-2.42617,-0.9032381,-0.3888209,-1.019618,-1.940228,-69.66678,0.4967612,0.2416925,0.9535815,-0.3640653,-0.0002311648,0.3346962,0.2210899,3.261261,24,24,24,24,24,24,24,24,24,24,25,25,25,24,25,25
42,420,-37.2788,-60.81391,-18.22117,-16.32497,-13.87877,-11.48055,-8.297001,-7.40043,-5.820792,-4.552449,-3.208544,-3.278858,-2.265383,-0.7169626,-0.7153533,-0.361004,25,25,25,25,25,25,25,25,25,25,25,25,25,25,25,25,42,420,-1.479678,-1.186363,0.2602274,-1.422291,233.3233,218.8223,-1.436776,-0.3924633,-0.6486517,-1.031412,-0.3959533,-1.480593,-1.281615,-0.1130219,-0.7235484,-1.922225,25,25,25,25,25,25,25,25,25,25,25,25,25,25,25,25,42,420,-1.838364,-4.477149,-2.298379,-1.54817,-1.554277,-1.911512,-1.681578,-69.12006,0.1258307,0.1207387,0.9535815,0.7273923,0.1098354,-0.8881257,-0.442907,2.442167,24,24,24,24,24,24,24,24,24,24,25,25,25,24,25,25
43,430,-38.96228,-62.74834,-19.94431,-18.51735,-16.17189,-13.45514,-8.807456,-6.773498,-4.953738,-4.30631,-2.852061,-3.152807,-2.026948,-1.07536,-0.5959494,-0.7231655,25,25,25,25,25,25,25,25,25,25,25,25,25,25,25,25,43,430,-0.4037157,-0.1319927,-1.572653,-0.1295318,232.4023,219.1911,-1.175581,0.1289386,-0.5192299,-0.3876887,-1.052924,-1.345888,-0.8976756,-1.115121,-1.446101,-2.37432,25,25,25,25,25,25,25,25,25,25,25,25,25,25,25,25,43,430,-0.689478,-3.8376,-2.809544,-1.161211,0.1291601,-0.0003098251,-1.552253,-69.88548,0.3731177,0.3626463,0.4767895,0.1210276,-0.0002311648,0.3346962,0.4424222,2.091124,24,24,24,24,24,24,24,24,24,24,25,25,25,24,25,25
44,440,-37.88005,-63.11105,-18.46733,-17.29936,-14.36153,-12.22102,-7.786545,-8.027364,-5.696927,-5.783138,-4.040334,-4.035163,-2.265383,-3.106274,-1.192967,-0.7231655,25,25,25,25,25,25,25,25,25,25,25,25,25,25,25,25,44,440,-0.8072015,-1.318159,-0.52529,-0.9051877,232.5339,219.6828,-1.175581,-0.7835172,-0.9074938,-0.2589439,-0.6587395,-0.5376541,-0.769697,-1.560501,-0.3622722,-1.922225,25,25,25,25,25,25,25,25,25,25,25,25,25,25,25,25,44,440,-1.14903,-4.732969,-2.42617,-0.6452645,-0.2593252,-1.019618,-1.810903,-69.12006,0.3731177,0.2416925,0.119196,0.1210758,0.4400319,0.6681932,0.1104229,2.442167,24,24,24,24,24,24,24,24,24,24,25,25,25,24,25,25
45,450,-38.0003,-62.74834,-18.22117,-14.98518,-13.03393,-9.259132,-7.27609,-5.394247,-5.077602,-4.183241,-3.565026,-3.909112,-2.980688,-2.389482,-2.148196,-0.481725,25,25,25,25,25,25,25,25,25,25,25,25,25,25,25,25,45,450,-1.210687,-0.5273817,-0.7871355,-1.551568,233.0602,220.4204,-0.5225915,0.3896412,-0.3898081,-0.5164335,0.786593,-0.1335378,-0.641712,0.3323556,0.8419814,-1.018037,25,25,25,25,25,25,25,25,25,25,25,25,25,25,25,25,45,450,-0.3448113,-3.581781,-2.553961,-1.290197,-0.906801,-0.7647912,-1.293602,-68.79203,-0.1214563,-0.4840335,0.3575919,0.3636223,-0.5505544,-0.5546287,-0.2215747,3.261261,24,24,24,24,24,24,24,24,24,24,25,25,25,24,25,25
46,460,-38.72179,-63.59466,-17.72884,-12.9146,-11.46496,-8.642074,-6.510407,-5.26886,-3.962819,-3.814034,-2.495579,-2.774655,-2.026947,-2.747929,-1.073564,-0.7231655,25,25,25,25,25,25,25,25,25,25,25,25,25,25,25,25,46,460,-1.076192,-0.0001966506,-1.048975,-0.5173606,233.9811,219.8058,-0.2613944,0.3896412,-0.9074938,0.2560343,0.9179876,-0.2682443,-0.001812397,-0.6696894,-0.3622722,-0.5659429,25,25,25,25,25,25,25,25,25,25,25,25,25,25,25,25,46,460,-0.2299223,-3.198051,-3.192918,-0.0003322994,0.9061309,-0.2551369,-1.034952,-69.4481,0.6204047,0.7255076,0.953581,0.7274404,-0.1102945,0.890524,0.3317553,2.676195,24,24,24,24,24,24,24,24,24,24,25,25,25,24,25,25
47,470,-34.99408,-63.71556,-17.11344,-14.01079,-11.22357,-8.395249,-4.213357,-4.265768,-3.219631,-2.952551,-2.376752,-1.63983,-1.073205,-1.433808,-0.4765463,-1.085327,25,25,25,25,25,25,25,25,25,25,25,25,25,25,25,25,47,470,-0.6727065,-1.713547,-0.2634509,-0.2588075,233.4548,219.6828,-0.6531883,-1.04422,-0.001545915,-0.5164335,-1.184315,-0.4029492,-0.8976709,-1.783135,-1.687003,-1.470131,25,25,25,25,25,25,25,25,25,25,25,25,25,25,25,25,47,470,-0.689478,-3.709691,-2.298379,-1.161211,-1.683772,-4.204955,-1.810903,-69.01073,0.7440482,-0.4840335,-0.1192,0.1210758,0.3299685,1.001689,0.442419,3.027232,24,24,24,24,24,24,24,24,24,24,25,25,25,24,25,25
48,480,-32.82961,-62.38564,-15.51338,-10.60042,-9.292524,-5.803599,-3.32006,-3.262676,-2.848037,-2.091068,-2.257924,-1.63983,-1.550077,-1.553274,-0.4765463,-0.240283,25,25,25,25,25,25,25,25,25,25,25,25,25,25,25,25,48,480,-1.883164,-1.97714,-1.179891,-0.388084,232.797,219.9287,-1.306179,-1.04422,-0.6486517,-0.7739226,-2.235467,-0.8070655,-2.689389,-1.67179,-1.807428,-1.922232,25,25,25,25,25,25,25,25,25,25,25,25,25,25,25,25,48,480,-1.14903,-4.09342,-2.809544,-2.709049,-2.978724,-2.93082,-1.034952,-69.01073,0.3731177,0.1207387,0.8343834,0.1210758,-0.0002279542,-0.8881257,0.2210883,3.027232,24,24,24,24,24,24,24,24,24,24,25,25,25,24,25,25
49,490,-31.02588,-61.90203,-14.65181,-10.84402,-9.895981,-6.420659,-3.32006,-3.764222,-2.600307,-2.829483,-0.7131684,-1.009178,-0.7155523,-2.031136,-1.551178,0.1218784,25,25,25,25,25,25,25,25,25,25,25,25,25,25,25,25,49,490,-3.228066,-2.372529,-1.703576,-2.068671,233.5864,218.8223,-1.044982,-1.174571,-1.5546,-1.803879,-1.447105,-2.423529,-1.921511,-1.560446,-2.048279,-3.278515,25,25,25,25,25,25,25,25,25,25,25,25,25,25,25,25,49,490,-1.493694,-4.349239,-3.320709,-2.451075,-4.532665,-6.116158,-2.198879,-69.77612,0.2494742,0.4836001,0.8343834,0.4848939,-0.3304245,0.890524,0.5530859,2.208138,24,24,24,24,24,24,24,24,24,24,25,25,25,24,25,25
50,500,-31.62712,-62.39637,-15.26722,-12.1838,-10.13735,-7.407954,-4.468585,-4.265768,-1.857118,-2.706414,-1.782615,-2.144352,-1.311641,-2.867394,-1.789985,-1.085327,25,25,25,25,25,25,25,25,25,25,25,25,25,25,25,25,50,500,-2.286598,-1.581802,-1.441737,-0.5173606,232.9286,218.5764,-1.436776,-0.3924633,-1.5546,-0.3876887,-1.184315,-1.21118,-1.281612,-0.4470006,-1.205302,-3.278515,25,25,25,25,25,25,25,25,25,25,25,25,25,25,25,25,50,500,-2.64258,-5.756248,-3.192918,-3.611954,-3.496704,-2.93082,-1.422927,-69.55744,-0.2451001,-0.8468981,1.191977,-0.1214707,0.1098386,0.5570278,-0.4429086,2.793203,24,24,24,24,24,24,24,24,24,24,25,25,25,24,25,25
51,510,-32.70936,-61.91267,-16.99035,-14.74158,-13.75808,-9.75278,-7.403704,-6.271952,-4.334414,-4.675518,-2.970889,-3.909112,-2.623035,-3.106326,-2.864616,0.3633189,25,25,25,25,25,25,25,25,25,25,25,25,25,25,25,25,51,510,-1.345131,-0.7910252,-0.7871227,-0.388084,232.2708,219.437,-0.6531883,-0.7835172,-0.3898081,-0.9026674,-1.31571,-0.8070655,-1.025651,-1.337757,-1.084876,-1.470138,25,25,25,25,25,25,25,25,25,25,25,25,25,25,25,25,51,510,-0.8043637,-4.34924,-3.065126,-3.224994,-1.165792,-0.509964,-1.422927,-69.4481,-0.368744,1.33028,1.072779,-0.0001990586,-0.5505544,0.2235308,0.3317536,3.027232,24,24,24,24,24,24,24,24,24,24,25,25,25,24,25,25
52,520,-34.27259,-61.5499,-18.46733,-17.17756,-15.32706,-13.45514,-7.786545,-8.152749,-5.573062,-7.136897,-2.852061,-5.295672,-3.338341,-4.898309,-3.222827,0.1218784,25,25,25,25,25,25,25,25,25,25,25,25,25,25,25,25,52,520,-0.8071501,-1.054617,-0.001605311,-1.680844,233.4548,220.2975,-0.391993,-0.001412674,-0.6486517,-1.54639,-0.001769053,-0.4029492,-0.3857515,0.3324102,-0.6031749,-1.922232,25,25,25,25,25,25,25,25,25,25,25,25,25,25,25,25,52,520,-0.9192494,-5.1167,-3.4485,-1.16121,-1.942762,-2.038925,-3.621455,-69.22941,0.1258307,0.7255076,-2.006639E-06,-0.2427455,0.3299685,0.001199168,-0.110911,2.208138,24,24,24,24,24,24,24,24,24,24,25,25,25,24,25,25
53,530,-38.24079,-63.96836,-19.08274,-20.10074,-17.2581,-13.57855,-8.93507,-7.901978,-5.944656,-6.521553,-3.683852,-4.665418,-3.576777,-2.98686,-2.625809,-0.361004,25,25,25,25,25,25,25,25,25,25,25,25,25,25,25,25,53,530,-0.9416456,-0.9228213,-1.179885,-0.1295318,233.1917,220.4204,-0.9143853,-0.3924633,-1.425178,-0.7739226,-0.5273448,-1.750003,-1.025651,-2.339857,-1.566578,-0.7919964,25,25,25,25,25,25,25,25,25,25,25,25,25,25,25,25,53,530,-0.0001412674,-3.965511,-2.809544,-0.9032373,-1.036297,-2.293752,-1.422927,-69.66678,-0.616031,-0.8468981,1.549571,0.4848939,0.5500985,0.4458616,-0.553574,3.027232,24,24,24,24,24,24,24,24,24,24,25,25,25,24,25,25
54,540,-41.24701,-65.54037,-20.06739,-17.90836,-16.29257,-11.97419,-7.914159,-7.024272,-5.201468,-4.921656,-2.852061,-3.783062,-2.146165,-1.672739,-0.9541606,-0.481725,25,25,25,25,25,25,25,25,25,25,25,25,25,25,25,25,54,540,-1.748618,-2.636173,-2.489087,-1.034463,233.5864,219.5599,-0.5225915,-2.08703,-1.942862,-1.675135,-2.366861,-2.154118,-2.177468,-3.341956,-3.132108,-3.052467,25,25,25,25,25,25,25,25,25,25,25,25,25,25,25,25,54,540,-1.378805,-5.244609,-3.320709,-2.580061,-3.36721,-3.567888,-2.069553,-69.77612,0.4967612,0.2416925,0.8343834,-0.3640172,-0.440491,-0.1099662,0.1104213,3.027232,24,24,24,24,24,24,24,24,24,24,25,25,25,24,25,25
55,550,-38.84204,-65.66129,-18.83658,-17.90836,-12.91323,-10.86349,-6.25518,-7.149658,-4.706008,-6.644621,-2.852061,-4.791468,-2.742253,-2.867394,-1.431774,-0.6024445,25,25,25,25,25,25,25,25,25,25,25,25,25,25,25,25,55,550,-2.690084,-3.031561,-1.834486,-1.551568,232.5339,219.8058,-1.828626,-2.347733,-1.5546,-1.803879,-2.235467,-1.615296,-3.073328,-2.117168,-2.409555,-3.617585,25,25,25,25,25,25,25,25,25,25,25,25,25,25,25,25,55,550,-3.217025,-4.98879,-2.42617,-4.127899,-5.568627,-4.714609,-0.9056268,-69.4481,0.002187237,0.8464646,0.4767895,0.4848939,0.219902,-0.1099662,-0.553574,2.442167,24,24,24,24,24,24,24,24,24,24,25,25,25,24,25,25
56,560,-38.60154,-63.96836,-19.08274,-17.29936,-14.36153,-10.86349,-8.297002,-6.522724,-5.201468,-5.290862,-2.970889,-4.539367,-2.861471,-3.106326,-3.581037,-0.1195636,25,25,25,25,25,25,25,25,25,25,25,25,25,25,25,25,56,560,-3.362561,-2.240783,-1.310807,-1.551568,233.1917,218.5764,-0.9144399,-0.9138684,-1.68402,-1.54639,-1.709891,-3.366465,-2.30545,-2.005824,-2.770832,-3.165491,25,25,25,25,25,25,25,25,25,25,25,25,25,25,25,25,56,560,-2.412802,-4.60506,-2.42617,-4.127899,-2.331248,-1.656685,-1.164277,-70.54153,-0.1214563,0.2416925,0.3575919,0.4848939,-0.7706875,-0.2211316,-0.2215763,3.612297,24,24,24,24,24,24,24,24,24,24,25,25,25,24,25,25
57,570,-40.52552,-63.60559,-20.6828,-18.51735,-16.17188,-12.59125,-9.190299,-7.40043,-6.068341,-7.505985,-4.040334,-6.178028,-4.172865,-5.615103,-4.297458,-1.326767,25,25,25,25,25,25,25,25,25,25,25,25,25,25,25,25,57,570,-2.690084,-2.37258,-2.096331,-1.163739,232.0077,219.0681,-0.3920491,-1.435274,-2.589966,-2.447603,-3.023835,-2.96235,-2.433429,-2.896579,-2.891257,-3.391538,25,25,25,25,25,25,25,25,25,25,25,25,25,25,25,25,57,570,-2.64258,-5.372519,-2.937335,-3.096008,-2.719734,-3.567888,-1.034952,-68.68269,0.4967612,-0.0002151117,0.2383939,0.1210758,-0.2203579,0.5570278,0.442419,2.676195,24,24,24,24,24,24,24,24,24,24,25,25,25,24,25,25
58,580,-40.28502,-64.21021,-22.03669,-20.58793,-17.98223,-14.81267,-9.955982,-8.905069,-7.181836,-7.136899,-4.634471,-5.673824,-4.530518,-5.017775,-3.103423,-1.688929,25,25,25,25,25,25,25,25,25,25,25,25,25,25,25,25,58,580,-3.09357,-2.767969,-1.965408,-2.973603,232.797,219.8058,-1.045038,-2.217381,-1.94286,-3.348815,-2.235467,-2.558234,-2.30545,-2.339857,-1.927854,-3.278515,25,25,25,25,25,25,25,25,25,25,25,25,25,25,25,25,58,580,-2.527691,-5.628339,-2.809544,-4.127899,-3.496704,-3.567888,-1.940228,-69.55744,0.1258307,-0.0002151117,1.549571,0.2423474,-0.3304245,-0.3322971,-0.553574,2.910218,24,24,24,24,24,24,24,24,24,24,25,25,25,24,25,25
59,590,-40.16477,-63.84744,-22.52902,-19.73534,-16.89603,-12.22102,-8.424616,-6.898884,-6.686949,-5.413933,-4.159161,-5.547773,-3.815212,-2.98686,-2.864616,0.1218784,25,25,25,25,25,25,25,25,25,25,25,25,25,25,25,25,59,590,-2.690084,-0.9228213,-1.965408,-1.034463,233.718,220.1745,-1.828626,-0.9138684,-2.848808,-1.932624,-1.447105,-1.480592,-2.433429,-1.226413,-0.964451,-2.374326,25,25,25,25,25,25,25,25,25,25,25,25,25,25,25,25,59,590,-2.068139,-5.244609,-2.809544,-3.869926,-2.201754,-2.166339,-2.069553,-70.32284,0.2494742,0.2416925,0.953581,0.4848939,0.4400351,0.4458616,0.2210883,2.910218,24,24,24,24,24,24,24,24,24,24,25,25,25,24,25,25
60,600,-39.92427,-64.08929,-21.66745,-18.27375,-14.96497,-10.86349,-6.89325,-6.522724,-5.820792,-6.029279,-3.208544,-4.161214,-2.026947,-3.345257,-2.267599,-0.361004,25,25,25,25,25,25,25,25,25,25,25,25,25,25,25,25,60,600,-1.076141,-2.240783,-1.834486,-1.034463,233.3233,218.8223,-1.045038,-2.217381,-1.684018,-1.417646,-0.7901343,-1.75,-1.665551,-1.449102,-1.205302,-2.035255,25,25,25,25,25,25,25,25,25,25,25,25,25,25,25,25,60,600,-2.068139,-4.73297,-2.298379,-2.451075,-2.590239,-3.058234,-1.164277,-69.01073,0.2494742,-0.2421259,-0.1192,-0.1214707,0.7702316,1.335186,-0.0002440073,1.740087,24,24,24,24,24,24,24,24,24,24,25,25,25,24,25,25
61,610,-35.47507,-64.33114,-20.19047,-17.05576,-13.75807,-10.86349,-7.276092,-7.024272,-4.953738,-5.660072,-2.376752,-3.53096,-2.026999,-2.508999,-1.670581,-1.447488,25,25,25,25,25,25,25,25,25,25,25,25,25,25,25,25,61,610,-2.286598,-2.767969,-1.441724,-1.163739,232.797,220.1745,-1.698028,-1.695976,-1.425176,-0.7739226,-1.578499,-1.076474,-2.561414,-1.226413,-0.964451,-1.583161,25,25,25,25,25,25,25,25,25,25,25,25,25,25,25,25,61,610,-1.149027,-5.1167,-3.065126,-1.935129,-1.295287,-1.147032,-1.293602,-69.77612,0.1258307,0.6045538,1.072779,-0.3640172,-0.3304276,0.001199168,-0.3322433,3.027232,24,24,24,24,24,24,24,24,24,24,25,25,25,24,25,25
62,620,-34.39284,-61.67082,-19.94431,-15.71597,-14.12014,-10.36984,-7.786547,-6.522724,-5.696927,-5.167796,-3.446197,-4.539366,-2.265435,-2.867394,-1.551178,-0.1195636,25,25,25,25,25,25,25,25,25,25,25,25,25,25,25,25,62,620,-2.286598,-1.977191,-1.441724,-1.810119,233.8495,218.4535,-2.089822,-0.9138684,-1.295754,-1.675135,-1.184315,-2.558232,-1.153636,-1.115121,-1.205302,-2.374326,25,25,25,25,25,25,25,25,25,25,25,25,25,25,25,25,62,620,-0.5745859,-4.98879,-2.42617,-1.16121,-1.942763,-2.548579,-1.164277,-69.88548,0.4967612,0.4836001,0.7151855,-0.485292,0.2198988,0.4458616,-0.2215763,1.857101,24,24,24,24,24,24,24,24,24,24,25,25,25,24,25,25
63,630,-33.7916,-60.21974,-19.08274,-15.59417,-13.63738,-10.24643,-7.020863,-6.522724,-4.210549,-4.306313,-2.614406,-3.53096,-1.788564,-2.389533,-2.386951,-0.6024445,25,25,25,25,25,25,25,25,25,25,25,25,25,25,25,25,63,630,-2.690084,-2.37258,-1.965408,-1.551568,232.9286,219.0681,-0.9144399,-0.6531659,-1.81344,-0.1301996,-1.841286,-1.75,-1.281615,-1.115121,-1.686952,-2.939444,25,25,25,25,25,25,25,25,25,25,25,25,25,25,25,25,63,630,-1.838361,-5.244609,-2.809544,-1.548169,-2.590239,-1.911512,-0.3883264,-68.90138,-0.368744,-0.6049873,0.8343834,0.7274404,0.3299653,1.001689,-0.553521,2.910218,24,24,24,24,24,24,24,24,24,24,25,25,25,24,25,25
64,640,-36.55731,-61.67082,-20.19047,-16.93396,-15.32705,-11.97419,-8.041775,-7.024272,-4.086684,-4.55245,-1.901442,-3.278858,-1.669346,-2.389533,-1.31232,-2.051089,25,25,25,25,25,25,25,25,25,25,25,25,25,25,25,25,64,640,-1.614122,-2.240783,-1.703569,-2.197947,233.0602,219.314,-0.522646,-1.04422,-0.6486501,-1.54639,-1.841286,-0.9417672,-0.8976756,-1.33781,-0.9643992,-1.696185,25,25,25,25,25,25,25,25,25,25,25,25,25,25,25,25,64,640,-1.263916,-4.98879,-3.576291,-1.935129,-0.3888217,-0.7647912,-0.9056268,-69.88548,0.002187237,0.6045538,0.7151855,-0.485292,0.2198988,0.1123646,0.4424736,3.261261,24,24,24,24,24,24,24,24,24,24,25,25,25,24,25,25
65,650,-38.48129,-61.79175,-21.79053,-18.03015,-16.77534,-12.59125,-8.807457,-7.275044,-4.706008,-5.537003,-3.089715,-3.909112,-2.503871,-3.106326,-1.551127,0.4840415,25,25,25,25,25,25,25,25,25,25,25,25,25,25,25,25,65,650,-2.017659,-1.450006,-1.703569,-2.197947,233.3233,220.6663,-1.698028,-0.1317639,-2.331124,-1.54639,-1.447105,-1.076474,-1.537575,-1.115121,-0.7235484,-1.696185,25,25,25,25,25,25,25,25,25,25,25,25,25,25,25,25,65,650,-1.608586,-4.73297,-2.42617,-1.419183,-2.072258,-2.93082,-1.293602,-69.22941,0.9913359,0.2416925,0.119196,0.3636223,0.1098354,-0.1099662,-0.6641864,1.974109,24,24,24,24,24,24,24,24,24,24,25,25,25,24,25,25
66,660,-35.59533,-61.67083,-20.31355,-17.17756,-14.96497,-12.46784,-7.531319,-7.40043,-4.458279,-5.537003,-3.446197,-5.295671,-2.861524,-3.464723,-1.67053,0.2426011,25,25,25,25,25,25,25,25,25,25,25,25,25,25,25,25,66,660,-1.076192,-1.581751,-1.572646,-0.5173606,233.718,218.8223,-0.3920491,-1.695976,-1.166334,-0.9026674,-0.001769053,-1.076474,-0.5137365,-0.1130219,-0.241847,-2.148279,25,25,25,25,25,25,25,25,25,25,25,25,25,25,25,25,66,660,-1.034145,-4.477201,-2.937335,-2.709048,-1.036297,-0.1277234,-2.198879,-70.65088,-0.368744,-0.3630797,0.953581,0.7274404,-0.6606241,-0.1099662,0.6638043,3.144246,24,24,24,24,24,24,24,24,24,24,25,25,25,24,25,25
67,670,-33.0701,-61.5499,-18.59041,-16.44677,-15.08566,-12.09761,-8.297002,-7.77659,-5.077602,-5.167796,-3.683852,-4.287265,-3.338394,-2.628463,-2.386951,-0.4817218,25,25,25,25,25,25,25,25,25,25,25,25,25,25,25,25,67,670,-0.5382111,-2.108936,-0.52529,-0.0002560471,232.9286,219.9287,-1.698028,-1.04422,-0.2603863,-0.001455215,-1.31571,-0.1335362,-0.8976756,-1.003777,-0.7235484,-1.244091,25,25,25,25,25,25,25,25,25,25,25,25,25,25,25,25,67,670,-1.263919,-5.24466,-2.937335,-0.387291,2.978052,4.841403,-1.681578,-69.88548,1.114979,0.4836001,0.3575919,-0.7278385,-0.0002311648,0.3346962,0.4424736,2.793203,24,24,24,24,24,24,24,24,24,24,25,25,25,24,25,25
68,680,-34.51309,-61.67083,-19.45198,-17.29936,-15.32705,-13.0849,-10.46644,-9.155841,-6.563227,-6.398486,-4.159161,-5.799875,-4.888225,-3.942585,-2.386951,0.001159035,25,25,25,25,25,25,25,25,25,25,25,25,25,25,25,25,68,680,-2.421145,-0.9227699,-0.52529,-0.5173606,234.3758,218.5764,-1.698028,-1.304922,-1.166334,-1.54639,-0.7901343,-1.75,-1.537575,-1.226466,-1.807377,-2.148279,25,25,25,25,25,25,25,25,25,25,25,25,25,25,25,25,68,680,-0.000144478,-2.686464,-3.4485,-1.806143,-2.590239,-4.077541,-2.328203,-69.33876,0.1258307,-0.3630797,0.3575919,0.4848939,-0.1102977,-0.2211316,-0.2215233,2.442167,24,24,24,24,24,24,24,24,24,24,25,25,25,24,25,25
69,690,-34.15234,-62.51729,-20.43663,-19.85714,-17.13741,-14.81267,-11.48735,-10.53509,-8.666495,-8.612334,-5.466263,-7.060382,-5.245878,-5.13724,-2.267548,-0.9646043,25,25,25,25,25,25,25,25,25,25,25,25,25,25,25,25,69,690,-1.748668,-1.186363,-1.703576,-0.5173606,232.4023,218.2076,-0.522646,-1.174571,-2.201702,-1.54639,-2.235467,-2.288821,-1.921514,-2.005878,-3.252481,-3.504562,25,25,25,25,25,25,25,25,25,25,25,25,25,25,25,25,69,690,-0.8043669,-4.221381,-3.704082,-2.451075,-2.072205,-4.332368,-2.716179,-69.77612,0.2494742,0.7255076,1.072779,0.3636223,-0.3304276,0.7793586,0.4424736,3.027232,24,24,24,24,24,24,24,24,24,24,25,25,25,24,25,25
70,700,-35.83582,-63.36375,-20.6828,-19.97894,-18.70639,-14.81267,-12.25303,-9.657389,-7.305557,-6.029279,-5.109781,-5.16962,-4.769006,-3.106326,-2.745162,-0.6024429,25,25,25,25,25,25,25,25,25,25,25,25,25,25,25,25,70,700,-1.614173,-1.97714,-1.310814,-1.939396,232.2708,219.314,-1.045038,-2.347733,-1.554596,-2.833837,-3.418016,-2.288821,-2.049496,-2.896633,-2.77078,-3.391538,25,25,25,25,25,25,25,25,25,25,25,25,25,25,25,25,70,700,-3.102139,-5.50048,-3.192918,-3.482968,-3.755642,-4.714608,-2.198879,-69.01073,-0.4923875,-0.6049873,0.5959875,-0.0001990586,0.2198988,0.4458616,0.6638043,2.676195,24,24,24,24,24,24,24,24,24,24,25,25,25,24,25,25
71,710,-36.55731,-64.21021,-21.05204,-18.15195,-17.49948,-13.82537,-9.445526,-7.651204,-5.201468,-5.413933,-3.565026,-5.295671,-3.099959,-3.464723,-2.267548,-0.3610008,25,25,25,25,25,25,25,25,25,25,25,25,25,25,25,25,71,710,-2.421145,-1.581751,-1.834492,-2.4565,233.3233,219.437,-1.567375,-1.04422,-2.072282,-2.705092,-2.235467,-2.019409,-2.049496,-1.003777,-0.9643992,-4.182703,25,25,25,25,25,25,25,25,25,25,25,25,25,25,25,25,71,710,-1.838364,-5.756299,-3.831873,-4.256887,-3.626146,-3.31306,-0.6469774,-68.79203,-0.368744,0.7255076,0.7151855,-0.0001990586,-0.4404942,-0.2211316,-0.0001910321,2.676195,24,24,24,24,24,24,24,24,24,24,25,25,25,24,25,25
72,720,-35.35483,-64.21021,-20.19047,-17.42116,-15.80982,-12.96149,-9.190298,-6.898884,-5.820792,-5.413933,-3.208544,-4.413316,-2.980741,-2.508999,-1.192917,-0.9646043,25,25,25,25,25,25,25,25,25,25,25,25,25,25,25,25,72,720,-0.9416965,-1.449955,-2.227254,-1.163741,233.0602,219.314,-0.2613944,-1.826324,-2.072282,-1.288901,-1.578499,-2.288821,-1.409597,-1.78319,-1.446101,-2.939444,25,25,25,25,25,25,25,25,25,25,25,25,25,25,25,25,72,720,-1.838364,-6.012119,-3.192918,-1.806143,-0.6477592,-2.548579,-1.293603,-69.4481,0.4967612,0.3626463,0.953581,-0.1214707,0.5500953,0.5570278,-0.3321887,2.208138,24,24,24,24,24,24,24,24,24,24,25,25,25,24,25,25
73,730,-33.67135,-61.91267,-19.45198,-15.95957,-15.56843,-11.72737,-8.297002,-6.648112,-4.706008,-4.306313,-3.446197,-4.035163,-3.099959,-2.389533,-1.31232,0.2426011,25,25,25,25,25,25,25,25,25,25,25,25,25,25,25,25,73,730,-1.614173,-2.240732,-1.441737,-0.775912,233.5864,219.1911,-1.306179,-1.174568,-1.295756,-0.3876887,-1.709891,-0.2682411,-1.537575,-0.6697439,-1.325675,-2.82642,25,25,25,25,25,25,25,25,25,25,25,25,25,25,25,25,73,730,-1.263919,-4.86093,-3.192918,-3.096008,-1.554225,-0.2551369,-1.681579,-69.01073,-1.234197,-0.6049873,0.4767895,0.6061688,-0.2203611,-0.4434632,-0.4428556,3.378268,24,24,24,24,24,24,24,24,24,24,25,25,25,24,25,25
74,740,-32.22837,-61.67083,-17.72884,-15.83777,-14.12014,-11.97419,-7.658932,-7.525817,-5.077602,-6.398485,-3.921508,-5.547773,-3.576829,-5.017775,-3.580986,-0.9646043,25,25,25,25,25,25,25,25,25,25,25,25,25,25,25,25,74,740,-3.497107,-2.240732,-1.703576,-1.293016,233.0602,219.0682,-2.089767,-1.304919,-0.9074938,-1.546442,-1.841286,-2.019409,-1.921514,-1.560501,-1.927802,-1.809208,25,25,25,25,25,25,25,25,25,25,25,25,25,25,25,25,74,740,-0.3448113,-5.50048,-3.959665,-1.161211,-0.2592738,-1.911512,-1.422929,-69.01073,0.620456,0.1207387,0.8343834,-0.7278385,-0.0002311648,0.3346962,0.3318066,3.729312,24,24,24,24,24,24,24,24,24,24,25,25,25,24,25,25
75,750,-35.35483,-62.39637,-19.94431,-19.85714,-17.3788,-13.57855,-8.807456,-7.901978,-5.820792,-6.275416,-4.634418,-5.295671,-5.365095,-4.539914,-3.939197,-0.9646043,25,25,25,25,25,25,25,25,25,25,25,25,25,25,25,25,75,750,-3.766097,-2.636121,-2.358177,-1.293016,233.8495,218.3306,-1.175581,-0.9138652,-1.813442,-1.546442,-2.498314,-2.827642,-2.177475,-2.451256,-3.132056,-3.730609,25,25,25,25,25,25,25,25,25,25,25,25,25,25,25,25,75,750,-1.723475,-5.11675,-3.192918,-3.224994,-3.755642,-5.224262,-1.034953,-69.01073,0.1258821,0.1207387,0.3575919,1.333808,0.1098354,0.5570278,-0.6641864,2.793203,24,24,24,24,24,24,24,24,24,24,25,25,25,24,25,25
76,760,-38.12054,-64.21021,-22.89826,-21.92772,-19.67192,-13.94878,-9.190298,-8.152749,-6.439506,-6.029277,-4.277936,-5.04357,-4.172919,-3.464723,-2.745162,-0.2402814,25,25,25,25,25,25,25,25,25,25,25,25,25,25,25,25,76,760,-2.959126,-2.767917,-1.703576,-1.81012,232.4023,218.4535,-1.175581,-1.304919,-1.166336,-1.546442,-2.10413,-1.884709,-1.921514,-2.228567,-2.048228,-2.939444,25,25,25,25,25,25,25,25,25,25,25,25,25,25,25,25,76,760,-2.183031,-5.37257,-3.065126,-3.998913,-2.072205,-2.166339,-3.362805,-70.4322,0.1258821,0.6045538,0.3575919,0.9699934,-0.2203611,0.4458616,0.5531389,2.910218,24,24,24,24,24,24,24,24,24,24,25,25,25,24,25,25
77,770,-38.0003,-64.33114,-21.42128,-20.70973,-16.89604,-14.93608,-9.317912,-8.779683,-5.944656,-7.259968,-4.277936,-6.304078,-5.365095,-5.9735,-2.506355,-0.7231623,25,25,25,25,25,25,25,25,25,25,25,25,25,25,25,25,77,770,-2.959126,-2.108936,-2.620016,-2.973604,232.797,219.314,-1.697973,-1.044217,-2.589967,-2.705144,-1.447159,-1.480593,-2.305454,-1.560501,-1.686952,-2.939444,25,25,25,25,25,25,25,25,25,25,25,25,25,25,25,25,77,770,-2.412809,-5.24466,-3.065126,-2.064116,-2.201701,-2.675993,-2.457529,-69.12007,0.002238607,-0.9678518,0.119196,0.2423539,0.4400319,0.2235308,0.3318066,2.442167,24,24,24,24,24,24,24,24,24,24,25,25,25,24,25,25
78,780,-38.48129,-65.29852,-22.28285,-20.83153,-18.94778,-16.04679,-12.25303,-10.03355,-6.934391,-7.259968,-4.9909,-6.304078,-4.411354,-3.464721,-2.983969,-0.9646043,25,25,25,25,25,25,25,25,25,25,25,25,25,25,25,25,78,780,-3.900593,-3.426898,-3.012778,-2.068672,233.718,219.8058,-1.306179,-1.565622,-2.719389,-1.932676,-1.447159,-2.423531,-1.537572,-2.451201,-2.529929,-2.600373,25,25,25,25,25,25,25,25,25,25,25,25,25,25,25,25,78,780,-1.14903,-4.98884,-3.4485,-3.482968,-2.201701,-2.675993,-2.457529,-68.90139,-0.4923362,0.4836001,0.953581,-0.0001926374,-0.0002311648,-0.2211822,-0.2215233,3.261261,24,24,24,24,24,24,24,24,24,24,25,25,25,24,25,25
79,790,-40.88626,-65.05667,-24.00599,-23.63291,-21.72366,-18.51503,-13.91201,-10.15893,-7.800444,-6.521554,-4.396763,-4.917519,-2.980741,-2.867393,-1.551178,-1.085324,25,25,25,25,25,25,25,25,25,25,25,25,25,25,25,25,79,790,-3.362612,-4.481268,-2.620016,-1.939396,232.5339,219.314,-1.306179,-2.738783,-1.813442,-1.932676,-1.972735,-1.345888,-1.793532,-1.783135,-2.409555,-2.82642,25,25,25,25,25,25,25,25,25,25,25,25,25,25,25,25,79,790,-1.838364,-5.756299,-3.4485,-2.967021,-2.719681,-4.077541,-2.845505,-70.32285,-0.1214049,0.7255076,0.2383939,-0.2427391,-0.0002311648,0.3346456,-0.33224,1.740087,24,24,24,24,24,24,24,24,24,24,25,25,25,24,25,25
80,800,-40.88626,-66.38683,-23.88291,-22.78031,-19.30985,-15.67655,-11.61496,-9.281229,-6.81067,-6.152347,-3.921455,-4.539367,-2.146217,-2.38953,-1.431774,-1.206048,25,25,25,25,25,25,25,25,25,25,25,25,25,25,25,25,80,800,-4.707564,-3.295102,-2.227254,-2.197948,233.5864,218.3306,-1.82857,-1.174568,-1.68402,-1.288953,-0.5274026,-1.6153,-1.409593,-1.337757,-1.566578,-2.374326,25,25,25,25,25,25,25,25,25,25,25,25,25,25,25,25,80,800,-2.183031,-5.628389,-2.553961,-2.580062,-3.108166,-1.274445,-1.422929,-69.33877,-0.2450488,-0.3630797,1.311175,0.4849004,0.3299653,0.4458118,-0.6642377,4.066876,24,24,24,24,24,24,24,24,24,24,25,25,25,24,25,25
81,810,-40.64576,-65.54037,-22.15977,-19.24815,-17.49948,-13.45514,-11.61496,-9.030455,-6.563227,-6.152347,-4.634418,-5.799875,-3.696048,-3.345255,-2.387002,-0.1195636,25,25,25,25,25,25,25,25,25,25,25,25,25,25,25,25,81,810,-4.035038,-4.085879,-3.143701,-1.680844,232.797,217.4701,-1.436776,-0.9138652,-1.942862,-0.6452296,-1.709949,-1.750005,-1.665554,-1.226413,-2.770832,-3.165491,25,25,25,25,25,25,25,25,25,25,25,25,25,25,25,25,81,810,-1.838313,-5.50048,-3.704082,-2.451075,-1.813215,-1.911512,-1.940229,-69.01073,0.1258821,0.4836001,1.072779,-0.2427391,-0.4404942,-0.2211822,-0.000242402,3.481907,24,24,24,24,24,24,24,24,24,24,25,25,25,24,25,25
82,820,-37.2788,-65.05666,-22.15977,-18.63915,-16.77534,-14.0722,-10.97689,-9.657389,-7.305557,-7.505985,-4.277936,-5.673824,-3.815265,-5.734565,-5.013879,0.3633189,25,25,25,25,25,25,25,25,25,25,25,25,25,25,25,25,82,820,-4.438523,-3.822287,-3.40554,-2.197948,232.2708,219.0682,-1.175581,-1.304919,-1.5546,-1.803931,-1.578554,-0.5376573,-0.8976741,-1.783135,-1.687003,-2.48735,25,25,25,25,25,25,25,25,25,25,25,25,25,25,25,25,82,820,-1.953202,-5.756248,-2.681753,-2.193103,-2.201701,-2.548579,-2.586855,-70.54154,0.4968126,0.4836001,-2.006639E-06,-0.3640108,0.5500953,0.5569772,-0.33224,2.077992,24,24,24,24,24,24,24,24,24,24,25,25,25,24,25,25
83,830,-35.47507,-65.05666,-20.6828,-17.42116,-14.96498,-13.33173,-9.955981,-9.030455,-7.058114,-7.75184,-4.9909,-6.55618,-4.769006,-4.300979,-4.178055,-2.292531,25,25,25,25,25,25,25,25,25,25,25,25,25,25,25,25,83,830,-4.169533,-3.690491,-3.143688,-3.232156,232.9286,218.5765,-1.82857,-2.087027,-2.331125,-2.31891,-1.315768,-2.019416,-2.433432,-1.337757,-2.409555,-2.148279,25,25,25,25,25,25,25,25,25,25,25,25,25,25,25,25,83,830,-1.378757,-5.372518,-2.681805,-2.709049,-1.554225,-1.147031,-2.845505,-69.88548,-0.4923362,-0.0002151117,1.191977,0.4849004,-0.2203611,-0.3323476,-0.33224,3.247924,24,24,24,24,24,24,24,24,24,24,25,25,25,24,25,25
84,840,-31.86762,-64.45205,-19.82123,-16.32497,-15.08567,-12.59125,-10.84928,-10.15893,-7.676721,-7.505985,-4.9909,-6.934333,-4.530571,-3.464721,-2.864616,-0.361004,25,25,25,25,25,25,25,25,25,25,25,25,25,25,25,25,84,840,-4.304028,-2.767917,-3.536449,-2.715052,232.797,218.9453,-1.436776,-2.217378,-2.719389,-1.675187,-1.315768,-2.288826,-1.537572,-1.449102,-0.8440254,-2.713397,25,25,25,25,25,25,25,25,25,25,25,25,25,25,25,25,84,840,-2.412757,-5.628338,-3.065178,-2.708997,-2.331195,-2.803406,-2.97483,-69.88548,0.620456,0.1207387,0.7151855,-0.4852856,-0.0002311648,-0.110016,0.3317553,3.364919,24,24,24,24,24,24,24,24,24,24,25,25,25,24,25,25
85,850,-31.50687,-63.36374,-18.83658,-15.47238,-13.51669,-12.83808,-10.84928,-11.28741,-8.047887,-9.96454,-5.585037,-9.329298,-5.12666,-5.854031,-3.222827,-0.240283,25,25,25,25,25,25,25,25,25,25,25,25,25,25,25,25,85,850,-2.690084,-3.690491,-2.489087,-2.197948,233.3233,219.1911,-1.306179,-1.826324,-1.68402,-0.6452296,-0.5274026,-0.6723622,-1.537572,-2.117168,-1.927854,-2.261302,25,25,25,25,25,25,25,25,25,25,25,25,25,25,25,25,85,850,-2.06809,-5.244608,-3.320761,-2.064065,-1.554278,-1.656685,-2.198879,-69.55745,0.002238607,0.6045538,0.119196,-0.0001926374,0.5500953,-0.110016,-0.442907,2.311976,24,24,24,24,24,24,24,24,24,24,25,25,25,24,25,25
86,860,-31.38662,-63.60559,-18.71349,-16.69037,-14.96499,-13.94878,-12.25303,-11.53819,-9.285103,-9.104046,-5.46621,-8.06879,-4.649789,-2.867393,-2.745213,-0.8438865,25,25,25,25,25,25,25,25,25,25,25,25,25,25,25,25,86,860,-2.82458,-3.426898,-1.965408,-1.81012,233.1917,219.5599,-2.220364,-2.087027,-1.295756,-1.288953,-2.235524,-2.154121,-2.689393,-2.005824,-1.807428,-1.357114,25,25,25,25,25,25,25,25,25,25,25,25,25,25,25,25,86,860,-1.493646,-4.477149,-2.937387,-3.35393,-3.496705,-3.950076,-1.034953,-69.55745,-0.2450488,0.2416925,1.191977,0.6061752,-0.0002311648,0.3346456,0.5530875,3.481907,24,24,24,24,24,24,24,24,24,24,25,25,25,24,25,25
87,870,-32.70936,-63.48466,-20.19047,-17.90836,-15.44775,-13.82537,-12.25303,-11.03664,-8.171608,-7.505985,-4.872073,-5.295672,-3.338394,-2.031133,-1.192967,-0.361004,25,25,25,25,25,25,25,25,25,25,25,25,25,25,25,25,87,870,-3.900542,-2.636121,-2.35817,-2.715052,233.3233,217.4701,-1.828575,-1.956676,-2.072284,-1.675187,-1.709949,-2.827648,-1.537572,-2.339857,-1.927854,-3.504562,25,25,25,25,25,25,25,25,25,25,25,25,25,25,25,25,87,870,-2.757421,-5.756248,-3.448552,-3.740889,-3.626201,-3.695249,-2.069553,-69.22941,0.620456,0.1207387,0.5959875,-0.4852856,0.4400319,-0.110016,-0.1109077,2.54596,24,24,24,24,24,24,24,24,24,24,25,25,25,24,25,25
88,880,-32.46886,-63.72651,-19.20582,-20.46613,-17.62017,-16.78726,-13.27394,-12.03973,-8.913938,-7.997695,-4.515592,-6.178028,-4.0537,-3.703651,-2.267599,-0.8438865,25,25,25,25,25,25,25,25,25,25,25,25,25,25,25,25,88,880,-3.228066,-1.845343,-3.012771,-1.680844,232.6655,217.9618,-1.175586,-0.6531659,-1.942862,-0.7739744,-2.235524,-1.750005,-1.409593,-1.560446,-3.372958,-2.939444,25,25,25,25,25,25,25,25,25,25,25,25,25,25,25,25,88,880,-2.182979,-5.628338,-3.576343,-4.256835,-2.719734,-1.784047,-2.328203,-68.90139,-0.4923362,0.2416925,0.5959875,0.4849004,0.2198988,-0.110016,-0.442907,3.598902,24,24,24,24,24,24,24,24,24,24,25,25,25,24,25,25
89,890,-34.03209,-62.75913,-20.31355,-18.88275,-17.01672,-15.1829,-11.74258,-10.66048,-8.542772,-7.136899,-4.9909,-5.295672,-4.0537,-3.464721,-3.222827,-0.6024445,25,25,25,25,25,25,25,25,25,25,25,25,25,25,25,25,89,890,-3.497056,-2.767917,-1.965408,-2.585776,232.4023,218.9453,-1.175586,-2.608435,-1.295753,-2.576399,-1.972735,-2.154121,-1.665554,-2.339857,-1.807428,-3.504562,25,25,25,25,25,25,25,25,25,25,25,25,25,25,25,25,89,890,-1.148979,-3.96551,-3.448552,-3.095957,-2.59024,-3.185595,-2.069553,-69.22941,0.1258821,0.7255076,0.5959875,0.7274469,-0.2203611,0.3346456,-0.000242402,2.428971,24,24,24,24,24,24,24,24,24,24,25,25,25,24,25,25
90,900,-34.99408,-63.24281,-20.92896,-19.49174,-17.74087,-15.42973,-13.40156,-12.41589,-9.037659,-8.981117,-5.585037,-8.320892,-4.888225,-4.778842,-2.745213,-0.9646059,25,25,25,25,25,25,25,25,25,25,25,25,25,25,25,25,90,900,-2.690084,-1.581751,-2.489087,-2.973604,233.0602,219.314,-1.959173,-0.6531659,-1.813438,-1.160156,-1.052978,-1.345888,-1.921514,-0.558345,-1.205302,-2.374326,25,25,25,25,25,25,25,25,25,25,25,25,25,25,25,25,90,900,-3.102087,-6.139977,-3.19297,-3.482916,-1.554278,-1.401806,-2.069553,-68.90139,0.4968126,-0.0002151117,0.119196,-0.1214643,-0.1102977,0.3346456,0.6637529,2.428971,24,24,24,24,24,24,24,24,24,24,25,25,25,24,25,25
91,910,-36.07632,-63.84743,-22.15977,-22.41492,-20.27537,-18.76185,-16.08145,-14.79824,-12.25442,-11.31674,-6.416113,-9.45535,-4.888225,-4.181513,-1.670581,-0.9646059,25,25,25,25,25,25,25,25,25,25,25,25,25,25,25,25,91,910,-1.748618,-1.845343,-3.143688,-1.939396,233.718,218.2076,-1.567379,-1.565625,-2.460543,-0.7739226,-0.7901278,-1.884709,-0.8976741,-1.894479,-1.687003,-1.922232,25,25,25,25,25,25,25,25,25,25,25,25,25,25,25,25,91,910,-0.8043156,-5.244608,-3.448552,-3.482916,-1.424783,-0.2550856,-1.940228,-69.4481,0.3731691,0.8464646,1.311175,-0.3640108,-0.1102977,-0.110016,0.2210899,3.130929,24,24,24,24,24,24,24,24,24,24,25,25,25,24,25,25
92,920,-35.95607,-63.72651,-22.15977,-20.95333,-20.51675,-16.66385,-15.69861,-14.04592,-11.38837,-9.718684,-7.009491,-8.320891,-5.007442,-3.22579,-1.909388,-0.240283,25,25,25,25,25,25,25,25,25,25,25,25,25,25,25,25,92,920,-2.555589,-3.163306,-2.096331,-2.068672,232.1392,218.4535,-1.175586,-2.08703,-1.036911,-0.9026674,-2.366858,-1.345887,-2.305454,-2.005824,-2.409555,-2.374326,25,25,25,25,25,25,25,25,25,25,25,25,25,25,25,25,92,920,-1.838313,-5.884158,-3.320761,-2.708997,-1.165793,-3.185595,-2.586853,-68.90139,0.002238607,0.8464646,0.5959875,0.1210276,0.2198988,0.3346456,-0.33224,2.311976,24,24,24,24,24,24,24,24,24,24,25,25,25,24,25,25
93,930,-37.88005,-65.41943,-22.89826,-21.92772,-19.67192,-17.65114,-15.57099,-13.79515,-10.76976,-9.96454,-5.941411,-7.942739,-4.172919,-3.464721,-2.387002,-0.8438865,25,25,25,25,25,25,25,25,25,25,25,25,25,25,25,25,93,930,-3.766047,-2.636121,-1.965408,-1.551568,232.6655,218.4535,-2.220369,-1.956679,-1.942859,-1.803879,-2.366858,-1.615296,-2.817323,-2.005824,-2.28913,-2.035255,25,25,25,25,25,25,25,25,25,25,25,25,25,25,25,25,93,930,-1.953202,-5.628338,-3.065178,-2.580011,-2.719734,-2.166287,-1.681578,-69.01073,0.2495256,-0.6049873,1.072779,0.3635741,-0.1102945,0.3346456,-0.2215747,3.01394,24,24,24,24,24,24,24,24,24,24,25,25,25,24,25,25
94,940,-36.79781,-65.41943,-22.03669,-22.53672,-20.03398,-18.63844,-16.5919,-15.42517,-12.1307,-12.30017,-6.772141,-10.71586,-6.795707,-5.853983,-3.939248,-1.085327,25,25,25,25,25,25,25,25,25,25,25,25,25,25,25,25,94,940,-4.035038,-3.822287,-2.227247,-2.973604,233.1917,217.593,-1.567379,-1.695976,-2.201701,-1.803879,-2.104069,-2.827645,-2.049445,-1.560449,-2.529981,-3.730609,25,25,25,25,25,25,25,25,25,25,25,25,25,25,25,25,94,940,-2.182979,-6.395797,-3.959717,-3.095957,-2.331249,-2.803355,-2.069553,-69.4481,-0.1214049,0.6045538,1.549571,0.1210276,-0.8807508,0.5570278,0.1104229,2.77995,24,24,24,24,24,24,24,24,24,24,25,25,25,24,25,25
95,950,-35.71557,-64.57298,-22.28285,-20.95333,-20.15468,-16.41702,-16.20906,-14.04592,-12.37814,-11.19382,-7.84022,-9.077196,-6.438055,-5.853983,-4.297458,0.2425979,25,25,25,25,25,25,25,25,25,25,25,25,25,25,25,25,95,950,-2.82458,-2.372529,-2.227247,-1.034464,233.0602,218.0847,-0.7837917,-0.6531659,-2.07228,-1.031412,-1.578493,-1.345887,-1.281563,-0.8923814,-2.409504,-2.939444,25,25,25,25,25,25,25,25,25,25,25,25,25,25,25,25,95,950,-2.412757,-6.012068,-3.704135,-3.095957,-2.59024,-2.803355,-3.621455,-69.88548,0.4968126,0.4836001,0.3575919,0.8486671,0.5500985,0.4458624,-0.4428556,2.77995,24,24,24,24,24,24,24,24,24,24,25,25,25,24,25,25
96,960,-35.23458,-64.57298,-21.79053,-20.10074,-17.86156,-14.93608,-13.14633,-12.29051,-10.15115,-10.21039,-6.297437,-8.320891,-5.245878,-4.778792,-3.34223,-0.6023931,25,25,25,25,25,25,25,25,25,25,25,25,25,25,25,25,96,960,-2.421094,-2.767917,-1.965408,-2.197948,232.6655,218.0847,-1.697976,-2.217381,-1.554595,-2.962581,-2.104069,-2.558234,-2.305405,-2.562549,-2.048228,-1.583155,25,25,25,25,25,25,25,25,25,25,25,25,25,25,25,25,96,960,-1.493646,-4.732969,-3.065178,-2.193051,-1.165793,-2.038874,-0.2590017,-69.33877,-0.3686922,0.4836001,1.311175,0.4848458,-0.2203579,-0.2211308,0.2211413,2.77995,24,24,24,24,24,24,24,24,24,24,25,25,25,24,25,25
97,970,-33.5511,-65.78221,-22.77518,-21.80592,-19.30985,-17.03408,-14.42247,-13.16821,-11.0172,-10.33332,-6.772141,-8.446942,-5.722749,-5.853983,-3.819844,-1.326716,25,25,25,25,25,25,25,25,25,25,25,25,25,25,25,25,97,970,-3.900594,-2.240732,-3.143688,-3.619983,232.6655,218.6994,-1.959173,-1.826327,-3.23707,-2.833837,-2.49825,-2.019413,-2.689344,-2.451205,-2.289078,-3.052461,25,25,25,25,25,25,25,25,25,25,25,25,25,25,25,25,97,970,-3.331914,-6.651617,-3.704135,-3.095957,-3.496705,-3.058181,-2.586853,-70.21351,0.7440996,0.1207387,0.8343834,-0.3640653,0.880295,0.2235308,0.1104743,2.896945,24,24,24,24,24,24,24,24,24,24,25,25,25,24,25,25
98,980,-35.35483,-65.1776,-22.89826,-21.19693,-20.99952,-16.54043,-15.31577,-13.54437,-12.00698,-10.45625,-7.84022,-9.455349,-7.15336,-6.570777,-4.416862,-0.2402316,25,25,25,25,25,25,25,25,25,25,25,25,25,25,25,25,98,980,-3.900594,-4.217676,-3.798289,-1.939396,232.797,218.0847,-1.175586,-2.347733,-3.107648,-2.576347,-1.972674,-3.50117,-2.433384,-3.119271,-3.252481,-3.278508,25,25,25,25,25,25,25,25,25,25,25,25,25,25,25,25,98,980,-2.757469,-5.628338,-2.681805,-3.998862,-4.662162,-3.185595,-1.940228,-69.12007,0.2495256,0.2416925,0.7151855,0.7273923,-0.1102945,-0.2211308,-0.3321887,3.130929,24,24,24,24,24,24,24,24,24,24,25,25,25,24,25,25
99,990,-35.83582,-64.21021,-22.40593,-21.56232,-20.27537,-17.03408,-15.06054,-14.54746,-11.51209,-11.5626,-7.484194,-10.21165,-6.67649,-7.287571,-6.566125,-0.6023931,25,25,25,25,25,25,25,25,25,25,25,25,25,25,25,25,99,990,-4.035089,-4.613064,-3.274617,-2.327224,232.4023,218.9453,-2.350967,-3.651245,-3.23707,-2.447603,-3.15522,-2.154118,-2.945305,-2.896582,-2.529929,-3.391532,25,25,25,25,25,25,25,25,25,25,25,25,25,25,25,25,99,990,-2.872358,-6.267887,-4.215249,-3.482916,-3.626201,-3.695249,-2.198879,-69.99483,-0.2450488,-0.0002151117,0.5959875,0.3635741,-0.8807508,0.5570278,0.6638043,2.896945,24,24,24,24,24,24,24,24,24,24,25,25,25,24,25,25
100,1000,-37.63955,-65.41945,-23.39058,-23.7547,-22.56849,-18.76185,-15.69861,-14.04592,-11.26465,-10.45625,-6.653465,-8.446942,-5.961184,-5.37612,-5.013879,-1.447437,25,25,25,25,25,25,25,25,25,25,25,25,25,25,25,25,100,1000,-4.304079,-3.558694,-2.4891,-2.456499,233.3233,217.9618,-2.220369,-2.08703,-1.684017,-2.190114,-1.184312,-2.423529,-2.177423,-2.33986,-2.168653,-3.165485,25,25,25,25,25,25,25,25,25,25,25,25,25,25,25,25,100,1000,-3.217025,-6.012068,-3.32071,-3.740941,-2.84923,-3.058181,-2.716179,-69.88548,-0.7396231,-0.8468981,0.2383939,0.8486671,1.100425,0.8905248,-0.553521,3.01394,24,24,24,24,24,24,24,24,24,24,25,25,25,24,25,25
101,1010,-36.43707,-64.57299,-23.39058,-21.92772,-21.60296,-17.15749,-15.57099,-14.04592,-12.25442,-10.33332,-7.365519,-8.446942,-6.67649,-6.21238,-4.775073,0.8462527,25,25,25,25,25,25,25,25,25,25,25,25,25,25,25,25,101,1010,-2.824631,-2.240732,-2.620016,-2.585775,233.0602,216.8554,-1.828575,-2.347733,-2.589964,-1.675135,-1.841282,-3.635878,-1.921463,-2.33986,-3.01163,-3.617579,25,25,25,25,25,25,25,25,25,25,25,25,25,25,25,25,101,1010,-2.068139,-5.756248,-3.959666,-3.611954,-2.331249,-2.166287,-0.6469766,-68.35467,-0.2450488,0.7255076,1.072779,0.2422993,-0.7706875,-0.2211308,0.1104743,3.01394,24,24,24,24,24,24,24,24,24,24,25,25,25,24,25,25
102,1020,-35.83582,-64.81483,-21.54436,-20.34433,-17.98225,-16.78726,-12.63587,-13.16821,-10.76976,-11.07089,-6.534789,-8.951145,-5.841966,-7.168104,-5.252687,-0.1195122,25,25,25,25,25,25,25,25,25,25,25,25,25,25,25,25,102,1020,-2.28665,-1.97714,-2.620016,-1.551568,231.8761,218.0847,-1.436781,-1.174571,-2.460543,-1.932624,-2.366858,-1.345887,-1.281563,-1.560449,-1.686952,-3.504555,25,25,25,25,25,25,25,25,25,25,25,25,25,25,25,25,102,1020,-1.838361,-6.139977,-3.448502,-2.709049,-2.978725,-3.695249,-2.586853,-68.79204,0.3731691,0.2416925,0.7151855,0.1210276,0.5500985,0.2235308,-0.3321887,2.428971,24,24,24,24,24,24,24,24,24,24,25,25,25,24,25,25
103,1030,-34.87383,-64.21021,-21.66745,-21.31873,-19.79261,-17.65114,-14.6777,-14.1713,-12.62559,-12.05431,-7.60287,-9.70745,-7.272579,-6.451311,-5.491493,-0.7231141,25,25,25,25,25,25,25,25,25,25,25,25,25,25,25,25,103,1030,-1.614174,-1.97714,-1.703576,-2.197947,233.1917,218.6994,-2.089764,-0.9138684,-1.554595,-2.061369,-0.5273415,-0.5376541,-2.305405,-0.4470038,-0.7235484,-2.035249,25,25,25,25,25,25,25,25,25,25,25,25,25,25,25,25,103,1030,-1.95325,-5.628338,-3.065128,-2.322089,-1.554278,-1.274392,-1.422874,-69.55745,0.2495256,0.1207387,1.072779,0.3635741,0.4400351,-0.3322971,-0.2215233,3.364919,24,24,24,24,24,24,24,24,24,24,25,25,25,24,25,25
104,1040,-37.2788,-65.54037,-22.52902,-20.10074,-19.06846,-16.1702,-13.27394,-12.91744,-10.52232,-10.70211,-7.009491,-7.942739,-6.080401,-5.137189,-3.34223,-0.3609526,25,25,25,25,25,25,25,25,25,25,25,25,25,25,25,25,104,1040,-2.017659,-1.318159,-2.227254,-1.422291,233.1917,218.2076,-2.220362,-1.69597,-2.460543,-1.031412,-1.578493,-2.154118,-1.153585,-2.451205,-2.048228,-0.9050136,25,25,25,25,25,25,25,25,25,25,25,25,25,25,25,25,104,1040,-1.263916,-5.756248,-3.704084,-1.161211,1.294615,0.2545687,-2.457475,-70.54154,0.3731691,-0.0002151117,0.119196,-0.7278867,-0.1102945,0.4458624,0.1104743,3.481907,24,24,24,24,24,24,24,24,24,24,25,25,25,24,25,25
105,1050,-37.15856,-65.1776,-20.6828,-19.24814,-15.56843,-14.19561,-10.97689,-11.53819,-9.90371,-9.841613,-6.534789,-7.816688,-5.60353,-5.853983,-3.461634,-0.1195122,25,25,25,25,25,25,25,25,25,25,25,25,25,25,25,25,105,1050,-1.614174,-2.767917,-2.881855,-1.939396,233.1917,218.2076,-1.175578,-3.651239,-2.331125,-2.190114,-2.49825,-3.097055,-3.073283,-4.232715,-4.215884,-3.165485,25,25,25,25,25,25,25,25,25,25,25,25,25,25,25,25,105,1050,-1.723472,-4.860879,-3.448502,-2.064116,-3.10822,-4.714556,-1.681524,-69.12007,0.8676916,0.7255076,0.2383939,0.6061206,0.3299685,0.1123662,-0.8855186,3.01394,24,24,24,24,24,24,24,24,24,24,25,25,25,24,25,25
106,1060,-33.5511,-63.96837,-20.80588,-17.42116,-15.20636,-12.09761,-10.0836,-10.03355,-8.790216,-8.366478,-7.128167,-8.320891,-7.272579,-6.21238,-5.37209,-0.3609526,25,25,25,25,25,25,25,25,25,25,25,25,25,25,25,25,106,1060,-3.093621,-3.69049,-2.620016,-2.197947,232.5339,218.5765,-2.220362,-2.869131,-3.107652,-2.576347,-3.023829,-2.288824,-3.457223,-3.34196,-2.891205,-3.730602,25,25,25,25,25,25,25,25,25,25,25,25,25,25,25,25,106,1060,-3.217025,-6.267887,-4.087457,-4.772832,-4.144181,-3.695249,-1.940174,-69.99483,-0.616031,-0.0002119011,0.3575919,0.7273923,-0.2203579,-0.3322971,0.1104743,3.481907,24,24,24,24,24,24,24,24,24,24,25,25,25,24,25,25
107,1070,-32.34861,-63.6056,-21.17512,-19.73534,-18.22363,-14.31902,-12.8911,-12.03973,-11.01721,-11.07089,-7.84022,-9.329297,-6.318836,-5.853983,-4.536265,-0.4816737,25,25,25,25,25,25,25,25,25,25,25,25,25,25,25,25,107,1070,-1.883164,-2.767917,-1.965415,-2.715051,233.1917,217.3471,-2.089764,-2.347726,-1.942862,-1.803879,-1.184315,-3.097055,-2.433384,-2.005827,-2.650354,-3.730602,25,25,25,25,25,25,25,25,25,25,25,25,25,25,25,25,107,1070,-4.021244,-7.291166,-2.937337,-3.353981,-2.460745,-1.91146,-2.84545,-69.33877,-0.1214563,-0.2421227,0.3575398,-0.0002472179,-0.3304245,0.7793594,0.5531389,2.77995,24,24,24,24,24,24,24,24,24,24,25,25,25,24,25,25
108,1080,-33.43085,-64.81483,-22.28285,-23.51111,-20.27537,-18.2682,-15.18815,-14.92362,-13.24419,-13.28359,-8.552274,-11.09401,-7.034142,-6.21238,-4.178055,-1.447437,25,25,25,25,25,25,25,25,25,25,25,25,25,25,25,25,108,1080,-1.614174,-2.240732,-2.620016,-1.422291,232.0077,217.3471,-2.220362,-1.565618,-3.237073,-1.288901,-2.761046,-2.154121,-2.177423,-2.673893,-2.891205,-3.843626,25,25,25,25,25,25,25,25,25,25,25,25,25,25,25,25,108,1080,-1.608583,-5.244608,-3.448502,-3.096008,-2.072259,-2.038874,-1.5522,-69.22941,0.002187237,-0.2421227,1.072727,0.121079,-0.2203579,-0.5546278,-0.4428556,2.77995,24,24,24,24,24,24,24,24,24,24,25,25,25,24,25,25
109,1090,-38.84204,-64.69392,-25.23681,-26.06888,-23.7754,-20.48962,-18.12327,-16.30287,-14.9763,-14.14408,-9.976382,-12.60662,-8.345537,-7.168104,-4.297458,0.1219298,25,25,25,25,25,25,25,25,25,25,25,25,25,25,25,25,109,1090,-1.748669,-2.636121,-2.881855,-2.844327,231.8761,217.4701,-1.69797,-2.73878,-2.589967,-2.962581,-3.680799,-2.288826,-2.305457,-3.34196,-3.132056,-3.843626,25,25,25,25,25,25,25,25,25,25,25,25,25,25,25,25,109,1090,-1.838361,-6.012068,-3.831875,-3.740941,-2.072259,-3.567835,-2.716125,-70.32285,0.1258307,0.7255141,0.7151337,0.606172,-0.7706329,0.2235308,0.2211413,2.662955,24,24,24,24,24,24,24,24,24,24,25,25,25,24,25,25
110,1100,-41.00651,-65.6613,-24.99064,-23.8765,-22.68918,-19.74915,-16.5919,-15.17439,-13.98652,-13.52944,-8.196248,-11.22006,-6.080401,-5.615103,-4.297458,-0.2402316,25,25,25,25,25,25,25,25,25,25,25,25,25,25,25,25,110,1100,-2.824631,-1.97714,-2.881855,-2.973603,232.4023,218.4535,-1.959165,-1.956672,-2.978231,-3.992538,-3.023835,-2.692942,-3.841213,-2.896579,-3.372906,-3.843626,25,25,25,25,25,25,25,25,25,25,25,25,25,25,25,25,110,1100,-2.872358,-6.267887,-3.576293,-3.353981,-2.331249,-3.313008,-2.84545,-69.77613,0.1258307,-0.9678487,-0.1192518,-0.2427423,0.3300231,0.5570278,-0.0001910321,2.54596,24,24,24,24,24,24,24,24,24,24,25,25,25,24,25,25
111,1110,-41.24701,-66.50776,-23.51367,-22.65851,-20.15468,-17.03408,-14.93292,-15.17439,-13.36792,-12.66895,-9.145653,-11.59821,-7.15336,-6.331897,-4.416811,-0.8438351,25,25,25,25,25,25,25,25,25,25,25,25,25,25,25,25,111,1110,-2.152155,-2.636121,-3.536456,-2.456499,232.6655,217.4701,-1.567371,-3.129834,-3.237073,-2.190114,-2.104075,-2.962353,-2.049496,-2.896579,-2.650354,-3.843626,25,25,25,25,25,25,25,25,25,25,25,25,25,25,25,25,111,1110,-2.527691,-6.779527,-3.576293,-3.482968,-2.59024,-3.185595,-3.362751,-69.99483,-0.9869619,0.3626495,1.430321,0.2423506,-0.8806963,-0.6657941,-0.3321887,2.77995,24,24,24,24,24,24,24,24,24,24,25,25,25,24,25,25
112,1120,-41.60775,-65.90314,-24.74448,-23.63291,-21.96505,-18.39161,-17.74043,-17.05519,-15.5949,-15.49629,-10.45108,-13.61503,-8.822408,-6.570828,-4.178004,0.1219298,25,25,25,25,25,25,25,25,25,25,25,25,25,25,25,25,112,1120,-2.152155,-2.899713,-2.227254,-2.068671,232.6655,217.9618,-1.828568,-3.651239,-2.460547,-1.932624,-2.498256,-1.750005,-2.561414,-3.007923,-2.529929,-3.843626,25,25,25,25,25,25,25,25,25,25,25,25,25,25,25,25,112,1120,-2.64258,-7.163256,-3.192919,-3.096008,-2.201754,-3.440421,-3.233425,-69.99483,0.2494742,0.604557,0.9535292,-0.2427423,-0.2203033,0.7793594,-0.2215233,2.077992,24,24,24,24,24,24,24,24,24,24,25,25,25,24,25,25
113,1130,-42.81024,-66.14499,-24.25216,-23.02391,-20.15468,-18.2682,-16.5919,-17.05519,-14.72885,-15.74214,-9.145653,-13.11082,-7.868666,-7.526554,-4.178004,-0.6023931,25,25,25,25,25,25,25,25,25,25,25,25,25,25,25,25,113,1130,-2.421094,-1.97714,-1.834492,-1.680844,232.1392,217.593,-2.873352,-1.826321,-2.201704,-1.803879,-1.184315,-1.750005,-2.689396,-1.226413,-0.843974,-2.939437,25,25,25,25,25,25,25,25,25,25,25,25,25,25,25,25,113,1130,-2.987247,-6.267887,-2.937337,-2.709049,-2.59024,-2.930768,-1.5522,-69.22941,0.2494742,-0.8468916,0.8343317,-0.000195848,-0.2203033,0.334697,-0.553521,2.896945,24,24,24,24,24,24,24,24,24,24,25,25,25,24,25,25
114,1140,-43.65198,-67.83791,-24.99064,-24.3637,-21.72366,-19.00867,-16.5919,-16.80442,-14.85258,-14.75872,-10.92579,-13.23687,-9.537715,-7.765485,-6.566073,-0.3609526,25,25,25,25,25,25,25,25,25,25,25,25,25,25,25,25,114,1140,-0.5381598,-0.6592292,-0.9180519,-1.034463,232.9286,216.3637,-1.436774,-0.5228114,-1.942862,-0.6451778,-0.5273448,-1.750005,-1.409597,-0.8923782,-1.446101,-2.600367,25,25,25,25,25,25,25,25,25,25,25,25,25,25,25,25,114,1140,-1.608583,-6.267887,-3.704084,-1.806143,-0.5183173,-0.3824984,-1.940174,-69.99483,0.6204047,0.7255141,0.9535292,-0.1214675,-0.1102399,0.5570278,0.8851365,3.598902,24,24,24,24,24,24,24,24,24,24,25,25,25,24,25,25
115,1150,-45.69621,-68.32159,-27.08303,-26.92148,-24.25816,-19.74915,-18.76134,-17.80751,-15.10002,-13.7753,-10.09506,-11.72427,-8.464755,-7.287622,-4.416811,-0.9645545,25,25,25,25,25,25,25,25,25,25,25,25,25,25,25,25,115,1150,-1.345131,-1.186413,-1.310814,-1.163739,231.2183,218.0847,-2.089764,-1.435267,-1.295756,-1.675135,-2.761046,-2.288826,-1.921514,-2.896579,-2.891205,-1.809202,25,25,25,25,25,25,25,25,25,25,25,25,25,25,25,25,115,1150,-0.8043637,-5.884158,-3.320761,-0.5162778,-0.7773078,-3.185595,-2.32815,-69.22941,0.2494742,0.2416957,-0.1192518,0.121079,0.550153,0.334697,-0.3321887,3.01394,24,24,24,24,24,24,24,24,24,24,25,25,25,24,25,25
116,1160,-44.25322,-68.44252,-26.34454,-28.26127,-23.53401,-20.73644,-17.4852,-17.68212,-13.8628,-13.89823,-9.976382,-11.09401,-8.107101,-7.407086,-4.297407,0.001208799,25,25,25,25,25,25,25,25,25,25,25,25,25,25,25,25,116,1160,-1.883113,-2.37258,-1.179891,-2.456499,232.5339,218.0847,-1.828568,-1.826321,-1.942862,-3.47756,-2.235467,-2.288826,-2.561414,-2.896579,-2.168653,-2.37432,25,25,25,25,25,25,25,25,25,25,25,25,25,25,25,25,116,1160,-1.608583,-6.012068,-2.937387,-2.967021,-3.36721,-3.058181,-2.974775,-70.65089,-0.2451001,-0.3630765,0.8343317,0.4848971,0.6602196,-0.5546278,-0.3321887,2.896945,24,24,24,24,24,24,24,24,24,24,25,25,25,24,25,25
117,1170,-44.61397,-68.80529,-26.71379,-24.4855,-21.24089,-17.28091,-16.33668,-14.1713,-13.98652,-11.68553,-9.501679,-9.707451,-8.583972,-7.287622,-6.088459,-0.3609526,25,25,25,25,25,25,25,25,25,25,25,25,25,25,25,25,117,1170,-3.766047,-2.636173,-3.929218,-2.197947,232.5339,218.2076,-2.350959,-2.999483,-3.754757,-3.606305,-3.023835,-3.097058,-3.329295,-3.67599,-2.77078,-3.617579,25,25,25,25,25,25,25,25,25,25,25,25,25,25,25,25,117,1170,-3.102136,-7.930715,-3.576343,-3.869926,-2.978725,-3.695249,-2.0695,-68.90139,0.6204047,-0.1211657,0.1191442,-0.000195848,0.3300231,0.2235308,-0.3321887,2.428971,24,24,24,24,24,24,24,24,24,24,25,25,25,24,25,25
118,1180,-43.17099,-67.83791,-25.85222,-22.90211,-20.63743,-17.89797,-16.71952,-16.17749,-13.98652,-13.28359,-9.145653,-11.34611,-8.464755,-7.884949,-5.372039,-0.3609526,25,25,25,25,25,25,25,25,25,25,25,25,25,25,25,25,118,1180,-2.82458,-4.349524,-3.143701,-2.585775,231.8761,217.9618,-1.959165,-4.042293,-2.84881,-2.833837,-2.761046,-3.097058,-3.073335,-3.67599,-3.493332,-4.408538,25,25,25,25,25,25,25,25,25,25,25,25,25,25,25,25,118,1180,-2.412802,-6.907436,-4.2153,-4.772831,-4.662162,-4.587196,-2.716125,-69.33877,0.002187237,-0.1211657,-5.377793E-05,0.2423506,-0.5504998,-0.9992911,0.1104743,2.662955,24,24,24,24,24,24,24,24,24,24,25,25,25,24,25,25
119,1190,-42.08875,-68.80529,-25.48297,-22.78031,-20.03398,-17.40432,-15.69861,-15.29978,-13.12047,-12.66895,-9.145653,-10.3377,-7.391796,-5.9735,-4.655618,-1.326716,25,25,25,25,25,25,25,25,25,25,25,25,25,25,25,25,119,1190,-2.286598,-3.163357,-2.881855,-1.810119,232.4023,217.3471,-2.481563,-3.129834,-2.201704,-1.932624,-2.498256,-2.288826,-3.841213,-2.451201,-2.891205,-2.71339,25,25,25,25,25,25,25,25,25,25,25,25,25,25,25,25,119,1190,-2.872358,-7.035346,-3.959717,-3.35398,-2.84923,-3.313061,-3.362751,-70.10416,0.002187237,0.8464679,1.311123,0.4848971,0.1098932,0.668194,0.1104743,2.896945,24,24,24,24,24,24,24,24,24,24,25,25,25,24,25,25
120,1200,-39.92427,-66.38683,-25.35989,-22.04952,-20.15467,-16.29361,-16.33668,-14.79823,-12.62559,-10.33332,-8.433599,-9.203248,-6.199619,-4.539914,-3.222776,-0.2402316,25,25,25,25,25,25,25,25,25,25,25,25,25,25,25,25,120,1200,-2.555589,-2.504376,-1.834492,-2.456499,232.5339,216.8554,-2.742758,-2.21733,-2.589967,-2.833837,-1.578499,-2.962353,-2.945356,-2.785234,-2.891205,-3.391532,25,25,25,25,25,25,25,25,25,25,25,25,25,25,25,25,120,1200,-2.987247,-7.163256,-4.2153,-3.869926,-2.719734,-3.822715,-1.81085,-69.12007,0.4967612,-0.604984,0.5959357,0.4848971,0.2199565,0.2235308,0.3318066,2.896945,24,24,24,24,24,24,24,24,24,24,25,25,25,24,25,25
121,1210,-38.12054,-65.90313,-23.39059,-20.10074,-17.37879,-15.92338,-14.80531,-13.79514,-11.38837,-11.19382,-7.009491,-9.45535,-5.12666,-5.376172,-3.103372,0.001208799,25,25,25,25,25,25,25,25,25,25,25,25,25,25,25,25,121,1210,-1.479627,-2.504376,-2.620016,-1.680844,231.8761,216.8554,-1.95917,-1.565573,-2.848808,-2.061369,-3.023835,-2.692942,-2.049496,-1.783135,-3.734183,-3.165485,25,25,25,25,25,25,25,25,25,25,25,25,25,25,25,25,121,1210,-2.297913,-6.779527,-4.470882,-3.869926,-2.84923,-2.93082,-1.5522,-69.22941,-0.6159796,0.604557,0.9535292,0.121079,-0.4404364,-0.4434624,-0.2215233,3.130929,24,24,24,24,24,24,24,24,24,24,25,25,25,24,25,25
122,1220,-37.15856,-66.2659,-23.14443,-21.07513,-19.55122,-18.39161,-16.97474,-15.55056,-12.25442,-11.43967,-6.416113,-7.942739,-4.649789,-3.106326,-2.506355,-0.3609526,25,25,25,25,25,25,25,25,25,25,25,25,25,25,25,25,122,1220,-2.017608,-2.37258,-1.834492,-2.197947,231.0867,217.9618,-1.697975,-2.347681,-2.201702,-2.447603,-2.892437,-2.154121,-2.177475,-2.896579,-2.289078,-2.939437,25,25,25,25,25,25,25,25,25,25,25,25,25,25,25,25,122,1220,-1.723472,-7.291166,-3.448552,-2.838035,-2.59024,-4.204955,-2.5868,-69.4481,0.7440996,1.088375,0.4767377,-0.1214675,0.8803495,0.00119997,-0.7748533,2.077992,24,24,24,24,24,24,24,24,24,24,25,25,25,24,25,25
123,1230,-38.60154,-66.38683,-24.99065,-23.63291,-22.32711,-18.63844,-16.5919,-14.67285,-11.63581,-9.472828,-6.060086,-5.547773,-3.219177,-2.031136,-0.5958996,-0.1195122,25,25,25,25,25,25,25,25,25,25,25,25,25,25,25,25,123,1230,-2.017608,-1.31821,-2.096338,-2.973603,232.4023,217.7159,-3.003955,-1.304871,-2.331124,-2.061369,-1.97268,-2.423531,-2.433435,-1.67179,-1.927802,-2.600367,25,25,25,25,25,25,25,25,25,25,25,25,25,25,25,25,123,1230,-2.872358,-6.395797,-4.087508,-3.74094,-2.978725,-2.548579,-2.84545,-69.88548,-0.9869105,-0.0002119011,0.953581,0.4848971,0.2199565,-0.2211308,-0.2215233,3.130929,24,24,24,24,24,24,24,24,24,24,25,25,25,24,25,25
124,1240,-38.60154,-66.7496,-24.49832,-22.53672,-18.70638,-16.78726,-12.76349,-12.66667,-10.02743,-8.735262,-5.347436,-5.673824,-3.696048,-3.106326,-1.192917,-0.7231141,25,25,25,25,25,25,25,25,25,25,25,25,25,25,25,25,124,1240,-0.5381598,-0.5274323,-2.096338,-0.9051877,232.6655,216.8554,-1.697975,-1.826276,-2.201702,-0.9026674,-0.001769053,-1.345883,-1.025656,-0.8923782,-0.9643992,-2.487343,25,25,25,25,25,25,25,25,25,25,25,25,25,25,25,25,124,1240,-2.297913,-7.035346,-3.959717,-2.709048,-1.813269,-1.274445,-3.233425,-69.99483,0.9913873,0.2416957,0.119196,-0.3640172,0.3300231,-0.1099654,0.5531389,3.598902,24,24,24,24,24,24,24,24,24,24,25,25,25,24,25,25
125,1250,-38.72179,-65.29852,-22.40594,-19.36994,-17.86156,-14.81267,-12.8911,-11.78896,-9.779988,-7.259967,-5.941411,-6.304078,-4.768953,-3.464723,-3.103372,0.2426492,25,25,25,25,25,25,25,25,25,25,25,25,25,25,25,25,125,1250,-0.269169,-1.713599,-1.179891,-0.2588075,233.0602,217.5929,-2.350964,-1.695925,-1.166334,-0.5164335,-1.447105,-1.48059,-1.793532,-2.117168,-1.566526,-1.470131,25,25,25,25,25,25,25,25,25,25,25,25,25,25,25,25,125,1250,-1.149027,-5.116699,-3.704135,-1.935129,-0.0003371154,-0.8922048,-3.104101,-69.55745,0.3731691,0.8464679,0.5959875,0.3636223,-0.0002279542,-0.3322971,-0.553521,3.01394,24,24,24,24,24,24,24,24,24,24,25,25,25,24,25,25
126,1260,-39.32303,-65.54036,-23.26751,-21.31873,-20.27537,-16.54043,-13.7844,-12.41589,-10.3986,-9.472828,-5.347436,-7.690637,-3.815212,-4.898309,-2.267548,-0.6023931,25,25,25,25,25,25,25,25,25,25,25,25,25,25,25,25,126,1260,-1.479627,-1.054617,-1.441737,-1.163739,232.797,216.7324,-3.003955,-1.304871,-1.94286,-2.061369,-1.709891,-2.288821,-2.945353,-2.896582,-2.77078,-2.600367,25,25,25,25,25,25,25,25,25,25,25,25,25,25,25,25,126,1260,-0.9192494,-5.884158,-4.343091,-2.322088,-0.9068027,-4.077541,-3.750726,-70.10416,0.3731691,0.604557,0.3575919,0.6061688,-0.2203579,0.7793586,0.1104743,2.896945,24,24,24,24,24,24,24,24,24,24,25,25,25,24,25,25
127,1270,-39.44328,-66.38683,-24.25216,-23.75471,-21.60296,-17.77455,-13.91201,-13.16821,-9.532545,-8.24355,-5.347436,-6.304078,-3.099906,-3.225791,-2.028741,-1.205997,25,25,25,25,25,25,25,25,25,25,25,25,25,25,25,25,127,1270,-2.017608,-1.31821,-1.965415,-1.163739,231.7445,215.9948,-1.828573,-1.304871,-2.201702,-1.54639,-3.155227,-3.231757,-2.433432,-2.562549,-3.011682,-4.182696,25,25,25,25,25,25,25,25,25,25,25,25,25,25,25,25,127,1270,-2.412802,-6.139977,-3.065178,-2.838035,-2.460745,-3.313061,-2.198825,-69.55745,-0.3686927,-0.1211657,0.3575919,0.8487152,0.660165,1.001689,-0.5535724,2.662955,24,24,24,24,24,24,24,24,24,24,25,25,25,24,25,25
128,1280,-40.88626,-66.02406,-24.12908,-19.85714,-18.82708,-13.45514,-11.87019,-10.78587,-8.913937,-7.383036,-5.585092,-6.178028,-4.292082,-4.062051,-2.148144,0.2425979,25,25,25,25,25,25,25,25,25,25,25,25,25,25,25,25,128,1280,-2.421094,-2.504376,-1.965415,-1.939396,231.2183,217.5929,-1.697975,-2.21733,-1.94286,-3.220071,-3.812197,-2.558232,-1.921514,-2.896582,-2.770832,-3.052467,25,25,25,25,25,25,25,25,25,25,25,25,25,25,25,25,128,1280,-2.068139,-6.779527,-3.831926,-3.998913,-2.978725,-3.695301,-2.5868,-70.10416,-0.6159796,0.7255141,1.311175,-0.2427455,-1.100884,-0.2211316,-0.33224,2.676195,24,24,24,24,24,24,24,24,24,24,25,25,25,24,25,25
129,1290,-39.32303,-66.50774,-22.77518,-19.73534,-17.62017,-11.97419,-9.828368,-9.281229,-7.058114,-7.874767,-4.159163,-5.547773,-2.503818,-4.300982,-2.983969,-0.361004,25,25,25,25,25,25,25,25,25,25,25,25,25,25,25,25,129,1290,-1.614174,-1.450006,-1.572653,-2.456499,232.797,217.8388,-1.828573,-0.913817,-2.460544,-2.190114,-1.709891,-1.48059,-2.689393,-1.226415,-1.927854,-3.391538,25,25,25,25,25,25,25,25,25,25,25,25,25,25,25,25,129,1290,-2.98725,-6.523707,-2.937387,-2.967021,-3.10822,-3.440474,-3.362751,-70.32285,0.1258821,1.088375,0.4767895,0.2423474,0.880295,1.001689,0.1104229,2.442167,24,24,24,24,24,24,24,24,24,24,25,25,25,24,25,25
130,1300,-37.7598,-66.38683,-22.52902,-18.51735,-16.65464,-11.23372,-8.807456,-9.155841,-6.686948,-6.644621,-4.159163,-5.295672,-2.980688,-3.106326,-2.267548,-1.085327,25,25,25,25,25,25,25,25,25,25,25,25,25,25,25,25,130,1300,-1.479678,-1.054566,-2.4891,-1.163739,232.4023,216.7324,-1.828573,-1.826276,-2.848808,-0.6451778,-0.7901343,-1.48059,-1.409593,-0.8923814,-0.7236001,-2.374326,25,25,25,25,25,25,25,25,25,25,25,25,25,25,25,25,130,1300,-2.068142,-6.012068,-3.704135,-2.709048,-0.6478122,-1.019618,-2.0695,-69.77613,-0.1214049,-0.3630765,0.8343834,0.4848939,-0.2203579,0.1123646,-0.88557,2.559175,24,24,24,24,24,24,24,24,24,24,25,25,25,24,25,25
131,1310,-36.91806,-65.90314,-23.39059,-18.76095,-16.89603,-10.9869,-8.935071,-8.152749,-6.934391,-5.413932,-4.990955,-4.665418,-2.980688,-2.867394,-2.625758,0.3633189,25,25,25,25,25,25,25,25,25,25,25,25,25,25,25,25,131,1310,-0.6727065,-1.186363,-0.2634509,-0.388084,232.0077,217.47,-1.95917,-1.044168,-1.295754,-0.6451778,-2.104075,-1.211179,-2.305454,-2.117171,-2.650406,-1.131067,25,25,25,25,25,25,25,25,25,25,25,25,25,25,25,25,131,1310,-1.723475,-6.267887,-4.215299,-1.16121,0.9061292,-1.401858,-3.492075,-70.65089,-0.1214049,0.1207419,-2.006639E-06,-0.3640172,-0.3304245,0.2235308,0.2210899,3.261261,24,24,24,24,24,24,24,24,24,24,25,25,25,24,25,25
132,1320,-36.67756,-65.66129,-22.03669,-17.78656,-14.6029,-9.629368,-6.255179,-7.149658,-5.201416,-5.290862,-3.089717,-4.287265,-2.265383,-3.584188,-1.909338,-0.240283,25,25,25,25,25,25,25,25,25,25,25,25,25,25,25,25,132,1320,-2.152155,-1.713547,-1.965415,-1.810119,231.8761,216.7324,-2.612161,-2.478032,-1.94286,-2.833837,-2.366861,-3.635875,-4.09717,-3.119271,-3.252533,-2.600373,25,25,25,25,25,25,25,25,25,25,25,25,25,25,25,25,132,1320,-1.608586,-6.012068,-3.704134,-3.869927,-4.014686,-4.842023,-2.32815,-69.4481,0.2495256,0.2416957,0.3575919,0.7274404,0.5500985,-0.2211316,-0.7749047,2.559175,24,24,24,24,24,24,24,24,24,24,25,25,25,24,25,25
133,1330,-35.11433,-65.78222,-19.69815,-13.76719,-11.34426,-7.901601,-4.851427,-5.645019,-4.086633,-3.814034,-3.089717,-2.522553,-1.550077,-1.075411,-1.551127,-0.481725,25,25,25,25,25,25,25,25,25,25,25,25,25,25,25,25,133,1330,-3.228117,-2.636121,-2.096338,-2.068671,232.2708,216.4865,-1.697975,-2.738735,-2.97823,-1.932624,-3.812197,-3.635875,-2.561411,-3.34196,-4.456787,-5.085421,25,25,25,25,25,25,25,25,25,25,25,25,25,25,25,25,133,1330,-3.217028,-6.267887,-4.215299,-4.51486,-3.885189,-4.204955,-3.104101,-71.1976,0.1258821,-0.604984,0.7151855,0.8487152,-0.440491,-0.5546287,-0.1109077,2.910218,24,24,24,24,24,24,24,24,24,24,25,25,25,24,25,25
134,1340,-31.62712,-64.57298,-17.72884,-10.47862,-9.171824,-6.54407,-3.192446,-3.889608,-3.591173,-2.337207,-1.901443,-1.135309,-0.5963346,-0.5975482,-0.2376888,-0.481725,25,25,25,25,25,25,25,25,25,25,25,25,25,25,25,25,134,1340,-2.017659,-2.372529,-2.358177,-2.327223,231.3498,216.6095,-1.828573,-2.999438,-2.97823,-3.220071,-3.812197,-2.827642,-2.689393,-2.896582,-3.613809,-4.521353,25,25,25,25,25,25,25,25,25,25,25,25,25,25,25,25,134,1340,-4.021247,-7.546985,-3.704134,-5.159792,-3.367209,-3.950127,-2.974775,-69.77613,0.620456,0.2416957,0.5959875,0.6061688,-0.0002279542,0.1123646,0.1104229,2.442167,24,24,24,24,24,24,24,24,24,24,25,25,25,24,25,25
135,1350,-28.74115,-63.60559,-15.3903,-8.895232,-7.240776,-6.173835,-3.192446,-4.8927,-2.971849,-3.814034,-3.089717,-3.278858,-1.669294,-3.225791,-1.431723,-0.1195636,25,25,25,25,25,25,25,25,25,25,25,25,25,25,25,25,135,1350,-1.883164,-2.240732,-1.965415,-3.102879,232.1392,217.3471,-1.959169,-2.478032,-3.10765,-3.735049,-3.023835,-2.692937,-2.817371,-2.33986,-2.770832,-3.052467,25,25,25,25,25,25,25,25,25,25,25,25,25,25,25,25,135,1350,-2.412809,-6.779527,-4.34309,-4.385873,-4.532665,-3.822714,-2.457529,-70.32285,-0.4923362,-0.1211657,-2.006639E-06,0.2423474,-0.5505544,0.001199168,0.2210899,2.793203,24,24,24,24,24,24,24,24,24,24,25,25,25,24,25,25
136,1360,-27.17793,-62.63821,-14.0364,-8.529836,-7.240776,-4.56948,-3.702902,-3.638835,-3.962768,-3.19869,-3.089717,-2.648604,-2.265383,-2.270068,-2.506355,0.1218784,25,25,25,25,25,25,25,25,25,25,25,25,25,25,25,25,136,1360,-2.28665,-1.186363,-3.143701,-2.715051,231.4814,216.9783,-2.089767,-3.260185,-4.14302,-2.962581,-3.155227,-3.50117,-3.585253,-2.562549,-2.409555,-2.82642,25,25,25,25,25,25,25,25,25,25,25,25,25,25,25,25,136,1360,-2.527698,-7.419075,-4.598673,-3.482968,-3.367209,-5.351676,-4.009429,-70.65088,-0.3686927,0.8464679,1.430373,-0.0001990586,-0.440491,0.4458616,0.1104229,2.325152,24,24,24,24,24,24,24,24,24,24,25,25,25,24,25,25
137,1370,-28.98165,-62.27544,-13.91332,-8.042641,-6.758014,-5.063127,-3.575289,-4.641927,-3.343444,-3.690966,-2.257926,-3.783062,-2.623035,-3.225791,-2.745162,-0.361004,25,25,25,25,25,25,25,25,25,25,25,25,25,25,25,25,137,1370,-1.883164,-3.69049,-2.358177,-2.456499,232.0077,217.3471,-2.481561,-4.042293,-3.237073,-3.091326,-3.680799,-2.692937,-3.329292,-4.232715,-3.85466,-4.182703,25,25,25,25,25,25,25,25,25,25,25,25,25,25,25,25,137,1370,-2.98725,-7.674896,-4.087508,-3.998913,-3.237713,-3.440474,-2.716179,-70.32284,0.1258821,-0.604984,1.311175,0.3636223,0.1098386,0.5570278,-0.88557,2.793203,24,24,24,24,24,24,24,24,24,24,25,25,25,24,25,25
138,1380,-29.3424,-62.03359,-12.80559,-8.042641,-6.275252,-5.556775,-3.95813,-4.8927,-4.086633,-4.675519,-3.565027,-4.161214,-2.742253,-3.703654,-1.67053,-0.7231655,25,25,25,25,25,25,25,25,25,25,25,25,25,25,25,25,138,1380,-3.093621,-2.636121,-2.227254,-2.068671,232.1392,217.2242,-3.13455,-3.260185,-3.366495,-2.962581,-2.498256,-3.097052,-3.84121,-3.675993,-3.372958,-4.408538,25,25,25,25,25,25,25,25,25,25,25,25,25,25,25,25,138,1380,-2.757472,-8.186535,-5.109838,-4.256887,-3.755694,-3.950127,-1.940228,-70.32284,0.1258821,0.7255076,1.191977,-0.3640172,-0.3304245,0.5570278,0.2210899,2.910218,24,24,24,24,24,24,24,24,24,24,25,25,25,24,25,25
139,1390,-27.17793,-61.0662,-11.20553,-5.118836,-5.671796,-3.45828,-3.064833,-3.764222,-2.971849,-2.952553,-2.970836,-2.900706,-3.338341,-2.867394,-1.789934,-0.361004,25,25,25,25,25,25,25,25,25,25,25,25,25,25,25,25,139,1390,-3.362612,-2.636121,-2.096338,-3.232155,232.1392,216.1178,-3.13455,-3.260185,-3.107652,-3.47756,-2.761046,-4.444104,-3.329292,-3.230615,-3.613809,-4.634168,25,25,25,25,25,25,25,25,25,25,25,25,25,25,25,25,139,1390,-2.98725,-7.930715,-3.32076,-3.740941,-2.978724,-5.224262,-2.974829,-70.2135,0.867743,0.4836001,0.1191964,0.1210758,0.5500985,-0.1099662,-0.2215747,1.623073,24,24,24,24,24,24,24,24,24,24,25,25,25,24,25,25
140,1400,-27.89942,-60.46159,-10.59012,-4.996964,-4.585578,-2.840619,-2.043908,-3.011903,-2.847985,-3.32176,-2.139045,-2.648604,-0.9539876,-2.98686,-1.551127,-0.361004,25,25,25,25,25,25,25,25,25,25,25,25,25,25,25,25,140,1400,-2.55564,-2.240732,-3.012778,-2.715051,231.0867,215.5031,-3.003952,-2.869131,-3.366495,-2.190114,-3.680799,-2.962353,-3.073332,-2.785238,-3.011682,-5.198229,25,25,25,25,25,25,25,25,25,25,25,25,25,25,25,25,140,1400,-3.102139,-7.674896,-4.470881,-5.417765,-4.144179,-3.31306,-1.940228,-70.65088,-0.6159796,-0.3630797,0.7151859,0.2423506,0.5500985,-0.7769603,0.1104229,3.261261,24,24,24,24,24,24,24,24,24,24,25,25,25,24,25,25
141,1410,-25.97544,-60.70344,-9.605473,-4.753218,-4.102816,-3.45828,-1.788422,-3.011903,-1.980931,-2.829484,-2.257871,-2.900706,-1.192423,-2.628463,-1.31232,-1.447488,25,25,25,25,25,25,25,25,25,25,25,25,25,25,25,25,141,1410,-1.883164,-2.504325,-1.310814,-2.715051,231.3498,216.9783,-1.959169,-2.608429,-1.813442,-3.348815,-3.418016,-2.154121,-3.073332,-3.007926,-3.252533,-2.600373,25,25,25,25,25,25,25,25,25,25,25,25,25,25,25,25,141,1410,-3.102139,-8.314445,-3.576342,-2.709049,0.258655,-0.7647904,-2.845504,-69.88548,1.238674,0.2416925,0.4767903,-0.1214675,0.6601618,0.1123646,0.6637529,2.910218,24,24,24,24,24,24,24,24,24,24,25,25,25,24,25,25
142,1420,-26.69693,-59.37328,-8.990066,-4.02198,-4.22351,-2.470022,-3.064833,-2.510356,-2.847985,-2.09107,-2.733181,-2.648604,-2.3846,-2.508948,-1.192917,-0.1195636,25,25,25,25,25,25,25,25,25,25,25,25,25,25,25,25,142,1420,-3.093621,-2.372529,-3.274617,-3.490707,231.7445,217.8389,-3.395746,-2.087023,-3.625337,-3.348815,-3.155227,-3.097058,-3.585253,-2.785234,-2.770832,-3.504562,25,25,25,25,25,25,25,25,25,25,25,25,25,25,25,25,142,1420,-2.642583,-7.035346,-4.34309,-4.256887,-1.683772,-2.93082,-1.422927,-69.55744,-0.2450488,-0.2421259,0.9535815,0.3636255,-0.0002311648,-0.6657941,-0.33224,2.793203,24,24,24,24,24,24,24,24,24,24,25,25,25,24,25,25
143,1430,-24.8932,-59.73605,-8.005414,-3.412616,-2.533836,-3.087683,-0.8942209,-3.011903,-0.9900132,-3.075623,-1.42608,-2.774655,-1.550077,-2.867343,-1.789934,-0.361004,25,25,25,25,25,25,25,25,25,25,25,25,25,25,25,25,143,1430,-2.824631,-3.031509,-3.798301,-2.715051,231.3498,215.9949,-2.481561,-3.78159,-3.625337,-3.220071,-3.286618,-3.905291,-2.689393,-3.898678,-3.734234,-3.730609,25,25,25,25,25,25,25,25,25,25,25,25,25,25,25,25,143,1430,-2.642583,-6.651617,-4.854255,-3.224994,-2.072257,-4.842022,-3.233479,-70.54153,-0.1214049,0.2416925,0.7151859,0.4848971,-0.0002311648,0.4458624,0.3317585,2.910218,24,24,24,24,24,24,24,24,24,24,25,25,25,24,25,25
144,1440,-25.73494,-60.21974,-7.513089,-2.925124,-2.292462,-1.481765,-0.1277631,-1.632248,-1.113878,-1.598794,-0.831943,-1.387519,-0.5963346,-0.2391015,-0.3570919,-0.9645497,25,25,25,25,25,25,25,25,25,25,25,25,25,25,25,25,144,1440,-3.228117,-4.349472,-2.881855,-3.102879,231.6129,216.9783,-2.612158,-4.433347,-3.366495,-2.962581,-3.549408,-3.097058,-2.945353,-3.67599,-3.372958,-3.617579,25,25,25,25,25,25,25,25,25,25,25,25,25,25,25,25,144,1440,-4.021247,-8.186535,-4.34309,-5.288778,-4.014685,-4.459781,-1.681578,-70.32284,-0.1214049,-0.6049873,0.7151859,0.606172,0.5500953,1.001691,-0.7749014,2.442167,24,24,24,24,24,24,24,24,24,24,25,25,25,24,25,25
145,1450,-24.29196,-59.61513,-7.390008,-2.437633,-3.016598,-1.605297,-0.6387351,-1.00435,-0.1229596,-1.475725,-0.5942886,-0.378475,0.1189712,-0.7169626,-0.1182858,-0.9645497,25,25,25,25,25,25,25,25,25,25,25,25,25,25,25,25,145,1450,-3.766047,-3.69049,-2.4891,-2.585775,231.2183,216.4866,-3.787539,-2.478077,-2.84881,-2.318858,-1.97268,-3.097058,-3.20131,-2.117168,-2.168705,-3.730602,25,25,25,25,25,25,25,25,25,25,25,25,25,25,25,25,145,1450,-3.331917,-8.826084,-4.982047,-5.030806,-3.108218,-1.784098,-2.198879,-70.10416,0.002238607,0.8464646,1.191977,0.3636255,-0.6606241,0.1123662,0.4424238,3.027232,24,24,24,24,24,24,24,24,24,24,25,25,25,24,25,25
146,1460,-24.29196,-59.36308,-6.774601,-2.803252,-1.8097,-2.222958,-0.5109921,-1.757827,-1.237742,-2.706415,-2.020217,-1.89204,-1.311641,-2.508948,-0.8347057,0.2426541,25,25,25,25,25,25,25,25,25,25,25,25,25,25,25,25,146,1460,-2.555589,-2.899765,-1.965415,-2.197947,231.2183,215.749,-2.742756,-2.347726,-3.625337,-1.54639,-2.498256,-3.097058,-2.305454,-2.228513,-2.891257,-4.069673,25,25,25,25,25,25,25,25,25,25,25,25,25,25,25,25,146,1460,-2.527698,-8.314496,-4.34309,-2.967021,-2.590238,-4.332368,-2.974829,-70.10416,0.4968126,0.8464646,0.4767903,-0.1214675,0.1098354,0.4458624,-0.1109061,2.559181,24,24,24,24,24,24,24,24,24,24,25,25,25,24,25,25
147,1470,-24.05146,-59.12128,-5.666867,-3.046997,-2.413155,-2.34649,-0.766478,-2.00881,-1.733202,-1.721863,-1.307252,-1.89204,-1.788512,-1.553222,-2.506355,-0.7231093,25,25,25,25,25,25,25,25,25,25,25,25,25,25,25,25,147,1470,-2.82458,-1.977191,-2.35817,-2.715051,230.4289,216.6095,-2.612158,-3.129834,-3.237073,-2.447603,-3.023835,-2.692942,-2.689393,-2.67389,-2.891257,-3.730602,25,25,25,25,25,25,25,25,25,25,25,25,25,25,25,25,147,1470,-2.527698,-7.419127,-4.2153,-4.256887,-3.237713,-2.675993,-1.940228,-70.4322,-0.6159796,-0.0002151117,0.5959879,0.8487185,0.8802918,-0.1099654,-0.3322384,2.910224,24,24,24,24,24,24,24,24,24,24,25,25,25,24,25,25
148,1480,-23.08947,-59.60488,-7.63617,-6.093819,-5.79249,-3.952409,-2.809605,-2.510356,-1.237742,-1.968001,-1.663735,-2.144301,-1.90773,-2.270016,-1.431723,-0.4816689,25,25,25,25,25,25,25,25,25,25,25,25,25,25,25,25,148,1480,-2.286598,-2.767969,-2.750932,-3.102827,230.8235,216.8554,-2.481561,-2.217375,-2.978231,-3.606305,-2.366861,-2.692942,-2.561411,-2.339857,-3.132108,-3.391532,25,25,25,25,25,25,25,25,25,25,25,25,25,25,25,25,148,1480,-2.757472,-8.698225,-4.470882,-4.514809,-3.496704,-3.567887,-2.586853,-69.99482,0.3731691,0.3626463,1.191977,-0.364014,0.4400319,0.5570278,0.1104262,3.495289,24,24,24,24,24,24,24,24,24,24,25,25,25,24,25,25
149,1490,-25.25395,-59.60488,-8.251577,-7.555444,-5.068347,-3.45828,-1.788422,-3.011903,-1.113878,-2.829484,-1.544907,-2.522553,-2.026947,-2.508948,-0.3570919,-0.6023883,25,25,25,25,25,25,25,25,25,25,25,25,25,25,25,25,149,1490,-3.09357,-2.37258,-3.012771,-2.585723,232.2708,216.8554,-3.787539,-1.565618,-3.107652,-1.803879,-1.447105,-1.345888,-3.073332,-1.337757,-1.687003,-3.504555,25,25,25,25,25,25,25,25,25,25,25,25,25,25,25,25,149,1490,-3.217028,-7.419127,-3.831926,-4.901769,-3.626201,-3.950127,-2.198879,-68.79203,0.002238607,-0.2421259,0.7151859,0.606172,0.4400319,0.1123662,-0.8855684,3.027232,24,24,24,24,24,24,24,24,24,24,25,25,25,24,25,25
150,1500,-25.61469,-59.72579,-8.251577,-5.971946,-4.464891,-2.840619,-1.27745,-1.12993,-0.6184185,-1.106518,-1.307252,-1.261388,-1.311641,-0.7169626,-1.073513,0.1219346,25,25,25,25,25,25,25,25,25,25,25,25,25,25,25,25,150,1500,-1.345131,-2.504376,-3.405533,-2.327171,231.4814,215.9948,-2.612158,-2.73878,-2.201704,-1.288901,-2.104075,-1.750005,-1.665554,-2.67389,-2.891257,-3.504555,25,25,25,25,25,25,25,25,25,25,25,25,25,25,25,25,150,1500,-1.953253,-6.779578,-4.470882,-3.74089,-1.813269,-2.038873,-3.880105,-71.08826,0.3731691,0.3626463,0.8343838,1.091265,0.2198988,-0.1099654,0.1104262,3.144246,24,24,24,24,24,24,24,24,24,24,25,25,25,24,25,25
151,1510,-27.29818,-60.2094,-9.605472,-6.702852,-4.464891,-1.975893,-0.6387351,-0.7531912,-0.7422835,-0.2450347,-0.7131162,0.3783077,-0.0002464153,-0.8364282,0.120522,-0.4816689,25,25,25,25,25,25,25,25,25,25,25,25,25,25,25,25,151,1510,-2.017608,-3.690542,-2.489087,-2.197895,231.0867,216.2407,-3.395749,-3.129834,-1.425178,-0.7739226,-2.104075,-1.750005,-2.817371,-2.339857,-2.650406,-3.956649,25,25,25,25,25,25,25,25,25,25,25,25,25,25,25,25,151,1510,-3.676584,-8.954044,-4.2153,-4.12785,-2.978725,-3.440421,-3.362805,-69.66678,0.3731691,-0.3630797,0.5959879,0.121079,0.1098354,0.334697,0.2210915,3.261261,24,24,24,24,24,24,24,24,24,24,25,25,25,24,25,25
152,1520,-27.29818,-60.4512,-10.22088,-9.991424,-7.120089,-4.322656,-2.29915,-2.384969,-1.733202,-2.829484,-1.307252,-2.018171,-1.430859,-2.628412,-1.31232,-0.8438303,25,25,25,25,25,25,25,25,25,25,25,25,25,25,25,25,152,1520,-2.421094,-2.240783,-1.965408,-2.197895,232.4023,215.626,-3.003955,-1.826327,-1.942862,-1.675135,-1.709891,-2.692942,-2.817371,-2.339857,-2.28913,-3.730602,25,25,25,25,25,25,25,25,25,25,25,25,25,25,25,25,152,1520,-2.527698,-7.802856,-4.087508,-5.030755,-3.885191,-3.950075,-3.233479,-69.4481,0.620456,0.4836001,1.072779,0.7274436,0.3299653,0.334697,-0.6642361,2.79321,24,24,24,24,24,24,24,24,24,24,25,25,25,24,25,25
153,1530,-28.98166,-60.4512,-10.71321,-10.35682,-7.361476,-4.075832,-2.809605,-2.635742,-2.724172,-2.706415,-2.495526,-3.026757,-2.742253,-3.22574,-2.506355,-0.4816689,25,25,25,25,25,25,25,25,25,25,25,25,25,25,25,25,153,1530,-2.421094,-2.240783,-2.489087,-2.068619,231.0867,215.626,-2.873356,-0.9138684,-2.719389,-1.288901,-1.841286,-2.423531,-1.793532,-1.783135,-2.048279,-4.069673,25,25,25,25,25,25,25,25,25,25,25,25,25,25,25,25,153,1530,-2.412809,-7.419127,-4.2153,-4.514809,-2.84923,-2.67594,-2.845504,-70.10416,0.620456,0.2416925,0.8343838,0.606172,0.1098354,0.5570278,0.4424238,3.144246,24,24,24,24,24,24,24,24,24,24,25,25,25,24,25,25
154,1540,-30.06389,-60.4512,-10.34396,-9.13883,-6.999395,-3.581812,-2.554377,-2.886516,-1.980983,-2.460327,-1.782562,-3.152807,-1.788512,-3.106274,-1.67053,-1.20599,25,25,25,25,25,25,25,25,25,25,25,25,25,25,25,25,154,1540,-1.479627,-1.581802,-2.35817,-2.068619,231.2183,216.1178,-2.481563,-0.6531659,-1.166336,-1.160156,-1.97268,-1.480593,-1.793532,-2.005824,-1.807428,-3.052461,25,25,25,25,25,25,25,25,25,25,25,25,25,25,25,25,154,1540,-3.446806,-8.314496,-4.343091,-3.095958,-1.942764,-1.52922,-3.492129,-70.10416,1.115031,0.1207387,0.8343838,0.121079,-0.1102977,0.8905248,0.4424238,3.495289,24,24,24,24,24,24,24,24,24,24,25,25,25,24,25,25
155,1550,-31.86762,-61.66022,-12.31326,-10.60042,-8.568375,-5.063127,-3.192446,-2.886516,-1.857118,-3.198742,-2.257924,-1.89204,-1.669294,-2.508948,-1.431723,-1.568152,25,25,25,25,25,25,25,25,25,25,25,25,25,25,25,25,155,1550,-1.076141,-2.240783,-1.441724,-2.585723,231.0867,216.4865,-2.742758,-1.565625,-1.166336,-2.318858,-1.052924,-1.884709,-2.177472,-1.115067,-1.084876,-2.600367,25,25,25,25,25,25,25,25,25,25,25,25,25,25,25,25,155,1550,-2.068142,-6.779578,-4.087508,-3.611903,-2.59024,-3.058181,-1.940228,-69.12007,0.2495256,0.4836001,0.8343834,0.8487185,0.3299653,0.00119997,-0.2215715,3.027232,24,24,24,24,24,24,24,24,24,24,25,25,25,24,25,25
156,1560,-31.14613,-60.81391,-11.69785,-9.747826,-7.602851,-3.705344,-3.192446,-3.011902,-2.228712,-2.21419,-2.733234,-2.648604,-2.026947,-2.508948,-1.67053,0.001213615,25,25,25,25,25,25,25,25,25,25,25,25,25,25,25,25,156,1560,-1.479627,-0.2638401,-1.572646,-1.422239,231.2183,215.9948,-3.003955,-0.9138684,-2.072284,-0.5164335,0.5238067,-0.8070623,-0.5137349,0.4437546,0.7215044,-2.487343,25,25,25,25,25,25,25,25,25,25,25,25,25,25,25,25,156,1560,-2.183031,-7.163307,-5.109838,-2.580011,0.388149,-0.1276712,-2.586853,-71.08826,0.3731691,0.4836001,1.668769,1.091268,-0.4404942,0.1123662,-0.0002407967,2.79321,24,24,24,24,24,24,24,24,24,24,25,25,25,24,25,25
157,1570,-30.06389,-60.81391,-10.95937,-9.13883,-7.240783,-3.705344,-1.532936,-1.757829,-1.609388,-2.706466,-1.663787,-2.396502,-1.90773,-3.22574,-1.551127,0.001213615,25,25,25,25,25,25,25,25,25,25,25,25,25,25,25,25,157,1570,-0.0001781896,-0.9228213,-0.9180455,-0.5173084,231.7445,215.9948,-2.350964,-1.435274,-0.7780719,0.12729,-0.2645585,-0.9417672,-1.281615,-1.894479,-1.446152,-0.79199,25,25,25,25,25,25,25,25,25,25,25,25,25,25,25,25,157,1570,-1.493697,-6.651668,-4.343091,-1.032174,0.2586542,-3.950075,-1.681578,-69.4481,0.002238607,-0.2421259,0.2383939,0.7274469,0.1098354,0.5570278,0.4424238,3.027232,24,24,24,24,24,24,24,24,24,24,25,25,25,24,25,25
158,1580,-30.54489,-61.66022,-11.69785,-11.45301,-8.447694,-6.54407,-3.702902,-3.137289,-1.485524,-1.968052,-1.54496,-2.018171,-2.146165,-2.867394,-2.267548,-1.20599,25,25,25,25,25,25,25,25,25,25,25,25,25,25,25,25,158,1580,-2.017608,-1.581802,-1.965408,-1.810068,230.1657,216.2407,-3.26515,-1.826327,-1.295756,-1.288901,-2.498256,-2.154116,-2.177472,-2.339911,-2.529981,-1.583155,25,25,25,25,25,25,25,25,25,25,25,25,25,25,25,25,158,1580,0.1147444,-6.140028,-4.470882,-3.095958,-5.180142,-5.98869,-1.552253,-69.4481,0.2495256,0.7255076,0.7151855,0.8487217,0.1098354,-0.2211308,-0.1109061,2.676195,24,24,24,24,24,24,24,24,24,24,25,25,25,24,25,25
159,1590,-31.74737,-61.05571,-12.0671,-9.869624,-8.447694,-5.927011,-4.085744,-3.137289,-1.609388,-3.814086,-2.733234,-2.270432,-2.742253,-3.225791,-2.386951,0.4840945,25,25,25,25,25,25,25,25,25,25,25,25,25,25,25,25,159,1590,-2.959075,-2.108987,-2.35817,-2.973551,231.2183,215.0113,-2.873356,-2.347733,-1.813442,-2.447603,-1.841286,-2.288821,-2.561411,-2.117223,-2.409555,-3.956649,25,25,25,25,25,25,25,25,25,25,25,25,25,25,25,25,159,1590,-1.953253,-6.779578,-4.854256,-4.256836,-4.014686,-5.60645,-2.586853,-70.21351,0.2495256,0.8464646,0.8343834,0.8487217,-0.2203611,0.668194,-0.0002407967,3.261261,24,24,24,24,24,24,24,24,24,24,25,25,25,24,25,25
160,1600,-30.54489,-60.93481,-10.0978,-8.773434,-6.75802,-5.803599,-2.554377,-3.638835,-1.980983,-3.444879,-2.376752,-2.522553,-2.742253,-3.225791,-2.267547,0.1218784,25,25,25,25,25,25,25,25,25,25,25,25,25,25,25,25,160,1600,-2.017608,-1.713599,-2.35817,-2.327171,231.3498,214.8884,-2.481563,-1.695976,-2.589967,-1.54639,-2.498256,-1.884705,-1.665554,-2.117223,-2.650406,-4.182652,25,25,25,25,25,25,25,25,25,25,25,25,25,25,25,25,160,1600,-2.872361,-6.907488,-4.343091,-3.482917,-4.273677,-5.60645,-1.034952,-68.90139,0.620456,0.3626463,0.3575919,0.2423539,0.3299653,0.7793594,0.1104262,3.027232,24,24,24,24,24,24,24,24,24,24,25,25,25,24,25,25
161,1610,-28.8614,-61.17661,-10.46704,-8.408036,-5.792496,-3.705344,-2.043908,-2.259583,-1.361659,-1.844983,-1.069651,-1.76591,-1.669294,-1.911671,-2.386951,-0.8438865,25,25,25,25,25,25,25,25,25,25,25,25,25,25,25,25,161,1610,-1.345131,-1.581802,-2.227247,-2.714999,230.4289,216.1178,-2.742758,-2.478084,-2.331125,-3.220071,-3.155227,-2.423526,-2.689393,-3.007978,-2.650406,-3.391487,25,25,25,25,25,25,25,25,25,25,25,25,25,25,25,25,161,1610,-2.068142,-7.291217,-4.982047,-4.772782,-3.10822,-4.969383,-1.940228,-69.33877,-0.7396231,0.1207387,1.191977,1.091268,-0.4404942,-0.7769595,0.1104262,2.676195,24,24,24,24,24,24,24,24,24,24,25,25,25,24,25,25
162,1620,-31.50687,-61.78113,-13.05175,-11.69661,-10.62012,-6.173834,-3.830516,-3.513449,-1.857118,-2.09112,-2.139097,-2.270432,-1.90773,-2.508999,-2.02874,0.1218784,25,25,25,25,25,25,25,25,25,25,25,25,25,25,25,25,162,1620,-1.883113,-2.240732,-2.096331,-3.490655,231.3498,215.5031,-2.742758,-1.695976,-3.107652,-3.735049,-1.709891,-2.423526,-2.305454,-1.226466,-2.168705,-4.069628,25,25,25,25,25,25,25,25,25,25,25,25,25,25,25,25,162,1620,-2.642583,-7.802856,-4.726464,-4.772782,-4.144181,-5.861277,-4.26808,-70.21351,0.002238607,0.6045538,0.5959875,0.8487217,-0.4404942,0.668194,0.3317585,3.144246,24,24,24,24,24,24,24,24,24,24,25,25,25,24,25,25
163,1630,-31.86761,-62.62744,-11.82094,-10.72222,-8.447694,-7.037717,-4.213357,-4.641927,-2.724172,-4.429432,-2.852061,-3.53096,-2.742253,-3.82312,-2.625758,-0.240283,25,25,25,25,25,25,25,25,25,25,25,25,25,25,25,25,163,1630,-1.883113,-1.318159,-2.620009,-2.068619,230.9551,215.8719,-2.873356,-1.956679,-2.978231,-1.288901,-1.052924,-2.288821,-2.177472,-2.896633,-2.048279,-2.826369,25,25,25,25,25,25,25,25,25,25,25,25,25,25,25,25,163,1630,-2.872361,-7.291217,-3.831925,-4.12785,-4.144181,-6.880584,-2.845504,-68.79204,0.1258821,-0.4840335,0.4767895,0.6061752,0.3299653,1.001691,-0.0002407967,2.676195,24,24,24,24,24,24,24,24,24,24,25,25,25,24,25,25
164,1640,-31.38662,-62.62744,-12.19018,-10.84402,-9.654593,-5.803599,-5.106655,-4.140381,-3.219631,-2.706466,-2.733234,-3.026757,-3.815212,-3.225791,-3.461582,0.2425979,25,25,25,25,25,25,25,25,25,25,25,25,25,25,25,25,164,1640,-1.076141,-2.372529,-1.310807,-1.939396,230.8235,215.5031,-2.220367,-2.478084,-1.166336,-0.6451778,-1.184315,-1.48059,-2.049493,-1.671845,-1.566578,-3.50451,25,25,25,25,25,25,25,25,25,25,25,25,25,25,25,25,164,1640,-1.723475,-7.930766,-4.470881,-6.062647,-4.014686,-5.60645,-1.681578,-68.68269,-0.1214049,0.1207387,1.549571,0.3636287,-0.2203611,-0.1099654,0.1104262,3.027232,24,24,24,24,24,24,24,24,24,24,25,25,25,24,25,25
165,1650,-31.50687,-62.74834,-12.43635,-9.747826,-7.844238,-4.939715,-3.32006,-3.513449,-1.857118,-3.075673,-1.901442,-2.900706,-1.788512,-3.345257,-1.909336,-0.6024445,25,25,25,25,25,25,25,25,25,25,25,25,25,25,25,25,165,1650,-1.345131,-0.9227699,-0.9180455,-1.293016,231.2183,214.2738,-3.134552,-1.174571,-1.036914,-1.417646,-1.052924,-1.345883,-2.049493,-2.005878,-1.446152,-2.261251,25,25,25,25,25,25,25,25,25,25,25,25,25,25,25,25,165,1650,-1.608586,-7.291217,-4.470881,-2.966971,-1.424782,-4.077488,-3.750779,-69.88548,0.2495256,0.6045538,1.072779,0.2423539,0.2198988,1.001691,0.4424238,2.442167,24,24,24,24,24,24,24,24,24,24,25,25,25,24,25,25
166,1660,-31.14612,-63.59466,-12.92867,-11.08761,-8.568375,-5.803599,-3.702902,-3.764222,-2.600307,-2.829535,-2.495579,-2.648604,-2.146165,-2.98686,-2.386951,-1.688929,25,25,25,25,25,25,25,25,25,25,25,25,25,25,25,25,166,1660,-2.421094,-1.449955,-1.703569,-2.327223,231.4814,214.1508,-2.873356,-1.695976,-2.072284,-2.061369,-3.286618,-2.962347,-2.561411,-2.896633,-3.011682,-3.730557,25,25,25,25,25,25,25,25,25,25,25,25,25,25,25,25,166,1660,-2.068142,-7.674945,-4.087508,-3.998863,-3.237713,-5.479089,-1.422927,-68.90139,-0.1214049,-0.6049873,0.7151855,0.2423539,0.8802918,0.1123662,-0.1109061,2.676195,24,24,24,24,24,24,24,24,24,24,25,25,25,24,25,25
167,1670,-30.30438,-62.50654,-13.17483,-10.23502,-8.447681,-4.692892,-3.575289,-3.513449,-2.724172,-2.829535,-2.970889,-2.648604,-2.861471,-3.464723,-2.02874,0.3633189,25,25,25,25,25,25,25,25,25,25,25,25,25,25,25,25,167,1670,-2.152103,-2.240732,-2.35817,-1.551568,230.4289,214.3967,-1.567431,-2.08703,-3.625337,-2.447603,-4.074986,-3.097052,-3.073332,-3.119322,-3.85466,-3.956604,25,25,25,25,25,25,25,25,25,25,25,25,25,25,25,25,167,1670,-2.29792,-8.570314,-4.982047,-5.288728,-3.885189,-4.459781,-2.069553,-69.4481,0.002238607,0.6045538,1.072779,-0.0001926374,-0.6606241,-0.3322971,-0.2215715,3.378275,24,24,24,24,24,24,24,24,24,24,25,25,25,24,25,25
168,1680,-29.82339,-62.26473,-12.19018,-8.773434,-7.361476,-5.18654,-3.064833,-4.014995,-1.485524,-3.937156,-1.901442,-2.648604,-1.90773,-3.584188,-2.625758,0.2425979,25,25,25,25,25,25,25,25,25,25,25,25,25,25,25,25,168,1680,-2.286598,-2.636121,-1.572646,-2.715051,229.771,215.1343,-1.959225,-3.260185,-2.719389,-4.121283,-3.680799,-2.962347,-3.073332,-3.119322,-3.132108,-4.182652,25,25,25,25,25,25,25,25,25,25,25,25,25,25,25,25,168,1680,-3.331917,-8.186584,-4.726464,-4.514809,-4.40317,-5.86133,-2.457529,-69.12007,-0.3686922,0.9674184,0.7151855,0.1210822,0.6601618,1.001691,0.5530891,2.676195,24,24,24,24,24,24,24,24,24,24,25,25,25,24,25,25
169,1690,-31.02588,-63.83646,-13.17483,-10.72222,-7.361476,-5.18654,-2.937219,-3.388062,-1.609337,-3.075673,-1.782615,-2.774655,-1.430859,-2.628463,-2.386951,-1.085327,25,25,25,25,25,25,25,25,25,25,25,25,25,25,25,25,169,1690,-2.152103,-1.449955,-2.489087,-2.973603,231.0867,215.9949,-2.87341,-1.956672,-3.754754,-2.318858,-2.104075,-2.558232,-3.457271,-2.228567,-2.168705,-3.843581,25,25,25,25,25,25,25,25,25,25,25,25,25,25,25,25,169,1690,-3.331917,-8.314495,-4.598673,-5.675687,-5.050645,-4.459781,-1.164277,-69.55745,-0.3686922,-0.6049873,1.072779,0.6061752,0.6601618,0.7793594,-0.2215715,3.027232,24,24,24,24,24,24,24,24,24,24,25,25,25,24,25,25
170,1700,-31.74737,-62.99015,-12.43635,-8.895232,-6.637327,-3.705293,-2.937219,-3.388062,-2.47639,-3.19869,-2.614406,-2.270432,-2.623035,-3.106326,-1.789933,0.2425979,25,25,25,25,25,25,25,25,25,25,25,25,25,25,25,25,170,1700,-0.9416456,-1.449955,-2.096331,-1.422291,230.9551,215.3802,-2.22042,-1.304916,-2.07228,-1.160156,-0.5273448,-1.75,-1.409593,-0.5583995,-0.6031749,-3.50451,25,25,25,25,25,25,25,25,25,25,25,25,25,25,25,25,170,1700,-2.183031,-8.698225,-5.36542,-4.12785,-2.978724,-2.675993,-1.034952,-68.90139,-0.8632666,0.7255076,1.430373,0.4849004,-0.3304276,0.2235308,0.4424238,4.080355,24,24,24,24,24,24,24,24,24,24,25,25,25,24,25,25
171,1710,-30.54488,-63.59466,-13.17483,-10.72222,-8.447681,-5.18654,-3.32006,-4.767314,-2.352526,-3.937105,-2.139045,-3.657011,-2.265383,-4.062051,-2.625758,0.2425979,25,25,25,25,25,25,25,25,25,25,25,25,25,25,25,25,171,1710,1.882756,-0.1319927,0.5220793,0.7753999,230.4289,215.9949,-2.481616,-0.2621088,0.3867211,1.157246,0.1296225,0.001168667,-0.5137349,-0.7810883,0.1193774,-1.357063,25,25,25,25,25,25,25,25,25,25,25,25,25,25,25,25,171,1710,-1.723475,-7.163306,-4.470881,-2.708998,-4.014685,-13.11701,-1.810903,-68.90139,0.620456,0.4836001,0.5959879,0.3636287,0.5500953,0.5570278,0.2210915,2.09113,24,24,24,24,24,24,24,24,24,24,25,25,25,24,25,25
172,1720,-27.89941,-62.50654,-12.31326,-11.33121,-8.327001,-4.816304,-2.681991,-3.388062,-1.733202,-2.706414,-1.901389,-2.522553,-2.503818,-2.150602,-2.267547,-0.6024445,25,25,25,25,25,25,25,25,25,25,25,25,25,25,25,25,172,1720,-0.5381598,0.7905805,0.1293175,-0.0002560471,230.4289,214.6426,-3.265205,-0.1317575,-0.1309629,-0.2589439,0.1296225,-1.750003,-1.537572,-1.226466,-0.964451,-1.696133,25,25,25,25,25,25,25,25,25,25,25,25,25,25,25,25,172,1720,-0.000144478,-6.907487,-4.215299,-3.224944,-3.108218,-5.606503,-2.198879,-69.77613,-0.2450488,-0.9678518,1.072779,0.606172,0.1098354,0.334697,0.1104262,3.378275,24,24,24,24,24,24,24,24,24,24,25,25,25,24,25,25
173,1730,-28.98165,-62.26473,-13.05175,-11.20941,-8.689069,-5.309952,-2.809605,-3.889608,-2.104796,-2.460276,-1.544907,-2.144302,-1.90773,-2.270068,-1.909336,0.4840399,25,25,25,25,25,25,25,25,25,25,25,25,25,25,25,25,173,1730,-0.269169,0.2633963,0.2602338,-1.163739,230.692,213.7821,-2.22042,-0.783514,-1.036911,-1.031412,-1.447105,-3.366465,-1.793536,-1.560501,-2.168705,-3.50451,25,25,25,25,25,25,25,25,25,25,25,25,25,25,25,25,173,1730,-0.4597002,-7.930766,-5.237629,-3.224944,-3.496704,-4.077541,-1.810903,-69.77613,0.002238607,0.8464646,0.9535815,-0.000195848,-0.4404429,0.1123662,-0.1109061,2.79321,24,24,24,24,24,24,24,24,24,24,25,25,25,24,25,25
174,1740,-28.6209,-62.86924,-11.32861,-9.747826,-6.275259,-4.56948,-2.171535,-3.011903,-1.980931,-3.567898,-1.782562,-2.018171,-1.788513,-2.508949,-0.1182842,-0.7231655,25,25,25,25,25,25,25,25,25,25,25,25,25,25,25,25,174,1740,-0.5381598,0.1315994,-1.048968,-0.388084,229.771,215.0114,-2.22042,-0.3924601,-1.166333,-0.6451778,-2.498256,-1.076475,-0.6417168,-1.671845,-2.048279,-3.50451,25,25,25,25,25,25,25,25,25,25,25,25,25,25,25,25,174,1740,-1.953253,-7.802856,-4.598673,-3.74089,-3.626199,-3.822714,-2.586853,-68.13598,0.2495256,0.4836001,0.4767903,0.2423506,0.6602132,0.3347476,-0.5535707,2.442167,24,24,24,24,24,24,24,24,24,24,25,25,25,24,25,25
175,1750,-29.94364,-62.26473,-10.83629,-8.529836,-6.999395,-3.334697,-1.788422,-2.38497,-1.857067,-1.844931,-1.901389,-1.261389,-1.311642,-0.5975001,-1.551127,0.2425979,25,25,25,25,25,25,25,25,25,25,25,25,25,25,25,25,175,1750,-1.345131,-1.713547,-1.048968,-2.327223,230.9551,214.7655,-1.698028,-1.565618,-1.425175,-3.091326,-2.498256,-3.097055,-2.817374,-2.673945,-2.77078,-3.391487,25,25,25,25,25,25,25,25,25,25,25,25,25,25,25,25,175,1750,-1.953253,-7.035397,-4.854255,-4.256836,-4.014685,-5.86133,-2.716179,-70.10416,-0.6159796,-0.3630797,1.191977,0.7274436,0.1098868,0.1124159,-0.33224,3.378275,24,24,24,24,24,24,24,24,24,24,25,25,25,24,25,25
176,1760,-30.06389,-62.74834,-11.08245,-7.190047,-4.826972,-2.222906,-0.383249,-1.12993,-0.3706889,-0.3681027,-0.831943,-8.427884E-05,-0.2386825,-0.1196374,0.7175388,-0.481725,25,25,25,25,25,25,25,25,25,25,25,25,25,25,25,25,176,1760,-2.152103,-1.97714,-2.620009,-1.810119,230.4289,215.9949,-1.959225,-1.565618,-3.36649,-2.576347,-2.892437,-3.23176,-2.689396,-3.342011,-3.493332,-3.391474,25,25,25,25,25,25,25,25,25,25,25,25,25,25,25,25,176,1760,-2.98725,-8.954044,-4.598673,-5.288728,-4.40317,-4.077541,-2.198879,-69.12007,0.002238607,-0.0002151117,0.7151859,-0.7278353,0.1098868,0.3347476,0.3317553,3.729312,24,24,24,24,24,24,24,24,24,24,25,25,25,24,25,25
177,1770,-28.38041,-61.90203,-8.866984,-5.60638,-3.378686,-2.099374,-0.766478,-1.255509,-0.9900132,-1.352655,-1.307252,-0.756867,-0.5963362,-0.9558971,0.4787319,-0.8438865,25,25,25,25,25,25,25,25,25,25,25,25,25,25,25,25,177,1770,-1.614173,-2.240732,-2.881849,-1.939396,230.5604,214.6426,-1.698028,-3.260185,-3.107648,-2.061369,-2.235467,-2.692939,-1.921514,-2.117223,-1.20525,-5.085421,25,25,25,25,25,25,25,25,25,25,25,25,25,25,25,25,177,1770,-3.102087,-7.419126,-4.34309,-4.901769,-5.568626,-5.86133,-2.198879,-68.57336,0.4968126,0.4836001,-1.605311E-06,0.8487185,0.8803431,-0.1099149,-0.33224,2.442167,24,24,24,24,24,24,24,24,24,24,25,25,25,24,25,25
178,1780,-28.62091,-60.46159,-8.620821,-5.362633,-4.34421,-2.099374,-1.405193,-1.883407,-1.857067,-1.598793,-1.901389,-2.018171,-2.026948,-2.270018,-1.073513,0.1218784,25,25,25,25,25,25,25,25,25,25,25,25,25,25,25,25,178,1780,-0.8072011,-2.108936,-0.9180455,-0.5173606,229.771,215.0114,-2.742812,-1.826321,-0.7780687,-1.160156,-2.366861,-2.019413,-3.201313,-2.451256,-1.807377,-2.035191,25,25,25,25,25,25,25,25,25,25,25,25,25,25,25,25,178,1780,-2.527646,-7.163307,-4.854255,-3.611903,-1.424782,-5.988743,-2.586853,-69.77613,-0.2450488,0.6045538,0.9535815,0.4848971,0.1098868,-0.2210803,0.3317553,3.612297,24,24,24,24,24,24,24,24,24,24,25,25,25,24,25,25
179,1790,-29.5829,-59.85698,-9.728554,-6.337455,-4.585585,-3.211164,-2.043908,-2.38497,-2.228661,-3.567898,-2.020217,-2.900706,-1.43086,-2.986812,-1.67053,0.2425979,25,25,25,25,25,25,25,25,25,25,25,25,25,25,25,25,179,1790,-2.286649,-1.845343,-1.965415,-1.680844,230.692,214.2738,-2.742812,-1.956672,-1.813438,-2.705092,-2.104075,-2.96235,-2.945356,-2.5626,-2.77078,-3.730545,25,25,25,25,25,25,25,25,25,25,25,25,25,25,25,25,179,1790,-2.297868,-8.314496,-4.598673,-5.5467,-4.791656,-6.62581,-2.198879,-68.79204,0.7440996,0.2416925,0.2383943,-0.4852888,-0.0001797949,0.2235821,0.1104229,2.793203,24,24,24,24,24,24,24,24,24,24,25,25,25,24,25,25
180,1800,-31.38662,-60.82436,-9.359309,-7.799042,-5.91319,-3.705293,-2.043908,-2.510356,-2.352526,-2.460276,-1.307252,-2.522553,-0.9539892,-2.389483,-1.789934,-1.568209,25,25,25,25,25,25,25,25,25,25,25,25,25,25,25,25,180,1800,-2.421145,-1.845343,-2.358177,-1.293016,230.2973,213.905,-1.698028,-1.565618,-2.978228,-1.803879,-3.418016,-3.635878,-2.305457,-3.007978,-3.493332,-4.634168,25,25,25,25,25,25,25,25,25,25,25,25,25,25,25,25,180,1800,-2.06809,-7.930766,-5.237629,-5.804673,-5.568626,-5.479089,-2.586853,-69.12007,0.002238607,0.1207387,1.430373,0.8487185,-0.5505062,-0.3322457,0.1104229,2.559175,24,24,24,24,24,24,24,24,24,24,25,25,25,24,25,25
181,1810,-28.74115,-60.46159,-10.71321,-7.920841,-7.240789,-2.717035,-2.554377,-2.761129,-2.228661,-2.829483,-2.376699,-2.144302,-1.788513,-2.74788,-1.67053,0.2425979,25,25,25,25,25,25,25,25,25,25,25,25,25,25,25,25,181,1810,-2.82463,-2.899713,-2.227254,-1.939396,229.2448,214.6426,-2.22042,-1.826321,-2.460543,-2.576347,-3.023835,-2.692939,-2.945356,-3.342011,-3.613757,-4.182639,25,25,25,25,25,25,25,25,25,25,25,25,25,25,25,25,181,1810,-2.87231,-7.419127,-4.982047,-6.062646,-4.532665,-6.24357,-2.328203,-69.12007,0.002238607,0.4836001,1.072779,0.8487185,0.1098868,0.2235821,0.7744198,2.676195,24,24,24,24,24,24,24,24,24,24,25,25,25,24,25,25
182,1820,-27.41842,-60.34067,-9.605472,-7.920841,-5.309741,-3.458229,-0.8942209,-2.761129,-0.4945539,-3.321759,-0.7131162,-2.018171,-1.192424,-2.986812,-1.073513,-0.481725,25,25,25,25,25,25,25,25,25,25,25,25,25,25,25,25,182,1820,-1.210687,-2.372529,-1.572653,-3.232155,230.2973,214.5196,-2.351019,-1.956672,-2.848806,-3.220071,-2.366861,-2.154118,-2.433435,-2.451256,-2.289078,-4.069615,25,25,25,25,25,25,25,25,25,25,25,25,25,25,25,25,182,1820,-3.216977,-8.826135,-4.726464,-5.675687,-3.755694,-4.969436,-2.457529,-69.12007,-0.2450488,-0.6049873,0.3575923,0.3636255,0.3300167,0.445913,0.6637529,2.793203,24,24,24,24,24,24,24,24,24,24,25,25,25,24,25,25
183,1830,-27.29817,-59.73605,-7.882333,-5.728201,-3.982135,-2.099374,-0.7664268,-1.883407,-0.8661482,-1.721862,-1.544907,-1.63978,-1.90773,-1.433758,-1.909338,-0.361004,25,25,25,25,25,25,25,25,25,25,25,25,25,25,25,25,183,1830,-2.421145,-1.713547,-2.881855,-2.197947,230.692,214.8884,-2.220364,-2.347726,-2.848806,-2.447603,-1.97268,-3.635878,-2.561414,-2.5626,-2.289078,-3.052403,25,25,25,25,25,25,25,25,25,25,25,25,25,25,25,25,183,1830,-2.642532,-7.547037,-4.598673,-4.901768,-4.532665,-4.587195,-2.845504,-68.79204,0.1258821,0.3626463,1.311175,0.7274436,-0.1102464,-0.6657427,-0.000242402,3.378268,24,24,24,24,24,24,24,24,24,24,25,25,25,24,25,25
184,1840,-27.17793,-59.85698,-8.128495,-6.337455,-5.551116,-3.458229,-2.043856,-2.761129,-1.485472,-2.214139,-1.42608,-1.51365,-0.9539892,-1.075363,-0.5958996,-0.1195636,25,25,25,25,25,25,25,25,25,25,25,25,25,25,25,25,184,1840,-1.883163,-3.03151,-2.4891,-2.327223,230.2973,214.0279,-1.82857,-3.129837,-2.460543,-2.190114,-2.366861,-2.423529,-2.305457,-3.5647,-3.493332,-4.182639,25,25,25,25,25,25,25,25,25,25,25,25,25,25,25,25,184,1840,-2.182979,-7.802856,-5.36542,-4.514808,-3.885189,-5.606503,-2.845504,-69.55744,0.2495256,-0.0002151117,0.5959879,-0.364014,-0.7706394,0.8905753,0.5530875,2.676195,24,24,24,24,24,24,24,24,24,24,25,25,25,24,25,25
185,1850,-24.17171,-60.34067,-6.897682,-5.484455,-3.740761,-3.828825,-1.532884,-2.886516,-1.733253,-3.19869,-1.544907,-2.144302,-1.192424,-2.150552,-0.2376888,-1.085327,25,25,25,25,25,25,25,25,25,25,25,25,25,25,25,25,185,1850,-2.286649,-3.954083,-2.750939,-1.422291,229.5079,214.7655,-2.612158,-2.608432,-2.072284,-1.803879,-2.892437,-2.692939,-3.713234,-3.230667,-2.77078,-3.730545,25,25,25,25,25,25,25,25,25,25,25,25,25,25,25,25,185,1850,-3.561643,-8.442406,-5.109838,-4.643795,-4.144179,-5.86133,-1.552253,-68.35467,0.1258307,-0.2421259,0.7151859,-0.1214675,0.8803431,0.445913,0.2210899,2.676195,24,24,24,24,24,24,24,24,24,24,25,25,25,24,25,25
186,1860,-23.45022,-59.13143,-8.251577,-7.190047,-5.189047,-3.211164,-3.064833,-1.883407,-2.971901,-2.337207,-2.495526,-2.144302,-2.384602,-2.628415,-1.67053,-0.1195636,25,25,25,25,25,25,25,25,25,25,25,25,25,25,25,25,186,1860,-2.82463,-1.713547,-1.834492,-2.844327,230.9551,213.6591,-3.003952,-2.217378,-2.072284,-2.447603,-1.709891,-2.96235,-2.945356,-2.228567,-2.409504,-3.730545,25,25,25,25,25,25,25,25,25,25,25,25,25,25,25,25,186,1860,-2.757421,-8.314496,-4.726464,-5.417714,-3.108218,-3.695301,-1.940228,-68.90138,-0.1214563,-0.4840335,1.311175,0.3636255,-0.0001797949,-0.9992397,-0.5535724,3.027232,24,24,24,24,24,24,24,24,24,24,25,25,25,24,25,25
187,1870,-24.17171,-59.13143,-8.743902,-7.190047,-5.551116,-3.458229,-2.554377,-3.137289,-1.113929,-2.706414,-1.663735,-3.152807,-1.788513,-3.464674,-2.386951,-0.481725,25,25,25,25,25,25,25,25,25,25,25,25,25,25,25,25,187,1870,-1.210687,-1.449955,-1.965415,-1.551568,229.6395,212.4297,-1.959169,-1.43527,-2.589967,-1.932624,-2.235467,-3.635878,-2.817374,-2.339911,-3.252481,-4.069615,25,25,25,25,25,25,25,25,25,25,25,25,25,25,25,25,187,1870,-2.06809,-7.930766,-5.109838,-3.224943,-2.460742,-4.077541,-3.750779,-69.66678,0.8676916,0.3626463,0.7151859,0.2423506,-0.3303763,0.6682445,0.1104229,2.676195,24,24,24,24,24,24,24,24,24,24,25,25,25,24,25,25
188,1880,-25.1337,-59.73605,-9.48239,-11.08761,-8.930463,-5.927011,-3.575289,-3.262676,-2.476442,-3.075621,-1.663735,-2.774655,-1.669295,-2.986812,-2.506355,-2.05109,25,25,25,25,25,25,25,25,25,25,25,25,25,25,25,25,188,1880,-2.017659,-2.108936,-1.834492,-1.551568,229.2448,214.6426,-2.220364,-2.087027,-1.425178,-2.576347,-3.155227,-2.154121,-2.561414,-2.5626,-2.289078,-3.052403,25,25,25,25,25,25,25,25,25,25,25,25,25,25,25,25,188,1880,-2.87231,-8.186586,-3.959716,-3.611902,-2.590238,-3.695301,-2.845504,-68.68269,-0.368744,-0.4840335,0.4767903,0.2423506,0.1098868,1.112907,-0.33224,2.559175,24,24,24,24,24,24,24,24,24,24,25,25,25,24,25,25
189,1890,-28.26016,-59.61513,-11.08245,-9.747826,-8.447701,-4.692892,-3.95813,-2.635743,-3.095766,-2.829483,-2.020217,-2.522553,-1.788513,-2.508949,-1.073513,0.00115743,25,25,25,25,25,25,25,25,25,25,25,25,25,25,25,25,189,1890,-1.748668,-2.372529,-1.703576,-2.456499,229.771,214.5196,-2.612158,-1.956676,-2.072284,-2.962581,-2.366861,-2.154121,-2.561411,-2.228567,-2.289078,-2.826356,25,25,25,25,25,25,25,25,25,25,25,25,25,25,25,25,189,1890,-1.838313,-7.163307,-5.621003,-3.482916,-2.590238,-3.058233,-2.457529,-68.90138,-0.863318,0.2416925,1.311175,-0.000195848,-0.3304276,-0.4434119,-0.33224,2.910218,24,24,24,24,24,24,24,24,24,24,25,25,25,24,25,25
190,1900,-28.74115,-59.85698,-9.113146,-7.433645,-5.430434,-3.705293,-1.277399,-3.011903,-1.609388,-2.214138,-0.831943,-1.89204,-0.5963362,-1.553222,-0.4764957,0.3633189,25,25,25,25,25,25,25,25,25,25,25,25,25,25,25,25,190,1900,-2.286649,-1.449955,-2.881855,-2.197947,229.9026,214.1508,-3.003952,-1.565622,-2.84881,-2.318858,-1.709891,-1.750005,-2.177472,-2.117168,-1.927802,-2.93938,25,25,25,25,25,25,25,25,25,25,25,25,25,25,25,25,190,1900,-2.182979,-7.674947,-4.598673,-3.095957,-2.590238,-3.950127,-3.233479,-69.33876,0.2494742,0.8464646,0.5959879,-0.364014,-0.0002311648,0.890524,-0.2215747,2.442167,24,24,24,24,24,24,24,24,24,24,25,25,25,24,25,25
191,1910,-26.21593,-60.21974,-8.620821,-6.581053,-4.947659,-2.717035,-0.3831981,-0.8787715,0.2485837,0.124174,0.1186751,0.7566988,1.191929,1.911279,1.672767,-0.361004,25,25,25,25,25,25,25,25,25,25,25,25,25,25,25,25,191,1910,-1.210687,-2.108936,-2.227254,-2.456499,229.6395,213.5361,-2.612158,-3.129837,-1.942862,-1.803879,-1.578499,-2.692942,-1.665554,-2.228513,-2.28913,-2.826356,25,25,25,25,25,25,25,25,25,25,25,25,25,25,25,25,191,1910,-2.527646,-7.163307,-4.982047,-2.837983,-1.942762,-2.038925,-1.293602,-69.4481,0.2494742,-0.9678518,1.311175,0.4848971,0.5500953,0.4458616,-0.1109077,3.027232,24,24,24,24,24,24,24,24,24,24,25,25,25,24,25,25
192,1920,-25.49444,-59.61513,-9.605472,-7.190047,-5.792503,-2.840568,-1.021913,-1.632249,-0.4946052,-0.3681027,-0.0001517019,-8.387752E-05,0.953494,0.5971582,0.7175381,0.1218784,25,25,25,25,25,25,25,25,25,25,25,25,25,25,25,25,192,1920,-1.614173,-2.240732,-1.179891,-1.034463,229.2448,214.2738,-2.612158,-1.695973,-1.295756,-0.2589439,-1.447105,-0.4029508,-1.537572,-1.560446,-1.566578,-2.148273,25,25,25,25,25,25,25,25,25,25,25,25,25,25,25,25,192,1920,-1.608535,-7.291217,-5.36542,-2.837983,-1.813267,-2.293752,-1.422927,-68.68269,-1.110605,-0.4840335,1.191977,-0.1214675,-0.4404942,0.001199168,-0.000242402,3.495283,24,24,24,24,24,24,24,24,24,24,25,25,25,24,25,25
193,1930,-24.05146,-59.13143,-8.005414,-7.068248,-3.740761,-2.717035,-0.3831981,-1.757828,-0.2468756,-2.091068,-0.3566344,-1.63978,-0.4771186,-1.553222,-0.2376888,-0.1195636,25,25,25,25,25,25,25,25,25,25,25,25,25,25,25,25,193,1930,-1.614122,-1.318159,-1.834492,-1.422291,229.771,213.4132,-3.13455,-1.826324,-1.5546,-1.803879,-1.184315,-2.288826,-1.921514,-1.894479,-1.807428,-2.37432,25,25,25,25,25,25,25,25,25,25,25,25,25,25,25,25,193,1930,-0.4596969,-6.907488,-4.598673,-1.032173,-0.6478114,-2.166339,-3.104154,-69.33876,0.8676916,0.6045538,0.7151859,-0.000195848,0.4400319,0.7793586,0.2210899,2.442167,24,24,24,24,24,24,24,24,24,24,25,25,25,24,25,25
194,1940,-23.57047,-59.85698,-7.513089,-6.215656,-4.102829,-2.840568,-0.6386839,-1.506669,-0.8661995,-0.8603787,-1.069598,-0.5046055,-1.43086,-0.5974969,-0.4764965,-0.481725,25,25,25,25,25,25,25,25,25,25,25,25,25,25,25,25,194,1940,-1.345131,-1.450006,-2.227254,-1.422291,229.771,212.7986,-1.959169,-1.43527,-2.589967,-1.288901,-2.366861,-2.692942,-1.793532,-1.783135,-2.28913,-3.165485,25,25,25,25,25,25,25,25,25,25,25,25,25,25,25,25,194,1940,-2.068139,-7.163256,-5.109838,-1.806092,-2.201753,-2.93082,-1.940228,-68.79203,-0.1214563,-0.6049873,0.8343838,0.4848971,0.5500953,0.6681932,-0.5535724,3.027232,24,24,24,24,24,24,24,24,24,24,25,25,25,24,25,25
195,1950,-26.09569,-59.73605,-8.866984,-8.164438,-6.033877,-4.075832,-1.532884,-2.00881,-0.7423349,-1.721862,-0.831943,-1.261388,-0.9539892,-1.672688,-1.312321,-0.9646059,25,25,25,25,25,25,25,25,25,25,25,25,25,25,25,25,195,1950,-1.614122,-1.31821,-1.965415,-1.810119,229.1132,213.782,-1.959169,-2.347729,-1.425178,-2.705092,-2.761046,-2.288826,-2.049493,-2.67389,-2.409555,-2.487343,25,25,25,25,25,25,25,25,25,25,25,25,25,25,25,25,195,1950,-1.95325,-7.163256,-5.876534,-2.580011,-2.460742,-2.421166,-2.069553,-69.01073,-0.2451001,0.2416925,1.072779,-0.000195848,-0.6606241,0.1123646,0.3317553,3.027232,24,24,24,24,24,24,24,24,24,24,25,25,25,24,25,25
196,1960,-26.93743,-59.73605,-8.620821,-9.017033,-5.671809,-4.692892,-1.405141,-2.886516,-1.857118,-3.444827,-2.257871,-2.774655,-2.146166,-3.22574,-1.789935,-0.7231655,25,25,25,25,25,25,25,25,25,25,25,25,25,25,25,25,196,1960,-1.076141,-1.845395,-1.310814,-2.327223,229.5079,214.0279,-2.089767,-1.956676,-2.201704,-2.833837,-3.023835,-2.962353,-2.689393,-2.339857,-2.28913,-3.504555,25,25,25,25,25,25,25,25,25,25,25,25,25,25,25,25,196,1960,-2.068139,-7.291166,-5.365369,-2.580061,-2.719733,-4.204955,-2.974829,-69.12006,0.2494742,0.8464646,0.8343838,0.3636255,-0.0002311648,0.5570278,0.1104229,2.559175,24,24,24,24,24,24,24,24,24,24,25,25,25,24,25,25
197,1970,-28.01967,-59.97789,-9.359309,-7.311846,-5.189041,-3.458229,-2.043856,-2.259583,-1.361659,-1.844931,-2.020217,-2.396502,-2.503819,-1.433757,-1.909338,-0.481725,25,25,25,25,25,25,25,25,25,25,25,25,25,25,25,25,197,1970,-2.152103,-1.31821,-2.750939,-2.068671,230.0342,214.5196,-2.873355,-2.608432,-3.366495,-2.705092,-2.366861,-3.366468,-2.177472,-2.562546,-1.807428,-2.487343,25,25,25,25,25,25,25,25,25,25,25,25,25,25,25,25,197,1970,-2.527691,-5.884158,-4.087457,-3.482967,-2.849228,-3.567887,-1.552253,-69.01073,0.002187237,-0.6049873,0.7151859,0.2423506,0.7702252,0.5570278,0.5530875,2.793203,24,24,24,24,24,24,24,24,24,24,25,25,25,24,25,25
198,1980,-27.41842,-60.46159,-8.620821,-5.118836,-4.223516,-2.34649,-1.405141,-1.506669,-0.4946052,-1.844931,-0.7131162,-1.63978,-0.9539892,-1.911619,-0.5958996,-0.6024445,25,25,25,25,25,25,25,25,25,25,25,25,25,25,25,25,198,1980,-1.614122,-3.163357,-1.834492,-2.585775,229.2448,213.782,-2.612158,-2.999486,-2.201704,-1.803879,-1.578499,-1.480593,-2.177472,-2.117168,-2.048279,-3.617579,25,25,25,25,25,25,25,25,25,25,25,25,25,25,25,25,198,1980,-2.64258,-7.802805,-6.132116,-3.096008,-2.590238,-1.274445,-3.362805,-69.66678,0.7440482,0.3626463,0.5959879,0.3636255,-0.7706907,0.1123646,-0.442907,3.378268,24,24,24,24,24,24,24,24,24,24,25,25,25,24,25,25
199,1990,-24.77295,-59.97789,-7.63617,-5.7282,-3.982129,-4.075832,-1.405193,-3.011903,-1.857118,-3.567897,-1.307252,-2.900706,-1.90773,-2.986809,-1.670531,-1.206048,25,25,25,25,25,25,25,25,25,25,25,25,25,25,25,25,199,1990,-1.748618,-1.713599,-1.703576,-1.034463,229.2448,213.905,-3.265205,-1.826324,-1.295756,-1.160156,-1.052924,-1.076478,-2.177472,-0.00162297,-0.7236001,-2.148273,25,25,25,25,25,25,25,25,25,25,25,25,25,25,25,25,199,1990,-1.95325,-6.651617,-4.854204,-2.193103,-2.201753,-2.93082,-1.422927,-68.24531,-0.1214563,0.1207387,0.4767903,0.4848971,0.6601618,0.2235308,-0.33224,1.506058,24,24,24,24,24,24,24,24,24,24,25,25,25,24,25,25
200,2000,-26.33619,-58.76867,-8.497741,-6.093819,-5.671803,-3.45828,-2.29915,-2.635743,-3.095766,-2.091068,-2.257871,-2.522553,-2.503819,-2.747877,-2.028742,0.00115743,25,25,25,25,25,25,25,25,25,25,25,25,25,25,25,25,200,2000,-1.345131,-0.5274323,-0.3943736,-1.163739,230.0342,212.6757,-3.265205,-0.3924633,-0.7780719,-0.7739226,-0.7901343,-2.019416,-1.537572,-0.7810338,-0.964451,-2.148273,25,25,25,25,25,25,25,25,25,25,25,25,25,25,25,25,200,2000,-1.034138,-6.651617,-4.854204,-1.935129,0.7766352,1.018998,-2.716179,-69.4481,-0.616031,-0.3630797,1.072779,-0.000195848,0.4400319,-0.4434632,-0.33224,3.495283,24,24,24,24,24,24,24,24,24,24,25,25,25,24,25,25
201,2010,-26.81718,-59.01051,-8.251577,-6.093819,-5.189041,-3.581812,-2.554377,-2.635743,-2.104796,-2.952551,-1.188426,-3.026757,-1.90773,-4.062,-2.864566,-0.6024445,25,25,25,25,25,25,25,25,25,25,25,25,25,25,25,25,201,2010,-1.076141,-0.5274323,-1.310814,-1.163739,228.9817,212.6757,-2.351019,-1.304922,-2.460547,-0.9026674,-1.841286,-2.423531,-1.793532,-1.783135,-2.891257,-2.71339,25,25,25,25,25,25,25,25,25,25,25,25,25,25,25,25,201,2010,-1.149027,-6.907436,-5.620951,-2.580061,-2.201753,-3.058234,-1.681578,-69.33876,0.620456,0.2416925,0.7151859,-0.1214675,0.5500953,0.4458616,0.3317553,3.027232,24,24,24,24,24,24,24,24,24,24,25,25,25,24,25,25
202,2020,-27.65892,-59.97789,-8.005414,-6.946449,-6.275259,-5.063127,-2.937219,-3.889608,-2.104796,-2.829483,-1.307252,-2.018171,-1.073207,-2.747877,-1.551128,-1.206048,25,25,25,25,25,25,25,25,25,25,25,25,25,25,25,25,202,2020,-1.210636,-1.054617,-1.310814,-1.810119,228.5869,213.6591,-2.22042,-1.695976,-1.295756,-2.06142,-1.97268,-2.019416,-1.537572,-1.67179,-1.084876,-2.261296,25,25,25,25,25,25,25,25,25,25,25,25,25,25,25,25,202,2020,-1.95325,-5.884158,-4.726412,-2.967021,-3.237713,-4.077541,-2.716179,-68.57335,0.2495256,-0.4840335,0.3575923,0.3636255,0.4400319,-0.4434632,-0.6642377,2.325152,24,24,24,24,24,24,24,24,24,24,25,25,25,24,25,25
203,2030,-29.1019,-59.61513,-9.359309,-9.017033,-9.413218,-5.556775,-4.468585,-4.767314,-3.962768,-3.321759,-2.257926,-2.774655,-2.384602,-2.628412,-1.909338,0.3633189,25,25,25,25,25,25,25,25,25,25,25,25,25,25,25,25,203,2030,-1.076141,-1.186413,-1.703576,-2.197947,229.2448,213.782,-1.828626,-0.9138684,-2.072284,-1.546442,-0.7901278,-0.941772,-1.793532,-1.003723,-1.084876,-2.148273,25,25,25,25,25,25,25,25,25,25,25,25,25,25,25,25,203,2030,-1.608583,-6.779527,-4.981996,-3.482967,-2.072257,-1.401858,-1.552253,-69.4481,-0.9869105,-0.2421259,1.191977,0.606172,0.3299653,-0.6657941,-0.1109077,3.495283,24,24,24,24,24,24,24,24,24,24,25,25,25,24,25,25
204,2040,-31.50687,-60.82436,-11.69786,-12.18381,-11.10288,-7.407953,-4.340972,-4.767314,-2.847985,-3.321759,-1.426134,-2.774655,-1.788513,-3.703603,-2.745162,0.1218784,25,25,25,25,25,25,25,25,25,25,25,25,25,25,25,25,204,2040,-1.614122,-2.37258,-3.536456,-1.810119,230.0342,213.4132,-2.351019,-1.695976,-2.719389,-1.803931,-2.235463,-2.827642,-1.793532,-2.117168,-2.529981,-1.809202,25,25,25,25,25,25,25,25,25,25,25,25,25,25,25,25,204,2040,-1.723472,-7.546985,-5.365369,-3.096008,-2.072257,-2.675993,-2.457529,-69.77612,0.867743,0.4836001,0.4767903,-1.091657,-0.1102977,0.3346962,0.8850852,3.261261,24,24,24,24,24,24,24,24,24,24,25,25,25,24,25,25
205,2050,-33.55111,-61.79175,-13.91332,-14.61979,-12.30979,-7.901601,-5.106655,-5.770406,-2.971849,-3.690966,-1.544961,-2.774655,-1.90773,-2.389482,-2.028742,-0.8438865,25,25,25,25,25,25,25,25,25,25,25,25,25,25,25,25,205,2050,-1.614122,-3.295154,-2.620016,-2.456499,229.3763,213.2903,-2.22042,-3.260191,-2.331125,-2.31891,-2.629644,-2.423526,-3.329292,-3.898678,-3.613809,-3.617579,25,25,25,25,25,25,25,25,25,25,25,25,25,25,25,25,205,2050,-2.64258,-6.523707,-4.598621,-3.869926,-3.496704,-4.842023,-2.328203,-68.24531,-0.7396231,0.3626463,-0.1191992,0.6061688,0.219902,0.1123646,-0.996237,2.559175,24,24,24,24,24,24,24,24,24,24,25,25,25,24,25,25
206,2060,-33.19035,-62.15451,-14.52873,-14.01079,-13.03393,-7.531365,-5.872338,-5.018087,-3.095714,-3.075622,-1.901443,-2.648604,-1.669294,-2.508948,-1.670531,0.1218784,25,25,25,25,25,25,25,25,25,25,25,25,25,25,25,25,206,2060,-3.497056,-3.031561,-2.750939,-2.327223,229.1132,213.5361,-3.656999,-3.260191,-2.84881,-2.576399,-2.892434,-3.50117,-3.329292,-2.673945,-2.770832,-3.730602,25,25,25,25,25,25,25,25,25,25,25,25,25,25,25,25,206,2060,-2.412802,-7.163256,-4.726412,-5.288778,-4.014685,-3.822715,-2.974829,-69.99482,0.4968126,-0.0002151117,0.8343838,0.3636223,-0.440491,-0.3322971,0.4424222,3.495283,24,24,24,24,24,24,24,24,24,24,25,25,25,24,25,25
207,2070,-29.3424,-61.91267,-12.0671,-10.84402,-9.895981,-6.667482,-3.702902,-3.638835,-1.857067,-3.444828,-1.307307,-2.396502,-1.550077,-3.22574,-1.789934,-0.1195636,25,25,25,25,25,25,25,25,25,25,25,25,25,25,25,25,207,2070,-2.82458,-2.504376,-1.965415,-2.973603,229.3763,212.1839,-2.742812,-1.565625,-2.460547,-2.190165,-2.104069,-3.635875,-2.945353,-2.005878,-2.048279,-5.085421,25,25,25,25,25,25,25,25,25,25,25,25,25,25,25,25,207,2070,-2.987247,-8.698174,-5.876534,-4.514859,-3.237713,-2.93082,-2.328203,-69.22941,0.2495256,0.2416925,0.4767903,-0.8491102,0.1098386,-0.2211316,0.442419,3.495283,24,24,24,24,24,24,24,24,24,24,25,25,25,24,25,25
208,2080,-28.86141,-61.67082,-11.20553,-9.626026,-8.085613,-4.939715,-3.192446,-3.262676,-2.971849,-2.583345,-1.307307,-2.270432,-1.550077,-2.031085,-1.909338,-1.085324,25,25,25,25,25,25,25,25,25,25,25,25,25,25,25,25,208,2080,-1.748618,-2.240783,-1.834492,-1.680844,229.3763,212.1839,-2.351019,-1.174571,-2.331125,-1.160208,-2.235463,-2.558232,-1.665554,-1.115121,-2.409555,-3.617585,25,25,25,25,25,25,25,25,25,25,25,25,25,25,25,25,208,2080,-2.068139,-7.035346,-4.47083,-2.967021,-3.237713,-2.675993,-2.716179,-68.68269,1.362318,0.7255076,0.3575923,0.7274404,-0.0002279542,-0.2211316,-0.553574,3.027232,24,24,24,24,24,24,24,24,24,24,25,25,25,24,25,25
209,2090,-26.69693,-60.82436,-11.32861,-9.626026,-8.206306,-5.680187,-3.575289,-3.513449,-2.47639,-2.952552,-1.544961,-2.018171,-1.90773,-2.389482,-1.431723,-0.1195604,25,25,25,25,25,25,25,25,25,25,25,25,25,25,25,25,209,2090,-0.5382111,-1.581802,-2.096338,-2.068671,227.9291,213.4132,-1.959225,-1.04422,-1.5546,-1.546442,-1.972674,-0.9417672,-1.025654,-0.5583995,0.3602283,-2.600373,25,25,25,25,25,25,25,25,25,25,25,25,25,25,25,25,209,2090,-1.149027,-5.628338,-4.726412,-3.224993,-1.424782,-2.038925,-2.198879,-69.33876,0.3731691,-0.1211721,0.8343838,0.4848939,-0.1102945,-0.1099662,-0.2215763,2.910218,24,24,24,24,24,24,24,24,24,24,25,25,25,24,25,25
210,2100,-26.21593,-60.5721,-9.851636,-7.555444,-6.878714,-5.063127,-2.681991,-3.764222,-2.228661,-3.814035,-1.663789,-2.396502,-1.669294,-3.106274,-1.551127,-0.4817218,25,25,25,25,25,25,25,25,25,25,25,25,25,25,25,25,210,2100,-0.134725,-0.6591778,-0.7871355,-1.680844,229.2448,213.905,-2.22042,0.3896412,-1.166336,-0.773974,0.1296289,-0.6723574,-1.281615,-0.3357107,-1.325727,-1.018044,25,25,25,25,25,25,25,25,25,25,25,25,25,25,25,25,210,2100,-2.297913,-7.163257,-5.109787,-1.806142,2.460072,1.528652,-2.716179,-68.35467,0.7440996,-0.0002151117,0.1191964,0.2423474,0.219902,0.6681932,0.2210883,2.442167,24,24,24,24,24,24,24,24,24,24,25,25,25,24,25,25
211,2110,-25.3742,-60.5721,-9.359309,-6.581053,-5.671803,-4.322656,-2.554377,-3.388062,-1.980931,-1.721862,-1.188479,-1.387519,-1.073205,-1.911619,-1.67053,-0.2402814,25,25,25,25,25,25,25,25,25,25,25,25,25,25,25,25,211,2110,-1.345183,-0.7909738,-2.227247,-0.9051877,229.6395,213.4132,-2.351019,-0.7835172,-2.201704,-1.803931,-1.578493,-2.154116,-2.945353,-2.673945,-2.529981,-2.82642,25,25,25,25,25,25,25,25,25,25,25,25,25,25,25,25,211,2110,-0.5745859,-6.012068,-4.982047,-1.935129,-2.331248,-4.969436,-2.457529,-69.01073,0.1258821,-0.6049873,0.4767903,0.3636223,-0.1102945,-0.3322971,-0.553574,2.910218,24,24,24,24,24,24,24,24,24,24,25,25,25,24,25,25
212,2120,-24.53246,-59.72579,-9.728554,-6.581053,-6.395952,-4.56948,-2.554377,-3.262676,-1.609337,-2.091069,-1.188479,-1.261388,-0.9539876,-1.314291,-0.3570919,-0.6024429,25,25,25,25,25,25,25,25,25,25,25,25,25,25,25,25,212,2120,-2.152155,-2.240732,-2.881849,-2.068671,228.8501,213.0444,-2.22042,-2.478084,-2.331125,-2.447654,-2.366858,-3.231757,-2.177472,-3.5647,-3.372958,-4.634168,25,25,25,25,25,25,25,25,25,25,25,25,25,25,25,25,212,2120,-2.757469,-7.546986,-5.493211,-4.38582,-2.978724,-4.842023,-3.104154,-70.2135,0.3731691,0.2416925,1.072779,0.4848939,0.219902,0.001199168,-0.0002440073,2.793203,24,24,24,24,24,24,24,24,24,24,25,25,25,24,25,25
213,2130,-24.05146,-59.84669,-8.497739,-7.433645,-5.91319,-4.692892,-1.405193,-2.761129,-2.228661,-2.829483,-0.71317,-1.63978,-1.311641,-2.508948,-1.31232,-0.7231623,25,25,25,25,25,25,25,25,25,25,25,25,25,25,25,25,213,2130,-2.824631,-3.426898,-2.489087,-2.068671,228.7185,213.2903,-2.481616,-2.608435,-2.460547,-2.447654,-3.15522,-2.019409,-3.457271,-2.673945,-2.650406,-3.956656,25,25,25,25,25,25,25,25,25,25,25,25,25,25,25,25,213,2130,-4.710577,-7.674896,-5.109838,-4.38582,-2.978725,-4.459782,-2.716179,-68.90138,0.002238607,-0.6049873,-1.605311E-06,-0.0001990586,0.219902,0.2235308,0.2210883,2.091124,24,24,24,24,24,24,24,24,24,24,25,25,25,24,25,25
214,2140,-26.57668,-59.48398,-8.743902,-7.920841,-6.999395,-4.322656,-2.043908,-2.761129,-1.237742,-2.214139,-0.9508243,-1.135258,-1.192423,-0.9558939,-1.551127,0.2426011,25,25,25,25,25,25,25,25,25,25,25,25,25,25,25,25,214,2140,-2.690136,-2.108936,-1.441724,-1.680844,229.771,212.9215,-3.395802,-2.08703,-2.072284,-2.190165,-2.629644,-2.962347,-3.20131,-2.228567,-2.168705,-4.521353,25,25,25,25,25,25,25,25,25,25,25,25,25,25,25,25,214,2140,-3.217025,-7.035347,-5.493211,-4.772779,-3.496705,-3.822714,-1.681578,-68.90138,-0.7396231,-0.3630797,0.7151859,0.2423474,0.880295,-0.5546287,-0.6642409,3.144246,24,24,24,24,24,24,24,24,24,24,25,25,25,24,25,25
215,2150,-28.86141,-60.3303,-11.08245,-8.408036,-7.723545,-4.322656,-3.064833,-2.886516,-1.857067,-2.214139,-1.544961,-1.63978,-1.073205,-2.031085,-1.192917,-0.4817218,25,25,25,25,25,25,25,25,25,25,25,25,25,25,25,25,215,2150,-2.017659,-1.449955,-1.834486,-2.068671,228.8501,211.6922,-3.003957,-1.435274,-2.331125,-1.803931,-1.447098,-2.962347,-1.921514,-1.226466,-2.048279,-4.521353,25,25,25,25,25,25,25,25,25,25,25,25,25,25,25,25,215,2150,-2.297913,-7.035347,-5.621003,-3.353928,-2.460745,-4.204955,-2.457475,-69.33876,0.867743,0.6045538,0.9535815,0.2423474,-0.2203579,0.4458616,0.442419,2.442167,24,24,24,24,24,24,24,24,24,24,25,25,25,24,25,25
216,2160,-26.45643,-60.3303,-9.728554,-8.895232,-5.430428,-3.705344,-2.554377,-3.513449,-2.228661,-3.321759,-1.426134,-3.152807,-1.90773,-3.345206,-1.551127,-0.3610008,25,25,25,25,25,25,25,25,25,25,25,25,25,25,25,25,216,2160,-0.8072015,-0.7909738,-1.965408,-0.775912,228.5869,212.7986,-2.350967,-1.174568,-1.425178,-0.2589953,-1.709888,-0.8070623,-1.281615,-1.115121,-2.28913,-3.278515,25,25,25,25,25,25,25,25,25,25,25,25,25,25,25,25,216,2160,-3.217025,-7.035347,-5.237629,-2.837983,-2.978725,-8.154772,-2.0695,-69.12007,0.2495256,-0.1211721,0.2383943,-0.0001990586,0.4400351,0.4458616,-0.0002440073,2.091124,24,24,24,24,24,24,24,24,24,24,25,25,25,24,25,25
217,2170,-27.05768,-60.2094,-9.605472,-7.433645,-5.551109,-3.087683,-2.043908,-2.259583,-2.228661,-2.091069,-2.376753,-2.270432,-2.742253,-1.672688,-2.506355,0.001159035,25,25,25,25,25,25,25,25,25,25,25,25,25,25,25,25,217,2170,-1.479678,-1.581751,-0.7871227,-1.939396,228.8501,213.0444,-2.08977,-1.565622,-1.554595,-2.576399,-1.841282,-1.48059,-2.305454,-2.896633,-2.529981,-3.730609,25,25,25,25,25,25,25,25,25,25,25,25,25,25,25,25,217,2170,-1.95325,-7.419076,-5.36542,-6.320616,-5.957114,-6.116157,-1.422874,-68.24532,-0.4923875,-0.0002151117,1.072779,0.1210758,-0.6606209,-0.3322971,0.3317536,3.261261,24,24,24,24,24,24,24,24,24,24,25,25,25,24,25,25
218,2180,-27.53867,-60.4512,-10.46704,-6.581053,-5.430428,-3.45828,-2.043908,-2.384969,-1.485472,-2.09112,-1.544961,-1.76591,-1.073205,-1.07536,-0.7153026,-0.4817218,25,25,25,25,25,25,25,25,25,25,25,25,25,25,25,25,218,2180,-2.152155,-1.449955,-1.703569,-2.327223,229.2448,213.6591,-3.003957,-1.565622,-2.331122,-1.932676,-2.629644,-2.827642,-2.049493,-2.451256,-2.409555,-4.182703,25,25,25,25,25,25,25,25,25,25,25,25,25,25,25,25,218,2180,-3.906355,-9.337725,-4.598673,-6.19163,-5.957114,-6.116157,-1.940174,-68.68269,0.002187237,0.7255141,0.7151859,-0.485292,0.5500985,0.2235308,-0.0002440073,2.442167,24,24,24,24,24,24,24,24,24,24,25,25,25,24,25,25
219,2190,-25.85519,-60.08849,-8.005414,-5.728201,-3.378686,-3.211215,-1.149707,-2.384969,-1.857067,-3.075673,-2.020271,-2.144301,-0.9539876,-1.672688,-0.3570919,-0.8438833,25,25,25,25,25,25,25,25,25,25,25,25,25,25,25,25,219,2190,-2.690136,-2.767917,-3.536449,-1.680844,229.1132,212.5527,-2.350967,-2.999486,-3.884174,-2.576399,-2.761046,-3.770579,-3.073332,-4.010077,-3.613809,-4.182703,25,25,25,25,25,25,25,25,25,25,25,25,25,25,25,25,219,2190,-3.561688,-8.314445,-4.854255,-5.933658,-6.216104,-6.370983,-2.0695,-68.90139,-0.1214563,-0.4840303,0.4767895,-0.0001990586,0.4400351,0.2235308,-0.553574,2.559175,24,24,24,24,24,24,24,24,24,24,25,25,25,24,25,25
220,2200,-24.53246,-59.12128,-7.882333,-3.900108,-3.378686,-1.852361,-1.149707,-0.8787723,-1.237742,-1.106568,-1.782616,-0.6307365,-1.430859,-1.194825,-0.2376888,0.1218801,25,25,25,25,25,25,25,25,25,25,25,25,25,25,25,25,220,2200,-2.690136,-4.481268,-2.35817,-2.715051,228.5869,213.1674,-2.612163,-3.651242,-1.813438,-2.190165,-2.629651,-1.884705,-3.073332,-3.230667,-2.770832,-5.085414,25,25,25,25,25,25,25,25,25,25,25,25,25,25,25,25,220,2200,-3.561688,-8.314445,-6.004376,-5.804671,-4.403172,-6.498397,-1.940174,-68.46401,-0.616031,0.4836033,0.8343834,-0.1214707,-0.6606209,-0.1099662,-0.110911,3.027232,24,24,24,24,24,24,24,24,24,24,25,25,25,24,25,25
221,2210,-23.20972,-57.67046,-7.266926,-3.290743,-3.137299,-1.481765,-1.149707,-1.50667,-0.7422835,-1.721913,-0.8319976,-2.018171,-0.8348229,-2.628412,-1.192917,0.1218801,25,25,25,25,25,25,25,25,25,25,25,25,25,25,25,25,221,2210,-3.228117,-1.97714,-1.179885,-1.810119,228.7185,212.5527,-3.656947,-2.087027,-2.07228,-1.675187,-1.184315,-1.75,-1.793484,-0.5583995,-0.7236001,-4.069679,25,25,25,25,25,25,25,25,25,25,25,25,25,25,25,25,221,2210,-2.987247,-8.186536,-4.34309,-4.772779,-4.921153,-5.096849,-3.104101,-68.46401,0.9913359,0.7255141,0.2383939,-0.0001990586,0.4400351,0.7793586,0.442419,2.208138,24,24,24,24,24,24,24,24,24,24,25,25,25,24,25,25
222,2220,-24.53246,-59.00037,-8.128495,-7.311846,-5.91319,-3.828877,-2.426764,-2.635742,-1.733202,-2.952603,-2.139098,-1.892041,-1.073258,-2.150551,-1.431723,-1.085324,25,25,25,25,25,25,25,25,25,25,25,25,25,25,25,25,222,2220,-1.345183,-1.186363,-1.441724,-1.680844,229.1132,211.3234,-2.481564,-1.304919,-1.942859,-0.6452292,-0.921529,-2.288821,-0.7696456,-0.224315,-1.205302,-4.295726,25,25,25,25,25,25,25,25,25,25,25,25,25,25,25,25,222,2220,-3.331914,-8.953995,-5.748794,-5.417712,-4.532667,-4.842022,-2.0695,-69.22941,0.002187237,0.4836033,0.8343834,-0.7278385,-0.2203579,-0.1099149,0.2210883,3.261261,24,24,24,24,24,24,24,24,24,24,25,25,25,24,25,25
223,2230,-27.65892,-59.36308,-9.48239,-7.555444,-7.120089,-3.211215,-2.171535,-2.134197,-1.485472,-2.460327,-1.901443,-1.892041,-1.430911,-1.792154,-0.7153019,-0.4817218,25,25,25,25,25,25,25,25,25,25,25,25,25,25,25,25,223,2230,-0.9416969,-0.3955856,-1.834486,-0.9051877,228.1923,211.9381,-2.742761,-0.9138652,-2.07228,-1.288953,-2.761046,-1.48059,-1.665506,-1.449105,-3.01163,-3.843632,25,25,25,25,25,25,25,25,25,25,25,25,25,25,25,25,223,2230,-2.872358,-8.570265,-6.515542,-8.900346,-8.417521,-8.409599,-2.716125,-69.22941,0.002187237,0.4836033,1.311175,0.6061688,-0.3304245,-0.3322457,-0.4428556,3.144246,24,24,24,24,24,24,24,24,24,24,25,25,25,24,25,25
224,2240,-27.89942,-59.60488,-8.990066,-7.433645,-5.430428,-3.087683,-0.8942209,-1.883408,-1.485472,-2.21419,-0.8319976,-2.144302,-1.192476,-3.584137,-2.148144,0.3633189,25,25,25,25,25,25,25,25,25,25,25,25,25,25,25,25,224,2240,-1.883164,-2.899713,-2.096331,-3.102879,228.7185,212.5527,-2.350967,-1.695973,-2.201701,-3.091377,-3.023835,-2.423526,-1.793484,-2.562549,-3.01163,-4.408538,25,25,25,25,25,25,25,25,25,25,25,25,25,25,25,25,224,2240,-3.791466,-9.977273,-4.598673,-7.997441,-8.288027,-8.919252,-1.940174,-68.57336,0.1258307,0.3626495,0.8343834,-1.212932,0.4400351,0.6682445,-0.3321887,2.311976,24,24,24,24,24,24,24,24,24,24,25,25,25,24,25,25
225,2250,-29.5829,-60.3303,-10.0978,-9.26063,-6.637327,-3.952409,-1.916165,-2.510356,-1.485472,-3.444879,-1.901443,-2.900706,-2.265435,-2.986809,-2.148144,-1.085327,25,25,25,25,25,25,25,25,25,25,25,25,25,25,25,25,225,2250,-3.228117,-1.449955,-2.227247,-2.973603,229.3763,213.1674,-3.134555,-1.304919,-3.23707,-2.31891,-2.104075,-1.884705,-2.561363,-1.11507,-1.566526,-4.746976,25,25,25,25,25,25,25,25,25,25,25,25,25,25,25,25,225,2250,-4.595688,-9.337725,-4.854255,-8.255414,-7.252065,-5.86133,-2.198825,-69.55745,-0.616031,-0.4840303,0.8343834,0.7274404,0.219902,-0.3322457,-0.4428556,2.896945,24,24,24,24,24,24,24,24,24,24,25,25,25,24,25,25
226,2260,-30.30439,-60.08849,-10.34396,-9.26063,-7.602851,-3.952409,-2.937219,-2.761129,-2.600255,-3.32181,-2.733235,-3.404909,-3.576829,-3.106274,-2.506355,0.3633189,25,25,25,25,25,25,25,25,25,25,25,25,25,25,25,25,226,2260,-1.479678,-2.240732,-2.750932,-1.680844,229.3763,211.8152,-2.612163,-2.608432,-1.942859,-1.546442,-2.104075,-3.770579,-2.561363,-2.005827,-1.325675,-4.634168,25,25,25,25,25,25,25,25,25,25,25,25,25,25,25,25,226,2260,-3.791466,-9.209813,-5.748794,-5.417712,-2.072259,-1.656685,-1.5522,-68.46401,0.3731177,0.4836033,0.4767895,-0.2427455,-1.210947,-0.1099149,0.1104743,3.130929,24,24,24,24,24,24,24,24,24,24,25,25,25,24,25,25
227,2270,-30.42463,-60.2094,-9.113146,-7.311846,-5.551109,-3.581812,-1.660679,-3.262675,-1.857067,-3.444879,-2.020271,-2.900706,-1.430911,-3.345206,-2.148144,0.4840399,25,25,25,25,25,25,25,25,25,25,25,25,25,25,25,25,227,2270,-1.076192,-1.845343,-1.048975,-0.6466362,228.4554,212.6757,-2.873358,-1.695973,-0.7780687,0.3847273,-1.052924,0.4052849,-1.153585,-0.6696926,-1.566526,-3.956649,25,25,25,25,25,25,25,25,25,25,25,25,25,25,25,25,227,2270,-3.217025,-8.570264,-4.598673,-3.353928,-2.978725,-6.498397,-3.104101,-69.55745,0.1258307,0.2416957,0.119196,-0.0001990586,0.4400351,0.3347476,-0.2215233,2.428971,24,24,24,24,24,24,24,24,24,24,25,25,25,24,25,25
228,2280,-31.02588,-60.81391,-8.990066,-7.311846,-4.706278,-2.593555,-0.5109921,-1.632249,-0.8661482,-1.721913,-1.069652,-1.51365,-1.192476,-0.9558939,-1.909337,-0.7231655,25,25,25,25,25,25,25,25,25,25,25,25,25,25,25,25,228,2280,-2.28665,-1.581751,-2.096338,-1.680844,229.1132,212.061,-3.134555,-1.826324,-0.7780687,-1.417697,-2.366861,-2.288821,-3.201262,-3.230615,-4.095459,-5.198229,25,25,25,25,25,25,25,25,25,25,25,25,25,25,25,25,228,2280,-1.95325,-8.698174,-4.726464,-8.384453,-11.91353,-15.27886,-1.293549,-69.4481,-0.2451001,-0.8468916,0.8343834,0.1210758,0.219902,0.001250538,0.2211413,3.247924,24,24,24,24,24,24,24,24,24,24,25,25,25,24,25,25
229,2290,-30.18414,-59.96759,-9.605472,-7.190047,-5.309741,-2.593555,-0.766478,-2.134197,-1.609337,-2.09112,-1.188479,-1.009128,-1.073258,-0.9558939,-0.237688,0.3633189,25,25,25,25,25,25,25,25,25,25,25,25,25,25,25,25,229,2290,-2.421145,-2.504325,-2.620016,-2.197947,229.6395,211.4463,-2.350967,-1.956676,-2.331122,-2.705143,-4.600559,-4.444104,-3.585201,-4.010026,-4.818011,-8.808241,25,25,25,25,25,25,25,25,25,25,25,25,25,25,25,25,229,2290,-6.546402,-12.02264,-5.621003,-12.3813,-13.59461,-12.60833,-2.198825,-69.66679,0.2494742,0.604557,0.5959875,-0.2427455,0.1098386,0.3347476,0.5531389,3.247924,24,24,24,24,24,24,24,24,24,24,25,25,25,24,25,25
230,2300,-26.57668,-59.72579,-8.374658,-5.971998,-3.378692,-2.469971,0.6386946,-1.38109,-0.1229596,-1.968052,-0.9508243,-1.009128,-0.47717,-2.150551,0.001118902,0.3633189,25,25,25,25,25,25,25,25,25,25,25,25,25,25,25,25,230,2300,-2.824631,-2.767917,-3.798301,-2.585775,227.9291,212.4298,-2.350967,-2.478081,-3.495912,-3.477611,-4.731957,-3.635875,-3.457223,-4.344059,-4.938235,-8.921056,25,25,25,25,25,25,25,25,25,25,25,25,25,25,25,25,230,2300,-7.119854,-11.76713,-4.087508,-11.73691,-12.04284,-11.9725,-2.0695,-68.35467,0.002187237,0.4836033,0.2383939,-0.0001990586,0.7702316,0.001250538,-0.4428556,1.960997,24,24,24,24,24,24,24,24,24,24,25,25,25,24,25,25
231,2310,-25.3742,-58.27497,-8.128495,-5.728252,-3.740761,-2.717035,-0.6386839,-1.883408,-0.6184185,-1.721913,-1.307307,-1.892041,-1.192476,-1.433757,-1.551126,-0.240283,25,25,25,25,25,25,25,25,25,25,25,25,25,25,25,25,231,2310,-2.28665,-2.899713,-2.358177,-2.715051,228.8501,212.3069,-2.742758,-2.999486,-1.813438,-3.348866,-3.286618,-3.231757,-2.689344,-2.562549,-3.132056,-7.11605,25,25,25,25,25,25,25,25,25,25,25,25,25,25,25,25,231,2310,-6.317022,-11.2561,-4.598673,-11.47915,-10.10096,-7.772532,-1.681524,-70.4322,-0.863318,-0.4840303,1.430373,-0.0001990586,-0.2203579,0.001250538,-0.6641864,3.364919,24,24,24,24,24,24,24,24,24,24,25,25,25,24,25,25
232,2320,-25.61469,-58.03316,-8.990066,-6.946449,-5.551116,-3.458229,-1.916113,-2.38497,-2.104796,-2.21419,-1.307307,-1.892041,-1.907782,-2.867343,-1.431723,-0.6024445,25,25,25,25,25,25,25,25,25,25,25,25,25,25,25,25,232,2320,-2.421145,-1.449955,-2.4891,-2.844327,229.1132,213.0444,-3.003955,-2.087023,-2.719385,-3.220122,-2.498256,-2.423526,-2.945305,-1.671794,-1.686952,-5.423859,25,25,25,25,25,25,25,25,25,25,25,25,25,25,25,25,232,2320,-5.284813,-11.12834,-5.36542,-8.51344,-5.957114,-6.24357,-1.940174,-69.88548,0.4967612,0.2416957,0.3575919,-0.7278385,-0.2203579,0.3347476,-0.1108564,3.01394,24,24,24,24,24,24,24,24,24,24,25,25,25,24,25,25
233,2330,-28.38041,-59.60488,-9.236227,-9.13883,-6.637333,-4.816304,-2.681991,-4.140381,-2.228712,-4.183294,-2.49558,-3.278858,-2.265435,-3.464671,-1.67053,-0.6024445,25,25,25,25,25,25,25,25,25,25,25,25,25,25,25,25,233,2330,-1.345183,-1.713547,-2.620016,-2.715051,228.4554,211.6922,-1.697975,-1.956672,-2.719388,-1.803931,-1.841286,-1.75,-1.409545,-1.783138,-1.807377,-4.29572,25,25,25,25,25,25,25,25,25,25,25,25,25,25,25,25,233,2330,-5.17013,-9.081903,-4.470882,-6.062697,-4.791657,-5.733916,-1.422874,-68.79204,0.620456,0.7255141,-0.2383976,0.8487152,-0.1102945,-0.5545773,-0.8855186,2.311976,24,24,24,24,24,24,24,24,24,24,25,25,25,24,25,25
234,2340,-30.66513,-59.12128,-9.851634,-8.895232,-6.878721,-4.446068,-2.554377,-2.761129,-1.485524,-2.337259,-1.782616,-2.270432,-2.503871,-2.270016,-1.789933,-0.240283,25,25,25,25,25,25,25,25,25,25,25,25,25,25,25,25,234,2340,-1.748669,-2.767917,-2.227254,-0.9051877,228.8501,212.061,-2.612161,-3.129834,-2.072282,-1.160156,-1.709891,-1.75,-2.433384,-2.785238,-3.01163,-3.504555,25,25,25,25,25,25,25,25,25,25,25,25,25,25,25,25,234,2340,-2.64258,-7.802805,-5.109838,-5.159791,-3.496705,-2.675993,-2.0695,-69.33877,-0.7396231,-0.4840303,0.5959875,1.091262,0.5500985,0.2235821,0.2211413,3.481907,24,24,24,24,24,24,24,24,24,24,25,25,25,24,25,25
235,2350,-31.62712,-59.48398,-10.22088,-8.286238,-5.913197,-3.581761,-2.426764,-2.510356,-1.609388,-2.09112,-1.42608,-1.892041,-1.430911,-2.389482,-0.7153019,-0.240283,25,25,25,25,25,25,25,25,25,25,25,25,25,25,25,25,235,2350,-2.28665,-2.108936,-1.703576,-1.939396,227.9291,212.6757,-3.395749,-2.217375,-2.589966,-1.54639,-1.97268,-1.884705,-2.817323,-1.560449,-1.927802,-3.843626,25,25,25,25,25,25,25,25,25,25,25,25,25,25,25,25,235,2350,-3.217025,-9.081903,-5.621003,-4.643845,-3.626201,-5.224262,-2.974775,-69.33877,0.4968126,0.4836033,0.5959357,-0.6065637,-0.3304245,0.3347476,-0.0001910321,3.715898,24,24,24,24,24,24,24,24,24,24,25,25,25,24,25,25
236,2360,-28.13991,-60.2094,-9.48239,-7.433645,-5.430434,-3.581761,-1.277399,-2.134197,-1.237794,-2.21419,-1.42608,-1.135258,0.3573543,-1.792154,0.001118902,-1.688929,25,25,25,25,25,25,25,25,25,25,25,25,25,25,25,25,236,2360,-2.152155,-1.318159,-1.572653,-1.422291,229.2448,210.7088,-2.873356,-1.435267,-1.036912,-1.288901,-0.6587395,-2.288826,-1.153585,-0.4470038,-1.566526,-3.391532,25,25,25,25,25,25,25,25,25,25,25,25,25,25,25,25,236,2360,-3.906355,-7.930715,-4.470882,-4.256886,-2.460745,-2.293752,-1.034899,-68.68269,0.9913873,0.8464679,0.5959357,0.3635741,-0.3304245,-0.1099149,-0.1108564,3.01394,24,24,24,24,24,24,24,24,24,24,25,25,25,24,25,25
237,2370,-26.09569,-58.51677,-8.374658,-4.875142,-5.068353,-2.717035,-1.405141,-1.25551,-1.113929,-1.598844,-1.782562,-1.63978,-2.026948,-2.031085,-1.192916,0.6047593,25,25,25,25,25,25,25,25,25,25,25,25,25,25,25,25,237,2370,-0.9416969,-0.9227699,-2.358177,-1.551568,227.5344,211.4463,-2.481563,-1.044213,-1.81344,-1.288901,-2.104075,-1.480593,-1.409545,-1.560449,-2.529929,-3.165485,25,25,25,25,25,25,25,25,25,25,25,25,25,25,25,25,237,2370,-1.838361,-6.523707,-5.237629,-2.967021,-1.165793,-3.058233,-1.5522,-70.4322,0.002238607,0.1207419,0.7151337,0.7273923,0.2199565,-0.4434119,0.4424736,3.130929,24,24,24,24,24,24,24,24,24,24,25,25,25,24,25,25
238,2380,-26.09569,-58.03316,-7.759251,-4.509523,-4.344216,-2.099374,-1.532884,-1.757828,-0.3707407,-1.598844,-1.663735,-2.018171,-1.669295,-2.389533,-1.551126,-0.481725,25,25,25,25,25,25,25,25,25,25,25,25,25,25,25,25,238,2380,-1.210687,-1.054566,-0.9180519,-1.810119,227.9291,212.4298,-2.350964,-2.087023,-0.7780703,-2.318858,-2.366861,-1.750005,-1.537524,-2.451201,-2.048228,-3.165485,25,25,25,25,25,25,25,25,25,25,25,25,25,25,25,25,238,2380,-2.527691,-7.802805,-5.237629,-2.967021,-1.683773,-2.93082,-1.940174,-68.68269,0.002238607,-0.1211657,0.4767377,-0.6066118,0.6602196,0.6681426,-0.0001910321,2.662955,24,24,24,24,24,24,24,24,24,24,25,25,25,24,25,25
239,2390,-27.89942,-58.51677,-8.128495,-5.60638,-5.430434,-3.828825,-2.681991,-2.886516,-1.980983,-3.691018,-2.139045,-2.774655,-2.623037,-3.584188,-2.864565,-1.326767,25,25,25,25,25,25,25,25,25,25,25,25,25,25,25,25,239,2390,-2.55564,-2.108936,-2.4891,-3.232155,228.7185,213.0444,-3.003955,-1.826321,-2.719388,-3.348815,-2.366861,-2.154121,-3.201262,-2.117168,-2.048227,-3.052461,25,25,25,25,25,25,25,25,25,25,25,25,25,25,25,25,239,2390,-1.95325,-6.779527,-4.854256,-4.256886,-3.885191,-4.842022,-1.293549,-68.46401,-0.3686922,-0.4840303,0.2383422,0.7273923,-0.1102399,-0.2211822,-0.553574,3.01394,24,24,24,24,24,24,24,24,24,24,25,25,25,24,25,25
240,2400,-29.5829,-57.79136,-8.374658,-5.362633,-6.033877,-3.705293,-3.192446,-3.137289,-2.848037,-3.444879,-2.970836,-3.278858,-2.861472,-3.584188,-2.028741,-0.1195122,25,25,25,25,25,25,25,25,25,25,25,25,25,25,25,25,240,2400,-2.017659,-2.240732,-3.012778,-2.068671,229.1132,212.061,-2.350964,-3.260185,-2.589966,-2.447603,-2.761046,-3.366468,-2.177423,-3.230612,-2.409503,-3.165485,25,25,25,25,25,25,25,25,25,25,25,25,25,25,25,25,240,2400,-2.64258,-7.163256,-4.982047,-4.256886,-3.885191,-4.204955,-1.293549,-69.88548,0.2495256,0.2416957,0.9535292,0.6061206,-0.2203033,0.8904743,0.8850836,2.77995,24,24,24,24,24,24,24,24,24,24,25,25,25,24,25,25
241,2410,-28.98165,-58.51677,-7.882333,-4.997015,-4.585591,-3.087632,-1.78837,-2.134197,-1.237794,-2.583396,-1.663735,-2.018171,-1.192424,-2.747929,-2.267548,0.001208799,25,25,25,25,25,25,25,25,25,25,25,25,25,25,25,25,241,2410,-2.152155,-3.295102,-2.750939,-2.068671,228.0607,212.061,-2.742758,-3.651239,-2.460544,-2.318858,-2.761046,-2.692942,-2.945305,-2.896579,-2.770779,-3.730602,25,25,25,25,25,25,25,25,25,25,25,25,25,25,25,25,241,2410,-3.791472,-7.163256,-5.876586,-4.127899,-3.36721,-3.058233,-1.164224,-68.79204,0.1258821,-1.209756,0.3575398,-0.1215189,-0.2203033,0.3346456,0.1104213,1.844002,24,24,24,24,24,24,24,24,24,24,25,25,25,24,25,25
242,2420,-28.62091,-59.25236,-8.005414,-4.753269,-3.499373,-2.9641,-2.171535,-2.635743,-1.237794,-2.09112,-1.782562,-1.261388,-0.9539892,-1.075411,-0.7153026,-1.085276,25,25,25,25,25,25,25,25,25,25,25,25,25,25,25,25,242,2420,-2.152155,-2.37258,-1.965415,-1.293016,227.7976,212.5527,-2.873356,-2.347726,-1.81344,-1.288901,-2.235467,-1.345888,-3.201262,-1.337757,-0.6031231,-2.487343,25,25,25,25,25,25,25,25,25,25,25,25,25,25,25,25,242,2420,-2.29792,-7.035346,-5.621003,-4.385872,-2.331249,-2.675993,-0.7762491,-69.01073,-0.6159796,0.604557,0.8343317,0.4848458,-0.2203033,-0.5546792,0.1104213,3.247924,24,24,24,24,24,24,24,24,24,24,25,25,25,24,25,25
243,2430,-24.8932,-57.43851,-6.774601,-2.68143,-3.378692,-1.234649,-1.149656,-1.632249,-1.609388,-1.598844,-1.42608,-2.144301,-1.90773,-2.747929,-1.073513,-0.2402316,25,25,25,25,25,25,25,25,25,25,25,25,25,25,25,25,243,2430,-1.210687,-0.6592292,-0.9180519,-1.810119,228.8501,211.0775,-3.134552,-0.5228114,-1.295754,-1.031412,-0.6587395,-1.6153,-1.281563,-0.1129674,-0.241847,-3.278508,25,25,25,25,25,25,25,25,25,25,25,25,25,25,25,25,243,2430,-1.953253,-6.651617,-5.493212,-2.580061,-0.5183173,-1.656685,-1.681524,-69.33877,0.4968126,0.604557,1.072727,-0.2427937,-0.0001733736,0.5569772,-0.3322433,2.662955,24,24,24,24,24,24,24,24,24,24,25,25,25,24,25,25
244,2440,-22.36798,-56.3502,-5.91303,-3.16887,-3.137305,-2.717035,-1.405141,-2.134197,-1.609388,-2.952603,-1.663735,-2.648604,-1.788513,-3.464723,-2.267548,-0.1195122,25,25,25,25,25,25,25,25,25,25,25,25,25,25,25,25,244,2440,-0.8072015,-0.3956362,-0.7871355,-1.034463,228.0607,211.0775,-2.350964,-0.6531627,-2.072282,-0.1301996,-1.709891,-1.750005,-0.7696456,-0.558345,-1.325675,-1.809202,25,25,25,25,25,25,25,25,25,25,25,25,25,25,25,25,244,2440,-1.14903,-5.756248,-5.109838,-1.419183,-0.9068027,-1.019618,-0.1296233,-68.79204,0.1258821,-0.4840303,0.4767377,-0.3640653,-0.0001733736,0.7793089,0.1104213,2.896945,24,24,24,24,24,24,24,24,24,24,25,25,25,24,25,25
245,2450,-21.76674,-56.8339,-6.036113,-4.143853,-4.22351,-2.593503,-1.660627,-2.38497,-1.733253,-2.460327,-1.901389,-2.144301,-1.311642,-2.508999,-1.551127,-1.326716,25,25,25,25,25,25,25,25,25,25,25,25,25,25,25,25,245,2450,-0.4037157,-1.186413,-0.7871355,-1.422291,227.7976,212.061,-1.306181,-1.435267,-0.9074922,-1.160156,-1.578499,-0.6723622,-0.8976243,-0.6696894,-1.325675,-2.487343,25,25,25,25,25,25,25,25,25,25,25,25,25,25,25,25,245,2450,-0.689478,-6.267887,-5.621003,-1.93513,-0.2593276,-0.1277234,-0.2589488,-68.79204,-0.1214049,0.3626495,0.4767377,0.1210276,-0.0001733736,0.3346456,0.442419,3.247924,24,24,24,24,24,24,24,24,24,24,25,25,25,24,25,25
246,2460,-20.6845,-55.02004,-5.789949,-3.412616,-3.620054,-2.222906,-2.043856,-2.00881,-2.228712,-2.583396,-2.376699,-3.152807,-2.265383,-2.270068,-0.8347057,0.001208799,25,25,25,25,25,25,25,25,25,25,25,25,25,25,25,25,246,2460,-0.9416969,-0.7910252,-1.179891,-1.810119,228.1923,212.6755,-2.350964,-0.001406253,-1.425176,-1.417646,-0.921529,-0.133541,-1.281563,-0.2243118,-0.8439736,-1.244084,25,25,25,25,25,25,25,25,25,25,25,25,25,25,25,25,246,2460,-1.263919,-5.884158,-4.982047,-1.419183,-0.647813,-1.656685,-0.7762491,-69.33877,0.4968126,1.088375,-0.2384497,0.2422993,0.3300231,0.8904743,-0.4429086,2.77995,24,24,24,24,24,24,24,24,24,24,25,25,25,24,25,25
247,2470,-18.52003,-54.29451,-4.682217,-2.072014,-1.447631,-1.234649,-0.894221,-1.632249,-0.7423349,-1.475776,-1.069598,-1.009127,-0.0002472179,-1.672739,-0.1182858,0.1219298,25,25,25,25,25,25,25,25,25,25,25,25,25,25,25,25,247,2470,-1.076192,-0.7910252,-2.4891,-1.163739,228.5869,212.7984,-1.697973,-1.956672,-2.201702,-1.54639,-1.31571,-2.423531,-1.281563,-2.005824,-1.807377,-1.922225,25,25,25,25,25,25,25,25,25,25,25,25,25,25,25,25,247,2470,-0.689478,-5.244608,-5.621003,-2.967021,-0.1298328,-1.784098,-1.5522,-69.88548,-0.4923362,0.7255141,0.8343317,0.7273923,0.1098932,-0.443513,0.1104213,3.247924,24,24,24,24,24,24,24,24,24,24,25,25,25,24,25,25
248,2480,-18.76052,-54.53635,-3.94319,-2.925124,-2.292462,-1.85231,-1.021964,-2.259583,-1.485524,-2.460327,-0.7131162,-1.89204,-0.5963362,-2.628463,-2.148144,-0.7231141,25,25,25,25,25,25,25,25,25,25,25,25,25,25,25,25,248,2480,-2.421145,-2.899765,-1.834492,-2.068671,228.7185,211.4462,-1.959169,-2.478081,-1.425176,-2.576347,-1.447105,-2.288826,-1.921463,-3.007923,-2.409503,-3.052461,25,25,25,25,25,25,25,25,25,25,25,25,25,25,25,25,248,2480,-2.29792,-6.907436,-5.748795,-2.580062,-2.201755,-3.567887,-2.84545,-68.68269,0.867743,0.2416957,0.2383422,-0.3640653,0.1098932,0.3346456,0.2210883,2.54596,24,24,24,24,24,24,24,24,24,24,25,25,25,24,25,25
249,2490,-17.31754,-52.11789,-4.928379,-2.803252,-3.49936,-1.975842,-2.043908,-2.510356,-2.352577,-2.706466,-2.733181,-2.774655,-2.861472,-3.703654,-2.506355,-0.6023931,25,25,25,25,25,25,25,25,25,25,25,25,25,25,25,25,249,2490,-2.017659,-1.845395,-0.6562127,-1.034463,228.1923,213.1672,-2.220364,-1.956676,-1.295756,-0.3876887,-1.052924,-1.211183,-2.433384,-1.226413,-0.9643988,-3.052461,25,25,25,25,25,25,25,25,25,25,25,25,25,25,25,25,249,2490,-2.872361,-6.267887,-5.109838,-3.482968,-2.849231,-2.93082,-0.3882734,-67.47992,-0.1214563,-0.2421227,1.191925,0.6061206,0.2199565,-0.5546792,-0.110911,3.364919,24,24,24,24,24,24,24,24,24,24,25,25,25,24,25,25
250,2500,-19.24152,-52.35973,-4.559135,-3.534489,-3.740748,-2.840568,-2.043908,-2.761129,-2.600307,-3.32181,-2.376699,-3.909112,-2.98069,-4.659379,-3.222776,-0.1195122,25,25,25,25,25,25,25,25,25,25,25,25,25,25,25,25,250,2500,-1.479678,-1.450006,-1.048975,-1.551568,228.9817,211.2003,-2.220364,-1.304919,-1.425178,-1.546442,-1.052924,-2.827648,-1.921463,-1.67179,-2.168653,-2.826414,25,25,25,25,25,25,25,25,25,25,25,25,25,25,25,25,250,2500,-1.034145,-5.628338,-5.237629,-1.806143,-0.7773078,-2.293752,-1.940174,-69.22941,0.7440482,0.7255687,0.9535292,0.6061206,-0.2203033,0.6681426,0.5530859,2.662955,24,24,24,24,24,24,24,24,24,24,25,25,25,24,25,25
251,2510,-21.40599,-54.29451,-4.805298,-3.778235,-4.344203,-3.458229,-2.809605,-3.262676,-2.848037,-3.567949,-2.139045,-3.152807,-2.026948,-3.464723,-2.386951,-1.205997,25,25,25,25,25,25,25,25,25,25,25,25,25,25,25,25,251,2510,-1.479678,-0.7910252,-1.572653,-1.034463,228.5869,211.2003,-2.350962,-0.5228146,-2.331125,-1.288953,-1.972735,-1.750005,-1.153585,-1.115067,-1.807377,-3.843626,25,25,25,25,25,25,25,25,25,25,25,25,25,25,25,25,251,2510,-1.493697,-6.395797,-4.854256,-3.224994,-2.849231,-3.822714,-0.9055738,-68.46401,0.1258307,-1.330655,0.5959357,-0.3640653,-0.1102399,1.112806,0.2210883,3.130929,24,24,24,24,24,24,24,24,24,24,25,25,25,24,25,25
252,2520,-19.84276,-53.44804,-4.066434,-2.072014,-2.775224,-1.728777,-2.043908,-2.38497,-1.857118,-2.460327,-3.089663,-2.648604,-2.623037,-2.150602,-1.789934,0.001208799,25,25,25,25,25,25,25,25,25,25,25,25,25,25,25,25,252,2520,-0.8072015,-1.450006,-1.048975,-1.810119,227.2713,211.2003,-1.959169,-1.044217,-1.166336,-2.31891,-2.235524,-1.480592,-1.537524,-2.785234,-2.409503,-2.37432,25,25,25,25,25,25,25,25,25,25,25,25,25,25,25,25,252,2520,-1.838364,-5.628338,-5.748795,-1.419183,0.1291577,-2.293752,-1.422874,-68.79204,-0.368744,-0.0001573205,1.311123,-0.1214675,-0.1102399,-0.110016,0.3317536,3.247924,24,24,24,24,24,24,24,24,24,24,25,25,25,24,25,25
253,2530,-20.444,-53.44804,-3.573454,-0.9751584,-2.051074,-1.605245,-0.894221,-1.632249,-1.113929,-1.844983,-1.188426,-2.648604,-1.192423,-2.508999,-1.789934,-0.1195122,25,25,25,25,25,25,25,25,25,25,25,25,25,25,25,25,253,2530,-1.345183,-2.108987,-1.179891,-2.844327,228.0607,212.0609,-2.481561,-1.304919,-1.813442,-2.31891,-1.447159,-1.615296,-1.921514,-1.67179,-1.927802,-2.826414,25,25,25,25,25,25,25,25,25,25,25,25,25,25,25,25,253,2530,-1.493697,-5.756248,-5.876586,-1.677157,-2.33125,-3.440474,-3.104101,-69.66679,0.002187237,0.6046149,0.2383422,-0.6065605,0.1098932,0.223481,-0.3322433,2.54596,24,24,24,24,24,24,24,24,24,24,25,25,25,24,25,25
254,2540,-19.84276,-54.17358,-3.326964,-1.706396,-2.65453,-2.099374,-0.894221,-1.381089,-0.8661995,-2.21419,-1.188426,-2.018222,-0.9539876,-1.792205,-1.789934,-1.688877,25,25,25,25,25,25,25,25,25,25,25,25,25,25,25,25,254,2540,-1.345183,-0.6592292,-2.096338,-1.680844,228.1923,211.815,-2.612158,-0.9138652,-2.331125,-0.5164849,-0.5274026,-0.8070655,-1.153633,-0.7810338,-0.0009960957,-2.261296,25,25,25,25,25,25,25,25,25,25,25,25,25,25,25,25,254,2540,-1.953253,-5.628338,-4.854256,-1.93513,-1.165794,0.636758,-1.422874,-69.4481,0.002187237,-0.3630219,0.9535292,0.4848971,0.550153,0.2235821,-0.110911,3.247924,24,24,24,24,24,24,24,24,24,24,25,25,25,24,25,25
255,2550,-20.80475,-53.68988,-3.696699,-1.828269,-3.016598,-1.975842,-2.171535,-2.259583,-2.476442,-2.583396,-1.901389,-2.522553,-1.669294,-2.270068,-1.431723,0.1219298,25,25,25,25,25,25,25,25,25,25,25,25,25,25,25,25,255,2550,-1.076192,-2.108987,-1.703576,-1.163739,228.7185,211.9379,-2.220364,-2.347729,-1.166336,-1.417697,-1.972735,-1.750003,-1.665554,-2.785234,-2.409555,-1.809202,25,25,25,25,25,25,25,25,25,25,25,25,25,25,25,25,255,2550,-0.8043669,-6.012068,-5.876586,-1.032224,-1.81327,-4.077541,-1.293549,-69.12007,0.2494742,0.6046149,0.8343317,-0.6065605,-0.5504998,0.2235821,-0.0002440073,3.247924,24,24,24,24,24,24,24,24,24,24,25,25,25,24,25,25
256,2560,-21.16549,-53.68988,-2.957228,-1.584523,-2.051074,-1.481713,-0.7664781,-1.883407,-0.7423349,-3.444879,-1.069598,-1.892091,-1.669294,-3.345257,-1.909337,-0.2402316,25,25,25,25,25,25,25,25,25,25,25,25,25,25,25,25,256,2560,-1.748669,-2.108987,-0.3943736,-1.163739,228.7185,212.1838,-3.265147,-2.217378,-1.942862,-1.546442,-2.10413,-2.558234,-2.817371,-2.562546,-2.168705,-2.826414,25,25,25,25,25,25,25,25,25,25,25,25,25,25,25,25,256,2560,-1.608586,-5.884158,-5.109838,-3.353981,-4.014687,-5.733916,-1.681524,-69.33877,-0.1214563,0.7255687,0.7151337,0.8487185,-0.4404364,-0.2210803,-0.7749063,2.208138,24,24,24,24,24,24,24,24,24,24,25,25,25,24,25,25
257,2570,-21.04524,-54.41542,-2.341004,-2.072014,-1.568312,-1.85231,-0.3832492,-1.632249,-0.4946052,-2.21419,-1.307252,-1.261439,-1.430859,-2.031136,-1.67053,-0.6023931,25,25,25,25,25,25,25,25,25,25,25,25,25,25,25,25,257,2570,-2.017608,-1.713599,-0.9180519,-2.456499,228.4554,211.2003,-2.742756,-1.565622,-1.166336,-1.675187,-1.578554,-2.692939,-2.177472,-2.228513,-2.168705,-3.617579,25,25,25,25,25,25,25,25,25,25,25,25,25,25,25,25,257,2570,-2.183024,-6.139977,-5.36542,-4.643847,-3.496707,-2.93082,-1.293549,-69.55745,-0.1214563,-0.1211111,0.4767377,0.8487185,-0.0001733736,0.445913,0.442419,4.080355,24,24,24,24,24,24,24,24,24,24,25,25,25,24,25,25
258,2580,-21.88699,-54.52699,-3.326964,-2.803252,-3.257986,-1.728777,-1.788422,-2.38497,-2.104848,-2.21419,-1.307252,-2.270483,-1.430859,-1.911671,-1.551126,-0.2402316,25,25,25,25,25,25,25,25,25,25,25,25,25,25,25,25,258,2580,-1.614122,-0.7910252,-0.9180519,-1.293016,228.1923,210.4627,-1.82857,-0.6531659,-2.331125,-0.6452296,-1.447159,-2.154118,-2.561411,-0.558345,-1.927854,-3.730602,25,25,25,25,25,25,25,25,25,25,25,25,25,25,25,25,258,2580,-2.183024,-6.779528,-4.854256,-2.451075,-1.554279,-2.803406,-3.233425,-69.66679,0.4967612,-0.4839757,0.4767377,-0.2427423,0.2199565,0.3347476,0.2210883,2.910224,24,24,24,24,24,24,24,24,24,24,25,25,25,24,25,25
259,2590,-20.32375,-54.88971,-3.326964,-2.925124,-2.171768,-3.334697,-2.171535,-2.886516,-1.485524,-3.937156,-2.257871,-3.278858,-2.503818,-4.300982,-2.745162,-0.2402316,25,25,25,25,25,25,25,25,25,25,25,25,25,25,25,25,259,2590,-0.8071501,-1.186413,-1.310807,-1.163739,227.1397,211.692,-2.220364,-0.5228146,-0.7780719,-0.5164849,-1.315768,-0.2682443,-0.1297942,0.1097214,-0.362324,-2.148273,25,25,25,25,25,25,25,25,25,25,25,25,25,25,25,25,259,2590,-1.263916,-5.628339,-5.36542,-2.451075,-1.165794,-2.166339,-3.233425,-69.12007,-0.616031,0.1207965,0.8343317,0.4848971,-0.5504998,-0.9992397,-0.553574,3.027232,24,24,24,24,24,24,24,24,24,24,25,25,25,24,25,25
260,2600,-19.12127,-54.6479,-2.833984,-2.559558,-2.533836,-2.222906,-1.916165,-2.510356,-1.980983,-2.706466,-2.020217,-2.648604,-2.146165,-2.628463,-3.103372,-0.9645545,25,25,25,25,25,25,25,25,25,25,25,25,25,25,25,25,260,2600,-0.5381598,-0.5274323,-0.3943672,-1.163739,227.9291,211.5691,-1.436776,-0.001409463,-0.5192299,-1.160208,-0.3960078,-0.2682443,-0.6417136,-0.558345,-0.6031749,-0.4529193,25,25,25,25,25,25,25,25,25,25,25,25,25,25,25,25,260,2600,-0.344808,-5.628339,-6.004376,0.386628,1.94209,-0.1277234,-3.492075,-69.22941,0.1258307,-0.1211111,0.8343317,-0.6065605,0.2199565,0.6682445,0.3317536,2.676195,24,24,24,24,24,24,24,24,24,24,25,25,25,24,25,25
261,2610,-19.60226,-55.37331,-3.696699,-2.925176,-3.378692,-2.9641,-2.426764,-2.761129,-1.980983,-2.583396,-2.139045,-2.270483,-2.980688,-2.867394,-2.148144,-0.6023931,25,25,25,25,25,25,25,25,25,25,25,25,25,25,25,25,261,2610,-2.421094,-0.6592292,-2.096331,-2.068671,228.0607,212.4296,-2.481561,-0.5228146,-1.68402,-1.932676,-1.447159,-1.076475,-1.665554,-1.337757,-1.687003,-1.244084,25,25,25,25,25,25,25,25,25,25,25,25,25,25,25,25,261,2610,-0.2299191,-4.860879,-5.237629,-0.7742513,-1.036297,-4.077541,-1.81085,-68.68269,-0.4923875,-0.846837,0.2383422,0.606172,0.2199565,0.445913,-0.4429086,2.442167,24,24,24,24,24,24,24,24,24,24,25,25,25,24,25,25
262,2620,-16.95679,-54.88971,-2.217759,-2.193939,-1.809712,-2.840568,-0.894221,-2.259583,-0.9900646,-3.075673,-2.495526,-2.270483,-1.90773,-2.389533,-0.9541092,-0.7231141,25,25,25,25,25,25,25,25,25,25,25,25,25,25,25,25,262,2620,-3.497056,-3.558746,-3.536449,-2.456499,228.7185,211.938,-1.436776,-2.217378,-2.84881,-1.932676,-1.052978,-2.154118,-1.153633,-2.228513,-2.048279,-3.504555,25,25,25,25,25,25,25,25,25,25,25,25,25,25,25,25,262,2620,-1.608583,-6.012068,-6.132168,-3.35398,-4.273675,-4.332368,-1.940174,-69.77613,-0.616031,0.4836611,0.7151337,0.2423506,-0.5504998,-0.8880743,0.3317536,2.676195,24,24,24,24,24,24,24,24,24,24,25,25,25,24,25,25
263,2630,-18.03903,-54.76881,-2.217759,-1.584575,-1.206257,-1.111116,-0.8941697,-0.8787715,-1.361659,-1.352706,-1.544907,-0.5046565,-0.5963346,-0.5975482,-0.7153019,-0.2402316,25,25,25,25,25,25,25,25,25,25,25,25,25,25,25,25,263,2630,-1.748618,-2.240783,-1.441724,-1.293016,227.9291,211.6922,-1.95917,-2.087027,-1.166336,-2.06142,-4.075038,-2.96235,-4.48111,-3.898678,-4.577212,-3.278508,25,25,25,25,25,25,25,25,25,25,25,25,25,25,25,25,263,2630,-2.412802,-6.267888,-5.237629,-3.224993,-5.180141,-8.282187,-1.681576,-69.01073,0.4967612,1.330341,0.1191442,-0.2427423,0.4400897,0.3347476,-0.553574,1.974116,24,24,24,24,24,24,24,24,24,24,25,25,25,24,25,25
264,2640,-16.7163,-54.1643,-2.217759,-1.340829,-1.447631,-1.234649,-0.6386839,-1.12993,-0.8661995,-0.9834996,-1.069598,-0.0001344448,-0.477117,-0.8364796,0.001118902,-1.085276,25,25,25,25,25,25,25,25,25,25,25,25,25,25,25,25,264,2640,-2.690084,-2.37258,-0.9180455,-1.163739,227.4029,211.8151,-3.134552,-2.347733,-2.84881,-2.31891,-2.366919,-2.96235,-3.713231,-2.67389,-3.011682,-4.859791,25,25,25,25,25,25,25,25,25,25,25,25,25,25,25,25,264,2640,-3.561688,-6.012068,-4.982047,-1.032223,1.942091,1.273825,-0.9056259,-68.57335,-0.1214563,-0.6049295,0.7151337,-0.000195848,-0.1102399,0.2235821,-0.2215763,3.027232,24,24,24,24,24,24,24,24,24,24,25,25,25,24,25,25
265,2650,-15.9948,-53.07617,-1.478288,-1.950193,-1.447631,-3.087632,-0.8941697,-2.259583,-1.485524,-2.337259,-1.188426,-1.5137,-0.8347699,-1.911671,0.001118902,-1.205997,25,25,25,25,25,25,25,25,25,25,25,25,25,25,25,25,265,2650,-2.555589,-1.845395,-0.9180455,-1.551568,228.7185,211.4463,-2.220367,-1.435274,-2.589967,-3.220123,-2.10413,-4.039992,-2.817371,-2.67389,-4.215936,-4.972606,25,25,25,25,25,25,25,25,25,25,25,25,25,25,25,25,265,2650,-2.297913,-6.395798,-5.748794,-0.387291,1.035625,-1.401858,-1.552252,-69.4481,0.2495256,-0.0001573205,0.8343317,-0.000195848,-0.6605663,0.5570791,0.442419,3.378275,24,24,24,24,24,24,24,24,24,24,25,25,25,24,25,25
266,2660,-15.87455,-52.35076,-2.094513,-2.193939,-2.654543,-1.975842,-1.78837,-1.25551,-1.361659,-1.721913,-1.42608,-1.261439,-2.146165,-1.553274,-1.551126,-0.1195122,25,25,25,25,25,25,25,25,25,25,25,25,25,25,25,25,266,2660,-3.497056,-1.713599,-1.965408,-1.293016,228.0607,211.0775,-2.220367,-1.435274,-3.107652,-2.576347,-3.286676,-3.50117,-3.713231,-3.119268,-3.493384,-5.311044,25,25,25,25,25,25,25,25,25,25,25,25,25,25,25,25,266,2660,-3.791466,-5.884159,-4.982047,-1.677156,-0.9068019,-3.058234,-1.164276,-68.464,0.2495256,0.4836033,0.4767377,0.2423506,0.4400897,0.2235821,-0.6642409,2.442167,24,24,24,24,24,24,24,24,24,24,25,25,25,24,25,25
267,2670,-19.84276,-53.55978,-3.573454,-4.509523,-3.861454,-2.593503,-1.78837,-2.134197,-1.485524,-2.337259,-1.54496,-2.018222,-2.146165,-2.389533,-1.551126,-0.1195122,25,25,25,25,25,25,25,25,25,25,25,25,25,25,25,25,267,2670,-2.959075,-2.240783,-0.7871227,-2.068671,227.9291,211.8151,-1.567376,-1.695976,-2.201704,-3.47756,-2.235467,-2.692939,-2.817371,-2.896579,-2.891257,-4.634168,25,25,25,25,25,25,25,25,25,25,25,25,25,25,25,25,267,2670,-3.331914,-6.012068,-5.237629,-2.838035,-1.683773,-2.038925,-0.7763013,-69.22941,-0.7396231,-0.1211657,0.3575919,0.3636255,0.3300231,0.001250538,-0.3322433,3.612297,24,24,24,24,24,24,24,24,24,24,25,25,25,24,25,25
268,2680,-23.81096,-54.40609,-4.436054,-6.337455,-4.344216,-3.705293,-2.681991,-3.513449,-2.724172,-3.567949,-2.852061,-2.774655,-1.788512,-3.106326,-2.267548,-0.9645545,25,25,25,25,25,25,25,25,25,25,25,25,25,25,25,25,268,2680,-2.421094,-1.845395,-0.9180455,-2.197947,228.5869,211.938,-2.350964,-1.565625,-1.813442,-2.318858,-1.447105,-1.75,-2.817371,-2.228513,-2.891257,-4.29572,25,25,25,25,25,25,25,25,25,25,25,25,25,25,25,25,268,2680,-3.217025,-6.139978,-5.36542,-1.548169,0.90613,-0.3825505,-1.552252,-68.68269,0.620456,0.4836033,1.072779,-0.6065637,-0.1102399,0.445913,0.1104213,3.495289,24,24,24,24,24,24,24,24,24,24,25,25,25,24,25,25
269,2690,-26.69693,-55.0106,-6.159194,-6.702852,-5.189047,-2.717035,-2.171535,-1.883407,-1.980983,-1.844983,-1.782615,-1.63983,-2.265435,-1.792205,-0.9541092,-0.6023931,25,25,25,25,25,25,25,25,25,25,25,25,25,25,25,25,269,2690,-2.152103,-1.845395,-2.750932,-1.551568,228.0607,212.3068,-1.828573,-1.565625,-2.978231,-2.061369,-0.5273448,-1.48059,-2.30545,-2.451201,-2.650406,-4.408538,25,25,25,25,25,25,25,25,25,25,25,25,25,25,25,25,269,2690,-2.872358,-6.012068,-4.598673,-3.74094,-4.014686,-4.204955,-1.552252,-68.13597,0.2495256,0.1207419,0.7151855,0.8487152,0.2199565,0.1124159,-0.6642409,2.910224,24,24,24,24,24,24,24,24,24,24,25,25,25,24,25,25
270,2700,-30.30439,-56.46143,-6.036113,-6.093871,-4.585591,-2.717035,-1.532884,-2.134197,-1.609388,-2.337259,-0.9508235,-2.396502,-1.907782,-2.747929,-0.595898,-0.2402316,25,25,25,25,25,25,25,25,25,25,25,25,25,25,25,25,270,2700,-0.9416456,-1.977191,-1.179885,-1.422291,228.5869,211.938,-1.567376,-2.217381,-1.813442,-0.9026674,-1.052924,-0.9417672,-2.04949,-3.007923,-2.770832,-4.069673,25,25,25,25,25,25,25,25,25,25,25,25,25,25,25,25,270,2700,-2.412802,-5.628339,-5.493211,-3.35398,-1.295287,-0.2551369,-2.845503,-69.22941,-0.3686927,-0.7259378,1.191977,0.8487152,-0.1102399,0.1123646,0.2210883,2.910224,24,24,24,24,24,24,24,24,24,24,25,25,25,24,25,25
271,2710,-29.94364,-57.79136,-6.651518,-6.946449,-4.464898,-3.211164,-2.29915,-2.761129,-2.476442,-3.32181,-1.663787,-2.144352,-1.788564,-3.106326,-1.67053,-0.8438351,25,25,25,25,25,25,25,25,25,25,25,25,25,25,25,25,271,2710,-1.883113,-1.054617,-0.5252836,-0.2588075,228.1923,212.061,-3.134552,-0.7835172,-1.295756,-1.288901,-0.921529,-1.75,-2.433429,-1.67179,-2.409555,-3.052461,25,25,25,25,25,25,25,25,25,25,25,25,25,25,25,25,271,2710,-2.872358,-5.884159,-4.726464,-2.580061,-1.424783,-1.147032,-1.164276,-67.15188,0.1258821,-0.1211657,0.2383939,0.7274404,0.1098932,0.4458616,0.2211413,2.676195,24,24,24,24,24,24,24,24,24,24,25,25,25,24,25,25
272,2720,-29.70314,-56.58234,-7.020762,-6.946449,-5.671809,-2.222906,-2.29915,-2.510356,-2.352577,-2.337259,-2.257924,-2.270483,-2.861524,-2.98686,-1.789934,0.2425979,25,25,25,25,25,25,25,25,25,25,25,25,25,25,25,25,272,2720,-1.345131,-1.054617,-0.2634444,-1.293016,228.7185,211.0775,-2.873356,-1.695976,-1.68402,-1.288901,-1.447105,-2.827642,-2.177468,-1.67179,-1.807428,-3.052467,25,25,25,25,25,25,25,25,25,25,25,25,25,25,25,25,272,2720,-1.149027,-5.628339,-5.36542,-3.482967,-3.36721,-2.93082,-1.940227,-68.24531,-0.3686927,-0.1211657,0.953581,-0.0001990586,0.3300231,-0.5546287,-0.6641864,3.261261,24,24,24,24,24,24,24,24,24,24,25,25,25,24,25,25
273,2730,-31.26638,-56.94504,-8.251577,-8.164438,-6.395958,-3.458229,-2.426764,-3.011903,-2.104848,-2.706466,-2.257924,-2.018222,-1.788564,-3.345257,-2.386951,-0.361004,25,25,25,25,25,25,25,25,25,25,25,25,25,25,25,25,273,2730,-1.345131,-0.9228213,-1.179885,-0.5173606,227.9291,211.0775,-1.175582,-0.6531659,-3.107652,-1.031412,-1.97268,-2.423526,-2.04949,-1.226413,-2.650406,-3.730609,25,25,25,25,25,25,25,25,25,25,25,25,25,25,25,25,273,2730,-1.838361,-5.372519,-6.132168,-3.35398,-1.036297,0.2545173,-1.810902,-68.35467,0.3731691,0.2416957,1.072779,0.2423474,-0.0001733736,0.2235308,0.1104743,2.910218,24,24,24,24,24,24,24,24,24,24,25,25,25,24,25,25
274,2740,-32.22837,-58.51677,-8.990066,-9.504228,-7.361483,-4.199244,-2.426764,-2.510356,-1.237794,-2.337259,-0.9508235,-1.63983,-0.7156053,-2.031136,-0.4764957,-1.568209,25,25,25,25,25,25,25,25,25,25,25,25,25,25,25,25,274,2740,-1.614122,-1.713547,-1.048968,-1.680844,227.4029,211.3234,-1.828573,-1.304922,-1.813442,-2.318858,-2.235467,-1.884705,-1.665551,-2.67389,-2.168705,-2.82642,25,25,25,25,25,25,25,25,25,25,25,25,25,25,25,25,274,2740,-1.608583,-5.372519,-5.237629,-1.290197,-0.2593268,-1.529272,-1.293602,-68.02663,0.002238607,-0.604984,0.2383939,0.2423474,0.3300231,0.7793586,-0.0001910321,2.559175,24,24,24,24,24,24,24,24,24,24,25,25,25,24,25,25
275,2750,-33.67135,-59.00037,-10.0978,-8.773434,-7.482163,-3.458229,-2.171535,-2.00881,-1.980983,-1.721913,-2.139097,-2.018222,-2.503871,-2.508999,-1.431723,-0.6024445,25,25,25,25,25,25,25,25,25,25,25,25,25,25,25,25,275,2750,-1.748618,-1.713547,-0.9180455,-1.939396,228.3238,212.1839,-2.220367,-1.174571,-2.072284,-2.705092,-1.97268,-1.48059,-2.561411,-1.783135,-2.409555,-3.278515,25,25,25,25,25,25,25,25,25,25,25,25,25,25,25,25,275,2750,-1.149027,-5.884159,-5.876534,-2.580061,-2.072258,-1.784099,-1.293602,-67.91729,-0.7396231,0.3626495,1.430373,0.3636223,-0.7706329,-0.1099662,0.3318066,3.261261,24,24,24,24,24,24,24,24,24,24,25,25,25,24,25,25
276,2760,-34.87383,-58.51677,-11.08245,-11.57481,-8.809769,-4.199244,-2.426764,-2.635743,-1.113929,-2.829535,-1.307305,-2.522553,-1.073258,-2.867394,-1.789934,-0.361004,25,25,25,25,25,25,25,25,25,25,25,25,25,25,25,25,276,2760,-2.286598,-1.581751,-2.489087,-1.551568,228.0607,211.8151,-1.828573,-2.347733,-3.107652,-1.932624,-1.841286,-2.558232,-2.177468,-2.67389,-2.168705,-2.939444,25,25,25,25,25,25,25,25,25,25,25,25,25,25,25,25,276,2760,-1.608583,-5.628339,-5.620951,-2.451075,-3.6262,-4.714609,-1.940227,-68.90138,0.1258821,0.2416957,1.430373,0.8487152,-0.4404364,1.224021,0.3318066,2.559175,24,24,24,24,24,24,24,24,24,24,25,25,25,24,25,25
277,2770,-35.23458,-59.48398,-11.94402,-12.06201,-8.930437,-5.927011,-2.554377,-2.510356,-1.733253,-2.706466,-0.9508235,-1.892091,-1.073258,-2.389533,-1.431723,-1.085327,25,25,25,25,25,25,25,25,25,25,25,25,25,25,25,25,277,2770,-0.9416456,-1.845343,-0.9180455,-1.810119,228.4554,211.8151,-1.95917,-1.956679,-1.166336,0.5135239,-0.5273448,-1.211179,-1.281612,-0.6696894,-0.7236001,-3.504562,25,25,25,25,25,25,25,25,25,25,25,25,25,25,25,25,277,2770,-2.527691,-5.884159,-4.854204,-2.967021,-2.590239,-2.675993,-0.9056259,-68.02663,0.1258821,-0.4840303,0.5959875,0.3636223,0.4400897,0.2235308,0.1104743,2.676195,24,24,24,24,24,24,24,24,24,24,25,25,25,24,25,25
278,2780,-34.51309,-58.51677,-12.43635,-10.96581,-8.447675,-4.692892,-3.32006,-3.011903,-2.104848,-2.337259,-2.02027,-2.396502,-1.192476,-2.270068,-1.073513,-0.361004,25,25,25,25,25,25,25,25,25,25,25,25,25,25,25,25,278,2780,-0.6726552,-0.9227699,-0.1325217,-1.551568,227.5344,212.1839,-2.481563,-1.435274,-1.166336,-0.7739226,-0.7901343,-1.211179,-2.177468,-1.226413,-0.964451,-1.470138,25,25,25,25,25,25,25,25,25,25,25,25,25,25,25,25,278,2780,-1.149027,-5.500429,-6.387699,-2.580061,-2.331248,-3.822715,-1.164276,-68.464,-0.1214049,0.7255141,0.953581,0.3636223,-0.4404364,0.7793586,-0.0001910321,3.378268,24,24,24,24,24,24,24,24,24,24,25,25,25,24,25,25
279,2790,-32.58911,-58.75858,-10.95937,-9.504228,-7.120082,-4.939715,-1.916165,-2.635743,-1.237794,-1.844983,-0.4755141,-1.63983,-0.3579523,-1.792205,-1.431723,0.4840399,25,25,25,25,25,25,25,25,25,25,25,25,25,25,25,25,279,2790,-2.152103,-0.7909738,-0.2634444,-1.034463,228.1923,210.217,-2.612163,-1.174571,-1.425178,-1.932624,-1.184315,-2.558232,-2.04949,-2.005824,-1.566578,-3.391538,25,25,25,25,25,25,25,25,25,25,25,25,25,25,25,25,279,2790,-1.378805,-5.372519,-5.620951,-3.611953,-3.36721,-5.47909,-1.810902,-68.68269,0.3731691,0.2416957,0.4767895,-0.3640172,-0.1102399,0.7793586,-0.0001910321,2.091124,24,24,24,24,24,24,24,24,24,24,25,25,25,24,25,25
280,2800,-31.14613,-58.63767,-10.71321,-8.651634,-6.878708,-4.692892,-2.29915,-2.886516,-0.3707407,-1.229638,-0.5943409,-0.7569171,-0.0002985879,-1.314342,-0.5958996,-1.447488,25,25,25,25,25,25,25,25,25,25,25,25,25,25,25,25,280,2800,-0.8071501,-1.054566,-1.310807,-0.6466362,227.666,210.4629,-1.697976,-0.3924633,-2.072284,-1.160156,-1.447105,-2.154116,-1.40959,-1.003723,-2.048279,-3.504562,25,25,25,25,25,25,25,25,25,25,25,25,25,25,25,25,280,2800,-1.493694,-4.860879,-5.109787,-4.127899,-3.88519,-3.440474,-0.7763013,-68.57335,-0.6159796,-0.8468916,0.953581,0.6061688,0.3300231,0.4458616,-0.553521,3.378268,24,24,24,24,24,24,24,24,24,24,25,25,25,24,25,25
281,2810,-30.30439,-57.30775,-10.59012,-8.286238,-8.206301,-4.322656,-3.702902,-3.137289,-1.980932,-2.952603,-1.54496,-2.774655,-3.219177,-3.584188,-3.580986,0.3633189,25,25,25,25,25,25,25,25,25,25,25,25,25,25,25,25,281,2810,-1.479627,-2.108936,-1.179885,-1.680844,227.666,212.1839,-1.175586,-1.43527,-0.1309629,-1.803879,-1.709891,-1.615295,-1.793529,-1.894479,-1.566578,-2.148279,25,25,25,25,25,25,25,25,25,25,25,25,25,25,25,25,281,2810,-1.95325,-5.756248,-6.132116,-3.224993,-2.590239,-3.440474,-0.7763013,-69.12006,-0.2451001,0.1207419,0.953581,-0.3640172,-0.7706329,0.3346962,-0.3321887,2.910218,24,24,24,24,24,24,24,24,24,24,25,25,25,24,25,25
282,2820,-30.30439,-57.42865,-10.34396,-9.504228,-7.482151,-6.667482,-3.575289,-4.641927,-3.343445,-5.290864,-3.208544,-5.295672,-3.934483,-6.331897,-4.655618,-0.481725,25,25,25,25,25,25,25,25,25,25,25,25,25,25,25,25,282,2820,-2.152103,-0.7909738,-1.179885,-2.068671,227.9291,212.4298,-2.350967,-0.783514,-1.813438,-1.675135,-1.052924,-2.154116,-2.177468,-0.7810338,-0.964451,-2.48735,25,25,25,25,25,25,25,25,25,25,25,25,25,25,25,25,282,2820,-1.608583,-5.1167,-4.47083,-3.869926,-3.108219,-4.842023,-1.422926,-68.24531,0.1258307,0.2416957,-0.1192,0.1210758,0.550153,0.890524,-0.4428556,2.559175,24,24,24,24,24,24,24,24,24,24,25,25,25,24,25,25
283,2830,-28.98165,-57.67046,-10.34396,-9.626026,-8.447675,-6.667482,-4.213357,-4.391154,-3.21958,-3.567899,-3.446144,-4.665418,-4.0537,-3.82312,-3.222776,-1.326767,25,25,25,25,25,25,25,25,25,25,25,25,25,25,25,25,283,2830,-1.076141,-1.845343,-2.489087,-1.034463,228.0607,212.6757,-1.567379,-0.9138652,-1.942859,-1.417646,-1.447105,-2.288821,-1.665551,-2.562546,-2.048279,-2.600373,25,25,25,25,25,25,25,25,25,25,25,25,25,25,25,25,283,2830,-1.378805,-5.756248,-4.47083,-4.643845,-6.475093,-11.08232,-1.422926,-68.90138,0.002187237,-0.3630765,0.9535815,0.3636223,0.9904161,0.001199168,-0.3321887,3.378268,24,24,24,24,24,24,24,24,24,24,25,25,25,24,25,25
284,2840,-31.26638,-59.24218,-12.31326,-11.69661,-10.7408,-7.778189,-4.596199,-5.018087,-3.21958,-3.937106,-3.6838,-3.783062,-2.980741,-3.225791,-1.551127,-0.7231655,25,25,25,25,25,25,25,25,25,25,25,25,25,25,25,25,284,2840,-1.883113,-3.822287,-2.096331,-1.810119,227.9291,212.3069,-2.350967,-2.999486,-2.201701,-2.190114,-3.286618,-1.750003,-3.20131,-2.451201,-2.529981,-2.82642,25,25,25,25,25,25,25,25,25,25,25,25,25,25,25,25,284,2840,-2.412802,-6.523707,-5.365369,-6.836615,-8.41752,-7.772532,-2.845503,-69.12006,0.2494742,0.4836033,0.3575923,-0.1214707,0.1098932,0.1123646,0.1104743,3.144246,24,24,24,24,24,24,24,24,24,24,25,25,25,24,25,25
285,2850,-29.46264,-59.36308,-10.46704,-9.382428,-8.085607,-6.544071,-3.702902,-4.8927,-3.467309,-4.183243,-2.852008,-4.161214,-2.503871,-4.062051,-2.386951,-0.7231655,25,25,25,25,25,25,25,25,25,25,25,25,25,25,25,25,285,2850,-4.169533,-2.899713,-2.35817,-2.068671,228.1923,211.2005,-2.873358,-2.478081,-2.331122,-2.447603,-2.892437,-2.558234,-2.689344,-1.894479,-2.048279,-3.617585,25,25,25,25,25,25,25,25,25,25,25,25,25,25,25,25,285,2850,-3.102136,-4.98879,-5.620951,-7.094588,-7.770044,-8.282187,-2.328202,-68.24531,0.3731177,-0.0002119011,0.3575923,0.1210758,0.660165,0.2235308,-0.553521,3.027232,24,24,24,24,24,24,24,24,24,24,25,25,25,24,25,25
286,2860,-30.06389,-58.27497,-10.83629,-8.773434,-9.292519,-6.420659,-4.468585,-4.641927,-3.715039,-4.306313,-3.327318,-4.665418,-3.934483,-3.942585,-4.894424,-0.6024445,25,25,25,25,25,25,25,25,25,25,25,25,25,25,25,25,286,2860,-2.959075,-2.504325,-2.750932,-2.197947,227.666,210.217,-1.697976,-2.217378,-2.848806,-2.061369,-3.286618,-3.23176,-2.817323,-2.5626,-2.891257,-4.746976,25,25,25,25,25,25,25,25,25,25,25,25,25,25,25,25,286,2860,-2.527691,-6.012068,-5.49316,-6.965601,-6.604588,-7.008052,-2.069552,-68.79203,-0.1214563,-0.1211657,0.8343838,0.1210758,-0.1102945,0.001199168,0.6638043,2.325152,24,24,24,24,24,24,24,24,24,24,25,25,25,24,25,25
287,2870,-28.38041,-57.79136,-11.69786,-10.60042,-9.533893,-7.037719,-5.234269,-5.519633,-4.334363,-4.306313,-2.970836,-4.539367,-3.338394,-4.062051,-2.864565,-0.361004,25,25,25,25,25,25,25,25,25,25,25,25,25,25,25,25,287,2870,-3.228066,-2.504325,-3.143688,-2.456499,226.8766,211.6922,-1.697976,-1.826324,-2.719385,-1.932624,-2.761046,-1.884708,-2.049445,-2.228567,-2.409504,-4.634168,25,25,25,25,25,25,25,25,25,25,25,25,25,25,25,25,287,2870,-3.217025,-6.267888,-5.109787,-6.449656,-5.568627,-6.880638,-1.940227,-68.68269,0.002187237,-0.2421227,0.1191964,-0.6065637,0.3299685,0.1123646,-0.3321887,2.559175,24,24,24,24,24,24,24,24,24,24,25,25,25,24,25,25
288,2880,-26.57668,-57.67046,-9.974717,-10.72222,-8.447675,-7.531366,-4.723813,-6.773498,-4.705957,-6.521555,-3.6838,-6.178028,-3.338394,-3.584188,-1.789933,-0.481725,25,25,25,25,25,25,25,25,25,25,25,25,25,25,25,25,288,2880,-1.210636,-2.504325,-1.703569,-2.327223,228.1923,211.9381,-1.697976,-1.695973,-1.554595,-3.220071,-1.97268,-2.154118,-2.305405,-2.5626,-3.613757,-2.939437,25,25,25,25,25,25,25,25,25,25,25,25,25,25,25,25,288,2880,-2.297913,-6.139978,-5.876534,-5.804723,-7.122569,-10.82799,-1.034951,-67.47991,0.6204047,-0.1211657,1.311175,0.7274404,-0.3304245,-0.4434632,0.3318066,3.378268,24,24,24,24,24,24,24,24,24,24,25,25,25,24,25,25
289,2890,-28.38041,-58.51677,-11.94402,-11.20941,-9.77528,-6.173835,-5.106655,-5.770406,-5.077552,-4.55245,-3.446144,-4.287265,-3.696048,-2.508999,-2.625758,0.3633189,25,25,25,25,25,25,25,25,25,25,25,25,25,25,25,25,289,2890,-2.421145,-1.186363,-2.750932,-2.327223,228.5869,212.1839,-2.08977,-2.347729,-3.754754,-2.061369,-2.761046,-2.827645,-2.433384,-3.787389,-4.095459,-4.182696,25,25,25,25,25,25,25,25,25,25,25,25,25,25,25,25,289,2890,-2.068139,-6.139978,-5.620951,-5.417764,-5.309636,-7.517706,-1.940227,-69.12006,0.1258307,0.3626495,0.3575923,-0.0001990586,-0.440491,0.001199168,-0.4428556,2.208138,24,24,24,24,24,24,24,24,24,24,25,25,25,24,25,25
290,2900,-28.50066,-58.88959,-12.92867,-12.671,-12.55116,-9.135721,-6.765635,-6.522724,-5.325282,-4.798589,-2.970836,-4.161214,-2.146217,-1.792205,-0.7153019,-0.8438865,25,25,25,25,25,25,25,25,25,25,25,25,25,25,25,25,290,2900,-2.690135,-3.295102,-3.012771,-3.102879,228.7185,211.5692,-1.567379,-4.694052,-3.107648,-3.220071,-3.418016,-4.039992,-3.329244,-5.011342,-5.539163,-5.198229,25,25,25,25,25,25,25,25,25,25,25,25,25,25,25,25,290,2900,-3.676577,-6.395798,-5.748743,-5.159791,-6.216103,-8.282187,-1.810902,-69.33876,0.6204047,-0.8468916,-0.1191992,0.3636223,0.4400351,0.3346962,0.7744712,2.559175,24,24,24,24,24,24,24,24,24,24,25,25,25,24,25,25
291,2910,-26.21593,-59.37328,-11.94402,-13.1582,-10.7408,-10.24643,-7.020863,-7.149658,-5.944606,-5.906209,-2.733181,-4.539367,-1.669346,-2.031136,-1.073513,-1.326767,25,25,25,25,25,25,25,25,25,25,25,25,25,25,25,25,291,2910,-3.093621,-4.217676,-3.012778,-2.585775,227.2713,212.1839,-2.481564,-3.781593,-2.848806,-2.833837,-4.206378,-3.366465,-4.225101,-4.010077,-4.095459,-4.746976,25,25,25,25,25,25,25,25,25,25,25,25,25,25,25,25,291,2910,-4.136133,-7.419076,-6.132116,-7.094588,-7.381559,-7.64512,-2.198877,-68.79203,0.6204047,-0.0002119011,1.311175,0.7274404,-0.0002279542,-0.6657941,-0.8855186,2.325152,24,24,24,24,24,24,24,24,24,24,25,25,25,24,25,25
292,2920,-25.3742,-58.04312,-12.80559,-11.81841,-12.0684,-10.24643,-9.062685,-9.155841,-7.924165,-7.383038,-4.040281,-5.925926,-3.934483,-3.345257,-1.67053,0.00115743,25,25,25,25,25,25,25,25,25,25,25,25,25,25,25,25,292,2920,-3.228116,-2.767917,-1.834492,-2.973604,228.9817,211.5692,-3.003957,-2.999486,-3.36649,-3.735049,-2.498256,-3.635878,-3.073283,-3.787389,-3.734183,-5.423859,25,25,25,25,25,25,25,25,25,25,25,25,25,25,25,25,292,2920,-4.595688,-7.674896,-5.49316,-5.804723,-4.403171,-6.116158,-2.328202,-69.12006,0.002187237,0.4836033,1.072779,0.4848939,-0.440491,0.3346962,-0.0001910321,2.676195,24,24,24,24,24,24,24,24,24,24,25,25,25,24,25,25
293,2930,-27.65892,-58.28497,-13.17483,-12.4274,-10.98219,-10.74008,-8.424616,-8.654295,-6.934391,-6.521555,-2.970836,-5.169621,-2.265435,-3.345257,-2.02874,-0.240283,25,25,25,25,25,25,25,25,25,25,25,25,25,25,25,25,293,2930,-2.152154,-1.97714,-2.620016,-2.585776,227.666,210.8317,-2.220369,-1.956676,-3.107648,-1.803879,-3.023835,-2.558234,-2.689344,-2.673945,-3.613757,-5.085421,25,25,25,25,25,25,25,25,25,25,25,25,25,25,25,25,293,2930,-4.136133,-6.907437,-4.854204,-4.127899,-4.403171,-4.587196,-1.034951,-68.57335,-0.1214563,-0.4840303,0.3575923,0.2423474,-0.440491,0.890524,-0.0001910321,2.442167,24,24,24,24,24,24,24,24,24,24,25,25,25,24,25,25
294,2940,-29.94364,-60.34067,-14.89797,-14.49798,-12.55117,-10.86349,-7.531318,-8.403523,-7.181836,-6.644624,-3.089663,-5.169621,-2.503871,-2.628463,-1.551126,-1.085327,25,25,25,25,25,25,25,25,25,25,25,25,25,25,25,25,294,2940,-2.421145,-2.636121,-2.227254,-2.197948,227.7976,211.6922,-2.350967,-2.217378,-2.07228,-3.220071,-3.023835,-2.019413,-2.049445,-2.673945,-3.132056,-3.504555,25,25,25,25,25,25,25,25,25,25,25,25,25,25,25,25,294,2940,-3.217025,-6.523707,-5.365369,-4.127899,-2.849229,-3.440474,-1.810902,-68.90138,-0.2451001,0.8464679,1.549571,0.3636223,-0.0002279542,0.1123646,0.1104743,3.261261,24,24,24,24,24,24,24,24,24,24,25,25,25,24,25,25
295,2950,-32.34861,-60.94528,-15.88262,-14.61978,-12.79255,-10.36984,-7.786548,-8.152749,-7.429278,-6.890762,-3.564973,-4.917519,-3.457613,-2.508999,-1.073513,0.3633189,25,25,25,25,25,25,25,25,25,25,25,25,25,25,25,25,295,2950,-2.690135,-2.504325,-2.750939,-3.361431,227.7976,211.938,-2.873355,-1.43527,-3.495912,-3.606305,-2.629651,-2.288824,-3.201262,-1.560501,-2.650354,-3.843626,25,25,25,25,25,25,25,25,25,25,25,25,25,25,25,25,295,2950,-2.183024,-6.395798,-5.876534,-3.869926,-3.755695,-6.116158,-2.716178,-68.90138,0.3731177,0.2416957,0.5959879,-0.1214707,-0.5505544,0.6681932,-0.1108564,2.442167,24,24,24,24,24,24,24,24,24,24,25,25,25,24,25,25
296,2960,-30.90563,-61.5499,-15.14413,-14.37619,-12.0684,-10.61666,-6.382794,-7.40043,-5.696876,-5.660072,-3.208491,-4.539367,-2.384653,-3.345257,-2.148144,-0.361004,25,25,25,25,25,25,25,25,25,25,25,25,25,25,25,25,296,2960,-1.883163,-1.449955,-2.620016,-1.680844,228.4554,211.4463,-1.044982,-2.73878,-2.589964,-2.447603,-1.052924,-2.288824,-1.665506,-2.896633,-2.891205,-3.391532,25,25,25,25,25,25,25,25,25,25,25,25,25,25,25,25,296,2960,-3.102136,-6.651617,-4.726412,-3.611953,-2.590239,-3.313061,-0.9056259,-68.90138,0.3731177,-0.8468916,1.311175,0.3636223,0.880295,1.224021,0.3318066,2.910218,24,24,24,24,24,24,24,24,24,24,25,25,25,24,25,25
297,2970,-29.94364,-61.18713,-14.28256,-12.1838,-9.775287,-8.888896,-5.744725,-6.146566,-4.334362,-4.060174,-2.970836,-2.900706,-1.788564,-1.194877,-0.4764949,-0.9646059,25,25,25,25,25,25,25,25,25,25,25,25,25,25,25,25,297,2970,-1.479678,-2.372529,-1.703576,-1.680844,228.3238,211.938,-2.612158,-2.347726,-2.201702,-1.417646,-2.104075,-1.345887,-1.921463,-1.449156,-1.20525,-3.052461,25,25,25,25,25,25,25,25,25,25,25,25,25,25,25,25,297,2970,-2.183024,-7.035347,-5.237577,-3.611953,-2.072258,-2.803406,-1.422926,-69.01073,-0.6159796,0.8464679,1.311175,-0.1214707,-0.6606209,-0.4434632,-0.1108564,2.793203,24,24,24,24,24,24,24,24,24,24,25,25,25,24,25,25
298,2980,-29.70314,-61.0662,-14.40565,-11.45301,-9.533899,-7.531365,-4.851428,-4.641927,-3.591173,-3.075622,-1.782562,-2.522553,-1.311693,-1.075411,-0.9541092,0.1218784,25,25,25,25,25,25,25,25,25,25,25,25,25,25,25,25,298,2980,-0.6727057,-1.054566,-0.7871355,-0.775912,228.0607,211.5692,-2.742756,-0.6531627,-0.7780703,-0.7739226,0.3924119,-0.5376541,-1.281563,0.1096668,-0.9643992,-1.922225,25,25,25,25,25,25,25,25,25,25,25,25,25,25,25,25,298,2980,-1.608583,-6.267888,-5.365369,-1.290197,0.1291593,-0.1277234,-2.845503,-69.55744,0.7440996,0.7255141,1.191977,-0.485292,0.4400351,0.5570278,-0.6641864,2.325152,24,24,24,24,24,24,24,24,24,24,25,25,25,24,25,25
299,2990,-29.70314,-60.34067,-12.43635,-9.504228,-6.516633,-7.284542,-4.340972,-5.770406,-4.210497,-5.044725,-2.970889,-3.152807,-2.026999,-1.553274,-0.9541092,-0.240283,25,25,25,25,25,25,25,25,25,25,25,25,25,25,25,25,299,2990,-0.5382111,-0.5273817,-0.1325345,-1.81012,228.1923,210.7087,-2.089767,-0.001406253,-1.684018,-0.9026674,-1.184373,-2.154118,-1.153585,-0.7810883,-2.168653,-1.809202,25,25,25,25,25,25,25,25,25,25,25,25,25,25,25,25,299,2990,-0.1150302,-4.860879,-4.981996,-0.5162778,-0.5183165,-1.147032,-0.3883256,-68.79203,0.002238607,-0.0002119011,1.072779,0.3636223,0.219902,-0.1099662,-0.2215233,2.793203,24,24,24,24,24,24,24,24,24,24,25,25,25,24,25,25
300,3000,-28.8614,-58.76867,-11.69786,-8.164438,-7.120089,-5.680187,-3.702902,-4.140381,-3.715038,-3.19869,-2.495579,-2.270432,-1.669346,-1.553274,-0.8347057,-0.481725,25,25,25,25,25,25,25,25,25,25,25,25,25,25,25,25,300,3000,-1.614173,-1.449955,-1.834492,-1.422292,227.2713,211.2005,-2.220364,-1.565618,-1.81344,-1.932624,-2.892495,-2.288824,-1.921463,-2.5626,-2.650354,-3.278508,25,25,25,25,25,25,25,25,25,25,25,25,25,25,25,25,300,3000,-1.149027,-6.139978,-5.748743,-2.451075,-2.460743,-2.548579,-1.034951,-69.33876,-0.1214049,0.3626495,-2.006639E-06,-0.1214707,-0.9908174,0.2235308,0.2211413,2.910218,24,24,24,24,24,24,24,24,24,24,25,25,25,24,25,25
301,3010,-30.78538,-59.25236,-10.71321,-6.824651,-5.671803,-4.939715,-3.320061,-3.513449,-3.095714,-2.829483,-1.901442,-2.522553,-1.430911,-2.628463,-1.073513,-0.8438865,25,25,25,25,25,25,25,25,25,25,25,25,25,25,25,25,301,3010,-2.152154,-2.108936,-1.441737,-2.585776,228.3238,211.6922,-2.742756,-1.826321,-2.072282,-2.318858,-1.447159,-2.154118,-2.177472,-1.671845,-0.9643992,-3.052461,25,25,25,25,25,25,25,25,25,25,25,25,25,25,25,25,301,3010,-2.412802,-6.012068,-5.109787,-3.096008,-3.88519,-4.332368,-2.069552,-68.24531,0.3731691,0.8464679,0.119196,-0.2427455,0.2199565,0.1123646,-0.1108564,2.325152,24,24,24,24,24,24,24,24,24,24,25,25,25,24,25,25
302,3020,-29.5829,-59.61513,-9.851634,-6.581053,-4.947653,-5.309951,-3.447675,-4.641927,-3.095714,-3.321759,-2.02027,-2.144302,-1.550129,-2.747877,-1.192916,-1.206048,25,25,25,25,25,25,25,25,25,25,25,25,25,25,25,25,302,3020,-2.82463,-1.581751,-2.4891,-3.10288,228.1923,211.938,-3.265147,-1.435267,-2.97823,-3.348815,-2.366919,-2.827645,-2.433432,-1.783132,-1.20525,-2.035249,25,25,25,25,25,25,25,25,25,25,25,25,25,25,25,25,302,3020,-2.297913,-6.267888,-4.854204,-2.838035,0.1291593,0.2545173,-1.034951,-68.57335,-0.2450488,-0.604984,0.8343834,0.4848939,0.1098932,0.001250538,0.4424736,3.027232,24,24,24,24,24,24,24,24,24,24,25,25,25,24,25,25
303,3030,-27.89942,-59.01051,-8.866984,-4.875091,-4.464891,-3.334748,-2.29915,-2.886516,-2.104796,-2.214139,-2.376752,-2.018171,-2.146217,-2.867343,-1.431723,0.1218784,25,25,25,25,25,25,25,25,25,25,25,25,25,25,25,25,303,3030,-1.614173,-2.899713,-2.4891,-2.327224,228.0607,211.5692,-2.220364,-2.999483,-2.072282,-1.932624,-1.841344,-2.558234,-2.177472,-1.894476,-1.084824,-3.617579,25,25,25,25,25,25,25,25,25,25,25,25,25,25,25,25,303,3030,-2.64258,-6.779528,-6.004325,-2.580061,-0.5183165,-1.529272,-1.422926,-68.79203,0.002238607,1.209329,0.4767895,-0.6065637,-0.7706329,-0.1099149,0.2210883,2.676195,24,24,24,24,24,24,24,24,24,24,25,25,25,24,25,25
304,3040,-25.49444,-57.55943,-8.251577,-4.387599,-3.982129,-4.075832,-2.681991,-2.886516,-2.600255,-3.19869,-2.139097,-3.026756,-2.265435,-4.181465,-2.864565,-0.240283,25,25,25,25,25,25,25,25,25,25,25,25,25,25,25,25,304,3040,-2.421145,-2.240732,-1.572653,-1.422292,227.4029,212.3068,-2.481561,-1.826321,-2.201702,-1.803879,-3.155284,-1.750003,-2.177472,-1.560443,-1.20525,-1.583161,25,25,25,25,25,25,25,25,25,25,25,25,25,25,25,25,304,3040,-2.412802,-5.372519,-4.854204,-2.064116,0.2586542,-1.784099,-0.9056259,-68.68269,0.1258821,0.3626495,0.2383939,0.1210758,0.6602196,0.7794099,-0.4429086,2.559181,24,24,24,24,24,24,24,24,24,24,25,25,25,24,25,25
305,3050,-26.69693,-57.43851,-9.113146,-6.702852,-5.430428,-4.692892,-2.809605,-3.764222,-2.47639,-3.567898,-2.139097,-2.774655,-2.265435,-3.464671,-2.745162,-1.326767,25,25,25,25,25,25,25,25,25,25,25,25,25,25,25,25,305,3050,-2.959076,-2.108936,-1.441737,-2.327224,228.0607,210.8316,-2.089767,-1.956672,-2.201702,-2.190114,-2.498314,-3.23176,-1.665554,-1.894476,-1.686952,-2.939444,25,25,25,25,25,25,25,25,25,25,25,25,25,25,25,25,305,3050,-2.068081,-5.244609,-4.981996,-2.838035,-1.942763,-1.401858,-1.552252,-68.90138,-0.6159796,-0.0002119011,0.5959875,0.4848939,0.1098932,-0.4434119,-0.110911,3.144246,24,24,24,24,24,24,24,24,24,24,25,25,25,24,25,25
306,3060,-25.3742,-56.34053,-10.0978,-8.408036,-8.085613,-4.816303,-4.468586,-4.265768,-2.47639,-3.444828,-3.446197,-3.404909,-3.219177,-3.464671,-2.267548,-0.240283,25,25,25,25,25,25,25,25,25,25,25,25,25,25,25,25,306,3060,-2.959076,-1.713547,-2.227254,-1.81012,228.0607,211.0775,-2.089767,-1.435267,-2.719388,-1.932624,-3.155284,-3.097055,-2.689393,-2.451198,-3.132056,-3.504562,25,25,25,25,25,25,25,25,25,25,25,25,25,25,25,25,306,3060,-2.642525,-6.907437,-5.365369,-2.838035,-1.165792,-1.784099,-1.034951,-68.35467,0.002238607,0.3626495,0.5959875,-0.6065637,-0.4404364,0.3347476,0.6637513,3.261261,24,24,24,24,24,24,24,24,24,24,25,25,25,24,25,25
307,3070,-25.73494,-56.82414,-10.34396,-8.773434,-7.964919,-4.692892,-3.447675,-4.014995,-2.47639,-3.937105,-2.139097,-3.026756,-1.669346,-2.867343,-2.745162,-0.240283,25,25,25,25,25,25,25,25,25,25,25,25,25,25,25,25,307,3070,-2.286599,-2.240732,-2.358177,-2.585776,227.9291,211.3234,-2.220364,-2.478077,-2.201702,-3.220071,-3.680857,-3.097055,-2.689393,-2.562542,-1.686952,-2.939444,25,25,25,25,25,25,25,25,25,25,25,25,25,25,25,25,307,3070,-2.642525,-6.395798,-4.598673,-3.096008,-4.14418,-3.950128,-0.5176511,-68.24531,0.3731691,0.3626495,-2.006639E-06,0.4848939,0.3300231,-0.3322457,-0.2215763,2.442167,24,24,24,24,24,24,24,24,24,24,25,25,25,24,25,25
308,3080,-27.77917,-57.67046,-10.22088,-9.626026,-7.844238,-4.446068,-1.916165,-2.635743,-0.7422831,-2.091069,-1.426133,-1.765911,-1.669346,-2.389482,-2.148144,-1.326767,25,25,25,25,25,25,25,25,25,25,25,25,25,25,25,25,308,3080,-2.421094,-1.186363,-1.834492,-2.456447,228.0607,212.3068,-2.481561,-1.565618,-2.719388,-2.061369,-0.9215836,-1.21118,-1.921514,-0.1129642,-0.3622722,-3.052467,25,25,25,25,25,25,25,25,25,25,25,25,25,25,25,25,308,3080,-2.18297,-6.139978,-5.109838,-3.611953,-1.554278,-0.7647912,-1.422926,-69.22941,-0.4923362,-0.0002119011,0.4767895,0.4848939,-0.0001733736,-0.2210803,-0.2215763,3.144246,24,24,24,24,24,24,24,24,24,24,25,25,25,24,25,25
309,3090,-27.53867,-56.82414,-12.19018,-10.47862,-10.01667,-5.927011,-5.617111,-4.014995,-2.847985,-3.321759,-3.446197,-3.909112,-2.623088,-2.986809,-1.551127,-0.481725,25,25,25,25,25,25,25,25,25,25,25,25,25,25,25,25,309,3090,-0.4036652,-1.186363,-1.965415,-1.034412,227.7976,211.3234,-1.306179,-1.304916,-1.295754,-0.5164335,-0.1332216,-1.345887,-1.025654,-1.115065,-0.3622722,-0.9050199,25,25,25,25,25,25,25,25,25,25,25,25,25,25,25,25,309,3090,-1.723417,-6.267888,-4.854256,-1.290197,0.5176439,1.401239,-1.940227,-68.57335,0.4968126,0.2416957,0.3575919,-0.7278385,0.550153,0.1124159,0.6637513,2.910224,24,24,24,24,24,24,24,24,24,24,25,25,25,24,25,25
310,3100,-27.89942,-56.82414,-12.19018,-12.3056,-10.9822,-7.778189,-4.851428,-5.394247,-3.095714,-5.413933,-2.495579,-4.161214,-2.623088,-4.420397,-3.103372,0.2425979,25,25,25,25,25,25,25,25,25,25,25,25,25,25,25,25,310,3100,-1.345132,-2.767917,-1.441737,-0.5173084,228.3238,212.061,-2.350962,-2.087023,-1.295754,-1.031412,-1.578554,-0.8070655,-1.921514,-2.228509,-1.686952,-1.131067,25,25,25,25,25,25,25,25,25,25,25,25,25,25,25,25,310,3100,-1.148973,-4.60506,-4.854256,-1.419183,-1.295288,-2.548579,-1.810902,-67.91729,0.7440996,0.604557,0.7151855,-0.0001990586,0.3300231,-0.4434119,-0.4429086,3.027232,24,24,24,24,24,24,24,24,24,24,25,25,25,24,25,25
311,3110,-30.18414,-58.03316,-14.0364,-13.64539,-10.62012,-8.148426,-4.723813,-5.519633,-2.72412,-3.937105,-2.614406,-3.404909,-2.742306,-2.986809,-3.34218,-0.6024445,25,25,25,25,25,25,25,25,25,25,25,25,25,25,25,25,311,3110,-3.093571,-2.504325,-1.703576,-2.327171,228.4554,211.0775,-2.742812,-1.69597,-1.81344,-2.318858,-2.629705,-3.23176,-3.073332,-2.896576,-2.650354,-2.48735,25,25,25,25,25,25,25,25,25,25,25,25,25,25,25,25,311,3110,-1.148973,-4.47715,-5.109838,-3.096008,-2.072259,-2.675993,-1.5522,-70.10416,-0.7396231,-0.3630765,0.119196,0.3636223,0.6602196,-0.4434119,0.3317536,3.261261,24,24,24,24,24,24,24,24,24,24,25,25,25,24,25,25
312,3120,-30.90563,-58.27497,-14.77489,-12.7928,-10.86151,-7.778189,-5.744724,-5.394246,-3.962767,-3.19869,-2.376752,-2.648604,-1.907782,-2.389482,-2.028741,-0.240283,25,25,25,25,25,25,25,25,25,25,25,25,25,25,25,25,312,3120,-3.631552,-2.899713,-2.881855,-2.714999,228.0607,210.3399,-2.22042,-2.08703,-3.625336,-2.833837,-4.206436,-4.174697,-2.945353,-4.01002,-4.215884,-4.295726,25,25,25,25,25,25,25,25,25,25,25,25,25,25,25,25,312,3120,-3.676522,-6.267888,-5.237629,-3.482967,-3.626201,-4.077541,-1.681524,-68.46401,0.7440996,-0.3630765,-0.1192,-0.3640172,0.3300231,0.445913,0.2210883,2.559181,24,24,24,24,24,24,24,24,24,24,25,25,25,24,25,25
313,3130,-28.50066,-58.63767,-13.66716,-12.9146,-9.051144,-8.025014,-5.234269,-6.271952,-3.962819,-5.906209,-3.089715,-5.16962,-3.219177,-4.181465,-2.625758,0.2425979,25,25,25,25,25,25,25,25,25,25,25,25,25,25,25,25,313,3130,-3.497057,-3.163306,-3.667379,-3.102827,227.2713,211.6922,-2.87341,-3.260191,-3.754756,-3.606305,-4.075038,-3.635878,-2.945353,-3.898675,-4.456735,-4.408538,25,25,25,25,25,25,25,25,25,25,25,25,25,25,25,25,313,3130,-3.446745,-6.012068,-5.493212,-5.159791,-5.050647,-4.842023,-1.5522,-68.24532,0.3731177,-0.1211657,0.8343834,0.7274404,-0.0001733736,-0.2210803,-0.4429086,3.144246,24,24,24,24,24,24,24,24,24,24,25,25,25,24,25,25
314,3140,-26.57668,-57.18685,-13.17483,-11.08761,-9.292531,-6.914306,-5.106655,-6.021179,-4.706008,-4.798586,-2.970889,-4.665417,-3.576829,-2.747877,-3.222776,-1.206048,25,25,25,25,25,25,25,25,25,25,25,25,25,25,25,25,314,3140,-2.690085,-3.426898,-2.227254,-3.619931,228.0607,211.8151,-1.698028,-2.608435,-2.331124,-2.962633,-1.972735,-2.423529,-1.921514,-2.562542,-1.807377,-3.730609,25,25,25,25,25,25,25,25,25,25,25,25,25,25,25,25,314,3140,-3.561634,-6.012068,-5.876586,-5.288778,-3.755696,-3.950128,-1.681524,-69.01073,-0.7396745,0.1207419,0.3575919,0.3636223,0.1098932,-0.1099149,0.2210883,3.378275,24,24,24,24,24,24,24,24,24,24,25,25,25,24,25,25
315,3150,-25.73494,-57.79136,-13.79024,-11.33121,-10.37875,-7.901602,-6.255179,-5.895792,-4.334414,-5.290862,-3.446199,-3.783062,-2.742306,-2.986809,-1.431723,0.00115743,25,25,25,25,25,25,25,25,25,25,25,25,25,25,25,25,315,3150,-1.883113,-1.054566,-2.227254,-2.456447,227.9291,212.061,-2.612214,-1.695976,-2.97823,-1.803931,-1.052917,-1.480592,-2.305454,-1.003721,-1.084824,-2.600373,25,25,25,25,25,25,25,25,25,25,25,25,25,25,25,25,315,3150,-3.561634,-6.267888,-4.598673,-2.967021,-1.165793,-2.293752,-3.233425,-68.90139,0.4967612,-0.0002119011,0.3575398,-0.485292,0.1098932,0.1124159,-0.0002440073,2.676195,24,24,24,24,24,24,24,24,24,24,25,25,25,24,25,25
316,3160,-26.21593,-57.91225,-12.31326,-12.06201,-10.01667,-8.271837,-6.127566,-6.021179,-4.582144,-5.660069,-2.97089,-4.287265,-2.623088,-3.345206,-0.4764957,-1.206048,25,25,25,25,25,25,25,25,25,25,25,25,25,25,25,25,316,3160,-1.210636,-2.240732,-2.358177,-1.292964,228.5869,211.6922,-1.828626,-2.347733,-2.460544,-1.675187,-2.49825,-2.423526,-2.305454,-2.451198,-2.529929,-2.261302,25,25,25,25,25,25,25,25,25,25,25,25,25,25,25,25,316,3160,-1.263862,-4.60506,-5.493212,-2.193103,-1.165793,-2.293752,-2.0695,-68.35467,-0.4923875,-0.3630765,0.9535292,0.2423506,-0.4404364,-0.7769089,-0.6642409,3.144246,24,24,24,24,24,24,24,24,24,24,25,25,25,24,25,25
317,3170,-24.41221,-57.42865,-13.421,-11.57481,-10.74082,-8.888897,-7.658932,-6.648112,-5.077602,-4.921656,-3.208544,-3.152807,-2.742255,-1.672688,-1.073513,0.1218784,25,25,25,25,25,25,25,25,25,25,25,25,25,25,25,25,317,3170,-2.017608,-2.636121,-1.310814,-2.197895,227.2713,212.1839,-2.742812,-3.12984,-1.94286,-2.705143,-3.41801,-3.231757,-3.329295,-3.00792,-3.01163,-3.504562,25,25,25,25,25,25,25,25,25,25,25,25,25,25,25,25,317,3170,-2.068081,-5.244609,-5.621003,-3.096008,-3.626201,-2.548579,-2.974775,-69.12007,0.4967612,0.3626495,1.191925,0.3636255,-0.8807477,0.5570791,0.442419,2.325152,24,24,24,24,24,24,24,24,24,24,25,25,25,24,25,25
318,3180,-24.41221,-56.82414,-14.40565,-14.13259,-12.79256,-9.382545,-7.020863,-6.648112,-5.201468,-5.044724,-2.376753,-2.900706,-0.8347715,-1.433808,0.001118099,-0.361004,25,25,25,25,25,25,25,25,25,25,25,25,25,25,25,25,318,3180,-2.555589,-2.240732,-2.096338,-2.327171,228.5869,211.4463,-3.004008,-2.347733,-2.460544,-2.447654,-2.366858,-2.692937,-3.329295,-2.33986,-1.927802,-3.956656,25,25,25,25,25,25,25,25,25,25,25,25,25,25,25,25,318,3180,-4.365856,-5.500429,-4.982047,-2.967021,-3.10822,-2.421166,-2.198825,-68.24532,0.1258307,-0.604984,0.3575398,-0.1214675,0.4400383,0.4458624,-0.110911,2.559181,24,24,24,24,24,24,24,24,24,24,25,25,25,24,25,25
319,3190,-26.21593,-57.67046,-15.02105,-14.98518,-13.27532,-10.86349,-7.276091,-7.275044,-5.449197,-5.783138,-2.852063,-3.53096,-1.90773,-2.270068,-0.9541096,-1.326767,25,25,25,25,25,25,25,25,25,25,25,25,25,25,25,25,319,3190,-1.883113,-1.581751,-1.572653,-2.327171,228.3238,210.217,-2.742812,-1.695976,-2.589966,-2.06142,-2.104069,-2.558232,-1.921514,-1.11507,-2.28913,-3.843632,25,25,25,25,25,25,25,25,25,25,25,25,25,25,25,25,319,3190,-2.068081,-5.372519,-5.493212,-3.224993,-1.554278,-0.8922048,-1.5522,-68.68269,-0.863318,0.1207419,1.072727,0.3636255,-0.0002247436,-0.4434624,0.2210883,3.144246,24,24,24,24,24,24,24,24,24,24,25,25,25,24,25,25
320,3200,-28.38041,-56.94504,-15.26722,-15.59417,-14.36154,-10.12302,-8.424616,-6.773498,-6.068341,-5.783138,-3.683854,-4.539367,-3.219125,-3.584188,-1.551127,-0.481725,25,25,25,25,25,25,25,25,25,25,25,25,25,25,25,25,320,3200,-1.345132,-1.97714,-1.834492,-2.456447,227.666,211.3234,-2.351019,-1.826327,-2.201702,-2.705143,-3.286618,-2.558232,-1.921514,-2.673893,-2.891257,-1.809157,25,25,25,25,25,25,25,25,25,25,25,25,25,25,25,25,320,3200,-1.723417,-5.372519,-5.748795,-1.290197,0.2586542,-0.8922048,-2.457475,-68.35467,-0.1214563,-0.0002119011,1.191925,-0.1214675,-0.3304212,0.668194,0.442419,2.311976,24,24,24,24,24,24,24,24,24,24,25,25,25,24,25,25
321,3210,-31.26638,-57.54955,-15.14413,-13.76719,-12.3098,-8.642074,-7.020863,-5.895792,-4.582144,-4.675518,-2.733235,-4.161214,-2.265383,-3.345257,-1.789934,-0.7231655,25,25,25,25,25,25,25,25,25,25,25,25,25,25,25,25,321,3210,-1.614174,-2.108936,-1.441737,-2.197895,227.9291,212.061,-2.612214,-2.217381,-2.331124,-3.220122,-2.629644,-3.097052,-2.561414,-3.453304,-3.011682,-2.487298,25,25,25,25,25,25,25,25,25,25,25,25,25,25,25,25,321,3210,-1.723475,-5.372519,-4.726464,-2.322088,-2.072259,-3.440474,-1.681524,-68.35467,0.002187237,-1.088802,0.8343317,-0.1214675,-0.1102913,0.4458624,-0.2215763,2.77995,24,24,24,24,24,24,24,24,24,24,25,25,25,24,25,25
322,3220,-34.63334,-60.34067,-17.60576,-16.69036,-13.75808,-9.75278,-6.382793,-7.275044,-4.953738,-5.167793,-2.139098,-3.404909,-1.90773,-3.703654,-2.983969,-0.9646059,25,25,25,25,25,25,25,25,25,25,25,25,25,25,25,25,322,3220,-3.900594,-2.240732,-3.274617,-2.456447,228.5869,212.4297,-2.612214,-3.260191,-4.013598,-4.121334,-3.812191,-4.039989,-3.329295,-4.12137,-3.975085,-3.278463,25,25,25,25,25,25,25,25,25,25,25,25,25,25,25,25,322,3220,-2.068142,-6.012068,-5.748795,-3.35398,-2.978725,-4.714609,-1.940174,-68.90139,-0.368744,0.8464679,1.072727,-0.364014,-0.3304212,0.334697,0.442419,3.481907,24,24,24,24,24,24,24,24,24,24,25,25,25,24,25,25
323,3230,-32.22837,-59.85698,-16.49803,-14.74158,-13.75808,-9.135721,-6.765635,-6.773498,-5.820792,-5.537001,-3.327372,-5.295672,-3.695997,-4.420448,-2.506355,0.6047593,25,25,25,25,25,25,25,25,25,25,25,25,25,25,25,25,323,3230,-4.169584,-4.217676,-4.191057,-3.102827,228.4554,212.1839,-1.959225,-4.042299,-3.495914,-4.121334,-3.943582,-4.848222,-3.713234,-4.677922,-3.975085,-4.746976,25,25,25,25,25,25,25,25,25,25,25,25,25,25,25,25,323,3230,-3.561695,-6.779527,-4.726464,-3.869926,-5.309638,-6.243571,-3.233425,-68.90139,0.6204047,0.8464679,-5.377793E-05,0.2423506,0.4400383,1.112856,-0.6642409,2.194981,24,24,24,24,24,24,24,24,24,24,25,25,25,24,25,25
324,3240,-30.54489,-60.09882,-16.37495,-15.47238,-13.99947,-10.49325,-6.893249,-7.651204,-6.068341,-7.136897,-3.208544,-6.430129,-2.503819,-4.898309,-3.222776,-0.481725,25,25,25,25,25,25,25,25,25,25,25,25,25,25,25,25,324,3240,-5.111051,-4.744861,-3.40554,-3.102879,227.2713,211.8151,-3.656999,-3.781597,-4.14302,-3.477611,-3.812191,-3.366465,-3.457274,-2.896582,-3.252533,-4.295675,25,25,25,25,25,25,25,25,25,25,25,25,25,25,25,25,324,3240,-4.021247,-6.395797,-5.36542,-5.030804,-5.180142,-4.842023,-1.940174,-69.22941,0.2494742,-0.0002119011,0.7151337,0.8487185,0.7702348,-0.1099654,-0.6642409,3.130929,24,24,24,24,24,24,24,24,24,24,25,25,25,24,25,25
325,3250,-32.94986,-60.21974,-17.11344,-16.56857,-14.48221,-10.74008,-7.020863,-7.525817,-6.192062,-6.767691,-3.327372,-5.04357,-2.98069,-3.703654,-3.222776,-0.8438865,25,25,25,25,25,25,25,25,25,25,25,25,25,25,25,25,325,3250,-4.976556,-3.954083,-2.4891,-2.197947,228.3238,211.6922,-3.004008,-2.999489,-2.719388,-3.091377,-2.235463,-2.827642,-3.329295,-2.228516,-2.168705,-2.939393,25,25,25,25,25,25,25,25,25,25,25,25,25,25,25,25,325,3250,-3.791472,-7.163256,-5.621003,-3.74094,-3.237715,-2.803406,-1.681524,-68.90139,-0.2451001,-0.0002119011,0.1191442,-0.2427423,0.2199052,0.4458624,0.5530859,3.247924,24,24,24,24,24,24,24,24,24,24,25,25,25,24,25,25
326,3260,-33.7916,-60.34067,-18.46733,-17.05576,-14.6029,-9.75278,-8.169388,-7.901978,-6.315784,-6.521553,-3.565027,-5.547773,-3.338343,-3.703654,-2.506355,-0.240283,25,25,25,25,25,25,25,25,25,25,25,25,25,25,25,25,326,3260,-4.035089,-4.217676,-2.620016,-2.715051,228.4554,210.4629,-2.87341,-2.869138,-3.625336,-2.447654,-3.15522,-3.905284,-2.945356,-1.783138,-2.409555,-4.182652,25,25,25,25,25,25,25,25,25,25,25,25,25,25,25,25,326,3260,-3.906361,-4.988789,-4.087508,-3.998913,-4.403172,-4.714608,-3.104101,-68.24532,0.3731177,0.3626495,0.8343317,0.3636255,0.3299718,-0.6657941,-0.6642409,2.311976,24,24,24,24,24,24,24,24,24,24,25,25,25,24,25,25
327,3270,-33.7916,-61.18713,-17.3596,-17.42116,-13.75807,-10.61666,-7.020863,-8.027364,-6.068341,-7.505984,-4.040336,-6.430129,-3.695997,-5.495637,-2.506355,-0.7231655,25,25,25,25,25,25,25,25,25,25,25,25,25,25,25,25,327,3270,-3.900594,-3.163306,-2.750939,-2.068671,227.5344,211.6922,-2.089822,-2.217381,-2.97823,-1.675187,-3.286618,-2.154116,-2.177475,-1.671794,-1.807428,-3.730557,25,25,25,25,25,25,25,25,25,25,25,25,25,25,25,25,327,3270,-3.331917,-5.500428,-5.621003,-3.869926,-1.942764,-3.440474,-2.32815,-69.33877,0.6204047,0.8464679,0.8343317,0.2423506,0.2199052,0.334697,1.217081,2.54596,24,24,24,24,24,24,24,24,24,24,25,25,25,24,25,25
328,3280,-33.5511,-60.70344,-16.25187,-14.98518,-12.79255,-8.025014,-5.744724,-5.770406,-5.201468,-4.30631,-3.089717,-3.152807,-3.099908,-2.270068,-2.148144,-1.085327,25,25,25,25,25,25,25,25,25,25,25,25,25,25,25,25,328,3280,-3.631603,-3.558694,-2.358177,-3.490707,228.0607,212.3069,-2.742812,-2.217378,-2.460544,-3.477611,-2.235463,-2.558232,-2.817374,-2.228516,-2.891257,-2.826369,25,25,25,25,25,25,25,25,25,25,25,25,25,25,25,25,328,3280,-2.98725,-6.523707,-5.109838,-2.967021,-2.460745,-3.822714,-3.104101,-68.57336,0.6204047,-0.7259378,0.5959357,0.4848971,0.3299718,0.1123662,0.2210883,2.428971,24,24,24,24,24,24,24,24,24,24,25,25,25,24,25,25
329,3290,-34.03209,-61.06621,-15.63646,-11.94021,-10.62011,-6.914306,-4.085744,-4.641927,-4.210549,-3.690966,-2.257926,-2.522553,-1.788513,-2.270068,-0.9541096,-0.361004,25,25,25,25,25,25,25,25,25,25,25,25,25,25,25,25,329,3290,-3.631603,-2.899713,-2.881855,-3.749259,228.5869,212.6757,-2.87341,-1.565622,-2.978228,-2.190165,-1.972674,-1.884705,-3.457274,-2.451205,-2.529981,-3.617534,25,25,25,25,25,25,25,25,25,25,25,25,25,25,25,25,329,3290,-2.757472,-5.884158,-5.36542,-4.514859,-3.885191,-3.950127,-3.104101,-69.01073,-0.368744,0.1207419,1.191925,-0.1214675,-0.4404878,-0.7769595,-0.2215763,2.54596,24,24,24,24,24,24,24,24,24,24,25,25,25,24,25,25
330,3300,-30.66513,-60.58252,-14.52873,-11.81841,-8.930437,-7.037719,-4.723813,-5.018086,-4.334414,-3.937105,-2.733235,-3.53096,-1.669295,-2.747929,-1.909338,-0.6024445,25,25,25,25,25,25,25,25,25,25,25,25,25,25,25,25,330,3300,-4.976556,-5.140249,-4.845665,-4.65419,229.2448,211.2005,-2.351019,-3.39054,-2.719385,-2.833837,-1.972674,-2.692937,-2.817374,-3.675993,-3.132108,-3.278463,25,25,25,25,25,25,25,25,25,25,25,25,25,25,25,25,330,3300,-2.757472,-6.523707,-5.109838,-3.35398,-3.36721,-4.714608,-3.233425,-69.33877,0.2494742,1.330341,0.7151337,0.3636255,0.2199052,0.334697,0.2210883,2.428971,24,24,24,24,24,24,24,24,24,24,25,25,25,24,25,25
331,3310,-33.0701,-60.09882,-15.02106,-13.1582,-12.30978,-8.148426,-6.638021,-5.645019,-4.706008,-4.55245,-3.446199,-4.287265,-3.338343,-4.062051,-2.745162,-0.361004,25,25,25,25,25,25,25,25,25,25,25,25,25,25,25,25,331,3310,-7.39747,-6.8536,-4.452902,-4.266362,227.2713,212.4298,-3.265205,-3.651242,-3.107648,-2.190114,-2.629644,-2.154116,-3.457274,-3.119271,-2.529981,-4.069628,25,25,25,25,25,25,25,25,25,25,25,25,25,25,25,25,331,3310,-4.021247,-6.651617,-5.876586,-4.127899,-4.403172,-4.969436,-2.5868,-69.4481,-0.1214563,-1.209702,0.2383422,0.4848971,-0.0002247436,-0.4434624,-0.4429086,2.662955,24,24,24,24,24,24,24,24,24,24,25,25,25,24,25,25
332,3320,-34.75359,-60.82437,-17.11344,-16.44677,-14.96497,-9.629369,-6.765635,-6.397337,-4.953738,-5.413933,-2.852063,-4.791468,-3.576778,-5.017775,-3.34218,-0.7231655,25,25,25,25,25,25,25,25,25,25,25,25,25,25,25,25,332,3320,-5.918023,-3.295102,-2.750939,-3.749259,228.7185,211.0775,-3.265205,-1.43527,-1.554595,-1.031412,0.6552046,-0.5376541,-1.409597,0.7777846,1.323631,-3.16544,25,25,25,25,25,25,25,25,25,25,25,25,25,25,25,25,332,3320,-3.446806,-7.546985,-5.748795,-4.385872,-3.237715,-3.058233,-3.104101,-69.77613,0.002187237,0.7255687,1.072727,-0.6065637,-0.8807477,0.5570278,0.3317536,3.01394,24,24,24,24,24,24,24,24,24,24,25,25,25,24,25,25
333,3330,-36.19657,-62.75914,-16.74419,-16.32497,-14.84429,-9.876192,-8.041774,-7.525817,-5.944656,-5.66007,-3.446199,-4.791468,-3.576777,-4.181517,-4.297407,-1.085327,25,25,25,25,25,25,25,25,25,25,25,25,25,25,25,25,333,3330,-3.497107,-2.240732,-2.096338,-1.939396,228.0607,211.2005,-2.351019,-0.001409463,-0.9074906,0.5135239,-0.001765842,-0.9417704,-0.001765842,0.332407,-1.325727,-1.244039,25,25,25,25,25,25,25,25,25,25,25,25,25,25,25,25,333,3330,-1.953253,-6.267887,-4.982047,-0.387291,-2.072259,-9.937813,-3.362751,-69.55745,0.1258307,0.7255687,0.3575398,-0.0001990586,0.1098932,0.1123662,-0.2215763,1.610012,24,24,24,24,24,24,24,24,24,24,25,25,25,24,25,25
334,3340,-36.67756,-62.63821,-16.37495,-13.64539,-12.79255,-8.765485,-6.893249,-7.525817,-5.944656,-6.029277,-3.327372,-4.791468,-3.695995,-3.464671,-2.386951,0.4840399,25,25,25,25,25,25,25,25,25,25,25,25,25,25,25,25,334,3340,-3.766098,-2.504325,-2.096338,-1.551568,227.7976,211.8152,-2.481616,-1.43527,-0.9074906,-1.031412,-2.366858,-1.615296,-0.8976243,-2.5626,-2.891257,-1.809157,25,25,25,25,25,25,25,25,25,25,25,25,25,25,25,25,334,3340,-0.4597002,-4.22133,-4.598673,-3.998913,-6.345599,-9.55632,-3.233425,-69.77613,-0.4923875,-0.2420649,1.072727,0.3636223,0.4400897,0.4458616,-0.3322433,3.481907,24,24,24,24,24,24,24,24,24,24,25,25,25,24,25,25
335,3350,-32.58911,-61.79176,-15.14413,-14.61978,-15.08566,-11.85078,-9.445526,-9.281228,-7.181836,-7.75184,-3.208544,-6.304078,-3.576777,-3.823068,-2.028741,-0.361004,25,25,25,25,25,25,25,25,25,25,25,25,25,25,25,25,335,3350,-4.976556,-4.481268,-3.143701,-4.137086,227.9291,211.8152,-2.481616,-2.478081,-2.848806,-3.091326,-2.49825,-2.288824,-2.945305,-3.119322,-2.770779,-2.939393,25,25,25,25,25,25,25,25,25,25,25,25,25,25,25,25,335,3350,-1.838364,-5.628338,-5.237629,-5.030804,-7.64055,-10.31931,-1.681524,-69.33877,0.4967612,0.4836611,0.5959357,-0.8491102,0.1098932,0.2235308,-0.110911,2.896945,24,24,24,24,24,24,24,24,24,24,25,25,25,24,25,25
336,3360,-32.58911,-61.91267,-16.86728,-16.56857,-16.17188,-13.94878,-10.84928,-10.15893,-7.800444,-8.612334,-3.921509,-6.051977,-3.695995,-2.508948,-2.506355,-1.085271,25,25,25,25,25,25,25,25,25,25,25,25,25,25,25,25,336,3360,-5.783527,-3.69049,-4.060141,-3.232155,228.8501,212.061,-3.5264,-1.956676,-3.625332,-3.091326,-2.366858,-2.96235,-2.817323,-2.896633,-3.132056,-3.843626,25,25,25,25,25,25,25,25,25,25,25,25,25,25,25,25,336,3360,-4.021247,-5.756248,-5.109838,-6.191683,-8.806006,-9.55632,-2.716125,-69.12007,0.3731177,0.1207965,-5.377793E-05,0.3636223,-0.1102399,0.5570278,-0.6642409,2.325152,24,24,24,24,24,24,24,24,24,24,25,25,25,24,25,25
337,3370,-31.62712,-61.18713,-17.97501,-19.12634,-19.91328,-16.1702,-13.40156,-12.03973,-9.037659,-8.612334,-5.347436,-7.312485,-4.411301,-4.778792,-2.983969,-0.2402268,25,25,25,25,25,25,25,25,25,25,25,25,25,25,25,25,337,3370,-6.456004,-5.79923,-6.023944,-4.65419,228.7185,211.5692,-2.481616,-4.042296,-3.36649,-1.803879,-3.286618,-3.50117,-2.817323,-4.232766,-4.336309,-4.069673,25,25,25,25,25,25,25,25,25,25,25,25,25,25,25,25,337,3370,-2.872358,-5.628338,-5.109838,-6.191683,-5.180142,-7.135465,-2.0695,-69.88548,-0.1214563,0.1207965,0.7151337,1.576355,-0.6605663,0.2235308,0.5530859,3.027232,24,24,24,24,24,24,24,24,24,24,25,25,25,24,25,25
338,3380,-33.7916,-61.53932,-18.46733,-20.70973,-19.55122,-17.77456,-13.27394,-12.91744,-9.532546,-11.43967,-5.466265,-9.329298,-5.603477,-5.37612,-2.983969,-0.2402268,25,25,25,25,25,25,25,25,25,25,25,25,25,25,25,25,338,3380,-9.14418,-8.039818,-5.762105,-4.65419,228.1923,212.061,-3.395802,-3.781593,-2.719385,-2.190114,-3.41801,-2.827645,-3.585201,-3.007978,-2.650354,-4.182696,25,25,25,25,25,25,25,25,25,25,25,25,25,25,25,25,338,3380,-3.906355,-6.907436,-5.237629,-5.288778,-5.180142,-8.027359,-1.940174,-68.90139,0.3731177,-1.209702,0.1191442,0.2423474,0.1098932,0.5570278,0.442419,2.325152,24,24,24,24,24,24,24,24,24,24,25,25,25,24,25,25
339,3390,-35.11433,-62.02293,-19.94431,-22.53671,-20.87882,-17.03408,-11.9978,-11.91434,-9.656267,-9.104046,-5.585092,-7.186435,-4.530518,-3.703603,-3.103372,-1.085271,25,25,25,25,25,25,25,25,25,25,25,25,25,25,25,25,339,3390,-8.472423,-6.326467,-5.107503,-4.395638,228.4554,211.5692,-3.656999,-2.217378,-2.719385,-2.705092,-2.761039,-2.827645,-3.201262,-3.007978,-3.252481,-4.182696,25,25,25,25,25,25,25,25,25,25,25,25,25,25,25,25,339,3390,-2.987247,-7.163256,-5.237629,-5.417764,-5.180142,-5.224262,-2.198825,-68.57336,-0.368744,0.4836611,1.430321,0.1210758,-0.6605663,-0.4434632,-0.2215763,3.027232,24,24,24,24,24,24,24,24,24,24,25,25,25,24,25,25
340,3400,-35.11433,-62.74834,-20.43663,-19.85714,-19.30984,-14.31902,-11.10451,-10.28432,-8.913938,-7.874768,-4.7533,-6.304078,-4.053647,-3.584137,-2.745162,-0.7231093,25,25,25,25,25,25,25,25,25,25,25,25,25,25,25,25,340,3400,-7.262976,-5.272097,-4.32198,-4.395639,228.9817,210.8317,-2.87341,-2.347729,-2.719385,-2.061369,-2.49825,-3.23176,-2.561363,-2.117223,-3.372906,-5.085421,25,25,25,25,25,25,25,25,25,25,25,25,25,25,25,25,340,3400,-2.64258,-5.884158,-6.132168,-2.322088,-3.237715,-5.86133,-2.457475,-69.12007,0.4967612,0.6046149,0.7151337,-0.2427455,-0.0001733736,1.001689,0.2210883,2.559181,24,24,24,24,24,24,24,24,24,24,25,25,25,24,25,25
341,3410,-32.70936,-61.53932,-17.85192,-18.63915,-15.68913,-14.31902,-10.0836,-10.66048,-8.047887,-8.24355,-4.7533,-6.682231,-4.768953,-4.898258,-2.506355,-0.6023883,25,25,25,25,25,25,25,25,25,25,25,25,25,25,25,25,341,3410,-5.111051,-5.140301,-4.452902,-3.361431,227.5344,211.8152,-2.87341,-2.087027,-2.07228,-2.190114,-2.366858,-1.750003,-0.6416654,-1.560501,-0.8439736,-3.391532,25,25,25,25,25,25,25,25,25,25,25,25,25,25,25,25,341,3410,-2.987247,-5.884158,-5.109838,-3.35398,-2.978724,-2.675993,-1.164224,-68.79204,-0.2451001,-0.846837,0.7151337,-0.2427455,-0.2203033,0.6681932,-0.553574,2.559181,24,24,24,24,24,24,24,24,24,24,25,25,25,24,25,25
342,3420,-32.58912,-62.26473,-18.59041,-17.42116,-14.96498,-12.83808,-10.84928,-9.281228,-8.666495,-7.383037,-5.466265,-7.060383,-5.603477,-4.898258,-4.775021,-0.4816689,25,25,25,25,25,25,25,25,25,25,25,25,25,25,25,25,342,3420,-4.169584,-4.349524,-3.536456,-3.749259,228.4554,212.3068,-2.612214,-1.565622,-2.07228,-2.447603,-1.052917,-1.21118,-1.153585,-1.449156,-2.048227,-2.487343,25,25,25,25,25,25,25,25,25,25,25,25,25,25,25,25,342,3420,-1.493694,-6.012068,-5.493211,-2.322088,-0.777307,-2.166339,-1.5522,-68.57336,0.3731177,0.9674762,0.9535292,-0.485292,-0.7706329,0.3346962,0.2210883,3.378275,24,24,24,24,24,24,24,24,24,24,25,25,25,24,25,25
343,3430,-35.11433,-62.50654,-20.43663,-19.97894,-17.86156,-12.96149,-10.72167,-9.782774,-8.41905,-7.997695,-5.347436,-6.934333,-5.841913,-6.570777,-4.775021,-0.3609478,25,25,25,25,25,25,25,25,25,25,25,25,25,25,25,25,343,3430,-5.514537,-4.349524,-5.23842,-3.490708,228.7185,211.938,-3.265147,-2.608432,-3.36649,-1.932624,-2.235463,-2.288824,-2.305405,-2.451256,-2.409503,-1.922225,25,25,25,25,25,25,25,25,25,25,25,25,25,25,25,25,343,3430,-2.068139,-4.988789,-3.704134,-2.193103,-2.590239,-4.714609,-1.810902,-68.79204,0.4967612,0.4836611,-5.377793E-05,0.1210758,0.2199565,0.5570278,-0.7749063,2.208138,24,24,24,24,24,24,24,24,24,24,25,25,25,24,25,25
344,3440,-35.95607,-63.47375,-20.92896,-22.29312,-18.5857,-16.78726,-13.65679,-13.79514,-11.51209,-11.31674,-8.077572,-9.707451,-8.703137,-8.362346,-5.849653,-0.9645497,25,25,25,25,25,25,25,25,25,25,25,25,25,25,25,25,344,3440,-4.976556,-5.140301,-4.583819,-2.973604,228.7185,211.938,-2.089767,-4.302999,-2.331122,-2.705092,-3.023829,-3.23176,-2.689344,-3.230667,-2.650354,-3.617579,25,25,25,25,25,25,25,25,25,25,25,25,25,25,25,25,344,3440,-2.183024,-5.884158,-4.726464,-3.35398,-3.36721,-3.313061,-3.621453,-70.10416,-0.616031,0.2417503,0.9535292,0.7274404,-0.1102399,-0.3322971,0.3317536,3.261261,24,24,24,24,24,24,24,24,24,24,25,25,25,24,25,25
345,3450,-36.31682,-62.38564,-21.17512,-19.61354,-18.5857,-14.44243,-12.12542,-12.29051,-10.27487,-8.981117,-7.958896,-8.951146,-8.58392,-7.765434,-5.849653,-0.6023883,25,25,25,25,25,25,25,25,25,25,25,25,25,25,25,25,345,3450,-4.707565,-4.744912,-2.881855,-2.585776,227.7976,212.5527,-3.395746,-2.347729,-2.331125,-1.160156,-1.841282,-0.5376541,-2.305405,-1.671845,-1.20525,-3.617579,25,25,25,25,25,25,25,25,25,25,25,25,25,25,25,25,345,3450,-2.987247,-6.523707,-4.982047,-3.35398,-3.755695,-4.332368,-2.586853,-68.464,0.7440482,0.1207965,0.1191442,0.3636223,-0.2203033,0.5570278,0.7744182,3.027232,24,24,24,24,24,24,24,24,24,24,25,25,25,24,25,25
346,3460,-35.23458,-62.62744,-19.3289,-16.44677,-16.29258,-14.56584,-12.8911,-12.29051,-11.0172,-11.80846,-7.958896,-10.0856,-7.153307,-7.884898,-4.894424,-0.2402268,25,25,25,25,25,25,25,25,25,25,25,25,25,25,25,25,346,3460,-4.169584,-3.295154,-2.881855,-3.361431,228.8501,211.4463,-3.526344,-2.347729,-2.201704,-2.447603,-2.104069,-2.827645,-2.305405,-3.119322,-3.252481,-2.826414,25,25,25,25,25,25,25,25,25,25,25,25,25,25,25,25,346,3460,-1.149027,-4.860879,-5.237629,-2.967021,-3.237715,-5.988744,-2.198877,-68.57335,0.1258307,-0.2421227,1.191925,0.3636223,-0.4404364,0.001199168,0.3317536,3.495289,24,24,24,24,24,24,24,24,24,24,25,25,25,24,25,25
347,3470,-35.11433,-63.23195,-20.55971,-17.90836,-16.89604,-15.67655,-13.65679,-13.41898,-11.51209,-11.31674,-7.602869,-9.203248,-6.318783,-6.570777,-4.775021,-1.20599,25,25,25,25,25,25,25,25,25,25,25,25,25,25,25,25,347,3470,-4.169584,-3.954135,-3.40554,-2.844328,228.7185,211.3234,-2.742756,-2.347729,-3.237073,-2.318858,-3.812197,-3.366465,-1.921463,-2.117223,-3.734182,-4.521353,25,25,25,25,25,25,25,25,25,25,25,25,25,25,25,25,347,3470,-1.608583,-5.756248,-4.982047,-3.998913,-4.532666,-5.47909,-2.716178,-69.55744,0.3731177,0.3626495,0.3575923,-0.0001990586,0.1098932,0.890524,-0.110911,2.559181,24,24,24,24,24,24,24,24,24,24,25,25,25,24,25,25
348,3480,-32.22837,-61.66022,-19.45198,-17.78656,-18.22363,-16.29361,-15.57099,-13.54437,-11.88326,-10.70211,-7.721544,-9.833502,-7.51096,-6.570777,-4.536214,0.3633751,25,25,25,25,25,25,25,25,25,25,25,25,25,25,25,25,348,3480,-2.824631,-2.899765,-2.881855,-2.327224,227.5344,212.061,-2.350962,-2.217378,-2.84881,-2.833837,-2.629651,-1.884708,-1.665506,-2.339911,-2.529928,-4.182696,25,25,25,25,25,25,25,25,25,25,25,25,25,25,25,25,348,3480,-3.217025,-6.012068,-5.237629,-4.901818,-4.791656,-5.733917,-2.198877,-68.02663,0.2494742,-0.8468916,0.4767903,0.4848971,0.6602196,1.001689,0.6637513,2.910224,24,24,24,24,24,24,24,24,24,24,25,25,25,24,25,25
349,3490,-33.91185,-62.26473,-19.82123,-20.22253,-18.34432,-17.40432,-14.80531,-13.92053,-12.1307,-12.54602,-7.721544,-10.84191,-7.272524,-7.407035,-5.969056,0.1219346,25,25,25,25,25,25,25,25,25,25,25,25,25,25,25,25,349,3490,-1.076192,-1.186413,-0.7871355,-2.327224,228.0607,212.4297,-2.873355,-1.044217,-0.3898081,-1.288901,-1.709891,-2.423529,-2.433432,-4.900203,-6.140091,-3.730602,25,25,25,25,25,25,25,25,25,25,25,25,25,25,25,25,349,3490,-2.987247,-7.035346,-6.132168,-4.901818,-4.14418,-5.733917,-3.880103,-68.90138,-0.2451001,0.8464679,0.8343838,-0.2427423,-0.8807541,-0.2211316,0.3317536,3.846326,24,24,24,24,24,24,24,24,24,24,25,25,25,24,25,25
350,3500,-36.67757,-62.99015,-21.42128,-22.53671,-21.48227,-19.62573,-15.95383,-15.92672,-13.73908,-14.63579,-9.976382,-13.99318,-10.61062,-11.8236,-9.786866,-1.326711,25,25,25,25,25,25,25,25,25,25,25,25,25,25,25,25,350,3500,-3.631603,-2.240783,-3.143701,-3.10288,228.7185,212.061,-2.612158,-3.129837,-3.754757,-4.378772,-5.126138,-5.656454,-4.993031,-6.678445,-7.462132,-7.341673,25,25,25,25,25,25,25,25,25,25,25,25,25,25,25,25,350,3500,-3.102136,-6.779527,-5.109838,-8.900399,-11.91353,-12.354,-3.621453,-69.99482,0.002187237,0.604557,-0.1191992,0.4848971,0.5500953,0.2235821,-0.6642409,1.740087,24,24,24,24,24,24,24,24,24,24,25,25,25,24,25,25
351,3510,-40.40527,-64.68278,-24.99064,-26.92148,-26.3099,-22.58762,-21.05839,-20.31524,-17.57445,-20.16754,-12.8246,-18.90916,-14.30116,-13.01713,-10.26378,0.2426541,25,25,25,25,25,25,25,25,25,25,25,25,25,25,25,25,351,3510,-4.304079,-5.140301,-4.976581,-3.749259,228.5869,211.5692,-2.350962,-4.694052,-4.272443,-4.893751,-6.440079,-6.7341,-5.760909,-8.678971,-8.423616,-9.033871,25,25,25,25,25,25,25,25,25,25,25,25,25,25,25,25,351,3510,-6.431712,-9.081903,-4.982047,-11.60803,-9.712471,-10.82799,-2.586853,-70.32284,0.002187237,0.2416957,1.072779,0.7274436,0.5500953,0.6682445,0.8850852,3.612297,24,24,24,24,24,24,24,24,24,24,25,25,25,24,25,25
352,3520,-41.48751,-65.7709,-25.11373,-29.96645,-28.24095,-26.28998,-23.22783,-23.19913,-20.29632,-21.51975,-13.774,-19.03521,-12.87288,-11.34618,-6.685477,-0.8438351,25,25,25,25,25,25,25,25,25,25,25,25,25,25,25,25,352,3520,-5.111051,-5.535689,-4.32198,-4.266363,228.3238,211.938,-3.526344,-5.215457,-4.401863,-5.022495,-6.57147,-5.387044,-6.912729,-7.567569,-7.822689,-9.372309,25,25,25,25,25,25,25,25,25,25,25,25,25,25,25,25,352,3520,-8.037374,-10.74473,-5.237629,-10.96364,-10.87793,-10.70082,-2.457528,-69.88548,0.1258307,-0.1211657,0.7151859,-0.6065605,0.2198988,0.3347476,0.2210899,3.144246,24,24,24,24,24,24,24,24,24,24,25,25,25,24,25,25
353,3530,-42.93049,-67.22172,-27.08303,-29.35746,-27.75819,-23.57491,-20.16509,-19.18676,-17.94561,-16.60264,-12.11254,-13.23687,-10.84906,-7.884946,-6.44667,0.2426492,25,25,25,25,25,25,25,25,25,25,25,25,25,25,25,25,353,3530,-4.707514,-4.217727,-3.798301,-4.137087,229.1132,211.3234,-3.526344,-4.172647,-4.013599,-4.121283,-3.286618,-4.98293,-4.993031,-4.677922,-4.938235,-8.018556,25,25,25,25,25,25,25,25,25,25,25,25,25,25,25,25,353,3530,-7.693304,-9.465632,-5.109838,-9.932291,-9.712471,-8.919254,-1.422926,-68.79203,0.2494742,-0.1211657,0.5959879,0.8487185,0.1098354,-0.1099149,-0.5535724,2.676195,24,24,24,24,24,24,24,24,24,24,25,25,25,24,25,25
354,3540,-39.92427,-66.7496,-27.08303,-26.92148,-26.06852,-23.08127,-19.90986,-18.8106,-17.45073,-17.21728,-11.40049,-14.74949,-10.61062,-9.794585,-6.088459,-0.7231141,25,25,25,25,25,25,25,25,25,25,25,25,25,25,25,25,354,3540,-2.690084,-2.899765,-2.750939,-2.585776,228.7185,210.5858,-3.003952,-2.478081,-3.495915,-2.962581,-4.863348,-4.98293,-4.73707,-4.455397,-5.418978,-7.003235,25,25,25,25,25,25,25,25,25,25,25,25,25,25,25,25,354,3540,-5.972956,-8.826135,-5.493211,-7.739521,-5.957112,-8.4096,-2.974828,-70.2135,0.8676916,0.2416957,1.072779,0.2423506,-0.4404942,0.001250538,0.7744198,3.378275,24,24,24,24,24,24,24,24,24,24,25,25,25,24,25,25
355,3550,-40.16477,-66.02406,-27.20611,-28.74846,-27.87888,-25.79633,-22.33453,-20.94217,-18.81166,-18.56948,-12.11254,-14.87554,-10.72984,-9.794585,-7.640705,-0.4816737,25,25,25,25,25,25,25,25,25,25,25,25,25,25,25,25,355,3550,-3.09357,-3.558746,-3.40554,-3.361431,227.7976,211.6922,-3.13455,-3.129837,-3.625337,-3.348815,-4.600559,-4.039992,-3.969192,-4.789061,-5.058421,-6.664797,25,25,25,25,25,25,25,25,25,25,25,25,25,25,25,25,355,3550,-7.005165,-9.977324,-4.854255,-7.997493,-6.863578,-8.282187,-1.681576,-69.33876,0.4967612,-0.7259378,-0.3575951,-0.1214675,-0.3304276,0.5570791,-0.442907,2.559181,24,24,24,24,24,24,24,24,24,24,25,25,25,24,25,25
356,3560,-42.93049,-65.90314,-28.43693,-29.11386,-28.72371,-25.5495,-22.46214,-19.68831,-18.68794,-17.09435,-11.75652,-13.86713,-11.68264,-9.436527,-7.998422,-0.4816737,25,25,25,25,25,25,25,25,25,25,25,25,25,25,25,25,356,3560,-3.631552,-3.822339,-3.40554,-4.783467,228.7185,212.4297,-2.873355,-2.608432,-3.625337,-4.121283,-3.680799,-4.039992,-4.609091,-3.787331,-4.336361,-5.762297,25,25,25,25,25,25,25,25,25,25,25,25,25,25,25,25,356,3560,-5.514196,-8.314496,-4.982047,-8.642376,-6.863578,-7.899946,-1.810902,-69.01073,-0.2451001,0.3626495,1.072779,0.606172,0.4400319,-0.5545773,0.1104229,3.144246,24,24,24,24,24,24,24,24,24,24,25,25,25,24,25,25
357,3570,-44.01273,-66.50776,-28.31385,-27.65227,-25.82714,-23.08127,-19.90986,-18.8106,-16.95584,-17.21728,-11.16314,-13.74108,-11.32557,-12.65907,-10.38301,0.001208799,25,25,25,25,25,25,25,25,25,25,25,25,25,25,25,25,357,3570,-3.497056,-3.031561,-3.929218,-3.490707,227.9291,212.1839,-3.395746,-2.217378,-4.272443,-3.091326,-3.023835,-3.366465,-3.713231,-3.119264,-2.529981,-5.085421,25,25,25,25,25,25,25,25,25,25,25,25,25,25,25,25,357,3570,-5.858266,-9.465684,-5.621003,-6.965551,-4.144179,-6.498397,-3.362803,-69.88548,0.4967612,0.1207419,0.2383943,-0.000195848,-0.5505576,0.8905753,-0.1109077,2.208138,24,24,24,24,24,24,24,24,24,24,25,25,25,24,25,25
358,3580,-45.33546,-67.95883,-27.69844,-26.31248,-23.29263,-21.47691,-18.25089,-17.68213,-15.71862,-16.72556,-11.99387,-13.74108,-11.80166,-11.70424,-10.14456,-1.205997,25,25,25,25,25,25,25,25,25,25,25,25,25,25,25,25,358,3580,-1.614122,-2.899765,-2.4891,-2.715051,229.2448,212.1839,-3.395746,-4.172647,-2.201704,-1.932624,-1.578499,-2.288824,-3.20131,-2.896576,-2.28913,-4.746976,25,25,25,25,25,25,25,25,25,25,25,25,25,25,25,25,358,3580,-5.284813,-8.954044,-4.854255,-5.288727,-3.367209,-2.803406,-1.293602,-69.12006,-0.1214563,-0.8468916,0.9535815,0.3636255,-0.0002311648,0.445913,-0.2215747,2.79321,24,24,24,24,24,24,24,24,24,24,25,25,25,24,25,25
359,3590,-40.16477,-65.90314,-26.46762,-21.92772,-22.20641,-19.13208,-17.74043,-17.05519,-15.96607,-15.1275,-12.58725,-12.60662,-12.03971,-10.63006,-8.236881,0.2426492,25,25,25,25,25,25,25,25,25,25,25,25,25,25,25,25,359,3590,-3.09357,-3.558746,-2.620016,-2.715051,228.1923,212.061,-3.918194,-3.39054,-2.719389,-1.417646,-3.286618,-2.827645,-4.09717,-2.785231,-2.529981,-3.504562,25,25,25,25,25,25,25,25,25,25,25,25,25,25,25,25,359,3590,-3.791472,-8.826135,-6.004376,-4.643795,-3.885189,-4.587195,-1.552253,-68.79203,-0.2451001,0.7255141,1.430373,-0.4852888,-0.3304276,-0.4434119,-0.000242402,2.676195,24,24,24,24,24,24,24,24,24,24,25,25,25,24,25,25
360,3600,-37.7598,-64.93575,-24.25216,-21.19693,-20.39605,-19.2555,-15.95384,-16.67903,-14.35769,-14.88165,-10.92579,-12.22847,-10.25297,-10.63006,-8.59457,-0.1195122,25,25,25,25,25,25,25,25,25,25,25,25,25,25,25,25,360,3600,-3.228066,-2.504376,-1.965415,-3.36143,229.771,211.0775,-2.481616,-2.086979,-2.589967,-2.447603,-2.761046,-3.635878,-2.817371,-2.451198,-2.770832,-4.408538,25,25,25,25,25,25,25,25,25,25,25,25,25,25,25,25,360,3600,-3.676584,-8.826135,-4.726464,-3.998862,-3.367209,-4.332368,-4.26808,-69.66679,0.3731177,0.604557,0.5959879,-0.000195848,-0.6606241,0.6682445,0.1104229,2.910224,24,24,24,24,24,24,24,24,24,24,25,25,25,24,25,25
361,3610,-35.95607,-65.29852,-23.63675,-20.22253,-18.465,-17.03408,-13.52917,-13.41898,-11.88326,-11.31674,-9.383003,-9.329298,-8.822354,-8.123639,-7.282494,-0.7231141,25,25,25,25,25,25,25,25,25,25,25,25,25,25,25,25,361,3610,-2.017608,-2.37258,-3.667379,-2.456499,227.9291,211.8151,-3.134606,-2.478032,-3.107652,-1.932624,-3.023835,-2.423529,-2.817371,-2.451198,-3.734234,-4.182703,25,25,25,25,25,25,25,25,25,25,25,25,25,25,25,25,361,3610,-3.676584,-8.186586,-4.34309,-4.385821,-3.237713,-4.204955,-1.034952,-68.46401,0.1258821,-0.604984,1.311175,0.606172,0.4400319,0.445913,-0.5535724,3.027232,24,24,24,24,24,24,24,24,24,24,25,25,25,24,25,25
362,3620,-32.70936,-65.05667,-22.6521,-18.27375,-17.2581,-13.70196,-11.10451,-12.41589,-10.52232,-9.718684,-8.552274,-7.564587,-7.153307,-7.168152,-5.969056,-0.2402316,25,25,25,25,25,25,25,25,25,25,25,25,25,25,25,25,362,3620,-2.421094,-2.636173,-1.965415,-2.715051,228.4554,212.7986,-2.481616,-1.956627,-2.84881,-2.962633,-2.366861,-2.288824,-2.433432,-2.339854,-1.927854,-3.617585,25,25,25,25,25,25,25,25,25,25,25,25,25,25,25,25,362,3620,-3.217028,-8.186586,-6.004376,-4.514808,-2.590238,-3.058233,-2.328203,-70.32285,-0.2450488,0.9674184,0.9535815,-0.364014,-0.9908206,0.1124159,0.5530875,3.027232,24,24,24,24,24,24,24,24,24,24,25,25,25,24,25,25
363,3630,-31.38662,-64.08929,-21.17512,-18.15195,-16.65464,-14.56584,-11.61496,-13.2936,-10.52232,-11.31674,-8.67095,-8.951146,-7.868613,-8.720405,-5.969056,-0.2402316,25,25,25,25,25,25,25,25,25,25,25,25,25,25,25,25,363,3630,-2.017608,-2.636173,-2.750939,-3.749259,228.8501,212.4297,-3.134606,-2.999438,-3.107652,-3.735101,-3.023835,-2.423529,-3.457271,-2.673887,-2.770832,-3.165491,25,25,25,25,25,25,25,25,25,25,25,25,25,25,25,25,363,3630,-3.446806,-7.674947,-3.959716,-3.224943,-2.201753,-4.587195,-1.940228,-69.01073,0.7440996,0.7255076,0.7151855,0.2423506,0.3299653,0.2235821,-0.33224,2.208138,24,24,24,24,24,24,24,24,24,24,25,25,25,24,25,25
364,3640,-34.39284,-63.48468,-21.2982,-19.00455,-17.49947,-15.05949,-12.76349,-13.16821,-11.75953,-10.57918,-8.314923,-8.825094,-7.987832,-7.52655,-6.566073,-0.7231141,25,25,25,25,25,25,25,25,25,25,25,25,25,25,25,25,364,3640,-2.555589,-2.899765,-3.929218,-2.456499,229.2448,212.4297,-2.351019,-2.478032,-3.884179,-3.091377,-2.629651,-3.635875,-3.20131,-2.673887,-3.011682,-4.069679,25,25,25,25,25,25,25,25,25,25,25,25,25,25,25,25,364,3640,-3.331917,-7.291217,-4.982047,-4.901768,-3.885189,-4.077541,-1.293602,-69.66679,-0.9869101,-0.1211721,0.5959875,0.2422993,0.5500953,0.001250538,-0.5535724,3.261261,24,24,24,24,24,24,24,24,24,24,25,25,25,24,25,25
365,3650,-34.15234,-63.60559,-21.91361,-17.29936,-16.77534,-14.68926,-12.76349,-13.16821,-11.63581,-10.33332,-8.67095,-7.816687,-7.391796,-6.092962,-3.819793,-0.6023931,25,25,25,25,25,25,25,25,25,25,25,25,25,25,25,25,365,3650,-2.555589,-3.42695,-3.012778,-2.068671,228.3238,212.3068,-3.134606,-3.390491,-3.107652,-2.447654,-3.023835,-3.097052,-3.457271,-3.675987,-3.372958,-4.069679,25,25,25,25,25,25,25,25,25,25,25,25,25,25,25,25,365,3650,-3.791472,-8.570315,-5.493211,-4.256835,-2.978724,-4.077541,-2.586853,-69.66679,0.620456,0.2416925,0.7151855,-0.6066118,-0.3304276,0.2235821,0.2210899,2.676195,24,24,24,24,24,24,24,24,24,24,25,25,25,24,25,25
366,3660,-32.10812,-63.00098,-20.19047,-15.47238,-14.12014,-13.20831,-11.23212,-12.03973,-10.89348,-9.718684,-8.67095,-8.572992,-7.15336,-6.929173,-3.70039,-0.8438351,25,25,25,25,25,25,25,25,25,25,25,25,25,25,25,25,366,3660,-3.09357,-2.240783,-1.834492,-2.456499,228.8501,212.061,-3.395802,-2.21733,-1.813442,-2.31891,-2.366861,-2.423526,-3.585253,-2.339911,-1.807428,-3.730609,25,25,25,25,25,25,25,25,25,25,25,25,25,25,25,25,366,3660,-3.676584,-7.035398,-5.109838,-4.643795,-3.755694,-3.695301,-1.293602,-69.33877,0.1258821,0.2416925,0.3575919,0.6061206,0.9903583,-0.1099149,-0.442907,2.442167,24,24,24,24,24,24,24,24,24,24,25,25,25,24,25,25
367,3670,-29.82339,-62.15451,-18.59041,-13.76719,-12.67185,-10.86349,-9.828369,-10.40971,-10.15115,-8.612334,-7.721544,-7.186433,-7.391796,-5.615052,-4.775021,-0.9645545,25,25,25,25,25,25,25,25,25,25,25,25,25,25,25,25,367,3670,-2.152103,-1.977191,-1.441737,-2.327223,229.2448,210.5858,-2.742812,-1.304871,-2.072284,-1.675187,-1.709891,-2.692937,-1.153633,-1.894534,-1.807377,-3.391538,25,25,25,25,25,25,25,25,25,25,25,25,25,25,25,25,367,3670,-2.412809,-6.395849,-5.621003,-3.611902,-2.072257,0.1271037,-2.457529,-69.99483,0.3731691,0.4836001,0.953581,0.4848458,0.1098354,0.1124159,-0.1109061,3.261261,24,24,24,24,24,24,24,24,24,24,25,25,25,24,25,25
368,3680,-30.30439,-61.91267,-18.59041,-13.76719,-12.91323,-9.999603,-8.424617,-8.779683,-8.666494,-7.383038,-6.534789,-5.295671,-4.888225,-4.062,-2.148144,-0.8438351,25,25,25,25,25,25,25,25,25,25,25,25,25,25,25,25,368,3680,-3.900542,-2.767969,-3.012778,-1.551568,227.4029,212.1839,-2.351019,-1.044168,-1.813442,-2.06142,-3.023835,-2.154116,-2.049493,-2.339911,-2.529929,-2.82642,25,25,25,25,25,25,25,25,25,25,25,25,25,25,25,25,368,3680,-2.642583,-7.035398,-5.109838,-2.193051,-0.6478114,-1.147031,-2.974829,-70.21351,0.2495256,-0.3630797,0.119196,-0.0002472179,0.1098354,0.6682445,0.4424238,2.676195,24,24,24,24,24,24,24,24,24,24,25,25,25,24,25,25
369,3690,-30.78538,-62.63821,-18.46733,-15.22878,-14.36153,-11.48055,-8.552231,-9.281229,-7.429278,-5.906209,-5.703917,-4.161213,-2.742306,-2.747877,-1.67053,-0.8438351,25,25,25,25,25,25,25,25,25,25,25,25,25,25,25,25,369,3690,-4.035088,-3.822339,-2.750939,-3.619983,228.9817,212.061,-3.004008,-1.695925,-2.589967,-3.091377,-2.366861,-1.884705,-2.561411,-2.451256,-2.529929,-2.48735,25,25,25,25,25,25,25,25,25,25,25,25,25,25,25,25,369,3690,-1.493646,-5.628389,-5.109838,-3.224943,-2.460742,-2.803406,-2.328203,-69.01073,-0.4923362,0.2416925,1.191977,0.3635741,-0.5505576,-0.4434119,0.1104262,2.442167,24,24,24,24,24,24,24,24,24,24,25,25,25,24,25,25
370,3700,-30.66513,-60.58252,-17.3596,-12.7928,-11.82702,-9.382544,-7.53132,-8.027364,-6.563227,-6.029279,-6.416113,-5.547772,-5.007442,-4.420397,-3.461583,0.3633702,25,25,25,25,25,25,25,25,25,25,25,25,25,25,25,25,370,3700,-4.304079,-2.372529,-3.536456,-2.844327,229.3763,212.7986,-2.742812,-1.826276,-3.107652,-2.06142,-1.578499,-2.288821,-2.305454,-2.451256,-2.289078,-2.713397,25,25,25,25,25,25,25,25,25,25,25,25,25,25,25,25,370,3700,-2.527646,-7.547036,-5.237629,-2.193051,-1.424782,-2.548579,-2.974829,-70.65089,0.3731691,0.3626463,-2.006639E-06,-0.6066118,0.2198988,0.6682445,-0.2215715,1.857101,24,24,24,24,24,24,24,24,24,24,25,25,25,24,25,25
371,3710,-32.10812,-59.25236,-17.48268,-12.3056,-11.10287,-9.505956,-7.276092,-8.52891,-6.563227,-7.75184,-5.347435,-6.430129,-5.007442,-6.809708,-5.372039,-0.7231141,25,25,25,25,25,25,25,25,25,25,25,25,25,25,25,25,371,3710,-3.362612,-3.295102,-3.012778,-2.197947,229.771,211.4463,-2.481616,-2.347681,-2.331125,-1.803931,-1.184315,-2.154116,-2.049493,-2.117223,-1.927802,-2.82642,25,25,25,25,25,25,25,25,25,25,25,25,25,25,25,25,371,3710,-2.297868,-6.779577,-4.598673,-2.580011,-2.072257,-2.803406,-1.034952,-68.79204,-0.2450488,-0.3630797,0.3575919,0.4848458,0.5500953,0.001250538,0.1104262,2.559175,24,24,24,24,24,24,24,24,24,24,25,25,25,24,25,25
372,3720,-30.30439,-59.37328,-16.74419,-12.5492,-11.10287,-9.876192,-7.020864,-7.275044,-6.686948,-6.275416,-5.58509,-6.051976,-4.769006,-5.734517,-5.013828,-1.085276,25,25,25,25,25,25,25,25,25,25,25,25,25,25,25,25,372,3720,-2.690135,-2.504325,-1.310814,-1.163739,228.4554,212.7986,-3.134606,-1.044168,-1.166336,-0.001506585,-0.001769053,0.2705801,-1.537572,-0.1130219,0.2398544,-2.035255,25,25,25,25,25,25,25,25,25,25,25,25,25,25,25,25,372,3720,-2.182979,-6.779577,-5.748794,-2.966971,-1.036297,-0.892204,-0.9056268,-69.22941,-0.7396231,1.33028,0.4767895,-0.1215189,-0.5505576,0.1124159,0.1104262,2.793203,24,24,24,24,24,24,24,24,24,24,25,25,25,24,25,25
373,3730,-28.38041,-59.25236,-17.60576,-12.671,-11.82703,-9.259132,-6.25518,-7.149658,-5.449145,-5.290864,-4.990953,-4.287264,-3.934483,-3.703603,-3.222776,0.2426492,25,25,25,25,25,25,25,25,25,25,25,25,25,25,25,25,373,3730,-2.421145,-0.5273817,-0.1325345,-1.034463,228.8501,211.2005,-2.742812,0.5200438,0.3867179,-0.1302509,1.049382,-0.4029476,-0.7696938,0.7777332,0.6011305,-1.696185,25,25,25,25,25,25,25,25,25,25,25,25,25,25,25,25,373,3730,-0.8043156,-5.628388,-4.726464,-2.193052,1.16512,0.7641708,-2.328203,-68.90139,0.867743,0.9674184,0.2383939,0.4848458,0.6601618,-0.1099149,-0.5535707,2.208138,24,24,24,24,24,24,24,24,24,24,25,25,25,24,25,25
374,3740,-28.01966,-59.37328,-14.52873,-9.504228,-7.602857,-6.544071,-3.95813,-5.770406,-4.458227,-5.537003,-4.277989,-4.539366,-3.338394,-4.778792,-2.983969,0.001208799,25,25,25,25,25,25,25,25,25,25,25,25,25,25,25,25,374,3740,-0.0002295595,0.1315994,-0.9180519,-0.5173606,228.7185,210.7088,-2.22042,1.041449,-0.7780719,0.6422169,-0.001769053,-0.5376525,-0.3857547,-0.2243663,-0.9643992,-0.9050199,25,25,25,25,25,25,25,25,25,25,25,25,25,25,25,25,374,3740,-0.114982,-5.500479,-5.109838,-1.419133,3.107547,4.459213,-1.422927,-69.33877,-0.8632666,-0.0002151117,0.3575919,0.6061206,0.1098354,-0.2210803,-0.1109061,3.378268,24,24,24,24,24,24,24,24,24,24,25,25,25,24,25,25
375,3750,-27.41842,-59.25236,-13.79024,-8.773434,-7.602857,-6.050423,-3.830516,-5.394247,-4.829821,-4.429381,-4.634471,-3.65701,-4.769006,-3.345206,-3.70039,-0.2402316,25,25,25,25,25,25,25,25,25,25,25,25,25,25,25,25,375,3750,-1.345182,-1.186363,-1.310814,-0.9051877,227.9291,212.3069,-1.959225,-1.304871,-1.036914,-2.06142,-2.629651,-1.75,-1.665554,-3.007978,-2.529929,-1.357114,25,25,25,25,25,25,25,25,25,25,25,25,25,25,25,25,375,3750,0.3445705,-5.884209,-5.36542,-1.548119,-1.942763,-3.822662,-2.586853,-69.88548,0.4968126,0.1207387,0.5959875,-0.1215189,-0.2203611,0.1124159,0.2210915,3.144246,24,24,24,24,24,24,24,24,24,24,25,25,25,24,25,25
376,3760,-28.74115,-59.49421,-13.421,-9.13883,-8.447701,-6.667482,-4.851427,-4.641927,-4.458227,-4.429381,-4.277989,-3.278858,-3.219177,-4.062,-2.864565,-1.085276,25,25,25,25,25,25,25,25,25,25,25,25,25,25,25,25,376,3760,-3.900593,-3.69049,-3.274617,-2.715051,229.2448,211.9381,-2.87341,-2.608429,-2.84881,-3.348866,-3.286618,-2.692937,-3.84121,-3.342011,-3.372906,-3.504562,25,25,25,25,25,25,25,25,25,25,25,25,25,25,25,25,376,3760,-2.06809,-5.884209,-5.493211,-4.385822,-5.180141,-5.096797,-1.810903,-69.22941,-0.6159796,0.3626463,0.5959875,0.9699388,-0.1102977,-0.4434119,-0.9962338,2.793203,24,24,24,24,24,24,24,24,24,24,25,25,25,24,25,25
377,3770,-29.5829,-59.61513,-13.421,-9.13883,-7.723551,-6.667482,-4.213357,-5.770406,-4.458279,-5.413933,-4.634471,-4.161213,-3.696048,-3.823068,-1.789934,-0.1195122,25,25,25,25,25,25,25,25,25,25,25,25,25,25,25,25,377,3770,-3.362612,-3.295102,-3.274617,-2.585775,229.5079,212.1839,-2.089822,-3.260185,-3.495912,-2.190165,-3.155227,-2.827642,-2.177472,-3.007978,-2.77078,-4.182703,25,25,25,25,25,25,25,25,25,25,25,25,25,25,25,25,377,3770,-2.87231,-6.267937,-5.36542,-4.514809,-4.532666,-4.459729,-2.457529,-69.99483,0.3731691,0.6045538,1.311175,0.2422993,-0.0002311648,0.7794099,0.4424238,2.910218,24,24,24,24,24,24,24,24,24,24,25,25,25,24,25,25
378,3780,-27.65892,-59.49421,-13.29791,-9.504228,-7.844245,-4.446068,-3.575289,-3.764222,-3.71509,-3.32181,-4.159161,-2.774655,-3.099959,-2.747877,-1.67053,-0.1195122,25,25,25,25,25,25,25,25,25,25,25,25,25,25,25,25,378,3780,-3.228116,-3.295102,-3.40554,-2.456499,229.2448,212.061,-1.698028,-2.608429,-2.331122,-2.190165,-1.31571,-1.75,-1.665554,-1.671845,-0.843974,-3.956656,25,25,25,25,25,25,25,25,25,25,25,25,25,25,25,25,378,3780,-3.791421,-7.930766,-5.109838,-4.772782,-3.237715,-3.695249,-0.9056268,-68.57336,-0.3686922,-0.8468981,-0.1192,0.2422993,0.3299653,0.6682445,0.2210915,2.091124,24,24,24,24,24,24,24,24,24,24,25,25,25,24,25,25
379,3790,-28.01966,-59.49421,-12.0671,-8.529836,-6.154571,-4.322656,-3.702902,-4.265768,-3.343496,-3.814086,-3.446144,-3.530959,-2.742306,-4.300931,-3.34218,0.001208799,25,25,25,25,25,25,25,25,25,25,25,25,25,25,25,25,379,3790,-2.690135,-2.240732,-1.834492,-1.422291,228.8501,212.061,-2.481616,-2.217375,-1.813438,-1.546442,-2.366861,-1.615295,-2.945353,-2.117223,-1.446101,-1.357114,25,25,25,25,25,25,25,25,25,25,25,25,25,25,25,25,379,3790,-1.723424,-6.779577,-5.493211,-5.675687,-4.791656,-5.606451,-2.716179,-69.99483,-0.1214049,0.6045538,1.668717,0.8486671,-0.3304276,0.001250538,0.2210915,2.910218,24,24,24,24,24,24,24,24,24,24,25,25,25,24,25,25
380,3800,-29.94364,-60.09882,-12.31326,-9.382428,-7.602857,-5.063128,-2.426764,-3.764222,-2.476442,-4.306363,-2.614354,-2.900706,-2.861524,-2.747877,-2.983969,-1.568158,25,25,25,25,25,25,25,25,25,25,25,25,25,25,25,25,380,3800,-3.362612,-2.240732,-1.572653,-2.068671,230.0342,211.2005,-2.87341,-2.478077,-1.813438,-2.576399,-2.498256,-3.23176,-3.20131,-2.5626,-2.529929,-3.617585,25,25,25,25,25,25,25,25,25,25,25,25,25,25,25,25,380,3800,-2.06809,-7.547036,-4.982047,-5.030755,-6.345598,-7.262825,-2.328203,-68.90139,0.620456,0.8464646,0.7151337,-0.1215189,0.4400319,0.6682445,0.1104262,2.208138,24,24,24,24,24,24,24,24,24,24,25,25,25,24,25,25
381,3810,-31.62712,-59.37328,-14.0364,-10.35682,-8.447701,-4.939715,-3.830516,-4.391154,-3.71509,-4.183294,-3.208491,-3.53096,-3.099908,-3.345206,-2.386951,-0.2402316,25,25,25,25,25,25,25,25,25,25,25,25,25,25,25,25,381,3810,-2.690135,-1.845343,-2.4891,-1.551568,228.0607,211.8152,-2.22042,-1.826321,-3.36649,-2.190165,-3.286618,-2.692939,-2.433435,-2.005878,-3.132056,-4.182703,25,25,25,25,25,25,25,25,25,25,25,25,25,25,25,25,381,3810,-2.87231,-7.419126,-4.854255,-5.804674,-6.216103,-5.861278,-2.845504,-70.21351,-0.3686922,-0.2421259,0.9535292,0.3635741,0.550153,0.001250538,-0.5535707,3.027232,24,24,24,24,24,24,24,24,24,24,25,25,25,24,25,25
382,3820,-31.86762,-60.09882,-12.92867,-10.35682,-7.120095,-6.173835,-2.554377,-4.641927,-2.971901,-4.67557,-3.564973,-4.413316,-2.861472,-3.345206,-1.67053,0.1219298,25,25,25,25,25,25,25,25,25,25,25,25,25,25,25,25,382,3820,-2.959126,-2.899713,-2.620016,-2.197947,228.0607,211.8152,-2.22042,-3.260185,-2.848806,-3.477611,-3.549408,-3.23176,-3.457274,-4.344056,-3.854608,-3.730609,25,25,25,25,25,25,25,25,25,25,25,25,25,25,25,25,382,3820,-2.987199,-7.930766,-5.36542,-6.449606,-8.806006,-9.174027,-2.198879,-69.99483,0.4968126,1.088372,0.5959357,-0.2427937,-0.5504998,-0.2211308,0.2210915,2.910218,24,24,24,24,24,24,24,24,24,24,25,25,25,24,25,25
383,3830,-30.54489,-59.49421,-12.43635,-10.35682,-7.482163,-5.18654,-3.064833,-4.140381,-3.343496,-2.952603,-3.6838,-3.783062,-3.695997,-3.703603,-3.580986,-0.4816737,25,25,25,25,25,25,25,25,25,25,25,25,25,25,25,25,383,3830,-3.362612,-3.295102,-2.227254,-3.36143,229.771,212.1839,-2.87341,-3.129834,-3.754754,-4.121334,-2.892437,-4.174697,-3.457274,-3.230612,-3.854607,-4.859791,25,25,25,25,25,25,25,25,25,25,25,25,25,25,25,25,383,3830,-5.055196,-7.419126,-4.726464,-7.094539,-7.770044,-7.262825,-2.845504,-70.10416,0.620456,0.4836001,0.1191442,0.2422993,0.2199565,0.334697,-0.2215747,2.325152,24,24,24,24,24,24,24,24,24,24,25,25,25,24,25,25
384,3840,-31.26638,-58.76867,-13.66716,-11.57481,-8.447701,-5.803599,-3.830516,-4.140381,-3.219631,-4.67557,-4.040281,-4.161214,-2.98069,-3.703603,-2.625758,-0.7231141,25,25,25,25,25,25,25,25,25,25,25,25,25,25,25,25,384,3840,-3.631602,-3.822287,-4.060141,-3.102879,228.5869,212.061,-1.567431,-3.651239,-4.40186,-3.606356,-2.761046,-4.039992,-3.201313,-3.564645,-3.132056,-4.859791,25,25,25,25,25,25,25,25,25,25,25,25,25,25,25,25,384,3840,-4.250974,-7.930766,-4.726464,-6.707579,-6.345598,-6.370931,-2.457529,-70.21351,-0.4923362,0.2416925,0.7151337,0.1210276,0.3300231,-0.3322971,0.2210899,3.481965,24,24,24,24,24,24,24,24,24,24,25,25,25,24,25,25
385,3850,-32.70936,-59.49421,-14.65181,-14.01079,-10.01667,-8.148426,-6.127566,-6.648112,-4.953738,-6.029329,-4.396763,-4.917519,-3.934432,-4.181465,-2.983969,-0.6023931,25,25,25,25,25,25,25,25,25,25,25,25,25,25,25,25,385,3850,-2.690136,-4.613064,-2.881855,-2.068671,228.7185,212.3069,-2.742812,-3.78159,-2.201701,-2.705143,-2.761046,-2.692939,-3.329295,-3.67599,-2.770779,-4.408538,25,25,25,25,25,25,25,25,25,25,25,25,25,25,25,25,385,3850,-4.825469,-8.698225,-4.982047,-5.288728,-2.978724,-3.822662,-3.492129,-69.4481,-0.1214049,-0.8468981,0.1191442,-0.1215189,0.6602196,0.668194,0.2210899,3.013991,24,24,24,24,24,24,24,24,24,24,25,25,25,24,25,25
386,3860,-31.50687,-59.01051,-14.65181,-13.64539,-11.58565,-8.395249,-7.531318,-5.895792,-5.696927,-5.783191,-4.872073,-4.665418,-3.457561,-3.22574,-2.028741,-0.4816737,25,25,25,25,25,25,25,25,25,25,25,25,25,25,25,25,386,3860,-3.497107,-3.690542,-2.358177,-2.068671,228.4554,211.9381,-3.395802,-2.478077,-2.978228,-2.31891,-3.023835,-2.558234,-3.329295,-3.007923,-2.650354,-3.730602,25,25,25,25,25,25,25,25,25,25,25,25,25,25,25,25,386,3860,-3.446806,-7.163256,-4.470881,-5.804674,-4.791656,-4.84197,-1.810903,-69.22941,0.7440996,-0.2421259,1.311123,0.6061206,0.1098932,-0.2211308,-0.6642377,2.780001,24,24,24,24,24,24,24,24,24,24,25,25,25,24,25,25
387,3870,-31.38662,-59.73605,-15.51338,-13.64539,-11.34427,-9.259132,-7.786547,-7.40043,-5.325332,-6.644674,-3.564973,-5.169621,-2.98069,-4.898258,-3.939197,0.001208799,25,25,25,25,25,25,25,25,25,25,25,25,25,25,25,25,387,3870,-2.824631,-2.899765,-2.227254,-2.973603,229.1132,210.9546,-2.089822,-2.869131,-3.107648,-3.220122,-2.629651,-4.578812,-2.689396,-2.228513,-2.770779,-4.746976,25,25,25,25,25,25,25,25,25,25,25,25,25,25,25,25,387,3870,-3.217028,-6.651617,-5.237579,-3.998863,-2.849229,-4.077489,-3.880105,-69.99483,0.1258821,0.6045538,0.5959357,0.2422993,-0.0001733736,0.7793594,0.2210899,3.013991,24,24,24,24,24,24,24,24,24,24,25,25,25,24,25,25
388,3880,-33.3106,-61.42898,-16.99035,-13.76719,-11.34427,-8.765485,-7.531318,-7.149658,-5.077602,-7.013881,-4.277936,-5.925926,-5.00739,-6.331846,-5.252635,-1.326716,25,25,25,25,25,25,25,25,25,25,25,25,25,25,25,25,388,3880,-1.883164,-1.713599,-2.358177,-1.680844,228.3238,211.3234,-2.742812,-1.435267,-2.719385,-2.06142,-3.418016,-1.615296,-1.537575,-1.560446,-2.048227,-3.391532,25,25,25,25,25,25,25,25,25,25,25,25,25,25,25,25,388,3880,-3.791472,-7.674896,-4.854205,-3.998913,-2.460743,-3.058181,-3.362805,-69.88548,-0.8632666,-1.209759,0.5959357,0.4848458,0.6602196,0.4458624,-0.442907,3.247975,24,24,24,24,24,24,24,24,24,24,25,25,25,24,25,25
389,3890,-31.26638,-59.61513,-16.12878,-13.1582,-12.91325,-9.505958,-9.700753,-8.654295,-7.676721,-8.489406,-6.416113,-7.564587,-7.153309,-8.004285,-5.610846,0.001208799,25,25,25,25,25,25,25,25,25,25,25,25,25,25,25,25,389,3890,-0.6727065,-2.108987,-1.310814,-1.680844,228.4554,212.3069,-2.351019,-2.217375,-1.942859,-2.962633,-1.97268,-1.884708,-2.177475,-1.337757,-1.446101,-2.71339,25,25,25,25,25,25,25,25,25,25,25,25,25,25,25,25,389,3890,-1.838364,-6.651617,-5.237579,-2.838035,-1.683773,-2.803355,-1.164277,-68.68269,0.2495256,0.1207387,0.8343317,-0.2427937,-0.3303699,0.334697,-0.2215747,3.130986,24,24,24,24,24,24,24,24,24,24,25,25,25,24,25,25
390,3900,-33.0701,-59.61513,-16.0057,-16.32497,-13.99947,-13.33173,-11.48735,-11.4128,-8.295329,-10.94796,-6.297437,-9.833502,-7.034091,-8.242991,-5.610846,-0.1195122,25,25,25,25,25,25,25,25,25,25,25,25,25,25,25,25,390,3900,-1.614174,-1.054617,-1.965415,-2.456499,229.3763,212.061,-2.612214,-1.044213,-2.460543,-1.417697,-0.7901343,-0.672359,-2.433435,-0.4470006,-0.0009960957,-2.37432,25,25,25,25,25,25,25,25,25,25,25,25,25,25,25,25,390,3900,-1.838364,-6.523707,-4.598622,-2.193103,-2.072259,-3.31306,-3.233479,-69.66679,0.3731691,1.088372,-0.1192518,-0.3640653,0.4400897,-0.3322971,-0.000242402,2.195039,24,24,24,24,24,24,24,24,24,24,25,25,25,24,25,25
391,3910,-33.67135,-59.97789,-15.51338,-14.98518,-13.75808,-11.97419,-10.08359,-9.406615,-8.047887,-8.366479,-5.94141,-6.808281,-5.961133,-5.495586,-4.655618,-0.6023931,25,25,25,25,25,25,25,25,25,25,25,25,25,25,25,25,391,3910,-1.345183,-1.054617,-2.750939,-1.551568,228.8501,212.3068,-2.089767,-1.304916,-1.942859,-0.773974,-0.5273448,-2.019413,-0.3857563,-1.003723,-0.8439736,-1.922225,25,25,25,25,25,25,25,25,25,25,25,25,25,25,25,25,391,3910,-1.034145,-5.628338,-4.215249,-1.161211,1.294615,0.2545173,-2.198825,-69.66679,-0.7396231,0.1207387,0.4767377,0.2422993,-0.3303699,0.1123662,-0.33224,3.481965,24,24,24,24,24,24,24,24,24,24,25,25,25,24,25,25
392,3920,-34.15234,-61.18713,-16.62111,-14.25439,-12.1891,-10.36984,-9.573139,-9.030455,-6.686949,-7.013881,-5.228555,-5.925926,-3.934432,-4.181465,-3.103372,-0.1195122,25,25,25,25,25,25,25,25,25,25,25,25,25,25,25,25,392,3920,-0.8072015,-2.240783,-1.179891,-0.775912,228.1923,212.3068,-2.220364,-3.12984,-1.942859,-0.773974,-2.366861,-1.345887,-2.177475,-2.451201,-2.529928,-2.148273,25,25,25,25,25,25,25,25,25,25,25,25,25,25,25,25,392,3920,-0.8043669,-5.884158,-5.237579,-1.161211,0.5176439,-1.529271,-3.492075,-69.01073,1.115031,-0.0002151117,0.5959357,-0.3640653,0.2199565,0.4458624,0.1104229,2.429022,24,24,24,24,24,24,24,24,24,24,25,25,25,24,25,25
393,3930,-30.06389,-60.94528,-14.77489,-13.64539,-11.10289,-10.9869,-8.93507,-9.406615,-7.552999,-7.628912,-5.228555,-5.799875,-3.934432,-3.464671,-1.31232,-0.9645545,25,25,25,25,25,25,25,25,25,25,25,25,25,25,25,25,393,3930,-3.497107,-2.767969,-1.965415,-1.551568,228.3238,211.6922,-2.873355,-3.12984,-1.68402,-1.675187,-2.366861,-2.692939,-3.457274,-2.117168,-1.927802,-2.261296,25,25,25,25,25,25,25,25,25,25,25,25,25,25,25,25,393,3930,-0.8043669,-5.116699,-5.36537,-1.677157,-1.554278,-2.675993,-2.198825,-68.24532,-0.4923362,0.1207387,0.5959357,0.6061206,-0.3303699,-0.2211308,0.2210899,2.663006,24,24,24,24,24,24,24,24,24,24,25,25,25,24,25,25
394,3940,-31.38662,-60.46159,-16.62111,-16.32497,-14.8443,-11.48055,-9.95598,-8.779683,-7.305557,-6.398484,-4.634418,-4.539367,-4.053649,-2.986809,-1.551127,-0.1195122,25,25,25,25,25,25,25,25,25,25,25,25,25,25,25,25,394,3940,-2.959126,-2.37258,-2.358177,-2.973603,229.2448,210.217,-3.003952,-2.869138,-2.84881,-2.962633,-3.286618,-4.174697,-2.689396,-2.451201,-3.252481,-3.843626,25,25,25,25,25,25,25,25,25,25,25,25,25,25,25,25,394,3940,-0.8043669,-6.139977,-5.36537,-2.322089,-1.942764,-3.058233,-3.880051,-70.4322,0.3731691,0.6046149,0.5959357,-0.1215189,-0.8806963,0.00119997,-0.442907,2.429022,24,24,24,24,24,24,24,24,24,24,25,25,25,24,25,25
395,3950,-32.82961,-59.49421,-17.3596,-16.44677,-14.60291,-11.85078,-10.59405,-9.281229,-7.305557,-7.505984,-3.6838,-5.925926,-3.576778,-4.539862,-3.222776,-0.1195122,25,25,25,25,25,25,25,25,25,25,25,25,25,25,25,25,395,3950,-2.421145,-2.37258,-3.40554,-1.939396,228.1923,211.4463,-2.350962,-2.217381,-3.495915,-2.190165,-3.286618,-2.96235,-2.177475,-1.783135,-2.529928,-3.956649,25,25,25,25,25,25,25,25,25,25,25,25,25,25,25,25,395,3950,-3.102139,-6.267887,-5.36537,-2.580062,-2.331249,-3.185647,-1.81085,-69.12007,0.3731691,-1.088745,0.8343317,-0.0002472179,0.2199565,0.2235308,-0.7749047,2.780001,24,24,24,24,24,24,24,24,24,24,25,25,25,24,25,25
396,3960,-32.58911,-60.21974,-18.09809,-18.27375,-15.56844,-13.33173,-11.23212,-11.03664,-8.171608,-8.735262,-5.228555,-7.186435,-4.768955,-5.973449,-5.133232,-0.9645545,25,25,25,25,25,25,25,25,25,25,25,25,25,25,25,25,396,3960,-1.614174,-2.37258,-1.441737,-2.327223,228.1923,212.061,-3.003952,-2.217381,-1.68402,-2.190165,-1.31571,-1.615296,-1.281615,-3.453301,-3.975033,-2.939437,25,25,25,25,25,25,25,25,25,25,25,25,25,25,25,25,396,3960,-2.527698,-6.267887,-5.620952,-3.096008,-1.165793,-1.147031,-2.32815,-69.4481,0.2495256,0.2417503,0.8343317,-0.3640172,-0.5504998,-0.1099654,-0.33224,2.896996,24,24,24,24,24,24,24,24,24,24,25,25,25,24,25,25
397,3970,-33.0701,-60.09882,-20.31355,-19.12634,-18.5857,-13.82537,-11.87019,-10.66048,-9.656267,-9.104045,-6.416113,-8.19484,-6.55722,-5.973449,-5.013828,-0.1195122,25,25,25,25,25,25,25,25,25,25,25,25,25,25,25,25,397,3970,-0.6727065,-1.450006,-1.310814,-1.939396,228.7185,212.6757,-2.220364,-1.565625,-2.331125,-3.220123,-1.841286,-2.692939,-4.353127,-3.787334,-4.81801,-4.521353,25,25,25,25,25,25,25,25,25,25,25,25,25,25,25,25,397,3970,-1.838364,-6.779527,-4.47083,-4.1279,-3.496705,-3.950127,-1.940174,-69.4481,0.3731691,0.362704,0.7151337,-0.485292,-0.0001733736,0.668194,0.1104229,2.429022,24,24,24,24,24,24,24,24,24,24,25,25,25,24,25,25
398,3980,-36.55731,-61.91267,-20.31355,-21.07513,-18.46502,-15.42973,-12.63587,-11.91435,-8.666495,-9.595755,-5.585037,-8.06879,-5.126608,-6.092966,-4.178004,0.6048107,25,25,25,25,25,25,25,25,25,25,25,25,25,25,25,25,398,3980,-2.28665,-2.240783,-3.143701,-1.551568,228.8501,212.061,-1.959169,-3.12984,-2.978231,-3.091378,-3.023835,-3.770583,-4.225149,-4.900203,-4.336309,-6.439174,25,25,25,25,25,25,25,25,25,25,25,25,25,25,25,25,398,3980,-3.791472,-7.546985,-4.34304,-5.675738,-4.403172,-4.204955,-2.32815,-69.22941,0.2495256,-0.4839757,0.4767377,0.6061688,0.4400897,-0.1099662,-0.1109077,3.598954,24,24,24,24,24,24,24,24,24,24,25,25,25,24,25,25
399,3990,-37.7598,-62.27544,-21.17512,-21.31873,-18.46502,-14.81267,-11.10451,-10.28432,-8.295329,-7.505984,-4.753245,-6.051977,-4.888173,-3.464723,-2.983969,-0.9645545,25,25,25,25,25,25,25,25,25,25,25,25,25,25,25,25,399,3990,-2.421145,-3.690542,-1.965415,-2.068671,228.5869,211.938,-2.089767,-3.911948,-2.84881,-2.705144,-3.286618,-2.827645,-4.097167,-5.122484,-4.336361,-6.100735,25,25,25,25,25,25,25,25,25,25,25,25,25,25,25,25,399,3990,-5.055247,-9.081903,-5.493161,-5.546751,-4.144181,-2.675993,-2.457475,-69.12007,0.1258821,-0.2420649,0.3575398,-0.485292,0.2199565,0.1123646,0.2210883,3.013991,24,24,24,24,24,24,24,24,24,24,25,25,25,24,25,25
400,4000,-38.84204,-63.36375,-21.79053,-21.56232,-18.46502,-15.55314,-11.48735,-10.40971,-8.41905,-8.612333,-5.109727,-7.186435,-5.245827,-4.898309,-3.939197,-0.1195122,25,25,25,25,25,25,25,25,25,25,25,25,25,25,25,25,400,4000,-2.421145,-2.240783,-1.441737,-1.422291,228.4554,212.1839,-3.265147,-1.695976,-2.589967,-1.932676,-1.709891,-3.097055,-4.481106,-2.562546,-2.891257,-4.972606,25,25,25,25,25,25,25,25,25,25,25,25,25,25,25,25,400,4000,-4.710581,-7.419075,-4.726414,-5.933711,-4.532667,-3.950127,-2.0695,-69.22941,0.4968126,0.362704,0.2383422,0.6061688,0.4400897,0.3346962,-1.217571,2.910224,24,24,24,24,24,24,24,24,24,24,25,25,25,24,25,25
401,4010,-37.2788,-62.88005,-21.05204,-21.56232,-18.7064,-17.40432,-13.27394,-12.79205,-9.656267,-11.80846,-5.94141,-7.942739,-5.961133,-6.570828,-3.461583,-0.6023931,25,25,25,25,25,25,25,25,25,25,25,25,25,25,25,25,401,4010,-2.286599,-1.450006,-0.9180519,-2.068671,229.6395,211.2005,-2.481561,-1.174571,-1.68402,-1.288953,-1.447105,-2.288824,-2.817368,-1.337757,-1.325727,-4.746976,25,25,25,25,25,25,25,25,25,25,25,25,25,25,25,25,401,4010,-3.331914,-7.163256,-4.47083,-6.062697,-2.460745,-1.529271,-2.457475,-70.21351,-0.6159796,-0.0001573205,0.9535292,0.3636223,0.1098932,-0.2211316,0.5530859,3.144246,24,24,24,24,24,24,24,24,24,24,25,25,25,24,25,25
402,4020,-36.07632,-62.27544,-21.2982,-21.31873,-19.06847,-17.40432,-13.14633,-12.03973,-10.64604,-10.82503,-7.009491,-8.572993,-6.795655,-5.495637,-5.133232,-0.2402316,25,25,25,25,25,25,25,25,25,25,25,25,25,25,25,25,402,4020,-0.269169,-0.1320441,-0.52529,-0.1295318,228.8501,210.7087,-1.567375,0.2592899,-1.942862,0.8997064,-0.2645585,-0.4029492,-0.2577713,0.555099,-0.7236001,-3.278508,25,25,25,25,25,25,25,25,25,25,25,25,25,25,25,25,402,4020,-2.64258,-8.186536,-4.981997,-3.611954,-0.3888225,0.2545173,-2.457475,-69.33877,0.9913873,0.4836611,-0.2384497,-0.6065637,-0.2203033,0.3346962,0.3317536,2.79321,24,24,24,24,24,24,24,24,24,24,25,25,25,24,25,25
403,4030,-37.63955,-62.63821,-22.6521,-20.95333,-19.06847,-16.04679,-13.14633,-11.66357,-9.656267,-9.472828,-5.94141,-7.942739,-5.722697,-5.376172,-4.178004,-1.085276,25,25,25,25,25,25,25,25,25,25,25,25,25,25,25,25,403,4030,0.2688118,-0.7910252,-0.7871227,-0.775912,228.4554,211.8151,-2.089767,-0.7835172,-0.5192299,-0.6452296,-1.184315,-0.672359,-0.8976709,-1.560446,-1.446152,-2.035249,25,25,25,25,25,25,25,25,25,25,25,25,25,25,25,25,403,4030,-0.1150302,-4.860879,-4.982047,-2.580062,-3.885191,-5.733916,-1.5522,-69.33877,0.1258821,-0.2420649,0.1191442,0.7274404,0.1098932,-0.3322971,-0.7749063,2.325152,24,24,24,24,24,24,24,24,24,24,25,25,25,24,25,25
404,4040,-33.67135,-63.00098,-20.43663,-19.36994,-16.89604,-16.54044,-12.25303,-12.54128,-10.15115,-11.43967,-6.772139,-8.951146,-6.795655,-5.9735,-3.939197,-0.6023931,25,25,25,25,25,25,25,25,25,25,25,25,25,25,25,25,404,4040,-1.479627,-0.6592292,-1.572646,-1.422291,229.1132,212.061,-2.612158,-0.5228146,-1.813442,-1.675187,-2.104075,-1.615296,-2.817368,-3.119268,-3.011682,-2.487343,25,25,25,25,25,25,25,25,25,25,25,25,25,25,25,25,404,4040,0.3445255,-5.244609,-5.36542,-3.482967,-3.885191,-4.842022,-3.492075,-70.10416,-0.1214049,0.8465224,1.072727,0.4848939,-0.7706329,0.001199168,0.442419,2.676195,24,24,24,24,24,24,24,24,24,24,25,25,25,24,25,25
405,4050,-31.98787,-61.79175,-19.3289,-17.29936,-16.77534,-14.31902,-12.12542,-11.4128,-10.02743,-8.612333,-6.060086,-6.682231,-5.841914,-4.300982,-3.34218,-0.6023931,25,25,25,25,25,25,25,25,25,25,25,25,25,25,25,25,405,4050,-2.959076,-2.504376,-2.750932,-1.810119,229.2448,212.4297,-1.697973,-2.478084,-3.237073,-2.576399,-3.286618,-3.097055,-2.817368,-4.4554,-3.493384,-4.182696,25,25,25,25,25,25,25,25,25,25,25,25,25,25,25,25,405,4050,-1.95325,-7.291167,-4.854256,-5.288778,-6.993073,-7.008051,-2.0695,-69.66679,0.7440996,-0.3630219,-5.377793E-05,-0.2427455,-0.0001733736,0.4458616,0.3317536,3.027232,24,24,24,24,24,24,24,24,24,24,25,25,25,24,25,25
406,4060,-32.10812,-61.91267,-20.55972,-18.63915,-18.10293,-16.04679,-11.9978,-10.28432,-8.913938,-8.24355,-4.753245,-6.051977,-3.934432,-5.256706,-3.34218,0.001208799,25,25,25,25,25,25,25,25,25,25,25,25,25,25,25,25,406,4060,-3.497057,-4.349524,-2.489087,-2.327223,228.9817,211.938,-1.82857,-3.260191,-2.072284,-2.31891,-3.023835,-2.692939,-4.097167,-4.566745,-4.09551,-5.649482,25,25,25,25,25,25,25,25,25,25,25,25,25,25,25,25,406,4060,-2.872358,-7.163257,-5.109838,-6.32067,-5.180141,-4.459782,-1.681524,-68.90139,-0.2450488,0.1207965,1.430321,0.3636223,-0.3303699,-0.3322971,-0.2215763,3.261261,24,24,24,24,24,24,24,24,24,24,25,25,25,24,25,25
407,4070,-34.03209,-63.72652,-20.06739,-17.29936,-15.68912,-14.44243,-10.33882,-9.030455,-8.295329,-7.505984,-4.515592,-6.178028,-3.695997,-4.181517,-2.864566,-1.326716,25,25,25,25,25,25,25,25,25,25,25,25,25,25,25,25,407,4070,-3.093571,-2.767969,-2.096331,-2.585775,228.4554,211.0775,-3.004008,-2.738786,-2.460547,-2.31891,-2.235467,-2.96235,-3.969188,-2.451201,-2.409555,-5.198229,25,25,25,25,25,25,25,25,25,25,25,25,25,25,25,25,407,4070,-2.872358,-7.674896,-5.36542,-4.127899,-4.403171,-5.096849,-2.457475,-70.21351,-0.1214049,0.9674762,0.5959357,0.7274404,-0.3303699,0.5570278,0.2210883,1.974116,24,24,24,24,24,24,24,24,24,24,25,25,25,24,25,25
408,4080,-30.42463,-63.1219,-19.82123,-17.42116,-16.89603,-13.45514,-11.35973,-10.03355,-8.913938,-8.366478,-5.703864,-6.682231,-4.292084,-4.539914,-2.386952,-0.1195122,25,25,25,25,25,25,25,25,25,25,25,25,25,25,25,25,408,4080,-3.093571,-2.636173,-2.489087,-2.197947,229.1132,210.9546,-1.959225,-1.826327,-2.589967,-2.06142,-2.892437,-3.097055,-2.94535,-3.007923,-3.85466,-4.972606,25,25,25,25,25,25,25,25,25,25,25,25,25,25,25,25,408,4080,-3.446803,-7.163257,-4.726464,-3.224993,-0.6478114,-2.038925,-2.5868,-69.33877,-0.2450488,-0.6049295,0.1191442,0.4848939,0.4400897,0.6681932,-0.0002440073,2.676195,24,24,24,24,24,24,24,24,24,24,25,25,25,24,25,25
409,4090,-31.02588,-62.75913,-20.06739,-17.78656,-15.44773,-13.0849,-9.317912,-9.155841,-7.058114,-7.259967,-4.396763,-6.051977,-3.338343,-4.778843,-3.222776,0.6048107,25,25,25,25,25,25,25,25,25,25,25,25,25,25,25,25,409,4090,-2.286599,-1.713599,-3.536449,-1.810119,228.5869,210.3399,-1.567431,-2.08703,-2.97823,-2.190165,-3.286618,-2.692939,-2.817368,-3.230612,-3.252533,-5.423859,25,25,25,25,25,25,25,25,25,25,25,25,25,25,25,25,409,4090,-2.64258,-7.163257,-5.493212,-4.514859,-2.072258,-2.038925,-2.0695,-69.66679,0.002187237,0.362704,1.072727,-0.2427455,-0.8806963,-0.3322971,-0.110911,3.495289,24,24,24,24,24,24,24,24,24,24,25,25,25,24,25,25
410,4100,-31.38662,-63.1219,-19.82123,-17.29936,-13.51668,-11.60396,-8.297002,-8.278135,-6.192062,-5.537001,-4.040281,-4.035163,-2.861472,-3.345257,-2.983969,-0.8438351,25,25,25,25,25,25,25,25,25,25,25,25,25,25,25,25,410,4100,-2.82458,-3.163357,-2.096331,-2.844327,228.7185,211.6922,-1.959225,-2.08703,-2.848808,-3.606305,-2.892437,-2.558234,-3.20131,-3.007923,-2.770832,-4.29572,25,25,25,25,25,25,25,25,25,25,25,25,25,25,25,25,410,4100,-3.102136,-7.674896,-4.087508,-3.869926,-2.072258,-3.185647,-2.974775,-69.66679,0.8676916,1.088375,-5.377793E-05,-0.2427455,0.7702862,0.4458616,-0.3322433,2.09113,24,24,24,24,24,24,24,24,24,24,25,25,25,24,25,25
411,4110,-31.62712,-62.75913,-20.06739,-18.51735,-16.65464,-13.20831,-10.0836,-9.030455,-6.934391,-6.767691,-4.159163,-4.791468,-4.172867,-3.464723,-2.386952,-0.4816737,25,25,25,25,25,25,25,25,25,25,25,25,25,25,25,25,411,4110,-3.766047,-2.37258,-3.536449,-3.490707,228.3238,212.4297,-2.089822,-2.217381,-3.495914,-2.705092,-2.49825,-2.692939,-3.457268,-3.119268,-3.132108,-4.521353,25,25,25,25,25,25,25,25,25,25,25,25,25,25,25,25,411,4110,-2.872358,-6.523707,-4.726464,-5.030804,-3.108219,-2.803406,-1.940174,-69.99483,-0.616031,-0.4840303,0.953581,0.8487152,-0.3303699,-0.1099662,0.1104213,3.261261,24,24,24,24,24,24,24,24,24,24,25,25,25,24,25,25
412,4120,-33.3106,-63.60559,-20.31355,-20.46614,-16.41326,-14.0722,-10.21121,-10.15893,-7.800443,-9.104045,-5.22861,-6.934333,-5.484262,-5.256706,-2.506355,-0.1195122,25,25,25,25,25,25,25,25,25,25,25,25,25,25,25,25,412,4120,-2.959076,-2.767969,-3.798289,-2.585775,228.8501,212.061,-1.959225,-3.12984,-3.625336,-3.348815,-2.235463,-4.309399,-2.561411,-3.453301,-3.252533,-4.859791,25,25,25,25,25,25,25,25,25,25,25,25,25,25,25,25,412,4120,-3.561688,-8.314445,-4.982047,-5.288778,-3.36721,-3.440474,-3.233425,-69.99483,0.8676916,-0.3630765,0.5959875,0.3636223,0.1098932,1.001689,0.3317536,3.261261,24,24,24,24,24,24,24,24,24,24,25,25,25,24,25,25
413,4130,-32.94986,-63.1219,-19.45198,-17.17756,-14.36153,-11.85078,-9.828368,-8.779683,-7.800443,-7.628912,-6.297437,-6.55618,-6.199566,-4.300982,-3.819793,-0.7231141,25,25,25,25,25,25,25,25,25,25,25,25,25,25,25,25,413,4130,-3.093571,-4.613116,-3.536449,-2.973603,229.1132,211.8151,-2.612214,-3.781597,-2.97823,-2.576347,-3.680799,-2.962347,-3.969192,-3.898678,-3.613809,-4.972606,25,25,25,25,25,25,25,25,25,25,25,25,25,25,25,25,413,4130,-3.446803,-7.163257,-4.854256,-5.417764,-4.14418,-4.332368,-1.5522,-68.57336,0.3731177,-0.3630765,0.5959875,0.3636223,0.1098932,-0.1099662,-0.553574,2.79321,24,24,24,24,24,24,24,24,24,24,25,25,25,24,25,25
414,4140,-31.62712,-63.24283,-18.34425,-15.35058,-13.75807,-10.86349,-8.679843,-7.525817,-6.315784,-6.275414,-5.347436,-6.051977,-4.768953,-4.778792,-3.222776,-0.7231141,25,25,25,25,25,25,25,25,25,25,25,25,25,25,25,25,414,4140,-4.035038,-3.031561,-3.012771,-2.715051,228.9817,211.3234,-3.656999,-2.08703,-2.848808,-2.705092,-2.49825,-3.231757,-3.457271,-2.673893,-2.529981,-4.29572,25,25,25,25,25,25,25,25,25,25,25,25,25,25,25,25,414,4140,-3.102136,-7.419076,-5.109838,-5.546751,-4.014686,-3.950128,-3.750726,-70.4322,-0.1214563,-0.0002119011,0.7151855,0.2423474,-0.0001733736,0.1123646,0.442419,2.79321,24,24,24,24,24,24,24,24,24,24,25,25,25,24,25,25
415,4150,-31.98787,-63.24283,-18.59041,-15.83777,-13.63738,-11.72737,-8.041774,-8.52891,-6.06834,-6.890759,-4.872128,-4.91752,-3.338341,-3.464671,-2.745162,-1.568158,25,25,25,25,25,25,25,25,25,25,25,25,25,25,25,25,415,4150,-2.82458,-2.636173,-2.489087,-2.327223,228.8501,210.7087,-2.22042,-1.826327,-3.237072,-1.803879,-2.235463,-3.770579,-2.177472,-2.117171,-2.529981,-5.085421,25,25,25,25,25,25,25,25,25,25,25,25,25,25,25,25,415,4150,-3.446803,-7.419076,-4.343091,-3.998913,-3.108219,-3.058234,-1.940174,-69.22941,0.2494742,-0.7259378,0.7151855,0.4848939,0.1098932,0.4458616,-0.553521,2.676195,24,24,24,24,24,24,24,24,24,24,25,25,25,24,25,25
416,4160,-29.3424,-61.5499,-16.62111,-12.7928,-11.34426,-8.395248,-8.041774,-6.397338,-5.449145,-5.660069,-4.7533,-4.791468,-3.219124,-2.986809,-0.9541096,-0.1195636,25,25,25,25,25,25,25,25,25,25,25,25,25,25,25,25,416,4160,-1.883113,-2.37258,-2.620009,-1.939396,228.3238,211.6922,-1.959225,-2.08703,-2.201702,-1.803879,-3.41801,-2.558232,-2.561411,-2.785238,-2.770832,-4.069679,25,25,25,25,25,25,25,25,25,25,25,25,25,25,25,25,416,4160,-2.068139,-7.035347,-6.132168,-5.804723,-4.403171,-6.116158,-3.492075,-69.77613,-0.7396745,-0.2421227,1.191977,-0.0001990586,-0.0001733736,0.1123646,-0.3321887,2.910218,24,24,24,24,24,24,24,24,24,24,25,25,25,24,25,25
417,4170,-26.81718,-61.18713,-14.89797,-11.45301,-9.77528,-8.642074,-6.255179,-6.397338,-4.705956,-4.921656,-3.565027,-5.043571,-2.3846,-3.464671,-1.551127,-0.240283,25,25,25,25,25,25,25,25,25,25,25,25,25,25,25,25,417,4170,-2.152154,-2.504376,-1.834486,-3.232155,228.7185,211.8151,-2.089822,-1.956679,-2.589966,-3.220071,-3.286618,-2.692937,-3.457271,-2.785238,-3.734234,-3.504562,25,25,25,25,25,25,25,25,25,25,25,25,25,25,25,25,417,4170,-2.64258,-7.674896,-4.726464,-5.030804,-4.273675,-5.733917,-2.457475,-69.66679,-0.2451001,-0.0002119011,0.3575919,-0.485292,-0.3303699,1.001689,-0.2215233,2.325152,24,24,24,24,24,24,24,24,24,24,25,25,25,24,25,25
418,4180,-28.13991,-60.94528,-16.25187,-15.59418,-14.48221,-12.22102,-10.97689,-10.28432,-7.181835,-7.013828,-3.921509,-5.043571,-2.861471,-2.628412,-2.267548,-0.7231655,25,25,25,25,25,25,25,25,25,25,25,25,25,25,25,25,418,4180,-3.766097,-3.295102,-3.536449,-3.102879,228.8501,212.3068,-1.959225,-3.12984,-3.495914,-3.735049,-3.15522,-3.50117,-2.689393,-3.898682,-3.734234,-3.730609,25,25,25,25,25,25,25,25,25,25,25,25,25,25,25,25,418,4180,-2.987247,-7.674896,-4.726464,-6.191683,-5.827617,-5.733917,-1.81085,-70.10416,-0.4923875,-1.088802,0.953581,0.7274404,0.2199565,0.2235308,-0.0001910321,2.793203,24,24,24,24,24,24,24,24,24,24,25,25,25,24,25,25
419,4190,-34.99408,-63.1219,-20.19047,-21.19693,-18.70638,-15.79996,-13.7844,-11.78896,-9.16138,-8.735262,-4.7533,-6.43013,-4.530518,-4.181465,-2.148144,-0.1195636,25,25,25,25,25,25,25,25,25,25,25,25,25,25,25,25,419,4190,-3.228116,-4.217676,-3.929218,-3.490707,228.8501,211.4463,-2.22042,-4.042299,-3.754756,-3.091326,-3.286618,-3.770579,-3.073332,-4.12137,-3.85466,-4.972606,25,25,25,25,25,25,25,25,25,25,25,25,25,25,25,25,419,4190,-3.676577,-8.442354,-5.876534,-6.32067,-5.568627,-5.351676,-3.233425,-70.97892,-0.616031,0.1207419,1.191977,-0.0001990586,-0.1102399,0.1123646,0.2211413,3.378268,24,24,24,24,24,24,24,24,24,24,25,25,25,24,25,25
420,4200,-37.15856,-64.08929,-20.92896,-24.3637,-20.51674,-18.51503,-16.5919,-14.67285,-11.51209,-9.595755,-5.347436,-6.934333,-4.053647,-3.823068,-1.073513,-0.9646059,25,25,25,25,25,25,25,25,25,25,25,25,25,25,25,25,420,4200,-3.093621,-3.163306,-3.012778,-2.844327,227.7976,211.6922,-2.742812,-4.042299,-2.719388,-2.318858,-3.15522,-2.154116,-3.84121,-2.33986,-2.28913,-4.408538,25,25,25,25,25,25,25,25,25,25,25,25,25,25,25,25,420,4200,-3.561688,-7.802805,-4.598621,-5.288778,-5.180141,-5.606503,-3.621401,-70.21351,0.002187237,1.209329,0.5959875,-0.1214707,0.1098932,0.4458616,-0.8855186,1.974109,24,24,24,24,24,24,24,24,24,24,25,25,25,24,25,25
421,4210,-38.12054,-64.81483,-21.42129,-22.41492,-19.06845,-15.42973,-14.16724,-12.16512,-9.90371,-7.874767,-4.872128,-5.799875,-3.93443,-1.792154,-0.9541096,-0.240283,25,25,25,25,25,25,25,25,25,25,25,25,25,25,25,25,421,4210,-2.286649,-1.713547,-1.834492,-2.327223,228.9817,210.7087,-3.134606,-1.695976,-2.072282,-1.288901,-0.9215226,-2.827642,-2.305454,-1.003726,-1.566578,-3.730609,25,25,25,25,25,25,25,25,25,25,25,25,25,25,25,25,421,4210,-3.791466,-8.058624,-4.981996,-4.901819,-2.590238,-1.911512,-2.84545,-70.65089,-0.4923875,-0.4840303,1.072779,0.4848939,0.8803495,-0.1099662,-0.2215233,2.559175,24,24,24,24,24,24,24,24,24,24,25,25,25,24,25,25
422,4220,-36.43707,-64.45206,-20.31355,-20.10074,-17.13741,-14.0722,-12.63587,-10.78587,-7.800443,-6.398484,-3.921509,-3.783062,-1.669294,-1.433757,-0.1182858,-0.240283,25,25,25,25,25,25,25,25,25,25,25,25,25,25,25,25,422,4220,-1.345182,-1.581751,-1.703576,-1.422291,228.0607,210.9546,-1.828626,-1.04422,-2.460544,-1.54639,-1.447098,-2.558232,-1.281615,-0.4470038,-1.205302,-3.391538,25,25,25,25,25,25,25,25,25,25,25,25,25,25,25,25,422,4220,-2.183024,-8.058624,-5.365369,-3.740941,-2.460742,-3.440474,-2.84545,-70.4322,0.1258307,-0.1211657,0.4767895,0.1210758,-0.1102399,0.6681932,0.2211413,3.027232,24,24,24,24,24,24,24,24,24,24,25,25,25,24,25,25
423,4230,-34.51309,-64.93575,-20.43663,-17.42116,-13.99944,-11.97419,-9.955981,-9.782775,-6.686948,-6.398484,-2.139098,-4.287265,-1.430859,-1.553222,-0.8347057,-0.8438865,25,25,25,25,25,25,25,25,25,25,25,25,25,25,25,25,423,4230,-1.076192,-1.845343,-1.572653,-2.068671,227.4029,211.4463,-2.612214,-2.217381,-1.036912,-1.803879,-2.629644,-2.154116,-2.049493,-2.228516,-0.964451,-2.600373,25,25,25,25,25,25,25,25,25,25,25,25,25,25,25,25,423,4230,-2.527691,-6.395797,-4.343038,-5.417765,-2.719733,-1.147032,-2.974828,-69.99483,0.1258307,0.2416957,0.4767895,0.7274404,0.4400897,-0.1099662,-0.4428556,2.208138,24,24,24,24,24,24,24,24,24,24,25,25,25,24,25,25
424,4240,-32.34861,-62.03359,-19.20582,-16.44677,-16.05119,-13.33173,-13.27394,-11.91435,-10.02743,-9.472828,-5.347436,-8.320892,-4.768953,-3.464671,-2.148144,0.3633189,25,25,25,25,25,25,25,25,25,25,25,25,25,25,25,25,424,4240,-2.017659,-1.845343,-1.703576,-2.585775,228.9817,212.061,-2.481616,-2.347726,-2.331124,-3.992538,-2.104069,-2.558232,-3.20131,-2.562549,-2.048279,-2.82642,25,25,25,25,25,25,25,25,25,25,25,25,25,25,25,25,424,4240,-1.95325,-6.779527,-4.47083,-4.51486,-2.072257,-2.93082,-2.457528,-70.76022,-0.368744,0.4836033,1.072779,0.2423474,-0.1102399,-0.2211316,0.2211413,3.144246,24,24,24,24,24,24,24,24,24,24,25,25,25,24,25,25
425,4250,-31.14613,-61.67082,-18.59041,-20.46614,-18.34432,-18.39161,-17.22997,-16.30287,-12.62559,-13.16066,-6.653465,-9.959554,-6.795654,-6.690241,-3.580986,0.3633189,25,25,25,25,25,25,25,25,25,25,25,25,25,25,25,25,425,4250,-3.093621,-2.899713,-3.536456,-2.327223,229.3763,211.8152,-2.481616,-3.260185,-4.27244,-3.606305,-3.286618,-4.444104,-3.329292,-3.787337,-3.372958,-3.617585,25,25,25,25,25,25,25,25,25,25,25,25,25,25,25,25,425,4250,-3.217025,-7.930715,-4.47083,-5.030806,-4.40317,-5.096849,-2.716178,-68.90138,0.867743,0.1207419,0.119196,-0.1214707,0.1098932,0.5570278,0.6638043,2.676195,24,24,24,24,24,24,24,24,24,24,25,25,25,24,25,25
426,4260,-32.82961,-62.27544,-20.80588,-22.29312,-20.03398,-18.02138,-17.22997,-15.55055,-12.87303,-11.68553,-6.772141,-8.572994,-6.318783,-4.898258,-3.939197,-0.6024445,25,25,25,25,25,25,25,25,25,25,25,25,25,25,25,25,426,4260,-3.093621,-3.954083,-2.881855,-3.232155,228.9817,210.9546,-2.351019,-4.433347,-3.754756,-3.348815,-3.41801,-2.962347,-3.84121,-3.34196,-3.493384,-4.634168,25,25,25,25,25,25,25,25,25,25,25,25,25,25,25,25,426,4260,-4.021244,-7.930715,-4.981996,-6.449657,-6.086606,-5.988744,-2.069552,-69.66678,0.002238607,0.2416957,1.191977,0.2423474,-0.1102399,0.001199168,-0.7748533,2.910218,24,24,24,24,24,24,24,24,24,24,25,25,25,24,25,25
427,4270,-32.34861,-62.88005,-20.31355,-18.88275,-17.37879,-15.05949,-13.91201,-13.41898,-10.64604,-9.472828,-6.178761,-6.682231,-5.603477,-4.659328,-2.864565,-0.481725,25,25,25,25,25,25,25,25,25,25,25,25,25,25,25,25,427,4270,-3.362612,-3.031509,-2.227254,-3.102879,228.7185,211.2005,-3.395802,-2.869131,-2.97823,-2.962581,-1.841286,-2.962347,-4.09717,-2.785238,-2.048279,-3.730609,25,25,25,25,25,25,25,25,25,25,25,25,25,25,25,25,427,4270,-3.561688,-8.570264,-4.854204,-5.288778,-3.367209,-3.695301,-3.750779,-69.88548,0.2495256,0.1207419,0.8343838,0.4848939,0.1098932,0.6681932,-0.1108564,2.442167,24,24,24,24,24,24,24,24,24,24,25,25,25,24,25,25
428,4280,-30.06389,-62.63821,-18.59041,-17.66476,-15.32705,-14.93608,-12.8911,-12.79205,-10.52232,-9.3499,-5.822745,-6.682231,-4.172865,-4.898258,-2.267548,-0.7231655,25,25,25,25,25,25,25,25,25,25,25,25,25,25,25,25,428,4280,-2.959126,-2.372529,-2.358177,-2.585775,229.771,210.4629,-3.134606,-2.347726,-3.237072,-2.705092,-1.709891,-3.366468,-2.561411,-2.117171,-1.566578,-3.730609,25,25,25,25,25,25,25,25,25,25,25,25,25,25,25,25,428,4280,-3.446803,-7.802805,-4.47083,-3.869927,-2.719733,-3.567888,-1.940227,-69.55744,-0.2450488,-0.1211657,0.7151859,-0.000195848,0.3300231,0.001199168,-0.553521,2.910218,24,24,24,24,24,24,24,24,24,24,25,25,25,24,25,25
429,4290,-29.3424,-61.18713,-19.69815,-17.05577,-16.05119,-14.44243,-13.27394,-12.03973,-10.52232,-7.874767,-5.703917,-6.430129,-4.530571,-4.181465,-2.625758,0.00115743,25,25,25,25,25,25,25,25,25,25,25,25,25,25,25,25,429,4290,-1.883163,-2.240732,-2.227254,-1.293016,228.3238,210.3399,-2.742812,-1.174565,-2.97823,-1.54639,-2.761046,-2.692942,-1.921463,-2.33986,-3.372958,-3.165491,25,25,25,25,25,25,25,25,25,25,25,25,25,25,25,25,429,4290,-2.527691,-8.442354,-5.49316,-3.353981,-0.7773062,-2.293752,-2.457528,-70.32284,-0.6159796,0.4836033,1.311175,0.121079,-0.4404942,0.4458616,0.2211413,3.378268,24,24,24,24,24,24,24,24,24,24,25,25,25,24,25,25
430,4300,-30.66513,-61.18713,-19.20582,-17.66476,-15.44773,-15.1829,-12.8911,-12.16512,-10.15115,-9.104045,-5.109781,-6.304078,-3.576829,-5.137189,-3.34218,0.00115743,25,25,25,25,25,25,25,25,25,25,25,25,25,25,25,25,430,4300,-2.152154,-2.636121,-2.227254,-2.327223,228.7185,212.061,-2.612214,-2.347726,-2.201702,-3.091326,-2.629651,-2.423531,-2.817323,-2.67389,-2.168705,-3.391538,25,25,25,25,25,25,25,25,25,25,25,25,25,25,25,25,430,4300,-2.872358,-6.651617,-4.343038,-3.998913,-3.626199,-4.204955,-2.845503,-69.77612,0.1258821,0.4836033,0.5959879,0.7274436,0.3299653,-0.1099662,-0.3321887,2.910218,24,24,24,24,24,24,24,24,24,24,25,25,25,24,25,25
431,4310,-32.46886,-61.42898,-20.43663,-19.12635,-16.89603,-14.56584,-12.12542,-11.66357,-10.76976,-8.981116,-5.109781,-6.304078,-4.0537,-4.539862,-3.819793,-1.447488,25,25,25,25,25,25,25,25,25,25,25,25,25,25,25,25,431,4310,-2.421145,-1.449955,-2.4891,-2.844327,229.5079,212.3069,-3.395802,-1.826321,-2.97823,-2.705092,-1.31571,-2.423531,-2.433384,-1.67179,-1.686951,-2.713397,25,25,25,25,25,25,25,25,25,25,25,25,25,25,25,25,431,4310,-2.527691,-7.035346,-5.109787,-4.51486,-2.460742,-2.803406,-2.198877,-70.32284,-0.4923362,0.2416957,1.072779,0.606172,-0.3304276,0.001199168,0.4424238,3.378268,24,24,24,24,24,24,24,24,24,24,25,25,25,24,25,25
432,4320,-35.35483,-62.63821,-22.03669,-19.49174,-16.53395,-13.57855,-11.48735,-11.78896,-10.52232,-9.3499,-5.347435,-6.430129,-4.292135,-3.703603,-2.983969,0.1219298,25,25,25,25,25,25,25,25,25,25,25,25,25,25,25,25,432,4320,-0.8072011,-1.054566,-2.358177,-1.422291,228.8501,211.8152,-2.089822,-2.217375,-2.589966,-1.675135,-0.3959533,-1.480593,-1.409545,-0.2243118,-0.1214217,-3.391532,25,25,25,25,25,25,25,25,25,25,25,25,25,25,25,25,432,4320,-2.987247,-7.930715,-4.726412,-3.740941,-2.590238,-2.038925,-2.586853,-70.10416,0.620456,-0.2421227,0.3575923,-0.2427423,-0.3304276,0.3346962,0.3317585,2.676195,24,24,24,24,24,24,24,24,24,24,25,25,25,24,25,25
433,4330,-34.99408,-63.84744,-20.55972,-19.61354,-16.53395,-15.1829,-11.10451,-11.78896,-9.656266,-9.472828,-5.109781,-6.808281,-3.815265,-5.495586,-3.103373,-0.7231141,25,25,25,25,25,25,25,25,25,25,25,25,25,25,25,25,433,4330,-0.134725,-1.845343,-1.048975,-0.9051877,228.4554,211.9381,-1.959225,-1.826321,-1.554596,-0.1301996,-1.052924,-0.941772,-2.305405,-0.6696894,-1.084824,-1.470131,25,25,25,25,25,25,25,25,25,25,25,25,25,25,25,25,433,4330,-1.493646,-5.756248,-4.726412,-3.224994,-1.683772,0.1271037,-2.586853,-70.2135,0.3731691,-0.3630765,0.5959879,0.4848971,0.2198988,-0.3322971,-0.0002407967,3.612297,24,24,24,24,24,24,24,24,24,24,25,25,25,24,25,25
434,4340,-34.27259,-63.1219,-20.55972,-19.85714,-16.77534,-13.45514,-10.0836,-9.782775,-8.913937,-6.890812,-4.396816,-4.665418,-3.934483,-3.584137,-2.983969,-0.6023931,25,25,25,25,25,25,25,25,25,25,25,25,25,25,25,25,434,4340,-0.9416969,-0.9228213,-0.9180519,-1.034463,229.1132,210.7088,-2.481616,-0.6531627,-0.9074922,-0.2589439,-0.5273448,-2.288826,-2.561363,-1.337757,-1.927802,-0.79199,25,25,25,25,25,25,25,25,25,25,25,25,25,25,25,25,434,4340,-0.6894267,-5.884209,-4.854204,-0.1293191,-1.036297,-4.332368,-3.621453,-70.4322,0.2495256,0.1207419,0.2383943,-0.364014,0.2198988,0.6681932,0.3317585,1.974116,24,24,24,24,24,24,24,24,24,24,25,25,25,24,25,25
435,4350,-37.88005,-64.93575,-22.15977,-18.88275,-16.41326,-12.09761,-8.679843,-8.152749,-7.305556,-5.783191,-3.683852,-3.152807,-2.980741,-3.584137,-2.267548,-0.8438351,25,25,25,25,25,25,25,25,25,25,25,25,25,25,25,25,435,4350,-1.748669,-2.108987,-1.310814,-1.810119,229.6395,210.217,-1.828626,-1.565618,-1.94286,-2.190114,-2.761046,-4.039996,-3.073283,-3.007923,-4.095459,-4.182696,25,25,25,25,25,25,25,25,25,25,25,25,25,25,25,25,435,4350,-0.229871,-6.012118,-4.34309,-2.709049,-5.827616,-7.899946,-2.586853,-69.99482,-0.8632666,-0.7259378,0.8343838,0.121079,-0.2203611,0.7793586,-0.5535707,2.79321,24,24,24,24,24,24,24,24,24,24,25,25,25,24,25,25
436,4360,-35.95607,-65.41945,-19.94431,-17.42116,-15.20636,-12.34443,-9.062685,-8.654295,-7.924164,-6.644674,-3.683852,-3.909112,-2.265435,-3.703603,-2.148145,-1.085276,25,25,25,25,25,25,25,25,25,25,25,25,25,25,25,25,436,4360,-3.497107,-2.636173,-3.012778,-2.197947,228.7185,210.5858,-2.481616,-1.565618,-3.495914,-2.190114,-4.206378,-3.635878,-3.073283,-3.453301,-4.215884,-5.085421,25,25,25,25,25,25,25,25,25,25,25,25,25,25,25,25,436,4360,-2.182979,-7.035397,-5.493211,-4.643795,-6.475091,-6.753224,-1.422926,-70.10416,-0.3686927,0.4836033,1.311175,0.121079,-0.9908206,-0.3322971,0.2210915,2.910224,24,24,24,24,24,24,24,24,24,24,25,25,25,24,25,25
437,4370,-34.87383,-63.72652,-20.06739,-14.98518,-13.87877,-9.752779,-8.169388,-7.149658,-7.058114,-5.660121,-4.159161,-5.04357,-3.934483,-3.942534,-2.386952,-0.4816737,25,25,25,25,25,25,25,25,25,25,25,25,25,25,25,25,437,4370,-3.362612,-3.690542,-2.358177,-2.715051,228.3238,211.4463,-2.22042,-2.347726,-2.331124,-2.833837,-2.366861,-3.097058,-2.561363,-2.117168,-1.686951,-3.956649,25,25,25,25,25,25,25,25,25,25,25,25,25,25,25,25,437,4370,-3.446754,-7.674945,-4.087508,-5.159741,-5.698121,-6.243571,-3.362803,-70.65088,0.2495256,0.4836033,-0.1191992,0.7274436,0.2198988,0.5570278,-0.3322384,2.559181,24,24,24,24,24,24,24,24,24,24,25,25,25,24,25,25
438,4380,-34.27259,-62.75913,-17.975,-13.76719,-12.43048,-9.75278,-7.91416,-7.275044,-5.944604,-6.890812,-3.446197,-4.665418,-2.861524,-4.778792,-3.461583,0.001208799,25,25,25,25,25,25,25,25,25,25,25,25,25,25,25,25,438,4380,-2.824631,-0.9228213,-2.227254,-1.810119,229.1132,211.6922,-2.22042,-1.044213,-2.719388,-2.061369,-1.578499,-1.480593,-2.561363,-1.894479,-2.289078,-3.165485,25,25,25,25,25,25,25,25,25,25,25,25,25,25,25,25,438,4380,-2.412757,-6.651667,-4.982047,-4.385822,-2.201753,-2.293701,-1.681576,-70.32284,-0.4923362,0.1207419,0.5959879,0.606172,-0.0002311648,0.2235308,0.2210915,3.495289,24,24,24,24,24,24,24,24,24,24,25,25,25,24,25,25
439,4390,-35.35483,-63.24283,-18.22117,-16.08137,-13.99945,-12.22102,-7.91416,-8.027364,-4.953686,-5.167846,-3.089715,-4.161214,-3.338394,-4.062,-4.0586,-0.8438351,25,25,25,25,25,25,25,25,25,25,25,25,25,25,25,25,439,4390,-2.55564,-2.240783,-3.40554,-2.197947,228.8501,210.8316,-1.697975,-2.869131,-3.237072,-2.447603,-2.629651,-2.962353,-2.689344,-3.119268,-3.252481,-3.052461,25,25,25,25,25,25,25,25,25,25,25,25,25,25,25,25,439,4390,-1.723424,-7.547036,-4.34309,-3.611903,-4.014685,-5.733864,-3.104154,-70.32284,1.115031,0.2416957,0.3575923,-0.6065605,-0.2203611,0.4458616,0.3317585,3.027232,24,24,24,24,24,24,24,24,24,24,25,25,25,24,25,25
440,4400,-35.59533,-63.1219,-19.45198,-17.05576,-15.80982,-12.34443,-9.57314,-8.52891,-6.192062,-5.660121,-3.683852,-2.900706,-2.503871,-2.867343,-2.625759,0.001208799,25,25,25,25,25,25,25,25,25,25,25,25,25,25,25,25,440,4400,-3.228117,-3.558746,-2.358177,-2.068671,228.3238,211.8151,-2.873356,-3.390543,-2.589966,-1.417646,-3.680799,-3.097058,-3.713183,-3.007923,-3.252481,-4.29572,25,25,25,25,25,25,25,25,25,25,25,25,25,25,25,25,440,4400,-2.412757,-7.035397,-4.854255,-4.514809,-4.66216,-6.243518,-2.457529,-69.66679,0.3731691,-0.1211657,0.5959879,0.606172,-0.0002311648,-0.5546287,-0.2215715,3.261261,24,24,24,24,24,24,24,24,24,24,25,25,25,24,25,25
441,4410,-34.51309,-63.1219,-19.69814,-19.12635,-16.65465,-14.44243,-10.46644,-9.657389,-6.563227,-5.90626,-3.802679,-3.53096,-1.788564,-2.508948,-1.312321,-0.2402316,25,25,25,25,25,25,25,25,25,25,25,25,25,25,25,25,441,4410,-4.035089,-3.163357,-1.965415,-2.973603,228.9817,210.5858,-3.26515,-2.217381,-2.331125,-2.447603,-1.97268,-3.635878,-2.817323,-2.339857,-2.770779,-4.521353,25,25,25,25,25,25,25,25,25,25,25,25,25,25,25,25,441,4410,-2.182979,-7.291217,-5.36542,-4.901769,-3.885189,-6.625758,-3.492129,-70.76022,0.002238607,0.1207419,0.7151859,-0.000195848,-0.5505576,0.7793586,0.2210915,2.442167,24,24,24,24,24,24,24,24,24,24,25,25,25,24,25,25
442,4420,-33.5511,-62.39637,-18.46733,-15.95957,-15.44774,-12.59125,-9.062685,-7.525817,-5.077551,-3.937156,-2.495579,-1.892091,-2.265435,-1.433757,-1.073514,-0.7231141,25,25,25,25,25,25,25,25,25,25,25,25,25,25,25,25,442,4420,-1.883164,-1.31821,-2.4891,-1.810119,228.7185,210.3399,-2.220367,-1.174571,-2.719389,-1.031412,-1.97268,-2.558237,-2.177423,-1.560446,-3.01163,-4.746976,25,25,25,25,25,25,25,25,25,25,25,25,25,25,25,25,442,4420,-3.446754,-7.419126,-4.470881,-4.385822,-4.144179,-3.695249,-1.552253,-70.10416,0.620456,-0.8468916,1.191977,-0.6065605,0.3299653,0.4458616,-0.3322384,2.676195,24,24,24,24,24,24,24,24,24,24,25,25,25,24,25,25
443,4430,-34.15234,-62.63821,-19.3289,-16.93396,-16.05119,-12.96149,-9.700753,-7.901978,-5.201416,-4.060225,-2.139097,-2.270483,-1.669346,-2.270016,-1.431724,-0.4816737,25,25,25,25,25,25,25,25,25,25,25,25,25,25,25,25,443,4430,-2.017659,-1.977191,-1.965415,-1.680844,228.4554,211.0775,-2.089769,-1.174571,-1.942862,-1.54639,-3.023886,-2.154121,-2.689344,-2.896579,-1.807377,-2.939437,25,25,25,25,25,25,25,25,25,25,25,25,25,25,25,25,443,4430,-1.378757,-6.395848,-4.982047,-3.869877,-4.92115,-3.185595,-1.940228,-69.55745,-0.3686922,0.604557,1.311123,0.2423506,-0.3304276,-0.6657941,-0.0002407967,3.261261,24,24,24,24,24,24,24,24,24,24,25,25,25,24,25,25
444,4440,-35.59533,-62.88005,-20.06739,-19.00455,-16.29258,-14.44243,-9.828368,-8.654295,-5.449145,-4.798638,-2.852061,-3.53096,-2.623088,-3.942534,-2.625759,-1.326716,25,25,25,25,25,25,25,25,25,25,25,25,25,25,25,25,444,4440,-1.883164,-2.636173,-1.703576,-2.715051,228.3238,211.8151,-2.350964,-1.826327,-2.201704,-2.962581,-1.709949,-1.615295,-2.433384,-1.226413,-0.7235484,-2.939437,25,25,25,25,25,25,25,25,25,25,25,25,25,25,25,25,444,4440,-1.378757,-7.802856,-4.726464,-2.708998,-2.719733,-4.587142,-3.233479,-69.99483,0.2495256,0.4836033,0.8343317,-0.0001926374,-0.4404942,0.7793586,-0.2215715,2.559181,24,24,24,24,24,24,24,24,24,24,25,25,25,24,25,25
445,4450,-37.03831,-62.03359,-21.54436,-21.44053,-18.465,-14.56584,-10.59405,-8.152749,-5.944604,-4.060225,-3.327371,-3.783062,-3.219125,-3.584137,-2.983969,-0.3609526,25,25,25,25,25,25,25,25,25,25,25,25,25,25,25,25,445,4450,-2.152155,-1.581802,-2.227254,-1.422291,229.1132,211.6922,-2.612161,-1.565625,-2.719389,-0.7739226,-0.9215836,-2.154116,-1.409593,-1.337757,-0.9643988,-2.37432,25,25,25,25,25,25,25,25,25,25,25,25,25,25,25,25,445,4450,-1.493646,-6.779577,-4.34309,-2.708998,-2.072257,-2.038874,-1.164277,-69.66679,-0.3686922,-0.2421227,0.9535292,0.1210822,0.550153,0.4458616,-0.8855684,3.495289,24,24,24,24,24,24,24,24,24,24,25,25,25,24,25,25
446,4460,-41.12676,-63.36375,-23.51367,-23.75471,-20.75813,-16.1702,-12.12542,-9.90816,-6.934391,-6.152398,-2.852061,-3.909112,-2.503819,-4.539914,-3.222776,-0.1195122,25,25,25,25,25,25,25,25,25,25,25,25,25,25,25,25,446,4460,-1.345183,-2.504376,-2.227254,-1.551568,227.9291,210.9546,-2.089769,-2.738786,-1.68402,-1.160156,-0.9215836,-1.615295,-1.665554,-2.005878,-1.566526,-2.487343,25,25,25,25,25,25,25,25,25,25,25,25,25,25,25,25,446,4460,-1.493646,-7.163306,-5.748794,-2.837984,-1.813267,-3.313008,-1.681578,-70.4322,0.1258821,0.604557,0.3575398,-0.4852856,-0.7706329,0.5569772,-0.0002407967,2.676195,24,24,24,24,24,24,24,24,24,24,25,25,25,24,25,25
447,4470,-42.08875,-66.26591,-24.12908,-25.45989,-21.48227,-16.66385,-11.74258,-9.657389,-6.81067,-6.029329,-2.970889,-4.161214,-2.623037,-4.062051,-2.506355,-1.930319,25,25,25,25,25,25,25,25,25,25,25,25,25,25,25,25,447,4470,-1.883164,-1.977191,-1.703576,-0.775912,228.0607,211.3234,-3.26515,-2.217381,-0.5192299,-0.6451778,-0.9215836,-0.6723574,-1.921514,-1.115121,-0.8440254,-2.035249,25,25,25,25,25,25,25,25,25,25,25,25,25,25,25,25,447,4470,-2.182979,-6.907487,-4.34309,-2.451025,-2.072257,-2.930768,-1.422927,-69.99483,-0.8632666,0.8464679,-0.4768453,-0.1214643,-0.1102399,0.223481,-0.2215233,2.325152,24,24,24,24,24,24,24,24,24,24,25,25,25,24,25,25
448,4480,-39.92427,-64.81483,-23.02134,-20.83153,-17.86156,-12.71467,-9.317912,-8.403523,-6.068341,-4.921708,-3.446197,-4.035163,-2.265383,-2.747929,-2.506355,0.3633189,25,25,25,25,25,25,25,25,25,25,25,25,25,25,25,25,448,4480,-2.017659,-1.581802,-1.310814,-1.680844,228.9817,210.3399,-2.350964,-1.695976,-1.813442,-1.417646,-1.578554,-2.154116,-0.2577745,-0.8924327,-1.325727,-2.826369,25,25,25,25,25,25,25,25,25,25,25,25,25,25,25,25,448,4480,-0.5745377,-6.140028,-5.109838,-3.482917,-2.849228,-2.803355,-1.810903,-70.54154,-0.6159796,0.3626495,1.191925,0.3636287,0.1098932,-0.2211822,0.2211413,3.715949,24,24,24,24,24,24,24,24,24,24,25,25,25,24,25,25
449,4490,-35.71557,-65.29852,-21.05204,-16.81217,-13.87877,-11.85078,-7.658932,-6.898884,-4.705956,-5.167846,-2.376752,-3.657011,-2.265383,-3.942585,-2.745162,0.00115743,25,25,25,25,25,25,25,25,25,25,25,25,25,25,25,25,449,4490,-2.017608,-1.845395,-2.620016,-1.939396,227.666,210.7087,-2.089769,-1.304922,-2.460547,-1.54639,-4.075038,-2.019409,-1.537572,-2.5626,-2.650406,-3.617534,25,25,25,25,25,25,25,25,25,25,25,25,25,25,25,25,449,4490,-1.608586,-7.547036,-4.34309,-3.095958,-1.424782,-3.313008,-2.974829,-70.10416,0.4968126,0.3626495,0.5959357,-0.3640108,0.4400897,0.3346456,0.1104743,2.780001,24,24,24,24,24,24,24,24,24,24,25,25,25,24,25,25
450,4500,-35.47507,-64.21021,-21.17512,-18.76095,-15.20636,-13.45514,-9.955981,-8.905069,-6.068341,-6.029329,-2.376752,-4.539367,-2.98069,-3.106326,-3.103372,-1.326767,25,25,25,25,25,25,25,25,25,25,25,25,25,25,25,25,450,4500,-2.152103,-3.031509,-1.834492,-2.585775,228.5869,211.0775,-2.873356,-1.695976,-1.813442,-3.348815,-2.10413,-2.019409,-1.793532,-1.78319,-1.205302,-4.182652,25,25,25,25,25,25,25,25,25,25,25,25,25,25,25,25,450,4500,-1.953253,-7.035346,-4.598673,-4.256836,-3.626199,-3.822662,-2.845504,-70.10416,-0.1214049,-0.1211657,0.7151337,0.1210822,-0.0001733736,0.001149403,-0.4428556,2.546017,24,24,24,24,24,24,24,24,24,24,25,25,25,24,25,25
451,4510,-35.95607,-62.63821,-21.05204,-16.32497,-15.80982,-13.82537,-11.10451,-10.15893,-8.047887,-6.521605,-2.614406,-4.665418,-2.503819,-2.389533,-0.9541096,-0.481725,25,25,25,25,25,25,25,25,25,25,25,25,25,25,25,25,451,4510,-1.076141,-0.7909738,-1.310807,-2.456499,228.7185,212.061,-3.134552,-0.3924633,-1.813442,-1.417646,-0.001826844,0.4052849,-1.281615,1.66849,1.323631,-2.600322,25,25,25,25,25,25,25,25,25,25,25,25,25,25,25,25,451,4510,-1.723475,-7.163256,-5.748795,-2.451025,-1.813267,-2.293701,-2.845504,-70.65089,-0.1214049,0.2416957,1.072727,0.4849004,-0.3303699,0.1123148,0.2211413,3.247975,24,24,24,24,24,24,24,24,24,24,25,25,25,24,25,25
452,4520,-32.94986,-62.51729,-19.57507,-17.66476,-15.56843,-14.31902,-10.21121,-10.03355,-6.81067,-6.029329,-3.208544,-4.413316,-2.026948,-2.389533,-0.5958996,-0.481725,25,25,25,25,25,25,25,25,25,25,25,25,25,25,25,25,452,4520,0.8067934,-0.1319927,-1.048968,-0.5173606,228.8501,210.8316,-1.697975,-0.9138684,-1.5546,0.5135239,0.9179331,-0.1335362,0.7660642,0.3323556,0.84193,-0.3398508,25,25,25,25,25,25,25,25,25,25,25,25,25,25,25,25,452,4520,-0.689478,-5.372518,-4.982047,-0.0003322994,1.294616,-0.764739,-1.940228,-69.99483,0.002238607,-0.3630765,0.7151337,0.6061752,0.550153,0.6681426,0.3318066,3.481965,24,24,24,24,24,24,24,24,24,24,25,25,25,24,25,25
453,4530,-29.5829,-61.91267,-17.48268,-12.7928,-12.55116,-9.999603,-7.148477,-6.773498,-4.705956,-3.567949,-2.495579,-2.144352,-1.550077,-0.8364796,-0.5958996,-0.361004,25,25,25,25,25,25,25,25,25,25,25,25,25,25,25,25,453,4530,-0.0001781896,-0.6591778,-0.1325217,-0.388084,228.3238,211.0775,-1.95917,-0.5228146,-0.2603879,1.028502,0.1295679,0.1358752,-0.2577745,-2.451256,-2.891257,-1.017992,25,25,25,25,25,25,25,25,25,25,25,25,25,25,25,25,453,4530,0.459408,-5.372518,-4.982047,-0.0003322994,-0.647813,-4.204902,-2.457529,-70.86957,0.4968126,0.4836033,0.3575398,-0.3640108,-0.2203033,0.3346456,0.1104743,2.780001,24,24,24,24,24,24,24,24,24,24,25,25,25,24,25,25
454,4540,-26.45643,-60.70344,-16.12879,-10.72222,-10.62011,-8.395248,-6.510407,-6.648112,-4.210497,-4.183294,-1.663787,-3.026757,-0.4771186,-2.031136,-0.7153026,-0.6024445,25,25,25,25,25,25,25,25,25,25,25,25,25,25,25,25,454,4540,-1.076141,-1.581751,-0.7871227,-0.5173606,227.5344,211.2005,-2.612161,-1.304922,-1.425178,-1.932624,-2.498314,-2.019409,-3.713231,-4.789064,-4.577212,-3.617534,25,25,25,25,25,25,25,25,25,25,25,25,25,25,25,25,454,4540,-0.3448113,-6.267887,-4.2153,-4.385873,-9.58298,-9.810644,-2.974829,-70.4322,0.1258821,0.604557,0.2383422,0.7274469,0.4400897,0.6681426,-0.0001910321,2.896996,24,24,24,24,24,24,24,24,24,24,25,25,25,24,25,25
455,4550,-26.57668,-60.58252,-16.62111,-13.52359,-11.58564,-10.61666,-7.658932,-8.654295,-5.820739,-6.398536,-2.139097,-4.665418,-1.788513,-2.747929,-2.864565,-1.568209,25,25,25,25,25,25,25,25,25,25,25,25,25,25,25,25,455,4550,-3.228066,-2.636121,-0.7871227,-2.068671,229.3763,209.9711,-2.481564,-2.08703,-2.460547,-2.962581,-2.235524,-3.50117,-2.817371,-3.5647,-4.456787,-6.551989,25,25,25,25,25,25,25,25,25,25,25,25,25,25,25,25,455,4550,-2.98725,-7.546985,-4.726464,-7.610536,-9.453485,-7.772532,-1.034899,-69.99483,-0.8632666,-0.8468916,0.3575398,0.4849004,0.3300231,-0.443513,-0.1108564,3.36497,24,24,24,24,24,24,24,24,24,24,25,25,25,24,25,25
456,4560,-29.3424,-58.52682,-17.85193,-14.86338,-15.20636,-12.83808,-11.74258,-11.4128,-9.037659,-9.226972,-4.753298,-7.690638,-4.649738,-5.615103,-4.536214,0.2425979,25,25,25,25,25,25,25,25,25,25,25,25,25,25,25,25,456,4560,-3.362561,-2.108936,-2.35817,-1.163739,228.3238,210.217,-2.08977,-1.174571,-2.072284,-1.932624,-2.892495,-1.615295,-1.793532,-2.785289,-3.372958,-5.875106,25,25,25,25,25,25,25,25,25,25,25,25,25,25,25,25,456,4560,-4.021247,-8.314445,-4.982047,-6.191683,-6.475096,-4.969436,-2.0695,-69.88548,0.7440996,0.1207419,-0.1192518,-0.1214643,-0.0001733736,0.6681426,0.4424736,3.130986,24,24,24,24,24,24,24,24,24,24,25,25,25,24,25,25
457,4570,-28.50066,-59.13143,-16.12879,-16.81217,-15.44773,-15.1829,-11.61496,-12.03973,-9.285103,-9.472828,-4.990953,-7.438536,-4.530519,-5.017775,-3.461583,-0.361004,25,25,25,25,25,25,25,25,25,25,25,25,25,25,25,25,457,4570,-3.362561,-3.426898,-1.572646,-2.197947,227.9291,210.8316,-1.306183,-2.347733,-2.072282,-3.220071,-2.7611,-2.962347,-3.329292,-3.787389,-3.372958,-3.956604,25,25,25,25,25,25,25,25,25,25,25,25,25,25,25,25,457,4570,-2.412809,-6.651617,-4.854256,-4.901819,-3.885192,-5.479089,-1.164224,-69.33877,0.2494742,-0.2421227,1.072727,0.3636287,-0.1102399,-0.6658446,-0.0001910321,2.780001,24,24,24,24,24,24,24,24,24,24,25,25,25,24,25,25
458,4580,-30.90563,-60.21974,-18.34425,-17.78656,-15.44773,-13.0849,-10.21121,-10.40971,-8.295329,-7.136897,-4.277989,-4.539367,-3.695997,-2.867394,-2.267548,-0.361004,25,25,25,25,25,25,25,25,25,25,25,25,25,25,25,25,458,4580,-5.245494,-3.69049,-3.012771,-3.102879,228.8501,211.2005,-2.873358,-2.08703,-2.97823,-3.348866,-2.629705,-2.827642,-3.713231,-3.787389,-4.09551,-4.408538,25,25,25,25,25,25,25,25,25,25,25,25,25,25,25,25,458,4580,-2.757472,-6.651617,-5.493212,-5.159792,-5.180144,-5.479089,-2.5868,-70.65089,-0.1214563,-0.0001573205,0.5959357,0.7274469,0.3300231,0.5569772,0.3318066,2.896996,24,24,24,24,24,24,24,24,24,24,25,25,25,24,25,25
459,4590,-30.90563,-60.70344,-17.48268,-15.10698,-14.12014,-11.35713,-8.807456,-8.52891,-6.81067,-6.890759,-3.565027,-4.665418,-2.742255,-3.942585,-3.103372,-0.361004,25,25,25,25,25,25,25,25,25,25,25,25,25,25,25,25,459,4590,-6.859438,-5.79923,-4.845652,-3.749259,228.3238,210.7087,-2.350967,-2.999489,-3.884178,-2.576399,-3.023829,-3.770579,-3.073332,-5.233623,-4.09551,-5.762297,25,25,25,25,25,25,25,25,25,25,25,25,25,25,25,25,459,4590,-4.021247,-7.419075,-4.598673,-5.675738,-5.309639,-5.606503,-2.198825,-69.55745,0.002187237,-0.6049295,0.8343317,-0.0001926374,0.3300231,0.5569772,-0.7748533,3.130986,24,24,24,24,24,24,24,24,24,24,25,25,25,24,25,25
460,4600,-29.5829,-60.34067,-17.48268,-14.74158,-12.79255,-11.60396,-8.041774,-8.52891,-7.058114,-6.890759,-4.396818,-4.413316,-3.099908,-4.300982,-3.103372,-1.326767,25,25,25,25,25,25,25,25,25,25,25,25,25,25,25,25,460,4600,-7.128429,-6.326415,-4.45289,-3.36143,227.666,210.7087,-2.220369,-4.042299,-3.237072,-2.31891,-3.549401,-3.23176,-3.713231,-4.566799,-4.577212,-4.634168,25,25,25,25,25,25,25,25,25,25,25,25,25,25,25,25,460,4600,-3.906361,-7.674896,-5.109838,-5.417765,-5.698124,-5.733916,-1.940174,-70.65089,-0.1214563,0.4836611,0.7151337,-0.3640172,-0.0001733736,0.1123148,-0.0001910321,3.36497,24,24,24,24,24,24,24,24,24,24,25,25,25,24,25,25
461,4610,-29.82339,-58.52682,-17.85193,-14.25439,-13.27531,-9.876192,-8.679843,-8.779683,-7.552999,-6.398484,-4.159163,-5.295672,-4.292084,-3.703654,-2.625758,0.4840399,25,25,25,25,25,25,25,25,25,25,25,25,25,25,25,25,461,4610,-9.95029,-7.248989,-5.369336,-4.007811,228.7185,210.5858,-3.395751,-2.999489,-3.237072,-3.606356,-3.680799,-4.174697,-4.097174,-3.453355,-3.975085,-5.198229,25,25,25,25,25,25,25,25,25,25,25,25,25,25,25,25,461,4610,-4.365914,-7.674896,-4.470882,-5.288778,-5.698124,-5.733916,-1.940174,-69.66679,0.7440482,0.362704,-5.377793E-05,0.6061688,0.8803495,-0.5546792,-1.106851,2.780001,24,24,24,24,24,24,24,24,24,24,25,25,25,24,25,25
462,4620,-31.74737,-58.52682,-16.0057,-13.76719,-11.58564,-10.36984,-6.638021,-8.278135,-5.57301,-5.783138,-3.208544,-4.287265,-1.90773,-3.82312,-2.267548,-0.481725,25,25,25,25,25,25,25,25,25,25,25,25,25,25,25,25,462,4620,-8.338072,-6.985396,-4.976574,-4.524914,228.5869,209.1106,-2.08977,-1.956679,-2.848808,-3.220122,-3.023829,-3.366465,-3.329295,-2.785289,-3.734234,-4.972606,25,25,25,25,25,25,25,25,25,25,25,25,25,25,25,25,462,4620,-3.561695,-7.035346,-4.726464,-5.417765,-3.755697,-3.440474,-2.457475,-71.4163,-0.368744,-0.0001573205,0.9535292,0.2423474,0.1098932,0.001199168,0.4424736,3.36497,24,24,24,24,24,24,24,24,24,24,25,25,25,24,25,25
463,4630,-34.51309,-60.09882,-16.25187,-14.37619,-11.10287,-10.24643,-6.765635,-7.40043,-5.201416,-4.798586,-3.327372,-2.774655,-2.384602,-2.628463,-2.506355,-0.481725,25,25,25,25,25,25,25,25,25,25,25,25,25,25,25,25,463,4630,-7.397419,-5.79923,-4.714735,-3.36143,227.7976,210.0941,-2.220369,-1.174571,-2.331124,-2.190165,-2.104069,-1.480592,-1.793536,-1.449156,-1.927854,-4.295675,25,25,25,25,25,25,25,25,25,25,25,25,25,25,25,25,463,4630,-4.021247,-7.419075,-5.237629,-4.772832,-3.367211,-3.822714,-1.5522,-69.4481,0.2494742,-0.9677908,-0.1192518,0.3636223,0.7702862,0.3346962,0.3317536,2.195039,24,24,24,24,24,24,24,24,24,24,25,25,25,24,25,25
464,4640,-36.79781,-60.34067,-17.3596,-16.20317,-12.91323,-9.876192,-7.403704,-6.648112,-4.953686,-4.429379,-2.97089,-2.270483,-2.265383,-2.628463,-1.551128,-0.4816737,25,25,25,25,25,25,25,25,25,25,25,25,25,25,25,25,464,4640,-6.052467,-4.744861,-3.667372,-4.137086,228.1923,210.9546,-2.220369,-1.174571,-1.81344,-2.447654,-1.315707,-2.288824,-1.793536,-1.671845,-1.807428,-2.261238,25,25,25,25,25,25,25,25,25,25,25,25,25,25,25,25,464,4640,-1.838364,-6.523707,-5.748795,-3.096008,-0.7773078,-1.911512,-1.034899,-70.10416,-0.368744,0.2417503,0.7151337,0.3636223,-0.2203033,-0.3322971,-0.0002440073,3.261261,24,24,24,24,24,24,24,24,24,24,25,25,25,24,25,25
465,4650,-35.11433,-61.5499,-15.88262,-14.86338,-11.70633,-10.49325,-5.744724,-6.146566,-4.953686,-4.429379,-2.852063,-2.270483,-1.311642,-2.389533,-0.8347065,-1.809598,25,25,25,25,25,25,25,25,25,25,25,25,25,25,25,25,465,4650,-5.783527,-3.69049,-3.667372,-2.844327,228.8501,210.8316,-2.612163,-0.6531659,-2.072282,-0.9027187,-0.6587363,-1.076475,-1.537575,-0.8924327,-0.1214731,-1.696121,25,25,25,25,25,25,25,25,25,25,25,25,25,25,25,25,465,4650,-1.608583,-5.884158,-4.343091,-1.93513,-0.3888225,-2.038925,-2.974775,-70.21351,0.2494742,0.6046149,0.4767377,-0.1214707,0.3300231,0.5570278,-0.110911,2.325152,24,24,24,24,24,24,24,24,24,24,25,25,25,24,25,25
466,4660,-35.95607,-61.30806,-18.09809,-16.08137,-14.12014,-10.24643,-7.91416,-6.522724,-6.192062,-5.413932,-4.515646,-4.665418,-3.576778,-3.942585,-2.028742,-0.3609526,25,25,25,25,25,25,25,25,25,25,25,25,25,25,25,25,466,4660,-4.57307,-3.690491,-3.143688,-2.197947,228.0607,211.0775,-1.828575,-1.565625,-2.072282,-0.3877401,-0.001765842,-0.9417704,-0.6417168,-1.33781,-0.964451,-1.696121,25,25,25,25,25,25,25,25,25,25,25,25,25,25,25,25,466,4660,-1.263916,-5.628338,-4.598673,-1.419183,-0.3888225,-0.892204,-1.034899,-70.65089,-0.616031,-0.7258832,0.1191442,-0.1214707,0.1098932,0.001199168,-0.3322433,2.559175,24,24,24,24,24,24,24,24,24,24,25,25,25,24,25,25
467,4670,-34.87383,-60.70344,-17.975,-15.95957,-14.12014,-11.11031,-8.041774,-7.525817,-5.696875,-5.906208,-2.733235,-4.917519,-2.503819,-4.062051,-2.148145,-0.1195122,25,25,25,25,25,25,25,25,25,25,25,25,25,25,25,25,467,4670,-3.900594,-3.558694,-1.441737,-1.422291,228.5869,210.8316,-1.959173,-1.174571,-0.7780703,-0.5164849,-1.578493,-1.21118,-1.793536,-1.33781,-1.687003,-1.35705,25,25,25,25,25,25,25,25,25,25,25,25,25,25,25,25,467,4670,-0.344808,-5.884158,-5.748743,-1.032224,0.1291577,-1.147031,-0.7762491,-69.99483,0.3731177,0.9674762,0.9535292,-0.0001990586,-0.0001733736,0.3346962,0.442419,3.495283,24,24,24,24,24,24,24,24,24,24,25,25,25,24,25,25
468,4680,-34.27259,-61.79175,-17.23652,-14.61978,-12.79255,-9.999603,-6.638021,-7.024272,-5.57301,-5.660069,-3.208544,-4.161214,-3.219125,-3.225791,-2.864566,-0.8438351,25,25,25,25,25,25,25,25,25,25,25,25,25,25,25,25,468,4680,-4.976556,-3.426898,-2.227254,-2.844327,228.9817,209.4794,-2.220369,-1.304922,-1.295754,-1.288953,-1.184312,-2.019413,-1.153636,-1.226466,-1.566578,-2.035191,25,25,25,25,25,25,25,25,25,25,25,25,25,25,25,25,468,4680,-1.378805,-5.372518,-5.365369,-2.709049,-2.201755,-2.421166,-1.034899,-69.66679,0.3731177,0.1207965,-5.377793E-05,0.6061688,0.1098932,-0.3322971,-0.7749063,2.793203,24,24,24,24,24,24,24,24,24,24,25,25,25,24,25,25
469,4690,-33.43085,-61.67082,-18.09809,-17.05576,-15.08567,-11.11031,-9.57314,-8.654295,-6.81067,-6.521553,-4.159163,-4.917519,-3.457561,-3.703654,-2.745162,-0.7231141,25,25,25,25,25,25,25,25,25,25,25,25,25,25,25,25,469,4690,-3.497107,-2.240732,-2.750939,-0.775912,228.0607,210.217,-2.220369,-0.7835172,-2.072282,-1.160208,-1.578493,-1.345887,-0.769697,-1.449156,-2.168705,-2.93938,25,25,25,25,25,25,25,25,25,25,25,25,25,25,25,25,469,4690,-1.263916,-4.60506,-4.47083,-2.838035,-0.7773062,-1.784098,-2.0695,-71.74432,-0.368744,0.7255687,0.4767377,0.6061688,-0.5504998,0.2235308,0.3317536,3.144246,24,24,24,24,24,24,24,24,24,24,25,25,25,24,25,25
470,4700,-34.27259,-60.70344,-19.20582,-19.85714,-17.13741,-14.81267,-12.38064,-10.66048,-9.16138,-8.612333,-4.396818,-5.925926,-3.934432,-3.703654,-2.267548,-0.9645545,25,25,25,25,25,25,25,25,25,25,25,25,25,25,25,25,470,4700,-4.304079,-3.295102,-2.881855,-2.585775,227.4029,210.5858,-1.436781,-1.956679,-1.81344,-2.447654,-2.49825,-2.423529,-1.793536,-2.785289,-3.011682,-2.713333,25,25,25,25,25,25,25,25,25,25,25,25,25,25,25,25,470,4700,-1.723472,-5.756248,-4.726412,-1.93513,-2.331248,-3.695301,-0.9055738,-69.33877,1.238623,-0.7258832,0.3575398,-0.485292,0.3300231,0.890524,0.2210883,2.793203,24,24,24,24,24,24,24,24,24,24,25,25,25,24,25,25
471,4710,-36.07632,-60.21974,-20.19047,-19.00455,-18.46502,-14.44243,-12.38064,-9.782775,-8.171608,-7.75184,-4.159163,-6.051977,-3.576778,-2.031136,-0.2376888,0.1219298,25,25,25,25,25,25,25,25,25,25,25,25,25,25,25,25,471,4710,-8.069367,-6.194619,-6.154867,-4.524914,229.1132,211.5692,-1.697973,-1.695976,-2.331124,-3.091377,-1.841282,-2.423529,-2.433435,-2.005878,-1.927854,-2.93938,25,25,25,25,25,25,25,25,25,25,25,25,25,25,25,25,471,4710,-1.95325,-5.756248,-4.726412,-3.869927,-3.496704,-3.695301,-0.9056275,-69.66679,-0.7396745,0.2417503,1.430321,-0.3640172,-0.2203033,-0.3322971,-0.2215763,3.027232,24,24,24,24,24,24,24,24,24,24,25,25,25,24,25,25
472,4720,-35.11433,-60.70344,-20.06739,-20.10074,-19.79261,-15.79997,-11.61496,-9.030455,-7.305557,-8.120623,-3.446199,-6.304078,-2.623037,-1.553274,-0.2376888,0.4840913,25,25,25,25,25,25,25,25,25,25,25,25,25,25,25,25,472,4720,-7.666313,-7.776173,-6.285783,-4.007811,229.2448,210.7087,-2.089767,-2.608432,-2.201702,-1.932676,-2.104069,-2.154118,-2.177475,-3.007978,-2.048279,-3.165427,25,25,25,25,25,25,25,25,25,25,25,25,25,25,25,25,472,4720,-1.608583,-6.139977,-5.109787,-2.967021,-2.590238,-3.950128,-1.422929,-69.33877,-0.1214563,0.4836611,0.2383422,-0.3640172,-0.0001733736,0.2235308,-0.0002440073,2.442167,24,24,24,24,24,24,24,24,24,24,25,25,25,24,25,25
473,4730,-37.2788,-62.88005,-22.40593,-23.14571,-20.03398,-15.92338,-12.38064,-10.28432,-7.305556,-7.75184,-3.565027,-5.673824,-2.861472,-0.5975482,-0.8347065,-1.205997,25,25,25,25,25,25,25,25,25,25,25,25,25,25,25,25,473,4730,-7.666313,-7.90797,-5.631182,-4.524914,228.1923,210.9546,-1.697973,-2.999486,-2.331125,-1.675187,-3.023829,-1.884708,-2.945356,-3.007978,-2.28913,-2.374262,25,25,25,25,25,25,25,25,25,25,25,25,25,25,25,25,473,4730,-2.183024,-5.756248,-4.598621,-2.709049,-2.331248,-2.293752,0.1289731,-69.88548,0.1258821,-0.846837,0.2383422,0.3636223,0.550153,0.3346962,-0.3322433,3.495283,24,24,24,24,24,24,24,24,24,24,25,25,25,24,25,25
474,4740,-37.7598,-63.1219,-23.63675,-24.2419,-23.53401,-18.39161,-16.20906,-13.04282,-9.779988,-9.226973,-4.159163,-6.178028,-3.457561,-2.270068,-1.192917,0.2426492,25,25,25,25,25,25,25,25,25,25,25,25,25,25,25,25,474,4740,-8.069367,-6.062823,-5.23842,-5.30057,229.1132,209.4794,-2.350962,-2.608432,-2.719389,-2.447603,-2.366858,-3.50117,-3.073335,-2.896633,-2.891257,-3.052403,25,25,25,25,25,25,25,25,25,25,25,25,25,25,25,25,474,4740,-2.527691,-6.907436,-5.109787,-3.224994,-2.719733,-3.695301,-1.422929,-69.88548,0.867743,0.8464646,0.4767377,-0.7278385,-0.0001733736,0.4458616,-0.0002440073,2.676195,24,24,24,24,24,24,24,24,24,24,25,25,25,24,25,25
475,4750,-38.84204,-63.60559,-23.26751,-27.28687,-24.62023,-21.84715,-18.50611,-15.67594,-12.25442,-12.30017,-5.228555,-8.19484,-5.484262,-5.256706,-2.983969,-0.8438351,25,25,25,25,25,25,25,25,25,25,25,25,25,25,25,25,475,4750,-6.590499,-6.458211,-5.631182,-3.619983,227.9291,209.8482,-3.13455,-2.217378,-3.107652,-2.318858,-2.366861,-2.288824,-0.6417168,-1.894534,-2.409555,-3.956592,25,25,25,25,25,25,25,25,25,25,25,25,25,25,25,25,475,4750,-3.446803,-6.139977,-4.47083,-3.740941,-3.367209,-2.548579,-0.7763029,-69.55745,0.1258821,0.4836001,0.1191964,0.3636223,0.6602196,0.001199168,-0.0002440073,2.910218,24,24,24,24,24,24,24,24,24,24,25,25,25,24,25,25
476,4760,-38.36104,-63.96836,-23.39058,-24.2419,-22.80988,-19.2555,-16.84713,-14.79823,-11.51209,-10.45625,-6.416113,-8.572992,-6.795655,-4.300982,-4.536214,-0.2402316,25,25,25,25,25,25,25,25,25,25,25,25,25,25,25,25,476,4760,-6.993985,-7.117193,-5.23842,-5.171294,227.0082,210.8316,-2.089767,-2.087027,-1.813442,-2.190114,-1.184315,-1.884708,-1.793536,-1.894534,-2.168705,-2.374262,25,25,25,25,25,25,25,25,25,25,25,25,25,25,25,25,476,4760,-2.297913,-5.372518,-4.854204,-3.224994,-1.813267,-2.038925,-2.586855,-70.65089,0.002238607,0.4836001,0.5959879,-0.0002472179,-0.4404364,0.2235308,0.3317536,2.793203,24,24,24,24,24,24,24,24,24,24,25,25,25,24,25,25
477,4770,-39.56353,-65.1776,-23.51367,-22.04952,-20.03398,-17.77456,-16.33668,-14.54746,-12.1307,-12.30017,-6.653463,-10.0856,-6.914872,-7.646018,-5.610846,-0.9645545,25,25,25,25,25,25,25,25,25,25,25,25,25,25,25,25,477,4770,-7.262976,-6.853601,-5.631182,-4.783467,228.3238,210.7087,-2.089767,-1.565622,-1.942862,-1.417646,-0.3959533,-0.5376541,-1.793532,-0.4470551,-0.4827492,-2.148215,25,25,25,25,25,25,25,25,25,25,25,25,25,25,25,25,477,4770,-2.757469,-5.500428,-4.981996,-2.451075,-0.7773062,-1.147032,-2.328205,-70.10416,0.867743,-0.3630797,0.2383943,0.4848458,0.5500953,1.001689,0.2210883,2.793203,24,24,24,24,24,24,24,24,24,24,25,25,25,24,25,25
478,4780,-39.44328,-65.54037,-23.02134,-23.14571,-23.05125,-21.97056,-19.78225,-18.30906,-16.21351,-16.47971,-8.196248,-13.23687,-9.776095,-9.555879,-7.879192,-0.9645545,25,25,25,25,25,25,25,25,25,25,25,25,25,25,25,25,478,4780,-7.262976,-6.853601,-6.678545,-4.65419,228.4554,209.9711,-2.481561,-1.43527,-2.460547,-1.031412,-1.052924,-1.480592,-0.8976741,-2.005824,-2.168705,-1.131003,25,25,25,25,25,25,25,25,25,25,25,25,25,25,25,25,478,4780,-1.378805,-5.372518,-5.748743,-1.677157,-0.3888209,-1.529272,-2.198879,-69.88548,-0.7396231,-0.0002151117,0.8343838,0.7273923,-0.6606241,-0.2211308,-0.3322433,3.144246,24,24,24,24,24,24,24,24,24,24,25,25,25,24,25,25
479,4790,-36.91806,-63.72652,-24.49832,-24.3637,-25.22369,-22.95786,-22.84498,-20.94217,-18.06933,-19.30705,-12.34989,-16.5142,-12.15874,-10.272,-8.236881,0.6048107,25,25,25,25,25,25,25,25,25,25,25,25,25,25,25,25,479,4790,-7.935016,-7.380785,-5.893021,-4.137086,229.1132,210.5858,-2.089767,-3.260188,-2.072284,-1.160156,-2.498256,-1.615296,-1.921514,-1.894479,-1.687003,-2.148215,25,25,25,25,25,25,25,25,25,25,25,25,25,25,25,25,479,4790,-0.8043637,-5.372518,-4.726412,-1.677157,-2.849228,-3.567888,-1.681579,-69.33877,0.3731691,0.4836001,0.3575923,-0.1215189,0.7702252,0.8905248,0.5530875,2.793203,24,24,24,24,24,24,24,24,24,24,25,25,25,24,25,25
480,4800,-36.31682,-64.33114,-24.12908,-23.7547,-23.89609,-22.3408,-20.54793,-19.8137,-17.20328,-18.07777,-11.87519,-16.38814,-12.51581,-12.42036,-10.02532,0.2426492,25,25,25,25,25,25,25,25,25,25,25,25,25,25,25,25,480,4800,-11.0251,-8.566807,-6.940384,-6.076225,228.5869,209.9711,-2.873355,-3.260188,-2.331125,-2.190114,-1.97268,-2.558234,-2.305454,-3.007923,-2.529981,-2.374326,25,25,25,25,25,25,25,25,25,25,25,25,25,25,25,25,480,4800,-1.608583,-6.012068,-4.343038,-2.838035,-2.849228,-2.038925,-2.328205,-70.65089,-0.6159796,-0.0002151117,0.9535815,0.1210276,-0.0002311648,0.1123662,-0.000242402,3.715898,24,24,24,24,24,24,24,24,24,24,25,25,25,24,25,25
481,4810,-39.32302,-65.90314,-25.48297,-26.79968,-24.86162,-22.83445,-20.42032,-19.68831,-17.32701,-18.93826,-12.11254,-16.64025,-13.34897,-12.42036,-11.933,-1.085276,25,25,25,25,25,25,25,25,25,25,25,25,25,25,25,25,481,4810,-10.35334,-8.961632,-7.594522,-6.205502,228.3238,209.1106,-2.481561,-3.781593,-3.884179,-2.705092,-3.549408,-3.905288,-2.433432,-3.007923,-3.372958,-3.956656,25,25,25,25,25,25,25,25,25,25,25,25,25,25,25,25,481,4810,-1.953253,-6.523707,-5.620951,-3.224994,-2.978724,-3.695301,-1.164278,-70.10416,-0.1214049,0.4836001,0.7151859,-0.1215189,-0.3304276,0.7793594,0.4424222,3.247924,24,24,24,24,24,24,24,24,24,24,25,25,25,24,25,25
482,4820,-42.56974,-67.10082,-26.46762,-25.33809,-24.25816,-21.3535,-20.42032,-19.8137,-17.20328,-17.46313,-12.58724,-14.87553,-12.63483,-10.74942,-9.429177,0.2426492,25,25,25,25,25,25,25,25,25,25,25,25,25,25,25,25,482,4820,-11.42816,-10.27771,-9.294399,-7.239709,227.2713,210.217,-3.265147,-4.954755,-3.366495,-3.735049,-3.943588,-2.827645,-2.817371,-3.453301,-2.650406,-2.82642,25,25,25,25,25,25,25,25,25,25,25,25,25,25,25,25,482,4820,-2.757472,-5.50048,-4.343038,-2.967021,-2.978724,-1.656685,-2.069554,-70.21351,0.4968126,0.4836001,0.4767903,0.8486671,0.4400319,-0.6657941,-0.996237,2.77995,24,24,24,24,24,24,24,24,24,24,25,25,25,24,25,25
483,4830,-40.16477,-66.73811,-24.99065,-24.6073,-23.29264,-21.72374,-18.25089,-18.18367,-16.46095,-16.84849,-12.70592,-13.61503,-11.08749,-9.91394,-7.759963,-0.6023931,25,25,25,25,25,25,25,25,25,25,25,25,25,25,25,25,483,4830,-13.17473,-11.19897,-9.686205,-10.08142,228.7185,210.5858,-3.003952,-5.345809,-4.272443,-4.378772,-3.023835,-1.615296,-3.329292,-1.894479,-1.687003,-2.600373,25,25,25,25,25,25,25,25,25,25,25,25,25,25,25,25,483,4830,-1.034145,-4.98884,-5.748795,-3.353981,-1.813267,-2.293752,-2.069554,-70.86957,-0.2450488,-0.0002151117,0.5959879,0.6061206,-0.4404942,0.334697,0.6637529,3.364919,24,24,24,24,24,24,24,24,24,24,25,25,25,24,25,25
484,4840,-41.12676,-66.49631,-25.23681,-23.8765,-21.48228,-18.51503,-15.95383,-15.29978,-13.98652,-13.7753,-10.92579,-11.22006,-9.537661,-8.242991,-7.043687,-0.1195122,25,25,25,25,25,25,25,25,25,25,25,25,25,25,25,25,484,4840,-11.83121,-10.93575,-10.47062,-8.40314,228.1923,209.9711,-3.265147,-5.215457,-4.531285,-3.220071,-2.498256,-2.827645,-2.049493,-2.562546,-1.807428,-2.261302,25,25,25,25,25,25,25,25,25,25,25,25,25,25,25,25,484,4840,-2.527698,-5.756299,-4.726464,-1.935078,-1.942762,-3.058234,-2.457529,-69.33877,0.9913873,-0.3630797,-0.3575951,0.1210276,0.1098354,0.5570278,-0.442907,2.77995,24,24,24,24,24,24,24,24,24,24,25,25,25,24,25,25
485,4850,-39.20278,-66.73811,-25.23681,-23.14571,-22.08573,-18.02138,-15.82622,-14.79823,-13.61536,-13.03773,-10.21373,-12.22847,-9.656878,-9.794585,-7.401898,-0.3609526,25,25,25,25,25,25,25,25,25,25,25,25,25,25,25,25,485,4850,-10.48769,-10.93575,-9.816941,-8.532273,228.1923,210.7087,-3.13455,-6.388616,-4.531285,-3.348815,-2.498256,-1.884708,-2.305454,-2.896579,-2.168705,-2.374326,25,25,25,25,25,25,25,25,25,25,25,25,25,25,25,25,485,4850,-0.689478,-4.86093,-4.470882,-3.611902,-2.201754,-3.440474,-1.422929,-69.01073,-0.1214049,-0.3630797,1.191977,0.2422993,-0.5505576,-0.3322971,0.2210899,2.896945,24,24,24,24,24,24,24,24,24,24,25,25,25,24,25,25
486,4860,-39.32302,-66.97991,-24.99065,-23.26751,-20.63744,-18.2682,-14.29485,-14.29669,-12.25442,-11.68553,-9.264327,-10.3377,-7.987832,-7.645967,-5.969056,-1.326716,25,25,25,25,25,25,25,25,25,25,25,25,25,25,25,25,486,4860,-10.7564,-10.54093,-8.901798,-7.756761,227.7976,210.3399,-4.440529,-4.954755,-3.495915,-2.576347,-1.97268,-1.480592,-2.817371,-1.560446,-1.446152,-1.809208,25,25,25,25,25,25,25,25,25,25,25,25,25,25,25,25,486,4860,-1.493697,-5.884209,-5.109838,-2.064065,-2.201754,-2.548527,-2.198879,-70.54154,0.1258821,0.9674184,0.3575923,-0.6066118,0.1098354,0.4458624,-0.2215747,2.662955,24,24,24,24,24,24,24,24,24,24,25,25,25,24,25,25
487,4870,-35.71557,-64.07827,-24.12908,-21.07513,-19.9133,-16.66385,-14.6777,-14.04592,-11.38837,-11.43967,-9.145652,-9.833502,-8.464703,-7.765434,-5.969056,0.1219298,25,25,25,25,25,25,25,25,25,25,25,25,25,25,25,25,487,4870,-12.50297,-12.12023,-10.07841,-9.17775,228.1923,209.4794,-3.656947,-5.345809,-4.660705,-4.507517,-4.206378,-4.174697,-2.689393,-3.341956,-3.372958,-2.713397,25,25,25,25,25,25,25,25,25,25,25,25,25,25,25,25,487,4870,-0.8043669,-5.24466,-4.854256,-1.935078,-2.59024,-3.313008,-1.940227,-70.4322,-0.3686922,-0.3630797,1.072779,0.3635741,0.6601618,0.4458624,0.1104229,3.832893,24,24,24,24,24,24,24,24,24,24,25,25,25,24,25,25
488,4880,-33.55109,-63.71556,-23.14443,-19.85714,-18.70639,-16.29361,-12.76349,-13.54437,-11.26465,-11.31674,-8.552274,-9.077196,-8.226267,-8.362346,-5.969056,0.1219298,25,25,25,25,25,25,25,25,25,25,25,25,25,25,25,25,488,4880,-14.38389,-15.01561,-13.34678,-10.98508,227.2713,209.7252,-3.787544,-7.16977,-6.860865,-5.923708,-6.440079,-5.252339,-3.329292,-3.453301,-3.734234,-3.504562,25,25,25,25,25,25,25,25,25,25,25,25,25,25,25,25,488,4880,-1.378808,-6.012119,-5.237629,-2.451024,-2.84923,-2.675941,-1.681576,-69.77613,0.7440996,0.6045538,0.7151859,-0.2427937,-0.4404942,0.1123662,0.5530875,2.77995,24,24,24,24,24,24,24,24,24,24,25,25,25,24,25,25
489,4890,-33.19035,-64.56188,-22.28285,-19.49174,-17.49948,-15.42973,-11.74258,-11.03664,-9.656266,-8.612334,-8.908301,-8.699044,-7.749396,-6.451311,-5.969056,-0.3609526,25,25,25,25,25,25,25,25,25,25,25,25,25,25,25,25,489,4890,-13.44343,-14.09435,-12.56237,-11.75965,227.666,210.217,-4.048741,-7.82073,-5.825492,-6.309942,-6.308681,-3.905288,-3.073332,-2.67389,-1.807428,-2.82642,25,25,25,25,25,25,25,25,25,25,25,25,25,25,25,25,489,4890,-1.953253,-5.884209,-4.982047,-1.935078,-2.719734,-2.930768,-2.974828,-70.54154,0.620456,0.3626463,-1.605311E-06,0.2422993,0.5500953,0.668194,-0.33224,2.428971,24,24,24,24,24,24,24,24,24,24,25,25,25,24,25,25
490,4900,-33.55109,-64.44097,-22.28285,-19.49174,-18.5857,-16.1702,-13.91201,-12.03973,-11.14093,-10.94796,-8.552274,-10.21165,-8.703137,-8.720405,-6.685477,-0.9645545,25,25,25,25,25,25,25,25,25,25,25,25,25,25,25,25,490,4900,-12.09991,-12.90987,-12.56237,-12.40513,227.9291,210.4628,-5.615917,-6.779191,-6.990282,-4.765007,-2.892437,-3.23176,-2.561411,-1.226413,-1.566578,-2.261302,25,25,25,25,25,25,25,25,25,25,25,25,25,25,25,25,490,4900,-1.723475,-4.98884,-4.470882,-2.451024,-1.165793,-0.6373255,-0.9056259,-70.32285,-0.7396231,-0.4840303,1.072779,0.4848458,-0.3304276,-0.3322971,0.2210899,3.481907,24,24,24,24,24,24,24,24,24,24,25,25,25,24,25,25
491,4910,-35.95607,-65.04548,-22.77518,-21.68412,-19.79261,-18.39161,-16.71952,-15.17439,-13.98652,-15.25043,-11.51917,-13.99318,-11.80166,-12.0623,-10.14456,-1.326716,25,25,25,25,25,25,25,25,25,25,25,25,25,25,25,25,491,4910,-11.15945,-12.51505,-12.3009,-9.95232,228.3238,209.8482,-4.571132,-6.779191,-5.825492,-3.992538,-2.498256,-2.827645,-1.153633,-1.449102,-1.205302,-1.470138,25,25,25,25,25,25,25,25,25,25,25,25,25,25,25,25,491,4910,-1.493697,-5.24466,-5.237629,-0.6452132,-0.9068027,-1.401806,-2.974828,-70.32285,0.3731691,-0.2421227,-0.2384497,-0.8491583,-0.0002311648,0.334697,-0.000242402,2.54596,24,24,24,24,24,24,24,24,24,24,25,25,25,24,25,25
492,4920,-36.67756,-64.44097,-22.89826,-19.97894,-20.87883,-18.2682,-18.3785,-16.42826,-14.72885,-14.88165,-12.8246,-14.37133,-12.27776,-11.10747,-8.475341,-0.7231141,25,25,25,25,25,25,25,25,25,25,25,25,25,25,25,25,492,4920,-12.50297,-14.48917,-11.9087,-11.63056,228.0607,210.5858,-4.832329,-8.732072,-5.56665,-4.893751,-4.863348,-4.174697,-3.84121,-4.121367,-4.215936,-1.018044,25,25,25,25,25,25,25,25,25,25,25,25,25,25,25,25,492,4920,-0.8043669,-3.709742,-4.854256,-1.677106,-2.331249,-3.440421,-0.5176511,-69.12007,-0.1214049,0.2416957,0.7151337,0.4848458,-0.3304276,-0.7769595,-0.2215747,3.01394,24,24,24,24,24,24,24,24,24,24,25,25,25,24,25,25
493,4930,-35.71557,-63.95736,-21.79053,-19.73534,-17.74087,-17.52773,-15.57099,-15.92671,-13.49164,-15.25043,-10.92579,-13.48898,-10.72984,-12.0623,-9.667637,0.1219298,25,25,25,25,25,25,25,25,25,25,25,25,25,25,25,25,493,4930,-17.07092,-16.33169,-14.13119,-13.05061,228.7185,208.9877,-5.877114,-9.383032,-7.119702,-7.468385,-6.308681,-6.195277,-5.248994,-4.344056,-3.613809,-3.278515,25,25,25,25,25,25,25,25,25,25,25,25,25,25,25,25,493,4930,-1.034145,-4.73302,-5.876586,-2.837983,-2.84923,-4.204902,-2.457528,-70.97892,-0.2450488,0.1207419,0.5959357,-0.1215189,-0.5504998,0.334697,0.3317553,2.54596,24,24,24,24,24,24,24,24,24,24,25,25,25,24,25,25
494,4940,-36.91806,-63.59466,-21.79053,-20.70973,-18.94778,-17.28091,-15.44338,-15.67594,-13.49164,-14.02116,-11.51917,-12.48057,-10.72984,-9.794585,-9.309948,-1.205997,25,25,25,25,25,25,25,25,25,25,25,25,25,25,25,25,494,4940,-18.68314,-17.64777,-16.22294,-14.21246,227.666,208.7418,-5.615917,-9.122647,-8.5413,-7.597023,-8.016803,-7.67636,-4.481112,-4.789064,-5.89972,-5.198229,25,25,25,25,25,25,25,25,25,25,25,25,25,25,25,25,494,4940,-3.906361,-5.884209,-4.470882,-4.256835,-3.626201,-4.714556,-1.810902,-69.88548,0.4968126,-1.088802,0.3575398,-0.0002472179,0.1098932,0.2235308,0.2210899,2.194981,24,24,24,24,24,24,24,24,24,24,25,25,25,24,25,25
495,4950,-37.15855,-63.47375,-22.03669,-19.97894,-17.2581,-16.66385,-14.6777,-14.54746,-12.50186,-12.91481,-10.56976,-11.34611,-9.895314,-9.675234,-8.59457,-0.6023931,25,25,25,25,25,25,25,25,25,25,25,25,25,25,25,25,495,4950,-16.93657,-16.85812,-16.22294,-14.59975,226.8766,209.9711,-5.093526,-9.383032,-7.895221,-8.111572,-7.228441,-5.521749,-4.225152,-4.900203,-4.818011,-4.182703,25,25,25,25,25,25,25,25,25,25,25,25,25,25,25,25,495,4950,-2.872361,-6.395849,-5.493212,-4.256835,-4.662162,-3.822662,-1.681576,-70.4322,-0.8632666,0.604557,0.4767377,-0.0002472179,-0.3303699,-0.3322971,0.1104213,3.598902,24,24,24,24,24,24,24,24,24,24,25,25,25,24,25,25
496,4960,-35.23457,-63.11105,-20.55972,-17.66476,-15.20636,-16.04679,-13.7844,-14.92362,-13.61536,-13.7753,-11.28181,-11.85032,-10.25297,-11.22683,-9.309948,-0.3609526,25,25,25,25,25,25,25,25,25,25,25,25,25,25,25,25,496,4960,-15.86176,-15.93686,-14.52339,-13.69608,228.1923,209.9711,-4.962928,-8.601881,-7.895221,-7.597023,-6.045891,-5.252339,-4.737073,-3.230615,-3.01163,-3.617579,25,25,25,25,25,25,25,25,25,25,25,25,25,25,25,25,496,4960,-3.102139,-6.651668,-5.493212,-2.708997,-2.59024,-3.185595,-2.974828,-70.21351,-0.2450488,0.1207419,0.5959357,-0.1215189,-0.2203033,0.668194,0.1104213,2.54596,24,24,24,24,24,24,24,24,24,24,25,25,25,24,25,25
497,4970,-35.35483,-60.69301,-20.92896,-17.05576,-16.29258,-14.31902,-13.01872,-12.79205,-12.99675,-11.31674,-11.16314,-10.3377,-10.13375,-10.03329,-8.356112,-0.4816737,25,25,25,25,25,25,25,25,25,25,25,25,25,25,25,25,497,4970,-17.60832,-16.4633,-16.35368,-13.95427,228.0607,210.0941,-6.791297,-8.341496,-8.412086,-6.181197,-4.469168,-4.309402,-3.585253,-2.896582,-2.289078,-2.487343,25,25,25,25,25,25,25,25,25,25,25,25,25,25,25,25,497,4970,-2.068139,-5.37257,-4.2153,-2.451024,-2.59024,-2.421114,-1.552252,-69.66679,-0.6159796,-0.4840303,1.072727,0.3635741,0.4400897,0.2235308,-0.2215763,3.364919,24,24,24,24,24,24,24,24,24,24,25,25,25,24,25,25
498,4980,-34.99408,-59.61513,-20.31355,-16.08137,-14.48221,-13.0849,-11.74258,-13.16821,-11.75953,-12.79188,-10.09506,-11.22006,-8.703137,-11.10747,-9.906096,0.1219298,25,25,25,25,25,25,25,25,25,25,25,25,25,25,25,25,498,4980,-17.47397,-17.12134,-15.3078,-14.21246,228.1923,209.7252,-5.877114,-8.992456,-7.63679,-6.82492,-5.651711,-4.309402,-3.457274,-3.675993,-2.891205,-3.165485,25,25,25,25,25,25,25,25,25,25,25,25,25,25,25,25,498,4980,-1.95325,-5.884158,-5.748795,-2.580011,-1.813269,-2.675941,-1.681576,-70.10416,-0.4923362,0.4836033,1.072727,-0.2427937,-0.0001733736,0.1123662,0.1104213,3.247924,24,24,24,24,24,24,24,24,24,24,25,25,25,24,25,25
499,4990,-36.79781,-61.0662,-20.19047,-16.44677,-13.75808,-13.20831,-12.38065,-13.2936,-12.1307,-12.66895,-10.45108,-11.72427,-10.01453,-10.86877,-10.26378,-1.809598,25,25,25,25,25,25,25,25,25,25,25,25,25,25,25,25,499,4990,-18.81749,-16.98973,-14.91706,-13.3088,227.7976,211.0775,-6.530103,-7.82073,-7.249124,-6.052453,-5.126138,-3.635878,-3.713234,-2.896582,-2.409504,-2.71339,25,25,25,25,25,25,25,25,25,25,25,25,25,25,25,25,499,4990,-2.757469,-5.372518,-4.2153,-3.224943,-4.144181,-5.096797,-1.810902,-69.66679,0.2495256,0.7255141,-5.377793E-05,0.6061206,0.4400897,0.00119997,-0.6642409,2.662955,24,24,24,24,24,24,24,24,24,24,25,25,25,24,25,25
500,5000,-33.43085,-59.49421,-20.43663,-18.27375,-17.01672,-14.56585,-13.7844,-15.42517,-13.61536,-15.988,-12.46857,-14.24528,-13.468,-13.8526,-12.05223,0.001208799,25,25,25,25,25,25,25,25,25,25,25,25,25,25,25,25,500,5000,-18.14573,-16.33169,-14.7863,-13.82518,228.3238,209.6023,-7.313691,-7.299961,-6.86086,-5.537474,-4.99474,-4.71352,-3.329295,-3.007926,-3.372906,-3.052461,25,25,25,25,25,25,25,25,25,25,25,25,25,25,25,25,500,5000,-2.068139,-5.372518,-4.470882,-3.482915,-3.237715,-3.058181,-2.328202,-71.30694,-0.1214049,-0.0002119011,0.4767377,0.7273923,0.550153,-0.1099654,0.2210883,3.364919,24,24,24,24,24,24,24,24,24,24,25,25,25,24,25,25
501,5010,-35.11433,-60.09882,-21.05204,-21.31873,-17.3788,-16.78726,-13.40156,-15.29978,-12.99675,-15.25043,-13.41798,-14.87554,-13.22995,-14.33002,-11.45608,-0.4816737,25,25,25,25,25,25,25,25,25,25,25,25,25,25,25,25,501,5010,-16.66786,-15.41043,-15.30934,-12.66332,228.5869,209.3564,-6.399505,-7.039576,-7.63679,-5.537474,-5.520319,-5.252339,-3.841213,-3.675993,-4.215884,-3.617579,25,25,25,25,25,25,25,25,25,25,25,25,25,25,25,25,501,5010,-2.872358,-6.907436,-5.493212,-2.837983,-2.978725,-3.185595,-1.681576,-69.55745,0.7440996,0.1207419,-0.1192518,-0.8491583,0.8803495,0.2235308,0.5530859,3.01394,24,24,24,24,24,24,24,24,24,24,25,25,25,24,25,25
502,5020,-38.12054,-59.97789,-23.02134,-24.1201,-21.1202,-17.52773,-15.44338,-14.67285,-13.36791,-13.89823,-13.65533,-14.62343,-14.06312,-14.92679,-14.07913,-0.4816737,25,25,25,25,25,25,25,25,25,25,25,25,25,25,25,25,502,5020,-17.87703,-16.98973,-15.30934,-14.21246,226.4819,210.0941,-6.138308,-10.16418,-7.895221,-7.339747,-5.783108,-5.252339,-3.713234,-3.787337,-3.493332,-3.730602,25,25,25,25,25,25,25,25,25,25,25,25,25,25,25,25,502,5020,-2.068139,-4.60506,-4.982047,-3.740888,-4.014686,-4.077541,-2.069552,-70.10416,0.002238607,-0.3630765,0.7151337,-0.0002472179,-0.4404364,-0.2211308,-0.2215763,3.364919,24,24,24,24,24,24,24,24,24,24,25,25,25,24,25,25
503,5030,-41.84825,-62.03359,-24.00599,-24.1201,-20.99951,-17.2809,-14.80531,-14.92362,-12.37814,-14.38994,-13.65533,-15.12764,-13.58702,-15.4042,-13.72144,-1.085276,25,25,25,25,25,25,25,25,25,25,25,25,25,25,25,25,503,5030,-18.68314,-16.4633,-15.96314,-14.34156,228.3238,210.9546,-7.574882,-8.601881,-8.412086,-7.08241,-5.520319,-4.848225,-4.353134,-3.34196,-3.252481,-3.956649,25,25,25,25,25,25,25,25,25,25,25,25,25,25,25,25,503,5030,-2.987247,-5.372518,-5.237629,-2.966969,-4.144181,-4.459782,-1.81085,-70.54154,0.1258821,0.2416957,0.8343317,0.3635741,-0.2203033,0.5570278,0.1104213,2.662955,24,24,24,24,24,24,24,24,24,24,25,25,25,24,25,25
504,5040,-39.20278,-63.00098,-23.26751,-22.65852,-20.27537,-17.40432,-13.40156,-14.29669,-11.38837,-13.16066,-12.8246,-13.74108,-12.51581,-13.13648,-12.88684,-1.447437,25,25,25,25,25,25,25,25,25,25,25,25,25,25,25,25,504,5040,-15.99611,-15.41043,-15.70162,-13.3088,228.0607,210.217,-6.791294,-8.211303,-8.153652,-5.279984,-3.418016,-3.635878,-2.945356,-2.673893,-2.289078,-3.617579,25,25,25,25,25,25,25,25,25,25,25,25,25,25,25,25,504,5040,-3.561688,-6.395797,-4.470882,-3.482915,-3.10822,-2.548579,-2.32815,-70.4322,-0.1214049,-0.9678487,-0.2384497,0.4848458,0.2199565,0.7793594,-0.0002440073,2.428971,24,24,24,24,24,24,24,24,24,24,25,25,25,24,25,25
505,5050,-37.39906,-61.91267,-22.89826,-19.61354,-17.98224,-15.55314,-13.40156,-13.92053,-12.1307,-13.16066,-12.58725,-13.36292,-12.03971,-12.89778,-11.33685,-0.7231141,25,25,25,25,25,25,25,25,25,25,25,25,25,25,25,25,505,5050,-16.93657,-17.38455,-15.4401,-12.92151,228.4554,210.4629,-6.791294,-8.341496,-6.860865,-4.507517,-4.206378,-2.558234,-3.201313,-2.451205,-2.289078,-2.826414,25,25,25,25,25,25,25,25,25,25,25,25,25,25,25,25,505,5050,-1.95325,-5.756248,-4.982047,-3.224942,-2.201754,-3.058234,-1.034899,-69.4481,-0.8632666,-0.3630765,0.8343317,-0.6066118,-0.8806963,-0.6657941,-0.110911,3.247924,24,24,24,24,24,24,24,24,24,24,25,25,25,24,25,25
506,5060,-33.67135,-61.67082,-20.6828,-18.15195,-16.65465,-15.92338,-13.91201,-15.17439,-12.74931,-15.00458,-12.8246,-15.12764,-12.27776,-13.8526,-11.57531,-0.4816737,25,25,25,25,25,25,25,25,25,25,25,25,25,25,25,25,506,5060,-18.54878,-16.4633,-15.96314,-13.95427,228.1923,209.7253,-8.096929,-8.211303,-7.119707,-5.022495,-3.418016,-3.635878,-3.073335,-3.119271,-3.01163,-2.487343,25,25,25,25,25,25,25,25,25,25,25,25,25,25,25,25,506,5060,-1.608583,-5.372518,-4.598673,-2.322036,-2.59024,-4.587196,-2.32815,-70.65088,0.3731691,0.604557,-5.377793E-05,-0.1215189,0.550153,0.8905248,-0.3322433,2.662955,24,24,24,24,24,24,24,24,24,24,25,25,25,24,25,25
507,5070,-34.03209,-60.34067,-20.19047,-18.76095,-17.62017,-16.41702,-16.71952,-17.55674,-14.9763,-16.35678,-14.01135,-15.75789,-14.53921,-14.21067,-13.60221,-0.4816737,25,25,25,25,25,25,25,25,25,25,25,25,25,25,25,25,507,5070,-16.13046,-14.62078,-14.26326,-12.92151,228.1923,208.7418,-6.921892,-6.909385,-7.766005,-5.022495,-4.074986,-4.71352,-3.073335,-2.785238,-4.215884,-4.29572,25,25,25,25,25,25,25,25,25,25,25,25,25,25,25,25,507,5070,-1.95325,-5.628338,-4.087508,-4.514807,-4.144181,-3.313061,-1.034899,-70.2135,-0.3686922,-0.7259378,0.8343317,0.6061206,-0.1102399,-0.2211308,-0.2215763,3.364919,24,24,24,24,24,24,24,24,24,24,25,25,25,24,25,25
508,5080,-34.51309,-60.58252,-21.42128,-20.83153,-21.1202,-21.60032,-21.82407,-21.69449,-18.4405,-21.02804,-16.02884,-18.90916,-16.32457,-17.31385,-15.50989,-0.9645545,25,25,25,25,25,25,25,25,25,25,25,25,25,25,25,25,508,5080,-13.84648,-13.43631,-13.34795,-10.98508,226.7451,209.2336,-6.660695,-5.997562,-6.084339,-4.893751,-4.863348,-3.501173,-2.945356,-3.230615,-3.613757,-4.634168,25,25,25,25,25,25,25,25,25,25,25,25,25,25,25,25,508,5080,-2.872358,-6.395797,-5.237629,-4.38582,-3.496705,-3.567888,-2.0695,-70.4322,0.2495256,0.2416957,0.4767377,-1.212932,-0.3303699,0.1123662,0.2210883,3.01394,24,24,24,24,24,24,24,24,24,24,25,25,25,24,25,25
509,5090,-38.12054,-62.03359,-24.12908,-26.43428,-25.46506,-25.91974,-24.24874,-23.57529,-20.79121,-23.36366,-15.91016,-20.04362,-15.25336,-15.52355,-13.48298,-1.326716,25,25,25,25,25,25,25,25,25,25,25,25,25,25,25,25,509,5090,-13.04037,-11.85701,-11.90959,-11.24327,228.0607,210.5858,-7.052487,-5.997562,-5.307811,-4.893751,-3.286618,-2.962353,-3.073332,-3.453304,-2.891205,-3.278508,25,25,25,25,25,25,25,25,25,25,25,25,25,25,25,25,509,5090,-3.561688,-5.116699,-4.598673,-3.740888,-4.273677,-4.332368,-1.034899,-69.22941,-0.1214049,0.4836033,0.2383422,0.6061688,0.4400351,0.334697,-0.6642409,2.428971,24,24,24,24,24,24,24,24,24,24,25,25,25,24,25,25
510,5100,-41.00651,-62.75913,-26.83686,-28.26127,-28.48233,-26.66021,-26.29056,-25.58148,-22.52332,-23.11781,-16.85957,-19.91757,-16.44359,-15.04614,-13.48298,0.3633702,25,25,25,25,25,25,25,25,25,25,25,25,25,25,25,25,510,5100,-12.50297,-9.882888,-11.77883,-10.21051,228.0607,210.4629,-7.313684,-4.954755,-5.566653,-3.47756,-2.892437,-2.692942,-2.433432,-2.339854,-2.409504,-3.391532,25,25,25,25,25,25,25,25,25,25,25,25,25,25,25,25,510,5100,-2.412802,-5.756248,-5.621003,-3.869874,-2.201754,-2.548579,-2.0695,-70.76022,-0.1214049,-0.2421227,0.7151337,0.4848939,-0.0002279542,0.1123646,-0.0002440073,3.364919,24,24,24,24,24,24,24,24,24,24,25,25,25,24,25,25
511,5110,-42.08875,-64.57298,-26.22146,-26.43428,-24.13747,-24.4388,-22.58976,-22.69759,-19.92516,-20.90511,-15.07943,-17.77471,-14.53921,-15.04614,-12.76761,-0.3609526,25,25,25,25,25,25,25,25,25,25,25,25,25,25,25,25,511,5110,-9.815938,-9.882888,-10.73275,-8.273917,227.9291,209.7253,-6.921892,-5.215457,-5.566653,-3.348815,-2.892437,-3.635878,-2.689393,-3.898675,-3.132056,-2.600367,25,25,25,25,25,25,25,25,25,25,25,25,25,25,25,25,511,5110,-3.102136,-6.012068,-4.598673,-2.322036,-1.683773,-2.421166,-2.198825,-70.2135,0.4968126,0.1207419,-0.1192518,-0.0001990586,0.7702316,0.5570262,0.4424736,2.54596,24,24,24,24,24,24,24,24,24,24,25,25,25,24,25,25
512,5120,-39.32303,-63.72652,-24.99064,-24.2419,-23.29264,-22.4642,-21.05839,-21.94527,-19.18283,-19.42998,-15.91016,-17.77471,-15.4914,-15.4042,-15.98681,-0.8438833,25,25,25,25,25,25,25,25,25,25,25,25,25,25,25,25,512,5120,-9.681586,-10.27771,-9.163637,-8.403193,227.7976,210.7088,-6.791294,-5.997562,-4.790127,-3.220071,-4.074986,-3.501173,-3.969192,-3.675987,-3.613757,-3.730609,25,25,25,25,25,25,25,25,25,25,25,25,25,25,25,25,512,5120,-2.527691,-6.012068,-4.982047,-3.740888,-4.273677,-3.822715,-1.293549,-70.10416,0.002238607,-0.3630765,1.191925,0.2423474,-0.6606209,-0.5546294,-0.0001910321,2.910218,24,24,24,24,24,24,24,24,24,24,25,25,25,24,25,25
513,5130,-40.28502,-64.33114,-26.83686,-26.43428,-24.9823,-23.82174,-21.95168,-22.19604,-20.29633,-21.88853,-16.97824,-19.53942,-17.87188,-19.34286,-17.41756,-0.9646043,25,25,25,25,25,25,25,25,25,25,25,25,25,25,25,25,513,5130,-12.09991,-9.619673,-9.032882,-9.17775,228.0607,208.373,-6.921892,-4.43335,-4.790127,-4.636261,-3.549408,-4.44411,-4.09717,-3.787331,-3.854608,-3.843632,25,25,25,25,25,25,25,25,25,25,25,25,25,25,25,25,513,5130,-3.561688,-6.779527,-5.621003,-3.740888,-3.885191,-5.096849,-3.750726,-70.2135,0.1258821,0.2416957,0.8343317,0.2423474,-0.0002279542,0.6681924,0.6638043,3.027232,24,24,24,24,24,24,24,24,24,24,25,25,25,24,25,25
514,5140,-42.08875,-65.40819,-26.83686,-27.40867,-26.55128,-25.42609,-23.86589,-24.453,-22.77076,-23.73245,-18.87705,-22.43859,-19.77626,-21.13317,-19.68292,-0.6024429,25,25,25,25,25,25,25,25,25,25,25,25,25,25,25,25,514,5140,-9.14418,-7.380837,-9.032882,-6.722606,227.5344,208.6189,-6.138305,-4.563701,-5.178391,-3.091326,-3.418016,-3.635878,-3.20131,-2.785231,-3.493332,-5.198229,25,25,25,25,25,25,25,25,25,25,25,25,25,25,25,25,514,5140,-3.791466,-7.163256,-5.237629,-4.127847,-4.403172,-3.185647,-1.422874,-69.4481,-0.6159796,-0.4840303,0.5959357,-0.0001990586,0.1098386,0.3346954,-0.1108564,3.144246,24,24,24,24,24,24,24,24,24,24,25,25,25,24,25,25
515,5150,-41.00651,-65.04548,-26.95995,-26.19069,-27.6375,-25.17927,-24.12112,-23.57529,-22.52332,-22.38024,-18.75838,-19.91757,-17.9909,-18.38803,-16.46372,-0.3610008,25,25,25,25,25,25,25,25,25,25,25,25,25,25,25,25,515,5150,-7.935016,-6.326467,-7.463716,-6.334778,226.3503,209.1106,-5.877108,-3.651242,-3.754757,-2.962581,-3.286618,-2.288826,-1.409593,-2.228509,-2.168653,-2.939444,25,25,25,25,25,25,25,25,25,25,25,25,25,25,25,25,515,5150,-3.102136,-6.779527,-5.237577,-3.611901,-1.554278,-1.656685,-2.5868,-70.2135,0.002238607,1.088375,0.9535292,0.1210758,-0.9908174,0.22353,0.3318066,3.261261,24,24,24,24,24,24,24,24,24,24,25,25,25,24,25,25
516,5160,-39.20278,-64.56188,-25.85221,-25.21629,-26.4306,-25.91974,-22.20691,-22.69759,-21.16238,-22.13438,-16.85957,-19.53942,-16.80066,-17.43321,-15.86758,0.3633205,25,25,25,25,25,25,25,25,25,25,25,25,25,25,25,25,516,5160,-9.815937,-8.566807,-7.986655,-7.498261,227.666,209.7253,-6.921892,-3.129837,-4.143021,-3.348815,-2.629651,-2.827648,-3.20131,-2.005821,-2.048228,-2.035255,25,25,25,25,25,25,25,25,25,25,25,25,25,25,25,25,516,5160,-2.64258,-6.139977,-4.854204,-2.193103,-2.072259,-3.440474,-1.164224,-68.79203,0.1258821,1.088375,0.4767377,0.4848939,0.880295,0.3346954,-0.6641864,2.676195,24,24,24,24,24,24,24,24,24,24,25,25,25,24,25,25
517,5170,-38.0003,-64.92458,-26.34454,-26.92148,-27.15473,-26.04315,-22.71737,-22.44681,-21.16238,-20.53632,-17.2156,-18.15286,-17.75286,-18.02997,-17.77525,-0.4817218,25,25,25,25,25,25,25,25,25,25,25,25,25,25,25,25,517,5170,-8.606774,-7.512633,-8.248122,-5.559122,228.3238,209.9711,-5.485312,-2.869134,-3.754757,-1.54639,-1.052924,-1.884709,-0.8976741,-2.228509,-2.168653,-3.052467,25,25,25,25,25,25,25,25,25,25,25,25,25,25,25,25,517,5170,-2.068139,-5.628338,-5.620951,-4.1279,-2.072257,-1.911512,-4.009376,-71.19759,-0.2450488,-0.1211657,0.7151337,0.3636223,-0.3304245,0.22353,0.7744712,3.729312,24,24,24,24,24,24,24,24,24,24,25,25,25,24,25,25
518,5180,-38.24079,-65.16639,-27.08303,-27.04327,-27.03403,-25.30268,-23.48305,-23.32452,-22.27587,-22.50317,-18.52102,-20.29572,-19.18114,-19.93963,-19.32524,-0.1195604,25,25,25,25,25,25,25,25,25,25,25,25,25,25,25,25,518,5180,-6.993934,-7.644429,-6.547616,-5.171294,227.5344,209.7252,-5.615911,-3.520891,-2.719389,-1.031412,-1.709891,-1.345888,-2.049493,-3.675987,-3.252481,-3.052467,25,25,25,25,25,25,25,25,25,25,25,25,25,25,25,25,518,5180,-1.838361,-6.012068,-4.981996,-3.096008,-2.590238,-4.459782,-1.81085,-69.99482,-0.1214049,-0.4840303,0.8343317,-0.485292,0.219902,0.4458616,0.2211413,2.442167,24,24,24,24,24,24,24,24,24,24,25,25,25,24,25,25
519,5190,-40.04453,-66.25451,-27.20611,-28.87026,-27.27542,-28.01774,-25.65249,-24.82916,-23.76053,-23.36366,-19.47043,-21.05203,-18.82407,-19.46222,-18.49063,-1.206045,25,25,25,25,25,25,25,25,25,25,25,25,25,25,25,25,519,5190,-8.338071,-7.24904,-6.154854,-5.042018,227.5344,209.4794,-6.530155,-2.608432,-2.331125,-1.675135,-1.447105,-2.558237,-3.20131,-3.00792,-2.77078,-4.069679,25,25,25,25,25,25,25,25,25,25,25,25,25,25,25,25,519,5190,-2.872358,-6.267887,-4.343038,-4.643847,-5.050645,-4.587196,-2.069554,-70.10416,-0.6159796,-0.1211657,1.549519,0.3636223,0.1098386,-0.6657948,-0.1108564,2.559175,24,24,24,24,24,24,24,24,24,24,25,25,25,24,25,25
520,5200,-38.48129,-65.40819,-27.57535,-27.40867,-28.60301,-27.03045,-26.16294,-24.32761,-23.0182,-23.11781,-19.70778,-21.68228,-18.70505,-18.9848,-18.13294,-0.2402814,25,25,25,25,25,25,25,25,25,25,25,25,25,25,25,25,520,5200,-9.009829,-6.59006,-5.631176,-5.042018,227.5344,208.25,-5.746567,-2.347733,-2.84881,-1.675135,-1.709891,-2.962353,-1.793532,-2.562542,-3.252481,-4.521353,25,25,25,25,25,25,25,25,25,25,25,25,25,25,25,25,520,5200,-2.987247,-7.546985,-5.620951,-4.385873,-4.532665,-4.842023,-3.233481,-70.32284,0.2495256,0.3626495,0.7151337,-0.6065637,-0.440491,0.001198365,-0.1108564,2.325152,24,24,24,24,24,24,24,24,24,24,25,25,25,24,25,25
521,5210,-38.96228,-65.7709,-28.19076,-30.08825,-28.48232,-28.75821,-25.65249,-25.20532,-23.14192,-25.20758,-19.23308,-22.43859,-19.06212,-20.5364,-18.96755,-0.2402814,25,25,25,25,25,25,25,25,25,25,25,25,25,25,25,25,521,5210,-8.875477,-7.644429,-6.940377,-4.266362,227.2713,208.9877,-5.354771,-2.347733,-2.719388,-1.675135,-2.235467,-2.288826,-2.177472,-2.339854,-3.01163,-3.956656,25,25,25,25,25,25,25,25,25,25,25,25,25,25,25,25,521,5210,-3.446803,-6.779527,-5.365369,-3.482968,-3.108218,-2.803406,-1.422929,-69.66678,-0.1214049,-0.7259378,1.191925,0.6061688,0.5500985,1.001689,-0.4428556,3.495283,24,24,24,24,24,24,24,24,24,24,25,25,25,24,25,25
522,5220,-40.88626,-66.25451,-30.40623,-31.79344,-30.17199,-29.74551,-26.41817,-25.07993,-23.0182,-23.60952,-20.06381,-21.80833,-20.25236,-20.05898,-19.68292,-0.8438833,25,25,25,25,25,25,25,25,25,25,25,25,25,25,25,25,522,5220,-9.815937,-8.566807,-7.0713,-6.334778,226.8766,209.1106,-5.224173,-2.999489,-3.625336,-3.99259,-2.366861,-2.154121,-2.305454,-3.564642,-2.891205,-3.052467,25,25,25,25,25,25,25,25,25,25,25,25,25,25,25,25,522,5220,-3.102136,-7.163256,-5.365369,-3.869927,-3.108218,-4.204955,-2.198879,-70.86956,-0.1214049,0.9674184,0.8343317,-1.212932,-0.6606209,0.3346954,0.1104743,3.495283,24,24,24,24,24,24,24,24,24,24,25,25,25,24,25,25
523,5230,-43.89248,-68.06803,-32.49861,-32.88963,-31.98235,-29.74551,-27.18386,-25.58148,-23.51308,-23.36366,-20.30116,-21.05203,-20.13333,-19.70092,-17.89448,-0.8438833,25,25,25,25,25,25,25,25,25,25,25,25,25,25,25,25,523,5230,-9.278532,-7.644429,-7.594452,-6.722606,228.0607,209.6023,-5.746567,-2.608435,-3.10765,-3.091377,-2.761046,-2.558237,-3.329292,-2.673887,-3.613757,-2.939444,25,25,25,25,25,25,25,25,25,25,25,25,25,25,25,25,523,5230,-3.331914,-7.291166,-4.726412,-4.385873,-3.885189,-4.587196,-2.845505,-69.99482,-0.1214049,0.8464646,0.4767903,-0.1214707,0.880295,0.3346954,-0.4428556,1.974109,24,24,24,24,24,24,24,24,24,24,25,25,25,24,25,25
524,5240,-44.37347,-68.91435,-31.63704,-33.13322,-31.25821,-29.99233,-27.18386,-25.83225,-23.63681,-23.36366,-19.82646,-21.93438,-19.41919,-19.34286,-18.84832,-0.8438833,25,25,25,25,25,25,25,25,25,25,25,25,25,25,25,25,524,5240,-10.89075,-9.75128,-8.117392,-6.205502,227.9291,209.7252,-4.962979,-2.217381,-3.754756,-1.288953,-0.921529,-1.884705,-1.409593,-1.894476,-1.927802,-3.278515,25,25,25,25,25,25,25,25,25,25,25,25,25,25,25,25,524,5240,-2.64258,-6.907436,-4.598621,-4.772832,-2.849228,-2.548579,-1.552253,-70.4322,-0.2450488,-0.1211721,0.7151859,0.6061206,-0.3304245,0.001198365,-0.3321887,2.559175,24,24,24,24,24,24,24,24,24,24,25,25,25,24,25,25
525,5250,-46.1772,-68.55164,-32.12937,-32.15883,-31.62028,-28.6348,-27.69431,-25.07993,-23.63681,-23.85537,-21.13189,-21.80833,-20.9665,-20.29769,-19.20601,-0.3610008,25,25,25,25,25,25,25,25,25,25,25,25,25,25,25,25,525,5250,-8.472423,-8.435206,-6.547616,-4.912742,227.9291,209.9711,-5.093577,-2.608435,-1.554596,0.1272386,-1.184315,-0.6723574,-2.049493,-2.339854,-3.372906,-2.035255,25,25,25,25,25,25,25,25,25,25,25,25,25,25,25,25,525,5250,-2.64258,-7.546985,-4.854204,-2.580062,-0.2593252,-2.93082,-2.845505,-69.55744,-0.4923362,-0.6049873,0.1191964,-0.6066118,-0.1102977,-0.4434632,-0.0001910321,2.559175,24,24,24,24,24,24,24,24,24,24,25,25,25,24,25,25
526,5260,-45.33546,-68.43074,-31.51396,-31.79344,-30.29269,-28.51139,-25.39726,-24.95454,-21.78098,-23.48659,-19.94513,-21.05203,-19.53821,-20.65575,-18.3714,-0.4817218,25,25,25,25,25,25,25,25,25,25,25,25,25,25,25,25,526,5260,-9.278532,-8.039818,-6.285777,-5.429846,227.7976,209.2335,-5.615968,-1.565625,-1.94286,-2.31891,-1.184315,-3.097052,-3.073332,-3.34196,-4.456735,-4.972606,25,25,25,25,25,25,25,25,25,25,25,25,25,25,25,25,526,5260,-3.561688,-6.907436,-5.365369,-5.804724,-6.604587,-7.008052,-1.293603,-68.57335,0.002238607,-0.4840335,1.430373,1.091214,0.2198988,-0.2211308,0.1104743,2.910218,24,24,24,24,24,24,24,24,24,24,25,25,25,24,25,25
527,5270,-44.73422,-68.43074,-32.62169,-33.37682,-31.01682,-28.01774,-24.12112,-23.44991,-20.54377,-21.15096,-19.82646,-19.66547,-18.34797,-18.26868,-17.1791,-0.7231623,25,25,25,25,25,25,25,25,25,25,25,25,25,25,25,25,527,5270,-9.950289,-8.435206,-6.678538,-5.171294,228.3238,208.25,-5.093577,-2.999489,-2.460544,-1.932676,-2.892437,-4.174694,-2.433432,-3.453304,-4.456787,-6.439174,25,25,25,25,25,25,25,25,25,25,25,25,25,25,25,25,527,5270,-4.825467,-8.570264,-5.748743,-5.804724,-5.698121,-6.370985,-2.71618,-70.2135,-0.1214049,-0.2421259,0.7151859,-0.2427937,-0.4404942,0.5570278,-0.000242402,2.793203,24,24,24,24,24,24,24,24,24,24,25,25,25,24,25,25
528,5280,-44.85447,-69.63976,-32.74477,-32.52423,-29.20647,-26.04315,-23.35544,-21.94527,-21.03865,-21.39682,-18.99573,-19.53942,-17.9909,-17.1945,-15.62912,-0.3609526,25,25,25,25,25,25,25,25,25,25,25,25,25,25,25,25,528,5280,-9.681586,-8.566807,-7.855918,-5.688398,226.4819,209.1106,-4.83238,-3.12984,-3.366492,-2.576399,-4.600559,-3.231757,-3.713231,-3.787337,-4.336361,-6.664797,25,25,25,25,25,25,25,25,25,25,25,25,25,25,25,25,528,5280,-4.940352,-8.058624,-4.215248,-5.933711,-6.475091,-8.154773,-2.069554,-69.4481,0.3731691,-0.8468981,0.8343838,0.3635741,0.4400319,0.2235308,-0.1109077,2.559181,24,24,24,24,24,24,24,24,24,24,25,25,25,24,25,25
529,5290,-41.84825,-70.48608,-32.25245,-32.40243,-30.29269,-27.27727,-25.01442,-23.82607,-21.16237,-20.78218,-18.75838,-18.27891,-16.80066,-16.00097,-15.39066,-0.9645545,25,25,25,25,25,25,25,25,25,25,25,25,25,25,25,25,529,5290,-8.069368,-8.039818,-5.893014,-5.94695,227.2713,209.1106,-4.962979,-1.826327,-2.719388,-3.348866,-1.97268,-2.288821,-2.561411,-2.562549,-3.011682,-5.423859,25,25,25,25,25,25,25,25,25,25,25,25,25,25,25,25,529,5290,-5.628886,-9.209813,-5.748743,-6.578643,-5.698121,-3.567888,-2.71618,-70.4322,0.002238607,0.3626463,0.8343838,-0.6066118,-1.100887,-0.3322971,-0.1109077,2.79321,24,24,24,24,24,24,24,24,24,24,25,25,25,24,25,25
530,5300,-42.68999,-69.40992,-32.74477,-32.88963,-32.22374,-27.15386,-24.75919,-21.56911,-20.66749,-19.18412,-18.75838,-18.02681,-16.91969,-15.76226,-13.36375,0.001208799,25,25,25,25,25,25,25,25,25,25,25,25,25,25,25,25,530,5300,-6.590498,-5.403841,-6.285777,-5.30057,227.666,209.7252,-3.918194,-2.608435,-3.495914,-2.576399,-2.498256,-2.154116,-3.329292,-2.451205,-3.252533,-4.069679,25,25,25,25,25,25,25,25,25,25,25,25,25,25,25,25,530,5300,-3.676584,-7.547037,-4.343038,-4.772832,-4.66216,-7.517706,-3.104155,-69.66678,0.002238607,0.1207387,0.3575923,0.2422993,0.5500953,0.4458624,-0.442907,2.910224,24,24,24,24,24,24,24,24,24,24,25,25,25,24,25,25
531,5310,-44.73422,-69.40992,-32.62169,-31.54984,-30.53406,-26.16656,-22.0793,-20.81679,-19.43027,-18.81534,-16.02884,-16.38815,-13.94409,-14.33002,-12.76761,0.1219298,25,25,25,25,25,25,25,25,25,25,25,25,25,25,25,25,531,5310,-6.859489,-7.117192,-6.547622,-5.171294,227.4029,208.8647,-4.179389,-3.520894,-3.754756,-2.447654,-2.498256,-3.50117,-3.073332,-4.455404,-3.85466,-4.859791,25,25,25,25,25,25,25,25,25,25,25,25,25,25,25,25,531,5310,-4.136136,-7.547037,-4.726464,-5.546751,-5.309636,-5.224263,-1.810904,-70.32284,-0.3686922,-0.1211721,0.4767903,0.3635741,0.1098354,-0.2211308,-0.2215747,3.144246,24,24,24,24,24,24,24,24,24,24,25,25,25,24,25,25
532,5320,-43.41148,-70.98193,-31.51396,-29.35746,-27.03403,-24.56221,-20.67555,-18.93599,-17.94561,-17.58606,-16.62222,-16.38815,-15.84847,-14.09131,-14.07913,-1.205997,25,25,25,25,25,25,25,25,25,25,25,25,25,25,25,25,532,5320,-7.39747,-7.117192,-5.107503,-4.912742,227.0082,209.7252,-5.48537,-4.17265,-3.495914,-2.705143,-3.418016,-2.692937,-3.713231,-2.896582,-3.132108,-4.182703,25,25,25,25,25,25,25,25,25,25,25,25,25,25,25,25,532,5320,-4.136136,-8.314496,-4.982047,-5.93366,-5.050645,-5.733917,-2.198879,-70.65088,0.620456,-0.4840335,-0.1191992,-0.0002472179,-0.0002311648,0.2235308,-0.000242402,2.676195,24,24,24,24,24,24,24,24,24,24,25,25,25,24,25,25
533,5330,-42.4495,-69.53085,-32.00628,-28.74846,-27.39612,-22.95786,-20.29271,-19.68831,-16.95584,-16.47971,-16.74089,-16.00999,-14.89628,-13.25584,-12.40992,0.001208799,25,25,25,25,25,25,25,25,25,25,25,25,25,25,25,25,533,5330,-6.724994,-6.062822,-4.452902,-4.65419,227.7976,208.0042,-5.224173,-2.608435,-2.589966,-2.962633,-1.447105,-3.231757,-2.561411,-2.673893,-3.493384,-4.408538,25,25,25,25,25,25,25,25,25,25,25,25,25,25,25,25,533,5330,-3.676584,-7.674947,-5.36542,-5.417714,-3.626201,-2.93082,-2.069554,-69.12006,0.002238607,-0.0002151117,1.072779,0.2422993,-0.4404942,-0.6657941,-0.442907,3.144246,24,24,24,24,24,24,24,24,24,24,25,25,25,24,25,25
534,5340,-41.36726,-69.65177,-30.40623,-26.06888,-23.89609,-21.23009,-17.86804,-19.18676,-17.45073,-16.60264,-16.14751,-14.87554,-13.82507,-12.30101,-10.14456,-0.8438351,25,25,25,25,25,25,25,25,25,25,25,25,25,25,25,25,534,5340,-4.84206,-4.876657,-4.060141,-4.137086,228.0607,208.1272,-4.048793,-2.217381,-3.495914,-1.932676,-2.892437,-3.905284,-2.689393,-2.228516,-4.09551,-5.311044,25,25,25,25,25,25,25,25,25,25,25,25,25,25,25,25,534,5340,-2.527698,-7.291217,-5.748795,-3.869876,-3.237715,-4.84197,-2.586855,-70.54153,0.1258821,0.4836001,0.8343838,-0.1215189,-0.8807541,0.668194,0.4424222,2.325152,24,24,24,24,24,24,24,24,24,24,25,25,25,24,25,25
535,5350,-41.00651,-67.83791,-28.31384,-22.65851,-21.84435,-19.37891,-17.22997,-17.55674,-16.58467,-15.86507,-15.55414,-15.00159,-13.94409,-12.30101,-10.38301,-0.3609526,25,25,25,25,25,25,25,25,25,25,25,25,25,25,25,25,535,5350,-4.035088,-3.69049,-3.929218,-4.007811,225.8241,208.9877,-4.048738,-2.347733,-2.331124,-2.06142,-2.629651,-2.019409,-1.921514,-2.562549,-2.168705,-3.956656,25,25,25,25,25,25,25,25,25,25,25,25,25,25,25,25,535,5350,-3.676584,-7.419127,-4.854256,-4.514808,-3.755696,-4.204902,-1.810902,-70.2135,-0.4923362,-0.9678518,0.8343838,0.2422993,0.1098354,0.334697,-0.442907,2.559181,24,24,24,24,24,24,24,24,24,24,25,25,25,24,25,25
536,5360,-39.08253,-66.50776,-28.43692,-23.8765,-23.41333,-20.98326,-19.65464,-19.31215,-17.94561,-18.93826,-15.19811,-17.14445,-14.65824,-13.97196,-12.64838,0.2426492,25,25,25,25,25,25,25,25,25,25,25,25,25,25,25,25,536,5360,-3.362612,-2.636121,-2.750939,-3.878535,227.4029,209.1106,-4.57113,-1.174565,-2.331124,-2.447654,-1.447105,-2.019409,-2.817371,-1.003726,-1.807428,-2.374326,25,25,25,25,25,25,25,25,25,25,25,25,25,25,25,25,536,5360,-2.642583,-8.058676,-6.004377,-3.869876,-1.295288,-2.166287,-1.940227,-69.88548,0.620456,0.9674184,0.9535815,-0.4853402,-0.4404942,-0.2211308,-0.000242402,2.79321,24,24,24,24,24,24,24,24,24,24,25,25,25,24,25,25
537,5370,-38.36104,-66.87053,-27.57535,-23.26751,-22.56849,-21.84715,-18.63373,-19.31215,-17.32701,-16.72556,-15.07943,-15.00159,-13.11093,-11.10747,-10.7407,-1.205997,25,25,25,25,25,25,25,25,25,25,25,25,25,25,25,25,537,5370,-2.82463,-2.767917,-3.536456,-2.973603,228.1923,208.8647,-4.048738,-2.217375,-2.331122,-1.417697,-1.578499,-2.558232,-2.177472,-2.562549,-1.807428,-1.922232,25,25,25,25,25,25,25,25,25,25,25,25,25,25,25,25,537,5370,-2.872361,-6.907488,-4.854256,-3.095957,-2.460745,-4.459729,-2.198877,-69.77613,0.002238607,0.8464646,0.2383943,-0.1215189,0.4400319,0.1123662,-0.7749047,1.974116,24,24,24,24,24,24,24,24,24,24,25,25,25,24,25,25
538,5380,-37.5193,-65.41945,-26.5907,-21.56232,-21.48228,-20.11938,-17.99566,-18.68521,-17.07956,-16.60264,-15.31678,-15.00159,-13.468,-11.94295,-10.85993,0.2426492,25,25,25,25,25,25,25,25,25,25,25,25,25,25,25,25,538,5380,-2.152154,-3.295102,-2.750939,-2.456499,227.666,208.7418,-4.179337,-2.869131,-1.684017,-1.160156,-2.104075,-2.154116,-2.561411,-2.673893,-2.529981,-3.730609,25,25,25,25,25,25,25,25,25,25,25,25,25,25,25,25,538,5380,-2.068142,-6.779578,-5.109838,-3.224943,-2.201754,-3.313008,-1.810902,-69.88548,-0.6159796,-0.604984,0.5959879,0.7273923,0.2198988,-0.6657941,-0.000242402,3.729318,24,24,24,24,24,24,24,24,24,24,25,25,25,24,25,25
539,5390,-36.67756,-66.14499,-25.60605,-22.29312,-21.60296,-21.47692,-19.52702,-19.68831,-18.4405,-18.56948,-15.67281,-16.7663,-13.94409,-13.8526,-10.97916,-1.326716,25,25,25,25,25,25,25,25,25,25,25,25,25,25,25,25,539,5390,-3.362612,-2.767917,-3.143701,-2.327223,226.8766,208.6189,-4.048738,-2.217375,-1.295753,-1.031412,-2.366861,-1.615295,-3.20131,-2.228516,-2.048279,-2.713397,25,25,25,25,25,25,25,25,25,25,25,25,25,25,25,25,539,5390,-2.98725,-8.058676,-5.36542,-3.482916,-2.201754,-2.803355,-2.328202,-69.55745,-0.2450488,-0.1211657,0.3575398,-0.4853402,-0.4404942,-0.1099654,-0.000242402,3.378275,24,24,24,24,24,24,24,24,24,24,25,25,25,24,25,25
540,5400,-37.7598,-65.6613,-26.22146,-22.65851,-23.41333,-21.3535,-19.39941,-19.31215,-18.93539,-17.70899,-16.14751,-16.64025,-15.61043,-13.8526,-12.17146,-0.4816737,25,25,25,25,25,25,25,25,25,25,25,25,25,25,25,25,540,5400,-2.82463,-2.372529,-2.358177,-2.973603,227.666,208.1272,-3.395749,-1.826321,-2.201701,-2.190114,-1.97268,-2.692939,-1.793532,-1.894482,-2.048279,-3.617585,25,25,25,25,25,25,25,25,25,25,25,25,25,25,25,25,540,5400,-2.29792,-6.779578,-5.109838,-4.127849,-3.10822,-3.567835,-2.586853,-69.33877,0.1258821,0.4836033,0.7151337,0.606172,-0.4404942,-0.8881249,-0.7749047,2.325152,24,24,24,24,24,24,24,24,24,24,25,25,25,24,25,25
541,5410,-39.44328,-66.02407,-27.45227,-23.8765,-23.53401,-21.72374,-20.03748,-19.8137,-18.4405,-19.42998,-15.55414,-17.5226,-14.18214,-14.68808,-13.24452,-0.8438351,25,25,25,25,25,25,25,25,25,25,25,25,25,25,25,25,541,5410,-2.017659,-1.845343,-2.227254,-1.422291,226.6134,208.9877,-3.787543,-0.783514,-1.813438,-1.160156,-2.498256,-2.019413,-1.537575,-1.449105,-2.168705,-3.052467,25,25,25,25,25,25,25,25,25,25,25,25,25,25,25,25,541,5410,-2.29792,-6.907488,-5.621003,-2.451024,-1.165793,-2.548527,-3.492129,-70.21351,0.002238607,0.4836033,0.1191442,-0.364014,-0.0001733736,-0.3322971,-0.442907,2.676195,24,24,24,24,24,24,24,24,24,24,25,25,25,24,25,25
542,5420,-41.9685,-67.2333,-29.17541,-26.31248,-24.37885,-22.95786,-20.42032,-20.44063,-18.93539,-18.81534,-16.02884,-16.5142,-14.30116,-13.6139,-13.00607,-0.9645545,25,25,25,25,25,25,25,25,25,25,25,25,25,25,25,25,542,5420,-1.076192,-1.186363,-1.703576,-2.197947,226.2188,209.1106,-3.26515,-1.565618,-1.942859,-1.160156,-2.104075,-1.21118,-1.537575,-1.449156,-0.6031749,-2.261302,25,25,25,25,25,25,25,25,25,25,25,25,25,25,25,25,542,5420,-2.412809,-6.779578,-4.982047,-2.580011,-0.0003371154,-2.293701,-1.422926,-69.12007,-0.2450488,-0.604984,0.1191442,0.4848971,0.3300231,-0.1099654,-0.000242402,2.559181,24,24,24,24,24,24,24,24,24,24,25,25,25,24,25,25
543,5430,-42.4495,-67.47514,-29.05233,-26.31248,-24.01679,-21.72374,-21.44123,-20.94217,-18.81166,-18.69241,-15.31678,-16.5142,-13.468,-12.0623,-10.62147,-0.9645545,25,25,25,25,25,25,25,25,25,25,25,25,25,25,25,25,543,5430,-1.210687,-1.186363,-1.965415,-2.715051,227.666,209.9711,-3.91814,-0.5228114,-1.684017,-2.318858,-1.052924,-1.21118,-1.665557,-0.5583995,-0.9643992,-1.696185,25,25,25,25,25,25,25,25,25,25,25,25,25,25,25,25,543,5430,-0.9192559,-6.907488,-6.387751,-2.837983,-1.424783,-2.293701,-2.328202,-69.55745,-0.8632666,0.4836033,0.8343317,-0.1214675,-0.8806963,0.00119997,0.442419,2.676195,24,24,24,24,24,24,24,24,24,24,25,25,25,24,25,25
544,5440,-41.00651,-66.87053,-27.69843,-26.06888,-23.29264,-22.95786,-20.93077,-21.81988,-20.04888,-21.39682,-16.74089,-18.40496,-16.44359,-15.52355,-13.1253,-0.4816737,25,25,25,25,25,25,25,25,25,25,25,25,25,25,25,25,544,5440,-1.614173,-1.581751,-2.4891,-2.197947,227.5344,209.1106,-3.134552,-1.956672,-2.589964,-1.54639,-1.578499,-2.154118,-1.537575,-2.451256,-1.686952,-2.035249,25,25,25,25,25,25,25,25,25,25,25,25,25,25,25,25,544,5440,-1.378808,-7.291217,-4.982047,-1.161159,0.1291585,-1.656633,-2.586853,-69.4481,0.1258821,0.8464679,-5.377793E-05,-0.364014,0.2199565,0.1123662,-0.4429086,2.078043,24,24,24,24,24,24,24,24,24,24,25,25,25,24,25,25
545,5450,-37.5193,-65.90314,-27.45227,-23.9983,-21.96505,-21.3535,-19.2718,-19.68831,-18.93539,-17.46313,-15.07943,-14.49738,-13.70605,-11.94295,-10.62147,-0.6023931,25,25,25,25,25,25,25,25,25,25,25,25,25,25,25,25,545,5450,-2.28665,-3.295102,-2.227254,-1.551568,226.4819,209.1106,-4.179337,-2.869131,-2.201701,-1.803879,-2.761046,-2.288824,-2.433435,-3.119322,-3.372906,-3.052461,25,25,25,25,25,25,25,25,25,25,25,25,25,25,25,25,545,5450,-1.378805,-7.035398,-4.982047,-3.224943,-1.554278,-2.421114,-0.7763013,-69.33877,-0.4923362,-0.1211657,0.2383422,-0.000195848,0.2199565,-0.2211308,-0.110911,2.663006,24,24,24,24,24,24,24,24,24,24,25,25,25,24,25,25
546,5460,-36.43707,-65.05667,-26.71378,-22.90211,-21.72366,-21.10668,-19.78225,-19.43754,-18.31678,-17.58606,-14.60473,-15.88394,-12.9919,-12.18165,-10.85993,-0.7231141,25,25,25,25,25,25,25,25,25,25,25,25,25,25,25,25,546,5460,-3.093621,-2.37258,-2.227254,-1.810119,227.1397,209.3565,-4.048738,-2.73878,-2.07228,-2.576347,-2.104075,-2.019413,-2.945356,-1.78319,-1.807377,-3.278508,25,25,25,25,25,25,25,25,25,25,25,25,25,25,25,25,546,5460,-2.64258,-8.826084,-5.36542,-4.127849,-1.942764,-2.421114,-2.328202,-70.10416,0.3731691,-0.2421227,0.2383422,-0.6065605,-0.0001733736,0.00119997,-0.3322433,3.247975,24,24,24,24,24,24,24,24,24,24,25,25,25,24,25,25
547,5470,-35.59533,-65.05667,-26.46762,-23.9983,-22.08573,-21.3535,-18.3785,-19.31215,-18.19306,-17.83191,-15.07943,-16.13604,-13.58702,-12.0623,-11.933,-0.9645545,25,25,25,25,25,25,25,25,25,25,25,25,25,25,25,25,547,5470,-2.55564,-2.240783,-2.620016,-2.456499,227.666,207.7584,-3.395749,-1.956672,-2.460543,-2.318858,-3.155227,-3.770583,-2.561414,-2.896633,-3.854608,-3.956649,25,25,25,25,25,25,25,25,25,25,25,25,25,25,25,25,547,5470,-2.757469,-7.163257,-5.109838,-3.611902,-3.237715,-3.822662,-2.974828,-70.21351,0.620456,0.8464679,0.5959357,1.091265,0.6602196,0.334697,-0.2215763,2.546017,24,24,24,24,24,24,24,24,24,24,25,25,25,24,25,25
548,5480,-36.07632,-63.60559,-26.22146,-22.29312,-22.08573,-20.98326,-19.78225,-19.31215,-17.82189,-17.09435,-14.96076,-15.00159,-13.22995,-12.42036,-11.45608,0.1219298,25,25,25,25,25,25,25,25,25,25,25,25,25,25,25,25,548,5480,-2.959126,-1.845395,-2.096338,-1.680844,226.3503,208.8647,-3.003955,-1.956672,-2.331122,-2.576347,-2.629651,-1.884708,-1.537575,-1.560501,-2.048228,-3.956649,25,25,25,25,25,25,25,25,25,25,25,25,25,25,25,25,548,5480,-2.64258,-7.674896,-5.876586,-4.127899,-2.072259,-2.038874,-2.457528,-70.97892,0.2495256,-0.0002119011,0.4767377,0.7274436,0.1098932,0.334697,0.1104213,3.36497,24,24,24,24,24,24,24,24,24,24,25,25,25,24,25,25
549,5490,-35.95607,-63.96836,-25.72913,-24.9727,-22.93057,-21.97056,-17.99566,-19.43754,-16.95584,-17.3402,-15.31678,-15.12764,-12.63483,-12.0623,-9.548408,-0.1195122,25,25,25,25,25,25,25,25,25,25,25,25,25,25,25,25,549,5490,-3.093621,-2.504376,-1.703576,-2.715051,227.5344,209.7253,-3.395749,-1.304916,-2.07228,-3.220071,-2.104075,-1.480592,-2.561414,-1.449156,-2.048228,-3.165485,25,25,25,25,25,25,25,25,25,25,25,25,25,25,25,25,549,5490,-3.331914,-7.674896,-5.36542,-2.193103,-0.9068027,-1.91146,-3.880103,-69.4481,0.867743,0.2416957,0.8343317,-0.6065605,0.3300231,0.5570278,-0.110911,2.896996,24,24,24,24,24,24,24,24,24,24,25,25,25,24,25,25
550,5500,-34.15234,-63.1219,-24.86756,-22.53672,-22.20642,-20.3662,-18.63373,-18.30906,-16.95584,-15.25043,-14.36738,-14.49738,-12.63483,-9.91394,-8.475341,-0.3609526,25,25,25,25,25,25,25,25,25,25,25,25,25,25,25,25,550,5500,-2.824631,-1.31821,-2.358177,-2.715051,227.0082,208.9875,-3.91814,-1.69597,-2.848806,-2.447603,-1.841286,-1.884708,-2.561414,-1.671845,-1.807377,-2.261296,25,25,25,25,25,25,25,25,25,25,25,25,25,25,25,25,550,5500,-1.95325,-6.395798,-5.748795,-2.580061,-1.424783,-0.7647912,-1.940227,-69.33877,0.002238607,-0.3630765,0.7151337,0.2423506,0.1098932,-0.8881249,-0.4429086,3.247975,24,24,24,24,24,24,24,24,24,24,25,25,25,24,25,25
551,5510,-33.43085,-62.39637,-25.48297,-24.12011,-23.05125,-21.3535,-17.99566,-18.18367,-16.46095,-16.23386,-13.774,-16.26209,-12.39678,-12.18165,-9.786866,0.4840913,25,25,25,25,25,25,25,25,25,25,25,25,25,25,25,25,551,5510,-1.883164,-1.845395,-1.965415,-1.163739,227.0082,208.7416,-2.612158,-2.608429,-1.684017,-1.417646,-1.709891,-2.154118,-1.665557,-2.673945,-2.409504,-2.939437,25,25,25,25,25,25,25,25,25,25,25,25,25,25,25,25,551,5510,-1.95325,-6.267888,-5.748795,-1.290197,-0.0003371154,-0.8922048,-3.104101,-70.10416,0.620456,0.9674217,0.9535292,0.606172,-0.1102399,1.77985,0.2210883,3.013991,24,24,24,24,24,24,24,24,24,24,25,25,25,24,25,25
552,5520,-36.43707,-64.93575,-27.08303,-26.55608,-26.06852,-24.06856,-20.80316,-20.06447,-17.32701,-17.95484,-14.2487,-15.50579,-12.87288,-11.10747,-9.190718,-1.205997,25,25,25,25,25,25,25,25,25,25,25,25,25,25,25,25,552,5520,-2.55564,-2.636173,-1.048975,-1.810119,226.4819,208.9875,-3.656941,-2.738783,-1.684017,-1.675135,-2.498256,-1.750003,-2.689396,-2.117223,-2.168653,-2.487343,25,25,25,25,25,25,25,25,25,25,25,25,25,25,25,25,552,5520,-1.95325,-6.651617,-5.493212,-1.806142,-1.036298,-2.803406,-1.940174,-69.33876,-0.6159796,-1.088802,0.1191442,0.2423506,0.3300231,0.334697,0.1104213,3.36497,24,24,24,24,24,24,24,24,24,24,25,25,25,24,25,25
553,5530,-39.80403,-64.69391,-27.9446,-26.79968,-27.6375,-24.31538,-21.82407,-20.31524,-18.19306,-16.35678,-14.60473,-14.74948,-11.44459,-8.959114,-7.282494,0.001208799,25,25,25,25,25,25,25,25,25,25,25,25,25,25,25,25,553,5530,-1.614174,-1.054617,-1.048975,-1.034463,227.0082,208.4958,-4.701726,-1.304919,-1.295754,-1.803879,-1.841286,-1.21118,-2.305457,-2.117223,-1.686952,-1.809202,25,25,25,25,25,25,25,25,25,25,25,25,25,25,25,25,553,5530,-1.493694,-6.395798,-5.237629,-2.322088,-0.5183173,-0.8922048,-1.81085,-68.79203,-0.863318,0.3626495,1.072727,0.606172,-0.0001733736,-0.1099654,-0.110911,3.247975,24,24,24,24,24,24,24,24,24,24,25,25,25,24,25,25
554,5540,-41.12676,-66.38683,-28.19076,-28.38307,-25.34438,-24.68562,-20.03748,-18.8106,-16.08979,-15.00458,-12.58725,-12.22847,-9.895314,-8.959114,-6.088459,0.2426492,25,25,25,25,25,25,25,25,25,25,25,25,25,25,25,25,554,5540,-1.345183,-1.186413,-1.179891,-1.680844,227.2713,207.7582,-3.13455,-1.174568,-1.94286,-1.160208,-1.97268,-3.23176,-1.025656,0.1096668,-0.9643992,-3.617579,25,25,25,25,25,25,25,25,25,25,25,25,25,25,25,25,554,5540,-1.723472,-7.291167,-4.854256,-2.580061,-2.072259,-2.293752,-2.5868,-69.66678,0.2494742,0.362704,0.3575398,0.2423506,0.4400897,1.001691,-0.2215763,2.429022,24,24,24,24,24,24,24,24,24,24,25,25,25,24,25,25
555,5550,-38.60154,-66.02406,-27.32919,-27.04328,-25.34438,-24.06856,-20.93077,-18.05828,-16.33723,-13.89823,-12.11254,-11.59821,-10.01453,-7.048691,-5.133232,-0.3609526,25,25,25,25,25,25,25,25,25,25,25,25,25,25,25,25,555,5550,-2.421145,-1.713599,-1.703576,-1.551568,226.2188,207.7582,-2.742756,-1.565622,-2.072282,-1.288953,-3.286676,-2.423529,-1.409597,-1.003777,-1.20525,-1.922225,25,25,25,25,25,25,25,25,25,25,25,25,25,25,25,25,555,5550,-0.9192494,-6.651617,-4.726464,-1.548169,1.16512,1.018998,-1.940174,-70.76022,-0.616031,-0.3630219,1.072779,0.2423506,0.6602196,-0.5546278,0.1104213,2.896996,24,24,24,24,24,24,24,24,24,24,25,25,25,24,25,25
556,5560,-35.35483,-65.29852,-26.34454,-24.6073,-23.41333,-21.97056,-19.39941,-17.80751,-14.9763,-12.91481,-9.97638,-9.5814,-6.914872,-5.495637,-3.580986,-0.3609526,25,25,25,25,25,25,25,25,25,25,25,25,25,25,25,25,556,5560,-3.093621,-2.37258,-2.4891,-2.973603,227.1397,208.7416,-2.873355,-1.826324,-2.460544,-3.220123,-3.023886,-3.231757,-2.817374,-1.671845,-1.807377,-1.696178,25,25,25,25,25,25,25,25,25,25,25,25,25,25,25,25,556,5560,-0.344808,-7.291167,-5.748795,-1.032223,-0.129832,-1.784099,-3.233425,-70.10416,0.8676916,-0.0001573205,0.2383939,-0.7278385,0.2199565,0.5570278,0.442419,3.36497,24,24,24,24,24,24,24,24,24,24,25,25,25,24,25,25
557,5570,-36.91806,-66.87052,-26.5907,-25.94709,-24.49954,-23.20468,-19.39941,-17.80751,-14.35769,-12.30017,-8.552274,-8.194839,-5.722696,-4.778843,-3.580986,-1.447437,25,25,25,25,25,25,25,25,25,25,25,25,25,25,25,25,557,5570,-3.900594,-2.37258,-3.143701,-2.844327,226.4819,209.4793,-3.787539,-2.999486,-3.625336,-2.06142,-3.286676,-2.827642,-2.561411,-2.451256,-1.686952,-2.600367,25,25,25,25,25,25,25,25,25,25,25,25,25,25,25,25,557,5570,-1.723472,-6.779528,-5.109838,-3.611953,-2.460745,-3.313061,-2.716125,-69.4481,0.1258307,-0.1211111,0.119196,0.4848939,-0.440491,-0.3322971,-0.6642409,2.546017,24,24,24,24,24,24,24,24,24,24,25,25,25,24,25,25
558,5580,-37.15856,-65.41945,-27.32919,-23.87651,-22.44781,-21.47691,-19.90986,-18.05828,-14.48141,-11.07089,-8.67095,-7.816688,-5.841913,-4.181465,-3.103372,-0.2402316,25,25,25,25,25,25,25,25,25,25,25,25,25,25,25,25,558,5580,-3.631603,-4.085931,-3.143701,-3.36143,227.1397,208.2499,-2.742756,-3.520891,-2.460544,-2.190165,-2.892495,-2.962347,-2.177472,-1.783135,-1.446101,-2.939437,25,25,25,25,25,25,25,25,25,25,25,25,25,25,25,25,558,5580,-1.838361,-7.163257,-6.132168,-3.35398,-1.036298,-2.166339,-2.716125,-70.32284,0.2494742,0.1207965,0.953581,0.6061688,-0.1102945,0.5570278,0.3317536,3.013991,24,24,24,24,24,24,24,24,24,24,25,25,25,24,25,25
559,5590,-36.43707,-64.93575,-25.48297,-23.14571,-21.96503,-21.3535,-18.12327,-17.43135,-14.23397,-11.5626,-8.67095,-8.320891,-5.484261,-4.539862,-2.028792,-0.7231141,25,25,25,25,25,25,25,25,25,25,25,25,25,25,25,25,559,5590,-2.55564,-3.031561,-1.310814,-1.939396,226.6134,209.1104,-3.526344,-2.087027,-1.684018,-0.3877405,-2.10413,-1.615295,-2.305454,-1.115067,-0.4827492,-1.922225,25,25,25,25,25,25,25,25,25,25,25,25,25,25,25,25,559,5590,-1.95325,-6.651617,-5.36542,-1.032223,1.553605,-2.038925,-1.5522,-69.12006,-0.368744,-0.7258832,0.5959875,0.7274404,0.4400351,0.6681932,0.2211413,2.896996,24,24,24,24,24,24,24,24,24,24,25,25,25,24,25,25
560,5600,-36.91806,-64.21021,-26.22146,-24.6073,-23.05125,-20.48962,-17.4852,-15.92671,-13.12047,-9.472829,-7.602869,-7.060382,-5.365042,-3.106274,-2.864616,-0.1195604,25,25,25,25,25,25,25,25,25,25,25,25,25,25,25,25,560,5600,-2.824631,-2.636173,-1.441737,-2.715051,227.2713,207.1435,-3.656941,-1.956676,-2.201702,-2.190165,-2.629705,-3.635875,-2.561411,-1.449102,-2.048279,-2.148228,25,25,25,25,25,25,25,25,25,25,25,25,25,25,25,25,560,5600,-0.2299191,-7.035347,-6.004377,-1.677156,-0.2593268,-5.47909,-1.681524,-69.4481,-0.4923875,0.8465224,0.5959875,-0.6065637,-0.5505544,-0.1099662,0.1104743,2.793203,24,24,24,24,24,24,24,24,24,24,25,25,25,24,25,25
561,5610,-38.96228,-64.81483,-27.08303,-23.87651,-21.72366,-17.77455,-14.42247,-13.54437,-10.76976,-9.472829,-6.534789,-5.925925,-3.45756,-3.464671,-2.387002,-0.9646043,25,25,25,25,25,25,25,25,25,25,25,25,25,25,25,25,561,5610,-2.959075,-2.504376,-2.227254,-2.585775,226.2188,207.8811,-2.350962,-1.956676,-2.848808,-1.932676,-3.023886,-3.231757,-2.305454,-2.785234,-3.132108,-3.730557,25,25,25,25,25,25,25,25,25,25,25,25,25,25,25,25,561,5610,-1.608586,-6.651617,-5.36542,-2.838035,-2.59024,-5.861331,-3.104101,-69.66678,-0.2451001,0.362704,0.4767895,0.1210758,-0.0002279542,0.6681932,-0.1108564,2.325152,24,24,24,24,24,24,24,24,24,24,25,25,25,24,25,25
562,5620,-37.63955,-66.14499,-26.22146,-22.29312,-19.06846,-16.1702,-12.38064,-11.4128,-9.037659,-7.260019,-5.703864,-4.791468,-2.503818,-2.150551,-1.312371,-1.568206,25,25,25,25,25,25,25,25,25,25,25,25,25,25,25,25,562,5620,-3.09357,-3.426898,-2.4891,-2.973603,226.6134,208.3728,-2.612158,-3.260188,-2.848808,-3.606356,-3.680857,-3.097052,-2.561411,-3.230612,-2.28913,-2.826369,25,25,25,25,25,25,25,25,25,25,25,25,25,25,25,25,562,5620,-2.412809,-7.419127,-5.36542,-3.998913,-3.755696,-4.459782,-1.940174,-69.66678,-0.616031,-0.7258832,0.953581,0.7274404,0.5500985,-0.1099662,-1.106851,2.910218,24,24,24,24,24,24,24,24,24,24,25,25,25,24,25,25
563,5630,-36.67756,-65.05667,-26.22146,-22.17132,-20.39606,-16.66385,-13.27394,-12.66667,-9.90371,-7.383088,-4.753245,-5.04357,-3.576777,-1.672688,-0.9541606,0.7254819,25,25,25,25,25,25,25,25,25,25,25,25,25,25,25,25,563,5630,-3.228066,-2.108936,-2.358164,-3.102879,227.0082,209.6022,-3.656941,-1.43527,-3.10765,-2.962633,-2.892495,-2.288821,-2.561411,-2.117168,-2.168705,-2.939393,25,25,25,25,25,25,25,25,25,25,25,25,25,25,25,25,563,5630,-2.98725,-8.698225,-6.387699,-3.611953,-0.0003371154,-2.038925,-3.104101,-69.66678,0.4967612,-0.2420649,0.2383939,0.1210758,-0.3304245,0.001199168,0.3318066,3.261261,24,24,24,24,24,24,24,24,24,24,25,25,25,24,25,25
564,5640,-37.39906,-64.69392,-26.83687,-26.55608,-23.05125,-20.11938,-15.31577,-14.29669,-11.01721,-9.96454,-6.060086,-6.934332,-4.411301,-3.584137,-2.028792,-0.6024429,25,25,25,25,25,25,25,25,25,25,25,25,25,25,25,25,564,5640,-2.690084,-3.163306,-3.536443,-2.844327,227.9291,208.3728,-2.481561,-3.39054,-3.10765,-2.962633,-3.549465,-3.770579,-2.817371,-3.898678,-3.372958,-3.391487,25,25,25,25,25,25,25,25,25,25,25,25,25,25,25,25,564,5640,-2.412809,-7.291217,-4.726412,-3.224994,-2.719734,-5.606503,-2.5868,-69.01073,0.4967612,0.1207965,0.8343834,0.7274404,0.1098386,-0.3322971,-0.4428556,2.559175,24,24,24,24,24,24,24,24,24,24,25,25,25,24,25,25
565,5650,-40.04453,-64.93575,-28.56001,-28.13947,-25.34437,-20.48962,-16.46429,-14.54746,-12.37814,-10.21039,-6.890815,-7.438535,-5.484261,-4.181465,-3.34223,-0.2402814,25,25,25,25,25,25,25,25,25,25,25,25,25,25,25,25,565,5650,-2.555589,-3.163306,-2.620003,-2.197947,227.2713,208.6187,-3.395746,-3.781593,-2.97823,-2.705144,-2.7611,-2.558232,-3.84121,-2.785234,-2.650406,-4.069628,25,25,25,25,25,25,25,25,25,25,25,25,25,25,25,25,565,5650,-3.331917,-7.163307,-5.876534,-5.288778,-3.237713,-4.842023,-2.716125,-70.2135,-0.7396745,-0.3630219,0.5959875,0.1210758,-1.210947,0.1123646,0.3318066,2.910218,24,24,24,24,24,24,24,24,24,24,25,25,25,24,25,25
566,5660,-44.01273,-66.38683,-28.68309,-26.92148,-23.05124,-19.2555,-16.20906,-14.29669,-12.1307,-11.68553,-6.653463,-9.329297,-5.484261,-5.973449,-4.416862,-0.3610008,25,25,25,25,25,25,25,25,25,25,25,25,25,25,25,25,566,5660,-2.152103,-1.845343,-1.57264,-2.068671,227.4029,208.1271,-4.048735,-1.826324,-1.94286,-1.675187,-1.447159,-1.884705,-2.433432,-1.449102,-1.084876,-2.826369,25,25,25,25,25,25,25,25,25,25,25,25,25,25,25,25,566,5660,-3.331917,-7.547037,-5.109787,-1.806143,1.812596,1.656066,-2.716125,-68.68269,0.1258307,0.2417503,0.4767895,0.7274404,0.3299685,0.3346962,-0.3321887,2.325152,24,24,24,24,24,24,24,24,24,24,25,25,25,24,25,25
567,5670,-44.49372,-67.35423,-29.42158,-28.01767,-23.41331,-19.50232,-15.06054,-15.04901,-11.14093,-11.80846,-6.653463,-9.077196,-5.484261,-4.659328,-4.297458,-0.8438833,25,25,25,25,25,25,25,25,25,25,25,25,25,25,25,25,567,5670,-1.479627,-1.318159,-1.441717,-1.422291,226.8766,207.5125,-3.656947,-1.565622,-2.331124,-1.031464,-2.10413,-2.692937,-2.049493,-1.783135,-2.891257,-3.16544,25,25,25,25,25,25,25,25,25,25,25,25,25,25,25,25,567,5670,-0.3448113,-6.779578,-5.876534,-0.3872918,1.812596,-1.147031,-2.586853,-69.22941,-0.616031,0.6046149,0.3575919,-0.6065637,-0.9908174,0.4458616,0.2211413,3.144246,24,24,24,24,24,24,24,24,24,24,25,25,25,24,25,25
568,5680,-46.4177,-68.20068,-29.79082,-26.67788,-23.6547,-18.63844,-15.82622,-15.55055,-13.61536,-13.03773,-8.314922,-10.46375,-6.557219,-6.092914,-4.655669,0.1218801,25,25,25,25,25,25,25,25,25,25,25,25,25,25,25,25,568,5680,-2.286598,-1.845343,-1.703563,-1.939396,225.9557,208.7418,-3.003957,-2.217378,-2.072282,-2.576399,-4.075038,-2.692937,-2.305454,-2.67389,-2.891257,-3.278463,25,25,25,25,25,25,25,25,25,25,25,25,25,25,25,25,568,5680,-1.034145,-6.779578,-4.854204,-0.2583058,-0.0003355101,-4.332368,-1.034952,-68.90139,0.002187237,1.209384,0.2383939,0.1210758,0.3299685,0.1123646,-0.3321887,2.442167,24,24,24,24,24,24,24,24,24,24,25,25,25,24,25,25
569,5690,-42.93049,-66.87053,-28.31385,-26.06889,-21.96502,-19.50232,-14.93292,-15.80133,-12.87303,-14.02116,-7.721544,-10.84191,-6.318783,-6.451311,-3.34223,-0.8438833,25,25,25,25,25,25,25,25,25,25,25,25,25,25,25,25,569,5690,-2.690084,-2.899713,-1.834479,-2.456499,226.3503,208.4959,-2.742761,-2.999486,-2.589964,-3.606356,-2.498314,-2.962347,-3.073332,-2.785234,-2.650406,-3.391487,25,25,25,25,25,25,25,25,25,25,25,25,25,25,25,25,569,5690,-1.723475,-6.779578,-5.620951,-2.838035,-2.201753,-3.31306,-2.457529,-69.99483,-0.2450488,-0.3630219,0.7151855,0.9699869,-0.1102945,-0.1099662,0.1104743,3.378268,24,24,24,24,24,24,24,24,24,24,25,25,25,24,25,25
570,5700,-40.76601,-66.26591,-26.83687,-22.41492,-20.15467,-16.66385,-13.65679,-13.16821,-12.00698,-10.57918,-7.365519,-8.194839,-5.841913,-5.137189,-4.178055,0.001159035,25,25,25,25,25,25,25,25,25,25,25,25,25,25,25,25,570,5700,-2.82458,-1.449955,-2.750919,-2.327223,227.7976,209.2335,-3.134555,-2.347729,-3.107648,-2.576399,-1.972735,-2.019409,-2.177472,-2.117168,-2.409555,-3.617534,25,25,25,25,25,25,25,25,25,25,25,25,25,25,25,25,570,5700,-3.102139,-8.058676,-5.237577,-2.967021,-2.201753,-1.529271,-1.681578,-68.79204,0.4968126,-0.4840335,1.072779,-0.2427455,0.219902,0.4458616,-0.1108564,2.676195,24,24,24,24,24,24,24,24,24,24,25,25,25,24,25,25
571,5710,-39.20278,-65.41945,-24.74448,-18.88275,-17.2581,-15.55314,-12.25303,-11.66357,-9.779988,-8.735262,-5.703917,-6.304078,-4.053647,-3.823068,-2.745213,-0.2402814,25,25,25,25,25,25,25,25,25,25,25,25,25,25,25,25,571,5710,-2.152103,-2.767917,-2.48908,-2.068671,227.0082,208.25,-2.350967,-3.651242,-2.848806,-2.705143,-2.235463,-2.423526,-2.305454,-3.341956,-2.770832,-3.617534,25,25,25,25,25,25,25,25,25,25,25,25,25,25,25,25,571,5710,-1.608586,-6.523758,-5.620951,-3.482968,-2.719733,-4.842022,-0.9056268,-67.80795,-0.1214049,0.4836001,1.191925,0.7274404,0.660165,-0.6657941,-0.3321887,3.144246,24,24,24,24,24,24,24,24,24,24,25,25,25,24,25,25
572,5720,-37.5193,-65.6613,-24.37524,-18.88275,-17.37879,-15.42973,-11.61496,-10.91125,-8.913938,-7.997695,-5.58509,-5.925926,-3.338341,-3.823068,-2.387002,-0.6024429,25,25,25,25,25,25,25,25,25,25,25,25,25,25,25,25,572,5720,-2.017608,-3.163306,-2.358164,-2.197947,226.7451,209.2335,-3.526349,-3.129837,-2.719385,-2.576399,-3.023829,-1.750003,-2.305454,-3.119268,-3.252533,-3.843581,25,25,25,25,25,25,25,25,25,25,25,25,25,25,25,25,572,5720,-2.183031,-8.058676,-6.004325,-3.096008,-2.719733,-4.587195,-2.457529,-69.55745,0.620456,0.2416925,1.191925,0.2423539,-0.440491,0.6681932,-0.2215233,2.325152,24,24,24,24,24,24,24,24,24,24,25,25,25,24,25,25
573,5730,-36.31682,-63.72653,-23.02135,-16.69037,-17.01671,-13.57855,-11.10451,-10.03355,-7.676721,-6.767691,-4.872127,-4.539367,-3.099908,-2.150551,-1.670581,0.4840415,25,25,25,25,25,25,25,25,25,25,25,25,25,25,25,25,573,5730,-3.362561,-2.767917,-1.441717,-2.327223,227.4029,207.3895,-3.656947,-2.217378,-2.07228,-1.160208,-1.052917,-2.288824,-2.561414,-1.337757,-1.807428,-3.956604,25,25,25,25,25,25,25,25,25,25,25,25,25,25,25,25,573,5730,-2.527698,-7.802856,-4.854204,-3.869927,-2.719733,-3.950127,-1.940228,-69.55745,0.2495256,-0.7259411,1.191925,0.3636287,0.4400351,0.6681932,-0.3321887,3.144246,24,24,24,24,24,24,24,24,24,24,25,25,25,24,25,25
574,5740,-36.55731,-64.33114,-22.6521,-18.03015,-16.05119,-12.83808,-8.679843,-9.281229,-7.429278,-7.136897,-5.109781,-5.799875,-3.457561,-4.420397,-1.909388,0.001159035,25,25,25,25,25,25,25,25,25,25,25,25,25,25,25,25,574,5740,-1.210636,-1.186363,-1.834479,-1.810119,226.7451,206.6519,-3.003957,-1.304919,-2.460543,-0.6452292,-1.447098,-2.558234,-1.537575,-0.7810883,-1.807428,-3.391487,25,25,25,25,25,25,25,25,25,25,25,25,25,25,25,25,574,5740,-2.527698,-7.674947,-6.004325,-2.709049,-0.6478114,-2.293752,-1.422927,-68.90139,0.2495256,0.6045538,0.9535292,-0.2427391,0.3299685,0.4458118,0.2211413,3.612297,24,24,24,24,24,24,24,24,24,24,25,25,25,24,25,25
575,5750,-36.79781,-64.33114,-22.89826,-19.61354,-18.22362,-14.81267,-10.72167,-9.406615,-6.81067,-7.136897,-4.872127,-5.295672,-4.649738,-3.22574,-2.983969,-0.6024429,25,25,25,25,25,25,25,25,25,25,25,25,25,25,25,25,575,5750,-1.076141,-0.5273817,-0.6561999,-1.034463,225.6926,208.0042,-3.134555,-1.43527,-0.6486485,-1.288953,-0.9215226,-0.5376541,-0.2577777,-0.5583995,-0.4826979,-2.600322,25,25,25,25,25,25,25,25,25,25,25,25,25,25,25,25,575,5750,-1.838364,-7.291217,-4.854204,-2.838035,-1.424782,-2.293752,-2.328203,-68.68269,0.1258821,0.4836001,0.5959357,0.4849004,0.219902,0.1123148,-0.2215747,2.793203,24,24,24,24,24,24,24,24,24,24,25,25,25,24,25,25
576,5760,-39.56353,-65.6613,-24.006,-21.80592,-19.43052,-15.55314,-11.74258,-10.53509,-8.913938,-7.997695,-4.990953,-6.304078,-3.934432,-4.778792,-3.222776,-0.6023931,25,25,25,25,25,25,25,25,25,25,25,25,25,25,25,25,576,5760,0.1343164,-1.186363,-0.918039,-2.068671,226.6134,208.7418,-2.350967,-0.5228146,-1.166333,-1.160208,-0.6587363,-0.5376541,-0.8976756,-0.2243663,-0.843974,-1.131003,25,25,25,25,25,25,25,25,25,25,25,25,25,25,25,25,576,5760,-0.5745891,-6.140028,-5.49316,-2.193103,0.6471403,-0.892204,-0.7763021,-69.12007,-0.4923362,-0.3630797,1.191925,0.6061752,0.5500985,0.223481,0.4424222,3.247975,24,24,24,24,24,24,24,24,24,24,25,25,25,24,25,25
577,5770,-38.36104,-66.50776,-24.12908,-23.75471,-21.72365,-17.28091,-12.38064,-11.28741,-9.16138,-9.472828,-5.347435,-8.06879,-4.411303,-5.495586,-4.655618,-1.568158,25,25,25,25,25,25,25,25,25,25,25,25,25,25,25,25,577,5770,-1.345182,-0.6591778,-2.48908,-1.422291,226.8766,208.8647,-2.742761,-1.174568,-3.107648,-1.288953,-1.184312,-2.019413,-0.769697,-1.226466,-0.843974,-1.696121,25,25,25,25,25,25,25,25,25,25,25,25,25,25,25,25,577,5770,-1.034145,-7.035398,-4.854204,-1.93513,-0.906801,-3.31306,-1.422927,-68.57336,0.1258821,-0.1211721,-0.7152413,-0.1214643,0.219902,0.001149403,-0.2215747,2.896996,24,24,24,24,24,24,24,24,24,24,25,25,25,24,25,25
578,5780,-39.68378,-67.22172,-26.71379,-24.3637,-22.20641,-17.28091,-13.65679,-12.16512,-9.285103,-9.104045,-6.297437,-7.816688,-5.365044,-5.256655,-2.983969,0.2426492,25,25,25,25,25,25,25,25,25,25,25,25,25,25,25,25,578,5780,-0.5382111,-1.186363,-1.834479,-0.388084,226.2188,208.1271,-2.350967,-1.826324,-0.6486485,-0.5164849,-0.3959468,-0.8070655,-1.153636,-0.5583995,-0.241847,-2.826356,25,25,25,25,25,25,25,25,25,25,25,25,25,25,25,25,578,5780,-0.689478,-5.628338,-5.237577,-2.580062,-1.683772,-1.911512,-1.552253,-68.68269,-0.6159796,0.4836001,1.191925,0.6061752,-0.0002279542,-0.5546792,0.2210899,3.36497,24,24,24,24,24,24,24,24,24,24,25,25,25,24,25,25
579,5790,-40.64576,-67.34263,-24.12908,-23.02391,-20.51674,-17.28091,-11.9978,-11.16203,-8.913938,-8.981116,-5.703917,-6.304078,-4.292084,-5.137189,-2.625759,-0.4816737,25,25,25,25,25,25,25,25,25,25,25,25,25,25,25,25,579,5790,-0.9416965,-1.845343,-0.6562127,-0.388084,225.9557,208.7418,-2.612163,-1.43527,-0.6486485,-0.2589953,-0.5273415,-0.8070655,-1.409597,-1.003777,-1.927802,-1.131003,25,25,25,25,25,25,25,25,25,25,25,25,25,25,25,25,579,5790,-0.4597002,-6.651617,-6.004377,-0.5162778,-0.6478114,-2.93082,-2.586853,-68.90139,0.3731691,0.4836001,0.9535292,-0.2427391,0.1098386,0.3346456,0.1104229,2.429022,24,24,24,24,24,24,24,24,24,24,25,25,25,24,25,25
580,5800,-38.12054,-67.46352,-23.75983,-20.95333,-18.10293,-13.82537,-10.84928,-9.90816,-8.542773,-7.013828,-5.94141,-6.178028,-4.649738,-4.420397,-4.0586,0.3633702,25,25,25,25,25,25,25,25,25,25,25,25,25,25,25,25,580,5800,-1.748668,-0.6591778,-0.9180519,-1.81012,227.2713,207.6354,-3.003957,-1.174568,-1.554595,-1.932676,-1.578493,-2.827645,-1.921514,-2.339911,-2.529929,-2.600309,25,25,25,25,25,25,25,25,25,25,25,25,25,25,25,25,580,5800,-1.14903,-7.035346,-5.36542,-3.353981,-4.014685,-4.842022,-0.9056268,-69.01073,-0.4923362,-0.4840335,0.9535292,0.4849004,0.660165,1.223971,-0.2215747,2.663006,24,24,24,24,24,24,24,24,24,24,25,25,25,24,25,25
581,5810,-38.24079,-66.49631,-23.88291,-21.44052,-18.465,-14.93608,-12.12542,-10.03355,-9.408825,-8.612333,-5.228608,-7.186435,-4.649738,-5.734517,-3.939197,-1.326716,25,25,25,25,25,25,25,25,25,25,25,25,25,25,25,25,581,5810,-2.421145,-2.108936,-2.227254,-1.034464,226.4819,207.0207,-2.481564,-1.174568,-2.201701,-1.546442,-3.023829,-2.558234,-2.049496,-2.451256,-3.252481,-3.843568,25,25,25,25,25,25,25,25,25,25,25,25,25,25,25,25,581,5810,-2.068142,-7.674896,-5.876586,-4.1279,-4.273677,-5.351676,-1.422927,-69.4481,-0.3686922,0.4836001,0.9535292,0.2423539,-0.0002279542,0.5569772,0.1104229,3.36497,24,24,24,24,24,24,24,24,24,24,25,25,25,24,25,25
582,5820,-38.72179,-67.10082,-23.39059,-19.36994,-16.05119,-14.56584,-10.59405,-9.657389,-7.552999,-7.874767,-5.347435,-6.304078,-4.172867,-4.898258,-4.655618,-0.9645545,25,25,25,25,25,25,25,25,25,25,25,25,25,25,25,25,582,5820,-2.286649,-2.240732,-2.096338,-1.81012,225.9557,208.4959,-2.220369,-2.478081,-2.201701,-2.447654,-2.629644,-2.019413,-2.561414,-2.005878,-1.927802,-3.391474,25,25,25,25,25,25,25,25,25,25,25,25,25,25,25,25,582,5820,-2.642583,-7.674896,-4.854256,-4.772832,-4.791657,-5.733916,-1.681578,-69.22941,-0.2450488,0.3626463,-0.1192518,-0.1214643,0.219902,0.1123148,-0.7749047,1.844053,24,24,24,24,24,24,24,24,24,24,25,25,25,24,25,25
583,5830,-35.71557,-65.64999,-22.89826,-17.66476,-16.05119,-12.46784,-10.0836,-9.155841,-8.542773,-7.259967,-5.228608,-6.808281,-4.172867,-3.823068,-2.386952,0.001208799,25,25,25,25,25,25,25,25,25,25,25,25,25,25,25,25,583,5830,-2.690135,-2.108936,-1.965415,-2.4565,226.3503,209.1106,-2.873355,-1.565622,-2.201701,-2.447654,-2.104069,-1.615296,-2.177475,-1.671845,-1.686952,-2.374262,25,25,25,25,25,25,25,25,25,25,25,25,25,25,25,25,583,5830,-2.068142,-6.523707,-4.982047,-4.385873,-2.84923,-2.803406,-1.5522,-70.32285,-0.3686922,-0.1211721,1.549519,0.6061752,0.219902,0.5569772,0.5530875,3.247975,24,24,24,24,24,24,24,24,24,24,25,25,25,24,25,25
584,5840,-33.91185,-65.52909,-22.28285,-20.22253,-16.65465,-15.92338,-12.50826,-12.41589,-9.656267,-10.08747,-6.060086,-8.951146,-5.126608,-5.495586,-2.625759,0.001208799,25,25,25,25,25,25,25,25,25,25,25,25,25,25,25,25,584,5840,-2.959126,-1.449955,-2.750939,-1.939396,226.6134,208.6189,-2.612158,-1.565622,-2.978228,-1.803931,-1.578493,-2.019413,-1.793536,-1.78319,-0.9643992,-2.600309,25,25,25,25,25,25,25,25,25,25,25,25,25,25,25,25,584,5840,-2.757472,-7.291166,-5.493212,-3.740941,-2.719734,-2.038925,-1.81085,-69.01073,0.2495256,0.1207387,0.4767377,-0.1214643,0.219902,0.3346456,0.1104229,2.896996,24,24,24,24,24,24,24,24,24,24,25,25,25,24,25,25
585,5850,-35.35483,-65.7709,-22.77518,-21.07513,-19.55122,-17.15749,-13.91201,-11.91435,-10.52232,-9.104045,-6.890815,-8.19484,-5.722697,-4.420397,-3.461583,-0.1195122,25,25,25,25,25,25,25,25,25,25,25,25,25,25,25,25,585,5850,-2.152154,-3.163306,-1.834492,-1.680844,226.7451,207.8813,-2.350962,-2.738783,-1.5546,-1.675187,-1.972674,-1.615296,-2.177475,-2.896633,-1.566526,-2.600309,25,25,25,25,25,25,25,25,25,25,25,25,25,25,25,25,585,5850,-1.953253,-6.139977,-5.36542,-3.353981,-2.460745,-2.166339,-1.5522,-68.68269,-0.4923875,-0.0002151117,0.5959357,1.091268,-0.0002279542,-0.2211822,-0.2215747,2.663006,24,24,24,24,24,24,24,24,24,24,25,25,25,24,25,25
586,5860,-36.19657,-66.0127,-23.14443,-22.04952,-20.75813,-17.52773,-13.7844,-12.41589,-9.532545,-8.85819,-4.872127,-7.060383,-3.338343,-3.942534,-2.386952,-0.4816737,25,25,25,25,25,25,25,25,25,25,25,25,25,25,25,25,586,5860,-3.093621,-2.899713,-2.227254,-1.939396,226.6134,208.6189,-3.395746,-1.304919,-1.295756,-1.54639,-2.104069,-2.154118,-2.689396,-1.560501,-1.927802,-2.374262,25,25,25,25,25,25,25,25,25,25,25,25,25,25,25,25,586,5860,-1.838364,-5.884158,-6.004377,-3.998913,-2.460745,-3.695301,-2.32815,-70.10416,-0.368744,-0.2421227,0.3575398,0.7274469,-0.3304245,0.001149403,0.6637529,2.896996,24,24,24,24,24,24,24,24,24,24,25,25,25,24,25,25
587,5870,-33.19035,-66.3754,-22.15977,-20.34433,-18.82709,-15.79996,-11.61496,-11.78896,-9.16138,-8.489406,-4.634418,-6.051977,-3.219125,-3.345206,-2.267548,-1.205997,25,25,25,25,25,25,25,25,25,25,25,25,25,25,25,25,587,5870,-3.497107,-2.504325,-1.441737,-2.715052,227.2713,207.1437,-2.612158,-1.304919,-2.201704,-2.061369,-2.892495,-3.366465,-2.817374,-2.005878,-2.650354,-3.165427,25,25,25,25,25,25,25,25,25,25,25,25,25,25,25,25,587,5870,-2.527698,-7.546985,-5.493212,-3.353981,-2.201754,-3.440474,-2.5868,-68.90139,0.3731177,-0.4840303,0.5959357,-0.0001926374,0.3299685,0.223481,0.1104229,2.896996,24,24,24,24,24,24,24,24,24,24,25,25,25,24,25,25
588,5880,-31.62712,-64.80368,-21.79053,-18.63915,-18.22363,-14.93608,-11.87019,-11.4128,-9.285102,-8.489406,-5.46621,-6.808281,-4.053649,-3.106274,-1.789935,-0.1195122,25,25,25,25,25,25,25,25,25,25,25,25,25,25,25,25,588,5880,-2.286649,-1.97714,-2.620016,-2.327224,226.4819,206.1602,-2.612158,-1.826324,-2.460547,-1.417646,-2.366919,-2.019413,-2.049496,-1.671845,-2.891205,-3.843568,25,25,25,25,25,25,25,25,25,25,25,25,25,25,25,25,588,5880,-2.068142,-6.267887,-5.621003,-4.1279,-3.885191,-3.950127,-1.293549,-69.01073,-0.2451001,-0.3630765,0.8343317,0.4848971,-0.3304245,-0.5546792,0.3317553,3.013991,24,24,24,24,24,24,24,24,24,24,25,25,25,24,25,25
589,5890,-32.70936,-64.68278,-20.92896,-19.97894,-17.2581,-16.29361,-12.63587,-12.41589,-8.790215,-9.595756,-5.94141,-7.816688,-4.411301,-4.062,-2.148145,-0.9645545,25,25,25,25,25,25,25,25,25,25,25,25,25,25,25,25,589,5890,-2.286649,-3.426898,-2.096338,-2.4565,225.0347,207.6354,-2.089767,-1.956676,-1.813442,-2.190114,-2.366919,-2.288824,-1.793532,-2.785289,-2.168653,-3.165427,25,25,25,25,25,25,25,25,25,25,25,25,25,25,25,25,589,5890,-2.068142,-6.907436,-5.237629,-3.482968,-3.10822,-3.950127,-2.84545,-69.22941,0.6204047,0.7255141,1.549519,0.2423506,0.9904161,1.00164,0.2210899,2.780001,24,24,24,24,24,24,24,24,24,24,25,25,25,24,25,25
590,5900,-31.38662,-64.56188,-20.19047,-17.17756,-16.17189,-13.82537,-12.25303,-10.66048,-9.16138,-7.874768,-5.585037,-5.925926,-4.053647,-3.584185,-2.625759,-0.4816737,25,25,25,25,25,25,25,25,25,25,25,25,25,25,25,25,590,5900,-3.228116,-2.636121,-2.750939,-3.361431,226.2188,207.7584,-3.003952,-1.43527,-2.84881,-2.576347,-1.972735,-1.615296,-2.305454,-1.337757,-1.807377,-2.487285,25,25,25,25,25,25,25,25,25,25,25,25,25,25,25,25,590,5900,-2.29792,-6.779527,-5.237629,-2.967021,-3.626201,-4.587195,-1.5522,-70.32285,-0.616031,-0.7259378,0.1191442,-0.1214675,-0.3303699,0.2235821,-0.7749047,3.130986,24,24,24,24,24,24,24,24,24,24,25,25,25,24,25,25
591,5910,-33.5511,-64.44097,-20.31355,-19.00455,-17.86156,-13.45514,-10.97689,-9.406615,-7.552999,-6.644674,-4.277936,-5.421722,-2.742253,-3.703651,-3.222776,-0.9645545,25,25,25,25,25,25,25,25,25,25,25,25,25,25,25,25,591,5910,-2.421145,-1.581751,-2.4891,-1.163741,226.3503,208.1272,-2.350962,-1.174568,-2.201704,-0.5164335,-0.5274026,-0.8070655,-0.6417136,-0.8923782,-0.7236001,-1.809144,25,25,25,25,25,25,25,25,25,25,25,25,25,25,25,25,591,5910,-2.183031,-6.395797,-6.387751,-3.482968,-2.460745,-1.911512,-2.0695,-68.68269,-0.1214563,0.8464679,1.549519,-0.1214675,-0.4404364,0.445913,0.1104213,3.481965,24,24,24,24,24,24,24,24,24,24,25,25,25,24,25,25
592,5920,-34.15234,-66.0127,-20.80588,-19.73534,-17.98224,-14.31902,-10.0836,-9.030455,-6.81067,-6.644674,-3.921455,-5.295672,-2.861471,-2.747927,-2.745162,-1.326767,25,25,25,25,25,25,25,25,25,25,25,25,25,25,25,25,592,5920,-0.5382111,-1.318159,-0.7871355,-0.3880848,225.8241,207.7584,-2.220364,-1.174568,-0.001545915,0.8997577,-0.9215836,-0.1335378,-1.665554,-5.678185,-6.500648,-1.583155,25,25,25,25,25,25,25,25,25,25,25,25,25,25,25,25,592,5920,-1.608586,-5.884158,-5.237629,-1.806143,-1.424783,-4.204955,-1.164224,-68.79204,0.2494742,-0.3630765,0.2383422,-0.6065605,-0.2203033,-0.1099149,-0.3322433,2.194981,24,24,24,24,24,24,24,24,24,24,25,25,25,24,25,25
593,5930,-35.47508,-65.28728,-21.05204,-18.51735,-16.89604,-12.96149,-9.828369,-8.52891,-6.439505,-5.660121,-3.6838,-3.152807,-2.742253,-2.031133,-1.192917,0.4840399,25,25,25,25,25,25,25,25,25,25,25,25,25,25,25,25,593,5930,-0.4036644,-0.9227699,-1.048975,-0.2588083,226.0872,207.7584,-2.742756,-1.826324,-0.9074938,-1.031412,-1.841344,-2.154118,-4.225149,-5.455904,-6.861204,-7.454488,25,25,25,25,25,25,25,25,25,25,25,25,25,25,25,25,593,5930,-2.987247,-6.139977,-5.36542,-7.223576,-9.064998,-8.919252,-1.034899,-69.4481,-0.4923875,0.1207419,0.4767377,0.8487185,0.3300231,-0.3322457,0.3317536,3.598902,24,24,24,24,24,24,24,24,24,24,25,25,25,24,25,25
594,5940,-35.83582,-65.29852,-19.69815,-19.24814,-16.65465,-14.68926,-10.21121,-8.905069,-6.81067,-6.521605,-3.921455,-3.657011,-2.265383,-2.628461,-0.7153026,-0.6024445,25,25,25,25,25,25,25,25,25,25,25,25,25,25,25,25,594,5940,-2.017608,-1.054617,-2.096338,-1.551568,225.9557,206.0373,-2.350962,-2.217378,-2.589967,-2.190114,-2.892495,-4.039992,-4.353131,-5.678185,-7.22176,-8.582618,25,25,25,25,25,25,25,25,25,25,25,25,25,25,25,25,594,5940,-7.349234,-8.826084,-5.237629,-7.481549,-8.288027,-7.390292,-1.5522,-69.01073,0.6204047,-0.2421227,-5.377793E-05,-0.364014,0.4400897,0.1124159,-0.2215763,2.54596,24,24,24,24,24,24,24,24,24,24,25,25,25,24,25,25
595,5950,-38.36105,-64.93575,-21.17512,-19.36994,-16.41327,-12.71467,-9.317913,-7.525817,-6.192062,-4.67557,-3.802626,-3.404909,-2.503818,-1.55327,-0.8347057,0.00115743,25,25,25,25,25,25,25,25,25,25,25,25,25,25,25,25,595,5950,-1.748618,-1.581802,-2.620016,-1.551568,225.9557,206.7749,-2.089767,-2.347729,-2.719389,-2.576347,-3.812255,-3.366465,-4.225149,-5.455904,-6.140091,-7.680118,25,25,25,25,25,25,25,25,25,25,25,25,25,25,25,25,595,5950,-6.661092,-8.314445,-5.493211,-7.997495,-8.288027,-7.772532,-1.681524,-68.68269,0.2494742,-0.3630765,0.9535292,0.4848971,0.550153,-0.8880743,-0.8855732,2.77995,24,24,24,24,24,24,24,24,24,24,25,25,25,24,25,25
596,5960,-38.0003,-64.93575,-19.3289,-15.71597,-13.39601,-10.86349,-6.89325,-7.149658,-5.201415,-4.798638,-2.376699,-3.657011,-1.311641,-2.508996,-0.8347057,-0.481725,25,25,25,25,25,25,25,25,25,25,25,25,25,25,25,25,596,5960,-1.748618,-2.767969,-1.310814,-1.939343,225.8241,207.6354,-2.481561,-2.999486,-2.201704,-4.121283,-3.680857,-3.097055,-3.84121,-4.789061,-4.938235,-6.890427,25,25,25,25,25,25,25,25,25,25,25,25,25,25,25,25,596,5960,-6.317022,-9.081904,-6.132168,-6.836615,-6.863579,-7.262878,-0.9055738,-69.33877,0.7440482,0.2416957,0.3575398,-0.000195848,-0.2203033,0.7794099,-0.3322433,1.727007,24,24,24,24,24,24,24,24,24,24,25,25,25,24,25,25
597,5970,-38.0003,-65.05667,-18.71349,-15.22878,-12.55116,-10.86349,-7.914161,-6.898884,-4.829821,-4.798638,-2.733181,-3.783062,-2.146165,-2.38953,-1.67053,-1.206048,25,25,25,25,25,25,25,25,25,25,25,25,25,25,25,25,597,5970,-2.690084,-1.31821,-1.965415,-2.327171,226.8766,208.2501,-3.13455,-1.695973,-3.625337,-1.932624,-1.972735,-3.097055,-3.20131,-3.898678,-4.577212,-5.875106,25,25,25,25,25,25,25,25,25,25,25,25,25,25,25,25,597,5970,-5.743573,-9.081904,-4.982047,-6.062697,-5.050647,-4.459781,-0.9055738,-69.55745,-0.616031,-1.088802,0.4767377,0.4848971,0.1098932,0.8905753,-0.4429086,2.662955,24,24,24,24,24,24,24,24,24,24,25,25,25,24,25,25
598,5980,-36.07632,-62.75913,-19.57506,-15.71597,-13.75807,-10.61666,-7.276092,-6.648112,-5.696874,-5.783191,-3.208491,-3.783062,-1.669294,-1.55327,-1.431723,0.1218784,25,25,25,25,25,25,25,25,25,25,25,25,25,25,25,25,598,5980,-1.345131,-2.504376,-2.096338,-2.197895,226.3503,207.1437,-1.436776,-3.39054,-2.719389,-2.318858,-2.892495,-2.423529,-3.713231,-4.789061,-5.058421,-5.423859,25,25,25,25,25,25,25,25,25,25,25,25,25,25,25,25,598,5980,-4.021244,-7.930716,-6.259959,-5.93371,-4.662161,-5.096849,-1.5522,-69.12007,-0.1214563,0.8464679,1.311123,0.121079,-0.4404364,-0.2210803,0.1104213,2.428971,24,24,24,24,24,24,24,24,24,24,25,25,25,24,25,25
599,5990,-34.99409,-63.96836,-16.99035,-14.61978,-12.30978,-9.876192,-6.638021,-7.651204,-6.068341,-6.398536,-3.802626,-4.287265,-2.146165,-2.986858,-0.8347057,-0.1195636,25,25,25,25,25,25,25,25,25,25,25,25,25,25,25,25,599,5990,-2.152103,-3.163357,-1.834492,-0.7758606,225.9556,208.373,-2.873356,-3.260188,-1.813442,-1.288901,-2.892495,-1.884708,-3.585253,-3.453301,-3.85466,-5.198229,25,25,25,25,25,25,25,25,25,25,25,25,25,25,25,25,599,5990,-4.940352,-9.337725,-4.982047,-5.159791,-5.698122,-5.733917,-1.034951,-69.22941,0.002187237,0.8464679,-5.377793E-05,-0.364014,0.4400897,0.3347476,-0.6642409,1.727007,24,24,24,24,24,24,24,24,24,24,25,25,25,24,25,25
600,6000,-33.7916,-62.63821,-17.72884,-15.22878,-14.12014,-11.48055,-9.190298,-7.40043,-6.192062,-5.660121,-4.515592,-5.169621,-3.099906,-3.345255,-2.028741,-0.481725,25,25,25,25,25,25,25,25,25,25,25,25,25,25,25,25,600,6000,-1.210636,-0.9228213,-1.048975,-1.551516,227.4029,207.0207,-3.395749,-1.044168,-1.425178,-0.3876887,0.3923573,-1.615296,-2.305454,-1.894479,-2.891257,-4.634168,25,25,25,25,25,25,25,25,25,25,25,25,25,25,25,25,600,6000,-4.940352,-7.802806,-5.237629,-5.417764,-4.921151,-3.822715,-0.7763013,-69.22941,-0.616031,-0.2421227,1.072727,0.2423506,0.3300231,0.445913,0.3317536,3.481907,24,24,24,24,24,24,24,24,24,24,25,25,25,24,25,25
601,6010,-32.34862,-62.03359,-17.48268,-14.49798,-13.51668,-10.9869,-8.807456,-8.152749,-5.696875,-6.521605,-3.208491,-6.430129,-2.980688,-4.659376,-3.580986,0.1218784,25,25,25,25,25,25,25,25,25,25,25,25,25,25,25,25,601,6010,0.4033072,-0.0002472179,-0.52529,-0.3880318,225.8241,206.2831,-1.697975,0.5200438,-0.5192299,1.285992,0.3923573,-1.076475,-1.665554,-0.3356562,-2.168705,-4.972606,25,25,25,25,25,25,25,25,25,25,25,25,25,25,25,25,601,6010,-4.825467,-9.849363,-6.004376,-4.772831,-0.9068019,1.783478,-1.293602,-69.33876,0.7440996,-0.0002119011,0.2383422,-0.849107,0.1098932,0.001250538,-0.553574,2.662955,24,24,24,24,24,24,24,24,24,24,25,25,25,24,25,25
602,6020,-35.23458,-63.60559,-18.71349,-16.20317,-14.36153,-10.9869,-7.91416,-7.525817,-5.57301,-6.890812,-3.921455,-5.421722,-2.861471,-4.420445,-3.34218,-0.7231655,25,25,25,25,25,25,25,25,25,25,25,25,25,25,25,25,602,6020,0.4033072,0.1315488,-0.3943736,-0.2587561,225.6925,207.5125,-2.089769,-0.5227632,0.6455599,-0.5164849,-0.3960078,-0.672359,-1.537572,-2.228513,-2.168705,-2.939437,25,25,25,25,25,25,25,25,25,25,25,25,25,25,25,25,602,6020,-2.64258,-6.523707,-4.726464,-1.677156,0.3881498,-2.803406,-1.810902,-68.79203,0.002238607,0.604557,0.3575398,1.091265,0.8803495,0.445913,-0.6642409,2.311976,24,24,24,24,24,24,24,24,24,24,25,25,25,24,25,25
603,6030,-34.27259,-63.48468,-19.45198,-17.05576,-15.93049,-11.72737,-9.317912,-8.905069,-6.439506,-6.029329,-4.27794,-5.421722,-3.695995,-3.703651,-2.386951,-0.240283,25,25,25,25,25,25,25,25,25,25,25,25,25,25,25,25,603,6030,0.1343164,-0.6592292,-1.310814,-1.680791,225.5609,207.7583,-2.873356,-1.17452,-0.9074938,-1.160208,-0.6587363,-1.884708,-2.817371,-2.562546,-3.252533,-3.843626,25,25,25,25,25,25,25,25,25,25,25,25,25,25,25,25,603,6030,-1.838361,-7.035347,-5.621003,-3.482967,-0.6478114,-2.166339,-1.681576,-70.4322,-0.6159796,0.604557,0.2383939,0.3636255,0.2199565,-0.2210803,0.1104213,2.54596,24,24,24,24,24,24,24,24,24,24,25,25,25,24,25,25
604,6040,-34.63334,-63.60559,-18.71349,-18.39555,-15.20636,-10.9869,-7.658932,-8.654295,-6.563227,-7.13695,-4.040285,-5.421722,-4.172865,-4.659376,-1.789934,-0.8438865,25,25,25,25,25,25,25,25,25,25,25,25,25,25,25,25,604,6040,-2.286598,-0.5274323,-2.358177,-1.292964,225.8241,207.7583,-1.436779,-2.21733,-2.719389,-1.803931,-1.972674,-3.50117,-2.817371,-3.67599,-3.734234,-4.859791,25,25,25,25,25,25,25,25,25,25,25,25,25,25,25,25,604,6040,-3.331914,-7.802806,-5.109838,-3.998913,-3.36721,-4.077541,-2.716178,-69.4481,0.620456,-0.4840303,0.4767895,-0.3640172,0.4400897,0.7794099,-0.0002440073,2.77995,24,24,24,24,24,24,24,24,24,24,25,25,25,24,25,25
605,6050,-35.83582,-63.24283,-19.57506,-18.15195,-16.05119,-9.75278,-8.297002,-7.275044,-6.192062,-5.044777,-4.396766,-3.783062,-3.93443,-3.823116,-3.34218,0.00115743,25,25,25,25,25,25,25,25,25,25,25,25,25,25,25,25,605,6050,-2.286598,-3.558746,-1.965415,-1.810068,226.4819,207.8812,-2.612161,-2.21733,-1.68402,-1.417697,-2.235463,-1.75,-2.94535,-3.564645,-3.372958,-5.311044,25,25,25,25,25,25,25,25,25,25,25,25,25,25,25,25,605,6050,-2.757469,-7.802806,-5.621003,-5.546751,-4.014686,-3.950128,-1.940227,-68.24531,0.2495256,0.7255141,1.191977,-0.0001990586,-0.440491,-0.3322457,0.3317536,3.247924,24,24,24,24,24,24,24,24,24,24,25,25,25,24,25,25
606,6060,-38.48129,-63.72652,-20.19047,-17.78656,-14.84429,-9.259132,-7.658932,-7.525817,-5.449145,-5.167846,-3.564976,-4.035163,-2.980688,-4.062051,-2.745162,-0.8438865,25,25,25,25,25,25,25,25,25,25,25,25,25,25,25,25,606,6060,-1.748618,-1.054617,-1.965415,-1.551516,226.6134,207.0207,-2.612161,-1.956627,-1.813442,-1.031463,-1.315707,-1.345883,-3.073328,-1.894534,-1.927854,-3.278508,25,25,25,25,25,25,25,25,25,25,25,25,25,25,25,25,606,6060,-2.757469,-7.163257,-5.237629,-3.482967,-2.590239,-3.567888,-3.750779,-69.99482,0.9913873,0.3626495,0.7151855,-0.2427455,-0.0002279542,0.4458616,-0.0002440073,2.428971,24,24,24,24,24,24,24,24,24,24,25,25,25,24,25,25
607,6070,-38.0003,-63.48468,-19.45198,-17.90836,-15.08566,-10.61666,-8.297002,-8.027364,-6.686949,-6.398536,-3.802629,-4.917519,-3.576777,-4.420448,-3.222776,-1.085327,25,25,25,25,25,25,25,25,25,25,25,25,25,25,25,25,607,6070,-2.421094,-2.240783,-2.096338,-2.197895,226.3503,206.7748,-3.003955,-1.044168,-0.3898081,-0.6452292,-0.5273415,-1.345883,-1.665551,-1.78319,-2.048279,-3.052461,25,25,25,25,25,25,25,25,25,25,25,25,25,25,25,25,607,6070,-2.987247,-7.291167,-5.36542,-3.096008,-0.777307,0.2545173,-1.422926,-69.22941,0.2495256,-1.209756,0.7151855,-0.0001990586,0.219902,0.2235308,-0.6641864,3.01394,24,24,24,24,24,24,24,24,24,24,25,25,25,24,25,25
608,6080,-37.27881,-63.24283,-19.3289,-15.35058,-14.36153,-9.382545,-9.57314,-8.278135,-6.934391,-7.13695,-4.872077,-5.421722,-3.338341,-3.464723,-2.148144,0.1218784,25,25,25,25,25,25,25,25,25,25,25,25,25,25,25,25,608,6080,-2.421094,-2.240783,-2.881855,-1.163688,225.6925,206.7748,-2.089769,-0.7834658,-2.072284,-1.160208,-2.49825,-1.48059,-1.537572,-2.117223,-3.011682,-3.391487,25,25,25,25,25,25,25,25,25,25,25,25,25,25,25,25,608,6080,-1.378805,-7.674896,-5.876585,-2.709048,-2.201754,-3.058234,-2.457528,-69.88548,-0.1214049,0.604557,0.5959875,-0.1214707,-0.7706875,0.4458616,0.6638043,3.378275,24,24,24,24,24,24,24,24,24,24,25,25,25,24,25,25
609,6090,-34.99408,-62.27544,-17.72884,-15.95957,-13.75807,-11.11031,-8.424616,-8.654295,-6.934391,-8.120623,-4.040285,-6.55618,-4.292082,-5.376172,-3.580986,-0.240283,25,25,25,25,25,25,25,25,25,25,25,25,25,25,25,25,609,6090,-3.362612,-3.690542,-2.096338,-2.327171,225.6925,207.2666,-1.95917,-1.956627,-1.68402,-1.803931,-1.315707,-0.9417672,-2.04949,-2.117223,-1.807428,-3.052416,25,25,25,25,25,25,25,25,25,25,25,25,25,25,25,25,609,6090,-2.872361,-6.395798,-4.726464,-2.838035,-3.237715,-3.695301,-2.069552,-69.12006,0.2495256,0.3626495,-0.5959915,0.7274404,0.3299685,-0.3322971,-0.6641864,2.79321,24,24,24,24,24,24,24,24,24,24,25,25,25,24,25,25
610,6100,-33.91185,-63.60559,-17.48268,-15.22878,-13.396,-10.9869,-8.297002,-8.027364,-7.058114,-7.260019,-4.396766,-5.925926,-4.172865,-3.942585,-3.819793,0.00115743,25,25,25,25,25,25,25,25,25,25,25,25,25,25,25,25,610,6100,-2.55564,-2.240732,-1.441737,-2.456447,226.745,208.25,-2.089769,-0.3924119,-1.5546,-0.9027187,1.312175,0.8094012,-1.025651,0.6663888,-0.1214731,-2.826369,25,25,25,25,25,25,25,25,25,25,25,25,25,25,25,25,610,6100,-2.527698,-6.779578,-5.621003,-3.74094,-1.942763,-2.548579,-0.7763013,-69.55744,-0.2450488,0.1207419,0.953581,0.2423474,0.3299685,0.3346962,-0.0001910321,2.79321,24,24,24,24,24,24,24,24,24,24,25,25,25,24,25,25
611,6110,-32.46886,-62.39637,-17.97501,-14.74158,-13.87876,-10.49325,-8.169388,-7.525817,-5.57301,-5.290915,-3.802629,-4.287265,-2.265383,-2.270068,-1.67053,-0.7231655,25,25,25,25,25,25,25,25,25,25,25,25,25,25,25,25,611,6110,-0.5382111,-0.7909738,-0.3943672,0.2583476,226.745,207.2666,-1.828573,0.7807464,0.1278759,1.157195,1.18078,0.4052849,-0.1297926,-2.117223,-3.011682,-1.58311,25,25,25,25,25,25,25,25,25,25,25,25,25,25,25,25,611,6110,-2.183031,-7.035398,-5.365369,-2.580061,-4.791656,-9.046668,-1.422926,-68.57335,0.2495256,-0.0002119011,0.3575919,0.3636223,0.3299685,0.2235308,0.2211413,2.442167,24,24,24,24,24,24,24,24,24,24,25,25,25,24,25,25
612,6120,-29.1019,-62.51729,-16.0057,-12.7928,-11.58564,-9.629369,-5.999952,-7.024272,-5.57301,-4.429432,-2.970839,-3.152807,-1.192423,-1.792205,0.9563458,-1.206048,25,25,25,25,25,25,25,25,25,25,25,25,25,25,25,25,612,6120,-1.883164,-2.240732,-1.310807,-0.388084,226.2188,207.8812,-2.220367,-1.695925,-0.9074938,-0.1302509,-0.9215226,-1.076474,-2.561411,-4.010077,-5.058421,-4.859791,25,25,25,25,25,25,25,25,25,25,25,25,25,25,25,25,612,6120,-2.98725,-7.674947,-4.981996,-8.12643,-10.10096,-10.70082,-1.810902,-69.01073,-0.2450488,-0.1211657,0.8343834,0.6061688,-0.0002279542,-0.5546287,-0.7748533,3.144246,24,24,24,24,24,24,24,24,24,24,25,25,25,24,25,25
613,6130,-29.3424,-60.94528,-15.63646,-12.3056,-11.46495,-7.037719,-5.61711,-4.8927,-4.458227,-4.060225,-3.208493,-2.774655,-2.265383,-1.792205,-0.3570919,0.1218784,25,25,25,25,25,25,25,25,25,25,25,25,25,25,25,25,613,6130,-3.631603,-2.504325,-1.703569,-1.293016,226.3503,207.0207,-2.350964,-1.17452,-0.9074938,-0.2589953,-0.2645521,-1.076474,-1.665551,-2.117223,-3.011682,-5.98792,25,25,25,25,25,25,25,25,25,25,25,25,25,25,25,25,613,6130,-4.825469,-9.849414,-6.004325,-7.868457,-9.582975,-9.937813,-2.069552,-69.4481,0.3731691,0.3626495,0.5959875,-0.2427455,-0.5505544,0.5570278,0.2211413,2.559181,24,24,24,24,24,24,24,24,24,24,25,25,25,24,25,25
614,6140,-28.8614,-59.97789,-16.12879,-13.27999,-11.82703,-8.148426,-5.489497,-6.021179,-4.210497,-4.921708,-2.257874,-3.783062,-2.3846,-4.062051,-3.34218,-0.361004,25,25,25,25,25,25,25,25,25,25,25,25,25,25,25,25,614,6140,-2.55564,-1.845343,-0.7871227,-1.034463,226.4819,206.1602,-1.95917,-0.2620639,-0.9074938,0.2559829,-0.7901278,-2.154116,-0.7696906,-0.7810883,-2.529981,-4.972606,25,25,25,25,25,25,25,25,25,25,25,25,25,25,25,25,614,6140,-5.743573,-9.337774,-5.49316,-6.578592,-6.604587,-5.224262,-0.9056259,-68.68269,-0.1214049,-0.9678487,0.7151855,0.2423474,-0.1102945,0.5570278,0.2211413,2.559181,24,24,24,24,24,24,24,24,24,24,25,25,25,24,25,25
615,6150,-32.46886,-61.0662,-16.49803,-15.10698,-13.15462,-9.999603,-6.638021,-6.773498,-4.334362,-5.044777,-2.970839,-4.161214,-1.90773,-3.106326,-2.506355,-1.206048,25,25,25,25,25,25,25,25,25,25,25,25,25,25,25,25,615,6150,-1.210687,-1.186363,-1.441724,-0.6466362,225.4294,206.652,-1.698028,0.6503951,-0.9074938,-0.5164849,-2.104069,-0.5376525,-1.281612,-2.451256,-3.132108,-4.182652,25,25,25,25,25,25,25,25,25,25,25,25,25,25,25,25,615,6150,-3.102139,-8.826135,-6.259908,-5.288727,-4.66216,-6.116157,-1.293602,-69.4481,0.002238607,0.2416957,-2.006639E-06,-0.3640172,-0.8807508,0.2235308,-0.4428556,3.261261,24,24,24,24,24,24,24,24,24,24,25,25,25,24,25,25
616,6160,-33.5511,-60.94528,-17.23652,-16.08137,-14.84429,-10.61666,-7.658932,-6.898884,-5.820739,-5.167846,-2.970839,-3.909112,-2.146165,-2.867394,-2.267548,0.1218784,25,25,25,25,25,25,25,25,25,25,25,25,25,25,25,25,616,6160,-2.152155,-2.240732,-1.179885,-1.680844,225.9557,208.1272,-1.698028,-1.826321,-0.6486517,-2.190165,-2.104069,-2.154116,-2.177468,-2.117223,-3.132108,-4.182652,25,25,25,25,25,25,25,25,25,25,25,25,25,25,25,25,616,6160,-3.331917,-8.314496,-4.343038,-6.062646,-6.345597,-8.919252,-0.7763021,-68.46401,-0.4923362,0.9674217,-2.006639E-06,0.4848939,0.880295,0.4458616,0.1104743,2.208138,24,24,24,24,24,24,24,24,24,24,25,25,25,24,25,25
617,6170,-32.34861,-61.42898,-15.51338,-14.74158,-12.55117,-10.24643,-7.148477,-7.40043,-5.944656,-5.783191,-3.327321,-3.909112,-3.099906,-2.98686,-1.67053,-0.240283,25,25,25,25,25,25,25,25,25,25,25,25,25,25,25,25,617,6170,-3.900594,-1.581751,-2.096331,-1.939396,226.4819,208.0042,-1.698028,-1.435267,-2.331122,-1.803931,-1.052917,-1.75,-2.04949,-2.5626,-3.85466,-4.295675,25,25,25,25,25,25,25,25,25,25,25,25,25,25,25,25,617,6170,-4.136136,-8.826135,-5.237577,-7.481497,-6.475091,-6.498397,-1.940228,-70.21351,-1.110554,-0.1211657,0.8343834,0.1210758,-0.1102945,-0.4434632,0.1104743,3.612297,24,24,24,24,24,24,24,24,24,24,25,25,25,24,25,25
618,6180,-30.18414,-60.58252,-15.02106,-12.9146,-12.1891,-8.518661,-6.638021,-6.146566,-4.829873,-4.552501,-3.802629,-3.909112,-3.338341,-3.82312,-2.506355,-0.240283,25,25,25,25,25,25,25,25,25,25,25,25,25,25,25,25,618,6180,-1.614174,-3.031509,-2.881849,-1.551568,226.7451,206.4061,-1.306234,-2.347726,-2.201701,-1.803931,-2.49825,-2.962347,-1.921511,-3.453355,-3.372958,-4.746976,25,25,25,25,25,25,25,25,25,25,25,25,25,25,25,25,618,6180,-4.021247,-9.721504,-5.620951,-6.578592,-5.43913,-5.988743,-0.2590017,-69.4481,1.362318,0.3626463,0.4767895,-0.3640172,-0.0002279542,0.5570278,0.7744712,3.261261,24,24,24,24,24,24,24,24,24,24,25,25,25,24,25,25
619,6190,-29.82339,-59.97789,-15.26722,-12.9146,-11.82703,-8.395248,-6.127566,-6.021179,-3.962819,-5.044777,-2.852008,-3.404909,-1.90773,-3.345257,-2.028741,0.4840399,25,25,25,25,25,25,25,25,25,25,25,25,25,25,25,25,619,6190,-3.766098,-3.031509,-1.441724,-1.551568,225.0347,207.3895,-2.351019,-2.478077,-1.684017,-1.160208,-1.709891,-1.884705,-2.689389,-2.117223,-2.168705,-4.295675,25,25,25,25,25,25,25,25,25,25,25,25,25,25,25,25,619,6190,-4.365914,-8.186586,-4.981996,-5.675687,-4.273674,-2.803406,-2.328203,-69.4481,-0.2450488,-0.3630797,0.3575919,0.3636223,0.1098386,0.3346962,-0.7748533,3.027232,24,24,24,24,24,24,24,24,24,24,25,25,25,24,25,25
620,6200,-28.38041,-59.73605,-13.91332,-11.33121,-8.930456,-6.667482,-3.830516,-4.391154,-3.343496,-3.075673,-2.257871,-1.261388,-1.311641,-0.5975482,-0.2376888,-0.8438865,25,25,25,25,25,25,25,25,25,25,25,25,25,25,25,25,620,6200,-2.421145,-1.449955,-0.7871227,-1.422291,226.3503,206.4061,-1.959225,-1.044213,-1.425175,-1.031463,0.786593,-0.133541,-0.8976709,0.8890776,0.4806539,-3.956604,25,25,25,25,25,25,25,25,25,25,25,25,25,25,25,25,620,6200,-3.331917,-7.547037,-4.726412,-5.288727,-1.813267,-3.31306,-1.681578,-69.77613,0.002238607,0.1207387,1.191977,0.6061206,-0.1102945,0.001199168,0.2211413,3.261261,24,24,24,24,24,24,24,24,24,24,25,25,25,24,25,25
621,6210,-29.94364,-59.13143,-14.77489,-11.57481,-9.775287,-6.050423,-3.95813,-3.137289,-2.600307,-2.706466,-1.544907,-1.261388,-0.3579009,-0.9559453,0.239925,0.2425979,25,25,25,25,25,25,25,25,25,25,25,25,25,25,25,25,621,6210,-1.076192,-0.7909738,-1.703569,-0.388084,225.4294,206.2832,-2.351019,-0.001406253,-1.684017,-0.2589953,-0.6587395,-0.2682459,-0.2577263,0.3323556,-0.2418987,-1.244039,25,25,25,25,25,25,25,25,25,25,25,25,25,25,25,25,621,6210,-2.757472,-8.442406,-5.237577,-2.837983,0.3881498,-3.185647,-1.552253,-68.24532,0.2495256,-1.451667,0.119196,0.3635741,-0.3304276,-0.3322971,-0.0001910321,2.09113,24,24,24,24,24,24,24,24,24,24,25,25,25,24,25,25
622,6220,-26.45643,-58.64774,-12.0671,-10.11322,-7.844238,-5.18654,-3.192446,-3.262676,-2.848037,-2.337259,-2.376699,-1.387519,-0.2386825,-1.314291,-0.1182858,-1.206048,25,25,25,25,25,25,25,25,25,25,25,25,25,25,25,25,622,6220,-0.5382111,-0.9227699,-0.3943672,-0.5173606,225.0347,207.0208,-1.567431,-0.6531627,-0.5192267,-0.2589953,0.3924119,0.2705752,-0.001765842,-0.4470006,-0.4827492,-0.5658979,25,25,25,25,25,25,25,25,25,25,25,25,25,25,25,25,622,6220,-0.3448113,-6.523758,-4.981996,-3.224943,-1.424782,-2.166339,-0.7763021,-69.01073,-0.8632666,-0.0002151117,1.311175,0.6061206,-0.5505576,-0.5546278,0.3318066,3.027232,24,24,24,24,24,24,24,24,24,24,25,25,25,24,25,25
623,6230,-25.73494,-57.19666,-12.31326,-8.164438,-8.447681,-4.816303,-3.830516,-3.513449,-3.095766,-2.583396,-2.020217,-2.522553,-1.669295,-1.792154,-1.192967,0.3633189,25,25,25,25,25,25,25,25,25,25,25,25,25,25,25,25,623,6230,-2.28665,-1.054566,-0.7871227,-2.327223,225.6926,207.6354,-2.089822,-0.9138652,-1.813438,-2.705143,-1.052924,-1.211183,-2.177423,-1.894479,-1.686951,-1.244039,25,25,25,25,25,25,25,25,25,25,25,25,25,25,25,25,623,6230,0.574297,-6.907488,-5.748743,-1.161159,-1.683772,-5.479089,-1.552253,-68.90139,0.002238607,0.2416925,1.072779,-0.2427937,0.5500953,0.5570278,-0.2215715,2.208138,24,24,24,24,24,24,24,24,24,24,25,25,25,24,25,25
624,6240,-25.97544,-56.22927,-11.82094,-9.626026,-7.844238,-6.297246,-2.809605,-3.889608,-2.600307,-4.798638,-2.257871,-3.026757,-2.742255,-3.345206,-2.387002,-0.361004,25,25,25,25,25,25,25,25,25,25,25,25,25,25,25,25,624,6240,-0.9416969,-1.054566,-1.965408,-1.293016,226.2188,207.2666,-1.567431,-1.826321,-1.813438,-1.417697,-1.578499,-1.345888,-1.537524,-2.005824,-1.566526,-3.843626,25,25,25,25,25,25,25,25,25,25,25,25,25,25,25,25,624,6240,-2.29792,-7.035398,-5.365369,-3.869876,-4.014685,-4.459781,-0.3883264,-68.35467,-0.8632666,-1.088806,0.3575919,0.2422993,0.4400319,0.668194,-0.5535707,3.481907,24,24,24,24,24,24,24,24,24,24,25,25,25,24,25,25
625,6250,-29.34239,-57.19666,-13.05175,-12.9146,-9.895981,-6.790894,-3.702902,-3.764222,-2.352577,-2.21419,-2.733181,-2.648604,-2.742255,-2.389482,-2.148196,-0.9646059,25,25,25,25,25,25,25,25,25,25,25,25,25,25,25,25,625,6250,-1.614174,-1.713547,-1.048968,-0.5173606,225.2978,206.8978,-2.612214,-1.826321,-1.813438,-0.9027187,-1.709891,-0.4029508,-2.177423,-0.8923782,-0.7235484,-2.71339,25,25,25,25,25,25,25,25,25,25,25,25,25,25,25,25,625,6250,-2.183031,-8.058676,-5.876534,-3.869876,-2.590238,-4.969436,-0.5176519,-68.79204,-0.1214049,0.4836001,0.7151855,-0.2427937,-0.4404942,0.334697,0.7744215,3.247917,24,24,24,24,24,24,24,24,24,24,25,25,25,24,25,25
626,6260,-29.46264,-58.87947,-14.0364,-12.671,-11.22357,-7.284542,-4.468585,-4.265768,-3.219631,-3.075673,-1.901389,-2.270432,-1.788513,-2.508948,-1.431774,-0.7231655,25,25,25,25,25,25,25,25,25,25,25,25,25,25,25,25,626,6260,-1.883164,-1.054617,-0.6562063,-1.939396,226.0872,205.9143,-2.089822,-1.69597,-1.554595,-2.190165,-1.052924,-0.941772,-1.665506,-1.337757,-1.325675,-1.583155,25,25,25,25,25,25,25,25,25,25,25,25,25,25,25,25,626,6260,-1.034145,-6.012119,-4.726412,-2.708997,-3.885189,-6.880637,-0.9056268,-69.12007,0.002238607,0.6045538,-2.006639E-06,0.2422993,-0.0002311648,0.00119997,-0.5535707,2.428965,24,24,24,24,24,24,24,24,24,24,25,25,25,24,25,25
627,6270,-30.18414,-59.72579,-14.40565,-12.5492,-10.49942,-7.778189,-4.979041,-5.26886,-4.086684,-4.306363,-1.782562,-2.396502,-1.311642,-2.508948,-2.028792,-1.326767,25,25,25,25,25,25,25,25,25,25,25,25,25,25,25,25,627,6270,-1.748669,-1.054617,-1.179891,-0.5173606,225.4294,206.1602,-1.959225,-0.5228114,-2.460543,-1.031463,-2.498256,-1.884709,-2.049445,-1.67179,-2.409503,-2.826414,25,25,25,25,25,25,25,25,25,25,25,25,25,25,25,25,627,6270,-1.723475,-6.012119,-6.259959,-4.256835,-2.978724,-3.567887,-1.034952,-69.22941,0.002238607,-0.2421259,1.311175,0.2422993,0.3299653,0.00119997,0.2210915,3.364913,24,24,24,24,24,24,24,24,24,24,25,25,25,24,25,25
628,6280,-28.98165,-58.03316,-14.0364,-11.08761,-10.62012,-6.050423,-4.468585,-3.513449,-3.46736,-4.060225,-2.614354,-3.404909,-2.623037,-4.778792,-3.939248,0.3633189,25,25,25,25,25,25,25,25,25,25,25,25,25,25,25,25,628,6280,-1.210687,-1.450006,-0.9180519,-1.810068,225.2978,206.8978,-1.306234,-1.826321,-1.166333,-2.190165,-2.235467,-1.6153,-1.537524,-1.449102,-1.325675,-2.487343,25,25,25,25,25,25,25,25,25,25,25,25,25,25,25,25,628,6280,-1.953253,-8.058676,-5.237629,-3.740889,-3.108218,-5.224262,-0.7763021,-67.9173,0.620456,0.1207387,0.119196,-0.1215189,-0.1102977,0.4458624,0.1104262,3.130929,24,24,24,24,24,24,24,24,24,24,25,25,25,24,25,25
629,6290,-30.66513,-57.06594,-13.54408,-11.94021,-9.775287,-6.54407,-3.575289,-4.641927,-2.848037,-5.290915,-3.446144,-4.917519,-3.815213,-5.853983,-4.894476,0.2425979,25,25,25,25,25,25,25,25,25,25,25,25,25,25,25,25,629,6290,-0.134725,-0.0002472179,-0.7871355,-1.422239,225.5609,207.3895,-1.698028,-1.174565,-1.554595,-1.932676,-0.921529,-0.6723622,-1.281563,-0.4470006,-0.0009960957,-1.696178,25,25,25,25,25,25,25,25,25,25,25,25,25,25,25,25,629,6290,-1.953253,-6.907488,-5.493212,-3.095957,-2.59024,-2.166339,-1.810903,-68.46401,0.002238607,-0.2421259,0.7151855,0.3635741,-0.3304276,-0.6657941,0.1104262,3.481907,24,24,24,24,24,24,24,24,24,24,25,25,25,24,25,25
630,6300,-29.1019,-58.15407,-13.29791,-11.08761,-8.689069,-5.927011,-3.702902,-3.638835,-2.724172,-2.829535,-2.852008,-2.396502,-3.576778,-3.464671,-3.700441,0.00115743,25,25,25,25,25,25,25,25,25,25,25,25,25,25,25,25,630,6300,-1.076192,-0.2638401,-1.310814,-0.7758606,225.8241,207.3895,-1.828626,-1.304916,-1.942859,-1.288953,-0.7901343,-1.6153,-0.6416654,-1.115067,-1.20525,-1.018037,25,25,25,25,25,25,25,25,25,25,25,25,25,25,25,25,630,6300,-0.1150334,-6.395849,-5.748795,-1.806092,-1.554278,-3.185595,-1.681578,-68.68269,0.2495256,1.088372,1.191977,0.3635741,0.1098354,1.224022,-0.0002407967,3.013934,24,24,24,24,24,24,24,24,24,24,25,25,25,24,25,25
631,6310,-27.65891,-58.03316,-13.17483,-9.991424,-8.206306,-4.692892,-2.29915,-2.635743,-2.104848,-2.706466,-2.614354,-3.404909,-2.742255,-3.823068,-2.506406,0.1218784,25,25,25,25,25,25,25,25,25,25,25,25,25,25,25,25,631,6310,-1.210687,-2.37258,-0.9180519,-0.7758606,225.6926,206.7748,-1.697975,-2.73878,-1.166333,-0.1302509,-1.709891,-0.941772,-1.793484,-2.339857,-2.289078,-1.809202,25,25,25,25,25,25,25,25,25,25,25,25,25,25,25,25,631,6310,-1.493697,-6.267938,-4.982047,-2.837983,-2.460745,-2.421114,-0.9056259,-68.68269,-0.3686922,-0.2421259,0.5959875,-0.0002472179,0.2198988,0.334697,-0.1109061,3.013934,24,24,24,24,24,24,24,24,24,24,25,25,25,24,25,25
632,6320,-28.98165,-58.51677,-14.28256,-13.76719,-10.37874,-6.420658,-5.999952,-5.519633,-4.334414,-5.044777,-3.802626,-5.169621,-4.411303,-4.898258,-3.581037,-1.326767,25,25,25,25,25,25,25,25,25,25,25,25,25,25,25,25,632,6320,-2.824631,-1.977191,-1.441737,-0.9051363,226.3503,207.1437,-2.612161,-1.174571,-1.295753,-1.031463,-1.709891,-1.480593,-1.665506,-1.560446,-0.7235484,-1.922225,25,25,25,25,25,25,25,25,25,25,25,25,25,25,25,25,632,6320,-1.14903,-6.779578,-6.259959,-2.322038,-1.683773,-2.166287,-0.6469758,-69.12007,0.1258821,0.4836001,-2.006639E-06,-0.4853402,-0.0002311648,-0.2211308,0.1104262,3.481907,24,24,24,24,24,24,24,24,24,24,25,25,25,24,25,25
633,6330,-31.98786,-56.82414,-16.37495,-15.22878,-13.15462,-8.888896,-8.807456,-8.027364,-6.192062,-7.628911,-4.753245,-6.55618,-4.649738,-4.778792,-3.222827,0.8462014,25,25,25,25,25,25,25,25,25,25,25,25,25,25,25,25,633,6330,-3.362612,-2.108987,-1.441737,-2.068619,226.7451,206.0373,-1.306181,-1.174571,-1.81344,-0.773974,-0.1331638,-0.8070671,-0.7696456,0.1097214,0.2398544,-2.487343,25,25,25,25,25,25,25,25,25,25,25,25,25,25,25,25,633,6330,-1.608586,-6.523758,-5.237629,-2.451024,-2.201754,-3.822662,-1.164276,-68.02663,0.867743,0.4836001,0.5959875,0.1210276,1.100422,-0.1099654,-0.8855684,2.662955,24,24,24,24,24,24,24,24,24,24,25,25,25,24,25,25
634,6340,-31.50687,-57.06594,-16.25186,-16.56857,-14.7236,-12.71467,-10.0836,-9.657389,-6.81067,-7.997695,-4.9909,-7.438536,-5.245827,-5.495586,-2.864616,-0.481725,25,25,25,25,25,25,25,25,25,25,25,25,25,25,25,25,634,6340,-1.883164,-0.3956362,-1.179891,0.129071,225.2978,206.529,-2.220367,0.5199925,-1.036912,1.285992,-0.6587395,0.001163851,-0.2577263,-1.894479,-2.289078,-1.357108,25,25,25,25,25,25,25,25,25,25,25,25,25,25,25,25,634,6340,-1.034145,-6.140028,-5.876586,-2.837983,-2.460745,-1.019565,-2.586853,-69.4481,-0.6159796,-0.2421227,1.191977,-0.0002472179,-0.5505576,0.1123662,0.1104262,3.364913,24,24,24,24,24,24,24,24,24,24,25,25,25,24,25,25
635,6350,-33.55109,-57.67046,-17.48268,-18.15195,-16.17189,-12.71467,-10.97689,-8.654295,-7.305557,-7.628912,-6.060086,-7.816688,-5.484262,-3.823068,-3.34223,-0.361004,25,25,25,25,25,25,25,25,25,25,25,25,25,25,25,25,635,6350,-3.093621,-2.767969,-1.310814,-2.844275,226.0872,206.6519,-1.436779,-1.174571,-0.5192283,-1.932624,-1.447098,-1.211183,-1.665506,-3.341956,-2.529928,-2.826414,25,25,25,25,25,25,25,25,25,25,25,25,25,25,25,25,635,6350,-0.9192559,-6.651668,-5.36542,-3.224943,-4.273677,-5.22421,-2.716178,-67.80795,0.9913873,0.1207419,0.5959357,-0.1215189,0.4400319,0.8905248,0.2210915,2.54596,24,24,24,24,24,24,24,24,24,24,25,25,25,24,25,25
636,6360,-38.36104,-57.91225,-20.19047,-22.78031,-19.79261,-16.41702,-13.65679,-11.16203,-8.047887,-9.349901,-6.297437,-9.329298,-6.55722,-5.853983,-4.178055,-0.9646059,25,25,25,25,25,25,25,25,25,25,25,25,25,25,25,25,636,6360,-4.304079,-2.636173,-3.40554,-2.973551,225.8241,207.6354,-1.95917,-2.217381,-2.589966,-1.54639,-1.578493,-2.154116,-1.665506,-2.896579,-1.927802,-3.843626,25,25,25,25,25,25,25,25,25,25,25,25,25,25,25,25,636,6360,-1.838364,-6.267938,-5.748795,-5.288727,-4.791657,-5.351623,-1.552252,-68.68269,-1.234197,-0.3630765,0.9535292,-0.1214675,-0.3304276,-0.6657941,-0.1109061,3.013934,24,24,24,24,24,24,24,24,24,24,25,25,25,24,25,25
637,6370,-39.08253,-60.08849,-21.79053,-22.90211,-19.30985,-16.41702,-11.61496,-10.66048,-7.552999,-9.104046,-6.060086,-8.19484,-5.722696,-4.420397,-3.581037,-1.085327,25,25,25,25,25,25,25,25,25,25,25,25,25,25,25,25,637,6370,-2.421145,-3.031561,-2.358177,-2.197895,225.6926,206.6519,-0.7837884,-2.738786,-1.166334,-1.031412,-1.447098,-2.288821,-2.305454,-4.344056,-4.57716,-3.730602,25,25,25,25,25,25,25,25,25,25,25,25,25,25,25,25,637,6370,-1.838364,-6.779578,-5.621003,-3.35393,-3.237715,-4.969383,-4.009429,-69.12007,0.3731691,0.604557,0.5959357,0.121079,-0.0001733736,0.5570278,-0.3322384,2.54596,24,24,24,24,24,24,24,24,24,24,25,25,25,24,25,25
638,6380,-39.20278,-59.12128,-21.2982,-19.12635,-17.13741,-12.83808,-9.445526,-8.905069,-7.181836,-7.874768,-5.94141,-6.682231,-5.126607,-4.539914,-3.461634,0.00115743,25,25,25,25,25,25,25,25,25,25,25,25,25,25,25,25,638,6380,-3.766098,-3.690542,-2.750939,-2.068619,224.7716,206.6519,-2.481563,-2.608435,-1.94286,-2.447603,-3.943582,-2.827642,-3.457271,-3.898733,-3.734182,-5.875106,25,25,25,25,25,25,25,25,25,25,25,25,25,25,25,25,638,6380,-4.136136,-7.419127,-5.109838,-4.772781,-7.511056,-7.77248,-1.293602,-68.90139,-0.8632666,-0.3630765,0.7151337,-0.2427423,0.3300231,0.445913,-0.4429038,2.77995,24,24,24,24,24,24,24,24,24,24,25,25,25,24,25,25
639,6390,-35.59532,-59.36308,-18.71349,-15.59418,-12.91325,-11.72737,-7.658932,-8.654295,-6.068341,-7.874768,-6.060086,-6.808281,-4.888172,-4.659379,-2.625758,-0.6024445,25,25,25,25,25,25,25,25,25,25,25,25,25,25,25,25,639,6390,-3.766098,-2.767969,-2.096338,-2.456447,225.9557,204.9309,-2.220367,-2.999489,-2.589966,-2.318858,-3.023829,-3.635875,-2.689393,-3.342011,-3.734234,-6.326359,25,25,25,25,25,25,25,25,25,25,25,25,25,25,25,25,639,6390,-4.825469,-8.954044,-6.259959,-5.5467,-5.957114,-6.243518,-1.810902,-69.01073,0.2495256,0.1207419,0.8343317,-0.7278353,-0.6605663,0.1124159,-0.2215763,3.013934,24,24,24,24,24,24,24,24,24,24,25,25,25,24,25,25
640,6400,-33.0701,-58.63767,-17.60576,-14.13259,-12.91325,-10.74008,-7.658932,-7.02427,-5.325332,-4.306311,-4.15911,-3.152807,-3.099906,-1.911671,-2.028741,0.1218801,25,25,25,25,25,25,25,25,25,25,25,25,25,25,25,25,640,6400,-2.690136,-2.636173,-2.881855,-1.939343,225.2978,205.6684,-1.828573,-1.565625,-2.072282,-1.675135,-3.023829,-2.962347,-1.665554,-3.119322,-3.85466,-5.423859,25,25,25,25,25,25,25,25,25,25,25,25,25,25,25,25,640,6400,-5.284813,-7.419127,-5.493212,-5.030755,-4.791657,-4.969383,-2.069552,-68.57336,0.7440996,0.2416957,-5.377793E-05,0.8487185,0.4400897,0.001250538,-0.7749063,2.559175,24,24,24,24,24,24,24,24,24,24,25,25,25,24,25,25
641,6410,-32.82961,-59.48398,-18.59041,-17.17756,-14.84429,-10.9869,-7.786547,-7.651204,-5.325332,-4.429381,-3.208491,-3.53096,-1.430859,-2.031136,-1.67053,-0.2402814,25,25,25,25,25,25,25,25,25,25,25,25,25,25,25,25,641,6410,-3.631603,-3.690542,-2.4891,-2.844275,224.7716,206.2831,-1.697975,-2.08703,-1.94286,-3.348815,-2.761039,-2.288821,-2.177472,-3.230667,-3.011682,-4.859791,25,25,25,25,25,25,25,25,25,25,25,25,25,25,25,25,641,6410,-3.791411,-7.419127,-5.876586,-4.514808,-4.014686,-5.479037,-1.681576,-69.55745,0.002238607,0.604557,0.3575398,0.4848971,0.1098932,-0.2210803,0.3317536,3.729312,24,24,24,24,24,24,24,24,24,24,25,25,25,24,25,25
642,6420,-33.7916,-60.81391,-18.71349,-17.29936,-14.12014,-11.72737,-7.148477,-7.40043,-4.582144,-5.044725,-2.970836,-2.270432,-1.192423,-1.553274,-1.431723,-0.8438833,25,25,25,25,25,25,25,25,25,25,25,25,25,25,25,25,642,6420,-4.169584,-3.163306,-3.536456,-3.361379,225.4294,207.0207,-2.742758,-1.435274,-2.331124,-2.190114,-2.235463,-1.75,-2.433432,-2.228567,-2.650406,-4.069679,25,25,25,25,25,25,25,25,25,25,25,25,25,25,25,25,642,6420,-4.365856,-8.058626,-5.36542,-4.385821,-3.10822,-4.587142,-2.069552,-68.13598,0.2495256,-0.4840303,-0.3576477,0.2423506,0.3300231,0.445913,-0.0002440073,2.910218,24,24,24,24,24,24,24,24,24,24,25,25,25,24,25,25
643,6430,-32.46886,-59.36308,-18.22117,-15.35058,-14.36153,-11.48055,-7.403704,-7.149658,-4.829873,-4.183242,-3.208491,-3.657011,-1.90773,-2.508999,-1.67053,0.2426011,25,25,25,25,25,25,25,25,25,25,25,25,25,25,25,25,643,6430,-2.824631,-3.69049,-3.012778,-2.327171,225.9557,206.2831,-1.697975,-2.608435,-3.10765,-2.190114,-2.366858,-3.770579,-2.177472,-4.232766,-3.85466,-4.069679,25,25,25,25,25,25,25,25,25,25,25,25,25,25,25,25,643,6430,-3.561634,-7.163257,-5.748794,-3.869876,-2.978725,-4.587142,-1.034951,-68.24532,-0.3686922,0.3626495,0.7151337,0.3636255,-0.1102399,-0.2210803,0.1104213,3.027232,24,24,24,24,24,24,24,24,24,24,25,25,25,24,25,25
644,6440,-31.86762,-59.60488,-18.46733,-17.17756,-14.24084,-12.09761,-7.658932,-7.901978,-5.696927,-6.152347,-3.327318,-4.161214,-2.503818,-2.747929,-0.9541096,-0.7231623,25,25,25,25,25,25,25,25,25,25,25,25,25,25,25,25,644,6440,-4.438574,-4.744861,-2.881855,-2.327223,225.1663,207.1437,-2.350964,-3.390543,-2.97823,-2.447603,-3.41801,-3.231757,-3.585253,-4.232766,-4.215936,-3.504562,25,25,25,25,25,25,25,25,25,25,25,25,25,25,25,25,644,6440,-3.216967,-7.546986,-5.493211,-3.35398,-4.144181,-6.370931,-3.492129,-69.88548,0.2495256,0.3626495,0.7151337,-0.6065605,0.4400897,0.6682445,-0.0002440073,2.559175,24,24,24,24,24,24,24,24,24,24,25,25,25,24,25,25
645,6450,-33.19035,-59.60488,-18.7135,-16.81217,-13.396,-9.999603,-5.872338,-5.645019,-4.829873,-3.321759,-2.733181,-1.76591,-2.146165,-1.075411,-0.9541096,-0.1195604,25,25,25,25,25,25,25,25,25,25,25,25,25,25,25,25,645,6450,-4.57307,-3.426898,-2.750939,-3.490707,226.0872,206.4061,-2.612161,-3.12984,-3.10765,-3.606305,-2.892434,-4.039989,-4.225149,-3.787389,-4.336361,-4.972606,25,25,25,25,25,25,25,25,25,25,25,25,25,25,25,25,645,6450,-3.791411,-7.419076,-5.237629,-5.159791,-5.957111,-5.606451,-2.716178,-69.55745,-0.6159796,-0.2421227,0.7151337,0.3636255,0.2199565,-0.1099149,-0.4429086,3.144246,24,24,24,24,24,24,24,24,24,24,25,25,25,24,25,25
646,6460,-32.94986,-60.2094,-18.46733,-15.47238,-13.396,-9.75278,-5.872338,-6.397338,-4.582144,-5.167794,-2.614354,-3.783062,-2.146165,-2.747929,-1.67053,-0.2402814,25,25,25,25,25,25,25,25,25,25,25,25,25,25,25,25,646,6460,-4.035089,-3.69049,-2.620016,-2.715051,225.0347,205.7914,-2.220367,-2.347733,-3.495914,-2.061369,-2.892434,-3.905284,-3.073332,-2.228567,-3.613809,-5.423859,25,25,25,25,25,25,25,25,25,25,25,25,25,25,25,25,646,6460,-4.136078,-8.698174,-5.621003,-4.901818,-3.496704,-3.695301,-3.621453,-69.55745,0.002238607,0.2416957,0.4767377,-0.2427423,0.2199565,0.2235821,-0.4429086,2.559175,24,24,24,24,24,24,24,24,24,24,25,25,25,24,25,25
647,6470,-34.63334,-60.69301,-18.7135,-14.25439,-13.15461,-11.72737,-8.169388,-8.403523,-5.449197,-6.89076,-3.327318,-5.547773,-2.503818,-2.628463,-2.028741,-0.9646043,25,25,25,25,25,25,25,25,25,25,25,25,25,25,25,25,647,6470,-2.55564,-2.240732,-1.965415,-2.456499,224.7716,206.2832,-1.959225,-2.08703,-2.072282,-2.447603,-2.761039,-2.154116,-2.305454,-2.451256,-2.650406,-2.82642,25,25,25,25,25,25,25,25,25,25,25,25,25,25,25,25,647,6470,-4.021189,-7.163257,-5.748794,-3.611953,-2.849228,-2.93082,-3.233479,-68.46401,0.3731691,0.604557,0.9535292,1.091265,-0.3303699,0.001250538,-0.2215763,2.793203,24,24,24,24,24,24,24,24,24,24,25,25,25,24,25,25
648,6480,-34.63334,-59.60488,-19.08274,-16.69037,-15.20636,-11.72737,-9.955981,-8.779683,-6.439506,-7.505985,-4.515592,-6.682231,-3.45756,-2.508999,-1.192917,0.3633205,25,25,25,25,25,25,25,25,25,25,25,25,25,25,25,25,648,6480,-1.883164,-2.108936,-1.703576,-2.973603,225.4294,206.2832,-3.004008,-1.69597,-2.072282,-2.318858,-1.315707,-1.884705,-1.793532,-1.003777,-1.325727,-3.165491,25,25,25,25,25,25,25,25,25,25,25,25,25,25,25,25,648,6480,-2.412748,-6.651617,-5.36542,-3.224993,-1.036297,-2.548579,-4.26808,-70.76022,-0.2450488,-0.0002119011,0.4767377,0.606172,-0.5504998,0.6682445,0.3317536,2.910218,24,24,24,24,24,24,24,24,24,24,25,25,25,24,25,25
649,6490,-35.71557,-59.12128,-19.45198,-19.73534,-17.01671,-13.94878,-11.23212,-10.66048,-7.305557,-8.612334,-3.802626,-6.934333,-3.45756,-2.389533,-0.8347057,-0.4817218,25,25,25,25,25,25,25,25,25,25,25,25,25,25,25,25,649,6490,-2.152155,-1.97714,-2.881855,-1.939396,226.3503,206.4061,-1.828626,-1.565618,-2.719388,-1.160156,-0.6587363,-2.423526,-1.793532,-0.8924327,-1.807428,-2.374326,25,25,25,25,25,25,25,25,25,25,25,25,25,25,25,25,649,6490,-2.987192,-7.546986,-5.493211,-4.643845,-2.331248,-3.185647,-3.104154,-68.35467,0.1258821,-0.7259378,0.3575398,0.3636255,-0.0001733736,0.5570791,0.1104213,2.559175,24,24,24,24,24,24,24,24,24,24,25,25,25,24,25,25
650,6500,-34.87383,-60.2094,-20.31355,-21.07513,-19.06845,-14.0722,-10.72167,-9.406615,-8.047887,-7.75184,-4.040281,-6.430129,-3.219124,-2.031136,-1.909338,0.001159035,25,25,25,25,25,25,25,25,25,25,25,25,25,25,25,25,650,6500,-2.152155,-2.767917,-2.4891,-1.163739,226.3503,205.5456,-2.742812,-2.608429,-1.684018,-0.9026674,-1.841282,-1.615295,-2.049493,-1.78319,-1.687003,-2.035255,25,25,25,25,25,25,25,25,25,25,25,25,25,25,25,25,650,6500,-1.263862,-6.907437,-6.004376,-3.869926,-0.906801,-2.038925,-3.104154,-69.66678,-0.7396231,0.1207387,1.668717,0.2423506,-0.8806963,-0.5545773,0.1104213,2.676195,24,24,24,24,24,24,24,24,24,24,25,25,25,24,25,25
651,6510,-34.87383,-61.17661,-20.06739,-21.07513,-17.86156,-15.1829,-11.9978,-11.28741,-8.41905,-8.85819,-3.564973,-6.304078,-3.45756,-3.584188,-1.31232,-1.206045,25,25,25,25,25,25,25,25,25,25,25,25,25,25,25,25,651,6510,-3.362612,-2.504325,-2.096338,-1.680844,226.0872,205.9143,-2.87341,-1.69597,-1.684018,-1.54639,-2.104075,-2.558232,-3.329292,-2.896633,-2.529981,-2.374326,25,25,25,25,25,25,25,25,25,25,25,25,25,25,25,25,651,6510,-1.378751,-7.035347,-5.237629,-3.224993,-2.719733,-5.351676,-2.586853,-69.99482,0.002238607,0.2416925,0.4767903,-0.1214675,0.550153,0.3347476,-0.110911,1.857101,24,24,24,24,24,24,24,24,24,24,25,25,25,24,25,25
652,6520,-35.71557,-62.02293,-20.55972,-21.80592,-20.03398,-16.66385,-13.27394,-11.53819,-8.41905,-9.226972,-5.109727,-7.186435,-4.649736,-4.898309,-3.461583,-1.085324,25,25,25,25,25,25,25,25,25,25,25,25,25,25,25,25,652,6520,-3.497107,-2.108936,-2.096338,-2.197947,225.5609,204.9309,-2.481616,-1.69597,-2.589966,-2.705092,-3.549408,-4.039996,-1.921514,-2.339911,-3.613809,-3.843632,25,25,25,25,25,25,25,25,25,25,25,25,25,25,25,25,652,6520,-2.068081,-6.651617,-5.36542,-4.772831,-4.66216,-4.714608,-2.974829,-69.4481,-0.2450488,-0.7259411,1.549571,0.6061206,-0.1102399,0.2235821,-0.6642409,2.910218,24,24,24,24,24,24,24,24,24,24,25,25,25,24,25,25
653,6530,-35.47507,-61.66022,-21.42129,-21.80592,-21.36158,-16.29361,-13.52917,-11.28741,-8.666495,-7.997695,-5.585037,-7.186435,-4.292135,-4.300982,-2.028741,0.001159035,25,25,25,25,25,25,25,25,25,25,25,25,25,25,25,25,653,6530,-3.631603,-2.372529,-2.750939,-1.680844,224.3769,206.1602,-2.351019,-2.608429,-2.97823,-2.833837,-4.074986,-2.692942,-2.433435,-3.119322,-2.891257,-4.069679,25,25,25,25,25,25,25,25,25,25,25,25,25,25,25,25,653,6530,-2.872303,-8.314445,-5.493211,-5.030804,-3.108218,-4.077541,-2.198879,-69.33876,0.620456,0.2416925,0.2383943,-0.7278867,-0.5505576,0.1124159,-0.110911,2.910218,24,24,24,24,24,24,24,24,24,24,25,25,25,24,25,25
654,6540,-37.03831,-63.35286,-21.66745,-22.29312,-20.63743,-15.30632,-11.9978,-10.66048,-7.181836,-8.735262,-4.753245,-7.060383,-4.769006,-4.898258,-3.222776,0.2426011,25,25,25,25,25,25,25,25,25,25,25,25,25,25,25,25,654,6540,-2.28665,-2.372529,-1.834492,-2.197947,225.8241,206.2832,-1.959225,-2.217375,-2.201702,-3.863794,-1.97268,-2.692942,-2.689396,-2.896579,-2.529981,-3.617585,25,25,25,25,25,25,25,25,25,25,25,25,25,25,25,25,654,6540,-2.872303,-7.163257,-4.854255,-4.772831,-4.144179,-4.969436,-2.198879,-69.12006,0.3731691,0.3626463,0.1191964,0.3635741,-0.1102977,-0.2210803,-0.7749063,2.559175,24,24,24,24,24,24,24,24,24,24,25,25,25,24,25,25
655,6550,-36.43707,-64.19917,-21.05204,-21.80592,-19.30984,-14.56584,-10.97689,-10.53509,-7.305557,-7.997695,-5.109727,-6.808281,-4.530571,-4.539862,-4.297407,-0.8438833,25,25,25,25,25,25,25,25,25,25,25,25,25,25,25,25,655,6550,-2.55564,-1.845343,-2.4891,-2.456499,225.5609,207.0208,-2.612214,-2.478077,-3.10765,-2.061369,-0.921529,-1.884709,-2.433435,-2.896579,-2.168653,-3.165491,25,25,25,25,25,25,25,25,25,25,25,25,25,25,25,25,655,6550,-2.757414,-6.779528,-5.36542,-4.256886,-2.331248,-3.31306,-3.104154,-69.66678,0.3731691,-0.1211721,1.311175,0.1210276,0.1098354,-0.3322457,0.2210915,3.144246,24,24,24,24,24,24,24,24,24,24,25,25,25,24,25,25
656,6560,-39.20278,-64.56188,-23.75983,-23.14571,-21.48226,-15.1829,-12.25303,-11.16203,-7.924165,-8.120624,-5.46621,-6.051977,-4.172919,-3.942534,-3.222776,-0.1195122,25,25,25,25,25,25,25,25,25,25,25,25,25,25,25,25,656,6560,-1.210687,-2.240732,-1.572653,-1.163739,226.0872,205.9143,-1.959225,-2.347726,-1.81344,-1.417646,-1.184315,-2.019416,-1.793536,-1.783135,-2.168653,-3.843626,25,25,25,25,25,25,25,25,25,25,25,25,25,25,25,25,656,6560,-2.987192,-7.035347,-5.109838,-3.869926,-2.072257,-3.185647,-2.974829,-68.13597,0.2495256,-0.6049873,0.3575923,-0.4853402,-0.0002311648,0.2235821,0.3317585,3.144246,24,24,24,24,24,24,24,24,24,24,25,25,25,24,25,25
657,6570,-37.63955,-65.52909,-22.28286,-20.58793,-17.62017,-13.82537,-9.700753,-10.15893,-7.429278,-7.75184,-5.228555,-6.304078,-4.530571,-4.898258,-2.983969,-0.1195122,25,25,25,25,25,25,25,25,25,25,25,25,25,25,25,25,657,6570,-1.748618,-1.845343,-1.179891,-1.163739,224.9031,206.652,-3.265205,-1.956672,-2.072282,-1.160156,-1.578499,-1.345888,-2.561414,-1.003723,-1.566526,-2.035249,25,25,25,25,25,25,25,25,25,25,25,25,25,25,25,25,657,6570,-1.723475,-6.139978,-4.982047,-3.74094,-1.942762,-3.058233,-2.457529,-68.13597,-0.1214049,0.4836001,0.8343838,0.3635741,-0.2203611,-0.5545773,-0.0002407967,2.676195,24,24,24,24,24,24,24,24,24,24,25,25,25,24,25,25
658,6580,-34.03209,-64.45206,-21.2982,-19.36994,-16.77534,-12.22102,-10.21121,-10.28432,-8.41905,-8.85819,-5.703864,-7.060383,-6.080401,-4.539862,-4.297407,-0.6023931,25,25,25,25,25,25,25,25,25,25,25,25,25,25,25,25,658,6580,-2.959075,-1.977191,-1.310814,-1.422291,226.2188,205.1768,-1.959225,-0.9138652,-1.684018,-1.54639,-1.31571,-2.154121,-1.665557,-1.337757,-2.168653,-3.504555,25,25,25,25,25,25,25,25,25,25,25,25,25,25,25,25,658,6580,-1.263919,-6.523757,-6.132168,-2.838035,-2.460742,-3.440474,-3.233479,-69.4481,-0.1214049,0.2416925,0.9535815,-0.2427937,-0.1102977,0.6682445,0.1104262,2.442167,24,24,24,24,24,24,24,24,24,24,25,25,25,24,25,25
659,6590,-35.83582,-64.33114,-22.28285,-22.04952,-19.43052,-14.93608,-12.8911,-11.03664,-8.790216,-9.104045,-5.703864,-7.438536,-5.365095,-5.137189,-3.819793,-0.8438351,25,25,25,25,25,25,25,25,25,25,25,25,25,25,25,25,659,6590,-1.883113,-2.240783,-2.4891,-1.163739,224.5085,205.4226,-2.22042,-1.565618,-2.331124,-1.54639,-2.761046,-1.884709,-1.409597,-2.228513,-2.650354,-2.939437,25,25,25,25,25,25,25,25,25,25,25,25,25,25,25,25,659,6590,-2.527698,-6.779577,-5.36542,-3.096008,-2.590238,-3.567887,-2.069553,-68.68269,-0.1214049,-0.3630797,0.5959879,0.1210276,0.2198988,0.2235821,-0.4429038,2.208138,24,24,24,24,24,24,24,24,24,24,25,25,25,24,25,25
660,6600,-38.24079,-65.90314,-23.51367,-23.51111,-21.24089,-16.41702,-13.27394,-11.78896,-9.408825,-9.718683,-6.297437,-8.06879,-6.080401,-6.451311,-4.655618,-1.326716,25,25,25,25,25,25,25,25,25,25,25,25,25,25,25,25,660,6600,-3.631552,-3.031561,-2.620016,-2.456447,225.4294,206.4061,-1.567431,-1.69597,-1.166334,-2.705092,-2.629651,-2.692942,-1.921514,-2.451201,-2.650354,-3.052461,25,25,25,25,25,25,25,25,25,25,25,25,25,25,25,25,660,6600,-1.953253,-7.291217,-5.621003,-4.127849,-2.460742,-3.822714,-2.586853,-68.68269,-0.7396231,0.7255076,0.4767903,-0.4853402,-0.6606241,0.001250538,-0.1109061,3.027232,24,24,24,24,24,24,24,24,24,24,25,25,25,24,25,25
661,6610,-39.08253,-65.66129,-24.25216,-23.38931,-22.80988,-17.28091,-15.69861,-14.42208,-11.88326,-11.5626,-7.602869,-9.077197,-7.034142,-6.331846,-5.610846,0.1219298,25,25,25,25,25,25,25,25,25,25,25,25,25,25,25,25,661,6610,-5.648981,-4.48132,-4.32198,-3.361379,225.9557,206.652,-2.22042,-1.826321,-2.97823,-2.705092,-2.761046,-3.635878,-3.585253,-4.010023,-3.854607,-3.391532,25,25,25,25,25,25,25,25,25,25,25,25,25,25,25,25,661,6610,-2.642583,-7.035397,-4.854255,-3.869876,-4.532665,-5.096849,-3.621455,-69.55744,0.7440996,0.3626463,0.1191964,0.3635741,0.5500953,0.6682445,-0.2215715,1.740087,24,24,24,24,24,24,24,24,24,24,25,25,25,24,25,25
662,6620,-40.64576,-66.50776,-24.86757,-25.58169,-23.65471,-18.63844,-14.80531,-13.92053,-9.90371,-10.45625,-5.94141,-8.825095,-6.199619,-7.287571,-5.133232,0.001208799,25,25,25,25,25,25,25,25,25,25,25,25,25,25,25,25,662,6620,-5.245494,-5.799282,-4.976581,-3.749206,225.9557,205.4225,-2.351019,-3.260185,-2.97823,-2.833837,-2.761046,-2.962353,-3.329295,-4.010023,-4.215884,-4.746976,25,25,25,25,25,25,25,25,25,25,25,25,25,25,25,25,662,6620,-3.446806,-7.163306,-4.854255,-5.5467,-5.698121,-4.332315,-3.362805,-69.4481,-0.4923362,-0.3630797,0.3575923,0.3635741,-0.5505576,0.001250538,-0.2215715,3.027232,24,24,24,24,24,24,24,24,24,24,25,25,25,24,25,25
663,6630,-43.41148,-67.83791,-27.57536,-29.23566,-24.98231,-19.74914,-16.08145,-14.1713,-10.64604,-10.45625,-6.297437,-8.19484,-5.841966,-5.017723,-5.013828,-0.4816737,25,25,25,25,25,25,25,25,25,25,25,25,25,25,25,25,663,6630,-5.111,-4.876709,-3.40554,-3.102827,224.7716,206.4059,-2.612214,-2.087023,-2.460544,-2.061369,-2.629651,-2.423531,-3.329295,-2.228513,-2.891205,-3.956649,25,25,25,25,25,25,25,25,25,25,25,25,25,25,25,25,663,6630,-3.791472,-7.930766,-6.132168,-3.869876,-3.237713,-3.185595,-2.845504,-68.68269,0.1258821,-0.0002151117,0.5959879,-0.1215189,-0.3304276,0.5570791,-0.0002407967,3.261261,24,24,24,24,24,24,24,24,24,24,25,25,25,24,25,25
664,6640,-44.97472,-68.68438,-27.45228,-27.65228,-24.49955,-18.88526,-16.08145,-14.1713,-10.64604,-10.33332,-6.653463,-6.934333,-6.199619,-5.734517,-4.416811,-0.4816737,25,25,25,25,25,25,25,25,25,25,25,25,25,25,25,25,664,6640,-4.976504,-3.822339,-3.40554,-3.361379,225.8241,205.2995,-3.5264,-1.956679,-2.201702,-1.675135,-2.235467,-2.019416,-2.689396,-2.562546,-2.168653,-3.391532,25,25,25,25,25,25,25,25,25,25,25,25,25,25,25,25,664,6640,-3.561695,-6.523757,-5.109838,-4.256835,-3.755694,-4.459729,-2.069553,-68.68269,-0.2450488,0.2416925,0.3575923,0.4848458,0.4400319,-0.2210803,-0.4429038,2.559175,24,24,24,24,24,24,24,24,24,24,25,25,25,24,25,25
665,6650,-41.84825,-68.20068,-25.60605,-25.2163,-23.05125,-18.76185,-17.22997,-15.17439,-11.26465,-10.21039,-6.772139,-6.682231,-5.841966,-5.495586,-4.894425,-0.8438351,25,25,25,25,25,25,25,25,25,25,25,25,25,25,25,25,665,6650,-3.497056,-3.295154,-3.40554,-2.068619,225.6926,205.2995,-2.089822,-0.7835172,-3.10765,-1.932624,-3.418016,-3.231763,-2.305457,-2.896579,-4.095459,-3.391532,25,25,25,25,25,25,25,25,25,25,25,25,25,25,25,25,665,6650,-2.29792,-6.523757,-5.36542,-4.385821,-2.590238,-3.950076,-2.198879,-69.77613,0.1258821,0.2416925,1.072779,0.9699388,-0.1102977,0.3347476,0.5530891,3.144246,24,24,24,24,24,24,24,24,24,24,25,25,25,24,25,25
666,6660,-39.32303,-66.7496,-24.49832,-22.17132,-20.75813,-16.1702,-14.16724,-11.91435,-10.15115,-7.997695,-6.772139,-5.925926,-5.245878,-4.420397,-3.70039,-0.3609526,25,25,25,25,25,25,25,25,25,25,25,25,25,25,25,25,666,6660,-3.362561,-3.690542,-2.881855,-2.844275,225.0347,206.4059,-2.089822,-2.478084,-2.072282,-3.735101,-3.286618,-2.692942,-2.561414,-3.230612,-2.650354,-3.504555,25,25,25,25,25,25,25,25,25,25,25,25,25,25,25,25,666,6660,-3.446806,-7.674945,-5.237629,-4.127849,-3.108218,-4.84197,-2.586853,-69.12007,0.002238607,-0.2421259,0.1191964,0.1210276,0.5500953,0.3347476,0.1104262,2.676195,24,24,24,24,24,24,24,24,24,24,25,25,25,24,25,25
667,6670,-37.88005,-66.38683,-22.52902,-18.76095,-17.01672,-13.70196,-11.35973,-10.15893,-7.552999,-7.013828,-5.46621,-5.925926,-3.576829,-4.539862,-3.222776,0.001208799,25,25,25,25,25,25,25,25,25,25,25,25,25,25,25,25,667,6670,-3.09357,-3.163357,-3.143701,-3.619931,225.9557,206.5289,-3.134606,-1.695976,-2.97823,-3.348866,-2.629644,-2.962353,-3.201313,-2.451201,-3.252481,-3.391532,25,25,25,25,25,25,25,25,25,25,25,25,25,25,25,25,667,6670,-2.642583,-6.651667,-5.36542,-4.256835,-3.496704,-4.459729,-2.069553,-69.22941,-0.3686922,0.3626463,0.9535292,0.8486671,-0.1102977,-0.5545773,0.1104262,3.027232,24,24,24,24,24,24,24,24,24,24,25,25,25,24,25,25
668,6680,-37.5193,-66.38683,-21.91361,-17.42116,-15.32706,-13.0849,-9.700753,-9.155841,-7.305557,-5.783138,-3.921455,-3.404909,-2.623088,-3.106274,-2.745162,-0.9645545,25,25,25,25,25,25,25,25,25,25,25,25,25,25,25,25,668,6680,-2.959075,-2.767969,-3.929218,-2.973551,225.4294,205.5454,-1.436832,-2.738786,-3.366492,-2.962633,-2.49825,-2.827642,-2.177475,-3.341956,-2.650354,-3.278508,25,25,25,25,25,25,25,25,25,25,25,25,25,25,25,25,668,6680,-3.331917,-7.802856,-5.876585,-3.740889,-3.237713,-4.714556,-3.880105,-69.55745,0.2495256,0.4836001,0.4767377,0.1210822,-0.0002311648,0.1124159,-0.0002407967,2.325152,24,24,24,24,24,24,24,24,24,24,25,25,25,24,25,25
669,6690,-36.07632,-65.29852,-21.17512,-16.32497,-15.44775,-11.97419,-10.08359,-9.030455,-6.81067,-6.029276,-4.15911,-4.287265,-3.576778,-2.986809,-1.431724,-0.2402316,25,25,25,25,25,25,25,25,25,25,25,25,25,25,25,25,669,6690,-2.82458,-3.690542,-2.620016,-2.714999,225.0347,205.9142,-2.612214,-2.738786,-2.460544,-1.932676,-2.104069,-1.75,-2.433432,-2.005824,-2.048227,-3.391532,25,25,25,25,25,25,25,25,25,25,25,25,25,25,25,25,669,6690,-3.217028,-7.035397,-5.237629,-3.482916,-3.108218,-3.058181,-2.586853,-69.99483,0.4968126,-0.3630797,0.9535292,0.2423539,0.4400351,0.445913,-0.6642361,3.612297,24,24,24,24,24,24,24,24,24,24,25,25,25,24,25,25
670,6700,-35.59533,-64.08929,-19.82123,-16.08137,-13.75808,-11.48055,-8.041774,-9.532001,-5.944656,-6.521553,-4.15911,-4.917519,-2.503819,-3.464723,-1.789935,-0.2402316,25,25,25,25,25,25,25,25,25,25,25,25,25,25,25,25,670,6700,-2.017608,-1.845395,-1.572653,-2.197895,225.6926,205.7913,-3.787596,-1.565625,-1.554596,-1.417697,-0.3959468,-2.154116,-2.689393,-0.8924327,-1.20525,-2.035249,25,25,25,25,25,25,25,25,25,25,25,25,25,25,25,25,670,6700,-2.642583,-7.291217,-5.876585,-2.580011,-1.683772,-2.038874,-3.362805,-69.4481,0.7440996,-0.1211721,0.1191442,-1.212925,-0.7706875,0.223481,-0.2215715,2.442167,24,24,24,24,24,24,24,24,24,24,25,25,25,24,25,25
671,6710,-35.11433,-63.1219,-20.55972,-18.15195,-13.75808,-10.24643,-7.403704,-7.525817,-5.944656,-5.660069,-4.277936,-3.53096,-3.219125,-2.628463,-2.625758,-0.4816737,25,25,25,25,25,25,25,25,25,25,25,25,25,25,25,25,671,6710,-0.269169,-0.9228213,-1.048975,-1.551516,225.8241,204.439,-1.959225,0.2592899,-1.166334,-0.2589953,-0.1331606,-0.9417672,-0.8976741,0.1096668,-0.964451,-2.37432,25,25,25,25,25,25,25,25,25,25,25,25,25,25,25,25,671,6710,-2.183031,-5.884209,-5.237629,-2.580011,-2.072257,-2.803355,-2.586853,-69.01073,-0.1214049,-0.0002151117,-0.7152413,0.1210822,0.219902,-0.3323476,-0.7748533,2.325152,24,24,24,24,24,24,24,24,24,24,25,25,25,24,25,25
672,6720,-32.94986,-62.63821,-19.94431,-14.37619,-12.67186,-10.12302,-7.27609,-6.773498,-6.068341,-5.044724,-3.802626,-3.783062,-3.219125,-3.106326,-2.267548,-0.7231141,25,25,25,25,25,25,25,25,25,25,25,25,25,25,25,25,672,6720,-0.0001781896,-0.3956362,-1.048975,-0.5173084,224.3769,205.9142,-1.959225,-0.2621152,-0.7780703,-0.5164849,-0.7901278,-0.4029476,-1.025654,-0.3357107,-0.7236001,-1.583161,25,25,25,25,25,25,25,25,25,25,25,25,25,25,25,25,672,6720,-1.034145,-5.884209,-5.493211,-1.677106,1.035626,0.2545687,-2.586853,-69.99483,0.2495256,-0.0002151117,1.072727,0.7274469,-0.5505544,-0.110016,0.3318066,2.662955,24,24,24,24,24,24,24,24,24,24,25,25,25,24,25,25
673,6730,-30.66513,-62.51729,-18.34425,-14.49799,-13.51669,-11.85078,-8.93507,-9.155841,-6.315784,-6.398484,-4.515592,-4.791468,-3.219125,-3.464723,-2.506355,-0.9645545,25,25,25,25,25,25,25,25,25,25,25,25,25,25,25,25,673,6730,-0.4037157,-0.5274323,-0.001611733,-0.6465841,225.4294,205.9142,-1.828626,-0.001412674,-1.036912,-1.160208,-1.447098,-1.211179,-2.177472,-1.003777,-2.048279,-1.696185,25,25,25,25,25,25,25,25,25,25,25,25,25,25,25,25,673,6730,-1.14903,-6.140028,-5.36542,-0.6452132,-0.2593252,-4.204902,-1.940228,-68.46401,-0.1214049,-0.8468981,-5.377793E-05,0.2423539,0.4400351,0.1123148,0.2211413,2.194981,24,24,24,24,24,24,24,24,24,24,25,25,25,24,25,25
674,6740,-30.18414,-61.79176,-18.59041,-15.10698,-13.75808,-10.24643,-8.169388,-7.525817,-6.068341,-6.029276,-4.753245,-5.547773,-4.530519,-3.703654,-2.386951,-0.2402316,25,25,25,25,25,25,25,25,25,25,25,25,25,25,25,25,674,6740,-1.345183,-0.6591778,-2.227254,-1.551516,225.5609,206.6518,-2.481616,-1.174571,-2.201702,-1.288953,-1.972674,-2.154116,-2.049493,-2.339911,-2.409555,-2.82642,25,25,25,25,25,25,25,25,25,25,25,25,25,25,25,25,674,6740,-0.689478,-6.012068,-5.748794,-2.708997,-1.813267,-4.587142,-1.552253,-68.46401,0.002238607,0.2416925,1.430321,-0.3640108,-0.5505544,-0.2211822,-0.0001910321,3.364919,24,24,24,24,24,24,24,24,24,24,25,25,25,24,25,25
675,6750,-33.7916,-62.51729,-20.06739,-18.39555,-16.53396,-12.83808,-10.08359,-9.657389,-6.563227,-6.521553,-3.446144,-4.539367,-2.861472,-4.300982,-2.625758,0.3633702,25,25,25,25,25,25,25,25,25,25,25,25,25,25,25,25,675,6750,-1.748669,-2.504325,-2.35817,-2.327171,225.4294,205.2995,-1.959225,-1.826327,-2.460544,-2.31891,-2.629644,-2.288821,-2.561411,-4.121422,-3.85466,-3.617585,25,25,25,25,25,25,25,25,25,25,25,25,25,25,25,25,675,6750,-1.608586,-7.546985,-5.748795,-2.708997,-2.590238,-3.185595,-2.845504,-69.4481,0.2495256,0.3626463,-5.377793E-05,-0.3640108,-0.3304245,0.001149403,-0.0001910321,2.311976,24,24,24,24,24,24,24,24,24,24,25,25,25,24,25,25
676,6760,-35.35483,-63.72653,-20.06739,-18.03015,-15.08567,-11.48055,-7.786545,-8.027364,-5.573062,-4.798586,-3.327318,-3.909112,-2.265383,-2.270068,-2.148144,-1.205997,25,25,25,25,25,25,25,25,25,25,25,25,25,25,25,25,676,6760,-2.824631,-2.899713,-2.489087,-1.551568,225.1663,205.5454,-2.87341,-2.738786,-2.331124,-2.576399,-3.15522,-3.097052,-3.84121,-3.342011,-3.372958,-3.165491,25,25,25,25,25,25,25,25,25,25,25,25,25,25,25,25,676,6760,-2.642583,-7.163256,-5.493212,-3.353981,-3.885189,-5.22421,-1.681578,-69.01073,0.2495256,-0.7259411,0.8343317,-0.2427391,-0.0002279542,0.3346456,-0.2215233,2.77995,24,24,24,24,24,24,24,24,24,24,25,25,25,24,25,25
677,6770,-36.67756,-63.96837,-21.2982,-19.36994,-18.5857,-15.05949,-9.190297,-7.275044,-4.953738,-3.444827,-3.327318,-2.522553,-2.503819,-2.270068,-1.192917,-0.3609526,25,25,25,25,25,25,25,25,25,25,25,25,25,25,25,25,677,6770,-3.093621,-2.636121,-2.096331,-2.4565,225.8241,204.9307,-1.828626,-2.08703,-2.589966,-2.705143,-3.023829,-4.174694,-3.073332,-3.119322,-3.613809,-4.634168,25,25,25,25,25,25,25,25,25,25,25,25,25,25,25,25,677,6770,-3.217028,-8.314445,-6.387751,-4.643847,-4.014686,-4.84197,-2.198879,-68.24532,0.2495256,0.4836001,0.8343317,0.2423539,-0.7706875,0.1123148,0.1104743,2.896945,24,24,24,24,24,24,24,24,24,24,25,25,25,24,25,25
678,6780,-36.55731,-64.57299,-23.26751,-24.4855,-20.51675,-18.51503,-10.84928,-9.90816,-7.058114,-7.013828,-3.921455,-4.035163,-3.099908,-3.703654,-1.431723,-0.7231141,25,25,25,25,25,25,25,25,25,25,25,25,25,25,25,25,678,6780,-1.345183,-1.97714,-2.096331,-1.551568,225.1663,205.1768,-2.22042,-1.174571,-2.331124,-1.675187,-3.15522,-2.962347,-2.689393,-2.785289,-3.132108,-4.746976,25,25,25,25,25,25,25,25,25,25,25,25,25,25,25,25,678,6780,-3.676584,-7.291166,-4.470882,-4.643847,-4.532667,-4.969436,-1.681578,-68.90139,0.620456,0.4836001,-5.377793E-05,0.4849004,0.5500985,0.7793089,-0.0001910321,2.428971,24,24,24,24,24,24,24,24,24,24,25,25,25,24,25,25
679,6790,-38.48129,-64.81483,-23.75983,-23.9983,-21.72366,-16.41702,-11.10451,-8.905069,-7.058114,-5.413932,-4.277936,-4.413316,-4.292084,-3.82312,-2.983969,0.001208799,25,25,25,25,25,25,25,25,25,25,25,25,25,25,25,25,679,6790,-1.345183,-1.97714,-1.572646,-2.585776,223.8506,206.0373,-1.697975,-2.217381,-1.94286,-2.31891,-2.235463,-2.288821,-2.049493,-1.78319,-1.446152,-2.713397,25,25,25,25,25,25,25,25,25,25,25,25,25,25,25,25,679,6790,-2.757472,-6.651617,-5.237629,-4.51486,-3.885191,-2.548579,-2.32815,-69.12007,-0.8632666,-0.1211721,0.1191442,0.7274469,0.3299685,0.1123148,0.3318066,3.598902,24,24,24,24,24,24,24,24,24,24,25,25,25,24,25,25
680,6800,-39.68378,-65.1776,-24.6214,-23.38931,-19.18915,-14.93608,-11.48735,-11.28741,-9.16138,-9.841612,-5.822692,-9.959553,-7.63018,-7.765485,-5.013828,0.2426492,25,25,25,25,25,25,25,25,25,25,25,25,25,25,25,25,680,6800,-2.421145,-1.449955,-1.441724,-2.844328,225.1663,205.7914,-2.350964,-1.174565,-2.072282,-1.546442,-1.184312,-1.884705,-2.177472,-0.5583995,-1.084876,-2.939444,25,25,25,25,25,25,25,25,25,25,25,25,25,25,25,25,680,6800,-2.412809,-7.674896,-5.876586,-3.224994,-1.554278,-2.166339,-3.104101,-69.01073,0.620456,-0.2421259,0.7151337,-0.0001926374,0.3299685,0.223481,0.1104743,3.481907,24,24,24,24,24,24,24,24,24,24,25,25,25,24,25,25
681,6810,-39.56353,-65.78223,-24.74448,-24.85089,-21.60296,-18.2682,-14.6777,-14.1713,-11.38837,-12.05431,-7.602869,-11.22006,-9.418446,-9.197821,-7.759963,-1.447437,25,25,25,25,25,25,25,25,25,25,25,25,25,25,25,25,681,6810,-1.076192,-1.318159,-2.227247,-0.775912,226.3503,205.5456,-2.089769,-1.174565,-1.554596,-1.417697,-0.6587363,-1.75,-0.8976741,-1.115121,-1.205302,-2.148279,25,25,25,25,25,25,25,25,25,25,25,25,25,25,25,25,681,6810,-1.838364,-6.139977,-5.621003,-3.096008,-1.813269,-2.293752,-2.5868,-68.24532,0.2495256,0.4836001,0.4767377,0.8487217,-0.1102945,-0.2211822,-0.2215233,3.247924,24,24,24,24,24,24,24,24,24,24,25,25,25,24,25,25
682,6820,-41.36726,-66.26591,-26.34454,-27.53047,-24.74092,-20.11938,-17.4852,-16.30287,-14.23396,-13.28359,-9.145652,-11.34611,-9.18001,-8.839759,-6.088459,0.1219298,25,25,25,25,25,25,25,25,25,25,25,25,25,25,25,25,682,6820,0.134265,-1.054566,-0.1325217,-1.034464,225.5609,206.0373,-2.220367,-1.565618,-0.9074922,-0.1301996,-1.447098,-0.4029476,-1.665554,-1.78319,-1.927854,-1.357114,25,25,25,25,25,25,25,25,25,25,25,25,25,25,25,25,682,6820,-1.263919,-5.500428,-5.621003,-2.709049,0.388149,-1.019618,-3.104101,-68.90139,0.002238607,-0.0001573205,0.9535292,0.7274469,-0.2203579,0.4458118,0.5531389,3.481907,24,24,24,24,24,24,24,24,24,24,25,25,25,24,25,25
683,6830,-43.17099,-67.35423,-25.60605,-26.19068,-21.2409,-19.62573,-14.42247,-14.79823,-12.87303,-12.30017,-8.314923,-9.203248,-7.510963,-7.407086,-4.178004,-0.2402316,25,25,25,25,25,25,25,25,25,25,25,25,25,25,25,25,683,6830,-1.748669,-1.318159,-1.310807,-1.034464,225.6926,205.4226,-2.612161,-1.435267,-1.166334,-1.54639,-2.235467,-2.288821,-2.817371,-1.449156,-1.927854,-1.809208,25,25,25,25,25,25,25,25,25,25,25,25,25,25,25,25,683,6830,-1.378808,-6.395797,-5.748795,-1.54817,-1.295288,-4.077541,-3.362751,-69.01073,0.867743,-0.4839757,0.4767377,0.2423539,0.4400351,0.4458118,0.7744712,3.598902,24,24,24,24,24,24,24,24,24,24,25,25,25,24,25,25
684,6840,-40.52552,-66.74961,-26.22146,-26.06888,-22.44781,-18.14479,-14.55008,-13.79514,-11.63581,-9.595756,-7.84022,-6.68223,-6.080349,-5.13724,-4.297407,0.001208799,25,25,25,25,25,25,25,25,25,25,25,25,25,25,25,25,684,6840,-0.8072015,-0.9227699,-1.048968,-1.551568,225.2978,204.0704,-2.481563,-0.5228114,-1.554596,-1.54639,-2.498256,-2.423531,-1.153633,-0.7810883,-1.325727,-3.617585,25,25,25,25,25,25,25,25,25,25,25,25,25,25,25,25,684,6840,-1.838364,-6.012068,-5.748795,-3.611954,-3.885191,-5.479089,-1.81085,-68.13598,-0.2450488,0.2417503,0.9535292,-0.1214675,-0.2203579,-0.3323476,-0.9961856,3.715898,24,24,24,24,24,24,24,24,24,24,25,25,25,24,25,25
685,6850,-42.56974,-67.11237,-26.83686,-26.43428,-22.80988,-17.89797,-14.6777,-12.66667,-10.27487,-9.472829,-6.534789,-7.186433,-5.365095,-5.9735,-4.178004,-0.7231141,25,25,25,25,25,25,25,25,25,25,25,25,25,25,25,25,685,6850,0.4032558,0.3951923,-0.1325217,-0.0002560471,224.7716,204.9309,-1.436779,-0.5228114,-0.5192283,-0.1301996,-1.709891,-0.6723622,-0.769697,-1.115121,-1.205302,-2.035255,25,25,25,25,25,25,25,25,25,25,25,25,25,25,25,25,685,6850,-1.493697,-5.884158,-6.132168,-3.096008,-1.424783,-3.695301,-2.0695,-68.90139,-0.2450488,-0.2420649,1.191925,0.4848971,-0.7706843,-0.3323476,0.1104743,3.364919,24,24,24,24,24,24,24,24,24,24,25,25,25,24,25,25
686,6860,-44.13298,-68.92622,-27.32919,-28.50487,-24.13747,-19.37891,-15.57099,-16.0521,-12.99675,-12.66895,-7.958896,-10.3377,-6.795707,-6.092966,-3.34218,-1.205997,25,25,25,25,25,25,25,25,25,25,25,25,25,25,25,25,686,6860,0.4032558,-0.1319927,-0.1325217,-0.9051877,225.2978,205.9143,-1.95917,-1.174565,-1.036912,-1.417646,-0.921529,-1.750005,-1.153636,-0.5583417,-0.4827492,-2.374326,25,25,25,25,25,25,25,25,25,25,25,25,25,25,25,25,686,6860,-2.757472,-7.802805,-4.854256,-3.998913,-1.424783,-2.803406,-2.198825,-68.02663,1.115031,0.4836611,0.3575398,-0.7278353,-0.4404878,0.5570278,-0.1108564,3.01394,24,24,24,24,24,24,24,24,24,24,25,25,25,24,25,25
687,6870,-45.9367,-67.95884,-29.05233,-27.53047,-25.10299,-19.2555,-17.99566,-15.17439,-13.61536,-13.16066,-8.67095,-11.34611,-7.74945,-6.331897,-3.939248,0.6048107,25,25,25,25,25,25,25,25,25,25,25,25,25,25,25,25,687,6870,1.210228,1.581358,0.7839185,-0.1295326,225.5609,206.2832,-2.089769,0.3896476,-1.554596,-1.031412,0.786593,0.1358703,-0.3857563,1.00048,-0.0009960957,-2.035255,25,25,25,25,25,25,25,25,25,25,25,25,25,25,25,25,687,6870,-1.953253,-6.012068,-5.748795,-4.385873,-3.626201,-3.822714,-3.750726,-68.13598,0.2495256,0.4836611,0.3575398,1.21254,-0.3304212,-0.2211308,-0.4428556,3.481907,24,24,24,24,24,24,24,24,24,24,25,25,25,24,25,25
688,6880,-44.97472,-68.20068,-27.9446,-26.55608,-23.05125,-20.11938,-16.5919,-16.30287,-12.87303,-13.65237,-8.314923,-11.22006,-6.795707,-7.407086,-4.058651,0.8462014,25,25,25,25,25,25,25,25,25,25,25,25,25,25,25,25,688,6880,0.806742,0.2633963,-0.5252836,-0.2588083,224.9031,204.9309,-0.7837884,-1.044213,0.3867195,-0.5164335,-0.001769053,-1.6153,-0.769697,-2.117165,-2.891205,-2.37432,25,25,25,25,25,25,25,25,25,25,25,25,25,25,25,25,688,6880,-1.034145,-6.779527,-6.004377,-3.998913,-3.496705,-8.027359,-2.198825,-68.35467,0.2495256,0.6046149,0.7151337,0.3636255,-0.4404878,0.334697,0.2211413,3.130986,24,24,24,24,24,24,24,24,24,24,25,25,25,24,25,25
689,6890,-43.53173,-68.32161,-26.22146,-25.21629,-21.96505,-18.63844,-15.57099,-14.1713,-11.38837,-10.08747,-7.484194,-8.572992,-5.961184,-4.778843,-3.222827,-0.6024445,25,25,25,25,25,25,25,25,25,25,25,25,25,25,25,25,689,6890,-1.479627,-1.845343,-0.3943672,-1.034464,225.1663,205.6685,-2.350964,-1.69597,-0.7780703,-1.54639,-2.629651,-2.154121,-2.945356,-3.119264,-3.132056,-3.504555,25,25,25,25,25,25,25,25,25,25,25,25,25,25,25,25,689,6890,-3.102136,-8.186535,-5.36542,-6.449657,-7.38156,-9.937813,-2.457475,-67.80795,-0.1214049,-0.6049295,0.2383422,0.4848971,0.6601682,0.8905248,-0.0001910321,3.013991,24,24,24,24,24,24,24,24,24,24,25,25,25,24,25,25
690,6900,-42.08875,-67.83791,-26.95995,-23.8765,-20.99952,-16.91067,-14.29485,-12.79205,-9.532545,-9.349901,-6.890815,-6.556179,-5.007442,-3.82312,-1.192967,0.3633189,25,25,25,25,25,25,25,25,25,25,25,25,25,25,25,25,690,6900,-2.286598,-1.054617,-0.9180455,-1.422292,225.4294,205.1768,-2.612161,-1.304916,-0.7780703,-1.417646,-1.184315,-2.558237,-2.561414,-1.783132,-1.686951,-5.536667,25,25,25,25,25,25,25,25,25,25,25,25,25,25,25,25,690,6900,-4.4808,-8.826084,-5.493212,-9.029387,-8.158531,-8.79184,-1.81085,-68.02663,0.3731691,-0.0001573205,0.2383422,0.3636255,0.2199052,-0.6657941,-0.553521,2.546017,24,24,24,24,24,24,24,24,24,24,25,25,25,24,25,25
691,6910,-40.28502,-68.32161,-25.23681,-23.8765,-19.55122,-17.77456,-12.38064,-11.91435,-8.790215,-8.612334,-5.822745,-5.673823,-3.338394,-3.106326,-0.7153533,-0.8438865,25,25,25,25,25,25,25,25,25,25,25,25,25,25,25,25,691,6910,-1.748618,-1.450006,-1.179891,-0.775912,225.0347,204.685,-1.567376,-0.5228114,-1.166334,-0.6451778,-1.31571,-1.211183,-1.537575,-1.003721,-2.650354,-4.29572,25,25,25,25,25,25,25,25,25,25,25,25,25,25,25,25,691,6910,-3.331914,-8.186535,-5.876586,-5.675738,-5.180142,-7.517704,-2.32815,-69.22941,-0.3686922,0.4836611,1.072727,0.3636255,-0.3304212,0.334697,-0.3321887,2.896996,24,24,24,24,24,24,24,24,24,24,25,25,25,24,25,25
692,6920,-36.31681,-66.02406,-24.25216,-20.58793,-18.22363,-14.31902,-10.84928,-8.779683,-6.81067,-5.413933,-5.58509,-4.791468,-3.576829,-2.508999,-0.8347571,-0.1195636,25,25,25,25,25,25,25,25,25,25,25,25,25,25,25,25,692,6920,-0.8071501,-1.450006,-0.3943736,-1.551568,225.0347,206.0373,-0.9143869,-1.044213,-0.6486501,-1.417646,-0.5273448,-0.4029508,-0.769697,0.5551022,0.36028,-3.504555,25,25,25,25,25,25,25,25,25,25,25,25,25,25,25,25,692,6920,-3.217025,-8.442354,-5.237629,-4.514808,-4.921153,-8.027359,-2.32815,-68.02663,0.002238607,-0.1211111,0.9535292,0.3636255,0.2199052,0.668194,0.3318066,2.663006,24,24,24,24,24,24,24,24,24,24,25,25,25,24,25,25
693,6930,-33.43085,-65.66129,-23.51367,-19.12634,-16.05119,-12.83808,-9.317912,-8.52891,-6.563227,-6.029277,-4.872127,-4.665417,-2.742306,-2.98686,-1.789985,-0.361004,25,25,25,25,25,25,25,25,25,25,25,25,25,25,25,25,693,6930,-0.5381598,0.395141,-0.1325345,-1.551568,225.1663,206.529,-1.95917,1.041404,0.5161397,0.2560343,0.6552014,-0.133541,-0.1297974,0.1097246,-0.9643988,-1.809202,25,25,25,25,25,25,25,25,25,25,25,25,25,25,25,25,693,6930,-2.527691,-8.442354,-6.004377,-3.740889,-3.10822,-8.919252,-1.422874,-68.02663,-0.7396231,0.362704,0.7151337,-0.2427423,-0.3304212,-0.4434624,0.1104743,3.36497,24,24,24,24,24,24,24,24,24,24,25,25,25,24,25,25
694,6940,-33.67134,-64.69391,-23.63675,-21.19693,-17.01672,-13.70196,-8.679843,-8.403523,-6.686948,-5.66007,-4.515645,-4.917519,-3.338394,-2.747929,-1.909388,-1.326767,25,25,25,25,25,25,25,25,25,25,25,25,25,25,25,25,694,6940,-0.6726552,-0.7910252,-1.310814,-1.034463,225.6926,205.5454,-0.7837884,-1.435267,-1.295754,-0.9026674,-1.052924,-2.019416,-2.177475,-2.896576,-3.132056,-3.052461,25,25,25,25,25,25,25,25,25,25,25,25,25,25,25,25,694,6940,-1.723472,-8.442354,-5.876586,-3.482916,-3.885191,-9.937813,-2.974775,-68.35467,0.620456,0.9674762,0.8343317,1.091265,0.3299718,1.668684,0.4424736,2.663006,24,24,24,24,24,24,24,24,24,24,25,25,25,24,25,25
695,6950,-33.55109,-64.08929,-23.75983,-19.12634,-15.68913,-12.71467,-9.955982,-8.779683,-7.058114,-6.152347,-5.228608,-4.287264,-3.576829,-3.345257,-2.625809,0.2425979,25,25,25,25,25,25,25,25,25,25,25,25,25,25,25,25,695,6950,-2.555589,-3.163357,-1.572653,-1.680844,225.4294,204.8078,-1.828573,-2.999483,-1.295754,-1.417646,-1.97268,-2.019416,-3.073335,-2.785231,-3.493331,-6.213544,25,25,25,25,25,25,25,25,25,25,25,25,25,25,25,25,695,6950,-4.021244,-10.10518,-5.237629,-6.578592,-5.827618,-8.15472,-0.7763013,-67.9173,-0.3686922,-0.6049295,0.4767377,0.7274436,-0.1102913,0.668194,-1.106851,3.013991,24,24,24,24,24,24,24,24,24,24,25,25,25,24,25,25
696,6960,-32.70935,-63.96836,-22.03669,-18.76095,-15.20636,-13.82537,-8.935072,-8.905069,-6.315784,-6.89076,-4.990953,-5.16962,-4.0537,-4.181517,-2.028792,-0.6024445,25,25,25,25,25,25,25,25,25,25,25,25,25,25,25,25,696,6960,-2.959075,-2.240783,-1.048975,-1.551568,224.5085,205.0536,-2.612161,-1.304922,-1.425176,-1.54639,-1.709891,-2.154121,-3.073335,-2.117165,-3.01163,-5.085421,25,25,25,25,25,25,25,25,25,25,25,25,25,25,25,25,696,6960,-4.136133,-9.849362,-6.259959,-5.93366,-4.921153,-7.390239,-2.457528,-69.12007,-0.1214049,0.6046149,0.5959357,0.121079,-0.2203547,0.1123662,0.2211413,2.663006,24,24,24,24,24,24,24,24,24,24,25,25,25,24,25,25
697,6970,-33.0701,-63.60559,-21.79053,-17.90836,-16.53396,-13.45514,-10.59405,-9.155841,-7.058114,-5.906209,-4.753298,-4.917519,-4.411354,-4.181517,-2.625809,0.00115743,25,25,25,25,25,25,25,25,25,25,25,25,25,25,25,25,697,6970,-3.09357,-3.031561,-1.310814,-2.456499,225.5609,203.9473,-1.306181,-1.565625,-1.81344,-2.318858,-1.97268,-2.962353,-2.305457,-2.451198,-3.252481,-5.198229,25,25,25,25,25,25,25,25,25,25,25,25,25,25,25,25,697,6970,-3.791466,-8.826084,-4.854256,-5.417714,-5.180142,-8.53696,-1.034951,-66.82386,0.3731691,1.08843,0.5959357,0.3636255,0.3299718,0.00119997,-0.3321887,3.130986,24,24,24,24,24,24,24,24,24,24,25,25,25,24,25,25
698,6980,-36.07632,-64.08929,-22.03669,-18.03015,-15.68913,-13.45514,-10.84928,-9.782775,-6.439506,-5.537053,-4.040334,-4.539366,-2.623088,-3.464723,-2.98402,-0.361004,25,25,25,25,25,25,25,25,25,25,25,25,25,25,25,25,698,6980,-2.82458,-2.108987,-2.4891,-1.939396,224.3769,204.8078,-1.567376,-2.08703,-2.589966,-1.675135,-3.023835,-2.692942,-2.049496,-2.451198,-3.132056,-4.859791,25,25,25,25,25,25,25,25,25,25,25,25,25,25,25,25,698,6980,-3.791466,-9.849362,-5.36542,-5.804673,-4.791657,-5.988691,-2.716178,-69.12007,0.1258821,-0.7259378,0.9535292,0.121079,-0.2203547,0.4458624,0.3318066,3.247975,24,24,24,24,24,24,24,24,24,24,25,25,25,24,25,25
699,6990,-37.03831,-64.69391,-22.15977,-17.54296,-15.32706,-12.96149,-9.828369,-8.278135,-5.449145,-4.798638,-3.208491,-3.152807,-2.026999,-2.031136,-2.506406,-0.9646059,25,25,25,25,25,25,25,25,25,25,25,25,25,25,25,25,699,6990,-2.959075,-3.163357,-1.965415,-2.844327,225.1663,205.0536,-1.567376,-1.826327,-1.554596,-3.091326,-2.629651,-1.884709,-2.433435,-2.785231,-2.409503,-4.29572,25,25,25,25,25,25,25,25,25,25,25,25,25,25,25,25,699,6990,-4.021244,-10.74473,-5.237629,-4.514808,-2.978725,-3.185595,-1.810902,-67.47992,0.620456,0.1207419,0.8343317,-0.849107,-0.0002247436,0.334697,0.2211413,3.013991,24,24,24,24,24,24,24,24,24,24,25,25,25,24,25,25
700,7000,-34.51308,-65.1776,-22.6521,-18.76095,-16.65465,-12.34443,-8.297002,-7.40043,-4.953686,-4.429432,-3.208491,-2.774655,-2.742306,-1.672739,-2.028792,-0.240283,25,25,25,25,25,25,25,25,25,25,25,25,25,25,25,25,700,7000,-2.959075,-1.977191,-3.012778,-2.456499,225.5609,205.7913,-2.220367,-1.695976,-3.10765,-2.447603,-2.366861,-2.423526,-2.945356,-2.562542,-2.529928,-3.956649,25,25,25,25,25,25,25,25,25,25,25,25,25,25,25,25,700,7000,-2.987247,-9.337723,-5.493212,-4.901768,-2.978725,-4.969383,-1.681576,-67.47992,-0.2450488,0.1207419,0.8343317,0.8487185,0.5501017,-0.5546278,-0.4428556,3.247975,24,24,24,24,24,24,24,24,24,24,25,25,25,24,25,25
701,7010,-34.27259,-64.93575,-21.05204,-18.63915,-14.7236,-12.09761,-8.169389,-7.275044,-4.582091,-4.183294,-3.208491,-3.657011,-2.146166,-2.389533,-0.7153533,-0.6024445,25,25,25,25,25,25,25,25,25,25,25,25,25,25,25,25,701,7010,-1.345131,-2.37258,-2.4891,-1.680844,225.0347,205.0536,-1.436779,-1.956679,-1.94286,-1.54639,-1.052924,-2.154116,-2.561411,-2.673887,-2.409503,-3.504555,25,25,25,25,25,25,25,25,25,25,25,25,25,25,25,25,701,7010,-3.102136,-9.337723,-5.876586,-5.675687,-1.165793,-2.675941,-3.104153,-69.33877,-0.4923362,-0.2421227,0.5959357,0.606172,0.1098418,-0.3322971,0.6638043,3.36497,24,24,24,24,24,24,24,24,24,24,25,25,25,24,25,25
702,7020,-34.03209,-64.69391,-20.19047,-15.35058,-13.75808,-9.259132,-6.89325,-5.519633,-3.838903,-2.09112,-2.139045,-1.5137,-1.43086,-1.672736,-0.9541606,-0.481725,25,25,25,25,25,25,25,25,25,25,25,25,25,25,25,25,702,7020,-1.883113,-2.504376,-2.096338,-1.680844,224.64,205.6683,-1.95917,-2.478084,-1.684018,-1.031412,-2.104075,-2.154116,-2.817371,-2.896633,-3.252481,-3.391532,25,25,25,25,25,25,25,25,25,25,25,25,25,25,25,25,702,7020,-3.217025,-9.721453,-5.109838,-3.740889,-1.683773,-4.714556,-2.328202,-67.37057,0.7440996,-0.3630765,0.1191442,0.3636255,0.7702348,0.00119997,0.3318066,2.312027,24,24,24,24,24,24,24,24,24,24,25,25,25,24,25,25
703,7030,-33.3106,-63.60559,-19.20582,-13.76719,-12.30979,-8.642074,-5.872338,-5.018086,-2.352526,-2.09112,-2.257871,-1.63983,-1.43086,-2.508996,-0.7153026,-0.481725,25,25,25,25,25,25,25,25,25,25,25,25,25,25,25,25,703,7030,-3.09357,-2.240783,-1.834492,-2.844327,225.1663,204.5619,-2.742758,-2.08703,-2.201702,-2.576347,-1.97268,-2.827642,-2.433432,-2.451256,-2.168653,-3.504555,25,25,25,25,25,25,25,25,25,25,25,25,25,25,25,25,703,7030,-2.527691,-9.337723,-5.876586,-5.030755,-2.84923,-3.950076,-1.940227,-67.47992,0.002238607,0.4836033,0.7151337,0.7274436,-0.4404878,-0.1099654,-0.0002440073,2.896996,24,24,24,24,24,24,24,24,24,24,25,25,25,24,25,25
704,7040,-34.27259,-63.72652,-20.19047,-16.44677,-13.39601,-9.876192,-5.617111,-4.265768,-2.600255,-2.337259,-1.42608,-1.38757,-0.2386825,-1.314341,-0.7153026,-1.447488,25,25,25,25,25,25,25,25,25,25,25,25,25,25,25,25,704,7040,-2.555589,-1.977191,-2.227254,-2.327223,224.5085,203.8244,-2.089769,-1.565625,-2.460544,-1.675135,-2.235467,-2.423526,-1.409593,-1.449156,-3.01163,-4.521353,25,25,25,25,25,25,25,25,25,25,25,25,25,25,25,25,704,7040,-2.757469,-9.849362,-5.36542,-4.256835,-2.719734,-4.077489,-2.974828,-68.13598,0.002238607,0.604557,0.4767377,-0.4852888,0.5501017,0.1123662,-0.110911,2.428971,24,24,24,24,24,24,24,24,24,24,25,25,25,24,25,25
705,7050,-32.70936,-62.39637,-19.57506,-14.37619,-13.27532,-8.395248,-4.723813,-4.391153,-1.733202,-0.8604304,-1.663735,-0.5046565,0.2381881,0.1192473,0.4787319,-0.1195636,25,25,25,25,25,25,25,25,25,25,25,25,25,25,25,25,705,7050,-2.017608,-1.31821,-2.227254,-1.939396,224.3769,205.0536,-2.350964,-1.956679,-1.94286,-1.803879,-2.498256,-1.48059,-1.153633,-1.226466,-1.566526,-3.052416,25,25,25,25,25,25,25,25,25,25,25,25,25,25,25,25,705,7050,-2.297913,-8.698174,-5.36542,-2.96697,-1.942764,-1.656633,-2.198877,-67.58926,-0.3686922,-0.8468916,0.7151337,0.3636255,0.4400383,0.2235308,-0.4429086,2.77995,24,24,24,24,24,24,24,24,24,24,25,25,25,24,25,25
706,7060,-28.13991,-62.63821,-16.74419,-12.9146,-10.74081,-8.642074,-2.937219,-3.889608,-1.361607,-1.598844,-0.7131162,-0.5046565,0.2381881,-0.2391497,1.195153,-0.1195636,25,25,25,25,25,25,25,25,25,25,25,25,25,25,25,25,706,7060,-2.421094,-1.845343,-1.441737,-2.327223,224.5085,205.2995,-2.220367,-1.174571,-1.036912,-2.705092,-1.184315,-1.211179,-2.305454,-0.4470551,-1.20525,-2.035204,25,25,25,25,25,25,25,25,25,25,25,25,25,25,25,25,706,7060,-1.723472,-8.442354,-6.132168,-2.837983,-0.7773078,-1.019565,-2.198877,-68.35467,-0.2450488,0.8464679,0.3575398,-0.6065605,-0.4404878,0.1123662,0.2210883,3.01394,24,24,24,24,24,24,24,24,24,24,25,25,25,24,25,25
707,7070,-27.65892,-62.15451,-16.37495,-12.06201,-9.654593,-6.54407,-2.29915,-2.635742,-1.980931,-0.3681541,-0.1189793,0.5043872,0.595841,1.672299,1.07575,-0.9646059,25,25,25,25,25,25,25,25,25,25,25,25,25,25,25,25,707,7070,-2.555589,-1.054566,-2.096331,-2.197947,225.1663,205.4225,-2.350964,-0.7835172,-2.331124,-1.031412,-1.052924,-1.345883,-1.793532,-1.78319,-2.168653,-1.696133,25,25,25,25,25,25,25,25,25,25,25,25,25,25,25,25,707,7070,-1.723472,-7.802805,-4.470882,-1.935078,-2.201754,-4.714556,-2.069552,-68.02663,0.002238607,1.088375,-0.4768453,0.4848971,0.8802981,0.5570278,-0.3322433,2.311976,24,24,24,24,24,24,24,24,24,24,25,25,25,24,25,25
708,7080,-26.21593,-61.79176,-16.12878,-10.96581,-9.775287,-6.173835,-3.32006,-3.011902,-1.361607,-2.583396,-0.1189793,-2.396502,-0.8347715,-1.55327,-0.3570919,-0.481725,25,25,25,25,25,25,25,25,25,25,25,25,25,25,25,25,708,7080,-1.076141,-2.767917,-1.441724,-1.293016,225.1663,205.6683,-1.436779,-2.478084,-1.554596,-1.54639,-1.447105,-1.615295,-2.049493,-2.896633,-2.409504,-3.052416,25,25,25,25,25,25,25,25,25,25,25,25,25,25,25,25,708,7080,-2.183024,-8.058624,-5.621003,-4.127899,-2.072259,-2.038874,-2.198877,-68.46401,-0.2450488,-0.3630765,0.8343317,-0.000195848,0.1098418,0.334697,0.1104213,3.364919,24,24,24,24,24,24,24,24,24,24,25,25,25,24,25,25
709,7090,-29.82339,-62.15451,-17.3596,-15.95957,-13.99945,-10.86349,-8.807457,-7.149658,-5.944604,-7.383088,-3.089663,-5.547773,-3.815213,-4.300979,-3.222776,-1.206048,25,25,25,25,25,25,25,25,25,25,25,25,25,25,25,25,709,7090,-0.9416456,-1.845343,-1.310807,-0.6466362,224.64,205.6683,-2.481563,-1.174571,-1.166334,-0.001455215,-1.184315,-0.2682411,-2.177472,-1.671845,-1.325675,-2.826369,25,25,25,25,25,25,25,25,25,25,25,25,25,25,25,25,709,7090,-2.757469,-8.826084,-5.493212,-4.256886,-1.813269,-1.52922,-1.164276,-68.35467,0.620456,0.8464679,0.8343317,-0.2427423,-0.3304212,0.334697,0.2210883,3.832893,24,24,24,24,24,24,24,24,24,24,25,25,25,24,25,25
710,7100,-31.86762,-62.0336,-19.57506,-17.42116,-17.3788,-13.20831,-10.33882,-8.905069,-7.181836,-7.505984,-4.396763,-6.178028,-4.530519,-4.420445,-2.745162,0.2425979,25,25,25,25,25,25,25,25,25,25,25,25,25,25,25,25,710,7100,-0.5381598,0.5269884,0.3911566,-0.9051877,225.2978,204.9309,-1.828573,0.1289386,-0.3898065,-0.1301996,0.1296225,-1.076474,-2.177472,-2.451256,-1.927802,-3.052416,25,25,25,25,25,25,25,25,25,25,25,25,25,25,25,25,710,7100,-2.412802,-7.930715,-4.726464,-3.482967,-3.496705,-8.79184,-1.422926,-67.37057,0.867743,0.4836033,0.1191442,0.7274436,0.7702348,0.668194,-0.553574,2.194981,24,24,24,24,24,24,24,24,24,24,25,25,25,24,25,25
711,7110,-32.46886,-62.15451,-18.09809,-17.05576,-16.29258,-13.82537,-10.46644,-10.78587,-7.676721,-9.3499,-3.446144,-6.934333,-3.576778,-4.062048,-2.745162,0.1218784,25,25,25,25,25,25,25,25,25,25,25,25,25,25,25,25,711,7110,-0.1346736,-0.0001966506,-1.310807,-0.0002560471,224.9031,203.7015,-1.306234,0.1289386,-1.295754,0.12729,-0.6587395,-1.884705,-2.561411,-2.451256,-2.891205,-4.408538,25,25,25,25,25,25,25,25,25,25,25,25,25,25,25,25,711,7110,-2.527691,-7.802805,-6.132168,-5.546751,-6.345599,-7.390292,-2.84545,-68.68269,0.2495256,0.1207419,1.311123,0.4848971,0.1098418,0.1123662,0.5530859,3.949888,24,24,24,24,24,24,24,24,24,24,25,25,25,24,25,25
712,7120,-32.70936,-62.39637,-18.09809,-16.56857,-16.53396,-14.68926,-12.8911,-11.53819,-8.666495,-9.595755,-4.15911,-6.304078,-3.457561,-2.508996,-2.148144,-0.240283,25,25,25,25,25,25,25,25,25,25,25,25,25,25,25,25,712,7120,-0.0001781896,-0.2637896,-0.3943672,-0.2588075,224.1137,204.8079,-1.436832,-0.1317607,-0.5192283,-0.9026674,-0.3959533,-0.1335362,-1.793532,-1.449156,-0.9643992,-3.50451,25,25,25,25,25,25,25,25,25,25,25,25,25,25,25,25,712,7120,-3.102136,-9.465632,-5.109838,-5.288778,-4.921153,-5.224262,-2.198825,-67.6986,1.115031,-0.3630765,0.2383422,-0.6065605,0.4400383,0.4458624,0.442419,3.598902,24,24,24,24,24,24,24,24,24,24,25,25,25,24,25,25
713,7130,-32.34861,-62.75914,-18.71349,-17.42116,-17.74087,-15.30632,-12.8911,-12.03973,-9.532546,-8.735262,-3.6838,-5.673824,-2.623037,-1.672736,-0.8347057,0.2425979,25,25,25,25,25,25,25,25,25,25,25,25,25,25,25,25,713,7130,-0.269169,-0.6591778,-0.3943672,-1.422291,224.3769,205.2997,-1.567431,-0.1317607,-1.295753,-1.675135,-0.3959533,-0.6723574,-2.305454,-2.228567,-2.289078,-1.922181,25,25,25,25,25,25,25,25,25,25,25,25,25,25,25,25,713,7130,-2.297913,-7.546985,-5.621003,-3.998913,-3.10822,-5.733916,-2.457475,-67.58926,0.3731177,-0.1211657,-0.1192518,0.7274436,-0.0002247436,-0.4434624,-0.110911,3.364919,24,24,24,24,24,24,24,24,24,24,25,25,25,24,25,25
714,7140,-29.46264,-62.39637,-16.99035,-17.29936,-16.65465,-14.19561,-12.25303,-12.29051,-9.656267,-9.841613,-4.515592,-6.934333,-3.219125,-4.181513,-2.625758,-0.7231655,25,25,25,25,25,25,25,25,25,25,25,25,25,25,25,25,714,7140,-1.614122,-0.6591778,-2.489087,-1.293016,224.7716,205.0538,-1.698028,-1.695973,-1.942859,-0.7739226,-1.447105,-2.019409,-2.305454,-2.896633,-3.132056,-3.16544,25,25,25,25,25,25,25,25,25,25,25,25,25,25,25,25,714,7140,-1.608583,-7.802805,-6.004377,-4.901818,-3.237715,-5.606503,-2.716125,-68.79204,0.1258307,-0.0001573205,0.5959357,0.4848971,-0.2203547,0.4458624,0.5530859,3.247924,24,24,24,24,24,24,24,24,24,24,25,25,25,24,25,25
715,7150,-31.02588,-61.5499,-17.48268,-16.69036,-16.89604,-14.31902,-13.91201,-12.41589,-11.01721,-9.96454,-5.703917,-8.446943,-5.722697,-5.6151,-4.416811,-0.361004,25,25,25,25,25,25,25,25,25,25,25,25,25,25,25,25,715,7150,-1.345131,-2.899713,-1.965408,-1.810119,224.9031,205.1767,-1.436832,-2.738783,-1.295753,-1.54639,-2.629651,-1.615295,-3.329292,-4.232766,-3.493332,-3.843581,25,25,25,25,25,25,25,25,25,25,25,25,25,25,25,25,715,7150,-2.757469,-8.570264,-5.493212,-5.159791,-4.403172,-6.62581,-2.716125,-67.6986,0.6204047,-0.6049295,0.8343317,0.121079,0.6601682,0.7793594,0.1104213,3.598902,24,24,24,24,24,24,24,24,24,24,25,25,25,24,25,25
716,7160,-33.0701,-61.67083,-17.72884,-17.42116,-16.53396,-14.0722,-13.01871,-12.03973,-10.02743,-9.104046,-4.634471,-7.312485,-4.530519,-4.659376,-3.34218,-0.8438865,25,25,25,25,25,25,25,25,25,25,25,25,25,25,25,25,716,7160,-2.82458,-3.031509,-1.179885,-1.551568,223.7191,204.8079,-2.742812,-2.087027,-1.942859,-0.9026674,-1.841286,-1.615295,-2.945353,-1.33781,-1.20525,-4.408538,25,25,25,25,25,25,25,25,25,25,25,25,25,25,25,25,716,7160,-3.217025,-9.337723,-6.004377,-6.062697,-5.309638,-5.606503,-2.0695,-67.9173,-0.7396745,0.362704,0.9535292,0.1210758,-0.7706843,-0.3322971,0.1104213,2.194981,24,24,24,24,24,24,24,24,24,24,25,25,25,24,25,25
717,7170,-33.91185,-63.24283,-18.09809,-17.29936,-16.77534,-14.93608,-12.38064,-11.91435,-10.27488,-8.489406,-4.990953,-6.934333,-4.530518,-4.181513,-3.939197,-1.085327,25,25,25,25,25,25,25,25,25,25,25,25,25,25,25,25,717,7170,-2.017608,-1.186363,-1.310807,-1.939396,224.9031,203.4557,-1.959225,-1.044217,-1.425175,-0.9026674,-1.709891,-2.288821,-2.177423,-1.78319,-2.409504,-3.052416,25,25,25,25,25,25,25,25,25,25,25,25,25,25,25,25,717,7170,-2.64258,-8.826084,-5.876586,-5.546751,-4.144181,-3.440474,-3.750726,-69.12007,0.6204047,0.2417503,0.8343317,0.3636223,0.1098932,0.668194,0.3317536,2.428971,24,24,24,24,24,24,24,24,24,24,25,25,25,24,25,25
718,7180,-33.7916,-61.79176,-19.08274,-17.66476,-17.62017,-14.31902,-14.6777,-13.66976,-10.76976,-11.19382,-6.178761,-9.45535,-5.603477,-4.181465,-3.461583,-0.240283,25,25,25,25,25,25,25,25,25,25,25,25,25,25,25,25,718,7180,-2.286598,-1.581751,-2.489087,-1.810119,223.9822,204.0703,-1.567431,-1.174568,-2.201701,-1.932624,-2.892437,-2.558232,-1.921463,-2.785289,-3.493332,-3.956604,25,25,25,25,25,25,25,25,25,25,25,25,25,25,25,25,718,7180,-2.412802,-8.698174,-5.493212,-5.417764,-5.050647,-6.498397,-1.164224,-67.6986,-0.4923875,-1.088745,1.072727,0.6061688,-0.1102399,0.7794099,-0.110911,3.481907,24,24,24,24,24,24,24,24,24,24,25,25,25,24,25,25
719,7190,-34.51309,-61.67083,-19.20582,-20.95333,-17.49948,-16.41702,-12.38064,-12.79205,-9.656267,-10.45625,-5.58509,-8.19484,-5.484261,-5.734517,-4.0586,0.3633189,25,25,25,25,25,25,25,25,25,25,25,25,25,25,25,25,719,7190,-2.017608,-2.636121,-1.965408,-3.232155,224.7716,204.8079,-1.828626,-1.826324,-1.295753,-3.091326,-2.366861,-2.019409,-2.689344,-2.785289,-2.891205,-3.956604,25,25,25,25,25,25,25,25,25,25,25,25,25,25,25,25,719,7190,-3.446803,-9.977273,-5.876586,-7.352561,-5.698123,-6.116157,-1.940174,-68.79204,0.6204047,0.2417503,0.7151337,-0.2427455,0.2199565,0.2235821,0.1104213,3.598902,24,24,24,24,24,24,24,24,24,24,25,25,25,24,25,25
720,7200,-35.35483,-61.42898,-19.69814,-20.22253,-15.93051,-12.83808,-10.33882,-10.53509,-8.913938,-8.489406,-5.347435,-6.934333,-4.768953,-3.106274,-3.222776,-0.7231623,25,25,25,25,25,25,25,25,25,25,25,25,25,25,25,25,720,7200,-2.690084,-2.899713,-3.798289,-3.36143,224.9031,205.1767,-1.959225,-1.565622,-2.589964,-2.705092,-3.023835,-2.423526,-3.713183,-2.673945,-2.891205,-3.843568,25,25,25,25,25,25,25,25,25,25,25,25,25,25,25,25,720,7200,-3.217025,-8.826084,-5.109838,-6.191683,-5.957114,-6.880637,-2.457475,-67.58926,0.4967612,0.8465224,-5.377793E-05,0.3636223,0.4400897,0.3347476,-0.110911,2.676195,24,24,24,24,24,24,24,24,24,24,25,25,25,24,25,25
721,7210,-37.03831,-63.24283,-20.31355,-18.88275,-14.96498,-12.46784,-10.97689,-10.28432,-9.037659,-8.366479,-5.347435,-5.799875,-3.695995,-3.584137,-2.028741,-0.9646043,25,25,25,25,25,25,25,25,25,25,25,25,25,25,25,25,721,7210,-3.497107,-3.163306,-3.536449,-2.844327,224.7716,204.3162,-0.783843,-2.478081,-2.589964,-2.061369,-1.447105,-2.558232,-1.921463,-3.007978,-2.289078,-4.069615,25,25,25,25,25,25,25,25,25,25,25,25,25,25,25,25,721,7210,-3.331856,-8.953993,-4.982047,-5.93371,-4.144181,-3.567887,-2.0695,-69.01073,-0.4923875,0.4836611,1.072727,0.7274404,0.1098932,-0.3322457,0.3317536,3.261261,24,24,24,24,24,24,24,24,24,24,25,25,25,24,25,25
722,7220,-34.87384,-63.59466,-18.71349,-17.54296,-14.7236,-12.59125,-9.700753,-10.78587,-8.542773,-8.366479,-5.58509,-6.304078,-3.93443,-4.300931,-2.386951,-1.568206,25,25,25,25,25,25,25,25,25,25,25,25,25,25,25,25,722,7220,-2.690135,-3.690491,-2.227247,-2.197947,224.64,204.9309,-2.351019,-2.738783,-2.331122,-0.9026674,-1.052924,-0.5376525,-2.561363,-0.8924327,-0.1214217,-3.391474,25,25,25,25,25,25,25,25,25,25,25,25,25,25,25,25,722,7220,-4.021189,-9.209813,-5.36542,-4.772831,-2.59024,-3.185647,-2.5868,-67.6986,0.6204047,-0.2420649,0.3575398,0.3636223,0.8803495,0.6682445,0.7744182,2.79321,24,24,24,24,24,24,24,24,24,24,25,25,25,24,25,25
723,7230,-34.27259,-62.62744,-19.20582,-16.32497,-14.96498,-11.60396,-10.97689,-10.53509,-9.532546,-8.366479,-5.822745,-6.934333,-5.126607,-4.420397,-3.34218,0.001159035,25,25,25,25,25,25,25,25,25,25,25,25,25,25,25,25,723,7230,-1.614173,-0.9227699,-0.9181097,-1.551568,225.0347,204.0703,-2.481616,-0.262112,-0.9074906,-0.5164335,-0.3959533,-1.884705,-2.049445,-0.00167755,1.444108,-2.713333,25,25,25,25,25,25,25,25,25,25,25,25,25,25,25,25,723,7230,-1.953192,-8.698174,-6.259959,-5.288778,-5.568628,-9.17408,-2.0695,-67.9173,-0.7396745,0.6046149,1.191925,0.3636223,-0.5504998,-0.7769089,0.2210883,2.676195,24,24,24,24,24,24,24,24,24,24,25,25,25,24,25,25
724,7240,-35.35483,-62.14383,-18.59041,-16.69036,-14.60291,-11.85078,-10.46644,-10.78587,-8.171608,-8.981117,-4.515645,-6.55618,-3.815212,-4.420397,-3.103372,-0.2402814,25,25,25,25,25,25,25,25,25,25,25,25,25,25,25,25,724,7240,-1.345182,-1.186363,-0.7871933,-1.680844,224.7716,203.5786,-2.481616,-0.9138652,-1.295753,-0.3876887,-1.841286,-3.097052,-1.665506,-1.560501,-1.686951,-2.826356,25,25,25,25,25,25,25,25,25,25,25,25,25,25,25,25,724,7240,-0.2298645,-7.035346,-5.748794,-4.127847,-5.957114,-7.772532,-3.492075,-68.79204,-0.1214563,0.8465224,0.9535292,-0.2427455,-0.0001733736,0.7794099,0.442419,1.974116,24,24,24,24,24,24,24,24,24,24,25,25,25,24,25,25
725,7250,-36.31682,-63.23195,-19.20582,-18.15195,-16.29257,-13.70196,-10.59405,-10.66048,-8.790216,-8.366479,-4.872127,-5.799875,-3.576777,-3.106274,-2.983969,-0.4817218,25,25,25,25,25,25,25,25,25,25,25,25,25,25,25,25,725,7250,-2.017659,-1.845343,-2.227312,-2.068671,223.8506,204.9309,-1.828626,-1.956676,-1.942859,-1.675135,-3.418016,-2.962347,-2.689344,-2.5626,-1.686951,-3.391474,25,25,25,25,25,25,25,25,25,25,25,25,25,25,25,25,725,7250,-1.608528,-8.058624,-4.982047,-5.933658,-6.993072,-8.027359,-1.681524,-67.58926,-0.616031,-1.693517,1.072727,0.1210758,0.6602196,0.445913,-0.0002440073,2.79321,24,24,24,24,24,24,24,24,24,24,25,25,25,24,25,25
726,7260,-36.07632,-63.35286,-18.95966,-17.78656,-16.65464,-14.19561,-11.87019,-11.4128,-9.037659,-8.489406,-4.753298,-6.808281,-3.338341,-3.22574,-2.028741,-0.4817218,25,25,25,25,25,25,25,25,25,25,25,25,25,25,25,25,726,7260,-2.55564,-2.767917,-2.750996,-2.715051,224.2453,204.9309,-2.22042,-1.826324,-2.848806,-3.091326,-2.761046,-2.962347,-3.201262,-2.117223,-1.325675,-3.27845,25,25,25,25,25,25,25,25,25,25,25,25,25,25,25,25,726,7260,-1.953192,-9.593543,-6.259959,-6.707576,-6.734082,-7.899946,-2.84545,-68.90139,-0.1214563,0.7255687,0.5959357,-0.3640172,-0.5504998,0.001250538,-0.110911,3.378275,24,24,24,24,24,24,24,24,24,24,25,25,25,24,25,25
727,7270,-33.91185,-63.71556,-17.72884,-17.29936,-15.08566,-14.0722,-10.46644,-11.53819,-8.41905,-8.981117,-4.872127,-7.438536,-3.93443,-4.062,-1.551127,-0.3610008,25,25,25,25,25,25,25,25,25,25,25,25,25,25,25,25,727,7270,-2.690135,-2.240732,-3.274675,-2.327223,225.0347,205.0538,-2.089767,-2.087027,-3.107648,-1.54639,-1.97268,-3.635875,-2.689344,-2.785289,-1.446101,-3.617521,25,25,25,25,25,25,25,25,25,25,25,25,25,25,25,25,727,7270,-2.872303,-8.826084,-5.493211,-4.901766,-4.92115,-6.498397,-2.069553,-67.37057,-0.1214563,0.4836611,0.4767377,0.6061688,0.9904161,0.2235821,-0.0002440073,2.559181,24,24,24,24,24,24,24,24,24,24,25,25,25,24,25,25
728,7280,-33.91185,-63.59466,-18.71349,-17.17756,-15.80981,-12.34443,-10.84928,-9.782774,-8.542773,-6.644623,-4.277989,-4.917519,-2.980688,-2.031085,-1.909338,-0.6024429,25,25,25,25,25,25,25,25,25,25,25,25,25,25,25,25,728,7280,-2.017659,-3.295102,-3.143758,-2.327223,224.5085,203.8245,-1.82857,-2.478081,-1.942859,-2.318858,-3.023835,-3.231757,-3.073283,-3.787389,-2.891205,-4.069615,25,25,25,25,25,25,25,25,25,25,25,25,25,25,25,25,728,7280,-2.18297,-9.593543,-5.36542,-5.546698,-3.755694,-4.842023,-1.681578,-68.57335,-0.4923875,-0.3630219,0.5959357,0.3636223,0.2199565,-0.1099149,0.1104213,3.144246,24,24,24,24,24,24,24,24,24,24,25,25,25,24,25,25
729,7290,-34.0321,-63.35286,-17.3596,-14.74158,-13.51668,-9.876192,-8.041774,-7.901977,-6.315784,-5.044725,-3.208544,-3.152807,-1.192423,-1.314291,0.120522,-0.8438833,25,25,25,25,25,25,25,25,25,25,25,25,25,25,25,25,729,7290,-2.55564,-2.372529,-2.620074,-1.680844,224.64,204.9309,-2.612158,-2.217378,-2.201702,-2.190114,-3.155227,-3.097052,-4.481061,-3.342011,-2.168653,-3.730545,25,25,25,25,25,25,25,25,25,25,25,25,25,25,25,25,729,7290,-2.872303,-10.10518,-5.493211,-4.901766,-3.626199,-5.096849,-2.069553,-67.47991,0.620456,0.2417503,0.8343317,-0.970385,0.3300231,0.445913,0.5530859,3.378275,24,24,24,24,24,24,24,24,24,24,25,25,25,24,25,25
730,7300,-33.91185,-63.95736,-16.49803,-13.52359,-12.18909,-9.629369,-7.403704,-7.275043,-5.201468,-3.937105,-2.257924,-1.76591,-0.0002464153,-0.8364282,0.001118099,-0.9646043,25,25,25,25,25,25,25,25,25,25,25,25,25,25,25,25,730,7300,-2.690135,-1.713547,-2.227312,-2.715051,225.5609,203.8245,-2.612158,-1.956676,-1.81344,-1.932624,-1.447105,-3.097052,-2.561363,-1.115121,-1.325675,-3.956592,25,25,25,25,25,25,25,25,25,25,25,25,25,25,25,25,730,7300,-3.216967,-8.826084,-5.109838,-5.546698,-5.18014,-5.606503,-2.457529,-67.69859,0.2495256,0.1207419,0.7151337,1.091262,0.3300231,0.2235821,-0.7749063,3.027232,24,24,24,24,24,24,24,24,24,24,25,25,25,24,25,25
731,7310,-31.98787,-62.86924,-16.0057,-11.33121,-10.25804,-6.914306,-6.255179,-5.268859,-4.706008,-2.829483,-2.733235,-2.396502,-1.073205,-1.07536,-0.2376888,0.2426011,25,25,25,25,25,25,25,25,25,25,25,25,25,25,25,25,731,7310,-1.210687,-0.6591778,-1.572711,-0.388084,223.8506,204.0703,-2.350962,-0.6531659,-2.072282,-1.160156,-2.235467,-1.615295,-2.049445,-1.560501,-1.927802,-3.052403,25,25,25,25,25,25,25,25,25,25,25,25,25,25,25,25,731,7310,-1.838306,-8.058624,-6.004376,-3.740888,-1.036297,-1.656685,-2.845504,-68.90138,-0.2450488,0.3626495,0.5959879,0.6061688,-0.4404364,-0.1099149,0.1104213,2.676195,24,24,24,24,24,24,24,24,24,24,25,25,25,24,25,25
732,7320,-30.54489,-61.41842,-14.65181,-10.47862,-9.05113,-7.16113,-4.979041,-5.268859,-2.848037,-3.690966,-0.9508243,-1.89204,0.1189712,-2.031085,-0.3570919,-0.1195604,25,25,25,25,25,25,25,25,25,25,25,25,25,25,25,25,732,7320,-0.4037149,-1.054566,-0.9181097,-1.293016,223.3243,204.3162,-1.436776,-0.9138652,-1.036912,-1.675135,-2.761046,-2.154118,-2.817323,-2.5626,-1.927802,-2.374262,25,25,25,25,25,25,25,25,25,25,25,25,25,25,25,25,732,7320,-2.757414,-9.081903,-5.748794,-3.482915,-2.331248,-3.950128,-2.328203,-68.24531,0.867743,-0.2421227,0.3575923,-0.6065605,0.1098932,0.6682445,0.442419,3.144246,24,24,24,24,24,24,24,24,24,24,25,25,25,24,25,25
733,7330,-30.90563,-61.17661,-15.51338,-12.671,-10.13735,-7.284542,-3.830516,-3.889608,-2.724172,-2.952552,-1.663789,-1.63978,-0.3578993,-0.8364282,-1.431723,-1.085324,25,25,25,25,25,25,25,25,25,25,25,25,25,25,25,25,733,7330,-1.345182,-0.7909738,-1.572711,-1.939396,225.1663,204.4391,-2.481561,-0.5228146,-2.072282,-2.833837,-1.052924,-1.750003,-2.94535,-0.5583995,-1.566526,-3.617521,25,25,25,25,25,25,25,25,25,25,25,25,25,25,25,25,733,7330,-2.18297,-8.826084,-5.109838,-5.288725,-3.885189,-4.969436,-2.328203,-68.02663,0.1258821,0.2416957,0.8343838,1.333812,-0.0002279542,-0.3322457,-0.4429086,2.559181,24,24,24,24,24,24,24,24,24,24,25,25,25,24,25,25
734,7340,-32.70936,-61.41842,-16.37495,-13.88899,-12.18909,-8.765485,-7.148477,-6.397337,-4.829873,-4.921657,-1.901443,-3.152807,-1.430859,-1.792154,-1.31232,-0.4817218,25,25,25,25,25,25,25,25,25,25,25,25,25,25,25,25,734,7340,-1.748668,-0.5273817,-2.096395,-0.9051877,225.2978,204.8079,-1.697973,-1.565622,-2.331124,-1.417646,-1.578499,-2.692939,-2.30545,-2.228509,-1.686951,-3.391474,25,25,25,25,25,25,25,25,25,25,25,25,25,25,25,25,734,7340,-2.297859,-8.186535,-6.259959,-4.643793,-4.532665,-7.390293,-2.845504,-68.24531,0.2495256,0.604557,1.072779,0.4848971,-0.2203579,0.4458616,0.3317536,2.559181,24,24,24,24,24,24,24,24,24,24,25,25,25,24,25,25
735,7350,-32.82961,-60.08849,-15.63646,-15.47238,-11.22357,-9.75278,-5.61711,-6.898883,-5.077602,-6.152347,-2.733235,-5.295672,-1.788512,-4.062,-2.267599,-0.7231623,25,25,25,25,25,25,25,25,25,25,25,25,25,25,25,25,735,7350,-0.4037149,-1.054566,-0.9181097,-0.6466362,225.4294,204.1932,-1.044982,-2.217378,-1.554596,-1.288901,-2.366861,-1.884708,-2.177468,-2.451198,-2.168653,-4.182639,25,25,25,25,25,25,25,25,25,25,25,25,25,25,25,25,735,7350,-2.987192,-9.337723,-5.36542,-5.288725,-4.66216,-8.027359,-1.034952,-67.47991,0.620456,-0.3630765,0.2383943,-0.2427423,-0.2203579,0.5570262,0.7744198,3.027232,24,24,24,24,24,24,24,24,24,24,25,25,25,24,25,25
736,7360,-31.74737,-60.93481,-16.12878,-16.56857,-13.75807,-10.24643,-7.531318,-6.898883,-6.315784,-4.921657,-3.208544,-3.657011,-2.980688,-2.508948,-2.506406,-0.3610008,25,25,25,25,25,25,25,25,25,25,25,25,25,25,25,25,736,7360,-1.345182,-1.713547,-0.6562706,-1.293016,223.9822,204.8079,-3.003952,-2.087027,-1.684018,-1.54639,-2.629651,-1.884708,-3.073328,-1.783132,-1.084824,-3.617579,25,25,25,25,25,25,25,25,25,25,25,25,25,25,25,25,736,7360,-1.953192,-7.930715,-5.493211,-3.99886,-0.906801,-2.166339,-1.293602,-67.37057,-0.8632666,0.2416957,1.311175,-0.2427423,-0.440491,-0.4434632,-0.000242402,2.910218,24,24,24,24,24,24,24,24,24,24,25,25,25,24,25,25
737,7370,-33.5511,-61.17661,-16.49803,-14.49798,-11.58564,-7.654778,-5.361882,-5.519632,-4.582144,-3.937105,-1.782616,-2.396502,-1.192423,-2.508948,-1.312371,-0.9646043,25,25,25,25,25,25,25,25,25,25,25,25,25,25,25,25,737,7370,-2.286598,-0.5273817,-0.7871933,-1.163739,224.64,203.5786,-1.436776,-1.304919,-2.331124,-1.675135,-2.104075,-2.692939,-2.433429,-1.115065,-2.289078,-4.29572,25,25,25,25,25,25,25,25,25,25,25,25,25,25,25,25,737,7370,-1.263916,-8.570264,-5.493211,-2.837983,-0.906801,-3.822715,-2.845504,-68.24531,0.1258821,0.2416957,0.5959879,-0.364014,-0.1102945,0.6681924,-0.1109077,2.208138,24,24,24,24,24,24,24,24,24,24,25,25,25,24,25,25
738,7380,-33.5511,-62.14383,-15.88262,-13.52359,-10.7408,-8.642074,-5.872338,-6.773497,-4.582144,-5.537002,-2.49558,-3.657011,-1.669294,-3.22574,-1.789985,-0.9646043,25,25,25,25,25,25,25,25,25,25,25,25,25,25,25,25,738,7380,-0.9416456,-0.1320441,-1.179955,-0.9051877,224.1137,203.3327,-1.697973,-1.044217,-2.331124,-1.031412,-1.97268,-1.480592,-2.04949,-0.3356529,-1.807377,-3.730602,25,25,25,25,25,25,25,25,25,25,25,25,25,25,25,25,738,7380,-1.378805,-8.186535,-5.621003,-2.966969,-1.295286,-2.421166,-0.9056268,-67.26122,0.1258821,-0.8468916,1.191977,0.8487185,0.219902,0.5570262,-0.000242402,2.793203,24,24,24,24,24,24,24,24,24,24,25,25,25,24,25,25
739,7390,-30.42463,-60.3303,-15.02105,-11.57481,-10.37874,-7.407954,-6.510407,-6.898883,-4.953738,-5.167794,-2.733235,-4.287265,-2.3846,-3.823068,-2.267599,-0.1195604,25,25,25,25,25,25,25,25,25,25,25,25,25,25,25,25,739,7390,0.1343164,-0.9228213,-0.7871163,-1.422291,223.4559,203.7015,-1.697973,-1.695973,-1.295754,-0.7739226,-1.052924,-1.076475,-1.665551,-0.8923765,-0.843974,-2.939437,25,25,25,25,25,25,25,25,25,25,25,25,25,25,25,25,739,7390,-0.6894748,-8.442354,-6.387699,-2.451023,0.258655,-2.293752,-2.457529,-68.13597,0.1258821,0.3626495,1.072779,-0.2427423,-0.7706875,-0.3322978,0.5530875,3.027232,24,24,24,24,24,24,24,24,24,24,25,25,25,24,25,25
740,7400,-30.66513,-60.08849,-15.26722,-14.61978,-12.0684,-10.61666,-7.020863,-7.651203,-5.573062,-6.767692,-2.852063,-5.295672,-2.503818,-4.659328,-2.745213,0.4840415,25,25,25,25,25,25,25,25,25,25,25,25,25,25,25,25,740,7400,-1.076141,0.1315488,-0.6561999,-1.939343,224.3769,204.8079,-2.481561,-0.3924633,-1.166334,-0.2589439,-0.3959533,-1.076475,-1.665551,-0.2243086,-0.843974,-3.278508,25,25,25,25,25,25,25,25,25,25,25,25,25,25,25,25,740,7400,-1.034138,-8.186535,-5.49316,-2.193103,-1.295286,-2.548579,-2.457529,-67.91729,0.1258821,0.3626495,-1.605311E-06,-0.000195848,0.1098386,0.3346954,-0.1109077,2.442167,24,24,24,24,24,24,24,24,24,24,25,25,25,24,25,25
741,7410,-32.58911,-61.90203,-17.3596,-16.93396,-13.75807,-10.36984,-6.893249,-6.648111,-5.944656,-5.78314,-3.089717,-3.152807,-2.980688,-2.747877,-3.103423,-0.7231623,25,25,25,25,25,25,25,25,25,25,25,25,25,25,25,25,741,7410,-1.345131,-1.31821,-2.620003,-1.551516,224.64,204.1932,-1.436776,-1.826324,-2.331124,-1.675135,-2.235467,-3.635878,-2.30545,-2.785231,-2.650354,-3.052461,25,25,25,25,25,25,25,25,25,25,25,25,25,25,25,25,741,7410,-1.378805,-6.907436,-5.748743,-4.127899,-4.40317,-8.282187,-1.940228,-68.24531,-0.3686927,0.2416957,0.5959879,1.091265,0.4400351,0.1123646,0.4424222,3.261261,24,24,24,24,24,24,24,24,24,24,25,25,25,24,25,25
742,7420,-32.94986,-62.38564,-17.97501,-15.47238,-13.15461,-10.36984,-6.893249,-6.648111,-5.325332,-4.675519,-2.257926,-2.522553,-1.430859,-1.194825,-0.9541606,-0.2402814,25,25,25,25,25,25,25,25,25,25,25,25,25,25,25,25,742,7420,-2.555589,-3.295154,-1.965402,-2.068619,224.64,204.3162,-2.089767,-2.999486,-2.460544,-1.932624,-3.023835,-2.558234,-3.457268,-2.896576,-2.77078,-4.859791,25,25,25,25,25,25,25,25,25,25,25,25,25,25,25,25,742,7420,-2.872358,-8.953993,-6.132116,-6.449656,-6.604587,-8.4096,-2.069553,-68.02663,0.3731691,0.2416957,0.8343838,-0.364014,0.5500985,0.4458616,0.2210899,2.910218,24,24,24,24,24,24,24,24,24,24,25,25,25,24,25,25
743,7430,-33.3106,-63.35286,-16.0057,-12.7928,-9.654587,-8.642074,-4.979041,-6.271952,-4.953738,-4.429381,-2.376753,-2.144301,-0.9539876,-1.553222,0.001067532,-0.1195604,25,25,25,25,25,25,25,25,25,25,25,25,25,25,25,25,743,7430,-1.614122,-1.713599,-1.310801,-1.292964,224.64,203.7015,-2.089822,-0.9138652,-1.554596,-0.7739226,-1.052924,-1.480592,-2.433429,-0.4469973,-0.4826979,-3.843626,25,25,25,25,25,25,25,25,25,25,25,25,25,25,25,25,743,7430,-3.791466,-8.570264,-4.981996,-5.288778,-3.755694,-2.548579,-1.681578,-67.47991,-0.1214049,0.1207419,0.5959879,0.8487185,0.219902,-0.109967,-0.6642377,2.559175,24,24,24,24,24,24,24,24,24,24,25,25,25,24,25,25
744,7440,-31.26638,-62.26473,-13.91332,-9.382428,-8.206301,-6.050423,-4.213357,-3.889608,-4.086684,-2.829483,-2.733235,-1.89204,-2.503818,-1.433757,-1.192967,-0.1195604,25,25,25,25,25,25,25,25,25,25,25,25,25,25,25,25,744,7440,-0.269169,-0.2638401,-0.3943544,-0.3880318,224.3769,203.5786,-1.306234,0.1289386,-0.9074922,-0.001455215,0.2610172,-0.8070655,-0.7696906,0.8891354,-0.6031231,-3.843626,25,25,25,25,25,25,25,25,25,25,25,25,25,25,25,25,744,7440,-1.608583,-7.163256,-5.748743,-3.611953,-1.942762,-2.038925,-1.293602,-68.02663,0.1258821,0.3626495,0.9535815,0.606172,-0.2203579,-0.3322978,0.6637529,3.612297,24,24,24,24,24,24,24,24,24,24,25,25,25,24,25,25
745,7450,-29.82339,-61.17661,-13.05175,-9.13883,-7.602844,-6.420658,-4.340971,-3.889608,-3.467309,-3.814035,-1.782616,-2.522553,-1.669294,-3.464671,-2.148196,-0.2402814,25,25,25,25,25,25,25,25,25,25,25,25,25,25,25,25,745,7450,0.9412888,-0.1320441,0.2602467,-0.2587561,223.8506,203.9474,-1.828626,-0.1317639,-0.1309645,0.12729,-0.5273448,0.001167061,0.1261678,0.1097246,0.7215558,-1.583155,25,25,25,25,25,25,25,25,25,25,25,25,25,25,25,25,745,7450,-1.723472,-7.546985,-5.237577,-2.967021,-1.295286,-2.803406,-2.198879,-67.37057,0.4968126,-0.2421227,-1.605311E-06,0.121079,-0.0002279542,0.5570262,-0.000242402,2.442167,24,24,24,24,24,24,24,24,24,24,25,25,25,24,25,25
746,7460,-31.26638,-62.02293,-13.79024,-9.626026,-8.447675,-6.790894,-4.468585,-4.641927,-3.343444,-3.690966,-1.782616,-3.026757,-1.550077,-2.747877,-2.387002,-0.4817218,25,25,25,25,25,25,25,25,25,25,25,25,25,25,25,25,746,7460,0.5378026,0.79053,0.1293239,-0.1294804,224.7715,205.2997,-1.306234,0.1289386,-0.1309645,-0.773974,-1.052924,-1.076475,-2.04949,-2.785231,-2.77078,-1.696178,25,25,25,25,25,25,25,25,25,25,25,25,25,25,25,25,746,7460,0.3445255,-7.930715,-6.132116,-3.998913,-3.108218,-4.332368,-1.422927,-67.04253,0.002238607,-0.1211721,1.430373,0.8487185,-0.1102945,0.1123646,0.4424222,2.793203,24,24,24,24,24,24,24,24,24,24,25,25,25,24,25,25
747,7470,-33.3106,-61.66022,-14.52873,-10.84402,-9.895974,-6.914306,-4.851427,-5.519633,-3.962768,-3.937105,-3.208544,-2.900706,-2.742253,-2.150551,-1.551178,0.001159035,25,25,25,25,25,25,25,25,25,25,25,25,25,25,25,25,747,7470,-2.286598,-1.845395,-2.358164,-1.551516,224.64,204.4391,-2.481616,-0.9138684,-2.589966,-2.190165,-2.366861,-3.23176,-3.969188,-3.898675,-3.372906,-4.972606,25,25,25,25,25,25,25,25,25,25,25,25,25,25,25,25,747,7470,-1.608583,-8.442354,-6.259908,-5.804723,-4.92115,-7.262879,-3.104154,-67.69859,-0.3686922,0.1207387,0.953581,0.3636255,-0.1102945,0.4458616,-0.000242402,2.091124,24,24,24,24,24,24,24,24,24,24,25,25,25,24,25,25
748,7480,-33.0701,-62.02293,-13.421,-11.33121,-8.930437,-7.407953,-4.596199,-4.265768,-3.343444,-4.798587,-2.49558,-2.900706,-1.669294,-3.584137,-0.9541606,0.001159035,25,25,25,25,25,25,25,25,25,25,25,25,25,25,25,25,748,7480,-1.614122,-2.240783,-1.703563,-0.9051363,224.64,204.0703,-1.436832,-2.869138,-2.072282,-1.675187,-2.892437,-3.231757,-3.329289,-3.675987,-3.01163,-5.423859,25,25,25,25,25,25,25,25,25,25,25,25,25,25,25,25,748,7480,-4.021244,-9.593543,-5.620951,-6.965601,-6.345597,-6.753224,-2.457529,-67.37057,-0.3686922,-0.3630797,0.4767895,0.3636255,0.4400351,0.22353,-0.442907,3.261261,24,24,24,24,24,24,24,24,24,24,25,25,25,24,25,25
749,7490,-32.34861,-61.90203,-12.55943,-10.11322,-8.689062,-6.420658,-4.340971,-4.265768,-3.219579,-3.075622,-2.614408,-2.396502,-2.623035,-2.270016,-2.506406,-0.4817218,25,25,25,25,25,25,25,25,25,25,25,25,25,25,25,25,749,7490,-2.017608,-1.977191,-1.441717,-0.7758606,224.7715,204.1932,-1.959225,-1.565625,-1.554596,-1.417697,-2.761046,-2.558232,-3.329295,-2.228509,-1.566526,-3.730602,25,25,25,25,25,25,25,25,25,25,25,25,25,25,25,25,749,7490,-4.251022,-9.849362,-6.004325,-6.578642,-6.345597,-9.937813,-1.552253,-67.69859,0.9913873,0.6045538,0.8343834,-0.849107,-0.2203611,0.1123646,0.4424222,3.027232,24,24,24,24,24,24,24,24,24,24,25,25,25,24,25,25
750,7500,-35.47507,-62.26473,-14.77489,-13.27999,-10.62011,-7.654778,-4.468585,-3.764222,-2.600255,-2.583345,-1.663789,-1.76591,-0.8347699,-1.911671,-1.192967,-0.6024429,25,25,25,25,25,25,25,25,25,25,25,25,25,25,25,25,750,7500,-1.345131,-1.31821,-1.57264,-1.680791,224.7715,202.5951,-2.089822,-0.9138684,-1.684018,-1.288953,-2.104075,-3.366465,-2.817374,-1.449156,-2.048228,-4.859791,25,25,25,25,25,25,25,25,25,25,25,25,25,25,25,25,750,7500,-4.136133,-9.593543,-5.365369,-5.030804,-7.122568,-6.498397,-2.974829,-68.13597,0.002238607,0.3626463,-0.5959915,0.8487185,-0.0002311648,0.001250538,-0.5535724,2.091124,24,24,24,24,24,24,24,24,24,24,25,25,25,24,25,25
751,7510,-31.74737,-62.62744,-13.421,-11.20941,-8.809756,-6.914306,-3.32006,-4.014995,-2.72412,-2.952552,-1.188479,-2.018171,-0.7155523,-1.672739,-0.8347571,-0.8438833,25,25,25,25,25,25,25,25,25,25,25,25,25,25,25,25,751,7510,-1.076141,-0.7910252,-1.703563,-1.292964,224.64,203.4557,-1.828626,-0.3924633,-1.554596,-1.675187,-4.469168,-6.329978,-5.632933,-7.90099,-8.183245,-4.634168,25,25,25,25,25,25,25,25,25,25,25,25,25,25,25,25,751,7510,-1.608583,-8.314445,-5.365369,-3.611953,-5.309636,-9.174081,-3.104154,-68.02663,-0.4923362,-0.3630797,0.8343834,0.606172,0.4400319,-0.5545773,0.2210899,3.261261,24,24,24,24,24,24,24,24,24,24,25,25,25,24,25,25
752,7520,-29.82339,-61.05571,-12.55943,-8.895232,-8.809756,-5.309951,-3.192446,-3.513449,-1.857067,-1.968,-2.020271,-1.76591,-1.550077,-1.911671,-0.7153533,0.1218784,25,25,25,25,25,25,25,25,25,25,25,25,25,25,25,25,752,7520,-1.748618,-1.845395,-1.703563,-2.585723,224.2453,204.1932,-1.828626,-3.12984,-2.072282,-3.735101,-4.863348,-6.195274,-6.656772,-8.345551,-7.341946,-8.131364,25,25,25,25,25,25,25,25,25,25,25,25,25,25,25,25,752,7520,-5.514193,-11.2561,-5.876534,-6.836615,-8.029034,-8.282187,-3.362805,-68.02663,0.620456,-0.0002151117,0.2383939,-0.4852888,-0.3304276,0.445913,0.4424222,3.378275,24,24,24,24,24,24,24,24,24,24,25,25,25,24,25,25
753,7530,-28.13991,-60.4512,-12.43635,-9.26063,-8.568369,-5.927011,-2.171535,-3.011903,-1.733202,-2.583345,-1.069652,-2.270432,-1.192423,-2.867394,-1.073564,-0.1195636,25,25,25,25,25,25,25,25,25,25,25,25,25,25,25,25,753,7530,-2.55564,-1.977191,-2.227241,-3.490655,224.3769,204.685,-2.22042,-2.478084,-3.366492,-4.378824,-4.99474,-5.521749,-7.42465,-6.122747,-6.380462,-7.454488,25,25,25,25,25,25,25,25,25,25,25,25,25,25,25,25,753,7530,-5.284813,-10.10518,-4.854204,-7.094588,-8.41752,-9.174081,-2.586853,-66.9332,0.3731691,0.3626463,1.430373,0.4848971,0.1098354,-0.1099149,-0.5535724,2.442167,24,24,24,24,24,24,24,24,24,24,25,25,25,24,25,25
754,7540,-28.62091,-60.46159,-12.80559,-10.47862,-7.602844,-5.18654,-2.29915,-2.134197,-1.609337,-1.968,-1.426134,-1.63978,-1.311641,-1.314342,-1.551178,-0.481725,25,25,25,25,25,25,25,25,25,25,25,25,25,25,25,25,754,7540,-2.017659,-1.581751,-2.096318,-2.327171,224.64,204.1932,-2.351019,-2.217381,-2.97823,-2.31891,-2.761046,-4.982926,-4.737073,-4.900203,-3.975034,-6.664797,25,25,25,25,25,25,25,25,25,25,25,25,25,25,25,25,754,7540,-5.055247,-9.977323,-6.771072,-6.707629,-5.827616,-5.733917,-3.233479,-68.79203,0.002238607,-0.1211721,0.3575919,0.606172,-0.4404942,0.1124159,0.8850852,3.144246,24,24,24,24,24,24,24,24,24,24,25,25,25,24,25,25
755,7550,-27.17793,-60.09882,-12.55943,-8.895232,-7.120082,-4.692892,-2.171535,-2.38497,-1.237742,-2.337207,-0.9508243,-1.63978,-0.9539876,-1.194877,0.001067532,-0.6024445,25,25,25,25,25,25,25,25,25,25,25,25,25,25,25,25,755,7550,-0.6727057,-2.108936,-1.441737,-2.197895,224.5084,204.3162,-2.351019,-3.12984,-1.554596,-1.803931,-2.629651,-3.231757,-4.737073,-4.121422,-4.336309,-5.198229,25,25,25,25,25,25,25,25,25,25,25,25,25,25,25,25,755,7550,-4.595692,-10.10523,-5.237629,-5.030804,-3.496704,-6.116158,-2.069553,-67.37057,0.7440996,-0.7259411,-0.1192,-0.000195848,0.3299653,0.8905753,0.7744198,3.027232,24,24,24,24,24,24,24,24,24,24,25,25,25,24,25,25
756,7560,-25.61469,-60.34067,-11.94402,-9.017033,-5.551103,-4.816303,-2.554377,-3.011903,-2.228661,-3.321759,-2.020271,-1.63978,-0.9539876,-1.672739,0.1204706,-0.481725,25,25,25,25,25,25,25,25,25,25,25,25,25,25,25,25,756,7560,-0.9416965,-1.318159,-0.6562127,-0.775912,224.1137,204.5621,-2.87341,-1.304922,-1.295754,-1.288953,-2.366861,-3.366465,-4.353134,-3.342011,-3.252481,-4.634168,25,25,25,25,25,25,25,25,25,25,25,25,25,25,25,25,756,7560,-2.412809,-8.186584,-5.876585,-4.901768,-4.273674,-6.370985,-2.457529,-67.26122,-0.4923362,0.4836001,1.072779,0.3636255,-0.2203611,-0.4434119,-0.2215747,3.027232,24,24,24,24,24,24,24,24,24,24,25,25,25,24,25,25
757,7570,-27.77917,-58.88959,-11.69786,-6.946449,-6.154565,-3.705344,-2.043908,-2.134197,-2.228661,-1.968,-2.020271,-1.76591,-0.8347699,-1.792205,-0.7153533,0.2425979,25,25,25,25,25,25,25,25,25,25,25,25,25,25,25,25,757,7570,-0.6727057,-0.7909738,-0.6562127,-0.775912,224.64,202.3493,-1.959225,-0.5228146,-1.554596,-1.288953,-1.709891,-3.366465,-3.073335,-2.117223,-2.650354,-5.198229,25,25,25,25,25,25,25,25,25,25,25,25,25,25,25,25,757,7570,-2.29792,-8.570314,-6.004376,-4.385821,-4.92115,-6.753224,-2.457529,-67.69859,0.4968126,0.1207387,0.953581,0.3636255,-0.3304276,0.3347476,0.2210899,2.676195,24,24,24,24,24,24,24,24,24,24,25,25,25,24,25,25
758,7580,-27.53867,-59.01051,-11.20553,-7.555444,-4.826972,-2.840619,-1.27745,-1.381089,-0.9900132,-1.721862,-1.069652,-1.387519,0.2381889,-2.270068,-1.312371,0.2425979,25,25,25,25,25,25,25,25,25,25,25,25,25,25,25,25,758,7580,-0.4037149,-1.186363,-2.096338,-1.034464,223.4559,203.2098,-1.828626,-0.9138684,-2.719388,-1.288953,-3.549408,-3.366465,-3.969195,-3.898733,-3.975034,-4.521353,25,25,25,25,25,25,25,25,25,25,25,25,25,25,25,25,758,7580,-2.98725,-8.186584,-4.726464,-3.869876,-4.014685,-7.262879,-2.845504,-67.04253,0.3731691,-0.8468981,0.119196,-0.000195848,0.2198988,0.5570791,-0.1109077,1.974116,24,24,24,24,24,24,24,24,24,24,25,25,25,24,25,25
759,7590,-27.41842,-59.85698,-10.22088,-6.215656,-4.706278,-2.840619,-0.5109409,-1.883407,-0.7422835,-2.091069,-1.069652,-1.387519,-0.2386817,-1.075411,-0.5959494,-1.688929,25,25,25,25,25,25,25,25,25,25,25,25,25,25,25,25,759,7590,-1.614173,-1.713547,-0.9180519,-2.197948,223.5875,204.4391,-1.697975,-2.08703,-1.295754,-3.348866,-1.31571,-2.962347,-3.073335,-2.673945,-2.77078,-4.521353,25,25,25,25,25,25,25,25,25,25,25,25,25,25,25,25,759,7590,-2.642583,-8.314495,-5.876585,-6.707578,-5.827616,-6.498397,-1.940228,-68.13597,-0.1214049,0.2416925,0.953581,0.121079,-0.5505576,-0.6657427,-0.5535724,2.910224,24,24,24,24,24,24,24,24,24,24,25,25,25,24,25,25
760,7600,-24.17171,-59.01051,-9.236229,-4.509472,-4.223516,-1.975893,-1.277399,-2.259583,-0.4945539,-1.598793,-1.307307,-1.009127,-0.2386817,-0.4780826,-0.4765463,0.1218784,25,25,25,25,25,25,25,25,25,25,25,25,25,25,25,25,760,7600,-2.82463,-1.581751,-1.834492,-2.068672,224.64,204.3162,-1.95917,-1.174565,-2.848808,-2.190165,-1.709891,-2.019409,-3.201313,-1.560501,-1.325675,-3.504555,25,25,25,25,25,25,25,25,25,25,25,25,25,25,25,25,760,7600,-2.98725,-9.593593,-6.132168,-4.643795,-4.532665,-6.753224,-1.810903,-68.13597,0.620456,0.3626463,0.4767895,0.121079,0.1098354,0.7794099,-0.000242402,2.676195,24,24,24,24,24,24,24,24,24,24,25,25,25,24,25,25
761,7610,-23.45022,-59.13143,-7.63617,-4.875091,-3.861448,-3.211215,-1.277399,-3.513449,-1.980931,-3.814035,-1.782616,-4.035163,-2.503818,-3.82312,-2.387002,-0.1195636,25,25,25,25,25,25,25,25,25,25,25,25,25,25,25,25,761,7610,-0.2692204,-1.449955,-1.834492,-1.551568,224.5085,204.4391,-1.567376,-1.826321,-1.295756,-0.2589953,-0.7901343,-1.615295,-3.073335,-1.226466,-0.3622722,-4.069673,25,25,25,25,25,25,25,25,25,25,25,25,25,25,25,25,761,7610,-3.331917,-8.442405,-5.748794,-4.901768,-6.734082,-5.988744,-2.069553,-68.24531,0.620456,-0.9678518,0.953581,-0.000195848,-0.1102977,0.5570791,-0.2215747,2.676195,24,24,24,24,24,24,24,24,24,24,25,25,25,24,25,25
762,7620,-26.09569,-58.76867,-9.236229,-8.042641,-6.395952,-4.56948,-1.916113,-3.262676,-2.228661,-3.19869,-2.49558,-2.900706,-2.861471,-2.628463,-2.745213,-0.481725,25,25,25,25,25,25,25,25,25,25,25,25,25,25,25,25,762,7620,-1.748668,-2.636121,-1.703576,-1.81012,223.7191,203.9474,-2.481563,-1.956672,-2.201704,-2.705143,-3.286618,-2.154116,-2.817374,-1.449156,-0.0009960957,-3.052461,25,25,25,25,25,25,25,25,25,25,25,25,25,25,25,25,762,7620,-1.953253,-8.442405,-6.259959,-8.255416,-8.806005,-9.174081,-3.362805,-68.24531,0.1258821,0.1207387,1.430373,0.606172,-0.1102977,-0.1099149,-0.000242402,2.676195,24,24,24,24,24,24,24,24,24,24,25,25,25,24,25,25
763,7630,-30.18414,-60.46159,-10.95937,-9.017033,-6.878714,-3.952409,-2.426764,-2.259583,-1.361607,-1.967999,-1.663787,-1.135258,-1.192423,-1.792205,-0.3571433,-0.9646059,25,25,25,25,25,25,25,25,25,25,25,25,25,25,25,25,763,7630,-3.228116,-2.372529,-1.572653,-3.10288,224.3769,202.841,-2.873356,-1.69597,-2.201704,-3.348866,-2.366861,-3.366465,-2.561414,-1.226466,-0.3622722,-3.617579,25,25,25,25,25,25,25,25,25,25,25,25,25,25,25,25,763,7630,-1.953253,-9.081953,-6.004376,-6.320619,-8.029034,-9.683477,-3.362805,-68.24531,0.3731691,-0.0002151117,0.7151859,-0.000195848,-0.5505576,0.3347476,0.2210899,2.208138,24,24,24,24,24,24,24,24,24,24,25,25,25,24,25,25
764,7640,-27.29817,-61.30806,-10.95937,-9.382428,-7.361476,-5.18654,-2.426764,-2.38497,-1.857067,-1.598793,-1.307305,-0.630787,0.1189712,-0.7170139,0.2398745,-1.447488,25,25,25,25,25,25,25,25,25,25,25,25,25,25,25,25,764,7640,-2.421145,-1.449955,-2.227254,-1.551568,223.8506,203.3327,-1.697975,-1.826321,-2.072284,-2.833888,-3.680799,-3.770583,-3.073335,-3.342011,-2.409504,-3.504555,25,25,25,25,25,25,25,25,25,25,25,25,25,25,25,25,764,7640,-2.412809,-8.698225,-5.493211,-5.804673,-6.993072,-13.62568,-2.586853,-67.91729,-0.2450488,-0.4840335,0.9535815,0.8487185,0.3299653,0.6682445,0.2210899,2.442167,24,24,24,24,24,24,24,24,24,24,25,25,25,24,25,25
765,7650,-25.25395,-59.85698,-10.71321,-6.702852,-6.516633,-2.964151,-1.277399,-1.25551,-0.9900132,-1.106517,-1.307305,-0.630787,0.1189704,0.1192441,0.9562952,0.2425979,25,25,25,25,25,25,25,25,25,25,25,25,25,25,25,25,765,7650,-3.093621,-2.636121,-1.703576,-2.973604,223.7191,204.1933,-2.220367,-3.260185,-2.460547,-4.378824,-3.812197,-3.097058,-3.713231,-2.117223,-1.807377,-4.859791,25,25,25,25,25,25,25,25,25,25,25,25,25,25,25,25,765,7650,-3.906361,-10.48896,-6.132168,-7.997444,-8.935498,-10.82799,-1.034952,-68.13597,-0.3686922,0.4836001,0.4767903,0.2423506,-0.4404942,-0.4434119,0.2210899,3.144246,24,24,24,24,24,24,24,24,24,24,25,25,25,24,25,25
766,7660,-25.01345,-58.28497,-10.22088,-7.555444,-5.309734,-4.075832,-0.3831981,-1.757828,0.3724996,-1.844931,0.4751047,-0.378526,1.072712,-1.792205,-0.1183355,-0.361004,25,25,25,25,25,25,25,25,25,25,25,25,25,25,25,25,766,7660,-2.152154,-1.97714,-1.834492,-2.973604,223.8506,204.4391,-2.350964,-1.435267,-2.978231,-3.348866,-2.629651,-2.423531,-3.20131,-0.8923765,-0.7235484,-4.29572,25,25,25,25,25,25,25,25,25,25,25,25,25,25,25,25,766,7660,-4.136136,-11.2561,-5.237629,-5.804673,-4.532665,-7.262879,-3.104154,-68.13597,0.4968126,0.1207387,0.4767903,0.121079,-0.1102977,0.3346962,0.2210899,2.79321,24,24,24,24,24,24,24,24,24,24,25,25,25,24,25,25
767,7670,-25.1337,-57.9222,-10.59012,-9.260631,-6.516633,-5.063127,-2.554377,-3.262676,-1.857067,-2.706414,-1.188478,-2.774655,-1.788513,-2.747929,-2.864566,-0.361004,25,25,25,25,25,25,25,25,25,25,25,25,25,25,25,25,767,7670,-0.9416965,-0.7909738,-1.965415,-2.197948,224.64,203.8245,-2.089769,-1.304916,-2.589967,-1.546442,-1.447105,-2.019416,-2.049493,-1.671787,-0.6031231,-3.052461,25,25,25,25,25,25,25,25,25,25,25,25,25,25,25,25,767,7670,-4.021247,-9.337773,-5.493211,-5.288727,-4.791656,-9.174081,-1.940228,-67.80795,0.002238607,-0.1211721,1.072779,0.121079,0.2198988,0.4458616,-0.2215747,2.79321,24,24,24,24,24,24,24,24,24,24,25,25,25,24,25,25
768,7680,-29.94364,-58.76867,-13.17483,-12.3056,-10.98219,-9.259132,-7.403704,-6.397338,-4.829821,-5.413932,-3.446197,-4.665418,-2.742255,-3.345257,-1.551128,-0.6023931,25,25,25,25,25,25,25,25,25,25,25,25,25,25,25,25,768,7680,-0.6727057,-2.372529,-1.703576,-1.680844,224.1137,204.1933,-1.697975,-2.869131,-1.942862,-1.803931,-2.761046,-2.288826,-2.689393,-2.785231,-2.409504,-3.165485,25,25,25,25,25,25,25,25,25,25,25,25,25,25,25,25,768,7680,-2.872361,-9.849413,-6.259959,-6.062646,-5.698121,-8.791841,-1.810903,-68.02663,-0.2450488,-0.2421259,0.7151859,0.2423506,-0.3304276,0.2235308,0.5530875,3.378268,24,24,24,24,24,24,24,24,24,24,25,25,25,24,25,25
769,7690,-31.14613,-59.97789,-13.05175,-14.49799,-12.30979,-10.49325,-7.91416,-7.149658,-5.201416,-5.660069,-3.446197,-4.917519,-2.861472,-3.584188,-1.312321,-0.4816737,25,25,25,25,25,25,25,25,25,25,25,25,25,25,25,25,769,7690,-2.286598,-2.504325,-1.441737,-1.680844,223.8506,204.1933,-3.134552,-1.956672,-2.719389,-3.091377,-2.104075,-2.423531,-4.09717,-5.011342,-5.779534,-3.617579,25,25,25,25,25,25,25,25,25,25,25,25,25,25,25,25,769,7690,-4.021247,-10.10523,-4.598673,-6.062646,-6.604587,-9.556321,-2.457529,-68.35467,0.620456,0.2416925,-1.605311E-06,0.2423506,0.7702252,0.7793586,-0.000242402,2.676195,24,24,24,24,24,24,24,24,24,24,25,25,25,24,25,25
770,7700,-29.94364,-59.13142,-13.17483,-12.06201,-12.1891,-7.901601,-6.127566,-6.522724,-4.705956,-4.183241,-3.208544,-3.53096,-3.099908,-2.270068,-0.8347065,-0.2402316,25,25,25,25,25,25,25,25,25,25,25,25,25,25,25,25,770,7700,-2.555589,-1.054617,-1.310814,-2.327224,224.2453,203.0869,-2.350964,-0.9138652,-2.072284,-2.447654,-2.498256,-2.692942,-3.969192,-5.233623,-6.98139,-8.244179,25,25,25,25,25,25,25,25,25,25,25,25,25,25,25,25,770,7700,-5.055247,-10.36105,-5.621003,-9.932241,-10.48944,-11.59099,-1.810903,-68.24531,-0.7396231,-1.088806,0.8343838,0.121079,0.4400319,-0.1099662,-0.7749047,3.027232,24,24,24,24,24,24,24,24,24,24,25,25,25,24,25,25
771,7710,-30.66513,-57.68035,-13.421,-12.9146,-12.43048,-10.12302,-7.276091,-6.898884,-4.458227,-5.290862,-2.614406,-4.161214,-2.026948,-2.867394,-2.028742,0.2426492,25,25,25,25,25,25,25,25,25,25,25,25,25,25,25,25,771,7710,-1.748618,-1.31821,-2.096338,-0.6466362,224.1137,203.5786,-1.567376,-1.956672,-2.84881,-3.348866,-4.731957,-3.635878,-4.48111,-6.678445,-9.024544,-9.033871,25,25,25,25,25,25,25,25,25,25,25,25,25,25,25,25,771,7710,-7.119854,-11.51161,-5.493211,-10.3192,-12.43079,-14.38869,-1.940228,-68.24531,0.2495256,0.9674184,0.7151859,0.121079,-0.2203611,0.1123646,0.3317553,3.495283,24,24,24,24,24,24,24,24,24,24,25,25,25,24,25,25
772,7720,-30.30439,-58.28496,-14.28256,-14.13259,-13.39601,-10.24643,-7.020863,-7.149658,-5.077551,-4.552449,-2.733234,-4.539367,-2.384602,-2.747929,-2.625759,-1.809598,25,25,25,25,25,25,25,25,25,25,25,25,25,25,25,25,772,7720,-3.497056,-3.558746,-2.881855,-2.844327,223.4559,203.9474,-1.697975,-3.78159,-3.237073,-4.893802,-5.25753,-4.71352,-5.376969,-7.234146,-7.942874,-9.93637,25,25,25,25,25,25,25,25,25,25,25,25,25,25,25,25,772,7720,-9.643031,-13.42796,-5.876585,-12.25243,-12.04284,-13.75284,-2.198879,-67.58925,0.4968126,0.6045538,-1.605311E-06,-0.2427423,0.6601618,0.2235308,-0.2215747,2.325152,24,24,24,24,24,24,24,24,24,24,25,25,25,24,25,25
773,7730,-30.78538,-57.31757,-14.89797,-13.0364,-13.51669,-9.259132,-7.403704,-7.275044,-5.696875,-5.660069,-4.040334,-4.413316,-3.457561,-3.464723,-2.625759,-0.1195122,25,25,25,25,25,25,25,25,25,25,25,25,25,25,25,25,773,7730,-3.900542,-3.954135,-3.012778,-4.395638,223.7191,203.8245,-2.350964,-2.73878,-3.754757,-5.537526,-4.99474,-4.848228,-5.376969,-6.789587,-7.582317,-9.259494,25,25,25,25,25,25,25,25,25,25,25,25,25,25,25,25,773,7730,-9.069582,-13.55572,-5.109838,-12.51018,-10.48944,-10.44648,-3.750779,-68.68269,-0.4923362,0.2416925,0.7151859,0.7274436,0.5500953,-0.2211316,-0.2215747,2.910218,24,24,24,24,24,24,24,24,24,24,25,25,25,24,25,25
774,7740,-30.30439,-57.55942,-13.17483,-11.20941,-10.13735,-7.654778,-4.851427,-6.397338,-3.838903,-5.537001,-3.089715,-4.161214,-2.503819,-3.225791,-1.909338,0.2426492,25,25,25,25,25,25,25,25,25,25,25,25,25,25,25,25,774,7740,-3.631552,-3.031561,-4.060141,-3.490707,224.3769,204.3162,-1.697975,-2.73878,-4.401863,-4.636313,-3.812197,-4.44411,-4.865048,-5.567043,-5.779534,-8.469803,25,25,25,25,25,25,25,25,25,25,25,25,25,25,25,25,774,7740,-8.954892,-13.93899,-5.876585,-10.44812,-8.935498,-9.937813,-2.069553,-67.69859,-0.2450488,0.8464646,0.7151859,-0.364014,0.1098354,0.6681932,-0.2215747,3.495283,24,24,24,24,24,24,24,24,24,24,25,25,25,24,25,25
775,7750,-27.29817,-56.71296,-11.82094,-9.26063,-7.482157,-6.667482,-4.468585,-5.018087,-3.591173,-3.444827,-2.733234,-2.144352,-1.669295,-1.553274,-1.670531,-0.1195122,25,25,25,25,25,25,25,25,25,25,25,25,25,25,25,25,775,7750,-2.690084,-3.690542,-2.358177,-2.456499,223.8506,203.3327,-2.481561,-3.911942,-2.978231,-2.190165,-2.235467,-3.231763,-3.585253,-3.787331,-4.215884,-7.792926,25,25,25,25,25,25,25,25,25,25,25,25,25,25,25,25,775,7750,-8.610823,-13.17245,-4.982047,-9.674319,-8.676509,-9.683477,-2.586853,-68.13597,0.2495256,0.3626463,-1.605311E-06,0.9699901,0.6601618,0.2235308,-0.7749047,2.793203,24,24,24,24,24,24,24,24,24,24,25,25,25,24,25,25
776,7760,-28.8614,-57.31757,-12.19018,-9.747826,-8.809763,-6.914306,-4.851427,-4.265768,-3.715038,-2.952551,-1.426133,-2.396502,-1.43086,-1.911671,-0.9541104,-0.1195122,25,25,25,25,25,25,25,25,25,25,25,25,25,25,25,25,776,7760,-1.479627,-1.450006,-0.9180519,-0.6466362,223.4559,203.7015,-2.742756,-1.956679,-1.813442,-2.190165,-3.418016,-3.635878,-5.248991,-4.455397,-4.095459,-6.100735,25,25,25,25,25,25,25,25,25,25,25,25,25,25,25,25,776,7760,-6.431712,-11.51161,-5.621003,-9.28736,-8.288023,-10.44648,-2.974829,-68.68268,-0.7396231,-0.3630797,0.7151859,0.4848971,-0.1102977,-0.5546287,0.2210899,3.261261,24,24,24,24,24,24,24,24,24,24,25,25,25,24,25,25
777,7770,-27.41842,-57.19665,-12.0671,-11.45301,-8.930456,-8.148426,-4.979041,-5.26886,-3.838903,-4.183241,-2.733234,-2.396502,-1.550077,-1.911671,-0.4764965,-0.9645545,25,25,25,25,25,25,25,25,25,25,25,25,25,25,25,25,777,7770,-1.614122,-1.31821,-0.6562127,-1.551568,224.5085,203.0869,-2.612158,-2.08703,-2.589967,-2.576399,-3.549408,-4.982933,-4.353131,-4.01002,-5.058421,-6.777612,25,25,25,25,25,25,25,25,25,25,25,25,25,25,25,25,777,7770,-5.743573,-12.53366,-6.004376,-8.126481,-7.511053,-8.537013,-2.328203,-68.68268,0.1258307,-0.1211721,0.3575923,-0.364014,-0.2203611,0.2235308,0.4424222,3.144246,24,24,24,24,24,24,24,24,24,24,25,25,25,24,25,25
778,7780,-28.62091,-56.95481,-14.89797,-14.86338,-13.27532,-9.012309,-7.403704,-5.64502,-4.210497,-4.67557,-2.733234,-3.152807,-2.265383,-3.345257,-0.8347065,-0.3609526,25,25,25,25,25,25,25,25,25,25,25,25,25,25,25,25,778,7780,-1.479627,-1.977191,-2.4891,-1.422291,224.1137,202.9639,-2.481561,-2.347733,-3.366495,-3.220071,-5.520319,-4.848228,-4.353131,-4.677922,-6.140091,-6.890427,25,25,25,25,25,25,25,25,25,25,25,25,25,25,25,25,778,7780,-5.858263,-11.0006,-4.982047,-8.384455,-8.288023,-11.08232,-1.034952,-67.69859,-0.1214563,0.7255141,-0.4767927,1.091265,0.2198988,0.7793586,-0.5535724,2.910218,24,24,24,24,24,24,24,24,24,24,25,25,25,24,25,25
779,7790,-31.14613,-57.07573,-15.3903,-16.32497,-15.20636,-12.83808,-9.573139,-8.027364,-5.077551,-6.644674,-2.020217,-4.791468,-2.742255,-3.464723,-1.551128,-0.3609526,25,25,25,25,25,25,25,25,25,25,25,25,25,25,25,25,779,7790,-2.82458,-2.899765,-2.358177,-3.36143,223.1928,203.7015,-2.220364,-2.999489,-2.978231,-4.765007,-5.25753,-4.44411,-4.73707,-5.233623,-5.539163,-6.551989,25,25,25,25,25,25,25,25,25,25,25,25,25,25,25,25,779,7790,-6.087643,-11.2561,-5.748794,-9.674319,-9.841965,-11.84533,-1.164277,-69.2294,-0.616031,-0.1211657,1.430373,0.4848971,-0.0002311648,0.3346962,0.8850852,3.378268,24,24,24,24,24,24,24,24,24,24,25,25,25,24,25,25
780,7800,-32.34861,-57.55942,-16.99035,-18.15195,-17.62017,-15.30632,-12.12542,-10.15893,-7.552999,-6.890812,-2.614354,-4.161214,-2.384602,-2.389533,-1.073514,-0.7231141,25,25,25,25,25,25,25,25,25,25,25,25,25,25,25,25,780,7800,-3.497056,-2.504376,-3.143701,-3.232155,223.9822,203.9474,-3.003952,-2.608435,-4.143021,-3.863794,-2.235467,-3.097052,-3.84121,-2.562542,-3.132056,-6.551989,25,25,25,25,25,25,25,25,25,25,25,25,25,25,25,25,780,7800,-7.463924,-12.1504,-5.621003,-9.674319,-9.712469,-10.82799,-2.716179,-68.13596,0.3731177,0.1207419,0.1191964,-0.485292,0.2198988,0.1123646,0.4424222,2.793203,24,24,24,24,24,24,24,24,24,24,25,25,25,24,25,25
781,7810,-32.46886,-56.95481,-20.19047,-21.92772,-21.72366,-16.66385,-12.76349,-10.03355,-7.181835,-7.505984,-3.921455,-5.16962,-3.219125,-2.867394,-1.192917,0.1219298,25,25,25,25,25,25,25,25,25,25,25,25,25,25,25,25,781,7810,-0.4036644,-0.5274323,-0.9180519,-1.551568,224.1137,203.7015,-1.567375,-1.174571,-1.295756,-0.3876887,-0.1331638,-1.615295,-1.793532,-1.671787,-1.566526,-4.859791,25,25,25,25,25,25,25,25,25,25,25,25,25,25,25,25,781,7810,-5.170136,-10.61687,-5.237629,-7.868508,-9.45348,-15.40602,-1.422927,-67.26122,-0.2451001,-0.604984,0.3575923,0.9699869,0.1098386,0.3346962,0.1104229,3.027232,24,24,24,24,24,24,24,24,24,24,25,25,25,25,25,25
782,7820,-33.67135,-59.0105,-19.3289,-22.65852,-19.67192,-17.40432,-13.01871,-11.16203,-7.305556,-7.75184,-4.515592,-5.547773,-4.172867,-4.062,-1.431724,-0.7231141,25,25,25,25,25,25,25,25,25,25,25,25,25,25,25,25,782,7820,-1.210636,-1.713599,-1.310814,-1.680844,223.1928,203.8245,-2.742756,-1.826327,-1.036914,-0.7739226,-2.235467,-2.558232,-2.817371,-2.673945,-3.01163,-3.956649,25,25,25,25,25,25,25,25,25,25,25,25,25,25,25,25,782,7820,-4.365914,-11.63937,-6.132168,-12.76794,-15.66363,-18.58522,-2.586853,-68.90137,0.2494742,0.2416957,1.072779,0.6061688,-0.8807508,-0.3322978,0.2210899,2.910218,24,24,24,24,24,24,24,24,24,24,25,25,25,25,25,25
783,7830,-34.15234,-59.73604,-21.17512,-23.75471,-20.99952,-15.79997,-12.50826,-10.28432,-7.305556,-6.398536,-4.040281,-5.16962,-3.695997,-4.062,-2.386951,-0.8438351,25,25,25,25,25,25,25,25,25,25,25,25,25,25,25,25,783,7830,-2.82458,-0.9228213,-0.9180519,-2.327223,224.2453,202.9639,-3.13455,-0.7835172,-1.942862,-1.288901,-0.921529,-2.288821,-2.689393,-2.117223,-3.011682,-4.972606,25,25,25,25,25,25,25,25,25,25,25,25,25,25,25,25,783,7830,-6.431712,-13.17245,-5.237629,-13.54121,-13.72392,-15.66036,-2.198879,-67.58925,-0.368744,-0.8468916,0.1191964,0.1210758,-0.0002279542,0.3346954,0.6638043,2.091124,24,24,24,24,24,24,24,24,24,24,25,25,25,25,25,25
784,7840,-35.11433,-59.73604,-21.66745,-21.68412,-19.43054,-15.55314,-11.87019,-10.15893,-7.800443,-7.505984,-4.872073,-6.808281,-4.530519,-5.615052,-2.864565,-0.361004,25,25,25,25,25,25,25,25,25,25,25,25,25,25,25,25,784,7840,-1.614122,-1.713599,-1.834492,-1.551568,223.7191,202.4722,-2.612158,-1.435274,-2.460547,-1.54639,-2.498256,-2.962347,-3.585253,-3.230667,-4.697638,-5.198229,25,25,25,25,25,25,25,25,25,25,25,25,25,25,25,25,784,7840,-4.251025,-12.66142,-5.876585,-12.51018,-11.91353,-13.62568,-2.069553,-68.02662,-0.368744,-0.1211657,1.787967,0.3636223,-0.3304245,-0.5546294,0.1104743,3.144246,24,24,24,24,24,24,24,24,24,24,25,25,25,25,25,25
785,7850,-35.71557,-59.85697,-22.77518,-24.4855,-20.99952,-17.03408,-11.9978,-10.40971,-8.542772,-7.628911,-4.396763,-5.925925,-4.530519,-4.778792,-2.745162,-1.326767,25,25,25,25,25,25,25,25,25,25,25,25,25,25,25,25,785,7850,-2.690084,-3.031561,-4.32198,-2.197947,222.9297,203.4557,-2.350962,-1.956679,-2.84881,-2.447603,-3.680799,-2.423526,-2.817371,-3.119322,-4.09551,-5.536667,25,25,25,25,25,25,25,25,25,25,25,25,25,25,25,25,785,7850,-5.17013,-12.40591,-5.748794,-10.83476,-10.74843,-12.7355,-1.293602,-68.90137,0.4967612,0.1207419,0.8343838,-0.2427455,-0.8807508,0.1123646,-0.1108564,1.623073,24,24,24,24,24,24,24,24,24,24,25,25,25,25,25,25
786,7860,-37.7598,-58.88959,-22.28285,-20.95333,-18.22363,-13.57855,-10.46644,-8.905069,-7.800443,-6.152398,-4.634418,-5.547773,-3.934432,-3.464671,-1.909338,-0.240283,25,25,25,25,25,25,25,25,25,25,25,25,25,25,25,25,786,7860,-1.614122,-2.372529,-1.441737,-2.585775,223.5875,203.7015,-2.350962,-1.304922,-1.425178,-1.675135,-0.2645585,-0.5376525,-2.433432,-2.339911,-4.215936,-4.972606,25,25,25,25,25,25,25,25,25,25,25,25,25,25,25,25,786,7860,-5.743573,-12.53367,-5.237629,-10.31925,-9.323984,-13.37134,-2.328203,-68.464,-0.2451001,-0.9678487,0.3575923,-0.1214707,0.4400351,0.5570262,0.1104743,2.559175,24,24,24,24,24,24,24,24,24,24,25,25,25,25,25,25
787,7870,-34.99408,-59.25236,-18.83658,-17.05576,-13.27532,-11.35714,-7.148476,-7.525817,-5.449145,-6.029329,-3.564973,-4.539366,-2.742255,-3.942534,-1.67053,0.6047593,25,25,25,25,25,25,25,25,25,25,25,25,25,25,25,25,787,7870,-2.152103,-1.054566,-1.965408,-1.810119,224.2453,204.4391,-3.003952,0.1289386,-1.942862,0.5135239,0.6552014,-0.6723574,-2.817371,-2.5626,-2.409555,-6.439174,25,25,25,25,25,25,25,25,25,25,25,25,25,25,25,25,787,7870,-5.17013,-13.55572,-6.132168,-11.47915,-10.10096,-11.33666,-0.5176519,-67.15187,0.2494742,0.4836033,0.9535815,0.3636223,-0.1102945,0.001198365,-0.1108564,3.027232,24,24,24,24,24,24,24,24,24,24,25,25,25,25,25,25
788,7880,-34.03209,-59.49421,-18.83658,-16.32497,-13.27532,-10.9869,-7.403704,-7.149658,-5.449145,-4.67557,-3.089663,-3.65701,-3.099908,-2.389482,-2.625758,-0.9646059,25,25,25,25,25,25,25,25,25,25,25,25,25,25,25,25,788,7880,-0.0001781896,-0.9227699,-1.179885,-0.775912,224.5085,203.2098,-1.82857,-1.826327,-0.9074938,-0.2589439,-0.5273448,-1.48059,-2.945353,-3.342011,-3.011682,-7.454488,25,25,25,25,25,25,25,25,25,25,25,25,25,25,25,25,788,7880,-5.972952,-13.30021,-5.109838,-10.44812,-11.13692,-16.16903,-2.974829,-68.13596,-0.1214563,0.3626495,-0.1191992,-0.6065637,0.219902,0.6681924,0.2211413,2.325152,24,24,24,24,24,24,24,24,24,24,25,25,25,25,25,25
789,7890,-34.51309,-58.88959,-20.6828,-18.88275,-16.53396,-12.59126,-8.807456,-8.027364,-6.192062,-5.660121,-3.446144,-3.026756,-2.265383,-2.270016,-0.8347057,0.1218784,25,25,25,25,25,25,25,25,25,25,25,25,25,25,25,25,789,7890,-1.345131,-2.504325,-1.310807,-0.6466362,224.1137,204.0703,-2.481561,-1.695976,-0.6486517,-0.5164335,-2.235467,-2.288821,-4.48111,-3.676044,-4.215936,-7.003235,25,25,25,25,25,25,25,25,25,25,25,25,25,25,25,25,789,7890,-6.890471,-13.17245,-5.36542,-9.803304,-7.899538,-13.88001,-1.034952,-67.69859,-0.368744,-0.604984,1.072779,0.9699869,0.1098386,0.22353,-0.553521,2.442167,24,24,24,24,24,24,24,24,24,24,25,25,25,25,25,25
790,7900,-34.87383,-59.25236,-19.94431,-19.49174,-16.17189,-13.94878,-8.93507,-7.275044,-6.06834,-5.660121,-3.089663,-3.53096,-2.265383,-2.747877,-0.7153026,-1.085327,25,25,25,25,25,25,25,25,25,25,25,25,25,25,25,25,790,7900,-2.286598,-1.713547,-1.179885,-1.422291,224.2453,202.841,-2.612158,-1.304922,-1.036914,-1.675135,-0.921529,-2.423526,-4.09717,-3.676044,-3.85466,-7.792926,25,25,25,25,25,25,25,25,25,25,25,25,25,25,25,25,790,7900,-6.431712,-13.55572,-6.38775,-9.932291,-8.547013,-9.683477,0.1289739,-68.02662,-0.4923875,0.4836033,0.2383943,-0.7278385,-0.7706875,-0.2211324,0.2211413,3.378268,24,24,24,24,24,24,24,24,24,24,25,25,25,25,25,25
791,7910,-33.91185,-57.31758,-20.19047,-18.39555,-16.53396,-13.20831,-10.59405,-8.027364,-6.315784,-5.290915,-4.040281,-4.413316,-3.338343,-3.345206,-2.028741,0.3633189,25,25,25,25,25,25,25,25,25,25,25,25,25,25,25,25,791,7910,-2.421094,-2.636121,-2.35817,-1.551568,223.4559,201.9805,-1.828575,-1.435274,-2.460547,-1.54639,-2.892437,-3.366465,-3.713231,-3.230667,-3.975085,-8.356994,25,25,25,25,25,25,25,25,25,25,25,25,25,25,25,25,791,7910,-6.775782,-12.66142,-5.109838,-8.771413,-9.064994,-12.09966,-2.716179,-68.13596,0.1258307,0.3626495,0.5959879,0.4848939,0.5500985,0.4458616,-0.0001910321,2.442167,24,24,24,24,24,24,24,24,24,24,25,25,25,25,25,25
792,7920,-34.51309,-57.80128,-20.31355,-19.24814,-16.89604,-14.56585,-10.0836,-8.905069,-6.192062,-6.890812,-3.208491,-5.295671,-3.695997,-5.37612,-3.580986,-0.240283,25,25,25,25,25,25,25,25,25,25,25,25,25,25,25,25,792,7920,-2.555589,-2.240732,-2.750932,-1.680844,223.0612,203.2098,-1.959173,-1.565622,-2.201704,-1.803879,-3.549408,-2.827642,-3.457271,-3.5647,-3.493384,-7.228865,25,25,25,25,25,25,25,25,25,25,25,25,25,25,25,25,792,7920,-5.972952,-12.91694,-5.109838,-9.803304,-7.640548,-8.154773,-2.069553,-67.47991,-0.4923875,-0.2421227,0.8343838,0.2423474,0.4400351,0.001198365,-0.1108564,2.793203,24,24,24,24,24,24,24,24,24,24,25,25,25,25,25,25
793,7930,-36.55731,-57.9222,-20.31355,-18.88275,-16.53396,-13.70196,-9.828368,-9.155841,-7.058114,-8.24355,-4.9909,-7.186434,-4.888173,-4.898258,-3.70039,-1.447488,25,25,25,25,25,25,25,25,25,25,25,25,25,25,25,25,793,7930,-3.09357,-3.822287,-2.489087,-3.619983,223.1928,204.0703,-2.481564,-2.217378,-1.813438,-3.47756,-2.498256,-2.962347,-3.713231,-3.5647,-3.85466,-5.649482,25,25,25,25,25,25,25,25,25,25,25,25,25,25,25,25,793,7930,-5.743573,-12.78918,-5.748794,-7.352561,-5.568626,-8.791841,-1.940228,-68.02663,0.4967612,-0.604984,0.2383943,-0.2427455,-0.3304245,0.3346954,0.3318066,2.559175,24,24,24,24,24,24,24,24,24,24,25,25,25,25,25,25
794,7940,-37.2788,-59.73606,-21.66745,-20.70973,-19.67192,-16.66385,-14.03963,-11.91435,-9.532545,-9.595756,-5.585037,-7.060382,-4.888173,-4.062,-3.222776,-0.240283,25,25,25,25,25,25,25,25,25,25,25,25,25,25,25,25,794,7940,-4.438523,-3.426898,-3.929211,-2.973603,223.9822,203.5786,-1.959173,-1.826324,-3.23707,-1.546442,-2.235467,-2.827642,-3.457271,-2.785289,-2.770832,-5.536667,25,25,25,25,25,25,25,25,25,25,25,25,25,25,25,25,794,7940,-4.825467,-11.2561,-5.493211,-8.51344,-7.899538,-10.06498,-1.681578,-67.80795,-0.1214563,-0.2421227,1.191977,0.8487152,-0.0002279542,-0.109967,0.1104743,3.027232,24,24,24,24,24,24,24,24,24,24,25,25,25,25,25,25
795,7950,-36.07632,-59.9779,-20.06739,-20.10074,-19.67192,-17.65114,-12.8911,-12.41589,-9.037659,-8.735263,-4.872127,-5.799875,-3.219125,-3.464671,-2.028741,-1.085327,25,25,25,25,25,25,25,25,25,25,25,25,25,25,25,25,795,7950,-2.555589,-3.295102,-2.750932,-2.327223,223.9822,203.3327,-2.08977,-2.738783,-1.684017,-1.160208,-2.104075,-2.154116,-3.329292,-3.342011,-4.09551,-5.311044,25,25,25,25,25,25,25,25,25,25,25,25,25,25,25,25,795,7950,-4.251022,-11.38385,-6.132168,-6.836615,-6.475091,-9.046668,-4.009429,-68.68269,-0.4923875,0.2416957,0.9535815,-0.6065637,-0.5505544,0.22353,0.4424736,3.027232,24,24,24,24,24,24,24,24,24,24,25,25,25,25,25,25
796,7960,-32.34861,-59.85698,-18.22117,-15.35058,-14.36153,-12.34443,-9.317912,-8.278135,-6.81067,-5.290864,-3.446197,-3.152807,-2.861472,-0.5974969,-0.7153026,-0.240283,25,25,25,25,25,25,25,25,25,25,25,25,25,25,25,25,796,7960,-1.748618,-2.108936,-1.703569,-1.680844,223.4559,203.9474,-2.612163,-1.695973,-1.036911,-0.6452292,-2.104075,-1.345883,-4.09717,-3.342011,-3.372958,-5.98792,25,25,25,25,25,25,25,25,25,25,25,25,25,25,25,25,796,7960,-6.202332,-11.63937,-5.876585,-7.223575,-9.582975,-10.57365,-0.9056268,-66.9332,0.002187237,-0.4840303,0.3575923,-0.0001990586,0.660165,0.6681924,0.9958035,2.793203,24,24,24,24,24,24,24,24,24,24,25,25,25,25,25,25
797,7970,-28.98165,-58.16405,-17.3596,-14.13259,-13.99945,-10.49325,-7.403704,-7.525817,-6.192062,-5.167794,-2.376752,-3.783062,-1.907782,-2.270016,-1.073513,-0.8438865,25,25,25,25,25,25,25,25,25,25,25,25,25,25,25,25,797,7970,-2.286598,-1.713547,-1.048968,-2.327223,223.3243,202.3493,-2.873358,-1.43527,-1.942859,-2.447654,-2.892437,-3.770579,-4.225152,-3.676044,-4.938235,-7.003235,25,25,25,25,25,25,25,25,25,25,25,25,25,25,25,25,797,7970,-5.055241,-11.76713,-5.876585,-9.545331,-10.87792,-11.9725,-2.198879,-68.35467,-0.616031,0.1207419,0.4767903,0.4848939,0.1098386,-0.3322978,-0.2215233,2.793203,24,24,24,24,24,24,24,24,24,24,25,25,25,24,25,25
798,7980,-27.65892,-56.95481,-16.37495,-13.76719,-12.79255,-10.74008,-7.531318,-8.278135,-6.563227,-6.275416,-3.683852,-4.287265,-2.384653,-3.345206,-1.789934,-0.7231655,25,25,25,25,25,25,25,25,25,25,25,25,25,25,25,25,798,7980,-2.959075,-2.899713,-3.274611,-1.810119,223.0612,202.4722,-1.828575,-1.826324,-3.495912,-2.962633,-4.33777,-3.366465,-4.097174,-5.011342,-5.89972,-8.244179,25,25,25,25,25,25,25,25,25,25,25,25,25,25,25,25,798,7980,-6.087643,-12.78918,-6.38775,-9.158372,-11.39591,-12.7355,-2.845504,-69.12006,0.002187237,0.3626495,0.2383943,-0.6065637,-0.5505544,0.5570278,0.1104743,2.325152,24,24,24,24,24,24,24,24,24,24,25,25,25,24,25,25
799,7990,-26.45643,-54.89912,-15.3903,-12.3056,-13.27532,-9.382545,-7.276091,-7.40043,-6.439505,-5.044725,-4.753298,-4.539366,-3.934483,-3.942534,-2.506406,0.2425979,25,25,25,25,25,25,25,25,25,25,25,25,25,25,25,25,799,7990,-3.362561,-4.085879,-2.750932,-3.232155,222.9297,203.0869,-2.08977,-3.39054,-3.36649,-5.022547,-5.126138,-4.039989,-4.865052,-4.010077,-4.818011,-8.131364,25,25,25,25,25,25,25,25,25,25,25,25,25,25,25,25,799,7990,-7.463924,-12.78918,-5.493211,-9.545331,-10.35995,-11.59099,-1.552253,-67.69859,-0.2451001,-0.4840303,0.4767903,0.4848939,0.219902,0.4458616,0.1104229,3.261261,24,24,24,24,24,24,24,24,24,24,25,25,25,24,25,25
800,8000,-29.1019,-55.26189,-15.75954,-12.671,-11.82703,-9.629369,-6.510407,-7.024272,-4.582091,-5.044725,-3.683852,-4.539366,-2.623088,-3.823068,-2.028792,0.3633205,25,25,25,25,25,25,25,25,25,25,25,25,25,25,25,25,800,8000,-2.959075,-2.636121,-3.274611,-3.490707,223.7191,203.5786,-2.350967,-1.826324,-3.495912,-3.606356,-2.629651,-3.097052,-4.865052,-3.342011,-3.734183,-6.777612,25,25,25,25,25,25,25,25,25,25,25,25,25,25,25,25,800,8000,-5.858263,-12.91694,-5.748794,-10.70588,-9.582975,-8.154773,-1.940228,-67.47991,-1.110605,-0.1211657,1.430373,-0.1214707,-0.5505544,-0.9992911,-0.2215747,2.676195,24,24,24,24,24,24,24,24,24,24,25,25,25,24,25,25
801,8010,-27.65891,-55.26189,-15.51338,-11.81841,-9.775287,-8.395249,-3.575289,-4.767314,-3.219579,-2.829483,-1.901442,-1.765911,-1.073258,-0.8364282,-0.5959494,-1.206045,25,25,25,25,25,25,25,25,25,25,25,25,25,25,25,25,801,8010,-1.883163,-2.504325,-2.750932,-2.327223,224.3769,203.9474,-2.220369,-2.999486,-2.978228,-2.705143,-1.841286,-3.097052,-3.585253,-2.451256,-2.77078,-5.423859,25,25,25,25,25,25,25,25,25,25,25,25,25,25,25,25,801,8010,-4.940352,-12.40591,-4.726464,-6.836615,-6.216101,-7.517706,-3.104154,-68.35467,0.6204047,0.604557,0.9535815,-0.2427455,0.7702316,1.112856,0.3317553,2.208138,24,24,24,24,24,24,24,24,24,24,25,25,25,24,25,25
802,8020,-26.93742,-56.09873,-14.65181,-10.60042,-10.49942,-7.901602,-3.830516,-4.014995,-3.095714,-3.075622,-2.02027,-1.892041,-1.430911,-1.194825,-1.670581,0.1218801,25,25,25,25,25,25,25,25,25,25,25,25,25,25,25,25,802,8020,-0.9416965,-2.767917,-1.441724,-1.422291,223.5875,204.0703,-3.003957,-2.347729,-1.813438,-0.6452292,-1.97268,-1.615295,-3.969195,-2.005878,-2.168653,-3.843568,25,25,25,25,25,25,25,25,25,25,25,25,25,25,25,25,802,8020,-4.365911,-11.63937,-6.004376,-6.191683,-4.40317,-3.695301,-1.681578,-67.80795,-0.7396745,-1.088802,0.9535815,0.3636223,0.1098386,-0.2211316,-0.442907,3.027232,24,24,24,24,24,24,24,24,24,24,25,25,25,24,25,25
803,8030,-26.09568,-55.97783,-13.66716,-11.69661,-9.895981,-9.382545,-5.744724,-5.64502,-3.591173,-3.937105,-2.139097,-2.900706,-1.669346,-3.106274,-0.7153533,0.001159035,25,25,25,25,25,25,25,25,25,25,25,25,25,25,25,25,803,8030,-2.017659,-0.9227699,-1.703576,-1.551568,223.9822,202.5951,-3.134555,-1.956676,-1.942859,-2.06142,-1.841286,-2.692937,-3.457274,-2.896633,-2.77078,-3.391474,25,25,25,25,25,25,25,25,25,25,25,25,25,25,25,25,803,8030,-2.64258,-11.12834,-6.132168,-5.93371,-4.40317,-5.224263,-3.233479,-68.464,0.6204047,0.3626495,0.7151859,-0.1214707,-0.3304245,0.001199168,0.7744198,3.261261,24,24,24,24,24,24,24,24,24,24,25,25,25,24,25,25
804,8040,-26.21593,-55.61512,-13.421,-11.08761,-10.37874,-7.531366,-5.361882,-4.767314,-4.086633,-3.19869,-2.495579,-2.522553,-2.265435,-2.270016,-2.506406,-0.1195604,25,25,25,25,25,25,25,25,25,25,25,25,25,25,25,25,804,8040,-2.421145,-1.713547,-1.834492,-2.4565,223.9822,201.3658,-2.481564,-1.044217,-2.460543,-1.546442,-3.549408,-3.635875,-3.073335,-3.119322,-4.095459,-4.746983,25,25,25,25,25,25,25,25,25,25,25,25,25,25,25,25,804,8040,-3.561688,-10.48891,-5.36542,-5.417765,-6.475091,-8.282187,-2.716179,-68.13597,0.2494742,0.3626495,0.3575923,0.2423474,0.4400351,0.001199168,-0.442907,2.559175,24,24,24,24,24,24,24,24,24,24,25,25,25,24,25,25
805,8050,-27.17792,-56.70324,-15.26722,-13.52359,-12.1891,-9.75278,-6.382793,-6.021179,-4.334362,-5.290864,-2.495579,-4.161214,-3.099959,-3.823068,-2.625809,-0.7231623,25,25,25,25,25,25,25,25,25,25,25,25,25,25,25,25,805,8050,-2.82463,-2.636121,-2.358177,-2.068672,222.535,202.718,-2.08977,-2.347729,-2.460543,-3.348866,-4.206378,-3.231757,-3.457274,-3.898733,-3.854608,-4.746983,25,25,25,25,25,25,25,25,25,25,25,25,25,25,25,25,805,8050,-3.446803,-10.23309,-5.748794,-6.836617,-6.993072,-6.753224,-2.069553,-68.90138,-0.4923875,0.1207419,1.430373,0.2423474,-0.0002279542,0.4458616,0.3317553,3.261261,24,24,24,24,24,24,24,24,24,24,25,25,25,24,25,25
806,8060,-28.74115,-57.06594,-14.89797,-15.22878,-13.75808,-11.85078,-9.445526,-8.905069,-7.676721,-6.89076,-3.802679,-5.547773,-3.338394,-3.345206,-1.670581,-0.7231623,25,25,25,25,25,25,25,25,25,25,25,25,25,25,25,25,806,8060,-3.228116,-3.163306,-2.750939,-4.266363,223.7191,202.9638,-2.350967,-2.869134,-3.107648,-3.99259,-2.235467,-2.827642,-3.969195,-2.228567,-2.650354,-4.634168,25,25,25,25,25,25,25,25,25,25,25,25,25,25,25,25,806,8060,-4.940352,-12.27815,-6.259959,-7.094589,-5.957111,-6.116157,-3.492129,-68.35467,0.6204047,-0.4840303,0.3575923,-0.3640172,0.1098386,-0.3322971,-0.1109077,3.027232,24,24,24,24,24,24,24,24,24,24,25,25,25,24,25,25
807,8070,-31.26637,-58.15407,-16.86728,-15.59417,-14.24084,-9.876192,-8.552231,-8.278135,-7.800443,-6.398485,-4.634471,-5.04357,-3.696048,-2.986809,-1.551178,-0.2402814,25,25,25,25,25,25,25,25,25,25,25,25,25,25,25,25,807,8070,-2.55564,-1.581751,-2.881855,-2.197948,224.2453,203.2097,-2.873356,-2.347729,-2.978228,-0.9027187,-1.578499,-2.558232,-3.329295,-4.566799,-5.779534,-3.391474,25,25,25,25,25,25,25,25,25,25,25,25,25,25,25,25,807,8070,-4.136133,-10.23309,-5.493211,-6.578643,-5.568626,-4.714608,-1.940228,-67.47991,0.002187237,0.9674217,1.191977,1.212537,0.4400351,-0.1099662,-0.2215747,3.027232,24,24,24,24,24,24,24,24,24,24,25,25,25,24,25,25
808,8080,-30.30438,-58.87947,-15.51338,-13.0364,-11.82703,-9.75278,-6.765636,-7.275044,-6.315784,-5.78314,-3.208544,-4.161214,-1.430911,-3.106274,-1.909388,0.4840415,25,25,25,25,25,25,25,25,25,25,25,25,25,25,25,25,808,8080,-0.6727057,-2.372529,-2.750939,-1.293016,223.1928,202.7179,-2.220367,-3.39054,-3.107648,-4.507568,-5.388927,-6.599389,-6.400811,-8.678971,-9.986028,-7.567303,25,25,25,25,25,25,25,25,25,25,25,25,25,25,25,25,808,8080,-3.906355,-11.12834,-6.643332,-8.126481,-9.064994,-14.51585,-3.750779,-69.33876,-0.2451001,0.1207419,0.5959879,-0.1214707,-0.440491,0.1123646,0.2210899,2.793203,24,24,24,24,24,24,24,24,24,24,25,25,25,24,25,25
809,8090,-29.58289,-59.00037,-15.51338,-13.0364,-11.46496,-9.382545,-7.658932,-8.152749,-5.820739,-5.906209,-2.970889,-4.665417,-2.861524,-2.628412,-2.148196,-1.326766,25,25,25,25,25,25,25,25,25,25,25,25,25,25,25,25,809,8090,-2.286649,-3.163306,-1.965415,-1.551568,223.4559,203.4555,-3.134552,-5.215457,-3.625336,-4.507568,-6.045891,-5.925864,-7.936571,-8.234409,-8.784173,-11.51575,25,25,25,25,25,25,25,25,25,25,25,25,25,25,25,25,809,8090,-10.10179,-15.34431,-5.621003,-14.44337,-13.72392,-16.2962,-3.233479,-68.02663,-0.2451001,-0.1211657,0.3575923,0.1210758,0.219902,0.001199168,0.2210899,1.857101,24,24,24,24,24,24,24,24,24,24,25,25,25,24,25,25
810,8100,-28.98165,-56.82414,-16.49803,-14.61978,-13.75808,-11.85078,-10.0836,-9.657389,-7.058114,-6.398485,-3.327371,-5.16962,-3.219177,-2.986809,-1.909388,-0.1195604,25,25,25,25,25,25,25,25,25,25,25,25,25,25,25,25,810,8100,-3.900593,-2.899713,-2.096338,-2.327224,223.9822,202.595,-3.395749,-3.911945,-3.884178,-5.022495,-4.731957,-6.195274,-6.52879,-6.011605,-6.861204,-11.62857,25,25,25,25,25,25,25,25,25,25,25,25,25,25,25,25,810,8100,-11.36338,-15.21656,-6.259959,-15.34552,-12.5601,-10.82799,-2.457529,-68.57335,0.002187237,-0.0002119011,1.430373,-0.485292,-0.5505544,-0.1099662,0.3317553,3.027232,24,24,24,24,24,24,24,24,24,24,25,25,25,24,25,25
811,8110,-27.29817,-56.82414,-15.3903,-15.47238,-13.39601,-12.71467,-9.700754,-9.657389,-7.181835,-7.628912,-3.565026,-6.808281,-4.172919,-5.734517,-3.34223,-0.7231623,25,25,25,25,25,25,25,25,25,25,25,25,25,25,25,25,811,8110,-3.093621,-2.504325,-2.4891,-2.4565,224.1137,201.3657,-3.003955,-3.260188,-3.625336,-3.735049,-5.520319,-6.329978,-6.144851,-6.456167,-8.784173,-10.162,25,25,25,25,25,25,25,25,25,25,25,25,25,25,25,25,811,8110,-9.184272,-14.70553,-5.237629,-11.73691,-9.712469,-11.33666,-2.974829,-69.01073,0.7440482,0.7255141,1.072779,0.4848939,-0.0002279542,1.001689,-0.33224,2.442167,24,24,24,24,24,24,24,24,24,24,25,25,25,24,25,25
812,8120,-30.90563,-58.75858,-17.23652,-19.12634,-16.41327,-13.57855,-10.59405,-10.40971,-8.41905,-8.24355,-5.109781,-6.430129,-5.007442,-4.778792,-3.939248,-0.3610008,25,25,25,25,25,25,25,25,25,25,25,25,25,25,25,25,812,8120,-4.438573,-2.767917,-3.798301,-2.327224,222.535,202.7179,-2.612161,-3.39054,-4.531282,-3.992538,-4.863348,-4.578812,-5.632933,-6.011605,-6.861204,-10.162,25,25,25,25,25,25,25,25,25,25,25,25,25,25,25,25,812,8120,-10.21648,-14.70553,-6.004376,-12.63906,-10.23045,-11.08232,-1.810903,-68.79203,0.002187237,-0.604984,0.7151859,0.2423506,0.3299685,0.2235308,-0.7749047,2.559175,24,24,24,24,24,24,24,24,24,24,25,25,25,24,25,25
813,8130,-32.8296,-60.2094,-17.97501,-18.27375,-16.65465,-14.31902,-11.87019,-11.16203,-8.666494,-8.120624,-5.109781,-6.808281,-5.484262,-5.137189,-4.297458,-0.6024429,25,25,25,25,25,25,25,25,25,25,25,25,25,25,25,25,813,8130,-2.959126,-2.372529,-1.834492,-3.361431,223.7191,203.0867,-3.003955,-3.129837,-2.97823,-3.47756,-3.812197,-3.905288,-4.865046,-4.121422,-5.539163,-8.018556,25,25,25,25,25,25,25,25,25,25,25,25,25,25,25,25,813,8130,-8.037374,-14.45002,-6.515542,-10.44812,-7.511053,-7.645118,-1.810903,-68.35467,-0.616031,0.3626495,0.8343838,0.3636255,-0.7706907,0.001199168,0.4424222,2.910218,24,24,24,24,24,24,24,24,24,24,25,25,25,24,25,25
814,8140,-32.8296,-61.66022,-17.60576,-19.12634,-16.41327,-16.1702,-13.7844,-13.04282,-10.52232,-10.57918,-7.009491,-8.446941,-6.199568,-5.495586,-3.222827,-1.447485,25,25,25,25,25,25,25,25,25,25,25,25,25,25,25,25,814,8140,-3.497107,-2.372529,-3.274617,-2.844328,223.5875,202.8409,-2.742758,-3.260188,-4.919546,-3.606305,-3.023835,-3.905288,-4.481106,-5.011342,-4.938235,-6.664797,25,25,25,25,25,25,25,25,25,25,25,25,25,25,25,25,814,8140,-7.578614,-13.30021,-5.36542,-8.9004,-5.957111,-8.154772,-2.716179,-68.79203,0.2494742,0.7255141,-1.605311E-06,0.121079,0.3299653,-0.2210803,-0.5535724,2.208138,24,24,24,24,24,24,24,24,24,24,25,25,25,24,25,25
815,8150,-32.22836,-61.66022,-18.22117,-17.29936,-16.41327,-14.19561,-12.12542,-11.16203,-9.16138,-8.366479,-6.297437,-5.925925,-5.603479,-3.703603,-2.148144,-0.4817218,25,25,25,25,25,25,25,25,25,25,25,25,25,25,25,25,815,8150,-3.497107,-2.767917,-3.798301,-2.585776,223.5875,202.3491,-1.95917,-3.651242,-3.625336,-3.091326,-3.286618,-4.039992,-4.097167,-6.233886,-5.539163,-7.228865,25,25,25,25,25,25,25,25,25,25,25,25,25,25,25,25,815,8150,-6.431712,-12.91694,-5.748794,-8.771414,-5.568626,-6.753224,-2.586853,-69.22941,-0.863318,-0.2421227,0.1191964,-0.000195848,0.1098354,-0.1099149,-0.1109077,2.793203,24,24,24,24,24,24,24,24,24,24,25,25,25,24,25,25
816,8160,-29.82339,-61.53932,-16.74419,-14.37619,-13.63738,-12.22102,-9.955982,-8.905069,-7.058114,-6.398485,-4.515645,-4.791468,-3.695997,-3.106274,-1.192917,-0.6024445,25,25,25,25,25,25,25,25,25,25,25,25,25,25,25,25,816,8160,-2.421145,-3.03151,-2.4891,-1.680844,223.0612,202.8409,-3.26515,-2.347729,-2.201702,-2.576347,-3.943588,-4.578812,-5.760905,-5.567043,-5.178607,-7.11605,25,25,25,25,25,25,25,25,25,25,25,25,25,25,25,25,816,8160,-6.546402,-13.55572,-6.004376,-8.255467,-5.050645,-4.842022,-3.104154,-68.90138,0.2494742,0.3626495,0.8343838,-0.7278353,-0.3304276,0.2235821,0.8850852,2.793203,24,24,24,24,24,24,24,24,24,24,25,25,25,24,25,25
817,8170,-28.98165,-61.53932,-16.62111,-15.59417,-13.87877,-12.59126,-10.46644,-9.532001,-7.800443,-7.259968,-4.753298,-5.421721,-4.292084,-4.659328,-2.386951,-1.085327,25,25,25,25,25,25,25,25,25,25,25,25,25,25,25,25,817,8170,-3.631552,-2.636121,-1.965415,-2.715052,223.5875,201.3657,-2.742758,-1.695973,-2.589966,-3.735049,-3.943588,-5.521749,-5.504945,-5.678185,-5.178607,-7.228865,25,25,25,25,25,25,25,25,25,25,25,25,25,25,25,25,817,8170,-6.775782,-12.27815,-5.876585,-7.094589,-4.40317,-5.606503,-1.810903,-67.91729,-0.4923875,-0.0002119011,0.2383943,0.2423506,0.6601618,0.001250538,-0.88557,2.208138,24,24,24,24,24,24,24,24,24,24,25,25,25,24,25,25
818,8180,-28.62091,-60.82436,-16.99035,-14.13259,-14.48223,-11.35714,-10.21121,-9.281229,-8.41905,-8.981117,-6.890815,-8.068789,-6.795655,-5.615052,-3.34218,-0.1195636,25,25,25,25,25,25,25,25,25,25,25,25,25,25,25,25,818,8180,-2.82458,-2.240732,-3.143701,-2.197948,223.7191,201.9803,-1.95917,-2.869134,-3.495914,-3.47756,-5.388927,-4.578812,-5.121006,-5.122484,-6.019906,-7.905741,25,25,25,25,25,25,25,25,25,25,25,25,25,25,25,25,818,8180,-5.284813,-12.02264,-5.621003,-10.06128,-4.92115,-6.370983,-2.328203,-69.01073,-0.7396745,-0.3630765,0.4767903,0.4848971,-0.0002311648,-0.2210803,-0.1109077,3.144246,24,24,24,24,24,24,24,24,24,24,25,25,25,24,25,25
819,8190,-28.50066,-60.21974,-16.62111,-15.22878,-14.84429,-12.22102,-10.46644,-9.532001,-8.295329,-9.718684,-6.060086,-8.068789,-5.722697,-6.451311,-3.819793,-0.7231655,25,25,25,25,25,25,25,25,25,25,25,25,25,25,25,25,819,8190,-3.497056,-2.504325,-3.012771,-2.973604,222.6665,202.595,-3.395749,-3.129837,-3.10765,-4.378772,-4.731957,-3.905288,-4.993027,-5.011342,-4.456787,-6.326359,25,25,25,25,25,25,25,25,25,25,25,25,25,25,25,25,819,8190,-6.661092,-13.81123,-5.109787,-8.9004,-4.791656,-5.479089,-2.457529,-68.24531,0.8676916,0.1207419,0.1191964,-0.1214675,-0.1102977,0.3347476,0.7744198,3.027232,24,24,24,24,24,24,24,24,24,24,25,25,25,24,25,25
820,8200,-29.82339,-61.30806,-17.48268,-17.17756,-16.53396,-13.33173,-10.84928,-10.78587,-7.924164,-8.612334,-5.58509,-6.68223,-5.00739,-3.942534,-2.386951,-1.206048,25,25,25,25,25,25,25,25,25,25,25,25,25,25,25,25,820,8200,-2.555589,-1.713547,-2.489087,-2.844275,223.3243,202.7179,-2.089769,-2.087027,-3.237072,-3.091326,-1.709891,-1.345887,-4.225149,-2.005821,-1.687003,-5.085421,25,25,25,25,25,25,25,25,25,25,25,25,25,25,25,25,820,8200,-5.972952,-11.2561,-5.365369,-7.610536,-2.072257,-2.421166,-2.845504,-68.57335,0.2494742,-0.2421227,0.2383943,0.2423506,-0.1102977,0.001250538,-0.442907,3.144246,24,24,24,24,24,24,24,24,24,24,25,25,25,24,25,25
821,8210,-31.14613,-61.42898,-18.46733,-18.03015,-17.13742,-13.45514,-11.48735,-10.15893,-8.171608,-7.259968,-5.466263,-6.304077,-4.768955,-3.22574,-1.789934,-0.6024445,25,25,25,25,25,25,25,25,25,25,25,25,25,25,25,25,821,8210,-1.479627,-1.449955,-2.881849,-1.680791,224.2453,203.0867,-2.742758,-1.044217,-2.201702,-1.932624,-1.841286,-2.96235,-4.609088,-5.455904,-3.613809,-2.939437,25,25,25,25,25,25,25,25,25,25,25,25,25,25,25,25,821,8210,-4.136136,-11.38385,-6.387699,-4.643847,-1.813267,-7.135465,-1.681578,-68.57335,0.1258307,-0.0002119011,0.9535815,0.121079,-0.5505576,0.2235821,0.3317553,2.208138,24,24,24,24,24,24,24,24,24,24,25,25,25,24,25,25
822,8220,-32.94986,-63.1219,-17.3596,-16.32497,-14.965,-12.83808,-10.0836,-10.03355,-6.81067,-7.997695,-5.228608,-6.051976,-3.815213,-3.22574,-1.789934,-0.6024445,25,25,25,25,25,25,25,25,25,25,25,25,25,25,25,25,822,8220,-1.210636,-2.504325,-1.310807,-2.068619,223.3243,202.8409,-2.612161,-2.869134,-2.460544,-1.288901,-2.104075,-2.019413,-5.248988,-4.900203,-3.011682,-5.423859,25,25,25,25,25,25,25,25,25,25,25,25,25,25,25,25,822,8220,-5.514193,-11.63937,-4.854204,-6.836617,-5.050645,-8.027359,-2.198879,-68.02663,0.2494742,-1.33071,0.8343838,0.3636255,-0.0002311648,0.5570791,0.4424222,2.676195,24,24,24,24,24,24,24,24,24,24,25,25,25,24,25,25
823,8230,-31.98787,-63.00098,-19.08274,-19.73534,-18.5857,-15.42973,-11.87019,-10.40971,-7.552999,-7.136899,-5.228608,-5.421721,-4.053649,-2.867343,-2.148144,-0.6024445,25,25,25,25,25,25,25,25,25,25,25,25,25,25,25,25,823,8230,-1.748618,-1.97714,-1.441724,-1.551516,222.9297,203.2097,-3.26515,-1.695973,-2.331124,-1.031412,-1.447105,-2.154118,-4.993027,-3.230609,-2.770832,-3.843626,25,25,25,25,25,25,25,25,25,25,25,25,25,25,25,25,823,8230,-4.595692,-11.63937,-5.365369,-6.449657,-3.496704,-5.096849,-3.104155,-68.35467,-0.2451001,-0.0002119011,0.4767903,0.8487185,-0.4404942,-0.4434119,-0.442907,2.910218,24,24,24,24,24,24,24,24,24,24,25,25,25,24,25,25
824,8240,-35.35483,-62.63821,-21.42128,-22.41492,-21.3616,-16.78726,-13.14633,-11.4128,-8.295329,-7.75184,-5.822745,-6.178027,-4.530519,-3.942534,-2.625758,-0.481725,25,25,25,25,25,25,25,25,25,25,25,25,25,25,25,25,824,8240,-1.479627,-1.054566,-1.179885,-2.327171,224.2453,201.3657,-2.220367,-1.174571,-2.460544,-1.932624,-1.841286,-3.366465,-3.969188,-4.01002,-3.734234,-4.408538,25,25,25,25,25,25,25,25,25,25,25,25,25,25,25,25,824,8240,-3.676584,-11.38385,-5.620951,-6.32067,-4.66216,-6.116157,-2.97483,-69.12006,0.7440482,0.4836033,1.191977,-0.1214675,0.4400319,0.8905753,0.4424222,2.325152,24,24,24,24,24,24,24,24,24,24,25,25,25,24,25,25
825,8250,-33.7916,-62.51729,-20.19047,-20.95333,-20.15468,-17.65114,-12.38064,-11.91435,-9.037659,-9.595756,-5.94141,-7.186433,-5.722697,-5.137189,-3.34218,-0.6024445,25,25,25,25,25,25,25,25,25,25,25,25,25,25,25,25,825,8250,-1.748618,-1.845343,-3.012771,-2.068619,223.3243,201.3657,-2.873356,-1.435274,-2.719388,-1.803879,-2.366861,-2.154118,-4.609088,-2.339854,-3.975085,-5.198229,25,25,25,25,25,25,25,25,25,25,25,25,25,25,25,25,825,8250,-4.480803,-11.2561,-6.004325,-7.223576,-5.827616,-6.880637,-2.845505,-68.90138,-0.1214049,-1.209756,0.9535815,0.3636255,0.3299653,0.6682445,-0.000242402,2.442167,24,24,24,24,24,24,24,24,24,24,25,25,25,24,25,25
826,8260,-33.5511,-62.63821,-21.17512,-21.92772,-20.51677,-16.41702,-12.12542,-10.40971,-8.41905,-7.874767,-5.822745,-6.051976,-5.245827,-3.823068,-3.70039,-0.6024445,25,25,25,25,25,25,25,25,25,25,25,25,25,25,25,25,826,8260,-0.5381598,-0.9227699,-0.6562063,-1.422239,223.3243,202.595,-1.828573,0.6503437,1.163246,0.12729,0.6552014,0.2705768,-1.793529,-2.673887,-3.975085,-5.198229,25,25,25,25,25,25,25,25,25,25,25,25,25,25,25,25,826,8260,-4.595692,-12.1504,-6.387699,-8.126481,-12.04284,-16.04186,-2.328205,-68.02663,0.002238607,0.3626463,1.668769,0.121079,-0.4404942,-0.3322457,0.2210899,3.261261,24,24,24,24,24,24,24,24,24,24,25,25,25,24,25,25
827,8270,-35.95607,-63.96836,-20.43663,-19.61354,-18.34433,-14.93608,-9.828368,-8.52891,-6.934391,-6.521553,-4.277989,-3.909112,-3.338343,-3.106274,-1.431723,-0.361004,25,25,25,25,25,25,25,25,25,25,25,25,25,25,25,25,827,8270,-1.210636,-1.449955,-2.750932,-2.714999,223.7191,203.2097,-2.612161,-0.7835172,-1.295754,-2.061369,-1.052917,-1.750003,-3.841207,-4.121364,-5.89972,-7.003235,25,25,25,25,25,25,25,25,25,25,25,25,25,25,25,25,827,8270,-5.972952,-13.42796,-5.109787,-12.12355,-14.11187,-16.16903,-3.233481,-68.90138,-0.1214049,0.7255076,1.549571,0.3636255,-0.2203611,1.112907,0.1104229,2.442167,24,24,24,24,24,24,24,24,24,24,25,25,25,24,25,25
828,8280,-35.71557,-64.21021,-20.43663,-19.61354,-17.37881,-15.42973,-9.317912,-8.403523,-6.315784,-5.783138,-4.040334,-4.035163,-2.265383,-2.867343,-1.31232,-0.7231655,25,25,25,25,25,25,25,25,25,25,25,25,25,25,25,25,828,8280,-2.959075,-3.03151,-3.536449,-2.714999,224.1137,202.3491,-1.567376,-1.956679,-2.072282,-1.417646,-1.315707,-2.692937,-3.585249,-4.900203,-5.89972,-8.356994,25,25,25,25,25,25,25,25,25,25,25,25,25,25,25,25,828,8280,-8.037374,-13.93899,-5.876534,-11.73691,-11.26641,-10.82799,-1.940229,-68.57335,-0.2450488,-0.7259411,0.5959879,-0.1214675,0.3299653,0.3347476,-0.2215747,2.091124,24,24,24,24,24,24,24,24,24,24,25,25,25,24,25,25
829,8290,-34.75359,-63.1219,-20.19047,-17.90836,-17.01674,-13.0849,-9.190298,-7.149658,-6.686949,-6.275414,-5.109781,-6.178028,-5.60353,-4.778792,-4.0586,-0.1195636,25,25,25,25,25,25,25,25,25,25,25,25,25,25,25,25,829,8290,-2.555589,-4.085879,-2.881849,-2.973551,223.4559,203.2097,-2.350964,-3.260191,-2.201702,-1.675135,-3.15522,-2.558232,-5.121009,-5.455904,-6.260277,-7.792926,25,25,25,25,25,25,25,25,25,25,25,25,25,25,25,25,829,8290,-6.661092,-13.81123,-6.51549,-9.416346,-8.676509,-9.55632,-2.97483,-68.79203,0.3731691,0.9674184,1.430373,-0.000195848,-0.5505576,0.445913,-0.000242402,3.261261,24,24,24,24,24,24,24,24,24,24,25,25,25,24,25,25
830,8300,-33.3106,-63.36375,-19.08274,-17.42116,-17.13742,-13.57855,-9.700753,-7.901978,-6.439506,-6.644621,-5.703917,-6.304078,-5.12666,-5.6151,-4.655618,-0.361004,25,25,25,25,25,25,25,25,25,25,25,25,25,25,25,25,830,8300,-4.304028,-2.372529,-2.881849,-3.619931,223.4559,201.3657,-2.742758,-1.435274,-2.331124,-2.576347,-1.447098,-1.884705,-4.73707,-1.671845,-4.577212,-8.131364,25,25,25,25,25,25,25,25,25,25,25,25,25,25,25,25,830,8300,-7.005161,-13.68347,-5.620951,-10.06128,-10.23045,-12.86267,-2.845505,-68.57335,0.3731691,0.1207387,0.1191964,-0.000195848,0.3299653,0.5570278,-0.6642377,2.676195,24,24,24,24,24,24,24,24,24,24,25,25,25,24,25,25
831,8310,-33.7916,-63.36375,-19.20582,-18.27375,-17.01674,-14.81267,-9.828368,-8.152749,-7.429278,-7.874767,-5.94141,-6.051977,-5.841966,-7.287619,-5.252687,-0.8438865,25,25,25,25,25,25,25,25,25,25,25,25,25,25,25,25,831,8310,-0.5381598,-0.0001966506,-0.1325217,-0.6465841,223.3243,200.751,-1.567376,4.300178,2.069193,3.47465,3.545873,1.213517,0.1261646,-0.7810883,-7.101575,-8.921056,25,25,25,25,25,25,25,25,25,25,25,25,25,25,25,25,831,8310,-7.578614,-13.42796,-5.49316,-14.18561,-22.51726,-27.48696,-2.328205,-69.77612,-0.4923362,-0.3630797,1.072779,0.2423506,0.2198988,0.2235308,-0.5535724,3.378268,24,24,24,24,24,24,24,24,24,24,25,25,25,24,25,25
832,8320,-33.5511,-62.27544,-19.3289,-15.71597,-15.08568,-12.09761,-10.0836,-7.149658,-6.563227,-6.644621,-6.534789,-6.682231,-6.318836,-7.646015,-5.252687,-0.481725,25,25,25,25,25,25,25,25,25,25,25,25,25,25,25,25,832,8320,-1.076141,-0.3955849,-0.5252836,-0.5173084,222.9297,202.1033,-1.567376,3.257369,1.551509,2.058459,-0.001765842,0.5399898,-1.409593,-3.453355,-7.702503,-10.38762,25,25,25,25,25,25,25,25,25,25,25,25,25,25,25,25,832,8320,-9.184272,-16.23861,-6.51549,-18.82524,-24.84491,-26.85112,-1.681579,-69.4481,0.1258821,0.1207387,0.2383943,-0.849107,-0.5505576,0.4458616,0.1104229,2.676195,24,24,24,24,24,24,24,24,24,24,25,25,25,24,25,25
833,8330,-32.58911,-61.5499,-18.46733,-15.71597,-15.80982,-12.83808,-8.807456,-7.77659,-6.686949,-6.644621,-5.94141,-6.430129,-5.484313,-6.570825,-4.894476,-0.240283,25,25,25,25,25,25,25,25,25,25,25,25,25,25,25,25,833,8330,-1.479678,0.3951923,0.5220793,-1.034412,224.1137,203.2097,-1.436779,3.778774,2.198615,1.929714,2.363327,0.1358752,-3.073332,-3.007978,-7.822689,-10.162,25,25,25,25,25,25,25,25,25,25,25,25,25,25,25,25,833,8330,-10.67524,-15.72758,-5.237577,-19.7274,-23.16383,-25.57944,-2.586855,-68.68269,0.2495256,0.6045538,0.9535815,0.9699901,0.8802918,0.2235308,-0.1109077,2.910224,24,24,24,24,24,24,24,24,24,24,25,25,25,24,25,25
834,8340,-33.3106,-62.50654,-17.72884,-16.32497,-14.72361,-12.96149,-9.062685,-8.905069,-6.81067,-7.505985,-6.178761,-6.430129,-5.365095,-5.973497,-4.894476,-1.930371,25,25,25,25,25,25,25,25,25,25,25,25,25,25,25,25,834,8340,-2.017659,-0.7909738,-2.35817,-0.3880318,224.2453,202.7179,-1.436779,1.693154,0.6455615,0.8997577,-0.3959468,-2.288821,-4.225149,-4.34411,-7.22176,-12.30544,25,25,25,25,25,25,25,25,25,25,25,25,25,25,25,25,834,8340,-11.01931,-17.26066,-5.748743,-23.59376,-28.20707,-27.48696,-1.422929,-68.79203,-0.4923362,-0.0002151117,0.5959879,0.3636255,-0.2203611,-0.4434632,-0.000242402,3.729318,24,24,24,24,24,24,24,24,24,24,25,25,25,24,25,25
835,8350,-31.86762,-61.17661,-17.97501,-16.93396,-15.68913,-13.33173,-10.84928,-8.52891,-7.429278,-6.890759,-6.178761,-6.808281,-6.438055,-5.495634,-3.700441,-0.361004,25,25,25,25,25,25,25,25,25,25,25,25,25,25,25,25,835,8350,-0.8072011,-1.318159,-1.441737,-0.5173084,223.5875,202.2262,-1.306181,0.3896412,2.198615,1.80097,1.049386,-1.211179,-3.969192,-6.456167,-9.264915,-12.41826,25,25,25,25,25,25,25,25,25,25,25,25,25,25,25,25,835,8350,-13.19842,-18.9215,-5.876534,-21.66058,-21.87069,-23.29043,-2.97483,-69.12006,0.3731691,-0.2421259,0.2383943,-0.2427423,1.210488,0.890524,0.3317553,2.910224,24,24,24,24,24,24,24,24,24,24,25,25,25,24,25,25
836,8360,-32.46886,-61.53932,-18.09809,-16.69036,-15.93052,-13.20831,-9.317912,-7.40043,-6.192062,-6.521553,-4.634471,-6.304078,-4.292135,-5.376168,-2.98402,-0.1195636,25,25,25,25,25,25,25,25,25,25,25,25,25,25,25,25,836,8360,-2.286649,-1.581751,-1.048975,-0.1295318,223.4559,201.7345,-2.350964,0.3896412,0.5161397,-0.1301996,-1.052917,-3.366465,-6.656769,-7.345288,-9.745657,-12.53107,25,25,25,25,25,25,25,25,25,25,25,25,25,25,25,25,836,8360,-12.16621,-18.15496,-5.620951,-23.59376,-29.11226,-29.14014,-2.586855,-68.57335,0.1258821,0.4836001,0.8343838,0.3636255,0.2198988,-0.6657941,-0.996237,3.027232,24,24,24,24,24,24,24,24,24,24,25,25,25,24,25,25
837,8370,-33.5511,-62.50654,-19.20582,-18.03015,-15.32705,-13.20831,-9.700753,-8.403523,-6.686949,-7.874767,-5.94141,-6.430129,-4.888225,-4.53991,-3.222827,-0.6024445,25,25,25,25,25,25,25,25,25,25,25,25,25,25,25,25,837,8370,-1.883163,-2.108936,-0.9180519,-1.551568,223.8506,201.9803,-1.436779,0.2592899,-0.2603863,-0.001455215,-2.235463,-5.925864,-6.400808,-11.45748,-13.47141,-13.88483,25,25,25,25,25,25,25,25,25,25,25,25,25,25,25,25,837,8370,-12.96904,-19.68804,-6.771072,-22.82049,-24.19834,-25.57944,-4.397407,-70.10416,-0.2450488,-0.2421259,0.7151859,0.8487185,-0.4404942,0.2235308,-0.000242402,3.261261,24,24,24,24,24,24,24,24,24,24,25,25,25,24,25,25
838,8380,-30.30439,-61.05571,-18.34425,-17.17756,-16.65464,-12.34443,-11.35973,-8.905069,-7.552999,-7.505985,-6.297437,-7.312485,-5.60353,-5.376168,-3.819844,-0.240283,25,25,25,25,25,25,25,25,25,25,25,25,25,25,25,25,838,8380,-2.690135,-2.372529,-3.798301,-1.939396,222.6665,201.2429,-0.2613977,-1.304922,-2.201702,-4.507517,-7.885405,-9.693597,-10.36517,-14.12484,-15.99531,-16.36671,25,25,25,25,25,25,25,25,25,25,25,25,25,25,25,25,838,8380,-15.49222,-21.22112,-5.748743,-25.52695,-28.07776,-32.19216,-2.845505,-68.02663,0.1258821,-0.0002151117,0.2383943,-0.2427423,0.6601618,0.3346962,0.5530875,2.676195,24,24,24,24,24,24,24,24,24,24,25,25,25,24,25,25
839,8390,-29.82339,-61.90203,-17.72884,-16.93396,-14.96497,-13.33173,-10.33882,-9.281229,-7.181836,-8.489407,-5.58509,-6.682231,-4.769006,-5.734565,-3.939248,0.3633189,25,25,25,25,25,25,25,25,25,25,25,25,25,25,25,25,839,8390,-4.304079,-3.954083,-3.798301,-4.524914,222.535,201.7346,-0.7837884,-2.608435,-2.331124,-5.022495,-5.783102,-8.07981,-9.470546,-11.45748,-12.63011,-17.26921,25,25,25,25,25,25,25,25,25,25,25,25,25,25,25,25,839,8390,-17.21257,-22.62645,-6.259908,-26.4291,-26.91393,-26.59678,-2.586853,-68.57335,-0.1214049,-0.1211721,0.7151859,0.4848971,-0.0002311648,-0.5546287,-0.000242402,3.144246,24,24,24,24,24,24,24,24,24,24,25,25,25,24,25,25
840,8400,-29.5829,-62.50654,-17.85193,-16.81216,-15.44773,-13.20831,-9.57314,-9.406615,-6.439506,-7.136897,-4.396816,-5.421722,-3.457613,-2.867393,-2.625809,-0.9646059,25,25,25,25,25,25,25,25,25,25,25,25,25,25,25,25,840,8400,-4.304079,-3.69049,-4.060141,-4.524914,223.1928,202.7181,-1.567376,-1.435267,-3.237072,-3.735049,-3.41801,-4.848222,-8.448123,-6.456167,-6.741019,-15.01296,25,25,25,25,25,25,25,25,25,25,25,25,25,25,25,25,840,8400,-15.7216,-21.98766,-6.132116,-19.85628,-19.41373,-24.81644,-3.750779,-69.12006,0.1258821,0.2416925,0.8343838,0.4848971,-0.1102977,0.6681932,0.4424222,2.79321,24,24,24,24,24,24,24,24,24,24,25,25,25,24,25,25
841,8410,-29.70314,-61.41842,-17.3596,-14.13259,-13.15461,-9.75278,-8.679843,-7.525817,-6.439506,-6.029276,-4.515645,-5.04357,-2.980741,-2.867393,-1.551178,0.1218784,25,25,25,25,25,25,25,25,25,25,25,25,25,25,25,25,841,8410,-2.017659,-2.108936,-3.798301,-2.197947,224.3769,202.3493,-0.6531916,-1.69597,-1.554596,-1.417646,-3.023829,-6.195274,-7.168686,-10.56836,-10.2264,-10.72606,25,25,25,25,25,25,25,25,25,25,25,25,25,25,25,25,841,8410,-13.65718,-21.22112,-5.748743,-21.14507,-27.04325,-35.37136,-2.716179,-68.464,0.2495256,-0.9678518,0.8343838,0.3636255,0.2198988,0.5570278,-0.442907,2.676195,24,24,24,24,24,24,24,24,24,24,25,25,25,24,25,25
842,8420,-29.82339,-61.53932,-16.86728,-15.10698,-12.43046,-9.876192,-6.255179,-7.024272,-4.582092,-5.78314,-3.565026,-4.413316,-2.146217,-3.22579,-1.789985,0.00115743,25,25,25,25,25,25,25,25,25,25,25,25,25,25,25,25,842,8420,-2.421145,-3.954083,-3.929218,-3.102879,223.9822,201.8576,-0.9143869,-2.478077,-1.94286,-1.675135,-2.629644,-4.174694,-6.400808,-7.90099,-7.822689,-14.78733,25,25,25,25,25,25,25,25,25,25,25,25,25,25,25,25,842,8420,-15.03346,-23.13747,-6.259908,-24.49591,-26.91393,-27.48696,-2.328203,-68.68269,-0.4923362,-0.1211721,0.7151859,0.3636255,-0.3304276,-0.5546287,-0.1109077,2.676195,24,24,24,24,24,24,24,24,24,24,25,25,25,24,25,25
843,8430,-29.94364,-61.29752,-17.23652,-14.98518,-12.18909,-9.259132,-5.872338,-6.773498,-4.458227,-3.937105,-3.327318,-2.900706,-1.907782,-2.38953,-2.028792,-0.7231655,25,25,25,25,25,25,25,25,25,25,25,25,25,25,25,25,843,8430,-3.631602,-3.163306,-3.40554,-3.36143,223.1928,202.2264,-2.220367,-2.608429,-1.684018,-2.576347,-3.812197,-5.791159,-7.424647,-8.012132,-7.462132,-11.29013,25,25,25,25,25,25,25,25,25,25,25,25,25,25,25,25,843,8430,-12.51028,-20.45458,-5.49316,-19.34076,-20.9655,-25.96095,-2.328203,-68.79203,0.4968126,0.6045538,1.311175,0.121079,0.1098354,0.7793586,-0.5535724,2.79321,24,24,24,24,24,24,24,24,24,24,25,25,25,24,25,25
844,8440,-29.94364,-62.02293,-18.46733,-14.74158,-13.27531,-9.382545,-6.255179,-6.021179,-3.962768,-3.937105,-2.733181,-3.026757,-1.550129,-2.031133,-1.312371,-0.240283,25,25,25,25,25,25,25,25,25,25,25,25,25,25,25,25,844,8440,-4.573069,-4.085879,-4.191057,-3.878535,223.8506,201.12,-2.089769,-2.608429,-2.97823,-4.250028,-4.469168,-7.272923,-7.296668,-8.790113,-8.423616,-11.74138,25,25,25,25,25,25,25,25,25,25,25,25,25,25,25,25,844,8440,-12.39559,-20.19907,-5.109787,-17.92309,-18.63785,-21.76441,-1.552253,-68.35467,0.1258821,-0.7259411,0.4767903,-0.000195848,0.6601618,0.7793586,-0.5535724,3.027232,24,24,24,24,24,24,24,24,24,24,25,25,25,24,25,25
845,8450,-28.50066,-61.78113,-16.74419,-16.32497,-12.79255,-10.86349,-5.872338,-6.271952,-4.086633,-4.921657,-3.802626,-4.035163,-2.384653,-3.22579,-0.8347571,-0.361004,25,25,25,25,25,25,25,25,25,25,25,25,25,25,25,25,845,8450,-4.169583,-3.426898,-4.583819,-3.232155,222.9297,201.3658,-1.567376,-2.608429,-3.884178,-2.576347,-4.600559,-4.44411,-5.376973,-5.455904,-7.101575,-11.96701,25,25,25,25,25,25,25,25,25,25,25,25,25,25,25,25,845,8450,-11.82214,-20.7101,-5.748743,-17.53646,-18.50853,-21.0014,-2.198879,-69.77612,0.002238607,0.4836001,1.072779,-0.6065605,-0.1102977,0.1123646,-0.000242402,2.559181,24,24,24,24,24,24,24,24,24,24,25,25,25,24,25,25
846,8460,-28.01966,-61.78113,-17.48268,-16.20317,-13.27531,-8.765485,-4.723813,-4.516541,-2.476391,-2.583345,-3.208491,-2.018222,-1.907782,-0.8364234,-0.8347571,-0.6024445,25,25,25,25,25,25,25,25,25,25,25,25,25,25,25,25,846,8460,-4.035088,-3.954083,-3.798301,-4.137086,222.535,201.9805,-2.220367,-3.651239,-3.625336,-4.378772,-4.99474,-5.656457,-6.912732,-6.567306,-5.89972,-8.356994,25,25,25,25,25,25,25,25,25,25,25,25,25,25,25,25,846,8460,-9.643031,-18.15496,-5.109787,-14.95888,-16.05157,-23.54476,-2.716179,-69.12006,0.002238607,0.6045538,0.3575923,-0.1214675,0.7702252,0.1124159,0.1104229,1.974116,24,24,24,24,24,24,24,24,24,24,25,25,25,24,25,25
847,8470,-27.89942,-60.69301,-17.23652,-16.93396,-14.12014,-10.24643,-9.317912,-7.149658,-5.57301,-5.906209,-3.564973,-4.917519,-2.623088,-3.345201,-1.67053,-0.481725,25,25,25,25,25,25,25,25,25,25,25,25,25,25,25,25,847,8470,-3.900593,-3.426898,-3.274617,-4.395638,223.9822,202.2264,-2.350964,-2.478077,-3.495914,-3.735049,-3.680799,-4.578815,-5.504951,-4.010023,-5.058421,-8.469803,25,25,25,25,25,25,25,25,25,25,25,25,25,25,25,25,847,8470,-7.807993,-17.26066,-4.981996,-14.44337,-13.85324,-17.82221,-1.681578,-69.4481,-0.8632666,-0.6049873,1.430373,0.4848971,0.3299653,-0.1099149,-0.5535707,3.729318,24,24,24,24,24,24,24,24,24,24,25,25,25,24,25,25
848,8480,-29.70314,-61.41842,-18.7135,-21.56232,-18.10293,-15.55314,-12.76349,-11.53819,-8.295329,-8.120624,-4.753245,-6.304078,-4.0537,-3.823063,-2.267548,-0.8438351,25,25,25,25,25,25,25,25,25,25,25,25,25,25,25,25,848,8480,-3.497107,-3.69049,-4.060141,-3.490707,223.9822,202.3493,-1.436779,-3.260185,-4.27244,-3.348815,-3.155227,-5.117638,-4.481112,-5.455904,-5.418977,-6.890427,25,25,25,25,25,25,25,25,25,25,25,25,25,25,25,25,848,8480,-7.005161,-17.13291,-5.620951,-10.83476,-7.25201,-10.95515,-2.845504,-69.66678,0.4968126,0.1207387,0.7151859,-0.1214675,0.1098354,0.6682445,0.2210915,3.144246,24,24,24,24,24,24,24,24,24,24,25,25,25,24,25,25
849,8490,-31.26638,-60.81391,-19.3289,-20.10074,-18.465,-15.30632,-12.8911,-11.4128,-9.408825,-8.612334,-4.9909,-6.934333,-5.12666,-4.061995,-3.222776,-0.8438351,25,25,25,25,25,25,25,25,25,25,25,25,25,25,25,25,849,8490,-2.28665,-3.163306,-2.750939,-2.715051,223.3243,202.3493,-2.612161,-2.869131,-2.97823,-0.9026674,-1.184315,-2.019416,-3.457274,-4.4554,-5.779534,-7.905741,25,25,25,25,25,25,25,25,25,25,25,25,25,25,25,25,849,8490,-7.234544,-15.34431,-6.004325,-10.31925,-10.61888,-15.78753,-1.164277,-68.13597,0.7440996,0.6045538,-1.605311E-06,-0.364014,0.4400319,-0.3322457,-0.5535707,2.442167,24,24,24,24,24,24,24,24,24,24,25,25,25,24,25,25
850,8500,-34.51309,-61.79175,-19.94431,-21.31873,-20.15467,-15.55314,-13.27394,-12.41589,-9.16138,-8.981117,-4.515592,-6.430129,-3.099959,-3.106269,-1.789933,-0.4816737,25,25,25,25,25,25,25,25,25,25,25,25,25,25,25,25,850,8500,-1.210687,-1.186413,-1.703576,-0.6466362,222.6665,202.1034,-2.612161,-2.608429,-2.460544,-3.091326,-5.126138,-5.656457,-7.296671,-6.789587,-7.101575,-6.777612,25,25,25,25,25,25,25,25,25,25,25,25,25,25,25,25,850,8500,-5.972952,-15.47207,-5.620951,-13.79897,-16.56883,-22.52742,-2.457529,-69.77612,-0.3686922,0.2416925,0.8343838,0.2423506,-0.3304276,0.2235821,0.7744215,3.846326,24,24,24,24,24,24,24,24,24,24,25,25,25,24,25,25
851,8510,-38.72179,-63.60559,-21.66745,-22.53671,-20.15467,-16.1702,-12.50826,-11.78896,-7.924165,-7.505985,-4.277936,-4.791468,-2.384653,-2.867338,-1.789933,-0.8438351,25,25,25,25,25,25,25,25,25,25,25,25,25,25,25,25,851,8510,-3.228117,-2.37258,-2.4891,-3.102879,223.7191,201.12,-2.612161,-3.651239,-4.013598,-5.022495,-4.600559,-6.7341,-7.680611,-6.789587,-7.341946,-9.033871,25,25,25,25,25,25,25,25,25,25,25,25,25,25,25,25,851,8510,-7.463924,-17.26066,-5.748794,-14.05673,-16.3102,-20.87424,-4.009429,-68.90138,0.1258821,-0.3630797,-0.2383972,-0.4852888,-0.1102977,0.2235821,-0.5535707,2.676195,24,24,24,24,24,24,24,24,24,24,25,25,25,24,25,25
852,8520,-37.39906,-63.00098,-21.42129,-20.10074,-19.67191,-15.30632,-11.61496,-10.15893,-7.552999,-6.398485,-3.921455,-4.917519,-3.219177,-3.703598,-2.148144,-0.1195122,25,25,25,25,25,25,25,25,25,25,25,25,25,25,25,25,852,8520,-1.614174,-1.713599,-1.965415,-2.197948,223.1928,200.6282,-1.95917,-1.435267,-3.495914,-2.576347,-4.99474,-5.521752,-5.632933,-4.900203,-6.500647,-9.823562,25,25,25,25,25,25,25,25,25,25,25,25,25,25,25,25,852,8520,-7.807993,-16.49413,-5.876585,-14.31449,-15.92226,-20.87424,-2.328203,-68.02663,0.002238607,0.8464646,0.7151859,0.606172,-0.4404942,-0.3322457,-0.2215715,2.676195,24,24,24,24,24,24,24,24,24,24,25,25,25,24,25,25
853,8530,-35.71557,-62.03359,-21.2982,-19.97894,-18.34432,-15.05949,-11.10451,-8.654295,-5.325281,-4.921657,-2.614354,-3.026757,-1.669346,-2.867338,-1.909337,-0.4816737,25,25,25,25,25,25,25,25,25,25,25,25,25,25,25,25,853,8530,-1.479678,-1.845395,-2.227254,-1.939396,222.6665,201.6117,-1.697975,-1.956672,-3.625336,-3.47756,-4.074986,-4.44411,-4.481112,-3.564645,-3.734182,-8.356994,25,25,25,25,25,25,25,25,25,25,25,25,25,25,25,25,853,8530,-6.661092,-16.36637,-6.132168,-14.83,-15.01706,-19.09389,-3.492129,-69.99482,0.1258821,0.2416925,0.7151859,0.606172,-0.8807541,0.8905753,-0.0002407967,2.208138,24,24,24,24,24,24,24,24,24,24,25,25,25,24,25,25
854,8540,-36.79781,-63.84744,-20.80588,-19.12635,-16.89604,-14.44243,-10.59405,-9.90816,-5.944605,-5.906209,-2.970836,-4.161214,-2.623088,-3.345201,-1.909337,-0.8438351,25,25,25,25,25,25,25,25,25,25,25,25,25,25,25,25,854,8540,-1.883164,-1.450006,-1.572653,-2.844328,223.3243,201.4887,-1.95917,-2.478077,-2.848808,-3.735049,-3.155227,-3.770583,-4.609095,-3.230612,-3.854607,-6.664797,25,25,25,25,25,25,25,25,25,25,25,25,25,25,25,25,854,8540,-6.087643,-14.96104,-5.748794,-12.3813,-12.68941,-16.04186,-1.293602,-68.57335,-0.3686922,-1.088806,0.9535815,0.4848971,-0.1102977,1.001741,0.1104262,1.857101,24,24,24,24,24,24,24,24,24,24,25,25,25,24,25,25
855,8550,-36.91806,-62.88005,-21.91361,-18.27375,-17.3788,-13.57855,-11.10451,-8.52891,-5.449146,-4.429381,-2.970836,-3.53096,-2.265435,-2.389477,-0.8347057,0.1219298,25,25,25,25,25,25,25,25,25,25,25,25,25,25,25,25,855,8550,-2.152155,-0.7910252,-2.358177,-2.327224,223.8506,202.2263,-2.742756,-1.435267,-3.884178,-3.091326,-3.418016,-5.387048,-4.993033,-5.789324,-6.861204,-6.439174,25,25,25,25,25,25,25,25,25,25,25,25,25,25,25,25,855,8550,-5.399503,-15.85534,-6.515542,-13.92785,-14.62912,-21.89158,-2.198879,-68.35467,-0.7396231,0.2416925,1.072779,-0.6065605,-0.0002311648,0.001250538,-0.1109061,3.261261,24,24,24,24,24,24,24,24,24,24,25,25,25,24,25,25
856,8560,-34.87383,-63.36375,-20.6828,-18.63915,-16.05119,-13.82537,-10.0836,-9.90816,-5.696875,-5.167794,-2.495526,-3.909112,-2.384653,-4.061995,-2.983968,0.3633702,25,25,25,25,25,25,25,25,25,25,25,25,25,25,25,25,856,8560,-3.093621,-3.163357,-3.012778,-2.715052,223.1928,201.7346,-2.089767,-4.563701,-4.531282,-4.378772,-5.651711,-6.46469,-6.272833,-7.456427,-8.30343,-10.38762,25,25,25,25,25,25,25,25,25,25,25,25,25,25,25,25,856,8560,-8.266753,-17.13291,-5.36542,-17.53646,-19.02579,-20.36557,-1.681578,-69.33877,-0.1214049,0.1207387,0.4767903,0.4848971,1.100422,0.6682445,-0.6642361,2.091124,24,24,24,24,24,24,24,24,24,24,25,25,25,24,25,25
857,8570,-34.51309,-63.1219,-20.92896,-20.10074,-17.74087,-15.55314,-10.46644,-9.406615,-5.696874,-4.55245,-2.495526,-2.648604,-1.073258,-1.19482,-1.192916,-0.9645545,25,25,25,25,25,25,25,25,25,25,25,25,25,25,25,25,857,8570,-3.766098,-4.349524,-3.798301,-3.361431,222.9297,201.9805,-3.265147,-4.172647,-4.660704,-3.47756,-4.99474,-4.71352,-6.144851,-5.455904,-5.779534,-9.823562,25,25,25,25,25,25,25,25,25,25,25,25,25,25,25,25,857,8570,-8.381443,-16.23861,-5.237629,-17.53646,-18.24991,-18.71239,-1.164277,-69.55745,-0.3686922,-0.7259411,0.9535815,0.121079,0.3299653,-0.3322457,-0.4429038,3.027232,24,24,24,24,24,24,24,24,24,24,25,25,25,24,25,25
858,8580,-31.62712,-62.15451,-20.6828,-17.90836,-16.17189,-13.0849,-9.700754,-7.651204,-5.201415,-3.321759,-1.782562,-2.396502,-1.311693,-4.061995,-4.0586,0.1219298,25,25,25,25,25,25,25,25,25,25,25,25,25,25,25,25,858,8580,-4.842061,-2.636173,-2.4891,-2.973604,223.5875,201.4887,-3.656941,-3.129837,-3.366492,-3.735049,-3.812197,-4.71352,-5.248994,-5.233623,-4.938235,-7.792926,25,25,25,25,25,25,25,25,25,25,25,25,25,25,25,25,858,8580,-8.496133,-16.11085,-6.38775,-14.70112,-14.62912,-17.82221,-2.974829,-69.66679,0.1258821,0.2416957,0.8343838,-0.7278353,-0.5505576,0.6682445,0.2210915,2.559175,24,24,24,24,24,24,24,24,24,24,25,25,25,24,25,25
859,8590,-30.90563,-61.42898,-19.20582,-18.76095,-17.13741,-14.81267,-10.21121,-8.905069,-4.705956,-5.78314,-2.02027,-4.161214,-2.503871,-5.495581,-4.178003,-0.3609526,25,25,25,25,25,25,25,25,25,25,25,25,25,25,25,25,859,8590,-2.690136,-3.42695,-2.4891,-2.973604,223.4559,200.7511,-3.003952,-2.738783,-3.625336,-2.833837,-4.469168,-5.252343,-4.481112,-5.233623,-6.140091,-6.890427,25,25,25,25,25,25,25,25,25,25,25,25,25,25,25,25,859,8590,-7.349234,-14.1945,-5.876585,-12.63906,-11.39585,-14.00718,-1.810903,-68.90139,0.1258821,0.2416957,0.1191964,0.7274436,0.6601618,0.2235821,-1.106899,2.793203,24,24,24,24,24,24,24,24,24,24,25,25,25,24,25,25
860,8600,-32.22837,-60.82436,-20.6828,-20.46613,-17.74087,-15.18291,-10.84928,-9.281229,-6.315784,-6.89076,-2.376752,-5.547773,-2.026999,-3.464666,-3.342179,-1.447437,25,25,25,25,25,25,25,25,25,25,25,25,25,25,25,25,860,8600,-3.766098,-3.163357,-3.667379,-2.844328,222.6665,201.6116,-2.089767,-3.260188,-3.754756,-4.250028,-5.783108,-5.252339,-5.248994,-6.345025,-6.500647,-6.326359,25,25,25,25,25,25,25,25,25,25,25,25,25,25,25,25,860,8600,-5.055247,-12.78918,-5.621003,-10.83476,-8.935446,-12.60833,-2.457529,-69.88548,-0.3686922,0.604557,0.7151859,0.7274469,-0.1102977,0.3347476,-0.1109061,2.910218,24,24,24,24,24,24,24,24,24,24,25,25,25,24,25,25
861,8610,-35.47507,-61.79175,-23.26751,-22.04952,-19.55122,-16.41702,-12.12542,-9.281229,-6.686948,-5.78314,-2.970889,-3.65701,-1.669295,-2.628407,-1.789933,0.001208799,25,25,25,25,25,25,25,25,25,25,25,25,25,25,25,25,861,8610,-3.228117,-3.690542,-2.4891,-4.395639,223.7191,202.2263,-2.089767,-4.172647,-3.366492,-4.893751,-4.731957,-4.71352,-4.993027,-5.567043,-5.298792,-6.890427,25,25,25,25,25,25,25,25,25,25,25,25,25,25,25,25,861,8610,-5.972952,-14.32226,-6.132168,-10.96364,-9.582922,-10.70082,-2.974829,-69.22941,0.620456,-0.1211657,0.5959879,-0.3640108,0.4400319,0.6682445,0.2210915,2.676195,24,24,24,24,24,24,24,24,24,24,25,25,25,24,25,25
862,8620,-36.67756,-62.75913,-22.52902,-21.44053,-17.74087,-15.05949,-10.97689,-10.03355,-6.563227,-7.505985,-2.852061,-5.421722,-2.503819,-4.181517,-2.506355,-0.7231141,25,25,25,25,25,25,25,25,25,25,25,25,25,25,25,25,862,8620,-5.111051,-3.822339,-3.798301,-4.524915,223.5875,202.4722,-3.395746,-3.520891,-5.178388,-5.279984,-4.99474,-5.925867,-5.888887,-5.455904,-6.620832,-5.98792,25,25,25,25,25,25,25,25,25,25,25,25,25,25,25,25,862,8620,-5.743573,-12.1504,-6.38775,-11.22139,-8.805951,-10.06498,-1.681578,-68.24532,0.4968126,-0.2421227,0.8343838,0.6061752,-0.2203611,-0.2210803,-0.5535707,3.144246,24,24,24,24,24,24,24,24,24,24,25,25,25,24,25,25
863,8630,-34.99408,-62.51729,-21.05204,-20.46613,-16.77534,-14.81267,-11.48735,-10.15893,-7.181835,-7.136899,-3.565026,-5.295671,-3.576778,-3.82312,-4.0586,-1.085276,25,25,25,25,25,25,25,25,25,25,25,25,25,25,25,25,863,8630,-2.824631,-2.636173,-3.40554,-3.232156,223.8506,201.8576,-2.481561,-3.781593,-4.013598,-2.705092,-2.235467,-5.117635,-5.121006,-9.012391,-9.14473,-6.551989,25,25,25,25,25,25,25,25,25,25,25,25,25,25,25,25,863,8630,-5.858263,-12.78918,-6.643332,-10.31925,-9.841912,-13.24417,-3.362805,-69.12007,-0.1214049,0.7255141,0.7151859,0.3636287,0.4400319,0.7794099,-0.0002407967,2.793203,24,24,24,24,24,24,24,24,24,24,25,25,25,24,25,25
864,8640,-34.75359,-61.42898,-22.15977,-20.70973,-18.5857,-15.30632,-13.52917,-12.03973,-8.790215,-10.21039,-5.347435,-8.446942,-6.199568,-6.570828,-5.969056,-0.2402316,25,25,25,25,25,25,25,25,25,25,25,25,25,25,25,25,864,8640,-0.0002295595,-2.504376,-2.750939,-2.585776,223.1928,202.4722,-3.395746,-4.824404,-3.495914,-2.705092,-4.469168,-3.905288,-6.784744,-7.678708,-7.582317,-10.38762,25,25,25,25,25,25,25,25,25,25,25,25,25,25,25,25,864,8640,-8.954892,-14.1945,-5.36542,-14.44337,-16.05157,-17.0592,-1.034952,-69.12007,0.002238607,-0.7259378,0.3575923,0.1210822,-0.0002311648,0.2235821,-0.1109061,2.428965,24,24,24,24,24,24,24,24,24,24,25,25,25,24,25,25
865,8650,-35.47507,-63.00098,-21.05204,-20.10074,-17.13741,-15.55314,-12.76349,-13.04282,-9.037659,-10.57918,-5.94141,-8.068789,-5.961133,-6.690292,-3.939197,-0.8438351,25,25,25,25,25,25,25,25,25,25,25,25,25,25,25,25,865,8650,-2.017608,-2.899765,-3.143701,-3.232156,223.3243,201.8576,-3.787539,-3.781593,-3.10765,-2.833837,-3.680799,-4.71352,-6.400805,-6.789587,-6.380462,-9.033871,25,25,25,25,25,25,25,25,25,25,25,25,25,25,25,25,865,8650,-9.528341,-14.70553,-5.621003,-15.86103,-15.14638,-15.40602,-1.164277,-68.46401,-0.1214049,0.604557,0.8343838,0.6061752,-0.2203611,-0.2210803,-0.3322384,3.364913,24,24,24,24,24,24,24,24,24,24,25,25,25,24,25,25
866,8660,-33.7916,-62.75913,-18.95966,-18.15195,-16.65465,-15.05949,-12.25303,-11.03664,-9.285102,-7.874768,-5.109781,-6.430129,-5.484262,-4.778843,-5.133232,-0.6023931,25,25,25,25,25,25,25,25,25,25,25,25,25,25,25,25,866,8660,-2.152103,-2.504376,-2.750939,-3.619983,223.9822,200.0135,-2.873355,-3.39054,-3.495914,-2.962581,-3.155227,-4.444107,-5.632927,-4.789061,-5.539163,-9.259494,25,25,25,25,25,25,25,25,25,25,25,25,25,25,25,25,866,8660,-9.069582,-15.47207,-6.259959,-14.83,-16.82746,-18.20371,-2.457529,-69.55745,0.3731691,0.604557,1.549571,0.2423539,-0.0002311648,0.8905753,0.2210915,2.77995,24,24,24,24,24,24,24,24,24,24,25,25,25,24,25,25
867,8670,-33.67135,-62.75913,-22.15977,-22.17132,-20.39606,-17.89797,-13.91201,-11.91435,-9.90371,-8.612334,-5.466263,-6.55618,-4.768955,-5.256706,-3.939197,-0.8438351,25,25,25,25,25,25,25,25,25,25,25,25,25,25,25,25,867,8670,-1.076141,-1.977191,-3.40554,-2.4565,222.535,200.997,-3.003952,-2.347729,-4.14302,-1.675135,-3.286618,-3.23176,-3.585249,-3.787331,-4.577212,-7.11605,25,25,25,25,25,25,25,25,25,25,25,25,25,25,25,25,867,8670,-6.890475,-13.04469,-5.621003,-10.06128,-9.841912,-11.84533,-1.293602,-69.55745,-0.2450488,-0.8468916,0.2383943,0.2423539,0.1098354,0.6682445,-0.8855684,2.428965,24,24,24,24,24,24,24,24,24,24,25,25,25,24,25,25
868,8680,-33.0701,-62.75913,-21.54437,-23.26751,-20.27537,-18.76185,-13.14633,-12.16512,-9.408823,-9.349901,-5.347435,-6.808281,-5.365044,-5.9735,-3.34218,-0.7231141,25,25,25,25,25,25,25,25,25,25,25,25,25,25,25,25,868,8680,-1.210636,-1.31821,-2.750939,-2.973551,222.4034,201.8576,-3.13455,-2.738783,-2.589966,-2.576347,-3.155227,-2.827645,-3.585249,-4.232708,-3.85466,-5.649482,25,25,25,25,25,25,25,25,25,25,25,25,25,25,25,25,868,8680,-5.628886,-12.27815,-6.004377,-8.642376,-11.91353,-18.96672,-1.422927,-69.55745,0.002238607,0.8464679,0.8343838,0.2423539,-0.2203611,0.5570791,0.6637561,3.130929,24,24,24,24,24,24,24,24,24,24,25,25,25,24,25,25
869,8690,-35.59533,-62.51728,-23.51367,-23.38931,-21.24089,-18.39161,-14.03963,-12.03973,-10.3986,-8.366479,-5.94141,-5.925925,-4.888173,-3.464723,-2.864566,-0.2402316,25,25,25,25,25,25,25,25,25,25,25,25,25,25,25,25,869,8690,-2.286598,-1.977191,-3.143701,-4.26631,223.4559,202.3493,-3.003952,-2.869134,-4.013598,-3.992538,-3.286618,-3.366465,-4.737067,-3.00792,-3.372958,-5.875106,25,25,25,25,25,25,25,25,25,25,25,25,25,25,25,25,869,8690,-5.628886,-12.27815,-5.493212,-10.44812,-16.56883,-21.12857,-1.810903,-69.88548,0.3731691,0.3626495,0.4767903,0.4849004,0.3299653,0.445913,-0.3322384,2.194981,24,24,24,24,24,24,24,24,24,24,25,25,25,24,25,25
870,8700,-35.83582,-62.39635,-23.26751,-22.29312,-20.75813,-17.15749,-13.01872,-10.66048,-7.800443,-7.01383,-4.159161,-4.413316,-3.457561,-3.225791,-2.028742,-1.205997,25,25,25,25,25,25,25,25,25,25,25,25,25,25,25,25,870,8700,-1.883113,-2.240783,-3.40554,-2.714999,223.1928,201.9803,-2.220364,-2.869134,-4.013598,-2.318858,-2.629651,-3.770583,-3.841207,-4.455397,-3.493384,-5.311044,25,25,25,25,25,25,25,25,25,25,25,25,25,25,25,25,870,8700,-6.775785,-12.91693,-5.493212,-11.99467,-14.88775,-16.42337,-1.681578,-69.01073,-0.2450488,-0.2421227,0.9535815,0.2423539,0.2198988,0.6682445,-0.1109061,3.598902,24,24,24,24,24,24,24,24,24,24,25,25,25,24,25,25
871,8710,-35.95607,-61.54989,-22.77518,-23.38931,-21.1202,-18.14479,-13.40156,-11.78896,-8.790215,-7.997695,-4.396816,-5.547773,-4.292084,-5.13724,-2.625759,-1.688877,25,25,25,25,25,25,25,25,25,25,25,25,25,25,25,25,871,8710,-2.286598,-3.163357,-3.143701,-2.585723,223.5875,202.2262,-2.612161,-4.172647,-2.848808,-2.576347,-3.680799,-4.309402,-3.841207,-5.122484,-4.336361,-6.439174,25,25,25,25,25,25,25,25,25,25,25,25,25,25,25,25,871,8710,-5.628886,-12.91693,-5.621003,-11.47915,-13.4653,-17.94938,-1.034952,-69.01073,0.002238607,-0.0002119011,-1.605311E-06,-0.6065573,-0.6606241,-0.4434119,-0.2215715,2.896939,24,24,24,24,24,24,24,24,24,24,25,25,25,24,25,25
872,8720,-37.88005,-61.67081,-24.6214,-24.8509,-23.05124,-17.52773,-14.29485,-11.16203,-9.285102,-6.644623,-4.396816,-5.16962,-4.172867,-2.98686,-2.267548,-0.4816737,25,25,25,25,25,25,25,25,25,25,25,25,25,25,25,25,872,8720,-2.555589,-3.822339,-2.881855,-2.456447,222.6665,201.8574,-3.395749,-3.390543,-3.754756,-2.962581,-2.892437,-2.019413,-3.329289,-2.451198,-3.132108,-5.311044,25,25,25,25,25,25,25,25,25,25,25,25,25,25,25,25,872,8720,-5.743576,-11.38385,-4.982047,-10.70588,-13.33598,-18.71239,-1.552253,-68.79204,-0.3686922,0.604557,-0.3575951,0.4849004,0.5500953,0.445913,-0.4429038,2.77995,24,24,24,24,24,24,24,24,24,24,25,25,25,24,25,25
873,8730,-37.5193,-62.27543,-24.25216,-22.78032,-20.39605,-15.79996,-12.76349,-11.4128,-8.295329,-7.628912,-3.683852,-4.791468,-2.623037,-3.345257,-1.551128,0.001208799,25,25,25,25,25,25,25,25,25,25,25,25,25,25,25,25,873,8730,-3.228066,-2.37258,-2.4891,-3.232103,223.8506,201.6115,-3.26515,-2.869138,-2.331124,-2.318858,-1.709891,-3.50117,-2.689389,-3.230609,-4.215936,-6.213544,25,25,25,25,25,25,25,25,25,25,25,25,25,25,25,25,873,8730,-4.365914,-11.12834,-5.109838,-10.44812,-11.78422,-17.31354,-1.422927,-69.4481,-0.3686922,-0.1211657,0.7151859,0.4849004,-0.4404942,-0.6657427,-0.2215715,2.77995,24,24,24,24,24,24,24,24,24,24,25,25,25,24,25,25
874,8740,-35.59533,-62.75913,-24.006,-21.92772,-19.67191,-15.05949,-12.12542,-11.4128,-8.295329,-7.260019,-3.683852,-4.413316,-2.623037,-2.747929,-1.909338,-1.326716,25,25,25,25,25,25,25,25,25,25,25,25,25,25,25,25,874,8740,-1.748618,-2.240783,-2.358177,-2.068619,223.4559,200.3822,-3.134552,-2.08703,-2.719388,-2.962581,-5.388927,-6.599391,-4.737067,-4.344053,-6.620833,-7.905741,25,25,25,25,25,25,25,25,25,25,25,25,25,25,25,25,874,8740,-6.087646,-12.40591,-4.854256,-12.3813,-13.85324,-18.83955,-2.198879,-68.13598,0.7440996,0.1207387,0.1191964,-0.3640108,0.5500953,0.5570791,0.6637561,3.247917,24,24,24,24,24,24,24,24,24,24,25,25,25,24,25,25
875,8750,-34.87383,-60.46158,-23.63675,-20.58793,-19.06845,-14.68926,-12.63587,-11.28741,-8.790215,-7.260019,-4.040336,-4.539366,-2.98069,-3.345257,-1.909338,0.7255317,25,25,25,25,25,25,25,25,25,25,25,25,25,25,25,25,875,8750,-2.555589,-3.42695,-3.667379,-3.102827,222.535,201.4886,-3.003955,-3.12984,-2.460544,-4.250028,-5.651711,-5.252339,-4.737067,-4.455397,-4.938235,-7.792926,25,25,25,25,25,25,25,25,25,25,25,25,25,25,25,25,875,8750,-7.005165,-12.53366,-4.854256,-14.44337,-13.20667,-15.78753,-1.940228,-68.79204,-0.2450488,0.1207387,0.4767895,0.7274469,-0.0002311648,-0.4434119,-0.5535707,2.662955,24,24,24,24,24,24,24,24,24,24,25,25,25,24,25,25
876,8760,-33.43085,-59.85697,-21.91361,-18.39555,-17.13741,-13.94878,-10.21121,-10.40971,-8.171608,-7.75184,-3.565027,-5.421722,-3.815213,-5.615103,-4.416811,-0.2402316,25,25,25,25,25,25,25,25,25,25,25,25,25,25,25,25,876,8760,-1.748618,-2.636173,-2.358177,-3.102827,223.1928,201.8574,-3.134552,-2.999489,-3.10765,-5.279984,-5.25753,-4.713517,-4.737067,-2.228509,-2.409555,-7.341673,25,25,25,25,25,25,25,25,25,25,25,25,25,25,25,25,876,8760,-6.661095,-12.40591,-6.515542,-12.89682,-9.323984,-11.33666,-3.492129,-70.21351,-0.4923362,0.1207387,0.2383939,0.7274469,-0.2203611,0.001250538,0.3317585,3.247917,24,24,24,24,24,24,24,24,24,24,25,25,25,24,25,25
877,8770,-32.70936,-59.85697,-21.2982,-19.36994,-17.2581,-13.82537,-11.23212,-10.28432,-8.171608,-7.260019,-4.159163,-5.04357,-3.93443,-4.300982,-3.939197,-1.205997,25,25,25,25,25,25,25,25,25,25,25,25,25,25,25,25,877,8770,-2.959075,-1.581802,-2.620016,-2.844275,223.0612,201.9803,-3.395749,-1.956679,-2.848808,-2.705092,-3.286618,-3.231757,-3.969188,-2.673887,-3.011682,-5.085421,25,25,25,25,25,25,25,25,25,25,25,25,25,25,25,25,877,8770,-5.628886,-12.78918,-5.109838,-9.029335,-7.122568,-12.354,-2.974829,-68.35467,0.2495256,-0.3630797,-0.2383976,-0.1214643,-0.2203611,0.2235821,0.6637561,2.077986,24,24,24,24,24,24,24,24,24,24,25,25,25,24,25,25
878,8780,-32.22837,-59.13142,-22.03669,-19.73534,-18.34432,-14.81267,-11.74258,-10.40971,-8.542772,-7.13695,-4.990955,-4.539367,-3.93443,-3.345206,-3.34218,-0.7231141,25,25,25,25,25,25,25,25,25,25,25,25,25,25,25,25,878,8780,-0.1346736,-1.186413,-0.7871355,-0.6465841,223.9822,201.6115,-1.567376,-1.826327,-0.7780703,-3.606305,-4.074986,-4.174694,-3.457268,-4.344056,-3.372958,-6.100735,25,25,25,25,25,25,25,25,25,25,25,25,25,25,25,25,878,8780,-3.676584,-10.74478,-5.493212,-9.287309,-8.547013,-15.02452,-2.457529,-68.35467,-0.7396231,-0.2421259,0.7151855,0.4849004,-0.1102977,-0.5546278,-0.2215715,2.896939,24,24,24,24,24,24,24,24,24,24,25,25,25,24,25,25
879,8790,-31.74737,-59.13142,-21.54437,-21.07513,-18.94776,-16.66385,-12.63587,-12.16512,-8.666494,-8.612333,-4.396818,-5.799875,-4.172865,-5.017723,-2.98402,-0.2402316,25,25,25,25,25,25,25,25,25,25,25,25,25,25,25,25,879,8790,-0.8071501,-1.186413,-1.310814,-0.9051363,222.7981,201.7345,-3.91814,-5.345812,-4.531282,-6.696176,-7.885411,-5.521749,-6.784744,-5.567043,-3.734234,-5.762297,25,25,25,25,25,25,25,25,25,25,25,25,25,25,25,25,879,8790,-4.710581,-11.38385,-5.36542,-8.771362,-9.064994,-12.09966,-2.974829,-68.79204,0.2495256,0.1207387,0.3575919,-0.1214643,0.1098354,0.8905248,0.2210915,2.662955,24,24,24,24,24,24,24,24,24,24,25,25,25,24,25,25
880,8800,-35.11433,-59.49419,-21.79053,-21.68413,-19.7926,-16.66385,-14.16724,-12.66667,-10.52232,-8.612333,-4.634473,-6.430129,-4.649736,-4.420397,-4.416862,-0.4816689,25,25,25,25,25,25,25,25,25,25,25,25,25,25,25,25,880,8800,-1.479627,-1.186413,-1.048975,-0.9051363,223.8506,201.2428,-4.179337,-4.433353,-4.790125,-5.279984,-4.469168,-3.905284,-5.504945,-3.007923,-3.613809,-6.890427,25,25,25,25,25,25,25,25,25,25,25,25,25,25,25,25,880,8800,-6.775785,-12.02264,-6.004377,-7.73947,-7.381557,-14.26152,-1.940228,-68.46401,0.3731691,-1.330713,0.7151855,0.3636287,0.5500953,0.5570278,-0.6642361,2.311976,24,24,24,24,24,24,24,24,24,24,25,25,25,24,25,25
881,8810,-34.75359,-60.21973,-23.14443,-21.92772,-19.43052,-15.30632,-12.38064,-12.16512,-10.15115,-8.489407,-5.109783,-6.178028,-4.768953,-4.659328,-3.34223,-1.085271,25,25,25,25,25,25,25,25,25,25,25,25,25,25,25,25,881,8810,-0.8071505,-1.450006,-1.441737,-1.810068,223.3243,201.2428,-3.134552,-3.651245,-4.531282,-5.666219,-6.045891,-5.656454,-5.248988,-4.010023,-5.659349,-8.131364,25,25,25,25,25,25,25,25,25,25,25,25,25,25,25,25,881,8810,-5.972952,-11.51161,-6.004377,-9.158322,-10.61894,-14.77019,-2.069553,-69.01073,-0.2450488,0.6045538,0.5959875,0.1210822,-0.8807541,0.1123662,0.1104262,3.01394,24,24,24,24,24,24,24,24,24,24,25,25,25,24,25,25
882,8820,-34.39284,-61.17661,-21.2982,-20.34434,-18.70638,-15.1829,-12.76349,-11.91435,-10.27487,-9.472828,-5.347436,-6.55618,-4.768953,-5.017723,-4.058651,-0.4816689,25,25,25,25,25,25,25,25,25,25,25,25,25,25,25,25,882,8820,-2.421094,-2.636121,-2.358177,-2.068619,223.0612,200.9968,-3.395749,-3.651245,-4.919546,-6.56743,-7.228441,-5.925864,-5.632927,-5.678185,-6.140091,-7.905741,25,25,25,25,25,25,25,25,25,25,25,25,25,25,25,25,882,8820,-6.661092,-11.38385,-4.982047,-9.158322,-12.30147,-19.72973,-1.293602,-68.57336,0.1258821,0.7255076,0.4767895,0.4849004,-0.1102977,0.2235308,-0.2215715,1.960997,24,24,24,24,24,24,24,24,24,24,25,25,25,24,25,25
883,8830,-31.86762,-60.2094,-20.43663,-17.42116,-17.01671,-12.71467,-10.0836,-9.532001,-8.666494,-5.537053,-4.040336,-2.648604,-2.026947,-1.433757,-0.1183355,-0.3609478,25,25,25,25,25,25,25,25,25,25,25,25,25,25,25,25,883,8830,-2.555589,-2.899713,-2.35817,-3.490655,223.0612,201.7345,-3.003955,-3.781597,-4.531282,-6.953665,-5.25753,-5.521749,-5.760905,-4.566745,-4.818063,-7.792926,25,25,25,25,25,25,25,25,25,25,25,25,25,25,25,25,883,8830,-7.119854,-11.0006,-5.493212,-10.96364,-11.5254,-14.38868,-2.586853,-69.55745,-0.9869101,-0.3630797,-2.006639E-06,1.091268,-0.1102977,-0.4434624,0.1104262,3.247924,24,24,24,24,24,24,24,24,24,24,25,25,25,24,25,25
884,8840,-26.93743,-57.54955,-17.60576,-12.7928,-12.55116,-9.75278,-7.276091,-7.651204,-5.449145,-4.306363,-2.614408,-4.161214,-1.90773,-3.464671,-2.387002,0.1219346,25,25,25,25,25,25,25,25,25,25,25,25,25,25,25,25,884,8840,-2.286599,-1.713547,-2.489087,-3.490707,223.0612,201.8574,-3.656944,-3.12984,-4.660704,-4.765007,-4.33777,-3.905284,-4.737067,-3.007923,-3.252533,-6.890427,25,25,25,25,25,25,25,25,25,25,25,25,25,25,25,25,884,8840,-7.463924,-11.51161,-5.621003,-9.287309,-7.899538,-6.243516,-1.293602,-69.01073,0.4968126,0.3626463,0.953581,-0.7278321,0.1098354,0.4458624,0.1104262,3.01394,24,24,24,24,24,24,24,24,24,24,25,25,25,24,25,25
885,8850,-27.65892,-58.75858,-17.11343,-13.64539,-12.67185,-10.49325,-8.169388,-8.278135,-6.686948,-5.537053,-2.733235,-3.53096,-2.503818,-3.106274,-2.506406,-1.326711,25,25,25,25,25,25,25,25,25,25,25,25,25,25,25,25,885,8850,-2.286599,-2.767917,-2.620009,-2.327223,223.4559,201.3657,-2.220367,-3.651245,-4.013598,-3.606305,-3.680799,-4.713517,-3.969188,-4.344056,-3.85466,-5.875106,25,25,25,25,25,25,25,25,25,25,25,25,25,25,25,25,885,8850,-6.317022,-9.337773,-5.36542,-6.191632,-8.158529,-12.60833,-2.069553,-68.90139,-0.1214049,-0.2421259,-0.1192,-0.1214643,-0.1102977,-0.3322971,-0.9962338,2.54596,24,24,24,24,24,24,24,24,24,24,25,25,25,24,25,25
886,8860,-25.73494,-57.42865,-17.11343,-12.06201,-12.0684,-9.259132,-7.531318,-8.152749,-6.439505,-6.152398,-3.565027,-4.917519,-3.695995,-3.22574,-1.551178,0.1219346,25,25,25,25,25,25,25,25,25,25,25,25,25,25,25,25,886,8860,-2.82458,-3.690491,-3.143688,-2.068671,222.9297,202.1034,-3.26515,-4.433353,-4.401862,-4.250028,-4.731957,-4.578812,-4.737067,-4.900203,-4.697638,-5.536667,25,25,25,25,25,25,25,25,25,25,25,25,25,25,25,25,886,8860,-4.480803,-9.209864,-6.132168,-6.707578,-7.511055,-10.57365,-1.940228,-69.99483,0.1258821,0.3626463,0.4767895,-0.0001926374,-0.2203611,0.2235308,0.4424238,2.896945,24,24,24,24,24,24,24,24,24,24,25,25,25,24,25,25
887,8870,-27.77917,-58.87947,-16.25186,-13.40179,-11.34426,-9.876192,-7.403704,-8.654295,-6.06834,-7.013881,-3.446199,-5.799875,-2.623035,-4.181465,-2.028792,0.1219346,25,25,25,25,25,25,25,25,25,25,25,25,25,25,25,25,887,8870,-4.035038,-3.426898,-2.620009,-3.36143,223.5875,201.2429,-3.787596,-3.520894,-3.625336,-4.121283,-3.286618,-4.848222,-4.993027,-4.010023,-3.85466,-5.762297,25,25,25,25,25,25,25,25,25,25,25,25,25,25,25,25,887,8870,-5.972952,-9.721503,-5.748795,-7.73947,-8.676511,-10.06498,-1.681576,-68.68269,0.3731691,-0.2421259,0.119196,0.1210822,-0.4404942,-0.1099654,-0.1109061,2.662955,24,24,24,24,24,24,24,24,24,24,25,25,25,24,25,25
888,8880,-30.30439,-59.84669,-16.86727,-17.29936,-14.72359,-13.0849,-10.46644,-10.53509,-7.800443,-6.521605,-4.277991,-5.925926,-3.93443,-2.389482,-2.387002,-0.7231093,25,25,25,25,25,25,25,25,25,25,25,25,25,25,25,25,888,8880,-2.82458,-2.108936,-2.227247,-3.102879,223.3243,200.1365,-3.395802,-2.869138,-4.013598,-3.863794,-2.498256,-3.905284,-3.969188,-1.449102,-3.613809,-6.213544,25,25,25,25,25,25,25,25,25,25,25,25,25,25,25,25,888,8880,-5.284813,-9.081953,-6.132168,-6.836565,-9.064996,-10.82799,-2.069552,-68.79204,0.002238607,-0.6049873,1.072779,0.2423539,0.5500953,-0.8881249,-0.1109061,3.01394,24,24,24,24,24,24,24,24,24,24,25,25,25,24,25,25
889,8890,-32.70936,-61.66022,-18.95966,-16.81216,-15.32705,-13.33173,-11.61496,-10.91125,-7.924165,-7.013881,-4.396818,-5.421722,-4.292082,-3.22574,-1.909388,0.001213615,25,25,25,25,25,25,25,25,25,25,25,25,25,25,25,25,889,8890,-0.4036652,0.5269884,-0.9180455,-0.388084,222.535,200.7511,-3.134606,-1.565625,-2.331124,-2.447603,-3.418016,-2.962347,-1.921511,-1.003723,-3.493384,-6.213544,25,25,25,25,25,25,25,25,25,25,25,25,25,25,25,25,889,8890,-4.595692,-9.465683,-6.259959,-9.54528,-14.11187,-19.22106,-2.586853,-69.66679,-0.2450488,-0.1211721,0.953581,-0.3640108,-0.7706907,0.334697,-0.3322384,2.54596,24,24,24,24,24,24,24,24,24,24,25,25,25,24,25,25
890,8900,-31.14613,-60.69301,-17.975,-16.32497,-14.48221,-12.59126,-9.955981,-9.532001,-7.305557,-6.890762,-4.040336,-4.287265,-2.980688,-3.106274,-1.431774,-1.20599,25,25,25,25,25,25,25,25,25,25,25,25,25,25,25,25,890,8900,-1.076141,-0.5273817,-0.9180455,-2.456499,222.7981,201.7346,-3.004008,-4.303002,-2.589966,-4.378824,-4.600559,-4.848222,-4.353127,-5.678185,-7.101575,-7.11605,25,25,25,25,25,25,25,25,25,25,25,25,25,25,25,25,890,8900,-5.858263,-10.48896,-5.36542,-13.0257,-19.80167,-25.32511,-2.328202,-69.4481,0.2495256,-0.604984,0.3575919,0.4849004,0.1098354,0.2235308,0.2210915,2.77995,24,24,24,24,24,24,24,24,24,24,25,25,25,24,25,25
891,8910,-30.78538,-61.17661,-17.975,-14.74158,-13.51668,-11.35714,-8.935071,-8.779682,-7.924165,-5.044726,-4.634471,-5.04357,-4.053647,-3.584137,-2.625809,-0.1195074,25,25,25,25,25,25,25,25,25,25,25,25,25,25,25,25,891,8910,-3.093571,-1.845343,-3.667372,-3.878535,223.4559,201.9805,-3.787596,-5.215461,-5.43723,-6.696227,-5.520313,-5.791159,-6.272826,-4.010023,-6.140091,-11.74138,25,25,25,25,25,25,25,25,25,25,25,25,25,25,25,25,891,8910,-9.528341,-14.06675,-6.004377,-20.88731,-29.75884,-30.66615,-1.681576,-69.12007,-0.6159796,0.604557,0.9535292,0.1210822,-0.5505576,0.2235308,0.3317585,2.77995,24,24,24,24,24,24,24,24,24,24,25,25,25,24,25,25
892,8920,-30.54489,-60.69301,-16.74419,-13.76719,-13.75807,-10.86349,-8.679843,-7.651203,-6.315784,-5.783141,-3.089715,-4.161214,-2.623035,-4.181465,-2.864616,-0.9645497,25,25,25,25,25,25,25,25,25,25,25,25,25,25,25,25,892,8920,-2.690085,-1.97714,-3.274611,-3.232155,223.5875,201.2429,-3.5264,-4.824407,-5.825493,-4.893802,-5.126132,-5.117631,-3.841207,-2.562546,-4.215936,-10.61325,25,25,25,25,25,25,25,25,25,25,25,25,25,25,25,25,892,8920,-11.82214,-15.59982,-5.748795,-20.75843,-26.91393,-30.92049,-2.716178,-69.88548,0.2495256,0.7255141,0.4767377,-0.1215189,0.2198988,0.334697,-0.2215715,2.428971,24,24,24,24,24,24,24,24,24,24,25,25,25,24,25,25
893,8930,-33.67135,-61.66022,-18.46733,-18.03015,-15.32705,-11.48055,-7.531318,-7.776589,-5.573062,-4.921658,-2.970889,-4.287265,-2.861471,-2.867343,-2.028792,-1.085271,25,25,25,25,25,25,25,25,25,25,25,25,25,25,25,25,893,8930,-2.286599,-2.899713,-3.143688,-2.973603,223.5875,202.1034,-3.004008,-4.694056,-4.401862,-3.735101,-3.943582,-3.635875,-3.073328,-2.228513,-2.650406,-8.469803,25,25,25,25,25,25,25,25,25,25,25,25,25,25,25,25,893,8930,-8.954892,-14.1945,-5.237629,-18.82524,-22.9052,-26.72395,-1.034951,-68.57336,-1.110554,-0.8468916,1.191925,-0.0002472179,0.5500985,0.00119997,-0.6642361,2.77995,24,24,24,24,24,24,24,24,24,24,25,25,25,24,25,25
894,8940,-34.39284,-61.53932,-18.83658,-16.56857,-14.48221,-10.74008,-8.041774,-7.149657,-5.077602,-5.290864,-3.089715,-4.035163,-2.3846,-2.867343,-2.267599,-0.1195074,25,25,25,25,25,25,25,25,25,25,25,25,25,25,25,25,894,8940,-2.555589,-1.318159,-1.572646,-2.456499,222.9297,201.9805,-4.440587,-4.042299,-2.848808,-2.833888,-3.549401,-3.635875,-3.841207,-2.5626,-3.132108,-5.311044,25,25,25,25,25,25,25,25,25,25,25,25,25,25,25,25,894,8940,-7.005161,-13.42796,-5.493212,-16.89206,-19.54305,-23.41759,-2.069552,-69.55745,0.620456,-0.2421227,0.3575398,-0.4853402,-0.2203579,0.7793089,0.7744215,3.949888,24,24,24,24,24,24,24,24,24,24,25,25,25,24,25,25
895,8950,-34.75359,-62.26473,-18.59041,-19.49174,-15.93049,-13.57855,-9.828368,-9.406614,-6.81067,-7.383038,-3.327371,-6.55618,-3.815212,-4.539862,-2.983969,0.6048155,25,25,25,25,25,25,25,25,25,25,25,25,25,25,25,25,895,8950,-1.479627,-1.054566,-1.441724,-1.551568,224.1137,201.3658,-4.048793,-2.217381,-3.366492,-4.121334,-3.023829,-4.039989,-5.248988,-3.342011,-5.178607,-6.326359,25,25,25,25,25,25,25,25,25,25,25,25,25,25,25,25,895,8950,-6.775782,-13.04469,-4.854256,-16.24767,-20.18962,-24.5621,-0.9056259,-69.12007,0.867743,0.1207419,-0.1192518,1.091214,0.219902,0.001149403,-0.9961856,1.610012,24,24,24,24,24,24,24,24,24,24,25,25,25,24,25,25
896,8960,-34.15234,-62.26473,-18.09809,-17.78656,-14.72359,-11.85078,-8.041774,-7.651203,-5.573062,-4.675519,-4.396816,-5.04357,-3.576777,-2.389482,-2.745162,-1.085271,25,25,25,25,25,25,25,25,25,25,25,25,25,25,25,25,896,8960,-1.076141,-0.0001966506,-1.179885,-1.163739,222.9297,200.3824,-3.656999,-3.390543,-4.919546,-4.378824,-4.600553,-4.444104,-4.609088,-6.122747,-8.904358,-8.921056,25,25,25,25,25,25,25,25,25,25,25,25,25,25,25,25,896,8960,-8.152063,-13.55572,-5.621003,-21.01619,-24.84491,-27.86846,-1.940227,-69.99483,-0.6159796,-0.4840303,0.9535292,0.7273923,-0.2203579,-0.3323476,0.6638043,3.481965,24,24,24,24,24,24,24,24,24,24,25,25,25,24,25,25
897,8970,-31.74737,-62.62744,-17.3596,-15.22878,-12.67185,-9.382545,-7.148477,-5.895792,-4.829873,-4.183243,-3.683852,-2.900706,-2.146165,-2.270016,-0.9541096,-0.2402268,25,25,25,25,25,25,25,25,25,25,25,25,25,25,25,25,897,8970,0.6722466,0.3951923,0.5220793,-0.388084,222.1403,200.6282,-3.5264,-3.12984,-4.013598,-4.893802,-7.754014,-6.868802,-8.320321,-9.679235,-11.66863,-13.54639,25,25,25,25,25,25,25,25,25,25,25,25,25,25,25,25,897,8970,-9.987101,-17.00515,-4.982047,-26.04246,-34.41413,-40.58523,-2.328202,-69.4481,0.2495256,-0.0002119011,-0.1192518,0.1210276,0.1098386,0.223481,0.1104743,3.013991,24,24,24,24,24,24,24,24,24,24,25,25,25,24,25,25
898,8980,-30.06389,-62.02294,-16.25186,-14.61978,-11.46494,-9.999605,-5.106655,-6.898883,-4.458279,-4.429381,-2.495579,-3.152807,-1.192423,-1.194825,1.314557,-0.6023883,25,25,25,25,25,25,25,25,25,25,25,25,25,25,25,25,898,8980,-1.210687,-1.581751,-1.834486,-2.585775,223.3243,201.6116,-3.656999,-5.345812,-4.790125,-6.696227,-7.097043,-7.945326,-9.598348,-9.568092,-11.42826,-15.91545,25,25,25,25,25,25,25,25,25,25,25,25,25,25,25,25,898,8980,-15.37753,-20.07131,-5.748795,-29.26443,-33.50894,-33.97251,-1.164276,-69.12007,0.2495256,-0.4840303,0.2383422,0.3635741,0.1098386,-0.6658446,0.2211413,3.481965,24,24,24,24,24,24,24,24,24,24,25,25,25,24,25,25
899,8990,-29.46265,-60.2094,-16.12878,-14.25439,-10.98218,-7.16113,-4.979041,-4.8927,-3.962819,-3.075623,-2.733234,-2.522553,-1.669294,-1.194825,-1.073513,-0.4816689,25,25,25,25,25,25,25,25,25,25,25,25,25,25,25,25,899,8990,-3.631603,-2.767917,-3.798289,-3.232155,223.0612,202.1034,-3.787596,-5.345812,-5.954916,-7.72566,-7.754014,-7.407396,-10.23736,-8.234409,-10.10621,-14.78733,25,25,25,25,25,25,25,25,25,25,25,25,25,25,25,25,899,8990,-14.91877,-20.45458,-5.620952,-27.07349,-27.68982,-29.52164,-2.069552,-69.99483,0.620456,0.2416957,0.7151337,0.2422993,-0.2203579,0.223481,-0.0001910321,2.780001,24,24,24,24,24,24,24,24,24,24,25,25,25,24,25,25
900,9000,-31.38663,-60.45122,-17.48268,-15.22878,-12.79255,-8.395249,-5.61711,-5.268859,-3.591225,-3.567899,-1.782615,-2.270432,-0.8347699,-1.911619,-0.7153026,-0.4816689,25,25,25,25,25,25,25,25,25,25,25,25,25,25,25,25,900,9000,-2.959126,-3.031509,-3.929211,-2.714999,223.7191,201.3658,-3.265205,-5.215461,-6.084335,-5.795015,-6.308674,-7.407396,-8.575925,-8.567832,-9.505286,-12.64388,25,25,25,25,25,25,25,25,25,25,25,25,25,25,25,25,900,9000,-15.03346,-21.09337,-4.981997,-23.33601,-21.61207,-21.25574,-1.940227,-68.24532,-0.2450488,-0.0002119011,0.1191442,0.4848458,0.3299685,0.3346456,0.3318066,3.013991,24,24,24,24,24,24,24,24,24,24,25,25,25,24,25,25
901,9010,-32.82961,-62.02294,-17.60576,-16.44677,-13.51669,-9.135721,-5.999952,-6.021178,-3.838955,-3.814036,-1.782615,-2.774655,-0.5963346,-2.508948,-1.551127,-1.20599,25,25,25,25,25,25,25,25,25,25,25,25,25,25,25,25,901,9010,-2.959126,-3.69049,-3.274611,-2.844275,223.4559,201.4887,-4.571184,-5.606514,-4.919546,-4.765058,-5.783102,-5.791159,-7.936564,-6.567306,-7.702503,-11.51575,25,25,25,25,25,25,25,25,25,25,25,25,25,25,25,25,901,9010,-12.39559,-19.68804,-5.748744,-20.75843,-18.24991,-19.72973,-0.6469758,-68.35467,-0.2450488,0.7255141,0.7151337,-0.6066118,-0.6606209,-0.5546792,-0.4428556,2.546017,24,24,24,24,24,24,24,24,24,24,25,25,25,24,25,25
902,9020,-34.63334,-59.7258,-18.71349,-17.17756,-14.84429,-9.629369,-7.020863,-6.271952,-5.201468,-4.798589,-2.852061,-4.287265,-2.742253,-4.062,-3.222776,-0.1195074,25,25,25,25,25,25,25,25,25,25,25,25,25,25,25,25,902,9020,-3.093621,-2.372529,-2.750932,-2.714999,223.0612,201.4887,-5.224173,-4.824407,-4.660704,-4.893802,-6.045891,-6.329978,-8.320321,-6.789587,-7.702503,-9.823562,25,25,25,25,25,25,25,25,25,25,25,25,25,25,25,25,902,9020,-11.47807,-18.53823,-5.748744,-16.24767,-16.18089,-21.38291,-2.069552,-69.33877,0.4968126,0.4836033,0.3575398,-0.6066118,-0.2203579,1.223971,-0.1108564,2.312027,24,24,24,24,24,24,24,24,24,24,25,25,25,24,25,25
903,9030,-34.63334,-59.24218,-18.95966,-18.27375,-14.84429,-10.36984,-6.382793,-6.271952,-4.334414,-5.044726,-2.852061,-4.413316,-2.742253,-4.778792,-3.222776,0.2426541,25,25,25,25,25,25,25,25,25,25,25,25,25,25,25,25,903,9030,-3.900594,-3.031509,-3.536449,-3.619931,223.7191,200.3824,-4.571132,-4.433353,-4.790125,-5.923759,-5.520313,-7.272916,-7.552626,-7.345288,-8.423616,-10.50044,25,25,25,25,25,25,25,25,25,25,25,25,25,25,25,25,903,9030,-12.16621,-17.77169,-4.981997,-16.50543,-13.20667,-15.02452,-0.1296233,-69.12007,-0.2450488,-1.088802,0.5959357,0.6061206,-0.1102945,0.3346456,-0.1108564,2.312027,24,24,24,24,24,24,24,24,24,24,25,25,25,24,25,25
904,9040,-36.19657,-60.33031,-20.19047,-17.90836,-13.63738,-9.505958,-5.999952,-5.394247,-3.838955,-3.690967,-2.970889,-3.404909,-2.623035,-2.389482,-2.983969,-0.4816689,25,25,25,25,25,25,25,25,25,25,25,25,25,25,25,25,904,9040,-2.690136,-2.767917,-3.667372,-2.585723,222.9297,200.5053,-3.656947,-4.303002,-5.43723,-3.606356,-4.731951,-4.848222,-5.760905,-5.011342,-7.22176,-10.61325,25,25,25,25,25,25,25,25,25,25,25,25,25,25,25,25,904,9040,-10.56055,-18.0272,-5.748744,-14.18561,-11.6549,-14.89735,-0.5175989,-68.90139,-0.6159796,0.2416957,1.072727,0.3635741,-0.7706875,0.1123148,0.2211413,3.598954,24,24,24,24,24,24,24,24,24,24,25,25,25,24,25,25
905,9050,-34.39284,-59.12128,-18.95966,-15.47238,-12.0684,-8.271837,-5.61711,-5.143473,-3.715039,-3.444829,-3.208544,-3.152807,-1.90773,-2.986809,-2.267548,0.1219346,25,25,25,25,25,25,25,25,25,25,25,25,25,25,25,25,905,9050,-2.28665,-2.767917,-2.227247,-3.102827,222.4034,201.4887,-3.526349,-4.17265,-4.40186,-4.893802,-5.388921,-5.252337,-6.400805,-6.122747,-7.101575,-8.244179,25,25,25,25,25,25,25,25,25,25,25,25,25,25,25,25,905,9050,-11.01931,-17.38842,-5.109787,-12.89682,-13.59461,-16.6777,-0.7762491,-68.68269,1.115031,1.088375,0.2383422,0.4848458,0.3299685,0.001149403,-0.4428556,2.429022,24,24,24,24,24,24,24,24,24,24,25,25,25,24,25,25
906,9060,-33.43085,-57.18686,-16.37495,-13.76719,-10.13735,-8.765485,-5.106655,-5.770406,-3.838904,-4.921657,-2.970889,-3.909112,-3.45756,-4.062,-2.386951,-0.4816689,25,25,25,25,25,25,25,25,25,25,25,25,25,25,25,25,906,9060,-2.017659,-2.372529,-2.35817,-3.619931,223.1928,201.7346,-4.179338,-2.999489,-4.272438,-4.636313,-4.07498,-4.174694,-6.528784,-4.010077,-5.659349,-8.921056,25,25,25,25,25,25,25,25,25,25,25,25,25,25,25,25,906,9060,-10.56055,-16.11086,-5.109787,-13.54121,-14.62912,-18.33088,-1.681524,-69.4481,-0.2450488,-0.9678487,0.8343317,-0.0002472179,-0.2203579,0.3346456,-0.7748533,2.896996,24,24,24,24,24,24,24,24,24,24,25,25,25,24,25,25
907,9070,-33.3106,-55.85693,-17.60576,-16.32497,-13.15462,-9.75278,-7.148477,-7.149658,-4.829823,-3.937105,-3.446144,-3.65701,-3.576777,-3.464671,-3.34218,-0.2402268,25,25,25,25,25,25,25,25,25,25,25,25,25,25,25,25,907,9070,-2.28665,-2.108936,-3.143688,-2.714999,223.5875,201.4887,-4.309937,-3.520894,-4.660702,-4.250079,-4.863342,-5.387041,-5.760905,-5.011342,-5.539163,-6.890427,25,25,25,25,25,25,25,25,25,25,25,25,25,25,25,25,907,9070,-9.184272,-16.62188,-5.36537,-12.51018,-11.6549,-13.75284,-2.32815,-69.4481,0.620456,0.2416957,0.3575398,-0.3640653,-0.3304245,0.1123148,0.4424736,3.715949,24,24,24,24,24,24,24,24,24,24,25,25,25,24,25,25
908,9080,-36.67757,-56.58234,-20.31355,-17.54296,-14.96498,-9.382545,-6.893249,-5.770406,-3.591174,-3.444828,-2.139045,-3.026757,-1.788512,-2.270016,-1.551127,-0.1195074,25,25,25,25,25,25,25,25,25,25,25,25,25,25,25,25,908,9080,-2.152155,-3.031509,-2.620009,-2.714999,224.1137,200.997,-3.395751,-4.042299,-3.754754,-2.31891,-2.629644,-3.635875,-4.353127,-2.451256,-2.770832,-7.341673,25,25,25,25,25,25,25,25,25,25,25,25,25,25,25,25,908,9080,-8.725513,-14.57777,-5.109787,-11.22139,-12.5601,-16.04186,-1.681524,-69.55745,0.1258821,0.2416957,0.2383422,0.3635741,0.7702316,-0.3323476,-0.9961856,2.429022,24,24,24,24,24,24,24,24,24,24,25,25,25,24,25,25
909,9090,-35.83582,-58.75858,-18.83658,-15.71597,-11.70634,-7.654778,-4.213357,-4.014995,-2.476391,-1.721862,-1.544907,-0.5046055,0.7150073,0.2387612,0.9563458,-0.9645497,25,25,25,25,25,25,25,25,25,25,25,25,25,25,25,25,909,9090,-1.479678,-1.97714,-0.9180455,-1.034412,223.0612,201.6116,-4.571132,-3.12984,-2.978228,-2.705143,-4.731951,-4.713517,-4.993033,-3.787389,-5.539163,-4.859791,25,25,25,25,25,25,25,25,25,25,25,25,25,25,25,25,909,9090,-5.972952,-13.42796,-5.237579,-10.06128,-11.5254,-18.96672,-2.5868,-69.22941,-0.7396231,-0.0002119011,0.8343317,0.6061206,0.2199565,0.223481,-0.0001910321,3.247975,24,24,24,24,24,24,24,24,24,24,25,25,25,24,25,25
910,9100,-32.34862,-56.46144,-16.62111,-10.84402,-9.533899,-4.939715,-3.32006,-3.011903,-2.228661,-1.844931,-2.020217,-2.018171,-1.788564,-1.911619,-1.073513,0.2426541,25,25,25,25,25,25,25,25,25,25,25,25,25,25,25,25,910,9100,-2.959126,-2.372529,-1.834486,-2.327171,224.1137,201.1199,-4.701731,-3.12984,-3.36649,-3.735101,-4.469161,-5.117631,-5.632933,-4.455455,-5.89972,-7.792926,25,25,25,25,25,25,25,25,25,25,25,25,25,25,25,25,910,9100,-9.184272,-16.36637,-5.109787,-15.60327,-17.73265,-20.2384,-2.198825,-68.35467,0.4968126,0.2416957,0.7151337,-0.6066118,-0.1102399,0.6681426,0.2211413,3.36497,24,24,24,24,24,24,24,24,24,24,25,25,25,24,25,25
911,9110,-31.26638,-55.37332,-15.88262,-11.57481,-10.13735,-7.407954,-5.61711,-5.770406,-3.591174,-4.183242,-2.495526,-3.152807,-1.669346,-3.942534,-3.103372,-0.3609478,25,25,25,25,25,25,25,25,25,25,25,25,25,25,25,25,911,9110,-2.28665,-2.240732,-2.881849,-2.844275,222.6665,199.6447,-4.309937,-2.478084,-4.919544,-3.220122,-4.07498,-5.117631,-4.993033,-3.898733,-6.260277,-8.808241,25,25,25,25,25,25,25,25,25,25,25,25,25,25,25,25,911,9110,-9.528341,-15.34431,-5.237579,-14.18561,-14.37049,-17.0592,-2.5868,-68.90139,0.4968126,-0.3630765,-0.2384497,0.9699388,0.1098932,-0.443513,-0.9961856,2.546017,24,24,24,24,24,24,24,24,24,24,25,25,25,24,25,25
912,9120,-32.94986,-56.94505,-16.25186,-14.61978,-13.03393,-10.24643,-8.041774,-7.275044,-3.962769,-4.183242,-1.782562,-2.774655,-1.788564,-3.106274,-2.386951,-1.568206,25,25,25,25,25,25,25,25,25,25,25,25,25,25,25,25,912,9120,-1.345183,-1.449955,-1.703569,-2.197895,222.1403,201.3658,-2.742761,-3.260191,-3.36649,-4.507568,-4.863342,-4.309399,-5.88889,-5.900466,-6.500648,-8.131364,25,25,25,25,25,25,25,25,25,25,25,25,25,25,25,25,912,9120,-9.184272,-15.34431,-6.132117,-14.83,-17.60334,-19.72973,-2.716125,-69.88548,0.1258821,0.4836033,1.191925,0.1210276,-0.3303699,0.1123148,0.6638043,3.598954,24,24,24,24,24,24,24,24,24,24,25,25,25,24,25,25
913,9130,-32.34862,-57.30776,-16.86727,-14.86338,-13.75808,-9.999605,-8.424616,-8.027364,-4.582093,-3.937105,-2.257871,-2.774655,-2.026999,-1.911619,-1.67053,-0.6024429,25,25,25,25,25,25,25,25,25,25,25,25,25,25,25,25,913,9130,-0.9416965,-1.318159,-1.310807,-2.585723,222.9297,201.1199,-3.395751,-1.956679,-3.495912,-5.022547,-5.257523,-5.252337,-5.376973,-6.345025,-9.264915,-9.033871,25,25,25,25,25,25,25,25,25,25,25,25,25,25,25,25,913,9130,-11.01931,-15.9831,-4.981997,-14.44337,-14.62912,-21.89158,-2.0695,-68.02663,0.3731691,-0.3630765,0.3575398,0.1210276,-0.3303699,0.1123148,0.1104743,2.195039,24,24,24,24,24,24,24,24,24,24,25,25,25,24,25,25
914,9140,-33.07011,-59.00037,-17.23652,-17.05576,-13.27532,-10.61666,-7.276091,-7.40043,-4.953687,-4.798587,-2.139045,-3.278858,-1.669346,-2.270016,-0.9541096,0.2426011,25,25,25,25,25,25,25,25,25,25,25,25,25,25,25,25,914,9140,0.537752,1.581358,-0.2634444,-0.5173084,224.1137,202.2263,-3.134555,-1.695976,-3.36649,-5.537526,-9.460947,-8.617737,-9.087136,-10.56836,-11.18788,-11.85419,25,25,25,25,25,25,25,25,25,25,25,25,25,25,25,25,914,9140,-11.47807,-17.89945,-5.493161,-20.50067,-25.6208,-28.37713,-1.81085,-68.13598,0.1258821,-0.4840303,0.8343317,0.3635741,0.3300231,-0.6658446,-0.4428556,2.780001,24,24,24,24,24,24,24,24,24,24,25,25,25,24,25,25
915,9150,-35.83582,-60.5721,-18.95966,-17.78656,-13.75808,-9.135721,-6.382793,-5.143473,-4.210498,-2.337207,-1.901389,-1.513649,-0.8348229,-0.4780312,-0.2376888,0.1218801,25,25,25,25,25,25,25,25,25,25,25,25,25,25,25,25,915,9150,-3.631602,-3.426898,-4.060134,-2.197895,223.8506,200.8741,-2.873358,-6.909385,-6.86086,-8.754759,-11.82357,-10.90394,-9.726152,-12.01318,-12.26955,-15.12576,25,25,25,25,25,25,25,25,25,25,25,25,25,25,25,25,915,9150,-15.95098,-21.22112,-5.876586,-21.66058,-21.35344,-21.76441,-2.5868,-68.90139,0.620456,0.4836033,1.191925,0.2422993,-0.4404364,1.00164,-0.0001910321,2.546017,24,24,24,24,24,24,24,24,24,24,25,25,25,24,25,25
916,9160,-34.63334,-61.17661,-18.46733,-15.47238,-11.82703,-7.901602,-4.468585,-3.889608,-3.095715,-1.968,-0.7131162,-0.6307361,0.476572,-0.7169626,0.8369427,-0.2402814,25,25,25,25,25,25,25,25,25,25,25,25,25,25,25,25,916,9160,-5.918022,-5.667434,-4.583812,-4.395638,223.0612,201.6116,-3.918143,-7.560346,-7.249124,-8.883396,-11.03603,-9.290151,-9.598348,-9.456953,-9.986028,-14.11045,25,25,25,25,25,25,25,25,25,25,25,25,25,25,25,25,916,9160,-14.68939,-19.94356,-4.854256,-19.7274,-20.44824,-22.01875,-0.7762491,-68.57336,-0.6159796,-1.209756,0.3575398,-0.0002472179,0.2199565,0.8904743,-0.3321887,2.546017,24,24,24,24,24,24,24,24,24,24,25,25,25,24,25,25
917,9170,-34.75359,-62.02293,-17.85192,-14.61978,-10.49942,-7.654778,-3.95813,-4.516541,-2.352526,-2.214139,-0.7131162,-0.7568666,0.5957896,-0.3585656,0.5981358,-0.7231623,25,25,25,25,25,25,25,25,25,25,25,25,25,25,25,25,917,9170,-6.187013,-4.085879,-3.798289,-3.619983,224.2453,200.997,-4.179338,-5.215461,-5.437228,-6.438738,-7.359826,-7.810843,-7.16869,-4.900203,-5.539163,-13.43357,25,25,25,25,25,25,25,25,25,25,25,25,25,25,25,25,917,9170,-12.85435,-19.04926,-5.876586,-17.66534,-16.95677,-20.11123,-0.6469236,-68.57336,0.1258821,0.604557,1.311123,-0.0002472179,-0.3303699,-0.443513,0.3318066,2.896996,24,24,24,24,24,24,24,24,24,24,25,25,25,24,25,25
918,9180,-32.82961,-60.2094,-16.49803,-11.57481,-9.292524,-5.433363,-4.723813,-4.391154,-3.838904,-2.706414,-2.257871,-2.774655,-2.146217,-3.106274,-1.431723,0.2426011,25,25,25,25,25,25,25,25,25,25,25,25,25,25,25,25,918,9180,-3.093621,-2.108936,-2.750932,-1.810119,223.3243,200.7511,-3.787544,-4.042299,-4.660702,-4.636313,-6.571464,-7.003506,-7.16869,-7.45643,-10.70714,-9.823562,25,25,25,25,25,25,25,25,25,25,25,25,25,25,25,25,918,9180,-11.36338,-18.66599,-5.621003,-18.56749,-22.12932,-24.81644,-1.034899,-68.35467,0.1258821,0.8464679,0.4767377,-0.4853402,-0.4404364,0.7793089,-0.1108564,1.844053,24,24,24,24,24,24,24,24,24,24,25,25,25,24,25,25
919,9190,-32.82961,-59.60488,-15.75954,-13.76719,-9.895981,-8.025014,-5.106655,-5.770406,-3.838904,-4.798587,-2.139045,-4.791468,-2.861524,-4.181465,-3.70039,0.1218801,25,25,25,25,25,25,25,25,25,25,25,25,25,25,25,25,919,9190,-2.152154,-1.449955,-1.441724,0.5168477,222.535,201.8576,-3.395802,-1.695976,-2.201701,-3.477611,-5.651704,-5.117631,-7.040711,-8.567832,-9.865842,-13.77201,25,25,25,25,25,25,25,25,25,25,25,25,25,25,25,25,919,9190,-12.96904,-19.8158,-4.854256,-23.20713,-27.81913,-30.79332,-0.9056259,-68.46401,-0.1214049,-1.088802,0.5959357,0.1210276,-0.0001733736,0.4458118,-0.3321887,2.663006,24,24,24,24,24,24,24,24,24,24,25,25,25,24,25,25
920,9200,-34.27259,-60.3303,-17.23652,-16.32497,-12.67186,-10.24643,-7.276091,-7.651204,-5.449146,-6.152347,-2.614354,-4.539367,-3.219177,-3.345206,-2.864565,-1.085324,25,25,25,25,25,25,25,25,25,25,25,25,25,25,25,25,920,9200,-2.286649,-2.372529,-1.834486,-0.5173606,223.3243,201.7346,-3.004008,-2.347726,-3.23707,-4.893802,-5.126132,-5.656454,-8.831532,-10.01265,-12.50992,-12.41826,25,25,25,25,25,25,25,25,25,25,25,25,25,25,25,25,920,9200,-13.4278,-20.45458,-6.515542,-28.2334,-32.73306,-32.31933,-1.552252,-68.79204,-0.2450488,0.1207419,0.5959357,-0.6066118,-0.6605663,-0.6658446,-0.553521,3.598954,24,24,24,24,24,24,24,24,24,24,25,25,25,24,25,25
921,9210,-34.99409,-61.05571,-19.94431,-18.51735,-16.17189,-11.72737,-9.445526,-9.030455,-7.058114,-6.767692,-3.446144,-5.673824,-3.099959,-3.345206,-2.028741,0.3633205,25,25,25,25,25,25,25,25,25,25,25,25,25,25,25,25,921,9210,-4.035088,-2.636121,-4.191051,-1.680844,223.9822,201.8576,-3.5264,-3.129834,-4.790122,-5.408781,-6.702862,-7.54188,-9.342744,-11.12406,-12.38974,-14.33608,25,25,25,25,25,25,25,25,25,25,25,25,25,25,25,25,921,9210,-14.34532,-21.47664,-5.109838,-27.71789,-29.11227,-28.37713,-1.293602,-68.35467,0.2495256,0.2416957,1.072727,0.3635741,0.2199565,0.5569772,0.2211413,2.312027,24,24,24,24,24,24,24,24,24,24,25,25,25,24,25,25
922,9220,-33.7916,-60.5721,-18.22117,-16.20317,-12.55117,-10.86349,-7.658932,-7.77659,-6.439506,-7.01383,-3.446144,-5.799875,-3.099959,-4.539862,-2.386951,-0.6024429,25,25,25,25,25,25,25,25,25,25,25,25,25,25,25,25,922,9220,-4.438573,-4.085879,-4.845652,-3.102879,223.4559,200.8741,-2.351019,-4.433347,-5.56665,-5.666219,-5.914494,-7.54188,-8.575925,-9.790374,-10.34659,-13.88483,25,25,25,25,25,25,25,25,25,25,25,25,25,25,25,25,922,9220,-15.37753,-21.34888,-5.109838,-26.4291,-26.13805,-24.43493,-1.164276,-68.90139,0.1258821,-0.2421227,0.1191442,0.6061206,0.550153,0.3346456,-0.2215233,3.36497,24,24,24,24,24,24,24,24,24,24,25,25,25,24,25,25
923,9230,-33.91185,-60.81391,-18.22117,-16.69036,-12.67186,-10.74008,-8.424616,-8.152749,-6.81067,-6.521554,-3.565024,-5.04357,-4.292135,-3.703603,-4.0586,0.001159035,25,25,25,25,25,25,25,25,25,25,25,25,25,25,25,25,923,9230,-3.900593,-4.349472,-3.274611,-1.810119,223.0612,201.6117,-3.004008,-3.651239,-3.884174,-4.250028,-6.571464,-6.464684,-9.342744,-11.7909,-12.38974,-11.96701,25,25,25,25,25,25,25,25,25,25,25,25,25,25,25,25,923,9230,-13.54249,-21.47664,-6.515542,-22.69161,-20.70687,-19.72973,-1.810902,-68.79204,0.1258821,-0.0002119011,0.9535292,-0.1215189,-0.0001733736,-0.110016,-0.1108564,3.130986,24,24,24,24,24,24,24,24,24,24,25,25,25,24,25,25
924,9240,-34.0321,-60.93481,-19.45198,-18.27375,-14.7236,-12.34443,-9.700753,-8.278135,-6.192062,-6.398485,-2.85206,-4.161214,-2.265435,-3.22574,-2.148144,-0.7231623,25,25,25,25,25,25,25,25,25,25,25,25,25,25,25,25,924,9240,-1.748668,-1.186363,-2.35817,-1.293016,223.9822,200.9971,-4.440587,-5.345802,-6.86086,-7.597023,-10.11723,-9.962561,-13.04903,-16.12537,-16.35586,-13.09513,25,25,25,25,25,25,25,25,25,25,25,25,25,25,25,25,924,9240,-12.51028,-19.30477,-4.982047,-20.62955,-21.35344,-24.68927,-1.940227,-68.13598,-0.1214049,0.2416957,0.1191442,0.4848458,0.3300231,1.00164,-0.6641864,2.546017,24,24,24,24,24,24,24,24,24,24,25,25,25,24,25,25
925,9250,-33.67135,-62.02293,-18.59041,-17.05576,-13.63738,-12.22102,-8.935071,-8.779683,-6.563227,-7.628912,-3.802678,-4.791468,-3.099959,-3.942534,-1.789934,-0.4817218,25,25,25,25,25,25,25,25,25,25,25,25,25,25,25,25,925,9250,-1.479678,-1.581751,-2.620009,-2.585775,223.9822,200.5053,-3.395802,-5.867208,-8.153652,-8.626122,-11.82357,-11.57635,-12.92123,-18.12589,-19.12013,-18.0589,25,25,25,25,25,25,25,25,25,25,25,25,25,25,25,25,925,9250,-16.18036,-21.22112,-5.109838,-24.88255,-27.30188,-30.53898,-1.422926,-69.33877,-0.1214049,-0.7259378,0.7151337,0.3635741,0.7702862,0.3346456,-1.106851,3.481965,24,24,24,24,24,24,24,24,24,24,25,25,25,24,25,25
926,9260,-34.75359,-62.38564,-18.71349,-16.20317,-14.24084,-10.24643,-8.552229,-7.525817,-6.439506,-4.55245,-3.208542,-3.53096,-2.384653,-2.986858,-2.267548,-0.4817218,25,25,25,25,25,25,25,25,25,25,25,25,25,25,25,25,926,9260,-0.8072011,0.1315994,-1.310807,-0.388084,222.6665,200.3824,-3.787596,-6.649001,-9.187378,-11.84206,-15.63003,-13.86255,-14.96607,-19.23729,-19.84124,-21.10485,25,25,25,25,25,25,25,25,25,25,25,25,25,25,25,25,926,9260,-18.0154,-22.49869,-5.493212,-29.26443,-32.47443,-32.4465,-1.034951,-68.79204,0.2495256,0.4836033,0.8343317,-0.1215189,-0.3303699,-0.1099654,-0.2215233,2.429022,24,24,24,24,24,24,24,24,24,24,25,25,25,24,25,25
927,9270,-37.63956,-62.02293,-18.83658,-15.59417,-14.24084,-11.11031,-8.041774,-7.024272,-5.57301,-5.167794,-2.614405,-3.909112,-2.980741,-3.703651,-2.745162,-0.3610008,25,25,25,25,25,25,25,25,25,25,25,25,25,25,25,25,927,9270,-0.134725,-0.5273817,0.3911566,-0.5173606,223.1928,201.12,-3.5264,-5.606505,-6.990282,-10.04113,-11.4298,-11.97979,-13.43244,-17.34791,-19.72106,-20.20235,25,25,25,25,25,25,25,25,25,25,25,25,25,25,25,25,927,9270,-20.53858,-24.03177,-5.36542,-28.87779,-30.66403,-33.33667,-1.810902,-68.68269,0.1258821,0.2416957,0.1191442,0.1210276,0.7702862,0.4458624,-0.33224,1.727058,24,24,24,24,24,24,24,24,24,24,25,25,25,24,25,25
928,9280,-38.72179,-63.47375,-18.59041,-15.10698,-12.1891,-9.876192,-6.765635,-6.648112,-4.953687,-4.675519,-2.495578,-3.026757,-2.623088,-2.747927,-1.67053,-1.930371,25,25,25,25,25,25,25,25,25,25,25,25,25,25,25,25,928,9280,-0.8072011,0.5269884,-1.048968,-0.0002560471,223.4559,201.8576,-4.048793,-3.651239,-6.472598,-10.29841,-13.66117,-13.72807,-15.47728,-20.79325,-22.36514,-20.42797,25,25,25,25,25,25,25,25,25,25,25,25,25,25,25,25,928,9280,-20.07982,-23.52074,-4.982047,-30.6821,-33.12099,-34.86269,-0.7763013,-68.79204,-0.8632666,-0.1211657,0.4767377,-0.0002472179,0.3300231,-0.3322971,-0.33224,3.247975,24,24,24,24,24,24,24,24,24,24,25,25,25,24,25,25
929,9290,-35.95607,-61.29752,-16.37495,-11.20941,-9.895981,-6.544071,-5.234269,-5.770406,-5.077551,-3.567898,-2.733232,-3.278858,-2.623088,-2.628461,-1.431723,-0.240283,25,25,25,25,25,25,25,25,25,25,25,25,25,25,25,25,929,9290,1.479218,1.976747,0.3911566,2.714539,224.1137,201.3658,-2.87341,-4.042293,-7.63679,-15.05799,-20.48654,-20.72115,-21.10061,-27.46167,-27.53312,-23.47392,25,25,25,25,25,25,25,25,25,25,25,25,25,25,25,25,929,9290,-21.57079,-25.56485,-5.493212,-32.61528,-37.12973,-39.56789,-2.457528,-69.77613,-0.3686922,0.604557,0.7151337,-0.6066118,-0.1102399,0.2235308,-0.1109077,2.896996,24,24,24,24,24,24,24,24,24,24,25,25,25,24,25,25
930,9300,-31.86762,-59.37328,-14.28256,-9.017032,-6.999395,-7.037719,-4.468585,-5.018087,-3.962768,-4.060174,-2.257923,-3.53096,-1.788564,-3.942582,-2.983969,-0.361004,25,25,25,25,25,25,25,25,25,25,25,25,25,25,25,25,930,9300,-2.421145,-2.108936,-0.9180455,0.1290197,223.3243,201.7346,-3.787596,-6.779191,-8.282868,-15.44391,-19.30522,-18.70391,-21.73963,-24.57202,-24.40829,-29.22738,25,25,25,25,25,25,25,25,25,25,25,25,25,25,25,25,930,9300,-27.87873,-28.75877,-4.470882,-36.99717,-38.29355,-33.71818,-1.293602,-67.9173,0.620456,0.9674217,0.5959357,0.4848458,0.1098932,0.2235308,-0.5535724,2.546017,24,24,24,24,24,24,24,24,24,24,25,25,25,24,25,25
931,9310,-30.30439,-59.37328,-13.79024,-8.04264,-7.602851,-5.927011,-4.085744,-4.8927,-4.086633,-3.814035,-2.495578,-3.026757,-2.503871,-2.38953,-2.386951,-1.085327,25,25,25,25,25,25,25,25,25,25,25,25,25,25,25,25,931,9310,-3.362612,-1.713547,-1.310814,-0.775912,223.4559,200.9971,-4.440587,-6.909385,-8.928947,-14.15753,-17.33637,-17.89702,-20.20599,-20.68212,-20.68254,-25.0533,25,25,25,25,25,25,25,25,25,25,25,25,25,25,25,25,931,9310,-26.27307,-28.75877,-5.36537,-33.51743,-30.27609,-28.75863,-0.7763013,-69.22941,0.002238607,-0.3630765,0.2383422,0.6061206,0.3300231,-0.6657941,-0.2215747,3.247975,24,24,24,24,24,24,24,24,24,24,25,25,25,24,25,25
932,9320,-30.66514,-59.49421,-13.42099,-7.433645,-7.602851,-4.446068,-3.575289,-4.014995,-3.467309,-2.829483,-2.495578,-2.018222,-1.788564,-1.672736,-0.3570919,0.1218784,25,25,25,25,25,25,25,25,25,25,25,25,25,25,25,25,932,9320,-3.766098,-2.372529,-1.965415,-1.680844,223.7191,200.0136,-4.048793,-5.606505,-9.187378,-12.09933,-14.05494,-16.01427,-17.26653,-16.90335,-18.03846,-22.34579,25,25,25,25,25,25,25,25,25,25,25,25,25,25,25,25,932,9320,-24.55272,-27.35344,-5.237579,-28.74892,-26.91394,-26.46962,-1.422926,-68.35467,0.7440996,0.2416957,0.4767377,-0.4853402,0.1098932,0.334697,0.1104229,3.247975,24,24,24,24,24,24,24,24,24,24,25,25,25,24,25,25
933,9330,-27.53867,-58.88959,-10.59012,-5.728201,-4.706278,-3.828825,-1.788422,-3.764222,-1.733202,-2.583345,-1.069649,-2.144352,-0.1195162,-2.270064,-0.4764957,0.00115743,25,25,25,25,25,25,25,25,25,25,25,25,25,25,25,25,933,9330,-2.017659,-1.318159,-1.834492,-0.775912,222.4034,199.8906,-3.265205,-4.042293,-7.63679,-9.397946,-11.95483,-13.05566,-14.71046,-14.12484,-15.99531,-20.42797,25,25,25,25,25,25,25,25,25,25,25,25,25,25,25,25,933,9330,-20.53858,-24.41504,-4.726414,-25.26919,-22.64658,-24.81644,-1.940227,-68.79204,0.3731691,0.3626495,0.1191442,0.6061206,0.3300231,0.4458624,-0.88557,2.078043,24,24,24,24,24,24,24,24,24,24,25,25,25,24,25,25
934,9340,-24.8932,-58.88959,-9.974715,-5.240709,-3.257992,-2.099426,0.3832085,-1.00435,0.248635,0.247242,0.2374512,1.135039,1.07266,2.150162,2.389188,-0.6024445,25,25,25,25,25,25,25,25,25,25,25,25,25,25,25,25,934,9340,-0.4037157,-1.318159,-0.6562127,-0.775912,222.535,200.6282,-3.787596,-4.172644,-5.56665,-8.368847,-9.723461,-9.962561,-13.43244,-14.79168,-15.87512,-18.51015,25,25,25,25,25,25,25,25,25,25,25,25,25,25,25,25,934,9340,-19.1623,-24.5428,-5.109787,-25.52695,-23.55177,-24.68927,-1.552252,-69.55745,0.002238607,-0.4840303,0.7151337,0.8486671,0.3300231,-0.2211308,0.6637529,2.896996,24,24,24,24,24,24,24,24,24,24,25,25,25,24,25,25
935,9350,-20.925,-57.55943,-8.497739,-3.046997,-2.533843,-0.9876357,0.1277228,-0.7531912,-0.4945539,-0.9834483,-0.8319944,-1.009178,-1.669346,-3.942582,-4.297407,-0.361004,25,25,25,25,25,25,25,25,25,25,25,25,25,25,25,25,935,9350,-0.0002295595,0.1316002,-0.2634509,-1.680844,223.5875,201.9805,-3.656941,-1.69597,-5.954912,-7.982935,-7.491224,-8.079806,-10.49297,-9.12353,-12.26955,-20.42797,25,25,25,25,25,25,25,25,25,25,25,25,25,25,25,25,935,9350,-22.37362,-27.60896,-4.981997,-28.74892,-32.08649,-36.13437,-1.293602,-68.46401,-0.4923362,-0.9678487,0.7151337,0.2422993,0.2199565,0.00119997,0.3317553,2.546017,24,24,24,24,24,24,24,24,24,24,25,25,25,24,25,25
936,9360,-23.32997,-56.59205,-8.620821,-6.215656,-4.706278,-4.446068,-2.29915,-4.014995,-2.600255,-4.798587,-2.85206,-4.413316,-3.099959,-5.6151,-4.297407,-0.7231655,25,25,25,25,25,25,25,25,25,25,25,25,25,25,25,25,936,9360,0.134265,0.3951923,-0.001611733,0.5168468,223.1928,201.4887,-3.003952,-2.217375,-5.048965,-5.279984,-6.308674,-7.67636,-9.470546,-11.12406,-14.31271,-19.07422,25,25,25,25,25,25,25,25,25,25,25,25,25,25,25,25,936,9360,-24.32334,-28.63101,-5.237579,-33.25967,-32.99168,-31.17482,-1.810903,-68.24532,0.4968126,-0.1211657,0.1191442,0.4848458,-0.2203033,-0.5546278,-0.6642377,2.780001,24,24,24,24,24,24,24,24,24,24,25,25,25,24,25,25
937,9370,-25.1337,-57.43851,-8.620821,-6.946449,-5.189041,-3.45828,-2.043908,-2.761129,-2.228661,-2.952552,-2.614405,-3.026757,-4.0537,-5.137239,-5.491442,-0.6024445,25,25,25,25,25,25,25,25,25,25,25,25,25,25,25,25,937,9370,-0.5382111,-1.449955,-0.9180519,-0.9051877,224.1137,201.6116,-2.350962,-4.042293,-5.178388,-6.309942,-7.359826,-8.348773,-9.853955,-11.45748,-14.91363,-20.76641,25,25,25,25,25,25,25,25,25,25,25,25,25,25,25,25,937,9370,-23.52052,-27.99223,-4.726414,-30.81098,-30.79335,-32.57367,-0.9056268,-68.68269,0.3731691,0.7255141,1.549519,0.4848458,-0.1102399,0.2235308,0.4424222,3.247975,24,24,24,24,24,24,24,24,24,24,25,25,25,24,25,25
938,9380,-27.05768,-58.28497,-9.605472,-7.555444,-6.516633,-3.952409,-2.043908,-3.011902,-1.857066,-1.598844,-2.614405,-1.261439,-2.503871,-3.106324,-2.625758,-0.7231655,25,25,25,25,25,25,25,25,25,25,25,25,25,25,25,25,938,9380,-3.093621,-2.767917,-1.834492,-1.293016,223.3243,201.1199,-3.918138,-4.563698,-5.43723,-5.794963,-7.097043,-7.272919,-9.853955,-10.23493,-12.63011,-19.63828,25,25,25,25,25,25,25,25,25,25,25,25,25,25,25,25,938,9380,-24.55272,-28.3755,-5.237579,-28.62004,-26.52599,-25.57944,-2.974829,-68.57336,0.2495256,-0.3630797,-0.1192518,-1.091705,-0.2203033,0.00119997,0.4424222,3.36497,24,24,24,24,24,24,24,24,24,24,25,25,25,24,25,25
939,9390,-25.3742,-59.13143,-8.005414,-6.093819,-4.102823,-3.334748,-0.6387351,-1.883357,-0.9900128,-1.844983,-1.54496,-1.38757,-1.550129,-3.22579,-1.909338,-0.9646059,25,25,25,25,25,25,25,25,25,25,25,25,25,25,25,25,939,9390,-2.421145,-1.581751,-1.703576,-1.81012,223.8506,200.6282,-4.701726,-3.78159,-5.178388,-7.21111,-7.754014,-7.945326,-10.87638,-11.12406,-13.11085,-18.51015,25,25,25,25,25,25,25,25,25,25,25,25,25,25,25,25,939,9390,-22.14424,-26.07588,-5.237579,-27.20237,-28.07776,-27.10546,-1.034952,-68.02663,-0.1214049,-0.1211721,-2.006639E-06,0.3635741,-0.1102399,0.00119997,-0.33224,2.780001,24,24,24,24,24,24,24,24,24,24,25,25,25,24,25,25
940,9400,-26.33619,-57.43851,-8.128495,-5.606328,-3.982129,-2.34649,-1.149707,-1.632198,-0.9900128,-1.968052,-1.901442,-2.270432,-2.980741,-3.22579,-3.580986,-0.481725,25,25,25,25,25,25,25,25,25,25,25,25,25,25,25,25,940,9400,-1.614174,-1.845343,-1.441737,-1.551568,223.5875,199.7677,-3.003952,-2.608429,-5.43723,-5.40873,-6.702862,-6.464687,-8.70373,-7.567569,-11.0677,-19.63828,25,25,25,25,25,25,25,25,25,25,25,25,25,25,25,25,940,9400,-21.68548,-26.07588,-5.493161,-25.01143,-24.19835,-25.57944,-2.328203,-69.77613,-0.2450488,-0.0002151117,0.5959875,0.3635741,-0.3303699,-0.1099654,0.1104229,3.832944,24,24,24,24,24,24,24,24,24,24,25,25,25,24,25,25
941,9410,-26.69693,-57.80128,-9.113146,-7.799042,-6.275259,-4.816303,-3.447675,-3.764222,-2.847985,-3.814086,-2.02027,-3.909112,-3.695995,-5.256704,-4.536214,-0.7231655,25,25,25,25,25,25,25,25,25,25,25,25,25,25,25,25,941,9410,-1.345183,-1.318159,-2.4891,-1.163741,223.1928,200.0135,-3.395746,-2.73878,-5.696072,-5.794963,-7.228441,-6.868804,-7.808586,-8.234409,-11.78881,-15.91545,25,25,25,25,25,25,25,25,25,25,25,25,25,25,25,25,941,9410,-20.3092,-26.07588,-4.981997,-22.69161,-22.12932,-23.54476,-2.198879,-68.24532,0.1258821,0.1207387,-0.1192,-0.4853402,0.1098354,0.8905248,0.2210899,3.247975,24,24,24,24,24,24,24,24,24,24,25,25,25,24,25,25
942,9420,-29.94365,-59.49421,-11.82094,-13.0364,-11.34427,-8.888896,-6.127566,-6.146565,-5.07755,-6.398536,-3.683852,-5.547773,-3.93443,-5.495637,-4.655618,-1.326767,25,25,25,25,25,25,25,25,25,25,25,25,25,25,25,25,942,9420,-1.614174,-0.7909738,-0.52529,-1.293016,222.2718,201.1199,-2.742756,-2.347726,-4.013598,-5.537474,-5.651711,-5.656454,-6.144848,-5.011342,-7.702503,-15.80264,25,25,25,25,25,25,25,25,25,25,25,25,25,25,25,25,942,9420,-18.24478,-23.26523,-4.854205,-22.56273,-26.26737,-30.41181,-1.422927,-67.9173,0.4968126,0.3626463,0.5959875,0.9699388,0.4400319,-0.1099149,-0.33224,3.130986,24,24,24,24,24,24,24,24,24,24,25,25,25,24,25,25
943,9430,-33.3106,-59.61513,-12.80559,-12.7928,-11.70634,-8.148426,-6.638022,-5.64502,-4.582091,-4.060225,-3.565026,-3.909112,-3.099906,-2.747929,-1.670581,0.6047593,25,25,25,25,25,25,25,25,25,25,25,25,25,25,25,25,943,9430,-2.152155,-1.713547,-2.227254,-2.4565,223.5875,201.3658,-3.395746,-2.869131,-4.919546,-6.309942,-5.520319,-5.925867,-6.656769,-5.122484,-6.98139,-12.30544,25,25,25,25,25,25,25,25,25,25,25,25,25,25,25,25,943,9430,-16.52443,-23.77626,-5.36537,-25.7847,-28.59501,-31.30199,-1.552253,-68.68269,-0.3686922,-0.2421259,0.7151855,-0.2427937,-0.3304276,0.2235821,-0.0002407967,3.36497,24,24,24,24,24,24,24,24,24,24,25,25,25,24,25,25
944,9440,-30.30439,-59.97789,-11.57477,-11.08761,-9.171831,-5.927011,-3.32006,-4.265768,-2.352525,-2.829535,-1.307305,-2.396502,-0.9539876,-2.270068,-1.909388,0.1218784,25,25,25,25,25,25,25,25,25,25,25,25,25,25,25,25,944,9440,-0.0002295595,-0.0001966506,-1.048975,-0.2588083,223.9822,201.3658,-2.873355,-2.217375,-3.495914,-2.447603,-4.731957,-6.464687,-5.88889,-7.456427,-8.784173,-12.30544,25,25,25,25,25,25,25,25,25,25,25,25,25,25,25,25,944,9440,-18.13009,-25.56485,-5.237579,-26.17134,-26.39668,-31.68349,-1.940228,-68.57336,0.867743,-0.2421259,0.2383939,-0.2427937,0.2198988,0.445913,0.5530891,2.910218,24,24,24,24,24,24,24,24,24,24,25,25,25,24,25,25
945,9450,-32.34861,-59.97789,-11.94402,-10.47862,-7.844238,-5.556775,-3.064833,-3.137289,-1.857066,-1.598844,-0.831996,0.5044382,0.8342771,3.583747,3.463769,-1.206048,25,25,25,25,25,25,25,25,25,25,25,25,25,25,25,25,945,9450,-0.134725,-1.186363,-0.3943736,-0.2588083,223.3243,200.997,-3.003952,-2.217375,-2.97823,-5.666219,-9.329691,-10.09704,-9.598348,-12.56888,-14.07234,-14.67452,25,25,25,25,25,25,25,25,25,25,25,25,25,25,25,25,945,9450,-16.52443,-24.67055,-4.854205,-28.74892,-30.66403,-34.09968,-1.164277,-67.6986,0.002238607,-0.7259411,0.3575919,0.2422993,0.2198988,-0.6657427,-0.7749014,2.676195,24,24,24,24,24,24,24,24,24,24,25,25,25,24,25,25
946,9460,-30.78538,-59.24218,-12.0671,-10.96582,-8.085613,-5.309951,-3.702902,-3.638835,-2.352525,-2.21419,0.1186229,-8.387752E-05,0.5958418,1.194435,0.8368921,-0.1195636,25,25,25,25,25,25,25,25,25,25,25,25,25,25,25,25,946,9460,-2.824631,-1.977191,-1.179891,-1.81012,223.1928,200.997,-3.395746,-2.608429,-3.754756,-6.953665,-9.198434,-10.36601,-10.87638,-11.12406,-12.02918,-18.39734,25,25,25,25,25,25,25,25,25,25,25,25,25,25,25,25,946,9460,-19.27699,-26.20364,-5.109787,-30.29546,-29.88815,-29.14014,-0.5176519,-69.12007,-0.2450488,0.6045538,0.953581,-0.0002472179,-0.1102977,0.445913,0.3317585,3.261261,24,24,24,24,24,24,24,24,24,24,25,25,25,24,25,25
947,9470,-29.46264,-59.12128,-11.57477,-11.69661,-7.482157,-6.667482,-4.468585,-4.391154,-2.847985,-2.706466,-0.4755141,-0.6307361,0.2381889,0.5971068,2.269734,-0.9646059,25,25,25,25,25,25,25,25,25,25,25,25,25,25,25,25,947,9470,-3.497107,-2.504376,-2.358177,-2.715052,223.5875,199.7677,-3.003952,-2.869131,-4.790125,-6.052453,-8.410888,-10.23152,-9.726152,-9.012391,-10.34659,-17.94609,25,25,25,25,25,25,25,25,25,25,25,25,25,25,25,25,947,9470,-20.65327,-27.22569,-4.598621,-26.94461,-24.84491,-26.46962,-1.810903,-68.46401,0.1258821,-0.8468981,0.119196,-0.4853402,-0.1102977,0.6682445,0.1104262,2.442167,24,24,24,24,24,24,24,24,24,24,25,25,25,24,25,25
948,9480,-29.46264,-59.36308,-11.57477,-10.72222,-8.085613,-6.050423,-4.979041,-4.140381,-3.219579,-1.475776,0.2374504,-0.378475,-0.0002464153,0.2387098,0.9562952,-0.240283,25,25,25,25,25,25,25,25,25,25,25,25,25,25,25,25,948,9480,-2.959126,-2.240783,-2.881855,-2.068671,223.0612,200.3824,-2.742756,-2.347726,-4.401862,-5.666219,-8.016803,-8.483253,-8.320321,-8.12327,-10.46677,-14.78733,25,25,25,25,25,25,25,25,25,25,25,25,25,25,25,25,948,9480,-17.90071,-25.05382,-5.109787,-25.7847,-26.52599,-32.828,-1.552253,-67.15188,-0.1214049,-0.3630797,1.430373,1.091214,0.2198988,-0.5545773,-0.2215715,2.676195,24,24,24,24,24,24,24,24,24,24,25,25,25,24,25,25
949,9490,-27.53867,-59.00037,-13.17483,-11.81841,-8.930456,-6.420658,-4.340972,-3.011902,-1.733202,-0.7373613,1.188069,-0.1262144,1.430366,0.7165725,1.672717,-0.6024445,25,25,25,25,25,25,25,25,25,25,25,25,25,25,25,25,949,9490,-3.766098,-3.031561,-2.358177,-2.197947,222.4034,200.7511,-2.481561,-3.260185,-3.625336,-6.438686,-7.228441,-7.138215,-9.214941,-10.56836,-12.02918,-13.09513,25,25,25,25,25,25,25,25,25,25,25,25,25,25,25,25,949,9490,-16.63912,-23.90401,-5.237577,-25.26919,-23.8104,-26.85112,-2.457529,-69.66679,-0.3686922,-0.3630797,0.8343834,0.1210276,-0.3304276,-0.2210803,0.1104262,3.027232,24,24,24,24,24,24,24,24,24,24,25,25,25,24,25,25
950,9500,-26.45643,-59.48398,-12.43635,-12.3056,-10.13735,-8.888897,-5.999952,-5.018087,-3.591173,-3.444879,-0.3566865,-2.522553,-0.477117,-2.150602,-1.789985,-1.085327,25,25,25,25,25,25,25,25,25,25,25,25,25,25,25,25,950,9500,-2.017659,-1.31821,-0.9180519,-0.5173606,223.7191,201.3658,-2.742756,-2.087023,-3.754756,-6.181197,-7.228441,-7.00351,-9.214941,-9.345811,-10.2264,-15.01296,25,25,25,25,25,25,25,25,25,25,25,25,25,25,25,25,950,9500,-17.09788,-24.67055,-4.854204,-26.04246,-27.30187,-30.41182,-2.457529,-68.13598,0.7440996,0.1207387,0.2383939,-0.6066118,0.2198988,0.8905753,0.5530891,2.793203,24,24,24,24,24,24,24,24,24,24,25,25,25,24,25,25
951,9510,-29.1019,-57.91225,-13.421,-11.94021,-11.58564,-8.148426,-7.276092,-5.64502,-3.838903,-4.306363,-2.257924,-3.53096,-2.3846,-3.464723,-2.506406,0.2425979,25,25,25,25,25,25,25,25,25,25,25,25,25,25,25,25,951,9510,-4.976556,-3.690542,-3.536456,-1.551568,223.0612,200.7511,-2.481561,-3.651239,-5.307809,-6.181197,-6.702862,-8.617737,-9.087136,-8.901253,-10.2264,-13.88483,25,25,25,25,25,25,25,25,25,25,25,25,25,25,25,25,951,9510,-17.78602,-24.5428,-5.109787,-26.4291,-25.49148,-25.32511,-1.552253,-67.6986,0.002238607,-0.3630797,0.119196,0.3635741,-0.1102977,-0.5545773,-0.4429038,3.378268,24,24,24,24,24,24,24,24,24,24,25,25,25,24,25,25
952,9520,-30.30439,-55.85692,-13.66716,-12.3056,-10.98219,-8.518661,-6.25518,-5.770406,-3.343443,-4.552501,-1.54496,-4.413316,-2.026947,-4.062051,-2.98402,-0.6024445,25,25,25,25,25,25,25,25,25,25,25,25,25,25,25,25,952,9520,-5.245546,-4.744912,-3.143701,-1.810119,223.4559,200.7511,-1.959169,-4.172647,-4.531282,-5.537474,-5.651711,-7.138215,-8.320321,-7.678708,-7.942874,-13.6592,25,25,25,25,25,25,25,25,25,25,25,25,25,25,25,25,952,9520,-16.29505,-23.52074,-5.237577,-23.85152,-21.48275,-23.54476,-1.422927,-68.79203,-0.2450488,0.3626463,0.8343834,0.6061206,-0.1102977,0.1124159,0.4424238,3.378268,24,24,24,24,24,24,24,24,24,24,25,25,25,24,25,25
953,9530,-30.66513,-56.70324,-13.79024,-14.13259,-11.94772,-10.12302,-7.148477,-6.397338,-4.582091,-4.183294,-0.7131684,-2.396502,-0.7155523,-0.2391529,-1.192967,-0.481725,25,25,25,25,25,25,25,25,25,25,25,25,25,25,25,25,953,9530,-4.976556,-5.008505,-2.096338,-1.810119,222.9297,201.1199,-3.265147,-3.781593,-2.97823,-4.765007,-5.651711,-6.060572,-8.064547,-7.234146,-6.620833,-11.17731,25,25,25,25,25,25,25,25,25,25,25,25,25,25,25,25,953,9530,-15.37753,-23.26523,-5.237577,-23.85152,-24.84491,-29.01297,-2.586853,-67.91729,0.4968126,-0.2421259,0.119196,-0.7278867,-0.1102977,0.3347476,0.1104262,2.559175,24,24,24,24,24,24,24,24,24,24,25,25,25,24,25,25
954,9540,-31.86762,-57.91225,-15.3903,-14.74158,-14.36153,-10.9869,-7.531319,-7.149658,-4.829821,-3.814035,-1.069651,-1.261388,-0.1194641,-0.9559453,0.1204706,-0.1195636,25,25,25,25,25,25,25,25,25,25,25,25,25,25,25,25,954,9540,-5.245546,-2.767969,-1.441737,-1.163739,223.9822,200.997,-3.265147,-0.3924633,-1.94286,-1.932624,-1.31571,-4.309402,-6.144848,-4.566745,-5.89972,-9.823562,25,25,25,25,25,25,25,25,25,25,25,25,25,25,25,25,954,9540,-14.23063,-21.8599,-4.726412,-24.49591,-23.03452,-24.81644,-0.6469766,-67.26122,0.002238607,-0.1211657,0.3575919,-0.0002472179,0.3299653,-0.4434119,-0.6642361,2.559175,24,24,24,24,24,24,24,24,24,24,25,25,25,24,25,25
955,9550,-28.74115,-57.30775,-12.80559,-12.671,-10.62012,-9.135721,-5.361883,-5.64502,-2.971849,-3.690966,-0.0002046772,-1.63978,0.3574065,-1.075411,0.3592783,-0.1195636,25,25,25,25,25,25,25,25,25,25,25,25,25,25,25,25,955,9550,-4.707565,-3.42695,-2.4891,-1.163739,223.1928,199.6447,-1.567375,-0.783514,-2.460544,-2.447603,-4.074986,-6.329982,-6.784747,-7.123007,-8.423616,-10.162,25,25,25,25,25,25,25,25,25,25,25,25,25,25,25,25,955,9550,-11.93683,-20.19907,-5.748743,-22.69161,-22.77589,-26.85112,-1.034952,-68.35467,0.2495256,0.3626495,1.191977,0.4848458,-0.3304276,0.2235821,-0.0002407967,2.325152,24,24,24,24,24,24,24,24,24,24,25,25,25,24,25,25
956,9560,-27.29817,-54.88971,-11.57477,-10.35682,-8.809763,-7.16113,-3.447675,-4.641927,-3.219579,-1.721862,0.1186229,-0.1262148,0.5958418,0.5971068,0.2398745,-0.1195636,25,25,25,25,25,25,25,25,25,25,25,25,25,25,25,25,956,9560,-2.690136,-1.845395,-2.358177,-0.2588075,222.9297,200.7511,-1.959169,-2.478081,-4.401862,-6.438686,-10.511,-9.962561,-11.13198,-13.34686,-14.31271,-11.51575,25,25,25,25,25,25,25,25,25,25,25,25,25,25,25,25,956,9560,-13.4278,-21.98766,-4.981996,-23.46488,-27.94844,-32.31933,-0.9056268,-67.37057,0.867743,0.1207419,0.5959879,-0.364014,-0.2203611,0.1124159,0.9957538,2.910218,24,24,24,24,24,24,24,24,24,24,25,25,25,24,25,25
957,9570,-27.29817,-55.0106,-13.54408,-13.1582,-11.58564,-9.012309,-5.999952,-5.895792,-3.715038,-2.706414,-0.4755141,-2.270432,-0.9540405,-1.792205,-1.073564,-0.481725,25,25,25,25,25,25,25,25,25,25,25,25,25,25,25,25,957,9570,-5.918023,-5.272097,-3.143701,-3.619983,222.7981,200.8741,-2.481561,-4.694052,-5.178388,-6.953665,-8.935914,-9.42463,-11.13198,-10.56836,-10.94751,-15.68983,25,25,25,25,25,25,25,25,25,25,25,25,25,25,25,25,957,9570,-16.06567,-23.39299,-5.237577,-27.46013,-25.75011,-27.61413,-1.293602,-68.02663,-0.3686922,-0.2421227,0.7151859,-0.000195848,-0.9908174,-0.7769089,0.1104262,2.793203,24,24,24,24,24,24,24,24,24,24,25,25,25,24,25,25
958,9580,-26.81718,-55.13151,-12.31326,-13.40179,-11.70634,-10.74008,-7.658932,-7.901978,-6.315784,-6.152347,-2.495579,-4.413316,-2.503871,-2.986812,-1.551178,-1.085327,25,25,25,25,25,25,25,25,25,25,25,25,25,25,25,25,958,9580,-6.187014,-4.613116,-4.976581,-3.490707,223.8506,201.4887,-3.656941,-3.520891,-6.4726,-8.626122,-7.885411,-7.810843,-9.598348,-8.456691,-9.14473,-12.64388,25,25,25,25,25,25,25,25,25,25,25,25,25,25,25,25,958,9580,-16.8685,-24.67055,-5.748743,-26.55798,-24.19834,-24.30777,-1.681578,-68.79203,0.867743,0.2416957,0.9535815,0.2423506,-0.2203579,0.7793578,0.2210915,3.027232,24,24,24,24,24,24,24,24,24,24,25,25,25,24,25,25
959,9590,-27.89942,-54.40609,-13.29791,-13.40179,-12.55117,-10.9869,-8.169389,-7.275044,-5.944603,-4.921657,-2.02027,-4.035163,-3.099959,-2.031086,-2.864565,-0.7231655,25,25,25,25,25,25,25,25,25,25,25,25,25,25,25,25,959,9590,-7.39747,-5.403893,-5.631182,-3.36143,223.4559,200.8741,-2.481561,-4.824404,-5.954916,-6.82492,-7.622622,-8.21429,-8.064547,-7.678708,-7.822689,-11.51575,25,25,25,25,25,25,25,25,25,25,25,25,25,25,25,25,959,9590,-13.88656,-23.26523,-4.981996,-22.56273,-19.80167,-25.32511,-0.9056268,-67.69859,0.002238607,-1.088802,0.4767903,0.3636255,-0.440491,0.3346954,-0.7749063,1.857101,24,24,24,24,24,24,24,24,24,24,25,25,25,24,25,25
960,9600,-29.1019,-55.49422,-13.91332,-13.52359,-13.27532,-10.49325,-7.914161,-7.40043,-5.696874,-4.921657,-2.139097,-3.783062,-1.907782,-2.270018,-1.192917,-0.8438351,25,25,25,25,25,25,25,25,25,25,25,25,25,25,25,25,960,9600,-6.993985,-7.380837,-6.154867,-4.266362,223.8506,200.6282,-2.089767,-5.47616,-5.307809,-6.56743,-7.49123,-8.079806,-8.064547,-8.456691,-8.543801,-11.0645,25,25,25,25,25,25,25,25,25,25,25,25,25,25,25,25,960,9600,-10.90462,-20.58234,-5.109787,-21.14507,-19.1551,-23.03609,-1.422927,-67.58925,-0.2450488,-0.1211657,0.9535815,1.333812,-0.3304245,-0.2211324,-0.0002440073,3.378268,24,24,24,24,24,24,24,24,24,24,25,25,25,24,25,25
961,9610,-26.09569,-56.21963,-12.92867,-12.7928,-11.58564,-10.49325,-7.020863,-7.149658,-6.192062,-7.01383,-3.802679,-4.665417,-3.099959,-3.345209,-1.909338,-0.4816737,25,25,25,25,25,25,25,25,25,25,25,25,25,25,25,25,961,9610,-9.278532,-8.435206,-6.023944,-4.65419,222.9297,200.8741,-3.13455,-5.867211,-5.954916,-7.21111,-7.754014,-7.67636,-9.087136,-7.789847,-8.183245,-10.38762,25,25,25,25,25,25,25,25,25,25,25,25,25,25,25,25,961,9610,-10.56055,-20.19907,-5.237577,-18.05197,-16.82746,-20.74707,-1.681578,-67.91729,0.620456,0.3626495,1.072779,-0.2427423,-0.5505544,0.6681924,-0.4429086,2.442167,24,24,24,24,24,24,24,24,24,24,25,25,25,24,25,25
962,9620,-25.3742,-55.8665,-12.68251,-12.9146,-12.0684,-9.505958,-6.638022,-6.397338,-5.201415,-3.937105,-2.495579,-3.404909,-2.861524,-2.150552,-2.386951,-0.8438351,25,25,25,25,25,25,25,25,25,25,25,25,25,25,25,25,962,9620,-5.783476,-3.690542,-2.358177,-2.585775,223.8506,200.0135,-2.873355,-0.783514,-3.10765,-2.962581,-3.286618,-7.00351,-8.703727,-9.568092,-9.625472,-10.61325,25,25,25,25,25,25,25,25,25,25,25,25,25,25,25,25,962,9620,-11.24869,-19.8158,-4.981996,-18.30973,-19.28442,-26.72395,-1.422927,-68.68269,-0.1214049,-1.088802,0.7151859,0.2423506,0.219902,0.4458616,-0.110911,2.676195,24,24,24,24,24,24,24,24,24,24,25,25,25,24,25,25
963,9630,-25.61469,-57.07573,-13.91332,-13.1582,-13.39601,-11.72737,-8.041775,-6.898884,-5.07755,-4.921657,-2.852061,-4.161214,-2.861524,-3.345209,-1.67053,-0.6023931,25,25,25,25,25,25,25,25,25,25,25,25,25,25,25,25,963,9630,-4.842009,-2.899765,-2.750939,-0.388084,223.1928,200.0135,-2.612158,-1.174568,-4.401862,-3.606305,-4.206378,-6.599391,-8.831532,-9.12353,-9.264915,-13.43357,25,25,25,25,25,25,25,25,25,25,25,25,25,25,25,25,963,9630,-12.85435,-21.85991,-5.237577,-24.36704,-26.26736,-27.48696,-1.034952,-67.37057,-0.4923362,0.1207419,0.9535815,-0.000195848,-0.3304245,-0.2211324,-0.0002440073,3.144246,24,24,24,24,24,24,24,24,24,24,25,25,25,24,25,25
964,9640,-26.69693,-57.43851,-13.91332,-14.74158,-13.15462,-11.35714,-7.403706,-7.651204,-5.449145,-4.921657,-2.257924,-2.774655,-1.311693,-1.314292,0.3593289,-1.326716,25,25,25,25,25,25,25,25,25,25,25,25,25,25,25,25,964,9640,-4.707514,-3.163357,-3.012778,-1.163739,223.0612,200.2594,-2.220364,-1.565622,-4.013598,-2.190114,-4.33777,-5.791162,-7.040708,-10.67949,-13.23104,-12.41826,25,25,25,25,25,25,25,25,25,25,25,25,25,25,25,25,964,9640,-13.08373,-21.47664,-4.854204,-23.336,-23.03452,-23.54476,-2.457529,-68.02663,-0.1214049,-0.2421227,0.8343838,-0.6065605,-0.1102945,0.5570262,0.5530859,2.208138,24,24,24,24,24,24,24,24,24,24,25,25,25,24,25,25
965,9650,-23.93121,-56.83389,-12.68251,-10.72222,-11.34427,-8.765485,-6.638022,-5.26886,-4.582091,-3.690966,-2.733234,-3.152807,-2.146217,-2.150552,-1.431723,-0.6023931,25,25,25,25,25,25,25,25,25,25,25,25,25,25,25,25,965,9650,-1.748618,-0.2638401,-0.6562127,0.1290197,223.3243,201.2429,-2.612158,-3.129837,-4.531282,-6.052453,-6.045891,-9.42463,-11.38759,-15.34738,-15.75493,-14.44889,25,25,25,25,25,25,25,25,25,25,25,25,25,25,25,25,965,9650,-14.00125,-21.09337,-4.598621,-24.10928,-25.36217,-27.74129,0.1289739,-67.58925,0.4968126,-0.2421227,0.5959879,0.3636255,-0.0002279542,0.8905232,0.2210883,2.325152,24,24,24,24,24,24,24,24,24,24,25,25,25,24,25,25
966,9660,-23.69071,-56.59205,-12.80559,-11.81841,-11.82703,-8.888896,-7.531319,-6.898884,-5.07755,-5.537002,-3.208544,-4.539366,-3.099959,-3.82307,-3.222776,-0.8438351,25,25,25,25,25,25,25,25,25,25,25,25,25,25,25,25,966,9660,-2.690084,-1.31821,-2.096338,-1.163739,223.4559,201.2428,-2.481561,-3.520891,-5.307809,-6.181197,-7.359832,-10.09704,-13.04903,-15.34738,-15.75493,-17.60765,25,25,25,25,25,25,25,25,25,25,25,25,25,25,25,25,966,9660,-17.67133,-24.41504,-5.620951,-26.55797,-25.36217,-25.96095,-1.552253,-67.47991,-0.7396231,0.1207419,1.072779,-0.364014,-0.5505544,0.1123646,0.2210883,2.676195,24,24,24,24,24,24,24,24,24,24,25,25,25,24,25,25
967,9670,-27.05768,-57.80128,-14.65181,-17.05577,-14.96498,-12.71467,-9.57314,-8.654295,-6.192062,-7.01383,-4.159161,-6.304078,-4.530571,-5.615055,-4.416811,-0.2402316,25,25,25,25,25,25,25,25,25,25,25,25,25,25,25,25,967,9670,-4.304028,-3.163357,-3.274617,-2.068671,223.0612,200.6281,-2.350962,-4.824404,-6.602019,-6.696176,-6.83426,-10.50049,-12.41001,-14.0137,-15.03382,-17.38202,25,25,25,25,25,25,25,25,25,25,25,25,25,25,25,25,967,9670,-17.67133,-23.77626,-4.726412,-24.62479,-23.68109,-26.72395,-1.552252,-67.91729,0.2495256,0.4836033,1.430373,0.3636255,0.1098386,0.6681924,-0.0002440073,2.442167,24,24,24,24,24,24,24,24,24,24,25,25,25,24,25,25
968,9680,-32.22837,-57.68036,-16.37495,-17.66476,-18.22363,-13.45514,-10.84928,-8.779683,-7.924164,-7.383037,-4.753298,-6.808281,-6.438055,-7.048643,-5.610846,-0.2402316,25,25,25,25,25,25,25,25,25,25,25,25,25,25,25,25,968,9680,-3.631552,-3.163357,-2.4891,-2.197947,223.7191,200.751,-2.220364,-4.433353,-5.43723,-4.765007,-5.126138,-7.810843,-10.49297,-12.9023,-15.03382,-18.0589,25,25,25,25,25,25,25,25,25,25,25,25,25,25,25,25,968,9680,-17.67133,-23.00972,-4.981996,-25.52694,-29.88815,-32.57367,-0.6469758,-68.68269,0.002238607,-0.7259378,1.072779,0.4848971,0.4400351,0.3346954,-0.553574,3.027232,24,24,24,24,24,24,24,24,24,24,25,25,25,24,25,25
969,9690,-36.19657,-59.01051,-17.3596,-19.49174,-17.62017,-12.22102,-10.84928,-9.90816,-7.924165,-9.718684,-5.94141,-8.572992,-6.438055,-8.720407,-5.372039,0.1219298,25,25,25,25,25,25,25,25,25,25,25,25,25,25,25,25,969,9690,-3.09357,-2.504376,-1.441737,-1.034463,223.1928,200.6281,-2.350962,-4.954758,-5.566651,-5.022495,-7.097049,-8.75222,-11.13198,-11.7909,-14.43289,-17.72046,25,25,25,25,25,25,25,25,25,25,25,25,25,25,25,25,969,9690,-18.47416,-26.07588,-5.49316,-30.81098,-36.87109,-40.45807,-1.681576,-68.90139,0.1258307,-0.0002119011,0.7151859,-0.4852888,-0.1102945,0.22353,0.2210883,2.559175,24,24,24,24,24,24,24,24,24,24,25,25,25,24,25,25
970,9700,-34.15234,-60.21974,-17.48268,-19.24815,-17.62017,-13.70196,-12.25303,-11.53819,-10.3986,-11.31674,-7.128167,-9.833502,-6.914925,-9.197824,-6.44667,-1.205997,25,25,25,25,25,25,25,25,25,25,25,25,25,25,25,25,970,9700,-4.573019,-2.899765,-1.834492,-2.456499,223.8506,200.3822,-2.612158,-4.824407,-5.825493,-5.537474,-4.863348,-8.483253,-9.470546,-9.456953,-11.909,-17.26921,25,25,25,25,25,25,25,25,25,25,25,25,25,25,25,25,970,9700,-20.3092,-26.07588,-4.215248,-34.16182,-40.87982,-41.85691,-1.681576,-67.6986,0.1258307,0.7255141,0.3575923,0.606172,0.660165,0.22353,-0.4429086,2.325152,24,24,24,24,24,24,24,24,24,24,25,25,25,24,25,25
971,9710,-33.91185,-60.46159,-18.71349,-19.24815,-18.94778,-12.83808,-12.8911,-11.4128,-11.14093,-12.54602,-8.433599,-11.59821,-10.1338,-10.15265,-6.685477,-0.1195122,25,25,25,25,25,25,25,25,25,25,25,25,25,25,25,25,971,9710,-4.035038,-2.37258,-1.703576,-2.068671,224.3769,199.8905,-2.220364,-3.390543,-5.825493,-5.15124,-5.9145,-7.407396,-8.320321,-8.678971,-10.10621,-14.5617,25,25,25,25,25,25,25,25,25,25,25,25,25,25,25,25,971,9710,-17.32726,-24.79831,-4.47083,-32.87304,-39.19874,-36.51587,-0.6469758,-68.90139,-0.863318,-0.1211657,1.191977,0.121079,0.1098386,-0.2211324,-0.6642409,3.027232,24,24,24,24,24,24,24,24,24,24,25,25,25,24,25,25
972,9720,-34.99408,-61.42898,-17.60576,-18.51735,-16.41327,-12.34443,-10.97689,-11.4128,-9.408825,-12.54602,-7.958896,-11.47216,-9.418496,-10.27201,-7.043687,-0.1195122,25,25,25,25,25,25,25,25,25,25,25,25,25,25,25,25,972,9720,-3.228066,-2.240783,-3.012778,-0.9051877,222.6665,199.7676,-2.481561,-3.520894,-6.731441,-4.378772,-6.83426,-6.46469,-8.575925,-7.011868,-7.582317,-11.62857,25,25,25,25,25,25,25,25,25,25,25,25,25,25,25,25,972,9720,-14.11594,-23.00972,-5.49316,-26.94461,-31.95717,-35.49853,-1.940227,-69.01073,0.2494742,0.8464679,0.3575919,-0.485292,-0.5505544,0.22353,-0.3322433,2.676195,24,24,24,24,24,24,24,24,24,24,25,25,25,24,25,25
973,9730,-34.63334,-61.42898,-18.46733,-19.00455,-17.49948,-13.94878,-11.35973,-10.91125,-9.532546,-11.07089,-8.67095,-10.58981,-9.418444,-8.601056,-7.163091,-0.9645545,25,25,25,25,25,25,25,25,25,25,25,25,25,25,25,25,973,9730,-2.286598,-2.636173,-1.179891,-2.456499,222.535,200.6281,-1.82857,-3.520894,-4.919546,-4.765007,-4.99474,-5.92587,-7.552629,-7.234146,-7.702503,-9.823562,25,25,25,25,25,25,25,25,25,25,25,25,25,25,25,25,973,9730,-13.54249,-20.96561,-4.215248,-25.7847,-34.02619,-39.44073,-2.586853,-68.46401,0.3731177,0.4836033,-2.006639E-06,0.8487152,0.3299685,0.3346954,-0.4429086,2.910218,24,24,24,24,24,24,24,24,24,24,25,25,25,24,25,25
974,9740,-34.99408,-61.5499,-20.43663,-20.46614,-20.03398,-15.05949,-13.40156,-12.03973,-11.63581,-14.38994,-9.383005,-13.23687,-9.776095,-8.720405,-6.44667,-0.4816737,25,25,25,25,25,25,25,25,25,25,25,25,25,25,25,25,974,9740,-3.631552,-2.767969,-2.4891,-2.973603,223.3243,201.3657,-2.873355,-3.390543,-5.954916,-5.40873,-4.99474,-5.387048,-7.680607,-7.789847,-8.423616,-9.033871,25,25,25,25,25,25,25,25,25,25,25,25,25,25,25,25,974,9740,-12.51028,-21.09337,-4.981996,-28.62003,-36.48315,-40.20373,-2.069552,-69.22941,-0.368744,0.2416957,0.953581,0.2423474,-0.1102945,-0.4434632,-0.110911,3.144246,24,24,24,24,24,24,24,24,24,24,25,25,25,24,25,25
975,9750,-34.63334,-62.15451,-18.83658,-19.73534,-18.22363,-15.05949,-13.01871,-14.29669,-12.74931,-17.46313,-10.21373,-14.37133,-9.537661,-10.272,-6.80488,-0.9645545,25,25,25,25,25,25,25,25,25,25,25,25,25,25,25,25,975,9750,-3.900542,-3.295154,-3.929218,-3.232155,223.7191,201.2428,-2.481561,-4.303002,-6.084335,-4.765007,-4.469168,-5.252343,-7.680607,-7.789847,-8.303431,-11.17731,25,25,25,25,25,25,25,25,25,25,25,25,25,25,25,25,975,9750,-14.91877,-21.47664,-4.598621,-27.589,-32.34511,-34.48119,-2.198877,-68.79204,0.3731177,-0.3630765,0.7151855,-0.970385,-0.1102945,0.5570278,0.6637513,2.676195,24,24,24,24,24,24,24,24,24,24,25,25,25,24,25,25
976,9760,-32.34861,-61.79175,-16.86727,-15.10698,-14.7236,-13.45514,-12.38064,-14.04592,-13.12047,-14.88165,-9.620355,-12.48057,-8.703137,-7.407035,-6.327267,-0.7231093,25,25,25,25,25,25,25,25,25,25,25,25,25,25,25,25,976,9760,-2.017608,-3.163357,-2.227254,-2.068671,223.7191,200.8739,-2.481561,-4.824407,-5.43723,-3.992538,-3.943588,-5.656457,-7.680607,-6.789587,-7.101575,-11.40294,25,25,25,25,25,25,25,25,25,25,25,25,25,25,25,25,976,9760,-14.00125,-20.32683,-4.854204,-26.04246,-32.86237,-40.7124,-1.422926,-68.57336,0.7440482,0.2416957,0.4767895,0.9699869,0.3299685,-0.1099662,-0.4429086,2.793203,24,24,24,24,24,24,24,24,24,24,25,25,25,24,25,25
977,9770,-31.74737,-60.21974,-17.975,-17.17756,-16.53396,-14.68926,-14.03963,-14.42208,-13.36792,-15.00458,-9.50168,-12.60662,-9.776095,-9.436527,-8.117652,-0.6023883,25,25,25,25,25,25,25,25,25,25,25,25,25,25,25,25,977,9770,-2.55564,-1.31821,-0.6562127,-0.6466362,223.1928,200.6281,-3.395746,-1.826327,-3.625336,-2.318858,-3.023835,-5.252343,-7.552629,-7.678708,-9.024544,-9.710747,25,25,25,25,25,25,25,25,25,25,25,25,25,25,25,25,977,9770,-14.00125,-20.96561,-4.981996,-29.13555,-36.09521,-40.58524,-1.940227,-68.90139,-0.2451001,0.1207419,0.953581,0.4848939,-0.1102945,-0.5546287,-0.0002440073,3.027232,24,24,24,24,24,24,24,24,24,24,25,25,25,24,25,25
978,9780,-29.22215,-60.69301,-16.49803,-15.83777,-14.84429,-14.68926,-13.27394,-14.42208,-12.99675,-15.61922,-10.33241,-12.85872,-11.08749,-11.10747,-8.475341,-1.085271,25,25,25,25,25,25,25,25,25,25,25,25,25,25,25,25,978,9780,-0.9416969,0.1315488,-0.001611733,-0.6466362,223.7191,200.1364,-2.612158,-3.260191,-4.401862,-6.56743,-8.410888,-10.90394,-10.10956,-15.23624,-15.27419,-13.99763,25,25,25,25,25,25,25,25,25,25,25,25,25,25,25,25,978,9780,-17.44195,-23.26523,-5.49316,-31.45537,-35.31933,-40.45807,-2.198877,-67.80795,0.2494742,-0.2421227,0.4767895,0.6061688,-0.1102945,0.4458616,0.2210883,2.442167,24,24,24,24,24,24,24,24,24,24,25,25,25,24,25,25
979,9790,-30.42464,-60.4512,-17.11343,-16.69037,-14.96498,-14.93608,-13.27394,-14.67285,-13.24419,-13.65237,-10.80711,-12.48057,-10.96827,-9.91394,-10.14456,-0.4816689,25,25,25,25,25,25,25,25,25,25,25,25,25,25,25,25,979,9790,-2.959126,-1.977191,-1.441724,-1.680844,223.1928,198.7841,-2.220364,-5.736866,-7.766007,-8.626122,-10.11723,-11.57635,-12.41001,-14.23598,-15.15401,-18.9614,25,25,25,25,25,25,25,25,25,25,25,25,25,25,25,25,979,9790,-19.62106,-24.67056,-4.34309,-32.09977,-35.44865,-38.42339,-1.293602,-68.35467,0.2494742,-0.0002119011,0.8343834,0.3636223,-0.440491,-0.9992911,-0.8855732,2.676195,24,24,24,24,24,24,24,24,24,24,25,25,25,24,25,25
980,9800,-32.22837,-62.14383,-19.20582,-19.49174,-18.22363,-16.29361,-15.82622,-15.80133,-13.98652,-14.88165,-11.87519,-13.86713,-12.63483,-12.53972,-10.62147,-0.6023883,25,25,25,25,25,25,25,25,25,25,25,25,25,25,25,25,980,9800,-0.6727065,-0.5274323,-0.9180455,-1.034412,222.1403,200.0134,-2.481561,-5.345812,-6.731441,-8.75476,-13.79243,-14.66944,-14.45486,-17.90361,-17.43753,-16.25389,25,25,25,25,25,25,25,25,25,25,25,25,25,25,25,25,980,9800,-18.93291,-23.90401,-5.109838,-27.71788,-32.2158,-40.58524,-2.716178,-68.57336,0.6204047,-0.1211657,0.5959875,0.8487152,-0.1102945,0.5570278,0.442419,2.910218,24,24,24,24,24,24,24,24,24,24,25,25,25,24,25,25
981,9810,-36.07632,-63.11105,-20.80588,-22.90211,-19.79261,-18.02138,-16.5919,-17.30596,-15.5949,-17.70899,-13.41798,-16.64025,-14.06312,-13.97196,-10.85993,-1.20599,25,25,25,25,25,25,25,25,25,25,25,25,25,25,25,25,981,9810,-4.035089,-4.085931,-3.667372,-3.878483,223.3243,200.6281,-2.612158,-7.299961,-9.704244,-10.42705,-11.03603,-14.266,-14.32706,-15.34738,-18.03846,-19.52547,25,25,25,25,25,25,25,25,25,25,25,25,25,25,25,25,981,9810,-21.22672,-25.30934,-4.982047,-28.49116,-30.79335,-34.98985,-1.293602,-68.24532,0.002187237,-0.8468916,0.4767895,-0.3640172,0.3299685,0.4458616,-0.3322433,2.325152,24,24,24,24,24,24,24,24,24,24,25,25,25,24,25,25
982,9820,-39.68378,-64.56188,-23.02134,-23.75471,-20.39606,-16.41702,-15.31577,-15.04901,-13.61536,-12.30017,-11.99387,-11.09401,-10.01453,-8.004285,-6.088459,0.2426541,25,25,25,25,25,25,25,25,25,25,25,25,25,25,25,25,982,9820,-3.362612,-1.845395,-3.798289,-2.844275,223.7191,200.6281,-2.873355,-7.690536,-10.35032,-11.9707,-13.92369,-16.55219,-16.1163,-18.68159,-20.32198,-19.41266,25,25,25,25,25,25,25,25,25,25,25,25,25,25,25,25,982,9820,-20.30919,-24.67056,-4.854255,-31.58425,-36.87109,-41.85691,-1.034951,-67.58926,-0.2451001,-0.2421227,0.8343834,0.3636223,-0.440491,-0.9992911,-0.2215763,3.027232,24,24,24,24,24,24,24,24,24,24,25,25,25,24,25,25
983,9830,-39.80403,-65.52909,-23.39058,-21.80592,-18.70639,-14.0722,-12.63587,-13.41898,-11.51209,-11.80846,-10.56976,-10.96796,-10.13375,-10.03329,-7.401898,-0.9645497,25,25,25,25,25,25,25,25,25,25,25,25,25,25,25,25,983,9830,-3.900594,-4.613116,-4.976574,-4.395586,223.5875,200.6281,-3.003955,-8.341496,-10.09189,-9.783859,-10.37974,-12.51772,-14.58266,-15.45853,-18.27883,-22.79705,25,25,25,25,25,25,25,25,25,25,25,25,25,25,25,25,983,9830,-23.97927,-29.14205,-4.854255,-31.842,-34.1555,-37.78754,-2.32815,-68.57336,0.1258307,0.1207419,0.2383939,-0.0001990586,-0.6606209,0.5570278,-0.0002440073,2.793203,24,24,24,24,24,24,24,24,24,24,25,25,25,24,25,25
984,9840,-40.16478,-65.7709,-22.6521,-23.51111,-20.51675,-17.52773,-15.18815,-14.54746,-12.74931,-13.28359,-10.45108,-11.22006,-10.13375,-9.197821,-5.491442,-1.085271,25,25,25,25,25,25,25,25,25,25,25,25,25,25,25,25,984,9840,-3.362612,-5.403893,-3.536449,-3.490655,222.6665,200.9968,-3.787543,-8.341496,-8.153654,-8.75476,-13.66117,-15.07289,-16.3719,-18.45931,-18.63939,-18.17171,25,25,25,25,25,25,25,25,25,25,25,25,25,25,25,25,984,9840,-21.91485,-27.09793,-4.470881,-30.55322,-34.1555,-39.82223,-1.164224,-68.02663,0.002187237,-0.604984,0.5959875,-0.2427455,0.660165,0.5570278,-0.0002440073,2.208138,24,24,24,24,24,24,24,24,24,24,25,25,25,24,25,25
985,9850,-41.72801,-65.40819,-23.26751,-22.78031,-20.15468,-15.92338,-14.03963,-11.91435,-10.64604,-8.85819,-8.314923,-7.942739,-7.391743,-5.973449,-3.819793,-0.1195074,25,25,25,25,25,25,25,25,25,25,25,25,25,25,25,25,985,9850,-3.900594,-3.690542,-4.191051,-4.137034,224.1137,200.2593,-4.832326,-7.299961,-8.541302,-9.269309,-11.82357,-16.14875,-17.01092,-20.12642,-21.16328,-18.62297,25,25,25,25,25,25,25,25,25,25,25,25,25,25,25,25,985,9850,-20.19451,-27.22569,-5.109838,-30.42434,-30.79335,-34.48119,-0.9055738,-67.9173,-0.368744,0.1207419,0.5959875,-0.3640172,-0.3304245,0.001199168,0.2210883,2.208138,24,24,24,24,24,24,24,24,24,24,25,25,25,24,25,25
986,9860,-39.20279,-65.7709,-23.39058,-23.26751,-21.36159,-17.15749,-14.80531,-13.16821,-11.63581,-9.595755,-7.721546,-8.446943,-6.914872,-6.21238,-3.580986,-0.8438303,25,25,25,25,25,25,25,25,25,25,25,25,25,25,25,25,986,9860,-2.28665,-2.37258,-3.143688,-3.490655,223.1928,199.5217,-3.91814,-6.909385,-8.024438,-8.240211,-12.21734,-16.41771,-16.75531,-19.12615,-19.60087,-21.33048,25,25,25,25,25,25,25,25,25,25,25,25,25,25,25,25,986,9860,-20.19451,-26.58691,-4.982047,-29.90882,-31.95717,-35.75286,-1.81085,-68.68269,0.002187237,0.362704,0.3575919,-0.2427455,-0.1102945,0.6681932,0.2210883,2.793203,24,24,24,24,24,24,24,24,24,24,25,25,25,24,25,25
987,9870,-37.39906,-65.16639,-24.00599,-26.67788,-23.7754,-21.47691,-18.3785,-17.18058,-13.73908,-13.52944,-9.620355,-10.96796,-8.822354,-8.959111,-6.207863,-0.8438303,25,25,25,25,25,25,25,25,25,25,25,25,25,25,25,25,987,9870,-2.959126,-2.504376,-3.405533,-2.973551,222.4034,199.6446,-4.440532,-5.997562,-7.507574,-6.56743,-9.854717,-13.4591,-13.81584,-14.12484,-15.75493,-20.99204,25,25,25,25,25,25,25,25,25,25,25,25,25,25,25,25,987,9870,-23.6352,-29.01429,-4.34309,-29.52219,-26.13805,-27.23262,-2.0695,-68.46401,0.002187237,-0.3630219,1.191977,0.2423474,1.100425,0.4458616,-0.0002440073,2.208138,24,24,24,24,24,24,24,24,24,24,25,25,25,24,25,25
988,9880,-38.60154,-65.04548,-25.48297,-27.65227,-26.91336,-21.47691,-18.76134,-16.17749,-14.48141,-12.54602,-10.33241,-11.22006,-9.418444,-8.481698,-5.252635,0.001213615,25,25,25,25,25,25,25,25,25,25,25,25,25,25,25,25,988,9880,-1.883164,-2.767969,-1.965408,-3.490655,223.1928,200.1364,-3.91814,-5.215457,-5.954916,-6.052453,-6.440079,-9.962561,-11.8988,-11.34633,-12.7503,-16.81796,25,25,25,25,25,25,25,25,25,25,25,25,25,25,25,25,988,9880,-20.19451,-27.60896,-5.493211,-26.55797,-27.30187,-33.33668,-0.9055738,-68.13598,-0.4923875,0.6046149,0.7151855,-0.2427455,-1.210947,-0.2211316,0.2210883,3.027232,24,24,24,24,24,24,24,24,24,24,25,25,25,24,25,25
989,9890,-38.96229,-65.16639,-25.9753,-26.06889,-24.9823,-20.73644,-18.50611,-16.55365,-12.99675,-13.03773,-8.314923,-10.71586,-7.749396,-8.362346,-5.013828,-0.7231093,25,25,25,25,25,25,25,25,25,25,25,25,25,25,25,25,989,9890,-1.345183,-1.450006,-1.441724,-2.456447,223.7191,201.3657,-3.656944,-2.869134,-5.178388,-4.636261,-7.097049,-10.76945,-12.28221,-14.12484,-16.47605,-14.33608,25,25,25,25,25,25,25,25,25,25,25,25,25,25,25,25,989,9890,-16.98319,-25.18159,-4.34309,-26.55797,-30.27609,-36.13437,-2.198825,-68.13598,0.002187237,0.362704,0.3575919,0.2423474,0.3300231,0.4458616,0.1104213,2.208138,24,24,24,24,24,24,24,24,24,24,25,25,25,24,25,25
990,9900,-35.95607,-64.68278,-25.60605,-25.82529,-23.89609,-21.23009,-18.12327,-17.55674,-14.72885,-13.65237,-8.908301,-10.96796,-7.034089,-7.646018,-5.013828,-1.568152,25,25,25,25,25,25,25,25,25,25,25,25,25,25,25,25,990,9900,-2.017659,-1.845395,-3.274611,-2.714999,222.9297,200.5051,-3.787543,-5.345809,-5.307809,-5.794963,-7.228441,-11.03842,-11.6432,-13.68028,-14.55308,-18.62297,25,25,25,25,25,25,25,25,25,25,25,25,25,25,25,25,990,9900,-19.62106,-26.20364,-4.215299,-27.07349,-25.62079,-26.08811,-1.5522,-67.9173,-0.4923875,-1.209702,1.191977,0.4848939,0.4400897,0.3346962,-0.553574,2.325152,24,24,24,24,24,24,24,24,24,24,25,25,25,24,25,25
991,9910,-35.71558,-62.26473,-25.9753,-24.4855,-23.29264,-20.3662,-18.3785,-17.18058,-14.72885,-11.93138,-9.857706,-10.0856,-7.153307,-5.376172,-3.819844,-0.1195074,25,25,25,25,25,25,25,25,25,25,25,25,25,25,25,25,991,9910,-2.690136,-3.558746,-3.012771,-2.197895,223.9822,200.6281,-3.395749,-5.867211,-5.307809,-5.15124,-7.49123,-10.36601,-11.25979,-13.458,-14.55308,-16.93078,25,25,25,25,25,25,25,25,25,25,25,25,25,25,25,25,991,9910,-18.81822,-25.82037,-5.36542,-22.43385,-19.80167,-22.40025,-1.293549,-67.80795,-0.616031,0.2417503,0.953581,-0.0001990586,-0.5504998,0.001199168,0.1104213,3.144246,24,24,24,24,24,24,24,24,24,24,25,25,25,24,25,25
992,9920,-34.51309,-61.66022,-24.6214,-23.51111,-22.08573,-19.74914,-17.10236,-16.67903,-12.74931,-12.42309,-7.84022,-9.329298,-5.841913,-6.092966,-3.819844,0.6047593,25,25,25,25,25,25,25,25,25,25,25,25,25,25,25,25,992,9920,-3.093621,-3.822339,-3.012771,-2.844275,222.7981,200.5051,-4.962924,-5.736859,-5.43723,-5.794963,-7.49123,-8.886703,-11.38759,-11.12406,-11.909,-15.01296,25,25,25,25,25,25,25,25,25,25,25,25,25,25,25,25,992,9920,-16.8685,-23.39299,-4.854255,-19.98515,-18.37922,-22.90892,-2.32815,-68.35467,-0.2451001,0.2417503,-0.2383976,-0.3640172,0.2199565,-0.2211316,0.3317536,1.610012,24,24,24,24,24,24,24,24,24,24,25,25,25,24,25,25
993,9930,-33.43085,-62.62744,-24.12908,-23.38931,-21.36159,-18.51503,-14.42247,-14.42208,-12.00698,-9.841612,-7.365519,-7.564587,-5.007388,-4.539914,-3.461634,-0.8438865,25,25,25,25,25,25,25,25,25,25,25,25,25,25,25,25,993,9930,-3.631552,-2.504376,-2.489087,-3.619931,223.9822,199.5217,-4.048738,-3.39054,-4.14302,-4.507517,-4.33777,-7.67636,-8.575925,-7.90099,-8.543801,-13.6592,25,25,25,25,25,25,25,25,25,25,25,25,25,25,25,25,993,9930,-15.7216,-22.24318,-5.493211,-17.66533,-15.92226,-16.6777,-1.164224,-68.57336,-0.368744,-0.2420649,0.5959875,0.4848939,0.3300231,0.3346962,-0.110911,4.066876,24,24,24,24,24,24,24,24,24,24,25,25,25,24,25,25
994,9940,-32.46886,-61.79176,-23.39058,-20.70973,-20.03398,-16.54043,-15.06054,-14.1713,-12.99675,-10.70211,-8.433599,-8.825095,-7.391743,-7.168155,-4.536265,-0.1195636,25,25,25,25,25,25,25,25,25,25,25,25,25,25,25,25,994,9940,-2.555589,-2.504376,-3.012771,-3.490655,223.3243,199.0299,-3.26515,-3.781593,-4.531282,-3.735049,-4.206378,-7.272916,-6.400805,-3.564645,-4.336309,-11.40294,25,25,25,25,25,25,25,25,25,25,25,25,25,25,25,25,994,9940,-13.54249,-21.22112,-5.493211,-19.7274,-19.28442,-22.01875,-1.940174,-68.46401,0.002187237,0.362704,1.430373,-0.1214707,-0.2203033,0.3346962,-0.110911,2.662955,24,24,24,24,24,24,24,24,24,24,25,25,25,24,25,25
995,9950,-32.46886,-61.18713,-21.79053,-19.73534,-19.30985,-17.40432,-14.55008,-14.67285,-12.00698,-11.68553,-7.246842,-8.825095,-5.961131,-6.929224,-4.894476,-0.7231655,25,25,25,25,25,25,25,25,25,25,25,25,25,25,25,25,995,9950,-0.8071501,-1.31821,-2.227254,-2.197895,222.535,200.3822,-3.395749,-3.260188,-3.495914,-3.992538,-4.469168,-6.195274,-5.632927,-5.344765,-4.938235,-7.341673,25,25,25,25,25,25,25,25,25,25,25,25,25,25,25,25,995,9950,-12.39559,-20.83785,-3.959717,-19.98515,-23.68109,-29.52164,-2.32815,-68.13598,0.1258307,-0.0001573205,-2.006639E-06,0.4848939,0.9904161,0.001199168,-0.4429086,2.662955,24,24,24,24,24,24,24,24,24,24,25,25,25,24,25,25
996,9960,-34.87383,-61.79176,-21.66745,-19.61354,-18.94778,-16.29361,-12.50826,-12.66667,-10.02743,-9.3499,-7.365519,-7.060383,-5.007388,-4.898309,-3.461634,-1.085327,25,25,25,25,25,25,25,25,25,25,25,25,25,25,25,25,996,9960,-2.286598,-2.767969,-2.881855,-4.26631,223.1928,200.6281,-3.395749,-4.954755,-5.307809,-6.696176,-5.126138,-6.464684,-6.656765,-4.566745,-4.697586,-7.11605,25,25,25,25,25,25,25,25,25,25,25,25,25,25,25,25,996,9960,-10.67524,-20.19907,-4.343091,-19.34076,-18.89648,-21.25574,-0.6469236,-68.46401,0.6204047,0.1207965,1.072779,0.3636223,0.2199565,0.001199168,0.7744182,2.77995,24,24,24,24,24,24,24,24,24,24,25,25,25,24,25,25
997,9970,-32.58911,-61.42898,-22.15977,-19.61354,-19.18915,-15.1829,-13.91201,-13.79514,-12.62559,-11.07089,-7.958896,-10.21165,-7.153307,-6.092966,-4.178055,0.1218784,25,25,25,25,25,25,25,25,25,25,25,25,25,25,25,25,997,9970,-4.304028,-3.295154,-4.060141,-4.395586,223.4559,200.8739,-4.309934,-5.345809,-5.825493,-5.40873,-5.388927,-6.060569,-5.632927,-4.566745,-4.336309,-7.003235,25,25,25,25,25,25,25,25,25,25,25,25,25,25,25,25,997,9970,-11.70745,-20.7101,-4.598673,-17.14982,-17.34471,-18.07655,-2.32815,-68.90139,0.002187237,-0.3630219,0.2383939,-0.1214707,-0.2203033,0.3346962,0.6637513,2.54596,24,24,24,24,24,24,24,24,24,24,25,25,25,24,25,25
998,9980,-31.74737,-60.58252,-21.2982,-20.95333,-19.06846,-16.41702,-12.63587,-14.04592,-11.63581,-11.68553,-7.365519,-9.5814,-5.365042,-5.854034,-4.058651,0.4840399,25,25,25,25,25,25,25,25,25,25,25,25,25,25,25,25,998,9980,-2.82458,-3.42695,-4.452902,-3.749206,223.1928,200.6282,-3.656944,-4.172647,-6.4726,-3.606305,-3.549408,-5.521749,-6.912726,-11.34633,-12.02918,-6.890427,25,25,25,25,25,25,25,25,25,25,25,25,25,25,25,25,998,9980,-9.184272,-17.26067,-4.087508,-15.21664,-15.53432,-20.11123,-1.940174,-68.35467,0.1258307,-0.0001573205,0.5959875,0.4848939,0.550153,-0.1099662,-0.6642409,2.428971,24,24,24,24,24,24,24,24,24,24,25,25,25,24,25,25
999,9990,-34.03209,-61.91267,-22.89826,-22.17132,-20.75813,-17.89797,-14.55008,-14.29669,-12.37814,-12.30017,-8.077572,-11.47216,-7.868613,-7.646018,-5.610897,-0.240283,25,25,25,25,25,25,25,25,25,25,25,25,25,25,25,25,999,9990,0.672298,-1.977191,-0.7871355,-0.9051363,223.3243,201.1199,-4.048738,-3.520891,-3.237072,-4.121283,-6.045891,-7.945326,-12.53781,-16.79221,-15.39438,-13.09513,25,25,25,25,25,25,25,25,25,25,25,25,25,25,25,25,999,9990,-10.56055,-18.28272,-5.237629,-20.37179,-26.39668,-32.4465,-1.940174,-69.4481,0.002187237,-0.2420649,0.2383939,-0.2427455,-0.6605663,-0.1099662,-0.4429086,2.428971,24,24,24,24,24,24,24,24,24,24,25,25,25,24,25,25
