0,0,-34.38783,-50.78017,-15.75981,-12.06109,-9.52855,-6.543666,-4.596259,-4.892769,-3.467723,-4.060683,-2.733654,-3.152989,-1.669053,-2.62829,-1.790805,-0.1206279,23,23,23,23,23,23,23,23,23,23,23,23,23,23,23,23,0,0,-1.07603,-1.318053,-2.357175,-1.422057,10.63713,8.221917,-1.436688,-1.173409,-2.847912,-1.4165,-1.839918,-1.885565,-1.280122,-2.227668,-2.047738,-2.260853,23,23,23,23,23,23,23,23,23,23,23,23,23,23,23,23,0,0,-1.723353,-3.197866,-2.298156,-2.063917,-2.070247,-2.040112,-1.941622,-68.36592,0.8651778,-0.1199906,-1.072839,-0.2425593,0.221183,0.4461642,0.3319848,1.625076,22,22,22,22,22,22,22,22,22,22,22,22,22,22,22,22
1,10,-36.31151,-51.6265,-19.57542,-16.9323,-12.42469,-9.011519,-6.12766,-5.645105,-4.08695,-4.675933,-3.327703,-3.657297,-2.503597,-3.225631,-1.552034,-0.6034381,23,23,23,23,23,23,23,23,23,23,23,23,23,23,23,23,1,10,-1.614024,-1.449852,-1.309587,-1.034219,9.586354,7.853697,-2.350895,-1.825303,-1.423977,-0.5150962,-1.708498,-1.481518,-1.792152,-1.336603,-1.686389,-1.695629,23,23,23,23,23,23,23,23,23,23,23,23,23,23,23,23,1,10,-1.953137,-2.814127,-2.553745,-2.450886,-2.458815,-3.059256,-1.424406,-68.03783,-0.1236419,0.6058831,-0.5960348,-0.4851122,-0.1090745,0.5573328,-0.2213596,0.922977,22,22,22,22,22,22,22,22,22,22,22,22,22,22,22,22
2,20,-38.71612,-51.5056,-19.94467,-17.66298,-12.90738,-8.394557,-4.468641,-4.015043,-3.220032,-2.830184,-2.496034,-2.144317,-1.907494,-2.269885,-1.552034,0.1207756,23,23,23,23,23,23,23,23,23,23,23,23,23,23,23,23,2,20,-2.555514,-1.318002,-1.309587,-1.680615,11.03119,7.485425,-2.612098,-2.086064,-1.682874,-1.545272,-1.708498,-1.212151,-2.432186,-1.447986,-1.204591,-2.147807,23,23,23,23,23,23,23,23,23,23,23,23,23,23,23,23,2,20,-1.838245,-3.83743,-3.320511,-1.805938,-2.329292,-2.167505,-1.941622,-67.60036,0.2471658,-0.845861,0.1191711,0.3638245,0.5514405,0.001490532,0.2213162,1.391047,22,22,22,22,22,22,22,22,22,22,22,22,22,22,22,22
3,30,-40.27912,-53.44007,-20.19084,-18.39366,-11.57998,-9.258306,-4.468641,-4.641991,-1.981577,-3.076284,-2.377224,-3.657297,-2.026714,-3.3451,-1.910191,7.384432E-05,23,23,23,23,23,23,23,23,23,23,23,23,23,23,23,23,3,30,-2.690013,-1.5816,-1.440549,-2.068452,11.03119,6.871708,-1.828491,-1.694926,-1.294528,-2.06036,-1.051386,-2.424295,-1.664144,-1.559369,-1.325041,-2.147807,23,23,23,23,23,23,23,23,23,23,23,23,23,23,23,23,3,30,-1.723353,-2.430387,-2.426002,-2.966845,-2.976905,-1.657933,-1.683014,-68.36592,0.4943701,0.8478388,-0.1192309,-0.4851122,0.4413547,1.002006,0.553322,0.6889483,22,22,22,22,22,22,22,22,22,22,22,22,22,22,22,22
4,40,-41.36119,-53.80279,-21.54477,-19.48968,-13.51074,-8.147771,-5.234343,-4.265822,-3.220032,-2.707134,-2.852463,-2.396528,-1.549833,-2.030947,-1.074492,-1.32765,23,23,23,23,23,23,23,23,23,23,23,23,23,23,23,23,4,40,-2.286517,-1.186202,-1.047703,-1.680615,10.76848,6.748986,-1.69789,-1.303789,-1.553424,-1.4165,-1.31423,-2.15493,-1.152114,-1.670753,-2.168187,-2.486942,23,23,23,23,23,23,23,23,23,23,23,23,23,23,23,23,4,40,-2.182919,-3.83743,-2.809385,-1.805938,-1.293111,-1.912719,-1.683014,-67.16291,0.1235632,-0.7248815,-0.3576329,-6.421245E-06,0.4413547,0.2238278,0.553322,1.508062,22,22,22,22,22,22,22,22,22,22,22,22,22,22,22,22
5,50,-42.32304,-52.95646,-21.79093,-19.48968,-13.99343,-7.900986,-4.851492,-3.388096,-3.096186,-2.830184,-2.496034,-1.387654,-2.145935,-2.030947,-1.432649,0.724286,23,23,23,23,23,23,23,23,23,23,23,23,23,23,23,23,5,50,-1.748523,-1.186202,-1.702439,-1.034219,9.980413,6.871708,-1.306086,-1.434166,-2.459567,-0.901412,-1.839918,-2.15493,-1.280122,-1.447986,-2.168187,-2.713034,23,23,23,23,23,23,23,23,23,23,23,23,23,23,23,23,5,50,-1.838245,-2.814127,-3.192768,-1.805938,-1.940724,-2.549684,-2.070926,-68.03783,0.3707683,0.6058831,-0.3576329,-0.3638342,0.5514405,0.5573328,0.1106461,1.274027,22,22,22,22,22,22,22,22,22,22,22,22,22,22,22,22
6,60,-40.03866,-53.44007,-20.80626,-16.81052,-13.51074,-8.394557,-5.74481,-3.638876,-2.600804,-3.199333,-2.377224,-2.648682,-2.384376,-2.508821,-0.8357203,0.1207756,23,23,23,23,23,23,23,23,23,23,23,23,23,23,23,23,6,60,-1.748523,-1.318002,-1.964336,-0.6463826,9.84906,7.730974,-1.959091,-1.564546,-2.071219,-0.901412,-2.628453,-1.346834,-1.280122,-1.559369,-2.409086,-2.486942,23,23,23,23,23,23,23,23,23,23,23,23,23,23,23,23,6,60,-1.723353,-3.197866,-2.93718,-1.547958,-1.681678,-2.167505,-2.070926,-67.8191,-3.933013E-05,-0.6039053,-0.5960348,-0.3638342,0.221183,0.4461642,0.4426534,1.274027,22,22,22,22,22,22,22,22,22,22,22,22,22,22,22,22
7,70,-37.39359,-50.65926,-18.46766,-14.25313,-10.85595,-6.667059,-3.958174,-2.510371,-1.857731,-2.214934,-2.258415,-1.513765,-2.503597,-1.911478,-1.790805,0.2414774,23,23,23,23,23,23,23,23,23,23,23,23,23,23,23,23,7,70,-1.883021,-1.318002,-1.178652,-1.551336,9.455001,6.749037,-1.567288,-1.434166,-1.941772,-1.931588,-3.022721,-1.346834,-1.920156,-2.116285,-2.047738,-2.034764,23,23,23,23,23,23,23,23,23,23,23,23,23,23,23,23,7,70,-2.182919,-4.221169,-2.809385,-0.9030101,-1.681678,-1.912719,-1.941675,-67.27228,-3.933013E-05,-0.845861,-0.7152361,0.2425465,0.221183,0.2238278,-2.247436E-05,0.922977,22,22,22,22,22,22,22,22,22,22,22,22,22,22,22,22
8,80,-35.83059,-52.23103,-18.83691,-15.10559,-10.01125,-6.543666,-2.809623,-3.137318,-1.857731,-3.199333,-2.496034,-2.648682,-1.669053,-3.584036,-2.507119,-1.569055,23,23,23,23,23,23,23,23,23,23,23,23,23,23,23,23,8,80,-1.479526,-1.318002,-0.5239094,-1.809894,10.11177,7.608251,-1.044884,-2.216437,-1.294528,-2.189132,-2.234186,-1.750883,-1.152114,-2.116285,-0.9636925,-1.921718,23,23,23,23,23,23,23,23,23,23,23,23,23,23,23,23,8,80,-1.838245,-3.965343,-2.809385,-1.547958,-1.163587,-1.912719,-3.36402,-67.92848,0.6179726,-0.2409669,-0.1192309,-0.6063871,0.001011346,0.4461642,0.4426534,1.742097,22,22,22,22,22,22,22,22,22,22,22,22,22,22,22,22
9,90,-34.74852,-51.86831,-18.09841,-14.61847,-10.97662,-6.667059,-3.958174,-2.886539,-1.733834,-2.461034,-1.901986,-2.018206,-1.788273,-4.06191,-2.268348,-0.6034381,23,23,23,23,23,23,23,23,23,23,23,23,23,23,23,23,9,90,-1.345027,-1.186202,-1.178652,-2.068452,9.84906,7.608251,-1.69789,-1.303786,-1.812268,-3.219307,-1.971342,-2.020247,-2.176171,-1.893519,-1.44549,-1.01736,23,23,23,23,23,23,23,23,23,23,23,23,23,23,23,23,9,90,-2.182919,-2.814127,-2.681591,-2.450886,-2.329292,-2.040112,-1.036546,-67.38166,0.6179212,0.7268625,-0.2384317,-6.421245E-06,0.3312688,0.2238278,-0.5533669,0.220878,22,22,22,22,22,22,22,22,22,22,22,22,22,22,22,22
10,100,-36.55198,-52.11012,-17.72915,-15.22737,-10.25258,-5.433132,-3.70294,-2.886539,-1.609989,-2.091936,-2.496034,-1.639875,-2.861258,-3.464569,-4.059133,7.384432E-05,23,23,23,23,23,23,23,23,23,23,23,23,23,23,23,23,10,100,-1.748523,-0.7908037,-1.702439,-1.809894,9.980413,7.730974,-2.220295,-1.564543,-2.330063,-2.317904,-1.708498,-1.346834,-1.664144,-1.002453,-1.204591,-1.582583,23,23,23,23,23,23,23,23,23,23,23,23,23,23,23,23,10,100,-2.182919,-3.965343,-2.553796,-1.934928,-2.329292,-2.040112,-3.36402,-67.70975,0.370717,-0.7248815,-0.8344368,-0.1212813,0.221183,0.5573328,0.553322,1.157012,22,22,22,22,22,22,22,22,22,22,22,22,22,22,22,22
11,110,-34.38783,-50.53836,-18.09841,-14.74025,-10.73528,-5.062954,-3.958174,-2.384981,-1.733834,-1.230586,-2.258466,-1.513765,-2.145935,-3.822973,-2.865277,7.384432E-05,23,23,23,23,23,23,23,23,23,23,23,23,23,23,23,23,11,110,-2.555514,-1.186202,-1.833388,-2.32701,10.37442,7.608251,-1.567288,-1.043029,-2.588959,-2.317904,-1.314172,-1.481518,-1.920156,-1.113836,-1.686389,-1.808675,23,23,23,23,23,23,23,23,23,23,23,23,23,23,23,23,11,110,-2.068029,-3.453692,-3.064974,-1.805938,-2.329292,-2.80447,-2.070978,-67.92848,-9.070009E-05,0.3639241,-0.3575807,-0.2425593,0.4413547,0.1126583,-2.247436E-05,0.8059626,22,22,22,22,22,22,22,22,22,22,22,22,22,22,22,22
12,120,-32.82484,-51.02198,-17.23682,-14.37491,-10.49393,-5.30974,-3.064857,-1.883422,-1.114607,-2.091936,-1.783227,-1.513765,-1.430612,-3.464569,-3.342819,-0.1206279,23,23,23,23,23,23,23,23,23,23,23,23,23,23,23,23,12,120,-1.479526,-0.5272051,-1.964336,-1.939173,10.63713,7.853748,-1.69789,-1.434166,-2.071165,-1.158956,-0.9199076,-2.154978,-0.6400874,-1.559369,-0.8432428,-1.582583,23,23,23,23,23,23,23,23,23,23,23,23,23,23,23,23,12,120,-1.608461,-3.581604,-2.553796,-1.547958,-1.681678,-1.020967,-1.941675,-67.38166,-0.3708984,-0.845861,-0.3575807,-0.3638888,0.001011346,0.4461642,0.2213162,1.625076,22,22,22,22,22,22,22,22,22,22,22,22,22,22,22,22
13,130,-34.74852,-50.90107,-18.22149,-18.39366,-11.70065,-5.433132,-2.809623,-2.259592,-1.486143,-2.707186,-2.020847,-2.018206,-1.549833,-3.584036,-3.104048,-0.4827348,23,23,23,23,23,23,23,23,23,23,23,23,23,23,23,23,13,130,-1.07603,-2.108798,-2.095284,-1.680615,10.89983,7.240031,-0.9142826,-1.8253,-1.941717,-1.802816,-1.839863,-1.750931,-1.28017,-2.004902,-1.325041,-2.260853,23,23,23,23,23,23,23,23,23,23,23,23,23,23,23,23,13,130,-1.263788,-2.814127,-3.064974,-1.805938,-2.458814,-2.294899,-1.812371,-67.05357,0.4943187,1.089798,2.207303E-05,0.6063229,0.3312175,0.2238278,-0.2213596,0.5719275,22,22,22,22,22,22,22,22,22,22,22,22,22,22,22,22
14,140,-37.63405,-52.35193,-20.68317,-20.34214,-13.63142,-6.913845,-3.830557,-3.388097,-2.476907,-3.814636,-2.496086,-2.270427,-2.265155,-3.942492,-2.387734,-0.4827348,23,23,23,23,23,23,23,23,23,23,23,23,23,23,23,23,14,140,-2.01752,-2.635995,-1.440549,-1.292777,9.980413,7.608251,-1.567288,-2.477198,-1.165024,-1.545272,-1.70844,-1.616248,-1.28017,-2.339106,-1.686389,-2.147807,23,23,23,23,23,23,23,23,23,23,23,23,23,23,23,23,14,140,-1.608461,-3.197866,-2.426002,-1.289979,-2.588337,-1.530539,-1.295154,-67.81911,0.1235119,-0.6039053,-0.2383799,-6.100183E-05,0.5513892,0.5573328,0.8853292,1.039998,22,22,22,22,22,22,22,22,22,22,22,22,22,22,22,22
15,150,-36.79243,-51.74741,-19.6985,-18.88078,-13.39007,-7.407415,-3.958174,-3.011929,-1.486143,-3.568536,-1.426798,-1.513765,-1.07295,-2.747808,-2.387784,-0.1206279,23,23,23,23,23,23,23,23,23,23,23,23,23,23,23,23,15,150,-1.748523,-2.767795,-1.571491,-0.9049405,10.37442,7.853748,-1.828491,-2.737955,-1.035575,-1.030184,-1.70844,-1.750931,-1.408177,-2.11634,-1.927237,-1.921718,23,23,23,23,23,23,23,23,23,23,23,23,23,23,23,23,15,150,-1.723353,-2.94204,-2.553796,-2.450886,-2.71786,-1.657933,-1.812371,-67.38166,1.112332,0.3639241,2.207303E-05,-6.100183E-05,0.4413033,0.5573328,-0.5533685,0.8059626,22,22,22,22,22,22,22,22,22,22,22,22,22,22,22,22
16,160,-37.87451,-51.38469,-21.42168,-21.55994,-18.09629,-10.86241,-7.020978,-4.265823,-3.839207,-2.707186,-2.139656,-2.270427,-1.907494,-2.150467,-2.029627,-0.1206793,23,23,23,23,23,23,23,23,23,23,23,23,23,23,23,23,16,160,-2.152018,-1.976998,-1.833388,-1.680615,9.717708,7.240031,-2.481497,-1.694923,-1.55337,-1.4165,-2.234131,-1.481566,-1.7922,-2.004957,-1.927237,-1.356552,23,23,23,23,23,23,23,23,23,23,23,23,23,23,23,23,16,160,-2.068029,-3.453692,-2.93718,-2.063917,-1.681678,-1.657933,-1.036546,-68.25657,0.1235119,-0.1199906,-0.1191791,0.1212171,0.0009599762,0.4461642,0.221313,1.976125,22,22,22,22,22,22,22,22,22,22,22,22,22,22,22,22
17,170,-38.59589,-51.86831,-24.00645,-22.41241,-19.06166,-11.97294,-7.276212,-4.641991,-3.21998,-3.937686,-2.258466,-2.648682,-1.549833,-2.150467,-1.193928,-0.6034895,23,23,23,23,23,23,23,23,23,23,23,23,23,23,23,23,17,170,-2.824512,-2.372396,-1.3096,-1.551336,9.980413,7.853748,-2.481497,-1.8253,-1.423921,-1.030184,-2.365551,-1.481566,-2.304227,-1.225273,-1.445439,-1.80873,23,23,23,23,23,23,23,23,23,23,23,23,23,23,23,23,17,170,-1.493514,-2.94204,-2.809385,-2.450886,-1.940724,-2.167505,-1.941675,-67.27229,0.7415238,0.3639241,-0.2383799,0.1212171,0.1110458,-0.2208467,-1.106713,0.4549131,22,22,22,22,22,22,22,22,22,22,22,22,22,22,22,22
18,180,-38.59589,-51.98922,-23.88336,-24.84801,-20.87174,-14.19401,-7.914296,-4.265823,-2.724598,-3.445485,-2.020847,-1.261544,-1.788273,-2.030998,-1.074542,2.247436E-05,23,23,23,23,23,23,23,23,23,23,23,23,23,23,23,23,18,180,-2.824512,-2.108798,-2.095284,-2.068452,11.03119,6.626314,-1.69789,-0.9126484,-1.423921,-1.802816,-1.314172,-1.481566,-2.176219,-1.559424,-1.08409,-2.373957,23,23,23,23,23,23,23,23,23,23,23,23,23,23,23,23,18,180,-1.493514,-2.942091,-2.042619,-1.934928,-2.070246,-0.8935741,-0.5193295,-66.6161,0.2471144,-0.845861,-0.3575807,0.2424919,0.2211316,0.001490532,0.3319816,1.157012,22,22,22,22,22,22,22,22,22,22,22,22,22,22,22,22
19,190,-43.52534,-53.56099,-26.96047,-28.13608,-19.90637,-15.42794,-8.93523,-6.397443,-3.21998,-4.799036,-1.545608,-2.900835,-0.9537299,-3.345151,-1.552085,-0.6034895,23,23,23,23,23,23,23,23,23,23,23,23,23,23,23,23,19,190,-2.824512,-2.635995,-2.357181,-2.32701,11.29389,6.50354,-2.220295,-1.303786,-1.423921,-1.931588,-0.9199076,-2.28966,-2.560242,-1.448041,-1.20454,-2.260911,23,23,23,23,23,23,23,23,23,23,23,23,23,23,23,23,19,190,-1.263733,-2.814178,-2.042566,-1.805938,-2.199769,-2.422291,-1.553762,-67.27229,-9.070009E-05,0.4849035,-0.1191791,0.2424919,0.3312175,0.001490532,-0.2213628,0.4549131,22,22,22,22,22,22,22,22,22,22,22,22,22,22,22,22
20,200,-43.52534,-54.40732,-27.32972,-28.25786,-20.87174,-15.92151,-8.807613,-5.895885,-4.210744,-4.183786,-2.139656,-2.522605,-1.669053,-2.269936,-0.7163846,-1.207,23,23,23,23,23,23,23,23,23,23,23,23,23,23,23,23,20,200,-3.497005,-2.372396,-1.833388,-1.292777,10.37442,6.13532,-1.175484,-1.303786,-1.682819,-1.158956,-1.314172,-2.28966,-1.408177,-0.8911244,-1.806787,-2.487,23,23,23,23,23,23,23,23,23,23,23,23,23,23,23,23,20,200,-1.608406,-3.197917,-2.809333,-1.547958,-2.199769,-1.530539,-1.036546,-67.16293,-0.2472958,-0.4829258,-0.1191791,-0.1213391,0.1110458,0.77967,0.1106445,1.391047,22,22,22,22,22,22,22,22,22,22,22,22,22,22,22,22
21,210,-42.32304,-55.25365,-26.34505,-27.52718,-20.14771,-14.93437,-8.041913,-5.018159,-3.591516,-3.076336,-1.545608,-2.774759,-1.311392,-1.672593,-1.313313,-0.2413826,23,23,23,23,23,23,23,23,23,23,23,23,23,23,23,23,21,210,-3.362506,-2.635995,-2.619078,-2.456289,9.980413,6.258043,-1.436688,-0.5215111,-2.200614,-1.030184,-2.496975,-1.481566,-1.7922,-1.559424,-2.168136,-2.147865,23,23,23,23,23,23,23,23,23,23,23,23,23,23,23,23,21,210,-1.378625,-2.558352,-2.553744,-2.321897,-2.329292,-2.294899,-1.812371,-67.38166,0.1235119,0.0009888718,-0.5959831,0.6063229,0.4413033,0.3349956,-0.2213628,0.8059626,22,22,22,22,22,22,22,22,22,22,22,22,22,22,22,22
22,220,-43.28488,-54.89095,-27.08356,-24.23911,-19.18234,-12.7133,-8.679997,-5.394328,-4.58228,-2.830236,-2.614896,-2.648682,-1.788273,-2.030998,-2.268399,-0.3620844,23,23,23,23,23,23,23,23,23,23,23,23,23,23,23,23,22,220,-3.766001,-3.294993,-2.880975,-2.32701,9.455001,7.240031,-1.436688,-1.043029,-2.200614,-1.4165,-2.891243,-1.885613,-1.024158,-2.11634,-2.168136,-1.80873,23,23,23,23,23,23,23,23,23,23,23,23,23,23,23,23,22,220,-1.608406,-3.453743,-2.681539,-1.676948,-1.681679,-1.912719,-1.036546,-67.05357,0.1235119,-1.208796,0.1192233,0.1212171,0.2211316,0.001490532,-2.407967E-05,1.625076,22,22,22,22,22,22,22,22,22,22,22,22,22,22,22,22
23,230,-39.31728,-55.97909,-26.59122,-23.63021,-18.33763,-12.7133,-7.914295,-5.268939,-3.715362,-3.322436,-2.377276,-2.900835,-2.265155,-2.986746,-1.432699,-0.3620844,23,23,23,23,23,23,23,23,23,23,23,23,23,23,23,23,23,230,-4.169497,-3.426792,-2.095284,-2.32701,9.586354,6.994534,-1.306035,-1.434166,-1.423921,-1.931588,-2.891243,-1.750931,-1.536185,-1.670808,-1.927237,-1.469595,23,23,23,23,23,23,23,23,23,23,23,23,23,23,23,23,23,230,-1.493514,-3.197917,-1.659183,-2.192907,-2.458815,-1.785325,-2.329535,-67.70975,-9.070009E-05,-0.2409669,-0.1191791,-0.1213391,-0.1091259,0.1126583,-0.4426999,0.922977,22,22,22,22,22,22,22,22,22,22,22,22,22,22,22,22
24,240,-37.75428,-54.64913,-25.11421,-20.5857,-16.04486,-10.61562,-6.382894,-4.767381,-2.972289,-3.691585,-2.614896,-2.774759,-2.384376,-3.345151,-1.432699,2.247436E-05,23,23,23,23,23,23,23,23,23,23,23,23,23,23,23,23,24,240,-3.093509,-3.82219,-2.750027,-2.585569,9.586354,7.240031,-1.044833,-1.955732,-1.55337,-2.06036,-2.102707,-1.616248,-1.664193,-2.450489,-1.927237,-1.80873,23,23,23,23,23,23,23,23,23,23,23,23,23,23,23,23,24,240,-2.182864,-3.581656,-2.42595,-1.805938,-2.329292,-1.530539,-0.9071895,-66.28801,-0.1236933,-1.08782,-0.7151839,0.1212171,0.1110458,0.1126583,0.3319816,1.391047,22,22,22,22,22,22,22,22,22,22,22,22,22,22,22,22
25,250,-36.55198,-55.25365,-23.14486,-19.3679,-15.20015,-11.23259,-6.638127,-5.519717,-4.458487,-5.783435,-2.614896,-3.531219,-2.265155,-3.823025,-2.387784,-0.9655948,23,23,23,23,23,23,23,23,23,23,23,23,23,23,23,23,25,250,-3.093509,-3.426792,-2.357181,-2.714848,10.37442,7.608251,-1.697838,-2.346869,-1.682821,-2.446676,-1.70844,-1.481566,-1.536185,-1.782191,-1.806787,-1.695687,23,23,23,23,23,23,23,23,23,23,23,23,23,23,23,23,25,250,-1.723299,-2.814178,-2.170361,-2.321897,-1.940724,-2.294898,-1.941622,-67.8191,1.359588,0.8478388,0.1192233,-6.100183E-05,0.4413033,0.4461642,-0.1106926,0.1038636,22,22,22,22,22,22,22,22,22,22,22,22,22,22,22,22
26,260,-37.39359,-54.64913,-24.00645,-18.27188,-14.23477,-9.751876,-6.000043,-4.641991,-3.839259,-5.045082,-2.020847,-2.900835,-1.788273,-3.106215,-0.9551563,-1.086298,23,23,23,23,23,23,23,23,23,23,23,23,23,23,23,23,26,260,-3.093509,-2.635995,-2.750027,-2.714848,10.24307,7.485477,-1.306035,-1.303837,-1.81227,-2.06036,-1.839863,-1.885613,-1.28017,-1.11389,-1.324989,-1.80873,23,23,23,23,23,23,23,23,23,23,23,23,23,23,23,23,26,260,-2.067972,-3.32583,-3.064921,-1.547958,-2.199769,-2.040112,-2.329535,-67.16291,-3.933013E-05,-0.7248815,-0.8343847,-0.6064449,-0.2192117,0.001490532,0.3319816,1.157012,22,22,22,22,22,22,22,22,22,22,22,22,22,22,22,22
27,270,-36.79243,-53.92371,-23.14486,-17.17586,-13.87275,-9.258306,-5.361959,-5.018159,-3.591568,-4.429832,-3.090083,-2.522605,-2.265155,-2.269936,-1.910242,2.247436E-05,23,23,23,23,23,23,23,23,23,23,23,23,23,23,23,23,27,270,-3.093509,-1.845199,-2.48813,-2.844127,10.50577,7.608251,-1.82844,-1.303837,-2.330065,-2.06036,-1.577019,-1.481566,-2.944261,-1.670808,-1.927237,-1.13046,23,23,23,23,23,23,23,23,23,23,23,23,23,23,23,23,27,270,-1.608406,-2.430439,-2.042566,-1.676948,-2.71786,-2.931863,-2.20023,-67.60036,0.8651778,0.9688182,-0.2384317,0.1212171,0.6614749,-0.2208467,-0.2213628,0.4549131,22,22,22,22,22,22,22,22,22,22,22,22,22,22,22,22
28,280,-37.39359,-53.8028,-22.77561,-18.51544,-14.59679,-8.641341,-5.489576,-4.140433,-4.08695,-4.060682,-2.852463,-2.270426,-2.742038,-2.389403,-0.7163846,-0.1206793,23,23,23,23,23,23,23,23,23,23,23,23,23,23,23,23,28,280,-2.95901,-2.372396,-3.535717,-2.714848,10.63713,7.485477,-1.436636,-1.955732,-3.106756,-1.931588,-1.70844,-2.154978,-2.176219,-1.559424,-1.806787,-2.260911,23,23,23,23,23,23,23,23,23,23,23,23,23,23,23,23,28,280,-1.493514,-3.581656,-2.681539,-2.192907,-2.070247,-2.677077,-2.329535,-67.38165,0.1235632,-1.450755,-2.969826E-05,0.2425465,-0.1091259,0.001490532,-0.1106926,0.4549131,22,22,22,22,22,22,22,22,22,22,22,22,22,22,22,22
29,290,-36.19128,-52.83556,-21.79093,-15.95806,-12.66603,-8.147771,-4.085791,-3.513486,-2.972341,-3.691532,-2.258415,-1.892095,-2.145987,-1.792062,-0.9551563,-0.2413826,23,23,23,23,23,23,23,23,23,23,23,23,23,23,23,23,29,290,-2.421016,-3.163193,-3.142872,-2.068452,10.76848,7.117257,-1.175433,-1.955732,-1.941719,-1.545272,-1.051328,-2.82839,-0.8961506,-1.782191,-1.08409,-2.600046,23,23,23,23,23,23,23,23,23,23,23,23,23,23,23,23,29,290,-1.723299,-3.32583,-2.170361,-2.708865,-2.847383,-1.912719,-2.458838,-67.92847,0.4943701,0.4849035,-0.5960348,0.7276523,0.6614749,0.2238278,-1.217381,0.6889483,22,22,22,22,22,22,22,22,22,22,22,22,22,22,22,22
30,300,-34.74852,-52.47284,-20.43701,-16.68874,-12.66603,-8.888127,-4.085791,-4.516601,-3.715414,-3.937632,-1.901986,-2.900836,-1.669104,-3.46457,-2.029627,-0.1206793,23,23,23,23,23,23,23,23,23,23,23,23,23,23,23,23,30,300,-2.286517,-3.294993,-3.011924,-2.068452,10.63713,6.994534,-2.089642,-2.738006,-2.330065,-1.931588,-1.839863,-2.559025,-1.28017,-2.673254,-2.288585,-2.147865,23,23,23,23,23,23,23,23,23,23,23,23,23,23,23,23,30,300,-2.182864,-3.837481,-2.553744,-1.934928,-1.681679,-2.549684,-1.036493,-66.50674,-3.933013E-05,-0.6039053,-0.3576329,-0.1212813,0.0009599762,-0.2208973,-0.2213628,1.391047,22,22,22,22,22,22,22,22,22,22,22,22,22,22,22,22
31,310,-36.55198,-52.83556,-20.92934,-16.32339,-12.06267,-7.160629,-3.575323,-4.265823,-2.72465,-3.322383,-2.020796,-2.396528,-1.192222,-2.389355,-1.074492,-0.7241912,23,23,23,23,23,23,23,23,23,23,23,23,23,23,23,23,31,310,-2.555514,-3.426792,-2.880975,-1.680615,10.37442,7.362754,-1.82844,-2.738006,-1.423924,-1.4165,-1.839863,-1.481566,-1.920204,-2.339106,-2.168136,-1.921776,23,23,23,23,23,23,23,23,23,23,23,23,23,23,23,23,31,310,-1.608406,-3.837481,-2.042566,-2.321897,-2.588337,-1.912719,-3.234663,-68.14719,0.4943701,-0.1199906,-0.1192309,-0.1212813,0.3312175,0.1126086,0.221313,0.4549131,22,22,22,22,22,22,22,22,22,22,22,22,22,22,22,22
32,320,-36.79243,-51.62651,-19.32925,-14.74025,-10.13192,-5.556525,-2.554389,-2.886539,-2.229268,-2.214933,-1.426747,-1.387654,-1.311443,-1.792012,-1.432649,-0.4827861,23,23,23,23,23,23,23,23,23,23,23,23,23,23,23,23,32,320,-3.497005,-3.031394,-2.226233,-2.585569,9.84906,7.362754,-2.350844,-2.477249,-1.553372,-2.06036,-3.022663,-1.346884,-2.560242,-1.893574,-2.168136,-1.695687,23,23,23,23,23,23,23,23,23,23,23,23,23,23,23,23,32,320,-1.953083,-3.32583,-1.914772,-2.321897,-2.71786,-1.912719,-1.165798,-66.83482,-3.933013E-05,-1.08782,-2.969826E-05,0.3638245,0.0009599762,0.334945,-2.407967E-05,0.3378988,22,22,22,22,22,22,22,22,22,22,22,22,22,22,22,22
33,330,-36.31152,-51.62651,-19.6985,-13.27889,-11.21797,-5.556525,-2.682006,-3.262707,-2.848495,-2.584083,-2.614844,-1.639874,-1.788325,-2.03095,-2.148962,0.3621294,23,23,23,23,23,23,23,23,23,23,23,23,23,23,23,23,33,330,-2.95901,-2.504196,-1.571491,-2.32701,10.76848,6.87176,-2.612047,-1.303837,-1.423924,-1.802816,-1.577019,-2.28966,-2.560242,-1.448041,-1.806787,-2.373957,23,23,23,23,23,23,23,23,23,23,23,23,23,23,23,23,33,330,-1.608461,-3.453743,-2.681539,-3.224824,-2.588337,-1.530539,-2.329535,-67.05356,0.1235632,0.3639241,0.2383723,0.8489304,0.0009599762,0.001439162,-0.664037,1.039998,22,22,22,22,22,22,22,22,22,22,22,22,22,22,22,22
34,340,-34.98898,-51.39349,-19.20616,-14.00957,-10.13192,-6.050096,-2.299155,-3.262707,-1.981577,-2.337983,-1.307937,-0.7571018,-0.9537813,-1.911481,-0.7163349,-0.1206793,23,23,23,23,23,23,23,23,23,23,23,23,23,23,23,23,34,340,-4.169497,-3.294993,-3.142872,-3.361243,10.50577,6.749037,-2.481445,-2.346869,-1.941719,-2.189132,-2.496975,-1.750931,-2.304227,-1.782191,-1.927237,-2.373957,23,23,23,23,23,23,23,23,23,23,23,23,23,23,23,23,34,340,-1.723353,-3.32583,-2.298156,-2.321897,-2.847383,-1.657932,-1.295102,-66.94419,-0.6180521,-0.6039053,-0.1192309,0.6063775,0.2211316,0.2237764,0.1106445,1.039998,22,22,22,22,22,22,22,22,22,22,22,22,22,22,22,22
35,350,-33.42599,-50.0633,-16.99065,-11.81753,-7.839146,-4.816169,-1.66065,-2.510371,-1.486195,-2.830183,-1.783176,-2.270426,-0.9537813,-2.508822,-1.313263,-0.2413826,23,23,23,23,23,23,23,23,23,23,23,23,23,23,23,23,35,350,-4.438494,-2.504196,-3.011872,-3.231964,10.37442,6.13532,-1.95904,-2.086112,-1.941719,-2.189132,-2.234131,-3.232437,-1.920204,-2.450489,-2.168136,-3.165269,23,23,23,23,23,23,23,23,23,23,23,23,23,23,23,23,35,350,-1.838245,-3.453743,-2.681539,-2.837855,-2.71786,-2.040112,-1.941622,-67.38165,0.4943701,-0.1199906,-0.2384317,0.8489304,0.4413033,-0.7767403,-0.7747072,0.5719339,22,22,22,22,22,22,22,22,22,22,22,22,22,22,22,22
36,360,-33.66645,-50.54701,-16.74448,-12.18287,-8.080495,-5.80331,-2.171539,-2.510371,-1.610041,-2.584083,-1.901986,-2.018205,-2.026766,-2.628291,-1.193877,-1.689808,23,23,23,23,23,23,23,23,23,23,23,23,23,23,23,23,36,360,-3.497005,-2.899595,-3.535666,-3.361243,10.50577,5.7671,-2.220243,-1.564594,-2.459514,-0.901412,-2.102707,-2.424343,-1.408177,-2.11634,-2.529484,-2.939181,23,23,23,23,23,23,23,23,23,23,23,23,23,23,23,23,36,360,-1.37868,-3.453743,-1.53139,-2.837855,-2.976905,-1.657932,-2.070926,-67.8191,-0.6180521,-0.845861,0.9535782,-0.4851122,0.6614749,0.5572814,-0.1106926,1.039998,22,22,22,22,22,22,22,22,22,22,22,22,22,22,22,22
37,370,-32.10345,-49.70052,-16.74448,-12.54821,-8.683848,-5.433132,-1.405159,-2.635761,-1.610041,-2.091883,-1.664366,-2.018205,-1.669104,-3.106165,-1.910191,0.1207242,23,23,23,23,23,23,23,23,23,23,23,23,23,23,23,23,37,370,-3.093509,-2.767795,-3.535666,-2.973406,10.11177,6.749037,-1.697838,-1.303837,-2.71841,-1.4165,-2.628399,-2.559025,-1.920204,-2.227723,-2.288585,-2.487,23,23,23,23,23,23,23,23,23,23,23,23,23,23,23,23,37,370,-1.953137,-3.709569,-3.192717,-2.837855,-2.070247,-2.294898,-1.812318,-67.16291,-0.4944496,-0.1199906,0.2383723,1.212758,0.8816466,0.001439162,-0.2213628,0.6889483,22,22,22,22,22,22,22,22,22,22,22,22,22,22,22,22
38,380,-35.71037,-49.33775,-19.45233,-18.02832,-14.47612,-7.407415,-2.937239,-2.008814,-2.105422,-1.968833,-2.139605,-1.513764,-2.742089,-3.225634,-3.462205,0.4828311,23,23,23,23,23,23,23,23,23,23,23,23,23,23,23,23,38,380,-2.95901,-2.899595,-3.011872,-2.456289,10.50577,6.749037,-1.436636,-1.04308,-2.847859,-2.446676,-3.416931,-2.28966,-2.176219,-2.11634,-2.890833,-2.600046,23,23,23,23,23,23,23,23,23,23,23,23,23,23,23,23,38,380,-1.608461,-3.581656,-1.786979,-2.708865,-2.329292,-1.785325,-2.588142,-68.14719,-0.2472444,-0.845861,0.4767743,0.7276523,0.6614749,0.334945,-0.2213628,0.8059691,22,22,22,22,22,22,22,22,22,22,22,22,22,22,22,22
39,390,-41.24097,-51.51442,-22.89869,-23.87377,-20.38906,-12.09634,-6.12766,-4.140433,-2.72465,-4.306782,-2.971272,-3.783374,-3.218972,-3.345101,-2.865277,0.4828311,23,23,23,23,23,23,23,23,23,23,23,23,23,23,23,23,39,390,-3.631503,-3.294993,-3.011872,-3.74908,9.323648,7.485477,-1.044884,-2.868383,-2.200615,-2.575448,-3.548355,-2.020296,-2.560242,-2.339106,-2.770383,-2.260911,23,23,23,23,23,23,23,23,23,23,23,23,23,23,23,23,39,390,-1.953137,-3.837481,-2.809333,-2.708865,-2.329292,-2.167504,-2.717499,-67.38165,-3.933013E-05,-0.2409669,-0.1192309,0.9702052,0.2211316,0.1126086,-0.3320314,1.157019,22,22,22,22,22,22,22,22,22,22,22,22,22,22,22,22
40,400,-40.63981,-51.51442,-22.77561,-22.77775,-18.57897,-11.72616,-6.12766,-4.89277,-3.467723,-5.168132,-2.258415,-2.900836,-2.98053,-4.300849,-2.626505,0.4828311,23,23,23,23,23,23,23,23,23,23,23,23,23,23,23,23,40,400,-2.555514,-3.294993,-3.404718,-3.361243,10.11177,7.608251,-1.436688,-2.607575,-1.81227,-3.219307,-2.628399,-2.424343,-2.688246,-2.339106,-2.047686,-2.487,23,23,23,23,23,23,23,23,23,23,23,23,23,23,23,23,40,400,-2.068029,-3.581656,-1.659184,-3.224824,-2.71786,-2.294898,-2.588195,-68.14719,0.1235632,-1.208796,-0.1192309,0.4850994,0.2211316,0.334945,-0.1106926,0.9229834,22,22,22,22,22,22,22,22,22,22,22,22,22,22,22,22
41,410,-38.95659,-52.3609,-22.77561,-24.60445,-20.38906,-13.94723,-7.148594,-6.021274,-3.963053,-5.783381,-2.496034,-4.665912,-2.503649,-4.898192,-4.656061,-0.1206793,23,23,23,23,23,23,23,23,23,23,23,23,23,23,23,23,41,410,-3.766001,-3.031394,-3.142821,-3.74908,10.63713,7.362754,-1.69789,-1.95568,-2.71841,-3.090535,-2.496975,-2.424343,-2.560242,-1.893574,-1.20454,-2.487,23,23,23,23,23,23,23,23,23,23,23,23,23,23,23,23,41,410,-1.838245,-4.477047,-3.064922,-3.353813,-2.458815,-2.040112,-2.458891,-67.49101,-0.1236419,0.1219683,-2.969826E-05,-0.2425593,-0.1091259,-0.6655709,-0.5533685,1.625076,22,22,22,22,22,22,22,22,22,22,22,22,22,22,22,22
42,420,-39.67797,-52.60275,-23.6372,-25.57869,-20.87174,-14.93437,-8.679997,-6.648222,-5.201508,-5.660332,-3.208892,-4.665912,-4.649617,-5.734471,-5.133604,-1.207,23,23,23,23,23,23,23,23,23,23,23,23,23,23,23,23,42,420,-3.093509,-2.372396,-2.619027,-3.231964,10.50577,7.485477,-1.959091,-1.8253,-2.71841,-2.832992,-1.70844,-2.28966,-2.048212,-1.893574,-1.324989,-2.260911,23,23,23,23,23,23,23,23,23,23,23,23,23,23,23,23,42,420,-1.608461,-3.197917,-2.042568,-3.482803,-2.199769,-1.148359,-2.200283,-68.03783,0.2471658,-0.1199328,-0.2384317,0.2425465,0.2211316,0.1126086,-0.2213628,1.742097,22,22,22,22,22,22,22,22,22,22,22,22,22,22,22,22
43,430,-37.27336,-52.72368,-23.02178,-24.36089,-20.38906,-15.79812,-10.33902,-7.149779,-5.201508,-5.045082,-4.040612,-4.413758,-5.007279,-4.659254,-3.939747,0.1207242,23,23,23,23,23,23,23,23,23,23,23,23,23,23,23,23,43,430,-3.766001,-2.635995,-3.928512,-2.456289,9.717708,7.976471,-2.612098,-1.8253,-3.624551,-2.832992,-1.70844,-1.885613,-3.072269,-1.782191,-1.686338,-2.487,23,23,23,23,23,23,23,23,23,23,23,23,23,23,23,23,43,430,-2.412703,-4.860785,-3.448306,-3.353813,-2.199769,-2.294898,-2.976108,-67.16291,-0.370847,-0.2409123,-0.2384317,-0.1212813,0.3312175,-0.6655709,-0.5533685,1.039998,22,22,22,22,22,22,22,22,22,22,22,22,22,22,22,22
44,440,-38.95659,-52.23997,-25.36037,-25.57869,-21.59578,-14.81098,-10.72187,-7.525947,-6.068321,-5.660332,-3.921801,-5.54845,-5.484161,-4.659254,-4.41729,0.241426,23,23,23,23,23,23,23,23,23,23,23,23,23,23,23,23,44,440,-3.9005,-2.767795,-4.452305,-2.456289,11.16254,7.730974,-1.959091,-2.346817,-2.977308,-2.575448,-1.70844,-2.154978,-2.176219,-2.227723,-2.168136,-1.582641,23,23,23,23,23,23,23,23,23,23,23,23,23,23,23,23,44,440,-2.527595,-3.709569,-1.914773,-2.837855,-2.329292,-1.785325,-2.588195,-68.69401,-0.1236419,-0.2409123,0.8343771,0.2425465,-0.2192117,-0.7767403,0.1106445,1.742097,22,22,22,22,22,22,22,22,22,22,22,22,22,22,22,22
45,450,-39.55774,-53.20738,-25.48346,-24.36089,-20.99243,-15.18115,-10.59425,-9.156011,-6.686832,-7.013881,-4.397041,-5.800603,-5.007277,-5.615002,-4.775446,-0.7241912,23,23,23,23,23,23,23,23,23,23,23,23,23,23,23,23,45,450,-4.034999,-3.294993,-3.666615,-2.714848,10.24307,7.117257,-1.567288,-3.52023,-2.459514,-1.674044,-2.102707,-2.82839,-1.664193,-2.561872,-1.565888,-2.713092,23,23,23,23,23,23,23,23,23,23,23,23,23,23,23,23,45,450,-1.37868,-4.477047,-2.298156,-3.095834,-2.070247,-1.785325,-1.683066,-67.05356,-0.7416542,0.1220229,0.7151762,0.3638245,-0.2191603,-0.1097286,-0.1106926,1.157019,22,22,22,22,22,22,22,22,22,22,22,22,22,22,22,22
46,460,-39.19705,-52.48182,-25.11421,-23.38665,-18.94099,-14.56419,-9.445697,-8.529062,-6.810535,-7.259981,-3.802992,-6.052757,-5.126498,-5.137183,-3.939747,2.247436E-05,23,23,23,23,23,23,23,23,23,23,23,23,23,23,23,23,46,460,-4.034999,-4.481187,-3.273769,-2.844127,10.76848,6.749037,-1.828491,-3.129092,-2.847859,-1.545272,-1.971284,-2.559025,-1.7922,-3.007406,-2.047686,-2.260911,23,23,23,23,23,23,23,23,23,23,23,23,23,23,23,23,46,460,-1.608461,-4.221221,-2.553745,-3.095834,-1.163588,-2.294898,-2.976108,-68.69401,-0.2472444,-0.4828712,0.4767743,0.1212716,-0.3292461,-0.5543517,-0.5533685,1.625076,22,22,22,22,22,22,22,22,22,22,22,22,22,22,22,22
47,470,-41.84212,-54.29572,-27.94514,-26.67472,-18.94099,-15.18115,-10.72187,-9.782957,-7.429047,-8.489433,-5.347518,-6.809219,-5.961041,-6.09293,-4.059133,-0.9655948,23,23,23,23,23,23,23,23,23,23,23,23,23,23,23,23,47,470,-3.631503,-4.349388,-2.35713,-2.844127,10.63713,7.853748,-2.089693,-3.389849,-1.941719,-2.06036,-1.839863,-2.154978,-2.176219,-2.561872,-2.770383,-2.147865,23,23,23,23,23,23,23,23,23,23,23,23,23,23,23,23,47,470,-2.642487,-4.732873,-2.681539,-2.192907,-1.940724,-1.148359,-2.846803,-68.58464,-0.4944496,0.3639819,0.3575731,0.4850994,-0.549421,-0.776689,0.2213162,1.508062,22,22,22,22,22,22,22,22,22,22,22,22,22,22,22,22
48,480,-42.92419,-53.81201,-26.34505,-24.23911,-18.69964,-14.19401,-8.807613,-8.027506,-6.686832,-7.013881,-4.99109,-6.430988,-4.888058,-5.734524,-3.820361,2.407967E-05,23,23,23,23,23,23,23,23,23,23,23,23,23,23,23,23,48,480,-4.303996,-3.294993,-2.226182,-2.197731,9.980413,7.853748,-2.220295,-2.346817,-2.459514,-1.674044,-2.234131,-1.750931,-2.432235,-2.450489,-2.288585,-1.695687,23,23,23,23,23,23,23,23,23,23,23,23,23,23,23,23,48,480,-1.838245,-4.477047,-2.553745,-1.934928,-1.552156,-2.42229,-2.458891,-68.14719,0.1235632,0.001043452,-0.1192309,0.6063775,-0.1090745,-0.1096781,0.8853292,1.274027,22,22,22,22,22,22,22,22,22,22,22,22,22,22,22,22
49,490,-44.36695,-54.53756,-27.57589,-24.23911,-18.33763,-11.84955,-8.169529,-7.275168,-7.429047,-5.906432,-5.109899,-5.170219,-5.603379,-4.778778,-3.820361,-0.1206777,23,23,23,23,23,23,23,23,23,23,23,23,23,23,23,23,49,490,-4.169497,-2.372396,-2.488079,-2.197731,10.11177,7.853748,-2.350895,-2.346817,-2.200615,-1.674044,-2.102707,-1.077519,-2.304227,-2.004957,-1.324989,-2.147865,23,23,23,23,23,23,23,23,23,23,23,23,23,23,23,23,49,490,-2.068023,-4.988698,-2.170362,-2.837855,-2.199769,-0.8935741,-1.812371,-68.03783,-0.2472444,1.089852,-2.969826E-05,-0.3638342,-0.549421,-0.4431839,-0.110691,1.391047,22,22,22,22,22,22,22,22,22,22,22,22,22,22,22,22
50,500,-42.5635,-54.89093,-26.09888,-22.16885,-17.25158,-12.58991,-9.445697,-8.654451,-6.56313,-7.013881,-5.347518,-5.422373,-5.364939,-5.017714,-4.059133,-0.3620828,23,23,23,23,23,23,23,23,23,23,23,23,23,23,23,23,50,500,-3.631503,-2.635995,-1.964285,-2.585569,10.89983,7.362754,-3.265104,-1.95568,-1.941719,-1.4165,-1.839863,-2.020296,-2.304227,-1.893574,-1.324989,-2.373957,23,23,23,23,23,23,23,23,23,23,23,23,23,23,23,23,50,500,-1.953134,-3.965394,-2.681539,-1.805938,-1.552156,-2.42229,-2.846803,-67.92847,-0.1236419,0.8478966,0.1191711,0.4850994,0.1110972,-0.5543517,0.3319848,1.157012,22,22,22,22,22,22,22,22,22,22,22,22,22,22,22,22
51,510,-40.63981,-53.92369,-25.85271,-21.1946,-16.16552,-11.97294,-8.807613,-8.654451,-6.934237,-7.751849,-4.51585,-5.54845,-4.530396,-5.376119,-3.939747,-0.3620828,23,23,23,23,23,23,23,23,23,23,23,23,23,23,23,23,51,510,-3.362506,-1.976998,-2.095284,-2.844127,11.03119,6.380817,-2.350895,-1.95568,-1.682821,-2.70422,-1.839863,-2.82839,-1.920204,-1.782191,-1.445439,-2.600046,23,23,23,23,23,23,23,23,23,23,23,23,23,23,23,23,51,510,-2.527592,-4.477047,-2.425951,-2.192907,-1.811201,-1.275753,-3.234715,-68.14719,0.2471658,-0.1199328,0.7151762,-6.421245E-06,-0.6595069,-0.2208467,0.4426534,1.742097,22,22,22,22,22,22,22,22,22,22,22,22,22,22,22,22
52,520,-40.51958,-54.52821,-24.62187,-20.70748,-16.40687,-13.08348,-10.46663,-9.657568,-7.552749,-9.104086,-5.703948,-7.187449,-5.722601,-5.853992,-3.939747,-1.086295,23,23,23,23,23,23,23,23,23,23,23,23,23,23,23,23,52,520,-2.95901,-2.108798,-1.964336,-2.456289,10.63713,6.258043,-1.828491,-2.477198,-1.682821,-2.575448,-1.839863,-3.097755,-1.920204,-1.893574,-1.565888,-2.826135,23,23,23,23,23,23,23,23,23,23,23,23,23,23,23,23,52,520,-2.068023,-4.732873,-2.170362,-1.547908,-2.199769,-2.549684,-4.269148,-67.92847,0.6179726,0.4849581,-0.2384317,-6.421245E-06,-0.3292461,0.77967,-0.2213596,1.039998,22,22,22,22,22,22,22,22,22,22,22,22,22,22,22,22
53,530,-41.24097,-53.56097,-23.88336,-19.61146,-15.20015,-12.09634,-9.828547,-8.403673,-6.934237,-8.366502,-5.466328,-7.061373,-5.126498,-5.495587,-4.178518,-0.6034863,23,23,23,23,23,23,23,23,23,23,23,23,23,23,23,23,53,530,-2.690013,-1.976998,-2.750027,-2.068452,10.24307,6.380817,-2.089693,-1.8253,-2.330065,-2.189132,-1.70844,-3.097755,-1.408177,-1.893574,-2.047686,-2.826135,23,23,23,23,23,23,23,23,23,23,23,23,23,23,23,23,53,530,-2.987157,-4.988698,-2.425951,-1.934877,-1.681626,-1.020967,-2.588195,-67.8191,-3.933013E-05,0.2430024,-0.3576329,-0.2425593,0.1110972,0.001490532,-0.3320282,1.625076,22,22,22,22,22,22,22,22,22,22,22,22,22,22,22,22
54,540,-40.51958,-52.95645,-24.74495,-20.70748,-15.68283,-11.97295,-10.84948,-8.529062,-8.418665,-7.505987,-6.416128,-6.557065,-6.676365,-5.734524,-5.252989,0.2414292,23,23,23,23,23,23,23,23,23,23,23,23,23,23,23,23,54,540,-2.286517,-2.240597,-2.48813,-1.939173,9.980413,6.258043,-1.69789,-1.95568,-2.330065,-1.545272,-2.628399,-2.020296,-2.048212,-1.448041,-1.565888,-3.052223,23,23,23,23,23,23,23,23,23,23,23,23,23,23,23,23,54,540,-2.182915,-4.604959,-1.78698,-1.418919,-1.940671,-3.186598,-3.36402,-68.69401,-0.1236419,0.2430024,0.8343771,-0.3638342,-0.6595069,0.001490532,0.3319848,0.922977,22,22,22,22,22,22,22,22,22,22,22,22,22,22,22,22
55,550,-42.32304,-53.80278,-26.34505,-20.82926,-16.2862,-11.97295,-10.33902,-9.030622,-7.429047,-8.612363,-6.534807,-7.313527,-6.914806,-7.048678,-4.775446,-0.1206777,23,23,23,23,23,23,23,23,23,23,23,23,23,23,23,23,55,550,-2.152019,-1.845199,-2.357181,-1.680615,10.76848,6.87176,-1.828442,-0.7822682,-2.071166,-1.545272,-2.891243,-1.616248,-1.152166,-1.448041,-2.529484,-2.600046,23,23,23,23,23,23,23,23,23,23,23,23,23,23,23,23,55,550,-2.527592,-4.349133,-1.531391,-2.063867,-1.293058,-1.403095,-3.49327,-67.70973,0.7415752,-0.2409123,-0.3576329,-0.6063871,-0.3292461,0.2238278,-0.2213596,1.039998,22,22,22,22,22,22,22,22,22,22,22,22,22,22,22,22
56,560,-41.72189,-53.56097,-23.39103,-19.3679,-15.44148,-11.60277,-9.700931,-7.776727,-7.552749,-7.99771,-5.466328,-6.304911,-7.153246,-6.212398,-4.41729,-0.724188,23,23,23,23,23,23,23,23,23,23,23,23,23,23,23,23,56,560,-2.01752,-2.372396,-1.440549,-2.197731,9.586354,7.485477,-1.828442,-2.737955,-1.165026,-2.317904,-2.628399,-2.28966,-1.920204,-2.339106,-2.649934,-2.034822,23,23,23,23,23,23,23,23,23,23,23,23,23,23,23,23,56,560,-1.953134,-3.709569,-1.659185,-1.547908,-2.199716,-3.313991,-1.553709,-67.49103,-0.2472444,0.8478966,0.4767743,0.1212716,0.7716122,0.3349956,-2.247436E-05,0.8059626,22,22,22,22,22,22,22,22,22,22,22,22,22,22,22,22
57,570,-41.84212,-53.80278,-24.12953,-23.99555,-20.14771,-15.55133,-9.062847,-9.030622,-7.057939,-9.964601,-5.941415,-7.943911,-6.318703,-6.809741,-4.775446,-0.4827845,23,23,23,23,23,23,23,23,23,23,23,23,23,23,23,23,57,570,-1.748523,-2.767795,-1.702439,-2.714848,9.455001,6.87176,-1.697842,-1.95568,-1.682821,-2.832992,-1.971284,-1.346884,-1.536185,-2.339106,-1.806787,-1.80873,23,23,23,23,23,23,23,23,23,23,23,23,23,23,23,23,57,570,-3.102049,-4.477047,-2.042568,-2.192856,-2.329239,-1.657881,-2.976054,-67.81911,0.9887289,-0.3618917,-0.4768337,-0.3638342,0.3312688,-0.1096781,0.3319848,1.625076,22,22,22,22,22,22,22,22,22,22,22,22,22,22,22,22
58,580,-44.60741,-54.64911,-25.72963,-22.77775,-19.42367,-15.05776,-10.59425,-9.406789,-7.923857,-9.104086,-6.653486,-7.817834,-6.676365,-6.212398,-3.700975,-0.9655932,23,23,23,23,23,23,23,23,23,23,23,23,23,23,23,23,58,580,-2.421016,-2.240597,-1.833388,-2.456289,9.980413,7.608251,-1.959043,-1.95568,-1.682821,-2.832992,-2.102707,-1.750931,-1.7922,-2.450489,-1.927237,-1.695687,23,23,23,23,23,23,23,23,23,23,23,23,23,23,23,23,58,580,-2.642481,-3.197917,-1.78698,-2.192856,-2.717807,-2.931812,-1.941621,-67.16293,0.8651264,0.9688182,-0.3576329,0.7276523,0.1110972,0.4461642,0.3319848,0.8059626,22,22,22,22,22,22,22,22,22,22,22,22,22,22,22,22
59,590,-41.60166,-53.80278,-24.74495,-20.95104,-17.49292,-13.94723,-10.9771,-9.406789,-8.171261,-8.612363,-6.416128,-6.430988,-6.318703,-5.137183,-4.297904,0.1207274,23,23,23,23,23,23,23,23,23,23,23,23,23,23,23,23,59,590,-2.95901,-2.504196,-2.619078,-2.973406,10.50577,8.221968,-2.612049,-1.694923,-2.847859,-3.219307,-2.365551,-1.616248,-2.816254,-1.670808,-2.047686,-1.921776,23,23,23,23,23,23,23,23,23,23,23,23,23,23,23,23,59,590,-2.068023,-4.349133,-1.914774,-2.192856,-2.199716,-2.931812,-2.329533,-68.03785,0.2471144,-0.9668405,-0.2383799,-0.1212813,0.221183,-0.2208467,0.2213162,1.625076,22,22,22,22,22,22,22,22,22,22,22,22,22,22,22,22
60,600,-42.20281,-53.80278,-25.11421,-20.22036,-17.73427,-13.94723,-12.25327,-9.657568,-8.666071,-8.612363,-7.00952,-7.691756,-6.437923,-5.376119,-4.059133,0.3621309,23,23,23,23,23,23,23,23,23,23,23,23,23,23,23,23,60,600,-3.362506,-2.240597,-2.750027,-2.068452,10.50577,7.853748,-2.220245,-1.8253,-2.847859,-2.70422,-1.445596,-2.28966,-2.048212,-2.227723,-1.927237,-2.373957,23,23,23,23,23,23,23,23,23,23,23,23,23,23,23,23,60,600,-1.953134,-3.453743,-1.914774,-2.966794,-2.976852,-2.931812,-3.751878,-68.03785,0.370717,0.2429478,-0.2383799,0.2424887,0.5514405,0.3349956,-0.3320282,0.220878,22,22,22,22,22,22,22,22,22,22,22,22,22,22,22,22
61,610,-40.63981,-53.19826,-22.77561,-18.02832,-16.2862,-13.57705,-11.10472,-9.532178,-8.789773,-8.858225,-6.060092,-6.430988,-5.961041,-4.181435,-3.700975,-0.3620828,23,23,23,23,23,23,23,23,23,23,23,23,23,23,23,23,61,610,-2.421016,-2.372396,-3.011924,-2.197731,10.63713,8.221968,-1.436638,-1.95568,-3.236205,-2.189132,-2.496975,-2.424343,-1.7922,-2.339106,-1.927237,-2.713092,23,23,23,23,23,23,23,23,23,23,23,23,23,23,23,23,61,610,-1.72335,-3.837481,-1.659185,-2.192856,-2.84733,-2.804419,-1.941621,-67.38166,0.370717,-0.845861,-0.1191791,0.3637635,0.1110522,0.2238278,-0.2213596,0.6889483,22,22,22,22,22,22,22,22,22,22,22,22,22,22,22,22
62,620,-37.99474,-52.23102,-21.79093,-17.78476,-14.47611,-13.70044,-9.828547,-8.278284,-7.429047,-8.981154,-5.347467,-7.313526,-5.484159,-6.331866,-4.178518,-0.1206777,23,23,23,23,23,23,23,23,23,23,23,23,23,23,23,23,62,620,-2.152019,-2.635995,-2.880975,-2.197731,10.76848,6.87176,-1.436638,-2.477198,-3.106756,-2.446676,-1.445596,-2.424343,-1.664193,-2.784641,-1.806787,-2.826135,23,23,23,23,23,23,23,23,23,23,23,23,23,23,23,23,62,620,-1.953134,-3.709569,-2.68154,-2.966794,-3.494943,-2.804419,-2.717445,-67.81911,0.6179212,-0.1199906,-0.5959831,0.3637635,-0.1091194,-0.3320145,-0.3320282,1.039998,22,22,22,22,22,22,22,22,22,22,22,22,22,22,22,22
63,630,-39.31728,-53.31916,-22.0371,-17.90654,-15.8035,-14.19401,-10.59425,-9.406789,-8.913475,-9.718739,-6.416128,-7.565679,-5.961041,-6.331866,-3.939747,-0.4827845,23,23,23,23,23,23,23,23,23,23,23,23,23,23,23,23,63,630,-2.824512,-3.558592,-2.48813,-1.809894,10.37442,7.362754,-1.959043,-2.868332,-2.200615,-2.189132,-2.365551,-2.424343,-2.048212,-3.341555,-2.288585,-2.487,23,23,23,23,23,23,23,23,23,23,23,23,23,23,23,23,63,630,-2.412699,-3.965394,-1.659185,-2.708814,-2.458762,-1.912668,-1.683013,-68.25657,-0.1236933,-2.176626,0.3576248,0.1212106,-0.3292911,0.1126599,0.8853308,1.157012,22,22,22,22,22,22,22,22,22,22,22,22,22,22,22,22
64,640,-38.71613,-52.83554,-23.14486,-19.85502,-16.16552,-14.56419,-9.956164,-8.779841,-8.047559,-8.366502,-5.703896,-6.430988,-5.961041,-6.451335,-4.297904,-0.4827861,23,23,23,23,23,23,23,23,23,23,23,23,23,23,23,23,64,640,-2.421016,-3.163193,-2.095284,-2.197731,10.50577,8.221968,-2.350847,-2.998712,-1.941719,-2.06036,-2.628399,-2.020296,-1.7922,-2.784641,-2.168136,-2.147865,23,23,23,23,23,23,23,23,23,23,23,23,23,23,23,23,64,640,-1.838242,-3.453743,-1.914774,-3.095783,-3.365421,-2.549633,-2.84675,-67.38166,0.2471144,0.3639241,-0.3575807,-0.3638952,0.2211381,0.446165,-0.1106894,0.9359479,22,22,22,22,22,22,22,22,22,22,22,22,22,22,22,22
65,650,-37.75428,-51.62649,-22.16019,-18.63722,-16.40687,-12.96009,-10.2114,-9.406789,-8.294963,-8.24357,-6.772161,-5.800603,-6.914806,-5.495587,-4.536675,2.247436E-05,23,23,23,23,23,23,23,23,23,23,23,23,23,23,23,23,65,650,-2.824512,-3.163193,-1.964336,-2.456289,9.980413,7.730974,-2.089645,-3.780987,-1.682821,-1.287728,-2.365551,-2.28966,-1.920204,-3.675704,-2.890833,-2.260911,23,23,23,23,23,23,23,23,23,23,23,23,23,23,23,23,65,650,-1.838239,-4.093308,-1.531391,-2.837804,-2.976852,-2.167454,-2.070925,-68.25657,-0.4945009,-0.9668405,0.238424,0.3637635,0.1110522,0.3349972,0.2213179,0.9359479,22,22,22,22,22,22,22,22,22,22,22,22,22,22,22,22
66,660,-40.03866,-53.07735,-24.86804,-22.65597,-16.88955,-13.57705,-10.9771,-9.657568,-8.418665,-8.12064,-6.416128,-7.313526,-6.914806,-6.212398,-4.178519,0.1207242,23,23,23,23,23,23,23,23,23,23,23,23,23,23,23,23,66,660,-3.900501,-3.294993,-2.095284,-2.197731,10.11177,7.853748,-3.134454,-2.607575,-2.330065,-1.287728,-1.971284,-1.616248,-2.304227,-2.673254,-2.168136,-2.260911,23,23,23,23,23,23,23,23,23,23,23,23,23,23,23,23,66,660,-1.148889,-3.965345,-2.042568,-2.579825,-2.717807,-2.549633,-2.458838,-67.81911,0.370717,0.1219683,-0.1191791,0.6063164,0.4413097,0.2238286,-0.1106894,0.5848406,22,22,22,22,22,22,22,22,22,22,22,22,22,22,22,22
67,670,-43.16465,-53.68187,-26.09888,-25.57869,-18.4583,-13.45366,-10.46663,-9.406789,-7.800153,-7.751849,-5.941413,-7.439603,-5.484159,-5.973462,-3.820362,0.1207242,23,23,23,23,23,23,23,23,23,23,23,23,23,23,23,23,67,670,-4.572993,-2.899595,-1.833336,-1.939173,10.63713,7.240031,-3.134454,-2.477198,-1.941719,-2.446676,-2.102707,-2.82839,-2.816254,-2.896024,-2.047686,-2.260911,23,23,23,23,23,23,23,23,23,23,23,23,23,23,23,23,67,670,-1.608455,-3.709518,-2.170364,-3.095783,-2.717807,-1.912668,-2.329533,-68.36594,-9.070009E-05,-0.9668405,0.238424,0.4850416,0.6614814,0.7796716,0.5533235,1.170022,22,22,22,22,22,22,22,22,22,22,22,22,22,22,22,22
68,680,-40.39935,-54.4073,-24.74495,-24.11733,-17.9756,-14.56419,-11.23233,-10.91146,-8.542367,-9.718739,-6.060092,-7.313526,-5.603379,-6.331866,-4.059133,-0.4827861,23,23,23,23,23,23,23,23,23,23,23,23,23,23,23,23,68,680,-5.110988,-2.504196,-2.226182,-2.973406,11.42519,6.994534,-2.612049,-2.477198,-1.553372,-2.575448,-1.577019,-2.693708,-2.816254,-2.11634,-1.927237,-2.713092,23,23,23,23,23,23,23,23,23,23,23,23,23,23,23,23,68,680,-2.297804,-4.22117,-2.170364,-3.482754,-2.976852,-2.549633,-3.622574,-68.1472,0.370717,-0.2409669,2.207303E-05,0.8488694,-0.2192053,-0.4431823,-0.3320265,0.8189143,22,22,22,22,22,22,22,22,22,22,22,22,22,22,22,22
69,690,-40.63981,-54.16549,-25.11421,-23.99555,-17.61358,-13.57705,-10.84948,-9.532178,-8.294963,-7.99771,-5.585087,-6.430988,-4.649616,-4.659308,-2.626505,-0.4827861,23,23,23,23,23,23,23,23,23,23,23,23,23,23,23,23,69,690,-5.648983,-3.426792,-1.964285,-2.844127,10.76848,7.117257,-2.74265,-1.8253,-2.459514,-2.189132,-2.102707,-2.82839,-3.200276,-2.450489,-1.565888,-2.373957,23,23,23,23,23,23,23,23,23,23,23,23,23,23,23,23,69,690,-2.527585,-3.837431,-1.786981,-3.095785,-2.588335,-2.549633,-2.329533,-68.58466,-0.2472958,-0.7248815,0.3576248,0.1212106,0.3312239,-0.1096773,0.2213179,0.7018743,22,22,22,22,22,22,22,22,22,22,22,22,22,22,22,22
70,700,-39.91843,-53.92369,-25.48346,-22.53419,-17.61358,-12.58991,-10.84948,-9.532178,-8.913475,-7.01388,-6.060092,-6.178834,-4.768836,-3.942499,-3.700976,-0.1206793,23,23,23,23,23,23,23,23,23,23,23,23,23,23,23,23,70,700,-4.707492,-3.163193,-2.095233,-2.456289,11.03119,6.50354,-1.828442,-1.95568,-2.200615,-2.575448,-2.102707,-2.693708,-2.560242,-2.11634,-2.288585,-3.278316,23,23,23,23,23,23,23,23,23,23,23,23,23,23,23,23,70,700,-1.723347,-3.709518,-2.553747,-2.708816,-2.458812,-2.549633,-2.329533,-67.70975,-9.070009E-05,-0.4829258,0.3576248,0.4850416,0.0009663975,-0.4431823,-0.4426951,0.5848406,22,22,22,22,22,22,22,22,22,22,22,22,22,22,22,22
71,710,-41.24097,-53.80278,-26.22196,-21.1946,-16.40687,-13.20687,-11.35995,-10.15912,-8.418665,-7.874779,-5.703896,-6.178834,-4.768836,-4.659308,-2.984662,-0.3620844,23,23,23,23,23,23,23,23,23,23,23,23,23,23,23,23,71,710,-3.900501,-2.899595,-2.488079,-2.197731,9.980413,6.13532,-1.56724,-1.8253,-2.588961,-1.931588,-2.496975,-2.693708,-2.176219,-2.673254,-2.649934,-3.843539,23,23,23,23,23,23,23,23,23,23,23,23,23,23,23,23,71,710,-1.953128,-3.453692,-2.425953,-3.095785,-2.84738,-1.530488,-2.458889,-69.13148,-0.4945009,-0.6039053,0.5960272,0.2424887,0.0009663975,0.3349972,-0.221358,0.9359479,22,22,22,22,22,22,22,22,22,22,22,22,22,22,22,22
72,720,-39.67797,-53.92369,-23.6372,-19.24612,-15.20015,-11.97294,-10.9771,-9.030621,-8.171261,-7.505987,-4.753418,-5.422372,-4.649616,-4.53984,-2.865277,-0.1206793,23,23,23,23,23,23,23,23,23,23,23,23,23,23,23,23,72,720,-3.631504,-2.767795,-3.273769,-1.939173,10.37442,6.380817,-1.959043,-2.737958,-3.624551,-2.575448,-2.759819,-2.963073,-2.432235,-2.11634,-2.649934,-3.052223,23,23,23,23,23,23,23,23,23,23,23,23,23,23,23,23,72,720,-1.838239,-3.837431,-2.681542,-3.482754,-2.588335,-3.313991,-2.458889,-68.03785,0.1235119,0.1219683,-0.1191791,0.4850416,-0.2192053,-0.6655195,-0.9960395,0.8189143,22,22,22,22,22,22,22,22,22,22,22,22,22,22,22,22
73,730,-36.91267,-53.80278,-22.89869,-19.3679,-14.47611,-12.83669,-10.84948,-10.91146,-8.294963,-8.24357,-4.872229,-5.92668,-4.291954,-5.017714,-3.939747,-0.6034895,23,23,23,23,23,23,23,23,23,23,23,23,23,23,23,23,73,730,-3.228008,-1.976998,-2.880924,-1.680615,9.84906,6.50354,-2.220245,-1.825303,-3.495103,-2.06036,-3.285507,-2.82839,-2.688246,-1.893574,-3.252181,-2.600046,23,23,23,23,23,23,23,23,23,23,23,23,23,23,23,23,73,730,-2.06802,-3.709518,-2.298159,-3.482754,-2.976903,-1.785275,-2.458889,-68.80339,-9.070009E-05,-0.1199906,0.238424,0.3637635,0.4413097,0.5573344,-0.4426951,1.404095,22,22,22,22,22,22,22,22,22,22,22,22,22,22,22,22
74,740,-40.27912,-53.80278,-25.48346,-23.75199,-19.18232,-15.30455,-11.87042,-10.66068,-8.542367,-7.628918,-5.109848,-5.170219,-4.530396,-5.256651,-2.507119,-0.9655948,23,23,23,23,23,23,23,23,23,23,23,23,23,23,23,23,74,740,-3.497005,-2.635995,-1.964285,-2.844127,9.192295,7.117257,-1.436638,-2.086064,-2.588961,-2.70422,-3.285507,-2.28966,-2.048212,-2.450489,-2.409034,-3.165269,23,23,23,23,23,23,23,23,23,23,23,23,23,23,23,23,74,740,-1.953128,-4.860735,-2.809336,-3.095785,-2.458812,-2.549633,-2.070977,-67.81911,-0.2472958,0.2429414,0.5960272,0.3637635,0.4413097,-0.8878568,-0.6640338,1.052981,22,22,22,22,22,22,22,22,22,22,22,22,22,22,22,22
75,750,-38.23521,-53.44007,-24.00645,-21.92529,-17.1309,-13.45366,-10.46663,-9.532178,-7.676451,-7.013881,-4.634609,-5.296296,-4.291954,-4.778778,-3.462205,-0.3620844,23,23,23,23,23,23,23,23,23,23,23,23,23,23,23,23,75,750,-3.362506,-3.558592,-2.095233,-2.844127,9.060943,7.240031,-1.959043,-1.955683,-2.330065,-3.605623,-3.548355,-3.097755,-2.688246,-3.007406,-3.372631,-2.373957,23,23,23,23,23,23,23,23,23,23,23,23,23,23,23,23,75,750,-1.953128,-4.476996,-3.064925,-3.095785,-2.070245,-1.785275,-3.493321,-69.13148,-0.3708984,0.1219651,0.7152284,0.1212106,0.2211381,0.446165,-0.3320265,1.638162,22,22,22,22,22,22,22,22,22,22,22,22,22,22,22,22
76,760,-38.35543,-52.95645,-24.74495,-20.46392,-17.49292,-12.21973,-10.72187,-9.657567,-8.294963,-7.259981,-6.416128,-4.918066,-5.722601,-5.017714,-3.104048,2.247436E-05,23,23,23,23,23,23,23,23,23,23,23,23,23,23,23,23,76,760,-2.286518,-3.294993,-2.226182,-3.231964,10.63713,6.994534,-2.350847,-3.259472,-2.459514,-2.70422,-3.15409,-2.424343,-2.176219,-2.450489,-2.890833,-2.939181,23,23,23,23,23,23,23,23,23,23,23,23,23,23,23,23,76,760,-2.527585,-4.604909,-2.937131,-3.224775,-2.84738,-2.677026,-2.717497,-68.25657,-0.7417052,-0.2409733,0.1192237,-6.421245E-05,0.1110522,-0.6655195,-0.221358,1.052981,22,22,22,22,22,22,22,22,22,22,22,22,22,22,22,22
77,770,-37.0329,-53.44007,-25.48346,-23.26487,-17.49292,-12.09634,-10.46663,-8.654451,-7.676451,-6.890831,-4.396989,-4.665912,-4.530396,-4.778778,-3.104048,-0.6034895,23,23,23,23,23,23,23,23,23,23,23,23,23,23,23,23,77,770,-3.228008,-2.635995,-1.833336,-2.973406,10.24307,7.853748,-1.697842,-2.346821,-2.071166,-2.961763,-3.15409,-1.750931,-2.304173,-2.004957,-2.047686,-2.713092,23,23,23,23,23,23,23,23,23,23,23,23,23,23,23,23,77,770,-2.182912,-4.476996,-2.809336,-2.708816,-1.163586,-2.167454,-2.458889,-68.58466,0.1235119,0.2429414,0.8344296,0.4850416,0.1110522,-0.1096773,-1.926374E-05,1.989276,22,22,22,22,22,22,22,22,22,22,22,22,22,22,22,22
78,780,-36.31152,-53.92369,-24.74495,-23.26487,-16.64822,-13.20687,-9.956164,-9.908345,-6.934237,-8.12064,-4.991038,-5.926681,-4.053514,-5.256597,-2.626505,-0.3620844,23,23,23,23,23,23,23,23,23,23,23,23,23,23,23,23,78,780,-2.824512,-2.504196,-2.488079,-3.102685,10.50577,7.362754,-1.959043,-2.477201,-3.236205,-3.991939,-1.70844,-2.424343,-1.792145,-1.893571,-1.927237,-1.921776,23,23,23,23,23,23,23,23,23,23,23,23,23,23,23,23,78,780,-2.06802,-5.372387,-3.064925,-2.837806,-2.199767,-2.04006,-1.941672,-68.36594,-0.3708984,0.7268561,0.5960276,-0.3638952,-0.4393769,-0.8878568,-1.926374E-05,1.170022,22,22,22,22,22,22,22,22,22,22,22,22,22,22,22,22
79,790,-38.35543,-55.25364,-24.99112,-21.92529,-16.16552,-13.70044,-10.33902,-9.782956,-8.789773,-8.858225,-5.466276,-6.052757,-5.603379,-5.495533,-3.104048,-1.207,23,23,23,23,23,23,23,23,23,23,23,23,23,23,23,23,79,790,-4.169497,-2.108798,-3.011872,-3.102685,9.980413,8.467465,-2.350847,-1.434166,-2.588961,-3.090535,-2.496975,-2.020296,-2.688192,-2.673251,-2.288637,-1.80873,23,23,23,23,23,23,23,23,23,23,23,23,23,23,23,23,79,790,-1.838239,-4.22117,-2.681542,-2.708816,-1.940722,-2.677026,-2.717497,-68.69402,0.4943195,0.4849004,0.3576256,0.6063164,-0.3292911,-0.4431823,0.6639937,1.170022,22,22,22,22,22,22,22,22,22,22,22,22,22,22,22,22
80,800,-36.19129,-54.4073,-23.02178,-18.759,-14.23476,-11.35598,-10.2114,-9.908345,-7.676451,-7.505987,-4.872229,-5.926681,-4.530396,-4.420318,-2.626505,0.1207274,23,23,23,23,23,23,23,23,23,23,23,23,23,23,23,23,80,800,-3.766002,-1.976998,-2.749975,-3.490522,9.980413,8.099245,-3.395656,-2.086064,-3.624551,-3.734395,-2.365551,-2.154978,-3.072214,-1.893571,-2.047738,-2.260853,23,23,23,23,23,23,23,23,23,23,23,23,23,23,23,23,80,800,-2.527585,-5.244473,-2.170364,-2.837806,-2.458812,-1.657881,-2.070977,-68.36594,-0.3708984,-0.1199938,0.2384245,-0.48517,-0.1091194,-0.5543509,-0.3320265,1.287113,22,22,22,22,22,22,22,22,22,22,22,22,22,22,22,22
81,810,-37.0329,-53.07735,-22.52944,-17.41942,-14.71745,-11.23259,-10.59425,-9.406788,-8.171261,-7.136931,-5.585087,-5.674527,-5.484159,-4.659254,-3.223433,0.3621309,23,23,23,23,23,23,23,23,23,23,23,23,23,23,23,23,81,810,-3.496952,-1.7134,-3.404718,-2.456289,10.63713,7.485477,-2.74265,-2.868335,-2.847859,-2.317904,-2.759819,-2.559025,-2.176165,-2.22772,-1.927288,-2.486942,23,23,23,23,23,23,23,23,23,23,23,23,23,23,23,23,81,810,-1.72335,-4.988648,-2.809336,-2.708816,-2.588335,-2.804419,-2.329585,-69.13148,0.1235119,0.7268561,0.2384245,0.3637635,0.1110522,0.2238286,-0.5533637,1.755254,22,22,22,22,22,22,22,22,22,22,22,22,22,22,22,22
82,820,-36.19129,-52.72367,-21.17551,-16.81052,-13.26938,-10.61562,-9.956164,-9.657567,-8.047559,-6.767782,-4.753418,-4.665912,-4.053514,-4.061913,-2.507119,-0.4827845,23,23,23,23,23,23,23,23,23,23,23,23,23,23,23,23,82,820,-3.63145,-2.767846,-3.273769,-2.714848,11.03119,7.730974,-1.828442,-2.868335,-2.588961,-2.189132,-2.496975,-2.424343,-1.280119,-2.22772,-1.806839,-2.599988,23,23,23,23,23,23,23,23,23,23,23,23,23,23,23,23,82,820,-1.953134,-5.116561,-2.170364,-3.095785,-2.32929,-1.657881,-2.070977,-68.36594,-0.2472958,0.7268561,0.4768264,-0.3638952,-0.3292911,-0.3320145,0.1106493,1.989328,22,22,22,22,22,22,22,22,22,22,22,22,22,22,22,22
83,830,-35.34967,-52.60275,-20.06775,-15.47093,-12.7867,-10.61562,-9.700931,-9.281399,-7.057939,-7.136931,-3.92175,-4.791988,-3.09975,-4.539787,-2.984662,0.1207274,23,23,23,23,23,23,23,23,23,23,23,23,23,23,23,23,83,830,-4.034946,-4.085841,-2.619078,-2.32701,10.50577,7.608251,-2.089645,-3.520233,-2.588961,-2.06036,-2.102707,-2.559025,-1.664138,-2.784637,-2.288637,-2.826077,23,23,23,23,23,23,23,23,23,23,23,23,23,23,23,23,83,830,-2.182915,-4.349083,-2.425952,-2.321847,-1.681677,-2.677026,-1.683065,-68.58466,-0.2472958,0.1219651,0.8344296,0.1212106,0.1110522,-0.2208451,0.2213179,1.872294,22,22,22,22,22,22,22,22,22,22,22,22,22,22,22,22
84,840,-34.02714,-52.8446,-19.6985,-15.7145,-12.7867,-11.35598,-10.33902,-10.15912,-7.552749,-6.767782,-4.396989,-5.170219,-4.172734,-4.898192,-2.268348,-0.724188,23,23,23,23,23,23,23,23,23,23,23,23,23,23,23,23,84,840,-4.034946,-3.822242,-2.750027,-2.32701,10.24307,7.730974,-2.481449,-3.520233,-2.588961,-1.674044,-2.102707,-2.28966,-2.43218,-2.784637,-2.288637,-2.373899,23,23,23,23,23,23,23,23,23,23,23,23,23,23,23,23,84,840,-2.872265,-5.884038,-3.192719,-2.579826,-2.32929,-2.294847,-2.976105,-69.02211,-0.6181031,0.0009856612,0.4768264,-6.421245E-05,-0.6595486,-0.6655195,-1.926374E-05,0.584892,22,22,22,22,22,22,22,22,22,22,22,22,22,22,22,22
85,850,-34.50806,-52.23997,-18.83691,-15.59272,-12.18334,-10.86241,-8.935229,-8.654451,-6.686832,-6.275581,-3.802941,-4.539835,-2.622867,-3.584039,-2.268348,-0.3620828,23,23,23,23,23,23,23,23,23,23,23,23,23,23,23,23,85,850,-4.707439,-3.822242,-2.619078,-1.809894,9.980413,7.976471,-2.220245,-2.998715,-1.682821,-2.189132,-2.628399,-2.154978,-2.43218,-2.784637,-2.168187,-2.373899,23,23,23,23,23,23,23,23,23,23,23,23,23,23,23,23,85,850,-2.182915,-4.093257,-2.425952,-2.321846,-2.84733,-3.059205,-3.105409,-68.80339,0.2471144,0.0009856612,0.4768264,0.3637635,-0.3292911,0.2238286,0.442655,1.872294,22,22,22,22,22,22,22,22,22,22,22,22,22,22,22,22
86,860,-35.46991,-51.75626,-20.43701,-16.81052,-13.6314,-10.36884,-10.84948,-8.152894,-7.057939,-5.168132,-4.634609,-4.035527,-4.172734,-2.986696,-2.984662,0.3621309,23,23,23,23,23,23,23,23,23,23,23,23,23,23,23,23,86,860,-4.707439,-3.954041,-2.619078,-2.32701,11.03119,8.344691,-3.134454,-3.259472,-2.459514,-2.317904,-2.628399,-1.481566,-2.560188,-2.673251,-2.288637,-2.713034,23,23,23,23,23,23,23,23,23,23,23,23,23,23,23,23,86,860,-2.987157,-4.860735,-2.298158,-2.321846,-2.070194,-1.657933,-2.717497,-68.69402,0.2471144,0.6058798,0.5960276,-0.3638952,-0.6595486,0.446165,0.2213179,1.52118,22,22,22,22,22,22,22,22,22,22,22,22,22,22,22,22
87,870,-35.46991,-53.3283,-21.17551,-17.78476,-13.51073,-11.97294,-10.46663,-9.782956,-7.057939,-6.398632,-4.278181,-4.413758,-3.33819,-3.822975,-3.104048,-0.4827845,23,23,23,23,23,23,23,23,23,23,23,23,23,23,23,23,87,870,-4.841938,-3.295044,-2.095284,-2.585569,10.76848,7.608251,-2.873249,-2.21644,-2.330065,-3.476851,-3.285507,-2.28966,-3.200222,-2.116337,-1.806839,-2.260853,23,23,23,23,23,23,23,23,23,23,23,23,23,23,23,23,87,870,-2.182915,-4.349083,-1.659186,-2.321846,-2.458762,-3.314043,-2.588142,-67.92848,0.2471144,0.2429414,0.2384245,-6.421245E-05,-0.5494627,0.7796716,0.1106493,1.170073,22,22,22,22,22,22,22,22,22,22,22,22,22,22,22,22
88,880,-34.38783,-52.48182,-19.45233,-16.20162,-12.90738,-11.10919,-9.445697,-8.654451,-6.439428,-6.275581,-3.090083,-4.161604,-2.145985,-3.584039,-3.223433,-0.6034863,23,23,23,23,23,23,23,23,23,23,23,23,23,23,23,23,88,880,-5.51443,-3.690442,-3.011924,-2.068452,11.03119,6.749037,-3.134451,-2.737958,-2.71841,-2.832992,-2.891243,-2.693708,-2.688192,-2.339102,-2.529536,-3.278258,23,23,23,23,23,23,23,23,23,23,23,23,23,23,23,23,88,880,-3.216938,-5.5003,-2.553746,-3.224774,-1.811148,-1.275754,-2.976055,-69.56892,-0.2472958,0.1219651,0.1192237,-0.3638952,-0.7696344,-0.1096773,0.5533235,1.170073,22,22,22,22,22,22,22,22,22,22,22,22,22,22,22,22
89,890,-37.75428,-53.08646,-18.71383,-15.34916,-12.42468,-11.97294,-9.31808,-9.782957,-7.305345,-7.013881,-3.802941,-5.296296,-3.33819,-4.659254,-3.223433,-0.4827845,23,23,23,23,23,23,23,23,23,23,23,23,23,23,23,23,89,890,-5.110934,-3.690442,-2.750027,-2.585569,10.63713,6.50354,-2.481445,-2.737958,-2.330117,-2.961763,-2.365551,-3.097755,-3.072214,-2.561868,-2.649985,-3.052169,23,23,23,23,23,23,23,23,23,23,23,23,23,23,23,23,89,890,-2.412699,-5.116561,-2.170363,-2.321846,-2.458762,-3.314043,-2.846751,-68.25655,-0.2472958,0.968815,0.2384245,0.4850416,-0.3292911,0.446165,0.2213179,1.053039,22,22,22,22,22,22,22,22,22,22,22,22,22,22,22,22
90,900,-36.43175,-52.96553,-18.59074,-14.74025,-11.82133,-11.60277,-8.55238,-8.529062,-6.686832,-7.259981,-3.565321,-5.170219,-2.980529,-3.822975,-2.626505,-0.3620828,23,23,23,23,23,23,23,23,23,23,23,23,23,23,23,23,90,900,-4.841938,-3.295044,-2.880975,-1.680615,10.37442,6.626314,-1.95904,-1.564546,-2.589014,-2.06036,-2.234131,-2.963073,-1.53613,-1.782188,-1.56594,-3.617393,23,23,23,23,23,23,23,23,23,23,23,23,23,23,23,23,90,900,-2.642481,-4.732822,-2.042569,-2.450836,-2.070194,-1.785326,-3.363967,-67.92847,0.7415238,0.3639209,0.4768264,0.1212106,-0.2192053,0.2238286,-0.1106894,1.053039,22,22,22,22,22,22,22,22,22,22,22,22,22,22,22,22
91,910,-35.71037,-52.11905,-18.83691,-14.86203,-13.02805,-10.49223,-8.55238,-8.278284,-7.305345,-6.767782,-4.753418,-4.665912,-3.21897,-2.628291,-3.223433,-0.2413794,23,23,23,23,23,23,23,23,23,23,23,23,23,23,23,23,91,910,-4.707439,-3.163244,-3.535717,-1.939173,9.84906,6.380817,-1.82844,-2.346821,-2.977361,-2.189132,-3.15409,-2.82839,-2.304173,-2.339102,-2.649985,-3.052169,23,23,23,23,23,23,23,23,23,23,23,23,23,23,23,23,91,910,-1.72335,-4.476996,-2.170363,-1.805888,-1.681626,-2.422291,-1.812318,-68.25655,-0.1236933,-0.3619496,0.1192237,-6.421245E-05,-0.2192053,0.1126599,0.442655,1.755254,22,22,22,22,22,22,22,22,22,22,22,22,22,22,22,22
92,920,-36.43175,-53.20738,-19.6985,-14.25313,-12.54536,-10.86241,-9.956164,-9.532178,-7.923857,-9.227015,-5.347467,-6.304911,-4.768836,-3.822975,-2.507119,2.407967E-05,23,23,23,23,23,23,23,23,23,23,23,23,23,23,23,23,92,920,-4.57294,-3.031445,-3.666666,-2.844127,9.84906,7.240031,-2.220243,-2.737958,-2.847912,-1.931588,-2.628399,-2.020299,-1.792145,-1.782188,-2.288637,-2.147807,23,23,23,23,23,23,23,23,23,23,23,23,23,23,23,23,92,920,-2.527592,-5.372387,-2.298158,-1.676898,-1.681626,-1.14836,-3.105359,-68.36592,0.4943195,-0.1199938,0.2384245,-0.1213391,0.2211381,0.5573344,0.1106493,2.106361,22,22,22,22,22,22,22,22,22,22,22,22,22,22,22,22
93,930,-35.22944,-52.23997,-17.3599,-12.30465,-10.97661,-9.998661,-8.807613,-8.779841,-8.171261,-8.366502,-4.753418,-6.178834,-3.218972,-3.942444,-1.910191,-0.3620828,23,23,23,23,23,23,23,23,23,23,23,23,23,23,23,23,93,930,-3.900447,-4.21764,-2.619078,-2.973406,9.980413,7.485477,-2.220243,-3.129095,-3.10681,-3.348079,-3.548355,-2.693711,-2.048212,-2.561868,-2.409086,-2.260853,23,23,23,23,23,23,23,23,23,23,23,23,23,23,23,23,93,930,-1.378677,-4.860735,-1.914774,-2.321846,-2.199716,-2.80447,-2.976055,-67.70973,0.2471144,0.8478355,0.8344296,0.7275977,0.4413579,0.3349972,0.1106493,0.9359993,22,22,22,22,22,22,22,22,22,22,22,22,22,22,22,22
94,940,-36.31152,-52.96553,-17.85224,-14.25313,-10.37326,-10.9858,-8.169529,-9.532178,-7.923857,-9.841669,-4.872229,-7.187449,-4.172736,-4.300849,-2.626505,-0.8448914,23,23,23,23,23,23,23,23,23,23,23,23,23,23,23,23,94,940,-5.51443,-4.744837,-3.273821,-3.619801,10.37442,8.344691,-2.089642,-3.520233,-2.977361,-3.991939,-2.234131,-1.750934,-2.304227,-2.116337,-2.047738,-2.260853,23,23,23,23,23,23,23,23,23,23,23,23,23,23,23,23,94,940,-2.757373,-4.732822,-2.425952,-2.450836,-2.199716,-2.549684,-2.20023,-68.47529,-0.1236933,-0.8458642,-0.3575803,-0.4851668,-0.2191571,0.001439162,0.2213179,1.755254,22,22,22,22,22,22,22,22,22,22,22,22,22,22,22,22
95,950,-37.15313,-53.81201,-17.85224,-15.22737,-11.21796,-10.73902,-8.55238,-9.030622,-9.037177,-9.595807,-5.585087,-7.817833,-5.245721,-5.137128,-2.387734,-1.206997,23,23,23,23,23,23,23,23,23,23,23,23,23,23,23,23,95,950,-4.438442,-3.954041,-2.880975,-3.878359,10.76848,7.853748,-2.089642,-2.868335,-3.10681,-4.120711,-2.759819,-2.424346,-1.920204,-2.116337,-1.44549,-2.034764,23,23,23,23,23,23,23,23,23,23,23,23,23,23,23,23,95,950,-2.297807,-4.476996,-1.403597,-2.321846,-2.588284,-2.80447,-2.846751,-67.70973,0.370717,0.4849004,0.3576256,0.2424919,0.3312721,-0.1097286,0.1105947,1.63822,22,22,22,22,22,22,22,22,22,22,22,22,22,22,22,22
96,960,-38.35543,-53.57016,-18.59074,-14.61847,-11.94199,-10.36884,-8.169529,-8.779841,-7.923857,-10.08753,-6.297449,-8.069987,-5.841823,-5.256597,-4.41729,2.247436E-05,23,23,23,23,23,23,23,23,23,23,23,23,23,23,23,23,96,960,-5.110934,-3.426843,-3.404769,-3.361243,9.84906,8.467465,-2.873249,-2.868335,-3.883502,-2.832992,-2.102707,-1.481569,-2.560242,-1.893571,-1.686389,-1.582583,23,23,23,23,23,23,23,23,23,23,23,23,23,23,23,23,96,960,-2.757373,-5.116561,-2.553746,-2.192857,-2.588284,-2.167505,-2.070926,-68.03783,-0.2472958,-0.482929,-0.7151831,-0.4851668,-0.1090713,0.5572814,-0.1107424,0.9360057,22,22,22,22,22,22,22,22,22,22,22,22,22,22,22,22
97,970,-41.48143,-53.93294,-19.82158,-17.17586,-14.23476,-10.61562,-9.828547,-8.905231,-8.542367,-8.981154,-7.602912,-7.94391,-7.034028,-6.929153,-5.014218,0.6035329,23,23,23,23,23,23,23,23,23,23,23,23,23,23,23,23,97,970,-5.648981,-3.558643,-3.535717,-2.844127,10.50577,8.344691,-2.481445,-2.998715,-4.1424,-2.446676,-1.70844,-2.289664,-2.048212,-1.893571,-1.806839,-2.260853,23,23,23,23,23,23,23,23,23,23,23,23,23,23,23,23,97,970,-2.297756,-4.476996,-1.78698,-2.063867,-2.588284,-3.059256,-2.458838,-68.58464,0.1235119,0.0009856612,0.1192237,0.2424919,-0.1090713,1.113124,0.442602,0.4678584,22,22,22,22,22,22,22,22,22,22,22,22,22,22,22,22
98,980,-40.76004,-54.77942,-21.17551,-18.88078,-15.92418,-12.96009,-9.828547,-10.15912,-8.294963,-9.104086,-7.721591,-9.204679,-7.749352,-6.690218,-4.894832,-0.7241912,23,23,23,23,23,23,23,23,23,23,23,23,23,23,23,23,98,980,-5.514482,-4.085841,-3.928563,-2.585569,11.03119,7.117257,-2.350844,-3.520233,-3.495156,-2.317904,-1.971284,-3.367123,-1.536185,-2.561868,-2.168187,-2.034764,23,23,23,23,23,23,23,23,23,23,23,23,23,23,23,23,98,980,-2.067972,-4.349082,-2.553746,-2.321846,-1.811148,-2.677078,-1.812318,-67.8191,0.7415238,0.2429414,0.1192237,-6.100183E-05,-0.3292429,0.1126086,0.5532706,1.404147,22,22,22,22,22,22,22,22,22,22,22,22,22,22,22,22
99,990,-37.87452,-52.96553,-19.6985,-17.78476,-13.99342,-11.84955,-10.08378,-10.28452,-8.418665,-9.718739,-6.772161,-9.078602,-7.39169,-7.287558,-5.252989,-0.3620844,23,23,23,23,23,23,23,23,23,23,23,23,23,23,23,23,99,990,-5.783479,-5.140236,-3.666615,-3.231964,11.03119,7.362754,-1.697838,-2.998715,-3.365707,-1.931588,-1.577019,-2.424346,-2.048212,-2.22772,-2.168187,-2.939123,23,23,23,23,23,23,23,23,23,23,23,23,23,23,23,23,99,990,-2.297756,-5.244473,-2.170362,-2.450836,-2.458762,-2.931863,-3.493271,-68.47529,0.4943195,0.2429414,0.3576256,-6.100183E-05,0.1111004,0.2237764,0.1105947,1.170079,22,22,22,22,22,22,22,22,22,22,22,22,22,22,22,22
100,1000,-39.55774,-54.17479,-20.43701,-19.12434,-14.47611,-13.45366,-10.84948,-10.66068,-9.655689,-10.94804,-8.314983,-9.078602,-7.868572,-8.481611,-5.014218,-0.7241912,23,23,23,23,23,23,23,23,23,23,23,23,23,23,23,23,100,1000,-6.590471,-5.931032,-3.797563,-2.585569,10.37442,7.853748,-2.612047,-4.041747,-2.589014,-2.317904,-2.234131,-1.616252,-2.304227,-2.89602,-2.529536,-2.034764,23,23,23,23,23,23,23,23,23,23,23,23,23,23,23,23,100,1000,-3.446671,-4.732821,-2.425951,-3.095835,-2.199716,-2.040112,-3.105359,-68.80338,-0.1236933,0.4849004,-0.4767815,-0.9702727,-0.4393288,-0.1097286,-0.221411,1.053039,22,22,22,22,22,22,22,22,22,22,22,22,22,22,22,22
101,1010,-40.15889,-54.53756,-21.91401,-21.55995,-15.92418,-13.20687,-10.59425,-10.4099,-9.531987,-10.33339,-7.721591,-8.322141,-7.749352,-7.645967,-5.730532,-0.2413826,23,23,23,23,23,23,23,23,23,23,23,23,23,23,23,23,101,1010,-6.186975,-5.272035,-3.797563,-2.197731,9.980413,8.099194,-3.395654,-3.91137,-2.200668,-2.06036,-2.628399,-1.616252,-2.432235,-2.004954,-2.409086,-2.147807,23,23,23,23,23,23,23,23,23,23,23,23,23,23,23,23,101,1010,-2.642429,-4.732821,-2.553745,-2.192908,-2.329292,-2.80447,-3.363967,-68.58464,0.2471144,0.1219651,0.7152284,0.4850448,0.3312721,0.5572814,0.442602,1.170079,22,22,22,22,22,22,22,22,22,22,22,22,22,22,22,22
102,1020,-38.71613,-53.69109,-22.28327,-19.61146,-16.2862,-13.70044,-11.10472,-11.03685,-10.2742,-10.21046,-8.671017,-9.330755,-9.060777,-7.526496,-6.446846,-0.4827861,23,23,23,23,23,23,23,23,23,23,23,23,23,23,23,23,102,1020,-6.590471,-5.140236,-3.797563,-3.490522,9.980413,8.221968,-2.873249,-3.129095,-2.589014,-2.317904,-2.496975,-1.481569,-2.304227,-2.116337,-2.409086,-1.921718,23,23,23,23,23,23,23,23,23,23,23,23,23,23,23,23,102,1020,-2.872213,-4.860734,-2.425951,-3.224825,-2.329292,-1.912719,-2.458838,-68.36592,0.1235119,0.2429414,0.4768264,0.1212171,-0.6595004,-0.8879082,0.3319334,1.521187,22,22,22,22,22,22,22,22,22,22,22,22,22,22,22,22
103,1030,-39.43751,-53.57016,-21.54477,-18.759,-16.16552,-13.94723,-12.5085,-11.78919,-11.38752,-11.43977,-9.027053,-10.46545,-9.895321,-9.197625,-6.446846,2.247436E-05,23,23,23,23,23,23,23,23,23,23,23,23,23,23,23,23,103,1030,-5.379983,-3.954041,-3.142821,-2.973406,10.76848,7.240031,-3.526258,-2.477201,-2.200668,-2.06036,-2.102707,-2.559028,-3.200276,-2.116337,-2.047738,-2.373899,23,23,23,23,23,23,23,23,23,23,23,23,23,23,23,23,103,1030,-1.723299,-4.604908,-2.170362,-1.676948,-2.070246,-2.42229,-3.234661,-68.69401,0.4943195,-0.2409733,0.4768264,0.4850448,-0.1090713,0.001439162,0.1105947,0.8189656,22,22,22,22,22,22,22,22,22,22,22,22,22,22,22,22
104,1040,-38.5959,-52.60275,-21.79093,-20.95105,-17.49292,-14.68758,-12.12565,-11.16224,-10.76901,-11.68563,-9.027053,-10.33937,-9.895321,-9.674968,-7.521317,-0.1206793,23,23,23,23,23,23,23,23,23,23,23,23,23,23,23,23,104,1040,-5.110986,-3.822242,-3.404718,-2.973406,10.76848,6.258043,-1.959043,-2.737958,-2.589014,-2.832992,-2.496975,-2.289664,-2.304227,-1.893571,-2.529536,-2.713034,23,23,23,23,23,23,23,23,23,23,23,23,23,23,23,23,104,1040,-3.331779,-4.988647,-2.68154,-2.321897,-1.940724,-1.275753,-2.458838,-68.47529,0.1235119,0.1219651,2.247436E-05,-6.100183E-05,-0.7695863,0.5572814,-0.1107424,1.053039,22,22,22,22,22,22,22,22,22,22,22,22,22,22,22,22
105,1050,-39.67797,-53.93294,-22.0371,-21.43817,-16.76888,-15.42794,-12.12565,-11.91458,-10.52161,-12.66908,-9.027053,-10.96975,-9.299219,-9.913639,-7.043774,-0.6034895,23,23,23,23,23,23,23,23,23,23,23,23,23,23,23,23,105,1050,-3.766001,-3.822242,-3.273769,-2.973406,10.89983,6.380817,-2.612049,-1.825303,-2.977308,-1.931588,-2.759819,-3.097758,-2.048212,-2.450485,-2.288637,-3.391304,23,23,23,23,23,23,23,23,23,23,23,23,23,23,23,23,105,1050,-1.953083,-5.244473,-2.553745,-2.192908,-2.070246,-2.294898,-3.234661,-69.13146,0.1235119,0.2429414,2.247436E-05,0.1212171,0.1111004,0.1126086,0.6639391,1.75526,22,22,22,22,22,22,22,22,22,22,22,22,22,22,22,22
106,1060,-40.15889,-54.53756,-22.52944,-19.9768,-16.88955,-14.93437,-13.2742,-12.7923,-12.12974,-13.03787,-9.620446,-10.84368,-9.537659,-10.51032,-7.401931,-0.3620844,23,23,23,23,23,23,23,23,23,23,23,23,23,23,23,23,106,1060,-3.766001,-3.558643,-3.404718,-3.231964,9.980413,6.87176,-2.089645,-2.477201,-2.71841,-1.674044,-2.365551,-3.097758,-2.048212,-1.55942,-2.890884,-3.165212,23,23,23,23,23,23,23,23,23,23,23,23,23,23,23,23,106,1060,-3.331779,-5.500299,-2.809334,-2.450887,-1.811201,-2.294898,-1.812317,-68.58464,-9.070009E-05,0.2429414,0.3576256,-0.4851668,-0.8796753,-0.6655709,0.2212649,1.053039,22,22,22,22,22,22,22,22,22,22,22,22,22,22,22,22
107,1070,-40.39935,-53.93294,-21.91401,-20.09858,-16.40687,-14.93437,-11.99803,-12.16536,-10.64531,-11.31684,-9.620446,-10.46545,-9.7761,-9.078289,-8.11758,-0.3620844,23,23,23,23,23,23,23,23,23,23,23,23,23,23,23,23,107,1070,-3.093508,-3.558643,-3.273769,-2.456289,10.37442,7.485477,-2.089645,-1.564546,-3.106756,-1.802816,-3.022721,-3.23244,-1.920204,-2.004954,-2.770435,-2.939123,23,23,23,23,23,23,23,23,23,23,23,23,23,23,23,23,107,1070,-1.953083,-4.476995,-3.064923,-2.579877,-1.681678,-2.294898,-2.717445,-69.3502,0.1235119,0.3639209,0.3576256,0.9701506,0.2211862,-0.1097286,0.6639391,1.404147,22,22,22,22,22,22,22,22,22,22,22,22,22,22,22,22
108,1080,-42.80396,-54.53756,-25.36037,-22.65597,-19.303,-15.18115,-12.89135,-12.29075,-12.12974,-11.07098,-10.33252,-10.33937,-9.7761,-8.958954,-6.924388,0.241426,23,23,23,23,23,23,23,23,23,23,23,23,23,23,23,23,108,1080,-2.95901,-3.426843,-2.488079,-2.32701,9.84906,7.976471,-1.828442,-1.955683,-2.588961,-2.317904,-3.548412,-2.154981,-1.664193,-2.116337,-3.131783,-1.808675,23,23,23,23,23,23,23,23,23,23,23,23,23,23,23,23,108,1080,-2.067972,-4.988647,-2.809334,-2.837856,-2.329292,-1.403147,-2.458838,-68.47529,-9.070009E-05,0.1219651,0.2384245,-0.1213423,0.001014557,-0.4432345,0.442602,1.053039,22,22,22,22,22,22,22,22,22,22,22,22,22,22,22,22
109,1090,-42.5635,-55.02127,-25.60654,-22.77775,-18.09628,-15.42794,-12.25327,-12.16536,-10.89271,-11.07098,-9.620446,-9.582911,-8.941555,-9.197625,-7.998368,-0.1206793,23,23,23,23,23,23,23,23,23,23,23,23,23,23,23,23,109,1090,-3.631502,-3.295044,-2.619027,-3.231964,9.717708,7.117257,-2.481449,-2.477201,-2.200615,-2.70422,-3.022721,-2.154981,-1.536185,-3.452935,-2.770435,-2.599988,23,23,23,23,23,23,23,23,23,23,23,23,23,23,23,23,109,1090,-1.723299,-4.860734,-3.064923,-2.450887,-2.199769,-2.294898,-2.717445,-69.24083,0.370717,-0.2409733,0.7152284,0.4850416,-0.5494627,-0.7767403,0.1105947,0.9360057,22,22,22,22,22,22,22,22,22,22,22,22,22,22,22,22
110,1100,-45.08834,-54.29572,-24.49879,-20.5857,-15.44148,-13.57705,-10.2114,-10.91146,-10.2742,-10.08753,-8.55234,-8.700372,-8.345452,-8.720283,-6.566231,-0.1206793,23,23,23,23,23,23,23,23,23,23,23,23,23,23,23,23,110,1100,-2.555514,-3.031445,-2.226182,-3.102685,10.24307,7.362754,-2.350847,-2.477201,-1.81227,-3.476851,-3.022721,-2.020299,-2.304227,-2.22772,-2.288637,-2.599988,23,23,23,23,23,23,23,23,23,23,23,23,23,23,23,23,110,1100,-2.297756,-5.500299,-2.298157,-3.095835,-2.329292,-2.040112,-2.717445,-69.02211,-0.7417052,0.6058798,0.7152284,0.1212106,-0.7696344,-0.4431823,-0.1107424,1.404147,22,22,22,22,22,22,22,22,22,22,22,22,22,22,22,22
111,1110,-41.12074,-55.14219,-22.0371,-19.12434,-13.75208,-12.7133,-8.807613,-10.15912,-9.779391,-10.33339,-9.145732,-9.582911,-8.822333,-9.078289,-6.446846,-0.3620844,23,23,23,23,23,23,23,23,23,23,23,23,23,23,23,23,111,1110,-2.690013,-2.636047,-2.619027,-3.231964,10.11177,7.730974,-2.220245,-2.998715,-2.588961,-3.348079,-2.365609,-2.693711,-2.176219,-1.893571,-2.167701,-2.260853,23,23,23,23,23,23,23,23,23,23,23,23,23,23,23,23,111,1110,-1.608406,-4.604908,-3.064923,-2.321897,-1.940724,-2.677077,-3.234661,-69.24083,-0.1236933,0.1219651,0.7152284,0.6063164,-0.6595486,-0.4431823,-1.765843E-05,1.170079,22,22,22,22,22,22,22,22,22,22,22,22,22,22,22,22
112,1120,-40.76004,-53.93294,-22.52944,-18.759,-14.59678,-11.72616,-9.190464,-10.03374,-9.284581,-9.472878,-8.077625,-7.943911,-7.153246,-7.407083,-6.088689,-0.1206761,23,23,23,23,23,23,23,23,23,23,23,23,23,23,23,23,112,1120,-3.497004,-2.372448,-1.964285,-3.361243,10.89983,7.730974,-2.350847,-1.825303,-2.71841,-2.961763,-2.365609,-2.289664,-2.304227,-2.004954,-2.047231,-2.260853,23,23,23,23,23,23,23,23,23,23,23,23,23,23,23,23,112,1120,-2.757321,-5.500299,-3.064923,-2.579877,-2.329292,-1.530539,-2.717445,-69.02211,-0.2472958,1.089795,0.4768264,-6.421245E-05,-0.6595486,-0.2208451,-0.2213548,1.287113,22,22,22,22,22,22,22,22,22,22,22,22,22,22,22,22
113,1130,-37.75428,-53.44923,-21.54477,-16.44518,-13.02805,-11.60277,-9.190464,-9.532178,-9.284581,-8.981154,-8.671017,-8.196065,-7.74935,-7.884955,-7.759945,2.729029E-05,23,23,23,23,23,23,23,23,23,23,23,23,23,23,23,23,113,1130,-3.227955,-2.108849,-3.273769,-2.585569,10.63713,7.485477,-2.612049,-2.086064,-2.847859,-3.348079,-2.102765,-2.289664,-2.560242,-1.782188,-2.890524,-1.808675,23,23,23,23,23,23,23,23,23,23,23,23,23,23,23,23,113,1130,-1.953134,-4.349082,-3.320512,-2.192908,-1.811201,-2.677077,-3.49327,-68.91274,0.370717,-0.1199938,-0.1191783,1.091426,-0.2192053,-0.1096773,-1.765843E-05,1.63822,22,22,22,22,22,22,22,22,22,22,22,22,22,22,22,22
114,1140,-38.23521,-53.69109,-22.28327,-16.20162,-13.6314,-10.61562,-9.828547,-10.03374,-10.2742,-8.858225,-9.027053,-8.196065,-8.226232,-8.123604,-5.969303,-0.2413778,23,23,23,23,23,23,23,23,23,23,23,23,23,23,23,23,114,1140,-2.958958,-2.372448,-3.273769,-3.361243,10.63713,7.853748,-2.612049,-2.086064,-3.365654,-2.575448,-1.839918,-2.020299,-2.688246,-2.004954,-2.649583,-2.034764,23,23,23,23,23,23,23,23,23,23,23,23,23,23,23,23,114,1140,-2.297807,-5.500301,-3.703896,-2.579877,-2.070246,-2.040112,-2.458838,-68.58464,-0.1236933,0.3639209,0.8344296,0.3637635,0.0009663975,-0.5543509,-1.765843E-05,0.8189656,22,22,22,22,22,22,22,22,22,22,22,22,22,22,22,22
115,1150,-38.5959,-53.20738,-21.79093,-16.44518,-12.18334,-9.875269,-8.041912,-9.2814,-8.418665,-8.366502,-7.958948,-8.700372,-7.391688,-6.929208,-6.088689,-0.1206761,23,23,23,23,23,23,23,23,23,23,23,23,23,23,23,23,115,1150,-2.420964,-2.767846,-3.666666,-2.844127,10.63713,7.608251,-2.873252,-1.825303,-2.847859,-1.802816,-2.102765,-2.559028,-1.664193,-1.782188,-1.565349,-2.373899,23,23,23,23,23,23,23,23,23,23,23,23,23,23,23,23,115,1150,-1.953134,-4.476996,-3.448308,-2.450887,-1.811201,-2.549684,-3.234661,-69.3502,-9.070009E-05,0.1219651,0.3576256,-6.421245E-05,-0.3292911,-0.1096773,0.1106509,0.584892,22,22,22,22,22,22,22,22,22,22,22,22,22,22,22,22
116,1160,-38.95659,-54.29572,-22.0371,-18.88078,-12.66603,-10.49223,-8.169529,-10.15912,-8.789773,-9.718739,-8.077625,-8.448218,-6.795585,-8.362275,-6.685617,-0.7241865,23,23,23,23,23,23,23,23,23,23,23,23,23,23,23,23,116,1160,-1.748471,-2.372448,-3.011924,-2.456289,11.16254,7.608251,-1.697842,-2.086064,-1.941719,-1.158956,-1.708498,-1.750934,-1.920204,-2.116337,-2.047231,-2.034764,23,23,23,23,23,23,23,23,23,23,23,23,23,23,23,23,116,1160,-1.953134,-5.116561,-3.064924,-2.708815,-2.070246,-1.912719,-1.424405,-68.25655,0.1235119,0.968815,0.4768264,-0.2426171,-0.3292911,-0.6655195,0.2213195,1.170073,22,22,22,22,22,22,22,22,22,22,22,22,22,22,22,22
117,1170,-41.60166,-55.50497,-22.40635,-18.02832,-13.14871,-11.47937,-8.807613,-10.15912,-9.160879,-9.964601,-8.433661,-8.700372,-7.510908,-8.004269,-5.730532,-0.8448882,23,23,23,23,23,23,23,23,23,23,23,23,23,23,23,23,117,1170,-2.017468,-3.031445,-2.357181,-2.714848,11.03119,6.994534,-2.350847,-2.868335,-2.071166,-2.446676,-1.708498,-2.828393,-1.920204,-2.784637,-2.288172,-2.147807,23,23,23,23,23,23,23,23,23,23,23,23,23,23,23,23,117,1170,-2.068023,-4.22117,-3.192719,-2.450836,-1.681626,-2.42229,-2.329533,-68.91274,-0.1236933,-0.1199938,0.5960276,-0.1213423,0.1110522,-0.4431823,-1.765843E-05,0.701932,22,22,22,22,22,22,22,22,22,22,22,22,22,22,22,22
118,1180,-41.0005,-55.02127,-22.77561,-19.48968,-13.87275,-10.86241,-7.914296,-8.779841,-8.294963,-9.227015,-7.958948,-8.700372,-7.86857,-8.24294,-7.401931,2.729029E-05,23,23,23,23,23,23,23,23,23,23,23,23,23,23,23,23,118,1180,-2.420964,-3.295044,-2.357181,-2.456289,10.89983,7.853748,-2.089645,-2.868335,-2.459514,-1.545272,-1.839918,-2.020299,-1.536185,-2.339102,-1.685819,-2.599988,23,23,23,23,23,23,23,23,23,23,23,23,23,23,23,23,118,1180,-1.72335,-4.604909,-3.320513,-2.063867,-1.811148,-1.912668,-2.329533,-68.25655,-0.7417052,0.0009856612,2.247436E-05,-0.7277229,-0.7696344,-0.3320145,-0.2213548,1.404147,22,22,22,22,22,22,22,22,22,22,22,22,22,22,22,22
119,1190,-45.3288,-54.77942,-26.34505,-23.50843,-18.8203,-11.84955,-9.318081,-9.156011,-9.160879,-7.99771,-8.789696,-7.817834,-7.98779,-7.407083,-7.640703,-0.2413778,23,23,23,23,23,23,23,23,23,23,23,23,23,23,23,23,119,1190,-2.824459,-3.822242,-2.357181,-1.809894,10.76848,7.853748,-2.612047,-3.259472,-2.330065,-1.802816,-2.234186,-1.346885,-1.28017,-2.784637,-2.167701,-1.356495,23,23,23,23,23,23,23,23,23,23,23,23,23,23,23,23,119,1190,-1.493566,-3.837432,-3.192719,-2.321846,-1.42258,-1.148309,-1.941621,-68.14719,0.2471144,0.4849004,0.3576256,0.6063164,0.3312239,-0.1096773,-1.765843E-05,1.755254,22,22,22,22,22,22,22,22,22,22,22,22,22,22,22,22
120,1200,-43.40511,-55.62591,-25.23729,-22.65597,-17.73425,-12.34312,-9.573316,-9.782955,-8.789773,-9.104086,-8.196304,-8.448218,-7.98779,-7.884955,-6.805002,-0.7241865,23,23,23,23,23,23,23,23,23,23,23,23,23,23,23,23,120,1200,-2.958958,-3.690442,-2.357181,-2.197731,10.89983,7.730974,-2.873249,-3.389907,-2.200615,-1.931588,-2.497033,-1.346885,-2.688246,-2.561868,-2.047231,-2.034764,23,23,23,23,23,23,23,23,23,23,23,23,23,23,23,23,120,1200,-1.72335,-4.988649,-3.192719,-2.063867,-1.940671,-1.530488,-2.329533,-68.58464,-0.2472958,-0.724888,1.072832,-6.421245E-05,-0.6595486,-0.3320145,-0.2213548,0.8189656,22,22,22,22,22,22,22,22,22,22,22,22,22,22,22,22
121,1210,-42.44327,-54.29572,-23.39103,-18.63722,-15.56216,-11.60277,-8.679997,-9.156009,-8.294963,-8.612363,-8.077625,-8.826448,-8.703114,-8.600946,-7.163159,0.3621342,23,23,23,23,23,23,23,23,23,23,23,23,23,23,23,23,121,1210,-2.555462,-2.899646,-2.226233,-2.585569,10.37442,8.099194,-2.350844,-2.086118,-1.812323,-0.6438683,-2.234186,-1.616252,-2.432235,-2.450485,-1.685819,-1.582583,23,23,23,23,23,23,23,23,23,23,23,23,23,23,23,23,121,1210,-1.838242,-4.22117,-3.320513,-2.837805,-1.034013,-1.275702,-1.941621,-68.03783,-0.3708984,-0.2409733,0.2384245,0.3637635,0.2211381,0.001491334,-1.765843E-05,1.63822,22,22,22,22,22,22,22,22,22,22,22,22,22,22,22,22
122,1220,-39.43751,-54.53756,-20.92934,-17.5412,-14.23476,-11.97294,-9.573316,-10.4099,-9.531987,-9.349947,-7.721591,-8.952526,-8.345452,-9.31696,-7.282545,-0.4827814,23,23,23,23,23,23,23,23,23,23,23,23,23,23,23,23,122,1220,-3.362453,-2.372448,-2.48813,-2.973406,11.16254,7.240031,-2.742647,-1.825358,-1.682874,-2.189132,-1.182806,-2.424346,-2.304227,-1.893571,-1.324408,-2.260853,23,23,23,23,23,23,23,23,23,23,23,23,23,23,23,23,122,1220,-1.838242,-4.476996,-3.064924,-2.321846,-1.681626,-1.785275,-1.165797,-67.60036,-0.4945005,-0.2409669,0.2384245,0.7275946,0.0009663975,-0.4431823,-0.3320249,1.170073,22,22,22,22,22,22,22,22,22,22,22,22,22,22,22,22
123,1230,-39.67797,-54.17479,-21.2986,-18.1501,-15.20015,-12.21973,-9.573316,-10.91146,-9.903093,-10.70218,-9.027053,-9.835064,-8.703114,-8.720283,-6.32746,-0.4827814,23,23,23,23,23,23,23,23,23,23,23,23,23,23,23,23,123,1230,-2.689961,-2.372448,-1.964336,-4.007638,11.16254,6.749037,-2.350844,-1.694981,-2.330117,-2.575448,-1.445654,-2.559028,-2.176219,-1.670805,-1.92676,-1.921718,23,23,23,23,23,23,23,23,23,23,23,23,23,23,23,23,123,1230,-2.182915,-4.093257,-2.93713,-2.321846,-1.293058,-2.04006,-3.49327,-69.02211,-9.070009E-05,-0.1199906,0.2384245,1.091426,0.3312239,0.001491334,-1.765843E-05,1.170073,22,22,22,22,22,22,22,22,22,22,22,22,22,22,22,22
124,1240,-39.7982,-53.69109,-20.92934,-19.00256,-15.07947,-11.72616,-8.93523,-10.15912,-9.408285,-8.981155,-8.55234,-8.448218,-7.391688,-6.690273,-5.491761,-0.7241865,23,23,23,23,23,23,23,23,23,23,23,23,23,23,23,23,124,1240,-2.689961,-2.240649,-2.750027,-3.878359,11.03119,6.626314,-2.089642,-1.564601,-1.812323,-2.446676,-1.839918,-2.424295,-1.408177,-2.004954,-1.80629,-2.826077,23,23,23,23,23,23,23,23,23,23,23,23,23,23,23,23,124,1240,-2.182915,-5.500301,-3.959484,-1.934877,-1.552103,-1.530488,-1.812317,-67.38165,-0.7417052,0.0009888718,0.1192237,-0.2426171,-0.6595486,-1.33253,-0.6640306,0.8189656,22,22,22,22,22,22,22,22,22,22,22,22,22,22,22,22
125,1250,-39.43751,-53.32831,-21.66785,-17.41942,-16.40687,-11.84955,-10.84948,-10.66068,-10.3979,-9.595808,-9.145732,-8.826448,-8.703064,-6.451335,-5.730532,0.3621342,23,23,23,23,23,23,23,23,23,23,23,23,23,23,23,23,125,1250,-1.613972,-2.108849,-3.535717,-4.007638,10.76848,6.258043,-1.95904,-1.564601,-1.682874,-2.06036,-1.839918,-2.828342,-1.664141,-2.339102,-2.288172,-3.165212,23,23,23,23,23,23,23,23,23,23,23,23,23,23,23,23,125,1250,-1.72335,-3.837432,-3.83169,-2.579826,-1.034013,-1.148309,-3.363966,-69.02211,-9.070009E-05,-0.6039053,-0.1191783,0.3637635,0.3312753,-0.6655195,-0.4426935,0.701932,22,22,22,22,22,22,22,22,22,22,22,22,22,22,22,22
126,1260,-40.63981,-54.17479,-21.05243,-17.5412,-16.04485,-12.58991,-10.84948,-11.03685,-9.284581,-10.08753,-9.027053,-10.21329,-8.226182,-6.929204,-4.894832,-0.7241865,23,23,23,23,23,23,23,23,23,23,23,23,23,23,23,23,126,1260,-2.017468,-1.581651,-3.011924,-2.714848,10.50577,6.13532,-1.95904,-1.43422,-2.718463,-1.802816,-2.234186,-3.232389,-1.792149,-1.893519,-2.770053,-2.713034,23,23,23,23,23,23,23,23,23,23,23,23,23,23,23,23,126,1260,-2.182915,-4.860736,-3.703896,-2.579826,-1.552103,-1.657881,-1.424405,-67.60036,-0.4945005,0.6058831,0.1192237,-6.421245E-05,-0.1090681,-0.7766882,-0.6640306,1.52118,22,22,22,22,22,22,22,22,22,22,22,22,22,22,22,22
127,1270,-38.23521,-52.8446,-19.45233,-14.86203,-13.39006,-11.10919,-9.318081,-9.782955,-9.037177,-9.472878,-8.789696,-8.952526,-8.583844,-7.048672,-4.894832,0.2414308,23,23,23,23,23,23,23,23,23,23,23,23,23,23,23,23,127,1270,-1.613972,-2.108849,-3.535717,-3.102685,9.84906,6.994534,-1.82844,-2.216495,-2.589014,-1.674044,-3.154141,-2.289612,-1.920153,-1.670753,-2.770435,-2.599988,23,23,23,23,23,23,23,23,23,23,23,23,23,23,23,23,127,1270,-1.838242,-3.837432,-3.192719,-2.708815,-1.811148,-1.148309,-4.010486,-69.24083,-0.3708984,-0.6039053,0.4768264,0.2424887,0.3312753,-0.1096773,-0.5533621,1.52118,22,22,22,22,22,22,22,22,22,22,22,22,22,22,22,22
128,1280,-37.63405,-53.20738,-18.22149,-14.98382,-12.18334,-12.46651,-8.93523,-10.78607,-9.531987,-10.45632,-8.671019,-10.08722,-8.345402,-8.004269,-4.894832,-0.8448914,23,23,23,23,23,23,23,23,23,23,23,23,23,23,23,23,128,1280,-2.958958,-2.372448,-2.619078,-3.231964,9.323648,7.117257,-2.220243,-1.564601,-2.330117,-1.545272,-2.759877,-2.15493,-1.408126,-1.893519,-2.770435,-2.373957,23,23,23,23,23,23,23,23,23,23,23,23,23,23,23,23,128,1280,-1.608458,-4.988649,-3.703896,-2.579826,-2.199716,-1.785275,-2.329533,-67.27228,-0.4945005,0.3639241,0.4768264,0.8488694,-0.2191539,-0.8878568,-0.4426935,0.9359993,22,22,22,22,22,22,22,22,22,22,22,22,22,22,22,22
129,1290,-38.59589,-53.81201,-19.57542,-16.44518,-14.23476,-12.46651,-10.59425,-11.91457,-10.0268,-10.33339,-9.264411,-9.835064,-7.7493,-8.123604,-4.536675,-0.8448914,23,23,23,23,23,23,23,23,23,23,23,23,23,23,23,23,129,1290,-2.690013,-2.372448,-3.142872,-3.490522,9.586354,7.362754,-2.220243,-1.825358,-2.200668,-1.931588,-3.416989,-1.750883,-1.536134,-2.004902,-2.409086,-2.487,23,23,23,23,23,23,23,23,23,23,23,23,23,23,23,23,129,1290,-1.838239,-3.709519,-2.93713,-2.063867,-1.163535,-0.6387365,-1.295101,-68.14719,-0.6181031,-0.3619463,0.8344296,0.8488694,0.3312753,-0.1096773,-0.4426935,0.4678584,22,22,22,22,22,22,22,22,22,22,22,22,22,22,22,22
130,1300,-37.99474,-53.44007,-18.22149,-14.74025,-13.14871,-10.9858,-9.445698,-10.91146,-9.284581,-9.964601,-9.027053,-9.456833,-8.345402,-6.809734,-4.178518,-0.2413794,23,23,23,23,23,23,23,23,23,23,23,23,23,23,23,23,130,1300,-2.421016,-3.031445,-2.48813,-3.361243,9.586354,7.730974,-1.697838,-2.346875,-2.071219,-2.317904,-2.497033,-2.020247,-1.152114,-2.116285,-1.927288,-2.147865,23,23,23,23,23,23,23,23,23,23,23,23,23,23,23,23,130,1300,-1.263781,-4.860736,-3.83169,-1.676898,-1.293058,-1.148309,-0.6485803,-67.16291,-0.6181031,0.1219683,2.247436E-05,-0.2426171,0.3312753,-0.1096773,-0.3320249,1.053039,22,22,22,22,22,22,22,22,22,22,22,22,22,22,22,22
131,1310,-37.27336,-52.83555,-19.20616,-14.98382,-14.47611,-11.84955,-10.46663,-10.66068,-10.1505,-9.964601,-9.620444,-9.961141,-8.464623,-7.28761,-4.41729,0.4828327,23,23,23,23,23,23,23,23,23,23,23,23,23,23,23,23,131,1310,-2.690013,-3.558643,-3.404763,-3.74908,10.50577,7.853748,-1.567237,-2.216495,-1.941772,-3.476851,-1.708498,-2.020247,-1.664141,-2.450434,-1.806839,-1.695687,23,23,23,23,23,23,23,23,23,23,23,23,23,23,23,23,131,1310,-1.37867,-3.453692,-3.320513,-2.321846,-1.552103,-1.275702,-2.070925,-68.69401,-0.3708984,-0.2409669,0.3576256,0.4850416,0.5514469,0.446165,-0.2213548,1.287113,22,22,22,22,22,22,22,22,22,22,22,22,22,22,22,22
132,1320,-39.55774,-54.28641,-20.19084,-17.17586,-14.71745,-12.34312,-9.190464,-10.28451,-9.408285,-9.841669,-8.671019,-9.330756,-8.106962,-7.407077,-3.820361,-0.6034863,23,23,23,23,23,23,23,23,23,23,23,23,23,23,23,23,132,1320,-2.421016,-3.163244,-3.797608,-5.429708,10.76848,7.608251,-2.089642,-1.564601,-2.330117,-3.219307,-2.365609,-2.15493,-2.816203,-2.227668,-1.686389,-1.80873,23,23,23,23,23,23,23,23,23,23,23,23,23,23,23,23,132,1320,-1.723347,-4.604909,-4.08728,-2.450836,-2.329239,-2.42224,-1.165797,-67.60036,-0.7417052,-0.4829258,0.3576256,-0.1213423,-0.1090681,-0.5543509,-0.2213548,0.8189656,22,22,22,22,22,22,22,22,22,22,22,22,22,22,22,22
133,1330,-39.79819,-54.04461,-19.57542,-16.56696,-13.87275,-12.21973,-9.190464,-10.4099,-8.789773,-10.70218,-8.671019,-10.33937,-8.703064,-7.646015,-4.41729,0.2414292,23,23,23,23,23,23,23,23,23,23,23,23,23,23,23,23,133,1330,-2.95901,-2.372448,-4.45235,-5.300429,10.89983,8.099194,-2.481445,-1.043083,-2.330117,-3.476851,-1.971342,-2.15493,-2.304176,-2.227668,-2.168187,-2.147865,23,23,23,23,23,23,23,23,23,23,23,23,23,23,23,23,133,1330,-1.953128,-3.453692,-3.448308,-2.966794,-2.329239,-1.912668,-2.070925,-68.69401,-0.6181031,-0.3619463,-0.2383795,0.1212106,0.3312753,0.1126599,-0.5533621,1.404147,22,22,22,22,22,22,22,22,22,22,22,22,22,22,22,22
134,1340,-38.71612,-55.73726,-18.83691,-17.5412,-14.35545,-12.96008,-9.190464,-11.03685,-10.0268,-11.5627,-9.857802,-11.09583,-9.060725,-8.600946,-4.536675,-0.6034863,23,23,23,23,23,23,23,23,23,23,23,23,23,23,23,23,134,1340,-3.631502,-2.767846,-4.714247,-5.041871,10.76848,7.730923,-2.089642,-1.173463,-3.236258,-2.575448,-2.234186,-2.020247,-2.304176,-1.670753,-1.806839,-2.147865,23,23,23,23,23,23,23,23,23,23,23,23,23,23,23,23,134,1340,-1.953128,-4.349083,-4.598458,-3.353764,-2.329239,-2.04006,-3.105358,-67.8191,-0.3708984,-0.845861,0.1192237,0.3637635,-0.5494114,-0.5543509,-0.8853694,0.4678584,22,22,22,22,22,22,22,22,22,22,22,22,22,22,22,22
135,1350,-41.0005,-55.13274,-20.43701,-18.88078,-15.20015,-12.46651,-9.190464,-9.782955,-9.655689,-10.08753,-8.433661,-9.582911,-7.86852,-7.168139,-3.820361,-0.4827845,23,23,23,23,23,23,23,23,23,23,23,23,23,23,23,23,135,1350,-3.497004,-3.163244,-4.714247,-3.74908,10.50577,8.221917,-2.220295,-2.216495,-3.624605,-2.446676,-1.839918,-1.885565,-2.94421,-1.782136,-1.44549,-2.373957,23,23,23,23,23,23,23,23,23,23,23,23,23,23,23,23,135,1350,-2.06802,-3.453692,-3.831691,-3.224774,-1.94067,-1.657881,-2.200229,-68.25655,-0.7417052,-0.845861,0.1192237,0.7275946,0.3312753,0.3349972,-0.2213548,1.404147,22,22,22,22,22,22,22,22,22,22,22,22,22,22,22,22
136,1360,-38.83635,-54.1655,-18.96,-15.83628,-12.66603,-10.73902,-8.424763,-8.90523,-8.418665,-9.104087,-9.620444,-9.330756,-8.464623,-5.853988,-3.700975,-0.1206777,23,23,23,23,23,23,23,23,23,23,23,23,23,23,23,23,136,1360,-2.421016,-3.031445,-4.059505,-3.74908,10.37442,6.871708,-2.220295,-2.21644,-3.624605,-1.802816,-1.31423,-2.15493,-1.536134,-2.339051,-1.686389,-2.373957,23,23,23,23,23,23,23,23,23,23,23,23,23,23,23,23,136,1360,-1.953128,-4.349083,-4.08728,-2.837805,-1.94067,-1.657881,-2.458838,-67.70975,-0.9889103,-0.6039053,0.2384245,0.6063164,-0.4393256,-0.2208451,-0.1106862,1.053039,22,22,22,22,22,22,22,22,22,22,22,22,22,22,22,22
137,1370,-37.39359,-54.40731,-19.6985,-16.68874,-14.83814,-12.46651,-9.190464,-10.03373,-9.655689,-10.21046,-9.97648,-9.708987,-8.822286,-7.168139,-4.536675,0.6035361,23,23,23,23,23,23,23,23,23,23,23,23,23,23,23,23,137,1370,-2.421016,-2.636047,-3.535711,-2.714848,10.50577,7.485425,-2.089693,-2.086064,-2.071219,-2.446676,-1.182806,-2.020247,-1.280119,-2.450434,-1.56594,-2.034822,23,23,23,23,23,23,23,23,23,23,23,23,23,23,23,23,137,1370,-1.723347,-3.453692,-3.320513,-2.579826,-1.94067,-1.912668,-1.165797,-67.81911,-0.8653077,-0.7248815,2.247436E-05,0.2424887,-0.2191539,-0.1096773,-0.5533621,1.053039,22,22,22,22,22,22,22,22,22,22,22,22,22,22,22,22
138,1380,-36.43174,-53.31917,-18.96,-15.10559,-12.90738,-11.10919,-9.31808,-9.782956,-8.294963,-9.227015,-8.908375,-8.196065,-8.226182,-6.331861,-4.297904,-0.1206777,23,23,23,23,23,23,23,23,23,23,23,23,23,23,23,23,138,1380,-2.555514,-2.899646,-3.273814,-2.585569,11.16254,7.730923,-1.436688,-2.346821,-1.812323,-1.287728,-1.577074,-2.15493,-1.280119,-1.893519,-1.204591,-2.373957,23,23,23,23,23,23,23,23,23,23,23,23,23,23,23,23,138,1380,-1.493562,-4.604909,-3.831691,-2.708815,-1.811148,-1.020915,-1.683013,-67.16293,-0.2472958,-0.1199938,0.8344296,0.1212106,0.1111036,-0.6655195,-0.2213548,0.9359993,22,22,22,22,22,22,22,22,22,22,22,22,22,22,22,22
139,1390,-34.98898,-53.56098,-17.23682,-14.00957,-12.54537,-11.97294,-8.807613,-10.53529,-8.542367,-10.08753,-8.314983,-9.582911,-7.391638,-8.123604,-4.775446,2.407967E-05,23,23,23,23,23,23,23,23,23,23,23,23,23,23,23,23,139,1390,-2.286517,-3.822242,-2.880969,-2.973406,10.11172,7.853697,-1.69789,-3.389853,-1.553424,-1.802816,-1.839863,-1.750883,-1.792149,-3.118735,-2.649985,-1.469595,23,23,23,23,23,23,23,23,23,23,23,23,23,23,23,23,139,1390,-1.148889,-3.709519,-3.831691,-2.450836,-1.811148,-1.912668,-1.812317,-68.03785,-0.1236933,-0.6039085,0.2384245,0.2424887,0.001017767,0.1126599,0.1106509,1.287113,22,22,22,22,22,22,22,22,22,22,22,22,22,22,22,22
140,1400,-34.86875,-53.92369,-19.45233,-18.39366,-17.61359,-16.29169,-12.25327,-12.7923,-10.64531,-10.08753,-8.789698,-9.078602,-7.391638,-7.048672,-3.820361,-1.086295,23,23,23,23,23,23,23,23,23,23,23,23,23,23,23,23,140,1400,-3.631502,-3.558643,-3.273814,-2.585569,10.76848,7.6082,-2.8733,-1.955683,-1.682874,-1.802816,-2.365551,-1.616252,-2.816203,-1.447986,-1.686389,-1.582641,23,23,23,23,23,23,23,23,23,23,23,23,23,23,23,23,140,1400,-1.608455,-4.093257,-4.08728,-3.224774,-2.199716,-1.275702,-2.200229,-68.03785,-0.2472958,0.0009856612,-0.3575803,-0.1213423,-0.3292397,-1.110194,-0.6640306,0.9359993,22,22,22,22,22,22,22,22,22,22,22,22,22,22,22,22
141,1410,-34.02714,-52.71465,-19.94467,-18.51544,-15.56217,-13.57705,-9.573315,-10.15912,-9.037177,-7.874779,-8.077626,-7.691756,-7.033977,-5.61505,-3.820361,-0.3620828,23,23,23,23,23,23,23,23,23,23,23,23,23,23,23,23,141,1410,-4.572993,-2.767846,-2.357175,-2.973406,10.50577,7.730923,-2.8733,-1.825303,-1.294528,-1.287728,-2.234131,-1.346885,-2.048164,-1.782136,-1.325041,-2.147865,23,23,23,23,23,23,23,23,23,23,23,23,23,23,23,23,141,1410,-1.263781,-3.453692,-3.192719,-2.321846,-1.293057,-1.148309,-1.424405,-68.36594,-0.4945005,-0.482929,0.5960276,0.1212106,0.2211894,0.2238286,-0.5533621,1.170073,22,22,22,22,22,22,22,22,22,22,22,22,22,22,22,22
142,1420,-36.55198,-53.19827,-21.05243,-19.48968,-16.52754,-13.45365,-9.956164,-10.03373,-9.284581,-8.612363,-8.908375,-8.322141,-7.86852,-6.809682,-4.059133,0.7242378,23,23,23,23,23,23,23,23,23,23,23,23,23,23,23,23,142,1420,-3.631502,-2.372448,-2.488123,-2.844127,11.03119,6.380766,-3.526306,-1.694926,-1.682874,-1.674044,-1.314172,-1.346885,-2.304179,-1.670808,-1.44549,-1.921776,23,23,23,23,23,23,23,23,23,23,23,23,23,23,23,23,142,1420,-0.5744318,-3.837432,-3.959485,-2.708815,-1.552103,-1.657881,-2.070925,-67.49103,0.1235119,0.3639209,0.8344296,0.8488694,0.2211894,-0.6655701,-0.1106862,0.8189656,22,22,22,22,22,22,22,22,22,22,22,22,22,22,22,22
143,1430,-35.34967,-52.23103,-19.57542,-17.17586,-15.07947,-11.84955,-8.041912,-9.657567,-8.913475,-7.505987,-7.958949,-7.94391,-6.676315,-5.017657,-3.104047,-0.3620828,23,23,23,23,23,23,23,23,23,23,23,23,23,23,23,23,143,1430,-3.766001,-3.031445,-2.095278,-2.844127,11.29389,6.503489,-2.8733,-1.825303,-1.423977,-2.189132,-1.182752,-2.693711,-1.536137,-1.782191,-1.08409,-2.147865,23,23,23,23,23,23,23,23,23,23,23,23,23,23,23,23,143,1430,-1.263781,-3.581606,-3.703896,-2.708815,-1.681625,-1.657881,-2.84675,-68.25657,0.1235119,-0.1199938,-0.1191783,0.8488694,0.3312753,-0.2208965,-0.4426935,1.170073,22,22,22,22,22,22,22,22,22,22,22,22,22,22,22,22
144,1440,-35.34967,-52.71465,-18.96,-17.05408,-13.99343,-12.09634,-8.297147,-10.53529,-8.047559,-9.104086,-7.484234,-8.826448,-6.437875,-5.017657,-2.74589,-0.1206279,23,23,23,23,23,23,23,23,23,23,23,23,23,23,23,23,144,1440,-4.034998,-2.899646,-2.75002,-3.102685,11.16254,6.503489,-2.350895,-1.173409,-1.165079,-1.158956,-1.70844,-1.750934,-2.048164,-1.448041,-2.047686,-2.600052,23,23,23,23,23,23,23,23,23,23,23,23,23,23,23,23,144,1440,-1.263781,-4.093257,-3.959485,-2.708815,-2.199716,-1.657881,-2.588141,-67.27229,0.370717,-0.2409733,0.7152284,0.1212106,0.001017767,-0.3320643,-0.5533621,1.052981,22,22,22,22,22,22,22,22,22,22,22,22,22,22,22,22
145,1450,-35.95082,-53.56098,-19.82158,-19.3679,-14.83814,-12.46651,-9.445697,-11.16224,-9.655689,-10.08753,-8.433662,-10.08722,-7.153197,-5.973403,-2.148962,-0.7241399,23,23,23,23,23,23,23,23,23,23,23,23,23,23,23,23,145,1450,-2.824512,-2.504248,-2.357175,-2.714848,10.50577,5.889772,-1.959091,-0.7822714,-2.459567,-2.06036,-2.365551,-2.828393,-2.048164,-2.227723,-2.288585,-2.713095,23,23,23,23,23,23,23,23,23,23,23,23,23,23,23,23,145,1450,-1.493562,-3.453692,-4.08728,-2.063867,-2.070194,-1.530488,-1.941621,-68.25657,-0.1236933,-0.3619496,1.072832,0.7275946,0.1111036,0.223778,-0.8853694,0.9359479,22,22,22,22,22,22,22,22,22,22,22,22,22,22,22,22
146,1460,-36.31151,-52.60275,-19.45233,-19.00256,-15.07947,-12.21973,-8.679997,-10.28451,-8.666071,-9.595807,-7.958949,-8.700371,-6.437875,-5.376062,-2.865276,-0.7241399,23,23,23,23,23,23,23,23,23,23,23,23,23,23,23,23,146,1460,-2.95901,-2.636047,-2.357175,-2.197731,10.37442,7.362703,-1.044884,-1.303789,-2.847912,-1.802816,-2.628399,-2.693711,-2.048164,-1.336656,-2.409034,-2.37396,23,23,23,23,23,23,23,23,23,23,23,23,23,23,23,23,146,1460,-2.06802,-4.093257,-4.08728,-2.708815,-1.94067,-1.912668,-2.84675,-67.70975,-0.6181031,0.3639209,0.5960276,0.4850416,0.2211894,-0.3320643,-0.3320249,0.9359479,22,22,22,22,22,22,22,22,22,22,22,22,22,22,22,22
147,1470,-36.19128,-52.8446,-19.20616,-16.68874,-14.59679,-11.10919,-9.573315,-9.782956,-9.655689,-9.104086,-8.671019,-8.700371,-7.510859,-5.614999,-3.820361,7.384432E-05,23,23,23,23,23,23,23,23,23,23,23,23,23,23,23,23,147,1470,-2.690013,-2.504248,-2.488123,-2.714848,9.84906,6.871708,-1.69789,-1.564546,-1.941772,-1.802816,-3.285507,-2.154981,-1.792152,-2.450489,-2.649934,-2.147871,23,23,23,23,23,23,23,23,23,23,23,23,23,23,23,23,147,1470,-1.608455,-3.965345,-3.448308,-2.966794,-1.94067,-1.275702,-2.458838,-68.03785,-0.2472958,0.3639209,0.2384245,0.2424887,0.001017767,-0.2208965,-0.5533621,0.9359479,22,22,22,22,22,22,22,22,22,22,22,22,22,22,22,22
148,1480,-34.86875,-52.3609,-19.82158,-17.5412,-13.99343,-11.84955,-9.190464,-10.53529,-8.789773,-8.981154,-7.958949,-8.322141,-6.676315,-5.973403,-3.700975,-0.7241399,23,23,23,23,23,23,23,23,23,23,23,23,23,23,23,23,148,1480,-2.555514,-2.899646,-2.226227,-3.232015,10.37442,7.730923,-1.436688,-2.21644,-2.330117,-2.832992,-3.548355,-2.424346,-1.920156,-2.673254,-2.168136,-2.37396,23,23,23,23,23,23,23,23,23,23,23,23,23,23,23,23,148,1480,-1.838239,-3.453692,-3.703896,-3.224774,-2.199716,-2.167454,-2.976054,-67.92848,-0.8653077,-0.3619496,0.7152284,0.8488694,0.001017767,-0.8879073,-0.7746992,0.4678006,22,22,22,22,22,22,22,22,22,22,22,22,22,22,22,22
149,1490,-32.94506,-51.15164,-17.85224,-15.34915,-12.54537,-10.9858,-8.424763,-10.03373,-8.047559,-8.858225,-7.484234,-7.061371,-5.841771,-5.137125,-3.104047,0.3621807,23,23,23,23,23,23,23,23,23,23,23,23,23,23,23,23,149,1490,-2.01752,-2.372448,-2.619072,-3.361294,10.76848,7.976419,-2.220295,-2.21644,-1.941772,-2.70422,-2.496975,-2.289664,-1.408129,-2.450489,-2.168136,-1.808736,23,23,23,23,23,23,23,23,23,23,23,23,23,23,23,23,149,1490,-1.493562,-3.197867,-3.959484,-2.837805,-1.552154,-1.530488,-2.070925,-68.25657,-0.7417052,0.0009856612,0.3576256,0.9701474,0.5514469,0.223778,0.331988,0.9359479,22,22,22,22,22,22,22,22,22,22,22,22,22,22,22,22
150,1500,-36.07105,-52.3609,-17.48298,-16.56696,-12.54537,-12.46651,-8.55238,-10.15912,-8.666071,-8.858225,-7.009521,-8.069987,-5.722551,-5.376062,-3.700975,-1.206949,23,23,23,23,23,23,23,23,23,23,23,23,23,23,23,23,150,1500,-2.95901,-2.899646,-3.535711,-4.395527,10.24307,7.853697,-2.481497,-2.998715,-2.718463,-3.605623,-1.839863,-2.559028,-2.816206,-1.893574,-2.168136,-1.921782,23,23,23,23,23,23,23,23,23,23,23,23,23,23,23,23,150,1500,-1.608455,-4.604909,-4.726251,-3.224774,-2.588335,-2.804419,-1.424405,-67.49103,-0.3708984,-0.724888,-0.3575803,0.8488694,-0.769583,-0.4432337,-0.7746992,0.2337333,22,22,22,22,22,22,22,22,22,22,22,22,22,22,22,22
151,1510,-38.2352,-52.60275,-18.83691,-18.51544,-14.23477,-10.86241,-9.062847,-9.406788,-7.800153,-8.858225,-6.534807,-7.439602,-5.126448,-5.495532,-3.342818,-0.6034381,23,23,23,23,23,23,23,23,23,23,23,23,23,23,23,23,151,1510,-3.093509,-2.108849,-3.142866,-3.490574,10.63713,7.730923,-3.265049,-2.477201,-2.847912,-2.575448,-2.102707,-2.693711,-2.432186,-1.670808,-1.686338,-2.37396,23,23,23,23,23,23,23,23,23,23,23,23,23,23,23,23,151,1510,-1.953128,-3.709519,-4.087279,-2.837805,-2.717858,-2.04006,-1.553709,-68.1472,-0.8653077,-0.6039085,-0.2383795,0.3637635,0.8817044,0.6684517,-0.1106862,1.170022,22,22,22,22,22,22,22,22,22,22,22,22,22,22,22,22
152,1520,-38.59589,-52.23997,-20.31392,-19.3679,-14.59679,-10.12205,-9.700931,-9.406788,-7.800153,-7.628918,-7.128199,-7.061371,-5.60333,-5.137125,-3.820361,7.384432E-05,23,23,23,23,23,23,23,23,23,23,23,23,23,23,23,23,152,1520,-4.034999,-2.899646,-4.321402,-4.007689,10.63713,7.362703,-2.873246,-2.216437,-3.495156,-2.575448,-2.628399,-1.750934,-2.432186,-1.893574,-1.927237,-1.808736,23,23,23,23,23,23,23,23,23,23,23,23,23,23,23,23,152,1520,-2.182912,-4.732823,-4.215074,-3.740733,-2.976903,-2.294847,-1.165797,-67.49103,-0.6181031,-0.6039085,2.247436E-05,-6.421245E-05,0.1111036,0.3349458,-0.5533621,0.4678006,22,22,22,22,22,22,22,22,22,22,22,22,22,22,22,22
153,1530,-39.67797,-53.20738,-21.42168,-19.73324,-16.76889,-10.9858,-9.31808,-9.030621,-8.418665,-7.628918,-7.246878,-7.187449,-5.36489,-4.77872,-2.984662,0.4828825,23,23,23,23,23,23,23,23,23,23,23,23,23,23,23,23,153,1530,-3.9005,-3.426843,-4.190454,-2.844178,11.16254,7.117206,-2.08964,-3.129092,-2.977308,-1.802816,-2.496975,-2.424346,-2.176171,-2.450489,-2.288585,-2.600052,23,23,23,23,23,23,23,23,23,23,23,23,23,23,23,23,153,1530,-2.06802,-4.22117,-3.83169,-3.095784,-3.106426,-1.785275,-1.424405,-68.69402,-3.933013E-05,-0.9668437,0.3576256,0.7275946,0.1111036,0.1126094,-0.4426935,1.052981,22,22,22,22,22,22,22,22,22,22,22,22,22,22,22,22
154,1540,-39.4375,-52.96553,-20.06775,-18.27188,-15.44149,-11.47937,-9.956164,-9.657567,-7.429047,-7.751849,-6.416128,-6.809218,-4.768786,-4.300848,-2.387733,0.1207756,23,23,23,23,23,23,23,23,23,23,23,23,23,23,23,23,154,1540,-3.9005,-4.21764,-4.583299,-3.490574,11.16254,6.994483,-2.08964,-3.52023,-2.847859,-1.674044,-2.759819,-2.559028,-2.176171,-2.673254,-2.649934,-2.37396,23,23,23,23,23,23,23,23,23,23,23,23,23,23,23,23,154,1540,-2.412696,-4.349083,-4.726251,-2.966794,-2.32929,-2.294847,-1.295101,-66.83484,-0.247244,0.4849004,-0.1191783,0.8488694,0.1111036,-0.2208965,-0.3320249,1.052981,22,22,22,22,22,22,22,22,22,22,22,22,22,22,22,22
155,1550,-38.11497,-53.08646,-20.68317,-19.3679,-15.32082,-11.97294,-9.828547,-9.406788,-7.305345,-7.505987,-5.585138,-5.296296,-4.530346,-4.06191,-2.74589,0.1207756,23,23,23,23,23,23,23,23,23,23,23,23,23,23,23,23,155,1550,-4.84199,-4.613038,-3.928556,-2.973457,10.63713,8.221917,-2.742646,-3.52023,-2.330065,-2.06036,-2.496975,-2.424346,-2.304179,-3.007406,-2.288585,-1.921782,23,23,23,23,23,23,23,23,23,23,23,23,23,23,23,23,155,1550,-2.06802,-4.093257,-3.83169,-3.224774,-2.976903,-2.167454,-1.941621,-67.92848,-0.1236419,-0.1199938,0.5960276,0.2424887,-0.4393256,0.223778,-0.2213548,1.404095,22,22,22,22,22,22,22,22,22,22,22,22,22,22,22,22
156,1560,-38.35543,-54.29572,-20.56009,-20.70748,-15.32082,-12.58991,-8.935229,-9.15601,-7.181643,-7.874779,-5.466328,-6.178834,-5.36489,-5.376062,-3.462204,-1.206949,23,23,23,23,23,23,23,23,23,23,23,23,23,23,23,23,156,1560,-5.917979,-5.272035,-3.928556,-4.136969,10.63713,7.6082,-3.134449,-3.52023,-2.330065,-2.189132,-3.548355,-2.559028,-3.072221,-3.007406,-2.529484,-2.260917,23,23,23,23,23,23,23,23,23,23,23,23,23,23,23,23,156,1560,-1.838239,-4.093257,-4.342868,-3.095784,-3.235948,-2.931812,-1.424405,-67.49103,-3.933013E-05,-0.8458642,2.247436E-05,0.1212106,0.001017767,-0.6655701,-0.7746992,0.5848406,22,22,22,22,22,22,22,22,22,22,22,22,22,22,22,22
157,1570,-39.19704,-53.93294,-21.79093,-21.68172,-17.25158,-12.09634,-9.062847,-9.532178,-7.429047,-7.383032,-5.466328,-6.304911,-4.888058,-4.898189,-3.104047,-0.4827348,23,23,23,23,23,23,23,23,23,23,23,23,23,23,23,23,157,1570,-6.455973,-4.34944,-3.66666,-2.973457,10.50577,6.994483,-3.395651,-2.477198,-1.682821,-2.317904,-2.234131,-2.424346,-2.816203,-2.227723,-1.324989,-2.37396,23,23,23,23,23,23,23,23,23,23,23,23,23,23,23,23,157,1570,-2.527585,-3.837432,-3.448308,-3.224774,-2.84738,-2.294847,-2.458838,-69.13148,-0.3708466,-0.6039085,0.1192237,0.1212106,0.4413097,0.3349458,0.5533267,1.404095,22,22,22,22,22,22,22,22,22,22,22,22,22,22,22,22
158,1580,-41.24096,-53.44923,-21.05243,-19.73324,-14.83814,-10.86241,-8.55238,-8.403672,-7.305345,-6.890833,-5.466328,-5.422373,-5.603379,-4.300849,-2.984662,0.3621807,23,23,23,23,23,23,23,23,23,23,23,23,23,23,23,23,158,1580,-6.455973,-3.822242,-3.011917,-4.136969,11.16254,6.503489,-3.395651,-2.477198,-2.330065,-2.70422,-1.839863,-2.020299,-2.688195,-2.227723,-1.565888,-2.600052,23,23,23,23,23,23,23,23,23,23,23,23,23,23,23,23,158,1580,-2.06802,-4.349083,-4.470662,-3.482754,-2.84738,-2.42224,-1.683013,-66.50675,0.2471658,-0.6039085,0.1192237,0.6063164,0.0009663975,-0.6655195,-1.106707,0.7018743,22,22,22,22,22,22,22,22,22,22,22,22,22,22,22,22
159,1590,-40.88027,-52.96553,-21.54477,-18.88078,-15.32082,-10.49223,-9.445697,-9.15601,-8.542367,-7.383032,-7.128197,-7.313527,-5.841821,-5.495533,-3.939747,0.2414774,23,23,23,23,23,23,23,23,23,23,23,23,23,23,23,23,159,1590,-4.976489,-3.558643,-4.059505,-3.102736,11.16254,6.257992,-1.959038,-2.737955,-2.977308,-1.287728,-2.628399,-3.501805,-1.920153,-2.227723,-2.409034,-2.939187,23,23,23,23,23,23,23,23,23,23,23,23,23,23,23,23,159,1590,-1.608455,-3.581606,-4.087279,-2.966794,-2.976903,-1.785275,-2.717445,-69.02211,-0.247244,-0.8458642,0.4768264,0.4850416,0.5513955,-0.2208451,-0.6640306,1.287055,22,22,22,22,22,22,22,22,22,22,22,22,22,22,22,22
160,1600,-37.63405,-52.96553,-21.17551,-17.29764,-14.1141,-9.628484,-8.169529,-8.90523,-7.552749,-8.12064,-6.060092,-7.061373,-5.364939,-4.420318,-3.700975,-0.724188,23,23,23,23,23,23,23,23,23,23,23,23,23,23,23,23,160,1600,-6.455973,-4.21764,-4.059505,-3.102736,10.63713,5.889772,-2.481444,-1.694923,-2.200615,-1.674044,-2.496975,-2.963076,-2.176168,-2.004957,-3.011282,-2.713092,23,23,23,23,23,23,23,23,23,23,23,23,23,23,23,23,160,1600,-1.608455,-4.860736,-4.087279,-3.224774,-2.717858,-2.294847,-2.458838,-67.16293,-0.3708466,0.4849004,0.3576256,0.2424887,0.0009663975,-0.8878568,-1.106707,1.052981,22,22,22,22,22,22,22,22,22,22,22,22,22,22,22,22
161,1610,-35.95083,-52.72368,-19.82158,-17.41942,-13.39007,-10.49223,-8.807613,-9.15601,-7.552749,-8.858225,-5.941413,-7.691757,-5.484159,-6.570748,-4.059133,-0.4827845,23,23,23,23,23,23,23,23,23,23,23,23,23,23,23,23,161,1610,-5.379983,-3.690442,-3.535711,-2.973457,10.11172,6.994483,-2.350842,-2.346817,-2.588961,-2.06036,-2.365551,-2.424346,-1.920153,-2.673254,-2.288585,-2.600046,23,23,23,23,23,23,23,23,23,23,23,23,23,23,23,23,161,1610,-2.06802,-3.709519,-3.959484,-3.482754,-2.070245,-1.785275,-2.329533,-69.13148,-0.3708466,-0.482929,0.2384245,-0.1213423,-0.1091194,-0.1096773,-0.3320249,1.052981,22,22,22,22,22,22,22,22,22,22,22,22,22,22,22,22
162,1620,-36.67221,-53.44923,-20.43701,-18.63722,-14.47612,-11.84955,-9.062847,-9.532178,-8.171261,-9.718739,-7.365555,-8.700372,-6.318703,-6.690218,-4.059133,-1.569104,23,23,23,23,23,23,23,23,23,23,23,23,23,23,23,23,162,1620,-5.110986,-3.82219,-2.488123,-3.490574,11.29389,7.117206,-2.08964,-2.607575,-2.071166,-2.317904,-2.891243,-2.289664,-1.664141,-1.893574,-1.806787,-2.147865,23,23,23,23,23,23,23,23,23,23,23,23,23,23,23,23,162,1620,-1.953128,-4.476996,-4.854046,-2.837805,-2.32929,-2.04006,-1.424405,-67.38166,-0.1236419,0.1219651,0.7152284,1.091426,-0.2192053,-0.5543509,-0.5533621,0.8189143,22,22,22,22,22,22,22,22,22,22,22,22,22,22,22,22
163,1630,-37.39359,-53.81201,-19.45233,-16.32339,-13.39007,-10.73902,-9.190464,-9.657567,-8.171261,-9.104086,-6.416128,-8.448218,-6.080263,-5.615002,-4.536675,-0.4827845,23,23,23,23,23,23,23,23,23,23,23,23,23,23,23,23,163,1630,-4.841989,-3.426792,-2.880969,-3.619853,11.42519,7.485425,-2.742646,-1.95568,-2.588961,-3.348079,-1.839863,-1.885616,-2.304176,-2.561872,-1.686338,-2.147865,23,23,23,23,23,23,23,23,23,23,23,23,23,23,23,23,163,1630,-2.527585,-4.349083,-4.342868,-2.966794,-2.717858,-2.294847,-1.553709,-69.02211,-3.933013E-05,0.0009856612,0.3576256,1.091426,0.4413097,0.2238286,-0.4426935,1.052981,22,22,22,22,22,22,22,22,22,22,22,22,22,22,22,22
164,1640,-36.79244,-52.96553,-18.09841,-14.49669,-12.42469,-9.875269,-8.679997,-8.77984,-8.047559,-8.612363,-7.128197,-7.817834,-6.557145,-5.017659,-4.536675,-0.1206777,23,23,23,23,23,23,23,23,23,23,23,23,23,23,23,23,164,1640,-4.841989,-3.426792,-2.619072,-3.619801,10.89983,7.976419,-2.742646,-2.08606,-2.588961,-3.090535,-2.102707,-2.154981,-2.176168,-2.004957,-1.927237,-2.147865,23,23,23,23,23,23,23,23,23,23,23,23,23,23,23,23,164,1640,-1.723347,-5.116561,-4.854046,-3.740733,-2.717858,-2.167454,-2.458838,-68.1472,-0.7416539,-0.3619496,0.1192237,0.8488694,0.6614814,-0.6655195,-0.5533621,1.052981,22,22,22,22,22,22,22,22,22,22,22,22,22,22,22,22
165,1650,-39.19705,-53.3283,-18.83691,-13.64423,-12.90738,-10.61562,-10.08378,-9.532178,-9.037177,-9.841669,-7.721591,-8.322141,-7.034027,-6.451281,-4.775446,0.3621309,23,23,23,23,23,23,23,23,23,23,23,23,23,23,23,23,165,1650,-5.110986,-2.899595,-3.928556,-3.361243,11.03119,8.34464,-2.612044,-1.95568,-2.977308,-2.575448,-1.839863,-2.020299,-2.176168,-1.559424,-1.927237,-2.713092,23,23,23,23,23,23,23,23,23,23,23,23,23,23,23,23,165,1650,-2.297804,-3.965345,-4.598458,-2.966795,-2.458761,-1.785275,-1.295101,-68.03785,-0.4944491,-0.3619496,0.1192237,0.2424887,0.2211381,0.2238286,-0.8853694,0.8189143,22,22,22,22,22,22,22,22,22,22,22,22,22,22,22,22
166,1660,-38.47567,-53.3283,-18.34457,-15.83628,-13.02805,-10.49223,-9.190464,-9.15601,-7.800153,-8.612363,-7.128197,-7.691757,-6.199483,-4.659254,-3.462204,-0.724188,23,23,23,23,23,23,23,23,23,23,23,23,23,23,23,23,166,1660,-5.245485,-3.426792,-4.059505,-3.102685,11.29389,7.485425,-3.134449,-2.346817,-3.365654,-2.189132,-1.577019,-2.559028,-1.920153,-1.782191,-1.324989,-2.034822,23,23,23,23,23,23,23,23,23,23,23,23,23,23,23,23,166,1660,-2.182912,-4.860736,-4.215074,-3.869723,-2.199716,-2.294899,-2.070925,-67.16293,-3.933013E-05,-0.3619496,0.5960276,0.8488694,0.3312239,-1.110194,-0.2213548,0.4678006,22,22,22,22,22,22,22,22,22,22,22,22,22,22,22,22
167,1670,-38.95659,-52.8446,-18.71383,-14.25313,-12.90738,-11.23259,-9.31808,-9.281399,-7.800153,-9.104086,-6.772161,-7.56568,-6.795585,-6.212345,-3.462204,0.6035361,23,23,23,23,23,23,23,23,23,23,23,23,23,23,23,23,167,1670,-4.841989,-4.349388,-4.190454,-2.585569,11.29389,7.976419,-2.350895,-2.477198,-2.977308,-1.802816,-1.445596,-2.289664,-1.536134,-2.561872,-1.445439,-1.921776,23,23,23,23,23,23,23,23,23,23,23,23,23,23,23,23,167,1670,-1.953128,-4.093257,-3.703896,-2.450837,-2.199716,-1.912719,-1.553761,-68.4753,-0.1236419,-0.6039085,0.1192237,0.3637635,0.2211381,0.5573344,-0.3320249,0.8189143,22,22,22,22,22,22,22,22,22,22,22,22,22,22,22,22
168,1680,-37.99474,-53.81201,-17.97532,-14.98382,-11.94199,-10.9858,-9.445697,-10.4099,-7.429047,-10.08753,-6.890841,-8.196065,-6.199483,-6.212345,-4.536675,-1.689805,23,23,23,23,23,23,23,23,23,23,23,23,23,23,23,23,168,1680,-5.917978,-5.140184,-3.797608,-2.973406,11.42519,7.117206,-2.612098,-2.607578,-2.200615,-2.189132,-1.577019,-2.154981,-1.280119,-2.450489,-2.288585,-2.260911,23,23,23,23,23,23,23,23,23,23,23,23,23,23,23,23,168,1680,-1.608455,-4.476996,-4.598458,-3.224775,-2.070194,-2.294899,-1.941672,-67.27229,-3.933013E-05,-0.2409733,0.2384245,0.2424887,0.3312239,-0.4431823,-0.2213548,0.8189143,22,22,22,22,22,22,22,22,22,22,22,22,22,22,22,22
169,1690,-36.43175,-53.08646,-18.34457,-15.47094,-12.7867,-9.751876,-9.31808,-8.403672,-7.305345,-8.366502,-6.060092,-7.061373,-5.364939,-5.256597,-3.462204,-0.3620828,23,23,23,23,23,23,23,23,23,23,23,23,23,23,23,23,169,1690,-6.993966,-6.194579,-3.797608,-3.878359,10.76848,7.853697,-2.8733,-2.607578,-1.423977,-0.7726403,-2.365551,-1.750934,-1.536134,-3.118789,-2.047686,-1.695687,23,23,23,23,23,23,23,23,23,23,23,23,23,23,23,23,169,1690,-1.838239,-3.965345,-3.576102,-2.837806,-2.458761,-2.040112,-1.295152,-67.49103,-0.2472958,-0.3619496,0.8344296,0.2424887,0.0009663975,0.001491334,0.4426582,1.170022,22,22,22,22,22,22,22,22,22,22,22,22,22,22,22,22
170,1700,-40.63981,-52.96553,-17.60607,-14.98382,-12.90738,-10.86241,-9.828547,-9.406788,-7.800153,-8.981155,-6.534805,-7.817834,-5.484159,-6.212345,-4.894832,2.407967E-05,23,23,23,23,23,23,23,23,23,23,23,23,23,23,23,23,170,1700,-6.993966,-5.667382,-3.928556,-2.973406,10.50577,7.853697,-3.265104,-3.520233,-1.812323,-1.802816,-2.496975,-1.481569,-1.792149,-2.896024,-2.168136,-1.469595,23,23,23,23,23,23,23,23,23,23,23,23,23,23,23,23,170,1700,-1.37867,-4.732823,-4.854046,-3.095785,-2.199716,-1.912719,-2.329585,-67.70975,0.2471144,0.1219651,0.2384245,0.1212106,0.0009663975,-1.110194,-0.4426935,0.9359479,22,22,22,22,22,22,22,22,22,22,22,22,22,22,22,22
171,1710,-40.03866,-52.3609,-18.22149,-17.17586,-16.16552,-11.47937,-8.935229,-8.529061,-8.171261,-8.858225,-7.840269,-7.943911,-7.74935,-6.690218,-5.372375,0.4828327,23,23,23,23,23,23,23,23,23,23,23,23,23,23,23,23,171,1710,-6.590471,-4.612987,-3.142866,-3.231964,10.24307,7.853697,-2.742698,-2.868335,-2.200668,-1.802816,-2.234186,-1.346885,-2.176168,-2.11634,-2.288585,-2.147865,23,23,23,23,23,23,23,23,23,23,23,23,23,23,23,23,171,1710,-2.06802,-3.965345,-4.08728,-2.579826,-2.199716,-1.403147,-1.165848,-67.92848,-0.3708984,-0.9668437,-0.3575803,0.6063164,0.3312239,0.3349972,0.1106509,0.4678006,22,22,22,22,22,22,22,22,22,22,22,22,22,22,22,22
172,1720,-38.71613,-53.20738,-18.09841,-16.56696,-13.99342,-11.10919,-8.935229,-9.030621,-7.923857,-8.489432,-7.484233,-8.069987,-7.272467,-6.929153,-5.133604,-0.1206777,23,23,23,23,23,23,23,23,23,23,23,23,23,23,23,23,172,1720,-6.724969,-3.690391,-3.273814,-2.973406,11.16254,7.362703,-3.265104,-2.346821,-1.941772,-2.70422,-2.234186,-2.020299,-2.816203,-2.11634,-1.686338,-2.034822,23,23,23,23,23,23,23,23,23,23,23,23,23,23,23,23,172,1720,-1.493562,-4.22117,-4.215074,-3.224775,-2.717807,-2.422291,-1.812368,-66.83484,0.1235119,0.1219651,2.247436E-05,-0.1213423,0.2211381,-0.2208451,-0.5533621,0.7018743,22,22,22,22,22,22,22,22,22,22,22,22,22,22,22,22
173,1730,-37.15313,-52.60275,-16.37523,-14.74025,-12.7867,-10.36884,-7.403829,-8.403672,-7.676451,-8.981155,-7.128197,-8.069987,-6.557095,-7.407029,-5.730532,2.407967E-05,23,23,23,23,23,23,23,23,23,23,23,23,23,23,23,23,173,1730,-6.859468,-4.217588,-2.880969,-2.714848,11.81925,6.503489,-2.481497,-1.694926,-1.682874,-2.317904,-1.577074,-1.750934,-1.920156,-1.225273,-1.686338,-2.147865,23,23,23,23,23,23,23,23,23,23,23,23,23,23,23,23,173,1730,-1.37867,-4.22117,-4.08728,-2.708816,-2.458761,-0.7661814,-1.941672,-67.16293,-0.4945005,-0.8458642,0.1192237,0.3637635,0.2211381,0.7796716,-0.1106862,0.9359479,22,22,22,22,22,22,22,22,22,22,22,22,22,22,22,22
174,1740,-36.07106,-53.20738,-16.6214,-14.98382,-11.70065,-11.10919,-7.659062,-9.281399,-7.676451,-9.227016,-7.365555,-8.196063,-7.153197,-8.24294,-6.446846,-0.8448914,23,23,23,23,23,23,23,23,23,23,23,23,23,23,23,23,174,1740,-6.052476,-4.085789,-2.619072,-2.844127,11.42519,6.380766,-2.742698,-2.737958,-2.330117,-2.06036,-1.971342,-2.963076,-1.920156,-2.227723,-2.168136,-3.052223,23,23,23,23,23,23,23,23,23,23,23,23,23,23,23,23,174,1740,-1.838239,-3.709519,-4.342868,-2.837806,-2.588284,-2.422291,-1.424456,-66.72547,0.4943195,0.4849004,2.247436E-05,0.3637635,0.2211381,-0.2208451,-0.8853694,0.4678006,22,22,22,22,22,22,22,22,22,22,22,22,22,22,22,22
175,1750,-38.83636,-52.3609,-17.3599,-15.47094,-11.09729,-9.628483,-7.659062,-8.529061,-7.305345,-8.612364,-7.246876,-7.313526,-6.557095,-7.76543,-6.088689,-1.448402,23,23,23,23,23,23,23,23,23,23,23,23,23,23,23,23,175,1750,-5.648981,-4.876585,-3.404763,-2.844127,11.29389,5.767049,-2.350895,-2.868335,-2.589014,-2.189132,-2.497033,-3.367123,-1.664144,-2.339106,-2.168136,-3.278316,23,23,23,23,23,23,23,23,23,23,23,23,23,23,23,23,175,1750,-2.297804,-4.732823,-3.959485,-2.579826,-2.717807,-1.657933,-2.200281,-68.36594,0.2471144,-0.3619496,0.1192237,0.1212106,0.8816531,0.001491334,-0.1106862,0.5848406,22,22,22,22,22,22,22,22,22,22,22,22,22,22,22,22
176,1760,-38.47567,-52.72367,-17.85224,-15.34916,-12.06266,-8.764733,-7.276212,-8.90523,-7.676451,-7.383085,-7.365555,-7.691756,-7.153197,-6.929153,-6.446846,0.4828327,23,23,23,23,23,23,23,23,23,23,23,23,23,23,23,23,176,1760,-6.724969,-4.744786,-4.059505,-2.585569,10.50577,6.012495,-2.742698,-2.21644,-3.10681,-2.575448,-2.365609,-2.828393,-1.792152,-1.670808,-3.131732,-3.165276,23,23,23,23,23,23,23,23,23,23,23,23,23,23,23,23,176,1760,-1.493562,-4.22117,-4.470663,-2.966795,-2.847329,-2.931864,-1.941672,-66.83484,-0.3708984,-0.3619496,-0.4767815,0.7275946,0.3312239,-0.4431823,-0.7746992,1.052981,22,22,22,22,22,22,22,22,22,22,22,22,22,22,22,22
177,1770,-38.5959,-52.11905,-19.20616,-15.95806,-13.26939,-9.628483,-8.169529,-9.281399,-7.923857,-8.120641,-7.602912,-8.322141,-7.033977,-7.526493,-6.208075,-0.2413794,23,23,23,23,23,23,23,23,23,23,23,23,23,23,23,23,177,1770,-6.724969,-4.612987,-4.976144,-2.844127,11.03119,6.380766,-3.134502,-2.607578,-2.847912,-1.4165,-3.416989,-2.693711,-1.920156,-2.227723,-2.649934,-3.05223,23,23,23,23,23,23,23,23,23,23,23,23,23,23,23,23,177,1770,-2.06802,-4.093257,-3.959485,-2.708816,-2.847329,-1.785326,-2.458889,-68.4753,-0.1236933,-1.208799,-0.4767815,-0.1213423,0.2211381,0.7796716,-0.3320249,0.8189143,22,22,22,22,22,22,22,22,22,22,22,22,22,22,22,22
178,1780,-38.95659,-52.71465,-18.22149,-14.98382,-11.82133,-9.011519,-7.659062,-8.90523,-7.305345,-8.120641,-7.365555,-7.691756,-7.272418,-7.407025,-6.566231,-0.1206777,23,23,23,23,23,23,23,23,23,23,23,23,23,23,23,23,178,1780,-6.724969,-4.085789,-3.142866,-3.231964,10.89983,7.485425,-1.69789,-2.21644,-2.200668,-2.317904,-3.022721,-2.559028,-1.792152,-2.11634,-2.890833,-2.713095,23,23,23,23,23,23,23,23,23,23,23,23,23,23,23,23,178,1780,-1.838239,-4.604909,-3.959485,-3.482754,-2.458761,-2.422291,-1.941672,-67.70975,0.4943195,-0.2409733,0.1192237,0.4850416,-0.1091194,-0.2208451,-0.7746992,0.8189143,22,22,22,22,22,22,22,22,22,22,22,22,22,22,22,22
179,1790,-38.47567,-52.71465,-18.09841,-13.88779,-10.01124,-9.258305,-7.403829,-9.030621,-8.171261,-8.858225,-7.365555,-8.196063,-6.557095,-8.24294,-7.163159,-0.2413794,23,23,23,23,23,23,23,23,23,23,23,23,23,23,23,23,179,1790,-5.783479,-4.744786,-3.011917,-2.973406,10.50577,7.23998,-2.8733,-2.346821,-2.330117,-2.446676,-2.891297,-2.289664,-1.536137,-2.450489,-1.565888,-2.487006,23,23,23,23,23,23,23,23,23,23,23,23,23,23,23,23,179,1790,-2.06802,-4.476996,-4.215074,-2.837806,-2.717807,-1.275754,-1.553761,-68.58466,0.7415238,-0.3619496,0.2384245,0.2424887,0.3312239,-0.1096773,-0.1106862,0.9359479,22,22,22,22,22,22,22,22,22,22,22,22,22,22,22,22
180,1800,-37.63405,-52.95646,-18.83692,-17.41942,-12.90738,-10.73902,-8.679997,-9.782956,-8.542367,-10.21046,-8.077625,-9.456831,-7.7493,-8.958954,-6.924388,-1.689805,23,23,23,23,23,23,23,23,23,23,23,23,23,23,23,23,180,1800,-5.379983,-3.95399,-2.619072,-2.844127,10.76848,7.853697,-2.481497,-2.21644,-2.330117,-2.961763,-1.708498,-1.885616,-1.664144,-2.11634,-1.445439,-2.034825,23,23,23,23,23,23,23,23,23,23,23,23,23,23,23,23,180,1800,-1.263781,-3.709519,-4.215074,-3.353764,-1.552103,-1.53054,-1.683065,-67.38166,0.2471144,0.0009856612,2.247436E-05,0.6063164,0.2211381,-0.3320145,-0.4426935,1.052981,22,22,22,22,22,22,22,22,22,22,22,22,22,22,22,22
181,1810,-38.47567,-52.47284,-18.46766,-14.86203,-11.70065,-9.99866,-7.914296,-9.532178,-8.171261,-8.489432,-7.602912,-8.574294,-7.272418,-8.24294,-6.924388,-0.4827845,23,23,23,23,23,23,23,23,23,23,23,23,23,23,23,23,181,1810,-6.321474,-3.558591,-3.404763,-4.266197,10.63713,7.362703,-2.481497,-1.955683,-2.200668,-3.605623,-1.839918,-1.616252,-2.176171,-1.893574,-1.686338,-1.582648,23,23,23,23,23,23,23,23,23,23,23,23,23,23,23,23,181,1810,-1.953128,-3.837432,-4.598456,-2.708816,-2.458812,-1.912719,-2.070977,-68.36594,-0.8653077,0.0009856612,0.5960276,0.2424887,0.0009663975,0.1126599,-0.2213548,0.1166933,22,22,22,22,22,22,22,22,22,22,22,22,22,22,22,22
182,1820,-37.39359,-52.83555,-17.97533,-15.22737,-12.66603,-10.61562,-8.55238,-8.278283,-8.171261,-7.628918,-8.314983,-8.196063,-8.464623,-8.481611,-7.759945,-0.2413794,23,23,23,23,23,23,23,23,23,23,23,23,23,23,23,23,182,1820,-5.648981,-3.163193,-3.011917,-2.714848,11.16254,7.362651,-2.481497,-1.303789,-2.977361,-2.70422,-1.708498,-0.9428379,-1.664144,-1.559424,-1.324989,-1.808736,23,23,23,23,23,23,23,23,23,23,23,23,23,23,23,23,182,1820,-1.723347,-4.093257,-4.470662,-2.450837,-2.458812,-1.912719,-1.941672,-67.16293,0.370717,0.4849004,0.1192237,0.6063164,0.5513955,0.1126599,-0.2213548,0.5848406,22,22,22,22,22,22,22,22,22,22,22,22,22,22,22,22
183,1830,-40.03866,-53.56098,-20.68318,-17.90654,-14.23476,-10.73902,-9.828547,-9.532178,-8.789773,-8.858225,-8.55234,-8.826448,-9.656829,-9.31696,-7.163159,0.2414292,23,23,23,23,23,23,23,23,23,23,23,23,23,23,23,23,183,1830,-6.321474,-4.217588,-3.928556,-3.231964,11.29389,7.730871,-2.612044,-1.955683,-2.977361,-3.090535,-2.234186,-2.289664,-1.792152,-1.670808,-1.806787,-1.69569,23,23,23,23,23,23,23,23,23,23,23,23,23,23,23,23,183,1830,-1.723347,-3.965345,-4.215074,-3.095785,-3.494994,-1.657933,-1.295152,-68.25657,-0.3708984,-0.8458642,0.2384245,0.2424887,0.5513955,-0.2208451,-0.3320249,0.5848406,22,22,22,22,22,22,22,22,22,22,22,22,22,22,22,22
184,1840,-39.67797,-53.92369,-20.43701,-16.44518,-12.7867,-10.36884,-9.062847,-9.406788,-8.418665,-9.472878,-8.196304,-7.817832,-8.226182,-8.362275,-6.208075,-0.1206777,23,23,23,23,23,23,23,23,23,23,23,23,23,23,23,23,184,1840,-7.666316,-5.140184,-4.45235,-2.585569,11.29389,7.362651,-2.08964,-2.737955,-3.495156,-2.06036,-1.839918,-2.020299,-1.792152,-1.893574,-1.806787,-2.147871,23,23,23,23,23,23,23,23,23,23,23,23,23,23,23,23,184,1840,-2.06802,-3.837432,-4.598456,-3.740733,-3.106426,-2.549685,-2.329585,-67.60038,0.1235119,-0.724888,2.247436E-05,0.1212106,-0.4393769,-0.5543509,-1.106707,0.5848406,22,22,22,22,22,22,22,22,22,22,22,22,22,22,22,22
185,1850,-39.19705,-54.28641,-20.43701,-17.78476,-13.39006,-10.73902,-8.935229,-10.78607,-8.294964,-10.45632,-8.433661,-9.58291,-8.345402,-9.078289,-6.924388,0.3621309,23,23,23,23,23,23,23,23,23,23,23,23,23,23,23,23,185,1850,-6.186975,-4.744786,-3.404763,-2.714848,11.29389,7.239929,-2.612044,-2.998712,-2.977361,-2.317904,-1.839918,-2.154981,-1.664144,-2.896024,-2.047686,-2.487006,23,23,23,23,23,23,23,23,23,23,23,23,23,23,23,23,185,1850,-1.953128,-3.965345,-3.959484,-2.708816,-2.458812,-2.040112,-2.070977,-68.03785,-0.1236419,-0.3619496,0.2384245,0.4850416,0.1110522,0.1126599,-0.3320249,0.4678006,22,22,22,22,22,22,22,22,22,22,22,22,22,22,22,22
186,1860,-41.24097,-54.77003,-21.05243,-19.48968,-12.90738,-11.35598,-9.956164,-11.28763,-9.531987,-10.45632,-8.671017,-9.58291,-8.822286,-9.913639,-7.401931,-1.448402,23,23,23,23,23,23,23,23,23,23,23,23,23,23,23,23,186,1860,-6.724969,-5.403783,-4.190454,-2.714848,11.29389,6.503438,-1.828437,-2.998712,-3.365707,-2.189132,-2.234186,-3.23244,-2.304179,-2.673254,-1.806787,-2.37396,23,23,23,23,23,23,23,23,23,23,23,23,23,23,23,23,186,1860,-1.608455,-4.860736,-4.854046,-3.611743,-3.494994,-2.804471,-1.165848,-67.81911,-3.933013E-05,0.3639209,-0.7151831,0.1212106,-0.1091194,-0.2208451,-0.2213548,0.4678006,22,22,22,22,22,22,22,22,22,22,22,22,22,22,22,22
187,1870,-41.72189,-54.77003,-21.91402,-17.78476,-12.54536,-11.10919,-9.190464,-10.15912,-8.913475,-9.227015,-7.958948,-8.574294,-8.822286,-9.197625,-7.282545,-0.4827845,23,23,23,23,23,23,23,23,23,23,23,23,23,23,23,23,187,1870,-5.648981,-5.930981,-3.797608,-2.973406,11.95061,7.117154,-1.959038,-3.389849,-2.330117,-1.931588,-1.971284,-2.559028,-1.664144,-2.896024,-2.288585,-2.37396,23,23,23,23,23,23,23,23,23,23,23,23,23,23,23,23,187,1870,-1.838239,-4.988649,-4.342868,-2.450837,-2.84738,-1.148361,-2.458889,-68.1472,0.4943709,-0.8458642,-0.2383795,-0.3638952,0.5513955,0.446165,-0.3320249,1.170022,22,22,22,22,22,22,22,22,22,22,22,22,22,22,22,22
188,1880,-38.5959,-54.0446,-20.68318,-17.66298,-13.75208,-11.84955,-9.190464,-10.03373,-8.789773,-9.595807,-8.55234,-8.700373,-8.583844,-9.078289,-8.475216,0.3621309,23,23,23,23,23,23,23,23,23,23,23,23,23,23,23,23,188,1880,-6.590471,-6.589977,-3.535711,-2.714848,11.81925,7.362651,-3.134449,-3.259469,-2.459567,-2.446676,-2.365551,-1.750934,-1.920156,-3.118789,-2.770383,-2.147871,23,23,23,23,23,23,23,23,23,23,23,23,23,23,23,23,188,1880,-1.838239,-4.604909,-4.98184,-3.224775,-2.717858,-2.677078,-1.683065,-67.49103,0.1235632,-0.1199938,-0.2383795,0.6063164,-0.2192053,-0.7766882,-0.6640306,1.052981,22,22,22,22,22,22,22,22,22,22,22,22,22,22,22,22
189,1890,-39.55774,-55.13274,-21.79094,-17.66298,-13.87275,-11.47937,-10.72187,-10.28451,-9.16088,-9.595807,-9.264411,-9.582911,-10.3722,-9.913639,-8.356004,0.2414292,23,23,23,23,23,23,23,23,23,23,23,23,23,23,23,23,189,1890,-7.53196,-6.326379,-4.321402,-3.619801,10.37442,7.608149,-3.787454,-3.259469,-2.071219,-1.674044,-3.15409,-2.154981,-2.94421,-3.007406,-2.288585,-2.260917,23,23,23,23,23,23,23,23,23,23,23,23,23,23,23,23,189,1890,-2.182912,-4.349083,-4.98184,-3.095785,-2.84738,-1.785326,-2.200281,-68.69402,-0.1236419,-0.8458642,0.1192237,0.1212106,0.3312239,1.002008,0.331988,0.9359479,22,22,22,22,22,22,22,22,22,22,22,22,22,22,22,22
190,1900,-38.11497,-53.92369,-21.05243,-17.78476,-14.1141,-12.09634,-10.59425,-10.03373,-8.666071,-8.858225,-8.314983,-9.078603,-8.345452,-9.197625,-7.879157,-0.1206777,23,23,23,23,23,23,23,23,23,23,23,23,23,23,23,23,190,1900,-8.472445,-7.512573,-4.976144,-3.878359,10.37442,6.994431,-3.134449,-3.389849,-2.718463,-2.446676,-2.759819,-1.750934,-2.94421,-3.118789,-2.529484,-2.034825,23,23,23,23,23,23,23,23,23,23,23,23,23,23,23,23,190,1900,-2.06802,-4.860736,-4.726251,-3.353764,-2.588335,-3.059257,-2.070977,-67.70975,0.4943709,-0.1199938,-1.072786,-6.421245E-05,0.2211381,-0.2208451,-0.9960379,-0.234414,22,22,22,22,22,22,22,22,22,22,22,22,22,22,22,22
191,1910,-36.91267,-54.64913,-20.43701,-17.17586,-13.39006,-12.34312,-8.807613,-9.782956,-8.913475,-9.595807,-8.55234,-9.961142,-8.941555,-10.51032,-8.594428,2.407967E-05,23,23,23,23,23,23,23,23,23,23,23,23,23,23,23,23,191,1910,-9.144218,-7.776172,-4.845196,-3.619801,10.63713,6.994431,-3.526253,-2.737955,-1.812323,-2.446676,-3.285507,-2.289664,-3.200225,-2.450489,-2.409034,-2.147871,23,23,23,23,23,23,23,23,23,23,23,23,23,23,23,23,191,1910,-2.642477,-4.604909,-4.598456,-2.966795,-2.458812,-2.294899,-2.070977,-67.60038,-0.4944491,-0.9668437,-0.4767815,0.8488694,0.0009663975,0.446165,0.331988,1.170022,22,22,22,22,22,22,22,22,22,22,22,22,22,22,22,22
192,1920,-36.67221,-54.40731,-20.56009,-17.66298,-13.99342,-12.21973,-9.31808,-10.03373,-9.903094,-9.841669,-9.027054,-10.2133,-9.299215,-10.15231,-8.11758,-1.206995,23,23,23,23,23,23,23,23,23,23,23,23,23,23,23,23,192,1920,-9.278574,-6.853577,-5.892783,-5.17115,11.03119,7.239929,-3.395651,-3.389849,-2.200668,-3.348079,-3.285507,-3.636488,-3.328229,-2.227723,-1.806787,-2.939187,23,23,23,23,23,23,23,23,23,23,23,23,23,23,23,23,192,1920,-1.953128,-4.604909,-4.342868,-3.740733,-3.235948,-2.804471,-1.812368,-67.70975,0.2471658,-0.3619496,-0.8343843,0.4850416,0.0009663975,-0.1096773,-0.4426935,0.4678519,22,22,22,22,22,22,22,22,22,22,22,22,22,22,22,22
193,1930,-37.27336,-53.31917,-19.94467,-16.20162,-12.06266,-11.23259,-8.807613,-9.281399,-9.037178,-9.472878,-8.196305,-9.078603,-8.345452,-9.913639,-8.236793,2.729029E-05,23,23,23,23,23,23,23,23,23,23,23,23,23,23,23,23,193,1930,-9.547283,-7.644372,-6.023732,-6.076104,11.6879,6.871657,-3.656853,-2.737955,-2.589014,-3.605623,-3.15409,-2.693711,-2.688195,-2.339106,-1.445439,-2.713095,23,23,23,23,23,23,23,23,23,23,23,23,23,23,23,23,193,1930,-2.642477,-4.604909,-4.598456,-1.805889,-2.32929,-2.804471,-1.941672,-67.60038,0.1235632,-1.087823,-0.3575803,-0.1213423,0.1110522,-0.1096773,-0.1106862,1.170073,22,22,22,22,22,22,22,22,22,22,22,22,22,22,22,22
194,1940,-37.27336,-53.31917,-21.17551,-17.17586,-14.1141,-11.47937,-10.84948,-9.657567,-9.779392,-9.718739,-9.857802,-9.330756,-10.01454,-9.436296,-8.356005,0.120729,23,23,23,23,23,23,23,23,23,23,23,23,23,23,23,23,194,1940,-9.144219,-8.30337,-6.940364,-6.334661,11.42519,6.503438,-3.134449,-2.868332,-2.589014,-3.991939,-3.811202,-4.175217,-2.560191,-1.782191,-1.806787,-2.939187,23,23,23,23,23,23,23,23,23,23,23,23,23,23,23,23,194,1940,-2.06802,-4.604909,-3.83169,-2.966795,-2.717858,-3.823615,-1.683065,-67.49103,0.2471658,0.3639209,-0.4767815,-0.48517,0.5513955,0.446165,-0.1106862,0.584892,22,22,22,22,22,22,22,22,22,22,22,22,22,22,22,22
195,1950,-35.95083,-53.19827,-22.0371,-19.3679,-13.99342,-12.09634,-10.33902,-10.15912,-9.408285,-9.349947,-8.908375,-8.952526,-9.179996,-8.839618,-8.11758,2.729029E-05,23,23,23,23,23,23,23,23,23,23,23,23,23,23,23,23,195,1950,-8.338091,-8.171571,-7.463773,-6.59322,11.42519,5.521501,-3.265049,-2.998712,-2.977361,-3.348079,-4.468314,-4.175217,-1.792149,-2.339106,-2.770383,-2.713095,23,23,23,23,23,23,23,23,23,23,23,23,23,23,23,23,195,1950,-2.412696,-4.604909,-4.342868,-3.095785,-2.32929,-2.677078,-2.588193,-67.49103,-0.4944491,-0.6039085,-0.1191783,0.3637635,0.1110522,0.6685022,0.331988,1.755254,22,22,22,22,22,22,22,22,22,22,22,22,22,22,22,22
196,1960,-37.0329,-53.44007,-23.02177,-19.48969,-13.39006,-12.46651,-9.700931,-11.28763,-9.284583,-10.33339,-8.077626,-10.08722,-9.656878,-10.03297,-8.356005,-0.3620796,23,23,23,23,23,23,23,23,23,23,23,23,23,23,23,23,196,1960,-8.338091,-7.907972,-7.85606,-6.722499,9.980413,6.748934,-2.873246,-2.737955,-3.754053,-4.120711,-4.731154,-4.175217,-2.304176,-2.450489,-3.011282,-2.826141,23,23,23,23,23,23,23,23,23,23,23,23,23,23,23,23,196,1960,-2.182912,-3.837432,-4.470663,-3.095784,-3.494994,-3.18665,-2.458889,-68.69402,-3.933013E-05,0.3639209,-0.5959823,-0.1213423,0.0009663975,-0.2208451,-0.5533621,0.584892,22,22,22,22,22,22,22,22,22,22,22,22,22,22,22,22
197,1970,-37.63405,-54.40731,-22.28327,-19.61147,-15.32082,-14.07062,-10.9771,-12.03997,-10.89271,-11.93149,-9.38309,-10.96976,-9.776099,-10.39098,-7.759945,-0.9655899,23,23,23,23,23,23,23,23,23,23,23,23,23,23,23,23,197,1970,-9.815993,-8.30337,-7.463773,-6.981057,10.24307,6.994431,-2.612044,-2.737955,-3.495156,-4.635799,-5.125425,-3.367123,-2.048161,-2.227723,-2.770383,-3.278322,23,23,23,23,23,23,23,23,23,23,23,23,23,23,23,23,197,1970,-2.412696,-4.860736,-4.726252,-2.450836,-2.458761,-2.422291,-1.295152,-68.25657,-3.933013E-05,-0.8458642,-0.4767815,-0.1213423,0.1110522,-0.1096773,0.7746639,1.404147,22,22,22,22,22,22,22,22,22,22,22,22,22,22,22,22
198,1980,-40.15889,-54.64913,-23.51411,-19.97681,-14.83813,-13.45365,-10.59425,-11.16224,-10.3979,-10.57925,-8.55234,-10.59153,-9.656878,-9.555632,-7.998368,-0.6034847,23,23,23,23,23,23,23,23,23,23,23,23,23,23,23,23,198,1980,-9.278574,-8.830109,-7.725297,-6.981057,9.586354,7.240031,-3.003847,-4.302501,-3.754053,-5.022115,-5.388266,-3.097758,-2.560191,-2.784641,-2.770383,-2.487006,23,23,23,23,23,23,23,23,23,23,23,23,23,23,23,23,198,1980,-2.75737,-4.860736,-4.470663,-2.837805,-4.013033,-3.18665,-2.329585,-68.58466,-0.1236419,0.2429414,-0.1191783,-0.7277229,0.2211381,0.5573344,0.4426582,0.9359993,22,22,22,22,22,22,22,22,22,22,22,22,22,22,22,22
199,1990,-41.48143,-53.80279,-24.12953,-20.58571,-15.92418,-13.70044,-11.48757,-10.91146,-11.14012,-9.841669,-9.145732,-9.708987,-9.179996,-8.24294,-7.163159,0.4828359,23,23,23,23,23,23,23,23,23,23,23,23,23,23,23,23,199,1990,-9.950348,-9.093381,-7.725297,-7.627452,11.16254,7.240031,-3.134502,-4.172124,-3.754053,-5.279659,-4.468314,-2.559028,-2.048161,-2.896024,-2.770383,-2.600052,23,23,23,23,23,23,23,23,23,23,23,23,23,23,23,23,199,1990,-2.98715,-4.476996,-4.215074,-3.353764,-3.106375,-2.422291,-2.717497,-67.92848,0.3707683,-0.6039085,-0.7151831,0.1212106,-0.2192053,0.001491334,0.6639953,1.989328,22,22,22,22,22,22,22,22,22,22,22,22,22,22,22,22
200,2000,-38.47567,-55.01184,-25.48346,-23.14309,-18.21695,-14.81098,-11.61518,-11.91457,-11.14012,-10.94804,-9.501767,-10.33937,-9.418437,-8.958954,-7.043774,-0.2413778,23,23,23,23,23,23,23,23,23,23,23,23,23,23,23,23,200,2000,-9.547283,-9.48829,-7.986828,-8.403127,11.16254,6.87176,-3.526306,-4.302552,-4.1424,-5.665975,-3.811202,-3.367123,-3.072217,-2.673254,-2.649934,-2.600052,23,23,23,23,23,23,23,23,23,23,23,23,23,23,23,23,200,2000,-2.98715,-4.476996,-4.08728,-3.740733,-3.36542,-3.696222,-2.717497,-67.92848,0.1235632,0.6058798,2.247436E-05,-6.421245E-05,-0.3292911,1.113177,0.331988,0.4678519,22,22,22,22,22,22,22,22,22,22,22,22,22,22,22,22
201,2010,-40.39935,-54.52822,-25.72963,-23.752,-19.06165,-14.93437,-11.99803,-10.78607,-10.3979,-10.45632,-9.027054,-10.08722,-8.822333,-7.765434,-6.924388,-0.2413778,23,23,23,23,23,23,23,23,23,23,23,23,23,23,23,23,201,2010,-9.681639,-8.30337,-7.85606,-7.756731,10.63713,7.485477,-3.003902,-3.650658,-4.401244,-5.279659,-3.022663,-2.020299,-1.664141,-2.339106,-2.168136,-2.260917,23,23,23,23,23,23,23,23,23,23,23,23,23,23,23,23,201,2010,-3.216935,-4.732823,-4.470663,-2.579826,-2.329239,-2.422291,-2.458889,-67.81911,-0.1236933,0.0009856612,-0.1191783,-0.6064481,-0.5494627,0.1126599,0.1106509,1.638214,22,22,22,22,22,22,22,22,22,22,22,22,22,22,22,22
202,2020,-40.51958,-55.85818,-24.86804,-23.752,-17.25157,-14.3174,-10.84948,-12.16535,-9.903093,-11.07098,-8.55234,-9.961142,-8.703114,-8.839618,-7.640703,-0.1206761,23,23,23,23,23,23,23,23,23,23,23,23,23,23,23,23,202,2020,-9.412929,-8.830109,-9.163689,-7.368895,11.42519,7.362754,-3.787509,-3.911418,-4.530693,-4.378203,-2.496975,-2.693711,-2.432183,-2.004957,-1.565888,-2.034825,23,23,23,23,23,23,23,23,23,23,23,23,23,23,23,23,202,2020,-2.297804,-4.476996,-4.470663,-2.837805,-2.717807,-3.441436,-2.458889,-68.36594,0.4943195,0.1219683,0.1192237,0.1212106,0.0009663975,0.3349972,0.2213195,1.52118,22,22,22,22,22,22,22,22,22,22,22,22,22,22,22,22
203,2030,-43.40511,-56.09999,-25.60654,-23.87378,-17.9756,-14.56419,-12.38089,-12.7923,-11.51122,-11.31684,-9.739123,-10.7176,-9.656878,-9.794303,-8.356005,-0.4827814,23,23,23,23,23,23,23,23,23,23,23,23,23,23,23,23,203,2030,-9.950348,-9.356653,-9.555975,-7.756731,10.76848,7.117257,-3.395705,-4.302552,-5.954628,-4.764519,-3.548355,-3.636488,-2.304176,-2.896024,-2.047686,-2.826141,23,23,23,23,23,23,23,23,23,23,23,23,23,23,23,23,203,2030,-2.642477,-5.116561,-4.854046,-3.095784,-2.588284,-2.804471,-2.329585,-67.81911,0.2471144,-0.6039053,-0.4767819,-0.849001,0.4413097,-0.2208451,0.331988,1.872288,22,22,22,22,22,22,22,22,22,22,22,22,22,22,22,22
204,2040,-43.40511,-55.85818,-24.99112,-22.16885,-16.2862,-12.7133,-10.08378,-11.28763,-10.76901,-10.82512,-8.908375,-11.09583,-8.703114,-9.078289,-7.640703,-0.2413778,23,23,23,23,23,23,23,23,23,23,23,23,23,23,23,23,204,2040,-9.681639,-10.14647,-9.294451,-7.88601,10.50577,6.626314,-3.787509,-5.215207,-4.919038,-3.991887,-3.679778,-3.232437,-1.536134,-2.339106,-2.288585,-2.487006,23,23,23,23,23,23,23,23,23,23,23,23,23,23,23,23,204,2040,-3.331827,-4.988649,-4.342868,-3.095784,-3.235897,-3.56883,-3.105409,-68.4753,0.1235119,0.8478388,-0.1191791,-0.2426139,-0.2192053,0.446165,0.4426582,0.9359993,22,22,22,22,22,22,22,22,22,22,22,22,22,22,22,22
205,2050,-40.63981,-54.52822,-23.6372,-19.24613,-15.8035,-11.97294,-9.956165,-10.66068,-10.76901,-10.45632,-9.501767,-10.21329,-9.179949,-8.24294,-8.713639,-0.7241865,23,23,23,23,23,23,23,23,23,23,23,23,23,23,23,23,205,2050,-9.009865,-9.751563,-8.771402,-7.368895,11.42519,6.994534,-3.395705,-4.82407,-4.66014,-3.991887,-2.759819,-2.963073,-1.152166,-2.896024,-2.890833,-2.713095,23,23,23,23,23,23,23,23,23,23,23,23,23,23,23,23,205,2050,-2.98715,-4.988649,-4.726252,-2.708815,-2.458761,-1.912719,-2.717497,-68.03785,0.2471144,0.2429478,0.238424,-0.6064449,-0.1090681,0.5573344,0.4426582,1.287107,22,22,22,22,22,22,22,22,22,22,22,22,22,22,22,22
206,2060,-42.5635,-54.89094,-25.60654,-22.53419,-17.9756,-13.20687,-11.7428,-11.53841,-10.64531,-10.70218,-9.857802,-11.34799,-9.776051,-9.197625,-8.11758,0.120729,23,23,23,23,23,23,23,23,23,23,23,23,23,23,23,23,206,2060,-9.009865,-10.80466,-8.379115,-7.239615,10.63713,6.994534,-4.048711,-6.127859,-4.530693,-3.863116,-3.416931,-2.424343,-1.7922,-2.6732,-2.529484,-2.487006,23,23,23,23,23,23,23,23,23,23,23,23,23,23,23,23,206,2060,-3.102043,-4.476996,-4.470663,-2.450836,-2.588284,-2.931864,-2.200281,-68.91276,-0.1236933,-0.2409669,0.715228,-6.100183E-05,-0.5494114,0.2237764,0.331988,1.52118,22,22,22,22,22,22,22,22,22,22,22,22,22,22,22,22
207,2070,-40.51958,-54.1655,-25.72963,-23.87378,-19.303,-13.08348,-11.23233,-11.78919,-10.3979,-10.70218,-9.145732,-10.46545,-10.01449,-8.958954,-7.998368,0.3621342,23,23,23,23,23,23,23,23,23,23,23,23,23,23,23,23,207,2070,-9.278574,-8.566834,-7.202274,-6.334661,10.89983,7.240031,-4.179313,-5.867102,-3.883449,-3.734344,-3.15409,-2.693708,-2.432235,-2.339051,-2.288585,-1.582648,23,23,23,23,23,23,23,23,23,23,23,23,23,23,23,23,207,2070,-2.527585,-4.988649,-4.854046,-3.224774,-1.681625,-2.167506,-1.941672,-67.70975,0.370717,0.0009888718,-0.1191791,-1.3341,-0.5494114,0.4461136,-0.3320265,1.872288,22,22,22,22,22,22,22,22,22,22,22,22,22,22,22,22
208,2080,-41.84212,-55.37455,-25.72963,-24.11733,-19.06165,-13.94722,-12.63612,-12.41613,-10.89271,-11.68563,-9.383088,-11.09583,-9.418389,-10.03297,-7.879157,-0.2413313,23,23,23,23,23,23,23,23,23,23,23,23,23,23,23,23,208,2080,-9.278574,-8.566834,-7.463773,-5.946825,10.63713,7.240031,-4.832316,-4.302552,-3.754,-3.090484,-3.022663,-2.154978,-2.816254,-1.893519,-1.927237,-2.034825,23,23,23,23,23,23,23,23,23,23,23,23,23,23,23,23,208,2080,-2.412696,-5.116561,-4.726252,-2.837805,-2.717807,-3.059257,-2.588193,-68.25657,0.2471144,0.2429478,0.1192233,-0.1213391,0.1111036,0.6684508,0.1106493,1.170073,22,22,22,22,22,22,22,22,22,22,22,22,22,22,22,22
209,2090,-40.03866,-56.09999,-24.99112,-22.77775,-18.21695,-13.94722,-10.9771,-12.29074,-10.1505,-11.31684,-9.264411,-10.59152,-9.179949,-10.62965,-8.594428,-0.6034381,23,23,23,23,23,23,23,23,23,23,23,23,23,23,23,23,209,2090,-9.144219,-7.512574,-5.761841,-5.688267,11.29389,7.240031,-4.440515,-3.650658,-3.754,-3.348028,-2.628399,-2.424343,-3.072269,-1.893519,-1.686338,-2.487006,23,23,23,23,23,23,23,23,23,23,23,23,23,23,23,23,209,2090,-3.216935,-5.500301,-4.598458,-2.063867,-1.811148,-2.040112,-2.200281,-67.38166,0.7415238,0.7268625,-0.2383799,-0.6064449,-0.2191539,0.1126086,0.442655,1.404147,22,22,22,22,22,22,22,22,22,22,22,22,22,22,22,22
210,2100,-40.39935,-55.25364,-25.72963,-22.41241,-17.9756,-14.4408,-11.7428,-11.53841,-9.779391,-10.82512,-9.501767,-10.33937,-9.418389,-10.27165,-8.713639,-1.086247,23,23,23,23,23,23,23,23,23,23,23,23,23,23,23,23,210,2100,-8.6068,-7.380774,-5.89279,-5.17115,11.55655,6.012598,-4.179313,-3.259521,-4.012898,-2.961712,-1.445596,-2.559025,-2.432235,-2.227668,-1.806787,-2.487006,23,23,23,23,23,23,23,23,23,23,23,23,23,23,23,23,210,2100,-2.297804,-4.732821,-4.470663,-2.192857,-2.070194,-3.441436,-2.717497,-68.25657,0.6179212,0.4849035,-0.1191791,-0.2426139,-0.4393256,0.334945,-0.1106894,0.8189656,22,22,22,22,22,22,22,22,22,22,22,22,22,22,22,22
211,2110,-37.87451,-53.68187,-24.00645,-19.48969,-15.68283,-12.7133,-10.33902,-10.28451,-9.408285,-9.472878,-9.739123,-9.204679,-9.418389,-9.794303,-9.667335,-0.2413313,23,23,23,23,23,23,23,23,23,23,23,23,23,23,23,23,211,2110,-7.666317,-6.19458,-5.630893,-5.429708,11.42519,5.644326,-3.918109,-2.998763,-3.495103,-2.575396,-2.759819,-2.559025,-2.304227,-1.336603,-2.409034,-3.391365,23,23,23,23,23,23,23,23,23,23,23,23,23,23,23,23,211,2110,-2.75737,-4.604908,-4.98184,-2.708815,-2.329239,-1.785326,-2.717497,-68.25657,0.4943195,0.3639241,-0.1191791,-0.2426139,-0.5494114,0.4461136,0.1106493,1.287113,22,22,22,22,22,22,22,22,22,22,22,22,22,22,22,22
212,2120,-38.95658,-53.56097,-24.37571,-19.12434,-17.1309,-11.97294,-10.46663,-10.66068,-9.779391,-9.227016,-9.264411,-9.708985,-9.776051,-9.674968,-8.594428,0.1207756,23,23,23,23,23,23,23,23,23,23,23,23,23,23,23,23,212,2120,-8.203735,-7.117175,-6.809429,-5.17115,10.63713,6.258043,-3.265104,-3.259521,-3.624551,-2.317852,-3.285507,-3.097755,-2.048212,-2.227668,-2.529484,-3.05223,23,23,23,23,23,23,23,23,23,23,23,23,23,23,23,23,212,2120,-3.102043,-4.476995,-4.598456,-2.450835,-2.458761,-2.804471,-2.976105,-68.4753,0.4943195,0.4849035,0.5960272,0.3637668,-0.4393256,0.2237764,0.5533235,0.4678584,22,22,22,22,22,22,22,22,22,22,22,22,22,22,22,22
213,2130,-37.75428,-53.07735,-22.40636,-16.9323,-14.71745,-11.47937,-9.445698,-9.406788,-8.542367,-9.349947,-8.789696,-8.574294,-9.299169,-8.600946,-8.236793,-0.7241399,23,23,23,23,23,23,23,23,23,23,23,23,23,23,23,23,213,2130,-9.412929,-6.589978,-6.416584,-4.912592,10.24307,5.644326,-3.918109,-2.738006,-3.754,-2.575396,-2.891243,-2.28966,-2.176219,-2.227668,-3.011282,-3.165276,23,23,23,23,23,23,23,23,23,23,23,23,23,23,23,23,213,2130,-2.642477,-5.628212,-5.109634,-2.192856,-2.458762,-1.912719,-2.329585,-68.58466,-9.070009E-05,0.4849035,-0.1191791,-0.2426139,-0.8796689,0.334945,-1.926374E-05,1.404147,22,22,22,22,22,22,22,22,22,22,22,22,22,22,22,22
214,2140,-37.51382,-53.92369,-22.89869,-18.63722,-15.20015,-11.35598,-8.679997,-9.281398,-8.047559,-9.104085,-8.789696,-9.330755,-8.345406,-9.197625,-9.309699,7.384432E-05,23,23,23,23,23,23,23,23,23,23,23,23,23,23,23,23,214,2140,-9.009865,-7.248974,-7.071326,-5.429708,9.980413,6.626314,-3.134502,-2.607626,-4.142345,-2.704168,-3.416931,-2.693708,-2.176219,-2.227668,-2.649934,-2.713095,23,23,23,23,23,23,23,23,23,23,23,23,23,23,23,23,214,2140,-2.412696,-5.244473,-5.8764,-2.966794,-2.070194,-3.186598,-4.139841,-69.02211,0.370717,0.2429478,2.207303E-05,0.6063229,-0.3292397,-0.4432345,0.5533235,1.170073,22,22,22,22,22,22,22,22,22,22,22,22,22,22,22,22
215,2150,-38.83635,-54.52821,-22.52944,-19.73324,-16.16552,-13.08348,-9.190464,-10.15912,-8.171261,-9.71874,-9.620444,-9.708985,-9.179949,-10.03297,-8.713639,-1.086247,23,23,23,23,23,23,23,23,23,23,23,23,23,23,23,23,215,2150,-9.009865,-8.039772,-6.154686,-5.429708,10.37442,7.362754,-3.265104,-3.129143,-3.236205,-2.83294,-3.285507,-2.020296,-1.920204,-2.227668,-3.011282,-2.826141,23,23,23,23,23,23,23,23,23,23,23,23,23,23,23,23,215,2150,-2.872262,-5.372386,-5.365223,-3.095783,-2.588284,-2.294847,-1.941621,-68.03785,0.370717,0.1219683,-0.2383799,-0.8489946,-0.769583,-0.1097286,-0.221358,1.053039,22,22,22,22,22,22,22,22,22,22,22,22,22,22,22,22
216,2160,-38.95658,-54.16549,-23.39103,-21.07283,-17.49292,-13.57705,-10.72187,-10.91146,-9.531987,-10.33339,-9.145732,-10.21329,-9.060727,-10.15231,-8.832851,-0.4827348,23,23,23,23,23,23,23,23,23,23,23,23,23,23,23,23,216,2160,-9.278574,-7.907972,-5.89279,-5.429708,10.50577,6.994534,-4.048711,-3.52023,-2.459514,-2.575396,-2.891243,-1.885613,-1.920204,-2.339051,-2.409034,-2.939187,23,23,23,23,23,23,23,23,23,23,23,23,23,23,23,23,216,2160,-2.06802,-5.244473,-5.493018,-2.063867,-1.42258,-2.294847,-2.976054,-69.24083,-0.1236933,0.6058831,0.238424,0.8488726,0.2211894,-0.5544031,-1.926374E-05,1.287113,22,22,22,22,22,22,22,22,22,22,22,22,22,22,22,22
217,2170,-38.11497,-53.80278,-23.02178,-18.759,-16.04485,-12.21973,-10.08378,-9.406788,-9.16088,-9.104085,-9.739123,-10.33937,-9.299169,-9.555632,-10.14418,-0.4827348,23,23,23,23,23,23,23,23,23,23,23,23,23,23,23,23,217,2170,-8.6068,-7.512574,-5.630893,-5.817545,10.50577,7.117257,-3.918109,-3.52023,-3.106754,-2.961712,-2.496975,-2.154978,-1.664193,-2.6732,-1.927237,-2.147871,23,23,23,23,23,23,23,23,23,23,23,23,23,23,23,23,217,2170,-2.527585,-5.11656,-5.365223,-2.579825,-2.070194,-1.657881,-1.941621,-68.03783,-0.3708984,0.7268625,0.715228,0.1212171,-0.3292397,0.001439162,0.1106493,0.9359993,22,22,22,22,22,22,22,22,22,22,22,22,22,22,22,22
218,2180,-38.59589,-54.77002,-24.25262,-19.73324,-18.09628,-12.83669,-11.23233,-10.91146,-10.52161,-11.43977,-10.09516,-11.09583,-10.49137,-10.62965,-9.42891,-0.2413313,23,23,23,23,23,23,23,23,23,23,23,23,23,23,23,23,218,2180,-8.203735,-7.776172,-6.023738,-5.17115,10.76848,7.730974,-3.787509,-3.52023,-2.977307,-2.961712,-2.234131,-2.020296,-1.536185,-1.447986,-1.565888,-1.808736,23,23,23,23,23,23,23,23,23,23,23,23,23,23,23,23,218,2180,-2.06802,-4.221169,-6.004195,-1.805887,-1.681626,-2.294847,-1.941621,-69.24083,0.1235119,-0.2409123,2.207303E-05,0.3637668,0.2211894,-0.3320659,-0.7747024,1.755254,22,22,22,22,22,22,22,22,22,22,22,22,22,22,22,22
219,2190,-40.88027,-53.56097,-24.25262,-19.85502,-17.01023,-13.45366,-10.08378,-10.4099,-9.16088,-9.964601,-9.976482,-10.21329,-10.84904,-10.15231,-8.475216,-0.4827348,23,23,23,23,23,23,23,23,23,23,23,23,23,23,23,23,219,2190,-8.472445,-7.117175,-6.285635,-5.558987,11.29389,7.362754,-4.309913,-3.52023,-3.4951,-2.704168,-2.234131,-2.154978,-2.816254,-1.782136,-2.047686,-1.921782,23,23,23,23,23,23,23,23,23,23,23,23,23,23,23,23,219,2190,-2.527585,-5.500299,-5.365223,-2.450835,-2.070194,-2.42224,-1.941621,-68.47529,-9.070009E-05,1.573767,0.3575731,0.2424919,0.001017767,-1.110245,-0.4426951,0.8189656,22,22,22,22,22,22,22,22,22,22,22,22,22,22,22,22
220,2200,-41.84211,-53.80278,-23.02178,-18.51544,-15.07947,-11.97295,-9.828547,-10.66068,-9.408285,-10.70218,-9.620446,-10.08722,-9.537611,-10.62965,-9.309699,0.2414774,23,23,23,23,23,23,23,23,23,23,23,23,23,23,23,23,220,2200,-9.009865,-6.721777,-6.547532,-4.912592,11.16254,7.730974,-4.440515,-3.911367,-4.012897,-2.704168,-1.971284,-2.020296,-2.304227,-1.670753,-2.168136,-2.260917,23,23,23,23,23,23,23,23,23,23,23,23,23,23,23,23,220,2200,-2.297804,-4.604908,-4.98184,-3.095783,-1.811148,-1.912668,-1.683013,-69.02211,0.2471144,0.2430024,1.072779,-6.421245E-06,0.3312753,-0.5544031,-0.1106894,1.170073,22,22,22,22,22,22,22,22,22,22,22,22,22,22,22,22
221,2210,-39.55774,-53.07735,-21.79094,-19.00256,-14.59678,-12.58991,-9.062847,-10.4099,-8.666071,-10.82512,-9.264411,-10.33937,-9.656878,-11.34567,-10.02497,-1.086247,23,23,23,23,23,23,23,23,23,23,23,23,23,23,23,23,221,2210,-8.6068,-6.721777,-6.809429,-4.395476,11.29389,7.240031,-4.309913,-4.041744,-4.012897,-2.317852,-1.70844,-2.154978,-2.304227,-2.004902,-2.288585,-2.260917,23,23,23,23,23,23,23,23,23,23,23,23,23,23,23,23,221,2210,-2.06802,-4.988647,-5.620812,-2.708814,-2.458762,-1.403095,-1.941621,-67.70973,-0.1236933,0.3639819,0.2383723,-0.1212813,-0.5494146,-0.9990768,-0.221358,0.8189656,22,22,22,22,22,22,22,22,22,22,22,22,22,22,22,22
222,2220,-40.51958,-53.68187,-23.26795,-20.22036,-15.8035,-12.21973,-9.956164,-10.91146,-10.64531,-10.57925,-10.68855,-10.59153,-10.13376,-10.62965,-9.42891,-0.6034381,23,23,23,23,23,23,23,23,23,23,23,23,23,23,23,23,222,2220,-8.6068,-7.512574,-6.285635,-4.266197,11.03119,6.50354,-4.440515,-4.302501,-3.624549,-1.931536,-1.971284,-2.693708,-1.152166,-2.339051,-1.565888,-3.165276,23,23,23,23,23,23,23,23,23,23,23,23,23,23,23,23,222,2220,-1.953128,-4.476995,-6.131989,-2.450835,-1.811148,-2.167454,-2.84675,-69.13146,0.1235119,0.001043452,0.2383723,0.7276523,-0.1090713,0.1126583,-0.1106894,0.9359993,22,22,22,22,22,22,22,22,22,22,22,22,22,22,22,22
223,2230,-39.55774,-54.16549,-22.16019,-19.85502,-15.20015,-11.84955,-9.828547,-10.53529,-10.1505,-10.82512,-10.09516,-10.33937,-9.895319,-10.27165,-9.428911,7.384432E-05,23,23,23,23,23,23,23,23,23,23,23,23,23,23,23,23,223,2230,-7.800671,-7.117175,-5.238048,-3.74908,11.03119,6.87176,-4.048711,-4.824018,-3.236203,-2.317852,-2.234131,-2.28966,-1.664193,-2.784586,-2.168136,-2.713095,23,23,23,23,23,23,23,23,23,23,23,23,23,23,23,23,223,2230,-2.297804,-5.628212,-5.109634,-2.321845,-2.717807,-1.912668,-2.458838,-68.03783,0.2471144,0.7269171,0.1191711,-6.421245E-06,-0.9897611,-0.3320145,-7.384432E-05,1.053039,22,22,22,22,22,22,22,22,22,22,22,22,22,22,22,22
224,2240,-42.2028,-54.2864,-24.00645,-19.24612,-16.2862,-11.72616,-10.84948,-10.78607,-9.903094,-10.33339,-10.56987,-10.7176,-10.25298,-9.794303,-9.667335,0.7242346,23,23,23,23,23,23,23,23,23,23,23,23,23,23,23,23,224,2240,-7.531961,-6.853577,-4.845202,-3.878359,10.50577,6.994534,-4.962918,-4.954399,-3.624549,-1.802764,-1.971284,-1.750931,-1.408177,-2.561817,-2.288585,-2.034822,23,23,23,23,23,23,23,23,23,23,23,23,23,23,23,23,224,2240,-1.953128,-5.11656,-5.748606,-2.966794,-1.811148,-2.04006,-3.105358,-69.02211,0.2471144,-0.2409123,0.1191711,0.8489304,-0.8796753,0.001490532,0.442602,1.521187,22,22,22,22,22,22,22,22,22,22,22,22,22,22,22,22
225,2250,-42.92419,-55.61635,-23.6372,-22.04707,-17.1309,-12.7133,-10.72187,-10.78607,-9.903094,-10.82512,-10.21384,-10.59153,-10.01454,-9.913639,-8.594428,-1.327702,23,23,23,23,23,23,23,23,23,23,23,23,23,23,23,23,225,2250,-7.397462,-6.721777,-4.321408,-4.136917,10.37442,7.730974,-4.832316,-4.824018,-2.977307,-2.18908,-2.496975,-1.077519,-2.304227,-2.6732,-2.047686,-2.487,23,23,23,23,23,23,23,23,23,23,23,23,23,23,23,23,225,2250,-2.182915,-5.372386,-5.493018,-2.579825,-2.070194,-2.42224,-1.812317,-68.69401,0.4943195,0.9688728,0.1191711,-0.7276652,-0.3292429,-0.3320145,-0.221411,1.053039,22,22,22,22,22,22,22,22,22,22,22,22,22,22,22,22
226,2260,-40.39935,-55.01185,-23.6372,-20.82927,-16.2862,-12.46652,-10.59425,-10.4099,-9.779392,-11.07098,-9.739123,-11.09583,-9.656878,-9.555632,-7.879157,0.241426,23,23,23,23,23,23,23,23,23,23,23,23,23,23,23,23,226,2260,-8.069381,-5.930981,-3.928563,-3.619801,10.24307,6.749037,-4.962918,-3.911367,-2.330063,-2.575396,-2.628399,-1.750931,-2.816254,-2.116285,-2.047686,-1.921776,23,23,23,23,23,23,23,23,23,23,23,23,23,23,23,23,226,2260,-1.953134,-5.244473,-5.109634,-2.450835,-2.329239,-3.059205,-2.976054,-69.02211,0.2471144,0.1220229,-0.3576329,0.4850994,-0.6595004,-0.2208467,-7.384432E-05,0.9360057,22,22,22,22,22,22,22,22,22,22,22,22,22,22,22,22
227,2270,-39.07681,-54.77004,-22.77561,-22.16885,-16.2862,-12.46652,-10.08378,-11.28763,-9.779392,-12.17735,-9.857802,-11.47406,-10.01454,-11.107,-9.071276,-0.7241912,23,23,23,23,23,23,23,23,23,23,23,23,23,23,23,23,227,2270,-7.262964,-5.667382,-4.19046,-4.007638,11.16254,6.87176,-4.832316,-3.780987,-3.236203,-2.446624,-1.839863,-2.424343,-3.456288,-2.227668,-2.168136,-2.713092,23,23,23,23,23,23,23,23,23,23,23,23,23,23,23,23,227,2270,-2.757373,-5.244473,-5.620811,-3.095783,-2.717807,-2.04006,-2.717445,-68.36592,0.6179212,0.1220229,-0.4768337,-0.7276652,-0.5494146,-0.3320145,0.2212649,1.170079,22,22,22,22,22,22,22,22,22,22,22,22,22,22,22,22
228,2280,-44.48718,-55.85818,-24.62187,-22.04707,-15.56216,-12.09634,-10.72187,-10.66068,-10.52161,-11.19391,-10.56987,-10.46545,-9.537657,-10.15231,-9.071276,-1.207,23,23,23,23,23,23,23,23,23,23,23,23,23,23,23,23,228,2280,-6.455973,-5.140184,-3.797614,-4.266197,11.16254,6.87176,-5.615923,-3.52023,-2.718409,-2.446624,-1.971284,-3.232437,-2.688246,-2.784586,-1.806787,-2.939181,23,23,23,23,23,23,23,23,23,23,23,23,23,23,23,23,228,2280,-1.953134,-5.11656,-5.493017,-2.450887,-2.717807,-3.69617,-3.49327,-69.45956,0.2471144,-0.1199328,-2.969826E-05,-0.2425593,-0.9897611,-0.4431839,0.442602,1.287113,22,22,22,22,22,22,22,22,22,22,22,22,22,22,22,22
229,2290,-44.96811,-55.13276,-23.14486,-19.85502,-14.59679,-11.72616,-9.573315,-10.03373,-10.2742,-10.57925,-10.09516,-10.46545,-10.01454,-10.03297,-10.74024,0.1207242,23,23,23,23,23,23,23,23,23,23,23,23,23,23,23,23,229,2290,-5.514483,-4.744786,-4.059511,-4.654034,11.03119,6.380817,-5.354723,-2.868332,-2.847858,-2.704168,-1.839863,-3.097755,-2.048212,-2.450434,-2.168136,-2.826135,23,23,23,23,23,23,23,23,23,23,23,23,23,23,23,23,229,2290,-3.446722,-4.988647,-5.109634,-2.966845,-2.458814,-2.04006,-3.105358,-68.69401,0.6179212,0.3639819,0.1191711,-0.1212813,-0.2191571,0.2238278,0.442602,0.701932,22,22,22,22,22,22,22,22,22,22,22,22,22,22,22,22
230,2300,-44.36695,-55.49546,-23.51411,-18.88078,-15.80352,-11.97294,-11.61518,-10.91146,-10.52161,-11.43977,-11.04459,-10.96976,-10.9683,-11.70367,-10.38261,2.247436E-05,23,23,23,23,23,23,23,23,23,23,23,23,23,23,23,23,230,2300,-5.78348,-5.008385,-3.666666,-5.429708,11.29389,5.889823,-4.440515,-2.868332,-3.106754,-2.83294,-2.102707,-3.36712,-2.304227,-2.227668,-2.770383,-3.165269,23,23,23,23,23,23,23,23,23,23,23,23,23,23,23,23,230,2300,-2.757373,-5.372386,-5.237428,-2.837856,-2.329292,-3.568777,-3.105358,-68.36592,0.6179212,-0.1199328,0.1191711,-6.421245E-06,-0.5494146,-0.1096781,0.7746093,1.521187,22,22,22,22,22,22,22,22,22,22,22,22,22,22,22,22
231,2310,-43.04442,-54.77004,-22.77561,-20.70748,-16.88956,-12.46651,-11.35995,-10.91146,-10.64531,-12.05442,-10.09516,-10.59153,-10.72986,-11.107,-9.667335,-0.9655948,23,23,23,23,23,23,23,23,23,23,23,23,23,23,23,23,231,2310,-4.303996,-3.558592,-4.19046,-4.654034,10.37442,5.7671,-3.918061,-2.607575,-3.365652,-1.54522,-3.022663,-2.963073,-1.7922,-2.339051,-2.168136,-3.391358,23,23,23,23,23,23,23,23,23,23,23,23,23,23,23,23,231,2310,-2.872265,-5.244473,-4.98184,-2.837856,-2.199769,-2.549633,-3.622625,-68.91274,0.2471144,0.2430024,-0.3576329,-0.7276652,-0.3292429,0.2238278,0.6639391,1.053039,22,22,22,22,22,22,22,22,22,22,22,22,22,22,22,22
232,2320,-42.32304,-54.40732,-23.6372,-22.77775,-15.68284,-13.94723,-11.10472,-11.91458,-11.26382,-12.91494,-10.56987,-12.3566,-10.84908,-12.77769,-10.74024,-0.7241912,23,23,23,23,23,23,23,23,23,23,23,23,23,23,23,23,232,2320,-3.9005,-3.163193,-4.059511,-4.395476,11.03119,6.012598,-3.656857,-2.216437,-3.106754,-1.931536,-2.891243,-2.963073,-1.408177,-1.893519,-2.770383,-2.713092,23,23,23,23,23,23,23,23,23,23,23,23,23,23,23,23,232,2320,-2.297807,-5.244473,-4.854045,-2.321897,-1.681678,-2.167454,-3.105409,-67.92847,-9.070009E-05,0.001043452,0.7151762,-6.421245E-06,-0.2191571,0.2238278,-0.221411,0.9360057,22,22,22,22,22,22,22,22,22,22,22,22,22,22,22,22
233,2330,-39.67797,-55.01185,-23.76028,-22.41241,-16.04486,-13.33026,-11.99803,-12.54152,-12.00603,-14.7589,-11.87534,-13.23914,-12.15876,-12.41969,-10.74024,-1.086298,23,23,23,23,23,23,23,23,23,23,23,23,23,23,23,23,233,2330,-4.303996,-3.558592,-3.797614,-4.266197,10.11172,6.50354,-3.526258,-2.477198,-3.754,-1.931536,-2.759819,-1.885613,-2.176219,-2.116285,-2.770383,-2.260911,23,23,23,23,23,23,23,23,23,23,23,23,23,23,23,23,233,2330,-3.102049,-5.884037,-4.854045,-2.579877,-2.199769,-2.294847,-2.458889,-68.80338,0.4943195,0.3639819,-0.3576329,-0.6063871,-0.1090713,-0.8878576,0.2212649,1.404147,22,22,22,22,22,22,22,22,22,22,22,22,22,22,22,22
234,2340,-39.79819,-53.68189,-25.36037,-22.29063,-17.01024,-13.82383,-11.10472,-12.03997,-10.89271,-12.91493,-10.45119,-11.47406,-10.72986,-11.70367,-9.667335,-0.6034895,23,23,23,23,23,23,23,23,23,23,23,23,23,23,23,23,234,2340,-4.303996,-3.426792,-3.273821,-4.524755,9.980413,6.994534,-3.265054,-2.477198,-2.588961,-2.18908,-3.811202,-2.559025,-1.920204,-2.227668,-2.168136,-2.826135,23,23,23,23,23,23,23,23,23,23,23,23,23,23,23,23,234,2340,-2.182915,-4.732821,-5.493017,-2.708866,-2.976905,-3.059205,-3.234713,-68.14719,-0.2472958,0.6058831,0.3575731,-0.2425593,-0.4393288,1.113175,0.5532706,1.170079,22,22,22,22,22,22,22,22,22,22,22,22,22,22,22,22
235,2350,-39.79819,-53.68189,-24.12953,-19.61146,-14.59679,-11.35598,-10.59425,-11.16224,-10.89271,-11.19391,-11.16327,-11.47406,-11.20655,-11.34567,-10.74024,-0.1206793,23,23,23,23,23,23,23,23,23,23,23,23,23,23,23,23,235,2350,-4.169497,-4.612987,-3.273821,-5.041871,10.50577,6.50354,-3.787459,-3.389849,-2.588961,-3.734344,-3.416931,-2.82839,-2.432235,-3.007352,-2.770383,-2.373957,23,23,23,23,23,23,23,23,23,23,23,23,23,23,23,23,235,2350,-2.527592,-4.732821,-5.493017,-3.095835,-2.588337,-2.549633,-2.329585,-68.25655,0.8651264,-0.3619463,-0.1191783,-0.9702181,0.001014557,-0.5543517,-0.3320795,0.9360057,22,22,22,22,22,22,22,22,22,22,22,22,22,22,22,22
236,2360,-42.44326,-54.52823,-24.86804,-18.1501,-13.75209,-11.35598,-10.46663,-11.78919,-10.76901,-11.5627,-10.33252,-11.22191,-11.08752,-10.98766,-9.428911,-0.844893,23,23,23,23,23,23,23,23,23,23,23,23,23,23,23,23,236,2360,-3.9005,-3.690391,-3.142872,-5.041871,10.63713,6.626314,-3.003852,-2.737955,-1.941719,-2.575396,-2.496975,-1.885613,-1.024158,-2.339051,-2.168136,-2.260911,23,23,23,23,23,23,23,23,23,23,23,23,23,23,23,23,236,2360,-2.182915,-4.732821,-5.237428,-2.192908,-2.847383,-2.804419,-3.622625,-68.58464,0.370717,0.1219683,0.3576256,-0.1213391,-0.5494146,0.1126583,0.442602,1.170079,22,22,22,22,22,22,22,22,22,22,22,22,22,22,22,22
237,2370,-42.44326,-53.19828,-22.40635,-14.86203,-11.0973,-9.751876,-8.935229,-10.4099,-9.779391,-11.80856,-10.33252,-10.59152,-10.37215,-10.86832,-9.071276,0.4828311,23,23,23,23,23,23,23,23,23,23,23,23,23,23,23,23,237,2370,-4.034999,-3.95399,-3.666666,-4.783312,10.89983,7.240031,-3.395656,-2.737955,-2.588961,-3.219256,-2.365551,-1.885613,-2.43218,-2.116285,-2.529484,-2.147865,23,23,23,23,23,23,23,23,23,23,23,23,23,23,23,23,237,2370,-2.987157,-4.988647,-5.493017,-2.450887,-1.422633,-2.549633,-1.941672,-67.60036,0.9887289,-0.1199906,-0.5959823,-0.7277197,-0.2191571,0.001490532,0.1105947,1.404147,22,22,22,22,22,22,22,22,22,22,22,22,22,22,22,22
238,2380,-40.27912,-53.56099,-20.92934,-16.07984,-11.21797,-10.9858,-8.169529,-11.16224,-10.0268,-11.93149,-10.21384,-11.47406,-10.25293,-11.22633,-9.905758,-0.6034895,23,23,23,23,23,23,23,23,23,23,23,23,23,23,23,23,238,2380,-4.707491,-3.426792,-3.666666,-5.300429,10.89983,7.240031,-3.918061,-1.95568,-2.71841,-3.348028,-1.314172,-1.616248,-2.560188,-1.55942,-1.565888,-2.034822,23,23,23,23,23,23,23,23,23,23,23,23,23,23,23,23,238,2380,-2.527592,-3.709517,-4.98184,-2.450887,-2.588337,-3.568777,-3.105409,-68.80338,0.1235119,0.9688182,0.4768264,0.2424919,0.4413579,0.2237764,0.1105947,0.4678584,22,22,22,22,22,22,22,22,22,22,22,22,22,22,22,22
239,2390,-40.27912,-53.56099,-21.66785,-15.71449,-12.66603,-10.73902,-9.190464,-10.78607,-9.779391,-11.5627,-11.40062,-11.60014,-9.77605,-11.34567,-8.594428,-0.7241912,23,23,23,23,23,23,23,23,23,23,23,23,23,23,23,23,239,2390,-4.707491,-3.558592,-4.19046,-5.300429,10.89983,7.117257,-4.048661,-2.216437,-2.847859,-2.83294,-1.70844,-2.020296,-2.816199,-2.339102,-1.927288,-2.034822,23,23,23,23,23,23,23,23,23,23,23,23,23,23,23,23,239,2390,-2.527592,-4.988647,-5.620811,-2.192908,-2.070246,-1.657881,-2.200281,-67.8191,0.4943195,0.2429478,2.247436E-05,-0.1213391,0.1111004,0.2237764,0.3319864,1.053039,22,22,22,22,22,22,22,22,22,22,22,22,22,22,22,22
240,2400,-43.04442,-53.31918,-22.52944,-18.88078,-14.47612,-10.86241,-7.659062,-9.406789,-8.913475,-10.57925,-10.21384,-10.46545,-9.418387,-10.27165,-9.548122,-0.4827861,23,23,23,23,23,23,23,23,23,23,23,23,23,23,23,23,240,2400,-4.84199,-3.690391,-4.059511,-5.558987,10.89983,6.87176,-4.96287,-1.564543,-2.977308,-2.575396,-2.496975,-2.82839,-2.944207,-2.004954,-2.529536,-1.921718,23,23,23,23,23,23,23,23,23,23,23,23,23,23,23,23,240,2400,-2.297807,-4.860734,-5.237428,-2.192908,-2.976905,-3.313991,-2.329585,-68.25655,0.8651264,0.4849035,-0.3575803,-6.100183E-05,-0.6595004,-0.1097286,0.1106493,1.287113,22,22,22,22,22,22,22,22,22,22,22,22,22,22,22,22
241,2410,-40.15889,-53.56099,-23.51411,-18.39366,-15.07949,-10.73902,-9.828547,-10.03374,-10.0268,-11.19391,-11.16327,-11.34798,-11.20655,-10.86832,-9.786547,0.241426,23,23,23,23,23,23,23,23,23,23,23,23,23,23,23,23,241,2410,-5.110934,-4.349388,-4.976151,-4.654034,11.03119,6.626314,-4.179263,-2.216437,-3.624551,-2.446624,-2.365551,-2.28966,-2.048157,-2.339102,-1.806839,-2.034764,23,23,23,23,23,23,23,23,23,23,23,23,23,23,23,23,241,2410,-3.216935,-5.628212,-5.365222,-2.321897,-1.940724,-2.167454,-2.846801,-68.03783,0.4943195,-0.4829258,0.1192237,-0.9702727,-0.5494146,-0.4432345,0.3319864,1.75526,22,22,22,22,22,22,22,22,22,22,22,22,22,22,22,22
242,2420,-38.35543,-53.20738,-22.52944,-18.27188,-15.56217,-11.60277,-9.700931,-9.406789,-8.913475,-9.841669,-10.45119,-10.7176,-10.13371,-10.27165,-9.190487,-0.1206793,23,23,23,23,23,23,23,23,23,23,23,23,23,23,23,23,242,2420,-3.63145,-4.744837,-4.321408,-4.395476,11.29389,6.749037,-2.74265,-2.607575,-2.847859,-1.802764,-1.182752,-2.28966,-2.048157,-1.893571,-1.44549,-2.260853,23,23,23,23,23,23,23,23,23,23,23,23,23,23,23,23,242,2420,-2.297804,-4.732821,-4.854045,-2.450887,-2.458814,-2.931812,-2.976105,-68.14719,0.2471144,-0.1199906,2.247436E-05,0.2424919,-0.3292429,0.2237764,0.2213179,1.287113,22,22,22,22,22,22,22,22,22,22,22,22,22,22,22,22
243,2430,-35.46991,-52.11905,-21.91401,-19.9768,-17.13091,-12.21973,-9.828547,-10.03374,-8.666071,-10.82511,-9.739123,-11.09583,-10.37215,-11.58434,-9.42891,-0.1206793,23,23,23,23,23,23,23,23,23,23,23,23,23,23,23,23,243,2430,-3.900447,-3.690442,-3.928563,-4.395476,10.89983,6.626314,-2.873252,-2.868332,-2.588961,-1.416448,-1.70844,-2.82839,-2.176165,-2.450485,-1.927288,-2.147807,23,23,23,23,23,23,23,23,23,23,23,23,23,23,23,23,243,2430,-2.872262,-4.860734,-5.8764,-2.579877,-2.070246,-1.912668,-2.070977,-67.27228,0.6179212,0.0009888718,2.247436E-05,-0.4851668,-0.2191571,0.1126086,-0.4426951,1.170079,22,22,22,22,22,22,22,22,22,22,22,22,22,22,22,22
244,2440,-34.98898,-52.60275,-21.17551,-18.759,-15.32082,-12.96009,-10.72187,-11.41302,-9.903093,-11.80856,-10.68855,-10.84368,-10.49137,-10.86832,-9.190487,-1.327702,23,23,23,23,23,23,23,23,23,23,23,23,23,23,23,23,244,2440,-3.362453,-4.876637,-3.666666,-3.74908,11.42519,7.240031,-3.134454,-3.780987,-2.71841,-1.673992,-1.445596,-2.559025,-1.664138,-2.784637,-2.168187,-2.939123,23,23,23,23,23,23,23,23,23,23,23,23,23,23,23,23,244,2440,-2.412696,-5.11656,-5.748606,-1.547959,-2.070246,-2.549633,-2.976105,-69.02211,0.1235119,0.0009888718,0.4768264,-6.100183E-05,-0.5494146,-0.2208973,0.2213179,0.9360057,22,22,22,22,22,22,22,22,22,22,22,22,22,22,22,22
245,2450,-36.67221,-52.3609,-22.65252,-23.14309,-19.18232,-16.41508,-14.42275,-11.91458,-10.52161,-11.07098,-10.21384,-10.96975,-9.656829,-10.74899,-8.475216,-0.1206793,23,23,23,23,23,23,23,23,23,23,23,23,23,23,23,23,245,2450,-3.496952,-4.481239,-3.011924,-2.973406,10.89983,6.994534,-3.656857,-3.259469,-2.330065,-1.931536,-2.102707,-2.020296,-1.920153,-2.561868,-2.288637,-2.147807,23,23,23,23,23,23,23,23,23,23,23,23,23,23,23,23,245,2450,-1.953128,-4.988647,-5.620812,-2.063918,-1.940671,-1.912668,-3.105409,-68.03783,0.8651264,0.6058831,0.3576256,-0.9702727,-0.8796753,0.1126086,0.1106493,1.287113,22,22,22,22,22,22,22,22,22,22,22,22,22,22,22,22
246,2460,-36.31152,-52.72367,-23.51411,-23.63021,-19.303,-16.29169,-13.91229,-12.03997,-10.76901,-11.19391,-10.68855,-10.84368,-10.25293,-10.03297,-8.952063,0.1207242,23,23,23,23,23,23,23,23,23,23,23,23,23,23,23,23,246,2460,-4.169445,-4.085841,-3.928563,-3.490522,10.37442,7.117257,-3.656857,-2.998712,-2.200615,-1.54522,-2.628399,-1.616248,-2.560188,-2.116337,-2.168187,-2.373899,23,23,23,23,23,23,23,23,23,23,23,23,23,23,23,23,246,2460,-2.412696,-5.11656,-5.365223,-2.063918,-1.811148,-2.42224,-2.458889,-68.14719,0.2471144,0.4849035,2.247436E-05,0.1212171,-0.3292429,0.1126086,-0.3320265,1.170079,22,22,22,22,22,22,22,22,22,22,22,22,22,22,22,22
247,2470,-36.19129,-53.69108,-24.74495,-23.50843,-20.02704,-17.03204,-14.42275,-12.7923,-11.01642,-11.5627,-10.80723,-10.84368,-10.01449,-10.27165,-7.998368,-0.6034895,23,23,23,23,23,23,23,23,23,23,23,23,23,23,23,23,247,2470,-4.57294,-4.876637,-3.273821,-3.361243,10.37442,6.994534,-3.918058,-3.259469,-2.459514,-1.54522,-2.759819,-1.481566,-2.304173,-2.339102,-2.047738,-1.469541,23,23,23,23,23,23,23,23,23,23,23,23,23,23,23,23,247,2470,-2.642477,-5.244473,-5.748606,-2.579877,-1.940671,-1.912668,-3.49327,-68.14719,0.370717,0.6058831,0.3576256,-0.2426139,-0.4393288,0.7796187,0.3319864,1.170079,22,22,22,22,22,22,22,22,22,22,22,22,22,22,22,22
248,2480,-34.50806,-52.3609,-24.00645,-21.68173,-18.94098,-16.53847,-14.8056,-12.7923,-11.38752,-11.5627,-9.857802,-9.96114,-9.060725,-8.958954,-7.163159,0.1207242,23,23,23,23,23,23,23,23,23,23,23,23,23,23,23,23,248,2480,-5.648929,-5.140236,-3.797614,-4.524755,11.16254,6.994534,-4.571064,-2.738013,-2.847859,-2.317852,-3.285507,-2.020296,-2.816199,-2.450485,-1.56594,-1.582583,23,23,23,23,23,23,23,23,23,23,23,23,23,23,23,23,248,2480,-1.723347,-5.372386,-5.493018,-1.805938,-2.458762,-2.677026,-2.458838,-68.14719,-0.4945005,-0.2409669,0.3576256,0.3637668,-0.6595004,0.4461136,-1.926374E-05,1.63822,22,22,22,22,22,22,22,22,22,22,22,22,22,22,22,22
249,2490,-35.10921,-53.69108,-23.88336,-23.26487,-18.4583,-16.66187,-12.89135,-13.79542,-11.38752,-12.17735,-9.97648,-10.7176,-8.464623,-9.078289,-7.163159,-0.844893,23,23,23,23,23,23,23,23,23,23,23,23,23,23,23,23,249,2490,-5.379931,-4.876637,-3.535717,-3.878359,10.76848,6.258043,-3.787458,-2.738013,-1.682874,-2.060308,-2.365551,-1.750931,-2.816199,-2.004954,-1.44549,-2.034764,23,23,23,23,23,23,23,23,23,23,23,23,23,23,23,23,249,2490,-2.527585,-4.988647,-5.748606,-2.579877,-1.811148,-1.148309,-2.717445,-68.14719,0.4943195,1.089798,2.247436E-05,-0.9702727,0.001014557,0.2237764,0.2213179,2.106368,22,22,22,22,22,22,22,22,22,22,22,22,22,22,22,22
250,2500,-36.55198,-53.93294,-26.34505,-26.1876,-22.07846,-17.15544,-14.0399,-14.92392,-11.75863,-11.07098,-9.145732,-9.835062,-8.703064,-8.958954,-5.969303,-0.844893,23,23,23,23,23,23,23,23,23,23,23,23,23,23,23,23,250,2500,-5.245433,-4.085841,-3.273821,-4.266197,10.76848,5.889823,-4.309861,-2.607632,-2.330117,-2.317904,-1.314172,-2.424343,-2.43218,-1.22527,-1.204591,-2.599988,23,23,23,23,23,23,23,23,23,23,23,23,23,23,23,23,250,2500,-2.527585,-4.860734,-5.748606,-1.934928,-1.940671,-2.167454,-2.329533,-68.14719,-9.070009E-05,-0.1199906,2.247436E-05,-6.100183E-05,-0.1090713,-0.4432345,0.1106493,0.8189656,22,22,22,22,22,22,22,22,22,22,22,22,22,22,22,22
251,2510,-36.91267,-53.3283,-25.85271,-24.96979,-20.26837,-15.42794,-12.89135,-13.41925,-11.38752,-10.21046,-9.739123,-9.330755,-7.7493,-7.048624,-5.252989,-0.2413826,23,23,23,23,23,23,23,23,23,23,23,23,23,23,23,23,251,2510,-4.976436,-4.21764,-2.48813,-4.007638,12.34466,6.13532,-3.918058,-1.173463,-1.165079,-1.802816,-0.9199076,-1.077519,-1.920153,-1.22527,-0.8432428,-2.034764,23,23,23,23,23,23,23,23,23,23,23,23,23,23,23,23,251,2510,-2.182912,-4.476995,-4.854046,-1.805938,-1.163535,-0.8935227,-1.812317,-67.27228,0.9887289,0.1219683,-0.2383799,-0.4851668,0.001014557,0.1126086,0.3319864,1.404147,22,22,22,22,22,22,22,22,22,22,22,22,22,22,22,22
252,2520,-37.87452,-53.81201,-28.68365,-25.94403,-21.95779,-14.93437,-13.40182,-13.54464,-11.88233,-10.45632,-9.264411,-9.330756,-7.86852,-6.690218,-4.894832,0.241426,23,23,23,23,23,23,23,23,23,23,23,23,23,23,23,23,252,2520,-5.245433,-3.426843,-2.48813,-4.136917,11.29389,5.521603,-3.395654,-1.825358,-2.071219,-2.70422,-1.70844,-2.963024,-1.53613,-1.55942,-1.44549,-2.486942,23,23,23,23,23,23,23,23,23,23,23,23,23,23,23,23,252,2520,-1.608455,-3.83743,-5.237429,-1.032,-1.811148,-2.42224,-1.812317,-67.16291,0.370717,0.6058831,0.238424,-0.3638342,-0.2191571,0.7796187,-0.3320265,1.170079,22,22,22,22,22,22,22,22,22,22,22,22,22,22,22,22
253,2530,-38.11497,-54.65849,-27.69898,-24.96979,-21.35442,-15.42794,-13.52944,-13.54464,-11.26382,-11.07098,-8.789696,-8.826448,-7.630128,-6.451281,-5.969303,-0.4827861,23,23,23,23,23,23,23,23,23,23,23,23,23,23,23,23,253,2530,-5.245433,-4.21764,-4.059511,-3.878359,10.63713,5.030609,-3.265052,-1.564601,-2.071219,-1.802816,-1.577019,-1.885565,-1.536134,-1.55942,-2.288637,-2.147807,23,23,23,23,23,23,23,23,23,23,23,23,23,23,23,23,253,2530,-2.75737,-4.732821,-5.620812,-1.934928,-1.681626,-2.167454,-2.717445,-67.60036,0.1235119,0.0009888718,-0.7151839,-0.4851122,0.2211862,0.001439162,0.442655,1.287113,22,22,22,22,22,22,22,22,22,22,22,22,22,22,22,22
254,2540,-39.67797,-54.29572,-26.22196,-23.63021,-19.18232,-15.30455,-12.89135,-13.79542,-11.26382,-11.68563,-8.55234,-9.078603,-7.391688,-7.884955,-5.969303,-0.1206793,23,23,23,23,23,23,23,23,23,23,23,23,23,23,23,23,254,2540,-5.648929,-4.34944,-4.452357,-3.619801,10.76848,5.889823,-2.612047,-1.564601,-1.941772,-1.158956,-2.628399,-2.020247,-1.408126,-1.225219,-2.529536,-2.260853,23,23,23,23,23,23,23,23,23,23,23,23,23,23,23,23,254,2540,-1.723347,-4.093256,-5.237429,-1.805938,-1.42258,-2.42224,-1.424405,-66.83482,0.370717,1.089798,2.207303E-05,0.1212716,0.3312721,0.4461136,0.2213179,0.8189656,22,22,22,22,22,22,22,22,22,22,22,22,22,22,22,22
255,2550,-39.31728,-55.86776,-26.96047,-24.36089,-18.94098,-15.67472,-13.14658,-13.79542,-12.00603,-11.93149,-9.501767,-9.708987,-8.822333,-8.362275,-5.611146,-1.207,23,23,23,23,23,23,23,23,23,23,23,23,23,23,23,23,255,2550,-6.590419,-4.481239,-4.976151,-4.266197,10.76848,6.258043,-3.395654,-1.564601,-2.330117,-2.06036,-2.102707,-2.15493,-1.664141,-1.559369,-2.529536,-2.713034,23,23,23,23,23,23,23,23,23,23,23,23,23,23,23,23,255,2550,-2.06802,-3.453692,-4.470662,-2.063918,-1.681626,-2.294847,-2.070925,-67.38165,0.370717,-0.4829258,-0.4767819,-0.2425593,0.1111004,0.3349458,-0.3320249,1.63822,22,22,22,22,22,22,22,22,22,22,22,22,22,22,22,22
256,2560,-39.43751,-54.29572,-26.59122,-23.38665,-17.25157,-13.94723,-11.23233,-11.78919,-11.26382,-10.70218,-8.671017,-8.322141,-7.034027,-6.212398,-5.491761,-0.724188,23,23,23,23,23,23,23,23,23,23,23,23,23,23,23,23,256,2560,-6.321422,-5.008436,-4.19046,-3.74908,10.37442,6.012598,-3.134451,-1.694981,-2.718463,-1.674044,-2.759819,-2.020247,-1.280119,-1.447986,-2.529536,-1.921776,23,23,23,23,23,23,23,23,23,23,23,23,23,23,23,23,256,2560,-2.06802,-3.325779,-4.98184,-2.579877,-2.84733,-2.931812,-1.683013,-67.27228,-0.1236933,0.1219683,-0.7151839,-0.1212813,0.5514437,0.557283,-0.3320249,0.3508183,22,22,22,22,22,22,22,22,22,22,22,22,22,22,22,22
257,2570,-39.07682,-53.44923,-27.32972,-21.80351,-18.69964,-13.82383,-12.25327,-11.6638,-10.89271,-10.57925,-9.145732,-9.330756,-7.630128,-6.331866,-5.730532,0.2414292,23,23,23,23,23,23,23,23,23,23,23,23,23,23,23,23,257,2570,-6.052424,-4.34944,-3.797614,-4.007638,10.50577,6.50354,-3.134451,-2.086118,-2.071219,-2.06036,-2.891243,-1.212151,-1.536134,-1.225219,-2.288637,-1.695687,23,23,23,23,23,23,23,23,23,23,23,23,23,23,23,23,257,2570,-1.493562,-4.221169,-4.98184,-2.837856,-1.681626,-2.167454,-1.941621,-67.27228,-0.4945005,-1.08782,-0.4767819,-0.6063871,-0.1090713,0.2237772,0.331988,1.287113,22,22,22,22,22,22,22,22,22,22,22,22,22,22,22,22
258,2580,-37.99474,-54.05386,-28.06823,-26.7965,-21.11309,-15.67472,-12.38088,-12.29074,-12.00603,-11.5627,-8.433661,-8.700372,-7.510908,-7.407083,-5.372375,-0.6034863,23,23,23,23,23,23,23,23,23,23,23,23,23,23,23,23,258,2580,-6.052424,-4.876637,-3.666666,-4.007638,10.37442,6.994534,-2.873249,-2.086118,-1.941772,-1.931588,-2.365551,-1.346834,-1.152114,-2.116285,-1.927288,-1.921776,23,23,23,23,23,23,23,23,23,23,23,23,23,23,23,23,258,2580,-1.723347,-3.453692,-5.365223,-2.321897,-2.717807,-2.04006,-0.9071887,-66.6161,0.370717,0.2429478,-0.4767819,-6.421245E-06,0.3312721,0.1126086,-0.3320249,0.8189656,22,22,22,22,22,22,22,22,22,22,22,22,22,22,22,22
259,2590,-40.63981,-54.53756,-30.28374,-27.64896,-20.50972,-16.16829,-12.38088,-12.03997,-11.26382,-11.19391,-8.314983,-8.574295,-7.391688,-7.884955,-5.849917,2.407967E-05,23,23,23,23,23,23,23,23,23,23,23,23,23,23,23,23,259,2590,-5.783427,-5.535634,-4.059505,-4.136917,10.37442,6.87176,-2.742647,-1.955738,-1.294528,-2.06036,-2.891243,-1.6162,-1.536134,-1.225219,-1.686389,-1.695687,23,23,23,23,23,23,23,23,23,23,23,23,23,23,23,23,259,2590,-1.953128,-3.965345,-5.493018,-1.805938,-2.199716,-1.403095,-1.295101,-67.92847,-0.1236933,-1.208796,-0.4767819,0.1212716,0.5514437,0.1126086,0.2213195,0.8189656,22,22,22,22,22,22,22,22,22,22,22,22,22,22,22,22
260,2600,-40.76004,-55.6259,-28.3144,-26.06582,-18.69964,-15.92151,-11.35995,-13.16847,-10.76901,-12.42321,-8.908375,-9.708987,-7.86857,-8.481611,-6.805002,-1.086295,23,23,23,23,23,23,23,23,23,23,23,23,23,23,23,23,260,2600,-6.321422,-4.876637,-3.797608,-4.654085,10.76848,6.626314,-2.873249,-2.216495,-1.682874,-3.476851,-2.759819,-1.6162,-1.792149,-1.893519,-1.44549,-1.80873,23,23,23,23,23,23,23,23,23,23,23,23,23,23,23,23,260,2600,-1.148889,-3.837431,-5.109634,-2.837805,-2.717807,-1.530488,-1.941621,-67.70973,0.2471144,0.0009888718,-0.7151839,1.09148,0.3312721,-0.3320659,-0.3320249,0.584892,22,22,22,22,22,22,22,22,22,22,22,22,22,22,22,22
261,2610,-39.19705,-55.38404,-28.06823,-24.84801,-18.94098,-14.68758,-11.7428,-12.16536,-11.63493,-11.5627,-9.264411,-10.08722,-8.464672,-7.048678,-5.133604,-0.4827845,23,23,23,23,23,23,23,23,23,23,23,23,23,23,23,23,261,2610,-6.321422,-4.876637,-4.45235,-5.817597,11.42519,6.87176,-3.918058,-1.955738,-1.682874,-2.832992,-1.971284,-1.750883,-2.304176,-2.004902,-1.927288,-1.921776,23,23,23,23,23,23,23,23,23,23,23,23,23,23,23,23,261,2610,-1.838239,-3.709518,-5.237429,-2.579826,-2.588284,-1.785275,-2.458838,-68.14719,-0.3708984,-0.2409669,0.238424,-6.421245E-06,0.2211862,0.1126086,-0.4426935,1.170073,22,22,22,22,22,22,22,22,22,22,22,22,22,22,22,22
262,2620,-39.91843,-53.81201,-26.83739,-24.11733,-17.61358,-12.96009,-10.59425,-11.28763,-10.64531,-10.33339,-8.433661,-9.582911,-7.272467,-6.690273,-6.088689,2.407967E-05,23,23,23,23,23,23,23,23,23,23,23,23,23,23,23,23,262,2620,-6.993914,-5.140236,-5.238041,-5.559038,10.37442,6.626263,-3.265052,-1.825358,-2.718463,-3.090535,-1.182752,-1.750883,-2.560191,-2.116285,-1.56594,-2.373957,23,23,23,23,23,23,23,23,23,23,23,23,23,23,23,23,262,2620,-1.493562,-4.349083,-5.620812,-2.966794,-2.976852,-2.804419,-2.588141,-67.92847,-0.3708984,-0.4829258,2.207303E-05,0.3638245,-0.1090713,-0.4432337,-0.4426935,0.8189656,22,22,22,22,22,22,22,22,22,22,22,22,22,22,22,22
263,2630,-40.39935,-54.17479,-28.68365,-23.50843,-18.69964,-13.45366,-11.99803,-11.53841,-11.88233,-10.33339,-9.383088,-8.952526,-8.464672,-7.168146,-5.372375,0.3621309,23,23,23,23,23,23,23,23,23,23,23,23,23,23,23,23,263,2630,-6.724916,-5.008436,-4.976144,-5.30048,10.63713,7.6082,-3.656907,-2.086118,-2.847912,-2.70422,-2.102707,-1.6162,-2.688195,-1.782136,-2.047738,-2.034822,23,23,23,23,23,23,23,23,23,23,23,23,23,23,23,23,263,2630,-2.06802,-4.093257,-6.004195,-2.708815,-2.588284,-2.167454,-2.458889,-68.25655,-0.3708984,0.3639241,0.95363,0.8489304,0.3312721,0.2237772,-0.4426935,1.404147,22,22,22,22,22,22,22,22,22,22,22,22,22,22,22,22
264,2640,-41.60166,-54.65849,-28.06823,-24.72623,-18.94098,-13.20687,-12.63612,-11.78919,-11.38752,-10.33339,-8.671017,-9.456833,-8.345452,-6.09293,-4.656061,2.407967E-05,23,23,23,23,23,23,23,23,23,23,23,23,23,23,23,23,264,2640,-6.724916,-4.744837,-5.630887,-5.041923,11.29389,6.871708,-3.787509,-1.564594,-2.718463,-2.575448,-1.577019,-1.6162,-2.304176,-1.782136,-1.927288,-2.373957,23,23,23,23,23,23,23,23,23,23,23,23,23,23,23,23,264,2640,-2.182912,-4.732822,-6.131989,-3.353764,-2.588284,-1.657881,-2.976105,-67.38165,-0.7417052,-0.1199906,0.3576248,0.1212716,0.001014557,-0.6655709,-1.765843E-05,0.8189656,22,22,22,22,22,22,22,22,22,22,22,22,22,22,22,22
265,2650,-39.7982,-54.77942,-26.09888,-21.43817,-16.76888,-13.33027,-11.10472,-11.91458,-10.52161,-10.82511,-8.314983,-9.961141,-6.795585,-6.929208,-5.252989,2.407967E-05,23,23,23,23,23,23,23,23,23,23,23,23,23,23,23,23,265,2650,-5.51443,-4.613038,-4.976144,-4.524806,10.76848,6.626263,-2.8733,-1.955732,-2.847859,-2.06036,-1.839863,-2.15493,-1.664141,-2.227668,-1.56594,-1.80873,23,23,23,23,23,23,23,23,23,23,23,23,23,23,23,23,265,2650,-1.37867,-3.709518,-6.259784,-2.321846,-0.9044894,-1.785275,-1.165848,-67.8191,-0.4945005,0.2429478,-0.2383799,0.3638245,-0.2191571,-0.6655709,0.1106509,1.52118,22,22,22,22,22,22,22,22,22,22,22,22,22,22,22,22
266,2660,-41.36119,-55.50497,-27.69898,-24.9698,-20.26837,-15.42794,-11.35995,-12.91769,-10.89271,-11.80856,-9.027053,-10.08722,-7.630128,-8.362275,-5.969303,-0.9655932,23,23,23,23,23,23,23,23,23,23,23,23,23,23,23,23,266,2660,-5.783427,-5.008436,-4.976144,-4.007689,11.29389,6.994483,-3.656907,-2.477249,-3.495103,-2.575448,-1.314172,-2.424295,-1.408126,-1.559369,-1.927288,-1.80873,23,23,23,23,23,23,23,23,23,23,23,23,23,23,23,23,266,2660,-1.953128,-4.604909,-6.387578,-2.708815,-1.681625,-1.912668,-2.200281,-67.8191,0.1235119,0.0009856612,0.5960272,-0.2425593,-0.5494146,-1.221413,-0.6640306,0.701932,22,22,22,22,22,22,22,22,22,22,22,22,22,22,22,22
267,2670,-41.60166,-55.6259,-27.69898,-24.11733,-19.78569,-15.30455,-11.35995,-11.41302,-10.3979,-11.43977,-8.314983,-9.961141,-6.914806,-7.884955,-6.446846,-0.4827845,23,23,23,23,23,23,23,23,23,23,23,23,23,23,23,23,267,2670,-5.110934,-4.481239,-4.845196,-4.136969,10.76848,6.871708,-2.612098,-2.607626,-2.847859,-1.674044,-1.445596,-2.020247,-1.408126,-2.6732,-1.686389,-2.487,23,23,23,23,23,23,23,23,23,23,23,23,23,23,23,23,267,2670,-1.723347,-4.22117,-6.259784,-2.063867,-1.163535,-1.785275,-2.458889,-67.92847,-0.3708984,0.4849004,0.4767751,0.6063775,0.6615295,0.001439964,0.4426582,1.63822,22,22,22,22,22,22,22,22,22,22,22,22,22,22,22,22
268,2680,-41.24097,-55.26312,-27.57589,-23.38665,-19.90635,-14.56419,-11.99803,-11.6638,-11.38752,-10.33339,-9.501767,-9.835063,-8.345452,-7.765488,-7.521317,2.407967E-05,23,23,23,23,23,23,23,23,23,23,23,23,23,23,23,23,268,2680,-4.303943,-5.008436,-3.66666,-4.136969,10.63713,6.135269,-3.526306,-2.998763,-1.81227,-1.931588,-1.70844,-2.559028,-1.536134,-2.561817,-1.927288,-1.921776,23,23,23,23,23,23,23,23,23,23,23,23,23,23,23,23,268,2680,-1.953128,-5.372387,-5.876401,-2.192857,-2.070194,-2.04006,-2.458889,-68.14719,-0.1236933,0.2429414,-2.88956E-05,-0.2426171,-0.5494146,-0.5544023,-1.765843E-05,1.170073,22,22,22,22,22,22,22,22,22,22,22,22,22,22,22,22
269,2690,-41.24097,-55.86776,-27.57589,-22.16885,-18.69964,-13.08348,-10.59425,-10.78607,-10.3979,-11.19391,-9.739123,-9.708985,-8.822333,-8.123604,-6.805002,-0.1206777,23,23,23,23,23,23,23,23,23,23,23,23,23,23,23,23,269,2690,-6.186923,-6.194631,-3.66666,-4.266248,10.37442,6.871708,-3.265104,-3.259521,-2.071166,-1.545272,-1.971284,-1.346885,-1.7922,-2.339051,-1.686389,-2.260911,23,23,23,23,23,23,23,23,23,23,23,23,23,23,23,23,269,2690,-1.953128,-4.988648,-5.748607,-2.192857,-2.329239,-3.186598,-2.976105,-68.14719,0.1235119,0.2429414,0.3575743,0.1212106,-1.099841,0.001439964,0.4426582,1.872294,22,22,22,22,22,22,22,22,22,22,22,22,22,22,22,22
270,2700,-39.55774,-54.90034,-27.08356,-23.50843,-18.09627,-13.82384,-11.99803,-11.6638,-11.14012,-11.31684,-8.55234,-9.078602,-8.345452,-7.645967,-6.446846,0.2414292,23,23,23,23,23,23,23,23,23,23,23,23,23,23,23,23,270,2700,-6.186923,-6.062831,-4.976144,-4.136969,10.89983,6.012495,-3.395705,-3.259521,-2.071166,-1.802816,-2.102707,-2.020299,-2.432235,-3.452941,-2.890884,-1.695687,23,23,23,23,23,23,23,23,23,23,23,23,23,23,23,23,270,2700,-2.527585,-4.604909,-6.131989,-2.321846,-2.070194,-1.530488,-2.458889,-68.25655,0.9887289,0.7268561,0.7151771,-0.2426171,-0.3292397,-0.4432337,-1.765843E-05,1.287113,22,22,22,22,22,22,22,22,22,22,22,22,22,22,22,22
271,2710,-37.63405,-55.86776,-25.9758,-23.02131,-17.01023,-13.94723,-10.46663,-11.53841,-11.01642,-11.80856,-7.84027,-9.204679,-7.98779,-8.839618,-6.208126,-1.206997,23,23,23,23,23,23,23,23,23,23,23,23,23,23,23,23,271,2710,-6.993914,-6.853628,-4.976144,-4.524806,11.16254,7.362703,-4.179313,-3.389901,-1.682821,-1.030184,-2.365551,-1.750934,-1.664193,-2.561875,-2.890833,-2.147865,23,23,23,23,23,23,23,23,23,23,23,23,23,23,23,23,271,2710,-1.953128,-4.988648,-6.004195,-2.063867,-2.458761,-3.186598,-2.846801,-68.58464,0.1235119,0.1219651,-0.3576317,-0.1213423,-0.6594972,-0.3320659,0.331988,1.404147,22,22,22,22,22,22,22,22,22,22,22,22,22,22,22,22
272,2720,-40.88028,-55.98868,-26.22196,-23.02131,-17.61358,-14.07062,-11.48757,-11.91458,-11.88233,-11.5627,-8.908375,-9.96114,-8.822333,-8.958954,-6.685668,-0.8449396,23,23,23,23,23,23,23,23,23,23,23,23,23,23,23,23,272,2720,-6.321422,-6.194631,-4.583299,-3.749132,10.50577,7.23998,-3.656907,-2.607626,-1.553372,-2.06036,-1.70844,-1.481569,-2.560242,-2.673258,-2.168136,-1.921776,23,23,23,23,23,23,23,23,23,23,23,23,23,23,23,23,272,2720,-2.297804,-5.244473,-5.237429,-1.805888,-1.42258,-2.294847,-2.200281,-67.38165,0.8651264,0.1219651,-0.1192297,-0.9702759,-0.1090681,-0.1097286,0.331988,1.625076,22,22,22,22,22,22,22,22,22,22,22,22,22,22,22,22
273,2730,-39.43751,-55.50497,-25.85271,-22.65597,-17.1309,-13.94723,-10.84948,-11.91458,-10.0268,-10.82512,-8.196305,-9.078602,-8.226232,-9.078289,-7.998368,-0.6035361,23,23,23,23,23,23,23,23,23,23,23,23,23,23,23,23,273,2730,-7.666317,-6.590029,-4.45235,-5.30048,10.89983,6.135269,-4.179313,-2.607626,-2.588961,-1.674044,-2.628399,-2.828393,-2.816254,-2.116343,-2.168136,-2.034822,23,23,23,23,23,23,23,23,23,23,23,23,23,23,23,23,273,2730,-2.182915,-3.837431,-4.598458,-2.579826,-2.847329,-3.950957,-2.717497,-67.60036,0.1235119,0.6058798,-0.5960336,-0.7277229,-0.5494114,0.4461136,0.2213195,0.6889483,22,22,22,22,22,22,22,22,22,22,22,22,22,22,22,22
274,2740,-40.51958,-54.89094,-26.46813,-22.65597,-18.45829,-12.7133,-11.99803,-11.03685,-11.14012,-10.33339,-9.027054,-8.322141,-9.299215,-9.197625,-7.879157,-2.407967E-05,23,23,23,23,23,23,23,23,23,23,23,23,23,23,23,23,274,2740,-7.128466,-5.930981,-4.714247,-4.395527,11.29389,6.380766,-4.309913,-2.998763,-2.847859,-2.189132,-2.628399,-2.693711,-2.816254,-2.227726,-1.806787,-2.373957,23,23,23,23,23,23,23,23,23,23,23,23,23,23,23,23,274,2740,-3.102049,-4.732821,-6.004195,-2.321846,-2.199716,-2.294847,-2.846801,-67.60036,0.4943195,0.0009856612,-0.1192297,-0.1213423,-0.1090681,0.4461136,0.8853324,1.391047,22,22,22,22,22,22,22,22,22,22,22,22,22,22,22,22
275,2750,-40.39935,-54.28641,-24.86804,-19.12434,-16.52753,-12.83669,-10.72187,-10.91146,-10.1505,-10.94804,-8.908375,-9.96114,-8.464672,-9.197625,-7.521368,-0.6035361,23,23,23,23,23,23,23,23,23,23,23,23,23,23,23,23,275,2750,-7.128466,-5.535582,-4.583305,-5.041923,11.03119,5.889772,-4.832316,-2.346869,-1.682821,-2.317904,-2.759819,-2.424346,-3.072269,-1.782194,-2.047686,-2.939181,23,23,23,23,23,23,23,23,23,23,23,23,23,23,23,23,275,2750,-2.527592,-4.988647,-6.131989,-3.482754,-2.717807,-3.186598,-2.588193,-67.70973,0.2471144,0.7268561,-0.4768329,-0.3638952,-0.4393256,0.4461136,-0.2213548,0.5719275,22,22,22,22,22,22,22,22,22,22,22,22,22,22,22,22
276,2760,-40.88028,-53.44007,-24.12953,-19.48969,-15.20015,-12.09634,-10.84948,-11.6638,-10.1505,-11.31684,-7.84027,-8.700371,-7.98779,-8.362275,-6.92444,-0.2414292,23,23,23,23,23,23,23,23,23,23,23,23,23,23,23,23,276,2760,-6.455973,-4.744786,-4.583305,-5.300429,10.89983,6.012495,-4.440515,-2.738006,-1.81227,-2.189132,-2.234131,-3.097758,-3.072269,-2.673258,-2.409034,-2.826135,23,23,23,23,23,23,23,23,23,23,23,23,23,23,23,23,276,2760,-2.757373,-4.860734,-5.493017,-2.450887,-2.199716,-3.059205,-1.424456,-66.94419,0.370717,-0.1199938,-0.4768329,-6.421245E-05,0.9917902,0.6684508,0.4426582,1.859111,22,22,22,22,22,22,22,22,22,22,22,22,22,22,22,22
277,2770,-43.64557,-55.37455,-27.08356,-22.53419,-16.16552,-14.56419,-10.2114,-11.28763,-9.408285,-10.82512,-8.433662,-8.952524,-7.153246,-9.197625,-7.282597,-0.4828327,23,23,23,23,23,23,23,23,23,23,23,23,23,23,23,23,277,2770,-5.514483,-4.744786,-3.666666,-4.912592,11.03119,5.521552,-3.526306,-1.825351,-2.330065,-2.575448,-2.102707,-3.097758,-1.7922,-2.450492,-2.168136,-2.826135,23,23,23,23,23,23,23,23,23,23,23,23,23,23,23,23,277,2770,-2.872265,-3.965343,-5.365222,-3.095835,-2.588337,-2.931812,-2.588193,-68.14719,-0.2472958,0.4849004,-0.7152345,-0.2426171,0.2211894,0.1126086,0.1106509,1.157012,22,22,22,22,22,22,22,22,22,22,22,22,22,22,22,22
278,2780,-43.40511,-55.37455,-26.59122,-22.65597,-17.9756,-14.4408,-10.72187,-11.16224,-10.3979,-10.57925,-8.077626,-8.700371,-7.272467,-8.958954,-7.401982,-1.327748,23,23,23,23,23,23,23,23,23,23,23,23,23,23,23,23,278,2780,-5.245486,-4.217588,-4.714253,-4.912592,11.16254,5.030609,-3.134502,-2.346869,-2.459514,-2.70422,-2.234131,-3.501805,-2.304227,-1.893577,-2.529484,-3.391358,23,23,23,23,23,23,23,23,23,23,23,23,23,23,23,23,278,2780,-2.182915,-4.349082,-5.620811,-2.837856,-2.588337,-2.42229,-1.165848,-67.8191,-0.2472958,-1.087823,-0.3576317,-0.1213423,0.001017767,0.557283,0.2213195,1.742097,22,22,22,22,22,22,22,22,22,22,22,22,22,22,22,22
279,2790,-41.60166,-55.49546,-25.48346,-21.19461,-17.85493,-14.19401,-9.954701,-9.908345,-9.65569,-8.858225,-7.00952,-7.439603,-7.391688,-8.123604,-8.11758,-0.1207274,23,23,23,23,23,23,23,23,23,23,23,23,23,23,23,23,279,2790,-5.648982,-4.085789,-3.928563,-4.524755,10.37442,5.398829,-3.526254,-1.825351,-3.365654,-1.931588,-3.285507,-3.097758,-1.7922,-2.00496,-2.770383,-3.278316,23,23,23,23,23,23,23,23,23,23,23,23,23,23,23,23,279,2790,-2.642481,-4.349082,-6.131989,-3.224825,-3.365473,-2.804469,-2.070978,-67.70973,-0.1236933,0.2429414,-0.4768329,0.3637635,0.001017767,0.2237772,-0.5533621,0.4549131,22,22,22,22,22,22,22,22,22,22,22,22,22,22,22,22
280,2800,-39.67797,-55.01184,-24.62187,-18.88078,-16.52753,-12.96008,-10.0823,-10.4099,-9.903094,-8.735293,-8.433662,-7.817833,-9.060776,-8.123604,-8.11758,0.2413794,23,23,23,23,23,23,23,23,23,23,23,23,23,23,23,23,280,2800,-4.303996,-3.031394,-3.928563,-3.878359,9.980413,5.7671,-3.265052,-1.694923,-2.71841,-2.189132,-3.15409,-1.885616,-2.176219,-1.448042,-2.529484,-3.504404,23,23,23,23,23,23,23,23,23,23,23,23,23,23,23,23,280,2800,-2.297807,-4.604908,-5.8764,-2.450887,-2.976905,-2.040112,-0.9072417,-67.60036,-0.1236933,-0.8458642,-0.1192297,0.6063164,0.3312753,0.2237772,0.1106509,0.6889483,22,22,22,22,22,22,22,22,22,22,22,22,22,22,22,22
281,2810,-39.55774,-55.01184,-23.14486,-18.63722,-16.52753,-14.19401,-11.10304,-11.03685,-9.408283,-10.33339,-7.84027,-8.448217,-7.510908,-8.720283,-8.11758,-0.3621309,23,23,23,23,23,23,23,23,23,23,23,23,23,23,23,23,281,2810,-4.034999,-3.426792,-3.797614,-3.619801,10.24307,5.7671,-2.873249,-2.08606,-3.106756,-2.189132,-3.285507,-2.424346,-2.944261,-1.893577,-2.288585,-2.713092,23,23,23,23,23,23,23,23,23,23,23,23,23,23,23,23,281,2810,-2.297807,-4.221169,-5.8764,-2.966845,-3.365473,-3.059256,-1.812371,-67.38165,0.2471658,0.2429414,-0.1192297,0.4850416,0.8817044,0.2237772,-0.7746992,0.220878,22,22,22,22,22,22,22,22,22,22,22,22,22,22,22,22
282,2820,-41.72189,-54.89094,-24.99112,-22.53419,-20.38905,-18.14258,-13.39972,-13.16847,-10.1505,-10.57925,-8.196305,-9.330755,-8.107012,-9.436296,-8.832851,0.1206777,23,23,23,23,23,23,23,23,23,23,23,23,23,23,23,23,282,2820,-4.169497,-3.690391,-3.666666,-3.490522,9.84906,6.012598,-3.395654,-1.8253,-2.71841,-2.704168,-2.628399,-2.289664,-2.176219,-1.893577,-3.131732,-2.713092,23,23,23,23,23,23,23,23,23,23,23,23,23,23,23,23,282,2820,-2.297807,-4.476995,-5.8764,-2.579877,-3.106428,-1.912719,-1.683066,-67.27228,-0.6180521,-0.8458064,0.3575743,0.6063164,0.001017767,0.557283,-0.2213548,0.922977,22,22,22,22,22,22,22,22,22,22,22,22,22,22,22,22
283,2830,-37.99474,-56.5836,-23.39103,-22.04707,-19.78569,-18.01918,-13.52731,-13.92081,-10.76901,-11.43977,-8.433662,-9.204679,-8.822333,-10.27165,-8.713639,-1.086345,23,23,23,23,23,23,23,23,23,23,23,23,23,23,23,23,283,2830,-4.034999,-4.612987,-3.666666,-4.524755,9.323648,6.13532,-2.873249,-1.8253,-2.977308,-2.18908,-2.628399,-2.559028,-2.176219,-2.00496,-3.011282,-2.600046,23,23,23,23,23,23,23,23,23,23,23,23,23,23,23,23,283,2830,-1.72335,-4.221169,-6.515372,-4.127752,-3.365473,-2.677077,-2.846803,-67.49101,-3.933013E-05,-0.1199328,-0.1191791,0.2424887,0.001017767,-0.2208965,-0.4426935,1.157012,22,22,22,22,22,22,22,22,22,22,22,22,22,22,22,22
284,2840,-37.15313,-55.73726,-24.99112,-22.41241,-19.54434,-16.78526,-12.76175,-12.41613,-10.3979,-10.57925,-7.84027,-8.448217,-8.226232,-8.481611,-6.566282,-0.4828327,23,23,23,23,23,23,23,23,23,23,23,23,23,23,23,23,284,2840,-4.976489,-4.876585,-3.928563,-3.361243,9.717708,6.50354,-2.742647,-2.868332,-2.200615,-1.931536,-3.679778,-2.020296,-2.048212,-2.561875,-2.529484,-2.373957,23,23,23,23,23,23,23,23,23,23,23,23,23,23,23,23,284,2840,-1.953134,-3.965343,-6.131989,-2.450887,-2.458814,-1.912719,-1.036546,-67.8191,-0.370847,0.001043452,-0.1191791,0.3638245,0.5514469,0.1126086,-0.1106862,1.391047,22,22,22,22,22,22,22,22,22,22,22,22,22,22,22,22
285,2850,-40.03866,-55.01184,-25.23729,-21.92529,-20.02704,-15.79812,-13.01694,-12.29074,-10.76901,-9.104085,-8.077626,-8.700371,-7.86852,-8.123604,-7.282597,-0.1207274,23,23,23,23,23,23,23,23,23,23,23,23,23,23,23,23,285,2850,-5.245486,-4.876585,-3.535717,-4.395476,9.980413,6.012598,-2.873249,-2.607575,-2.71841,-3.348028,-3.679778,-2.020296,-1.7922,-2.450492,-2.047686,-2.826135,23,23,23,23,23,23,23,23,23,23,23,23,23,23,23,23,285,2850,-1.838242,-4.860734,-6.387578,-3.869773,-2.847383,-3.441435,-2.846803,-68.47529,0.3707683,-0.3618917,-0.8343847,0.3638245,-0.4393865,-0.5544023,-0.5533621,1.039998,22,22,22,22,22,22,22,22,22,22,22,22,22,22,22,22
286,2860,-41.12074,-54.64913,-26.46813,-23.50843,-21.4751,-15.79812,-13.01694,-13.29386,-11.88233,-11.43977,-9.145732,-10.21329,-8.583844,-8.362275,-6.92444,-0.2414292,23,23,23,23,23,23,23,23,23,23,23,23,23,23,23,23,286,2860,-6.321475,-5.535582,-4.059511,-4.136917,10.24307,6.626314,-2.873249,-2.868332,-2.330065,-3.219256,-3.285507,-2.424343,-2.176219,-3.007403,-2.168136,-2.034822,23,23,23,23,23,23,23,23,23,23,23,23,23,23,23,23,286,2860,-2.068023,-4.349082,-5.748606,-3.998762,-3.106428,-2.42229,-2.329587,-68.47529,-0.7416542,-0.2409123,-0.1191791,0.4850994,0.3312175,0.001439162,-0.5533621,1.157012,22,22,22,22,22,22,22,22,22,22,22,22,22,22,22,22
287,2870,-40.03866,-53.68188,-24.62187,-21.31639,-20.14771,-15.42794,-12.12379,-12.03997,-10.1505,-9.841669,-8.077626,-8.448217,-8.106962,-7.765482,-6.446846,-0.2414292,23,23,23,23,23,23,23,23,23,23,23,23,23,23,23,23,287,2870,-5.78348,-5.140184,-4.19046,-4.783312,10.76848,6.380817,-2.873249,-2.868332,-3.754,-3.734344,-2.496975,-2.154978,-2.176219,-2.89602,-3.010995,-2.373957,23,23,23,23,23,23,23,23,23,23,23,23,23,23,23,23,287,2870,-2.068023,-4.860734,-7.02655,-3.353814,-3.23595,-2.167504,-1.941675,-67.60036,-0.2472444,-0.8458064,0.1192233,0.4850994,-0.4393865,-0.3320659,-0.3320282,0.922977,22,22,22,22,22,22,22,22,22,22,22,22,22,22,22,22
288,2880,-40.39935,-54.28641,-25.85271,-24.9698,-20.38905,-16.29169,-11.99619,-13.16847,-10.1505,-10.70218,-8.077626,-8.700371,-7.987741,-8.24294,-7.043774,-0.362033,23,23,23,23,23,23,23,23,23,23,23,23,23,23,23,23,288,2880,-6.590472,-6.326379,-4.059511,-4.524755,10.63713,6.626314,-2.742647,-3.129092,-2.71841,-3.734344,-3.416931,-2.020296,-1.7922,-3.118786,-2.288172,-2.826077,23,23,23,23,23,23,23,23,23,23,23,23,23,23,23,23,288,2880,-1.953134,-4.349082,-6.770961,-2.708866,-2.847383,-2.294898,-2.717499,-69.45956,-0.6180521,0.001043452,0.5960272,0.2425465,0.6614749,-0.3320659,-2.247436E-05,1.625076,22,22,22,22,22,22,22,22,22,22,22,22,22,22,22,22
289,2890,-40.88027,-55.85818,-27.20664,-25.33514,-21.95779,-17.03204,-12.25138,-12.7923,-10.3979,-10.08753,-7.365555,-8.322141,-7.391638,-8.362275,-6.208075,-0.7241399,23,23,23,23,23,23,23,23,23,23,23,23,23,23,23,23,289,2890,-7.128465,-5.930981,-4.714253,-5.17115,11.29389,6.50354,-3.00385,-3.129092,-3.624551,-3.991887,-2.365551,-2.28966,-2.048212,-2.450485,-2.047231,-2.373899,23,23,23,23,23,23,23,23,23,23,23,23,23,23,23,23,289,2890,-2.52754,-5.244473,-7.02655,-3.482804,-2.070246,-2.549684,-2.458891,-68.03783,-0.7416542,0.3639819,0.238424,0.3638245,-0.7696441,-0.6655717,-0.774704,1.391047,22,22,22,22,22,22,22,22,22,22,22,22,22,22,22,22
290,2900,-43.64557,-55.61636,-26.7143,-26.1876,-22.44047,-15.42794,-11.23063,-11.16224,-9.037177,-8.366503,-7.128199,-6.809218,-6.080213,-6.929204,-6.805002,-0.2413313,23,23,23,23,23,23,23,23,23,23,23,23,23,23,23,23,290,2900,-8.472445,-5.008384,-5.238048,-4.654034,10.37442,6.749037,-3.265052,-3.259469,-3.106756,-3.605572,-1.971284,-2.424343,-2.304227,-2.22772,-2.288172,-1.695629,23,23,23,23,23,23,23,23,23,23,23,23,23,23,23,23,290,2900,-1.953083,-3.709569,-5.620811,-3.095835,-1.811201,-2.167504,-2.329587,-68.03783,-0.7416542,-0.2409123,0.3576248,0.2425465,-0.1091259,-0.2208981,-0.5533669,1.742097,22,22,22,22,22,22,22,22,22,22,22,22,22,22,22,22
291,2910,-47.61317,-56.82541,-29.91449,-27.89252,-23.28519,-14.93437,-12.25138,-11.03685,-9.903093,-8.735293,-7.365555,-6.557065,-6.914757,-5.853988,-5.969303,0.2414774,23,23,23,23,23,23,23,23,23,23,23,23,23,23,23,23,291,2910,-7.666317,-6.721777,-5.499938,-5.041871,10.63713,6.994534,-3.787458,-2.737955,-3.236205,-3.991887,-2.234131,-1.616248,-2.560242,-2.22772,-1.92676,-2.260853,23,23,23,23,23,23,23,23,23,23,23,23,23,23,23,23,291,2910,-2.642429,-5.628263,-6.771012,-2.708866,-2.588337,-2.294898,-1.812371,-67.8191,-0.9888594,0.1220229,0.5960272,-0.2425593,-0.5494724,-0.9990776,-0.4426983,1.039998,22,22,22,22,22,22,22,22,22,22,22,22,22,22,22,22
292,2920,-46.89179,-56.82541,-28.56057,-26.18759,-21.95779,-14.68758,-11.23063,-10.78607,-9.284581,-7.99771,-7.128199,-7.061371,-6.318653,-7.048672,-6.446846,-0.2413313,23,23,23,23,23,23,23,23,23,23,23,23,23,23,23,23,292,2920,-8.741156,-6.458178,-5.630887,-5.041923,11.03119,6.626314,-3.265052,-3.129092,-2.847859,-3.219256,-1.971284,-2.424343,-2.432235,-1.782188,-1.80629,-1.582583,23,23,23,23,23,23,23,23,23,23,23,23,23,23,23,23,292,2920,-1.723299,-4.349133,-6.771012,-3.095834,-1.552155,-1.912719,-2.717499,-68.58464,-0.2472444,-0.1199328,0.238424,0.3638245,-0.1091259,-0.4432353,-0.3320282,1.508062,22,22,22,22,22,22,22,22,22,22,22,22,22,22,22,22
293,2930,-46.29064,-56.5836,-29.17599,-25.09157,-19.303,-13.70044,-11.35823,-10.66068,-8.542367,-9.104085,-7.00952,-7.817832,-6.914757,-7.526544,-5.611146,0.2414774,23,23,23,23,23,23,23,23,23,23,23,23,23,23,23,23,293,2930,-8.741156,-6.589977,-6.547519,-4.783364,11.03113,6.50354,-3.656856,-2.998712,-3.365654,-2.961712,-1.971284,-2.28966,-2.688246,-2.004954,-2.167701,-1.243448,23,23,23,23,23,23,23,23,23,23,23,23,23,23,23,23,293,2930,-2.067972,-4.732872,-7.154395,-2.966845,-2.71786,-2.549684,-1.036546,-67.16291,-0.7416542,0.001043452,0.476826,0.8489304,-0.5494724,-0.6655717,-0.5533669,1.391047,22,22,22,22,22,22,22,22,22,22,22,22,22,22,22,22
294,2940,-46.77156,-57.79265,-28.43748,-25.70047,-19.303,-14.93437,-11.35823,-11.91458,-9.903093,-10.82512,-7.484234,-8.322141,-7.391638,-8.839618,-7.043774,-0.9655434,23,23,23,23,23,23,23,23,23,23,23,23,23,23,23,23,294,2940,-7.397462,-6.721777,-6.023732,-5.171202,10.89978,6.012495,-4.309861,-3.389849,-4.142345,-1.931536,-1.839863,-2.020296,-2.816254,-2.22772,-1.444878,-2.486942,23,23,23,23,23,23,23,23,23,23,23,23,23,23,23,23,294,2940,-2.067972,-4.732872,-6.898806,-2.708865,-1.681678,-1.912719,-3.751932,-69.78765,-0.1236419,-0.2409123,0.238424,0.4850994,0.2211316,-0.3320659,-2.247436E-05,1.625076,22,22,22,22,22,22,22,22,22,22,22,22,22,22,22,22
295,2950,-46.89179,-56.82541,-29.0529,-27.04005,-22.44047,-16.66187,-12.63612,-11.78919,-9.160879,-9.964601,-6.890842,-8.826448,-6.795535,-8.123604,-6.805002,7.384432E-05,23,23,23,23,23,23,23,23,23,23,23,23,23,23,23,23,295,2950,-6.590471,-5.930981,-6.15468,-4.136969,10.63708,6.135269,-2.8733,-3.911367,-3.106756,-2.317852,-1.445596,-2.559025,-1.536185,-3.007403,-2.288172,-2.939123,23,23,23,23,23,23,23,23,23,23,23,23,23,23,23,23,295,2950,-2.642429,-6.012002,-6.259834,-2.837855,-1.811201,-2.42229,-1.295101,-67.92847,-0.7416542,0.1220229,0.3576248,-0.2425593,-0.6595582,-0.5544031,-0.6640354,1.157019,22,22,22,22,22,22,22,22,22,22,22,22,22,22,22,22
296,2960,-44.60741,-55.85818,-27.32972,-23.50843,-20.14771,-14.93437,-12.25327,-10.4099,-9.655689,-9.841669,-7.721591,-9.204679,-7.63008,-8.362275,-8.236793,-0.1206279,23,23,23,23,23,23,23,23,23,23,23,23,23,23,23,23,296,2960,-7.666317,-6.194579,-6.678468,-4.007689,10.37437,6.135269,-3.134502,-3.259469,-3.754,-2.317852,-1.839863,-2.559025,-1.664193,-1.670805,-1.80629,-2.713034,23,23,23,23,23,23,23,23,23,23,23,23,23,23,23,23,296,2960,-1.953083,-5.372437,-6.643218,-2.708865,-2.070246,-2.549684,-2.717445,-69.56892,-0.1236419,0.3639819,0.238424,-0.1212813,0.2211316,-0.8879089,-0.5533669,1.976125,22,22,22,22,22,22,22,22,22,22,22,22,22,22,22,22
297,2970,-42.44326,-56.22089,-27.08356,-22.16885,-19.42367,-15.30455,-12.89135,-12.29074,-10.52161,-11.43977,-8.671019,-9.456831,-7.987741,-9.436296,-7.163159,7.384432E-05,23,23,23,23,23,23,23,23,23,23,23,23,23,23,23,23,297,2970,-7.262963,-6.589977,-5.761835,-4.395527,11.03113,6.135269,-3.134502,-4.041744,-3.495103,-1.931536,-1.445596,-2.559025,-1.664193,-2.339102,-1.92676,-2.713034,23,23,23,23,23,23,23,23,23,23,23,23,23,23,23,23,297,2970,-2.757321,-5.372437,-6.643218,-2.579876,-2.070246,-2.167504,-1.036493,-67.49101,0.4943701,0.4849581,0.476826,-6.421245E-06,-0.7696441,-0.5544031,-2.247436E-05,1.274033,22,22,22,22,22,22,22,22,22,22,22,22,22,22,22,22
298,2980,-43.28488,-55.01184,-25.36037,-22.41241,-17.9756,-14.07062,-12.89135,-11.28763,-10.3979,-11.31684,-7.602912,-8.574294,-7.7493,-7.884949,-6.088689,0.6035842,23,23,23,23,23,23,23,23,23,23,23,23,23,23,23,23,298,2980,-7.128465,-6.853577,-5.892783,-4.266248,11.16249,5.644275,-3.656907,-3.650606,-2.847859,-2.06036,-1.577019,-2.28966,-1.28017,-2.784637,-1.92676,-3.165212,23,23,23,23,23,23,23,23,23,23,23,23,23,23,23,23,298,2980,-2.067972,-5.244524,-6.643218,-2.450886,-1.811201,-2.040112,-2.588141,-68.91274,0.2471658,-0.1199328,2.207303E-05,0.6063775,-0.1091259,-0.4432353,-0.110691,1.391047,22,22,22,22,22,22,22,22,22,22,22,22,22,22,22,22
299,2990,-42.68372,-56.34179,-25.23729,-22.16885,-17.37225,-15.05776,-11.61518,-11.6638,-9.903093,-11.43977,-7.484234,-9.204679,-7.153197,-8.720283,-6.446846,-0.4827348,23,23,23,23,23,23,23,23,23,23,23,23,23,23,23,23,299,2990,-8.069382,-8.039771,-5.761835,-4.007689,10.24302,5.276055,-3.003902,-3.650606,-2.459514,-1.674044,-1.314223,-1.885613,-1.28017,-2.450485,-2.047231,-2.599988,23,23,23,23,23,23,23,23,23,23,23,23,23,23,23,23,299,2990,-2.297756,-5.116611,-6.004245,-2.321897,-1.940724,-2.549684,-2.458838,-68.58464,0.7415752,-0.1199328,-0.2383799,-0.6063871,-0.4393865,0.4461128,0.2213162,1.157019,22,22,22,22,22,22,22,22,22,22,22,22,22,22,22,22
300,3000,-45.08833,-56.34179,-26.09888,-23.50843,-20.02704,-15.42794,-12.5085,-12.29074,-10.64531,-11.5627,-8.433662,-8.448217,-6.676315,-8.24294,-5.372375,-1.32765,23,23,23,23,23,23,23,23,23,23,23,23,23,23,23,23,300,3000,-7.262963,-7.380774,-5.499938,-4.007689,10.89978,6.012495,-3.134502,-3.780987,-2.459514,-1.545272,-1.577071,-2.424343,-2.176219,-3.007403,-2.167701,-2.373899,23,23,23,23,23,23,23,23,23,23,23,23,23,23,23,23,300,3000,-1.953083,-5.116611,-6.259834,-2.321897,-1.681678,-2.804469,-2.588141,-68.47529,0.7415752,0.1220229,2.207303E-05,-6.100183E-05,-0.1091259,0.2237764,0.553322,1.274033,22,22,22,22,22,22,22,22,22,22,22,22,22,22,22,22
301,3010,-48.69524,-56.82541,-28.68365,-27.40539,-23.88854,-19.00633,-15.5713,-13.16847,-10.0268,-10.82512,-7.128199,-8.322141,-6.914757,-8.123604,-6.685617,0.2414774,23,23,23,23,23,23,23,23,23,23,23,23,23,23,23,23,301,3010,-7.397462,-7.248974,-4.714247,-2.973457,10.24302,6.012495,-3.526306,-4.172124,-1.682821,-1.4165,-1.577071,-2.154978,-2.304227,-2.339102,-2.288172,-2.486942,23,23,23,23,23,23,23,23,23,23,23,23,23,23,23,23,301,3010,-2.182864,-5.116611,-6.13204,-2.579876,-1.940724,-2.167504,-2.200229,-67.8191,-0.1236419,-0.724827,-0.4767819,-0.4851668,-0.7696441,-0.3320659,-0.3320282,1.625076,22,22,22,22,22,22,22,22,22,22,22,22,22,22,22,22
302,3020,-46.89179,-56.94632,-29.29907,-25.94403,-24.37124,-18.26597,-15.82654,-12.66691,-10.76901,-10.08753,-8.314983,-9.078602,-8.226182,-7.645963,-6.685617,0.1207756,23,23,23,23,23,23,23,23,23,23,23,23,23,23,23,23,302,3020,-7.666317,-6.06278,-4.583299,-3.102736,10.24302,5.767049,-3.918109,-3.389849,-2.330065,-1.158956,-2.365603,-1.750931,-2.048212,-2.561872,-1.80629,-2.034764,23,23,23,23,23,23,23,23,23,23,23,23,23,23,23,23,302,3020,-1.838191,-4.604959,-5.748656,-2.450886,-2.588337,-2.804469,-2.976054,-68.36592,0.2471658,0.4849581,0.238424,0.4850448,0.5513892,0.6684508,0.553322,1.157019,22,22,22,22,22,22,22,22,22,22,22,22,22,22,22,22
303,3030,-48.33455,-57.30903,-30.28374,-29.96278,-26.06064,-19.3765,-14.0399,-12.54152,-10.1505,-10.57925,-7.484234,-7.94391,-7.272418,-7.645963,-6.566231,-0.7241399,23,23,23,23,23,23,23,23,23,23,23,23,23,23,23,23,303,3030,-7.666317,-6.853577,-4.190454,-3.490574,9.849009,5.889772,-3.526306,-3.389849,-2.459514,-1.545272,-2.62845,-0.9428363,-2.176219,-2.339106,-2.288585,-2.034764,23,23,23,23,23,23,23,23,23,23,23,23,23,23,23,23,303,3030,-2.067972,-4.477046,-6.004245,-2.708865,-2.458814,-2.804469,-2.458838,-67.27228,0.2471658,-0.6038475,-0.3575807,-0.3638888,-0.4393865,0.001439162,-0.2213548,1.157019,22,22,22,22,22,22,22,22,22,22,22,22,22,22,22,22
304,3040,-45.68948,-56.34179,-28.80673,-28.13608,-25.09526,-17.52561,-13.2742,-12.16536,-10.2742,-11.68563,-8.314983,-9.58291,-8.464623,-8.24294,-6.805002,0.1207756,23,23,23,23,23,23,23,23,23,23,23,23,23,23,23,23,304,3040,-7.935027,-6.326379,-3.928556,-3.490574,10.11166,6.135269,-3.656907,-2.737955,-2.200615,-1.287728,-2.234182,-1.750931,-2.176219,-2.227723,-2.409034,-2.260911,23,23,23,23,23,23,23,23,23,23,23,23,23,23,23,23,304,3040,-2.52754,-4.093307,-6.259834,-2.837855,-2.71786,-2.294898,-1.941621,-67.70973,-3.933013E-05,0.3639819,-0.4767819,-0.2426139,0.9917325,0.6684508,-0.2213548,0.584892,22,22,22,22,22,22,22,22,22,22,22,22,22,22,22,22
305,3050,-45.56926,-57.55084,-27.82206,-26.18759,-22.56116,-17.64901,-13.2742,-13.41925,-11.51122,-13.28373,-8.908375,-11.09583,-8.941505,-10.15231,-7.163159,-0.362033,23,23,23,23,23,23,23,23,23,23,23,23,23,23,23,23,305,3050,-8.741155,-6.326379,-4.583299,-4.007689,10.50572,6.012495,-4.571116,-2.477198,-2.071166,-1.674044,-2.891294,-1.212201,-2.816254,-2.339106,-2.168136,-2.373957,23,23,23,23,23,23,23,23,23,23,23,23,23,23,23,23,305,3050,-2.06802,-3.965394,-5.748656,-2.321897,-2.458814,-2.167504,-1.165797,-68.03783,-0.2472444,-0.724827,-0.2383799,-6.100183E-05,-0.3292975,0.1126086,-0.5533621,1.287113,22,22,22,22,22,22,22,22,22,22,22,22,22,22,22,22
306,3060,-45.08833,-55.86776,-26.22196,-22.53419,-20.14771,-16.53847,-11.87042,-12.29074,-11.51122,-11.31684,-9.027054,-9.58291,-8.106962,-9.078289,-7.282545,-0.4827348,23,23,23,23,23,23,23,23,23,23,23,23,23,23,23,23,306,3060,-8.6068,-6.458179,-4.059505,-3.619853,11.16249,5.889772,-3.918109,-2.607575,-2.071166,-1.674044,-1.708491,-2.28966,-2.432235,-2.004957,-1.565888,-2.487,23,23,23,23,23,23,23,23,23,23,23,23,23,23,23,23,306,3060,-1.608455,-3.709518,-6.13204,-2.450886,-2.458814,-2.549684,-1.683013,-67.60036,0.6179726,0.001043452,-0.9535859,-6.100183E-05,0.5513892,0.334945,-0.7746992,-0.000288956,22,22,22,22,22,22,22,22,22,22,22,22,22,22,22,22
307,3070,-43.52534,-55.86776,-24.86804,-23.02131,-19.42367,-15.30455,-11.87042,-11.41302,-10.52161,-10.57925,-9.027054,-9.456831,-8.464623,-9.31696,-8.594428,0.4828825,23,23,23,23,23,23,23,23,23,23,23,23,23,23,23,23,307,3070,-8.472445,-5.403783,-3.928563,-3.619853,10.50572,4.907835,-3.787509,-2.477198,-1.941719,-2.317904,-1.971335,-1.616248,-2.304227,-2.11634,-1.806787,-2.600046,23,23,23,23,23,23,23,23,23,23,23,23,23,23,23,23,307,3070,-2.297804,-4.22117,-6.131989,-2.192907,-2.458814,-2.040112,-1.683013,-67.49101,0.3707683,-0.724827,0.5960272,-0.1213391,-0.1091259,-0.4432345,-0.3320249,0.701932,22,22,22,22,22,22,22,22,22,22,22,22,22,22,22,22
308,3080,-42.80396,-55.6259,-26.83739,-21.31639,-18.69964,-14.19401,-13.40182,-13.04308,-11.51122,-11.07098,-10.09516,-10.96975,-9.656829,-9.794303,-8.236793,-0.1206279,23,23,23,23,23,23,23,23,23,23,23,23,23,23,23,23,308,3080,-8.069381,-5.403783,-3.928563,-3.74908,11.29384,5.030558,-3.134502,-2.08606,-1.941719,-2.317904,-1.839915,-2.28966,-3.200276,-1.893574,-1.08409,-2.939181,23,23,23,23,23,23,23,23,23,23,23,23,23,23,23,23,308,3080,-2.297804,-4.22117,-6.131989,-2.708815,-3.106428,-1.912719,-1.295101,-67.60036,-0.2472444,0.001043452,2.207303E-05,0.3637668,0.5513892,0.2237764,-0.4426935,0.4678584,22,22,22,22,22,22,22,22,22,22,22,22,22,22,22,22
309,3090,-43.16465,-55.02127,-24.99113,-22.53419,-19.54434,-13.70044,-11.61518,-11.41302,-10.2742,-10.57925,-9.501769,-10.59152,-9.537607,-9.674968,-8.11758,0.2414774,23,23,23,23,23,23,23,23,23,23,23,23,23,23,23,23,309,3090,-8.741155,-5.535582,-4.845202,-3.490522,10.50577,5.276055,-3.787509,-1.694923,-1.941719,-2.317904,-1.182803,-2.559025,-2.560242,-2.227723,-2.047686,-3.278316,23,23,23,23,23,23,23,23,23,23,23,23,23,23,23,23,309,3090,-2.182912,-4.476996,-6.131989,-2.450836,-2.717858,-1.785325,-0.1313642,-68.14719,-0.1236419,-1.208742,0.3576248,0.3637668,0.1110458,-0.1097286,-1.765843E-05,0.4678584,22,22,22,22,22,22,22,22,22,22,22,22,22,22,22,22
310,3100,-42.68373,-54.90034,-25.60655,-24.48267,-19.54434,-14.3174,-11.10471,-13.04308,-10.0268,-11.5627,-9.264411,-10.84368,-9.537607,-10.74899,-8.832851,-0.6034381,23,23,23,23,23,23,23,23,23,23,23,23,23,23,23,23,310,3100,-7.397462,-5.403783,-4.059511,-3.490522,10.76848,4.539666,-3.395705,-1.8253,-2.071166,-2.317904,-1.577071,-2.82839,-1.7922,-2.227723,-1.806787,-3.278316,23,23,23,23,23,23,23,23,23,23,23,23,23,23,23,23,310,3100,-1.838239,-4.988648,-6.898757,-2.708815,-2.32929,-2.167506,-2.070925,-67.70973,-3.933013E-05,-0.3618917,0.238424,0.6063229,-0.1091259,0.001439162,-0.2213548,0.9359993,22,22,22,22,22,22,22,22,22,22,22,22,22,22,22,22
311,3110,-47.85363,-56.23053,-27.45281,-30.08456,-23.88854,-18.88293,-12.76373,-12.54152,-9.903093,-11.19391,-9.857802,-10.84368,-9.656829,-10.62965,-7.401931,-1.086247,23,23,23,23,23,23,23,23,23,23,23,23,23,23,23,23,311,3110,-5.917979,-4.876585,-4.452357,-3.878359,10.76848,4.294169,-3.526254,-2.08606,-2.071166,-2.189132,-1.182803,-2.424343,-2.048212,-1.670808,-1.686338,-3.504404,23,23,23,23,23,23,23,23,23,23,23,23,23,23,23,23,311,3110,-1.953128,-3.965345,-6.515373,-2.708815,-2.458812,-1.53054,-1.941672,-68.47529,-0.9888594,-1.329721,0.3576248,0.4850448,0.2211316,0.001439162,-0.8853694,0.9359993,22,22,22,22,22,22,22,22,22,22,22,22,22,22,22,22
312,3120,-48.81548,-56.47238,-28.19132,-27.77074,-22.19914,-17.27883,-12.25327,-12.03997,-10.3979,-10.82512,-9.501769,-9.708985,-8.464623,-8.839618,-8.236793,-0.2413313,23,23,23,23,23,23,23,23,23,23,23,23,23,23,23,23,312,3120,-5.78348,-4.744786,-3.666666,-2.973406,10.37442,4.785112,-2.742647,-1.564546,-1.81227,-1.674044,-1.708491,-2.424343,-1.7922,-0.8911244,-1.565888,-3.504404,23,23,23,23,23,23,23,23,23,23,23,23,23,23,23,23,312,3120,-1.723347,-4.604909,-6.643167,-2.837805,-1.681677,-1.657933,-1.941672,-67.16293,-0.370847,-0.2409123,0.238424,0.7275977,-0.2192117,-0.6655709,-0.5533621,1.170073,22,22,22,22,22,22,22,22,22,22,22,22,22,22,22,22
313,3130,-47.7334,-56.47238,-28.80674,-26.30938,-22.56116,-16.53847,-13.91228,-12.03997,-11.01642,-10.45632,-10.33252,-9.835062,-9.77605,-9.436296,-7.998368,0.2414774,23,23,23,23,23,23,23,23,23,23,23,23,23,23,23,23,313,3130,-5.245486,-4.349388,-3.666666,-2.32701,10.50577,4.785112,-3.00385,-0.7822714,-1.941719,-1.545272,-1.051379,-2.424343,-1.7922,-1.559424,-2.409034,-2.826135,23,23,23,23,23,23,23,23,23,23,23,23,23,23,23,23,313,3130,-1.37867,-4.349083,-6.004195,-2.321846,-1.293109,-1.403147,-1.295152,-68.1472,-0.2472958,-0.724827,0.476826,0.3637668,0.4413033,0.334945,-0.3320249,1.52118,22,22,22,22,22,22,22,22,22,22,22,22,22,22,22,22
314,3140,-46.29064,-56.59331,-29.42216,-27.28362,-21.4751,-16.53847,-12.5085,-12.03997,-10.1505,-10.70218,-9.620446,-9.708985,-8.703064,-9.31696,-7.401931,-0.6034381,23,23,23,23,23,23,23,23,23,23,23,23,23,23,23,23,314,3140,-5.648982,-3.82219,-3.011924,-2.456289,9.84906,4.785112,-2.481445,-1.043032,-2.459514,-1.287728,-1.971335,-2.28966,-1.536185,-1.225273,-1.565888,-2.713092,23,23,23,23,23,23,23,23,23,23,23,23,23,23,23,23,314,3140,-1.723347,-5.116561,-7.409934,-3.224774,-1.681677,-1.403147,-1.812368,-67.27229,-0.1236933,0.1219651,0.5960272,-6.100183E-05,-0.1091259,-0.5544031,0.1106509,1.170073,22,22,22,22,22,22,22,22,22,22,22,22,22,22,22,22
315,3150,-45.08833,-55.50497,-27.08356,-23.14309,-18.82032,-14.3174,-11.7428,-10.66068,-9.65569,-10.21046,-8.789698,-8.448217,-8.106962,-9.078289,-7.163159,0.2414774,23,23,23,23,23,23,23,23,23,23,23,23,23,23,23,23,315,3150,-4.034999,-3.163193,-3.797614,-2.32701,9.84906,5.030609,-2.873249,-1.694926,-2.071166,-0.6438683,-2.102707,-3.097755,-1.664193,-1.336656,-2.770383,-2.373957,23,23,23,23,23,23,23,23,23,23,23,23,23,23,23,23,315,3150,-1.37867,-3.837431,-6.898757,-2.966794,-1.811199,-1.403147,-1.812368,-68.03785,-0.6181031,-0.6039085,0.2383731,0.6063229,-0.1091259,0.001439162,-1.217375,1.170073,22,22,22,22,22,22,22,22,22,22,22,22,22,22,22,22
316,3160,-45.92995,-57.43979,-28.3144,-24.96979,-19.78569,-16.66187,-10.84948,-11.78919,-10.2742,-11.31684,-9.264411,-10.08722,-7.987741,-9.436296,-7.163159,-0.7241399,23,23,23,23,23,23,23,23,23,23,23,23,23,23,23,23,316,3160,-4.169497,-3.031394,-3.535717,-2.973406,9.84906,4.907887,-2.481445,-1.303789,-2.459514,-1.802816,-2.891243,-2.289664,-1.7922,-1.336656,-2.649934,-2.939181,23,23,23,23,23,23,23,23,23,23,23,23,23,23,23,23,316,3160,-2.06802,-4.349083,-6.898757,-2.321846,-1.811199,-1.912719,-1.683065,-67.70975,-0.6181031,0.4849004,0.5959762,0.2424887,-0.3292975,-0.5544031,0.2213195,0.8189656,22,22,22,22,22,22,22,22,22,22,22,22,22,22,22,22
317,3170,-44.48718,-56.95609,-27.20664,-21.55995,-17.61358,-14.4408,-10.72186,-10.78607,-9.284583,-10.33339,-8.671019,-8.952524,-7.510908,-9.436296,-7.521317,-0.2413313,23,23,23,23,23,23,23,23,23,23,23,23,23,23,23,23,317,3170,-3.9005,-3.294993,-3.273821,-3.102685,9.455001,5.7671,-2.742647,-2.21644,-2.200615,-1.802816,-3.285507,-1.885616,-1.664193,-1.336656,-2.288585,-2.487,23,23,23,23,23,23,23,23,23,23,23,23,23,23,23,23,317,3170,-1.263781,-4.22117,-7.026551,-2.321846,-1.681677,-2.294899,-2.717497,-69.02211,-0.3708984,0.1219651,0.3575743,0.2424887,0.0009663975,-0.4432345,-0.1106862,1.755254,22,22,22,22,22,22,22,22,22,22,22,22,22,22,22,22
318,3180,-44.24672,-56.23053,-27.57589,-23.26487,-18.94098,-12.7133,-10.46663,-9.657567,-9.65569,-8.981154,-9.264411,-9.078602,-9.060776,-8.362275,-8.11758,7.384432E-05,23,23,23,23,23,23,23,23,23,23,23,23,23,23,23,23,318,3180,-3.362506,-3.294993,-2.48813,-3.490522,9.980413,6.258043,-1.95904,-1.564546,-2.071166,-3.219307,-3.285507,-1.885616,-1.7922,-1.782188,-2.890833,-2.260911,23,23,23,23,23,23,23,23,23,23,23,23,23,23,23,23,318,3180,-2.412696,-5.244473,-6.898757,-2.708815,-2.717858,-2.167506,-1.941672,-67.60038,-0.1236933,0.0009856612,-0.9536364,-0.6064481,-0.8797203,-0.7767395,-1.765843E-05,0.8189656,22,22,22,22,22,22,22,22,22,22,22,22,22,22,22,22
319,3190,-46.89179,-55.98868,-27.57589,-23.14309,-19.06165,-11.23259,-11.48757,-10.91146,-10.1505,-10.33339,-9.739125,-8.574294,-9.418437,-8.958954,-7.043774,-0.7241399,23,23,23,23,23,23,23,23,23,23,23,23,23,23,23,23,319,3190,-3.497005,-3.294993,-2.880975,-3.490522,10.24307,5.7671,-2.612047,-1.825303,-1.81227,-2.446676,-3.15409,-1.750934,-2.048212,-2.561868,-1.927288,-2.260911,23,23,23,23,23,23,23,23,23,23,23,23,23,23,23,23,319,3190,-1.838239,-4.093257,-6.643167,-2.450836,-1.940722,-2.677078,-2.846801,-68.91276,0.370717,0.1219651,0.5959762,1.2127,0.0009663975,-0.1097286,-0.1106862,1.63822,22,22,22,22,22,22,22,22,22,22,22,22,22,22,22,22
320,3200,-43.16465,-55.26312,-25.72963,-21.31639,-17.1309,-11.23259,-10.33901,-9.908345,-9.408285,-10.70218,-9.027054,-8.952524,-9.418437,-8.720283,-7.043774,-0.2413794,23,23,23,23,23,23,23,23,23,23,23,23,23,23,23,23,320,3200,-3.631503,-3.82219,-2.750027,-3.490522,9.980413,5.7671,-2.350844,-2.737958,-2.459514,-3.090535,-3.15409,-2.424346,-2.688246,-2.339102,-2.288637,-2.034764,23,23,23,23,23,23,23,23,23,23,23,23,23,23,23,23,320,3200,-2.412696,-5.372387,-7.282138,-2.450836,-1.552154,-1.53054,-1.683065,-68.03785,-0.4945005,0.7268561,0.2383731,-0.1213423,-0.2192053,-0.6655709,-0.3320249,1.404147,22,22,22,22,22,22,22,22,22,22,22,22,22,22,22,22
321,3210,-40.76004,-55.6259,-24.37571,-18.88078,-14.9588,-11.47937,-9.828547,-10.53529,-9.284583,-10.45632,-8.789698,-9.456832,-9.060776,-10.27165,-7.879157,-0.3620828,23,23,23,23,23,23,23,23,23,23,23,23,23,23,23,23,321,3210,-4.707439,-3.690391,-2.880975,-4.136917,10.24307,5.644326,-2.612047,-2.737958,-2.71841,-3.348079,-2.365551,-2.693711,-1.664193,-2.339102,-1.44549,-2.486942,23,23,23,23,23,23,23,23,23,23,23,23,23,23,23,23,321,3210,-1.493566,-4.860735,-6.515373,-1.934877,-2.199767,-3.314043,-2.846801,-69.3502,0.1235119,0.1219651,0.4767751,-6.421245E-05,-0.2192053,0.001439964,0.9960026,1.287113,22,22,22,22,22,22,22,22,22,22,22,22,22,22,22,22
322,3220,-39.55774,-54.89093,-24.49879,-20.22036,-13.99342,-11.35598,-9.573314,-10.53529,-9.903094,-11.80856,-10.45119,-10.21329,-9.776099,-11.70367,-8.832851,-0.724188,23,23,23,23,23,23,23,23,23,23,23,23,23,23,23,23,322,3220,-5.648929,-3.426792,-3.273821,-3.878359,10.50577,6.380817,-3.395654,-2.346821,-2.459514,-3.348079,-2.365551,-2.424346,-2.304227,-2.673251,-2.529536,-2.599988,23,23,23,23,23,23,23,23,23,23,23,23,23,23,23,23,322,3220,-3.216938,-5.5003,-6.770962,-2.708815,-2.84738,-2.422291,-2.588193,-68.03785,0.4943195,0.2429414,-2.88956E-05,-0.7277229,-0.4393769,-0.4432337,0.331988,0.9359993,22,22,22,22,22,22,22,22,22,22,22,22,22,22,22,22
323,3230,-37.87452,-55.01183,-22.28327,-17.90654,-13.26939,-10.73902,-8.807612,-9.782956,-8.666071,-10.45632,-9.501769,-9.96114,-9.418437,-10.51032,-8.713639,-0.3620828,23,23,23,23,23,23,23,23,23,23,23,23,23,23,23,23,323,3230,-4.976436,-3.82219,-3.011917,-3.619801,10.37442,6.13532,-3.265052,-2.21644,-2.847859,-3.605623,-1.839863,-1.750934,-2.304227,-1.782188,-1.686389,-2.373899,23,23,23,23,23,23,23,23,23,23,23,23,23,23,23,23,323,3230,-2.297807,-5.244473,-7.026551,-2.063867,-2.588335,-2.804471,-2.846801,-68.58466,0.1235119,0.6058798,0.4767751,0.8488694,-0.6595486,-0.1097286,0.5533267,1.52118,22,22,22,22,22,22,22,22,22,22,22,22,22,22,22,22
324,3240,-37.99474,-53.68187,-22.65252,-17.41942,-15.32082,-11.47937,-9.062846,-9.281399,-8.913475,-9.841669,-9.501769,-8.826448,-10.01454,-10.15231,-9.190487,0.2414292,23,23,23,23,23,23,23,23,23,23,23,23,23,23,23,23,324,3240,-4.707439,-3.031394,-3.404763,-3.74908,10.76848,5.644326,-3.787458,-2.477201,-2.71841,-2.961763,-1.839863,-1.885616,-2.304227,-2.004954,-2.168187,-2.486942,23,23,23,23,23,23,23,23,23,23,23,23,23,23,23,23,324,3240,-2.527592,-5.244473,-6.515372,-2.321897,-1.681677,-2.040112,-2.329585,-67.81911,0.2471144,-0.2409733,-0.8344356,-0.7277229,0.3312239,0.001439964,0.2213195,1.63822,22,22,22,22,22,22,22,22,22,22,22,22,22,22,22,22
325,3250,-41.0005,-53.56097,-23.26794,-18.1501,-15.56216,-11.60277,-8.807612,-9.908345,-9.16088,-10.94804,-10.33252,-8.952524,-9.776099,-10.74899,-8.952063,-0.1206777,23,23,23,23,23,23,23,23,23,23,23,23,23,23,23,23,325,3250,-5.110934,-3.163193,-4.45235,-3.74908,10.11166,5.7671,-3.526254,-1.434166,-3.495103,-2.317904,-1.577019,-2.020299,-2.560242,-1.670805,-1.325041,-2.373899,23,23,23,23,23,23,23,23,23,23,23,23,23,23,23,23,325,3250,-2.872265,-4.860735,-6.259784,-2.837856,-2.199716,-3.696222,-2.976105,-68.4753,-0.2472958,0.0009856612,-0.1192297,-6.421245E-05,-0.5494627,0.1126086,-0.1106862,0.4678584,22,22,22,22,22,22,22,22,22,22,22,22,22,22,22,22
326,3260,-40.76004,-53.44007,-21.54477,-18.63722,-17.37225,-13.45366,-9.700931,-8.529061,-8.913475,-9.964601,-9.739125,-8.574294,-8.464672,-9.794303,-7.998368,-0.9655932,23,23,23,23,23,23,23,23,23,23,23,23,23,23,23,23,326,3260,-3.900447,-3.163193,-3.928556,-2.973406,10.50572,6.012495,-3.395654,-1.955683,-2.200615,-1.545272,-1.577019,-1.885616,-1.920204,-1.336654,-1.686389,-1.921718,23,23,23,23,23,23,23,23,23,23,23,23,23,23,23,23,326,3260,-2.987157,-4.476996,-6.004195,-2.063918,-1.42258,-1.403146,-1.812368,-66.50675,0.6179212,-0.2409733,-2.88956E-05,-0.6064481,0.5513955,0.6684508,0.331988,1.404147,22,22,22,22,22,22,22,22,22,22,22,22,22,22,22,22
327,3270,-41.0005,-52.71464,-22.89869,-20.22037,-16.76888,-13.94723,-9.445698,-10.03373,-9.408285,-11.07098,-9.264411,-9.330755,-8.822333,-10.15231,-8.594428,0.2414292,23,23,23,23,23,23,23,23,23,23,23,23,23,23,23,23,327,3270,-4.169445,-3.82219,-4.45235,-3.361243,10.50572,6.012495,-3.526306,-2.477201,-3.365654,-2.70422,-1.182752,-1.885616,-2.176219,-2.22772,-1.927288,-1.808675,23,23,23,23,23,23,23,23,23,23,23,23,23,23,23,23,327,3270,-2.182915,-4.476996,-6.387578,-1.805938,-2.588284,-3.186648,-2.588142,-68.1472,-9.070009E-05,0.3639209,0.2383731,0.3637635,-0.1091194,0.1126086,0.2213195,1.053039,22,22,22,22,22,22,22,22,22,22,22,22,22,22,22,22
328,3280,-41.84212,-54.64911,-24.49879,-24.48267,-19.06165,-13.82383,-8.679997,-10.15912,-10.0268,-12.05442,-9.739125,-10.33937,-9.418437,-11.94234,-8.713639,-1.206997,23,23,23,23,23,23,23,23,23,23,23,23,23,23,23,23,328,3280,-3.496952,-3.294992,-4.059505,-3.490522,10.24302,5.153332,-2.612098,-2.607575,-3.236205,-2.317904,-2.102707,-3.097758,-1.536185,-1.893571,-2.168187,-2.260853,23,23,23,23,23,23,23,23,23,23,23,23,23,23,23,23,328,3280,-2.527592,-4.476996,-6.770961,-2.450887,-1.293058,-1.785325,-2.588142,-67.60036,0.2471144,-0.8458642,-0.5960336,-0.48517,0.4413097,0.4461136,0.2213195,1.170073,22,22,22,22,22,22,22,22,22,22,22,22,22,22,22,22
329,3290,-42.08258,-53.92369,-23.26794,-20.82927,-17.37225,-13.08348,-8.424763,-10.15912,-8.666069,-11.07098,-9.501769,-10.21329,-8.941555,-10.86832,-8.11758,-0.6034863,23,23,23,23,23,23,23,23,23,23,23,23,23,23,23,23,329,3290,-3.227955,-3.294992,-4.059505,-3.231964,10.50572,5.153332,-2.8733,-2.607575,-3.495103,-1.802816,-1.051328,-2.289664,-1.408177,-1.670805,-2.047738,-2.147807,23,23,23,23,23,23,23,23,23,23,23,23,23,23,23,23,329,3290,-2.182915,-4.093257,-5.8764,-2.450887,-3.106375,-2.677077,-1.424406,-68.03783,0.6179212,0.2429414,-0.3576317,-0.3638952,-0.1091194,0.557283,-1.765843E-05,0.1167511,22,22,22,22,22,22,22,22,22,22,22,22,22,22,22,22
330,3300,-42.5635,-53.56097,-22.28327,-20.95105,-16.04485,-12.46651,-8.041913,-9.281398,-8.913475,-10.08753,-9.38309,-8.952524,-8.822333,-9.197625,-8.475216,-0.1206777,23,23,23,23,23,23,23,23,23,23,23,23,23,23,23,23,330,3300,-3.227955,-4.085789,-3.404763,-4.007638,10.89978,5.030558,-2.742698,-3.129092,-2.588961,-2.446624,-1.70844,-3.367123,-2.048212,-2.784637,-1.686389,-2.826077,23,23,23,23,23,23,23,23,23,23,23,23,23,23,23,23,330,3300,-1.953134,-4.22117,-6.515372,-2.321897,-2.329239,-2.42229,-2.070926,-67.92847,-0.4945009,-1.087762,0.2383731,0.2424887,0.1110522,0.2237772,0.1106509,0.584892,22,22,22,22,22,22,22,22,22,22,22,22,22,22,22,22
331,3310,-41.36119,-53.92369,-23.88336,-23.38665,-19.54434,-13.20687,-8.424763,-9.281398,-9.903093,-9.71874,-10.09516,-8.448217,-9.537657,-9.674968,-7.759945,0.2414292,23,23,23,23,23,23,23,23,23,23,23,23,23,23,23,23,331,3310,-3.900447,-3.426792,-3.535711,-4.007638,10.37437,5.153332,-2.742698,-3.129092,-2.588961,-1.287676,-2.234182,-2.559028,-2.048212,-2.004954,-1.56594,-2.373899,23,23,23,23,23,23,23,23,23,23,23,23,23,23,23,23,331,3310,-2.068023,-4.22117,-6.770961,-2.966845,-2.976852,-3.059256,-2.20023,-67.92847,0.1235119,-0.2409123,-1.072839,-6.421245E-05,0.2211381,0.1126086,-0.6640306,0.3508183,22,22,22,22,22,22,22,22,22,22,22,22,22,22,22,22
332,3320,-44.72765,-55.01183,-26.22196,-27.28362,-20.63039,-13.33026,-7.531446,-8.027504,-8.542367,-9.349947,-8.55234,-8.700371,-8.703114,-8.362275,-6.924388,-0.6034863,23,23,23,23,23,23,23,23,23,23,23,23,23,23,23,23,332,3320,-3.093456,-4.612987,-4.059505,-4.783312,10.11166,4.907835,-3.003902,-2.868332,-1.423924,-1.673992,-1.971335,-2.28966,-1.408177,-2.450485,-2.168187,-2.486942,23,23,23,23,23,23,23,23,23,23,23,23,23,23,23,23,332,3320,-1.953134,-4.093257,-6.259784,-2.063918,-2.588284,-1.785325,-0.9071895,-67.05356,-9.070009E-05,-0.6038475,0.2383723,0.4850994,0.1110522,0.8907881,0.5533267,0.9359993,22,22,22,22,22,22,22,22,22,22,22,22,22,22,22,22
333,3330,-44.1265,-54.4073,-25.85271,-26.06582,-17.37225,-11.35598,-6.12766,-7.651336,-7.181643,-9.349947,-8.433661,-7.817832,-7.7493,-8.24294,-6.446846,2.407967E-05,23,23,23,23,23,23,23,23,23,23,23,23,23,23,23,23,333,3330,-3.765949,-4.612987,-3.66666,-4.007638,9.980362,6.380766,-3.265104,-3.52023,-2.588961,-2.18908,-2.102759,-2.154978,-2.048161,-3.007403,-2.047738,-1.469541,23,23,23,23,23,23,23,23,23,23,23,23,23,23,23,23,333,3330,-1.608458,-4.22117,-6.643167,-2.579877,-2.717807,-1.785325,-2.458838,-67.49101,-0.4945009,-0.6038475,-0.8344368,0.2425465,0.6614749,-0.1097286,-0.7746992,0.584892,22,22,22,22,22,22,22,22,22,22,22,22,22,22,22,22
334,3340,-42.80396,-56.09998,-26.59122,-26.30938,-18.33762,-10.49223,-5.361959,-7.400556,-6.810535,-9.472878,-7.840269,-8.574294,-7.391638,-7.884949,-6.088689,-0.4827845,23,23,23,23,23,23,23,23,23,23,23,23,23,23,23,23,334,3340,-3.362453,-4.612987,-4.45235,-3.74908,9.45495,5.153332,-2.742698,-3.650606,-1.81227,-1.673992,-2.234182,-1.885613,-2.304176,-3.230172,-2.890884,-2.147807,23,23,23,23,23,23,23,23,23,23,23,23,23,23,23,23,334,3340,-1.72335,-4.349083,-6.515372,-2.450887,-2.329239,-1.912718,-1.941622,-67.38165,-0.1236933,-0.6038475,0.1191711,0.4850994,0.3312175,-0.3320145,0.2213195,0.701932,22,22,22,22,22,22,22,22,22,22,22,22,22,22,22,22
335,3350,-43.40511,-55.73726,-25.60654,-23.50843,-17.9756,-10.12205,-7.020978,-7.400556,-7.305345,-7.874779,-8.314983,-7.313526,-6.080213,-6.451329,-5.252989,-0.6034863,23,23,23,23,23,23,23,23,23,23,23,23,23,23,23,23,335,3350,-5.110934,-5.140184,-4.190454,-3.74908,9.717656,5.521552,-3.395705,-3.780987,-2.847859,-1.931536,-3.022715,-2.424343,-3.072217,-2.896024,-2.770383,-2.373899,23,23,23,23,23,23,23,23,23,23,23,23,23,23,23,23,335,3350,-1.953134,-4.732822,-6.770961,-3.482804,-3.365421,-2.677077,-2.20023,-67.60036,-0.3708984,0.1220229,-0.1192309,0.8489304,-0.1091259,-0.6655204,-0.774704,0.3508183,22,22,22,22,22,22,22,22,22,22,22,22,22,22,22,22
336,3360,-41.60166,-54.64911,-24.62187,-21.68173,-16.2862,-10.12205,-6.255277,-6.146663,-6.934237,-7.751849,-7.958948,-6.683141,-6.676315,-5.61505,-5.252989,2.247436E-05,23,23,23,23,23,23,23,23,23,23,23,23,23,23,23,23,336,3360,-5.110934,-5.008384,-4.059505,-4.007638,9.849009,5.521552,-3.265104,-3.129092,-2.071166,-2.18908,-1.971335,-1.885613,-2.94421,-2.673254,-2.288585,-2.487,23,23,23,23,23,23,23,23,23,23,23,23,23,23,23,23,336,3360,-2.757373,-4.476996,-6.515372,-2.966845,-2.976852,-2.677077,-2.846751,-68.36592,0.2471144,-1.087762,-2.969826E-05,-6.421245E-06,0.6614749,0.001490532,-2.247436E-05,0.9229834,22,22,22,22,22,22,22,22,22,22,22,22,22,22,22,22
337,3370,-40.27912,-54.77002,-24.62187,-19.85503,-16.76888,-9.628484,-7.276212,-7.525947,-7.429047,-7.751849,-7.840269,-7.565679,-6.676315,-7.048672,-4.656061,-0.3620844,23,23,23,23,23,23,23,23,23,23,23,23,23,23,23,23,337,3370,-4.84199,-4.085789,-4.45235,-4.136917,10.24302,5.153332,-4.048711,-2.868332,-2.330065,-2.317852,-2.62845,-2.28966,-2.560191,-2.11634,-2.168136,-2.373957,23,23,23,23,23,23,23,23,23,23,23,23,23,23,23,23,337,3370,-1.953083,-4.988648,-7.026551,-3.611793,-2.458762,-2.931862,-1.683014,-67.27228,0.2471144,-0.2409123,-2.969826E-05,0.8489304,-0.3292975,-0.9990262,-0.9960427,1.157019,22,22,22,22,22,22,22,22,22,22,22,22,22,22,22,22
338,3380,-40.88028,-54.28641,-24.86804,-20.95105,-16.52753,-10.36884,-7.276212,-6.648221,-7.429047,-8.243571,-7.484233,-7.439602,-6.437875,-6.212393,-5.133604,0.1207242,23,23,23,23,23,23,23,23,23,23,23,23,23,23,23,23,338,3380,-5.245486,-5.008385,-4.845196,-4.266197,10.11166,5.153332,-4.440515,-3.780987,-2.459514,-2.060308,-2.497026,-2.020296,-2.432183,-1.782191,-1.565888,-2.713092,23,23,23,23,23,23,23,23,23,23,23,23,23,23,23,23,338,3380,-2.067972,-4.860785,-6.515372,-3.482804,-2.588284,-2.42229,-2.20023,-68.36592,-0.3708984,-0.1199328,-2.969826E-05,0.2425465,-0.2192117,0.1126583,-0.110691,1.039998,22,22,22,22,22,22,22,22,22,22,22,22,22,22,22,22
339,3390,-40.39935,-55.13274,-22.28327,-18.88078,-15.20015,-10.73902,-7.148595,-7.275167,-6.56313,-8.735293,-7.128197,-7.691756,-5.960991,-7.168139,-5.969303,-0.2413826,23,23,23,23,23,23,23,23,23,23,23,23,23,23,23,23,339,3390,-5.783481,-4.349388,-3.928563,-4.395476,9.980362,4.539615,-3.787509,-2.998712,-2.459514,-2.060308,-2.102759,-1.885613,-2.816203,-2.227723,-1.806787,-2.487,23,23,23,23,23,23,23,23,23,23,23,23,23,23,23,23,339,3390,-1.608406,-4.732873,-7.154395,-3.224825,-2.588284,-2.42229,-1.941622,-67.05356,-1.359718,-0.4828712,0.7151762,0.1212716,0.3312175,-0.5543517,-0.4426983,1.391047,22,22,22,22,22,22,22,22,22,22,22,22,22,22,22,22
340,3400,-39.31728,-54.77003,-23.88336,-20.82926,-17.61358,-11.47937,-8.552381,-7.776725,-7.552749,-8.243571,-7.840269,-7.565679,-6.676315,-7.884949,-5.730532,-0.4827861,23,23,23,23,23,23,23,23,23,23,23,23,23,23,23,23,340,3400,-6.993968,-5.667382,-5.238048,-5.041871,10.76843,4.416841,-3.656907,-3.389849,-2.847859,-2.704168,-2.102759,-2.424343,-3.072217,-2.227723,-2.047686,-2.373957,23,23,23,23,23,23,23,23,23,23,23,23,23,23,23,23,340,3400,-1.953083,-4.221221,-6.515423,-3.095782,-2.588284,-2.167504,-2.20023,-68.80338,-0.4945009,0.1220229,0.4767743,0.6063775,0.2211316,-0.1096781,-0.5533669,1.508062,22,22,22,22,22,22,22,22,22,22,22,22,22,22,22,22
341,3410,-40.15889,-55.13274,-24.62187,-22.65597,-17.13091,-11.23259,-8.041913,-7.902115,-6.686832,-7.383085,-6.416128,-6.809218,-6.557095,-7.526544,-5.849917,0.1207242,23,23,23,23,23,23,23,23,23,23,23,23,23,23,23,23,341,3410,-6.724971,-6.19458,-5.107099,-5.17115,10.24307,4.171344,-4.048711,-3.389849,-2.977308,-2.961712,-2.102759,-2.424343,-2.560191,-2.227723,-1.565888,-3.052223,23,23,23,23,23,23,23,23,23,23,23,23,23,23,23,23,341,3410,-1.953083,-5.628263,-7.793367,-3.095782,-2.329292,-2.677077,-3.105359,-68.36592,-0.8653082,0.1220229,0.4767743,0.2425465,-0.2192117,-0.2208467,-0.110691,0.8059691,22,22,22,22,22,22,22,22,22,22,22,22,22,22,22,22
342,3420,-39.67797,-55.25365,-25.9758,-21.92529,-18.45831,-10.73902,-9.318081,-7.651336,-7.552749,-6.521735,-8.077625,-7.187449,-7.7493,-6.929204,-5.969303,0.4828311,23,23,23,23,23,23,23,23,23,23,23,23,23,23,23,23,342,3420,-7.262966,-5.799181,-4.583305,-4.912592,10.24307,4.294169,-3.787509,-3.389849,-2.847859,-3.090484,-1.971335,-2.154978,-3.072217,-2.11634,-2.168136,-2.826135,23,23,23,23,23,23,23,23,23,23,23,23,23,23,23,23,342,3420,-2.182864,-3.837481,-7.0266,-3.482751,-2.199769,-2.040112,-1.812318,-68.03783,-0.2472958,-0.1199328,0.1191711,0.7276523,0.1110458,0.4461642,0.2213162,1.742097,22,22,22,22,22,22,22,22,22,22,22,22,22,22,22,22
343,3430,-39.43751,-55.37455,-24.74495,-21.92529,-18.69964,-11.60277,-9.190464,-8.278282,-6.686832,-7.751849,-7.484233,-7.691756,-7.033977,-7.407077,-4.178519,-0.844893,23,23,23,23,23,23,23,23,23,23,23,23,23,23,23,23,343,3430,-6.724971,-6.326379,-5.107099,-4.912592,10.11177,4.785112,-3.918061,-3.389849,-3.236205,-2.961712,-2.365603,-2.963073,-3.072217,-2.11634,-2.409034,-3.165269,23,23,23,23,23,23,23,23,23,23,23,23,23,23,23,23,343,3430,-2.297756,-5.884089,-7.0266,-2.708814,-2.329292,-2.040112,-2.329535,-67.8191,-0.7417056,-0.1199328,0.4767743,0.2425465,-0.3292975,-0.5543517,-0.3320282,1.157019,22,22,22,22,22,22,22,22,22,22,22,22,22,22,22,22
344,3440,-41.0005,-54.40731,-24.49879,-22.53419,-17.73427,-10.86241,-8.935229,-7.275167,-6.315726,-6.644785,-7.602912,-7.817832,-7.510859,-7.646015,-4.656061,0.9656397,23,23,23,23,23,23,23,23,23,23,23,23,23,23,23,23,344,3440,-6.85947,-5.930981,-4.714253,-4.654034,10.63713,4.048672,-3.134454,-3.259469,-3.365654,-2.83294,-2.365603,-3.232437,-2.176168,-2.004957,-2.047686,-2.826135,23,23,23,23,23,23,23,23,23,23,23,23,23,23,23,23,344,3440,-2.182864,-4.860785,-6.515423,-2.450834,-1.811201,-2.167505,-2.070926,-68.36592,-9.070009E-05,0.1220229,0.7151762,0.7276523,-0.1091259,0.1126583,0.3319848,1.859111,22,22,22,22,22,22,22,22,22,22,22,22,22,22,22,22
345,3450,-41.36119,-55.61636,-24.62187,-23.14309,-17.49292,-12.34312,-8.55238,-7.902115,-5.573044,-8.120641,-7.246876,-8.322141,-6.318653,-8.720283,-5.133604,-0.844893,23,23,23,23,23,23,23,23,23,23,23,23,23,23,23,23,345,3450,-7.128467,-6.326379,-5.499944,-4.266197,9.717708,3.680452,-3.656857,-2.607575,-3.365654,-2.83294,-2.234182,-3.501802,-2.560191,-2.11634,-2.890833,-2.939181,23,23,23,23,23,23,23,23,23,23,23,23,23,23,23,23,345,3450,-2.987106,-5.884089,-7.28219,-2.450834,-2.070246,-1.912719,-1.424406,-67.8191,0.1235119,0.3639819,0.2383723,-6.421245E-06,-0.5494724,-0.3320145,-2.247436E-05,1.039998,22,22,22,22,22,22,22,22,22,22,22,22,22,22,22,22
346,3460,-44.00626,-56.09999,-25.23729,-24.96979,-18.94099,-12.58991,-8.679997,-6.773611,-5.94458,-7.38303,-7.128197,-7.817832,-7.63008,-8.600946,-4.656061,-0.6034895,23,23,23,23,23,23,23,23,23,23,23,23,23,23,23,23,346,3460,-7.128467,-7.117175,-6.154686,-4.783312,10.11177,3.925949,-3.395656,-2.216437,-3.106756,-2.575396,-2.62845,-2.963073,-2.688195,-2.227723,-2.047686,-3.278316,23,23,23,23,23,23,23,23,23,23,23,23,23,23,23,23,346,3460,-2.067972,-4.988698,-7.921162,-2.192854,-1.940724,-2.422291,-2.588142,-68.91274,-0.1236933,0.001043452,0.2383723,0.6063775,0.3312175,-0.3320145,0.2213162,0.9229834,22,22,22,22,22,22,22,22,22,22,22,22,22,22,22,22
347,3470,-42.5635,-55.97908,-24.99112,-22.89953,-17.73427,-11.72616,-8.041912,-7.024389,-5.573044,-7.38303,-7.958948,-7.94391,-7.63008,-7.048672,-5.252989,0.6035329,23,23,23,23,23,23,23,23,23,23,23,23,23,23,23,23,347,3470,-7.666317,-6.06278,-6.547532,-4.912592,9.586354,4.171395,-3.526258,-2.868332,-3.236205,-1.931536,-2.102707,-2.82839,-2.048161,-2.339106,-2.288585,-3.052223,23,23,23,23,23,23,23,23,23,23,23,23,23,23,23,23,347,3470,-2.642429,-5.50035,-7.0266,-2.966793,-1.422633,-1.403147,-1.295102,-67.8191,-0.2472958,0.001043452,2.207303E-05,-0.3638342,-0.7696441,-0.2208467,0.2213162,1.157019,22,22,22,22,22,22,22,22,22,22,22,22,22,22,22,22
348,3480,-42.68373,-55.13274,-25.72963,-22.89953,-18.21696,-11.60277,-9.445697,-7.024389,-7.057939,-7.628918,-8.789696,-8.448218,-7.987741,-7.048672,-5.133604,0.3621294,23,23,23,23,23,23,23,23,23,23,23,23,23,23,23,23,348,3480,-8.338091,-7.907972,-6.809429,-4.654034,9.717708,3.925949,-3.134454,-2.346817,-2.71841,-2.575396,-2.759819,-2.828393,-2.304176,-2.11634,-3.252181,-3.165269,23,23,23,23,23,23,23,23,23,23,23,23,23,23,23,23,348,3480,-1.723299,-4.477047,-6.771012,-2.321845,-2.070246,-2.931863,-2.588142,-68.58464,0.4943187,-0.3618917,0.1192233,0.7276523,-0.1091259,-0.1096781,0.1106461,1.274033,22,22,22,22,22,22,22,22,22,22,22,22,22,22,22,22
349,3490,-42.20281,-56.22089,-26.22196,-22.89953,-17.85494,-10.9858,-8.041912,-7.651337,-7.552749,-8.24357,-7.840269,-8.322141,-6.914806,-6.690267,-4.178519,-0.3620844,23,23,23,23,23,23,23,23,23,23,23,23,23,23,23,23,349,3490,-8.875509,-8.30337,-6.940377,-4.524755,9.060943,4.416892,-2.220245,-2.08606,-2.71841,-2.317852,-2.759819,-2.963076,-1.664141,-2.339106,-2.770383,-2.600046,23,23,23,23,23,23,23,23,23,23,23,23,23,23,23,23,349,3490,-2.182864,-5.50035,-6.771012,-2.192854,-2.458814,-2.167505,-2.458838,-67.8191,-9.070009E-05,0.4849581,-0.1191791,-0.4851122,-0.5494146,-0.4431839,0.3319848,1.157019,22,22,22,22,22,22,22,22,22,22,22,22,22,22,22,22
350,3500,-40.63981,-55.85818,-26.59122,-24.96979,-20.50973,-12.46651,-8.297147,-8.654451,-7.552749,-9.472878,-7.484233,-9.078603,-6.676365,-6.690218,-4.297904,-0.1206793,23,23,23,23,23,23,23,23,23,23,23,23,23,23,23,23,350,3500,-9.412929,-9.356653,-7.986828,-6.076104,9.586354,4.294169,-2.873252,-2.346817,-3.495103,-2.446624,-3.022663,-2.828393,-2.560191,-2.450485,-3.49308,-2.939181,23,23,23,23,23,23,23,23,23,23,23,23,23,23,23,23,350,3500,-1.838191,-5.244524,-6.643218,-2.321845,-2.070246,-3.186649,-2.717447,-68.14719,0.9887289,0.3639819,0.1192233,0.2425465,-0.1090713,-0.2208973,0.2213162,1.391047,22,22,22,22,22,22,22,22,22,22,22,22,22,22,22,22
351,3510,-43.64557,-56.70451,-26.59122,-23.38665,-19.06166,-13.45366,-9.445697,-10.4099,-8.666071,-10.94804,-8.196304,-10.59153,-7.391688,-7.526496,-3.700976,-1.448405,23,23,23,23,23,23,23,23,23,23,23,23,23,23,23,23,351,3510,-9.681639,-9.8832,-7.986828,-6.334661,8.929589,4.539666,-2.74265,-2.216437,-3.106756,-1.931536,-3.811202,-3.23244,-2.432183,-2.673251,-3.372682,-3.052223,23,23,23,23,23,23,23,23,23,23,23,23,23,23,23,23,351,3510,-2.987106,-5.116611,-6.515423,-2.708814,-2.588337,-1.912719,-3.363967,-68.58464,0.6179212,0.3639819,-0.2383799,-0.4851122,0.001014557,-0.1097286,0.3319334,1.157019,22,22,22,22,22,22,22,22,22,22,22,22,22,22,22,22
352,3520,-40.27912,-54.77003,-23.76028,-20.5857,-17.61359,-12.58991,-8.935229,-9.532178,-8.171261,-9.349947,-7.602912,-8.448218,-5.722601,-6.212345,-2.984662,-0.2413778,23,23,23,23,23,23,23,23,23,23,23,23,23,23,23,23,352,3520,-9.144219,-10.27811,-7.85606,-6.076104,9.717708,4.294169,-3.134454,-2.868332,-3.106756,-3.734344,-3.942619,-3.097758,-3.072217,-2.673251,-3.252232,-2.599988,23,23,23,23,23,23,23,23,23,23,23,23,23,23,23,23,352,3520,-2.757321,-5.244524,-6.004245,-2.579824,-2.588337,-2.80447,-2.976055,-68.25655,0.4943187,0.4849581,0.238424,0.2425465,-0.6595004,0.4461136,0.5532706,1.521187,22,22,22,22,22,22,22,22,22,22,22,22,22,22,22,22
353,3530,-42.32304,-54.89094,-26.09888,-22.41241,-17.85494,-13.33026,-9.700931,-9.281399,-8.418665,-8.489433,-7.721591,-8.069987,-5.722601,-5.256597,-4.297904,0.2414308,23,23,23,23,23,23,23,23,23,23,23,23,23,23,23,23,353,3530,-9.278574,-9.619927,-7.986828,-5.946825,9.060943,4.785112,-3.265054,-3.389849,-2.847859,-2.446624,-3.548355,-1.885616,-1.536134,-2.561868,-2.890884,-2.826077,23,23,23,23,23,23,23,23,23,23,23,23,23,23,23,23,353,3530,-3.102043,-6.139915,-6.515423,-3.61174,-2.458814,-2.549684,-2.976055,-68.47529,0.6179212,0.4849581,-0.4767819,-1.576599,-0.7695863,-0.2208973,0.1105947,0.9360057,22,22,22,22,22,22,22,22,22,22,22,22,22,22,22,22
354,3540,-42.80396,-54.77942,-26.22196,-20.46392,-17.01024,-12.46651,-10.33902,-10.4099,-9.037177,-9.349947,-7.484233,-8.574295,-6.676365,-5.256597,-3.700976,-0.2413778,23,23,23,23,23,23,23,23,23,23,23,23,23,23,23,23,354,3540,-9.547283,-9.619926,-7.333011,-6.851778,9.323648,4.907887,-2.74265,-3.259469,-2.459514,-3.090484,-3.548355,-2.289664,-1.920153,-2.784637,-2.288637,-2.147807,23,23,23,23,23,23,23,23,23,23,23,23,23,23,23,23,354,3540,-2.642477,-5.244473,-6.387629,-2.708814,-2.458814,-2.80447,-3.105359,-68.03783,0.2471144,0.4849581,0.3576248,0.6063775,0.2211862,0.7796187,0.5532706,1.521187,22,22,22,22,22,22,22,22,22,22,22,22,22,22,22,22
355,3550,-42.08258,-54.90034,-25.36037,-20.70748,-17.01024,-13.20687,-11.35995,-10.53529,-8.789773,-8.858225,-7.365555,-8.322141,-5.841821,-4.420318,-3.700976,0.120729,23,23,23,23,23,23,23,23,23,23,23,23,23,23,23,23,355,3550,-9.009865,-9.751563,-7.725297,-6.722499,9.455001,4.785112,-3.265054,-2.998712,-2.847859,-3.734344,-3.15409,-2.963076,-2.176168,-2.450485,-1.927288,-2.599988,23,23,23,23,23,23,23,23,23,23,23,23,23,23,23,23,355,3550,-3.216935,-4.349082,-6.515372,-2.192854,-1.681678,-2.040112,-2.717447,-68.58464,0.2471144,0.2430024,0.238424,-0.6063871,-0.2191571,-0.1097286,0.442602,1.170079,22,22,22,22,22,22,22,22,22,22,22,22,22,22,22,22
356,3560,-42.32304,-53.93294,-24.62187,-21.07283,-18.82032,-14.19401,-10.59425,-10.66068,-8.789773,-10.08753,-6.772161,-8.826448,-5.245719,-5.495533,-4.059133,-0.3620796,23,23,23,23,23,23,23,23,23,23,23,23,23,23,23,23,356,3560,-9.412929,-9.093381,-7.725297,-6.72255,9.84906,4.539666,-3.003852,-3.389849,-2.588961,-3.476799,-1.971284,-2.693711,-2.048161,-2.561868,-1.927288,-2.599988,23,23,23,23,23,23,23,23,23,23,23,23,23,23,23,23,356,3560,-2.182912,-4.732821,-6.004195,-2.708814,-2.458814,-3.568829,-3.105359,-68.58464,-9.070009E-05,0.1220229,-0.1191791,-0.84894,0.1111004,0.334945,0.1105947,1.404147,22,22,22,22,22,22,22,22,22,22,22,22,22,22,22,22
357,3570,-39.7982,-54.90034,-25.48346,-21.31639,-18.57897,-13.94723,-10.72187,-11.28763,-8.666071,-10.82511,-7.840269,-9.582911,-6.676365,-6.331812,-4.536675,-1.086293,23,23,23,23,23,23,23,23,23,23,23,23,23,23,23,23,357,3570,-8.6068,-8.698471,-6.809358,-6.463993,9.455001,5.276106,-3.395656,-2.216437,-2.71841,-3.090484,-2.628399,-1.481569,-1.920153,-2.450485,-2.047738,-2.373899,23,23,23,23,23,23,23,23,23,23,23,23,23,23,23,23,357,3570,-2.642477,-5.244473,-6.770961,-2.321845,-2.199716,-2.167505,-2.588142,-68.36592,0.7415238,-0.2409123,-0.5959831,-0.9702181,-0.1090713,0.001439162,-0.221411,1.170079,22,22,22,22,22,22,22,22,22,22,22,22,22,22,22,22
358,3580,-37.51382,-53.69109,-23.88336,-21.31639,-18.09627,-13.08348,-9.700931,-9.782956,-9.284581,-9.595807,-6.890841,-9.078603,-5.722601,-6.570748,-5.014218,-0.2413778,23,23,23,23,23,23,23,23,23,23,23,23,23,23,23,23,358,3580,-8.875509,-7.907971,-7.85606,-7.368946,9.84906,4.907784,-3.918061,-2.346817,-2.200615,-3.605572,-2.759819,-2.020299,-2.048161,-2.339102,-2.409086,-2.147807,23,23,23,23,23,23,23,23,23,23,23,23,23,23,23,23,358,3580,-2.527585,-4.732821,-5.748606,-3.224774,-3.235897,-3.69617,-1.941622,-68.36592,0.7415238,0.6059376,2.207303E-05,0.1212716,0.1111004,-0.2208973,-0.6640868,0.9360057,22,22,22,22,22,22,22,22,22,22,22,22,22,22,22,22
359,3590,-37.75428,-52.72368,-24.3757,-19.3679,-17.01023,-11.72616,-10.46507,-9.908345,-9.779391,-9.718739,-8.196304,-8.322141,-7.272467,-6.331812,-5.849917,2.729029E-05,23,23,23,23,23,23,23,23,23,23,23,23,23,23,23,23,359,3590,-9.950348,-8.435169,-7.725297,-6.205434,9.586354,5.153281,-3.656907,-1.95568,-2.71841,-3.605572,-2.628399,-2.154981,-2.304176,-1.782188,-1.686389,-2.147807,23,23,23,23,23,23,23,23,23,23,23,23,23,23,23,23,359,3590,-2.872262,-4.988647,-6.387578,-2.966794,-3.235897,-3.186598,-2.976105,-68.47529,-0.3708984,-0.8458064,-0.9535859,-0.84894,-0.1090713,0.001439162,0.5532706,0.8189656,22,22,22,22,22,22,22,22,22,22,22,22,22,22,22,22
360,3600,-36.79244,-53.57016,-23.51411,-19.48969,-16.64822,-12.09634,-10.97545,-10.53529,-10.3979,-10.82511,-8.908375,-9.961141,-7.86857,-8.600946,-6.805002,-0.2413778,23,23,23,23,23,23,23,23,23,23,23,23,23,23,23,23,360,3600,-8.6068,-7.644372,-7.594535,-5.559038,10.24307,4.785009,-3.656907,-2.738006,-3.106756,-2.575396,-2.234131,-2.828393,-3.072217,-2.004954,-2.288637,-2.147807,23,23,23,23,23,23,23,23,23,23,23,23,23,23,23,23,360,3600,-2.412696,-4.604908,-6.387578,-3.611742,-4.013033,-3.186598,-2.070977,-68.03785,0.370717,0.8478966,-0.2383799,0.7276523,0.4413579,0.4461136,-0.6640868,0.8189656,22,22,22,22,22,22,22,22,22,22,22,22,22,22,22,22
361,3610,-38.11497,-53.08646,-23.26794,-21.07283,-17.9756,-11.84955,-10.0823,-10.66068,-9.531987,-11.07098,-8.671017,-8.826448,-7.74935,-7.645967,-7.163159,-0.2413778,23,23,23,23,23,23,23,23,23,23,23,23,23,23,23,23,361,3610,-8.338091,-6.853577,-6.940307,-5.42976,10.37442,4.662286,-3.526306,-2.477249,-3.624551,-3.348028,-1.971284,-2.828393,-2.688195,-2.673251,-2.288637,-2.826077,23,23,23,23,23,23,23,23,23,23,23,23,23,23,23,23,361,3610,-3.102043,-5.372386,-6.770961,-3.482753,-3.624465,-3.059205,-2.458889,-67.70975,0.1235632,-0.4828712,-0.5959831,0.1212716,-0.4393288,-0.4432345,0.2212649,0.9360057,22,22,22,22,22,22,22,22,22,22,22,22,22,22,22,22
362,3620,-42.20281,-54.05386,-23.76028,-22.16885,-16.52753,-13.33026,-10.0823,-11.28763,-10.64531,-12.91494,-7.958948,-10.59153,-8.226232,-10.27165,-7.998368,-1.327697,23,23,23,23,23,23,23,23,23,23,23,23,23,23,23,23,362,3620,-7.531908,-6.853577,-6.154616,-4.395527,10.11172,5.153281,-3.265104,-2.607626,-3.236205,-2.575396,-2.365551,-2.154981,-2.688195,-2.116337,-2.890884,-2.486942,23,23,23,23,23,23,23,23,23,23,23,23,23,23,23,23,362,3620,-2.412696,-4.349082,-6.515372,-3.095783,-2.847329,-3.186598,-2.200281,-67.92848,1.112383,0.968815,-0.1191791,-0.1212813,0.001014557,0.7796187,-7.384432E-05,0.4678584,22,22,22,22,22,22,22,22,22,22,22,22,22,22,22,22
363,3630,-42.5635,-55.14219,-23.39103,-20.58571,-16.52753,-11.47937,-10.0823,-11.03685,-11.01642,-12.54614,-9.145732,-10.59153,-8.464672,-10.27165,-7.401931,-0.8448882,23,23,23,23,23,23,23,23,23,23,23,23,23,23,23,23,363,3630,-7.935026,-8.17157,-6.809358,-5.42976,9.980413,4.04857,-3.134502,-3.389901,-3.236205,-3.090484,-2.62845,-2.828393,-2.432183,-2.561868,-2.047738,-2.939123,23,23,23,23,23,23,23,23,23,23,23,23,23,23,23,23,363,3630,-2.75737,-4.860734,-7.026551,-3.224774,-3.235897,-3.313991,-2.717497,-68.58466,-0.247244,-0.8458642,-0.3575803,-0.3638342,0.1111004,0.2237764,-0.3320795,0.1167511,22,22,22,22,22,22,22,22,22,22,22,22,22,22,22,22
364,3640,-41.12074,-54.29572,-21.54477,-18.02832,-13.99342,-10.49223,-9.444328,-10.28451,-9.903093,-10.94804,-9.264411,-10.33937,-9.418437,-9.674968,-8.236793,2.729029E-05,23,23,23,23,23,23,23,23,23,23,23,23,23,23,23,23,364,3640,-8.472445,-8.039771,-5.892719,-4.136969,10.11172,5.030507,-2.8733,-2.998763,-2.71841,-2.446624,-1.971335,-2.693708,-2.304176,-3.341552,-1.686389,-2.939123,23,23,23,23,23,23,23,23,23,23,23,23,23,23,23,23,364,3640,-2.527585,-5.244473,-7.026551,-3.353763,-3.494943,-3.186598,-2.717497,-68.1472,-3.933013E-05,0.1219651,-0.7151831,0.3637668,0.1111004,0.4461136,-0.221411,0.5848984,22,22,22,22,22,22,22,22,22,22,22,22,22,22,22,22
365,3650,-41.84212,-54.05386,-22.16019,-18.51544,-17.49292,-12.7133,-10.84785,-10.78607,-10.89271,-9.841669,-9.857802,-9.456833,-9.65688,-9.197625,-8.356005,-0.3620796,23,23,23,23,23,23,23,23,23,23,23,23,23,23,23,23,365,3650,-8.203735,-8.039771,-5.237983,-3.878411,9.717708,4.171292,-3.395705,-3.520281,-2.71841,-1.802764,-2.234182,-2.963073,-2.048161,-3.564318,-2.890884,-2.713034,23,23,23,23,23,23,23,23,23,23,23,23,23,23,23,23,365,3650,-2.412696,-4.732821,-7.026551,-2.579825,-2.976852,-2.677026,-1.165848,-67.81911,-3.933013E-05,-0.724888,-0.8343843,0.2424919,0.4413097,0.5572814,0.442602,0.5848984,22,22,22,22,22,22,22,22,22,22,22,22,22,22,22,22
366,3660,-42.08258,-54.77942,-23.14486,-21.68173,-17.37224,-12.58991,-9.954701,-10.53529,-9.160879,-9.841669,-8.55234,-8.069987,-8.226233,-8.958954,-7.879157,-0.1206761,23,23,23,23,23,23,23,23,23,23,23,23,23,23,23,23,366,3660,-9.009865,-8.039771,-5.630822,-4.524806,9.060943,4.785009,-3.395705,-3.520281,-1.81227,-1.931536,-2.759871,-2.693708,-2.560191,-3.452938,-2.529536,-2.826077,23,23,23,23,23,23,23,23,23,23,23,23,23,23,23,23,366,3660,-2.527585,-4.349082,-6.643167,-3.611742,-2.847329,-2.549633,-2.329585,-68.58466,0.2471658,-0.1199938,-0.3575803,0.4850448,-0.2192053,-0.5543509,-0.8854239,0.5848984,22,22,22,22,22,22,22,22,22,22,22,22,22,22,22,22
367,3670,-42.44327,-55.38405,-23.51411,-21.55995,-16.04485,-12.46651,-8.678769,-9.406788,-7.923857,-9.349947,-7.721591,-7.691757,-7.153248,-8.839618,-7.521317,-0.4827814,23,23,23,23,23,23,23,23,23,23,23,23,23,23,23,23,367,3670,-8.875509,-7.380774,-5.499874,-3.490574,9.84906,5.030507,-3.395705,-4.041795,-2.977308,-2.060308,-3.022715,-1.750931,-2.560191,-2.561872,-2.649934,-2.599988,23,23,23,23,23,23,23,23,23,23,23,23,23,23,23,23,367,3670,-2.527585,-4.221169,-6.770961,-2.966794,-3.494943,-2.549633,-1.553761,-68.03785,-0.3708466,-0.482929,0.5960276,0.2424919,0.0009663975,0.2238286,-0.2213548,0.701932,22,22,22,22,22,22,22,22,22,22,22,22,22,22,22,22
368,3680,-43.64557,-56.35146,-23.39103,-21.80351,-16.64822,-13.08348,-8.806361,-10.03373,-8.171261,-8.735293,-7.484234,-8.448218,-7.987792,-9.674968,-7.759945,-0.6034847,23,23,23,23,23,23,23,23,23,23,23,23,23,23,23,23,368,3680,-9.278574,-6.458178,-4.583241,-3.749132,9.717708,4.785009,-4.048711,-2.868383,-2.330065,-2.704168,-3.154141,-2.28966,-2.432183,-2.450489,-2.770383,-2.373957,23,23,23,23,23,23,23,23,23,23,23,23,23,23,23,23,368,3680,-1.953128,-4.732821,-6.643167,-3.482753,-2.717807,-2.549633,-1.941672,-67.81911,0.2471658,0.0009856612,-0.5959823,0.6063229,0.1110522,-0.3320145,-0.7746992,0.7018743,22,22,22,22,22,22,22,22,22,22,22,22,22,22,22,22
369,3690,-43.04442,-55.86776,-22.89869,-20.70749,-16.76888,-11.60277,-7.14765,-8.529061,-6.810535,-7.628918,-7.365555,-7.313527,-7.27247,-8.720283,-7.998368,-1.086293,23,23,23,23,23,23,23,23,23,23,23,23,23,23,23,23,369,3690,-7.666316,-6.458178,-4.190396,-3.619853,8.666935,5.153281,-3.656907,-2.738006,-2.71841,-2.18908,-3.022715,-2.154978,-2.816203,-2.784641,-2.047686,-2.600046,23,23,23,23,23,23,23,23,23,23,23,23,23,23,23,23,369,3690,-2.182909,-4.476995,-6.259784,-3.353763,-2.976852,-2.549633,-2.458889,-68.80339,-0.247244,-0.3619496,-0.1191783,-0.1213391,0.4413097,0.5573344,-0.4426935,0.7018743,22,22,22,22,22,22,22,22,22,22,22,22,22,22,22,22
370,3700,-43.7658,-55.73726,-22.52944,-19.73325,-16.40687,-11.97294,-8.423582,-8.403671,-8.171261,-7.505987,-8.314983,-7.691757,-9.060777,-9.197625,-9.42891,2.729029E-05,23,23,23,23,23,23,23,23,23,23,23,23,23,23,23,23,370,3700,-8.069381,-5.008385,-3.79755,-3.102736,10.11172,4.04857,-4.048711,-2.738006,-2.071166,-1.931536,-1.839915,-2.020296,-3.200225,-2.227723,-1.565888,-2.600046,23,23,23,23,23,23,23,23,23,23,23,23,23,23,23,23,370,3700,-2.757366,-4.732823,-7.409934,-2.837804,-2.717807,-2.294847,-2.458889,-67.38166,0.1235632,0.1219651,1.072832,0.2424919,-0.1091194,-0.3320145,0.4426582,1.989276,22,22,22,22,22,22,22,22,22,22,22,22,22,22,22,22
371,3710,-44.72764,-55.73726,-23.88336,-21.43817,-15.8035,-11.10919,-8.678769,-9.281398,-7.552749,-9.71874,-8.55234,-9.078603,-9.7761,-10.27165,-9.190487,-0.1206761,23,23,23,23,23,23,23,23,23,23,23,23,23,23,23,23,371,3710,-8.875509,-5.930981,-4.05946,-4.136969,9.717708,3.312078,-3.787509,-2.868383,-3.365654,-2.446624,-1.971335,-3.232437,-2.94421,-2.227723,-1.565888,-3.391358,23,23,23,23,23,23,23,23,23,23,23,23,23,23,23,23,371,3710,-2.41269,-4.349083,-7.665522,-2.321845,-2.329239,-2.931812,-2.588193,-68.69402,0.1235632,-0.1199938,0.2384245,0.2424919,-0.3292911,-0.1096773,-0.4426935,1.521129,22,22,22,22,22,22,22,22,22,22,22,22,22,22,22,22
372,3720,-42.5635,-54.77003,-21.2986,-18.63722,-14.47611,-11.23259,-8.551176,-8.77984,-8.047559,-9.349947,-8.789696,-9.456833,-9.65688,-10.74899,-9.786547,-0.4827814,23,23,23,23,23,23,23,23,23,23,23,23,23,23,23,23,372,3720,-8.472445,-5.667382,-4.452305,-3.619801,9.84906,3.066633,-3.395705,-2.086112,-2.200615,-2.704168,-1.708491,-3.636485,-2.176168,-1.893574,-1.806787,-3.278316,23,23,23,23,23,23,23,23,23,23,23,23,23,23,23,23,372,3720,-2.642474,-5.628213,-7.282138,-2.837804,-2.199716,-2.167454,-2.329585,-68.58466,-0.6180513,-0.1199938,0.9536304,-0.4851668,-0.6595486,-0.9990246,-0.1106862,0.7018743,22,22,22,22,22,22,22,22,22,22,22,22,22,22,22,22
373,3730,-41.84211,-55.49546,-21.54477,-19.24612,-13.99343,-12.21973,-9.316735,-10.53529,-8.789773,-10.57925,-8.433661,-10.33937,-9.65688,-11.82301,-10.26339,-0.1206761,23,23,23,23,23,23,23,23,23,23,23,23,23,23,23,23,373,3730,-8.069381,-6.721777,-4.845151,-3.619801,9.586354,2.943858,-3.003902,-1.825351,-2.977308,-2.317852,-2.62845,-3.501802,-2.304176,-2.11634,-2.047686,-3.278316,23,23,23,23,23,23,23,23,23,23,23,23,23,23,23,23,373,3730,-1.72334,-4.22117,-7.537727,-2.192856,-2.329239,-2.42224,-2.588193,-69.13148,-3.933013E-05,0.0009856612,2.247436E-05,0.9701506,0.2211381,-0.4431823,-1.765843E-05,1.287055,22,22,22,22,22,22,22,22,22,22,22,22,22,22,22,22
374,3740,-38.71612,-54.77003,-20.68317,-19.24612,-14.71746,-12.09634,-8.933955,-9.156009,-8.666071,-10.57925,-9.027053,-9.835064,-10.01454,-11.34567,-9.309699,-0.9655899,23,23,23,23,23,23,23,23,23,23,23,23,23,23,23,23,374,3740,-8.6068,-6.326379,-4.976099,-3.619801,9.323648,3.312181,-3.656907,-1.955732,-2.330065,-1.931536,-1.708491,-2.82839,-2.304176,-1.670808,-2.288585,-2.939181,23,23,23,23,23,23,23,23,23,23,23,23,23,23,23,23,374,3740,-2.527582,-6.139866,-6.898756,-2.579825,-1.681625,-1.403147,-2.329585,-68.1472,-0.1236419,0.0009856612,0.3576256,-0.1213391,-0.5494627,0.446165,-0.1106862,1.052981,22,22,22,22,22,22,22,22,22,22,22,22,22,22,22,22
375,3750,-38.59589,-53.92369,-18.83691,-17.66298,-14.71746,-12.7133,-10.33902,-10.28451,-8.789773,-11.07098,-8.077626,-9.456833,-9.060777,-11.107,-9.905758,-0.2413778,23,23,23,23,23,23,23,23,23,23,23,23,23,23,23,23,375,3750,-8.875509,-6.458179,-5.368945,-3.231964,9.586354,3.680452,-3.134502,-1.303837,-2.330065,-1.931536,-3.154141,-2.963073,-1.664141,-1.336656,-2.288585,-2.713092,23,23,23,23,23,23,23,23,23,23,23,23,23,23,23,23,375,3750,-1.72334,-4.604909,-7.154345,-1.934877,-2.070194,-2.294899,-3.493271,-68.1472,0.6179726,0.3639209,0.1192237,-0.1213391,-0.7696344,-0.1096773,-1.765843E-05,1.052981,22,22,22,22,22,22,22,22,22,22,22,22,22,22,22,22
376,3760,-40.63981,-54.40731,-20.06775,-17.05408,-16.40687,-11.97294,-10.08378,-10.15912,-9.531987,-9.964601,-9.145732,-9.708987,-10.49142,-10.03297,-10.14418,2.729029E-05,23,23,23,23,23,23,23,23,23,23,23,23,23,23,23,23,376,3760,-8.6068,-6.589978,-5.107048,-2.585569,9.84906,4.048672,-2.350895,-0.7822682,-2.588961,-1.416448,-2.62845,-2.154978,-1.664141,-1.782191,-2.649934,-1.921776,23,23,23,23,23,23,23,23,23,23,23,23,23,23,23,23,376,3760,-2.41269,-4.732823,-6.515372,-1.805887,-1.42258,-1.403147,-1.941622,-68.14719,0.4943709,0.3639209,-0.1191783,-0.8489946,-0.4393769,0.446165,0.331988,1.404095,22,22,22,22,22,22,22,22,22,22,22,22,22,22,22,22
377,3770,-41.60165,-55.49546,-22.16019,-20.22037,-16.64822,-12.96008,-10.46663,-10.53529,-9.037177,-10.33339,-9.501767,-10.59153,-10.13376,-10.62965,-9.190487,2.729029E-05,23,23,23,23,23,23,23,23,23,23,23,23,23,23,23,23,377,3770,-8.203735,-6.721777,-5.237996,-3.74908,8.666935,4.171395,-2.612098,-2.477198,-3.106756,-2.317852,-3.154141,-2.28966,-1.920153,-2.11634,-2.890833,-2.147865,23,23,23,23,23,23,23,23,23,23,23,23,23,23,23,23,377,3770,-2.182909,-4.22117,-5.8764,-1.676897,-2.847329,-3.186649,-3.234663,-68.80338,0.2471144,0.8478355,0.1192237,-0.4851668,-0.5494627,-0.2208451,0.1106509,1.170022,22,22,22,22,22,22,22,22,22,22,22,22,22,22,22,22
378,3780,-41.60165,-55.85818,-22.52944,-22.16885,-18.57897,-12.58991,-10.08378,-9.908345,-9.160879,-10.82512,-9.145732,-9.582911,-10.13376,-11.22633,-9.42891,-0.2413778,23,23,23,23,23,23,23,23,23,23,23,23,23,23,23,23,378,3780,-7.800671,-6.853577,-5.237996,-4.524755,9.060943,4.785112,-2.481497,-2.868332,-2.459514,-2.704168,-4.074094,-2.424343,-2.048161,-2.784641,-2.890833,-2.826135,23,23,23,23,23,23,23,23,23,23,23,23,23,23,23,23,378,3780,-2.642474,-4.604909,-6.898756,-2.579825,-1.94067,-2.549684,-2.846751,-68.80338,0.4943195,-0.6038475,-0.3575803,0.1212171,0.2211381,0.2238286,0.2213195,1.638162,22,22,22,22,22,22,22,22,22,22,22,22,22,22,22,22
379,3790,-43.04442,-56.22089,-22.0371,-21.43817,-17.25158,-13.33026,-8.935229,-10.15912,-9.531987,-11.80856,-9.739123,-10.84368,-9.895321,-12.65836,-9.309699,-0.7241865,23,23,23,23,23,23,23,23,23,23,23,23,23,23,23,23,379,3790,-6.321475,-7.248974,-5.368945,-4.912592,8.404229,4.048672,-3.134502,-3.129092,-2.71841,-3.734344,-3.416931,-2.559025,-2.816203,-2.561872,-2.529484,-2.826135,23,23,23,23,23,23,23,23,23,23,23,23,23,23,23,23,379,3790,-2.987147,-4.476996,-6.515372,-2.450835,-3.88351,-3.696222,-2.329535,-68.47529,-0.1236933,-0.2409123,-0.5959831,0.1212171,-0.3292911,0.2238286,-1.765843E-05,0.4678006,22,22,22,22,22,22,22,22,22,22,22,22,22,22,22,22
380,3800,-41.72188,-54.89094,-21.66785,-20.95105,-16.40687,-12.58991,-9.31808,-10.78607,-9.531987,-10.45632,-9.264411,-10.08722,-10.3722,-11.465,-9.786547,-0.7241865,23,23,23,23,23,23,23,23,23,23,23,23,23,23,23,23,380,3800,-6.186976,-7.117175,-4.845151,-4.783312,9.717708,4.539666,-2.481497,-2.477198,-2.200615,-2.83294,-2.759819,-1.750928,-1.664141,-2.339106,-1.927237,-2.147865,23,23,23,23,23,23,23,23,23,23,23,23,23,23,23,23,380,3800,-2.297798,-4.604909,-6.387578,-2.450835,-1.94067,-2.294899,-2.976055,-68.03783,-9.070009E-05,-0.8458064,-0.2383799,0.4850994,0.6614814,0.3349972,0.4426582,1.170022,22,22,22,22,22,22,22,22,22,22,22,22,22,22,22,22
381,3810,-40.39935,-54.89094,-21.42168,-18.759,-15.80351,-12.46651,-10.59425,-9.782956,-9.284581,-9.472878,-9.857802,-9.708985,-10.61059,-10.98766,-9.190487,0.2414308,23,23,23,23,23,23,23,23,23,23,23,23,23,23,23,23,381,3810,-6.455973,-5.930981,-4.714202,-4.783312,9.323648,4.785112,-3.134502,-2.477198,-2.588961,-3.476799,-2.365551,-3.367116,-1.920153,-2.11634,-2.288585,-2.147865,23,23,23,23,23,23,23,23,23,23,23,23,23,23,23,23,381,3810,-1.72334,-4.476996,-6.259784,-3.353763,-2.847329,-2.677078,-2.458838,-67.60036,0.370717,0.3639819,-0.4767819,-0.2425593,0.2211316,-0.1096773,-0.4426935,-0.4684877,22,22,22,22,22,22,22,22,22,22,22,22,22,22,22,22
382,3820,-38.47566,-53.80279,-20.56009,-18.1501,-16.16552,-12.83669,-10.33902,-10.53529,-10.0268,-10.08753,-10.21384,-10.59152,-10.25293,-10.86832,-8.832851,-0.4827814,23,23,23,23,23,23,23,23,23,23,23,23,23,23,23,23,382,3820,-7.128466,-5.008385,-5.499893,-4.912592,9.455001,5.030609,-3.526306,-2.216437,-2.71841,-3.090484,-2.234131,-2.42434,-2.816199,-1.448037,-1.927237,-2.034822,23,23,23,23,23,23,23,23,23,23,23,23,23,23,23,23,382,3820,-2.068017,-4.093257,-6.131989,-2.708814,-2.847329,-1.912719,-2.846751,-68.80338,-0.3708984,-1.087762,0.238424,0.3638245,0.3312175,0.5573328,0.4426582,0.8189143,22,22,22,22,22,22,22,22,22,22,22,22,22,22,22,22
383,3830,-39.79819,-55.13274,-21.05243,-18.1501,-16.16552,-13.20687,-10.84948,-10.4099,-9.284581,-11.19391,-10.56987,-11.09583,-10.25293,-11.107,-9.548122,0.4828359,23,23,23,23,23,23,23,23,23,23,23,23,23,23,23,23,383,3830,-5.379984,-4.876585,-6.154635,-4.524755,9.192295,4.294169,-3.656907,-2.737955,-3.365654,-2.83294,-2.365551,-2.154975,-2.43218,-2.561868,-1.927288,-2.260911,23,23,23,23,23,23,23,23,23,23,23,23,23,23,23,23,383,3830,-2.068017,-4.604909,-6.259784,-2.837804,-2.070194,-1.657933,-2.588142,-67.60036,-9.070009E-05,-0.3618917,-0.2383799,0.6063775,-0.2192117,-0.6655204,-1.21738,0.5848406,22,22,22,22,22,22,22,22,22,22,22,22,22,22,22,22
384,3840,-39.4375,-55.61636,-20.43701,-18.63722,-15.20015,-13.33026,-9.445697,-10.03373,-9.408283,-11.93149,-9.976482,-10.84368,-9.77605,-11.58434,-10.14418,-1.086298,23,23,23,23,23,23,23,23,23,23,23,23,23,23,23,23,384,3840,-5.514483,-5.140184,-5.76179,-4.395476,9.980413,4.416892,-3.265104,-2.477198,-3.365654,-2.18908,-1.577019,-2.154975,-2.048157,-2.22772,-1.806839,-2.486942,23,23,23,23,23,23,23,23,23,23,23,23,23,23,23,23,384,3840,-2.41269,-4.476996,-6.004195,-2.579825,-2.199716,-1.403147,-1.165798,-68.36592,-0.4945005,-0.724827,0.715228,0.4850994,0.0009599762,0.1126583,-0.2213596,0.9229834,22,22,22,22,22,22,22,22,22,22,22,22,22,22,22,22
385,3850,-42.44326,-55.37455,-21.42168,-19.12434,-16.04486,-14.56419,-11.48757,-10.66068,-10.3979,-11.80856,-11.40062,-10.96975,-10.84903,-11.58434,-9.42891,-1.207,23,23,23,23,23,23,23,23,23,23,23,23,23,23,23,23,385,3850,-5.245485,-5.799181,-6.678429,-4.395476,9.455001,3.925949,-2.8733,-2.868332,-2.588961,-2.18908,-2.234131,-2.693704,-1.664138,-2.784637,-2.409086,-2.939123,23,23,23,23,23,23,23,23,23,23,23,23,23,23,23,23,385,3850,-1.838191,-4.476996,-6.515372,-2.708814,-1.811148,-2.040112,-2.329535,-67.92847,0.6179212,0.001043452,0.238424,0.7276523,0.0009599762,-0.4431839,-0.774704,1.274033,22,22,22,22,22,22,22,22,22,22,22,22,22,22,22,22
386,3860,-42.5635,-56.5836,-20.92934,-19.3679,-15.80351,-14.68758,-12.25327,-12.03997,-10.1505,-10.82512,-10.33252,-11.09583,-10.96825,-11.82301,-10.85945,-0.4827861,23,23,23,23,23,23,23,23,23,23,23,23,23,23,23,23,386,3860,-5.110986,-5.799232,-5.499893,-4.395476,9.060943,3.925949,-3.003902,-3.129092,-2.588961,-2.18908,-2.365551,-2.289657,-1.53613,-2.450485,-2.529536,-3.165212,23,23,23,23,23,23,23,23,23,23,23,23,23,23,23,23,386,3860,-1.953083,-4.604959,-7.026551,-3.095783,-1.94067,-2.040112,-1.941622,-69.3502,-1.236115,-0.4828712,-0.3575807,-6.421245E-06,0.2211316,-0.4431839,-0.774704,0.6889483,22,22,22,22,22,22,22,22,22,22,22,22,22,22,22,22
387,3870,-42.2028,-55.61636,-22.28327,-21.07283,-17.01024,-13.20687,-10.9771,-10.53529,-10.0268,-10.45632,-11.16327,-10.21329,-10.72981,-10.03297,-10.50182,2.247436E-05,23,23,23,23,23,23,23,23,23,23,23,23,23,23,23,23,387,3870,-4.303996,-5.799232,-4.190408,-3.878359,9.455001,4.416892,-2.612098,-2.998712,-2.200615,-1.802764,-2.234131,-2.154975,-2.048157,-2.89602,-2.047738,-2.147807,23,23,23,23,23,23,23,23,23,23,23,23,23,23,23,23,387,3870,-1.838191,-4.349133,-7.0266,-3.095783,-1.811148,-2.040112,-0.9071895,-67.27228,-0.6181031,0.2430024,0.476826,0.2425465,-0.1091259,-0.5543517,-0.2213596,1.274033,22,22,22,22,22,22,22,22,22,22,22,22,22,22,22,22
388,3880,-41.12073,-56.09999,-23.6372,-20.95104,-17.73427,-15.05776,-12.63612,-11.78919,-9.903093,-10.70218,-10.68855,-10.33937,-10.25293,-10.15231,-8.594428,-0.3620844,23,23,23,23,23,23,23,23,23,23,23,23,23,23,23,23,388,3880,-3.497004,-5.403834,-4.190408,-3.490522,9.060943,4.416892,-3.265104,-2.868332,-1.682821,-2.18908,-2.234131,-2.020292,-2.048157,-3.007403,-1.806839,-1.921718,23,23,23,23,23,23,23,23,23,23,23,23,23,23,23,23,388,3880,-1.148841,-4.221221,-7.409984,-3.095834,-1.681625,-1.785326,-2.588142,-68.91274,-0.1236933,-0.2409123,0.8344288,-0.1212813,-0.4393865,-0.1096781,0.1106461,1.859111,22,22,22,22,22,22,22,22,22,22,22,22,22,22,22,22
389,3890,-40.39935,-55.85818,-22.89869,-22.04707,-18.21696,-15.05776,-12.25327,-11.41302,-9.284581,-9.841669,-10.21384,-10.08722,-10.01449,-10.27165,-8.832851,0.1207242,23,23,23,23,23,23,23,23,23,23,23,23,23,23,23,23,389,3890,-4.438494,-4.744837,-4.976099,-4.266197,9.455001,3.925949,-3.656907,-2.868332,-2.459514,-1.416448,-3.022663,-2.154975,-2.43218,-2.784637,-2.168187,-2.147807,23,23,23,23,23,23,23,23,23,23,23,23,23,23,23,23,389,3890,-2.52754,-5.244524,-6.643218,-1.934928,-1.422633,-1.530539,-1.295102,-68.25655,-0.2472958,0.2430024,0.238424,0.3638245,-0.5494724,-0.1096781,-0.110691,1.859111,22,22,22,22,22,22,22,22,22,22,22,22,22,22,22,22
390,3900,-40.88027,-55.61636,-22.40635,-21.43816,-17.37226,-16.0449,-12.5085,-12.66691,-9.284581,-10.94804,-9.501767,-10.46545,-9.895269,-10.51032,-9.42891,-0.844893,23,23,23,23,23,23,23,23,23,23,23,23,23,23,23,23,390,3900,-4.70749,-4.876637,-4.845151,-3.490522,9.192295,4.539666,-3.656907,-2.607575,-1.941719,-1.416448,-2.759819,-2.020292,-2.944207,-2.561868,-2.770435,-2.599988,23,23,23,23,23,23,23,23,23,23,23,23,23,23,23,23,390,3900,-2.412648,-4.477047,-6.643218,-1.934928,-1.422633,-2.040112,-2.458838,-68.25655,-9.070009E-05,0.3639819,0.1192233,-6.421245E-06,-0.5494724,0.2238278,0.1106461,1.274033,22,22,22,22,22,22,22,22,22,22,22,22,22,22,22,22
391,3910,-40.03865,-55.49546,-24.25262,-24.72623,-20.02704,-16.90865,-13.2742,-12.41613,-10.0268,-10.21046,-10.56987,-10.46545,-9.77605,-10.74899,-9.071275,-0.2413826,23,23,23,23,23,23,23,23,23,23,23,23,23,23,23,23,391,3910,-4.303996,-4.613038,-4.452305,-4.524755,9.192295,3.557678,-3.003852,-3.259469,-2.71841,-1.673992,-3.022663,-2.559022,-3.200222,-2.450485,-2.288637,-2.147807,23,23,23,23,23,23,23,23,23,23,23,23,23,23,23,23,391,3910,-1.838191,-5.116611,-6.387629,-2.708865,-2.199769,-2.167505,-2.717445,-68.47529,-0.4945005,-0.1199328,2.207303E-05,-0.84894,-0.2192117,-0.1096781,-0.2213596,1.274033,22,22,22,22,22,22,22,22,22,22,22,22,22,22,22,22
392,3920,-41.12073,-55.25365,-24.12953,-22.65597,-18.82032,-15.18115,-12.63612,-12.41613,-10.64531,-10.45632,-10.09516,-9.96114,-9.656829,-9.197625,-9.309699,-0.2413826,23,23,23,23,23,23,23,23,23,23,23,23,23,23,23,23,392,3920,-4.841989,-4.34944,-4.190408,-4.524755,9.323648,4.171395,-3.918061,-2.737958,-2.588961,-1.931536,-2.759819,-1.750928,-3.328226,-2.561868,-1.686389,-2.260853,23,23,23,23,23,23,23,23,23,23,23,23,23,23,23,23,392,3920,-1.953083,-4.860785,-6.771012,-1.934928,-2.199769,-2.931863,-3.234661,-68.03783,0.370717,0.7269171,0.1192233,-0.1212813,-0.5494724,0.2238278,0.553322,1.274033,22,22,22,22,22,22,22,22,22,22,22,22,22,22,22,22
393,3930,-39.79819,-55.25365,-24.49879,-21.92529,-19.66503,-16.41508,-14.0399,-12.29074,-10.76901,-10.57925,-10.45119,-10.84368,-9.418387,-9.197625,-8.713639,-0.1206793,23,23,23,23,23,23,23,23,23,23,23,23,23,23,23,23,393,3930,-4.70749,-4.481239,-4.05946,-4.395476,9.980413,3.189458,-3.656857,-2.868335,-2.977361,-3.090484,-2.496975,-2.963069,-3.072214,-2.004954,-2.168187,-2.599988,23,23,23,23,23,23,23,23,23,23,23,23,23,23,23,23,393,3930,-2.642429,-4.732873,-5.748656,-2.966845,-1.940724,-2.549684,-3.751878,-68.36592,0.7415238,-0.1199328,-0.4767819,-0.6063871,-0.1091259,-0.1096781,0.1106461,0.8059691,22,22,22,22,22,22,22,22,22,22,22,22,22,22,22,22
394,3940,-37.51382,-55.01184,-22.40635,-20.46392,-18.45831,-15.67472,-13.01897,-11.78919,-10.2742,-10.57925,-9.620446,-8.826448,-8.941505,-8.481611,-8.713639,2.247436E-05,23,23,23,23,23,23,23,23,23,23,23,23,23,23,23,23,394,3940,-4.976488,-4.34944,-3.797563,-4.136917,9.455001,3.189458,-3.265054,-2.737958,-2.847912,-2.446676,-2.234131,-2.828387,-2.944207,-2.116337,-2.047738,-2.939123,23,23,23,23,23,23,23,23,23,23,23,23,23,23,23,23,394,3940,-2.297756,-4.477047,-6.004245,-2.708865,-2.588337,-3.186649,-2.070925,-68.47529,-9.070009E-05,0.6058831,-0.1191791,0.3638245,0.1110458,0.8908378,0.1106461,1.157019,22,22,22,22,22,22,22,22,22,22,22,22,22,22,22,22
395,3950,-37.03289,-55.13274,-22.0371,-19.48968,-17.25158,-15.92151,-12.12565,-11.91458,-10.0268,-10.57925,-9.027053,-8.952524,-7.7493,-9.436296,-9.071275,-0.2413826,23,23,23,23,23,23,23,23,23,23,23,23,23,23,23,23,395,3950,-5.514482,-5.008436,-4.321357,-4.912592,9.455001,2.575741,-4.179263,-2.868335,-3.236258,-2.575448,-1.70844,-2.963069,-2.048157,-2.22772,-1.806839,-3.278258,23,23,23,23,23,23,23,23,23,23,23,23,23,23,23,23,395,3950,-2.757321,-5.116611,-6.13204,-2.579876,-2.588337,-2.040112,-2.976054,-68.36592,0.4943195,-0.4829258,-0.1191791,-0.2425593,-0.1091259,-0.3320145,-2.247436E-05,1.157019,22,22,22,22,22,22,22,22,22,22,22,22,22,22,22,22
396,3960,-39.67796,-54.52822,-21.54477,-19.48968,-16.16552,-14.4408,-11.23233,-12.03997,-9.903093,-10.94804,-9.501767,-9.330755,-7.391638,-10.27165,-8.236793,-1.207,23,23,23,23,23,23,23,23,23,23,23,23,23,23,23,23,396,3960,-5.783479,-5.140236,-4.452305,-4.912592,9.717708,3.189458,-2.74265,-3.389853,-3.495156,-3.219307,-2.759819,-3.367072,-1.792145,-2.22772,-2.649985,-2.939123,23,23,23,23,23,23,23,23,23,23,23,23,23,23,23,23,396,3960,-2.297756,-3.965394,-6.004245,-2.579876,-2.71786,-3.186649,-1.941621,-67.8191,0.370717,0.9688182,-0.2383799,-0.4851668,0.5513892,1.113175,0.2213162,0.9229834,22,22,22,22,22,22,22,22,22,22,22,22,22,22,22,22
397,3970,-41.36119,-54.77003,-22.28327,-20.5857,-17.13091,-14.3174,-11.35995,-11.03685,-9.160879,-9.595807,-8.314983,-8.700371,-7.034028,-8.123604,-7.759945,0.241426,23,23,23,23,23,23,23,23,23,23,23,23,23,23,23,23,397,3970,-5.110986,-4.34944,-5.368945,-4.654034,9.060943,3.066736,-2.74265,-3.129095,-3.624605,-1.931588,-2.759819,-2.963024,-1.920153,-2.116337,-3.131783,-3.391304,23,23,23,23,23,23,23,23,23,23,23,23,23,23,23,23,397,3970,-2.52754,-4.221221,-6.643218,-2.321897,-2.588337,-2.294899,-2.329533,-68.14719,-0.1236933,-0.1199906,0.1192233,0.1212171,-0.2192053,0.2238278,-0.3320282,0.3378988,22,22,22,22,22,22,22,22,22,22,22,22,22,22,22,22
398,3980,-40.76004,-54.28641,-23.02178,-18.63722,-17.13091,-13.20687,-11.48757,-10.53529,-9.903093,-9.227015,-8.196304,-8.322141,-6.437926,-6.929153,-7.043774,0.241426,23,23,23,23,23,23,23,23,23,23,23,23,23,23,23,23,398,3980,-5.648981,-4.21764,-5.237996,-4.395476,8.666935,3.434955,-3.656857,-3.259472,-4.012951,-2.317904,-3.285507,-3.367072,-2.048161,-2.116337,-2.890884,-3.165212,23,23,23,23,23,23,23,23,23,23,23,23,23,23,23,23,398,3980,-1.493514,-4.477047,-6.387629,-3.353813,-2.458814,-2.549684,-2.200229,-68.03783,0.1235119,0.2429478,-0.2383799,0.8488726,0.3312239,-0.2208451,-0.6640354,0.8059691,22,22,22,22,22,22,22,22,22,22,22,22,22,22,22,22
399,3990,-43.16465,-55.97908,-23.39103,-19.61146,-16.88956,-13.94723,-11.48757,-11.91458,-10.52161,-10.45632,-9.145732,-8.952524,-8.107014,-8.720283,-6.924388,-0.1206793,23,23,23,23,23,23,23,23,23,23,23,23,23,23,23,23,399,3990,-5.648981,-4.481239,-4.845151,-4.654034,8.141522,3.434955,-3.787459,-3.91137,-3.754053,-2.832992,-3.548355,-2.289612,-2.176168,-2.339102,-2.890884,-2.486942,23,23,23,23,23,23,23,23,23,23,23,23,23,23,23,23,399,3990,-1.838191,-4.477047,-5.876451,-3.482803,-2.847383,-2.294899,-2.200229,-67.92847,-0.2472958,-0.9668405,0.238424,-6.100183E-05,0.4413097,0.3349972,-0.4426935,0.9229834,22,22,22,22,22,22,22,22,22,22,22,22,22,22,22,22
400,4000,-41.84211,-54.77003,-21.79093,-18.27188,-16.28621,-11.84955,-10.33901,-10.15912,-9.531987,-9.841669,-8.908375,-7.94391,-7.630132,-7.645967,-5.730532,0.6035329,23,23,23,23,23,23,23,23,23,23,23,23,23,23,23,23,400,4000,-6.321474,-5.140236,-4.845151,-4.524755,8.272876,3.680452,-4.179263,-3.520233,-3.624605,-3.090535,-2.365551,-2.558977,-2.432183,-2.450485,-2.770435,-2.826077,23,23,23,23,23,23,23,23,23,23,23,23,23,23,23,23,400,4000,-2.067972,-4.860785,-7.154395,-2.708865,-2.71786,-2.549684,-1.812317,-68.03783,-1.112513,0.3639241,-0.5959831,-0.2426139,-0.9898061,-1.33253,-0.5533621,0.9359479,22,22,22,22,22,22,22,22,22,22,22,22,22,22,22,22
401,4010,-41.36119,-55.61636,-22.16019,-19.73324,-15.80351,-12.96009,-10.59425,-11.41302,-9.531987,-10.94804,-9.027053,-9.708985,-8.703115,-9.913639,-7.401931,-0.6034895,23,23,23,23,23,23,23,23,23,23,23,23,23,23,23,23,401,4010,-5.245433,-4.34944,-4.190408,-4.266197,8.535582,4.048672,-3.395656,-4.693642,-2.847912,-2.961763,-3.811202,-2.69366,-2.560191,-2.450485,-2.409086,-2.373899,23,23,23,23,23,23,23,23,23,23,23,23,23,23,23,23,401,4010,-1.723347,-3.837481,-7.0266,-2.966845,-1.811201,-2.040112,-2.329533,-68.69401,0.2471144,0.2429478,0.715228,0.6063229,0.1110522,0.001491334,-1.765843E-05,1.521129,22,22,22,22,22,22,22,22,22,22,22,22,22,22,22,22
402,4020,-41.96235,-55.61635,-23.26794,-21.43816,-17.01024,-13.57705,-11.10471,-11.78919,-10.0268,-11.19391,-10.09516,-9.835062,-8.941557,-9.674968,-6.685617,-0.9655948,23,23,23,23,23,23,23,23,23,23,23,23,23,23,23,23,402,4020,-4.976436,-4.612987,-4.05946,-4.783312,9.455001,3.803175,-3.134454,-4.172127,-3.624605,-3.605623,-2.234131,-2.558977,-1.664141,-2.450485,-1.927288,-2.486942,23,23,23,23,23,23,23,23,23,23,23,23,23,23,23,23,402,4020,-2.297804,-5.628213,-7.28219,-2.708865,-2.847383,-2.294899,-1.553709,-68.47529,-0.2472958,0.3639241,-0.2383799,-6.100183E-05,-0.6595486,-0.4431823,-1.765843E-05,0.8189143,22,22,22,22,22,22,22,22,22,22,22,22,22,22,22,22
403,4030,-41.24097,-54.2864,-21.91401,-19.12434,-15.44149,-11.97294,-10.46663,-11.28763,-9.408285,-9.472878,-8.789696,-8.826448,-8.464675,-9.31696,-6.805002,-0.7241912,23,23,23,23,23,23,23,23,23,23,23,23,23,23,23,23,403,4030,-4.57294,-4.349388,-3.928556,-4.524755,9.323648,3.803175,-3.918061,-4.693642,-3.754053,-3.734395,-3.285507,-2.289612,-2.688195,-2.561868,-1.927288,-2.486942,23,23,23,23,23,23,23,23,23,23,23,23,23,23,23,23,403,4030,-2.182912,-4.22117,-6.643167,-2.450886,-1.811201,-2.422291,-2.717445,-69.02211,0.2471144,-0.3619463,0.238424,0.6063229,-0.2192053,-0.1096773,0.331988,1.287055,22,22,22,22,22,22,22,22,22,22,22,22,22,22,22,22
404,4040,-41.0005,-54.16549,-22.0371,-18.02832,-15.20015,-11.97294,-11.10471,-10.66068,-10.0268,-8.981154,-9.264411,-8.574294,-8.822337,-8.24294,-6.446846,2.247436E-05,23,23,23,23,23,23,23,23,23,23,23,23,23,23,23,23,404,4040,-4.841938,-3.82219,-3.66666,-4.783364,9.586354,4.171395,-4.179263,-3.78099,-3.754053,-3.734395,-2.365551,-2.289612,-3.200225,-2.22772,-2.047738,-2.486942,23,23,23,23,23,23,23,23,23,23,23,23,23,23,23,23,404,4040,-2.527585,-5.500301,-6.515372,-2.708814,-2.458814,-2.422291,-2.200229,-68.47529,0.370717,0.7268625,0.3576248,-6.100183E-05,-0.3292911,0.1126599,0.2213195,1.052981,22,22,22,22,22,22,22,22,22,22,22,22,22,22,22,22
405,4050,-39.31728,-54.52821,-21.66785,-18.27188,-16.04485,-12.34312,-10.59425,-10.78607,-9.408285,-9.472878,-9.620446,-9.330755,-9.179997,-8.24294,-5.730532,-0.3620844,23,23,23,23,23,23,23,23,23,23,23,23,23,23,23,23,405,4050,-5.51443,-3.690391,-3.928556,-5.041923,8.929589,3.680452,-4.96287,-4.041747,-4.1424,-3.605623,-2.234131,-2.289612,-2.432183,-2.22772,-2.409086,-2.034764,23,23,23,23,23,23,23,23,23,23,23,23,23,23,23,23,405,4050,-2.75737,-4.988649,-6.643167,-2.063867,-3.106375,-3.568829,-2.976054,-69.13146,0.2471144,0.2429478,-0.1191791,-0.2426139,-0.5494627,0.7796716,-0.2213548,1.052981,22,22,22,22,22,22,22,22,22,22,22,22,22,22,22,22
406,4060,-39.19705,-53.07735,-22.52944,-19.73324,-16.16552,-11.97295,-10.59425,-10.15912,-9.655689,-9.964601,-8.55234,-8.826448,-8.107014,-7.526496,-4.775446,-0.3620844,23,23,23,23,23,23,23,23,23,23,23,23,23,23,23,23,406,4060,-6.186923,-3.690391,-4.976144,-4.654085,9.192295,3.925847,-4.179263,-4.172127,-4.919091,-2.70422,-1.971284,-2.558977,-2.816203,-2.116337,-1.927288,-2.147807,23,23,23,23,23,23,23,23,23,23,23,23,23,23,23,23,406,4060,-3.216935,-5.628213,-6.259784,-2.837804,-2.458762,-2.167504,-3.234661,-68.47529,-0.1236933,0.2429478,-0.4767819,-0.6064449,-0.4393769,-0.1096773,-0.1106862,0.9359479,22,22,22,22,22,22,22,22,22,22,22,22,22,22,22,22
407,4070,-38.47567,-54.16549,-21.2986,-18.88078,-15.20015,-12.46652,-9.700931,-10.91146,-9.037177,-10.08753,-7.721591,-7.94391,-6.795587,-7.407029,-5.133604,-0.1206793,23,23,23,23,23,23,23,23,23,23,23,23,23,23,23,23,407,4070,-6.186923,-5.008384,-5.499938,-4.266248,8.798287,4.04857,-4.179258,-4.563264,-4.530746,-2.832992,-2.759819,-2.424295,-2.816203,-2.561868,-2.047738,-2.939123,23,23,23,23,23,23,23,23,23,23,23,23,23,23,23,23,407,4070,-2.642477,-4.988649,-6.387578,-2.708814,-2.717807,-3.186649,-3.105359,-68.47529,0.8651264,0.6058831,0.3576248,0.1212171,0.3312239,0.6685022,0.1106509,0.4678006,22,22,22,22,22,22,22,22,22,22,22,22,22,22,22,22
408,4080,-40.27912,-54.16549,-23.14486,-21.68173,-18.21695,-13.70044,-10.72187,-11.28763,-9.655689,-9.595807,-7.721591,-7.061371,-6.199484,-6.690218,-3.700976,-0.1206793,23,23,23,23,23,23,23,23,23,23,23,23,23,23,23,23,408,4080,-6.186923,-6.06278,-5.499938,-4.395527,9.192295,3.434853,-4.048656,-4.563261,-4.660195,-2.832992,-2.234131,-2.424295,-2.048161,-2.339102,-1.806839,-3.052169,23,23,23,23,23,23,23,23,23,23,23,23,23,23,23,23,408,4080,-2.412696,-5.244474,-6.770961,-3.095783,-3.235898,-3.441435,-2.329535,-68.14719,0.7415238,-0.3619463,-1.072787,-0.8489946,0.0009663975,0.001491334,0.6639953,0.9359479,22,22,22,22,22,22,22,22,22,22,22,22,22,22,22,22
409,4090,-38.83636,-53.68187,-21.91401,-20.5857,-16.2862,-12.58991,-9.828547,-10.66068,-9.531987,-8.24357,-6.890841,-7.061371,-6.318705,-5.376066,-4.297904,2.247436E-05,23,23,23,23,23,23,23,23,23,23,23,23,23,23,23,23,409,4090,-7.128412,-6.985376,-5.499938,-5.30048,9.717708,3.68035,-3.787454,-4.432881,-4.012951,-2.70422,-3.022663,-3.232389,-1.920153,-3.118786,-2.047738,-3.052169,23,23,23,23,23,23,23,23,23,23,23,23,23,23,23,23,409,4090,-2.527585,-4.093257,-6.515372,-3.095783,-3.106375,-3.568828,-2.070926,-67.70973,0.1235119,0.4849035,-0.8343847,-0.1213391,0.3312239,-0.6655195,-0.4426935,0.5848406,22,22,22,22,22,22,22,22,22,22,22,22,22,22,22,22
410,4100,-40.15889,-54.04459,-21.66785,-18.1501,-15.68283,-11.84955,-10.33902,-9.532177,-9.903094,-8.12064,-7.246876,-6.052757,-6.318705,-5.853938,-4.41729,0.7242346,23,23,23,23,23,23,23,23,23,23,23,23,23,23,23,23,410,4100,-7.666317,-7.512573,-5.761835,-5.041923,9.455001,3.557575,-4.44046,-5.084775,-4.401297,-2.704168,-2.496975,-3.097707,-2.176168,-2.673251,-2.288637,-3.278258,23,23,23,23,23,23,23,23,23,23,23,23,23,23,23,23,410,4100,-2.06802,-5.116561,-6.770961,-3.095783,-3.365421,-2.549684,-1.941622,-69.02211,-0.7417056,-0.9667859,-0.5959831,0.3637668,-0.3292911,-0.2208451,0.4426582,0.7018743,22,22,22,22,22,22,22,22,22,22,22,22,22,22,22,22
411,4110,-39.67797,-54.2864,-22.89869,-19.9768,-18.09627,-14.31741,-11.10472,-10.91146,-10.0268,-8.981154,-7.00952,-6.809218,-6.318705,-7.287558,-4.894832,-0.1206793,23,23,23,23,23,23,23,23,23,23,23,23,23,23,23,23,411,4110,-8.203735,-7.512573,-5.368989,-5.817597,9.586354,4.04857,-4.571062,-5.99743,-4.1424,-2.060308,-2.759871,-2.424295,-2.048161,-3.007403,-3.011333,-2.034764,23,23,23,23,23,23,23,23,23,23,23,23,23,23,23,23,411,4110,-2.527585,-4.349083,-6.643167,-3.611742,-2.458762,-2.42229,-2.458838,-67.92847,-9.070009E-05,0.001043452,-0.2384317,-6.100183E-05,0.2211381,-0.4431823,-0.6640306,0.7018743,22,22,22,22,22,22,22,22,22,22,22,22,22,22,22,22
412,4120,-38.95659,-53.56097,-21.42168,-18.51544,-15.92418,-12.83669,-10.59425,-10.15912,-9.284583,-9.349947,-6.772163,-7.439604,-6.795587,-7.884901,-6.088689,2.247436E-05,23,23,23,23,23,23,23,23,23,23,23,23,23,23,23,23,412,4120,-7.531908,-6.721777,-5.368989,-4.654085,8.666935,4.171292,-4.179258,-5.084775,-3.754053,-2.18908,-3.022715,-2.559025,-3.072217,-2.89602,-2.529536,-2.486942,23,23,23,23,23,23,23,23,23,23,23,23,23,23,23,23,412,4120,-2.182912,-4.22117,-6.643167,-2.837804,-2.458762,-1.785325,-1.295102,-68.14719,-0.6181034,-0.8458064,0.8343771,0.1212203,0.0009663975,0.3349972,-0.5533621,0.2337333,22,22,22,22,22,22,22,22,22,22,22,22,22,22,22,22
413,4130,-40.03866,-54.52821,-22.40635,-21.92529,-16.76888,-13.82384,-11.23233,-12.03996,-9.903094,-10.57925,-7.602912,-8.700373,-7.153248,-9.078289,-6.805002,-0.7241912,23,23,23,23,23,23,23,23,23,23,23,23,23,23,23,23,413,4130,-8.203735,-6.458178,-4.845196,-4.654085,9.455001,4.294066,-5.74647,-4.693638,-3.883502,-2.317852,-2.759871,-2.559025,-3.072217,-2.89602,-2.409086,-2.713034,23,23,23,23,23,23,23,23,23,23,23,23,23,23,23,23,413,4130,-2.297804,-5.244474,-7.282138,-3.482753,-2.199716,-2.804469,-2.717447,-68.14719,-9.070009E-05,-0.2409123,0.595975,0.1212203,-0.5494724,-0.7766882,-0.5533621,1.287055,22,22,22,22,22,22,22,22,22,22,22,22,22,22,22,22
414,4140,-37.27336,-54.52821,-22.77561,-19.85502,-16.04485,-12.34312,-10.9771,-11.28763,-10.1505,-10.45632,-7.840269,-8.069988,-7.749352,-8.24294,-5.969303,-1.207,23,23,23,23,23,23,23,23,23,23,23,23,23,23,23,23,414,4140,-8.203735,-5.930981,-4.714247,-4.266248,9.586354,3.434853,-5.093465,-4.693638,-3.624605,-2.704168,-3.285559,-2.559025,-2.560191,-2.6732,-2.649985,-2.599988,23,23,23,23,23,23,23,23,23,23,23,23,23,23,23,23,414,4140,-2.06802,-4.093257,-5.8764,-2.966794,-2.329239,-1.912719,-2.20023,-68.80338,0.1235119,-0.1199328,0.3575731,0.2424951,0.5513892,0.001490532,-0.6640306,0.9359479,22,22,22,22,22,22,22,22,22,22,22,22,22,22,22,22
415,4150,-35.71037,-54.04459,-21.2986,-18.63722,-14.83813,-12.34312,-10.46663,-10.03373,-9.16088,-8.981154,-8.314983,-8.069988,-7.749352,-8.123604,-8.236793,2.247436E-05,23,23,23,23,23,23,23,23,23,23,23,23,23,23,23,23,415,4150,-6.993914,-6.458178,-5.238041,-5.041923,9.455001,2.821136,-5.224067,-3.52023,-2.977361,-3.219256,-2.497026,-2.693708,-2.816203,-2.450434,-2.168136,-3.956527,23,23,23,23,23,23,23,23,23,23,23,23,23,23,23,23,415,4150,-2.182912,-5.756126,-7.154345,-2.966794,-2.329239,-2.42229,-1.55371,-68.14719,-0.8653082,-0.1199328,0.4767743,0.2424951,-0.9898157,-0.4431839,-0.4426983,0.7018743,22,22,22,22,22,22,22,22,22,22,22,22,22,22,22,22
416,4160,-37.63405,-54.04459,-23.02178,-20.70749,-16.04485,-11.60277,-11.48757,-10.28451,-9.65569,-9.227015,-9.027053,-7.943912,-8.583895,-8.481611,-6.924388,0.1207242,23,23,23,23,23,23,23,23,23,23,23,23,23,23,23,23,416,4160,-6.590419,-5.667382,-5.238041,-4.783364,9.455001,2.575639,-3.918056,-3.650606,-2.977361,-2.961712,-2.102759,-2.963073,-2.816203,-2.450434,-2.409034,-3.504404,23,23,23,23,23,23,23,23,23,23,23,23,23,23,23,23,416,4160,-2.642477,-4.604909,-7.154345,-2.966794,-1.940671,-2.040112,-2.846751,-69.45956,0.2471144,0.2430024,-0.1192309,0.485048,-0.3292975,-0.3320145,0.4426534,1.625076,22,22,22,22,22,22,22,22,22,22,22,22,22,22,22,22
417,4170,-35.22944,-54.4073,-21.66785,-19.24612,-14.59678,-10.73902,-10.08378,-9.782955,-8.418666,-7.874779,-8.433661,-8.196065,-8.226233,-8.004269,-7.759945,-0.844893,23,23,23,23,23,23,23,23,23,23,23,23,23,23,23,23,417,4170,-6.455972,-5.271983,-5.499938,-4.912643,8.666935,2.207419,-3.918056,-3.129092,-4.1424,-3.090484,-3.285559,-3.905849,-2.304176,-2.895969,-2.529484,-3.504404,23,23,23,23,23,23,23,23,23,23,23,23,23,23,23,23,417,4170,-2.872265,-5.500301,-6.131989,-2.192856,-1.940671,-2.294898,-2.329535,-68.91274,0.7415238,0.6059376,0.3575731,-0.3638856,-0.6595582,0.001490532,-0.110691,1.859111,22,22,22,22,22,22,22,22,22,22,22,22,22,22,22,22
418,4180,-35.4699,-52.95646,-22.40635,-18.759,-13.26938,-10.36884,-9.062847,-9.908344,-8.418666,-8.858225,-7.246876,-7.313527,-7.27247,-8.600946,-7.401931,-0.1206793,23,23,23,23,23,23,23,23,23,23,23,23,23,23,23,23,418,4180,-6.455972,-5.008436,-5.238041,-4.266248,9.060943,2.575639,-4.048656,-2.868332,-3.883502,-2.704168,-3.416982,-3.501802,-1.920153,-2.6732,-3.252181,-3.504404,23,23,23,23,23,23,23,23,23,23,23,23,23,23,23,23,418,4180,-2.642481,-4.860734,-6.898756,-2.837804,-2.717807,-2.804469,-2.976055,-68.80338,0.4943187,0.6059376,0.595975,-0.3638856,-0.2192117,-0.4431839,0.2213162,1.039998,22,22,22,22,22,22,22,22,22,22,22,22,22,22,22,22
419,4190,-37.27336,-54.40732,-21.79093,-18.63722,-13.39006,-11.23259,-9.573315,-10.78607,-9.284583,-8.981154,-7.484234,-6.935297,-7.153248,-8.600946,-7.521317,-1.086298,23,23,23,23,23,23,23,23,23,23,23,23,23,23,23,23,419,4190,-6.455972,-5.272035,-5.107092,-4.524806,8.404229,3.189356,-4.048656,-2.477198,-4.012951,-2.704168,-3.416982,-2.963073,-3.072217,-2.227668,-3.252181,-3.391358,23,23,23,23,23,23,23,23,23,23,23,23,23,23,23,23,419,4190,-3.446722,-5.372386,-6.515372,-2.708814,-2.070194,-2.549684,-2.458838,-68.91274,0.7415238,0.2430024,-0.1192309,-0.7277165,0.0009599762,0.2238278,0.4426534,1.508062,22,22,22,22,22,22,22,22,22,22,22,22,22,22,22,22
420,4200,-37.63405,-53.8028,-21.17551,-19.48968,-13.6314,-11.1092,-8.424763,-8.77984,-7.800154,-7.505987,-6.653484,-5.926681,-5.722603,-7.526486,-6.924388,-0.7241912,23,23,23,23,23,23,23,23,23,23,23,23,23,23,23,23,420,4200,-6.859468,-5.667433,-5.238041,-4.783364,7.747464,3.434853,-4.571062,-3.650606,-3.365707,-2.961712,-3.416982,-2.424343,-1.920153,-2.6732,-2.409034,-3.391358,23,23,23,23,23,23,23,23,23,23,23,23,23,23,23,23,420,4200,-3.561615,-4.732821,-6.387578,-2.579825,-3.365421,-3.951007,-2.846751,-69.45956,0.2471144,0.3639819,-0.2384317,-0.7277165,-0.4393865,0.2238278,0.2213162,1.039998,22,22,22,22,22,22,22,22,22,22,22,22,22,22,22,22
421,4210,-41.24096,-53.68189,-24.12953,-22.16885,-16.28621,-11.47937,-9.445697,-8.529061,-8.171261,-6.890833,-6.890842,-5.422373,-6.914808,-7.168081,-7.640703,2.247436E-05,23,23,23,23,23,23,23,23,23,23,23,23,23,23,23,23,421,4210,-6.052476,-6.062831,-4.583299,-4.524806,7.747464,3.803072,-4.701663,-3.52023,-2.847912,-3.605572,-3.154141,-2.424343,-2.176168,-2.6732,-2.288585,-2.487,23,23,23,23,23,23,23,23,23,23,23,23,23,23,23,23,421,4210,-2.757373,-4.221169,-6.643167,-3.095783,-2.329239,-3.441435,-1.295102,-67.70973,0.370717,-0.2409123,-0.7152361,0.1212203,0.0009599762,0.3349956,0.1106461,1.274033,22,22,22,22,22,22,22,22,22,22,22,22,22,22,22,22
422,4220,-42.44326,-55.73728,-23.51411,-20.95105,-16.88956,-11.97294,-10.33902,-8.77984,-7.923857,-7.383032,-6.653484,-6.178834,-6.914808,-7.287552,-6.088689,2.247436E-05,23,23,23,23,23,23,23,23,23,23,23,23,23,23,23,23,422,4220,-6.052476,-5.535634,-3.404763,-5.041923,8.272876,3.066633,-4.179258,-3.650606,-2.847912,-3.476799,-3.548406,-2.154978,-2.688195,-2.784586,-2.168136,-2.373957,23,23,23,23,23,23,23,23,23,23,23,23,23,23,23,23,422,4220,-2.872265,-4.604908,-5.8764,-2.837804,-3.624465,-3.568777,-1.812318,-68.58464,-0.1236933,0.3639819,-1.072839,-0.4851636,0.5513892,-0.3320145,-0.3320282,0.3378988,22,22,22,22,22,22,22,22,22,22,22,22,22,22,22,22
423,4230,-40.27912,-53.68189,-21.2986,-18.1501,-14.71746,-9.875268,-8.041912,-7.776725,-7.05794,-7.383032,-6.772163,-5.296297,-6.676366,-8.004269,-6.566231,1.086342,23,23,23,23,23,23,23,23,23,23,23,23,23,23,23,23,423,4230,-5.783479,-4.34944,-4.190454,-4.783364,9.060943,3.557575,-4.701663,-3.129092,-2.589014,-3.476799,-2.497026,-2.963073,-2.176168,-2.784586,-2.409034,-2.600046,23,23,23,23,23,23,23,23,23,23,23,23,23,23,23,23,423,4230,-2.642481,-4.604908,-6.259783,-3.095783,-2.717807,-2.677026,-1.941672,-68.58464,-0.2472958,-0.6038475,-0.1192309,0.485048,0.0009599762,0.2238278,-0.3320282,0.6889483,22,22,22,22,22,22,22,22,22,22,22,22,22,22,22,22
424,4240,-40.03866,-54.89095,-20.92934,-18.63722,-13.99343,-12.09634,-7.659062,-8.77984,-6.439429,-6.890833,-6.29745,-6.557065,-6.318705,-9.078289,-7.401931,-1.086298,23,23,23,23,23,23,23,23,23,23,23,23,23,23,23,23,424,4240,-6.321474,-4.481239,-4.845196,-4.783364,8.929589,3.68035,-4.701663,-2.738006,-2.977361,-3.348028,-1.971335,-2.28966,-2.048161,-1.782136,-2.168136,-2.147865,23,23,23,23,23,23,23,23,23,23,23,23,23,23,23,23,424,4240,-2.297807,-5.11656,-6.643167,-3.224774,-3.106375,-2.549633,-2.329585,-68.36594,0.6179212,0.001043452,-0.2384317,0.485048,0.1110458,0.1126583,-0.9960427,1.039998,22,22,22,22,22,22,22,22,22,22,22,22,22,22,22,22
425,4250,-39.79819,-56.09999,-22.77561,-20.70749,-15.68284,-12.21973,-9.190464,-9.15601,-7.552749,-7.136932,-6.29745,-5.54845,-7.39169,-9.436296,-6.685617,-1.086298,23,23,23,23,23,23,23,23,23,23,23,23,23,23,23,23,425,4250,-5.514482,-3.822242,-4.976144,-5.42976,8.798287,4.171292,-4.44046,-2.477249,-3.624551,-3.348028,-1.708491,-1.750931,-2.304176,-1.447986,-2.047686,-2.147865,23,23,23,23,23,23,23,23,23,23,23,23,23,23,23,23,425,4250,-2.527592,-4.476995,-6.387578,-2.579825,-2.199716,-1.785275,-1.424456,-68.58466,-0.6181031,-0.4828712,0.595975,0.485048,0.1110458,0.5573328,0.3319848,0.9229834,22,22,22,22,22,22,22,22,22,22,22,22,22,22,22,22
426,4260,-38.11497,-55.13276,-21.2986,-18.51544,-13.63142,-10.86241,-8.169529,-8.278283,-6.934237,-7.136932,-6.416128,-5.800604,-6.795587,-8.839618,-8.236793,-0.1206793,23,23,23,23,23,23,23,23,23,23,23,23,23,23,23,23,426,4260,-5.379983,-3.954041,-5.238041,-4.524806,8.404229,4.294066,-4.832265,-2.477249,-3.236205,-2.83294,-2.102759,-2.020296,-2.176168,-2.227668,-2.047686,-2.260911,23,23,23,23,23,23,23,23,23,23,23,23,23,23,23,23,426,4260,-1.72335,-5.11656,-6.515372,-3.353763,-2.717807,-2.294847,-2.200281,-68.4753,0.1235119,-0.2409669,0.2383723,0.7276009,-0.4393865,-0.5543517,-1.438717,1.391047,22,22,22,22,22,22,22,22,22,22,22,22,22,22,22,22
427,4270,-39.79819,-54.64913,-22.65252,-20.46392,-17.13091,-11.23259,-8.679997,-7.902115,-7.800153,-6.521683,-6.772161,-5.926681,-7.868572,-8.362275,-8.832851,0.3621294,23,23,23,23,23,23,23,23,23,23,23,23,23,23,23,23,427,4270,-3.766001,-4.085841,-4.45235,-4.007689,9.060943,3.066633,-4.571062,-2.998763,-3.624551,-2.575396,-1.708491,-2.154978,-2.432183,-2.339051,-2.047686,-2.147865,23,23,23,23,23,23,23,23,23,23,23,23,23,23,23,23,427,4270,-1.72335,-4.476995,-6.643167,-3.095783,-2.458761,-1.530488,-2.458889,-69.3502,-0.1236933,-0.4829258,0.4767751,0.9701539,-0.2192117,0.001490532,-0.5533669,2.093146,22,22,22,22,22,22,22,22,22,22,22,22,22,22,22,22
428,4280,-37.51382,-54.04461,-21.66785,-19.00256,-14.35545,-10.12205,-8.169529,-8.278283,-7.429047,-7.136932,-7.00952,-5.92668,-7.749352,-9.197625,-8.356005,-0.6034895,23,23,23,23,23,23,23,23,23,23,23,23,23,23,23,23,428,4280,-2.555514,-3.954041,-4.45235,-4.007689,8.929589,2.943858,-3.787454,-3.259521,-3.624551,-1.931536,-2.234182,-2.424343,-1.792149,-2.6732,-1.927237,-2.826135,23,23,23,23,23,23,23,23,23,23,23,23,23,23,23,23,428,4280,-2.412699,-5.756125,-7.282138,-2.192856,-2.588284,-2.04006,-2.200281,-69.13148,-0.6181031,0.2429478,-0.3576317,-0.1213423,-0.7696441,-0.4431839,-2.247436E-05,0.9229834,22,22,22,22,22,22,22,22,22,22,22,22,22,22,22,22
429,4290,-35.83059,-53.31918,-19.94467,-15.7145,-12.90738,-9.134912,-7.531445,-6.899,-6.686832,-6.521683,-6.772161,-5.92668,-7.27247,-8.362275,-7.879157,2.247436E-05,23,23,23,23,23,23,23,23,23,23,23,23,23,23,23,23,429,4290,-2.824511,-4.481239,-4.059505,-3.619853,8.929589,3.557575,-3.656853,-3.259521,-2.847859,-1.673992,-2.102759,-2.559025,-1.280119,-2.450434,-2.529484,-2.939181,23,23,23,23,23,23,23,23,23,23,23,23,23,23,23,23,429,4290,-1.838242,-4.988647,-7.154345,-2.321845,-2.199716,-2.549633,-2.329585,-69.24084,0.370717,0.2429478,0.4767751,1.091426,-0.1091194,-0.1096781,0.8853292,1.391047,22,22,22,22,22,22,22,22,22,22,22,22,22,22,22,22
430,4300,-36.6722,-53.31918,-20.68317,-17.90654,-12.18335,-9.134912,-5.872427,-8.027505,-7.305345,-8.735292,-7.00952,-7.565679,-6.914808,-9.674968,-8.952064,-0.1206793,23,23,23,23,23,23,23,23,23,23,23,23,23,23,23,23,430,4300,-3.497004,-4.21764,-3.928556,-4.783364,8.929589,3.434853,-4.30986,-3.389901,-2.459514,-1.416448,-2.891294,-1.750931,-2.688195,-2.895969,-1.927237,-2.034822,23,23,23,23,23,23,23,23,23,23,23,23,23,23,23,23,430,4300,-2.757373,-6.011951,-6.770961,-2.192856,-2.458761,-1.403095,-2.070977,-69.02211,-1.112513,0.4849035,0.4767751,-0.2426171,-0.3292911,-0.2208965,-0.2213596,1.039998,22,22,22,22,22,22,22,22,22,22,22,22,22,22,22,22
431,4310,-38.71612,-53.19828,-21.54477,-19.73324,-15.92419,-9.99866,-6.382894,-8.027505,-7.923857,-9.104086,-7.840269,-7.817832,-7.749352,-9.913639,-7.401982,-0.9655948,23,23,23,23,23,23,23,23,23,23,23,23,23,23,23,23,431,4310,-2.824511,-3.954041,-3.797608,-4.007689,8.798287,3.925847,-4.571062,-3.650658,-2.071166,-1.931536,-2.234182,-1.885613,-2.176168,-2.6732,-2.047686,-1.356552,23,23,23,23,23,23,23,23,23,23,23,23,23,23,23,23,431,4310,-1.493566,-4.988647,-6.898755,-1.418919,-1.811148,-2.931812,-2.329585,-69.3502,0.7415238,0.6058831,0.3575743,0.3637635,-0.9898061,0.001439964,0.8853324,1.391047,22,22,22,22,22,22,22,22,22,22,22,22,22,22,22,22
432,4320,-37.15313,-52.83556,-20.06775,-17.17586,-13.87275,-8.394556,-6.000043,-7.400557,-6.686832,-7.751849,-7.00952,-7.439602,-7.034028,-8.600946,-8.236793,-0.3620828,23,23,23,23,23,23,23,23,23,23,23,23,23,23,23,23,432,4320,-3.766001,-3.690442,-4.583299,-4.524806,8.535582,3.803072,-4.701663,-3.259521,-2.459514,-1.673992,-2.62845,-2.154978,-2.560191,-2.450434,-2.770383,-2.147865,23,23,23,23,23,23,23,23,23,23,23,23,23,23,23,23,432,4320,-2.757373,-4.732821,-6.515372,-2.579825,-1.94067,-2.167454,-2.717497,-69.13148,0.6179212,0.2429478,-2.88956E-05,-0.849001,-0.6595486,0.2237772,-1.765843E-05,1.508062,22,22,22,22,22,22,22,22,22,22,22,22,22,22,22,22
433,4330,-38.83636,-52.71466,-19.6985,-17.66298,-13.99343,-8.888126,-6.893361,-6.899,-7.800153,-8.366502,-8.433661,-8.574294,-7.749352,-8.24294,-8.475216,0.3621309,23,23,23,23,23,23,23,23,23,23,23,23,23,23,23,23,433,4330,-3.497005,-4.085841,-4.583299,-5.30048,8.272876,3.803072,-4.701663,-3.389901,-2.459514,-2.317852,-3.022715,-2.424343,-2.94421,-2.895969,-2.529484,-1.921776,23,23,23,23,23,23,23,23,23,23,23,23,23,23,23,23,433,4330,-2.182864,-4.604908,-6.131989,-1.934877,-2.458761,-2.677026,-2.588193,-69.24084,0.4943195,0.1219683,-2.88956E-05,0.4850416,-0.6595486,0.2237772,0.331988,1.274027,22,22,22,22,22,22,22,22,22,22,22,22,22,22,22,22
434,4340,-37.75428,-53.08646,-21.05243,-18.39366,-16.52754,-11.23259,-8.679997,-9.281399,-8.542367,-9.349947,-9.145732,-9.456831,-9.299219,-9.794303,-8.356004,0.1207274,23,23,23,23,23,23,23,23,23,23,23,23,23,23,23,23,434,4340,-3.228007,-3.163193,-3.797608,-5.041923,9.192295,3.066633,-4.571062,-2.738006,-2.588961,-2.060308,-2.891294,-1.885613,-2.688195,-2.561817,-1.927237,-2.713092,23,23,23,23,23,23,23,23,23,23,23,23,23,23,23,23,434,4340,-2.987106,-4.604908,-7.154345,-2.579825,-2.329239,-1.785275,-2.070977,-69.13148,0.2471144,0.1219683,-2.88956E-05,-1.091554,-0.6595486,-0.2208965,0.5533267,1.391047,22,22,22,22,22,22,22,22,22,22,22,22,22,22,22,22
435,4350,-37.39359,-51.87719,-18.96,-16.9323,-15.20015,-11.35598,-9.31808,-8.90523,-7.923857,-9.104086,-8.908375,-8.700371,-9.299219,-9.674968,-8.356004,0.2414292,23,23,23,23,23,23,23,23,23,23,23,23,23,23,23,23,435,4350,-3.631503,-3.426792,-4.059511,-5.041923,8.272876,3.066633,-4.832265,-2.868383,-2.330065,-2.575396,-2.62845,-2.020296,-2.94421,-2.784586,-2.047686,-2.373957,23,23,23,23,23,23,23,23,23,23,23,23,23,23,23,23,435,4350,-2.412648,-4.860734,-6.131989,-1.934877,-3.36542,-3.568777,-3.105409,-70.11575,-0.1236933,0.2429478,-0.3576317,0.1212106,-0.2192053,0.1126086,0.2213195,1.039998,22,22,22,22,22,22,22,22,22,22,22,22,22,22,22,22
436,4360,-34.74852,-52.11905,-19.32925,-18.88078,-16.28621,-13.57705,-9.956164,-9.908345,-8.789773,-8.981154,-8.077625,-8.574294,-8.941557,-10.74899,-8.713639,-0.8448914,23,23,23,23,23,23,23,23,23,23,23,23,23,23,23,23,436,4360,-3.362506,-3.163193,-3.273821,-4.524755,9.192295,2.943858,-4.571062,-2.998763,-2.71841,-2.961712,-2.102759,-2.559025,-3.200225,-2.116285,-2.288585,-3.052223,23,23,23,23,23,23,23,23,23,23,23,23,23,23,23,23,436,4360,-2.987106,-5.500299,-6.770961,-2.450887,-2.976852,-3.313991,-2.717497,-68.4753,0.7415238,-0.2409669,-0.9536364,-0.48517,0.0009663975,0.001439964,-1.765843E-05,1.976125,22,22,22,22,22,22,22,22,22,22,22,22,22,22,22,22
437,4370,-38.47567,-52.72368,-22.28327,-24.11733,-20.26837,-17.52561,-13.2742,-12.66691,-9.284581,-10.33339,-9.264411,-9.456831,-10.3722,-11.107,-8.11758,-0.8448914,23,23,23,23,23,23,23,23,23,23,23,23,23,23,23,23,437,4370,-2.690013,-2.372396,-2.750027,-4.524755,9.455001,2.943858,-4.30986,-2.738006,-2.071166,-2.83294,-2.102759,-2.693708,-3.200225,-2.450434,-2.288585,-3.278316,23,23,23,23,23,23,23,23,23,23,23,23,23,23,23,23,437,4370,-2.52754,-4.476995,-6.004194,-2.321897,-3.23595,-3.568777,-1.941672,-69.02211,0.8651264,0.2429478,0.3575743,-0.1213423,-0.2192053,0.7796203,-1.765843E-05,1.391047,22,22,22,22,22,22,22,22,22,22,22,22,22,22,22,22
438,4380,-40.03866,-52.23997,-23.88336,-23.38665,-17.9756,-15.55133,-11.35995,-11.41302,-9.408283,-9.595807,-8.433661,-9.078602,-8.822337,-10.51032,-7.879157,0.1207274,23,23,23,23,23,23,23,23,23,23,23,23,23,23,23,23,438,4380,-2.152019,-2.240597,-2.226233,-4.007638,9.060943,2.453018,-4.048656,-2.738006,-1.941719,-2.83294,-2.102759,-2.693708,-2.816203,-2.116285,-1.686338,-3.052223,23,23,23,23,23,23,23,23,23,23,23,23,23,23,23,23,438,4380,-2.872213,-4.988647,-6.898755,-2.708866,-2.588337,-2.931863,-1.941672,-68.91276,0.8651264,-0.3619463,-0.1192297,-0.2426171,0.0009663975,0.2237772,0.2213195,1.274027,22,22,22,22,22,22,22,22,22,22,22,22,22,22,22,22
439,4390,-39.19705,-52.60275,-23.14486,-22.53419,-17.9756,-15.05776,-12.25138,-11.16224,-9.408283,-8.12064,-8.55234,-8.196063,-8.464675,-9.674968,-9.548122,-0.1206777,23,23,23,23,23,23,23,23,23,23,23,23,23,23,23,23,439,4390,-2.286517,-1.845199,-2.880975,-3.490522,8.272876,2.084747,-3.787459,-2.216489,-2.330065,-2.18908,-2.102759,-3.36712,-2.816203,-2.784586,-2.770383,-2.939181,23,23,23,23,23,23,23,23,23,23,23,23,23,23,23,23,439,4390,-2.412648,-5.244473,-6.131989,-2.966845,-3.624519,-3.186649,-1.683013,-69.13148,-0.1236933,0.8478388,-0.5960336,-0.2426171,-0.3292911,0.1126086,-0.3320249,0.5719275,22,22,22,22,22,22,22,22,22,22,22,22,22,22,22,22
440,4400,-41.12074,-53.57016,-24.74495,-20.95105,-17.13089,-14.19401,-12.63416,-11.6638,-8.913475,-8.366502,-9.383088,-7.94391,-9.060777,-9.436296,-8.236793,0.6035361,23,23,23,23,23,23,23,23,23,23,23,23,23,23,23,23,440,4400,-2.01752,-2.372396,-2.226233,-2.585569,8.535582,1.839302,-3.526258,-1.8253,-2.459514,-2.060308,-2.62845,-2.82839,-2.688195,-2.116285,-2.409034,-3.730493,23,23,23,23,23,23,23,23,23,23,23,23,23,23,23,23,440,4400,-2.642429,-3.83743,-7.282138,-2.321897,-2.588337,-3.441435,-0.9071887,-67.92847,-9.070009E-05,-0.1199906,-0.7152345,-0.3638952,0.2211381,0.1126086,0.1106509,0.922977,22,22,22,22,22,22,22,22,22,22,22,22,22,22,22,22
441,4410,-39.31728,-52.72368,-21.79093,-20.22037,-16.52753,-13.20687,-9.699515,-9.406788,-7.800153,-7.136932,-7.958948,-6.809218,-8.345453,-8.958954,-7.759945,2.407967E-05,23,23,23,23,23,23,23,23,23,23,23,23,23,23,23,23,441,4410,-2.555514,-2.372396,-2.48813,-2.714848,8.666935,2.207521,-3.395656,-2.08606,-2.459514,-1.931536,-2.497026,-2.559025,-2.048161,-2.116285,-2.649934,-2.826135,23,23,23,23,23,23,23,23,23,23,23,23,23,23,23,23,441,4410,-2.987106,-4.349082,-6.387578,-2.966845,-2.71786,-3.696221,-1.941621,-68.58464,-0.4944496,0.1219683,-2.88956E-05,-0.48517,0.1110522,0.1126086,0.2213195,1.039998,22,22,22,22,22,22,22,22,22,22,22,22,22,22,22,22
442,4420,-40.88028,-53.44923,-23.39103,-21.31639,-16.40686,-13.33026,-9.571921,-9.782956,-7.305345,-8.120641,-7.365555,-8.069987,-7.27247,-10.15231,-8.356004,-0.8448914,23,23,23,23,23,23,23,23,23,23,23,23,23,23,23,23,442,4420,-2.01752,-1.713399,-2.880975,-2.32701,8.141522,2.575741,-3.395656,-1.694923,-3.106756,-1.54522,-3.022715,-1.885613,-2.176168,-2.116285,-2.409034,-2.600046,23,23,23,23,23,23,23,23,23,23,23,23,23,23,23,23,442,4420,-2.412648,-4.732821,-6.770961,-2.321897,-2.71786,-2.804469,-1.683013,-68.25655,-0.2472444,-0.2409123,-0.4768329,-0.7277229,-0.1091194,0.6684508,0.1106509,0.922977,22,22,22,22,22,22,22,22,22,22,22,22,22,22,22,22
443,4430,-43.64557,-54.29572,-23.6372,-19.48968,-15.44148,-11.84955,-9.699515,-9.15601,-6.934237,-8.120641,-7.958948,-7.313526,-7.987792,-10.39098,-7.282596,-1.086295,23,23,23,23,23,23,23,23,23,23,23,23,23,23,23,23,443,4430,-2.286517,-2.240597,-2.48813,-2.973406,7.747464,2.453018,-3.134454,-1.173406,-2.330065,-2.18908,-3.15409,-2.424343,-2.304176,-2.6732,-2.770383,-2.373957,23,23,23,23,23,23,23,23,23,23,23,23,23,23,23,23,443,4430,-2.067972,-4.093256,-7.02655,-3.095835,-2.976905,-3.186649,-1.683013,-68.36592,0.1235632,0.1220229,-0.4767819,-0.1213423,0.1110522,0.3349458,-1.765843E-05,0.922977,22,22,22,22,22,22,22,22,22,22,22,22,22,22,22,22
444,4440,-40.76004,-53.69109,-22.40635,-19.48968,-14.83812,-10.86241,-7.91321,-7.651337,-6.315725,-7.013935,-7.246876,-7.061373,-7.034028,-8.600946,-7.521368,-0.4827845,23,23,23,23,23,23,23,23,23,23,23,23,23,23,23,23,444,4440,-2.152019,-1.976998,-1.702439,-2.197731,8.01017,3.066736,-2.74265,-2.08606,-1.682821,-2.704168,-2.759819,-2.020296,-1.664141,-2.116285,-2.409034,-2.487,23,23,23,23,23,23,23,23,23,23,23,23,23,23,23,23,444,4440,-3.101998,-4.732821,-6.387578,-2.321897,-3.23595,-2.931863,-1.553709,-69.24083,0.1235632,-0.6038475,-0.9535859,-0.3638342,0.1110522,0.6684508,0.5533267,1.274027,22,22,22,22,22,22,22,22,22,22,22,22,22,22,22,22
445,4450,-40.15889,-53.20738,-23.51411,-19.48968,-15.80349,-10.9858,-8.551176,-7.400557,-7.057939,-6.398685,-8.314983,-6.683142,-7.868522,-8.004269,-6.805054,0.1207274,23,23,23,23,23,23,23,23,23,23,23,23,23,23,23,23,445,4450,-1.479526,-1.5816,-1.3096,-2.456289,8.141522,3.066736,-3.265054,-1.95568,-1.941719,-2.18908,-2.496975,-2.154978,-1.664138,-2.450434,-1.927237,-2.487,23,23,23,23,23,23,23,23,23,23,23,23,23,23,23,23,445,4450,-1.953083,-3.709517,-6.770961,-2.579877,-3.106428,-3.441435,-1.295101,-68.03783,0.4943701,0.4849581,-0.5959831,-0.3638342,0.8817012,0.557283,-0.2213548,0.5719275,22,22,22,22,22,22,22,22,22,22,22,22,22,22,22,22
446,4460,-41.12074,-52.96553,-23.39103,-18.759,-15.20014,-11.10919,-8.806361,-8.152894,-7.305345,-7.99771,-7.958948,-8.069987,-7.39164,-7.765482,-5.849969,-0.4827845,23,23,23,23,23,23,23,23,23,23,23,23,23,23,23,23,446,4460,-1.748523,-1.5816,-1.571491,-2.456289,8.01017,3.312181,-3.134454,-1.8253,-1.682821,-2.704168,-1.971284,-1.616248,-1.280119,-2.116333,-0.9636411,-2.034822,23,23,23,23,23,23,23,23,23,23,23,23,23,23,23,23,446,4460,-2.412648,-4.860734,-6.898755,-2.708866,-1.940724,-2.42229,-1.165797,-68.36592,-0.9888594,-0.8458064,0.3576248,-0.3638342,0.1111004,0.1126583,0.4426582,0.922977,22,22,22,22,22,22,22,22,22,22,22,22,22,22,22,22
447,4470,-39.67797,-52.23997,-21.05243,-17.78476,-14.23476,-11.47937,-8.295989,-8.77984,-6.934237,-7.505987,-7.602912,-8.322141,-7.630082,-7.526544,-5.849969,0.1207274,23,23,23,23,23,23,23,23,23,23,23,23,23,23,23,23,447,4470,-1.883022,-1.713399,-1.833388,-2.844127,9.060943,2.821238,-3.134454,-1.8253,-1.682821,-2.18908,-1.839863,-1.616248,-1.408123,-1.225267,-2.047231,-1.80873,23,23,23,23,23,23,23,23,23,23,23,23,23,23,23,23,447,4470,-2.067972,-4.221169,-6.259783,-2.837856,-2.976905,-2.294898,-0.9071887,-68.58464,0.4943701,0.3639819,-0.5959831,-0.1212813,0.4413579,-0.1096781,-0.6640354,0.8059626,22,22,22,22,22,22,22,22,22,22,22,22,22,22,22,22
448,4480,-44.00626,-53.57016,-22.40635,-19.85503,-14.47611,-11.97294,-8.678769,-8.90523,-7.057939,-9.227016,-7.721591,-9.078603,-8.226184,-8.123604,-6.208126,-0.4827845,23,23,23,23,23,23,23,23,23,23,23,23,23,23,23,23,448,4480,-1.614025,-1.449801,-1.047703,-2.585569,8.666935,3.680452,-2.481449,-1.043029,-1.81227,-2.83294,-1.445596,-1.481566,-2.048157,-1.448034,-1.565349,-2.147858,23,23,23,23,23,23,23,23,23,23,23,23,23,23,23,23,448,4480,-1.838191,-3.965343,-6.898755,-2.450887,-2.976905,-2.040112,-0.5192765,-67.92847,-0.1236419,-0.724827,-0.1191791,-0.3638342,0.001014557,0.5573328,-0.3320282,0.1038701,22,22,22,22,22,22,22,22,22,22,22,22,22,22,22,22
449,4490,-45.68948,-54.29572,-23.51411,-20.34215,-15.68283,-10.73902,-8.168396,-8.654451,-8.047559,-9.349947,-8.314983,-8.826448,-7.51086,-7.407077,-5.133655,-0.6034863,23,23,23,23,23,23,23,23,23,23,23,23,23,23,23,23,449,4490,-2.958958,-0.7908037,-2.095284,-2.714848,8.272876,3.434955,-3.265054,-1.043029,-2.200615,-2.18908,-1.577019,-1.346884,-2.048157,-1.559417,-1.324408,-1.695681,23,23,23,23,23,23,23,23,23,23,23,23,23,23,23,23,449,4490,-2.067972,-4.093256,-6.770961,-2.966845,-2.588337,-3.059256,-1.553709,-67.92847,0.1235632,-0.2409123,-0.5959831,-0.2425593,0.001014557,0.4461642,-0.2213596,1.039998,22,22,22,22,22,22,22,22,22,22,22,22,22,22,22,22
450,4500,-44.9681,-54.1655,-22.28327,-18.88078,-15.68283,-10.9858,-8.933955,-9.281399,-8.542367,-8.120641,-7.840269,-8.322141,-7.51086,-6.451329,-4.536726,-0.2413794,23,23,23,23,23,23,23,23,23,23,23,23,23,23,23,23,450,4500,-2.286465,-1.5816,-2.357181,-2.32701,7.747464,3.557678,-2.873252,-1.043029,-2.459514,-1.416448,-0.3942163,-1.077519,-1.920153,-1.002501,-0.8425252,-1.92177,23,23,23,23,23,23,23,23,23,23,23,23,23,23,23,23,450,4500,-2.067972,-4.349133,-6.898755,-2.579877,-2.71786,-1.912719,-1.295101,-69.3502,-0.1236419,-0.9667859,0.3576248,0.3638245,0.8817012,0.1126583,-0.110691,1.157019,22,22,22,22,22,22,22,22,22,22,22,22,22,22,22,22
451,4510,-44.36695,-53.19827,-24.00645,-21.19461,-16.6482,-10.24545,-9.571921,-9.15601,-8.542367,-8.612364,-8.671019,-8.826448,-8.345406,-6.212393,-4.656112,0.2414292,23,23,23,23,23,23,23,23,23,23,23,23,23,23,23,23,451,4510,-1.748471,-1.976998,-3.142872,-1.680615,8.929589,3.312181,-2.481449,-1.303786,-2.588961,-1.287676,-0.52564,-1.212201,-2.048157,-1.559417,-1.324408,-1.92177,23,23,23,23,23,23,23,23,23,23,23,23,23,23,23,23,451,4510,-1.608406,-4.732873,-6.387629,-3.998762,-2.458814,-1.785325,-0.9071887,-67.49101,-3.933013E-05,0.2430024,0.3576248,0.8489304,-0.1090713,-0.9990262,-0.2213596,0.5719339,22,22,22,22,22,22,22,22,22,22,22,22,22,22,22,22
452,4520,-43.52534,-53.80279,-23.39103,-20.70748,-16.40686,-12.46651,-9.827108,-9.15601,-8.171261,-9.104085,-8.433661,-9.456833,-7.630082,-5.61505,-4.417341,-0.3620828,23,23,23,23,23,23,23,23,23,23,23,23,23,23,23,23,452,4520,-3.227955,-2.240597,-2.750027,-1.809946,9.192295,3.066736,-2.612049,-1.694923,-2.330065,-1.416448,-1.051328,-1.481566,-1.408123,-1.113884,-1.565349,-1.695681,23,23,23,23,23,23,23,23,23,23,23,23,23,23,23,23,452,4520,-1.838191,-3.837481,-6.643218,-2.450834,-2.199769,-1.403147,-0.5192765,-67.92847,-0.2472444,-1.329721,0.238424,-6.421245E-06,0.4413579,0.3349956,0.1106461,1.039998,22,22,22,22,22,22,22,22,22,22,22,22,22,22,22,22
453,4530,-41.60165,-53.68188,-22.52944,-20.34214,-15.32082,-12.09634,-9.189141,-9.782956,-9.160879,-10.45632,-7.484234,-9.204679,-6.437876,-6.451329,-4.297955,-0.1206777,23,23,23,23,23,23,23,23,23,23,23,23,23,23,23,23,453,4530,-3.900447,-3.031394,-2.357181,-1.292829,8.535582,3.312181,-2.089645,-1.564543,-2.200615,-1.287676,-1.182752,-1.750931,-1.024104,-1.113884,-1.324408,-1.808727,23,23,23,23,23,23,23,23,23,23,23,23,23,23,23,23,453,4530,-0.1148183,-4.732873,-6.771012,-2.450834,-2.588337,-1.912719,-1.165797,-67.60036,-0.2472444,-0.4828712,-0.3575807,0.9702052,0.1111004,0.001490532,-0.9960427,0.8059691,22,22,22,22,22,22,22,22,22,22,22,22,22,22,22,22
454,4540,-42.32303,-54.1655,-22.28327,-19.12434,-14.35543,-12.09634,-9.827108,-10.66068,-9.779391,-11.07098,-8.671019,-10.46545,-7.153198,-6.092924,-4.059184,-0.2413794,23,23,23,23,23,23,23,23,23,23,23,23,23,23,23,23,454,4540,-4.303943,-3.95399,-2.095284,-1.680666,9.192295,2.57569,-2.481449,-2.868332,-1.81227,-0.9013606,-1.445596,-2.28966,-0.8960961,-2.339099,-2.167701,-2.034816,23,23,23,23,23,23,23,23,23,23,23,23,23,23,23,23,454,4540,-2.067972,-3.965394,-6.259834,-2.837803,-2.329292,-1.275753,-0.3899727,-68.80338,-0.9888594,-0.8458064,0.238424,0.3638245,0.001014557,0.001490532,-0.110691,1.039998,22,22,22,22,22,22,22,22,22,22,22,22,22,22,22,22
455,4550,-40.15889,-53.68188,-21.54477,-18.27188,-14.9588,-12.09634,-9.573315,-10.15912,-9.779391,-11.07098,-8.314983,-10.59153,-7.033978,-6.331861,-3.701027,-0.6034863,23,23,23,23,23,23,23,23,23,23,23,23,23,23,23,23,455,4550,-5.379931,-4.217588,-2.095284,-1.809946,8.01017,2.94391,-2.350844,-3.129092,-1.294475,-1.158905,-1.051328,-1.346884,-1.792145,-2.116333,-1.92676,-1.808727,23,23,23,23,23,23,23,23,23,23,23,23,23,23,23,23,455,4550,-1.378625,-4.477047,-7.154395,-3.095782,-2.458815,-1.785325,-0.6485819,-67.8191,0.6179726,0.1220229,0.715228,0.7276523,-0.2191571,-0.2208467,-0.2213596,1.391047,22,22,22,22,22,22,22,22,22,22,22,22,22,22,22,22
456,4560,-38.71612,-52.83555,-22.65252,-18.51544,-13.75208,-11.84955,-9.828547,-10.03373,-9.531987,-9.964601,-8.908375,-9.835064,-7.153198,-5.017709,-3.462255,0.1207274,23,23,23,23,23,23,23,23,23,23,23,23,23,23,23,23,456,4560,-6.052424,-5.140184,-3.273821,-2.58562,8.666935,2.94391,-3.00385,-3.259472,-1.553372,-1.287676,-1.051328,-0.6734715,-1.53613,-2.561865,-1.685819,-2.260905,23,23,23,23,23,23,23,23,23,23,23,23,23,23,23,23,456,4560,-1.378625,-4.604959,-6.515423,-3.353761,-2.199769,-1.657932,-1.036493,-68.47529,-1.112461,-0.6038475,-0.3575807,-0.1212813,0.4413579,0.001490532,-0.4426983,0.9229834,22,22,22,22,22,22,22,22,22,22,22,22,22,22,22,22
457,4570,-41.24096,-52.71465,-22.52944,-19.00256,-14.47611,-11.23259,-10.2114,-10.53529,-9.903093,-10.94804,-9.501767,-10.84368,-6.914758,-5.61505,-3.701027,-0.2413794,23,23,23,23,23,23,23,23,23,23,23,23,23,23,23,23,457,4570,-6.724916,-5.535582,-2.750027,-2.197783,8.404229,3.434904,-3.00385,-2.998715,-1.812323,-0.2575008,-1.445596,-0.6734715,-1.664138,-1.782185,-1.80629,-1.808727,23,23,23,23,23,23,23,23,23,23,23,23,23,23,23,23,457,4570,-1.378625,-4.093308,-6.898806,-2.837803,-2.329292,-2.040112,-2.20023,-68.58464,-0.1236419,-0.1199328,0.476826,0.7276523,0.1111004,-0.4431839,-0.5533669,1.391047,22,22,22,22,22,22,22,22,22,22,22,22,22,22,22,22
458,4580,-39.91843,-52.35193,-21.79093,-21.68172,-15.32082,-11.72616,-10.08378,-9.782956,-10.2742,-10.33339,-8.196304,-9.330756,-6.318655,-4.778771,-3.223484,0.1207274,23,23,23,23,23,23,23,23,23,23,23,23,23,23,23,23,458,4580,-6.590419,-4.744786,-2.880975,-2.327062,8.01017,2.94391,-3.395654,-2.21644,-1.553424,-1.158956,-1.577019,-0.8081539,-2.304173,-1.113884,-1.444878,-1.582635,23,23,23,23,23,23,23,23,23,23,23,23,23,23,23,23,458,4580,-1.148841,-4.221221,-7.793367,-2.579824,-1.422633,-1.785325,-1.941622,-68.91274,-0.2472444,0.001043452,-0.2383799,0.2425465,0.3312721,0.001490532,-2.247436E-05,1.625076,22,22,22,22,22,22,22,22,22,22,22,22,22,22,22,22
459,4590,-40.51958,-52.59374,-22.65252,-22.29063,-15.68283,-12.46651,-10.46663,-11.28763,-10.52161,-11.43977,-8.077626,-10.59153,-6.318655,-5.973455,-4.059184,0.1207274,23,23,23,23,23,23,23,23,23,23,23,23,23,23,23,23,459,4590,-6.186923,-3.95399,-3.011924,-2.714899,8.929589,3.189407,-3.656856,-2.086064,-1.812323,-1.4165,-2.234131,-1.885613,-2.176165,-1.336651,-1.324408,-1.695681,23,23,23,23,23,23,23,23,23,23,23,23,23,23,23,23,459,4590,-1.608406,-4.349133,-7.28219,-2.063865,-1.940724,-1.148359,-2.329535,-68.80338,-0.1236419,0.001043452,0.95363,0.2425465,-0.1090713,-0.9990262,-0.4426983,1.625076,22,22,22,22,22,22,22,22,22,22,22,22,22,22,22,22
460,4600,-37.87451,-52.83555,-21.91401,-20.70748,-14.59678,-12.34312,-11.35995,-12.66691,-11.51122,-11.5627,-9.501769,-11.47406,-8.106963,-6.809734,-3.820412,-0.8448914,23,23,23,23,23,23,23,23,23,23,23,23,23,23,23,23,460,4600,-6.859415,-4.876585,-3.928563,-2.973457,8.272876,2.94391,-3.787458,-1.564546,-2.200668,-1.4165,-1.971284,-1.885616,-2.176165,-1.225267,-1.444878,-1.92177,23,23,23,23,23,23,23,23,23,23,23,23,23,23,23,23,460,4600,-1.838191,-3.709569,-7.0266,-2.579824,-2.070247,-1.657932,-1.55371,-69.24083,-0.6180521,-0.4828712,0.5960272,0.2425465,0.3312721,0.2238278,-0.3320282,0.6889483,22,22,22,22,22,22,22,22,22,22,22,22,22,22,22,22
461,4610,-37.03289,-51.74741,-20.92934,-19.48968,-13.99342,-12.46651,-11.10472,-11.6638,-11.26382,-10.94804,-9.145733,-10.84368,-8.226233,-5.734519,-4.536726,-0.3620828,23,23,23,23,23,23,23,23,23,23,23,23,23,23,23,23,461,4610,-6.321422,-4.612987,-3.011924,-2.973457,9.323648,2.698413,-3.656856,-1.825303,-1.682874,-1.4165,-1.70844,-1.885616,-2.176171,-2.339099,-1.444878,-2.37395,23,23,23,23,23,23,23,23,23,23,23,23,23,23,23,23,461,4610,-1.608406,-5.116611,-7.921162,-2.966793,-2.070247,-2.42229,-1.165798,-68.47529,-0.6180521,0.7269171,1.072831,0.2425465,0.5513892,-1.110194,-0.3320282,0.9229834,22,22,22,22,22,22,22,22,22,22,22,22,22,22,22,22
462,4620,-38.95658,-51.38469,-23.26794,-18.1501,-15.68283,-12.7133,-12.25327,-12.03997,-11.51122,-10.82512,-9.976482,-11.09583,-8.822337,-6.570745,-4.775498,0.2414292,23,23,23,23,23,23,23,23,23,23,23,23,23,23,23,23,462,4620,-6.724916,-4.481187,-3.404769,-2.973457,9.060943,2.94391,-3.00385,-2.346821,-1.682874,-2.317904,-1.314172,-2.154981,-2.304179,-1.893574,-1.80629,-2.600039,23,23,23,23,23,23,23,23,23,23,23,23,23,23,23,23,462,4620,-1.953083,-3.837481,-6.898806,-2.837803,-1.811201,-2.42229,-1.941622,-69.13146,-0.7416542,-0.724827,0.8344288,0.2425465,0.8816466,-0.1096781,-2.247436E-05,1.625076,22,22,22,22,22,22,22,22,22,22,22,22,22,22,22,22
463,4630,-38.71612,-51.74741,-22.89869,-19.00256,-14.59678,-12.7133,-11.23233,-12.16536,-10.89271,-11.07098,-9.620446,-10.33937,-8.345453,-6.33181,-4.178519,2.407967E-05,23,23,23,23,23,23,23,23,23,23,23,23,23,23,23,23,463,4630,-6.993914,-4.612987,-3.142872,-3.361294,9.060943,2.084696,-3.00385,-1.173409,-1.682874,-1.674044,-1.70844,-3.23244,-1.408129,-1.670808,-1.56594,-2.600039,23,23,23,23,23,23,23,23,23,23,23,23,23,23,23,23,463,4630,-1.608406,-4.477047,-6.898806,-3.353761,-2.588337,-1.912719,-2.070926,-68.25655,-3.933013E-05,0.1220229,0.238424,0.1212716,-0.3292975,-0.776689,-0.6640354,1.625076,22,22,22,22,22,22,22,22,22,22,22,22,22,22,22,22
464,4640,-40.27912,-50.90107,-20.43701,-17.17586,-13.26939,-10.86241,-9.31808,-10.78607,-10.3979,-10.33339,-8.908375,-10.59152,-6.795587,-5.614999,-3.700976,0.241426,23,23,23,23,23,23,23,23,23,23,23,23,23,23,23,23,464,4640,-7.666317,-5.667382,-3.797614,-3.878411,9.192295,2.20747,-2.481445,-1.825303,-1.812323,-2.317904,-1.839863,-3.097758,-2.432186,-1.893574,-2.047738,-2.826135,23,23,23,23,23,23,23,23,23,23,23,23,23,23,23,23,464,4640,-1.608406,-4.093308,-7.0266,-2.966793,-2.458815,-2.931863,-0.9071895,-69.67828,-0.8652568,0.1220229,0.3576248,-0.1212813,0.3312175,0.1126583,-0.5533669,1.742097,22,22,22,22,22,22,22,22,22,22,22,22,22,22,22,22
465,4650,-38.83635,-51.6265,-20.06775,-17.05408,-13.99342,-12.09634,-10.2114,-11.28763,-10.52161,-10.82512,-9.027054,-9.96114,-6.795587,-5.614999,-3.104048,-0.3620844,23,23,23,23,23,23,23,23,23,23,23,23,23,23,23,23,465,4650,-7.800671,-6.194579,-5.107099,-4.136969,8.141522,1.716476,-1.697838,-1.955683,-2.200668,-1.931588,-1.971284,-2.963076,-2.176171,-2.004957,-2.529536,-3.61745,23,23,23,23,23,23,23,23,23,23,23,23,23,23,23,23,465,4650,-1.838242,-5.244524,-7.537778,-2.837803,-2.588337,-1.657932,-1.165798,-68.58464,-3.933013E-05,0.1220229,0.3576248,0.6063775,-0.1091259,-0.6655204,0.3319848,1.391047,22,22,22,22,22,22,22,22,22,22,22,22,22,22,22,22
466,4660,-38.71612,-50.66793,-18.34457,-15.22737,-13.6314,-10.9858,-8.935229,-10.4099,-9.531987,-9.472878,-8.552341,-9.456831,-6.557146,-5.017657,-2.984662,0.241426,23,23,23,23,23,23,23,23,23,23,23,23,23,23,23,23,466,4660,-8.33809,-7.249026,-6.285635,-4.266248,7.484809,1.470979,-2.612047,-1.564546,-2.847912,-1.931588,-2.365551,-2.424346,-1.920156,-1.782191,-2.409086,-3.278316,23,23,23,23,23,23,23,23,23,23,23,23,23,23,23,23,466,4660,-1.72335,-4.604959,-7.154395,-3.224772,-1.940724,-2.167504,-1.55371,-69.56892,0.1235632,-0.4828712,0.5960272,0.8489304,-0.2192117,-0.5543517,-0.774704,1.391047,22,22,22,22,22,22,22,22,22,22,22,22,22,22,22,22
467,4670,-38.11497,-49.94238,-18.83691,-14.49669,-12.7867,-9.505091,-8.807613,-9.782956,-10.0268,-8.735293,-9.38309,-7.94391,-7.39169,-4.659253,-2.626505,-0.1206793,23,23,23,23,23,23,23,23,23,23,23,23,23,23,23,23,467,4670,-8.875509,-7.512625,-6.547532,-4.654085,7.616111,1.961973,-2.873249,-1.955683,-2.459567,-1.4165,-2.496975,-2.154981,-1.408129,-1.670808,-1.927288,-2.939181,23,23,23,23,23,23,23,23,23,23,23,23,23,23,23,23,467,4670,-2.527592,-5.628263,-7.02655,-2.321845,-1.940724,-1.785325,-1.165798,-68.69401,-3.933013E-05,0.001043452,0.476826,0.2425465,0.0009599762,-0.5543517,-0.4426983,1.274033,22,22,22,22,22,22,22,22,22,22,22,22,22,22,22,22
468,4680,-41.60165,-50.78886,-20.43701,-17.78476,-15.56216,-10.49223,-8.55238,-9.657567,-9.160879,-8.612364,-8.789698,-9.204679,-7.630132,-6.092873,-3.104048,-0.844893,23,23,23,23,23,23,23,23,23,23,23,23,23,23,23,23,468,4680,-9.009865,-7.249026,-6.285635,-4.654034,8.01017,1.716476,-2.481445,-1.564546,-2.977361,-1.4165,-3.022663,-2.559028,-2.304179,-1.782191,-2.288637,-2.939181,23,23,23,23,23,23,23,23,23,23,23,23,23,23,23,23,468,4680,-1.148892,-3.965394,-7.665522,-2.579876,-1.940724,-1.912719,-1.036493,-68.91274,-0.2472444,-0.1199328,0.476826,0.7276523,0.1110458,0.1126583,-0.6640354,1.157019,22,22,22,22,22,22,22,22,22,22,22,22,22,22,22,22
469,4690,-41.72188,-51.51442,-21.05243,-19.24612,-14.1141,-9.99866,-7.531445,-8.654451,-8.171261,-8.366503,-8.314983,-8.448217,-7.868572,-6.212341,-3.700976,0.1207242,23,23,23,23,23,23,23,23,23,23,23,23,23,23,23,23,469,4690,-8.6068,-7.249026,-6.678481,-5.429708,7.616111,2.084696,-2.873249,-2.086064,-3.10681,-2.317904,-3.022663,-2.154981,-2.048164,-1.782191,-2.649985,-1.695687,23,23,23,23,23,23,23,23,23,23,23,23,23,23,23,23,469,4690,-1.72335,-4.860785,-7.154345,-2.450886,-2.199769,-1.657932,-0.5192773,-68.47529,-0.370847,0.1220229,0.238424,0.2425465,-0.1091259,-0.4431839,0.1106461,1.859111,22,22,22,22,22,22,22,22,22,22,22,22,22,22,22,22
470,4700,-41.84211,-51.99812,-20.80626,-20.09858,-14.35543,-11.47937,-8.297147,-8.529061,-8.047559,-9.71874,-7.958949,-8.826448,-7.153248,-7.645963,-5.014218,2.247436E-05,23,23,23,23,23,23,23,23,23,23,23,23,23,23,23,23,470,4700,-8.6068,-8.435221,-6.678481,-5.946825,7.747464,2.698413,-2.873249,-2.477201,-2.589014,-2.446676,-2.891243,-1.481569,-1.408129,-2.11634,-2.409086,-2.373957,23,23,23,23,23,23,23,23,23,23,23,23,23,23,23,23,470,4700,-1.608458,-4.349133,-7.282138,-2.966845,-0.9045424,-1.148359,-1.683014,-69.89702,-0.370847,0.2430024,0.1192233,0.3638245,0.6614749,0.001490532,-0.2213596,1.508062,22,22,22,22,22,22,22,22,22,22,22,22,22,22,22,22
471,4710,-42.08257,-51.87719,-22.16019,-21.43816,-16.76888,-12.83669,-8.807612,-8.90523,-8.418665,-9.472878,-9.501769,-9.204679,-8.226233,-8.123604,-6.088689,-0.9655948,23,23,23,23,23,23,23,23,23,23,23,23,23,23,23,23,471,4710,-9.009865,-9.093381,-6.940377,-6.205382,7.484809,2.330193,-2.350895,-2.868335,-2.459567,-2.446676,-3.285507,-1.885616,-1.792152,-2.004957,-1.927288,-2.147865,23,23,23,23,23,23,23,23,23,23,23,23,23,23,23,23,471,4710,-1.72335,-4.732873,-7.282138,-2.192907,-1.552155,-1.403147,-1.036493,-68.03783,-0.9888594,-0.1199328,0.476826,0.2425465,0.0009599762,-0.1096781,-2.247436E-05,1.039998,22,22,22,22,22,22,22,22,22,22,22,22,22,22,22,22
472,4720,-43.04442,-52.3609,-22.0371,-22.29063,-17.25157,-11.60277,-8.679996,-8.77984,-7.923857,-8.489432,-8.433662,-8.322141,-8.107014,-8.004269,-6.446846,-1.207,23,23,23,23,23,23,23,23,23,23,23,23,23,23,23,23,472,4720,-8.741155,-9.093381,-7.85606,-6.981057,7.878817,2.698413,-3.526306,-2.738006,-2.071219,-3.090535,-1.577019,-1.885616,-1.536137,-1.782191,-1.325041,-2.260911,23,23,23,23,23,23,23,23,23,23,23,23,23,23,23,23,472,4720,-1.263785,-4.349133,-7.282138,-1.934928,-1.422633,-1.403147,-1.683013,-69.78765,-0.4944496,-0.6038475,2.207303E-05,0.4850994,0.2211316,-0.1096781,-0.8853726,0.6889483,22,22,22,22,22,22,22,22,22,22,22,22,22,22,22,22
473,4730,-44.24672,-51.87719,-22.65252,-21.8035,-17.85493,-11.23259,-9.190463,-8.654451,-9.16088,-8.243571,-9.739125,-8.574294,-9.060777,-8.958954,-7.998368,0.4828311,23,23,23,23,23,23,23,23,23,23,23,23,23,23,23,23,473,4730,-9.278574,-8.435221,-7.594535,-7.239615,8.404229,2.94391,-3.134502,-2.086112,-2.330063,-3.090535,-1.70844,-1.346885,-1.920156,-1.782191,-1.325041,-1.469595,23,23,23,23,23,23,23,23,23,23,23,23,23,23,23,23,473,4730,-1.263785,-4.860785,-7.282138,-2.192907,-1.163587,-1.148359,-0.7778849,-68.36592,-0.4945009,0.3639819,0.1192233,0.1212716,0.2211316,-0.3320145,-0.110691,1.742097,22,22,22,22,22,22,22,22,22,22,22,22,22,22,22,22
474,4740,-45.44902,-53.81201,-24.12953,-23.14309,-17.9756,-12.09634,-8.679996,-9.532178,-9.284583,-9.964601,-9.264411,-9.835062,-9.060777,-8.481611,-6.446846,-0.3620844,23,23,23,23,23,23,23,23,23,23,23,23,23,23,23,23,474,4740,-10.0847,-8.171622,-7.986828,-7.368895,7.878817,2.821187,-3.526306,-2.216489,-2.330063,-2.575396,-1.445596,-1.346885,-1.536137,-0.8911244,-1.084142,-1.582641,23,23,23,23,23,23,23,23,23,23,23,23,23,23,23,23,474,4740,-1.034,-4.349133,-7.793316,-2.450886,-1.163587,-1.148359,-1.553709,-69.45956,-1.359718,-1.087762,-0.3575807,0.2425465,0.1110458,-0.8878576,-2.247436E-05,1.742097,22,22,22,22,22,22,22,22,22,22,22,22,22,22,22,22
475,4750,-45.92995,-52.48182,-24.25262,-21.31638,-15.20015,-10.61562,-8.807612,-9.030621,-8.789773,-10.08753,-8.908375,-8.952524,-8.822337,-9.197625,-7.163159,0.241426,23,23,23,23,23,23,23,23,23,23,23,23,23,23,23,23,475,4750,-9.815992,-8.303422,-7.725297,-7.756731,8.404229,3.434904,-3.526306,-1.825351,-3.236203,-2.704168,-1.971335,-1.750934,-1.536137,-1.002507,-0.8432428,-1.017417,23,23,23,23,23,23,23,23,23,23,23,23,23,23,23,23,475,4750,-0.9191082,-4.221221,-7.154345,-1.676948,-1.552155,-1.148359,-1.812317,-68.91274,-0.7417056,0.001043452,0.5960272,0.3638245,0.2211316,-0.4431839,-0.3320282,1.859111,22,22,22,22,22,22,22,22,22,22,22,22,22,22,22,22
476,4760,-47.01202,-54.41664,-24.00645,-22.16885,-15.56216,-11.23259,-8.297146,-10.15912,-9.037178,-11.43977,-8.671019,-10.21329,-8.583895,-10.51032,-7.998368,-1.207,23,23,23,23,23,23,23,23,23,23,23,23,23,23,23,23,476,4760,-9.547283,-8.698471,-8.640639,-6.463941,8.535582,2.94391,-3.656907,-1.825351,-2.847858,-2.575396,-0.919959,-1.616245,-1.920156,-0.668357,-1.325041,-1.80873,23,23,23,23,23,23,23,23,23,23,23,23,23,23,23,23,476,4760,-1.034,-3.581656,-7.02655,-2.192907,-0.5159743,-0.8935741,-1.165797,-68.91274,-0.3708984,0.001043452,2.207303E-05,0.848879,0.2211316,0.2238278,0.1106461,1.742097,22,22,22,22,22,22,22,22,22,22,22,22,22,22,22,22
477,4770,-46.17041,-54.90034,-25.23729,-23.02131,-17.01023,-12.09634,-9.31808,-9.532178,-9.408285,-11.19391,-9.38309,-10.59153,-8.345399,-9.436296,-7.521317,-1.327702,23,23,23,23,23,23,23,23,23,23,23,23,23,23,23,23,477,4770,-8.875509,-8.961743,-9.032927,-6.851778,8.535582,2.330193,-2.481497,-2.477249,-3.236203,-2.060308,-1.051379,-1.88561,-1.792145,-1.670808,-1.44549,-1.469595,23,23,23,23,23,23,23,23,23,23,23,23,23,23,23,23,477,4770,-1.608458,-4.860785,-6.898755,-1.805938,-1.29311,-1.403147,-1.036493,-68.47529,-0.3708984,0.001043452,0.8344288,0.485048,-0.5494724,-0.776689,-2.247436E-05,1.157019,22,22,22,22,22,22,22,22,22,22,22,22,22,22,22,22
478,4780,-45.80972,-54.6585,-24.12953,-22.77775,-16.76888,-12.34312,-9.190463,-10.03373,-9.531987,-10.08753,-9.976482,-11.09583,-8.703061,-8.839618,-7.401931,-0.2413826,23,23,23,23,23,23,23,23,23,23,23,23,23,23,23,23,478,4780,-9.278574,-10.67302,-9.032927,-6.851778,8.141522,2.330193,-2.350895,-2.868383,-3.4951,-1.931536,-1.314223,-1.88561,-1.280119,-1.670753,-1.44549,-1.695687,23,23,23,23,23,23,23,23,23,23,23,23,23,23,23,23,478,4780,-1.378677,-4.349133,-6.898755,-1.547958,-1.940724,-1.657932,-2.588141,-69.3502,-9.070009E-05,0.6059376,0.5960272,-5.779121E-05,-0.1091259,0.001490532,0.1106461,1.625076,22,22,22,22,22,22,22,22,22,22,22,22,22,22,22,22
479,4790,-47.37271,-54.53756,-26.83739,-23.75199,-17.9756,-11.60277,-10.46663,-10.28451,-10.76901,-10.70218,-11.04459,-11.09583,-10.37215,-9.31696,-7.640703,0.1207242,23,23,23,23,23,23,23,23,23,23,23,23,23,23,23,23,479,4790,-9.278574,-9.356653,-8.509877,-6.981057,8.535582,2.452967,-2.350895,-2.998763,-2.847858,-1.54522,-1.051379,-2.020292,-1.280119,-2.116285,-0.8431914,-2.487,23,23,23,23,23,23,23,23,23,23,23,23,23,23,23,23,479,4790,-1.493566,-4.988698,-7.409933,-2.063917,-2.070246,-1.403147,-1.553709,-68.25655,-9.070009E-05,0.4849581,0.3576248,0.6063261,-0.3292975,-0.776689,-0.3320795,1.625076,22,22,22,22,22,22,22,22,22,22,22,22,22,22,22,22
480,4800,-43.52534,-54.77942,-25.9758,-22.29063,-16.16552,-12.09634,-10.9771,-11.16224,-11.01642,-11.43977,-9.976482,-9.961141,-8.822281,-9.197625,-7.759945,-0.1206777,23,23,23,23,23,23,23,23,23,23,23,23,23,23,23,23,480,4800,-9.547283,-10.01484,-8.902164,-7.627452,8.01017,1.716476,-2.481497,-4.041795,-2.200614,-1.673992,-1.708491,-2.020292,-1.920153,-2.004902,-2.047686,-2.034764,23,23,23,23,23,23,23,23,23,23,23,23,23,23,23,23,480,4800,-1.148892,-4.349133,-7.665522,-2.708865,-1.422633,-1.912719,-2.329533,-69.3502,-0.6181034,-0.3618917,2.207303E-05,0.485048,-0.2192117,0.001490532,-7.384432E-05,1.625076,22,22,22,22,22,22,22,22,22,22,22,22,22,22,22,22
481,4810,-40.15889,-54.53756,-24.49879,-22.16885,-16.52753,-12.46651,-11.35995,-12.66691,-11.26382,-13.40666,-9.264411,-11.47406,-8.822281,-10.51032,-9.071275,-0.1206777,23,23,23,23,23,23,23,23,23,23,23,23,23,23,23,23,481,4810,-9.815992,-10.14647,-7.85606,-7.368895,8.272876,3.189407,-3.918109,-3.911418,-2.200614,-2.18908,-2.102759,-1.616245,-2.048157,-2.227668,-2.288585,-1.921718,23,23,23,23,23,23,23,23,23,23,23,23,23,23,23,23,481,4810,-1.953134,-5.372438,-7.409933,-1.547958,-1.940724,-1.530539,-1.036493,-69.02211,-0.1236933,0.8478966,0.1192233,0.1212203,-0.3292975,0.001490532,-0.221411,2.21016,22,22,22,22,22,22,22,22,22,22,22,22,22,22,22,22
482,4820,-41.0005,-54.77942,-25.23729,-23.63021,-18.94098,-14.19401,-12.76373,-13.29386,-12.74825,-13.65252,-10.68855,-11.97837,-9.895266,-11.465,-8.475216,-0.9655932,23,23,23,23,23,23,23,23,23,23,23,23,23,23,23,23,482,4820,-9.547283,-9.356653,-8.248353,-7.627452,7.222103,2.821187,-4.048711,-3.911418,-2.45951,-1.416448,-2.365603,-2.289657,-2.176165,-2.784586,-2.288585,-1.356495,23,23,23,23,23,23,23,23,23,23,23,23,23,23,23,23,482,4820,-1.493566,-4.732873,-6.387578,-1.418968,-1.034065,-2.42229,-2.070925,-69.13146,-0.2472958,-0.1199328,0.1192233,-0.1213326,-0.2192117,0.3349956,-7.384432E-05,1.508062,22,22,22,22,22,22,22,22,22,22,22,22,22,22,22,22
483,4830,-36.19129,-53.44923,-24.12953,-21.43816,-17.85493,-13.70044,-11.87042,-12.41613,-11.88233,-13.28373,-10.09516,-11.09583,-9.895266,-10.27165,-9.190487,-0.2413794,23,23,23,23,23,23,23,23,23,23,23,23,23,23,23,23,483,4830,-9.547283,-8.830109,-7.85606,-7.239615,8.141522,3.31213,-4.309913,-3.259521,-2.718409,-2.18908,-3.022715,-1.616245,-3.072214,-2.6732,-2.047686,-1.695629,23,23,23,23,23,23,23,23,23,23,23,23,23,23,23,23,483,4830,-1.953134,-5.244524,-6.387578,-2.192907,-1.681678,-1.403147,-2.458838,-69.3502,-0.3708984,0.001043452,0.238424,0.1212203,-0.5494724,0.5573328,0.442602,1.859111,22,22,22,22,22,22,22,22,22,22,22,22,22,22,22,22
484,4840,-42.32304,-53.32831,-27.32972,-25.45691,-21.59577,-14.56419,-13.78467,-13.29386,-12.74825,-12.17735,-11.16327,-12.23052,-10.96825,-10.27165,-9.190487,0.3621309,23,23,23,23,23,23,23,23,23,23,23,23,23,23,23,23,484,4840,-9.950348,-8.830109,-7.85606,-7.239615,8.01017,2.698413,-3.918109,-3.520281,-2.588959,-2.317852,-2.62845,-1.481563,-2.304173,-1.893519,-1.20454,-1.921718,23,23,23,23,23,23,23,23,23,23,23,23,23,23,23,23,484,4840,-1.953134,-4.860785,-7.154345,-1.16099,-1.681678,-2.040112,-1.424405,-68.91274,0.2471144,0.2430024,0.3576248,0.3637732,-0.5494724,-0.2208467,-0.3320795,1.274027,22,22,22,22,22,22,22,22,22,22,22,22,22,22,22,22
485,4850,-42.80396,-53.81201,-25.9758,-23.02131,-19.54434,-14.07062,-12.38088,-12.91769,-12.00603,-12.54614,-10.92591,-11.09583,-10.25293,-11.107,-9.786547,-0.6034863,23,23,23,23,23,23,23,23,23,23,23,23,23,23,23,23,485,4850,-9.815992,-8.566834,-7.85606,-6.981057,7.878817,2.20747,-4.179313,-2.998763,-2.588959,-1.931536,-1.445647,-2.42434,-2.816199,-1.559369,-1.08409,-2.034764,23,23,23,23,23,23,23,23,23,23,23,23,23,23,23,23,485,4850,-2.642481,-4.604959,-6.004194,-2.063918,-1.681626,-0.8935741,-3.105358,-68.25655,0.7415238,0.3639819,0.3576248,-0.1213326,0.2211316,0.3349956,0.6639391,1.391047,22,22,22,22,22,22,22,22,22,22,22,22,22,22,22,22
486,4860,-42.08258,-53.81201,-25.11421,-20.95105,-17.37224,-13.57705,-11.87042,-12.66691,-11.38752,-12.42321,-11.40062,-11.47406,-10.37215,-10.39098,-9.667335,-0.3620828,23,23,23,23,23,23,23,23,23,23,23,23,23,23,23,23,486,4860,-8.6068,-8.830109,-7.85606,-7.756731,8.535582,1.716527,-3.526306,-3.520281,-2.847858,-2.83294,-2.759871,-2.42434,-2.43218,-1.559369,-1.20454,-2.599988,23,23,23,23,23,23,23,23,23,23,23,23,23,23,23,23,486,4860,-2.182915,-4.604959,-6.387578,-1.934928,-2.199716,-2.422291,-2.458838,-68.91274,-0.6181034,0.1220229,-0.3575807,-0.2426107,-0.3292975,0.001490532,0.3319334,1.039998,22,22,22,22,22,22,22,22,22,22,22,22,22,22,22,22
487,4870,-42.68373,-52.72368,-25.48346,-24.11733,-17.25157,-13.45366,-10.84948,-12.16536,-10.89271,-12.792,-10.09516,-11.34799,-9.776044,-10.51032,-10.14418,-1.448402,23,23,23,23,23,23,23,23,23,23,23,23,23,23,23,23,487,4870,-8.741155,-8.830109,-7.594535,-8.273848,8.272876,2.453018,-3.656856,-3.259521,-2.847858,-2.83294,-2.759871,-2.289657,-2.560188,-1.559369,-1.445439,-2.599988,23,23,23,23,23,23,23,23,23,23,23,23,23,23,23,23,487,4870,-2.182915,-4.349133,-6.515372,-1.547959,-1.163535,-1.14836,-2.200229,-68.36592,1.483139,0.4849581,0.238424,-1.091544,0.1110458,-0.1096781,0.2212649,2.21016,22,22,22,22,22,22,22,22,22,22,22,22,22,22,22,22
488,4880,-39.91843,-53.20738,-24.86804,-22.29063,-16.52753,-13.57705,-11.87042,-11.78918,-11.26382,-11.93149,-10.45119,-10.59153,-10.13371,-11.107,-9.190487,-1.086295,23,23,23,23,23,23,23,23,23,23,23,23,23,23,23,23,488,4880,-9.681639,-9.619927,-9.294451,-7.498173,8.141522,0.8573133,-3.918058,-3.129095,-3.753998,-2.83294,-2.102759,-2.963069,-2.304173,-1.893519,-1.806787,-3.278258,23,23,23,23,23,23,23,23,23,23,23,23,23,23,23,23,488,4880,-2.412699,-4.604959,-6.259783,-1.676948,-2.588284,-3.059256,-3.234661,-69.02211,-0.1236933,0.2430024,-0.2383799,0.485048,-0.7696441,0.5573328,0.1105947,1.274027,22,22,22,22,22,22,22,22,22,22,22,22,22,22,22,22
489,4890,-39.31728,-52.8446,-23.88336,-20.5857,-15.8035,-11.97295,-10.33902,-11.41302,-10.52161,-11.80856,-9.620446,-10.21329,-9.179942,-9.913639,-9.905758,-0.1206777,23,23,23,23,23,23,23,23,23,23,23,23,23,23,23,23,489,4890,-8.6068,-8.30337,-8.771402,-7.627452,8.666935,1.839302,-3.134451,-3.129095,-3.624551,-2.704168,-2.891294,-3.097752,-1.664138,-1.670753,-1.565888,-2.939123,23,23,23,23,23,23,23,23,23,23,23,23,23,23,23,23,489,4890,-2.297807,-4.860785,-5.8764,-2.450887,-1.42258,-1.657933,-2.329533,-68.14719,0.6179212,0.2430024,0.1192233,-5.779121E-05,0.3312175,0.3349956,0.442602,1.742097,22,22,22,22,22,22,22,22,22,22,22,22,22,22,22,22
490,4900,-40.15889,-52.23997,-25.60654,-22.04707,-17.61358,-11.84955,-11.61518,-11.78918,-11.63493,-11.43977,-10.33252,-9.961141,-9.537604,-9.555632,-8.832851,0.8449396,23,23,23,23,23,23,23,23,23,23,23,23,23,23,23,23,490,4900,-9.412929,-9.093381,-7.986828,-6.722499,8.01017,0.6118163,-3.526254,-2.477201,-3.236205,-2.18908,-3.416982,-3.097752,-1.792145,-2.116285,-1.927237,-2.713034,23,23,23,23,23,23,23,23,23,23,23,23,23,23,23,23,490,4900,-1.72335,-4.860785,-6.259783,-2.321897,-2.717807,-2.931863,-1.553709,-68.69401,-0.3708984,-0.1199906,-0.5959831,-0.3638856,0.1110458,0.4461642,0.442602,1.391047,22,22,22,22,22,22,22,22,22,22,22,22,22,22,22,22
491,4910,-39.07682,-52.48182,-25.36037,-21.31639,-16.40687,-11.84955,-11.48757,-11.66379,-10.89271,-10.70218,-9.383088,-9.708987,-9.179942,-9.197625,-9.071275,0.3621309,23,23,23,23,23,23,23,23,23,23,23,23,23,23,23,23,491,4910,-9.547283,-9.751563,-9.555975,-7.110336,7.616111,1.716527,-4.048659,-2.868335,-3.754,-2.961712,-3.679778,-2.42434,-1.920153,-1.782136,-2.409034,-2.939123,23,23,23,23,23,23,23,23,23,23,23,23,23,23,23,23,491,4910,-2.068023,-4.349133,-6.259783,-1.676948,-1.811148,-2.167505,-2.070925,-68.14719,-0.1236933,0.1219683,-0.2383795,-0.1213326,0.4413033,1.002006,0.8852779,1.274027,22,22,22,22,22,22,22,22,22,22,22,22,22,22,22,22
492,4920,-41.48143,-52.72368,-25.11421,-21.80351,-16.04485,-11.1092,-9.573315,-11.66379,-9.779392,-11.07098,-9.620444,-10.33937,-8.703061,-9.794303,-9.071275,-0.3620828,23,23,23,23,23,23,23,23,23,23,23,23,23,23,23,23,492,4920,-9.144218,-10.14647,-8.379115,-7.110336,7.484809,1.839302,-3.526254,-4.172127,-4.66014,-3.348028,-4.205466,-2.559028,-2.304173,-1.893519,-2.529484,-2.486942,23,23,23,23,23,23,23,23,23,23,23,23,23,23,23,23,492,4920,-1.953134,-3.837481,-6.259783,-2.966845,-2.329239,-2.040112,-1.812317,-69.13146,0.2471144,0.8478388,-0.3575803,-0.1213391,0.3312175,0.5573328,-0.3320795,0.4549131,22,22,22,22,22,22,22,22,22,22,22,22,22,22,22,22
493,4930,-44.1265,-54.17479,-26.34505,-23.99555,-18.09627,-11.97295,-9.700931,-10.78607,-9.531987,-10.45632,-9.383088,-9.582911,-8.583839,-10.15231,-8.594428,-0.8448914,23,23,23,23,23,23,23,23,23,23,23,23,23,23,23,23,493,4930,-7.397462,-9.356653,-7.725297,-8.01529,7.747464,2.207521,-3.656856,-4.041747,-3.495103,-2.961712,-3.942619,-1.885616,-1.664193,-1.559369,-2.047686,-2.373899,23,23,23,23,23,23,23,23,23,23,23,23,23,23,23,23,493,4930,-1.838242,-4.221221,-6.259783,-2.063918,-1.681626,-1.657933,-0.9071887,-68.91274,-0.2472958,-0.845861,2.247436E-05,-0.1213391,0.1110522,0.4461642,0.2212649,0.6889483,22,22,22,22,22,22,22,22,22,22,22,22,22,22,22,22
494,4940,-44.72765,-54.53756,-27.4528,-25.09158,-17.61358,-11.97295,-9.190464,-10.03373,-8.294964,-8.981155,-8.789696,-7.691758,-8.106957,-9.913639,-8.713639,-0.8448914,23,23,23,23,23,23,23,23,23,23,23,23,23,23,23,23,494,4940,-7.53196,-9.751563,-7.463773,-7.88601,7.353456,2.207521,-2.742647,-4.172127,-2.588961,-2.83294,-3.548355,-1.750934,-1.28017,-2.339102,-1.927237,-2.034764,23,23,23,23,23,23,23,23,23,23,23,23,23,23,23,23,494,4940,-1.263785,-3.709569,-6.131989,-1.934928,-2.458762,-2.422291,-0.7778849,-68.25655,0.4943195,0.3639241,-0.8343843,-6.100183E-05,0.4413097,0.001491334,-0.5534182,0.3378988,22,22,22,22,22,22,22,22,22,22,22,22,22,22,22,22
495,4950,-46.29064,-54.77942,-27.4528,-25.82226,-19.90635,-11.84955,-9.828547,-9.406787,-8.171261,-7.99771,-9.027053,-8.448219,-9.537604,-9.078289,-8.713639,0.7242378,23,23,23,23,23,23,23,23,23,23,23,23,23,23,23,23,495,4950,-6.993966,-8.171571,-6.809429,-7.110336,8.141522,2.207521,-3.134451,-4.172127,-2.71841,-2.961712,-2.365551,-2.154981,-1.408177,-1.893571,-0.7220546,-1.469541,23,23,23,23,23,23,23,23,23,23,23,23,23,23,23,23,495,4950,-1.263785,-3.837481,-6.131989,-1.805938,-1.42258,-1.14836,-1.036493,-69.24083,-0.1236933,-1.08782,0.1192237,0.1212171,0.3312239,0.5573344,0.331988,1.391047,22,22,22,22,22,22,22,22,22,22,22,22,22,22,22,22
496,4960,-48.21433,-55.74683,-30.03757,-26.67472,-19.78569,-13.33027,-10.84948,-9.657565,-8.666071,-9.104087,-9.264411,-9.582911,-8.822281,-9.794303,-8.475216,-0.3620796,23,23,23,23,23,23,23,23,23,23,23,23,23,23,23,23,496,4960,-6.993966,-8.30337,-6.678481,-7.110336,8.535582,2.575741,-3.395654,-2.737958,-2.847859,-3.348028,-2.628399,-1.346885,-1.536185,-1.670805,-1.685819,-1.695681,23,23,23,23,23,23,23,23,23,23,23,23,23,23,23,23,496,4960,-1.148892,-3.453743,-6.259783,-2.450887,-1.811148,-1.403147,-2.458838,-68.25655,0.6179212,-0.3619463,0.8344296,0.8488726,0.3312239,-0.4431823,-0.5533621,1.052981,22,22,22,22,22,22,22,22,22,22,22,22,22,22,22,22
497,4970,-49.05594,-55.14219,-29.54524,-28.0143,-22.44047,-13.82384,-10.08378,-8.905228,-8.047559,-8.366503,-9.383088,-8.952526,-8.941501,-10.03297,-8.594428,0.120729,23,23,23,23,23,23,23,23,23,23,23,23,23,23,23,23,497,4970,-8.203735,-7.380774,-7.463773,-7.239615,8.404229,2.698464,-4.440463,-2.737958,-2.977308,-2.961712,-1.577019,-1.750934,-1.7922,-1.55942,-0.8425252,-1.695681,23,23,23,23,23,23,23,23,23,23,23,23,23,23,23,23,497,4970,-1.033994,-4.093308,-6.387578,-1.805938,-1.163535,-0.8935741,-1.165797,-68.91274,-0.7417052,-0.4829258,0.7152284,0.4850448,0.8816531,0.1126599,-0.1106862,1.755203,22,22,22,22,22,22,22,22,22,22,22,22,22,22,22,22
498,4980,-49.65709,-57.18813,-30.77608,-29.35388,-21.59577,-14.81098,-10.33902,-10.4099,-8.047559,-9.227016,-8.789696,-9.708987,-8.703061,-10.27165,-8.832851,-1.086293,23,23,23,23,23,23,23,23,23,23,23,23,23,23,23,23,498,4980,-7.666317,-7.380774,-6.547532,-6.59322,8.01017,3.557678,-3.526254,-2.21644,-3.236205,-3.348028,-1.314172,-1.481569,-1.536185,-0.7797382,-1.444878,-1.130457,23,23,23,23,23,23,23,23,23,23,23,23,23,23,23,23,498,4980,-1.148886,-3.965345,-6.898755,-2.063918,-1.163535,-1.14836,-1.036493,-68.36592,-0.8653077,-0.2409669,0.8344296,0.1212171,0.1110522,-0.8878568,0.1106509,1.052981,22,22,22,22,22,22,22,22,22,22,22,22,22,22,22,22
499,4990,-49.41663,-57.42994,-31.14533,-28.86676,-20.87174,-14.93437,-10.46663,-9.532176,-9.16088,-9.595808,-9.027053,-9.078603,-8.464619,-9.674968,-7.998368,-1.327697,23,23,23,23,23,23,23,23,23,23,23,23,23,23,23,23,499,4990,-7.800672,-7.117175,-7.202274,-6.076104,8.666935,2.453018,-4.309861,-1.955683,-3.106756,-2.317852,-1.577019,-0.9428379,-1.7922,-0.6683537,-1.203937,-1.130457,23,23,23,23,23,23,23,23,23,23,23,23,23,23,23,23,499,4990,-0.9191018,-3.581604,-7.409985,-2.063918,-0.9044902,-1.403147,-0.6485803,-68.14719,-0.2472958,-0.845861,2.247436E-05,0.1212171,0.1110522,-0.3320145,-0.4426935,0.7018743,22,22,22,22,22,22,22,22,22,22,22,22,22,22,22,22
500,5000,-46.77156,-56.82541,-31.02224,-28.0143,-21.83712,-16.90865,-12.63612,-11.03685,-9.408285,-9.595808,-8.789696,-8.448219,-8.703061,-9.913639,-8.236793,-0.1206761,23,23,23,23,23,23,23,23,23,23,23,23,23,23,23,23,500,5000,-7.128412,-6.589977,-6.940377,-4.783364,8.01017,2.575741,-4.048659,-1.825303,-2.847859,-1.802764,-1.445596,-1.616252,-0.8961506,-1.002504,-1.203937,-1.808727,23,23,23,23,23,23,23,23,23,23,23,23,23,23,23,23,500,5000,-1.378667,-4.22117,-6.771013,-1.676898,-1.163535,-0.7661814,-1.165797,-67.70973,-1.112513,0.3639241,0.1192237,0.2424919,-0.1091194,-0.6655195,-0.2213548,1.052981,22,22,22,22,22,22,22,22,22,22,22,22,22,22,22,22
501,5010,-47.61317,-56.22089,-32.49926,-28.98854,-23.76787,-17.27883,-13.2742,-10.53529,-10.76901,-9.472878,-9.620444,-9.835065,-9.418383,-9.078289,-8.236793,2.729029E-05,23,23,23,23,23,23,23,23,23,23,23,23,23,23,23,23,501,5010,-6.724916,-6.194579,-6.940377,-4.654085,7.878766,2.698464,-3.526254,-2.21644,-2.977308,-1.030133,-0.6570604,-1.212203,-0.6401372,-1.002504,-1.324408,-1.130457,23,23,23,23,23,23,23,23,23,23,23,23,23,23,23,23,501,5010,-0.5744286,-3.069953,-6.898808,-1.805888,-0.1273534,-1.530539,-1.553709,-69.13146,-0.3708984,-0.4829258,-0.3575803,0.7275977,0.1110522,-0.4431823,-1.765843E-05,1.404095,22,22,22,22,22,22,22,22,22,22,22,22,22,22,22,22
502,5020,-48.0941,-56.70451,-32.13,-27.28362,-21.23376,-17.03204,-13.91229,-11.66379,-10.76901,-10.21046,-9.264411,-9.582911,-8.941501,-9.078289,-8.832851,2.729029E-05,23,23,23,23,23,23,23,23,23,23,23,23,23,23,23,23,502,5020,-6.590419,-6.853577,-5.89279,-4.783364,8.404178,1.961973,-3.00385,-3.129095,-2.330065,-1.416448,-0.9199076,-1.616252,-0.6401372,-1.782188,-1.203937,-1.92177,23,23,23,23,23,23,23,23,23,23,23,23,23,23,23,23,502,5020,-0.6893175,-4.349083,-7.28219,-1.934877,-1.163535,-1.148309,-0.7778849,-67.92847,-0.6181031,0.1219683,0.1192237,-6.100183E-05,0.1110522,-0.6655195,0.2213195,1.170022,22,22,22,22,22,22,22,22,22,22,22,22,22,22,22,22
503,5030,-48.93571,-55.97908,-31.76075,-27.77074,-21.59577,-18.26597,-12.38088,-12.7923,-10.76901,-10.94804,-8.55234,-9.961142,-8.703061,-8.958954,-8.594428,2.729029E-05,23,23,23,23,23,23,23,23,23,23,23,23,23,23,23,23,503,5030,-5.379931,-6.458178,-4.845202,-4.266248,7.878766,2.084696,-3.265104,-3.78099,-2.071166,-1.416448,-0.6570604,-1.212203,-1.152166,-1.448037,-1.565349,-1.469592,23,23,23,23,23,23,23,23,23,23,23,23,23,23,23,23,503,5030,-0.3446443,-3.197866,-7.026602,-1.547909,-1.163535,-0.8935227,-1.812368,-68.91274,0.370717,0.0009888718,-0.2383795,0.3637668,0.3312239,0.446165,-1.765843E-05,1.170022,22,22,22,22,22,22,22,22,22,22,22,22,22,22,22,22
504,5040,-52.0617,-57.79265,-32.74543,-28.13608,-22.56116,-18.51276,-13.2742,-13.41925,-11.26382,-11.43977,-9.620444,-9.961142,-9.179942,-9.555632,-7.640703,-0.8448882,23,23,23,23,23,23,23,23,23,23,23,23,23,23,23,23,504,5040,-5.379931,-5.271983,-4.321408,-3.749132,7.747412,2.821187,-3.918109,-3.389853,-1.423924,-0.9013606,-1.445596,-1.616252,-1.536185,-1.55942,-1.685819,-0.904365,23,23,23,23,23,23,23,23,23,23,23,23,23,23,23,23,504,5040,-1.263775,-4.988648,-7.026602,-1.805888,-1.163535,-0.76613,0.2564966,-67.92847,-0.3708984,0.6058831,0.1192237,-6.100183E-05,-0.2192053,-0.3320145,-0.3320249,1.287055,22,22,22,22,22,22,22,22,22,22,22,22,22,22,22,22
505,5050,-52.0617,-57.55084,-32.86851,-28.37964,-23.40586,-17.52561,-11.61518,-11.78919,-10.1505,-9.964601,-9.264411,-9.582911,-8.464619,-9.31696,-7.759945,-0.4827814,23,23,23,23,23,23,23,23,23,23,23,23,23,23,23,23,505,5050,-4.57294,-4.612987,-3.797614,-2.973457,7.616059,2.821187,-4.179313,-3.389853,-1.553372,-0.6438165,-1.577019,-1.346885,-1.664193,-1.782188,-1.92676,-1.582635,23,23,23,23,23,23,23,23,23,23,23,23,23,23,23,23,505,5050,-0.5744286,-3.709518,-6.898808,-1.805888,-0.6454443,-0.5113438,-1.295152,-69.02211,-0.6181031,0.0009888718,0.5960276,0.6063229,0.2211381,0.2238286,0.1106509,1.521129,22,22,22,22,22,22,22,22,22,22,22,22,22,22,22,22
506,5060,-53.6247,-58.75989,-33.48393,-30.93703,-26.18131,-16.16829,-12.12565,-11.03685,-10.1505,-9.595808,-9.97648,-9.708987,-10.25293,-9.197625,-8.832851,0.3621342,23,23,23,23,23,23,23,23,23,23,23,23,23,23,23,23,506,5060,-5.917926,-4.481187,-3.666666,-3.232015,8.141471,1.83925,-4.440515,-3.389853,-1.81227,-1.287728,-1.971284,-1.616252,-2.048212,-1.22527,-0.9629958,-1.2435,23,23,23,23,23,23,23,23,23,23,23,23,23,23,23,23,506,5060,-1.378667,-4.732822,-6.898808,-1.934877,-1.811148,-1.275702,-0.6486317,-68.03783,-0.3708984,0.9688182,0.8344296,-0.6064449,-0.9898061,-1.443699,-0.2213548,0.8189143,22,22,22,22,22,22,22,22,22,22,22,22,22,22,22,22
507,5070,-53.74493,-58.51808,-33.97626,-28.6232,-24.49191,-15.67472,-13.14658,-12.03996,-11.51122,-11.43977,-9.976482,-10.59153,-10.25293,-10.15231,-8.11758,0.3621342,23,23,23,23,23,23,23,23,23,23,23,23,23,23,23,23,507,5070,-5.51443,-4.085789,-3.666666,-3.361294,8.929538,1.83925,-4.309913,-2.477201,-2.200615,-2.446676,-1.182803,-1.616252,-1.7922,-0.8911211,-0.4811138,-1.808727,23,23,23,23,23,23,23,23,23,23,23,23,23,23,23,23,507,5070,-0.9191018,-3.453692,-6.38763,-1.676898,-0.6454443,-0.129165,-1.295152,-68.69401,-0.7417052,-0.2409669,0.8343782,0.6063229,0.6614814,-0.3320145,0.2213195,1.755203,22,22,22,22,22,22,22,22,22,22,22,22,22,22,22,22
508,5080,-51.94147,-59.0017,-33.23776,-27.77074,-24.12989,-16.41508,-13.91229,-12.41613,-11.38752,-11.68563,-10.21384,-10.59153,-10.49137,-8.958954,-7.759945,0.3621342,23,23,23,23,23,23,23,23,23,23,23,23,23,23,23,23,508,5080,-6.052424,-4.349388,-4.059511,-3.749132,8.272824,1.348256,-3.787509,-2.868335,-2.588961,-3.090535,-1.708491,-2.289664,-2.048212,-0.5569708,-0.8425252,-2.486993,23,23,23,23,23,23,23,23,23,23,23,23,23,23,23,23,508,5080,-1.033994,-4.604909,-6.004247,-1.160939,-1.42258,-0.3839504,-1.165848,-67.60036,0.2471144,0.7268625,0.4767751,-0.6064481,-0.8797203,-0.7766882,-0.1106862,1.170022,22,22,22,22,22,22,22,22,22,22,22,22,22,22,22,22
509,5090,-51.09986,-59.60622,-31.51458,-27.52718,-22.80249,-17.03204,-13.91229,-13.54464,-11.51122,-12.54614,-9.501767,-11.34799,-9.776099,-10.62965,-9.071275,-0.2413778,23,23,23,23,23,23,23,23,23,23,23,23,23,23,23,23,509,5090,-6.186923,-5.008384,-4.321408,-4.524806,8.798236,1.961973,-3.395705,-2.607578,-2.071166,-2.832992,-1.577071,-2.559028,-0.8960993,-1.782188,-1.565349,-1.695681,23,23,23,23,23,23,23,23,23,23,23,23,23,23,23,23,509,5090,-0.8042096,-3.325779,-6.643219,-1.289929,-1.293057,-1.785275,-2.717497,-68.91274,-0.1236933,0.1219683,0.5959762,0.4850416,0.4413097,0.001491334,0.1106509,1.872236,22,22,22,22,22,22,22,22,22,22,22,22,22,22,22,22
510,5100,-53.74493,-59.84804,-35.57636,-32.15483,-24.85393,-19.25311,-15.44369,-14.92392,-12.74825,-13.89838,-10.45119,-11.97837,-10.01454,-10.62965,-8.356005,-1.086293,23,23,23,23,23,23,23,23,23,23,23,23,23,23,23,23,510,5100,-6.45592,-5.667382,-5.238048,-4.395527,8.404178,0.857262,-3.003902,-2.998715,-2.977308,-3.348079,-2.62845,-2.828393,-1.280119,-1.113836,-1.444878,-2.713085,23,23,23,23,23,23,23,23,23,23,23,23,23,23,23,23,510,5100,-1.378667,-4.22117,-6.515424,-1.289929,-1.94067,-0.76613,-1.812368,-69.02211,0.1235119,0.2429478,-0.1192297,-0.7277229,-0.9898061,-0.3320659,0.1106509,1.052981,22,22,22,22,22,22,22,22,22,22,22,22,22,22,22,22
511,5110,-50.97963,-59.48532,-32.86851,-28.25786,-22.56116,-17.27883,-13.91229,-14.17158,-12.74825,-12.42321,-9.976482,-11.47406,-10.49142,-10.51032,-10.14418,-0.8448882,23,23,23,23,23,23,23,23,23,23,23,23,23,23,23,23,511,5110,-5.648929,-5.930981,-5.499944,-4.007689,8.010118,1.348256,-3.003902,-2.607578,-3.495103,-2.317904,-3.022715,-2.693711,-1.792149,-1.002453,-2.047738,-2.713085,23,23,23,23,23,23,23,23,23,23,23,23,23,23,23,23,511,5110,-1.263775,-3.965345,-5.748658,-1.418919,-0.5159214,-1.785275,-1.812368,-68.47529,-9.070009E-05,0.6058831,0.1191723,1.091426,-0.1091194,0.1126086,0.5533235,1.755203,22,22,22,22,22,22,22,22,22,22,22,22,22,22,22,22
512,5120,-50.73917,-57.67175,-33.85318,-29.11032,-24.85393,-17.40222,-15.95416,-15.04931,-13.73787,-12.79201,-11.04459,-11.85229,-11.32557,-10.62965,-9.309699,0.241426,23,23,23,23,23,23,23,23,23,23,23,23,23,23,23,23,512,5120,-7.262911,-6.853577,-6.023738,-4.266248,7.484758,0.9800361,-3.134502,-2.477201,-3.883449,-2.70422,-4.205518,-3.501805,-2.048161,-1.447986,-2.047738,-2.373957,23,23,23,23,23,23,23,23,23,23,23,23,23,23,23,23,512,5120,-1.493559,-4.732822,-6.132041,-1.934877,-2.070194,-1.403095,-1.683065,-67.92847,0.9887289,0.2429478,-0.2384309,-0.9702759,-0.1091194,0.2237772,-0.5533637,1.170073,22,22,22,22,22,22,22,22,22,22,22,22,22,22,22,22
513,5130,-51.46054,-58.27628,-34.46861,-30.57168,-24.37124,-17.40222,-15.57131,-14.79853,-12.99565,-12.79201,-10.09516,-11.47406,-10.3722,-9.31696,-8.11758,-0.3620844,23,23,23,23,23,23,23,23,23,23,23,23,23,23,23,23,513,5130,-7.128465,-6.194579,-5.89279,-3.749132,7.616059,1.348256,-3.134502,-2.868335,-3.754,-2.961763,-3.548406,-2.963076,-1.536134,-1.225219,-2.409086,-2.487,23,23,23,23,23,23,23,23,23,23,23,23,23,23,23,23,513,5130,-1.263785,-4.349083,-6.515424,-1.03195,-1.163535,-2.04006,-3.364017,-68.36592,0.6179212,0.7268625,0.2383731,0.3637635,0.0009663975,0.3349458,0.7746623,1.170073,22,22,22,22,22,22,22,22,22,22,22,22,22,22,22,22
514,5140,-50.37847,-58.39717,-33.85318,-29.35388,-23.04384,-17.7724,-15.18845,-14.42236,-12.99565,-13.77545,-10.21384,-11.22191,-10.13376,-9.197625,-7.401931,2.247436E-05,23,23,23,23,23,23,23,23,23,23,23,23,23,23,23,23,514,5140,-6.724969,-6.06278,-5.630893,-3.619853,6.827993,1.470979,-3.134502,-2.998715,-3.754,-3.605623,-4.074094,-1.750934,-1.280119,-1.336603,-2.047738,-1.243506,23,23,23,23,23,23,23,23,23,23,23,23,23,23,23,23,514,5140,-2.068023,-4.604908,-5.493069,-2.063867,-1.034012,-1.148309,-1.295152,-67.92847,0.1235119,0.3639241,-0.1192297,-0.9702759,-0.5494627,0.001439964,-0.3320265,0.9359993,22,22,22,22,22,22,22,22,22,22,22,22,22,22,22,22
515,5150,-52.30215,-60.33165,-36.68412,-35.93002,-28.23275,-21.47418,-17.10271,-16.55398,-12.62455,-13.28373,-10.45119,-12.48268,-9.418437,-10.15231,-7.998368,-0.844893,23,23,23,23,23,23,23,23,23,23,23,23,23,23,23,23,515,5150,-6.052476,-5.535582,-3.928556,-4.524806,7.484758,2.20747,-2.089693,-2.21644,-2.71841,-2.961763,-3.154141,-2.020299,-0.5120783,-0.7796869,-1.44549,-1.80873,23,23,23,23,23,23,23,23,23,23,23,23,23,23,23,23,515,5150,-1.493566,-3.581604,-6.004194,-1.547909,-1.552103,-1.785275,-1.553761,-67.8191,0.2471144,0.7268625,0.4767751,-0.2426171,0.2211381,0.7796203,0.3319864,1.287113,22,22,22,22,22,22,22,22,22,22,22,22,22,22,22,22
516,5160,-52.78308,-59.96894,-35.69945,-34.59043,-28.35341,-21.84435,-17.86841,-16.80476,-13.73787,-13.1608,-10.09516,-10.84368,-9.179996,-9.197625,-7.163159,-0.7241912,23,23,23,23,23,23,23,23,23,23,23,23,23,23,23,23,516,5160,-6.186975,-5.930981,-4.45235,-4.136969,7.222052,1.83925,-3.003902,-2.998715,-3.236205,-3.476851,-3.154141,-2.154981,-0.8960993,-1.447986,-1.325041,-1.243506,23,23,23,23,23,23,23,23,23,23,23,23,23,23,23,23,516,5160,-1.148892,-3.83743,-5.365222,-1.289979,-1.034012,-1.148309,-1.683065,-67.27228,0.4943195,-0.6039053,-0.1192297,-0.849001,-0.1091194,-0.1097286,-0.1106894,1.63822,22,22,22,22,22,22,22,22,22,22,22,22,22,22,22,22
517,5170,-54.22585,-59.48532,-36.80721,-36.66069,-31.12889,-23.44846,-19.27219,-16.17781,-12.99565,-11.93149,-10.09516,-11.09583,-9.179996,-8.600946,-8.11758,-0.7241912,23,23,23,23,23,23,23,23,23,23,23,23,23,23,23,23,517,5170,-6.993966,-6.458178,-3.797608,-4.266248,7.09075,2.084696,-2.089693,-2.607578,-3.495103,-2.832992,-2.759871,-1.212203,-1.152114,-0.8910698,-0.9636925,-1.356552,23,23,23,23,23,23,23,23,23,23,23,23,23,23,23,23,517,5170,-1.493566,-3.453692,-5.620811,-1.547958,-1.681626,-2.167454,-1.424456,-67.8191,-0.1236933,0.7268625,-0.3576317,-0.3638952,0.0009663975,0.8907881,0.5533235,0.701932,22,22,22,22,22,22,22,22,22,22,22,22,22,22,22,22
518,5180,-52.90331,-60.21075,-37.54571,-35.07755,-31.37024,-24.4356,-19.52742,-15.55087,-13.36676,-12.66908,-9.976482,-10.7176,-9.299215,-8.600946,-7.521317,-0.1206793,23,23,23,23,23,23,23,23,23,23,23,23,23,23,23,23,518,5180,-6.455972,-4.876585,-4.190454,-4.524806,8.141522,2.084645,-3.003902,-2.607578,-2.71841,-2.961763,-1.971335,-1.481569,-0.7680917,-1.113836,-0.3614447,-0.7913254,23,23,23,23,23,23,23,23,23,23,23,23,23,23,23,23,518,5180,-1.72335,-3.453692,-5.8764,-1.289979,-0.6454451,-1.275753,-0.5193279,-66.50674,0.7415238,-0.3619463,-0.1192297,-0.6064481,0.0009663975,0.001439964,0.442655,1.287113,22,22,22,22,22,22,22,22,22,22,22,22,22,22,22,22
519,5190,-50.37847,-59.24351,-36.19179,-32.39838,-29.07745,-22.09114,-17.74079,-14.0462,-11.75863,-10.94804,-8.55234,-8.952526,-7.98779,-8.004269,-6.805002,-0.1206793,23,23,23,23,23,23,23,23,23,23,23,23,23,23,23,23,519,5190,-6.724969,-5.140184,-4.583299,-4.524806,8.141522,2.452916,-3.787509,-2.086064,-3.236205,-3.090535,-1.577071,-1.750934,-0.5120783,-0.4455365,-0.2409954,-1.243506,23,23,23,23,23,23,23,23,23,23,23,23,23,23,23,23,519,5190,-1.493566,-3.197866,-6.004194,-1.805938,-1.681626,-1.403147,-1.165798,-67.70973,-0.1236933,0.7268625,-0.7152345,-0.849001,-0.1091194,0.001439964,-0.3320265,0.2337847,22,22,22,22,22,22,22,22,22,22,22,22,22,22,22,22
520,5200,-52.18193,-59.72713,-37.6688,-36.05179,-29.56015,-21.72096,-16.71986,-14.29698,-12.62455,-11.68563,-8.789698,-8.826448,-7.510908,-8.839618,-7.282546,0.1207242,23,23,23,23,23,23,23,23,23,23,23,23,23,23,23,23,520,5200,-5.917978,-4.612987,-5.238041,-4.912643,8.141522,2.330142,-3.134502,-2.346866,-2.588961,-2.832992,-1.577071,-1.07752,-1.024107,-1.447986,-0.4818944,-0.7913254,23,23,23,23,23,23,23,23,23,23,23,23,23,23,23,23,520,5200,-0.4595428,-3.581604,-5.748606,-1.289979,-1.163535,-0.6387879,-0.5192773,-66.83482,0.370717,-0.2409669,-2.88956E-05,0.1212106,0.1110522,0.2237772,0.5533235,0.8189656,22,22,22,22,22,22,22,22,22,22,22,22,22,22,22,22
521,5210,-51.82124,-60.33165,-37.17646,-35.07755,-28.59477,-20.73382,-15.57131,-14.54776,-12.50084,-12.30028,-9.145732,-9.078603,-8.226232,-9.31696,-7.879157,-0.7241912,23,23,23,23,23,23,23,23,23,23,23,23,23,23,23,23,521,5210,-7.262963,-5.403783,-6.023732,-5.30048,8.141522,2.575639,-3.395705,-2.477246,-3.236203,-2.575448,-1.445647,-0.9428379,-1.536134,-0.6683024,-0.8432428,-1.356552,23,23,23,23,23,23,23,23,23,23,23,23,23,23,23,23,521,5210,-1.493566,-3.197866,-6.259783,-1.289979,-2.329239,-1.785325,-1.55371,-67.8191,-0.1236933,0.2429478,-0.2384309,-0.1213423,0.0009663975,-0.1097286,-0.5533637,0.1167511,22,22,22,22,22,22,22,22,22,22,22,22,22,22,22,22
522,5220,-48.9357,-58.8808,-34.59169,-31.42414,-25.93998,-19.25311,-14.8056,-13.67003,-11.38752,-10.94804,-8.077626,-9.204679,-7.272467,-7.884891,-7.163159,0.3621294,23,23,23,23,23,23,23,23,23,23,23,23,23,23,23,23,522,5220,-7.262963,-6.589977,-7.202261,-4.783364,8.404229,2.698361,-3.395705,-2.346866,-2.45951,-2.189132,-1.445647,-1.750934,-1.920153,-0.6683024,-0.4818944,-1.017417,23,23,23,23,23,23,23,23,23,23,23,23,23,23,23,23,522,5220,-0.8042192,-3.453692,-5.8764,-1.16099,-1.163535,-1.020967,-1.424406,-68.36592,-9.070009E-05,-0.4828712,-0.2384309,0.1212106,0.1110522,0.3349458,-1.926374E-05,0.9359993,22,22,22,22,22,22,22,22,22,22,22,22,22,22,22,22
523,5230,-49.89755,-58.8808,-35.45328,-32.2766,-28.59477,-18.38936,-14.93322,-13.29386,-12.25344,-10.08753,-8.789696,-8.952526,-7.153246,-7.048614,-7.043774,-0.2413826,23,23,23,23,23,23,23,23,23,23,23,23,23,23,23,23,523,5230,-7.666317,-8.17157,-6.809416,-5.42976,8.535582,2.330142,-3.003902,-2.99876,-2.977307,-2.317904,-1.839863,-1.885616,-1.024107,-1.893519,-1.44549,-1.695687,23,23,23,23,23,23,23,23,23,23,23,23,23,23,23,23,523,5230,-0.6893271,-3.069953,-5.8764,-1.418968,-2.199716,-1.785325,-1.683014,-67.60036,0.1235119,-0.6038475,-0.9535859,0.3637635,0.3312239,0.001439964,-0.4426951,0.4678584,22,22,22,22,22,22,22,22,22,22,22,22,22,22,22,22
524,5240,-51.94146,-59.0017,-35.94562,-31.42414,-27.1467,-17.7724,-15.18845,-14.54776,-12.62454,-10.94804,-9.027053,-9.96114,-7.86857,-7.765424,-5.491761,2.247436E-05,23,23,23,23,23,23,23,23,23,23,23,23,23,23,23,23,524,5240,-7.935027,-7.248974,-6.940364,-5.30048,8.404229,2.084645,-2.481497,-2.346866,-3.365652,-2.06036,-0.9199076,-2.020296,-1.024107,-1.225219,-1.084142,-1.695687,23,23,23,23,23,23,23,23,23,23,23,23,23,23,23,23,524,5240,-0.8042192,-3.453692,-6.259783,-1.676948,-1.42258,-1.657932,-1.55371,-68.25655,-9.070009E-05,-1.208742,0.1192233,0.1212203,0.4413097,0.2237772,-1.926374E-05,0.701932,22,22,22,22,22,22,22,22,22,22,22,22,22,22,22,22
525,5250,-54.58653,-58.27628,-34.71478,-30.4499,-26.42267,-16.78526,-15.06084,-13.92081,-12.12974,-11.31684,-8.077625,-9.330755,-7.153248,-7.048614,-5.491761,0.241426,23,23,23,23,23,23,23,23,23,23,23,23,23,23,23,23,525,5250,-7.53196,-7.907971,-6.940364,-5.42976,8.141522,1.961922,-3.003902,-2.86838,-2.588959,-1.931588,-1.971284,-2.154978,-0.6401372,-2.339051,-1.686389,-1.80873,23,23,23,23,23,23,23,23,23,23,23,23,23,23,23,23,525,5250,-0.8042192,-3.709517,-6.131989,-2.450886,-1.940671,-2.677077,-2.070926,-67.92847,0.370717,0.001043452,-0.4767819,-5.779121E-05,0.5514437,0.1126086,-0.3320265,-0.000288956,22,22,22,22,22,22,22,22,22,22,22,22,22,22,22,22
526,5260,-54.10561,-59.48532,-33.60702,-30.69346,-24.1299,-17.52561,-14.93322,-15.04931,-12.74825,-12.792,-8.55234,-10.7176,-8.345453,-9.31696,-7.043774,-0.4827861,23,23,23,23,23,23,23,23,23,23,23,23,23,23,23,23,526,5260,-8.069382,-8.435169,-6.023732,-4.912643,8.798287,2.207419,-3.265104,-3.259517,-2.200614,-1.4165,-1.70844,-2.154978,-1.664193,-2.339106,-1.686389,-1.356552,23,23,23,23,23,23,23,23,23,23,23,23,23,23,23,23,526,5260,-0.6893271,-3.965343,-5.620811,-2.192907,-2.199716,-1.020967,-1.55371,-67.92847,-0.1236933,-0.6038475,0.1192233,0.485048,0.3312721,0.3349442,-0.221358,0.701932,22,22,22,22,22,22,22,22,22,22,22,22,22,22,22,22
527,5270,-54.10561,-60.21075,-35.57636,-30.32812,-24.00923,-17.52561,-14.55037,-14.79853,-12.99565,-11.31684,-8.433661,-10.21329,-8.345453,-8.362275,-6.566282,-0.844893,23,23,23,23,23,23,23,23,23,23,23,23,23,23,23,23,527,5270,-8.741156,-8.830109,-6.416571,-5.42976,7.878817,2.084645,-3.395705,-3.911415,-2.071165,-2.06036,-2.102707,-1.212201,-1.7922,-2.227723,-1.806839,-1.356552,23,23,23,23,23,23,23,23,23,23,23,23,23,23,23,23,527,5270,-1.034,-4.093256,-6.387578,-3.095834,-2.458762,-1.657932,-2.329535,-68.03783,-9.070009E-05,-0.3618917,-0.5959831,-5.779121E-05,-0.5494146,-0.1097295,-0.9960427,0.701932,22,22,22,22,22,22,22,22,22,22,22,22,22,22,22,22
528,5280,-50.61893,-58.63898,-32.9916,-28.50142,-22.56116,-17.52561,-14.16752,-13.92081,-12.50084,-11.43977,-8.908375,-10.08722,-8.226233,-8.958954,-7.043825,2.247436E-05,23,23,23,23,23,23,23,23,23,23,23,23,23,23,23,23,528,5280,-8.203735,-7.644372,-5.892783,-4.136969,7.222103,2.452916,-3.003902,-2.99876,-1.941717,-1.802816,-1.971284,-1.481566,-2.176219,-2.561872,-1.56594,-1.582583,23,23,23,23,23,23,23,23,23,23,23,23,23,23,23,23,528,5280,-1.608458,-3.709517,-5.237428,-1.805938,-2.329239,-1.020967,-1.812318,-68.58464,-0.1236933,-0.724827,0.1192233,0.2424951,0.2211862,0.5572814,0.3319848,1.391047,22,22,22,22,22,22,22,22,22,22,22,22,22,22,22,22
529,5290,-51.58078,-58.51808,-33.7301,-28.74498,-25.69863,-16.41508,-13.65705,-13.29386,-12.87195,-10.70218,-9.383088,-9.96114,-9.060777,-8.24294,-6.92444,2.247436E-05,23,23,23,23,23,23,23,23,23,23,23,23,23,23,23,23,529,5290,-7.666316,-6.589977,-4.714247,-4.524806,7.484809,2.575639,-3.918109,-2.738003,-2.200614,-1.674044,-1.971284,-1.077519,-1.664193,-1.559424,-1.44549,-1.582583,23,23,23,23,23,23,23,23,23,23,23,23,23,23,23,23,529,5290,-1.033949,-3.709517,-6.004194,-2.837855,-2.329239,-2.549684,-2.20023,-68.03783,0.1235119,-0.3618917,-0.7151839,0.1212203,-0.4393288,-0.6655717,-0.5533669,0.6889483,22,22,22,22,22,22,22,22,22,22,22,22,22,22,22,22
530,5300,-53.26401,-58.51807,-32.86851,-26.18759,-21.35443,-15.05776,-12.89135,-13.54464,-11.88233,-12.05442,-9.383088,-10.33937,-8.822337,-8.600946,-6.446897,2.247436E-05,23,23,23,23,23,23,23,23,23,23,23,23,23,23,23,23,530,5300,-6.321474,-4.876585,-4.059505,-3.361294,8.272876,2.452916,-3.918109,-1.955728,-1.165024,-1.545272,-1.70844,-1.346884,-2.176219,-2.11634,-1.204591,-2.260853,23,23,23,23,23,23,23,23,23,23,23,23,23,23,23,23,530,5300,-0.8041679,-3.709569,-5.237428,-2.708865,-2.070194,-1.020967,-2.20023,-68.80338,0.6179212,-0.724827,0.238424,0.485048,0.991787,0.6684492,0.1106461,1.976125,22,22,22,22,22,22,22,22,22,22,22,22,22,22,22,22
531,5310,-49.65709,-57.06721,-32.74543,-26.91828,-23.16451,-17.40222,-13.65705,-12.41613,-11.63493,-12.05442,-9.145732,-10.84368,-7.630132,-8.123604,-6.805054,0.844938,23,23,23,23,23,23,23,23,23,23,23,23,23,23,23,23,531,5310,-6.321474,-5.008385,-4.19046,-4.136969,8.272876,1.593702,-3.787509,-2.477246,-2.071165,-2.189132,-1.445596,-1.750931,-2.688246,-1.670808,-1.084142,-2.260853,23,23,23,23,23,23,23,23,23,23,23,23,23,23,23,23,531,5310,-1.493514,-3.709569,-6.515423,-2.579876,-2.329239,-1.403147,-1.295102,-67.92847,-0.3708984,-1.087762,0.5960272,0.3637732,-0.2191571,-0.6655717,-0.774704,0.9229834,22,22,22,22,22,22,22,22,22,22,22,22,22,22,22,22
532,5320,-49.2964,-57.30902,-32.74543,-28.25786,-22.92318,-17.27883,-12.89135,-11.91458,-11.26382,-12.66908,-9.383088,-11.22191,-8.226233,-9.555632,-7.521368,-0.2413826,23,23,23,23,23,23,23,23,23,23,23,23,23,23,23,23,532,5320,-6.321474,-4.481187,-3.535717,-3.619801,8.535582,1.839199,-3.265104,-1.564591,-2.45951,-1.931588,-1.445596,-1.885613,-2.688246,-1.782191,-1.325041,-2.713034,23,23,23,23,23,23,23,23,23,23,23,23,23,23,23,23,532,5320,-2.067972,-3.709569,-6.004245,-2.966793,-2.717807,-1.275753,-2.588142,-69.13146,-0.3708984,-0.724827,-0.5959831,0.2424951,0.5514437,-0.1097295,0.2213162,1.039998,22,22,22,22,22,22,22,22,22,22,22,22,22,22,22,22
533,5330,-51.22009,-57.79264,-33.11468,-28.74498,-22.44047,-15.18115,-11.35995,-11.28763,-10.2742,-10.70218,-8.671017,-9.708985,-7.868572,-8.839618,-7.521368,-1.327702,23,23,23,23,23,23,23,23,23,23,23,23,23,23,23,23,533,5330,-5.648981,-4.085789,-3.404769,-4.007638,8.141522,0.9799848,-3.265104,-1.694971,-1.812268,-2.189132,-1.577019,-2.693708,-2.048212,-2.227723,-1.806839,-2.486942,23,23,23,23,23,23,23,23,23,23,23,23,23,23,23,23,533,5330,-1.608406,-4.604959,-6.515423,-2.837803,-2.199769,-2.677077,-0.2606696,-67.05356,-0.6181034,0.2430024,0.476826,0.485048,-0.6595004,-0.9990776,-0.110691,0.9229834,22,22,22,22,22,22,22,22,22,22,22,22,22,22,22,22
534,5340,-50.01778,-56.34179,-32.25309,-27.52718,-24.12989,-16.41508,-12.25327,-11.53841,-10.76901,-10.33339,-9.145732,-8.952524,-8.226233,-7.76543,-7.521368,-0.1206793,23,23,23,23,23,23,23,23,23,23,23,23,23,23,23,23,534,5340,-5.110986,-4.217588,-3.273821,-3.231964,8.01017,1.225585,-2.612098,-1.694971,-1.682819,-1.802816,-1.839863,-2.82839,-2.304227,-2.11634,-1.44549,-3.052169,23,23,23,23,23,23,23,23,23,23,23,23,23,23,23,23,534,5340,-1.838191,-4.22122,-6.13204,-3.482751,-2.199769,-1.785325,-2.588142,-69.56892,-0.1236933,-0.2409123,-0.1191791,-0.1213326,0.1111004,0.001439162,-0.3320282,1.508062,22,22,22,22,22,22,22,22,22,22,22,22,22,22,22,22
535,5350,-50.61893,-55.97907,-31.63767,-26.06581,-23.88854,-16.29169,-12.12565,-11.41302,-10.3979,-8.981154,-9.145732,-9.204679,-7.27247,-6.809682,-5.849969,-0.1206793,23,23,23,23,23,23,23,23,23,23,23,23,23,23,23,23,535,5350,-5.110986,-4.217588,-3.273821,-2.844127,7.747464,1.225585,-2.612049,-1.564591,-2.588959,-1.931588,-1.839863,-3.36712,-2.304227,-1.893574,-2.047738,-3.730438,23,23,23,23,23,23,23,23,23,23,23,23,23,23,23,23,535,5350,-2.067972,-4.732872,-6.771012,-3.482751,-3.106428,-2.677077,-1.683013,-67.92847,-0.4945009,-0.3618917,-0.3575807,-0.1213326,-0.7695863,-0.5544031,-0.4426983,0.8059691,22,22,22,22,22,22,22,22,22,22,22,22,22,22,22,22
536,5360,-48.33456,-55.73726,-32.13001,-26.55294,-24.25056,-16.0449,-11.23233,-10.91146,-9.903093,-10.08753,-7.840269,-8.700371,-7.153248,-6.092873,-6.446897,-0.1206793,23,23,23,23,23,23,23,23,23,23,23,23,23,23,23,23,536,5360,-5.514482,-3.294993,-2.619078,-1.939173,8.798287,0.8573133,-2.220245,-1.043029,-2.330063,-1.802816,-2.628399,-2.424343,-1.7922,-2.004957,-2.288637,-3.504347,23,23,23,23,23,23,23,23,23,23,23,23,23,23,23,23,536,5360,-1.263733,-4.093307,-6.259834,-2.321845,-1.940724,-1.912718,-2.070925,-68.91274,-0.3708984,-0.1199328,2.207303E-05,0.485048,0.1111004,-0.3320659,-0.2213596,1.274033,22,22,22,22,22,22,22,22,22,22,22,22,22,22,22,22
537,5370,-47.13226,-56.5836,-30.52991,-26.06581,-21.23376,-15.18116,-10.59425,-11.53841,-9.903093,-11.31684,-7.721591,-9.330755,-6.437926,-7.287558,-6.446897,-0.9655948,23,23,23,23,23,23,23,23,23,23,23,23,23,23,23,23,537,5370,-5.110986,-3.95399,-3.273821,-2.585569,7.747464,1.225585,-3.134454,-1.694923,-2.847859,-2.189132,-3.416931,-2.82839,-2.176219,-2.11634,-2.770435,-3.052169,23,23,23,23,23,23,23,23,23,23,23,23,23,23,23,23,537,5370,-2.182864,-6.39574,-6.004245,-2.321845,-2.199769,-2.549683,-1.424405,-68.47529,0.1235119,0.6059376,0.238424,-0.2426107,-0.5494146,-1.110245,-0.6640354,1.039998,22,22,22,22,22,22,22,22,22,22,22,22,22,22,22,22
538,5380,-46.41087,-56.09998,-31.02225,-27.04006,-22.92316,-15.92151,-11.87042,-12.7923,-10.76901,-11.80856,-8.077625,-9.96114,-6.795587,-7.407025,-5.372426,-0.2413826,23,23,23,23,23,23,23,23,23,23,23,23,23,23,23,23,538,5380,-5.379983,-4.217588,-3.273821,-2.197731,7.09075,1.348307,-2.089645,-1.694923,-2.588961,-2.189132,-2.891243,-1.885613,-1.536185,-2.339106,-2.047738,-2.713034,23,23,23,23,23,23,23,23,23,23,23,23,23,23,23,23,538,5380,-1.723299,-4.22122,-5.876451,-1.547907,-1.422633,-2.931862,-2.588141,-69.3502,0.9887289,-0.1199328,-0.4767819,0.485048,0.1111004,-0.3320659,0.1106461,1.859111,22,22,22,22,22,22,22,22,22,22,22,22,22,22,22,22
539,5390,-47.25248,-56.46268,-30.89916,-27.89252,-22.19914,-15.55133,-11.48757,-11.78919,-10.76901,-10.57925,-8.433661,-9.204679,-6.557146,-6.690215,-5.849969,-0.4827861,23,23,23,23,23,23,23,23,23,23,23,23,23,23,23,23,539,5390,-6.186975,-4.744786,-3.142872,-3.102685,6.828044,1.839302,-2.873252,-1.95568,-2.588961,-2.961763,-3.679778,-2.424343,-2.176219,-3.007406,-3.372682,-2.826077,23,23,23,23,23,23,23,23,23,23,23,23,23,23,23,23,539,5390,-3.101998,-4.732872,-5.876451,-2.579824,-2.458814,-2.677077,-1.683013,-67.92847,0.4943187,0.2430024,-0.3575807,-0.1213326,-0.4393288,-0.2208981,0.4426534,1.508062,22,22,22,22,22,22,22,22,22,22,22,22,22,22,22,22
540,5400,-48.57502,-56.5836,-33.73011,-30.20634,-22.80249,-15.18116,-13.14658,-12.54152,-10.76901,-10.21046,-8.671017,-8.448218,-6.318705,-6.33181,-5.730583,0.241426,23,23,23,23,23,23,23,23,23,23,23,23,23,23,23,23,540,5400,-7.128465,-4.876585,-3.535717,-2.973406,6.565338,1.593804,-1.959043,-1.8253,-2.588961,-2.317904,-3.416931,-1.616248,-1.920204,-2.11634,-2.770435,-2.826077,23,23,23,23,23,23,23,23,23,23,23,23,23,23,23,23,540,5400,-1.723299,-4.732872,-7.0266,-2.708814,-2.458814,-3.059256,-2.84675,-69.02211,-9.070009E-05,-0.1199328,-0.1191791,0.3638245,-0.3292429,-0.3320659,0.1106461,1.508062,22,22,22,22,22,22,22,22,22,22,22,22,22,22,22,22
541,5410,-48.21433,-57.06721,-33.23777,-29.841,-22.68182,-15.30455,-11.7428,-10.91146,-9.160879,-9.104086,-7.246876,-7.691757,-5.603379,-6.690215,-5.849969,-0.3620844,23,23,23,23,23,23,23,23,23,23,23,23,23,23,23,23,541,5410,-6.993966,-5.799181,-3.011924,-3.231964,7.484809,1.962024,-2.089645,-1.694923,-1.941719,-2.70422,-3.548355,-2.020296,-1.792145,-2.561872,-2.529536,-2.486942,23,23,23,23,23,23,23,23,23,23,23,23,23,23,23,23,541,5410,-2.757321,-4.988698,-6.004245,-2.321845,-2.070246,-2.040112,-1.812317,-68.69401,0.370717,0.001043452,-0.3575807,-0.3638342,-0.5494146,-0.4432353,-0.2213596,0.8059691,22,22,22,22,22,22,22,22,22,22,22,22,22,22,22,22
542,5420,-45.44903,-56.94631,-32.37618,-29.11032,-21.71644,-15.79812,-11.48757,-11.91458,-9.779391,-9.964601,-6.653484,-8.322141,-6.080263,-7.884901,-6.446897,-0.7241912,23,23,23,23,23,23,23,23,23,23,23,23,23,23,23,23,542,5420,-7.800671,-5.930981,-3.535717,-3.74908,8.272876,2.207521,-2.220245,-1.8253,-1.941719,-2.70422,-2.234131,-2.020296,-1.920153,-2.673251,-1.56594,-1.921718,23,23,23,23,23,23,23,23,23,23,23,23,23,23,23,23,542,5420,-1.953083,-4.732872,-6.004245,-2.579824,-1.811201,-3.186648,-2.070925,-68.80338,0.370717,0.001043452,0.1192233,0.4850994,-0.4393288,0.6685006,-0.2213596,1.508062,22,22,22,22,22,22,22,22,22,22,22,22,22,22,22,22
543,5430,-44.60741,-57.18812,-31.02225,-26.91828,-20.87174,-16.1683,-12.76373,-12.66691,-11.63493,-11.19391,-8.077625,-9.582911,-7.391688,-8.481611,-6.327511,-0.7241912,23,23,23,23,23,23,23,23,23,23,23,23,23,23,23,23,543,5430,-8.203735,-6.589978,-4.452357,-4.136917,7.616162,2.084747,-2.612049,-2.216437,-2.200615,-2.575448,-2.234131,-2.424343,-1.664138,-2.227716,-2.288172,-1.921718,23,23,23,23,23,23,23,23,23,23,23,23,23,23,23,23,543,5430,-2.067972,-4.988698,-6.515423,-2.579824,-2.070246,-2.167504,-0.7778849,-68.14719,-9.070009E-05,0.4849581,-0.3575807,-0.4851122,-1.320019,-1.221363,-0.221358,0.8059691,22,22,22,22,22,22,22,22,22,22,22,22,22,22,22,22
544,5440,-45.68949,-56.46268,-30.89916,-26.55294,-19.18232,-13.94723,-11.7428,-12.03997,-10.2742,-9.964601,-8.196304,-8.952526,-7.391688,-8.720283,-7.879156,0.2414292,23,23,23,23,23,23,23,23,23,23,23,23,23,23,23,23,544,5440,-8.6068,-7.117175,-5.761841,-4.654034,8.01017,2.575741,-2.612049,-1.564543,-2.459514,-2.575448,-1.577019,-1.885613,-1.53613,-1.782185,-1.324408,-1.921718,23,23,23,23,23,23,23,23,23,23,23,23,23,23,23,23,544,5440,-2.067972,-4.860785,-5.493068,-2.192854,-2.199769,-2.040112,-2.717445,-69.24083,0.2471144,-0.2409123,-0.3575807,0.6063775,0.001014557,-0.4431839,0.1106493,1.274027,22,22,22,22,22,22,22,22,22,22,22,22,22,22,22,22
545,5450,-49.17617,-57.06721,-33.60702,-30.81524,-24.12989,-16.41508,-13.78467,-12.91769,-11.63493,-9.718739,-8.671017,-8.700372,-8.822333,-7.765434,-8.236793,2.407967E-05,23,23,23,23,23,23,23,23,23,23,23,23,23,23,23,23,545,5450,-9.278574,-7.248974,-6.154686,-4.654034,8.01017,1.962024,-3.003852,-1.434166,-2.200615,-2.961763,-1.971284,-2.020296,-2.560188,-1.448034,-1.80629,-1.695629,23,23,23,23,23,23,23,23,23,23,23,23,23,23,23,23,545,5450,-2.757373,-5.628263,-5.365273,-2.837803,-2.329292,-2.167504,-1.683013,-68.47529,-0.1236933,0.8478966,2.207303E-05,-0.7276652,-0.8796753,-0.1096781,-0.3320265,1.508062,22,22,22,22,22,22,22,22,22,22,22,22,22,22,22,22
546,5460,-48.81548,-56.94631,-30.77608,-25.94403,-20.38905,-15.42794,-12.76373,-12.91769,-11.26382,-10.57925,-9.027053,-9.456833,-8.464672,-7.765434,-7.521368,-0.8448914,23,23,23,23,23,23,23,23,23,23,23,23,23,23,23,23,546,5460,-9.009865,-7.644372,-7.725304,-4.783312,8.141522,1.839302,-2.873252,-2.477198,-2.977308,-1.674044,-1.182752,-1.885613,-2.048157,-1.559417,-1.324408,-1.921718,23,23,23,23,23,23,23,23,23,23,23,23,23,23,23,23,546,5460,-1.608458,-4.988698,-6.387629,-2.450834,-2.199769,-2.677077,-2.458838,-68.69401,0.2471144,-0.9667859,-0.4767819,-0.1212813,-0.6595004,-0.3320145,0.6639937,1.508062,22,22,22,22,22,22,22,22,22,22,22,22,22,22,22,22
547,5470,-47.61317,-55.97907,-28.92982,-24.23911,-19.66502,-14.4408,-11.48757,-10.66068,-10.3979,-9.104086,-7.958948,-8.574295,-8.107012,-8.004269,-7.282596,0.1207274,23,23,23,23,23,23,23,23,23,23,23,23,23,23,23,23,547,5470,-9.681639,-8.17157,-7.463773,-5.429708,8.404229,1.839302,-2.74265,-1.694923,-2.200615,-1.802816,-1.577019,-1.481566,-1.408123,-1.113884,-1.80629,-1.695629,23,23,23,23,23,23,23,23,23,23,23,23,23,23,23,23,547,5470,-2.068023,-4.988698,-6.131989,-2.450834,-1.811201,-1.657932,-1.553709,-68.25655,0.1235119,0.1220229,0.1192233,-0.1212813,-0.8796753,-0.8878576,-0.3320265,1.391047,22,22,22,22,22,22,22,22,22,22,22,22,22,22,22,22
548,5480,-47.73341,-56.7045,-27.82206,-24.23911,-19.06165,-16.0449,-12.38088,-12.16536,-9.903093,-10.45632,-7.602912,-9.456833,-7.86857,-9.197625,-7.401982,-0.9655932,23,23,23,23,23,23,23,23,23,23,23,23,23,23,23,23,548,5480,-9.950348,-8.566834,-7.071326,-4.654034,8.535582,2.084747,-2.089645,-1.8253,-2.71841,-1.674044,-1.051328,-1.616248,-1.664138,-1.448034,-1.80629,-2.599988,23,23,23,23,23,23,23,23,23,23,23,23,23,23,23,23,548,5480,-1.493566,-4.860785,-6.259783,-2.579876,-1.940724,-1.657932,-1.812317,-68.91274,-0.1236933,-0.1199328,0.238424,0.6063775,-0.4393288,-0.3320145,0.1106493,1.391047,22,22,22,22,22,22,22,22,22,22,22,22,22,22,22,22
549,5490,-45.44903,-55.85816,-27.69898,-23.87377,-19.78569,-15.18116,-11.7428,-10.4099,-10.0268,-9.472878,-8.314983,-8.574295,-7.391688,-8.362275,-6.566282,-0.1206777,23,23,23,23,23,23,23,23,23,23,23,23,23,23,23,23,549,5490,-8.875509,-8.566834,-7.725297,-5.688267,8.404229,1.839302,-2.350847,-2.737955,-1.941719,-1.287728,-1.70844,-3.097755,-1.664138,-2.339099,-1.80629,-2.599988,23,23,23,23,23,23,23,23,23,23,23,23,23,23,23,23,549,5490,-1.838242,-5.244524,-6.387578,-2.321897,-1.940671,-1.657932,-0.7778849,-68.47529,0.370717,0.001043452,2.207303E-05,-0.3638342,-1.209933,-0.3320145,0.1106493,1.391047,22,22,22,22,22,22,22,22,22,22,22,22,22,22,22,22
550,5500,-44.72765,-55.49545,-27.20664,-24.36089,-21.71644,-16.90865,-12.5085,-9.782956,-8.418665,-7.628918,-7.128197,-7.439604,-6.914806,-7.287558,-6.08874,-0.3620828,23,23,23,23,23,23,23,23,23,23,23,23,23,23,23,23,550,5500,-9.412929,-10.40975,-6.940377,-5.558987,8.404229,1.225533,-2.74265,-2.737955,-1.553372,-1.545272,-1.314172,-2.154978,-1.53613,-2.673251,-2.408642,-2.260853,23,23,23,23,23,23,23,23,23,23,23,23,23,23,23,23,550,5500,-1.608458,-4.732873,-5.748606,-1.934928,-1.681626,-2.80447,-2.458838,-68.80338,-0.2472958,0.2430024,-0.1191791,0.7276523,0.2211862,0.001490532,0.2213179,0.8059626,22,22,22,22,22,22,22,22,22,22,22,22,22,22,22,22
551,5510,-47.49295,-56.22087,-30.16066,-26.30938,-22.56114,-17.03204,-12.89135,-10.28451,-9.408285,-9.349947,-8.314983,-8.700372,-7.98779,-9.197625,-6.446897,0.8449396,23,23,23,23,23,23,23,23,23,23,23,23,23,23,23,23,551,5510,-9.681639,-9.488291,-7.333011,-5.817545,8.141522,1.593753,-2.481445,-2.607575,-2.330065,-1.4165,-1.70844,-2.154978,-1.664138,-3.118783,-2.047231,-2.486942,23,23,23,23,23,23,23,23,23,23,23,23,23,23,23,23,551,5510,-1.493566,-5.244524,-5.748606,-2.450886,-2.588284,-1.657933,-1.812368,-68.91274,-0.2472958,0.4849581,0.238424,-0.2425593,-1.099847,-0.5543517,0.3319864,1.274027,22,22,22,22,22,22,22,22,22,22,22,22,22,22,22,22
552,5520,-47.37271,-56.22087,-29.42216,-25.45691,-21.23376,-15.42794,-11.23233,-9.657567,-8.418665,-8.735292,-7.958948,-8.069987,-7.86857,-7.884901,-6.446897,-0.3620828,23,23,23,23,23,23,23,23,23,23,23,23,23,23,23,23,552,5520,-10.35341,-9.488291,-7.071326,-5.429708,7.484809,2.084696,-2.481445,-2.998715,-1.682821,-0.7726403,-2.234131,-0.9428363,-1.920153,-2.116333,-2.167701,-1.808675,23,23,23,23,23,23,23,23,23,23,23,23,23,23,23,23,552,5520,-2.068023,-5.116611,-5.620811,-1.805938,-1.681626,-1.912719,-2.458889,-68.80338,0.2471144,0.001043452,-0.1191791,0.3638245,0.1111004,-0.2208467,0.7746623,1.157012,22,22,22,22,22,22,22,22,22,22,22,22,22,22,22,22
553,5530,-46.05018,-56.09998,-30.40683,-25.45691,-18.69964,-15.30455,-10.9771,-10.66068,-8.542367,-10.57925,-8.196304,-9.330756,-7.630128,-9.913639,-7.759945,-0.6034863,23,23,23,23,23,23,23,23,23,23,23,23,23,23,23,23,553,5530,-9.950348,-8.698471,-6.154686,-5.300429,7.222103,1.961973,-3.265052,-1.694926,-1.553372,-0.5150962,-1.577019,-1.346884,-1.792145,-1.782185,-1.083466,-1.921718,23,23,23,23,23,23,23,23,23,23,23,23,23,23,23,23,553,5530,-2.412699,-4.477047,-6.131989,-2.450886,-1.163535,-1.14836,-1.683065,-67.8191,0.1235119,-0.1199328,0.1192233,-1.091493,-0.1090713,0.2238278,-0.4426951,1.157012,22,22,22,22,22,22,22,22,22,22,22,22,22,22,22,22
554,5540,-44.48718,-56.09998,-29.66832,-26.43116,-19.90635,-14.81098,-11.48757,-10.91146,-10.1505,-10.70218,-9.501767,-10.33937,-8.703114,-10.51032,-7.043825,-0.724188,23,23,23,23,23,23,23,23,23,23,23,23,23,23,23,23,554,5540,-10.21906,-7.907971,-6.416584,-4.524755,8.141522,1.716476,-2.873249,-1.043032,-1.553372,-0.901412,-1.314172,-1.346884,-2.304173,-1.448034,-1.203937,-2.260853,23,23,23,23,23,23,23,23,23,23,23,23,23,23,23,23,554,5540,-1.263785,-5.116611,-5.620811,-1.676948,-1.163535,-2.422291,-1.683065,-68.03783,0.1235119,0.3639819,2.207303E-05,0.4850994,-0.4393288,0.3349956,0.8853308,1.039998,22,22,22,22,22,22,22,22,22,22,22,22,22,22,22,22
555,5550,-44.60741,-55.49545,-28.80673,-25.33513,-19.78569,-13.82383,-11.61518,-11.03685,-9.408285,-9.841669,-9.501767,-9.204679,-8.822333,-9.555632,-7.998368,-0.4827845,23,23,23,23,23,23,23,23,23,23,23,23,23,23,23,23,555,5550,-9.950348,-7.380774,-6.547532,-4.266197,8.272876,0.857262,-3.787458,-2.21644,-1.423924,-1.158956,-1.70844,-1.481566,-2.43218,-1.559417,-0.4811138,-1.921718,23,23,23,23,23,23,23,23,23,23,23,23,23,23,23,23,555,5550,-1.608458,-4.988698,-6.131989,-1.547958,-1.293058,-1.020967,-1.295152,-68.03783,0.1235119,0.3639819,0.238424,-0.4851122,-0.3292429,-0.1096781,-1.926374E-05,1.508062,22,22,22,22,22,22,22,22,22,22,22,22,22,22,22,22
556,5560,-44.60741,-55.49545,-29.54524,-26.1876,-20.99241,-13.82383,-11.99803,-9.281399,-9.655689,-10.08753,-9.739123,-10.21329,-9.537657,-9.794303,-7.759945,-0.2413794,23,23,23,23,23,23,23,23,23,23,23,23,23,23,23,23,556,5560,-9.681639,-8.566834,-6.809429,-5.429708,8.535582,1.225533,-2.481445,-1.564546,-1.035577,-1.931588,-1.445596,-1.885616,-2.304173,-1.670802,-1.565349,-2.486942,23,23,23,23,23,23,23,23,23,23,23,23,23,23,23,23,556,5560,-1.608458,-4.604959,-5.493017,-1.418968,-1.811148,-2.422291,-1.683065,-67.70973,0.2471144,0.8478966,0.476826,0.3638245,-0.6595004,0.001490532,0.1106493,1.274027,22,22,22,22,22,22,22,22,22,22,22,22,22,22,22,22
557,5570,-45.80972,-55.61635,-31.39151,-29.59744,-23.40586,-14.68758,-12.12565,-11.03685,-10.1505,-10.21046,-10.21384,-10.33937,-9.299215,-9.674968,-8.11758,-0.2413794,23,23,23,23,23,23,23,23,23,23,23,23,23,23,23,23,557,5570,-9.547283,-7.380774,-6.285635,-5.688267,7.747464,1.225533,-2.742647,-1.694926,-1.165026,-1.674044,-1.314172,-1.885616,-1.664141,-1.448034,-1.083466,-2.373899,23,23,23,23,23,23,23,23,23,23,23,23,23,23,23,23,557,5570,-2.642481,-5.244524,-5.620811,-2.063917,-0.7749673,-1.020967,-2.070977,-68.36592,1.112332,0.2430024,-0.4767819,-0.7276652,-0.4393288,0.1126583,0.2213179,1.157012,22,22,22,22,22,22,22,22,22,22,22,22,22,22,22,22
558,5580,-44.24672,-55.73726,-29.54524,-26.55294,-20.99241,-15.05776,-12.38088,-11.16224,-10.1505,-12.30028,-9.027053,-10.46545,-9.895319,-10.74899,-8.952063,-0.3620828,23,23,23,23,23,23,23,23,23,23,23,23,23,23,23,23,558,5580,-8.203735,-6.985376,-6.416584,-5.429708,8.404229,0.3663192,-1.436636,-1.043032,-1.553372,-1.158956,-1.314172,-2.020299,-1.280119,-1.113836,-1.203937,-2.599988,23,23,23,23,23,23,23,23,23,23,23,23,23,23,23,23,558,5580,-1.493566,-4.477047,-4.98184,-0.9030101,-1.552103,-2.422291,-1.424456,-67.38165,0.2471144,0.3639819,2.207303E-05,-0.1212813,-0.1090713,0.3349956,0.1106493,1.859111,22,22,22,22,22,22,22,22,22,22,22,22,22,22,22,22
559,5590,-45.20856,-56.34179,-30.89916,-29.841,-22.80249,-16.78526,-13.52944,-13.16847,-12.37714,-13.52959,-10.45119,-11.47406,-10.61064,-11.34567,-8.356004,-1.3277,23,23,23,23,23,23,23,23,23,23,23,23,23,23,23,23,559,5590,-8.203735,-6.985376,-6.285635,-4.007638,8.141522,0.6117649,-2.873249,-1.173409,-2.200615,-0.901412,-1.445596,-2.963076,-1.536134,-1.559369,-1.56594,-2.939123,23,23,23,23,23,23,23,23,23,23,23,23,23,23,23,23,559,5590,-1.953134,-4.477047,-5.365222,-1.676948,-1.681626,-1.275754,-1.683065,-67.8191,0.4943195,0.1220229,0.476826,-0.2425593,-0.1090713,-0.1096781,0.1106493,1.508062,22,22,22,22,22,22,22,22,22,22,22,22,22,22,22,22
560,5600,-44.96811,-56.46268,-29.79141,-25.21335,-19.18232,-13.82383,-11.7428,-12.7923,-11.63493,-12.17735,-8.789696,-10.96975,-10.3722,-10.62965,-9.071275,-0.2413794,23,23,23,23,23,23,23,23,23,23,23,23,23,23,23,23,560,5600,-8.6068,-7.380774,-6.809429,-5.300429,7.878817,0.6117649,-2.089642,-1.955683,-1.553372,-0.6438683,-1.445596,-2.289664,-1.536134,-1.336603,-1.686389,-2.373957,23,23,23,23,23,23,23,23,23,23,23,23,23,23,23,23,560,5600,-1.72335,-4.604959,-5.365222,-1.547958,-1.293058,-2.549684,-2.070977,-67.92847,0.4943195,0.3639819,-0.1191791,-6.421245E-06,-0.6595004,0.4461642,0.442655,1.287113,22,22,22,22,22,22,22,22,22,22,22,22,22,22,22,22
561,5610,-45.80972,-55.61635,-30.28374,-27.28362,-22.92316,-16.90865,-14.29514,-12.7923,-12.25344,-11.93149,-11.16327,-11.85229,-12.03973,-11.465,-10.26339,2.407967E-05,23,23,23,23,23,23,23,23,23,23,23,23,23,23,23,23,561,5610,-7.397462,-7.117175,-7.333011,-4.524755,7.222103,0.7345391,-2.350844,-1.173409,-2.071166,-0.901412,-1.971284,-1.750934,-0.7680917,-1.002453,-1.927288,-2.373957,23,23,23,23,23,23,23,23,23,23,23,23,23,23,23,23,561,5610,-2.182912,-4.732873,-5.620811,-1.418968,-0.6454451,-1.14836,-1.036544,-67.38165,0.2471144,0.001043452,-0.2383799,-0.4851122,-0.4393288,0.001490532,-1.926374E-05,1.404147,22,22,22,22,22,22,22,22,22,22,22,22,22,22,22,22
562,5620,-45.80972,-55.98868,-30.653,-27.16184,-21.59577,-15.79812,-12.76373,-12.16536,-11.38752,-12.42321,-10.56987,-11.97837,-10.49142,-10.39098,-9.548122,-1.448402,23,23,23,23,23,23,23,23,23,23,23,23,23,23,23,23,562,5620,-6.455972,-6.853577,-6.285635,-4.395476,7.747464,1.225533,-1.697838,-1.173409,-1.553372,-1.030184,-1.445596,-1.212203,-0.6400858,-0.8910698,-1.56594,-1.695687,23,23,23,23,23,23,23,23,23,23,23,23,23,23,23,23,562,5620,-1.148889,-4.476995,-4.854045,-1.418968,-1.293058,-2.422291,-1.683065,-67.8191,0.370717,0.3639819,2.207303E-05,0.1212716,-0.1090713,0.77967,0.5533235,0.8189656,22,22,22,22,22,22,22,22,22,22,22,22,22,22,22,22
563,5630,-43.88603,-55.62591,-29.17599,-25.94403,-19.78569,-14.93437,-12.25327,-11.91458,-11.01642,-13.03787,-10.68855,-11.34799,-11.56363,-11.94234,-10.26339,0.6035361,23,23,23,23,23,23,23,23,23,23,23,23,23,23,23,23,563,5630,-6.859468,-6.326379,-5.499874,-4.654034,7.09075,1.348256,-1.567237,-1.434166,-1.423924,-1.4165,-2.234131,-1.616252,-1.152114,-1.002453,-1.56594,-1.695687,23,23,23,23,23,23,23,23,23,23,23,23,23,23,23,23,563,5630,-1.953128,-4.476995,-5.620812,-1.676948,-1.293058,-1.275754,-1.812368,-67.8191,-0.1236933,-0.3618917,-0.5959831,-0.2425593,-0.2191571,0.001490532,0.2213179,2.340441,22,22,22,22,22,22,22,22,22,22,22,22,22,22,22,22
564,5640,-46.65133,-57.31887,-30.03757,-26.43116,-19.42367,-14.93437,-11.35995,-12.16536,-12.12974,-12.792,-11.04459,-11.85229,-11.20655,-12.18102,-11.09788,-1.206997,23,23,23,23,23,23,23,23,23,23,23,23,23,23,23,23,564,5640,-5.917978,-6.458178,-5.237983,-4.395527,7.222103,1.716476,-1.82844,-1.564546,-1.294475,-2.06036,-2.759819,-1.07752,-1.024107,-1.893519,-1.56594,-1.582641,23,23,23,23,23,23,23,23,23,23,23,23,23,23,23,23,564,5640,-2.182912,-3.83743,-5.748606,-2.708814,-2.84733,-2.80447,-2.329585,-68.03783,-9.070009E-05,0.6059376,-0.4767819,-0.1212813,0.001014557,0.1126583,-0.3320265,0.8189656,22,22,22,22,22,22,22,22,22,22,22,22,22,22,22,22
565,5650,-48.57502,-57.43979,-29.29907,-25.21335,-18.4583,-14.81098,-11.35995,-12.16536,-10.89271,-12.54614,-10.33252,-10.84368,-10.49142,-11.465,-10.50182,-0.4827845,23,23,23,23,23,23,23,23,23,23,23,23,23,23,23,23,565,5650,-5.917978,-5.535582,-4.845138,-4.524806,7.747412,2.330193,-1.95904,-1.825303,-1.294475,-1.674044,-1.577019,-1.07752,-1.024107,-2.004902,-1.927288,-1.469595,23,23,23,23,23,23,23,23,23,23,23,23,23,23,23,23,565,5650,-1.723347,-4.860734,-5.620812,-2.321845,-1.94067,-2.677078,-1.812368,-67.27228,0.7415238,0.001043452,-0.4767819,-0.1212813,0.1111004,0.5573328,0.3319864,0.8189656,22,22,22,22,22,22,22,22,22,22,22,22,22,22,22,22
566,5660,-50.61893,-57.80257,-29.54524,-25.09157,-19.42367,-13.82383,-12.63612,-12.03997,-12.00603,-11.19391,-10.92591,-10.59152,-10.72986,-10.86832,-10.26339,-0.6034863,23,23,23,23,23,23,23,23,23,23,23,23,23,23,23,23,566,5660,-4.572993,-5.535582,-3.79755,-4.524806,8.272824,0.9800361,-1.306035,-1.434166,-1.553372,-2.06036,-1.839863,-1.616252,-0.8960993,-2.116285,-1.325041,-1.356552,23,23,23,23,23,23,23,23,23,23,23,23,23,23,23,23,566,5660,-2.06802,-4.221169,-5.748606,-2.321845,-2.717807,-3.313991,-2.458889,-67.8191,0.2471144,0.6059376,-0.3575807,-0.4851122,-0.1090713,0.5573328,0.442655,1.170079,22,22,22,22,22,22,22,22,22,22,22,22,22,22,22,22
567,5670,-50.01778,-58.16535,-31.02225,-28.50142,-21.4751,-15.67472,-12.76373,-12.54152,-10.89271,-11.80856,-10.21384,-10.7176,-10.25298,-10.62965,-10.74024,-0.8448914,23,23,23,23,23,23,23,23,23,23,23,23,23,23,23,23,567,5670,-4.976488,-4.217588,-4.059447,-4.266248,8.53553,2.698413,-2.742646,-1.303789,-1.682821,-2.06036,-2.496975,-0.6734731,-1.408126,-1.782136,-1.084142,-1.582641,23,23,23,23,23,23,23,23,23,23,23,23,23,23,23,23,567,5670,-2.06802,-4.093256,-5.365223,-2.321845,-1.94067,-2.804419,-2.070977,-67.49101,-0.2472958,-0.8458064,-0.7151839,-0.6063871,0.3312721,0.4461642,-1.926374E-05,1.287113,22,22,22,22,22,22,22,22,22,22,22,22,22,22,22,22
568,5680,-48.93571,-57.56072,-30.77608,-30.20634,-24.37124,-17.40222,-12.25327,-11.41302,-9.779391,-10.57925,-9.501767,-9.456832,-9.776099,-10.98766,-10.02497,-0.2413794,23,23,23,23,23,23,23,23,23,23,23,23,23,23,23,23,568,5680,-4.841989,-3.163193,-3.928499,-3.361294,7.878766,2.20747,-2.22024,-0.7823196,-2.071166,-2.06036,-1.445596,-1.616252,-1.152114,-1.447986,-1.927288,-1.469595,23,23,23,23,23,23,23,23,23,23,23,23,23,23,23,23,568,5680,-2.297804,-3.965343,-5.748606,-2.837804,-3.235897,-2.677026,-2.329585,-67.70973,0.1235119,0.8478966,-0.2383799,-0.7276652,0.2211862,-0.2208467,0.6639937,0.8189656,22,22,22,22,22,22,22,22,22,22,22,22,22,22,22,22
569,5690,-51.34032,-59.49554,-32.9916,-33.73797,-27.62938,-20.48704,-13.01897,-12.7923,-10.89271,-12.66907,-9.97648,-11.22191,-10.9683,-12.41969,-10.97866,-0.1206777,23,23,23,23,23,23,23,23,23,23,23,23,23,23,23,23,569,5690,-3.766001,-3.031394,-3.666602,-2.973457,8.010118,1.83925,-2.481444,-1.434217,-2.200614,-2.317904,-1.70844,-1.07752,-2.048161,-1.447986,-1.686389,-1.356552,23,23,23,23,23,23,23,23,23,23,23,23,23,23,23,23,569,5690,-2.182912,-5.11656,-5.620812,-2.192856,-1.681625,-2.931812,-1.165848,-67.70973,0.1235119,-0.6038475,-0.7151839,0.1212716,0.1111004,0.77967,0.3319864,1.404147,22,22,22,22,22,22,22,22,22,22,22,22,22,22,22,22
570,5700,-53.14378,-59.73739,-35.45328,-36.17358,-27.50871,-18.88293,-12.5085,-11.53841,-11.51122,-12.17735,-10.45119,-11.09583,-10.61064,-11.82301,-10.3826,-0.6034863,23,23,23,23,23,23,23,23,23,23,23,23,23,23,23,23,570,5700,-3.631502,-2.372396,-3.404705,-2.844178,7.878766,1.961973,-2.22024,-0.9126998,-1.812268,-2.446676,-2.102707,-1.885616,-2.176168,-2.227668,-1.927288,-1.582641,23,23,23,23,23,23,23,23,23,23,23,23,23,23,23,23,570,5700,-1.953128,-3.325779,-5.365223,-3.353763,-2.847329,-3.059205,-1.424456,-67.49101,0.2471144,0.4849004,-0.5959831,-6.421245E-06,0.2211862,0.5573328,-1.926374E-05,0.5848984,22,22,22,22,22,22,22,22,22,22,22,22,22,22,22,22
571,5710,-50.73917,-59.25368,-34.09935,-31.66771,-24.37124,-17.89579,-12.12565,-11.16224,-11.38752,-11.31684,-10.80723,-11.60014,-10.49142,-10.98766,-11.45551,-0.4827845,23,23,23,23,23,23,23,23,23,23,23,23,23,23,23,23,571,5710,-3.631502,-3.031394,-3.404705,-2.58562,7.878766,1.716476,-2.612044,-1.173457,-2.977307,-2.06036,-1.182803,-1.750934,-2.048161,-1.670753,-1.325041,-2.600046,23,23,23,23,23,23,23,23,23,23,23,23,23,23,23,23,571,5710,-2.297804,-4.988647,-5.237429,-2.321845,-2.199716,-2.42224,-1.683065,-67.8191,0.1235119,-1.087823,-0.7151831,-0.4851122,0.3312721,-0.1096781,0.2213179,1.170079,22,22,22,22,22,22,22,22,22,22,22,22,22,22,22,22
572,5720,-52.66285,-59.49554,-34.83786,-30.69346,-24.61258,-18.63615,-13.14658,-11.78919,-10.76901,-10.82511,-11.16327,-10.96975,-12.27779,-11.70367,-10.85945,-0.4827845,23,23,23,23,23,23,23,23,23,23,23,23,23,23,23,23,572,5720,-1.883021,-2.108798,-3.273757,-2.58562,8.53553,1.225533,-1.436633,-1.825351,-1.941717,-1.674044,-1.051379,-1.885613,-0.8960993,-1.782136,-1.806839,-2.600046,23,23,23,23,23,23,23,23,23,23,23,23,23,23,23,23,572,5720,-1.953128,-4.349082,-5.620812,-2.321845,-2.458761,-2.931812,-0.5193279,-67.16291,0.7415238,1.089795,-0.8343843,0.6063164,1.211959,0.4461642,0.1106493,0.9360057,22,22,22,22,22,22,22,22,22,22,22,22,22,22,22,22
573,5730,-52.18193,-58.76998,-33.97627,-30.93703,-21.59577,-15.55133,-11.23233,-10.4099,-9.779391,-10.70218,-10.80723,-10.96975,-10.61064,-11.82301,-9.667335,-0.4827845,23,23,23,23,23,23,23,23,23,23,23,23,23,23,23,23,573,5730,-2.152018,-2.899595,-3.011859,-1.939225,8.272824,1.716476,-1.567235,-1.825351,-2.200614,-1.4165,-1.708491,-2.020296,-1.152111,-2.784586,-2.047738,-2.826135,23,23,23,23,23,23,23,23,23,23,23,23,23,23,23,23,573,5730,-1.953128,-5.244473,-5.237429,-2.966794,-2.717807,-2.167454,-0.6486317,-67.38165,-0.3708984,-0.8458642,-0.4767815,-0.2426171,-0.2192053,-0.3320145,0.1106493,0.9360057,22,22,22,22,22,22,22,22,22,22,22,22,22,22,22,22
574,5740,-49.77732,-58.8909,-32.9916,-28.98854,-19.54434,-15.05776,-11.48757,-11.6638,-10.3979,-11.93149,-10.92591,-11.34799,-10.9683,-12.18102,-10.74024,-0.6034863,23,23,23,23,23,23,23,23,23,23,23,23,23,23,23,23,574,5740,-1.748523,-2.504196,-2.488066,-1.551387,8.010118,1.470979,-1.828437,-2.346869,-1.165024,-1.545272,-1.314223,-1.346884,-1.152111,-2.116285,-1.44549,-2.260911,23,23,23,23,23,23,23,23,23,23,23,23,23,23,23,23,574,5740,-2.297804,-4.732821,-5.109634,-2.966794,-2.458761,-3.059205,-1.553761,-67.92847,0.1235119,0.0009856612,-0.3575803,-0.2426171,0.6614814,0.6685022,-0.221358,0.701932,22,22,22,22,22,22,22,22,22,22,22,22,22,22,22,22
575,5750,-47.97387,-59.25368,-32.37617,-27.52718,-20.63039,-16.78526,-13.2742,-12.7923,-11.75863,-12.05442,-11.16327,-11.34799,-11.08752,-11.82301,-9.786547,-1.086295,23,23,23,23,23,23,23,23,23,23,23,23,23,23,23,23,575,5750,-2.824511,-3.163193,-2.09522,-1.939225,7.616059,2.330193,-1.959038,-2.998763,-1.812268,-1.4165,-1.577071,-2.82839,-1.920153,-2.450434,-2.288637,-2.034822,23,23,23,23,23,23,23,23,23,23,23,23,23,23,23,23,575,5750,-2.06802,-4.732821,-5.493018,-2.708814,-2.199716,-2.931812,-1.553761,-67.38165,-0.3708984,-0.8458642,-0.8343843,0.1212106,0.5513955,0.5573344,0.2213195,1.170079,22,22,22,22,22,22,22,22,22,22,22,22,22,22,22,22
576,5760,-46.77156,-58.52813,-30.77608,-25.09157,-17.9756,-14.4408,-10.59425,-10.78607,-10.2742,-11.31684,-10.92591,-10.84368,-10.61064,-11.22633,-10.50182,-0.4827845,23,23,23,23,23,23,23,23,23,23,23,23,23,23,23,23,576,5760,-2.95901,-3.163193,-2.619014,-1.292829,7.747412,1.83925,-2.08964,-2.607626,-1.941717,-1.287728,-1.971335,-2.154978,-2.176165,-2.784586,-1.806839,-1.921776,23,23,23,23,23,23,23,23,23,23,23,23,23,23,23,23,576,5760,-1.953128,-4.349082,-5.748606,-2.579825,-2.976852,-2.294847,-2.070977,-67.70973,0.6179212,0.6058798,-0.5959823,0.3637635,0.8816531,0.001491334,0.2213195,-0.000288956,22,22,22,22,22,22,22,22,22,22,22,22,22,22,22,22
577,5770,-49.17617,-57.43979,-31.63767,-25.21335,-19.18232,-14.56419,-11.35995,-11.53841,-11.63493,-10.82511,-11.04459,-10.21329,-11.32557,-9.913639,-9.786547,0.1207274,23,23,23,23,23,23,23,23,23,23,23,23,23,23,23,23,577,5770,-3.766001,-3.294992,-1.702375,-1.680666,7.878766,1.961973,-2.742646,-2.346869,-1.682819,-1.4165,-1.182803,-1.481566,-2.560188,-2.116285,-1.927288,-2.600046,23,23,23,23,23,23,23,23,23,23,23,23,23,23,23,23,577,5770,-1.838232,-4.604908,-5.493018,-2.450835,-2.199716,-2.294847,-1.553761,-67.8191,-0.3708984,-1.087823,2.247436E-05,-0.3638952,-0.1091194,-0.1096773,-1.765843E-05,0.9359993,22,22,22,22,22,22,22,22,22,22,22,22,22,22,22,22
578,5780,-47.73341,-58.03445,-32.74543,-26.55294,-19.42367,-14.93437,-11.87042,-11.41302,-11.01642,-11.43977,-10.09516,-10.59152,-10.3722,-10.27165,-9.548122,-0.3620828,23,23,23,23,23,23,23,23,23,23,23,23,23,23,23,23,578,5780,-3.766001,-1.845199,-1.571426,-1.422108,7.353405,1.102759,-2.742646,-1.955732,-1.55337,-0.901412,-0.919959,-1.616248,-2.560188,-1.670753,-0.8432428,-2.034822,23,23,23,23,23,23,23,23,23,23,23,23,23,23,23,23,578,5780,-1.838232,-3.837432,-5.109634,-2.837804,-2.717807,-2.42224,-1.683065,-68.03783,0.4943195,0.7268561,-0.7151831,-6.421245E-05,0.1110522,0.3349972,-0.1106862,0.8189656,22,22,22,22,22,22,22,22,22,22,22,22,22,22,22,22
579,5790,-48.93571,-56.8254,-32.00692,-26.91828,-17.73427,-13.20687,-9.445697,-10.53529,-10.0268,-10.82511,-9.620446,-9.58291,-9.895319,-10.98766,-9.42891,-0.1206777,23,23,23,23,23,23,23,23,23,23,23,23,23,23,23,23,579,5790,-2.286517,-2.240597,-1.440549,-2.068503,8.53553,1.225533,-2.481444,-1.434217,-1.294473,-1.545272,-0.7885354,-1.885613,-2.43218,-1.447986,-1.204591,-3.052223,23,23,23,23,23,23,23,23,23,23,23,23,23,23,23,23,579,5790,-2.182909,-4.349083,-5.620812,-2.708814,-2.847329,-2.167454,-1.165848,-68.03783,0.4943195,-1.208799,-0.3575803,0.3637635,0.6614814,0.5573344,0.4426582,1.287113,22,22,22,22,22,22,22,22,22,22,22,22,22,22,22,22
580,5800,-49.53686,-58.15536,-29.54524,-23.75199,-15.92418,-13.94723,-10.33902,-11.28763,-9.655689,-11.31684,-9.620446,-9.330755,-9.299215,-10.27165,-8.356004,-1.086295,23,23,23,23,23,23,23,23,23,23,23,23,23,23,23,23,580,5800,-2.690013,-2.108798,-1.047703,-1.939225,8.141471,0.3663192,-1.567235,-0.6519426,-1.165024,-1.158956,-1.182803,-1.885613,-1.920153,-1.559369,-1.927288,-2.826135,23,23,23,23,23,23,23,23,23,23,23,23,23,23,23,23,580,5800,-1.493559,-4.732823,-6.004195,-3.482754,-2.847329,-2.549633,-1.553761,-67.8191,-0.2472958,0.4849004,-1.072786,0.6063164,0.9917389,0.1126599,-0.5533621,1.053039,22,22,22,22,22,22,22,22,22,22,22,22,22,22,22,22
581,5810,-48.81548,-57.06721,-29.29907,-23.50843,-15.92418,-13.94723,-10.2114,-10.78607,-9.284581,-9.964601,-8.908375,-8.826448,-8.464672,-8.958954,-7.282596,-0.724188,23,23,23,23,23,23,23,23,23,23,23,23,23,23,23,23,581,5810,-2.01752,-1.7134,-1.571491,-1.939225,6.959397,0.243545,-1.828437,-1.04308,-2.071165,-1.158956,-1.577071,-2.28966,-2.304173,-1.336603,-2.409086,-3.504404,23,23,23,23,23,23,23,23,23,23,23,23,23,23,23,23,581,5810,-1.493559,-4.22117,-5.493018,-2.966794,-2.199716,-1.912668,-0.7779363,-67.60036,-0.4945005,-2.055653,-0.5959823,-0.1213423,-0.1091194,0.1126599,0.2213195,0.584892,22,22,22,22,22,22,22,22,22,22,22,22,22,22,22,22
582,5820,-45.44903,-55.85816,-28.06823,-22.41241,-16.2862,-13.57705,-10.08378,-10.91146,-9.655689,-9.472878,-8.908375,-7.313526,-8.464672,-8.720283,-7.640753,-0.2413794,23,23,23,23,23,23,23,23,23,23,23,23,23,23,23,23,582,5820,-2.152019,-1.054402,-1.833388,-1.292829,8.272876,0.3663706,-1.959038,-1.173457,-1.812268,-1.4165,-1.708491,-2.28966,-1.152111,-1.225219,-1.325041,-3.391358,23,23,23,23,23,23,23,23,23,23,23,23,23,23,23,23,582,5820,-1.608451,-4.860736,-5.876401,-3.998712,-2.847329,-2.42224,-1.036544,-67.27228,-9.070009E-05,0.2429414,-0.2383795,0.1212106,0.4413097,0.2238286,-0.5533621,1.170073,22,22,22,22,22,22,22,22,22,22,22,22,22,22,22,22
583,5830,-47.25248,-55.73726,-29.79141,-24.60445,-17.9756,-13.33026,-9.828547,-9.908346,-9.408285,-9.104086,-9.383088,-9.330755,-9.656878,-9.31696,-7.043825,-0.1206777,23,23,23,23,23,23,23,23,23,23,23,23,23,23,23,23,583,5830,-1.479526,-0.6590044,-1.571491,-0.3878761,7.484809,1.225585,-1.306035,-0.3911823,-2.071165,-1.4165,-1.839915,-1.750931,-1.408123,-1.336603,-2.288637,-2.487,23,23,23,23,23,23,23,23,23,23,23,23,23,23,23,23,583,5830,-1.72334,-4.732823,-5.365223,-2.708815,-2.458761,-1.403095,-0.7779363,-67.8191,-1.112513,-0.9668437,2.247436E-05,-0.3638952,0.0009663975,-0.1096773,-0.9960379,0.584892,22,22,22,22,22,22,22,22,22,22,22,22,22,22,22,22
584,5840,-46.5311,-54.89093,-28.56056,-23.38665,-18.21695,-12.21973,-9.828547,-9.782956,-8.542367,-8.489433,-8.314983,-8.448217,-8.583894,-8.362275,-7.282596,-0.2413794,23,23,23,23,23,23,23,23,23,23,23,23,23,23,23,23,584,5840,-1.479526,-1.7134,-1.571491,-1.680666,8.01017,0.8573133,-1.436636,-0.6519426,-1.294473,-0.901412,-1.971335,-1.077519,-0.7680901,-1.113836,-2.168187,-2.034822,23,23,23,23,23,23,23,23,23,23,23,23,23,23,23,23,584,5840,-1.263775,-4.476996,-6.131989,-2.579826,-2.458761,-1.912668,-0.6486317,-67.05357,-9.070009E-05,-0.6039085,-0.2383795,0.1212106,0.1110522,-0.4431823,-0.8853694,0.701932,22,22,22,22,22,22,22,22,22,22,22,22,22,22,22,22
585,5850,-44.36695,-54.77002,-28.06823,-23.87377,-16.16552,-12.58991,-8.55238,-9.281399,-8.047559,-8.858225,-8.196304,-7.817833,-7.98779,-8.123604,-6.446897,0.2414292,23,23,23,23,23,23,23,23,23,23,23,23,23,23,23,23,585,5850,-0.8070329,-0.7908037,-1.702439,-0.9049919,6.828044,1.593804,-1.436636,-1.04308,-2.071165,-1.545272,-2.365603,-1.616248,-0.8960961,-1.336603,-2.409086,-1.695687,23,23,23,23,23,23,23,23,23,23,23,23,23,23,23,23,585,5850,-1.608451,-4.349083,-5.493018,-2.837805,-2.199716,-1.785275,-0.7779363,-67.27229,0.2471144,-0.8458642,0.1192237,0.4850416,0.4413097,0.3349972,-0.4426935,0.9359993,22,22,22,22,22,22,22,22,22,22,22,22,22,22,22,22
586,5860,-45.56926,-55.61635,-28.19131,-25.82226,-18.94098,-16.29169,-10.72187,-10.4099,-9.408285,-9.841669,-9.264411,-8.952524,-8.464672,-8.481611,-6.685668,-1.086295,23,23,23,23,23,23,23,23,23,23,23,23,23,23,23,23,586,5860,-1.345027,-1.318002,-0.7858064,-1.422108,7.09075,0.9800875,-1.436636,-0.5215625,-1.035575,-1.673992,-1.708491,-1.077519,-1.152111,-1.782136,-1.44549,-2.260911,23,23,23,23,23,23,23,23,23,23,23,23,23,23,23,23,586,5860,-0.6893175,-4.988649,-6.770962,-3.095784,-2.070194,-1.785275,-0.002111787,-67.60038,0.2471144,-0.2409733,0.4768264,0.4850416,-0.4393769,-0.7766882,-0.4426935,0.701932,22,22,22,22,22,22,22,22,22,22,22,22,22,22,22,22
587,5870,-46.65133,-55.25364,-27.4528,-25.21336,-19.06165,-14.93437,-9.828547,-10.15912,-8.171261,-10.21046,-8.196305,-8.826448,-7.98779,-7.287558,-5.730583,-0.4827845,23,23,23,23,23,23,23,23,23,23,23,23,23,23,23,23,587,5870,-1.345027,-1.186202,-0.5239094,-1.809946,6.959397,1.47103,-1.175433,-0.7823196,-1.294473,-1.802764,-1.314223,-1.481566,-0.8960961,-1.225219,-1.44549,-1.582641,23,23,23,23,23,23,23,23,23,23,23,23,23,23,23,23,587,5870,-1.493559,-4.349083,-5.748607,-2.450836,-1.681625,-1.403095,-1.036544,-67.38166,-0.2472958,-0.8458642,0.1191723,0.6063164,0.3312239,0.7796716,0.331988,1.404147,22,22,22,22,22,22,22,22,22,22,22,22,22,22,22,22
588,5880,-47.13226,-55.49545,-28.43748,-24.60445,-19.54434,-14.4408,-11.35995,-10.03373,-8.666071,-8.981154,-8.077626,-7.187449,-7.272467,-6.451281,-4.656113,0.7242378,23,23,23,23,23,23,23,23,23,23,23,23,23,23,23,23,588,5880,-1.479526,-1.318002,-1.3096,-2.068503,7.484809,1.47103,-1.697838,-1.173457,-0.7766785,-2.18908,-1.839915,-0.9428363,-0.6400826,-2.116285,-2.168187,-1.469595,23,23,23,23,23,23,23,23,23,23,23,23,23,23,23,23,588,5880,-1.493559,-4.988649,-6.643167,-2.579826,-2.717807,-2.04006,-0.6486317,-67.05357,-0.9889103,-0.1199938,0.1191723,-0.4851668,-0.5494627,-0.5543509,-0.8853694,1.287113,22,22,22,22,22,22,22,22,22,22,22,22,22,22,22,22
589,5890,-46.89179,-55.73726,-27.69898,-24.9698,-18.8203,-13.82383,-10.33902,-10.53529,-9.160879,-9.718739,-7.721591,-8.196065,-6.914752,-5.734471,-3.820413,-0.6034863,23,23,23,23,23,23,23,23,23,23,23,23,23,23,23,23,589,5890,-1.479526,-1.449801,-0.5239094,-1.551387,7.484809,1.225585,-1.044833,-0.9126998,-1.294473,-2.060308,-2.102759,-1.481566,-1.152111,-2.227668,-1.806839,-1.80873,23,23,23,23,23,23,23,23,23,23,23,23,23,23,23,23,589,5890,-1.608451,-3.709519,-5.620812,-2.321846,-2.070194,-1.657881,-1.553761,-67.38166,0.1235119,-1.329779,-2.88956E-05,0.8488726,0.8816531,0.5573344,0.2213195,0.584892,22,22,22,22,22,22,22,22,22,22,22,22,22,22,22,22
590,5900,-47.13226,-55.37454,-27.57589,-23.02131,-17.1309,-13.45366,-8.935229,-9.782956,-8.666071,-8.858225,-7.246878,-7.061373,-5.841768,-4.659254,-3.581641,2.407967E-05,23,23,23,23,23,23,23,23,23,23,23,23,23,23,23,23,590,5900,-1.883022,-0.922603,-1.440549,-1.680666,7.878817,2.084747,-1.697838,-1.173457,-1.55337,-2.704168,-1.445647,-1.616248,-1.024104,-1.002501,-0.8432428,-1.582641,23,23,23,23,23,23,23,23,23,23,23,23,23,23,23,23,590,5900,-1.263775,-5.244474,-6.259784,-3.353764,-1.811148,-2.549633,-0.9072401,-66.83484,-0.3708984,-0.482929,0.1191723,0.4850448,-0.2192053,-0.5543509,-0.5533621,1.63822,22,22,22,22,22,22,22,22,22,22,22,22,22,22,22,22
591,5910,-47.37271,-56.94631,-27.4528,-24.72623,-16.04485,-14.19401,-10.2114,-10.53529,-8.418665,-9.964601,-6.534807,-8.069987,-5.245667,-5.734471,-3.462204,-1.3277,23,23,23,23,23,23,23,23,23,23,23,23,23,23,23,23,591,5910,-1.479526,-0.6590044,-1.178652,-1.292829,8.141522,2.084747,-2.220243,-0.7823196,-1.55337,-2.317852,-0.919959,-1.481566,-1.920153,-0.891118,-1.084142,-1.356552,23,23,23,23,23,23,23,23,23,23,23,23,23,23,23,23,591,5910,-1.148886,-4.22117,-5.748607,-2.708815,-1.42258,-0.6387365,-1.683065,-67.60038,-0.6181031,-0.2409733,-2.88956E-05,0.8488726,0.8816531,0.1126599,-0.2214061,1.52118,22,22,22,22,22,22,22,22,22,22,22,22,22,22,22,22
592,5920,-46.05018,-56.7045,-26.46813,-22.77775,-16.16552,-13.82383,-11.61518,-11.16224,-8.294963,-8.735292,-6.890842,-6.557065,-5.364886,-5.017659,-2.626505,-0.7242378,23,23,23,23,23,23,23,23,23,23,23,23,23,23,23,23,592,5920,-2.01752,-1.186202,-1.964336,-1.939225,7.616111,1.47103,-1.82844,-0.7823196,-1.55337,-1.931536,-1.839915,-1.616248,-2.048157,-1.113884,-0.722793,-1.695681,23,23,23,23,23,23,23,23,23,23,23,23,23,23,23,23,592,5920,-1.148886,-4.732823,-6.259784,-2.450836,-1.681625,-2.294847,-1.036544,-67.16293,-0.1236933,-0.3619496,0.2383731,0.1212171,0.1110522,-0.5543509,-0.664082,0.701932,22,22,22,22,22,22,22,22,22,22,22,22,22,22,22,22
593,5930,-48.21433,-55.25364,-26.83739,-22.16885,-15.56216,-13.45366,-11.10472,-10.53529,-8.047559,-8.612363,-6.29745,-6.683142,-4.411123,-4.778723,-3.58159,0.1206777,23,23,23,23,23,23,23,23,23,23,23,23,23,23,23,23,593,5930,-3.496952,-1.845199,-2.48813,-1.551387,8.01017,2.207521,-2.220243,-0.9126998,-2.071165,-1.287676,-1.051379,-1.346884,-1.53613,-1.670802,-1.084142,-2.260905,23,23,23,23,23,23,23,23,23,23,23,23,23,23,23,23,593,5930,-0.9191049,-4.476996,-6.004195,-2.837805,-1.163535,-1.020915,-1.295152,-67.16293,-0.3708984,-0.8458642,-0.1192297,-0.4851668,0.4413097,-0.1096773,-0.3320763,1.404147,22,22,22,22,22,22,22,22,22,22,22,22,22,22,22,22
594,5940,-45.20856,-55.13274,-26.96047,-21.68173,-17.25157,-13.70044,-12.12565,-10.53529,-9.160879,-8.981154,-6.653486,-7.187449,-5.245667,-4.659254,-3.342818,-0.1207274,23,23,23,23,23,23,23,23,23,23,23,23,23,23,23,23,594,5940,-2.420964,-2.372396,-3.535717,-1.939225,8.01017,1.593804,-1.697838,-1.303837,-3.106754,-2.446624,-0.7885354,-1.212201,-1.792145,-1.670802,-0.9636925,-1.808727,23,23,23,23,23,23,23,23,23,23,23,23,23,23,23,23,594,5940,-0.9191049,-3.965345,-6.770962,-2.579826,-1.552103,-1.148309,-0.7779363,-66.39738,-0.6181031,0.2429414,0.2383731,0.3637668,-0.1091194,-0.5543509,-0.3320763,0.8189656,22,22,22,22,22,22,22,22,22,22,22,22,22,22,22,22
595,5950,-46.17041,-55.85818,-27.94514,-24.36089,-18.21695,-14.93437,-11.35995,-11.28763,-9.779391,-10.45632,-6.772163,-7.817834,-6.19943,-5.734471,-3.820361,-0.2414292,23,23,23,23,23,23,23,23,23,23,23,23,23,23,23,23,595,5950,-2.689961,-3.294992,-3.011924,-2.197783,8.272876,1.593804,-1.175433,-1.434217,-2.45951,-1.158905,-1.577071,-1.750931,-1.664138,-1.893567,-0.9636925,-1.92177,23,23,23,23,23,23,23,23,23,23,23,23,23,23,23,23,595,5950,-1.148889,-4.22117,-6.259784,-2.192857,-1.293057,-2.04006,-1.812368,-67.81911,0.2471144,-0.3619496,0.7151771,0.7275977,0.7715672,-0.2208451,-0.2214061,2.106361,22,22,22,22,22,22,22,22,22,22,22,22,22,22,22,22
596,5960,-47.13226,-55.73726,-29.0529,-25.5787,-18.33762,-13.94723,-10.72187,-10.91146,-9.284581,-10.33339,-6.890842,-8.069987,-6.19943,-6.212345,-5.252989,-0.1207274,23,23,23,23,23,23,23,23,23,23,23,23,23,23,23,23,596,5960,-3.63145,-3.558591,-3.273821,-2.456341,8.272876,1.348307,-1.567237,-1.434217,-1.812268,-1.416448,-0.919959,-1.885613,-1.408123,-1.893567,-1.325041,-1.695681,23,23,23,23,23,23,23,23,23,23,23,23,23,23,23,23,596,5960,-1.263781,-4.476996,-6.259784,-1.676897,-1.681625,-1.403095,-1.812368,-66.0693,-0.3708984,0.3639209,0.5959762,0.1212171,0.1110522,-0.3320145,0.3319367,0.8189656,22,22,22,22,22,22,22,22,22,22,22,22,22,22,22,22
597,5970,-48.45479,-57.42994,-30.03757,-27.4054,-20.26837,-17.15544,-12.76373,-11.91458,-10.0268,-10.94804,-7.009521,-9.204679,-5.841768,-6.809686,-4.536675,-0.8449396,23,23,23,23,23,23,23,23,23,23,23,23,23,23,23,23,597,5970,-4.841938,-4.481187,-4.059511,-2.327062,8.141471,1.348307,-1.436636,-2.607626,-2.45951,-1.673992,-1.182803,-1.616248,-1.792145,-1.893567,-1.686389,-2.034816,23,23,23,23,23,23,23,23,23,23,23,23,23,23,23,23,597,5970,-1.148889,-3.581606,-6.004195,-2.837804,-1.811148,-1.785275,-1.553761,-67.81911,-0.4945005,-0.1199938,0.2383731,0.2424919,0.8816531,-0.1096773,-0.5534135,1.52118,22,22,22,22,22,22,22,22,22,22,22,22,22,22,22,22
598,5980,-48.33456,-57.42994,-30.28374,-26.43116,-20.63039,-17.7724,-12.38088,-11.53841,-9.779391,-9.718739,-6.653486,-8.574295,-5.245667,-5.734471,-3.462204,-0.6035361,23,23,23,23,23,23,23,23,23,23,23,23,23,23,23,23,598,5980,-5.245433,-4.481187,-3.273821,-1.680666,7.747412,1.716476,-1.175433,-3.389901,-1.294473,-0.9013606,-1.708491,-0.8081539,-1.53613,-2.004951,-1.806839,-1.582635,23,23,23,23,23,23,23,23,23,23,23,23,23,23,23,23,598,5980,-1.608455,-4.349083,-6.387578,-2.579825,-1.94067,-1.912668,-1.165848,-66.72547,-0.9889103,-0.1199938,0.5959762,-0.3638888,0.2211381,-0.7766882,-0.664082,1.170073,22,22,22,22,22,22,22,22,22,22,22,22,22,22,22,22
599,5990,-47.37271,-56.70451,-30.28374,-26.30938,-20.50972,-15.30454,-12.76374,-11.41302,-9.531987,-8.366502,-6.178771,-6.557065,-5.007225,-4.898192,-3.820361,0.1206777,23,23,23,23,23,23,23,23,23,23,23,23,23,23,23,23,599,5990,-4.976436,-3.558591,-2.619078,-1.551387,7.222052,1.716476,-2.089642,-2.086112,-1.812268,-1.030133,-1.314223,-0.4041066,-1.920153,-1.113884,-1.56594,-1.017411,23,23,23,23,23,23,23,23,23,23,23,23,23,23,23,23,599,5990,-1.723347,-3.837432,-6.131989,-2.192856,-1.293057,-1.657881,-1.295152,-67.16293,-0.2472958,-0.2409733,-0.2384309,0.3637668,0.3312239,0.001491334,0.2212681,1.170073,22,22,22,22,22,22,22,22,22,22,22,22,22,22,22,22
600,6000,-49.17617,-57.42994,-31.3915,-28.13608,-22.56116,-16.0449,-13.78467,-11.03685,-9.531987,-8.981154,-6.772163,-7.439604,-5.722548,-4.659254,-3.462204,-0.1207274,23,23,23,23,23,23,23,23,23,23,23,23,23,23,23,23,600,6000,-5.648929,-4.217588,-2.619078,-2.197783,8.010118,1.225533,-2.350844,-1.825303,-1.165024,-1.54522,-1.971335,-0.538789,-2.43218,-1.670802,-1.084142,-1.130457,23,23,23,23,23,23,23,23,23,23,23,23,23,23,23,23,600,6000,-0.9191049,-3.837432,-6.898756,-2.579825,-2.070194,-1.912668,-1.036544,-67.27228,-0.2472958,-0.2409733,0.5959762,0.2424919,0.0009663975,-0.4431823,-0.8854207,1.170073,22,22,22,22,22,22,22,22,22,22,22,22,22,22,22,22
601,6010,-46.17041,-55.73726,-29.91449,-26.55294,-22.31981,-16.0449,-12.25327,-10.4099,-9.037177,-9.227015,-6.060094,-7.439604,-5.007225,-4.659254,-2.865276,0.3620828,23,23,23,23,23,23,23,23,23,23,23,23,23,23,23,23,601,6010,-6.724916,-5.271983,-3.797614,-2.844178,8.53553,0.857262,-2.481445,-2.086064,-1.035577,-1.416448,-0.919959,-1.212201,-1.792145,-1.225267,-0.4818944,-1.469592,23,23,23,23,23,23,23,23,23,23,23,23,23,23,23,23,601,6010,-1.37867,-3.837432,-6.770961,-2.579825,-0.7749665,-1.020915,-1.683065,-67.38165,-0.9888589,-0.3619496,0.5959762,1.091429,0.4413097,0.1126599,-6.902839E-05,1.52118,22,22,22,22,22,22,22,22,22,22,22,22,22,22,22,22
602,6020,-44.84787,-57.06722,-29.17599,-26.55294,-20.99241,-15.67472,-10.46663,-11.03685,-8.542367,-9.71874,-5.585138,-6.809219,-4.411123,-4.659254,-3.223433,-0.7242378,23,23,23,23,23,23,23,23,23,23,23,23,23,23,23,23,602,6020,-7.128412,-5.667382,-4.845202,-4.136969,8.798236,0.6117649,-2.350844,-2.477201,-1.423924,-2.189132,-1.182803,-2.28966,-2.176165,-1.113884,-1.084142,-2.260905,23,23,23,23,23,23,23,23,23,23,23,23,23,23,23,23,602,6020,-1.148889,-4.860736,-6.643167,-1.676897,-1.94067,-2.04006,-1.165848,-66.94419,-3.933013E-05,-0.3619463,0.3575743,0.4850448,-0.6595486,-0.6655195,-6.902839E-05,0.4678584,22,22,22,22,22,22,22,22,22,22,22,22,22,22,22,22
603,6030,-44.72765,-56.5836,-28.92982,-26.1876,-21.35442,-15.30454,-10.46663,-10.66068,-8.666071,-9.227016,-5.466324,-6.304911,-4.530343,-4.539787,-3.223433,-0.6035361,23,23,23,23,23,23,23,23,23,23,23,23,23,23,23,23,603,6030,-7.128412,-6.194579,-5.761841,-5.041923,8.272824,0.3663192,-1.95904,-1.434166,-1.941719,-2.317904,-1.445596,-2.020296,-1.280119,-1.448034,-1.084142,-2.37395,23,23,23,23,23,23,23,23,23,23,23,23,23,23,23,23,603,6030,-1.608455,-3.197867,-6.004195,-2.966794,-1.293057,-2.167454,-1.941672,-67.70973,-0.6180513,-0.2409669,-2.88956E-05,0.6063229,0.3312239,0.1126599,0.1105995,1.63822,22,22,22,22,22,22,22,22,22,22,22,22,22,22,22,22
604,6040,-42.80396,-55.61636,-27.20664,-24.11733,-18.21695,-13.20687,-9.573316,-9.030618,-8.542367,-6.890885,-5.228706,-5.674527,-3.695799,-3.822975,-3.342818,-0.2414292,23,23,23,23,23,23,23,23,23,23,23,23,23,23,23,23,604,6040,-7.935027,-7.248974,-6.547532,-5.688318,8.010118,0.3663192,-1.82844,-2.086064,-2.071166,-2.189132,-1.314172,-2.289664,-1.408123,-1.893567,-1.44549,-2.713085,23,23,23,23,23,23,23,23,23,23,23,23,23,23,23,23,604,6040,-1.37867,-3.837432,-5.620812,-2.450835,-2.070194,-2.04006,-0.9072401,-66.6161,-0.247244,-0.1199906,-0.3576317,-0.1213423,-0.6595486,-0.5543509,-0.4427449,1.404147,22,22,22,22,22,22,22,22,22,22,22,22,22,22,22,22
605,6050,-45.20856,-54.52821,-26.83739,-21.07283,-17.37225,-12.46651,-9.445698,-8.905229,-8.418665,-7.013935,-5.466324,-6.052757,-4.768837,-3.822975,-3.104047,0.2413794,23,23,23,23,23,23,23,23,23,23,23,23,23,23,23,23,605,6050,-8.338091,-7.117175,-6.547532,-4.783364,7.222052,0.243545,-1.567237,-0.9126516,-1.941719,-1.545272,-1.839863,-2.289664,-1.792149,-1.336651,-2.168187,-1.92177,23,23,23,23,23,23,23,23,23,23,23,23,23,23,23,23,605,6050,-1.033997,-3.32578,-6.131989,-2.837804,-1.42258,-1.403095,-1.295152,-67.8191,-0.247244,-0.1199906,0.2383731,0.6063164,0.3312785,0.2238286,0.2212681,1.287113,22,22,22,22,22,22,22,22,22,22,22,22,22,22,22,22
606,6060,-45.44903,-54.64913,-27.57589,-22.89953,-18.69964,-13.57705,-8.679997,-8.65445,-7.305345,-7.628918,-4.991086,-5.674527,-4.291955,-3.584087,-2.984662,-0.3621309,23,23,23,23,23,23,23,23,23,23,23,23,23,23,23,23,606,6060,-8.606801,-7.907971,-7.463773,-5.30048,7.747412,-0.001952059,-1.95904,-2.086064,-2.588961,-1.674044,-2.102707,-2.424346,-1.408126,-1.448037,-2.529536,-2.600039,23,23,23,23,23,23,23,23,23,23,23,23,23,23,23,23,606,6060,-1.608455,-4.732823,-7.026551,-1.676897,-2.199716,-1.912668,-0.9072401,-67.16291,-0.247244,0.4849035,0.4767751,0.1212106,0.001020978,-0.5543509,-0.3320763,1.755254,22,22,22,22,22,22,22,22,22,22,22,22,22,22,22,22
607,6070,-43.7658,-53.56098,-25.60654,-20.95105,-17.85493,-13.45365,-8.297147,-9.281398,-7.181643,-8.120641,-4.515847,-6.052757,-3.934294,-5.256645,-3.462255,-0.6035361,23,23,23,23,23,23,23,23,23,23,23,23,23,23,23,23,607,6070,-8.875509,-7.644372,-7.725297,-5.688318,7.484758,1.225533,-1.697838,-2.346821,-2.330065,-1.802816,-2.365551,-2.020299,-1.152114,-1.22527,-2.047738,-1.582635,23,23,23,23,23,23,23,23,23,23,23,23,23,23,23,23,607,6070,-1.493562,-3.709519,-6.004195,-2.192856,-1.293057,-2.167454,-1.812368,-67.92847,0.3707683,-0.2409669,-2.88956E-05,0.6063164,-0.3292365,-0.3320145,0.4426582,1.52118,22,22,22,22,22,22,22,22,22,22,22,22,22,22,22,22
608,6080,-44.48718,-53.44007,-27.08356,-24.23911,-19.54434,-14.68758,-9.318081,-9.908344,-8.913475,-8.489432,-5.585135,-5.926681,-4.768837,-4.061961,-1.790856,-0.9656413,23,23,23,23,23,23,23,23,23,23,23,23,23,23,23,23,608,6080,-7.666317,-7.380774,-6.547532,-5.42976,6.565287,0.9800361,-2.220243,-2.086064,-2.71841,-2.06036,-2.234131,-1.212203,-1.408126,-1.670805,-2.047738,-1.80873,23,23,23,23,23,23,23,23,23,23,23,23,23,23,23,23,608,6080,-1.148889,-4.860736,-5.620812,-2.063867,-1.42258,-1.530488,-1.165848,-66.94419,-0.247244,0.1219683,0.1191723,-0.6064481,-0.3292365,-0.6655195,0.331988,1.053039,22,22,22,22,22,22,22,22,22,22,22,22,22,22,22,22
609,6090,-42.08258,-53.68188,-25.36037,-22.04707,-17.37225,-13.08348,-8.93523,-9.156009,-7.057939,-7.260035,-4.159418,-5.800603,-3.576632,-3.345151,-2.029627,0.1206777,23,23,23,23,23,23,23,23,23,23,23,23,23,23,23,23,609,6090,-8.203735,-7.512573,-6.154686,-5.946876,6.69664,1.102759,-1.697838,-2.086064,-1.941719,-2.446676,-2.496975,-1.616252,-1.280119,-1.448037,-1.084142,-1.582641,23,23,23,23,23,23,23,23,23,23,23,23,23,23,23,23,609,6090,-0.8042128,-3.837432,-6.643167,-1.676897,-0.7749665,-1.403095,-1.683065,-67.92847,-0.1236419,-0.1199906,0.3575743,0.7275946,-0.1090649,0.001491334,-1.765843E-05,1.75526,22,22,22,22,22,22,22,22,22,22,22,22,22,22,22,22
610,6100,-42.20281,-52.47284,-27.08356,-20.09859,-17.9756,-12.83669,-10.46663,-10.15912,-9.160879,-7.751849,-5.822753,-6.304911,-4.888059,-3.823025,-2.50717,0.1206777,23,23,23,23,23,23,23,23,23,23,23,23,23,23,23,23,610,6100,-7.666317,-6.985375,-5.107099,-4.912643,7.616059,1.348256,-1.436636,-2.21644,-2.200615,-2.446676,-2.102707,-1.616252,-0.7680917,-1.336654,-1.084142,-1.695687,23,23,23,23,23,23,23,23,23,23,23,23,23,23,23,23,610,6100,-1.838239,-4.732822,-6.004195,-1.418919,-1.163535,-1.785275,-0.7779363,-67.49101,-0.6180513,0.2429478,0.4767751,-0.6064481,-0.3292365,-0.6655195,0.2213195,1.170079,22,22,22,22,22,22,22,22,22,22,22,22,22,22,22,22
611,6110,-43.64557,-53.56098,-26.34504,-20.95105,-16.2862,-13.45365,-10.72187,-11.16224,-8.542367,-8.612364,-4.278229,-6.430988,-4.649617,-3.823025,-2.149013,-0.2414292,23,23,23,23,23,23,23,23,23,23,23,23,23,23,23,23,611,6110,-7.397409,-5.799181,-5.499874,-5.42976,7.353405,1.225533,-1.306035,-1.694926,-2.200615,-2.317904,-1.051328,-1.212203,-0.8960993,-1.002504,-0.722793,-1.356552,23,23,23,23,23,23,23,23,23,23,23,23,23,23,23,23,611,6110,-0.6893239,-3.965345,-6.515373,-1.160939,-1.163535,-1.530488,-1.424456,-67.8191,-3.933013E-05,0.0009888718,-0.1192297,0.7275946,-0.1090649,-0.4431823,0.6639953,1.170079,22,22,22,22,22,22,22,22,22,22,22,22,22,22,22,22
612,6120,-46.17041,-52.71465,-27.08355,-23.14309,-16.76888,-12.7133,-9.956165,-10.03373,-8.047559,-7.628918,-4.991086,-5.800603,-4.888059,-5.256645,-3.939798,0.2413794,23,23,23,23,23,23,23,23,23,23,23,23,23,23,23,23,612,6120,-8.338091,-6.721776,-5.107035,-5.946876,7.878766,1.348256,-1.306035,-1.173409,-1.553372,-2.446676,-1.314172,-1.07752,-1.408126,-1.670805,-0.9636925,-1.13046,23,23,23,23,23,23,23,23,23,23,23,23,23,23,23,23,612,6120,-1.148889,-4.349083,-6.004195,-1.805887,-1.681625,-1.148309,-1.165848,-67.16291,-0.1236419,0.1219683,0.8343782,0.3637635,-0.5494082,-0.8878568,-0.1106862,1.404147,22,22,22,22,22,22,22,22,22,22,22,22,22,22,22,22
613,6130,-47.85364,-54.1655,-26.83738,-23.75199,-16.04485,-12.21973,-9.062847,-10.66068,-8.047559,-8.735293,-5.466324,-6.304911,-5.364941,-6.212393,-3.939798,-1.207047,23,23,23,23,23,23,23,23,23,23,23,23,23,23,23,23,613,6130,-9.144219,-6.458178,-5.368925,-5.559038,7.353405,1.593753,-1.95904,-1.303789,-2.459514,-2.70422,-0.9199076,-1.481569,-1.536134,-0.8911211,-0.3614447,-1.017417,23,23,23,23,23,23,23,23,23,23,23,23,23,23,23,23,613,6130,-0.8042128,-3.837431,-6.515373,-1.676897,-1.034012,-2.167454,-1.683065,-68.14719,-0.7416539,0.0009888718,-2.88956E-05,0.9701474,-0.2191507,0.3349972,-0.1106862,1.521187,22,22,22,22,22,22,22,22,22,22,22,22,22,22,22,22
614,6140,-47.85364,-53.44007,-26.96047,-22.77775,-15.92418,-11.97294,-10.08378,-10.4099,-8.418665,-8.489432,-4.991086,-7.56568,-6.318705,-6.212393,-4.894883,-0.1207274,23,23,23,23,23,23,23,23,23,23,23,23,23,23,23,23,614,6140,-8.069382,-5.799181,-6.023668,-4.524806,7.747412,1.961973,-1.95904,0.1303802,-1.941719,-1.931588,-1.051328,-0.4041082,-1.280119,-0.5569708,-0.9636925,-1.243506,23,23,23,23,23,23,23,23,23,23,23,23,23,23,23,23,614,6140,-1.37867,-4.604909,-5.876401,-1.289929,-1.811148,-1.275754,-0.5193279,-66.94419,-0.247244,0.7268625,0.3575743,-6.421245E-05,-0.3292365,0.001491334,0.331988,1.404147,22,22,22,22,22,22,22,22,22,22,22,22,22,22,22,22
615,6150,-45.3288,-54.1655,-26.83738,-21.43817,-17.01023,-11.72616,-10.72187,-10.66068,-9.779391,-8.120641,-6.416128,-7.313527,-7.034028,-5.734519,-5.372426,-2.407967E-05,23,23,23,23,23,23,23,23,23,23,23,23,23,23,23,23,615,6150,-7.531908,-5.799181,-5.368925,-4.136969,7.484758,1.593753,-2.742646,-1.434166,-2.588961,-1.802816,-0.3942163,-0.9428379,-1.536134,-0.6683537,-0.2409954,-1.695687,23,23,23,23,23,23,23,23,23,23,23,23,23,23,23,23,615,6150,-0.6893239,-3.581604,-6.643167,-1.418919,-0.9044894,-1.912719,-1.553709,-67.27228,0.1235632,0.6058831,-2.88956E-05,0.4850416,-0.7695798,-0.2208451,0.2213195,1.75526,22,22,22,22,22,22,22,22,22,22,22,22,22,22,22,22
616,6160,-44.24672,-54.52822,-28.19131,-25.45691,-19.06165,-13.33026,-11.35995,-11.28763,-10.3979,-10.57925,-7.484234,-9.456833,-7.39169,-6.212393,-5.133655,-0.6035361,23,23,23,23,23,23,23,23,23,23,23,23,23,23,23,23,616,6160,-6.321422,-5.008384,-5.237983,-3.361294,8.53553,2.330193,-1.828437,-0.7822682,-1.941719,-0.901412,-0.3942163,-1.616252,-0.2560648,-1.002504,-0.722793,-1.017417,23,23,23,23,23,23,23,23,23,23,23,23,23,23,23,23,616,6160,-1.37867,-4.860735,-6.387578,-0.6449804,-1.293057,-0.8935741,-1.683013,-67.49101,-3.933013E-05,0.6058831,0.1191723,-0.2426171,-0.5494082,0.1126599,0.1106509,1.521187,22,22,22,22,22,22,22,22,22,22,22,22,22,22,22,22
617,6170,-46.5311,-54.04461,-28.92981,-27.28362,-18.57897,-12.96008,-11.87042,-10.91146,-9.655689,-9.104087,-6.534807,-7.817834,-6.795587,-5.853988,-4.656112,-0.2414292,23,23,23,23,23,23,23,23,23,23,23,23,23,23,23,23,617,6170,-6.45592,-5.799181,-5.107035,-2.714899,8.141471,1.225533,-1.306033,-1.173406,-2.200668,-0.6438683,-1.182752,-1.750934,-0.6400858,-1.113887,-1.204591,-1.243506,23,23,23,23,23,23,23,23,23,23,23,23,23,23,23,23,617,6170,-1.033997,-3.837431,-5.748607,-0.3870004,-0.9044894,-1.14836,-0.2606688,-66.50674,-3.933013E-05,0.2429478,0.4767751,0.2424887,-0.4393224,0.001491334,0.7746639,1.287113,22,22,22,22,22,22,22,22,22,22,22,22,22,22,22,22
618,6180,-48.21433,-55.49546,-31.63766,-29.2321,-18.94098,-14.68758,-11.7428,-12.66691,-10.2742,-11.07098,-7.00952,-8.952526,-6.795587,-6.929204,-5.969354,-0.9656413,23,23,23,23,23,23,23,23,23,23,23,23,23,23,23,23,618,6180,-6.724916,-6.062779,-5.499874,-3.490574,8.141471,0.857262,-1.306033,-1.8253,-0.9061822,-0.7725886,-0.2627927,-0.6734731,-0.3840723,-1.336654,0.2408023,-1.243506,23,23,23,23,23,23,23,23,23,23,23,23,23,23,23,23,618,6180,-1.723347,-4.093257,-5.748607,-1.289929,-1.034012,-1.403147,-2.070925,-67.16291,0.3707683,-0.6039053,-2.88956E-05,-0.6064481,-0.659494,-0.1096773,-0.3320249,1.170079,22,22,22,22,22,22,22,22,22,22,22,22,22,22,22,22
619,6190,-48.57502,-57.18813,-32.13,-31.05881,-21.59577,-14.93437,-12.38089,-12.29074,-10.2742,-10.94804,-7.128199,-8.826448,-7.034028,-7.168139,-4.894883,-1.689855,23,23,23,23,23,23,23,23,23,23,23,23,23,23,23,23,619,6190,-6.45592,-6.853576,-4.583241,-3.619853,8.404178,0.7345391,-1.04483,-2.607575,-0.647284,-0.9013606,-0.52564,-0.9428379,-5.136996E-05,-1.448037,-0.8432428,-1.582641,23,23,23,23,23,23,23,23,23,23,23,23,23,23,23,23,619,6190,-1.263781,-3.453692,-5.493018,-1.160939,-1.163535,-2.040112,-1.424405,-67.38165,0.6179726,0.1219683,-0.1191783,0.2424887,0.1111068,0.446165,0.331988,1.404147,22,22,22,22,22,22,22,22,22,22,22,22,22,22,22,22
620,6200,-47.37271,-55.37455,-32.74543,-31.30237,-22.07846,-13.94722,-12.25327,-11.6638,-10.52161,-10.45632,-7.721591,-9.078603,-7.51091,-7.526544,-6.805054,-2.407967E-05,23,23,23,23,23,23,23,23,23,23,23,23,23,23,23,23,620,6200,-6.993914,-7.117174,-5.237983,-3.619853,7.878766,0.9800361,-1.828437,-2.477198,-1.03563,-0.2575008,-1.051328,-1.212201,-0.8960993,-1.336654,-1.325041,-0.7913254,23,23,23,23,23,23,23,23,23,23,23,23,23,23,23,23,620,6200,-1.493562,-3.709518,-5.748607,-1.805887,-0.7749665,-0.5113952,-0.9071887,-66.17864,0.4943709,0.0009888718,0.2384245,-0.1213391,-0.3292365,-0.2208451,0.7746639,1.63822,22,22,22,22,22,22,22,22,22,22,22,22,22,22,22,22
621,6210,-50.13802,-55.37455,-34.46861,-31.30237,-21.4751,-13.70044,-13.2742,-11.53841,-10.2742,-9.595807,-7.958948,-8.574295,-8.107014,-7.884949,-6.208126,0.1206777,23,23,23,23,23,23,23,23,23,23,23,23,23,23,23,23,621,6210,-8.069382,-7.380774,-5.368925,-4.007689,7.222052,1.716476,-2.350842,-1.8253,-0.9061822,-0.9013606,-1.577019,-0.9428363,-1.792149,-1.22527,-0.8432428,-1.243506,23,23,23,23,23,23,23,23,23,23,23,23,23,23,23,23,621,6210,-1.608455,-3.581604,-5.365223,-2.192856,-1.94067,-2.167505,-1.553709,-66.83482,-0.1236419,0.0009888718,-0.8343843,-0.9702727,-0.3292397,0.446165,-0.2213548,0.701932,22,22,22,22,22,22,22,22,22,22,22,22,22,22,22,22
622,6220,-52.54262,-56.94632,-34.46861,-30.57168,-21.95779,-13.94722,-12.76374,-12.03996,-9.655689,-9.349947,-8.314983,-8.196065,-8.464675,-7.048672,-6.208126,-0.2414292,23,23,23,23,23,23,23,23,23,23,23,23,23,23,23,23,622,6220,-7.800672,-6.853576,-5.107035,-3.878411,7.878766,1.470979,-2.612044,-1.434166,-0.5178349,-0.5150449,-1.314172,-0.538789,-1.408126,-0.668357,-0.2409954,-0.9043714,23,23,23,23,23,23,23,23,23,23,23,23,23,23,23,23,622,6220,-1.033997,-3.069953,-5.365223,-1.547908,-1.42258,-1.020967,-0.5192765,-66.06928,-3.933013E-05,-0.6039053,-0.1191783,0.4850448,0.2211894,0.001490532,0.2213195,1.287113,22,22,22,22,22,22,22,22,22,22,22,22,22,22,22,22
623,6230,-50.73917,-57.06722,-32.49926,-27.16184,-20.38905,-14.3174,-12.63612,-12.29074,-9.531987,-10.45632,-7.602912,-9.456833,-8.583895,-8.123604,-6.805054,-0.2414292,23,23,23,23,23,23,23,23,23,23,23,23,23,23,23,23,623,6230,-8.069382,-6.589977,-6.023668,-3.749132,8.010118,1.348256,-2.612044,-1.043029,-0.3883858,-0.1287291,-0.9199076,-0.8081539,-1.280119,-1.002507,-0.6023441,-1.243506,23,23,23,23,23,23,23,23,23,23,23,23,23,23,23,23,623,6230,-0.8042128,-3.325779,-4.981841,-1.418919,-2.199716,-1.14836,-0.2606688,-66.39737,0.6179726,0.7268625,-0.2383795,-6.100183E-05,0.3312753,0.001490532,-0.5534182,0.2337847,22,22,22,22,22,22,22,22,22,22,22,22,22,22,22,22
624,6240,-49.17617,-57.18813,-32.62234,-28.86676,-22.68182,-16.41508,-12.76374,-13.04308,-11.14012,-11.68563,-9.264411,-10.59153,-9.179997,-10.15231,-8.236793,-0.6034847,23,23,23,23,23,23,23,23,23,23,23,23,23,23,23,23,624,6240,-8.203735,-6.589977,-5.368925,-4.395527,8.141471,0.7345391,-2.22024,-2.08606,-1.423977,-1.158905,-0.788484,-1.616248,-1.664141,-0.7797399,-0.4818944,-1.469595,23,23,23,23,23,23,23,23,23,23,23,23,23,23,23,23,624,6240,-0.3446475,-3.197866,-5.493018,-1.031949,-1.163535,-1.14836,-1.295101,-67.16291,0.4943709,-1.08782,2.247436E-05,0.2424919,-0.1090681,0.4461642,0.1105947,1.039998,22,22,22,22,22,22,22,22,22,22,22,22,22,22,22,22
625,6250,-48.9357,-55.97908,-32.74543,-29.11032,-21.23376,-16.0449,-12.5085,-12.91769,-10.89271,-10.70218,-8.671019,-10.46545,-9.895321,-10.39098,-9.190487,-0.3620796,23,23,23,23,23,23,23,23,23,23,23,23,23,23,23,23,625,6250,-8.472445,-6.853576,-5.368925,-5.171202,8.272824,0.3663192,-1.959038,-2.08606,-1.941772,-1.54522,-0.6570604,-1.885613,-1.536134,-0.4455911,-0.9636925,-1.582641,23,23,23,23,23,23,23,23,23,23,23,23,23,23,23,23,625,6250,-0.1148183,-3.069953,-5.493018,-2.063867,-2.199716,-2.167505,-1.036493,-66.6161,-0.4944491,-0.3619463,-1.191987,0.9701506,0.2211894,0.4461642,-0.3320795,0.5719339,22,22,22,22,22,22,22,22,22,22,22,22,22,22,22,22
626,6260,-49.77732,-56.70451,-34.09935,-27.77074,-20.14771,-14.19401,-13.91229,-12.7923,-11.51122,-11.31684,-9.739123,-10.7176,-10.49142,-9.674968,-9.42891,0.2414308,23,23,23,23,23,23,23,23,23,23,23,23,23,23,23,23,626,6260,-7.935026,-8.171622,-6.023668,-5.688318,7.616059,-0.2473978,-2.08964,-2.216437,-2.330117,-1.416448,-1.70844,-2.28966,-1.024107,-1.448041,-1.56594,-2.147865,23,23,23,23,23,23,23,23,23,23,23,23,23,23,23,23,626,6260,-0.6892757,-3.197917,-5.493018,-1.418919,-1.811148,-1.020967,-1.036493,-67.16291,-0.1236419,-0.2409669,-0.3575803,0.3637668,0.4413611,0.5573328,0.2212649,0.9229834,22,22,22,22,22,22,22,22,22,22,22,22,22,22,22,22
627,6270,-50.13801,-56.4627,-34.22244,-27.89252,-20.02704,-14.4408,-14.29514,-13.54464,-10.89271,-11.07098,-9.264411,-9.708987,-9.418439,-9.674968,-8.594428,-0.7241865,23,23,23,23,23,23,23,23,23,23,23,23,23,23,23,23,627,6270,-8.875509,-8.566834,-6.940364,-5.559038,7.222052,0.1208222,-2.22024,-3.129092,-3.10681,-1.416448,-1.445596,-2.424343,-1.408126,-1.11389,-1.806839,-2.147865,23,23,23,23,23,23,23,23,23,23,23,23,23,23,23,23,627,6270,-0.9190568,-3.32583,-5.748656,-2.579825,-2.329239,-1.657933,-1.553709,-66.83482,0.4943709,-0.1199906,-0.953585,-0.2426139,0.1111036,0.2238278,-1.106763,0.5719339,22,22,22,22,22,22,22,22,22,22,22,22,22,22,22,22
628,6280,-49.05593,-56.5836,-34.22244,-28.6232,-20.26837,-15.30454,-12.38089,-13.16847,-10.64531,-12.17735,-8.789696,-9.582911,-8.703115,-9.31696,-8.356005,0.3621342,23,23,23,23,23,23,23,23,23,23,23,23,23,23,23,23,628,6280,-8.472445,-7.908024,-6.416571,-5.171202,7.222052,0.7345391,-1.828437,-3.389849,-3.236258,-1.931536,-2.759819,-2.154978,-1.408126,-1.11389,-1.204591,-2.826135,23,23,23,23,23,23,23,23,23,23,23,23,23,23,23,23,628,6280,-1.033949,-3.453743,-5.620862,-2.063917,-2.199716,-1.14836,-0.5192765,-66.72546,0.1235632,-1.08782,0.1192237,0.2424919,0.5514469,0.4461642,0.2212649,1.039998,22,22,22,22,22,22,22,22,22,22,22,22,22,22,22,22
629,6290,-50.4987,-58.03447,-34.96094,-28.0143,-19.90635,-15.67472,-13.91229,-14.17158,-11.26382,-11.93149,-8.789696,-10.33937,-9.299219,-9.555632,-8.475216,-1.086293,23,23,23,23,23,23,23,23,23,23,23,23,23,23,23,23,629,6290,-8.6068,-7.908024,-6.547519,-5.42976,7.09075,0.489042,-2.481444,-4.954399,-4.271848,-2.961712,-3.416931,-2.28966,-1.664141,-1.336656,-1.927288,-1.921776,23,23,23,23,23,23,23,23,23,23,23,23,23,23,23,23,629,6290,-0.3445993,-2.942091,-6.13204,-2.321897,-1.940724,-1.912719,-0.2606688,-66.6161,0.2471658,-0.2409669,-0.5959823,0.1212171,0.6615328,-0.1096781,-0.8854239,-0.01315071,22,22,22,22,22,22,22,22,22,22,22,22,22,22,22,22
630,6300,-51.34031,-57.18813,-36.0687,-31.78949,-24.25056,-18.75954,-16.59224,-13.92081,-11.14012,-11.80856,-9.027053,-10.21329,-7.868572,-8.958954,-7.759945,-0.9655899,23,23,23,23,23,23,23,23,23,23,23,23,23,23,23,23,630,6300,-8.069381,-7.380825,-6.023732,-5.559038,6.828044,1.102759,-2.22024,-5.606293,-3.883502,-2.961712,-2.365551,-1.481566,-1.152114,-0.8911244,-1.325041,-2.034822,23,23,23,23,23,23,23,23,23,23,23,23,23,23,23,23,630,6300,-1.148841,-3.581656,-5.109684,-2.708865,-2.070247,-1.020967,-1.295101,-66.83482,-0.3708466,-0.9668405,0.3576256,0.6063229,0.4413611,0.5573328,0.2212649,1.274033,22,22,22,22,22,22,22,22,22,22,22,22,22,22,22,22
631,6310,-52.30215,-55.73726,-34.34552,-29.47566,-23.40586,-16.41508,-14.29514,-12.7923,-11.14012,-10.21046,-9.264411,-10.08722,-8.941557,-8.839618,-8.713639,0.3621342,23,23,23,23,23,23,23,23,23,23,23,23,23,23,23,23,631,6310,-7.531961,-7.512625,-6.416571,-6.076155,6.696691,1.102759,-2.220295,-5.86705,-5.695785,-3.605572,-3.15409,-1.212201,-1.024107,-1.002507,-1.686389,-1.356552,23,23,23,23,23,23,23,23,23,23,23,23,23,23,23,23,631,6310,-0.2297104,-3.32583,-5.748656,-2.708865,-1.552156,-1.403146,-0.2606696,-65.7412,0.3707683,0.4849035,-0.2383795,0.3637668,0.001017767,-0.5543517,-0.221411,0.8059691,22,22,22,22,22,22,22,22,22,22,22,22,22,22,22,22
632,6320,-52.66285,-55.25365,-33.48393,-27.64896,-23.04384,-17.03204,-14.42275,-13.79541,-11.75863,-11.5627,-9.97648,-10.59153,-9.65688,-9.674968,-8.832851,-0.6034847,23,23,23,23,23,23,23,23,23,23,23,23,23,23,23,23,632,6320,-8.069381,-6.985427,-5.761835,-6.334713,6.17133,1.102759,-2.350895,-5.867102,-4.401297,-3.734344,-2.365551,-1.077519,-0.8960993,-1.448041,-0.6023441,-1.13046,23,23,23,23,23,23,23,23,23,23,23,23,23,23,23,23,632,6320,-1.148841,-3.32583,-4.98189,-1.934928,-1.811201,-1.148359,-0.2606696,-66.6161,-0.247244,-1.208796,0.2384245,0.4850448,0.001017767,0.5573328,0.2212649,0.6889483,22,22,22,22,22,22,22,22,22,22,22,22,22,22,22,22
633,6330,-52.78308,-54.40731,-34.96094,-28.13608,-21.71644,-15.55133,-14.55037,-13.16847,-10.64531,-11.43977,-9.264411,-9.582911,-9.418439,-9.674968,-8.594428,0.4828359,23,23,23,23,23,23,23,23,23,23,23,23,23,23,23,23,633,6330,-7.935026,-7.776224,-6.678468,-7.110387,7.616111,1.225533,-3.134502,-7.03947,-6.084075,-5.150835,-3.416931,-2.559025,-1.280119,-1.225273,-1.204591,-1.582641,23,23,23,23,23,23,23,23,23,23,23,23,23,23,23,23,633,6330,-0.5743836,-3.197917,-5.493068,-2.192907,-1.552156,-1.275752,-1.424406,-66.6161,0.1235119,0.0009888718,0.1192237,0.8488726,0.001017767,-0.5543517,-0.6640868,0.9229834,22,22,22,22,22,22,22,22,22,22,22,22,22,22,22,22
634,6340,-52.90331,-54.77003,-33.97627,-30.08457,-20.02704,-14.56419,-12.76373,-12.7923,-9.779391,-10.82512,-8.077626,-10.08722,-8.464675,-9.31696,-8.594428,-0.1206761,23,23,23,23,23,23,23,23,23,23,23,23,23,23,23,23,634,6340,-8.472445,-7.644424,-7.463773,-6.981108,7.353456,2.084696,-3.787509,-6.779127,-4.789587,-5.150835,-3.285507,-2.154978,-1.920153,-1.336656,-1.084142,-1.469595,23,23,23,23,23,23,23,23,23,23,23,23,23,23,23,23,634,6340,-1.148841,-3.070005,-5.237479,-1.934928,-0.6454973,-1.403146,-0.2606696,-66.83482,-0.8653082,-0.3618917,0.1192237,0.4850448,-0.2191539,0.77967,-0.3320795,1.625076,22,22,22,22,22,22,22,22,22,22,22,22,22,22,22,22
635,6350,-53.98538,-55.73726,-35.45328,-29.71922,-21.23376,-16.16829,-13.2742,-12.41613,-11.01642,-11.43977,-8.671019,-10.21329,-8.345453,-8.958954,-7.043825,-1.448399,23,23,23,23,23,23,23,23,23,23,23,23,23,23,23,23,635,6350,-8.33809,-7.908024,-6.809416,-7.498225,8.01017,1.470979,-4.048711,-7.169638,-6.601869,-6.567327,-4.599782,-2.693708,-2.560191,-1.448041,-1.44549,-0.7913254,23,23,23,23,23,23,23,23,23,23,23,23,23,23,23,23,635,6350,-0.8041679,-4.093308,-5.876451,-2.579876,-1.552156,-1.148359,-0.3899735,-65.74119,0.2471144,-0.6038475,0.1192233,0.6063229,0.2211894,-0.3320145,-0.6640868,1.039998,22,22,22,22,22,22,22,22,22,22,22,22,22,22,22,22
636,6360,-51.46054,-55.01184,-32.86851,-25.94404,-19.303,-14.68758,-11.99803,-11.78919,-10.52161,-10.08753,-8.789696,-9.078602,-7.630132,-8.123604,-7.401982,-0.3620796,23,23,23,23,23,23,23,23,23,23,23,23,23,23,23,23,636,6360,-8.875509,-7.117227,-8.248353,-8.015341,7.616111,1.470979,-4.309913,-6.779127,-7.119665,-5.794694,-4.205511,-2.020292,-1.536134,-1.336656,-1.325041,-1.695687,23,23,23,23,23,23,23,23,23,23,23,23,23,23,23,23,636,6360,-1.263733,-2.942091,-5.620862,-2.321897,-1.552156,-0.6387871,-0.3899735,-67.16291,-0.4945009,-0.4828712,-0.1191791,-5.779121E-05,0.1111036,-0.1096781,-0.221411,1.742097,22,22,22,22,22,22,22,22,22,22,22,22,22,22,22,22
637,6370,-53.62469,-54.28641,-34.46861,-28.74498,-22.68182,-17.649,-14.93322,-12.41613,-10.76901,-9.595808,-9.264411,-9.204679,-9.060777,-8.720283,-8.594428,0.120729,23,23,23,23,23,23,23,23,23,23,23,23,23,23,23,23,637,6370,-7.935026,-6.853628,-7.463773,-7.368946,7.878817,1.470979,-4.440515,-7.29981,-7.50763,-5.794694,-4.731199,-2.828387,-2.048157,-1.670808,-0.9636925,-0.7913254,23,23,23,23,23,23,23,23,23,23,23,23,23,23,23,23,637,6370,-1.148841,-3.965394,-6.13204,-2.192907,-1.681679,-1.275752,-0.3899735,-66.17864,-0.6181034,0.001043452,-0.1191791,-0.1213326,-0.3292429,-1.110194,-0.8854239,0.9229834,22,22,22,22,22,22,22,22,22,22,22,22,22,22,22,22
638,6380,-52.30215,-54.89094,-34.09935,-32.03305,-26.66401,-20.48704,-14.67799,-12.16535,-10.3979,-9.964601,-8.671019,-8.069987,-8.941557,-9.197625,-7.998368,-0.9655899,23,23,23,23,23,23,23,23,23,23,23,23,23,23,23,23,638,6380,-7.935026,-7.249026,-8.248353,-7.886062,7.353456,1.470979,-4.701716,-6.648959,-6.990216,-5.408379,-4.336935,-3.636481,-2.816199,-2.004954,-1.325041,-1.469595,23,23,23,23,23,23,23,23,23,23,23,23,23,23,23,23,638,6380,-0.9190568,-3.197917,-5.493068,-2.192907,-1.552156,-1.403146,-1.683014,-67.27228,-1.112513,-0.9667859,0.5960272,-5.779121E-05,0.2211862,0.2238278,-0.4427497,1.742097,22,22,22,22,22,22,22,22,22,22,22,22,22,22,22,22
639,6390,-50.4987,-54.64913,-33.97627,-31.05881,-26.90535,-19.3765,-13.91229,-12.54152,-10.1505,-10.45632,-8.314983,-8.700371,-8.226233,-10.27165,-8.356005,2.729029E-05,23,23,23,23,23,23,23,23,23,23,23,23,23,23,23,23,639,6390,-8.203735,-8.566834,-8.640639,-8.14462,7.878817,0.857262,-4.309913,-7.950664,-7.249113,-5.665923,-3.811247,-3.367116,-1.664138,-1.55942,-0.9636411,-1.695687,23,23,23,23,23,23,23,23,23,23,23,23,23,23,23,23,639,6390,-0.9190568,-4.221221,-5.748656,-2.192907,-1.681679,-1.785325,-1.812318,-66.72546,-0.7417056,-0.4828712,0.715228,-5.779121E-05,0.1111004,-1.332531,-0.774704,0.9229834,22,22,22,22,22,22,22,22,22,22,22,22,22,22,22,22
640,6400,-50.25824,-55.49546,-33.85318,-32.15483,-27.62938,-19.99347,-13.65705,-12.7923,-11.51122,-11.43977,-8.671019,-9.330755,-8.822337,-9.555632,-7.640754,-1.327697,23,23,23,23,23,23,23,23,23,23,23,23,23,23,23,23,640,6400,-6.72497,-7.380825,-7.594535,-7.239667,8.01017,1.102759,-3.656907,-7.56015,-5.825177,-3.991887,-3.154135,-2.828387,-1.408123,-1.113887,-0.6022928,-1.921718,23,23,23,23,23,23,23,23,23,23,23,23,23,23,23,23,640,6400,-1.378625,-3.581656,-5.876451,-2.321897,-0.9045432,-0.5113944,-1.295102,-66.28801,-1.112513,-0.6038475,-0.2383799,0.1212203,0.1111004,0.3349956,-0.110691,2.093146,22,22,22,22,22,22,22,22,22,22,22,22,22,22,22,22
641,6410,-49.05593,-54.89094,-34.09935,-30.81525,-25.69863,-19.4999,-14.0399,-11.6638,-9.903093,-10.33339,-7.958948,-8.952524,-7.27247,-8.123604,-7.521368,-0.2413778,23,23,23,23,23,23,23,23,23,23,23,23,23,23,23,23,641,6410,-7.128412,-7.644424,-7.986828,-8.273899,7.616111,0.857262,-4.962918,-7.690321,-5.954627,-4.120659,-3.548399,-2.559022,-1.408123,-2.339102,-2.047686,-1.582583,23,23,23,23,23,23,23,23,23,23,23,23,23,23,23,23,641,6410,-1.033949,-4.221221,-5.748656,-1.676948,-1.811201,-0.8935741,-0.5192773,-65.95992,0.1235119,0.4849581,0.476826,-5.779121E-05,0.001014557,-0.9990262,-2.247436E-05,1.157019,22,22,22,22,22,22,22,22,22,22,22,22,22,22,22,22
642,6420,-48.45478,-54.1655,-33.60702,-30.57168,-24.25056,-16.90865,-12.89135,-10.28451,-10.3979,-10.21046,-8.55234,-8.196063,-7.868572,-7.646015,-7.043825,0.2414308,23,23,23,23,23,23,23,23,23,23,23,23,23,23,23,23,642,6420,-7.128412,-8.171571,-7.594535,-8.14462,7.222103,0.7345391,-4.309913,-7.690321,-5.954627,-3.476799,-3.154135,-2.828387,-1.408123,-2.004954,-1.806787,-2.260853,23,23,23,23,23,23,23,23,23,23,23,23,23,23,23,23,642,6420,-1.148841,-3.965394,-5.365273,-2.321897,-1.811201,-1.020967,-1.941622,-67.38165,-0.1236933,-0.8458064,-0.3575807,0.848879,-0.5494146,0.1126583,-0.2213596,1.274033,22,22,22,22,22,22,22,22,22,22,22,22,22,22,22,22
643,6430,-49.29639,-54.52821,-35.45328,-30.81525,-24.73324,-17.52561,-13.2742,-10.91146,-11.88233,-11.5627,-9.145732,-10.46545,-8.345453,-8.123604,-6.08874,-0.6034847,23,23,23,23,23,23,23,23,23,23,23,23,23,23,23,23,643,6430,-7.397409,-7.512574,-7.594535,-7.756783,7.222103,1.470979,-5.09352,-7.820493,-5.436831,-3.863116,-3.416976,-2.559022,-2.43218,-2.561868,-1.686338,-1.130406,23,23,23,23,23,23,23,23,23,23,23,23,23,23,23,23,643,6430,-1.493514,-3.965394,-6.515372,-1.934928,-1.163588,-1.275752,-0.3899735,-66.06928,-0.8653082,-0.2409123,0.715228,-0.1213326,0.1111004,-0.6655204,0.1106461,1.274033,22,22,22,22,22,22,22,22,22,22,22,22,22,22,22,22
644,6440,-46.65133,-53.92369,-32.9916,-28.0143,-22.80249,-15.79812,-11.48757,-10.15912,-10.2742,-10.94804,-8.908375,-8.448217,-7.868572,-7.526544,-6.805054,-0.4827814,23,23,23,23,23,23,23,23,23,23,23,23,23,23,23,23,644,6440,-7.397409,-6.853577,-7.463773,-7.756783,7.222103,1.225533,-5.485325,-7.820493,-5.825177,-4.378203,-4.994047,-2.559022,-2.43218,-2.784637,-1.806787,-1.808675,23,23,23,23,23,23,23,23,23,23,23,23,23,23,23,23,644,6440,-1.493514,-3.709569,-6.004194,-2.579876,-1.811201,-1.403146,-2.070926,-67.92847,0.370717,-0.1199328,0.476826,0.485048,0.2211862,-0.1096781,-0.3320282,1.508062,22,22,22,22,22,22,22,22,22,22,22,22,22,22,22,22
645,6450,-50.61893,-55.01184,-34.59169,-32.76373,-26.42266,-19.00632,-12.5085,-11.78919,-10.1505,-11.07098,-8.077626,-9.204679,-7.987792,-8.839618,-7.640754,-0.7241865,23,23,23,23,23,23,23,23,23,23,23,23,23,23,23,23,645,6450,-8.472445,-7.907972,-7.85606,-9.048671,7.222103,1.102759,-6.530132,-8.211004,-6.342972,-5.408379,-5.256894,-2.963069,-2.560188,-1.782188,-1.927237,-2.034764,23,23,23,23,23,23,23,23,23,23,23,23,23,23,23,23,645,6450,-1.723299,-4.477047,-6.387578,-1.934928,-2.199769,-2.040112,-1.812318,-67.16291,-0.3708984,0.4849581,2.207303E-05,-0.1213326,-0.5494146,-1.110194,-2.247436E-05,1.039998,22,22,22,22,22,22,22,22,22,22,22,22,22,22,22,22
646,6460,-51.46054,-55.85818,-35.57636,-33.6162,-25.81929,-18.75954,-12.5085,-12.29074,-11.14012,-11.43977,-9.145732,-8.952524,-9.060777,-9.794303,-7.998368,-1.086293,23,23,23,23,23,23,23,23,23,23,23,23,23,23,23,23,646,6460,-9.009865,-7.512574,-7.725297,-8.919572,7.878817,1.348256,-6.660734,-8.731687,-6.342972,-5.537151,-4.599782,-3.367116,-2.688192,-2.116337,-1.686338,-1.921718,23,23,23,23,23,23,23,23,23,23,23,23,23,23,23,23,646,6460,-1.263733,-2.942091,-5.237428,-2.966845,-2.070246,-1.148359,-0.7778857,-67.27228,-0.1236933,-0.1199328,0.3576248,0.848879,0.2211862,0.001490532,-0.2213596,1.274033,22,22,22,22,22,22,22,22,22,22,22,22,22,22,22,22
647,6470,-49.41663,-56.22089,-34.22244,-32.15483,-25.45728,-18.63615,-13.40182,-12.03996,-11.88233,-10.57925,-9.383088,-9.078602,-9.299219,-9.674968,-8.594428,2.729029E-05,23,23,23,23,23,23,23,23,23,23,23,23,23,23,23,23,647,6470,-8.741156,-8.566834,-8.509877,-9.306868,7.747464,1.102759,-6.00768,-8.731687,-7.378386,-6.052238,-4.468359,-3.367116,-2.560188,-1.336654,-1.686338,-2.486942,23,23,23,23,23,23,23,23,23,23,23,23,23,23,23,23,647,6470,-1.493514,-4.604959,-5.493017,-1.805938,-1.552155,-1.020967,-1.424406,-66.6161,-0.4945009,0.6059376,0.476826,0.2424951,-0.5494146,-0.8878576,-0.6640354,1.039998,22,22,22,22,22,22,22,22,22,22,22,22,22,22,22,22
648,6480,-52.0617,-55.85818,-37.17646,-33.00729,-26.90535,-19.4999,-14.29514,-11.91458,-11.38752,-10.45632,-9.501767,-9.58291,-9.299219,-9.555632,-8.713639,2.729029E-05,23,23,23,23,23,23,23,23,23,23,23,23,23,23,23,23,648,6480,-8.472445,-7.644373,-7.986828,-9.435966,8.141522,-0.370172,-6.530084,-8.601515,-7.249113,-6.181011,-4.336935,-3.905846,-2.43218,-1.782188,-1.324989,-2.939123,23,23,23,23,23,23,23,23,23,23,23,23,23,23,23,23,648,6480,-1.378625,-3.837481,-5.748606,-2.063917,-1.034065,-1.785325,-2.070926,-67.92847,-0.1236933,-0.4828712,0.8344288,0.9701539,0.991787,0.1126583,-2.247436E-05,1.859111,22,22,22,22,22,22,22,22,22,22,22,22,22,22,22,22
649,6490,-50.01778,-55.73726,-36.0687,-34.2251,-25.57796,-17.89579,-12.63612,-10.66068,-9.779391,-9.841669,-9.145732,-8.069987,-8.583895,-9.31696,-8.594428,-0.2413778,23,23,23,23,23,23,23,23,23,23,23,23,23,23,23,23,649,6490,-8.741156,-8.30337,-8.117591,-9.952358,8.535582,-0.001952059,-6.399482,-8.861858,-8.412333,-6.953642,-4.994047,-4.444576,-2.304173,-2.004954,-1.927237,-2.939123,23,23,23,23,23,23,23,23,23,23,23,23,23,23,23,23,649,6490,-1.493514,-4.093308,-5.493017,-1.676948,-1.681678,-1.403147,-1.424406,-67.05356,-0.3708984,0.6059376,-0.1191791,-0.3638856,-0.5494146,-0.3320145,-0.2213596,1.391047,22,22,22,22,22,22,22,22,22,22,22,22,22,22,22,22
650,6500,-49.77732,-54.89094,-34.71478,-32.15483,-23.28519,-17.40222,-11.99803,-11.28763,-9.655689,-10.94804,-7.721591,-8.448217,-7.868572,-10.03297,-8.475216,0.2414308,23,23,23,23,23,23,23,23,23,23,23,23,23,23,23,23,650,6500,-9.278574,-8.961744,-9.032927,-9.565063,7.747464,0.3663192,-5.615875,-8.731687,-7.378385,-6.953694,-4.731199,-4.040529,-2.176165,-2.22772,-1.927237,-3.504347,23,23,23,23,23,23,23,23,23,23,23,23,23,23,23,23,650,6500,-1.378625,-3.32583,-6.004194,-2.063917,-1.163587,-2.294898,-2.329535,-68.03783,-0.1236933,0.001043452,2.207303E-05,1.091429,0.7716154,-0.4431839,0.3319848,1.742097,22,22,22,22,22,22,22,22,22,22,22,22,22,22,22,22
651,6510,-52.90331,-56.4627,-36.19179,-32.64195,-24.37124,-16.90865,-12.25327,-10.78607,-10.3979,-10.45632,-8.671019,-9.58291,-8.703115,-9.913639,-8.236793,-1.206995,23,23,23,23,23,23,23,23,23,23,23,23,23,23,23,23,651,6510,-9.41293,-9.48829,-9.425213,-9.565063,7.747464,-0.001952059,-6.660686,-8.731687,-7.89536,-6.567379,-5.51969,-4.579258,-2.304173,-2.339102,-3.131732,-3.278258,23,23,23,23,23,23,23,23,23,23,23,23,23,23,23,23,651,6510,-1.608406,-4.732873,-4.98184,-2.450886,-2.329292,-2.42229,-1.165798,-66.72546,-0.4945009,0.1220229,-0.2383799,-0.6064385,-0.1090713,-0.6655204,-2.247436E-05,1.391047,22,22,22,22,22,22,22,22,22,22,22,22,22,22,22,22
652,6520,-53.02354,-55.85818,-34.09935,-29.2321,-23.28519,-16.0449,-11.23233,-9.908345,-10.0268,-9.227016,-8.789696,-8.574295,-8.226233,-8.600946,-8.594428,-0.6034847,23,23,23,23,23,23,23,23,23,23,23,23,23,23,23,23,652,6520,-8.875509,-8.698471,-10.07903,-9.435966,7.484809,0.489042,-6.00768,-8.471347,-8.541576,-6.05229,-4.994001,-4.579265,-2.176165,-2.673251,-3.613529,-3.052169,23,23,23,23,23,23,23,23,23,23,23,23,23,23,23,23,652,6520,-1.953083,-4.093308,-5.493017,-1.676948,-1.940724,-2.294898,-2.846751,-67.16291,-0.2472958,0.4849581,0.476826,0.2424951,0.3312721,-0.1096781,0.7746606,1.625076,22,22,22,22,22,22,22,22,22,22,22,22,22,22,22,22
653,6530,-53.62469,-55.85818,-34.96094,-30.57168,-24.12989,-15.42794,-12.63612,-10.91146,-10.76901,-9.964601,-8.789696,-9.078603,-9.179997,-9.913639,-8.594428,-0.1206761,23,23,23,23,23,23,23,23,23,23,23,23,23,23,23,23,653,6530,-9.547283,-9.8832,-9.686744,-10.08146,6.433985,0.1208222,-6.399482,-8.341175,-8.800061,-6.181063,-6.308225,-3.905853,-2.816254,-3.118786,-3.974878,-3.052169,23,23,23,23,23,23,23,23,23,23,23,23,23,23,23,23,653,6530,-2.987106,-5.372438,-5.109634,-2.192907,-1.681678,-1.275753,-1.55371,-67.05356,0.2471144,-0.1199328,0.238424,0.1212203,-0.7695863,-0.4431839,-2.247436E-05,1.157019,22,22,22,22,22,22,22,22,22,22,22,22,22,22,22,22
654,6540,-52.42239,-56.34179,-35.57636,-32.15483,-23.52653,-15.18115,-12.63612,-12.29074,-10.52161,-9.71874,-8.314983,-8.069987,-8.345453,-8.600946,-7.401982,-0.2413778,23,23,23,23,23,23,23,23,23,23,23,23,23,23,23,23,654,6540,-9.009865,-9.48829,-9.555975,-9.435966,7.353456,0.243545,-6.660686,-7.950664,-8.153845,-5.408431,-5.51969,-3.367123,-2.048212,-2.450485,-3.49308,-3.617393,23,23,23,23,23,23,23,23,23,23,23,23,23,23,23,23,654,6540,-1.953083,-4.604959,-5.493017,-1.934928,-1.552155,-1.912719,-2.329535,-67.38165,-0.3708984,-0.1199328,0.1192233,0.3637732,-0.4393288,-0.3320145,0.1106461,1.391047,22,22,22,22,22,22,22,22,22,22,22,22,22,22,22,22
655,6550,-53.14377,-56.70451,-35.82253,-32.15483,-21.59577,-14.81098,-11.99803,-12.41613,-9.903093,-11.07098,-8.196304,-9.582911,-8.107014,-9.197625,-7.998368,0.3621342,23,23,23,23,23,23,23,23,23,23,23,23,23,23,23,23,655,6550,-9.681639,-10.01484,-9.294451,-9.565063,7.222103,1.225533,-6.660686,-8.992026,-7.636872,-5.665975,-4.731154,-3.23244,-2.688246,-2.561868,-3.372682,-2.147807,23,23,23,23,23,23,23,23,23,23,23,23,23,23,23,23,655,6550,-2.412648,-4.988698,-4.598456,-2.063917,-1.422633,-1.148359,-1.165798,-67.05356,0.4943187,0.9688728,0.5960272,-0.6064385,-0.2191571,0.1126583,0.442655,1.742097,22,22,22,22,22,22,22,22,22,22,22,22,22,22,22,22
656,6560,-54.34607,-57.42994,-37.54571,-33.6162,-23.04384,-15.92151,-13.14659,-13.04308,-11.63493,-11.80856,-9.383088,-10.08722,-8.464675,-9.555632,-6.446897,-1.327748,23,23,23,23,23,23,23,23,23,23,23,23,23,23,23,23,656,6560,-10.21906,-10.67302,-9.555975,-10.46875,6.959397,0.7345391,-6.26888,-8.471347,-6.990218,-5.923519,-5.388266,-3.501805,-2.304227,-1.893571,-2.649985,-2.713034,23,23,23,23,23,23,23,23,23,23,23,23,23,23,23,23,656,6560,-2.297756,-4.860785,-5.237428,-2.192907,-2.070246,-2.294898,-3.105359,-67.8191,-9.070009E-05,0.001043452,-0.5959831,0.7276009,-0.6595004,0.5573328,0.442655,1.274033,22,22,22,22,22,22,22,22,22,22,22,22,22,22,22,22
657,6570,-50.37848,-56.82541,-35.08403,-31.18059,-22.92317,-16.16829,-12.89135,-12.66691,-11.26382,-11.5627,-8.671019,-9.961141,-7.749352,-8.362275,-7.640754,0.2413794,23,23,23,23,23,23,23,23,23,23,23,23,23,23,23,23,657,6570,-10.0847,-9.8832,-9.686744,-10.72695,6.828044,1.225533,-6.791287,-8.341175,-7.249116,-6.438606,-5.125425,-3.501805,-2.176219,-2.450485,-2.409086,-1.921718,23,23,23,23,23,23,23,23,23,23,23,23,23,23,23,23,657,6570,-2.297807,-4.477047,-5.109634,-1.676948,-0.7750195,-1.020967,-0.6485819,-66.50674,-9.070009E-05,0.2430024,0.238424,-0.2426107,-0.1090713,0.2238278,0.2213179,1.391047,22,22,22,22,22,22,22,22,22,22,22,22,22,22,22,22
658,6580,-52.54262,-56.22089,-37.42263,-32.64195,-24.37124,-15.18115,-13.65705,-12.29074,-12.74825,-11.68563,-9.501767,-9.204679,-9.179997,-9.078289,-7.640754,0.8448914,23,23,23,23,23,23,23,23,23,23,23,23,23,23,23,23,658,6580,-10.62212,-10.27811,-9.948269,-10.59785,7.484809,1.102759,-6.660686,-8.471347,-7.507628,-6.824922,-5.256843,-3.23244,-2.432235,-2.561868,-1.806839,-2.373899,23,23,23,23,23,23,23,23,23,23,23,23,23,23,23,23,658,6580,-1.493566,-5.11656,-5.748606,-1.547958,-1.163587,-2.294898,-1.036493,-66.6161,0.4943187,0.4849581,0.1192233,0.2424951,-0.6595004,0.2238278,0.2213179,1.391047,22,22,22,22,22,22,22,22,22,22,22,22,22,22,22,22
659,6590,-52.78308,-57.18813,-36.56104,-30.93703,-23.76787,-15.79812,-12.63612,-13.04308,-11.88233,-11.43977,-9.620444,-9.835064,-9.299219,-9.674968,-7.759945,-0.7242378,23,23,23,23,23,23,23,23,23,23,23,23,23,23,23,23,659,6590,-10.48777,-10.40975,-9.8175,-10.46875,7.353456,1.593753,-6.791287,-8.211004,-7.249116,-7.468323,-4.468314,-3.501805,-2.944261,-2.116337,-2.529536,-1.808675,23,23,23,23,23,23,23,23,23,23,23,23,23,23,23,23,659,6590,-2.182915,-4.732821,-4.98184,-2.063917,-1.163587,-0.7661806,-2.20023,-67.27228,0.370717,0.1220229,-0.9535859,-0.7277165,-0.5494146,0.5573328,0.6639937,1.742097,22,22,22,22,22,22,22,22,22,22,22,22,22,22,22,22
660,6600,-52.18193,-56.4627,-35.45328,-31.42415,-24.73324,-15.92151,-12.63612,-11.53841,-10.76901,-10.33339,-9.027053,-9.078603,-9.418439,-8.839618,-7.043825,-0.2414292,23,23,23,23,23,23,23,23,23,23,23,23,23,23,23,23,660,6600,-10.62212,-9.619926,-9.948262,-10.33965,7.616111,1.593753,-7.574894,-8.471347,-8.412333,-7.339706,-4.862578,-4.3099,-2.816254,-2.450485,-1.686389,-1.469541,23,23,23,23,23,23,23,23,23,23,23,23,23,23,23,23,660,6600,-1.953134,-4.093256,-4.598456,-2.321897,-1.422633,-2.42229,-1.295102,-66.28801,0.1235119,0.001043452,0.1192233,-0.1213326,-0.2191571,0.001490532,0.1106493,1.274033,22,22,22,22,22,22,22,22,22,22,22,22,22,22,22,22
661,6610,-51.34032,-57.06722,-35.20711,-32.64195,-26.42266,-20.36364,-13.52944,-11.53841,-10.0268,-11.5627,-10.45119,-11.22191,-9.65688,-10.15231,-7.759945,-0.7242378,23,23,23,23,23,23,23,23,23,23,23,23,23,23,23,23,661,6610,-10.48777,-9.093381,-9.294451,-10.08146,7.484758,1.470979,-7.705496,-8.471347,-8.541576,-7.082466,-4.994001,-4.444582,-3.328281,-3.007403,-2.288637,-2.486942,23,23,23,23,23,23,23,23,23,23,23,23,23,23,23,23,661,6610,-3.33183,-4.732821,-4.470662,-1.289979,-1.42258,-2.040112,-1.812318,-67.60036,0.7415238,0.1220229,0.1192233,-0.9702694,-0.4393288,-0.2208467,0.3319864,1.039998,22,22,22,22,22,22,22,22,22,22,22,22,22,22,22,22
662,6620,-52.78308,-57.42994,-37.17646,-33.37263,-26.42266,-18.38936,-13.01897,-11.78919,-10.52161,-10.82512,-9.501767,-10.33937,-9.418439,-8.958954,-7.282597,-0.1207274,23,23,23,23,23,23,23,23,23,23,23,23,23,23,23,23,662,6620,-10.75648,-10.14647,-9.8175,-9.952358,7.878766,1.348256,-8.227354,-8.471347,-8.153845,-7.21109,-5.388266,-3.905853,-3.200276,-1.893571,-2.409086,-2.486942,23,23,23,23,23,23,23,23,23,23,23,23,23,23,23,23,662,6620,-2.757373,-4.349082,-4.470662,-2.192907,-2.329239,-2.422291,-2.717447,-67.16291,-9.070009E-05,0.3639819,2.207303E-05,-0.1213326,-0.6595004,0.6685006,0.442655,1.625076,22,22,22,22,22,22,22,22,22,22,22,22,22,22,22,22
663,6630,-51.34032,-56.70451,-36.68412,-32.76373,-27.02603,-19.4999,-14.0399,-11.53841,-10.2742,-9.104085,-9.264411,-9.456833,-9.418439,-7.765482,-7.401982,-2.407967E-05,23,23,23,23,23,23,23,23,23,23,23,23,23,23,23,23,663,6630,-10.35341,-9.883199,-9.8175,-9.177769,7.353405,1.470979,-7.70549,-8.992026,-8.670818,-6.824922,-6.176802,-4.713947,-3.584296,-2.450485,-2.770435,-2.486942,23,23,23,23,23,23,23,23,23,23,23,23,23,23,23,23,663,6630,-2.872265,-4.221169,-5.237428,-1.934928,-1.293057,-1.912719,-1.165848,-66.50674,0.7415238,-0.1199328,2.207303E-05,-0.8489914,-0.1090713,0.2238278,0.2213179,1.274033,22,22,22,22,22,22,22,22,22,22,22,22,22,22,22,22
664,6640,-54.22585,-57.06722,-37.17646,-32.27661,-26.18131,-19.12972,-14.42275,-11.28763,-10.3979,-10.21046,-9.620444,-10.08722,-9.179997,-9.436296,-7.521368,-0.2414292,23,23,23,23,23,23,23,23,23,23,23,23,23,23,23,23,664,6640,-10.48777,-9.619926,-9.555975,-8.14462,7.878766,1.102759,-8.227354,-8.861858,-8.670818,-6.824922,-5.782537,-6.060771,-3.584296,-2.784637,-3.011333,-3.052169,23,23,23,23,23,23,23,23,23,23,23,23,23,23,23,23,664,6640,-3.446722,-4.732821,-5.493017,-2.579876,-1.94067,-2.931863,-2.070977,-67.05356,0.1235119,0.001043452,-0.1191791,0.3637732,-0.3292429,0.2238278,0.3319864,1.039998,22,22,22,22,22,22,22,22,22,22,22,22,22,22,22,22
665,6650,-53.74493,-57.91355,-37.6688,-33.85975,-28.47409,-20.73382,-15.18845,-10.91146,-9.160879,-9.71874,-9.145732,-9.078603,-8.464675,-8.839618,-7.401982,0.3620828,23,23,23,23,23,23,23,23,23,23,23,23,23,23,23,23,665,6650,-9.681639,-8.961743,-9.686738,-8.790474,7.616059,0.7345391,-7.70549,-8.992026,-9.44628,-6.309834,-5.388266,-5.926089,-3.328281,-3.118786,-2.649985,-3.730438,23,23,23,23,23,23,23,23,23,23,23,23,23,23,23,23,665,6650,-3.561615,-4.732821,-4.470662,-1.934928,-0.7749665,-0.7661814,-1.165848,-67.05356,0.2471144,0.2430024,-0.3575807,-0.4851636,-0.3292429,-0.6655204,-0.5533637,1.625076,22,22,22,22,22,22,22,22,22,22,22,22,22,22,22,22
666,6660,-51.46055,-58.15536,-35.57636,-31.18059,-24.25056,-19.4999,-13.78467,-11.91457,-8.789773,-10.94804,-9.027053,-10.21329,-8.464675,-10.03297,-7.998368,-0.6035361,23,23,23,23,23,23,23,23,23,23,23,23,23,23,23,23,666,6660,-9.144219,-10.27811,-8.902164,-8.14462,8.666883,1.225533,-7.574888,-8.861858,-9.187793,-6.824871,-5.91396,-6.330136,-3.328281,-3.452935,-2.288637,-2.939123,23,23,23,23,23,23,23,23,23,23,23,23,23,23,23,23,666,6660,-2.297807,-4.732821,-4.854045,-1.418968,-1.94067,-1.530539,-0.9072401,-66.94419,-0.1236933,0.7268625,-0.1191791,-0.1213326,-0.6595004,0.3349956,0.5533235,1.039998,22,22,22,22,22,22,22,22,22,22,22,22,22,22,22,22
667,6670,-50.49871,-57.30903,-35.3302,-31.66771,-25.81929,-19.3765,-13.14659,-11.41302,-10.3979,-11.68563,-9.027053,-10.59153,-8.464675,-9.31696,-7.282597,-0.4828327,23,23,23,23,23,23,23,23,23,23,23,23,23,23,23,23,667,6670,-10.0847,-9.883199,-8.379115,-8.661375,7.484758,0.9800361,-7.574888,-10.16356,-8.670819,-7.468323,-7.228235,-5.656724,-4.22433,-4.009853,-3.252232,-2.486942,23,23,23,23,23,23,23,23,23,23,23,23,23,23,23,23,667,6670,-2.527592,-4.732821,-5.237428,-1.418968,-0.6454443,-1.020967,-1.036544,-66.39737,-9.070009E-05,-0.2409669,-0.2383795,-0.3638856,0.001014557,0.8908378,0.5533235,1.859111,22,22,22,22,22,22,22,22,22,22,22,22,22,22,22,22
668,6680,-51.09986,-56.94632,-34.59169,-31.54593,-25.09526,-18.51276,-11.99803,-11.03685,-9.531987,-10.33339,-9.620444,-9.835064,-9.179997,-9.197625,-8.594428,-0.7242378,23,23,23,23,23,23,23,23,23,23,23,23,23,23,23,23,668,6680,-9.950348,-10.40975,-8.902164,-9.048671,7.222052,1.348256,-8.357769,-10.29373,-9.058549,-7.468323,-7.6225,-6.060768,-4.352338,-4.232618,-3.493131,-2.486942,23,23,23,23,23,23,23,23,23,23,23,23,23,23,23,23,668,6680,-2.872265,-4.732821,-4.854045,-1.547958,-1.811148,-2.040112,-0.7779363,-67.49101,0.370717,0.0009888718,-0.3575803,-0.3638888,-0.4393288,0.5573328,-0.221358,1.391047,22,22,22,22,22,22,22,22,22,22,22,22,22,22,22,22
669,6690,-50.8594,-56.22089,-34.34552,-29.2321,-23.40586,-17.03204,-13.40182,-11.78919,-11.01642,-12.05442,-10.33252,-11.34799,-9.65688,-9.913639,-8.713639,-0.1207274,23,23,23,23,23,23,23,23,23,23,23,23,23,23,23,23,669,6690,-10.0847,-10.40975,-8.640639,-8.919572,7.090699,1.593753,-8.357769,-10.29373,-8.283089,-7.98279,-8.279612,-5.926085,-4.992372,-4.455384,-3.493131,-2.826077,23,23,23,23,23,23,23,23,23,23,23,23,23,23,23,23,669,6690,-2.987157,-4.476995,-4.470662,-1.289979,-0.9044894,-1.14836,-1.812368,-66.28801,0.370717,0.4849035,-0.8343843,-0.8489946,-0.4393256,-0.1096781,-0.221358,1.742097,22,22,22,22,22,22,22,22,22,22,22,22,22,22,22,22
670,6700,-51.82124,-54.77003,-34.46861,-32.76373,-27.38804,-18.75954,-12.5085,-11.16224,-10.1505,-11.43977,-9.620444,-10.08722,-9.060777,-10.74899,-8.475216,0.3620828,23,23,23,23,23,23,23,23,23,23,23,23,23,23,23,23,670,6700,-10.35341,-9.488291,-8.771402,-8.661375,7.222052,1.593753,-8.618604,-8.992026,-8.412333,-8.111407,-7.753923,-6.060768,-4.864365,-3.341555,-3.011333,-1.921718,23,23,23,23,23,23,23,23,23,23,23,23,23,23,23,23,670,6700,-2.412699,-3.965343,-4.087278,-1.16099,-1.552103,-1.785326,-1.553761,-66.6161,0.7415238,0.6058831,-0.1191783,-0.3638888,-0.4393256,0.7796187,0.6639937,1.039998,22,22,22,22,22,22,22,22,22,22,22,22,22,22,22,22
671,6710,-50.97963,-57.06722,-35.3302,-36.41714,-28.59476,-21.22739,-14.16752,-12.91769,-11.38752,-12.17735,-10.68855,-11.97837,-10.72986,-11.70367,-9.667335,-0.6035361,23,23,23,23,23,23,23,23,23,23,23,23,23,23,23,23,671,6710,-11.02519,-9.488291,-9.163689,-9.435966,7.747412,1.225533,-8.749019,-8.731687,-8.541576,-8.111407,-6.965388,-6.464815,-4.864365,-2.561872,-2.409034,-3.165212,23,23,23,23,23,23,23,23,23,23,23,23,23,23,23,23,671,6710,-2.987157,-4.093256,-5.237428,-0.9030101,-0.5159214,-1.020967,-1.424456,-65.95992,0.2471144,0.0009888718,0.1192237,0.2424919,0.4413611,0.4461136,0.2213179,1.742097,22,22,22,22,22,22,22,22,22,22,22,22,22,22,22,22
672,6720,-52.78308,-56.70451,-35.3302,-33.37263,-27.26736,-19.62329,-14.29514,-12.16535,-10.89271,-12.30028,-10.45119,-10.96976,-9.418439,-11.107,-8.952063,-1.086345,23,23,23,23,23,23,23,23,23,23,23,23,23,23,23,23,672,6720,-10.89083,-9.619926,-8.509877,-9.177769,8.53553,0.857262,-8.488188,-9.382538,-8.929305,-8.111407,-7.359653,-6.464815,-4.096323,-3.007406,-2.649934,-2.826135,23,23,23,23,23,23,23,23,23,23,23,23,23,23,23,23,672,6720,-2.527592,-4.093256,-4.598456,-1.547958,-1.811148,-2.422291,-2.070977,-66.83482,0.6179212,0.2429478,0.1192237,-0.1213391,-0.3292397,0.2237764,0.1106493,1.053039,22,22,22,22,22,22,22,22,22,22,22,22,22,22,22,22
673,6730,-50.73917,-56.82541,-36.43795,-34.59044,-30.1635,-21.96775,-16.97509,-13.29386,-12.25344,-11.93149,-10.68855,-11.60014,-10.84909,-11.107,-10.3826,0.2413794,23,23,23,23,23,23,23,23,23,23,23,23,23,23,23,23,673,6730,-11.42825,-8.830109,-8.509877,-9.565063,8.010118,0.489042,-8.749019,-9.64288,-8.800063,-8.625875,-7.228235,-6.464815,-3.840311,-2.561872,-2.529484,-3.391358,23,23,23,23,23,23,23,23,23,23,23,23,23,23,23,23,673,6730,-2.75737,-4.604908,-5.237428,-1.418968,-1.163535,-0.8935741,-2.329585,-67.38165,0.6179212,-0.1199906,-0.7151831,-0.7277197,-0.9897547,-0.2208973,0.5533235,1.755254,22,22,22,22,22,22,22,22,22,22,22,22,22,22,22,22
674,6740,-53.74493,-56.83516,-37.29955,-34.71222,-28.95678,-21.72096,-17.23032,-13.41925,-12.50084,-12.79201,-11.28194,-11.47406,-11.20655,-10.74899,-9.42891,-0.4828327,23,23,23,23,23,23,23,23,23,23,23,23,23,23,23,23,674,6740,-10.0847,-9.619926,-8.509877,-9.048671,7.353405,-0.2473978,-8.749019,-9.252369,-9.187793,-7.339706,-6.702541,-5.656721,-3.328281,-2.561872,-2.409034,-3.052223,23,23,23,23,23,23,23,23,23,23,23,23,23,23,23,23,674,6740,-1.838239,-3.965394,-4.72625,-1.418968,-1.552103,-2.422291,-1.295152,-66.72546,0.370717,0.1219683,0.3576256,-6.100183E-05,-0.4393256,0.4461136,0.8853308,1.053039,22,22,22,22,22,22,22,22,22,22,22,22,22,22,22,22
675,6750,-53.38424,-56.35146,-37.42263,-36.29536,-31.24955,-21.35079,-14.55037,-12.54152,-11.26382,-12.05442,-10.80723,-11.09583,-10.96831,-11.70367,-10.02497,0.8448914,23,23,23,23,23,23,23,23,23,23,23,23,23,23,23,23,675,6750,-8.875509,-7.908024,-8.117591,-7.756783,7.353405,0.243545,-7.96652,-8.992026,-9.317036,-7.082414,-7.228235,-5.791403,-2.560242,-1.893574,-2.288585,-3.504404,23,23,23,23,23,23,23,23,23,23,23,23,23,23,23,23,675,6750,-2.642477,-4.221221,-5.493018,-1.547958,-0.9044894,-1.14836,-1.424456,-66.83482,0.6179212,0.2429478,2.247436E-05,-0.3638888,-0.769583,0.2237764,0.5533235,1.63822,22,22,22,22,22,22,22,22,22,22,22,22,22,22,22,22
676,6760,-54.70677,-57.19794,-38.03805,-34.834,-27.87073,-20.73382,-14.16752,-11.53841,-10.52161,-11.5627,-10.21384,-10.7176,-10.3722,-11.34567,-10.14418,-0.3621309,23,23,23,23,23,23,23,23,23,23,23,23,23,23,23,23,676,6760,-8.203735,-7.380825,-8.640639,-8.015341,6.959346,0.7345391,-8.618604,-9.252369,-8.800063,-7.854174,-7.359653,-6.464815,-2.688246,-1.448041,-2.168136,-2.487,23,23,23,23,23,23,23,23,23,23,23,23,23,23,23,23,676,6760,-1.033997,-4.477047,-5.620812,-1.547959,-0.9044894,-1.657933,-1.683065,-67.49101,-9.070009E-05,-0.1199906,0.4768264,0.2424919,-0.1090681,0.334945,0.442655,1.63822,22,22,22,22,22,22,22,22,22,22,22,22,22,22,22,22
677,6770,-51.82124,-58.04443,-36.19179,-31.42415,-26.30197,-20.24025,-14.55037,-12.29074,-10.89271,-12.30028,-10.80723,-11.60014,-10.61064,-11.70367,-9.905758,-1.327748,23,23,23,23,23,23,23,23,23,23,23,23,23,23,23,23,677,6770,-7.128465,-7.380825,-7.333011,-8.14462,6.302683,0.9800361,-8.749019,-9.64288,-10.0925,-8.75449,-7.096812,-5.117991,-2.560242,-2.227723,-2.409034,-2.034822,23,23,23,23,23,23,23,23,23,23,23,23,23,23,23,23,677,6770,-2.297804,-4.604959,-5.493018,-1.676948,-0.6454443,-0.8935741,-0.6486317,-66.83482,0.1235119,0.4849035,0.2384245,-6.100183E-05,-0.8796689,0.2237764,0.2213179,1.287113,22,22,22,22,22,22,22,22,22,22,22,22,22,22,22,22
678,6780,-50.97963,-57.07702,-36.0687,-33.25085,-29.19811,-22.70811,-16.33701,-11.78919,-10.76901,-11.43977,-10.33252,-10.84368,-10.01454,-10.86832,-10.26339,-0.3621309,23,23,23,23,23,23,23,23,23,23,23,23,23,23,23,23,678,6780,-7.53196,-7.776224,-7.986828,-8.015341,6.959397,0.9800361,-8.749019,-9.773048,-9.575523,-8.625875,-7.228235,-4.983309,-2.304227,-2.450489,-2.288585,-2.034822,23,23,23,23,23,23,23,23,23,23,23,23,23,23,23,23,678,6780,-1.493562,-3.965394,-5.493018,-1.16099,-1.163535,-1.657933,-2.846801,-67.49101,0.370717,0.3639241,-0.1191783,0.4850448,-0.3292397,0.001439162,0.3319864,1.287113,22,22,22,22,22,22,22,22,22,22,22,22,22,22,22,22
679,6790,-50.13802,-55.14219,-37.79188,-35.4429,-28.95677,-21.59757,-16.46462,-11.41302,-11.51122,-11.43977,-10.68855,-11.34799,-10.61064,-11.58434,-11.3363,0.6034863,23,23,23,23,23,23,23,23,23,23,23,23,23,23,23,23,679,6790,-7.262963,-8.171622,-7.594535,-9.048671,7.484809,1.470979,-9.140269,-9.64288,-9.058549,-8.75449,-6.176853,-4.579261,-2.048212,-2.11634,-2.409034,-1.469595,23,23,23,23,23,23,23,23,23,23,23,23,23,23,23,23,679,6790,-2.412696,-4.732873,-4.854046,-1.28998,-0.9044894,-1.14836,-0.9071887,-67.49101,0.1235119,0.1219683,0.1192237,-1.091551,-0.5494114,-0.6655709,0.2213179,1.755254,22,22,22,22,22,22,22,22,22,22,22,22,22,22,22,22
680,6800,-50.01778,-55.98868,-37.29955,-33.25085,-28.35341,-21.72096,-15.95416,-13.41925,-12.12974,-13.52959,-11.04459,-12.10445,-10.3722,-10.86832,-9.905758,-0.8449396,23,23,23,23,23,23,23,23,23,23,23,23,23,23,23,23,680,6800,-6.724969,-8.303422,-7.85606,-9.306868,7.09075,1.225533,-8.749019,-9.252366,-8.283089,-8.368641,-6.176853,-4.040532,-2.432235,-2.450489,-1.927237,-1.243506,23,23,23,23,23,23,23,23,23,23,23,23,23,23,23,23,680,6800,-1.608455,-4.477047,-5.365223,-1.16099,-0.6454443,-1.403147,-1.036493,-67.16291,0.370717,-0.2409669,-0.1191783,0.3637668,-0.3292397,-0.5544031,0.442655,1.872294,22,22,22,22,22,22,22,22,22,22,22,22,22,22,22,22
681,6810,-48.93571,-55.6259,-36.56104,-32.03305,-28.83609,-22.70811,-17.23032,-13.29386,-12.37714,-13.77545,-11.28194,-12.48268,-10.96831,-11.465,-9.786547,-2.407967E-05,23,23,23,23,23,23,23,23,23,23,23,23,23,23,23,23,681,6810,-8.741155,-8.435221,-8.640639,-9.565063,7.484809,1.716476,-8.618604,-9.122198,-8.412333,-8.111407,-6.4397,-3.771167,-2.560242,-2.339106,-2.168136,-1.921776,23,23,23,23,23,23,23,23,23,23,23,23,23,23,23,23,681,6810,-2.182912,-4.604959,-4.98184,-2.063918,-1.42258,-1.14836,-1.683013,-66.83482,0.1235119,0.3639241,0.2384245,-0.1213391,-0.769583,-0.2208973,0.442655,1.404147,22,22,22,22,22,22,22,22,22,22,22,22,22,22,22,22
682,6820,-49.53686,-57.07702,-37.54571,-38.24385,-33.1803,-26.40989,-19.27219,-16.17781,-12.37714,-14.3901,-11.04459,-12.48268,-11.92071,-13.61304,-10.97867,-0.7242378,23,23,23,23,23,23,23,23,23,23,23,23,23,23,23,23,682,6820,-8.875509,-7.908024,-9.555975,-9.177769,7.484809,1.716476,-8.879437,-8.341175,-8.929307,-8.240024,-5.782588,-4.444579,-3.328281,-2.004957,-2.168136,-1.356552,23,23,23,23,23,23,23,23,23,23,23,23,23,23,23,23,682,6820,-1.493562,-4.604959,-5.365223,-1.16099,-1.034012,-1.403147,-1.941621,-66.94419,0.4943195,0.6059376,0.3576256,0.7275977,0.001017767,-0.2208973,0.1106493,1.170073,22,22,22,22,22,22,22,22,22,22,22,22,22,22,22,22
683,6830,-50.97963,-57.19794,-36.56104,-33.6162,-30.28416,-23.57185,-17.23032,-15.1747,-12.87195,-13.65252,-12.23137,-13.11306,-12.03973,-13.01637,-10.74024,-0.8449396,23,23,23,23,23,23,23,23,23,23,23,23,23,23,23,23,683,6830,-8.6068,-7.644424,-8.771402,-9.048671,8.01017,1.83925,-9.140269,-7.950661,-9.187793,-7.468323,-5.256894,-4.444579,-2.944261,-2.11634,-1.324989,-1.80873,23,23,23,23,23,23,23,23,23,23,23,23,23,23,23,23,683,6830,-1.608455,-5.116611,-5.237429,-1.934928,-0.7749665,-1.912719,-1.424405,-66.94419,-9.070009E-05,0.3639819,0.238424,-0.7277197,-0.1090681,0.001439162,0.2213179,0.9359993,22,22,22,22,22,22,22,22,22,22,22,22,22,22,22,22
684,6840,-50.61893,-56.59331,-35.94562,-32.03305,-27.50871,-19.00632,-14.29514,-13.04308,-11.38752,-12.66908,-11.5193,-12.60876,-11.80168,-11.58434,-11.69394,-0.8449396,23,23,23,23,23,23,23,23,23,23,23,23,23,23,23,23,684,6840,-8.6068,-8.171622,-8.509877,-9.048671,7.616111,0.857262,-9.531522,-7.690321,-7.766116,-7.21109,-5.914006,-4.444576,-2.944261,-2.004957,-1.927237,-1.13046,23,23,23,23,23,23,23,23,23,23,23,23,23,23,23,23,684,6840,-0.9191049,-4.349133,-5.493018,-1.032,-0.9044894,-1.912719,-1.424405,-67.27228,0.1235119,0.001043452,0.238424,0.4850994,-0.5494114,-0.1097286,0.2213179,1.63822,22,22,22,22,22,22,22,22,22,22,22,22,22,22,22,22
685,6850,-50.61893,-56.35146,-37.17646,-32.52017,-26.90534,-17.15544,-13.40182,-12.03996,-11.63493,-11.07098,-12.11269,-11.22191,-12.51584,-12.77769,-11.69394,0.4827845,23,23,23,23,23,23,23,23,23,23,23,23,23,23,23,23,685,6850,-7.262963,-8.171622,-8.902164,-8.14462,7.222103,1.225533,-8.749019,-8.211004,-8.800063,-6.438554,-5.12547,-4.713941,-2.688246,-1.782191,-1.20454,-2.260911,23,23,23,23,23,23,23,23,23,23,23,23,23,23,23,23,685,6850,-2.06802,-4.732873,-5.365223,-1.805938,-1.681625,-1.275754,-1.424405,-67.05356,-0.2472958,0.3639819,2.207303E-05,-0.1212813,-0.5494146,0.001439162,0.1106493,1.63822,22,22,22,22,22,22,22,22,22,22,22,22,22,22,22,22
686,6860,-47.25248,-55.38404,-34.09935,-29.841,-24.37122,-16.53847,-14.0399,-11.66379,-11.26382,-10.94804,-11.5193,-11.72622,-12.03973,-12.41969,-11.57472,-0.6035361,23,23,23,23,23,23,23,23,23,23,23,23,23,23,23,23,686,6860,-7.800671,-8.961743,-9.686744,-8.403178,7.747464,0.6117649,-8.749019,-9.382538,-9.187793,-6.696098,-5.388311,-4.444576,-1.7922,-2.339051,-1.927237,-2.034822,23,23,23,23,23,23,23,23,23,23,23,23,23,23,23,23,686,6860,-1.608455,-4.221221,-5.493018,-1.676948,-1.034012,-1.785326,-2.458838,-67.38165,-0.4945005,-0.1199328,-0.2383799,0.4850994,0.001014557,0.001490532,0.5533235,1.170073,22,22,22,22,22,22,22,22,22,22,22,22,22,22,22,22
687,6870,-47.37271,-55.02127,-35.94562,-32.52017,-25.93996,-17.649,-13.2742,-12.16535,-11.38752,-12.42321,-11.28194,-12.3566,-11.80168,-12.89703,-12.17078,-0.6035361,23,23,23,23,23,23,23,23,23,23,23,23,23,23,23,23,687,6870,-7.53196,-9.225017,-8.117591,-9.952358,7.484809,0.9800361,-8.488188,-10.03339,-7.636874,-6.824871,-4.205511,-4.713941,-2.304227,-2.6732,-1.56594,-1.582641,23,23,23,23,23,23,23,23,23,23,23,23,23,23,23,23,687,6870,-1.723347,-4.860785,-5.365223,-1.805938,-1.293057,-1.403147,-0.7778849,-66.6161,0.370717,0.6059376,2.207303E-05,-1.212771,-0.9897611,0.1126583,-0.3320265,1.287113,22,22,22,22,22,22,22,22,22,22,22,22,22,22,22,22
688,6880,-48.81548,-56.83516,-37.91497,-37.2696,-28.95677,-19.74668,-13.14658,-13.04308,-12.25344,-13.89838,-12.23137,-12.86091,-11.92071,-13.37437,-11.21709,-0.724188,23,23,23,23,23,23,23,23,23,23,23,23,23,23,23,23,688,6880,-8.741155,-10.14647,-8.379115,-8.919572,7.222103,1.348256,-8.879437,-9.252366,-7.766116,-5.665923,-4.074088,-4.040529,-2.560242,-2.450434,-2.047738,-2.147807,23,23,23,23,23,23,23,23,23,23,23,23,23,23,23,23,688,6880,-1.493562,-3.709569,-5.620812,-1.676948,-0.7749665,-1.14836,-2.458838,-68.25655,-0.4945005,-0.1199328,-0.3575807,0.7276523,0.4413579,-0.4431839,-0.221358,1.274033,22,22,22,22,22,22,22,22,22,22,22,22,22,22,22,22
689,6890,-50.61893,-56.95609,-38.77655,-37.75673,-27.14669,-17.7724,-12.38088,-12.54152,-11.26382,-13.40666,-12.11269,-12.86091,-11.20655,-11.58434,-10.02497,-1.3277,23,23,23,23,23,23,23,23,23,23,23,23,23,23,23,23,689,6890,-8.6068,-10.01484,-8.509877,-9.048671,6.959397,1.225533,-9.140269,-8.861855,-6.731318,-5.408379,-4.336935,-3.771164,-3.072269,-3.230118,-1.927288,-1.243448,23,23,23,23,23,23,23,23,23,23,23,23,23,23,23,23,689,6890,-1.838242,-4.477047,-5.620812,-1.934928,-1.811148,-1.275754,-1.424405,-66.6161,-0.7417052,0.2430024,0.238424,-0.3638342,-0.5494146,-0.9990262,-0.885371,1.039998,22,22,22,22,22,22,22,22,22,22,22,22,22,22,22,22
690,6900,-49.65709,-56.5836,-37.17646,-32.64195,-23.52652,-16.16829,-12.63612,-12.03996,-12.37714,-11.93149,-11.63798,-12.48268,-11.32557,-10.86832,-10.14418,2.407967E-05,23,23,23,23,23,23,23,23,23,23,23,23,23,23,23,23,690,6900,-9.547283,-9.619927,-9.425213,-9.048671,7.222103,1.102759,-9.140269,-7.820493,-6.472421,-5.279606,-4.074088,-2.42434,-2.176219,-2.227668,-1.56594,-1.582583,23,23,23,23,23,23,23,23,23,23,23,23,23,23,23,23,690,6900,-1.148892,-3.837481,-5.620812,-1.547959,-1.293057,-1.14836,-1.553709,-67.16291,-0.1236933,-0.1199328,-0.3575807,0.2425465,0.2211862,-0.2208467,0.3319864,2.327175,22,22,22,22,22,22,22,22,22,22,22,22,22,22,22,22
691,6910,-52.30215,-56.5836,-37.29954,-31.66771,-24.97459,-14.4408,-11.35995,-11.53841,-11.63493,-12.79201,-11.63798,-12.48268,-11.68266,-11.34567,-9.190487,-0.3620828,23,23,23,23,23,23,23,23,23,23,23,23,23,23,23,23,691,6910,-10.21906,-9.619927,-8.771402,-9.435966,7.484809,1.102759,-9.270687,-7.56015,-6.601869,-5.150835,-3.94267,-3.636481,-3.072269,-1.782136,-1.325041,-1.243448,23,23,23,23,23,23,23,23,23,23,23,23,23,23,23,23,691,6910,-0.9191082,-3.965394,-5.237428,-1.805938,-1.293057,-1.275754,-1.295101,-66.94419,-0.4945005,-0.1199328,0.238424,0.6063775,-0.1090713,-0.6655204,-0.7747024,1.976125,22,22,22,22,22,22,22,22,22,22,22,22,22,22,22,22
692,6920,-51.22008,-56.4627,-37.05337,-33.49441,-24.4919,-14.19401,-10.59425,-10.91146,-10.64531,-11.68563,-11.40062,-10.84368,-10.49142,-10.27165,-8.832851,-0.2413794,23,23,23,23,23,23,23,23,23,23,23,23,23,23,23,23,692,6920,-10.21906,-9.093381,-9.032927,-8.919572,7.878817,1.102759,-8.879437,-6.779127,-6.084075,-4.120659,-2.628444,-2.693704,-2.688246,-1.670753,-0.8432428,-1.356495,23,23,23,23,23,23,23,23,23,23,23,23,23,23,23,23,692,6920,-1.148892,-3.070005,-5.109634,-1.934928,-0.7749665,-1.403147,-1.036493,-66.94419,-0.8653077,-0.2409123,0.1192233,0.2425465,0.001014557,0.001490532,-0.3320265,1.625076,22,22,22,22,22,22,22,22,22,22,22,22,22,22,22,22
693,6930,-51.58077,-56.82541,-37.6688,-34.10331,-23.40586,-15.18115,-10.08378,-10.78607,-9.531987,-11.43977,-10.68855,-11.09583,-9.7761,-10.51032,-9.190487,-0.4827845,23,23,23,23,23,23,23,23,23,23,23,23,23,23,23,23,693,6930,-9.278574,-8.830109,-9.032927,-9.177769,8.272876,0.243545,-9.140269,-6.388613,-5.825177,-5.022063,-3.548399,-3.097752,-2.176219,-1.447986,-1.325041,-2.260853,23,23,23,23,23,23,23,23,23,23,23,23,23,23,23,23,693,6930,-0.9191082,-4.477047,-5.237428,-1.805938,-1.552103,-0.7661814,-0.7778849,-65.52247,-0.4945005,0.2430024,0.1192233,0.1212716,-0.5494146,-0.9990262,0.1106493,1.157019,22,22,22,22,22,22,22,22,22,22,22,22,22,22,22,22
694,6940,-51.34031,-57.79265,-39.1458,-36.90426,-26.54333,-15.42794,-10.84948,-10.15912,-8.666071,-10.08753,-10.21384,-9.835064,-9.299219,-10.15231,-8.832851,-0.9655932,23,23,23,23,23,23,23,23,23,23,23,23,23,23,23,23,694,6940,-9.950348,-9.8832,-9.425213,-9.435966,8.01017,-0.3701206,-8.879437,-6.779127,-6.084075,-3.991887,-3.154135,-3.232434,-2.048212,-1.336603,-1.44549,-2.713034,23,23,23,23,23,23,23,23,23,23,23,23,23,23,23,23,694,6940,-0.8042192,-3.197917,-5.237428,-2.450886,-1.293058,-1.785325,-1.424405,-67.49101,-0.6181031,0.001043452,0.8344288,0.7276523,0.001014557,-0.1096781,-0.3320265,1.508062,22,22,22,22,22,22,22,22,22,22,22,22,22,22,22,22
695,6950,-51.701,-56.82541,-40.37665,-40.07054,-29.07745,-16.78526,-9.445697,-9.532176,-7.429047,-8.858225,-9.739123,-9.456833,-8.822337,-9.197625,-8.594428,2.407967E-05,23,23,23,23,23,23,23,23,23,23,23,23,23,23,23,23,695,6950,-9.009865,-9.8832,-9.425213,-9.952358,7.353456,0.3663706,-7.96652,-5.867098,-5.307383,-3.734344,-3.154135,-3.097752,-1.920204,-1.336603,-1.325041,-2.713034,23,23,23,23,23,23,23,23,23,23,23,23,23,23,23,23,695,6950,-1.148892,-3.709569,-5.620811,-2.579876,-1.940671,-1.657932,-1.295101,-65.7412,-0.3708984,0.1220229,0.476826,0.3638245,-0.2191571,-0.2208467,-0.3320265,1.508062,22,22,22,22,22,22,22,22,22,22,22,22,22,22,22,22
696,6960,-51.46054,-56.70451,-39.26889,-36.17358,-27.50871,-15.67472,-11.61518,-9.281399,-8.789773,-8.612364,-9.97648,-8.826448,-9.179997,-8.004269,-8.11758,-0.2413794,23,23,23,23,23,23,23,23,23,23,23,23,23,23,23,23,696,6960,-9.815992,-10.01484,-10.47132,-8.790474,7.878817,-0.1246235,-8.096938,-5.345533,-5.695728,-4.249431,-3.416976,-3.636481,-2.048212,-2.227668,-1.806839,-2.147807,23,23,23,23,23,23,23,23,23,23,23,23,23,23,23,23,696,6960,-1.034,-3.453743,-4.98184,-2.192907,-1.42258,-0.5113944,-0.9071887,-66.6161,-0.6181031,-0.4828712,1.072831,0.6063775,0.2211862,0.001490532,-0.6640338,1.157019,22,22,22,22,22,22,22,22,22,22,22,22,22,22,22,22
697,6970,-52.30215,-57.79265,-38.4073,-35.93002,-25.69863,-16.16829,-11.61518,-10.66068,-8.294963,-8.366503,-8.908375,-8.069987,-8.107014,-8.481611,-7.043825,-0.3620828,23,23,23,23,23,23,23,23,23,23,23,23,23,23,23,23,697,6970,-8.875509,-9.225018,-9.817507,-9.048671,7.09075,0.3663706,-7.705493,-5.215156,-5.954628,-3.605572,-4.205511,-3.367116,-2.304227,-1.782136,-2.409086,-1.921718,23,23,23,23,23,23,23,23,23,23,23,23,23,23,23,23,697,6970,-1.378677,-3.709569,-5.365222,-1.805938,-1.811148,-1.275753,-2.070925,-66.6161,-0.1236933,0.4849581,0.8344288,0.1212716,-0.2191571,-0.6655204,-0.1106894,0.9229834,22,22,22,22,22,22,22,22,22,22,22,22,22,22,22,22
698,6980,-53.264,-57.30903,-38.77655,-33.98153,-24.25056,-15.79812,-11.48757,-10.66068,-8.047559,-8.366503,-8.077626,-7.187449,-7.51091,-6.929201,-6.805054,-0.1206777,23,23,23,23,23,23,23,23,23,23,23,23,23,23,23,23,698,6980,-8.472445,-9.225018,-9.425213,-9.694162,6.565338,1.225585,-7.836092,-6.388568,-5.307384,-4.249431,-4.205511,-2.42434,-1.152166,-1.670753,-2.770435,-1.921718,23,23,23,23,23,23,23,23,23,23,23,23,23,23,23,23,698,6980,-1.493566,-3.965394,-5.620811,-2.579876,-1.42258,-1.785325,-1.553709,-66.72546,-0.6181031,-0.8458064,-0.1191791,0.4850994,0.3312721,0.1126583,0.3319864,2.093146,22,22,22,22,22,22,22,22,22,22,22,22,22,22,22,22
699,6990,-52.42238,-58.15536,-37.6688,-35.80824,-26.42266,-15.79812,-9.828547,-10.4099,-8.047559,-9.227016,-6.890842,-7.691757,-6.914808,-7.526541,-6.685668,-0.6034863,23,23,23,23,23,23,23,23,23,23,23,23,23,23,23,23,699,6990,-8.33809,-9.356653,-9.294451,-9.306868,6.959397,1.225585,-7.44429,-5.86705,-6.084077,-4.120659,-4.074094,-2.963069,-2.048212,-2.116285,-2.168187,-1.921718,23,23,23,23,23,23,23,23,23,23,23,23,23,23,23,23,699,6990,-1.034,-3.837481,-5.237428,-3.095834,-1.940671,-1.148359,-1.553709,-66.6161,-9.070009E-05,-0.2409123,-0.1191791,0.6063775,0.2211862,0.1126583,-0.3320265,1.274033,22,22,22,22,22,22,22,22,22,22,22,22,22,22,22,22
700,7000,-52.30215,-59.0017,-38.65347,-34.10331,-23.88854,-14.81098,-10.72187,-10.28451,-8.666069,-9.964601,-8.55234,-7.817832,-7.153248,-8.720283,-7.043825,-1.3277,23,23,23,23,23,23,23,23,23,23,23,23,23,23,23,23,700,7000,-9.278574,-9.8832,-9.425213,-9.952358,6.696691,1.225585,-7.836092,-5.606293,-5.177937,-4.893291,-3.67983,-2.693708,-1.536185,-1.893519,-1.56594,-1.921718,23,23,23,23,23,23,23,23,23,23,23,23,23,23,23,23,700,7000,-1.72335,-3.581656,-4.854045,-2.837855,-1.293058,-2.167504,-1.165797,-67.16291,-0.6181031,-1.208742,0.3576248,0.1212203,0.4413579,0.001490532,-0.5533637,1.391047,22,22,22,22,22,22,22,22,22,22,22,22,22,22,22,22
701,7010,-51.58077,-58.51808,-38.03805,-31.42414,-20.87174,-13.20687,-8.424763,-9.15601,-8.294963,-8.366503,-7.246878,-7.817832,-6.676366,-8.24294,-6.446897,2.407967E-05,23,23,23,23,23,23,23,23,23,23,23,23,23,23,23,23,701,7010,-9.009865,-9.225018,-9.425213,-9.82326,7.747464,1.839302,-8.096938,-5.86705,-4.530693,-4.249431,-2.759871,-2.82839,-2.048157,-1.559369,-1.44549,-1.582583,23,23,23,23,23,23,23,23,23,23,23,23,23,23,23,23,701,7010,-1.493566,-4.349133,-5.365222,-2.966845,-2.070194,-1.530539,-0.9071887,-66.28801,-0.3708984,-0.2409123,0.238424,0.848879,0.1110458,-0.4431839,-0.5533637,1.157019,22,22,22,22,22,22,22,22,22,22,22,22,22,22,22,22
702,7020,-54.70676,-58.39717,-37.91496,-31.05881,-21.35442,-11.35598,-9.445697,-8.278283,-8.294963,-7.874779,-8.196305,-6.557065,-6.914808,-7.168087,-6.685668,0.3621309,23,23,23,23,23,23,23,23,23,23,23,23,23,23,23,23,702,7020,-9.681639,-9.225018,-9.817507,-9.82326,7.484809,1.839302,-8.618604,-5.084775,-4.919038,-4.249431,-1.971335,-2.693708,-1.920153,-1.113884,-1.56594,-1.356495,23,23,23,23,23,23,23,23,23,23,23,23,23,23,23,23,702,7020,-1.493566,-3.965394,-4.598456,-2.579876,-1.552103,-1.148359,-0.6485803,-66.72546,-0.2472958,-0.6038475,2.207303E-05,-5.779121E-05,-0.2192117,0.1126583,-0.1106894,1.157019,22,22,22,22,22,22,22,22,22,22,22,22,22,22,22,22
703,7030,-54.827,-59.1226,-38.03805,-29.35388,-20.63039,-10.61562,-8.424763,-8.027505,-7.552749,-8.243571,-7.84027,-7.439602,-7.39169,-8.123604,-7.282596,-0.4827845,23,23,23,23,23,23,23,23,23,23,23,23,23,23,23,23,703,7030,-9.009865,-8.303422,-9.555975,-9.952358,7.616162,1.593804,-8.488188,-4.693638,-5.307384,-3.348028,-2.497026,-1.481566,-1.792145,-1.336651,-1.203937,-1.582583,23,23,23,23,23,23,23,23,23,23,23,23,23,23,23,23,703,7030,-1.263785,-3.837481,-5.237428,-2.450886,-2.199716,-1.148359,-2.070925,-66.94419,-0.1236933,-0.4828712,2.207303E-05,-5.779121E-05,0.4413033,0.001490532,-0.5533669,0.6889483,22,22,22,22,22,22,22,22,22,22,22,22,22,22,22,22
704,7040,-51.94146,-58.15536,-36.43795,-26.91828,-18.21695,-10.49223,-7.659062,-7.776726,-7.305345,-8.981155,-7.484234,-6.809218,-6.914808,-7.526493,-6.208126,2.247436E-05,23,23,23,23,23,23,23,23,23,23,23,23,23,23,23,23,704,7040,-9.278574,-9.225018,-10.34056,-9.565063,8.272876,1.593804,-7.836092,-5.475913,-5.954628,-2.83294,-2.234182,-2.28966,-1.408123,-1.559417,-1.324408,-1.356495,23,23,23,23,23,23,23,23,23,23,23,23,23,23,23,23,704,7040,-0.8042192,-3.197917,-4.598456,-2.321897,-2.199716,-1.657932,-0.5192765,-67.16291,-0.7417052,-1.329721,0.238424,0.485048,0.2211316,0.5573328,-2.247436E-05,0.5719853,22,22,22,22,22,22,22,22,22,22,22,22,22,22,22,22
705,7050,-52.30215,-59.0017,-36.0687,-30.44991,-20.50972,-13.45365,-8.55238,-9.030621,-7.676451,-9.227016,-7.00952,-7.94391,-6.557146,-7.168087,-6.566282,-0.2413826,23,23,23,23,23,23,23,23,23,23,23,23,23,23,23,23,705,7050,-9.278574,-10.27811,-10.47132,-9.048671,7.484809,0.9800875,-7.44429,-5.86705,-5.436833,-2.446624,-1.839915,-2.424343,-1.280119,-2.227716,-1.083466,-2.147807,23,23,23,23,23,23,23,23,23,23,23,23,23,23,23,23,705,7050,-1.148841,-3.709569,-5.237428,-2.837855,-2.199716,-2.040112,-1.941621,-66.94419,0.6179212,0.1220229,-0.7151839,0.485048,0.7715608,0.2238278,-0.5533669,0.2209358,22,22,22,22,22,22,22,22,22,22,22,22,22,22,22,22
706,7060,-50.85939,-59.2435,-36.31487,-29.2321,-20.50972,-14.3174,-9.573315,-9.030621,-7.923857,-9.349947,-8.671019,-7.439602,-7.51091,-8.24294,-6.685668,-0.9655948,23,23,23,23,23,23,23,23,23,23,23,23,23,23,23,23,706,7060,-9.144219,-10.14647,-9.686744,-9.177769,7.484809,0.8573133,-7.183086,-6.518787,-5.048488,-2.575396,-2.102759,-2.559025,-1.664138,-2.004951,-1.685819,-1.921718,23,23,23,23,23,23,23,23,23,23,23,23,23,23,23,23,706,7060,-1.608406,-4.093308,-4.598456,-1.934928,-2.458762,-1.785325,-1.165797,-67.16291,-0.7417052,-0.724827,0.1192233,0.6063261,0.0009599762,0.1126583,-0.3320282,0.3379501,22,22,22,22,22,22,22,22,22,22,22,22,22,22,22,22
707,7070,-51.82124,-58.51807,-36.80721,-31.05881,-20.87174,-12.34312,-8.169529,-8.90523,-7.057939,-8.243571,-7.246878,-7.565679,-7.39169,-8.481611,-7.879157,-0.844893,23,23,23,23,23,23,23,23,23,23,23,23,23,23,23,23,707,7070,-9.144219,-10.14647,-9.686744,-9.177769,7.616162,1.225585,-7.313688,-6.648959,-4.530693,-2.317852,-2.365603,-2.154978,-1.408123,-2.896017,-1.685819,-1.695629,23,23,23,23,23,23,23,23,23,23,23,23,23,23,23,23,707,7070,-1.378625,-4.349133,-4.342867,-2.579876,-2.329239,-2.167504,-1.553709,-66.06928,0.7415238,-0.2409123,-0.2383799,0.3637732,1.101818,0.001490532,-0.3320282,0.6889997,22,22,22,22,22,22,22,22,22,22,22,22,22,22,22,22
708,7080,-53.74492,-58.75988,-36.19179,-26.06581,-18.94098,-10.61562,-8.55238,-8.152894,-7.552749,-7.628918,-7.958948,-6.935295,-8.226233,-8.123604,-7.998368,0.241426,23,23,23,23,23,23,23,23,23,23,23,23,23,23,23,23,708,7080,-9.41293,-9.751563,-8.902164,-8.661375,7.222103,1.225585,-7.705493,-6.648959,-3.754,-2.83294,-2.497026,-1.077519,-1.152111,-2.561865,-2.047231,-1.695629,23,23,23,23,23,23,23,23,23,23,23,23,23,23,23,23,708,7080,-2.067972,-4.221221,-5.109634,-2.321845,-2.458762,-1.785325,-0.9071887,-67.49101,-1.112513,-0.6038475,-0.3575807,0.2424951,0.0009599762,0.001490532,0.2213162,0.2209358,22,22,22,22,22,22,22,22,22,22,22,22,22,22,22,22
709,7090,-51.701,-58.27626,-35.69945,-27.28362,-18.8203,-10.9858,-8.679997,-9.782956,-9.160879,-9.841669,-8.077626,-8.448217,-8.226233,-8.24294,-7.401982,-0.3620844,23,23,23,23,23,23,23,23,23,23,23,23,23,23,23,23,709,7090,-9.41293,-8.961743,-8.117591,-8.403178,7.222052,0.8573133,-7.836092,-6.518787,-3.883449,-2.446624,-3.022715,-2.154978,-2.43218,-1.893567,-2.408642,-1.469541,23,23,23,23,23,23,23,23,23,23,23,23,23,23,23,23,709,7090,-1.263733,-3.837481,-5.237428,-3.482751,-2.329292,-1.912719,-0.7778849,-66.39737,-0.2472958,-0.1199328,-0.1191791,0.2424951,-0.1091259,-0.5543517,-0.6640354,1.040049,22,22,22,22,22,22,22,22,22,22,22,22,22,22,22,22
710,7100,-53.86515,-57.30902,-36.56104,-26.67472,-17.85493,-10.86241,-8.297147,-8.529061,-8.047559,-8.858225,-7.958948,-8.069987,-8.107014,-8.839618,-7.879157,-0.2413826,23,23,23,23,23,23,23,23,23,23,23,23,23,23,23,23,710,7100,-9.009865,-8.303422,-7.594535,-8.403178,7.222052,1.10281,-7.836092,-6.258187,-3.883449,-2.18908,-2.234182,-1.616248,-2.304173,-2.673251,-1.565349,-1.695629,23,23,23,23,23,23,23,23,23,23,23,23,23,23,23,23,710,7100,-1.838191,-4.093308,-5.365222,-2.063865,-2.458815,-1.403147,-1.941621,-67.38165,-0.3708984,-0.8458064,0.476826,-5.779121E-05,0.2211316,0.3349956,-0.110691,0.9230348,22,22,22,22,22,22,22,22,22,22,22,22,22,22,22,22
711,7110,-56.51023,-59.48531,-36.68412,-29.96278,-17.85493,-11.84955,-8.679997,-10.03373,-8.171261,-10.82512,-7.721591,-8.700371,-8.107014,-10.03297,-8.832851,-1.086298,23,23,23,23,23,23,23,23,23,23,23,23,23,23,23,23,711,7110,-9.547283,-8.566834,-8.509877,-8.790474,7.747412,0.7345905,-8.096938,-5.475913,-4.142345,-2.704168,-2.62845,-2.28966,-2.43218,-1.782185,-1.685819,-2.034764,23,23,23,23,23,23,23,23,23,23,23,23,23,23,23,23,711,7110,-1.493514,-3.965394,-4.598456,-3.095782,-2.458815,-2.294898,-1.55371,-66.17864,0.2471144,-0.1199328,2.207303E-05,0.6063261,-0.1091259,-0.2208467,-0.6640354,1.15707,22,22,22,22,22,22,22,22,22,22,22,22,22,22,22,22
712,7120,-58.43391,-60.57345,-38.16113,-33.73797,-24.49191,-16.53847,-11.48757,-10.28451,-9.037177,-9.841669,-7.721591,-9.078602,-8.107014,-9.913639,-7.998368,-0.6034895,23,23,23,23,23,23,23,23,23,23,23,23,23,23,23,23,712,7120,-8.875509,-8.435221,-8.509877,-8.532276,8.010118,0.7345905,-7.96652,-5.99743,-4.271794,-3.734344,-2.891294,-2.559025,-3.072214,-1.670802,-2.047231,-2.599988,23,23,23,23,23,23,23,23,23,23,23,23,23,23,23,23,712,7120,-1.838191,-4.349133,-4.470662,-2.966793,-2.847383,-1.785325,-2.458838,-68.03783,-0.9889103,-1.329721,2.207303E-05,-0.1213326,0.0009599762,0.1126583,-0.2213596,1.391099,22,22,22,22,22,22,22,22,22,22,22,22,22,22,22,22
713,7130,-57.35184,-59.96893,-37.42263,-30.44991,-21.59577,-15.18115,-11.7428,-10.28451,-9.037178,-9.349947,-8.077626,-8.448217,-8.583895,-8.839618,-9.071275,0.3621294,23,23,23,23,23,23,23,23,23,23,23,23,23,23,23,23,713,7130,-8.472445,-8.698471,-8.248353,-8.919572,7.878766,0.3663706,-7.44429,-4.563261,-4.530693,-3.219256,-2.497026,-2.82839,-1.792145,-1.893567,-1.685819,-2.826077,23,23,23,23,23,23,23,23,23,23,23,23,23,23,23,23,713,7130,-1.493514,-4.349133,-4.72625,-2.063865,-2.329292,-2.167504,-1.55371,-66.28801,0.2471144,-0.3618917,0.715228,0.6063261,0.3312175,-0.3320145,-0.110691,0.9230348,22,22,22,22,22,22,22,22,22,22,22,22,22,22,22,22
714,7140,-56.26976,-59.72712,-36.68412,-29.2321,-23.76787,-16.16829,-13.14658,-11.91457,-10.2742,-9.964601,-9.027054,-9.456831,-8.941557,-8.958954,-8.594428,0.1207242,23,23,23,23,23,23,23,23,23,23,23,23,23,23,23,23,714,7140,-8.203735,-8.566834,-8.117591,-9.177769,8.010118,-0.7383405,-7.96652,-6.258187,-5.048488,-2.83294,-2.62845,-3.232437,-2.304173,-2.116333,-2.408642,-3.391304,23,23,23,23,23,23,23,23,23,23,23,23,23,23,23,23,714,7140,-1.953083,-3.965394,-4.470662,-2.837803,-2.847383,-1.912719,-1.55371,-67.8191,-0.6181034,-0.8458578,-0.2383799,-0.2426107,-0.4393865,0.001490532,-0.774704,0.6889997,22,22,22,22,22,22,22,22,22,22,22,22,22,22,22,22
715,7150,-55.30792,-58.88078,-35.45328,-29.35388,-22.31981,-15.18115,-11.99803,-11.41302,-9.531987,-9.964601,-8.196304,-8.069987,-8.226233,-8.004269,-7.401982,-0.844893,23,23,23,23,23,23,23,23,23,23,23,23,23,23,23,23,715,7150,-8.069382,-8.698471,-8.771402,-8.532276,7.616059,-0.4928434,-6.921886,-4.693638,-4.401244,-2.446624,-2.496975,-3.097755,-1.408123,-2.116333,-2.770053,-3.278258,23,23,23,23,23,23,23,23,23,23,23,23,23,23,23,23,715,7150,-1.608406,-4.988698,-5.493017,-3.74073,-2.976905,-1.785325,-1.683014,-67.16291,-0.4945009,-0.3619431,0.5960272,0.7276009,0.3312175,0.001490532,-0.2213596,1.391099,22,22,22,22,22,22,22,22,22,22,22,22,22,22,22,22
716,7160,-54.34607,-58.03445,-34.96094,-29.47566,-21.11309,-15.67472,-12.25327,-12.16535,-9.16088,-10.70218,-8.077626,-10.2133,-8.464675,-10.39098,-8.594428,-0.2413826,23,23,23,23,23,23,23,23,23,23,23,23,23,23,23,23,716,7160,-7.666317,-8.435221,-9.425213,-8.532276,7.090699,-0.2473464,-6.660682,-4.693638,-4.66014,-2.83294,-2.891243,-2.424346,-2.176165,-2.004951,-3.131465,-2.373899,23,23,23,23,23,23,23,23,23,23,23,23,23,23,23,23,716,7160,-1.723299,-3.837481,-4.087278,-2.966793,-2.329292,-1.912719,-1.55371,-67.16291,-0.3708984,-0.6038989,0.476826,0.3637732,0.5513892,0.1126583,-0.3320282,0.4549709,22,22,22,22,22,22,22,22,22,22,22,22,22,22,22,22
717,7170,-57.11138,-59.72712,-37.54571,-34.59044,-26.90535,-21.47418,-16.59224,-14.79853,-11.88233,-13.28373,-9.383088,-10.33937,-9.537604,-10.86832,-8.832851,-1.448405,23,23,23,23,23,23,23,23,23,23,23,23,23,23,23,23,717,7170,-8.203735,-8.435221,-8.248353,-8.532276,6.565287,0.9800875,-6.791284,-4.302501,-4.142345,-2.83294,-3.15409,-2.693711,-2.048157,-2.450482,-2.890524,-2.147807,23,23,23,23,23,23,23,23,23,23,23,23,23,23,23,23,717,7170,-1.608406,-4.860785,-5.237428,-3.482751,-2.199769,-1.530539,-1.295102,-67.16291,-0.2472958,-0.4829226,0.238424,0.7276009,0.0009599762,-0.4431839,-0.3320282,1.391099,22,22,22,22,22,22,22,22,22,22,22,22,22,22,22,22
718,7180,-58.07322,-59.2435,-38.4073,-36.05179,-27.75005,-21.22739,-15.06084,-13.79541,-11.63493,-11.5627,-8.671019,-9.708987,-8.226179,-10.39098,-8.11758,-1.086298,23,23,23,23,23,23,23,23,23,23,23,23,23,23,23,23,718,7180,-7.531908,-8.303422,-8.902164,-9.306868,6.959346,0.9800875,-6.399479,-5.475913,-4.271794,-3.348028,-2.891243,-2.020299,-1.664138,-2.004954,-2.288172,-2.147807,23,23,23,23,23,23,23,23,23,23,23,23,23,23,23,23,718,7180,-1.838191,-4.221221,-4.854045,-2.708814,-1.811201,-1.530539,-0.3899735,-66.94419,-0.1236933,-1.208793,0.3576248,-5.779121E-05,0.2211316,0.6684492,-0.2213596,1.040049,22,22,22,22,22,22,22,22,22,22,22,22,22,22,22,22
719,7190,-54.94723,-58.88078,-37.42263,-32.64195,-25.81929,-19.4999,-14.93322,-13.54463,-11.38752,-10.82511,-8.789696,-9.582911,-8.941501,-9.674968,-8.475216,0.241426,23,23,23,23,23,23,23,23,23,23,23,23,23,23,23,23,719,7190,-7.262911,-8.435221,-8.509877,-9.306868,6.565287,0.6118163,-6.921886,-4.563261,-3.624551,-3.605572,-2.759819,-2.154981,-1.792145,-2.116337,-1.80629,-1.582583,23,23,23,23,23,23,23,23,23,23,23,23,23,23,23,23,719,7190,-1.838191,-4.860785,-5.237428,-3.095782,-2.199769,-1.657932,-1.683014,-67.49101,-0.4945009,-0.6038989,2.207303E-05,0.7276009,0.2211316,-0.8879089,-0.9960427,1.040049,22,22,22,22,22,22,22,22,22,22,22,22,22,22,22,22
720,7200,-53.74492,-59.1226,-38.53038,-33.12907,-27.75005,-18.88293,-14.55037,-13.79541,-11.63493,-11.31684,-9.620444,-10.08722,-9.776044,-10.51032,-9.071275,-0.2413794,23,23,23,23,23,23,23,23,23,23,23,23,23,23,23,23,720,7200,-8.606801,-8.435221,-8.509877,-8.661375,7.222052,1.225585,-7.313688,-4.954399,-4.142345,-4.378203,-2.759819,-2.020299,-1.920153,-2.116337,-1.565349,-1.017411,23,23,23,23,23,23,23,23,23,23,23,23,23,23,23,23,720,7200,-1.608406,-3.453743,-4.342867,-2.966793,-2.070247,-1.275753,-1.295102,-67.92847,0.1235119,-0.8458578,0.715228,0.2424951,0.3312175,0.112607,-0.4426983,1.15707,22,22,22,22,22,22,22,22,22,22,22,22,22,22,22,22
721,7210,-53.86515,-57.67174,-36.31487,-30.93703,-23.88854,-17.40222,-11.7428,-12.29074,-10.64531,-10.45632,-9.857802,-10.2133,-10.13371,-9.913639,-8.713639,2.407967E-05,23,23,23,23,23,23,23,23,23,23,23,23,23,23,23,23,721,7210,-7.935027,-7.380825,-8.640639,-8.661375,7.484758,1.225585,-6.921886,-4.172124,-4.530693,-4.249431,-2.102707,-1.750934,-2.304173,-1.336654,-1.565349,-1.582635,23,23,23,23,23,23,23,23,23,23,23,23,23,23,23,23,721,7210,-1.608406,-4.732873,-4.854045,-3.224772,-2.070247,-1.403147,-0.7778857,-67.27228,-0.6181034,-0.3619431,0.1192233,0.1212203,-0.1091259,-0.7767403,-0.6640354,1.15707,22,22,22,22,22,22,22,22,22,22,22,22,22,22,22,22
722,7220,-51.34031,-56.2209,-34.09935,-28.25786,-20.87174,-14.81098,-11.10472,-11.41302,-9.903094,-11.68563,-9.264411,-10.7176,-10.25293,-10.62965,-9.190487,0.2414292,23,23,23,23,23,23,23,23,23,23,23,23,23,23,23,23,722,7220,-8.069382,-6.326379,-7.725297,-7.756783,8.010118,1.593804,-7.44429,-4.563261,-4.66014,-3.348028,-1.70844,-1.750934,-2.560188,-1.336654,-1.80629,-1.808727,23,23,23,23,23,23,23,23,23,23,23,23,23,23,23,23,722,7220,-1.608406,-3.581656,-4.72625,-2.708814,-1.034065,-0.7661806,-0.3899735,-67.60036,-0.4945009,-0.8458578,0.715228,0.2424951,0.2211316,0.112607,-0.2213596,1.15707,22,22,22,22,22,22,22,22,22,22,22,22,22,22,22,22
723,7230,-49.53686,-57.55085,-32.49926,-27.4054,-18.94098,-13.94723,-9.573315,-11.28763,-9.779392,-11.43977,-9.383088,-11.22191,-9.776044,-11.34567,-9.190487,-1.689805,23,23,23,23,23,23,23,23,23,23,23,23,23,23,23,23,723,7230,-8.203735,-7.248974,-7.202261,-6.851829,7.484758,1.348307,-6.399479,-4.302501,-4.66014,-3.476799,-1.445596,-2.693711,-2.176165,-2.116337,-1.685819,-2.034816,23,23,23,23,23,23,23,23,23,23,23,23,23,23,23,23,723,7230,-1.493514,-4.860785,-5.237428,-2.579824,-2.070247,-1.275753,-1.424406,-66.83482,-0.4945009,-0.2409637,-0.3575807,0.485048,-0.5494724,-0.8879089,-2.247436E-05,1.274084,22,22,22,22,22,22,22,22,22,22,22,22,22,22,22,22
724,7240,-50.01778,-56.3418,-32.13,-27.89252,-20.99241,-13.45366,-10.08378,-10.91146,-10.0268,-10.82511,-9.383088,-10.59153,-9.895266,-10.98766,-8.713639,-0.3620828,23,23,23,23,23,23,23,23,23,23,23,23,23,23,23,23,724,7240,-7.531908,-7.776172,-7.725297,-7.110387,8.272824,0.7345905,-5.877075,-4.824018,-4.401244,-2.317852,-1.971284,-2.289664,-1.024104,-1.670805,-1.685819,-2.034816,23,23,23,23,23,23,23,23,23,23,23,23,23,23,23,23,724,7240,-1.608406,-3.965394,-4.98184,-2.192907,-0.9045432,-1.657932,-0.9071895,-67.49101,-0.1236933,-0.1199842,0.3576248,0.3637732,0.3312175,-0.5544031,-0.110691,1.976183,22,22,22,22,22,22,22,22,22,22,22,22,22,22,22,22
725,7250,-50.4987,-55.73728,-33.11468,-29.59744,-23.52653,-14.93437,-10.72187,-11.16224,-9.903094,-10.94804,-10.09516,-11.22191,-10.01449,-10.51032,-10.26339,-0.6034863,23,23,23,23,23,23,23,23,23,23,23,23,23,23,23,23,725,7250,-6.724916,-7.248974,-7.85606,-6.334713,8.010118,0.6118163,-5.746474,-4.563261,-3.365654,-2.060308,-1.839863,-1.346885,-1.280119,-2.22772,-0.9629958,-2.826128,23,23,23,23,23,23,23,23,23,23,23,23,23,23,23,23,725,7250,-1.608406,-5.116611,-4.98184,-2.192907,-1.422633,-0.7661806,-0.7778857,-66.6161,-0.4945009,0.242951,0.1192233,-0.2426107,-0.1091259,-0.8879089,-0.110691,1.625134,22,22,22,22,22,22,22,22,22,22,22,22,22,22,22,22
726,7260,-51.09985,-55.97909,-32.86851,-26.79649,-21.9578,-13.70044,-11.48757,-11.03685,-10.52161,-10.21046,-10.80723,-10.7176,-11.4446,-11.34567,-9.905758,-0.3620828,23,23,23,23,23,23,23,23,23,23,23,23,23,23,23,23,726,7260,-5.917926,-7.907971,-6.809416,-6.463993,7.747412,1.102759,-6.007677,-6.258187,-3.236205,-2.317852,-1.314172,-2.289664,-1.152111,-2.004954,-1.685819,-1.582635,23,23,23,23,23,23,23,23,23,23,23,23,23,23,23,23,726,7260,-1.493514,-3.070003,-4.72625,-2.321897,-1.163587,-1.148359,-1.424406,-67.49101,-0.2472958,0.0009920824,0.715228,0.3637732,0.3312175,-0.1097295,-0.2213596,1.040049,22,22,22,22,22,22,22,22,22,22,22,22,22,22,22,22
727,7270,-50.85939,-56.2209,-32.9916,-29.841,-24.49191,-16.0449,-11.7428,-11.78918,-10.0268,-11.68563,-9.857802,-10.84368,-10.13371,-10.62965,-9.190487,-0.8448914,23,23,23,23,23,23,23,23,23,23,23,23,23,23,23,23,727,7270,-6.321422,-7.512573,-7.202261,-6.463993,7.222052,0.9800361,-6.39953,-5.215156,-2.977308,-2.317852,-2.891243,-0.8081555,-1.408123,-1.893571,-1.565349,-1.2435,23,23,23,23,23,23,23,23,23,23,23,23,23,23,23,23,727,7270,-1.838191,-4.604959,-5.237428,-1.805938,-1.163587,-0.256609,-1.036493,-67.27228,-0.3708984,0.3639305,2.207303E-05,-5.779121E-05,-0.5494724,-0.1097295,0.6639905,1.742148,22,22,22,22,22,22,22,22,22,22,22,22,22,22,22,22
728,7280,-48.9357,-56.2209,-32.74543,-28.25786,-23.04385,-18.88293,-13.14658,-13.04308,-11.26382,-12.42321,-9.739123,-11.72622,-10.72981,-10.74899,-8.713639,0.2414292,23,23,23,23,23,23,23,23,23,23,23,23,23,23,23,23,728,7280,-6.859415,-6.853577,-6.547519,-6.334713,6.959346,0.9800361,-7.052539,-4.824022,-3.624551,-2.704168,-2.234131,-2.020299,-2.43218,-1.670805,-1.685819,-1.356546,23,23,23,23,23,23,23,23,23,23,23,23,23,23,23,23,728,7280,-1.608406,-4.477046,-5.365222,-1.289979,-1.552155,-1.785325,-2.717445,-67.92847,0.4943187,0.0009920824,0.1192233,0.1212203,-0.6595582,-0.6655717,-2.247436E-05,0.8060204,22,22,22,22,22,22,22,22,22,22,22,22,22,22,22,22
729,7290,-49.17617,-56.3418,-32.37617,-28.50142,-23.04385,-19.12972,-13.52943,-14.17159,-11.26382,-12.91493,-9.739123,-10.7176,-10.13371,-11.22633,-9.071275,-0.9655932,23,23,23,23,23,23,23,23,23,23,23,23,23,23,23,23,729,7290,-6.186923,-5.667382,-5.761835,-5.688318,7.484758,1.225533,-6.530132,-3.520233,-2.71841,-2.060308,-2.102707,-1.616252,-2.176165,-1.002504,-1.203937,-1.469592,23,23,23,23,23,23,23,23,23,23,23,23,23,23,23,23,729,7290,-1.263733,-4.860785,-4.72625,-1.676948,-0.7750195,-0.7661806,-1.295101,-67.38165,-0.1236933,0.242951,0.1192233,-5.779121E-05,-0.7696441,-0.4432353,-2.247436E-05,1.625134,22,22,22,22,22,22,22,22,22,22,22,22,22,22,22,22
730,7300,-52.42239,-55.49546,-33.11468,-29.2321,-23.64721,-18.75954,-14.67798,-13.54464,-12.00603,-11.5627,-9.145732,-10.08722,-9.299163,-9.31696,-7.759945,-0.9655932,23,23,23,23,23,23,23,23,23,23,23,23,23,23,23,23,730,7300,-5.783427,-5.799181,-5.761835,-5.30048,8.404178,0.489042,-7.052539,-3.259472,-2.977308,-2.189132,-0.9199076,-1.885616,-2.176165,-1.002504,-1.444878,-1.469592,23,23,23,23,23,23,23,23,23,23,23,23,23,23,23,23,730,7300,-1.148841,-4.477046,-4.98184,-1.032,-0.5159743,-1.785325,-1.295101,-67.8191,0.370717,0.3639819,-0.2383799,0.7276009,-0.6595582,-0.3320659,0.3319848,1.274084,22,22,22,22,22,22,22,22,22,22,22,22,22,22,22,22
731,7310,-49.89755,-56.70452,-32.9916,-28.13608,-24.00923,-19.87007,-15.44369,-13.67003,-11.88233,-11.43977,-10.45119,-10.2133,-10.37215,-9.555632,-9.786547,0.8449396,23,23,23,23,23,23,23,23,23,23,23,23,23,23,23,23,731,7310,-5.110934,-5.799181,-5.238041,-5.42976,7.747412,0.1208222,-5.485325,-2.737958,-2.459514,-1.931588,-1.051328,-2.559028,-1.152111,-1.22527,-1.444878,-2.37395,23,23,23,23,23,23,23,23,23,23,23,23,23,23,23,23,731,7310,-1.148841,-4.093307,-4.470662,-1.805938,-0.3864514,-1.403147,-0.5192765,-66.72546,0.6179212,0.001043452,0.4768264,-0.1213326,-0.3292975,-0.2208981,0.3319848,1.508119,22,22,22,22,22,22,22,22,22,22,22,22,22,22,22,22
732,7320,-52.54262,-57.18813,-34.71478,-29.96278,-25.69863,-20.98061,-15.69892,-15.04931,-12.12974,-11.80856,-10.21384,-10.33937,-9.537604,-10.27165,-8.952064,-0.724188,23,23,23,23,23,23,23,23,23,23,23,23,23,23,23,23,732,7320,-5.648929,-6.194579,-5.892783,-4.654085,7.484758,-0.4928948,-6.007729,-2.346821,-2.071166,-1.674044,-1.577019,-2.154981,-0.3840691,-1.336654,-1.203937,-2.260905,23,23,23,23,23,23,23,23,23,23,23,23,23,23,23,23,732,7320,-1.033949,-4.349133,-3.959484,-1.805938,-1.422633,-1.785325,-1.165797,-67.49101,0.1235119,0.2430024,0.5960276,0.1212716,-0.1091259,0.112607,0.6639905,1.508119,22,22,22,22,22,22,22,22,22,22,22,22,22,22,22,22
733,7330,-53.264,-57.30904,-35.08403,-30.08456,-25.4573,-19.00632,-14.55037,-14.0462,-11.51122,-10.94804,-8.908375,-9.204679,-8.822337,-9.555632,-8.475216,-0.3620828,23,23,23,23,23,23,23,23,23,23,23,23,23,23,23,23,733,7330,-4.438442,-4.744786,-5.499938,-4.524806,7.616059,-0.001952059,-5.485325,-2.086064,-2.847859,-1.287728,-1.70844,-2.559028,-1.28017,-1.002504,-1.92676,-1.92177,23,23,23,23,23,23,23,23,23,23,23,23,23,23,23,23,733,7330,-1.608406,-4.604959,-4.470662,-1.805938,-1.811201,-1.020967,-0.9071887,-67.8191,-9.070009E-05,0.6059376,0.4768264,-0.1212813,-0.6594972,-0.3320659,0.1106461,1.040049,22,22,22,22,22,22,22,22,22,22,22,22,22,22,22,22
734,7340,-52.54262,-59.00171,-35.08403,-31.42414,-24.73326,-19.62329,-14.16752,-14.17159,-11.26382,-11.68563,-8.789696,-10.33937,-9.418439,-10.27165,-9.309699,0.2414292,23,23,23,23,23,23,23,23,23,23,23,23,23,23,23,23,734,7340,-4.976436,-5.140184,-6.15468,-5.30048,7.484758,0.489042,-4.962918,-2.737958,-2.71841,-2.06036,-2.891243,-2.020299,-0.7681431,-1.002504,-2.288172,-2.034816,23,23,23,23,23,23,23,23,23,23,23,23,23,23,23,23,734,7340,-1.148841,-4.349133,-4.598456,-1.289979,-1.811201,-1.530539,-1.553709,-67.16291,0.7415238,0.3639819,0.1192237,0.6063775,-0.4393256,0.001490532,-2.247436E-05,1.274084,22,22,22,22,22,22,22,22,22,22,22,22,22,22,22,22
735,7350,-54.70676,-59.72714,-35.57636,-29.841,-24.00923,-19.12972,-13.65705,-13.41925,-11.14012,-10.57925,-9.145732,-9.078602,-8.464675,-8.958954,-7.879157,-1.3277,23,23,23,23,23,23,23,23,23,23,23,23,23,23,23,23,735,7350,-4.976436,-5.271983,-4.976144,-5.30048,6.433934,0.857262,-5.615923,-2.868335,-3.106756,-2.575448,-4.074043,-2.828393,-1.920204,-2.339102,-2.288172,-1.92177,23,23,23,23,23,23,23,23,23,23,23,23,23,23,23,23,735,7350,-2.067972,-5.116611,-5.365222,-1.547958,-1.034065,-1.148359,-0.9071887,-66.83482,-0.1236933,0.1220229,2.247436E-05,-1.091493,-0.3292397,0.001490532,-1.926374E-05,1.274084,22,22,22,22,22,22,22,22,22,22,22,22,22,22,22,22
736,7360,-55.66861,-58.27628,-35.08403,-29.11032,-22.31981,-17.7724,-13.65705,-12.7923,-11.51122,-10.33339,-8.908375,-9.835062,-8.583895,-8.839618,-8.475216,-0.3620844,23,23,23,23,23,23,23,23,23,23,23,23,23,23,23,23,736,7360,-4.57294,-5.008384,-4.583299,-5.041923,6.827993,1.225533,-4.440515,-3.91137,-2.847859,-3.476851,-3.942619,-2.693711,-2.944261,-2.561868,-2.408642,-1.469541,23,23,23,23,23,23,23,23,23,23,23,23,23,23,23,23,736,7360,-1.263733,-4.349133,-4.215073,-1.16099,-1.163587,-2.42229,-1.683013,-67.05356,0.1235119,0.3639819,0.5960276,-6.421245E-06,-0.2191539,-0.1096781,-1.926374E-05,1.039998,22,22,22,22,22,22,22,22,22,22,22,22,22,22,22,22
737,7370,-56.0293,-57.91357,-36.19179,-29.2321,-22.68183,-16.66186,-13.52943,-12.41613,-12.00603,-10.94804,-9.620446,-9.835062,-9.418439,-8.362275,-7.401982,-0.1206793,23,23,23,23,23,23,23,23,23,23,23,23,23,23,23,23,737,7370,-4.976436,-5.403783,-5.107092,-5.688318,7.353405,0.243545,-5.485325,-5.084779,-3.365654,-4.378255,-4.205466,-3.636488,-2.688246,-2.673251,-2.288172,-2.147807,23,23,23,23,23,23,23,23,23,23,23,23,23,23,23,23,737,7370,-1.148889,-4.349133,-4.470662,-1.418968,-0.7750195,-0.1292155,-1.036493,-66.94419,-9.070009E-05,0.001043452,-0.4767815,-0.4851122,-0.6594972,-0.2208467,0.1106493,1.625076,22,22,22,22,22,22,22,22,22,22,22,22,22,22,22,22
738,7380,-56.39,-58.39716,-35.94562,-31.6677,-25.09528,-18.26597,-13.91228,-13.29386,-10.64531,-9.841669,-8.671017,-8.196063,-7.39169,-8.481611,-7.043825,-0.1206793,23,23,23,23,23,23,23,23,23,23,23,23,23,23,23,23,738,7380,-5.110933,-5.667381,-4.714247,-5.171202,7.484758,1.102759,-4.962918,-4.302504,-4.142345,-5.537203,-4.862578,-3.501805,-3.840311,-3.118786,-2.288172,-1.469541,23,23,23,23,23,23,23,23,23,23,23,23,23,23,23,23,738,7380,-1.723347,-5.50035,-4.598456,-1.676948,-1.422633,-2.040112,-2.070925,-67.49101,-0.1236933,0.1220229,0.8344296,0.1212716,-0.2191539,0.4461642,0.1106493,1.039998,22,22,22,22,22,22,22,22,22,22,22,22,22,22,22,22
739,7390,-56.63045,-58.39716,-35.57636,-32.64194,-26.42267,-19.87007,-14.42275,-12.7923,-10.76901,-12.30028,-8.671017,-9.708985,-8.464675,-9.794303,-6.92444,-0.2413826,23,23,23,23,23,23,23,23,23,23,23,23,23,23,23,23,739,7390,-6.052423,-4.349387,-5.630822,-5.817597,7.616059,1.593753,-5.354723,-3.65061,-4.271794,-6.05229,-4.994001,-4.040535,-3.456288,-2.22772,-1.444878,-1.921718,23,23,23,23,23,23,23,23,23,23,23,23,23,23,23,23,739,7390,-2.06802,-4.477047,-5.237429,-2.192907,-1.811201,-1.275753,-2.070925,-67.16291,0.8651264,-0.1199328,-0.8343843,-1.212771,-0.5494114,0.2238278,0.5533235,1.391047,22,22,22,22,22,22,22,22,22,22,22,22,22,22,22,22
740,7400,-58.19345,-59.36441,-36.68412,-33.85975,-27.75007,-21.22739,-15.82654,-14.29698,-12.12974,-12.792,-9.264411,-11.09583,-9.299219,-10.03297,-6.92444,-1.086298,23,23,23,23,23,23,23,23,23,23,23,23,23,23,23,23,740,7400,-6.052423,-4.612986,-5.892719,-4.524806,7.484758,1.225533,-5.354723,-3.520233,-4.789589,-4.249483,-3.679778,-3.23244,-3.584296,-1.893571,-1.444878,-1.356495,23,23,23,23,23,23,23,23,23,23,23,23,23,23,23,23,740,7400,-1.953128,-4.093308,-4.342868,-1.676897,-1.29311,-2.167504,-1.036493,-67.05356,-0.1236933,0.8478966,0.2384245,-0.2425593,-0.2191539,0.3349956,0.7746623,1.391047,22,22,22,22,22,22,22,22,22,22,22,22,22,22,22,22
741,7410,-57.11138,-60.08984,-36.43795,-31.18058,-24.49191,-19.25311,-13.78467,-13.16847,-11.88233,-11.93149,-9.383088,-11.09583,-8.703115,-8.720283,-7.521368,-0.4827861,23,23,23,23,23,23,23,23,23,23,23,23,23,23,23,23,741,7410,-6.724916,-5.535582,-6.416513,-5.946876,7.616059,1.593753,-5.615923,-4.041747,-4.530693,-4.378255,-3.416931,-2.963076,-2.816254,-2.561868,-1.324408,-1.695629,23,23,23,23,23,23,23,23,23,23,23,23,23,23,23,23,741,7410,-1.838239,-4.604959,-4.598458,-1.676897,-0.7749665,-0.6387879,-2.329533,-66.94419,0.4943195,0.001043452,-0.4767815,-0.4851122,-0.9897547,0.1126583,-0.221358,1.157012,22,22,22,22,22,22,22,22,22,22,22,22,22,22,22,22
742,7420,-59.15529,-58.75988,-38.03805,-33.49441,-26.90535,-17.64901,-14.0399,-12.54152,-12.87195,-11.31684,-10.21384,-11.09583,-9.65688,-9.078289,-8.713639,0.1207242,23,23,23,23,23,23,23,23,23,23,23,23,23,23,23,23,742,7420,-6.724916,-6.194579,-6.285564,-6.205434,7.484758,1.348205,-4.962918,-5.345539,-5.436833,-3.863167,-3.285507,-3.097758,-2.432235,-2.004954,-1.80629,-2.147807,23,23,23,23,23,23,23,23,23,23,23,23,23,23,23,23,742,7420,-1.608455,-3.581656,-4.342868,-1.805887,-1.552103,-2.677026,-2.329533,-66.94419,0.1235119,0.6059376,-0.4767815,-0.1212813,0.1111036,0.5573328,0.442655,1.039998,22,22,22,22,22,22,22,22,22,22,22,22,22,22,22,22
743,7430,-60.95875,-60.21074,-39.88431,-38.24384,-29.19813,-19.87008,-14.29514,-13.67003,-11.63493,-12.42321,-9.857802,-11.47406,-9.895321,-9.436296,-8.594428,-0.3620844,23,23,23,23,23,23,23,23,23,23,23,23,23,23,23,23,743,7430,-7.397409,-6.589977,-6.809358,-5.817597,7.878766,0.2434936,-4.701716,-5.606296,-5.048488,-3.863167,-3.548355,-3.77117,-1.28017,-2.22772,-2.529113,-1.921718,23,23,23,23,23,23,23,23,23,23,23,23,23,23,23,23,743,7430,-1.953128,-4.093308,-5.237429,-1.676897,-0.6454443,-1.275702,-0.6486317,-66.39737,0.370717,-0.2409123,-0.7151831,-0.6063871,0.001017767,0.8908378,-0.4426951,1.157012,22,22,22,22,22,22,22,22,22,22,22,22,22,22,22,22
744,7440,-58.91483,-58.75988,-40.62282,-37.8785,-28.47409,-19.00633,-12.5085,-11.6638,-10.76901,-11.43977,-9.383088,-10.7176,-9.418439,-8.720283,-7.640753,-0.1206793,23,23,23,23,23,23,23,23,23,23,23,23,23,23,23,23,744,7440,-7.531908,-7.380774,-5.630822,-6.334713,7.484758,0.7344877,-5.224122,-5.86705,-4.401244,-3.476851,-3.15409,-3.636488,-2.560242,-2.561868,-1.685819,-1.921718,23,23,23,23,23,23,23,23,23,23,23,23,23,23,23,23,744,7440,-1.608455,-3.581656,-4.342868,-1.934877,-2.329239,-2.549633,-1.295152,-66.83482,-9.070009E-05,0.2430024,-0.7151831,-0.1212813,-0.4393256,0.3349956,0.6639937,1.391047,22,22,22,22,22,22,22,22,22,22,22,22,22,22,22,22
745,7450,-59.03506,-59.00169,-39.39198,-35.32111,-24.61258,-18.26597,-11.48757,-12.66691,-10.52161,-12.42321,-9.383088,-10.84368,-9.418439,-9.794303,-7.998368,-0.3620844,23,23,23,23,23,23,23,23,23,23,23,23,23,23,23,23,745,7450,-7.128412,-6.458178,-7.071255,-5.946876,7.222052,0.8572106,-5.09352,-5.86705,-4.012898,-3.734395,-3.022663,-3.097758,-2.432235,-2.561868,-2.167701,-1.921718,23,23,23,23,23,23,23,23,23,23,23,23,23,23,23,23,745,7450,-1.953128,-4.604959,-4.470663,-1.676897,-1.034012,-1.403095,-1.683065,-67.05356,-3.933013E-05,0.001043452,2.247436E-05,-0.3638342,-0.2191539,0.2238278,0.5533235,2.093146,22,22,22,22,22,22,22,22,22,22,22,22,22,22,22,22
746,7460,-59.39576,-58.51807,-39.51506,-35.32111,-27.62938,-19.62329,-11.7428,-10.53529,-10.2742,-10.33339,-9.383088,-8.952524,-8.345453,-8.600946,-7.163211,-0.9655948,23,23,23,23,23,23,23,23,23,23,23,23,23,23,23,23,746,7460,-7.26291,-6.985375,-6.416513,-5.946876,7.484758,1.470927,-5.877127,-5.345533,-4.142345,-2.70422,-3.548355,-1.616252,-2.176219,-2.784637,-1.685819,-1.582583,23,23,23,23,23,23,23,23,23,23,23,23,23,23,23,23,746,7460,-1.838239,-4.093308,-4.215074,-1.805887,-2.458761,-2.04006,-1.553761,-66.72546,0.6179726,0.3639241,0.3576256,-0.3638342,0.2211894,0.6685006,0.3319864,1.157012,22,22,22,22,22,22,22,22,22,22,22,22,22,22,22,22
747,7470,-60.71829,-58.51807,-41.11515,-38.60918,-30.76686,-20.61043,-12.76373,-11.41302,-10.89271,-9.964601,-8.908375,-8.952524,-9.299219,-8.600946,-7.043825,-0.3620844,23,23,23,23,23,23,23,23,23,23,23,23,23,23,23,23,747,7470,-6.724916,-6.589977,-6.023668,-5.30048,6.959346,1.348205,-5.877127,-5.606293,-4.789589,-3.090535,-3.679778,-2.289664,-2.304227,-1.893571,-2.167701,-1.469541,23,23,23,23,23,23,23,23,23,23,23,23,23,23,23,23,747,7470,-1.608455,-4.093308,-4.726252,-1.805887,-0.9044894,-1.657881,-0.7779363,-66.39737,0.6179726,-0.3619463,-0.2383795,-0.3638342,0.3312753,0.3349956,0.7746623,2.093146,22,22,22,22,22,22,22,22,22,22,22,22,22,22,22,22
748,7480,-64.44543,-59.84802,-43.45375,-38.73096,-29.92216,-19.87008,-13.65705,-11.78919,-12.37714,-10.94804,-10.45119,-10.08722,-10.25298,-9.436296,-7.282596,0.6035329,23,23,23,23,23,23,23,23,23,23,23,23,23,23,23,23,748,7480,-6.724916,-6.853576,-6.023668,-5.688318,7.484758,0.7344877,-6.791336,-4.693638,-5.177937,-3.476851,-3.679778,-2.559025,-3.200276,-1.448037,-1.565349,-2.486942,23,23,23,23,23,23,23,23,23,23,23,23,23,23,23,23,748,7480,-2.06802,-4.860785,-4.598458,-1.676897,-2.070194,-2.549633,-2.458889,-67.49101,-0.247244,-0.1199906,2.247436E-05,0.4850994,-0.6594972,-0.1096781,0.2213179,1.157012,22,22,22,22,22,22,22,22,22,22,22,22,22,22,22,22
749,7490,-63.1229,-60.69436,-43.94609,-39.7052,-27.50871,-18.14258,-13.14658,-11.53841,-11.26382,-11.07098,-8.196304,-8.952524,-8.226232,-8.362275,-6.08874,0.1207242,23,23,23,23,23,23,23,23,23,23,23,23,23,23,23,23,749,7490,-6.590417,-5.008384,-4.452292,-4.395527,7.747412,0.7344877,-6.39953,-4.954399,-4.401244,-3.348079,-3.416931,-2.82839,-2.176168,-1.893571,-0.7220546,-2.147807,23,23,23,23,23,23,23,23,23,23,23,23,23,23,23,23,749,7490,-1.838239,-4.477047,-4.215074,-1.160939,-0.6454443,-1.148309,-1.424456,-67.05356,0.6179726,0.2429478,0.1192237,-0.84894,0.4413611,0.2238278,0.8853308,1.625076,22,22,22,22,22,22,22,22,22,22,22,22,22,22,22,22
750,7500,-62.28128,-60.93617,-43.33067,-37.8785,-26.30199,-18.75954,-13.14658,-12.66691,-11.26382,-10.94804,-7.840269,-8.826448,-7.510908,-8.481611,-6.685668,-0.3620844,23,23,23,23,23,23,23,23,23,23,23,23,23,23,23,23,750,7500,-6.052423,-5.140183,-4.583241,-5.30048,8.141471,0.1207708,-6.530132,-5.215156,-4.142345,-4.120711,-3.022663,-3.097755,-2.304176,-1.448041,-0.7220546,-1.695629,23,23,23,23,23,23,23,23,23,23,23,23,23,23,23,23,750,7500,-1.493562,-4.221221,-4.726252,-2.192856,-1.42258,-2.931812,-1.165848,-67.05356,-0.1236419,0.6058831,2.247436E-05,-0.3638342,-0.2191539,-0.2208973,0.2213179,0.6889483,22,22,22,22,22,22,22,22,22,22,22,22,22,22,22,22
751,7510,-60.83852,-61.5407,-43.0845,-37.75672,-25.57796,-19.12972,-12.89135,-13.04308,-12.00603,-11.5627,-8.55234,-8.826448,-7.74935,-9.31696,-6.805054,-1.086298,23,23,23,23,23,23,23,23,23,23,23,23,23,23,23,23,751,7510,-5.110933,-4.876585,-4.583241,-5.041923,7.747412,-0.4929462,-5.224122,-4.563261,-3.883449,-3.863167,-2.628399,-2.693708,-1.536134,-1.11389,-0.9636411,-1.921718,23,23,23,23,23,23,23,23,23,23,23,23,23,23,23,23,751,7510,-1.723347,-4.221221,-4.854046,-1.289929,-0.3863984,-1.148309,-2.200281,-66.6161,0.4943709,-0.4829258,0.1192237,-0.9702181,-0.5494114,0.2237764,0.1106509,1.508062,22,22,22,22,22,22,22,22,22,22,22,22,22,22,22,22
752,7520,-57.47206,-60.21074,-42.46908,-37.14782,-24.00922,-17.7724,-11.99803,-12.54152,-11.75863,-11.43977,-8.077625,-9.456831,-6.795585,-8.004269,-6.327511,-0.3620828,23,23,23,23,23,23,23,23,23,23,23,23,23,23,23,23,752,7520,-5.245432,-4.481187,-4.190396,-4.783364,7.222052,-0.2474491,-5.485325,-4.693638,-4.012898,-4.120711,-2.102707,-2.963073,-1.664141,-1.559424,-1.565888,-2.487,23,23,23,23,23,23,23,23,23,23,23,23,23,23,23,23,752,7520,-1.033997,-4.093308,-4.215074,-1.418919,-1.552103,-2.677026,-0.2607202,-66.28801,-0.247244,0.8478388,-0.1191783,-0.4851122,0.001017767,0.2237764,0.331988,0.8189656,22,22,22,22,22,22,22,22,22,22,22,22,22,22,22,22
753,7530,-59.63622,-59.36441,-42.09983,-35.44289,-23.76787,-17.03204,-14.55037,-13.16847,-12.62455,-11.43977,-9.027053,-9.708985,-8.345452,-7.168091,-6.446897,0.1207274,23,23,23,23,23,23,23,23,23,23,23,23,23,23,23,23,753,7530,-4.841989,-4.876585,-4.71419,-4.524806,7.878766,-0.1247263,-4.440515,-3.911367,-4.401244,-2.832992,-3.15409,-2.963073,-1.920153,-1.002507,-1.565888,-2.034822,23,23,23,23,23,23,23,23,23,23,23,23,23,23,23,23,753,7530,-1.72334,-4.349133,-4.598458,-1.547908,-1.293057,-1.275702,-2.717497,-66.83482,0.4943709,-0.1199906,-0.1191783,-0.4851122,0.001017767,0.6684508,0.2213195,1.404147,22,22,22,22,22,22,22,22,22,22,22,22,22,22,22,22
754,7540,-59.1553,-59.84802,-43.69992,-40.55766,-30.1635,-22.8315,-16.46462,-13.16847,-11.38752,-11.31684,-8.196304,-8.826448,-7.630128,-7.765434,-5.253041,-0.724188,23,23,23,23,23,23,23,23,23,23,23,23,23,23,23,23,754,7540,-3.9005,-4.481239,-4.71419,-4.007689,7.353405,-0.1247263,-4.832316,-3.52023,-4.66014,-2.832992,-3.022663,-2.28966,-1.408126,-1.225273,-1.565888,-2.147865,23,23,23,23,23,23,23,23,23,23,23,23,23,23,23,23,754,7540,-1.148886,-3.581604,-4.598458,-1.676897,-1.163535,-2.677026,-0.5193279,-67.05356,0.1235632,0.7268625,2.247436E-05,0.1212716,0.3312753,0.2237764,0.5533267,1.053039,22,22,22,22,22,22,22,22,22,22,22,22,22,22,22,22
755,7550,-59.1553,-58.88078,-43.94609,-39.7052,-30.04283,-23.07828,-16.20939,-13.04308,-10.52161,-10.70218,-7.958948,-8.700371,-6.914806,-6.929153,-4.656113,0.4828327,23,23,23,23,23,23,23,23,23,23,23,23,23,23,23,23,755,7550,-4.169497,-4.085841,-4.71419,-3.361294,6.69664,0.8572106,-4.309913,-4.041744,-4.401244,-2.832992,-3.679778,-2.28966,-1.024107,-1.448041,-2.047686,-1.582641,23,23,23,23,23,23,23,23,23,23,23,23,23,23,23,23,755,7550,-1.493559,-4.093256,-5.237429,-1.676897,-0.7749665,-1.275702,-1.295152,-67.27228,0.6179726,-0.1199906,-0.2383795,-0.4851122,0.3312753,0.334945,0.2213195,1.755254,22,22,22,22,22,22,22,22,22,22,22,22,22,22,22,22
756,7560,-60.59806,-60.69436,-43.69992,-40.19232,-30.64618,-25.42274,-16.84747,-13.04308,-10.0268,-10.82511,-7.00952,-8.069987,-6.557145,-7.526496,-6.08874,-0.6034863,23,23,23,23,23,23,23,23,23,23,23,23,23,23,23,23,756,7560,-4.70749,-4.34944,-4.583241,-4.136969,6.565287,0.8572106,-4.309913,-4.432881,-4.66014,-2.961763,-3.416931,-2.020296,-1.792149,-1.893574,-1.686338,-1.356552,23,23,23,23,23,23,23,23,23,23,23,23,23,23,23,23,756,7560,-1.148886,-4.349082,-4.342868,-1.934877,-1.293057,-2.294847,-1.812368,-67.70973,-0.1236419,0.6058831,0.4768264,-6.421245E-06,-0.6594972,-0.1097286,-0.1106862,1.053039,22,22,22,22,22,22,22,22,22,22,22,22,22,22,22,22
757,7570,-59.63622,-61.29889,-43.69992,-40.43588,-33.90433,-27.52042,-16.97509,-12.7923,-9.531987,-8.489433,-7.128197,-7.817832,-6.437923,-6.570748,-5.253041,-0.2413794,23,23,23,23,23,23,23,23,23,23,23,23,23,23,23,23,757,7570,-4.303996,-4.21764,-3.666602,-4.912643,7.353405,1.348205,-4.701716,-4.041744,-3.624551,-3.219307,-3.15409,-2.424343,-1.152114,-1.559424,-1.686338,-1.243506,23,23,23,23,23,23,23,23,23,23,23,23,23,23,23,23,757,7570,-2.068017,-4.349082,-4.854046,-1.934877,-1.293057,-1.403095,-1.424456,-66.6161,-3.933013E-05,-0.2409669,-0.1191783,-6.421245E-06,-0.3292397,0.4461136,0.8853324,1.63822,22,22,22,22,22,22,22,22,22,22,22,22,22,22,22,22
758,7580,-57.83277,-61.17798,-42.46908,-36.66069,-31.24954,-23.69525,-16.20939,-12.41613,-9.655689,-7.874779,-6.890841,-6.809218,-6.676365,-6.331812,-6.446897,2.407967E-05,23,23,23,23,23,23,23,23,23,23,23,23,23,23,23,23,758,7580,-4.169497,-4.744837,-5.761771,-6.076155,7.484758,0.6117135,-4.832316,-5.345533,-4.012898,-4.635799,-2.891243,-2.020296,-1.536134,-1.559424,-1.445439,-1.80873,23,23,23,23,23,23,23,23,23,23,23,23,23,23,23,23,758,7580,-1.72334,-3.581604,-4.215074,-1.805887,-1.681625,-2.677026,-1.941672,-67.05356,0.1235632,0.3639241,-0.7151831,-0.3638342,-0.3292397,0.001439162,-1.765843E-05,1.053039,22,22,22,22,22,22,22,22,22,22,22,22,22,22,22,22
759,7590,-59.03507,-61.66159,-43.20759,-34.95577,-28.47408,-22.58471,-15.44369,-11.91458,-10.3979,-9.349947,-7.484233,-7.817832,-6.795585,-6.929153,-6.208126,0.4828327,23,23,23,23,23,23,23,23,23,23,23,23,23,23,23,23,759,7590,-4.572993,-4.613038,-5.892719,-6.076155,8.272824,1.593702,-5.354669,-4.954399,-5.048488,-4.893343,-2.891243,-1.750931,-1.536134,-1.002507,-1.20454,-0.7913254,23,23,23,23,23,23,23,23,23,23,23,23,23,23,23,23,759,7590,-1.608451,-4.349082,-4.726252,-1.031949,-1.163535,-1.275702,-1.165848,-66.6161,0.6179726,-0.2409669,-0.4767815,-6.421245E-06,0.7716186,1.001956,0.6639953,1.755254,22,22,22,22,22,22,22,22,22,22,22,22,22,22,22,22
760,7600,-60.35761,-60.93617,-41.85366,-36.05179,-28.71542,-21.35079,-13.52943,-10.4099,-9.037177,-7.136981,-5.822758,-5.296296,-5.126498,-5.973407,-5.491812,2.407967E-05,23,23,23,23,23,23,23,23,23,23,23,23,23,23,23,23,760,7600,-4.841989,-4.481239,-5.892719,-6.593271,7.616059,0.7344877,-5.74647,-5.606344,-5.307384,-5.537203,-3.548355,-2.154978,-2.304176,-1.448041,-1.324989,-1.582641,23,23,23,23,23,23,23,23,23,23,23,23,23,23,23,23,760,7600,-2.068017,-3.709517,-4.854046,-2.063867,-2.199716,-1.912668,-2.200281,-67.49101,0.3707683,0.6058831,2.247436E-05,-0.3638342,-0.1090681,0.4461136,-0.1106862,0.701932,22,22,22,22,22,22,22,22,22,22,22,22,22,22,22,22
761,7610,-60.23738,-62.02431,-43.45375,-41.28835,-33.66298,-26.90346,-19.14457,-15.55087,-11.01642,-10.70218,-6.772161,-8.322141,-6.318703,-8.24294,-6.805054,-0.6034863,23,23,23,23,23,23,23,23,23,23,23,23,23,23,23,23,761,7610,-5.110986,-4.21764,-5.368925,-5.817597,8.141471,1.839199,-6.138276,-5.215207,-5.048486,-4.507027,-3.548355,-2.020296,-2.432183,-0.8911244,-0.8431914,-1.13046,23,23,23,23,23,23,23,23,23,23,23,23,23,23,23,23,761,7610,-1.608451,-3.709517,-4.981841,-1.547908,-1.552103,-2.04006,-1.683065,-66.83482,-3.933013E-05,-0.2409669,-0.7151831,0.3638245,0.8817044,0.2237764,0.5533267,1.170073,22,22,22,22,22,22,22,22,22,22,22,22,22,22,22,22
762,7620,-59.75645,-62.62884,-41.73058,-37.2696,-31.49088,-25.29935,-17.35794,-14.42236,-11.51122,-9.718739,-6.534805,-7.691756,-6.199483,-6.929153,-5.730583,-0.8448914,23,23,23,23,23,23,23,23,23,23,23,23,23,23,23,23,762,7620,-5.379983,-5.140236,-6.416513,-5.30048,8.272824,0.7344877,-5.615872,-5.606344,-5.048486,-3.605572,-2.365551,-2.963073,-1.792149,-1.11389,-1.445439,-1.13046,23,23,23,23,23,23,23,23,23,23,23,23,23,23,23,23,762,7620,-1.608451,-3.325779,-4.854046,-2.063867,-2.070194,-1.912668,-1.165848,-66.50674,-3.933013E-05,0.2429478,-0.1191783,-0.2425593,0.4413611,0.1126086,-0.3320249,0.584892,22,22,22,22,22,22,22,22,22,22,22,22,22,22,22,22
763,7630,-57.35184,-61.41978,-42.71525,-38.73096,-34.025,-26.40989,-17.61317,-13.67003,-11.38752,-9.227015,-7.246876,-7.691756,-6.199483,-6.212345,-6.566282,0.1207274,23,23,23,23,23,23,23,23,23,23,23,23,23,23,23,23,763,7630,-5.917978,-6.32643,-7.463773,-6.334713,7.878766,0.3662678,-5.354669,-5.475964,-4.789587,-3.219256,-2.234176,-2.424343,-1.664141,-1.559424,-1.20454,-1.356552,23,23,23,23,23,23,23,23,23,23,23,23,23,23,23,23,763,7630,-1.72334,-3.83743,-4.342868,-1.160939,-1.163535,-2.04006,-0.7779363,-66.94419,0.3707683,-0.9668405,-0.1192297,-0.2425593,-0.2191539,0.4461136,0.1106509,0.8189656,22,22,22,22,22,22,22,22,22,22,22,22,22,22,22,22
764,7640,-59.99691,-61.90341,-43.94609,-41.16656,-33.90433,-27.02685,-18.12364,-14.17159,-12.62455,-10.94804,-8.196304,-9.330755,-8.107012,-8.123604,-6.685668,0.1207274,23,23,23,23,23,23,23,23,23,23,23,23,23,23,23,23,764,7640,-6.052476,-7.249026,-7.594535,-6.334713,8.404178,1.102708,-5.354669,-6.127859,-5.307383,-3.863116,-2.891288,-2.424343,-1.152114,-2.004957,-1.686338,-2.147865,23,23,23,23,23,23,23,23,23,23,23,23,23,23,23,23,764,7640,-1.72334,-3.325779,-4.854046,-1.805887,-2.199716,-2.294847,-2.458889,-67.49101,0.6179726,0.3639241,-0.7152345,-0.6064449,0.1111036,1.001956,0.4426582,0.2337847,22,22,22,22,22,22,22,22,22,22,22,22,22,22,22,22
765,7650,-56.51023,-60.08984,-42.09983,-39.58342,-34.74903,-25.05257,-16.71985,-12.7923,-10.76901,-10.94804,-7.365555,-9.708985,-8.464672,-7.884901,-5.849969,0.2414292,23,23,23,23,23,23,23,23,23,23,23,23,23,23,23,23,765,7650,-6.590471,-7.908024,-7.463773,-7.110387,7.747412,-0.002003429,-5.48527,-6.258239,-3.883447,-3.348028,-1.839908,-2.020296,-1.7922,-2.450489,-1.565888,-2.147865,23,23,23,23,23,23,23,23,23,23,23,23,23,23,23,23,765,7650,-1.72334,-4.221169,-4.981841,-1.547908,-1.811148,-1.785275,-0.390024,-66.83482,-0.247244,-0.7248815,-1.192038,-0.4851668,0.4413097,0.2237764,-1.765843E-05,1.52118,22,22,22,22,22,22,22,22,22,22,22,22,22,22,22,22
766,7660,-57.5923,-59.60622,-40.86898,-37.8785,-32.21491,-24.559,-15.69892,-14.29697,-11.51122,-12.30028,-8.196304,-10.96975,-7.74935,-8.720283,-6.685668,-0.4827845,23,23,23,23,23,23,23,23,23,23,23,23,23,23,23,23,766,7660,-7.128465,-7.776224,-7.202204,-7.498225,7.484758,1.102708,-5.877072,-7.29981,-5.048486,-3.219256,-3.679823,-2.154978,-1.536185,-2.6732,-2.047686,-1.921776,23,23,23,23,23,23,23,23,23,23,23,23,23,23,23,23,766,7660,-0.9191018,-4.093256,-4.726252,-2.321845,-1.811148,-2.167454,-1.036544,-66.6161,0.6179726,0.4849035,-0.1192297,0.2424919,0.9917389,0.1126086,-0.1106862,0.2337847,22,22,22,22,22,22,22,22,22,22,22,22,22,22,22,22
767,7670,-57.35184,-60.08984,-41.48441,-36.78247,-32.09425,-24.68239,-17.23032,-15.1747,-13.49046,-13.40666,-9.739123,-11.34799,-9.060776,-9.197625,-6.685668,-1.206997,23,23,23,23,23,23,23,23,23,23,23,23,23,23,23,23,767,7670,-7.935026,-8.566834,-7.725297,-7.756783,6.69664,0.8572106,-6.268878,-7.03947,-4.660139,-3.734344,-3.154135,-1.750931,-1.664193,-1.559369,-1.806839,-1.469595,23,23,23,23,23,23,23,23,23,23,23,23,23,23,23,23,767,7670,-1.953125,-4.476995,-4.726252,-1.934877,-1.293057,-2.04006,-1.941672,-67.05356,0.3707683,-0.845861,-0.8344356,-0.7277197,-0.3292911,-0.1097286,-0.1106862,1.63822,22,22,22,22,22,22,22,22,22,22,22,22,22,22,22,22
768,7680,-58.07323,-58.88078,-39.39198,-38.97452,-34.99038,-24.80578,-16.337,-13.67003,-11.75863,-11.5627,-8.671017,-9.96114,-8.703114,-8.600946,-7.759945,2.407967E-05,23,23,23,23,23,23,23,23,23,23,23,23,23,23,23,23,768,7680,-8.472445,-8.435221,-7.725297,-7.239667,6.827993,1.102708,-6.138276,-6.779127,-5.177933,-3.734344,-3.679823,-1.481566,-1.536185,-2.339051,-1.325041,-0.6782826,23,23,23,23,23,23,23,23,23,23,23,23,23,23,23,23,768,7680,-1.033994,-3.453692,-4.342868,-2.063867,-1.42258,-1.275702,-0.9072401,-66.83482,-3.933013E-05,0.8478388,0.8343782,0.1212171,0.5513955,0.4461136,-1.765843E-05,0.9359993,22,22,22,22,22,22,22,22,22,22,22,22,22,22,22,22
769,7690,-58.19345,-58.03445,-42.346,-42.38436,-38.00718,-27.52042,-20.29313,-15.1747,-13.36676,-12.17735,-9.857802,-10.7176,-9.776099,-8.839618,-6.805054,0.4828327,23,23,23,23,23,23,23,23,23,23,23,23,23,23,23,23,769,7690,-9.950348,-9.093381,-7.725297,-8.403178,7.222052,0.2434936,-6.921883,-7.03947,-4.919037,-4.249431,-4.074088,-2.28966,-2.816254,-2.339051,-1.204591,-1.243506,23,23,23,23,23,23,23,23,23,23,23,23,23,23,23,23,769,7690,-1.608455,-3.965343,-5.109634,-1.418919,-1.94067,-1.912668,-0.6486317,-66.6161,0.3707683,-0.845861,-0.7152345,-6.100183E-05,-0.1091194,0.557283,0.2213195,1.053039,22,22,22,22,22,22,22,22,22,22,22,22,22,22,22,22
770,7700,-58.31369,-59.00169,-43.33067,-42.74971,-38.24852,-28.01399,-19.01696,-13.92081,-11.01642,-11.31684,-8.671017,-9.835063,-9.060776,-7.76543,-6.566282,-0.6034863,23,23,23,23,23,23,23,23,23,23,23,23,23,23,23,23,770,7700,-9.412929,-7.644373,-8.379108,-8.273899,7.878766,0.6117135,-6.660679,-6.258239,-5.048486,-3.991887,-3.022711,-3.097755,-3.200276,-2.227668,-1.325041,-2.147865,23,23,23,23,23,23,23,23,23,23,23,23,23,23,23,23,770,7700,-1.953128,-3.581604,-4.470663,-2.063867,-2.329239,-1.530488,-1.941672,-67.27228,0.2471658,0.7268625,-0.4768329,0.6063229,0.4413097,0.2237772,-0.4426935,0.584892,22,22,22,22,22,22,22,22,22,22,22,22,22,22,22,22
771,7710,-57.5923,-59.1226,-44.06918,-45.30709,-40.29995,-28.63096,-17.99602,-13.29386,-10.89271,-11.31684,-8.314983,-10.46545,-7.510908,-8.839618,-6.08874,2.407967E-05,23,23,23,23,23,23,23,23,23,23,23,23,23,23,23,23,771,7710,-8.875509,-8.171571,-7.85606,-8.403178,8.141471,0.1207708,-6.268878,-6.388619,-4.919037,-4.764519,-2.49702,-2.82839,-3.072269,-2.116285,-2.047738,-2.487,23,23,23,23,23,23,23,23,23,23,23,23,23,23,23,23,771,7710,-1.493562,-3.83743,-5.109634,-1.676897,-2.070194,-2.167454,-0.5193279,-66.6161,0.1235632,-0.2409669,-0.9536364,-6.100183E-05,0.0009663975,0.4461136,0.1106509,1.053039,22,22,22,22,22,22,22,22,22,22,22,22,22,22,22,22
772,7720,-59.87668,-61.29889,-45.42311,-45.79421,-36.1971,-28.13738,-17.10271,-13.79542,-12.37714,-12.05442,-8.908375,-11.47406,-8.464672,-9.794303,-6.92444,-1.086295,23,23,23,23,23,23,23,23,23,23,23,23,23,23,23,23,772,7720,-7.262964,-7.248974,-7.594535,-8.661375,8.272824,-0.1247263,-6.138276,-6.258239,-5.048486,-5.150835,-3.154135,-3.232437,-2.816254,-2.227668,-2.168187,-2.487,23,23,23,23,23,23,23,23,23,23,23,23,23,23,23,23,772,7720,-2.182912,-3.581604,-4.854046,-1.934877,-2.458761,-2.931812,-2.200281,-67.70973,0.7415752,0.2429478,-0.1192297,0.1212171,0.3312239,0.1126086,0.2213195,0.584892,22,22,22,22,22,22,22,22,22,22,22,22,22,22,22,22
773,7730,-60.95876,-61.41978,-45.54619,-45.06353,-35.35241,-25.91632,-15.95415,-12.91769,-11.38752,-11.43977,-7.840269,-10.7176,-7.510908,-8.004269,-5.491812,-0.6034863,23,23,23,23,23,23,23,23,23,23,23,23,23,23,23,23,773,7730,-6.321475,-6.589978,-7.463773,-7.239667,7.484809,-0.4929462,-6.138276,-6.127859,-5.695728,-4.506975,-3.679823,-3.097755,-2.560242,-2.004902,-2.047738,-3.391358,23,23,23,23,23,23,23,23,23,23,23,23,23,23,23,23,773,7730,-2.642477,-4.604908,-4.470663,-2.063867,-1.552154,-2.167454,-1.424456,-66.39737,-0.247244,-1.208796,-1.192038,0.1212171,0.2211381,0.2237772,-1.765843E-05,0.584892,22,22,22,22,22,22,22,22,22,22,22,22,22,22,22,22
774,7740,-62.88244,-61.66159,-47.88479,-46.76846,-36.55912,-24.80578,-16.84747,-14.17159,-12.50084,-11.80856,-9.383088,-10.21329,-8.226232,-6.929153,-6.446897,0.1207274,23,23,23,23,23,23,23,23,23,23,23,23,23,23,23,23,774,7740,-6.455973,-7.248974,-7.333011,-6.72255,7.222103,0.2435964,-6.660679,-6.258239,-5.954627,-4.764519,-4.599782,-3.905849,-2.816254,-2.339051,-1.686389,-2.713092,23,23,23,23,23,23,23,23,23,23,23,23,23,23,23,23,774,7740,-1.608455,-3.581604,-4.726252,-2.063867,-2.199767,-2.42224,-1.295152,-66.6161,0.4943709,0.8478388,-0.4768329,-0.2426139,0.1110522,0.3349458,0.1106509,0.8189656,22,22,22,22,22,22,22,22,22,22,22,22,22,22,22,22
775,7750,-65.40728,-62.87064,-49.97722,-46.15955,-34.99039,-24.18882,-16.08177,-14.29697,-12.25344,-11.93149,-9.027053,-10.21329,-8.464672,-7.76543,-5.969354,-0.6034863,23,23,23,23,23,23,23,23,23,23,23,23,23,23,23,23,775,7750,-6.186976,-6.589978,-6.940377,-6.851829,6.565338,-0.2473464,-5.615923,-5.215207,-5.695728,-4.506975,-3.94267,-3.501802,-3.072269,-2.004902,-2.288637,-2.939181,23,23,23,23,23,23,23,23,23,23,23,23,23,23,23,23,775,7750,-1.37867,-4.604908,-4.981841,-2.063867,-2.32929,-1.785275,-2.200281,-67.60036,-0.247244,-0.6039053,-1.072838,-0.1213391,-0.4393769,0.557283,0.1106509,0.9359993,22,22,22,22,22,22,22,22,22,22,22,22,22,22,22,22
776,7760,-66.48936,-62.99155,-49.48489,-46.52489,-34.74904,-23.32507,-14.67799,-13.54464,-11.75863,-11.80856,-8.433661,-9.58291,-8.226232,-7.76543,-5.491812,0.2414292,23,23,23,23,23,23,23,23,23,23,23,23,23,23,23,23,776,7760,-5.648982,-5.667382,-5.499944,-6.076155,6.696691,0.8573133,-5.224122,-4.563313,-4.660139,-5.022063,-4.599782,-3.232437,-2.304227,-2.116285,-2.168187,-2.147865,23,23,23,23,23,23,23,23,23,23,23,23,23,23,23,23,776,7760,-2.182912,-3.83743,-4.726252,-2.192856,-2.199767,-2.04006,-0.002111787,-66.28801,-0.247244,0.3639241,-2.88956E-05,0.1212171,0.4413097,0.8907881,0.1106509,0.4678584,22,22,22,22,22,22,22,22,22,22,22,22,22,22,22,22
777,7770,-64.56567,-63.59607,-47.76171,-45.06353,-34.14569,-23.81864,-13.78467,-12.66691,-11.26382,-11.19391,-8.55234,-9.835063,-7.98779,-8.24294,-6.446897,-0.8448914,23,23,23,23,23,23,23,23,23,23,23,23,23,23,23,23,777,7770,-5.110987,-5.271984,-5.499944,-6.076155,6.433985,0.6118163,-5.877127,-4.69369,-4.53069,-5.150835,-4.205511,-2.82839,-2.176219,-2.895969,-1.44549,-2.147865,23,23,23,23,23,23,23,23,23,23,23,23,23,23,23,23,777,7770,-1.493562,-4.093256,-4.981841,-1.676897,-1.163586,-1.657881,-0.7779363,-66.39737,0.6179726,-0.845861,-0.8344356,-0.6064449,0.1110522,0.4461136,-1.765843E-05,0.8189656,22,22,22,22,22,22,22,22,22,22,22,22,22,22,22,22
778,7780,-64.3252,-63.71698,-49.3618,-43.84573,-33.05964,-21.59757,-12.76373,-12.54152,-11.75863,-10.94804,-8.55234,-9.835063,-8.107012,-7.526493,-5.133655,-0.3620828,23,23,23,23,23,23,23,23,23,23,23,23,23,23,23,23,778,7780,-4.572993,-4.876585,-4.714253,-6.205434,7.353456,0.8573133,-6.007729,-4.563313,-4.271793,-5.150835,-3.679823,-3.232437,-3.328281,-2.339051,-2.168187,-1.921776,23,23,23,23,23,23,23,23,23,23,23,23,23,23,23,23,778,7780,-1.953128,-3.581604,-3.831691,-2.063867,-2.070245,-3.313991,-1.553761,-67.60036,-0.1236419,0.4849035,-0.3576317,-0.3638888,0.5513955,0.1126086,-1.765843E-05,0.2337847,22,22,22,22,22,22,22,22,22,22,22,22,22,22,22,22
779,7790,-62.40152,-62.87064,-47.51554,-41.16656,-29.80148,-19.87008,-13.40182,-11.78919,-10.76901,-10.08753,-8.196305,-9.58291,-7.630128,-5.973403,-5.730583,2.407967E-05,23,23,23,23,23,23,23,23,23,23,23,23,23,23,23,23,779,7790,-4.572993,-4.481187,-4.583305,-5.559038,7.222103,0.9800875,-6.007729,-4.82407,-4.789587,-5.150835,-3.416976,-3.501802,-2.304227,-2.6732,-1.927288,-2.147865,23,23,23,23,23,23,23,23,23,23,23,23,23,23,23,23,779,7790,-2.06802,-3.581604,-4.854046,-2.450835,-1.034064,-1.785275,-1.941672,-67.8191,0.6179726,-1.08782,-0.5960336,0.2424919,0.0009663975,0.1126086,0.5533267,1.52118,22,22,22,22,22,22,22,22,22,22,22,22,22,22,22,22
780,7800,-64.6859,-62.74974,-48.74638,-40.923,-32.3356,-21.35079,-16.08177,-13.67003,-12.12974,-11.43977,-9.857802,-10.33937,-8.822333,-7.168087,-5.253041,0.3621309,23,23,23,23,23,23,23,23,23,23,23,23,23,23,23,23,780,7800,-4.438494,-3.558592,-4.321408,-5.30048,7.222103,0.6118163,-5.877127,-4.302552,-5.048486,-5.150835,-3.416976,-2.42434,-2.944261,-3.007352,-2.047738,-1.80873,23,23,23,23,23,23,23,23,23,23,23,23,23,23,23,23,780,7800,-2.06802,-3.197866,-4.470663,-2.192856,-2.976903,-2.549633,-1.424456,-67.27228,-0.1236419,0.3639241,-0.4768329,-0.2425593,0.0009663975,0.001439964,-0.5533621,0.701932,22,22,22,22,22,22,22,22,22,22,22,22,22,22,22,22
781,7810,-65.64774,-62.74974,-48.99255,-43.11505,-32.45627,-19.74668,-13.01897,-12.29074,-10.89271,-10.70218,-8.077626,-9.456831,-6.914806,-6.33181,-5.730583,0.1207274,23,23,23,23,23,23,23,23,23,23,23,23,23,23,23,23,781,7810,-3.9005,-3.558592,-5.499944,-5.041923,8.01017,1.10281,-5.746525,-4.172175,-5.695728,-4.378203,-3.548399,-3.501799,-3.072214,-2.339051,-2.047738,-1.582641,23,23,23,23,23,23,23,23,23,23,23,23,23,23,23,23,781,7810,-1.723347,-4.093256,-3.959485,-1.676897,-2.070245,-2.167454,-2.070977,-67.38165,0.1235632,-0.4829258,-0.3576317,-0.2425593,0.1110522,0.6684508,0.1106509,1.404147,22,22,22,22,22,22,22,22,22,22,22,22,22,22,22,22
782,7820,-66.12866,-63.11246,-47.88479,-38.97452,-29.56013,-20.85722,-13.91229,-12.66691,-10.89271,-10.94804,-8.433662,-9.204679,-6.914806,-7.407029,-6.08874,2.407967E-05,23,23,23,23,23,23,23,23,23,23,23,23,23,23,23,23,782,7820,-3.093509,-4.085789,-6.023738,-5.30048,7.353456,0.6118163,-5.615923,-3.520281,-4.919037,-3.734344,-3.679823,-3.501799,-2.688192,-2.339102,-2.288637,-2.147865,23,23,23,23,23,23,23,23,23,23,23,23,23,23,23,23,782,7820,-2.182912,-4.093256,-4.854046,-2.450835,-2.717858,-2.42224,-2.070977,-67.38165,0.1235632,0.9688182,-0.8344356,-0.4851122,0.6614814,0.6684508,-0.6640306,-0.1173226,22,22,22,22,22,22,22,22,22,22,22,22,22,22,22,22
783,7830,-65.04659,-62.87064,-49.3618,-42.74971,-33.42165,-24.06542,-15.95416,-14.0462,-11.75863,-12.17735,-8.671019,-9.96114,-8.703114,-8.481611,-6.805054,-1.086295,23,23,23,23,23,23,23,23,23,23,23,23,23,23,23,23,783,7830,-4.303996,-4.481187,-5.630893,-4.783364,7.484809,0.9800875,-5.615923,-4.041795,-5.307383,-3.991887,-3.811247,-3.501799,-2.944207,-2.784637,-2.649934,-2.260911,23,23,23,23,23,23,23,23,23,23,23,23,23,23,23,23,783,7830,-1.953128,-3.965343,-4.470663,-1.676897,-1.552154,-2.42224,-1.424456,-67.16291,0.6179726,-0.1199906,-0.1192297,-6.421245E-06,0.5513955,0.3349458,0.2212681,1.053039,22,22,22,22,22,22,22,22,22,22,22,22,22,22,22,22
784,7840,-60.83853,-62.62884,-46.65395,-38.97452,-30.1635,-23.07828,-15.82654,-13.79542,-11.51122,-12.05442,-8.314983,-10.96975,-8.703114,-9.555632,-8.236793,-0.7241865,23,23,23,23,23,23,23,23,23,23,23,23,23,23,23,23,784,7840,-4.84199,-4.349388,-5.107099,-5.171202,7.616162,0.6118163,-4.832316,-3.911418,-4.789587,-3.734344,-3.022711,-3.636481,-2.304173,-2.89602,-1.806787,-2.373899,23,23,23,23,23,23,23,23,23,23,23,23,23,23,23,23,784,7840,-1.953128,-3.83743,-4.598458,-2.579825,-2.84738,-2.549633,-2.070977,-67.92847,0.2471658,-0.1199906,-0.8344356,-6.421245E-06,0.1110522,0.4461136,0.1105995,0.584892,22,22,22,22,22,22,22,22,22,22,22,22,22,22,22,22
785,7850,-58.07323,-61.90341,-46.16161,-37.75672,-31.0082,-22.46132,-17.48556,-13.67003,-12.74825,-13.03787,-9.501769,-11.47406,-10.61064,-9.197625,-8.832851,0.4828359,23,23,23,23,23,23,23,23,23,23,23,23,23,23,23,23,785,7850,-3.631502,-4.612987,-4.321408,-3.878411,7.878817,0.6118163,-5.224122,-4.432932,-4.53069,-3.991887,-3.416976,-2.963069,-2.43218,-2.784637,-2.529484,-2.486942,23,23,23,23,23,23,23,23,23,23,23,23,23,23,23,23,785,7850,-2.527582,-5.372386,-4.854046,-2.837804,-2.976903,-2.804419,-2.200281,-67.60036,0.2471658,-0.845861,-0.3576317,-0.3638342,-0.4393769,-0.1097286,0.2212681,1.755254,22,22,22,22,22,22,22,22,22,22,22,22,22,22,22,22
786,7860,-59.75645,-61.7825,-45.30002,-36.78247,-30.88753,-24.31221,-16.20939,-15.1747,-12.62455,-12.66907,-9.857802,-10.96975,-10.25298,-9.436296,-8.594428,-0.6034847,23,23,23,23,23,23,23,23,23,23,23,23,23,23,23,23,786,7860,-3.497004,-4.34944,-4.19046,-3.749132,7.484809,0.8573133,-4.701716,-4.302552,-3.883447,-3.863116,-3.811247,-2.963069,-2.688192,-3.341552,-2.047686,-2.373899,23,23,23,23,23,23,23,23,23,23,23,23,23,23,23,23,786,7860,-2.872255,-4.349082,-3.831691,-3.095783,-2.588335,-3.313991,-1.553761,-67.27228,0.7415752,0.4849035,-0.3576317,-0.2425593,-0.3292911,0.7796203,0.5532753,1.170073,22,22,22,22,22,22,22,22,22,22,22,22,22,22,22,22
787,7870,-57.71254,-60.33164,-43.57684,-35.56467,-29.56013,-22.21454,-15.95416,-13.29386,-11.38752,-10.94804,-8.552341,-8.322141,-8.583894,-10.03297,-8.475216,0.2414308,23,23,23,23,23,23,23,23,23,23,23,23,23,23,23,23,787,7870,-3.766001,-4.34944,-4.583305,-4.395527,7.353456,1.348307,-4.962918,-4.69369,-2.718409,-2.961712,-2.628444,-2.963069,-2.43218,-3.564318,-2.288585,-2.599988,23,23,23,23,23,23,23,23,23,23,23,23,23,23,23,23,787,7870,-3.102039,-4.476995,-4.598456,-2.450835,-2.32929,-2.549633,-1.683065,-66.94419,-0.1236419,-0.3619463,-0.5960336,-0.84894,0.0009663975,0.6684508,-6.902839E-05,1.170073,22,22,22,22,22,22,22,22,22,22,22,22,22,22,22,22
788,7880,-58.55415,-60.21074,-42.96142,-36.05179,-28.35341,-21.84436,-13.2742,-12.54152,-9.779391,-11.31684,-8.552341,-9.835062,-9.179996,-11.22633,-10.62103,-0.4827814,23,23,23,23,23,23,23,23,23,23,23,23,23,23,23,23,788,7880,-3.766001,-3.690442,-4.059511,-3.878411,6.959397,0.8573133,-5.615923,-4.82407,-4.012897,-2.961712,-3.154135,-2.828387,-2.816199,-3.675701,-2.890833,-2.260853,23,23,23,23,23,23,23,23,23,23,23,23,23,23,23,23,788,7880,-2.182909,-4.732821,-4.470662,-2.321845,-2.458812,-3.568777,-2.200281,-68.14719,-0.7416539,0.0009888718,0.1191723,-0.6063871,-0.1091194,1.001957,0.3319367,0.8189656,22,22,22,22,22,22,22,22,22,22,22,22,22,22,22,22
789,7890,-60.59806,-61.5407,-44.43842,-35.68645,-28.11206,-20.73382,-13.2742,-12.41613,-11.01642,-10.82511,-9.857802,-9.835062,-9.418437,-10.15231,-8.713639,-0.7241865,23,23,23,23,23,23,23,23,23,23,23,23,23,23,23,23,789,7890,-4.572993,-3.558643,-4.19046,-3.749132,7.353456,0.7345905,-6.268932,-3.520281,-3.4951,-2.961712,-2.759867,-2.289657,-4.224276,-3.341552,-2.529484,-2.034764,23,23,23,23,23,23,23,23,23,23,23,23,23,23,23,23,789,7890,-2.987147,-5.372386,-4.854046,-2.708814,-2.458812,-3.059205,-2.329585,-68.03783,-0.1236419,-0.4829258,-0.7152345,-0.2425593,-0.3292911,0.001439964,0.1105995,1.63822,22,22,22,22,22,22,22,22,22,22,22,22,22,22,22,22
790,7900,-59.516,-60.81526,-42.96142,-34.10331,-26.54332,-18.26597,-11.7428,-11.41302,-10.52161,-10.08753,-8.433662,-8.322141,-7.034027,-9.197625,-9.667335,-0.3620796,23,23,23,23,23,23,23,23,23,23,23,23,23,23,23,23,790,7900,-4.303996,-4.085841,-4.059511,-4.266248,7.747464,-0.2473464,-5.746525,-3.259521,-3.106754,-3.219256,-2.49702,-2.693704,-3.968261,-3.007403,-2.168136,-2.713034,23,23,23,23,23,23,23,23,23,23,23,23,23,23,23,23,790,7900,-2.987147,-4.604908,-5.109634,-3.740732,-3.235948,-3.696222,-2.588193,-68.36592,0.6179726,0.7268625,-2.88956E-05,0.2425465,-0.4393769,-0.1097286,0.1105995,0.701932,22,22,22,22,22,22,22,22,22,22,22,22,22,22,22,22
791,7910,-61.19921,-60.57345,-44.6846,-37.51316,-29.43946,-21.22739,-17.10271,-13.67003,-12.12974,-10.82511,-8.671019,-8.700371,-8.822333,-8.600946,-8.356004,0.120729,23,23,23,23,23,23,23,23,23,23,23,23,23,23,23,23,791,7910,-4.70749,-3.822242,-3.928563,-4.266248,7.484809,-0.1246235,-5.354672,-2.738006,-2.977307,-2.83294,-2.628444,-3.232434,-3.456234,-2.450485,-2.770383,-2.486942,23,23,23,23,23,23,23,23,23,23,23,23,23,23,23,23,791,7910,-3.216932,-6.139864,-4.98184,-2.837804,-2.32929,-2.167505,-2.588193,-68.69401,0.6179726,0.0009888718,-2.88956E-05,-0.6063871,-0.7696344,-0.2208965,0.3319367,1.053039,22,22,22,22,22,22,22,22,22,22,22,22,22,22,22,22
792,7920,-61.9206,-61.66159,-45.4231,-41.65369,-33.1803,-23.81864,-18.37888,-14.42236,-12.00603,-11.07098,-8.789698,-8.826448,-8.107012,-8.481611,-7.879157,-0.4827814,23,23,23,23,23,23,23,23,23,23,23,23,23,23,23,23,792,7920,-3.631502,-3.426843,-3.666666,-4.136969,8.01017,-0.7383405,-4.701665,-2.737958,-2.718409,-2.961712,-2.628444,-3.367116,-2.560188,-2.339102,-1.806787,-3.730438,23,23,23,23,23,23,23,23,23,23,23,23,23,23,23,23,792,7920,-2.872255,-6.139864,-4.98184,-2.579825,-2.84738,-2.80447,-3.234713,-68.25655,-0.247244,-0.1199906,0.2383731,-6.421245E-06,-0.2192053,0.1126086,0.2212681,1.404147,22,22,22,22,22,22,22,22,22,22,22,22,22,22,22,22
793,7930,-63.24313,-61.29889,-46.77703,-41.41012,-32.33559,-21.84436,-16.20939,-13.54464,-10.2742,-9.595807,-8.196305,-8.322141,-7.74935,-8.24294,-7.163211,0.120729,23,23,23,23,23,23,23,23,23,23,23,23,23,23,23,23,793,7930,-2.95901,-3.426843,-3.928563,-3.878411,7.09075,-0.4928434,-4.701665,-2.477201,-3.754,-2.575396,-2.49702,-3.367116,-2.43218,-2.339102,-2.288585,-3.165212,23,23,23,23,23,23,23,23,23,23,23,23,23,23,23,23,793,7930,-2.987147,-5.756125,-4.854046,-2.837804,-2.070245,-2.040112,-1.553761,-68.25655,0.6179212,0.2429478,0.2383731,-6.421245E-06,-0.3292911,-0.7767395,-6.902839E-05,1.053039,22,22,22,22,22,22,22,22,22,22,22,22,22,22,22,22
794,7940,-61.55991,-62.26612,-45.30001,-39.46164,-29.68079,-22.46132,-16.20939,-13.92081,-9.655689,-9.964601,-7.246878,-7.691756,-6.914806,-8.600946,-7.163211,-1.086293,23,23,23,23,23,23,23,23,23,23,23,23,23,23,23,23,794,7940,-3.093508,-2.767846,-3.535717,-3.490574,6.959397,-0.6156176,-4.179261,-1.955683,-3.754,-2.317852,-3.022711,-2.828387,-2.304173,-2.450485,-3.252181,-2.939123,23,23,23,23,23,23,23,23,23,23,23,23,23,23,23,23,794,7940,-2.068017,-5.500299,-5.365223,-2.450835,-1.811199,-2.040112,-2.717497,-69.02211,0.370717,0.1219716,0.1191723,0.9702052,-0.1091194,0.1126086,-0.1107376,2.574508,22,22,22,22,22,22,22,22,22,22,22,22,22,22,22,22
795,7950,-63.84428,-62.50793,-47.39245,-42.99327,-32.81828,-25.42274,-16.20939,-12.91769,-10.2742,-10.21046,-7.602912,-8.448217,-6.795585,-7.884901,-5.969354,-0.4827814,23,23,23,23,23,23,23,23,23,23,23,23,23,23,23,23,795,7950,-2.824511,-2.636047,-4.714253,-3.749132,5.645918,0.3663706,-4.440463,-1.694926,-3.365654,-2.18908,-3.679778,-1.88561,-1.792145,-2.339102,-3.372631,-2.260853,23,23,23,23,23,23,23,23,23,23,23,23,23,23,23,23,795,7950,-2.41269,-6.139864,-5.493018,-2.579825,-2.199767,-2.040112,-2.329585,-69.3502,-0.8653077,0.1219716,0.1192233,-0.2425593,-0.6595486,-1.110245,0.1105995,1.63822,22,22,22,22,22,22,22,22,22,22,22,22,22,22,22,22
796,7960,-62.88244,-62.26612,-49.3618,-47.86448,-39.21391,-29.98828,-20.42075,-13.67003,-11.01642,-9.841669,-7.840269,-7.943911,-7.86857,-7.526496,-6.805054,0.120729,23,23,23,23,23,23,23,23,23,23,23,23,23,23,23,23,796,7960,-3.362505,-3.426843,-3.666666,-3.749132,6.565338,0.6118163,-3.787458,-1.564546,-1.941719,-2.83294,-2.891243,-1.481566,-1.792145,-2.116337,-2.168136,-2.260853,23,23,23,23,23,23,23,23,23,23,23,23,23,23,23,23,796,7960,-1.838232,-4.349082,-5.620812,-2.450835,-1.940722,-1.530539,-1.812368,-68.80338,0.2471144,0.0009920824,0.238424,0.6063261,0.0009663975,0.001439964,0.1105995,2.223401,22,22,22,22,22,22,22,22,22,22,22,22,22,22,22,22
797,7970,-64.80613,-63.23336,-47.63862,-42.74971,-35.83508,-29.37131,-20.16551,-13.79541,-12.25344,-11.68563,-8.314983,-9.330756,-8.345452,-7.287558,-5.491812,-0.6034847,23,23,23,23,23,23,23,23,23,23,23,23,23,23,23,23,797,7970,-3.093508,-3.558643,-3.011924,-4.395527,6.959397,0.3663706,-3.656856,-1.955683,-2.200615,-2.446624,-2.496975,-2.693708,-1.53613,-2.22772,-1.806787,-2.034764,23,23,23,23,23,23,23,23,23,23,23,23,23,23,23,23,797,7970,-2.068017,-5.756125,-5.109634,-2.192856,-2.32929,-1.912719,-0.9072401,-67.70973,-0.6181031,-0.1199842,0.5960272,0.1212203,-0.3292429,-0.6655709,-0.3320763,0.8189656,22,22,22,22,22,22,22,22,22,22,22,22,22,22,22,22
798,7980,-66.85004,-62.14522,-49.48488,-44.94175,-38.73122,-29.74149,-18.50649,-13.92081,-11.51122,-10.70218,-7.958948,-8.826448,-7.153246,-6.451278,-5.014269,-0.4827814,23,23,23,23,23,23,23,23,23,23,23,23,23,23,23,23,798,7980,-2.555514,-3.690442,-2.357181,-3.749132,7.09075,0.3663706,-3.787458,-1.825303,-2.071166,-2.317852,-2.496975,-2.154978,-1.664138,-2.116337,-2.168136,-1.921718,23,23,23,23,23,23,23,23,23,23,23,23,23,23,23,23,798,7980,-1.838232,-4.860734,-4.854046,-2.450835,-1.811199,-0.5113952,-0.7779363,-68.03783,-0.4945005,-0.8458578,2.207303E-05,0.848879,0.5514437,0.3349956,-0.2214061,0.701932,22,22,22,22,22,22,22,22,22,22,22,22,22,22,22,22
799,7990,-64.20498,-63.83788,-48.37712,-42.38437,-35.71442,-27.64381,-17.10271,-14.42236,-11.63493,-11.07098,-7.602912,-9.204679,-6.795585,-7.168087,-5.014218,-0.4827814,23,23,23,23,23,23,23,23,23,23,23,23,23,23,23,23,799,7990,-3.766001,-3.822242,-3.404769,-4.266248,7.484809,0.8573133,-4.048659,-1.303789,-2.200615,-2.961712,-1.839863,-2.020296,-1.920153,-2.450485,-1.324408,-2.147807,23,23,23,23,23,23,23,23,23,23,23,23,23,23,23,23,799,7990,-1.838232,-4.732821,-5.620812,-3.611742,-1.681677,-1.785326,-0.390024,-67.8191,-0.3708984,-0.2409637,0.476826,0.6063261,-0.1090713,-0.1096781,-0.3320282,1.053039,22,22,22,22,22,22,22,22,22,22,22,22,22,22,22,22
800,8000,-65.52751,-64.44241,-49.23871,-46.52489,-38.61054,-30.35845,-18.37888,-15.67626,-12.74825,-11.68563,-8.314983,-9.708987,-7.272467,-6.690215,-4.894832,-0.6035361,23,23,23,23,23,23,23,23,23,23,23,23,23,23,23,23,800,8000,-3.9005,-2.636047,-4.19046,-3.749132,7.222103,0.6118163,-4.309861,-1.825303,-2.459514,-2.961712,-1.445596,-2.154978,-2.176165,-2.004954,-2.047231,-1.017411,23,23,23,23,23,23,23,23,23,23,23,23,23,23,23,23,800,8000,-2.068017,-4.604908,-4.854046,-2.579825,-1.552154,-1.403147,-2.200281,-68.03783,-0.7417052,-0.3619431,0.3576248,0.6063261,0.3312721,0.77967,-0.2213596,1.040049,22,22,22,22,22,22,22,22,22,22,22,22,22,22,22,22
801,8010,-64.08474,-64.2006,-48.86946,-44.45464,-37.5245,-28.50756,-19.52742,-15.04931,-11.88233,-10.45632,-6.890842,-7.187449,-5.841821,-5.614999,-3.58159,-0.9656413,23,23,23,23,23,23,23,23,23,23,23,23,23,23,23,23,801,8010,-3.093456,-2.372448,-3.666666,-3.749132,7.09075,1.225585,-3.656856,-1.694926,-2.200615,-2.060308,-2.234131,-1.616248,-2.304173,-1.55942,-1.444878,-2.147858,23,23,23,23,23,23,23,23,23,23,23,23,23,23,23,23,801,8010,-1.72335,-4.988647,-5.237429,-2.966794,-2.199767,-1.785326,-1.424456,-67.27228,0.1235119,-0.2409637,-0.2383799,0.7276009,0.1111004,-0.2208467,-0.3320282,1.15707,22,22,22,22,22,22,22,22,22,22,22,22,22,22,22,22
802,8020,-63.36336,-63.47519,-47.7617,-44.69819,-39.57592,-29.12453,-20.93121,-14.29697,-10.76901,-9.841669,-7.246876,-7.187449,-6.557145,-5.853936,-5.730532,-0.3621309,23,23,23,23,23,23,23,23,23,23,23,23,23,23,23,23,802,8020,-2.958958,-2.108798,-3.273821,-3.361294,7.484809,0.9800875,-3.526254,-1.564546,-3.106756,-2.446624,-1.70844,-1.481566,-2.304173,-1.336654,-1.324408,-1.695681,23,23,23,23,23,23,23,23,23,23,23,23,23,23,23,23,802,8020,-1.263785,-4.732872,-5.237429,-1.547908,-1.552154,-2.040112,-0.5193279,-67.92847,-0.1236933,-0.3619431,-0.2383799,0.3637732,0.001014557,0.3349956,0.3319848,1.625134,22,22,22,22,22,22,22,22,22,22,22,22,22,22,22,22
803,8030,-63.72405,-63.59608,-45.30001,-39.70521,-33.78365,-25.91632,-19.01696,-13.41925,-11.14012,-9.841669,-6.772163,-7.56568,-6.080263,-5.973403,-5.372375,-0.3621309,23,23,23,23,23,23,23,23,23,23,23,23,23,23,23,23,803,8030,-2.689961,-2.504196,-3.66666,-2.327062,7.222103,0.8573133,-3.918058,-2.086064,-2.847859,-2.317852,-1.445596,-1.616248,-1.920153,-1.670805,-0.9629958,-1.92177,23,23,23,23,23,23,23,23,23,23,23,23,23,23,23,23,803,8030,-1.608458,-4.093307,-4.854045,-2.966794,-2.458812,-2.040112,-2.588193,-68.69401,-0.6181031,0.242951,-0.1191791,0.485048,0.001014557,0.3349956,-0.3320282,0.9230348,22,22,22,22,22,22,22,22,22,22,22,22,22,22,22,22
804,8040,-61.9206,-61.78251,-45.4231,-37.2696,-31.8529,-22.58471,-17.35794,-13.16847,-11.14012,-9.472878,-6.772163,-6.430988,-5.603379,-5.017657,-4.297904,-0.3621309,23,23,23,23,23,23,23,23,23,23,23,23,23,23,23,23,804,8040,-2.286465,-3.163193,-3.273814,-2.714848,7.747464,0.6118163,-3.656856,-2.086064,-2.200615,-1.802764,-1.70844,-2.28966,-1.53613,-1.893571,-1.685819,-2.034816,23,23,23,23,23,23,23,23,23,23,23,23,23,23,23,23,804,8040,-1.608458,-4.22122,-4.72625,-2.063865,-1.811199,-1.530539,-1.424456,-67.70973,0.370717,-0.8458578,0.476826,0.1212203,0.1111004,0.5573328,0.6639905,1.274084,22,22,22,22,22,22,22,22,22,22,22,22,22,22,22,22
805,8050,-62.40152,-62.87066,-45.91543,-40.67944,-31.4909,-21.59757,-15.06084,-13.16847,-9.655689,-9.595807,-6.060092,-7.187449,-5.007277,-5.973403,-4.656061,0.2413794,23,23,23,23,23,23,23,23,23,23,23,23,23,23,23,23,805,8050,-1.613972,-2.504196,-3.404763,-2.456289,7.484809,0.2435964,-3.918058,-2.346821,-2.71841,-1.802764,-1.445596,-2.28966,-1.280119,-2.004954,-1.324408,-2.600039,23,23,23,23,23,23,23,23,23,23,23,23,23,23,23,23,805,8050,-1.838242,-4.22122,-4.98184,-2.837803,-2.588337,-2.294899,-1.553761,-68.80338,0.4943195,0.4849068,-0.5959831,-0.6064385,0.4413579,0.1126583,-0.774704,1.040049,22,22,22,22,22,22,22,22,22,22,22,22,22,22,22,22
806,8060,-62.40152,-63.23338,-45.91543,-39.58342,-34.14569,-24.06542,-17.10271,-14.17158,-12.12974,-10.21046,-7.128199,-7.943911,-5.961041,-5.734468,-3.462204,-1.207047,23,23,23,23,23,23,23,23,23,23,23,23,23,23,23,23,806,8060,-2.420964,-2.767795,-2.75002,-1.163498,7.878817,0.2434936,-3.265052,-1.694926,-1.682821,-1.287676,-1.051328,-2.424343,-1.664138,-2.673251,-1.685819,-2.034816,23,23,23,23,23,23,23,23,23,23,23,23,23,23,23,23,806,8060,-1.838242,-4.732872,-4.72625,-1.418917,-2.070246,-2.42229,-2.070977,-68.14719,0.2471144,-0.7248784,-0.5959831,-0.2426107,-0.1090713,0.4461642,-2.247436E-05,0.8060204,22,22,22,22,22,22,22,22,22,22,22,22,22,22,22,22
807,8070,-63.24313,-62.87066,-46.53085,-39.82698,-33.90434,-22.09114,-14.55037,-13.29386,-11.38752,-9.227015,-6.534807,-7.313527,-5.245719,-5.256594,-4.297904,-0.1207274,23,23,23,23,23,23,23,23,23,23,23,23,23,23,23,23,807,8070,-2.958958,-3.294992,-2.880969,-2.068452,7.878817,0.7344877,-2.481497,-1.825303,-1.682821,-1.158905,-1.445596,-2.424343,-1.920153,-2.561868,-2.167701,-1.92177,23,23,23,23,23,23,23,23,23,23,23,23,23,23,23,23,807,8070,-1.838242,-3.837481,-5.109634,-2.063865,-2.329292,-2.931862,-1.165798,-68.47529,0.1235119,0.1219716,-0.4767819,-0.1213326,0.001014557,0.3349956,0.2213162,1.040049,22,22,22,22,22,22,22,22,22,22,22,22,22,22,22,22
808,8080,-64.68589,-62.87066,-48.99254,-43.48039,-38.00719,-24.31221,-17.23032,-13.92081,-11.75863,-9.104086,-7.721591,-7.943911,-6.676365,-5.017657,-4.656061,0.4827845,23,23,23,23,23,23,23,23,23,23,23,23,23,23,23,23,808,8080,-3.900447,-3.558591,-2.226227,-2.32701,7.353456,0.8572106,-3.787509,-2.737955,-1.423924,-1.287676,-1.971284,-1.077519,-1.53613,-2.116337,-1.92676,-1.808727,23,23,23,23,23,23,23,23,23,23,23,23,23,23,23,23,808,8080,-1.953134,-5.372437,-4.215073,-1.805885,-1.811201,-2.167504,-1.812318,-68.03783,0.1235119,-0.4829226,-1.072787,-0.2426107,0.3312721,0.4461642,0.1106461,1.274084,22,22,22,22,22,22,22,22,22,22,22,22,22,22,22,22
809,8090,-66.48935,-64.44242,-48.99254,-42.26259,-36.19711,-22.46132,-15.69892,-13.67003,-11.26382,-9.964601,-6.890842,-7.187449,-6.199483,-4.659253,-3.223433,-0.6035361,23,23,23,23,23,23,23,23,23,23,23,23,23,23,23,23,809,8090,-2.824459,-3.294992,-2.357175,-1.422057,7.09075,1.348205,-3.656907,-2.346817,-1.682821,-0.7725886,-1.839863,-1.616248,-2.560188,-2.116337,-2.167701,-1.808727,23,23,23,23,23,23,23,23,23,23,23,23,23,23,23,23,809,8090,-2.068023,-3.965394,-4.98184,-2.063865,-2.71786,-3.441434,-1.165798,-68.14719,-0.1236933,0.4849068,-0.2383799,0.2424951,-0.3292429,0.4461642,-0.110691,0.5719853,22,22,22,22,22,22,22,22,22,22,22,22,22,22,22,22
810,8100,-65.64774,-62.99156,-46.40777,-37.02604,-29.80148,-20.24025,-13.91229,-13.04308,-10.52161,-9.472878,-6.890842,-8.069987,-6.199483,-5.734468,-4.178518,0.4827845,23,23,23,23,23,23,23,23,23,23,23,23,23,23,23,23,810,8100,-3.496952,-2.240597,-1.96433,-2.068452,6.828044,0.9799848,-4.179313,-2.477198,-1.165026,-0.6438683,-1.839863,-1.077519,-2.304173,-1.55942,-1.80629,-1.92177,23,23,23,23,23,23,23,23,23,23,23,23,23,23,23,23,810,8100,-1.953134,-4.860785,-5.237428,-2.192854,-2.199769,-2.040112,-2.20023,-67.8191,-0.2472958,-0.1199328,0.1192233,-0.6064385,0.001014557,0.3349956,0.4426534,1.742148,22,22,22,22,22,22,22,22,22,22,22,22,22,22,22,22
811,8110,-63.1229,-64.0797,-47.02319,-38.4874,-28.11208,-19.99346,-13.52944,-13.41925,-11.26382,-10.82512,-7.246876,-9.456833,-7.034027,-6.929153,-4.059133,-0.9656413,23,23,23,23,23,23,23,23,23,23,23,23,23,23,23,23,811,8110,-3.496952,-1.7134,-2.095278,-2.32701,7.353456,0.8572106,-4.048711,-2.216437,-1.81227,-1.030184,-1.577019,-1.750931,-2.560188,-1.55942,-1.083466,-1.808727,23,23,23,23,23,23,23,23,23,23,23,23,23,23,23,23,811,8110,-1.953134,-4.349133,-4.215073,-2.450834,-2.71786,-3.568827,-1.424406,-68.25655,0.6179212,0.001043452,-0.7151831,-0.4851636,-0.3292429,0.3349956,0.553322,1.040049,22,22,22,22,22,22,22,22,22,22,22,22,22,22,22,22
812,8120,-61.31944,-63.47519,-45.17693,-34.59044,-26.06064,-17.89579,-11.99803,-12.91769,-9.779391,-9.595808,-7.246876,-6.935295,-6.080263,-6.092873,-3.462204,-0.4828327,23,23,23,23,23,23,23,23,23,23,23,23,23,23,23,23,812,8120,-2.958958,-1.7134,-1.702433,-1.809894,8.272876,-0.3702233,-3.265104,-2.08606,-1.553372,-1.4165,-1.70844,-1.885616,-2.560188,-1.670805,-1.92676,-2.713085,23,23,23,23,23,23,23,23,23,23,23,23,23,23,23,23,812,8120,-2.527592,-4.477046,-4.98184,-2.450834,-2.199769,-2.42229,-2.20023,-68.47529,-9.070009E-05,0.1220229,-0.4767815,-6.421245E-06,0.001014557,0.2238278,0.4426534,1.040049,22,22,22,22,22,22,22,22,22,22,22,22,22,22,22,22
813,8130,-62.04082,-62.50794,-42.71524,-31.18059,-23.16451,-17.52561,-13.40182,-12.29074,-9.408283,-8.489432,-7.484234,-8.448217,-7.033977,-4.898189,-4.178518,-0.2414292,23,23,23,23,23,23,23,23,23,23,23,23,23,23,23,23,813,8130,-3.093456,-2.372396,-1.178639,-2.32701,8.01017,-0.002003429,-3.395705,-0.9126484,-1.165026,-1.545272,-0.3942163,-1.750934,-2.304176,-2.004954,-1.565349,-3.05222,23,23,23,23,23,23,23,23,23,23,23,23,23,23,23,23,813,8130,-2.297807,-4.860785,-4.98184,-1.934875,-1.940724,-2.804469,-2.070926,-68.25655,-9.070009E-05,-0.1199328,2.247436E-05,0.2425465,-0.6594972,0.77967,0.553322,1.508119,22,22,22,22,22,22,22,22,22,22,22,22,22,22,22,22
814,8140,-61.68013,-62.14523,-42.96141,-31.30236,-24.37124,-17.40222,-14.0399,-13.54464,-11.14012,-9.472878,-8.314983,-8.826448,-7.391638,-5.734519,-3.104047,-0.1207274,23,23,23,23,23,23,23,23,23,23,23,23,23,23,23,23,814,8140,-2.555462,-1.845199,-1.571484,-1.422057,6.959397,-0.1247263,-2.220295,-1.564543,-1.81227,-1.674044,-1.70844,-2.154981,-1.792149,-1.336603,-1.92676,-2.939174,23,23,23,23,23,23,23,23,23,23,23,23,23,23,23,23,814,8140,-2.872265,-4.604959,-4.98184,-1.934875,-1.552155,-1.275752,-1.812318,-68.36592,0.7415238,-0.1199328,-0.1191783,-0.7276652,0.1111036,-0.4432345,-2.247436E-05,1.742148,22,22,22,22,22,22,22,22,22,22,22,22,22,22,22,22
815,8150,-61.68013,-62.62885,-43.20758,-33.49441,-25.81929,-19.74668,-16.71986,-14.79853,-12.00603,-11.5627,-7.721591,-8.448217,-6.676315,-5.017709,-3.462205,0.2413794,23,23,23,23,23,23,23,23,23,23,23,23,23,23,23,23,815,8150,-1.88297,-1.7134,-2.095278,-1.551336,7.222103,-0.3702233,-2.481497,-1.043029,-1.941719,-1.287728,-1.971284,-2.559028,-1.152114,-1.225219,-2.168187,-2.486993,23,23,23,23,23,23,23,23,23,23,23,23,23,23,23,23,815,8150,-2.182915,-4.477046,-4.72625,-2.450834,-2.329292,-3.186648,-1.165798,-68.91274,-0.1236933,0.3639819,-1.072786,-1.091493,-0.5494114,-0.2208973,-1.926374E-05,1.15707,22,22,22,22,22,22,22,22,22,22,22,22,22,22,22,22
816,8160,-59.63622,-62.62885,-39.63814,-32.15483,-23.64721,-18.14257,-13.52944,-15.04931,-11.26382,-11.68563,-7.246876,-9.330755,-6.437875,-6.929204,-4.297904,-0.8448914,23,23,23,23,23,23,23,23,23,23,23,23,23,23,23,23,816,8160,-2.824459,-1.449801,-1.96433,-0.6463826,7.09075,0.2434936,-2.612098,-1.303786,-2.200615,-1.4165,-1.971284,-1.616252,-1.792149,-1.113836,-2.288637,-2.826077,23,23,23,23,23,23,23,23,23,23,23,23,23,23,23,23,816,8160,-2.412699,-4.349133,-4.72625,-2.063865,-1.422633,-1.785325,-2.329535,-68.80338,0.370717,-0.3618917,0.5960276,0.1212716,0.4413611,0.5572814,0.1106493,1.859111,22,22,22,22,22,22,22,22,22,22,22,22,22,22,22,22
817,8170,-60.11713,-62.62885,-41.73057,-33.61619,-25.57796,-19.49989,-14.55037,-14.67314,-11.75863,-11.68563,-8.55234,-8.574294,-7.7493,-6.092924,-2.865277,-0.1206777,23,23,23,23,23,23,23,23,23,23,23,23,23,23,23,23,817,8170,-3.63145,-2.899595,-2.357175,-1.551336,6.696691,-0.2474491,-2.612098,-1.564543,-2.588961,-1.802816,-2.365551,-2.289664,-0.8960993,-1.559369,-3.252232,-3.052169,23,23,23,23,23,23,23,23,23,23,23,23,23,23,23,23,817,8170,-2.642481,-5.116611,-4.470662,-1.934875,-2.847383,-3.059256,-2.329535,-68.91274,0.2471144,0.9688728,-0.1191783,-0.4851122,-0.2191539,0.7796187,0.442655,1.391047,22,22,22,22,22,22,22,22,22,22,22,22,22,22,22,22
818,8180,-57.35183,-61.1885,-39.88431,-32.52016,-25.09526,-17.03204,-11.7428,-12.54152,-10.0268,-9.349947,-6.772163,-6.935295,-5.484109,-4.659304,-4.059133,-0.1206777,23,23,23,23,23,23,23,23,23,23,23,23,23,23,23,23,818,8180,-4.841938,-3.558591,-2.226227,-2.585569,6.696691,0.1207708,-2.612098,-0.6518912,-2.071166,-1.802816,-2.628399,-1.616252,-1.664141,-1.447986,-2.529536,-1.921718,23,23,23,23,23,23,23,23,23,23,23,23,23,23,23,23,818,8180,-2.182915,-4.732873,-4.854045,-2.579824,-1.552155,-1.912718,-1.683014,-67.92847,0.8651264,-0.3618917,-0.7151831,-0.4851122,0.2211894,0.2237764,0.3319864,1.508062,22,22,22,22,22,22,22,22,22,22,22,22,22,22,22,22
819,8190,-59.03506,-60.7048,-40.86899,-33.49441,-25.33661,-16.41508,-12.5085,-11.16224,-9.779391,-7.136932,-6.653484,-5.92668,-5.36489,-4.061961,-3.58159,0.2414292,23,23,23,23,23,23,23,23,23,23,23,23,23,23,23,23,819,8190,-4.976436,-4.744786,-3.011859,-2.456289,6.565338,0.3662678,-2.089693,-1.564543,-1.941719,-2.189132,-2.365551,-0.9428379,-1.024107,-1.225219,-1.56594,-1.921718,23,23,23,23,23,23,23,23,23,23,23,23,23,23,23,23,819,8190,-2.182915,-4.477047,-3.959484,-2.837803,-2.71786,-2.677077,-1.424406,-68.80338,0.2471144,-0.1199328,-0.2383795,-0.1212813,-0.2191539,0.001439162,0.2213179,0.8059691,22,22,22,22,22,22,22,22,22,22,22,22,22,22,22,22
820,8200,-60.59805,-61.6722,-42.46909,-34.34687,-25.81929,-15.18115,-12.38088,-11.41302,-9.779391,-8.489432,-7.365555,-7.187449,-6.318653,-5.495583,-3.58159,0.2414292,23,23,23,23,23,23,23,23,23,23,23,23,23,23,23,23,820,8200,-5.917926,-4.481187,-2.488066,-2.714899,6.959397,0.7344877,-1.959091,-1.434166,-1.682821,-2.832992,-1.445596,-1.346885,-1.792149,-1.670753,-1.56594,-1.356495,23,23,23,23,23,23,23,23,23,23,23,23,23,23,23,23,820,8200,-1.378677,-4.221221,-4.854045,-2.063865,-2.199769,-2.167504,-1.683014,-68.80338,0.2471144,-0.4828712,-0.1191783,-6.421245E-06,0.001017767,0.4461136,0.1106493,1.742097,22,22,22,22,22,22,22,22,22,22,22,22,22,22,22,22
821,8210,-57.71252,-59.97924,-39.26889,-30.57168,-22.44047,-14.81097,-10.9771,-10.78607,-8.913475,-8.120641,-6.416128,-6.178834,-5.960991,-4.539835,-2.865277,-0.3620828,23,23,23,23,23,23,23,23,23,23,23,23,23,23,23,23,821,8210,-6.45592,-5.008384,-2.880911,-2.973457,6.69664,0.7344877,-2.481497,-1.8253,-1.81227,-2.575448,-1.70844,-1.616252,-1.536134,-1.893519,-1.084142,-1.243448,23,23,23,23,23,23,23,23,23,23,23,23,23,23,23,23,821,8210,-1.72335,-4.349133,-4.215073,-2.708814,-2.847383,-3.186648,-1.55371,-68.14719,-0.1236933,0.4849581,-0.8343843,-6.421245E-06,0.4413611,0.1126086,-1.926374E-05,0.6889483,22,22,22,22,22,22,22,22,22,22,22,22,22,22,22,22
822,8220,-54.4663,-60.10017,-38.53039,-33.00729,-23.28519,-15.42794,-10.9771,-11.53841,-9.779391,-9.104087,-6.178771,-7.94391,-6.080213,-5.734519,-4.41729,2.407967E-05,23,23,23,23,23,23,23,23,23,23,23,23,23,23,23,23,822,8220,-7.666317,-5.140184,-3.928499,-3.490574,7.616059,1.348205,-2.8733,-1.434166,-1.81227,-2.832992,-1.70844,-1.212203,-1.664141,-1.336603,-1.44549,-1.695629,23,23,23,23,23,23,23,23,23,23,23,23,23,23,23,23,822,8220,-1.838242,-3.581656,-4.72625,-1.934875,-2.329292,-2.167504,-0.7778857,-67.8191,-9.070009E-05,-0.9667859,-0.2383795,0.4850994,0.001017767,0.334945,0.1106493,0.6889483,22,22,22,22,22,22,22,22,22,22,22,22,22,22,22,22
823,8230,-59.03506,-60.82573,-41.23824,-35.93002,-25.33661,-17.40222,-12.89135,-12.54152,-10.1505,-10.21046,-6.653484,-7.691756,-5.36489,-5.495583,-2.865277,-1.3277,23,23,23,23,23,23,23,23,23,23,23,23,23,23,23,23,823,8230,-8.472445,-6.589977,-5.761771,-4.007689,7.090699,1.225482,-2.742698,-0.9126484,-2.071166,-2.189132,-1.445596,-1.212203,-1.536134,-1.670753,-1.44549,-1.695629,23,23,23,23,23,23,23,23,23,23,23,23,23,23,23,23,823,8230,-1.608458,-4.604959,-5.237428,-2.450834,-2.588337,-2.294897,-2.20023,-68.58464,-0.4945009,0.7269171,-0.2383795,-6.421245E-06,0.4413611,-0.3320659,-0.9960395,0.3378988,22,22,22,22,22,22,22,22,22,22,22,22,22,22,22,22
824,8240,-59.27552,-59.73739,-40.86899,-36.41714,-23.64721,-16.41508,-12.38088,-12.54152,-9.408283,-9.472878,-5.941415,-7.439602,-4.530346,-4.061961,-2.507119,0.1207274,23,23,23,23,23,23,23,23,23,23,23,23,23,23,23,23,824,8240,-8.875509,-7.117175,-6.416513,-4.654085,7.616059,1.348205,-2.481497,-1.303837,-2.071166,-2.446676,-1.314172,-0.6734731,-2.560191,-1.782136,-2.047738,-1.695629,23,23,23,23,23,23,23,23,23,23,23,23,23,23,23,23,824,8240,-2.182915,-4.604959,-5.237428,-1.934875,-2.458814,-1.530539,-1.812318,-68.36592,-0.6181034,-0.6038475,0.7152284,0.2425465,0.1111036,0.5572814,-1.926374E-05,1.157019,22,22,22,22,22,22,22,22,22,22,22,22,22,22,22,22
825,8250,-60.95874,-60.46295,-41.48441,-34.83399,-25.33661,-18.01918,-14.67798,-13.54464,-11.51123,-9.841669,-7.128199,-8.574294,-5.960991,-4.420366,-3.223433,0.3621309,23,23,23,23,23,23,23,23,23,23,23,23,23,23,23,23,825,8250,-9.41293,-7.776172,-7.725297,-5.42976,7.616059,0.7344877,-3.265104,-2.738006,-2.977308,-2.317904,-1.971284,-2.020299,-1.664141,-1.559369,-1.686389,-2.373899,23,23,23,23,23,23,23,23,23,23,23,23,23,23,23,23,825,8250,-1.838242,-4.732873,-6.387578,-3.61174,-3.494996,-2.677077,-2.846751,-68.69401,-0.7417056,-0.4828712,-0.3575803,0.3638245,0.4413611,-0.2208973,-0.9960395,1.157019,22,22,22,22,22,22,22,22,22,22,22,22,22,22,22,22
826,8260,-60.11713,-61.6722,-42.09983,-37.8785,-27.26736,-21.22739,-16.97509,-14.17159,-11.51123,-11.80856,-7.484234,-9.58291,-7.272418,-6.092924,-3.223433,-0.4827845,23,23,23,23,23,23,23,23,23,23,23,23,23,23,23,23,826,8260,-8.875509,-8.830109,-7.725297,-5.041923,8.010118,0.8572106,-2.350895,-3.781038,-2.977308,-2.317852,-0.3942163,-1.885616,-1.792149,-1.670753,-1.56594,-2.260853,23,23,23,23,23,23,23,23,23,23,23,23,23,23,23,23,826,8260,-2.068023,-4.349133,-4.72625,-2.837803,-2.588337,-1.912718,-1.812318,-68.91274,-0.4945009,-0.9668373,0.1192237,0.4850994,0.2211894,0.2237764,-1.926374E-05,0.8059691,22,22,22,22,22,22,22,22,22,22,22,22,22,22,22,22
827,8270,-62.28128,-61.43036,-44.31535,-40.55766,-31.0082,-23.44846,-18.25125,-13.79542,-11.38752,-11.19391,-6.416128,-8.448217,-6.199433,-5.256645,-3.820362,0.7242378,23,23,23,23,23,23,23,23,23,23,23,23,23,23,23,23,827,8270,-9.144219,-9.225017,-8.640639,-6.334713,7.484758,0.4889907,-2.350895,-3.259521,-4.142345,-2.18908,-2.234176,-2.424346,-1.280119,-2.450434,-1.806839,-2.373899,23,23,23,23,23,23,23,23,23,23,23,23,23,23,23,23,827,8270,-1.72335,-4.477047,-4.598456,-2.708814,-2.588337,-2.040112,-0.9071895,-67.70973,-0.1236933,0.0009920824,2.207303E-05,-0.1212813,-0.4393256,-0.6655709,-0.3320265,1.508062,22,22,22,22,22,22,22,22,22,22,22,22,22,22,22,22
828,8280,-63.72404,-62.03498,-43.82301,-40.07054,-27.38804,-22.46132,-17.10271,-15.04931,-11.75863,-12.17735,-6.534807,-9.456833,-6.437875,-6.451329,-4.41729,-0.3620828,23,23,23,23,23,23,23,23,23,23,23,23,23,23,23,23,828,8280,-10.89083,-10.67302,-9.163689,-6.72255,7.616059,0.8572106,-2.481497,-3.781038,-2.977308,-1.931536,-1.31422,-2.020296,-0.8960993,-2.339051,-1.084142,-2.373899,23,23,23,23,23,23,23,23,23,23,23,23,23,23,23,23,828,8280,-1.838242,-4.604959,-5.237428,-3.224772,-2.070246,-2.040112,-1.55371,-69.13146,-0.7417056,-0.1199842,2.207303E-05,0.7276009,0.7716186,0.001439162,-0.3320265,1.742097,22,22,22,22,22,22,22,22,22,22,22,22,22,22,22,22
829,8290,-65.04658,-63.84888,-44.56152,-39.46164,-27.38804,-21.72096,-16.59224,-14.67314,-11.88233,-11.31684,-7.246878,-9.330756,-6.31865,-5.137176,-2.984662,-1.206997,23,23,23,23,23,23,23,23,23,23,23,23,23,23,23,23,829,8290,-9.144219,-10.01484,-8.509877,-7.110387,8.010118,0.4889907,-2.742698,-4.69369,-3.883449,-2.575396,-2.102756,-2.154978,-1.7922,-2.450434,-1.084142,-2.147807,23,23,23,23,23,23,23,23,23,23,23,23,23,23,23,23,829,8290,-1.838242,-4.988698,-5.365222,-2.321845,-1.681678,-1.403146,-1.165798,-68.03783,-0.4945009,0.1219716,0.238424,0.2424951,0.1111004,-0.6655709,-0.221358,1.157019,22,22,22,22,22,22,22,22,22,22,22,22,22,22,22,22
830,8300,-60.47782,-62.88147,-42.46909,-37.63494,-24.00922,-19.25311,-14.8056,-13.92081,-11.26382,-10.82511,-6.29745,-9.204679,-6.557092,-4.539783,-3.104048,2.407967E-05,23,23,23,23,23,23,23,23,23,23,23,23,23,23,23,23,830,8300,-8.069382,-8.566834,-7.725297,-6.851829,6.959346,0.9799848,-3.134502,-5.215207,-2.847859,-2.446624,-2.628444,-1.616248,-1.664193,-1.893519,-2.047738,-1.469541,23,23,23,23,23,23,23,23,23,23,23,23,23,23,23,23,830,8300,-1.608458,-4.349133,-5.109634,-3.224772,-2.070246,-1.657932,-0.7778857,-68.91274,-0.7417056,-0.4829226,0.8344288,0.7276009,0.3312721,-0.3320145,-0.3320265,1.274033,22,22,22,22,22,22,22,22,22,22,22,22,22,22,22,22
831,8310,-63.60381,-62.27684,-44.19226,-37.14782,-27.02603,-20.11686,-16.337,-14.0462,-12.25344,-11.19391,-7.602912,-8.952526,-7.749295,-4.77872,-3.701027,0.7242378,23,23,23,23,23,23,23,23,23,23,23,23,23,23,23,23,831,8310,-8.741156,-8.830109,-7.594535,-7.498225,6.565287,0.4889907,-4.701716,-5.084827,-3.624551,-3.090484,-2.3656,-1.885613,-1.920204,-1.670753,-1.806787,-1.695629,23,23,23,23,23,23,23,23,23,23,23,23,23,23,23,23,831,8310,-2.182915,-5.372438,-5.620811,-2.579824,-2.199769,-1.657932,-1.683014,-68.80338,-0.9889107,-0.1199842,-0.2383799,0.485048,-0.6595004,-0.8878576,-0.221411,1.274033,22,22,22,22,22,22,22,22,22,22,22,22,22,22,22,22
832,8320,-65.76796,-63.36517,-46.03853,-39.46164,-29.07745,-21.84436,-16.71985,-15.30009,-12.12974,-12.42321,-8.314983,-10.96976,-7.630075,-5.853936,-4.059184,-0.6034847,23,23,23,23,23,23,23,23,23,23,23,23,23,23,23,23,832,8320,-7.666317,-8.435169,-6.416513,-7.110387,7.353405,0.9799848,-3.787509,-5.215207,-3.624551,-3.605572,-3.416976,-1.750931,-1.664193,-1.782136,-2.529484,-1.808675,23,23,23,23,23,23,23,23,23,23,23,23,23,23,23,23,832,8320,-1.953134,-4.221221,-5.748606,-2.321845,-1.422633,-1.657932,-1.165798,-68.47529,-0.4945009,0.1219716,0.8344288,0.848879,0.6615295,0.1126583,-0.5534182,1.391099,22,22,22,22,22,22,22,22,22,22,22,22,22,22,22,22
833,8330,-65.88819,-62.88147,-45.30002,-37.63494,-28.59476,-21.84436,-15.31607,-13.67003,-12.00603,-12.42321,-8.314983,-10.59153,-7.868517,-6.451278,-4.297955,0.3621342,23,23,23,23,23,23,23,23,23,23,23,23,23,23,23,23,833,8330,-7.397462,-6.326379,-6.154616,-7.239667,6.69664,0.4889907,-4.440515,-5.736722,-4.271794,-3.863116,-4.074088,-2.28966,-2.816254,-1.447986,-1.324989,-1.921718,23,23,23,23,23,23,23,23,23,23,23,23,23,23,23,23,833,8330,-1.838242,-5.116611,-5.748606,-2.450834,-2.458814,-2.167504,-1.036493,-69.02211,0.1235119,0.0009920824,0.476826,-0.1213326,-0.1090713,-0.5543517,-0.221411,1.274084,22,22,22,22,22,22,22,22,22,22,22,22,22,22,22,22
834,8340,-65.28704,-63.12331,-45.05386,-40.67944,-31.24955,-24.31221,-16.337,-15.1747,-11.14012,-13.03787,-9.027054,-12.23052,-9.895266,-9.31696,-6.08874,-0.4827814,23,23,23,23,23,23,23,23,23,23,23,23,23,23,23,23,834,8340,-6.052477,-5.667433,-5.761771,-7.498225,7.878766,-0.4929462,-4.048711,-4.82407,-4.012898,-4.506975,-2.234176,-2.28966,-2.048212,-1.113836,-1.565888,-2.486942,23,23,23,23,23,23,23,23,23,23,23,23,23,23,23,23,834,8340,-1.72335,-4.604959,-4.72625,-1.934875,-1.552155,-2.040112,-0.9071895,-68.47529,0.2471144,0.0009920824,0.476826,0.6063261,0.4413579,0.3349956,0.9959464,1.859169,22,22,22,22,22,22,22,22,22,22,22,22,22,22,22,22
835,8350,-64.92635,-63.9698,-46.77702,-43.3586,-36.43845,-27.52042,-19.52742,-16.42859,-12.25344,-12.66907,-10.56987,-12.3566,-10.01449,-9.674968,-5.611197,-1.206995,23,23,23,23,23,23,23,23,23,23,23,23,23,23,23,23,835,8350,-4.707491,-4.481239,-4.976144,-6.593271,7.090699,-0.4929462,-3.918109,-4.95445,-3.883449,-4.120659,-2.759867,-2.28966,-2.048212,-1.670753,-1.324989,-2.939123,23,23,23,23,23,23,23,23,23,23,23,23,23,23,23,23,835,8350,-2.642481,-6.012002,-4.854045,-2.192854,-1.681678,-1.148359,-1.165798,-68.25655,0.1235119,0.0009920824,0.476826,-0.7277165,-0.5494146,0.001490532,0.1105947,1.508119,22,22,22,22,22,22,22,22,22,22,22,22,22,22,22,22
836,8360,-60.83852,-62.27683,-44.31533,-37.8785,-30.1635,-23.20168,-16.337,-15.04931,-12.50084,-12.91493,-10.80723,-12.86091,-11.08747,-9.31696,-6.566282,-0.4827814,23,23,23,23,23,23,23,23,23,23,23,23,23,23,23,23,836,8360,-4.438494,-4.744837,-4.321402,-5.171202,8.404178,-0.2474491,-4.832316,-4.432932,-3.365654,-3.605572,-2.102756,-1.885613,-1.7922,-1.225219,-1.324989,-2.599988,23,23,23,23,23,23,23,23,23,23,23,23,23,23,23,23,836,8360,-2.068023,-4.860785,-4.98184,-2.063917,-1.681678,-2.167504,-1.424406,-68.91274,0.4943187,0.0009920824,-0.1191791,0.485048,-0.6595004,-0.2208467,0.1105947,1.742148,22,22,22,22,22,22,22,22,22,22,22,22,22,22,22,22
837,8370,-61.68013,-62.03498,-44.68459,-36.17358,-29.56015,-21.72096,-16.84747,-14.92392,-13.11936,-13.52959,-12.11269,-13.9956,-12.15876,-10.03297,-7.879157,-0.4827814,23,23,23,23,23,23,23,23,23,23,23,23,23,23,23,23,837,8370,-4.84199,-3.031445,-4.714247,-4.266248,7.878817,-0.7384432,-3.787509,-3.911418,-3.495103,-3.090484,-2.3656,-2.424343,-1.024158,-1.336603,-1.565888,-3.052169,23,23,23,23,23,23,23,23,23,23,23,23,23,23,23,23,837,8370,-2.412699,-4.860785,-4.98184,-1.289979,-1.552103,-0.8935741,-1.165798,-68.36592,0.4943187,0.1219716,0.715228,-0.7277165,0.2211862,0.2238278,0.5532706,1.391099,22,22,22,22,22,22,22,22,22,22,22,22,22,22,22,22
838,8380,-59.39576,-62.27683,-42.96141,-34.22509,-25.81929,-19.12972,-14.67798,-14.29697,-12.00603,-12.30028,-10.56987,-11.97837,-11.32557,-10.03297,-8.356005,0.120729,23,23,23,23,23,23,23,23,23,23,23,23,23,23,23,23,838,8380,-5.648982,-4.744837,-5.368989,-4.654085,6.828044,-0.4928434,-3.787509,-3.389901,-4.012898,-2.704168,-2.3656,-2.559025,-1.7922,-2.116285,-1.806787,-2.486942,23,23,23,23,23,23,23,23,23,23,23,23,23,23,23,23,838,8380,-2.068023,-4.477047,-4.342867,-1.676948,-1.163535,-2.677078,-2.070926,-68.36592,-0.4945009,0.4849068,0.238424,0.1212203,-0.3292429,0.2238278,-7.384432E-05,1.040049,22,22,22,22,22,22,22,22,22,22,22,22,22,22,22,22
839,8390,-61.07898,-63.12331,-44.06917,-38.36562,-27.9914,-19.74668,-14.67799,-13.79542,-11.14012,-12.792,-10.33252,-11.72622,-10.25293,-11.58434,-9.309699,0.3621342,23,23,23,23,23,23,23,23,23,23,23,23,23,23,23,23,839,8390,-5.245486,-4.613038,-4.714247,-4.007689,6.696691,-0.4928434,-3.526306,-3.129143,-3.495103,-3.219256,-3.285559,-2.693708,-1.536185,-1.447986,-1.565888,-2.373899,23,23,23,23,23,23,23,23,23,23,23,23,23,23,23,23,839,8390,-2.182915,-4.477047,-4.854045,-1.676948,-1.42258,-1.657933,-1.295152,-67.92847,0.6179212,-0.2409637,-0.4767819,-0.4851636,-0.2191571,0.3349956,0.7746093,1.625134,22,22,22,22,22,22,22,22,22,22,22,22,22,22,22,22
840,8400,-62.40152,-64.33257,-47.39244,-41.77547,-31.97358,-21.35079,-15.57131,-14.67314,-12.12974,-12.05442,-11.5193,-12.48268,-11.80168,-11.22633,-8.832851,-1.327697,23,23,23,23,23,23,23,23,23,23,23,23,23,23,23,23,840,8400,-5.110987,-3.954041,-4.976144,-4.654085,6.959397,-0.7383405,-3.918109,-4.95445,-5.307384,-3.863116,-3.154135,-2.82839,-1.408177,-1.225219,-2.168136,-2.260853,23,23,23,23,23,23,23,23,23,23,23,23,23,23,23,23,840,8400,-1.72335,-3.965394,-4.598456,-1.547958,-1.42258,-2.422291,-1.683065,-68.25655,0.4943187,0.242951,0.3576248,0.1212203,-0.1090713,0.2238278,0.442602,0.6889997,22,22,22,22,22,22,22,22,22,22,22,22,22,22,22,22
841,8410,-63.60382,-64.57442,-45.4231,-39.09631,-30.88753,-21.35079,-15.69892,-14.67314,-11.51122,-11.68563,-11.40062,-12.60876,-10.72981,-10.86832,-9.309699,0.3621342,23,23,23,23,23,23,23,23,23,23,23,23,23,23,23,23,841,8410,-5.648982,-4.613038,-5.892783,-5.30048,6.696691,0.2435964,-4.179313,-5.215207,-5.566279,-4.506975,-3.548399,-2.693708,-1.28017,-1.447986,-2.409034,-2.373899,23,23,23,23,23,23,23,23,23,23,23,23,23,23,23,23,841,8410,-1.838242,-4.221221,-4.98184,-1.934928,-1.293057,-1.785326,-1.295152,-67.60036,0.1235632,-0.4829226,0.238424,-0.3638856,0.1111004,-0.1096781,0.5532706,1.508119,22,22,22,22,22,22,22,22,22,22,22,22,22,22,22,22
842,8420,-66.60957,-64.33257,-48.25403,-41.53191,-34.38704,-24.4356,-19.91027,-15.92704,-14.48008,-12.54614,-11.5193,-12.48268,-12.03973,-10.86832,-9.667335,0.4828359,23,23,23,23,23,23,23,23,23,23,23,23,23,23,23,23,842,8420,-5.514483,-5.403834,-5.107092,-6.205434,6.17133,-0.001900689,-3.787509,-6.388619,-5.177933,-4.893342,-4.731199,-2.424343,-2.048212,-2.004902,-2.168136,-1.582583,23,23,23,23,23,23,23,23,23,23,23,23,23,23,23,23,842,8420,-1.72335,-3.709569,-4.215073,-2.063917,-2.199716,-2.931863,-1.553761,-68.14719,-0.3708466,0.6058831,-0.2383799,-0.6064385,0.1111004,0.3349956,-0.1107424,0.8060204,22,22,22,22,22,22,22,22,22,22,22,22,22,22,22,22
843,8430,-65.76796,-65.05814,-47.14627,-38.85274,-31.37022,-22.70811,-18.12364,-16.05243,-13.73787,-13.1608,-11.87534,-12.3566,-12.03973,-11.34567,-10.26339,-0.1206761,23,23,23,23,23,23,23,23,23,23,23,23,23,23,23,23,843,8430,-4.707491,-4.876637,-5.499938,-6.205434,6.828044,0.3663706,-4.048711,-6.388619,-4.53069,-4.893342,-3.94267,-3.097755,-1.536185,-2.116285,-1.927237,-1.695629,23,23,23,23,23,23,23,23,23,23,23,23,23,23,23,23,843,8430,-1.148892,-3.965394,-4.470662,-1.676948,-1.94067,-1.912719,-0.1314156,-67.70973,-3.933013E-05,-1.329776,-0.3576317,-0.6064385,0.1111004,0.2238278,0.1105947,1.040049,22,22,22,22,22,22,22,22,22,22,22,22,22,22,22,22
844,8440,-62.52175,-63.72795,-45.79235,-38.4874,-30.52551,-19.12972,-15.44369,-13.67003,-12.50084,-12.30028,-11.5193,-12.48268,-12.15876,-12.30035,-10.3826,-0.1206761,23,23,23,23,23,23,23,23,23,23,23,23,23,23,23,23,844,8440,-4.438494,-5.008436,-5.107092,-5.946876,7.09075,0.1208735,-4.179313,-5.475964,-4.53069,-5.279658,-3.94267,-2.42434,-1.28017,-1.782136,-1.324989,-1.469541,23,23,23,23,23,23,23,23,23,23,23,23,23,23,23,23,844,8440,-1.493566,-3.709569,-4.470662,-1.805938,-2.588284,-2.167505,-1.295152,-68.03783,0.8651778,0.7268625,-2.88956E-05,-0.1213391,0.5514437,0.2238278,0.2212649,1.274084,22,22,22,22,22,22,22,22,22,22,22,22,22,22,22,22
845,8450,-64.20497,-65.05814,-46.9001,-42.01902,-32.57695,-23.07828,-15.82654,-14.42236,-12.62455,-13.65252,-11.40062,-12.73483,-11.68265,-13.01637,-10.26339,-1.327697,23,23,23,23,23,23,23,23,23,23,23,23,23,23,23,23,845,8450,-4.572993,-5.272035,-5.499938,-6.076155,7.353456,0.6118163,-3.395705,-5.345584,-3.883447,-5.279658,-2.891294,-1.88561,-2.304173,-1.447986,-1.20454,-1.243448,23,23,23,23,23,23,23,23,23,23,23,23,23,23,23,23,845,8450,-1.148892,-3.709569,-4.72625,-1.934928,-1.94067,-2.549684,-0.2607202,-66.83482,0.1235632,-0.2409669,-0.9536364,-0.1213391,0.4413097,0.2238278,0.2212649,1.625134,22,22,22,22,22,22,22,22,22,22,22,22,22,22,22,22
846,8460,-62.16105,-64.09073,-45.54618,-40.80122,-30.76686,-21.96775,-15.06084,-12.91769,-12.12974,-12.05442,-11.40062,-11.85229,-11.92071,-12.18102,-9.548122,-0.6034847,23,23,23,23,23,23,23,23,23,23,23,23,23,23,23,23,846,8460,-4.976489,-4.613038,-5.761835,-6.593271,7.222103,0.4890934,-4.179313,-4.82407,-4.789587,-4.893342,-2.891294,-2.154975,-2.048157,-1.55942,-1.445439,-1.130406,23,23,23,23,23,23,23,23,23,23,23,23,23,23,23,23,846,8460,-1.493566,-3.581656,-4.98184,-2.837855,-3.106375,-2.040112,-1.683065,-67.70973,-0.247244,0.1219683,-0.4768329,-6.100183E-05,0.2211381,0.2238286,-0.3320795,0.2209358,22,22,22,22,22,22,22,22,22,22,22,22,22,22,22,22
847,8470,-61.31944,-63.60702,-48.00786,-45.18531,-38.85191,-28.75434,-17.74079,-15.30009,-14.10897,-12.17735,-10.56987,-11.09583,-11.80168,-12.65836,-12.64763,-0.1206761,23,23,23,23,23,23,23,23,23,23,23,23,23,23,23,23,847,8470,-5.514483,-5.931032,-6.023732,-6.205434,7.484809,0.4890934,-4.571116,-5.606344,-4.919037,-5.022114,-2.62845,-2.559022,-2.304173,-0.7797382,-1.203937,-1.921718,23,23,23,23,23,23,23,23,23,23,23,23,23,23,23,23,847,8470,-1.953134,-4.093308,-4.854045,-2.063917,-1.94067,-1.912719,-0.6486317,-68.03783,0.4943709,-0.4829258,-0.1192297,-0.2426139,0.1110522,-0.2208451,0.2212681,0.8060204,22,22,22,22,22,22,22,22,22,22,22,22,22,22,22,22
848,8480,-61.31944,-63.4861,-47.51553,-41.65369,-34.62837,-26.1631,-18.12364,-15.67626,-13.49046,-12.66908,-11.16326,-10.7176,-11.08747,-11.58434,-10.14418,2.729029E-05,23,23,23,23,23,23,23,23,23,23,23,23,23,23,23,23,848,8480,-6.186976,-5.140236,-5.499938,-6.076155,7.09075,0.9800875,-5.877127,-4.95445,-5.695728,-4.507026,-3.285559,-3.367116,-2.688192,-2.339102,-1.685819,-2.147858,23,23,23,23,23,23,23,23,23,23,23,23,23,23,23,23,848,8480,-1.72335,-3.581656,-4.598456,-2.708865,-3.494943,-2.80447,-1.036544,-68.58464,-0.4944491,-0.2409669,-0.4768329,0.2424919,0.3312239,-0.3320145,-0.1107376,0.4678584,22,22,22,22,22,22,22,22,22,22,22,22,22,22,22,22
849,8490,-59.27552,-61.1885,-45.4231,-37.39138,-31.85291,-23.07828,-16.08177,-14.0462,-12.62455,-12.05442,-9.97648,-10.08722,-9.179942,-9.794303,-7.998368,0.6035377,23,23,23,23,23,23,23,23,23,23,23,23,23,23,23,23,849,8490,-5.245433,-4.744837,-6.285629,-5.559038,7.353456,0.4890934,-5.485325,-5.215207,-6.213523,-4.378254,-4.074094,-3.501799,-3.328226,-2.116337,-1.685819,-2.147858,23,23,23,23,23,23,23,23,23,23,23,23,23,23,23,23,849,8490,-1.72334,-4.477047,-4.598456,-2.450886,-3.36542,-3.059256,-2.070977,-68.80338,-0.6180513,-1.208796,-0.4768329,-6.100183E-05,0.3312239,-0.5543509,-0.2214061,0.4678584,22,22,22,22,22,22,22,22,22,22,22,22,22,22,22,22
850,8500,-59.51599,-62.27684,-43.57683,-36.66069,-29.3188,-22.33793,-14.67799,-14.29697,-11.51122,-11.80856,-10.09516,-10.08722,-8.822281,-9.31696,-7.879157,-0.8448882,23,23,23,23,23,23,23,23,23,23,23,23,23,23,23,23,850,8500,-6.186923,-5.535582,-6.547519,-4.395527,7.616111,0.4890934,-4.571116,-4.95445,-5.048486,-4.764571,-3.285559,-2.963069,-2.560188,-2.561868,-1.444878,-2.486993,23,23,23,23,23,23,23,23,23,23,23,23,23,23,23,23,850,8500,-1.378667,-3.965345,-5.237428,-3.095834,-2.588284,-2.167505,-1.683065,-68.03783,0.1235632,0.2429478,-0.2384309,1.455256,0.7715672,-0.2208451,-0.4427449,0.4678584,22,22,22,22,22,22,22,22,22,22,22,22,22,22,22,22
851,8510,-60.11714,-62.51869,-43.823,-34.59044,-27.26736,-19.3765,-12.89135,-12.03996,-11.14012,-10.57925,-9.027053,-9.330756,-7.272414,-8.004269,-6.92444,-0.4827814,23,23,23,23,23,23,23,23,23,23,23,23,23,23,23,23,851,8510,-6.45592,-5.667382,-6.940377,-5.041923,7.09075,0.4890934,-4.701716,-4.172175,-4.789587,-4.378254,-2.62845,-2.963069,-2.944207,-2.450485,-1.444878,-2.147858,23,23,23,23,23,23,23,23,23,23,23,23,23,23,23,23,851,8510,-1.378667,-4.349083,-5.109686,-1.805938,-1.293057,-2.294899,-0.6486317,-68.03783,-0.1236419,-0.9668405,-0.4768329,-0.2426139,0.0009663975,0.446165,0.1105995,0.8189656,22,22,22,22,22,22,22,22,22,22,22,22,22,22,22,22
852,8520,-57.5923,-61.43036,-42.96141,-35.56468,-27.14669,-20.11686,-13.2742,-12.16535,-10.2742,-9.472878,-8.077626,-7.817834,-6.557092,-6.331804,-7.163211,0.120729,23,23,23,23,23,23,23,23,23,23,23,23,23,23,23,23,852,8520,-6.45592,-6.458178,-7.071326,-4.912643,7.484809,0.6118163,-4.832316,-4.432932,-4.919037,-3.863167,-3.022715,-3.771164,-2.43218,-2.450485,-2.167701,-2.260905,23,23,23,23,23,23,23,23,23,23,23,23,23,23,23,23,852,8520,-1.263775,-3.837431,-4.981892,-2.579826,-2.847329,-2.167505,-1.165848,-67.38165,-3.933013E-05,0.2429478,-0.3576317,0.7275977,0.5513955,-0.1096773,-0.664082,0.2337847,22,22,22,22,22,22,22,22,22,22,22,22,22,22,22,22
853,8530,-56.99115,-61.1885,-44.06917,-35.19933,-26.42266,-19.74668,-14.93322,-13.41925,-12.12974,-10.21046,-8.671019,-8.322141,-6.43787,-6.092868,-5.969354,-0.1206761,23,23,23,23,23,23,23,23,23,23,23,23,23,23,23,23,853,8530,-6.859415,-7.512573,-6.678481,-5.171202,6.828044,0.3663706,-4.701716,-4.82407,-5.177933,-4.120711,-2.497026,-3.367116,-1.792145,-2.339102,-1.80629,-2.600039,23,23,23,23,23,23,23,23,23,23,23,23,23,23,23,23,853,8530,-2.182909,-4.22117,-5.109686,-3.095784,-2.717858,-2.040112,-1.553761,-68.58464,-0.1236419,-0.9668405,0.1191723,0.1212171,0.3312239,0.2238286,-0.664082,0.4678584,22,22,22,22,22,22,22,22,22,22,22,22,22,22,22,22
854,8540,-56.39,-60.10017,-41.36132,-30.93703,-23.64721,-18.88293,-14.42275,-13.16847,-11.26382,-10.45632,-7.602912,-7.56568,-5.960988,-5.495525,-4.536726,-0.6034847,23,23,23,23,23,23,23,23,23,23,23,23,23,23,23,23,854,8540,-7.128412,-7.248974,-6.547532,-5.946876,7.09075,0.3663192,-4.309913,-5.084827,-4.919037,-3.734395,-2.62845,-3.905846,-1.792145,-2.339102,-2.167701,-2.260905,23,23,23,23,23,23,23,23,23,23,23,23,23,23,23,23,854,8540,-1.263775,-4.732822,-5.493069,-2.966794,-3.106426,-2.549633,-1.683065,-67.8191,-0.4944491,-0.4829258,-2.88956E-05,0.3637668,-0.5494627,-0.7766882,-0.3320763,1.053039,22,22,22,22,22,22,22,22,22,22,22,22,22,22,22,22
855,8550,-56.26976,-60.10017,-41.36132,-32.88551,-27.87073,-20.73382,-13.91229,-13.92081,-10.76901,-11.43977,-7.840269,-8.700372,-6.08021,-6.451273,-4.297955,0.2414308,23,23,23,23,23,23,23,23,23,23,23,23,23,23,23,23,855,8550,-6.859415,-6.721777,-6.547532,-4.912643,7.09075,0.3663192,-4.571064,-5.475964,-5.048486,-3.991939,-4.074094,-4.175211,-3.328226,-4.232618,-3.372406,-2.147858,23,23,23,23,23,23,23,23,23,23,23,23,23,23,23,23,855,8550,-2.182909,-4.732822,-4.854097,-2.321846,-2.588335,-1.657881,-1.165848,-68.03783,-3.933013E-05,-0.9668405,-2.88956E-05,0.3637668,0.2211381,0.1126599,0.3319367,0.3508183,22,22,22,22,22,22,22,22,22,22,22,22,22,22,22,22
856,8560,-58.67437,-61.55128,-43.57684,-37.51316,-29.3188,-20.85721,-15.06084,-13.92081,-12.87195,-12.05442,-7.484234,-8.448218,-5.960988,-7.168081,-5.491812,-0.8448882,23,23,23,23,23,23,23,23,23,23,23,23,23,23,23,23,856,8560,-6.45592,-7.117175,-6.416584,-4.783364,7.484809,0.243545,-4.701665,-6.127807,-4.660139,-5.022114,-4.862629,-4.848623,-3.968261,-5.233643,-3.974759,-3.278309,23,23,23,23,23,23,23,23,23,23,23,23,23,23,23,23,856,8560,-1.838232,-4.476996,-5.748658,-3.482754,-2.588335,-1.657881,-2.070975,-68.58464,-0.4944491,0.1219683,-0.4768329,-6.100183E-05,-0.6595486,-0.4431823,-0.664082,0.8189656,22,22,22,22,22,22,22,22,22,22,22,22,22,22,22,22
857,8570,-58.07322,-61.79313,-43.823,-38.85274,-32.45627,-23.07828,-15.18845,-13.54464,-11.38752,-10.94804,-8.314983,-9.078603,-6.795532,-6.451273,-5.611197,-0.6034847,23,23,23,23,23,23,23,23,23,23,23,23,23,23,23,23,857,8570,-5.648929,-5.799181,-5.107099,-4.007689,6.959397,0.9800361,-4.701665,-5.99743,-4.271794,-4.893342,-5.256894,-4.848623,-4.992318,-4.900213,-4.095229,-2.826128,23,23,23,23,23,23,23,23,23,23,23,23,23,23,23,23,857,8570,-1.608451,-3.965345,-4.470714,-2.192857,-1.552154,-0.8935227,-0.7779355,-68.25655,0.1235632,0.1219683,0.2383731,0.7275977,0.1110522,0.2238286,-0.664082,1.287113,22,22,22,22,22,22,22,22,22,22,22,22,22,22,22,22
858,8580,-57.5923,-61.6722,-45.17693,-40.31411,-31.37022,-21.22739,-15.57131,-13.92081,-13.11935,-11.80856,-8.908375,-10.21329,-7.987737,-6.809676,-7.282597,0.7242394,23,23,23,23,23,23,23,23,23,23,23,23,23,23,23,23,858,8580,-5.783427,-5.667382,-4.845202,-4.912643,6.302683,0.489042,-5.485273,-7.29981,-6.084077,-6.438554,-6.833964,-4.983305,-5.632352,-4.789071,-4.577112,-3.05222,23,23,23,23,23,23,23,23,23,23,23,23,23,23,23,23,858,8580,-1.953125,-4.988648,-5.365275,-3.353764,-2.070245,-2.294847,-0.6486309,-67.16291,-0.9888589,-0.3619463,-2.88956E-05,0.2424919,-0.4393769,-0.7766882,-0.664082,0.9359993,22,22,22,22,22,22,22,22,22,22,22,22,22,22,22,22
859,8590,-59.63622,-61.91406,-47.26936,-42.50615,-34.5077,-25.91631,-17.10271,-14.79853,-12.87195,-12.79201,-8.671019,-9.835064,-7.868517,-7.168081,-5.730583,-0.1206761,23,23,23,23,23,23,23,23,23,23,23,23,23,23,23,23,859,8590,-5.110934,-4.217588,-4.583305,-4.783364,7.09075,0.3663192,-5.746474,-6.779127,-6.084077,-6.438554,-7.228235,-5.7914,-6.144379,-5.233643,-3.733818,-2.260905,23,23,23,23,23,23,23,23,23,23,23,23,23,23,23,23,859,8590,-2.41269,-3.965345,-5.109686,-3.095784,-1.681677,-1.530488,-1.683064,-69.02211,-0.3708466,-0.6039053,-2.88956E-05,0.4850448,-0.1091194,0.1126599,-0.4427449,1.63822,22,22,22,22,22,22,22,22,22,22,22,22,22,22,22,22
860,8600,-59.39576,-61.91406,-47.63861,-42.01902,-34.26635,-26.03971,-16.20939,-14.29697,-11.88233,-12.05442,-8.077626,-9.58291,-7.272414,-6.451273,-5.849969,0.2414308,23,23,23,23,23,23,23,23,23,23,23,23,23,23,23,23,860,8600,-5.245433,-4.481187,-4.845202,-4.912643,7.222103,-0.2473978,-6.007677,-7.429981,-6.731321,-7.725557,-7.6225,-6.599498,-7.29644,-5.78936,-4.818052,-2.826128,23,23,23,23,23,23,23,23,23,23,23,23,23,23,23,23,860,8600,-1.953125,-4.988648,-5.493069,-2.579826,-1.552154,-1.530488,-0.7779355,-67.27228,-0.4944491,0.2429478,0.1191723,-6.100183E-05,-0.2192053,-0.7766882,-0.3320763,0.8189656,22,22,22,22,22,22,22,22,22,22,22,22,22,22,22,22
861,8610,-60.83852,-63.00239,-47.39244,-44.33285,-34.14569,-25.42274,-13.78467,-13.67003,-11.75863,-12.17735,-7.84027,-10.08722,-7.034028,-7.765424,-6.446897,-0.6034847,23,23,23,23,23,23,23,23,23,23,23,23,23,23,23,23,861,8610,-5.917926,-4.612987,-4.976151,-5.041923,7.484809,0.1208222,-5.485273,-6.779127,-6.990218,-8.111407,-7.228235,-6.73418,-7.808474,-5.678214,-4.938238,-3.73049,23,23,23,23,23,23,23,23,23,23,23,23,23,23,23,23,861,8610,-2.41269,-4.349083,-5.876452,-2.966794,-1.811199,-1.912668,-1.941671,-69.3502,-0.247244,-0.1199906,-0.1192297,0.6063229,-0.3292911,0.001491334,-1.106758,1.404147,22,22,22,22,22,22,22,22,22,22,22,22,22,22,22,22
862,8620,-62.7622,-63.84888,-47.63861,-41.16656,-30.88753,-22.95489,-13.65705,-13.67003,-12.12974,-12.05442,-8.433662,-9.58291,-7.153248,-7.168081,-4.775498,-0.6034847,23,23,23,23,23,23,23,23,23,23,23,23,23,23,23,23,862,8620,-5.51443,-4.481187,-5.107099,-5.559038,7.878817,-0.7383919,-5.746474,-6.779127,-6.472423,-8.111407,-7.096812,-7.676446,-7.168439,-6.233931,-4.697582,-4.295713,23,23,23,23,23,23,23,23,23,23,23,23,23,23,23,23,862,8620,-2.182909,-5.884038,-5.493069,-2.708815,-2.070245,-1.785275,-0.9072393,-67.92847,0.1235632,0.3639241,0.8343782,0.2424919,-0.3292911,-0.7766882,-0.1107376,1.287113,22,22,22,22,22,22,22,22,22,22,22,22,22,22,22,22
863,8630,-60.95875,-62.39777,-46.40777,-40.31411,-31.0082,-21.96775,-14.16752,-13.92081,-11.01642,-11.43977,-7.365555,-9.330755,-6.795587,-6.212335,-5.372375,-0.1206761,23,23,23,23,23,23,23,23,23,23,23,23,23,23,23,23,863,8630,-4.57294,-4.612987,-5.107099,-5.559038,7.09075,-1.229386,-6.007677,-7.29981,-7.249116,-7.98279,-8.148188,-8.349008,-7.936478,-6.011644,-5.058469,-4.408567,23,23,23,23,23,23,23,23,23,23,23,23,23,23,23,23,863,8630,-2.527582,-4.860735,-5.109686,-3.353764,-1.422632,-1.912668,-1.941671,-69.02211,-3.933013E-05,-0.1199906,0.2383731,0.8488726,-0.1091194,-0.3320145,-1.106707,0.584892,22,22,22,22,22,22,22,22,22,22,22,22,22,22,22,22
864,8640,-62.28128,-62.76054,-48.37711,-42.14081,-34.74905,-25.05257,-16.59224,-13.79541,-10.3979,-10.82512,-7.958948,-8.700371,-7.51091,-5.973399,-5.491761,-0.1206793,23,23,23,23,23,23,23,23,23,23,23,23,23,23,23,23,864,8640,-4.169445,-3.82219,-4.583305,-4.783364,6.959397,-0.8611147,-5.746474,-6.909298,-7.378385,-8.240024,-7.6225,-8.079983,-7.424451,-5.900502,-4.456727,-4.408561,23,23,23,23,23,23,23,23,23,23,23,23,23,23,23,23,864,8640,-2.068017,-4.988648,-5.876452,-2.063867,-2.070245,-1.403095,-1.683064,-68.03783,-0.247244,-0.6039053,0.7151771,0.2424919,0.1110522,-0.7766882,-0.4426935,1.053039,22,22,22,22,22,22,22,22,22,22,22,22,22,22,22,22
865,8650,-60.83851,-63.72795,-47.63861,-40.43589,-31.12888,-22.8315,-15.69892,-13.29386,-9.655689,-9.841669,-7.128199,-8.322141,-6.557146,-5.85393,-5.372375,-0.1206793,23,23,23,23,23,23,23,23,23,23,23,23,23,23,23,23,865,8650,-3.631502,-3.690391,-5.761841,-5.171202,7.09075,-1.229386,-5.615872,-7.29981,-8.412333,-8.240024,-8.410913,-8.752544,-6.27239,-4.900213,-4.456727,-4.408561,23,23,23,23,23,23,23,23,23,23,23,23,23,23,23,23,865,8650,-2.527585,-4.349083,-5.876452,-2.450836,-1.034064,-1.657881,-1.941671,-69.3502,0.3707683,-0.7248815,-0.2384309,0.1212171,0.0009663975,0.001491334,-0.2213548,1.170073,22,22,22,22,22,22,22,22,22,22,22,22,22,22,22,22
866,8660,-61.92059,-62.38704,-47.39244,-40.31411,-31.24955,-21.84435,-13.40182,-12.66691,-9.531987,-10.70218,-7.484234,-8.826448,-6.914808,-6.809676,-5.252989,0.241426,23,23,23,23,23,23,23,23,23,23,23,23,23,23,23,23,866,8660,-3.9005,-3.690442,-5.368996,-5.171202,6.565338,-0.7383919,-4.962867,-6.518787,-8.153845,-6.953642,-7.096812,-7.407425,-5.760363,-3.898418,-4.095379,-4.069628,23,23,23,23,23,23,23,23,23,23,23,23,23,23,23,23,866,8660,-2.297804,-5.244473,-5.876452,-2.966794,-1.940722,-2.294847,-1.941671,-68.03783,-1.112461,0.0009888718,0.4767751,0.1212171,-0.1091194,-0.5543509,-0.3320249,1.404147,22,22,22,22,22,22,22,22,22,22,22,22,22,22,22,22
867,8670,-62.40151,-63.23338,-45.91543,-37.14782,-28.71543,-20.98061,-12.12565,-12.66691,-9.531987,-11.19391,-7.958948,-9.58291,-7.987792,-7.168081,-5.252989,-0.3620844,23,23,23,23,23,23,23,23,23,23,23,23,23,23,23,23,867,8670,-5.783479,-5.008436,-5.761835,-5.30048,6.17133,-0.615669,-5.22407,-6.258187,-7.636872,-6.567327,-7.6225,-6.19545,-4.736306,-3.898418,-3.73403,-3.278316,23,23,23,23,23,23,23,23,23,23,23,23,23,23,23,23,867,8670,-1.953128,-4.093257,-4.981841,-2.837805,-1.681677,-2.04006,-2.20028,-69.56892,-0.3708466,-0.3619463,-2.88956E-05,-6.100183E-05,0.1110522,0.2238286,-1.765843E-05,1.404147,22,22,22,22,22,22,22,22,22,22,22,22,22,22,22,22
868,8680,-62.52174,-62.74975,-46.65394,-39.7052,-29.68081,-19.62329,-11.99803,-11.91457,-7.923857,-10.08753,-6.890842,-9.456832,-6.914808,-7.048614,-5.014218,0.1207242,23,23,23,23,23,23,23,23,23,23,23,23,23,23,23,23,868,8680,-6.052476,-6.194631,-6.023732,-5.429759,5.514565,-0.370172,-6.007677,-6.127807,-6.472423,-6.052238,-6.833964,-4.848626,-4.352286,-3.675649,-3.372682,-2.373957,23,23,23,23,23,23,23,23,23,23,23,23,23,23,23,23,868,8680,-1.838239,-5.628213,-5.876401,-2.966794,-2.458812,-1.912668,-1.036543,-67.92847,-0.3708466,0.0009888718,-0.1192297,0.2424919,0.0009663975,-0.3320145,-0.3320249,0.9359993,22,22,22,22,22,22,22,22,22,22,22,22,22,22,22,22
869,8690,-62.16105,-62.62885,-46.40777,-40.55766,-32.09427,-19.74668,-12.5085,-11.28763,-9.531987,-10.33339,-8.314983,-9.204679,-8.583895,-6.929147,-6.32746,0.4828311,23,23,23,23,23,23,23,23,23,23,23,23,23,23,23,23,869,8690,-6.052476,-6.194631,-5.761835,-5.946875,6.171279,-0.2473978,-5.354672,-5.99743,-5.307384,-6.181011,-5.388318,-4.713944,-3.328229,-3.118735,-2.890884,-2.713092,23,23,23,23,23,23,23,23,23,23,23,23,23,23,23,23,869,8690,-1.608455,-4.860735,-5.237429,-2.450835,-1.940722,-1.912668,-2.070975,-69.45956,-0.3708466,0.2429478,0.1191723,0.7275977,0.0009663975,-0.4431823,-0.7746992,1.63822,22,22,22,22,22,22,22,22,22,22,22,22,22,22,22,22
870,8700,-63.9645,-63.11246,-46.28469,-38.24384,-31.24956,-18.26597,-12.38088,-11.53841,-10.2742,-11.93149,-9.027054,-10.84368,-7.987792,-7.287552,-6.685617,-1.327702,23,23,23,23,23,23,23,23,23,23,23,23,23,23,23,23,870,8700,-6.455972,-5.667433,-5.499938,-7.498224,6.959346,0.1207708,-5.093468,-5.86705,-5.695731,-5.923467,-4.862629,-4.175214,-3.712252,-3.341501,-2.649985,-2.147865,23,23,23,23,23,23,23,23,23,23,23,23,23,23,23,23,870,8700,-2.182912,-4.860735,-5.237429,-3.224774,-2.717858,-1.785326,-0.9072393,-68.14719,-0.4944491,-0.2409669,-2.88956E-05,0.1212171,0.1110522,-0.5543509,-0.5533621,1.053039,22,22,22,22,22,22,22,22,22,22,22,22,22,22,22,22
871,8710,-62.28128,-62.26613,-45.54618,-38.36562,-33.18032,-20.85721,-14.0399,-12.66691,-9.408285,-10.94804,-8.433662,-10.08722,-8.583895,-8.481611,-7.163159,0.1207242,23,23,23,23,23,23,23,23,23,23,23,23,23,23,23,23,871,8710,-5.648981,-5.535634,-5.892783,-6.334712,6.433934,0.4889907,-5.74647,-5.084775,-5.177937,-5.408379,-4.205518,-3.636485,-3.456237,-2.784586,-1.927288,-2.713092,23,23,23,23,23,23,23,23,23,23,23,23,23,23,23,23,871,8710,-2.06802,-4.604909,-5.365223,-3.095783,-1.422632,-1.912719,-2.200281,-69.24083,-0.6180513,-0.2409669,-2.88956E-05,0.3637668,0.0009663975,-0.2208451,-0.1106862,1.63822,22,22,22,22,22,22,22,22,22,22,22,22,22,22,22,22
872,8720,-63.00266,-62.87066,-46.53085,-42.99326,-35.59376,-24.80578,-15.31607,-14.17159,-9.531987,-11.80856,-8.433662,-10.59152,-7.749352,-10.74899,-8.713639,-0.6034895,23,23,23,23,23,23,23,23,23,23,23,23,23,23,23,23,872,8720,-6.993966,-5.403834,-6.547519,-5.946875,7.747412,0.6117135,-5.354669,-3.911415,-4.919038,-5.022063,-3.548406,-3.501802,-3.584244,-3.230118,-2.770435,-2.034822,23,23,23,23,23,23,23,23,23,23,23,23,23,23,23,23,872,8720,-2.412696,-5.884038,-6.131989,-2.579825,-1.940722,-1.912719,-0.6486317,-68.36592,-0.4944491,0.1219683,0.5959762,0.8488726,-0.2192053,-0.5543509,-0.2213548,1.989328,22,22,22,22,22,22,22,22,22,22,22,22,22,22,22,22
873,8730,-63.36335,-62.99156,-43.69992,-38.97452,-33.18032,-23.07828,-14.8056,-14.17159,-10.2742,-10.21046,-8.789698,-9.204679,-8.822337,-9.674968,-7.998368,-0.844893,23,23,23,23,23,23,23,23,23,23,23,23,23,23,23,23,873,8730,-6.455972,-5.403834,-6.809416,-5.559038,7.090699,0.4889907,-6.530077,-4.824067,-5.695728,-4.893291,-3.811253,-3.501802,-3.456237,-2.561817,-2.529536,-2.147865,23,23,23,23,23,23,23,23,23,23,23,23,23,23,23,23,873,8730,-2.06802,-4.988648,-4.726252,-2.579825,-1.034064,-2.040112,-2.329585,-69.45956,-0.3708466,0.2429478,0.2383731,0.4850448,0.2211381,0.001491334,0.2213195,1.755254,22,22,22,22,22,22,22,22,22,22,22,22,22,22,22,22
874,8740,-62.16105,-62.99156,-44.31533,-40.19232,-31.73225,-20.24025,-12.76373,-11.78919,-7.552749,-8.12064,-8.433662,-8.700371,-7.51091,-8.24294,-8.475216,-0.4827861,23,23,23,23,23,23,23,23,23,23,23,23,23,23,23,23,874,8740,-5.917978,-4.876637,-6.547519,-5.688316,7.090699,0.1207708,-5.48527,-4.563309,-6.084075,-5.150835,-3.285559,-3.905849,-3.200225,-2.116285,-2.288637,-2.487,23,23,23,23,23,23,23,23,23,23,23,23,23,23,23,23,874,8740,-2.527585,-4.860735,-5.748607,-2.321845,-2.070245,-1.785326,-1.553761,-68.03783,-0.9888589,0.8478388,0.953579,0.2424919,-0.5494627,-0.4431823,0.2213195,0.9359993,22,22,22,22,22,22,22,22,22,22,22,22,22,22,22,22
875,8750,-65.64773,-63.35427,-45.91543,-39.94876,-31.49091,-19.3765,-13.14658,-11.6638,-8.542367,-8.612363,-7.721591,-9.204679,-7.987792,-8.362275,-7.998368,0.4828311,23,23,23,23,23,23,23,23,23,23,23,23,23,23,23,23,875,8750,-5.783479,-4.876637,-6.15468,-6.076154,7.090699,-0.1247263,-5.48527,-5.736718,-5.695728,-4.635747,-4.205511,-3.905849,-2.816203,-2.895969,-2.047738,-3.278316,23,23,23,23,23,23,23,23,23,23,23,23,23,23,23,23,875,8750,-2.412696,-5.116561,-5.620812,-2.837804,-1.940722,-2.040112,-1.683065,-69.3502,-0.4944491,-0.4829258,0.1191723,0.6063229,0.3312239,-0.2208451,-0.3320249,1.170073,22,22,22,22,22,22,22,22,22,22,22,22,22,22,22,22
876,8760,-63.36335,-64.0797,-44.68459,-35.32111,-26.54335,-18.26597,-11.23233,-10.53529,-7.800153,-8.366502,-8.077626,-8.700371,-7.27247,-7.287552,-6.805002,0.241426,23,23,23,23,23,23,23,23,23,23,23,23,23,23,23,23,876,8760,-4.841989,-5.008436,-5.368989,-5.688316,7.222052,-0.2474491,-5.224067,-6.648956,-5.566279,-4.249431,-3.548399,-3.501802,-2.048161,-2.6732,-2.409086,-2.713092,23,23,23,23,23,23,23,23,23,23,23,23,23,23,23,23,876,8760,-2.297804,-5.756125,-5.237429,-2.450835,-2.070245,-1.657933,-0.5193279,-67.92847,-0.247244,0.7268625,-2.88956E-05,0.1212171,-0.2192053,-0.4431823,-1.765843E-05,1.287113,22,22,22,22,22,22,22,22,22,22,22,22,22,22,22,22
877,8770,-59.9969,-62.99156,-43.20758,-34.46865,-23.76788,-16.66186,-9.31808,-10.53529,-7.057939,-8.489431,-6.890842,-7.691756,-6.676366,-7.526486,-6.088689,-0.3620844,23,23,23,23,23,23,23,23,23,23,23,23,23,23,23,23,877,8770,-4.572993,-5.403834,-5.499938,-5.429759,7.090699,-0.1247263,-5.093465,-6.388613,-4.789587,-4.635747,-3.679823,-2.82839,-2.816254,-3.341501,-2.770435,-2.487,23,23,23,23,23,23,23,23,23,23,23,23,23,23,23,23,877,8770,-2.412696,-4.093257,-5.237429,-2.063867,-1.163586,-2.040112,-1.683065,-69.56892,-3.933013E-05,0.1219683,0.2383731,-6.100183E-05,-0.1091194,0.001491334,-0.4426935,1.404147,22,22,22,22,22,22,22,22,22,22,22,22,22,22,22,22
878,8780,-64.20496,-64.0797,-47.7617,-42.87148,-31.12889,-21.104,-12.63612,-12.7923,-8.913475,-9.472878,-7.602913,-8.448217,-6.676366,-7.28761,-4.536675,-0.9655948,23,23,23,23,23,23,23,23,23,23,23,23,23,23,23,23,878,8780,-5.379983,-6.590029,-5.761835,-5.817596,6.959346,0.2434936,-5.224067,-6.518787,-4.271793,-3.090484,-3.022711,-3.501802,-2.432235,-3.118735,-3.131783,-2.034822,23,23,23,23,23,23,23,23,23,23,23,23,23,23,23,23,878,8780,-1.953128,-5.628213,-5.620812,-2.837804,-2.199767,-1.785326,-1.424456,-68.14719,-0.6180513,-0.1199906,0.4767751,-0.1213391,-0.6595486,-0.9990759,-0.3320249,0.9359993,22,22,22,22,22,22,22,22,22,22,22,22,22,22,22,22
879,8790,-62.88243,-64.44242,-47.51553,-42.50615,-31.00822,-19.12972,-9.31808,-10.4099,-7.181643,-7.628918,-6.772163,-7.439602,-5.603381,-6.451329,-5.133604,-0.3620844,23,23,23,23,23,23,23,23,23,23,23,23,23,23,23,23,879,8790,-5.648981,-5.535634,-5.107092,-5.559038,6.433934,0.2434936,-5.877072,-5.606341,-3.883447,-2.961712,-3.285559,-2.28966,-3.200276,-2.450434,-2.288585,-2.487,23,23,23,23,23,23,23,23,23,23,23,23,23,23,23,23,879,8790,-2.182912,-4.093257,-5.620812,-2.966794,-1.034064,-1.403147,-1.553761,-68.80338,0.3707683,0.2429478,0.2383731,0.2424919,0.7715672,0.001439964,-0.2214061,1.52118,22,22,22,22,22,22,22,22,22,22,22,22,22,22,22,22
880,8800,-62.64197,-64.56333,-49.48487,-39.46164,-27.38805,-18.01918,-10.46663,-10.28451,-8.418665,-8.366502,-7.721591,-8.448217,-7.868572,-7.048672,-6.446846,0.3621309,23,23,23,23,23,23,23,23,23,23,23,23,23,23,23,23,880,8800,-5.783479,-5.272035,-4.45235,-4.912642,6.433934,-0.002003429,-6.138276,-4.954447,-3.4951,-3.219256,-3.679823,-2.28966,-2.816254,-2.561817,-2.409034,-2.147807,23,23,23,23,23,23,23,23,23,23,23,23,23,23,23,23,880,8800,-1.953128,-5.116561,-5.493018,-2.192856,-1.552154,-1.912719,-0.7779363,-68.80338,-3.933013E-05,-0.2409669,0.5959762,0.1212171,-0.4393769,-0.9990759,0.1105995,1.287113,22,22,22,22,22,22,22,22,22,22,22,22,22,22,22,22
881,8810,-62.16105,-64.20061,-48.74637,-38.60918,-26.54335,-17.89579,-11.10472,-12.91769,-9.037177,-9.964601,-7.365555,-9.58291,-7.39169,-7.28761,-5.252989,-0.8448914,23,23,23,23,23,23,23,23,23,23,23,23,23,23,23,23,881,8810,-5.917979,-5.272035,-5.368989,-4.783363,7.090699,-0.002003429,-6.530077,-5.084824,-3.365652,-2.961712,-2.3656,-3.097755,-3.072269,-2.339051,-2.047686,-2.713034,23,23,23,23,23,23,23,23,23,23,23,23,23,23,23,23,881,8810,-1.608451,-4.604909,-5.620812,-2.579825,-1.552154,-1.912719,-2.329585,-69.02211,-0.3708466,-0.2409669,-0.1192297,0.7275977,0.0009663975,-0.5544023,-0.2214061,1.521187,22,22,22,22,22,22,22,22,22,22,22,22,22,22,22,22
882,8820,-59.9969,-62.62885,-46.53085,-35.93002,-25.4573,-17.89579,-11.7428,-11.6638,-9.531985,-10.70218,-7.365555,-9.456831,-7.153248,-6.690267,-5.372375,0.2414292,23,23,23,23,23,23,23,23,23,23,23,23,23,23,23,23,882,8820,-6.321475,-4.612987,-5.107092,-5.429759,6.827993,0.9799848,-5.74647,-4.563309,-3.236203,-2.961712,-2.891288,-2.28966,-2.304227,-1.225219,-1.324989,-1.808675,23,23,23,23,23,23,23,23,23,23,23,23,23,23,23,23,882,8820,-2.068017,-4.860735,-5.620812,-1.676897,-2.199767,-1.403147,-0.390024,-68.03783,-0.6180513,0.2429478,0.8343782,0.2424919,0.0009663975,-0.5544023,0.3319367,1.63822,22,22,22,22,22,22,22,22,22,22,22,22,22,22,22,22
883,8830,-61.55989,-64.20061,-44.80768,-35.19933,-24.85393,-19.99347,-12.63612,-13.92081,-11.38752,-12.91493,-8.433662,-10.59152,-8.226233,-8.123604,-5.252989,-1.086295,23,23,23,23,23,23,23,23,23,23,23,23,23,23,23,23,883,8830,-6.993968,-5.403783,-5.761841,-5.429759,7.222052,-1.106663,-6.399479,-3.781035,-3.365652,-2.961712,-2.102756,-2.424343,-3.072269,-1.559369,-0.9636411,-2.713034,23,23,23,23,23,23,23,23,23,23,23,23,23,23,23,23,883,8830,-1.72334,-4.604909,-5.876452,-2.837804,-1.163586,-1.785326,-2.200281,-69.13146,-0.3708466,0.1219683,0.1191723,0.4850448,-0.3292911,-0.3320659,-6.902839E-05,1.872294,22,22,22,22,22,22,22,22,22,22,22,22,22,22,22,22
884,8840,-63.24312,-64.20061,-44.19226,-35.80824,-28.11208,-21.47418,-16.84747,-14.17159,-11.01641,-11.80856,-8.433662,-10.21329,-7.987792,-7.048672,-4.059133,-0.6034863,23,23,23,23,23,23,23,23,23,23,23,23,23,23,23,23,884,8840,-5.648982,-5.140184,-5.368996,-5.946876,7.616059,-0.6157204,-5.74647,-3.259517,-2.977307,-2.575396,-1.708488,-2.559025,-2.176219,-1.670753,-1.686338,-2.260853,23,23,23,23,23,23,23,23,23,23,23,23,23,23,23,23,884,8840,-1.72334,-4.732822,-5.365275,-1.676897,-1.681677,-1.14836,-2.200281,-68.25655,0.1235632,0.2429478,0.4767751,-0.1213391,-0.5494627,-0.2208965,0.3319367,1.170079,22,22,22,22,22,22,22,22,22,22,22,22,22,22,22,22
885,8850,-60.71828,-64.44242,-44.56151,-37.14782,-31.12889,-20.48704,-16.33701,-13.54464,-10.76901,-9.718739,-8.196305,-8.574294,-7.749352,-5.734519,-5.014218,0.2414292,23,23,23,23,23,23,23,23,23,23,23,23,23,23,23,23,885,8850,-6.859469,-6.326379,-6.285635,-5.946876,7.616111,-1.35216,-5.354669,-4.041792,-3.624549,-2.18908,-2.49702,-3.097755,-1.536185,-1.782136,-1.686338,-3.052169,23,23,23,23,23,23,23,23,23,23,23,23,23,23,23,23,885,8850,-1.378667,-4.604909,-5.365275,-2.321845,-1.034012,-1.912719,-1.424456,-68.91274,0.1235632,-0.4829258,-0.2384309,-6.100183E-05,0.2211381,-0.2208965,-6.902839E-05,1.287113,22,22,22,22,22,22,22,22,22,22,22,22,22,22,22,22
886,8860,-61.43966,-63.71699,-44.6846,-36.53891,-30.6462,-19.12972,-14.67799,-13.04308,-11.14012,-10.33339,-7.958949,-8.448217,-6.795587,-5.495583,-5.014218,-0.3620828,23,23,23,23,23,23,23,23,23,23,23,23,23,23,23,23,886,8860,-7.397462,-6.853577,-7.071326,-6.205434,7.222103,-0.9838375,-5.093465,-4.172172,-4.271793,-2.446624,-2.3656,-2.28966,-1.7922,-1.336603,-2.047686,-3.278258,23,23,23,23,23,23,23,23,23,23,23,23,23,23,23,23,886,8860,-2.41269,-5.244473,-5.493069,-1.676897,-2.199716,-1.275754,-1.941672,-68.58464,-0.3708466,-0.1199906,-0.3576317,0.1212171,-0.1091194,-0.3320659,0.6639439,1.287113,22,22,22,22,22,22,22,22,22,22,22,22,22,22,22,22
887,8870,-62.7622,-63.35427,-46.03852,-38.97452,-33.18032,-22.33793,-16.46462,-13.41925,-10.2742,-10.08753,-6.178771,-7.439602,-5.841823,-4.539835,-4.536675,0.1207274,23,23,23,23,23,23,23,23,23,23,23,23,23,23,23,23,887,8870,-8.203735,-6.589978,-7.463773,-6.72255,6.828044,-0.8610633,-4.571116,-4.563309,-5.436831,-2.961712,-2.759867,-2.154978,-2.176219,-1.336603,-2.770383,-2.486942,23,23,23,23,23,23,23,23,23,23,23,23,23,23,23,23,887,8870,-1.72334,-4.604909,-5.365275,-1.547908,-1.552103,-1.785326,-2.588193,-69.02211,0.3707683,0.1219683,-0.1192297,0.2424919,-0.5494627,0.001439964,0.4426068,1.287113,22,22,22,22,22,22,22,22,22,22,22,22,22,22,22,22
888,8880,-62.64197,-64.20061,-43.33067,-36.17357,-29.56015,-21.22739,-14.55037,-13.67003,-9.037177,-9.964601,-6.060094,-7.061371,-5.841823,-6.212393,-5.372375,-0.724188,23,23,23,23,23,23,23,23,23,23,23,23,23,23,23,23,888,8880,-8.472445,-8.698471,-9.032927,-7.498225,6.433985,-0.2473464,-5.354723,-5.084827,-4.919037,-2.83294,-3.022711,-2.693708,-1.664193,-2.004902,-2.168136,-2.599988,23,23,23,23,23,23,23,23,23,23,23,23,23,23,23,23,888,8880,-2.642474,-5.5003,-4.854097,-1.547908,-2.070194,-2.677078,-1.941672,-68.36592,0.6179726,0.1219683,0.3575743,0.1212171,0.1110522,0.557283,0.3319367,1.75526,22,22,22,22,22,22,22,22,22,22,22,22,22,22,22,22
889,8890,-62.28128,-65.16785,-40.7459,-31.6677,-26.54335,-18.63615,-13.78467,-12.41613,-9.531985,-8.858225,-6.416128,-7.313526,-6.199484,-6.092924,-4.775446,-0.6034863,23,23,23,23,23,23,23,23,23,23,23,23,23,23,23,23,889,8890,-9.144218,-7.776172,-8.640639,-8.015341,6.039978,-0.7383405,-5.485325,-4.302552,-4.660139,-3.219256,-3.154135,-2.154978,-1.536185,-2.004902,-2.890833,-2.826077,23,23,23,23,23,23,23,23,23,23,23,23,23,23,23,23,889,8890,-2.297798,-5.244473,-6.259835,-2.321845,-2.717807,-3.186649,-2.717497,-70.00637,0.2471144,-0.4829258,-2.88956E-05,-0.1213391,-0.2192053,-0.3320659,0.5532753,1.75526,22,22,22,22,22,22,22,22,22,22,22,22,22,22,22,22
890,8900,-60.23736,-64.0797,-39.88431,-32.2766,-24.61258,-15.55133,-11.23233,-11.03685,-8.666069,-8.489432,-5.941415,-7.313526,-5.722603,-6.570796,-6.088689,-0.1206777,23,23,23,23,23,23,23,23,23,23,23,23,23,23,23,23,890,8900,-9.144218,-8.830109,-8.248353,-7.627504,6.565338,-0.3701206,-4.962918,-4.95445,-3.624549,-2.83294,-3.154135,-2.28966,-1.28017,-2.116285,-2.168136,-2.034764,23,23,23,23,23,23,23,23,23,23,23,23,23,23,23,23,890,8900,-1.953125,-5.5003,-5.23748,-2.708814,-2.199716,-2.040112,-2.329585,-68.47529,1.483139,0.9688728,-0.1192297,-0.8489946,-1.099892,-0.6655709,-6.902839E-05,1.63822,22,22,22,22,22,22,22,22,22,22,22,22,22,22,22,22
891,8910,-61.1992,-62.87066,-40.37665,-31.30236,-24.85393,-16.0449,-13.14658,-12.29074,-9.531985,-8.735293,-7.128197,-7.061371,-7.153248,-6.451329,-6.446846,0.4828327,23,23,23,23,23,23,23,23,23,23,23,23,23,23,23,23,891,8910,-9.278574,-10.01484,-8.379115,-8.790474,6.565338,-0.001900689,-5.485325,-5.215207,-3.753998,-3.734344,-2.759867,-2.559025,-1.7922,-2.339051,-1.806787,-1.695629,23,23,23,23,23,23,23,23,23,23,23,23,23,23,23,23,891,8910,-1.838232,-5.372387,-4.598509,-2.321845,-2.458761,-3.314043,-3.234713,-69.13146,-0.3708984,0.7269171,-0.2384309,0.4850448,-0.6595486,-0.1097286,0.2212681,1.053039,22,22,22,22,22,22,22,22,22,22,22,22,22,22,22,22
892,8920,-61.92059,-63.23338,-40.25356,-33.12907,-26.66402,-19.99347,-15.31607,-13.41925,-10.89271,-9.964601,-7.00952,-8.069987,-6.795587,-7.407077,-5.611146,-0.6034863,23,23,23,23,23,23,23,23,23,23,23,23,23,23,23,23,892,8920,-9.009865,-9.093381,-7.986828,-8.273899,6.959397,0.6118163,-5.224122,-4.563313,-3.883447,-4.120659,-2.3656,-1.88561,-2.048212,-2.116285,-2.168136,-2.486942,23,23,23,23,23,23,23,23,23,23,23,23,23,23,23,23,892,8920,-2.872255,-5.244473,-4.470714,-3.095783,-2.847329,-2.040112,-2.329585,-69.02211,0.6179212,-0.1199328,0.2383731,-0.3638342,-0.6595486,0.001439964,-0.3320763,1.170079,22,22,22,22,22,22,22,22,22,22,22,22,22,22,22,22
893,8930,-58.31367,-61.5407,-38.53038,-32.2766,-27.02603,-19.87007,-14.16752,-13.41925,-10.76901,-10.08753,-7.128197,-8.322141,-7.51091,-7.765482,-5.730532,0.1207274,23,23,23,23,23,23,23,23,23,23,23,23,23,23,23,23,893,8930,-9.009865,-8.961744,-8.117591,-8.790474,7.222103,-0.2473464,-5.224122,-5.215207,-4.142344,-4.120659,-2.49702,-2.42434,-3.072214,-2.6732,-1.927237,-2.373899,23,23,23,23,23,23,23,23,23,23,23,23,23,23,23,23,893,8930,-2.068017,-4.860735,-5.365275,-2.450835,-3.106375,-2.931863,-2.846801,-68.80338,-0.1236933,0.1220229,0.3575743,0.2425465,-0.6594972,-0.3320659,0.5532753,1.521187,22,22,22,22,22,22,22,22,22,22,22,22,22,22,22,22
894,8940,-59.15528,-62.62885,-39.63814,-36.53891,-29.07745,-20.48704,-13.78467,-13.79542,-12.00603,-11.68563,-8.789696,-10.21329,-9.060777,-9.078289,-6.685617,-0.8448914,23,23,23,23,23,23,23,23,23,23,23,23,23,23,23,23,894,8940,-8.6068,-7.512574,-7.986828,-7.368946,6.959397,0.3663706,-5.746525,-4.82407,-5.566279,-4.764519,-3.154135,-2.289657,-3.456234,-1.893567,-1.806787,-2.147807,23,23,23,23,23,23,23,23,23,23,23,23,23,23,23,23,894,8940,-2.872255,-5.5003,-4.981892,-2.966794,-2.329239,-1.912719,-2.458889,-69.02211,-9.070009E-05,0.1220229,-0.1192297,-0.6063871,-1.099841,-0.3320659,-0.4427449,1.287113,22,22,22,22,22,22,22,22,22,22,22,22,22,22,22,22
895,8950,-62.16105,-62.26613,-43.69992,-42.62793,-35.47309,-24.4356,-16.71986,-14.42236,-11.51122,-10.70218,-8.314983,-9.835062,-8.822337,-8.24294,-6.805002,-0.9655932,23,23,23,23,23,23,23,23,23,23,23,23,23,23,23,23,895,8950,-8.203735,-7.248974,-8.902164,-7.627504,6.696691,0.1208735,-6.13833,-5.867102,-5.825177,-4.635747,-3.416976,-2.693704,-3.968261,-2.561865,-2.649985,-2.260853,23,23,23,23,23,23,23,23,23,23,23,23,23,23,23,23,895,8950,-2.41269,-5.372387,-5.23748,-2.708814,-3.106375,-3.059256,-2.976105,-69.24083,0.8651264,0.6059376,0.953579,0.7276523,-0.1090681,0.1126086,0.5533267,1.404147,22,22,22,22,22,22,22,22,22,22,22,22,22,22,22,22
896,8960,-63.84427,-63.71699,-47.02319,-47.74269,-39.93796,-24.80578,-16.84747,-13.67003,-11.38752,-9.595808,-8.55234,-8.574294,-8.703115,-6.451329,-6.32746,2.407967E-05,23,23,23,23,23,23,23,23,23,23,23,23,23,23,23,23,896,8960,-7.262964,-6.853577,-8.379115,-6.981108,7.222103,-0.4928434,-5.485325,-6.388619,-6.342972,-4.506975,-3.154135,-2.559022,-2.43218,-2.673251,-2.047738,-2.826128,23,23,23,23,23,23,23,23,23,23,23,23,23,23,23,23,896,8960,-2.757366,-5.756125,-5.365275,-2.837804,-2.588284,-2.294899,-2.976105,-69.56892,-0.1236933,0.2430024,0.2383731,-0.2425593,-0.769583,-0.1097286,0.7746639,1.157019,22,22,22,22,22,22,22,22,22,22,22,22,22,22,22,22
897,8970,-67.57142,-64.80514,-51.20806,-50.30008,-40.05863,-26.03971,-17.35794,-13.16847,-10.89271,-10.21046,-8.789696,-10.33937,-9.7761,-8.720283,-6.805002,-0.2413794,23,23,23,23,23,23,23,23,23,23,23,23,23,23,23,23,897,8970,-6.859415,-6.985376,-8.248353,-7.627504,6.696691,0.2435964,-5.877127,-6.258239,-5.825177,-3.863116,-3.022711,-2.828387,-2.176165,-1.893567,-2.168187,-2.713085,23,23,23,23,23,23,23,23,23,23,23,23,23,23,23,23,897,8970,-2.527592,-5.628213,-5.109686,-2.450835,-2.199716,-3.314043,-2.329585,-68.80338,-0.4945005,0.3639819,-0.1192297,0.3638245,-0.1090681,-0.2208973,0.4426582,2.327175,22,22,22,22,22,22,22,22,22,22,22,22,22,22,22,22
898,8980,-66.36912,-66.01418,-50.59264,-45.55065,-34.26636,-20.98061,-13.2742,-11.03685,-9.284581,-10.08753,-8.908375,-10.08722,-9.537659,-8.839618,-7.521317,-0.2413794,23,23,23,23,23,23,23,23,23,23,23,23,23,23,23,23,898,8980,-7.666317,-8.171622,-9.294451,-8.14462,7.222103,-0.3701206,-5.224122,-5.606344,-5.825177,-3.348028,-2.3656,-3.367116,-2.944207,-3.230166,-1.806839,-2.260905,23,23,23,23,23,23,23,23,23,23,23,23,23,23,23,23,898,8980,-2.757373,-5.372386,-4.981892,-2.579825,-2.588284,-2.677078,-2.200281,-69.3502,0.370717,0.2430024,0.4767751,-0.4851122,-0.5494114,0.2237764,0.1106509,0.8059691,22,22,22,22,22,22,22,22,22,22,22,22,22,22,22,22
899,8990,-66.85004,-66.37689,-50.46955,-44.08929,-29.07745,-19.00632,-10.59425,-11.6638,-8.418665,-9.71874,-7.958948,-9.204679,-7.51091,-8.720283,-8.11758,-0.724188,23,23,23,23,23,23,23,23,23,23,23,23,23,23,23,23,899,8990,-8.875509,-9.225017,-8.509877,-7.498225,6.828044,0.1208735,-5.615923,-6.518787,-5.307383,-4.120659,-2.49702,-2.963069,-1.920153,-2.896017,-2.288637,-2.600039,23,23,23,23,23,23,23,23,23,23,23,23,23,23,23,23,899,8990,-2.297807,-5.244473,-4.342868,-2.063867,-2.588284,-3.186649,-2.717497,-68.80338,-0.2472958,0.1220229,-0.1192297,-6.421245E-06,-0.3292397,0.6684508,-1.765843E-05,1.625076,22,22,22,22,22,22,22,22,22,22,22,22,22,22,22,22
900,9000,-66.97027,-67.10233,-51.57732,-42.87148,-31.12889,-18.75954,-10.33902,-10.15912,-8.913475,-10.21046,-8.789696,-9.204679,-9.179997,-9.31696,-6.924388,-0.9655932,23,23,23,23,23,23,23,23,23,23,23,23,23,23,23,23,900,9000,-8.875509,-9.488291,-8.509877,-8.144619,6.959397,0.1208735,-5.877127,-6.258239,-4.660139,-3.734344,-3.679823,-2.289657,-3.200222,-3.118783,-2.770435,-2.486993,23,23,23,23,23,23,23,23,23,23,23,23,23,23,23,23,900,9000,-2.642481,-5.244473,-4.215074,-2.708865,-2.329239,-2.294899,-2.976105,-68.36592,0.7415238,0.6059376,-0.2384309,-0.2425593,0.001017767,0.8907872,0.4426582,1.391047,22,22,22,22,22,22,22,22,22,22,22,22,22,22,22,22
901,9010,-66.24889,-66.37689,-51.57732,-44.45462,-30.64618,-17.40222,-8.935229,-9.782956,-8.171261,-8.120641,-8.196304,-7.817832,-7.630132,-8.362275,-6.685617,-0.2413794,23,23,23,23,23,23,23,23,23,23,23,23,23,23,23,23,901,9010,-10.62212,-10.67302,-9.163689,-8.01534,6.17133,-0.2473464,-6.660734,-6.258239,-4.919037,-3.734344,-3.548399,-2.289657,-2.816199,-3.452932,-3.493131,-2.713085,23,23,23,23,23,23,23,23,23,23,23,23,23,23,23,23,901,9010,-2.412699,-5.884037,-4.726251,-2.837855,-3.365421,-3.823615,-3.75193,-69.78765,0.370717,0.7269171,0.4767751,-0.2425593,-0.1090681,0.334945,0.331988,1.274033,22,22,22,22,22,22,22,22,22,22,22,22,22,22,22,22
902,9020,-64.56566,-66.256,-50.22339,-40.80122,-28.95678,-16.0449,-8.297147,-8.403672,-7.552749,-6.521683,-8.433661,-6.304911,-7.987792,-7.646015,-6.566231,0.3621309,23,23,23,23,23,23,23,23,23,23,23,23,23,23,23,23,902,9020,-10.62212,-10.40975,-8.771402,-8.403177,6.565338,-0.1246749,-6.39953,-5.606344,-4.271793,-3.090484,-3.022711,-2.020292,-2.944207,-3.118783,-3.131783,-2.826128,23,23,23,23,23,23,23,23,23,23,23,23,23,23,23,23,902,9020,-3.906288,-5.11656,-4.726251,-3.224824,-2.717807,-2.42229,-3.105409,-69.13146,0.6179212,0.2430024,-2.88956E-05,-1.091493,0.3312753,0.6684508,-0.1106862,1.391047,22,22,22,22,22,22,22,22,22,22,22,22,22,22,22,22
903,9030,-65.5275,-66.49781,-51.57732,-42.01902,-28.71543,-15.05776,-8.041911,-7.776726,-6.315726,-6.152533,-7.128197,-6.304911,-6.914808,-7.168139,-6.088689,-0.3620828,23,23,23,23,23,23,23,23,23,23,23,23,23,23,23,23,903,9030,-10.89083,-9.619926,-9.425213,-9.177769,6.433985,0.3663192,-7.183086,-5.736722,-5.048486,-2.575396,-1.971332,-2.289657,-3.712249,-2.896017,-2.288637,-3.05222,23,23,23,23,23,23,23,23,23,23,23,23,23,23,23,23,903,9030,-3.216938,-5.756125,-4.598456,-3.353813,-3.106375,-3.441435,-3.234661,-68.91274,0.1235119,0.001043452,-0.1192297,-0.7276652,-0.3292397,0.2237764,0.331988,1.508062,22,22,22,22,22,22,22,22,22,22,22,22,22,22,22,22
904,9040,-61.80037,-65.65147,-48.37712,-40.55766,-27.87073,-16.78526,-7.786678,-6.899001,-6.192023,-6.398632,-6.534805,-6.683141,-6.437926,-7.765482,-6.446846,-0.1206777,23,23,23,23,23,23,23,23,23,23,23,23,23,23,23,23,904,9040,-10.48777,-9.883199,-9.032927,-9.177769,6.828044,-0.1246749,-7.313688,-5.606296,-4.53069,-3.090484,-2.759867,-2.559022,-3.328226,-2.339099,-2.649985,-2.939174,23,23,23,23,23,23,23,23,23,23,23,23,23,23,23,23,904,9040,-3.102049,-5.244473,-4.342868,-2.708865,-2.070194,-2.167504,-3.363966,-68.80338,1.112332,0.001043452,0.3575743,-0.6063871,-0.1090681,0.4461136,-1.765843E-05,1.274033,22,22,22,22,22,22,22,22,22,22,22,22,22,22,22,22
905,9050,-60.59806,-65.16785,-46.90011,-38.00027,-26.30199,-17.15544,-8.679996,-9.030622,-6.686832,-8.735293,-7.602912,-8.069987,-7.39169,-8.958954,-7.640703,-1.206997,23,23,23,23,23,23,23,23,23,23,23,23,23,23,23,23,905,9050,-10.0847,-10.01484,-9.163689,-9.435966,7.484809,-0.615669,-7.052487,-5.997434,-4.530693,-3.863116,-2.3656,-3.232434,-3.072214,-2.561865,-3.131783,-3.391355,23,23,23,23,23,23,23,23,23,23,23,23,23,23,23,23,905,9050,-3.216938,-5.884037,-4.470662,-2.708865,-2.717807,-3.951007,-2.588141,-68.91274,-9.070009E-05,0.6059376,-0.4768329,-0.4851122,-0.4393256,-0.3320659,0.1106509,1.157019,22,22,22,22,22,22,22,22,22,22,22,22,22,22,22,22
906,9060,-60.47783,-64.80514,-45.91544,-35.19933,-24.85393,-16.78526,-8.55238,-8.905231,-8.418665,-8.858225,-7.128197,-8.700371,-6.676366,-7.28761,-6.924388,-0.4827845,23,23,23,23,23,23,23,23,23,23,23,23,23,23,23,23,906,9060,-8.606801,-9.356653,-8.902164,-8.661375,6.828044,-1.229386,-6.007677,-5.997434,-4.401244,-3.863116,-3.548399,-4.175211,-2.048157,-2.784634,-3.493131,-4.069622,23,23,23,23,23,23,23,23,23,23,23,23,23,23,23,23,906,9060,-3.102049,-5.11656,-4.598456,-2.579876,-1.940671,-2.167504,-2.329533,-68.14719,0.4943195,0.0009888718,-2.88956E-05,-0.6063871,-0.1090681,0.2237764,0.5533267,2.21016,22,22,22,22,22,22,22,22,22,22,22,22,22,22,22,22
907,9070,-62.04082,-64.56333,-45.4231,-39.82698,-31.24955,-18.38936,-10.2114,-8.654451,-8.666069,-8.735292,-7.958949,-8.952524,-8.703115,-8.24294,-8.236793,-0.2413794,23,23,23,23,23,23,23,23,23,23,23,23,23,23,23,23,907,9070,-8.741156,-9.093381,-9.555975,-8.661375,6.959397,-1.106612,-6.660682,-5.345539,-5.307384,-4.893291,-4.468314,-3.367116,-3.072214,-3.0074,-3.493131,-3.504398,23,23,23,23,23,23,23,23,23,23,23,23,23,23,23,23,907,9070,-2.872265,-5.244473,-4.598456,-2.450886,-2.976852,-3.186649,-3.234661,-68.25655,0.370717,0.4849035,0.3576256,0.2425465,0.1111036,0.6684508,0.2213195,0.3378988,22,22,22,22,22,22,22,22,22,22,22,22,22,22,22,22
908,9080,-62.28128,-64.80514,-46.16161,-37.63493,-30.28417,-18.75954,-12.25327,-10.66068,-10.52161,-11.19391,-9.38309,-11.72622,-9.418439,-8.958954,-8.475216,2.407967E-05,23,23,23,23,23,23,23,23,23,23,23,23,23,23,23,23,908,9080,-8.741156,-8.566834,-9.163689,-8.01534,6.039978,-0.9838889,-6.399479,-5.736673,-5.695731,-5.150835,-4.862578,-4.175217,-3.200222,-3.341549,-3.97493,-3.278309,23,23,23,23,23,23,23,23,23,23,23,23,23,23,23,23,908,9080,-3.446722,-5.244473,-4.854046,-2.966845,-2.199716,-2.931863,-2.84675,-68.47529,0.1235119,-0.4829258,0.2384245,-0.3638856,-0.1090681,0.001439162,0.6639953,1.274033,22,22,22,22,22,22,22,22,22,22,22,22,22,22,22,22
909,9090,-59.15529,-63.11246,-43.45375,-35.68645,-28.71543,-17.7724,-10.59425,-9.782957,-9.779391,-9.841669,-8.552341,-10.08722,-9.179997,-8.958954,-8.713639,0.3621309,23,23,23,23,23,23,23,23,23,23,23,23,23,23,23,23,909,9090,-8.069382,-8.698471,-8.248346,-8.790474,5.514565,-0.1246749,-6.138279,-5.997434,-6.084077,-5.923467,-5.51969,-3.905853,-3.584296,-3.230166,-4.215828,-3.504398,23,23,23,23,23,23,23,23,23,23,23,23,23,23,23,23,909,9090,-3.676507,-4.988647,-4.98184,-2.966845,-3.106375,-3.186649,-3.363966,-69.45956,-0.3708984,-0.3619463,-0.2383795,-0.7277165,-0.3292397,0.4461136,0.2213195,0.8059691,22,22,22,22,22,22,22,22,22,22,22,22,22,22,22,22
910,9100,-58.31368,-63.35427,-41.85366,-35.19933,-26.54333,-20.36364,-11.35995,-11.41302,-9.779391,-12.54614,-8.671019,-11.22191,-9.299219,-11.22633,-9.905758,-0.3620828,23,23,23,23,23,23,23,23,23,23,23,23,23,23,23,23,910,9100,-9.009865,-8.830109,-8.771402,-9.048671,6.433985,-0.615669,-6.26888,-6.909298,-5.048488,-6.438554,-6.045378,-4.444582,-4.480345,-4.677928,-3.73403,-3.504398,23,23,23,23,23,23,23,23,23,23,23,23,23,23,23,23,910,9100,-3.216938,-5.244473,-4.215074,-3.224824,-2.329239,-2.167504,-3.363966,-69.13146,0.8651264,0.0009888718,-0.4767815,-0.1213326,-0.3292397,0.2238278,0.4426582,1.508062,22,22,22,22,22,22,22,22,22,22,22,22,22,22,22,22
911,9110,-60.11714,-62.62885,-42.09983,-33.85975,-25.21594,-20.24025,-12.89135,-11.91458,-10.89271,-12.42321,-9.38309,-11.60014,-10.01454,-10.15231,-8.475216,-0.6034863,23,23,23,23,23,23,23,23,23,23,23,23,23,23,23,23,911,9110,-8.203735,-8.961743,-8.640639,-9.82326,6.17133,-0.2473978,-6.660682,-8.211004,-6.472423,-7.339706,-6.439649,-5.252676,-5.504399,-4.566764,-3.974759,-3.504398,23,23,23,23,23,23,23,23,23,23,23,23,23,23,23,23,911,9110,-3.561615,-5.500299,-4.598456,-2.966845,-3.494943,-3.951007,-2.588141,-68.69401,-0.6181031,0.6058831,-0.2383795,-0.3638856,0.2211894,0.001490532,-0.6640338,0.4549195,22,22,22,22,22,22,22,22,22,22,22,22,22,22,22,22
912,9120,-59.87667,-61.90342,-41.73058,-35.68645,-27.26736,-18.75954,-11.48757,-11.16224,-10.76901,-11.19391,-8.671019,-10.84368,-9.179997,-8.481611,-9.071275,-0.8448914,23,23,23,23,23,23,23,23,23,23,23,23,23,23,23,23,912,9120,-8.472445,-8.039824,-9.163689,-10.21056,7.353456,0.6117649,-6.660682,-7.820493,-6.472423,-8.111407,-5.782537,-5.252676,-4.096323,-4.455381,-3.854288,-3.278309,23,23,23,23,23,23,23,23,23,23,23,23,23,23,23,23,912,9120,-3.216938,-5.884037,-4.726251,-2.966845,-2.329239,-3.186649,-2.717445,-69.45956,0.9887289,-0.1199906,-0.2383795,-0.3638856,0.1111036,0.001490532,-1.926374E-05,1.15707,22,22,22,22,22,22,22,22,22,22,22,22,22,22,22,22
913,9130,-61.68014,-62.50794,-44.31534,-37.51315,-29.80148,-20.48704,-13.14658,-11.91458,-11.01641,-10.82511,-8.671019,-10.21329,-9.299219,-9.794303,-8.475216,2.407967E-05,23,23,23,23,23,23,23,23,23,23,23,23,23,23,23,23,913,9130,-9.412929,-9.225017,-10.07903,-10.46875,6.959397,0.1208222,-6.791284,-6.779127,-7.507628,-8.625875,-7.359601,-4.983312,-4.864365,-4.121233,-3.974759,-3.165263,23,23,23,23,23,23,23,23,23,23,23,23,23,23,23,23,913,9130,-3.331779,-5.500299,-4.470662,-3.611792,-2.717807,-3.696221,-1.941621,-68.69401,0.6179212,0.9688182,0.5960276,-0.3638856,0.001017767,0.4461642,-1.926374E-05,0.5719853,22,22,22,22,22,22,22,22,22,22,22,22,22,22,22,22
914,9140,-61.80037,-62.99155,-43.33067,-36.05179,-27.75006,-20.85722,-13.65705,-11.6638,-10.89271,-10.94804,-9.027054,-10.08722,-9.299219,-8.839618,-7.879156,-0.3620828,23,23,23,23,23,23,23,23,23,23,23,23,23,23,23,23,914,9140,-11.15954,-9.225017,-10.73284,-10.59785,6.696691,0.3663192,-7.183086,-7.560153,-7.378385,-7.98279,-6.965337,-5.117994,-4.60835,-3.675698,-3.372406,-2.939174,23,23,23,23,23,23,23,23,23,23,23,23,23,23,23,23,914,9140,-3.791344,-5.372438,-4.726251,-2.321897,-2.588284,-2.677077,-3.105358,-69.24083,0.8651264,-0.7248815,-0.5959823,-0.8489914,-0.4393256,0.001490532,0.3319864,1.274084,22,22,22,22,22,22,22,22,22,22,22,22,22,22,22,22
915,9150,-60.47783,-63.47517,-40.13048,-32.2766,-25.33661,-20.24025,-13.78467,-12.7923,-10.52161,-12.05442,-8.671019,-10.46545,-8.345453,-9.555632,-7.640753,-0.3620828,23,23,23,23,23,23,23,23,23,23,23,23,23,23,23,23,915,9150,-9.950348,-9.619926,-11.51742,-10.85605,7.616111,0.1208222,-7.574891,-8.080832,-8.024602,-8.368641,-7.359601,-6.195454,-5.504399,-4.677928,-3.854288,-3.504398,23,23,23,23,23,23,23,23,23,23,23,23,23,23,23,23,915,9150,-3.791344,-4.477047,-4.598456,-2.837855,-3.235898,-2.677077,-2.070925,-69.24083,-0.1236933,0.2429478,-1.191987,-0.7277165,0.5514469,0.5573328,0.3319864,0.9230348,22,22,22,22,22,22,22,22,22,22,22,22,22,22,22,22
916,9160,-61.19921,-63.47517,-41.85366,-37.75672,-31.73223,-25.17596,-19.39981,-16.80476,-12.74825,-12.91493,-9.38309,-11.22191,-9.060777,-9.197625,-6.92444,-0.8448914,23,23,23,23,23,23,23,23,23,23,23,23,23,23,23,23,916,9160,-9.412929,-9.751563,-9.817507,-10.08146,6.565338,-0.370172,-7.574891,-8.341175,-8.670818,-8.368641,-7.885296,-6.464818,-6.272441,-5.1225,-4.2157,-3.278309,23,23,23,23,23,23,23,23,23,23,23,23,23,23,23,23,916,9160,-3.216887,-5.756176,-4.72625,-2.579824,-2.84733,-3.186649,-2.200229,-69.24083,-9.070009E-05,-0.4829258,-0.1191783,-0.1213326,0.3312753,0.2238278,0.3319864,1.508119,22,22,22,22,22,22,22,22,22,22,22,22,22,22,22,22
917,9170,-60.7183,-63.23336,-41.48441,-34.83399,-29.80148,-24.31221,-17.74079,-15.67626,-11.51122,-12.54614,-9.620446,-11.85229,-8.822337,-9.555632,-8.356004,-0.4827845,23,23,23,23,23,23,23,23,23,23,23,23,23,23,23,23,917,9170,-8.6068,-9.619926,-9.948269,-9.435966,6.565287,-0.615669,-7.313688,-8.992026,-9.317035,-8.883107,-8.148137,-7.13823,-5.632407,-5.1225,-3.974759,-3.504398,23,23,23,23,23,23,23,23,23,23,23,23,23,23,23,23,917,9170,-2.987106,-4.732873,-4.598456,-3.74073,-3.494943,-3.696221,-2.717445,-69.24083,-0.2472958,0.3639241,-0.2383795,-5.779121E-05,0.001017767,0.2238278,0.1106493,0.3379501,22,22,22,22,22,22,22,22,22,22,22,22,22,22,22,22
918,9180,-58.43392,-62.74974,-40.62282,-33.73797,-28.23275,-21.35079,-17.74079,-15.67626,-13.49046,-12.17735,-11.04459,-12.10445,-10.13376,-9.913639,-9.786547,0.3621309,23,23,23,23,23,23,23,23,23,23,23,23,23,23,23,23,918,9180,-8.203735,-8.039771,-9.294451,-9.952358,7.222052,-0.6157204,-7.313688,-9.773052,-9.575521,-8.497257,-7.885296,-7.003548,-4.864365,-4.789071,-3.372406,-3.278309,23,23,23,23,23,23,23,23,23,23,23,23,23,23,23,23,918,9180,-2.987106,-5.244524,-3.959484,-2.192854,-2.84733,-1.912718,-0.7778849,-68.03783,0.1235119,-0.845861,-0.3575803,-0.2426107,0.6615328,0.6685006,0.442655,1.976183,22,22,22,22,22,22,22,22,22,22,22,22,22,22,22,22
919,9190,-59.1553,-62.14522,-40.25356,-35.56467,-30.28417,-22.95489,-18.25125,-15.80165,-13.36676,-13.52959,-10.45119,-12.10445,-10.49142,-10.51032,-9.309698,-0.8448914,23,23,23,23,23,23,23,23,23,23,23,23,23,23,23,23,919,9190,-8.069381,-8.961743,-9.686744,-9.306868,7.222052,-0.6157204,-7.444341,-10.03339,-9.187793,-9.14034,-7.885296,-6.599501,-4.992372,-4.677928,-3.251936,-3.278309,23,23,23,23,23,23,23,23,23,23,23,23,23,23,23,23,919,9190,-2.182864,-4.093308,-4.598456,-2.708814,-2.458762,-2.42229,-0.7778857,-68.91274,-0.2472958,0.8478388,-0.7151831,0.1212203,0.001017767,-0.1096781,-0.7747024,1.15707,22,22,22,22,22,22,22,22,22,22,22,22,22,22,22,22
920,9200,-56.87092,-61.05707,-38.4073,-31.91126,-26.42266,-21.84435,-16.71985,-15.42548,-12.99565,-13.52959,-10.80723,-12.86091,-10.49142,-10.27165,-9.786547,2.407967E-05,23,23,23,23,23,23,23,23,23,23,23,23,23,23,23,23,920,9200,-8.6068,-8.566834,-7.85606,-8.532276,6.827993,-0.4929462,-7.96652,-10.55407,-8.800061,-9.526191,-8.27956,-6.464818,-4.992372,-4.566764,-3.251936,-2.260905,23,23,23,23,23,23,23,23,23,23,23,23,23,23,23,23,920,9200,-1.953083,-4.604959,-5.109634,-2.192854,-1.42258,-1.657932,-1.036493,-68.47529,0.1235119,-0.9668405,-0.3575803,-0.4851636,0.5514469,0.6685006,0.7746623,1.391099,22,22,22,22,22,22,22,22,22,22,22,22,22,22,22,22
921,9210,-59.1553,-62.26612,-39.26889,-34.59043,-27.9914,-23.07828,-16.337,-16.42859,-13.36676,-14.7589,-11.28195,-13.74344,-11.4446,-12.06168,-11.09788,-0.4827845,23,23,23,23,23,23,23,23,23,23,23,23,23,23,23,23,921,9210,-7.666317,-8.566834,-7.85606,-8.144619,6.433934,0.3662678,-7.705544,-10.29373,-9.058549,-9.654807,-9.986341,-6.734183,-5.12038,-5.233643,-4.095229,-2.37395,23,23,23,23,23,23,23,23,23,23,23,23,23,23,23,23,921,9210,-1.493514,-4.221221,-4.342867,-2.321845,-2.588284,-1.785325,-0.2606696,-68.03783,0.370717,0.3639241,-0.3575803,0.3637732,0.4413611,0.001490532,-0.1106894,0.5719853,22,22,22,22,22,22,22,22,22,22,22,22,22,22,22,22
922,9220,-60.95876,-63.11246,-40.49973,-34.59043,-27.38804,-21.84435,-17.23032,-16.3032,-12.87195,-13.89838,-10.68855,-12.48268,-9.895321,-10.03297,-9.42891,-0.9655932,23,23,23,23,23,23,23,23,23,23,23,23,23,23,23,23,922,9220,-6.859415,-7.117175,-7.463773,-7.498224,5.908573,-0.1247263,-8.488188,-9.90322,-9.317036,-9.526191,-9.592486,-7.272913,-4.864365,-4.232615,-4.577112,-2.600039,23,23,23,23,23,23,23,23,23,23,23,23,23,23,23,23,922,9220,-2.182864,-4.604959,-5.109634,-2.450834,-2.588284,-1.403146,-1.295102,-68.91274,-0.7417052,-0.7248784,-0.3575803,-0.4851636,0.2211894,-0.4431839,0.2213179,1.15707,22,22,22,22,22,22,22,22,22,22,22,22,22,22,22,22
923,9230,-61.55991,-62.99155,-40.37665,-36.17357,-27.87073,-21.84435,-16.59224,-15.04931,-12.25344,-11.5627,-9.620446,-10.33937,-9.299219,-10.03297,-9.667335,-0.3620828,23,23,23,23,23,23,23,23,23,23,23,23,23,23,23,23,923,9230,-5.648929,-6.326379,-6.547532,-7.110386,6.171279,-0.1247263,-8.618604,-10.03339,-9.317036,-9.397573,-8.542202,-6.734183,-5.760414,-4.343998,-3.854288,-2.713085,23,23,23,23,23,23,23,23,23,23,23,23,23,23,23,23,923,9230,-1.838191,-4.349133,-4.470662,-2.708814,-2.199716,-1.912718,-2.070926,-68.80338,0.7415238,0.6058862,-0.4767819,0.2424951,0.2211894,0.001490532,-0.221358,0.1039214,22,22,22,22,22,22,22,22,22,22,22,22,22,22,22,22
924,9240,-60.35761,-62.74974,-41.48441,-34.83399,-28.11208,-20.48704,-17.8684,-15.30009,-13.49046,-12.91493,-11.16327,-11.97837,-11.08753,-10.27165,-9.905758,0.1207274,23,23,23,23,23,23,23,23,23,23,23,23,23,23,23,23,924,9240,-5.783427,-5.403783,-5.89279,-7.110386,6.69664,-1.35216,-8.488188,-10.03339,-9.058549,-9.397573,-7.753923,-4.983309,-5.376391,-3.78708,-2.770053,-3.05222,23,23,23,23,23,23,23,23,23,23,23,23,23,23,23,23,924,9240,-2.067972,-4.349133,-4.087278,-1.805885,-1.681626,-1.148359,-1.812318,-68.69401,-0.9889103,-1.329772,0.238424,0.3637732,0.2211894,0.5573328,-1.926374E-05,1.040049,22,22,22,22,22,22,22,22,22,22,22,22,22,22,22,22
925,9250,-60.35761,-61.66159,-40.13048,-32.76373,-24.49191,-19.00632,-16.59224,-14.92392,-12.74825,-12.91493,-10.33252,-12.23052,-10.61064,-9.794303,-8.952063,-0.2413794,23,23,23,23,23,23,23,23,23,23,23,23,23,23,23,23,925,9250,-4.438442,-4.612987,-5.630893,-6.981107,7.484758,-1.106663,-8.749019,-9.382538,-9.187793,-9.14034,-7.228235,-5.656721,-4.736306,-3.675698,-2.649583,-3.165263,23,23,23,23,23,23,23,23,23,23,23,23,23,23,23,23,925,9250,-2.182864,-4.093308,-5.109634,-2.579824,-1.163535,-1.275752,-1.683014,-68.14719,0.370717,0.0009920824,-0.2383799,0.485048,0.1111004,0.3349956,-0.221358,1.274084,22,22,22,22,22,22,22,22,22,22,22,22,22,22,22,22
926,9260,-61.43968,-61.90341,-38.77655,-34.10331,-23.64721,-19.87007,-16.08177,-16.42859,-13.24306,-14.63596,-10.33252,-13.11306,-9.776099,-10.39098,-9.190486,-0.8448914,23,23,23,23,23,23,23,23,23,23,23,23,23,23,23,23,926,9260,-3.900447,-4.876585,-5.107099,-7.110386,7.222052,-1.106663,-8.618604,-9.512709,-9.187793,-9.011724,-6.965388,-5.656721,-4.864313,-4.455333,-3.251936,-2.826128,23,23,23,23,23,23,23,23,23,23,23,23,23,23,23,23,926,9260,-1.723299,-3.965394,-4.98184,-2.063865,-0.9044902,-0.3840017,-1.036493,-69.3502,-0.6181031,-1.208793,0.476826,0.3637732,0.1111004,0.6684492,0.442655,1.15707,22,22,22,22,22,22,22,22,22,22,22,22,22,22,22,22
927,9270,-65.28705,-62.99155,-42.22291,-35.68645,-26.42266,-22.21453,-17.74079,-15.67626,-13.24306,-14.14424,-11.87534,-14.12168,-11.92071,-11.465,-9.071275,-1.206997,23,23,23,23,23,23,23,23,23,23,23,23,23,23,23,23,927,9270,-3.227955,-3.558591,-4.976151,-6.59327,7.090699,-1.229437,-8.488188,-10.03339,-9.704765,-8.368641,-6.965388,-5.791403,-4.864313,-3.675649,-3.372682,-2.939174,23,23,23,23,23,23,23,23,23,23,23,23,23,23,23,23,927,9270,-1.148841,-4.604959,-4.854045,-2.063865,-1.681626,-1.020967,-1.55371,-67.92847,0.2471144,-0.2409637,0.238424,0.848879,0.2211862,-0.2208981,-0.4427497,0.9230348,22,22,22,22,22,22,22,22,22,22,22,22,22,22,22,22
928,9280,-63.24313,-63.11246,-39.76123,-32.2766,-24.37124,-20.24025,-15.82654,-14.79853,-12.99565,-13.52959,-11.28194,-12.3566,-10.61064,-10.62965,-9.42891,-0.3620796,23,23,23,23,23,23,23,23,23,23,23,23,23,23,23,23,928,9280,-3.093456,-3.82219,-4.452357,-5.559038,6.565287,-1.597657,-8.096938,-9.382538,-10.0925,-8.75449,-6.833964,-5.522038,-4.224279,-4.34395,-3.493131,-2.939123,23,23,23,23,23,23,23,23,23,23,23,23,23,23,23,23,928,9280,-1.608406,-3.837481,-4.470662,-2.966793,-1.681626,-1.275752,-1.941622,-69.56892,-0.9889103,-0.7248784,0.715228,0.6063261,-0.2191571,0.001439162,-0.1107424,2.210218,22,22,22,22,22,22,22,22,22,22,22,22,22,22,22,22
929,9290,-61.43968,-62.74974,-41.36132,-35.19933,-25.69863,-20.73382,-15.5713,-14.42236,-13.24306,-13.52959,-12.46873,-13.11306,-11.4446,-10.15231,-9.548122,0.120729,23,23,23,23,23,23,23,23,23,23,23,23,23,23,23,23,929,9290,-3.63145,-3.558591,-5.238048,-5.429759,6.171279,-0.8611661,-8.357769,-8.731687,-9.575523,-7.98279,-7.753923,-5.252674,-4.224279,-4.34395,-3.85448,-2.147807,23,23,23,23,23,23,23,23,23,23,23,23,23,23,23,23,929,9290,-2.068023,-4.477047,-5.493017,-2.450834,-1.681626,-1.403146,-1.683014,-68.36592,-0.7417052,0.0009920824,0.1192233,0.6063261,0.1111004,-1.110245,-0.221411,1.274084,22,22,22,22,22,22,22,22,22,22,22,22,22,22,22,22
930,9300,-63.96452,-62.87064,-44.43842,-40.19232,-27.02603,-19.99347,-14.16752,-14.0462,-12.99565,-13.77545,-11.5193,-12.86091,-10.9683,-10.39098,-8.83285,-0.3620796,23,23,23,23,23,23,23,23,23,23,23,23,23,23,23,23,930,9300,-3.63145,-3.690391,-4.059511,-5.171201,5.514514,-0.4929462,-8.227354,-9.90322,-9.058549,-8.240024,-7.359653,-4.848626,-3.712252,-4.009801,-3.131783,-2.599988,23,23,23,23,23,23,23,23,23,23,23,23,23,23,23,23,930,9300,-1.608458,-3.965394,-4.854045,-1.805885,-0.9044902,-1.657932,-2.20023,-70.11574,-0.3708984,-0.6038989,-0.1191791,0.485048,0.3312721,-0.4432353,-0.3320795,1.976183,22,22,22,22,22,22,22,22,22,22,22,22,22,22,22,22
931,9310,-62.88244,-63.95879,-45.17693,-37.14782,-26.66401,-19.4999,-13.52943,-13.54464,-12.25344,-13.03787,-11.04459,-11.60014,-10.01454,-9.436296,-8.236793,2.729029E-05,23,23,23,23,23,23,23,23,23,23,23,23,23,23,23,23,931,9310,-3.093456,-3.82219,-4.583241,-5.171201,5.251808,-0.1247263,-8.618604,-9.90322,-9.058549,-8.240024,-7.753923,-4.579261,-3.456237,-3.564266,-2.409086,-1.921718,23,23,23,23,23,23,23,23,23,23,23,23,23,23,23,23,931,9310,-1.72335,-4.860785,-5.109634,-1.934875,-1.42258,-1.530539,-1.424406,-69.45956,-0.2472958,0.1219716,0.3576248,-0.1213326,-0.1090713,-0.4432353,-0.1107424,1.859169,22,22,22,22,22,22,22,22,22,22,22,22,22,22,22,22
932,9320,-60.7183,-63.83788,-44.6846,-41.16656,-29.56015,-23.44846,-16.08177,-14.0462,-11.26382,-12.54614,-10.92591,-12.73483,-10.01454,-10.74899,-9.667335,-1.206995,23,23,23,23,23,23,23,23,23,23,23,23,23,23,23,23,932,9320,-3.093456,-3.690391,-3.79755,-5.817597,6.433934,-0.9839403,-8.488188,-9.90322,-9.317036,-8.497256,-6.176853,-4.713944,-3.328229,-3.230118,-2.168187,-1.695629,23,23,23,23,23,23,23,23,23,23,23,23,23,23,23,23,932,9320,-1.838242,-3.837481,-4.854045,-1.805938,-1.552103,-1.785325,-1.812318,-70.00637,-9.070009E-05,-0.1199842,0.1192233,0.6063261,0.3312721,-0.3320659,0.2212649,1.625134,22,22,22,22,22,22,22,22,22,22,22,22,22,22,22,22
933,9330,-60.83853,-62.87064,-42.22291,-37.75672,-28.47408,-20.48704,-14.29513,-12.41613,-10.1505,-11.43977,-9.97648,-10.96975,-9.299215,-10.62965,-9.667335,-0.4827814,23,23,23,23,23,23,23,23,23,23,23,23,23,23,23,23,933,9330,-3.093456,-3.294992,-4.452292,-6.463993,6.827993,-0.002003429,-8.488188,-9.252369,-8.670819,-8.497256,-5.782588,-4.713944,-3.328229,-2.895969,-2.168187,-1.582583,23,23,23,23,23,23,23,23,23,23,23,23,23,23,23,23,933,9330,-1.493566,-4.477046,-5.109634,-1.676948,-1.940671,-1.275752,-0.9071895,-69.13146,0.370717,0.6058862,0.1192233,-0.3638856,-0.6595004,-0.1097295,0.5532706,0.9230348,22,22,22,22,22,22,22,22,22,22,22,22,22,22,22,22
934,9340,-57.5923,-62.50793,-41.85366,-38.24384,-30.52551,-22.58471,-15.95415,-12.29074,-10.2742,-10.33339,-10.21384,-9.708985,-8.941555,-9.078289,-9.42891,-0.2413778,23,23,23,23,23,23,23,23,23,23,23,23,23,23,23,23,934,9340,-4.169445,-3.690391,-5.761771,-6.593271,6.69664,-0.2474491,-9.401103,-8.731687,-9.317036,-7.98279,-4.731206,-4.848626,-3.712252,-2.450434,-2.168187,-1.695629,23,23,23,23,23,23,23,23,23,23,23,23,23,23,23,23,934,9340,-1.263785,-3.965394,-4.470662,-2.192907,-1.681626,-2.294899,-2.329535,-69.89702,0.2471144,0.0009920824,0.238424,0.7276009,-0.4393288,-0.1097295,0.1105947,1.742148,22,22,22,22,22,22,22,22,22,22,22,22,22,22,22,22
935,9350,-62.16106,-61.29889,-45.91544,-43.72395,-34.62836,-25.29935,-18.63411,-11.6638,-9.531987,-9.349947,-9.501767,-9.078602,-8.583894,-8.720283,-8.356004,2.729029E-05,23,23,23,23,23,23,23,23,23,23,23,23,23,23,23,23,935,9350,-3.63145,-4.217588,-5.368925,-7.627504,6.827993,-0.002003429,-8.879437,-8.731687,-9.317036,-7.725557,-4.994053,-4.713944,-3.712252,-2.895969,-2.047738,-1.695629,23,23,23,23,23,23,23,23,23,23,23,23,23,23,23,23,935,9350,-1.953134,-4.988698,-4.598456,-1.676948,-1.940671,-1.403147,-1.812368,-69.13146,-9.070009E-05,0.9688215,0.5960272,-5.779121E-05,-0.3292429,-0.4432353,0.2212649,1.274084,22,22,22,22,22,22,22,22,22,22,22,22,22,22,22,22
936,9360,-61.19921,-61.05707,-45.66927,-43.48039,-36.1971,-26.1631,-16.97509,-10.78607,-7.923857,-7.136981,-8.196304,-7.187449,-6.914806,-6.929153,-7.521368,0.3621342,23,23,23,23,23,23,23,23,23,23,23,23,23,23,23,23,936,9360,-4.707439,-4.481187,-6.023668,-7.110387,6.171279,-0.3702233,-9.270687,-8.471344,-8.929305,-6.953642,-5.519741,-4.444579,-3.328229,-3.118735,-2.047738,-1.921718,23,23,23,23,23,23,23,23,23,23,23,23,23,23,23,23,936,9360,-1.838242,-4.22122,-5.109634,-1.676948,-2.199716,-2.549684,-2.717497,-70.22511,-0.2472958,0.242951,1.072831,0.7276009,-0.3292429,-0.5544031,0.5532706,1.976183,22,22,22,22,22,22,22,22,22,22,22,22,22,22,22,22
937,9370,-59.63622,-62.14522,-42.22291,-39.33986,-32.69761,-23.81864,-14.16752,-10.66068,-7.181643,-7.260031,-7.128197,-6.683141,-5.484159,-7.287558,-6.566282,-0.2413778,23,23,23,23,23,23,23,23,23,23,23,23,23,23,23,23,937,9370,-3.900447,-4.744786,-6.547462,-6.851829,6.69664,-0.1247263,-9.009853,-9.512709,-9.187793,-6.438554,-5.256894,-4.040532,-3.456237,-3.230118,-2.288637,-2.373899,23,23,23,23,23,23,23,23,23,23,23,23,23,23,23,23,937,9370,-2.182915,-4.604959,-5.109634,-2.450886,-1.811148,-1.657933,-1.941672,-69.24083,0.1235632,0.6058862,-0.1191791,-0.6064385,-0.6595004,0.2237764,-0.1107424,1.508119,22,22,22,22,22,22,22,22,22,22,22,22,22,22,22,22
938,9380,-60.83853,-61.7825,-44.93077,-44.33285,-35.47306,-22.70811,-10.84948,-8.027505,-6.686832,-6.39863,-6.060092,-5.800603,-5.126498,-6.451281,-5.491812,-1.448399,23,23,23,23,23,23,23,23,23,23,23,23,23,23,23,23,938,9380,-4.034946,-5.403783,-6.67841,-6.851829,7.616059,0.1207708,-8.879437,-8.992026,-9.446278,-6.181011,-4.468365,-3.905849,-3.968264,-3.230118,-2.409086,-2.147807,23,23,23,23,23,23,23,23,23,23,23,23,23,23,23,23,938,9380,-2.068023,-4.604959,-4.598456,-1.805938,-2.458762,-2.294899,-2.329585,-69.67828,0.1235632,-0.2409637,0.1192233,-5.779121E-05,-0.6595004,0.6684492,0.442602,1.625134,22,22,22,22,22,22,22,22,22,22,22,22,22,22,22,22
939,9390,-60.35761,-61.7825,-42.83833,-38.12206,-32.33559,-24.18882,-12.63612,-8.654451,-5.944633,-5.783381,-5.585085,-4.665912,-4.411176,-5.137128,-6.08874,0.3621342,23,23,23,23,23,23,23,23,23,23,23,23,23,23,23,23,939,9390,-4.034946,-5.008384,-6.940307,-7.368946,6.69664,-0.3702233,-8.357769,-9.773048,-9.187793,-6.181011,-4.336941,-4.848626,-4.096272,-4.009801,-3.372682,-2.826077,23,23,23,23,23,23,23,23,23,23,23,23,23,23,23,23,939,9390,-2.412699,-4.604959,-4.215073,-2.450886,-1.940671,-1.785326,-2.846801,-69.13146,0.7415752,0.3639305,0.2384245,-0.2426107,0.2211862,-0.4432353,-0.221411,1.625134,22,22,22,22,22,22,22,22,22,22,22,22,22,22,22,22
940,9400,-63.24313,-61.7825,-46.53086,-44.69819,-39.45525,-29.24792,-18.50649,-9.281399,-6.934237,-3.076282,-5.228656,-3.026912,-3.815072,-3.225634,-5.372426,0.120729,23,23,23,23,23,23,23,23,23,23,23,23,23,23,23,23,940,9400,-4.57294,-6.326379,-6.67841,-6.981108,7.222052,-0.1247263,-8.096938,-9.122198,-8.024602,-5.537151,-4.074094,-4.309896,-3.328229,-3.452883,-2.288637,-2.826077,23,23,23,23,23,23,23,23,23,23,23,23,23,23,23,23,940,9400,-2.297807,-3.965394,-4.087278,-2.063917,-2.458762,-3.314043,-3.234713,-69.3502,0.1235632,0.6058862,2.247436E-05,0.3638245,-0.1090713,0.2237764,0.7746093,1.508119,22,22,22,22,22,22,22,22,22,22,22,22,22,22,22,22
941,9410,-63.84428,-63.11246,-46.40778,-46.15955,-39.69659,-27.8906,-15.69892,-9.281399,-5.696941,-3.937631,-4.515797,-3.026912,-3.576579,-3.703508,-3.820413,-0.3620796,23,23,23,23,23,23,23,23,23,23,23,23,23,23,23,23,941,9410,-6.186923,-7.644372,-6.809358,-7.498225,6.302632,-0.2474491,-9.009853,-8.861855,-7.766116,-6.438554,-5.519741,-4.309896,-4.22433,-4.232567,-2.770435,-2.260853,23,23,23,23,23,23,23,23,23,23,23,23,23,23,23,23,941,9410,-2.757373,-3.837481,-4.598456,-2.708865,-2.199716,-2.167505,-2.329585,-68.80338,0.6179726,-0.4829226,-0.7151831,-0.6063871,0.3312239,0.6684492,0.3319334,1.391099,22,22,22,22,22,22,22,22,22,22,22,22,22,22,22,22
942,9420,-65.8882,-63.47517,-47.88478,-48.22982,-41.62735,-29.12452,-17.74079,-11.78919,-8.047559,-5.291181,-4.040559,-2.900836,-2.026712,-2.628291,-2.626557,0.2414308,23,23,23,23,23,23,23,23,23,23,23,23,23,23,23,23,942,9420,-6.859415,-8.17157,-7.071255,-8.403178,6.69664,-0.7384432,-8.618604,-8.731687,-6.860767,-5.279606,-4.336941,-5.252674,-3.328281,-3.675649,-3.011333,-2.826077,23,23,23,23,23,23,23,23,23,23,23,23,23,23,23,23,942,9420,-2.527592,-4.22122,-4.087278,-2.579876,-3.235898,-3.314043,-3.493321,-70.11574,0.1235632,0.7268657,0.2384245,-0.4851122,0.0009663975,0.001439162,0.7746093,1.391099,22,22,22,22,22,22,22,22,22,22,22,22,22,22,22,22
943,9430,-68.77374,-66.13508,-51.08497,-53.34459,-44.28214,-35.91112,-24.24925,-17.43171,-11.14012,-8.858225,-3.68413,-5.926681,-1.788271,-3.584039,-2.984662,-0.6034847,23,23,23,23,23,23,23,23,23,23,23,23,23,23,23,23,943,9430,-7.666317,-8.30337,-7.594535,-8.015341,6.69664,0.2434936,-9.009853,-7.690321,-5.566279,-5.408379,-4.994053,-3.501802,-2.816254,-3.564266,-2.529536,-2.599988,23,23,23,23,23,23,23,23,23,23,23,23,23,23,23,23,943,9430,-2.872265,-4.860785,-5.109634,-2.321897,-2.329239,-2.422291,-2.588193,-68.69401,-3.933013E-05,0.0009920824,0.1192237,0.3638245,0.3312239,0.1126086,0.2213195,1.391099,22,22,22,22,22,22,22,22,22,22,22,22,22,22,22,22
944,9440,-67.81189,-65.77236,-52.56199,-53.70993,-42.83407,-31.46898,-20.16551,-14.42236,-9.655689,-6.890831,-4.040559,-3.53122,-1.788271,-2.389355,-1.67142,-0.4828327,23,23,23,23,23,23,23,23,23,23,23,23,23,23,23,23,944,9440,-8.741156,-8.566834,-8.509877,-7.886062,6.302632,-0.6157204,-9.140269,-6.779127,-5.566279,-4.893291,-4.731206,-3.636485,-3.584296,-2.561817,-2.168187,-1.921776,23,23,23,23,23,23,23,23,23,23,23,23,23,23,23,23,944,9440,-2.642481,-4.093307,-4.087278,-2.450886,-3.235898,-3.696222,-3.105409,-70.11574,-0.1236419,0.1219716,-0.2383795,-0.6063871,0.4413097,0.2237764,0.4426582,0.9360057,22,22,22,22,22,22,22,22,22,22,22,22,22,22,22,22
945,9450,-64.56567,-66.73961,-51.08497,-53.10103,-46.21289,-33.81344,-22.46261,-14.29697,-9.655689,-4.922031,-2.971272,-2.522605,-1.788271,-1.672545,-1.552034,-2.407967E-05,23,23,23,23,23,23,23,23,23,23,23,23,23,23,23,23,945,9450,-9.950348,-9.488291,-8.902164,-8.790474,6.69664,-0.8611661,-9.270687,-5.606341,-5.436831,-4.893291,-3.811253,-3.36712,-3.584296,-2.784586,-1.806839,-3.052223,23,23,23,23,23,23,23,23,23,23,23,23,23,23,23,23,945,9450,-2.527582,-4.477046,-3.959484,-2.450886,-2.588284,-3.441436,-2.846801,-69.45956,0.2471658,0.0009920824,-0.4767815,-0.6063871,0.4413097,0.5572814,0.2213195,1.404147,22,22,22,22,22,22,22,22,22,22,22,22,22,22,22,22
946,9460,-62.28129,-65.16784,-51.20806,-49.08228,-42.11004,-29.37131,-19.01696,-13.29386,-9.408285,-4.922031,-3.802939,-4.035527,-2.861256,-2.628291,-2.74589,0.2413794,23,23,23,23,23,23,23,23,23,23,23,23,23,23,23,23,946,9460,-10.75648,-9.619926,-9.032927,-9.435966,6.959346,-0.9839403,-9.401103,-5.475961,-5.307383,-4.378203,-3.285559,-3.636485,-3.840311,-2.450434,-1.806839,-3.165269,23,23,23,23,23,23,23,23,23,23,23,23,23,23,23,23,946,9460,-2.297798,-3.581604,-3.959484,-2.837855,-3.883512,-3.186649,-2.717497,-69.3502,0.6179726,0.1219716,-0.1191783,0.3638245,-0.1091194,0.001439162,-0.2213548,0.8189656,22,22,22,22,22,22,22,22,22,22,22,22,22,22,22,22
947,9470,-58.31369,-63.23336,-48.74637,-44.33285,-37.16248,-24.68239,-14.8056,-10.78607,-7.429047,-5.045081,-2.971272,-3.657297,-2.622815,-2.986696,-2.387733,0.4827845,23,23,23,23,23,23,23,23,23,23,23,23,23,23,23,23,947,9470,-11.15954,-10.93629,-9.555975,-9.565063,7.353405,-1.106663,-8.227354,-5.084824,-5.177933,-3.991887,-3.67983,-3.771167,-3.200276,-2.6732,-2.770435,-3.504404,23,23,23,23,23,23,23,23,23,23,23,23,23,23,23,23,947,9470,-2.41269,-4.349082,-4.98184,-2.837855,-2.329239,-3.441436,-2.329585,-68.58464,0.4943709,-0.3619431,-0.7151831,-0.2425593,0.4413097,0.001439162,0.4426582,1.75526,22,22,22,22,22,22,22,22,22,22,22,22,22,22,22,22
948,9480,-61.31945,-64.56332,-50.1003,-48.83872,-35.23172,-24.68239,-13.01897,-10.03373,-6.315725,-6.15253,-3.44651,-5.170219,-3.338137,-5.017659,-3.700975,-0.3621309,23,23,23,23,23,23,23,23,23,23,23,23,23,23,23,23,948,9480,-10.62212,-10.80465,-9.686744,-8.273899,6.565287,-1.106663,-7.574888,-4.563309,-5.048486,-3.605572,-3.416982,-3.905849,-1.920204,-2.561817,-3.011333,-3.278316,23,23,23,23,23,23,23,23,23,23,23,23,23,23,23,23,948,9480,-3.102039,-4.093256,-3.83169,-2.837804,-3.883512,-2.80447,-2.717497,-69.89702,0.3707683,1.33176,0.1192237,-0.6063871,0.3312239,0.334945,-0.2213548,0.8189656,22,22,22,22,22,22,22,22,22,22,22,22,22,22,22,22
949,9490,-59.99691,-63.83788,-49.23871,-46.64668,-34.62836,-26.1631,-16.84747,-12.91769,-8.047559,-6.02948,-4.396988,-5.800603,-4.291901,-5.137128,-4.178518,-0.3621309,23,23,23,23,23,23,23,23,23,23,23,23,23,23,23,23,949,9490,-10.75648,-10.27811,-10.20979,-8.790474,5.908625,-1.474883,-7.70549,-4.302549,-5.307383,-3.734344,-4.468365,-3.636485,-2.560242,-2.561817,-2.890884,-3.052223,23,23,23,23,23,23,23,23,23,23,23,23,23,23,23,23,949,9490,-2.297798,-4.093256,-4.470662,-2.450835,-3.365471,-3.186649,-0.9072401,-68.80338,-0.247244,-1.208793,-0.5959823,0.4850994,0.5513955,-0.4432345,-1.765843E-05,1.053039,22,22,22,22,22,22,22,22,22,22,22,22,22,22,22,22
950,9500,-62.76221,-63.23336,-51.57732,-51.63967,-42.11004,-30.97541,-19.65504,-12.7923,-7.305345,-5.16813,-4.040559,-4.665912,-3.218917,-4.539787,-3.820361,-0.2414292,23,23,23,23,23,23,23,23,23,23,23,23,23,23,23,23,950,9500,-9.815992,-9.751563,-10.73284,-8.403178,6.302683,-1.229386,-6.791281,-4.172172,-4.660139,-3.605572,-4.074094,-2.28966,-2.176219,-2.116285,-2.529536,-3.504404,23,23,23,23,23,23,23,23,23,23,23,23,23,23,23,23,950,9500,-2.527582,-3.83743,-3.959484,-2.966794,-3.494994,-3.568777,-2.846801,-70.11574,0.2471658,0.8478452,-0.7151831,-0.1212813,0.4413097,-0.1097286,0.2213195,0.4678584,22,22,22,22,22,22,22,22,22,22,22,22,22,22,22,22
951,9510,-64.80613,-63.83788,-53.30049,-51.51788,-44.04079,-32.70291,-24.6321,-17.05554,-12.50084,-9.964601,-5.228656,-7.56568,-3.457357,-2.986696,-2.74589,0.9655932,23,23,23,23,23,23,23,23,23,23,23,23,23,23,23,23,951,9510,-9.278574,-9.619926,-9.163689,-9.565063,6.039978,-0.370172,-7.574943,-4.432929,-4.271793,-3.605572,-4.074094,-2.693708,-2.688246,-2.6732,-2.649985,-2.260911,23,23,23,23,23,23,23,23,23,23,23,23,23,23,23,23,951,9510,-2.068017,-4.093256,-3.959484,-3.353763,-2.976903,-2.931812,-1.812368,-69.56892,0.2471658,-0.7248784,-0.2383795,0.6063775,0.0009663975,0.2237764,0.7746639,1.63822,22,22,22,22,22,22,22,22,22,22,22,22,22,22,22,22
952,9520,-67.21074,-65.40965,-55.26984,-52.97925,-43.79944,-34.67719,-26.9292,-17.93327,-11.88233,-8.489433,-4.515797,-6.178834,-2.145932,-2.508822,-2.387733,-0.3621309,23,23,23,23,23,23,23,23,23,23,23,23,23,23,23,23,952,9520,-9.412929,-10.01484,-9.686744,-9.694162,6.565338,-0.615669,-6.921937,-4.693686,-4.660139,-4.378203,-3.285559,-2.28966,-1.7922,-2.450434,-1.806839,-1.80873,23,23,23,23,23,23,23,23,23,23,23,23,23,23,23,23,952,9520,-2.068017,-3.965343,-4.726251,-3.353763,-3.624516,-3.186598,-2.070975,-69.3502,-0.6180513,-0.1199842,-0.4767815,-0.1212813,-0.1091194,-0.2208973,-0.1106862,0.2337847,22,22,22,22,22,22,22,22,22,22,22,22,22,22,22,22
953,9530,-66.24889,-65.65146,-54.90058,-55.7802,-47.41961,-35.17076,-22.97308,-14.92392,-9.408285,-6.76778,-3.090081,-5.170219,-1.907491,-2.150417,-2.029577,0.2413794,23,23,23,23,23,23,23,23,23,23,23,23,23,23,23,23,953,9530,-9.144218,-8.435221,-9.294451,-9.565063,6.565338,0.6117649,-7.183137,-4.041792,-5.177933,-4.378203,-2.234182,-2.020296,-2.432235,-1.893519,-1.686389,-2.373957,23,23,23,23,23,23,23,23,23,23,23,23,23,23,23,23,953,9530,-2.068017,-3.965343,-3.703896,-3.353763,-3.365471,-2.549633,-1.683064,-69.24083,-3.933013E-05,-1.087813,-0.3575803,0.7276523,0.5513955,0.5572814,0.2213195,1.287113,22,22,22,22,22,22,22,22,22,22,22,22,22,22,22,22
954,9540,-64.56567,-67.34413,-52.93124,-50.1783,-39.09324,-31.71577,-19.14458,-14.0462,-8.047559,-6.767782,-3.327701,-5.044142,-2.265153,-3.225634,-2.865276,-0.4828327,23,23,23,23,23,23,23,23,23,23,23,23,23,23,23,23,954,9540,-9.009865,-8.039824,-9.163689,-9.177769,6.17133,-0.1246749,-7.574943,-4.432929,-5.177933,-3.991939,-2.497026,-2.424343,-2.304227,-1.559369,-1.686389,-1.80873,23,23,23,23,23,23,23,23,23,23,23,23,23,23,23,23,954,9540,-1.838232,-3.709517,-4.470662,-3.482753,-3.883561,-2.804419,-2.20028,-68.69401,0.3707683,0.0009888718,-0.3575803,0.7276523,0.6614814,-0.2208973,-0.5533621,0.3508247,22,22,22,22,22,22,22,22,22,22,22,22,22,22,22,22
955,9550,-62.76221,-66.8605,-51.45423,-45.18531,-36.67979,-29.00113,-18.37888,-11.6638,-7.552749,-5.906433,-3.44656,-4.665912,-2.265153,-3.822975,-2.626505,-0.3621309,23,23,23,23,23,23,23,23,23,23,23,23,23,23,23,23,955,9550,-8.203735,-8.830109,-9.555975,-8.661375,7.222103,-0.1246749,-6.530132,-4.824067,-5.177933,-3.219307,-1.708488,-2.559025,-1.408177,-2.116285,-1.686389,-2.260911,23,23,23,23,23,23,23,23,23,23,23,23,23,23,23,23,955,9550,-2.182909,-3.965343,-4.215074,-2.966794,-2.976903,-2.42224,-2.588192,-69.67828,-0.3708466,-1.08782,0.3575743,-0.2425593,-0.3292911,0.334945,-1.765843E-05,0.2337847,22,22,22,22,22,22,22,22,22,22,22,22,22,22,22,22
956,9560,-58.43392,-65.28874,-48.00787,-40.92301,-32.57693,-26.40989,-15.69892,-9.406788,-6.934237,-4.060683,-3.090131,-3.909451,-2.384374,-2.269886,-2.984662,0.1206777,23,23,23,23,23,23,23,23,23,23,23,23,23,23,23,23,956,9560,-9.412929,-9.883199,-9.294451,-8.273899,6.828044,-0.7383919,-6.660734,-4.693686,-5.307383,-2.704219,-2.3656,-2.693704,-1.28017,-3.007352,-2.047738,-2.487,23,23,23,23,23,23,23,23,23,23,23,23,23,23,23,23,956,9560,-1.838232,-3.581604,-4.598456,-3.353763,-3.365471,-2.294847,-1.941671,-69.13146,0.1235632,0.1219683,-0.1192297,0.4850448,0.7715672,-0.2208973,-0.6640306,0.9360057,22,22,22,22,22,22,22,22,22,22,22,22,22,22,22,22
957,9570,-60.35761,-63.83788,-49.73104,-44.94175,-37.40382,-28.75434,-17.74079,-10.03373,-5.820735,-3.199333,-3.090131,-2.648682,-2.265206,-2.389355,-2.507119,0.1206777,23,23,23,23,23,23,23,23,23,23,23,23,23,23,23,23,957,9570,-9.815992,-10.67302,-9.817507,-9.048671,5.645918,-0.1246749,-6.660734,-6.648956,-4.53069,-3.090535,-3.416976,-2.42434,-2.944207,-3.675649,-2.770435,-2.600046,23,23,23,23,23,23,23,23,23,23,23,23,23,23,23,23,957,9570,-2.182909,-4.221169,-3.959484,-3.611742,-2.976903,-2.04006,-1.812368,-69.78765,-0.4944491,-1.208796,0.1191723,0.4850448,0.0009663975,0.7796187,-0.7746992,1.053039,22,22,22,22,22,22,22,22,22,22,22,22,22,22,22,22
958,9580,-59.87668,-64.56332,-46.40778,-39.46164,-33.05963,-24.68239,-15.57131,-8.529061,-4.210744,-3.076284,-2.614892,-2.648682,-2.265206,-2.269936,-2.74589,-0.2414292,23,23,23,23,23,23,23,23,23,23,23,23,23,23,23,23,958,9580,-9.950348,-10.80465,-9.817507,-9.048671,6.565338,-0.370172,-6.39953,-5.867098,-4.919037,-2.189131,-2.234176,-2.154975,-2.944207,-2.784586,-2.288637,-2.939181,23,23,23,23,23,23,23,23,23,23,23,23,23,23,23,23,958,9580,-2.182909,-5.372386,-4.215074,-3.740732,-3.365471,-2.42224,-3.49332,-69.78765,-0.6180513,0.1219683,-0.3576317,0.3637668,0.2211381,-0.2208965,-0.5533621,0.4678584,22,22,22,22,22,22,22,22,22,22,22,22,22,22,22,22
959,9590,-58.79461,-64.44241,-45.05385,-37.2696,-30.88753,-25.66953,-15.18845,-9.406788,-3.963053,-5.168133,-2.614892,-3.405143,-1.907544,-3.584087,-3.462255,-2.407967E-05,23,23,23,23,23,23,23,23,23,23,23,23,23,23,23,23,959,9590,-10.35341,-10.54138,-9.425213,-8.661375,6.433985,-0.1246749,-7.574943,-5.215204,-4.919037,-3.219307,-3.548399,-1.88561,-2.560188,-2.784586,-2.529536,-2.373957,23,23,23,23,23,23,23,23,23,23,23,23,23,23,23,23,959,9590,-2.182909,-3.83743,-3.576102,-3.611742,-3.365471,-2.167454,-0.9072393,-69.3502,-0.247244,-1.450755,0.4767751,0.1212171,0.4413097,-0.1097286,-0.8854207,1.053039,22,22,22,22,22,22,22,22,22,22,22,22,22,22,22,22
960,9600,-58.19345,-64.3215,-44.06918,-37.8785,-32.45626,-26.1631,-14.67799,-9.156009,-4.210744,-3.937633,-3.090131,-3.152989,-2.861309,-4.061961,-3.820412,-1.689855,23,23,23,23,23,23,23,23,23,23,23,23,23,23,23,23,960,9600,-10.89083,-10.14647,-10.34056,-9.694162,6.565338,-1.474832,-7.052539,-4.954447,-4.660139,-3.090535,-3.154135,-2.963069,-3.200222,-2.450434,-1.806839,-3.504347,23,23,23,23,23,23,23,23,23,23,23,23,23,23,23,23,960,9600,-2.297798,-4.604908,-4.726251,-3.740732,-2.976903,-2.931812,-2.329584,-69.78765,-0.3708466,-0.2409669,-0.4768329,0.4850448,-0.3292911,-0.2208965,-0.8854207,0.584892,22,22,22,22,22,22,22,22,22,22,22,22,22,22,22,22
961,9610,-56.87091,-62.87064,-43.45375,-35.80824,-31.37021,-25.54613,-12.76373,-8.278282,-3.839208,-3.568484,-2.852511,-2.648682,-2.503647,-4.539835,-4.536726,-0.3621309,23,23,23,23,23,23,23,23,23,23,23,23,23,23,23,23,961,9610,-10.89083,-10.27811,-9.555975,-10.46875,7.747464,-1.229386,-6.791336,-4.302549,-4.012897,-3.090535,-2.49702,-2.828387,-3.200222,-2.227668,-1.806839,-2.939123,23,23,23,23,23,23,23,23,23,23,23,23,23,23,23,23,961,9610,-2.297804,-4.476995,-3.576102,-3.482753,-3.365471,-1.275702,-1.553759,-69.67828,-0.4944491,-0.6039053,-2.88956E-05,0.3637668,0.2211381,0.3349458,-0.1107376,1.287113,22,22,22,22,22,22,22,22,22,22,22,22,22,22,22,22
962,9620,-60.23737,-64.33257,-46.28469,-40.67944,-35.23172,-27.52042,-13.01897,-6.898999,-3.096135,-2.953233,-3.802989,-2.774759,-2.980529,-3.823025,-4.894883,-0.4828327,23,23,23,23,23,23,23,23,23,23,23,23,23,23,23,23,962,9620,-10.48777,-9.751563,-9.686744,-9.435966,7.353456,-1.597606,-6.13833,-3.650655,-3.753998,-3.090535,-2.102756,-2.963069,-2.048157,-2.227668,-1.806839,-2.826077,23,23,23,23,23,23,23,23,23,23,23,23,23,23,23,23,962,9620,-2.297804,-4.732822,-4.342868,-3.095783,-2.717858,-2.549633,-0.9072393,-68.69401,-0.4944491,-1.08782,0.2383731,0.6063229,-0.1091194,-0.3320659,-0.2214061,1.053039,22,22,22,22,22,22,22,22,22,22,22,22,22,22,22,22
963,9630,-60.23737,-63.9698,-47.26936,-42.50615,-36.55912,-27.39703,-12.5085,-6.272053,-2.848444,-3.691533,-3.090131,-3.405143,-3.09975,-4.778771,-5.014269,-0.3621309,23,23,23,23,23,23,23,23,23,23,23,23,23,23,23,23,963,9630,-10.75648,-10.01484,-10.20979,-9.435966,6.959397,-1.843103,-5.615923,-3.781035,-3.883447,-2.189131,-3.154135,-2.693704,-2.560188,-2.450434,-3.252232,-3.617393,23,23,23,23,23,23,23,23,23,23,23,23,23,23,23,23,963,9630,-2.06802,-3.581604,-4.470714,-2.966794,-2.32929,-2.294847,-1.812368,-70.77193,-0.4944491,-0.2409669,0.5959762,0.6063229,0.3312239,0.001439964,-0.2214061,1.287113,22,22,22,22,22,22,22,22,22,22,22,22,22,22,22,22
964,9640,-59.75644,-63.36517,-44.93076,-37.75673,-33.54231,-24.4356,-10.46663,-5.645105,-2.972289,-3.937633,-3.090131,-3.405143,-3.45741,-6.331861,-6.685668,0.4827845,23,23,23,23,23,23,23,23,23,23,23,23,23,23,23,23,964,9640,-9.950348,-10.27811,-10.07903,-9.565063,5.645918,-0.7383919,-6.268932,-3.911415,-4.660139,-2.961763,-3.416976,-2.693704,-1.920153,-2.784586,-3.011333,-3.052169,23,23,23,23,23,23,23,23,23,23,23,23,23,23,23,23,964,9640,-2.182912,-5.244473,-4.598509,-3.224774,-2.717858,-2.294847,-1.424455,-69.02211,-0.3708466,0.3639241,0.3575743,-6.100183E-05,-0.3292911,-0.7767395,-0.1107376,1.053039,22,22,22,22,22,22,22,22,22,22,22,22,22,22,22,22
965,9650,-55.78885,-63.72795,-42.46907,-36.78248,-31.4909,-22.58471,-9.445697,-6.898999,-2.848444,-4.675933,-3.327751,-3.783374,-4.291954,-7.646015,-7.640754,-1.086345,23,23,23,23,23,23,23,23,23,23,23,23,23,23,23,23,965,9650,-10.89083,-10.40975,-10.99437,-9.565063,5.908625,-0.9838889,-6.007729,-3.911415,-4.53069,-2.961763,-3.285559,-2.559022,-2.43218,-2.227668,-2.890884,-2.826077,23,23,23,23,23,23,23,23,23,23,23,23,23,23,23,23,965,9650,-1.723347,-3.965345,-4.470714,-3.482754,-2.976903,-2.804419,-2.070975,-70.00637,-0.247244,-0.2409669,0.1191723,0.6063229,-0.2192053,-0.3320659,-0.4427449,1.170073,22,22,22,22,22,22,22,22,22,22,22,22,22,22,22,22
966,9660,-56.26976,-62.27684,-42.09983,-30.69347,-25.57796,-19.00632,-8.169529,-5.018158,-2.105371,-3.691533,-2.852511,-3.152989,-3.576632,-7.646015,-7.998368,-0.8449396,23,23,23,23,23,23,23,23,23,23,23,23,23,23,23,23,966,9660,-10.89083,-10.93629,-9.948262,-9.694162,5.777272,-0.4929462,-6.268932,-5.475961,-3.236203,-2.961763,-2.891288,-2.559022,-2.176165,-2.450434,-2.649985,-2.713034,23,23,23,23,23,23,23,23,23,23,23,23,23,23,23,23,966,9660,-2.06802,-5.372387,-4.598509,-3.095784,-2.458812,-2.294847,-2.20028,-69.24083,-0.3708466,0.0009888718,0.7151771,0.4850448,-0.3292911,-0.6655709,-0.664082,1.287113,22,22,22,22,22,22,22,22,22,22,22,22,22,22,22,22
967,9670,-54.4663,-60.46295,-39.39198,-26.67472,-24.12989,-17.7724,-7.276212,-4.64199,-2.724598,-2.830184,-3.44656,-3.657297,-5.245719,-7.048672,-9.548122,-0.1207274,23,23,23,23,23,23,23,23,23,23,23,23,23,23,23,23,967,9670,-10.75648,-11.19956,-9.686738,-9.694162,6.433985,-0.3702233,-5.74647,-4.041792,-3.365652,-3.348079,-2.628444,-2.693704,-1.792145,-2.116285,-2.288637,-2.599988,23,23,23,23,23,23,23,23,23,23,23,23,23,23,23,23,967,9670,-1.953128,-4.22117,-4.342919,-3.224774,-2.199767,-2.294847,-2.588193,-69.89702,0.2471658,-0.7248815,-2.88956E-05,0.6063229,0.4413097,0.001439964,-6.902839E-05,1.755254,22,22,22,22,22,22,22,22,22,22,22,22,22,22,22,22
968,9680,-56.51023,-60.10017,-38.4073,-29.11032,-22.92316,-15.55133,-6.382894,-4.76738,-2.600753,-3.691533,-4.515847,-4.161604,-5.961041,-7.646015,-8.713639,0.2413794,23,23,23,23,23,23,23,23,23,23,23,23,23,23,23,23,968,9680,-11.02519,-9.48829,-9.163689,-9.694162,6.959397,-0.002003429,-6.268878,-3.520278,-3.4951,-3.348079,-2.234176,-2.154975,-2.43218,-1.893519,-2.168187,-2.147807,23,23,23,23,23,23,23,23,23,23,23,23,23,23,23,23,968,9680,-2.642477,-4.988648,-4.726303,-2.837805,-2.588335,-1.785275,-2.329585,-69.02211,-0.3708466,0.1219683,1.07278,-0.2426139,-0.2192053,0.3349458,0.2212681,0.9359993,22,22,22,22,22,22,22,22,22,22,22,22,22,22,22,22
969,9690,-56.99115,-59.61647,-38.89963,-30.81525,-24.37123,-15.55133,-5.872427,-5.143548,-3.591568,-4.183733,-4.872276,-4.413758,-5.961041,-8.004269,-8.952063,0.3620828,23,23,23,23,23,23,23,23,23,23,23,23,23,23,23,23,969,9690,-11.02519,-8.830109,-9.8175,-9.694162,6.433985,-0.4929462,-6.791281,-3.781035,-4.271793,-3.476851,-2.759867,-1.346882,-2.304173,-2.339051,-1.806839,-2.486942,23,23,23,23,23,23,23,23,23,23,23,23,23,23,23,23,969,9690,-2.182912,-3.709518,-4.470714,-3.224774,-2.070245,-2.04006,-2.070977,-70.22511,-0.6180513,-0.845861,-2.88956E-05,0.3637668,0.4413097,-0.2208965,-0.5534135,1.52118,22,22,22,22,22,22,22,22,22,22,22,22,22,22,22,22
970,9700,-59.39576,-60.7048,-42.46907,-41.04479,-29.19812,-20.11686,-11.35995,-8.278282,-4.210795,-5.414285,-4.634657,-6.052757,-6.676365,-9.794303,-9.667335,-0.4828327,23,23,23,23,23,23,23,23,23,23,23,23,23,23,23,23,970,9700,-10.62212,-9.48829,-9.425213,-8.015341,6.565338,-0.1247263,-5.877072,-4.302549,-4.401242,-3.219256,-2.759867,-2.154975,-2.304173,-1.893519,-1.686389,-2.147807,23,23,23,23,23,23,23,23,23,23,23,23,23,23,23,23,970,9700,-2.06802,-5.116561,-3.831743,-3.224774,-1.940722,-1.912668,-2.717497,-69.56892,-0.1236419,0.3639241,0.7151771,-0.1213391,-0.3292911,-0.3320659,-6.902839E-05,0.9359993,22,22,22,22,22,22,22,22,22,22,22,22,22,22,22,22
971,9710,-58.43391,-61.43036,-41.97674,-36.17358,-24.97459,-17.15544,-9.956164,-8.027504,-4.334641,-5.906486,-5.822753,-5.800603,-7.153246,-10.03297,-8.952063,-0.8449396,23,23,23,23,23,23,23,23,23,23,23,23,23,23,23,23,971,9710,-9.412929,-8.830109,-9.948262,-7.627504,6.565338,-0.3702233,-5.093465,-4.302549,-4.789587,-2.83294,-2.3656,-2.289657,-1.920153,-2.339051,-2.168187,-2.826077,23,23,23,23,23,23,23,23,23,23,23,23,23,23,23,23,971,9710,-2.182912,-4.860735,-4.981892,-2.321846,-2.458812,-2.677026,-1.553761,-69.56892,-3.933013E-05,0.0009888718,0.2383731,0.4850448,-0.3292911,0.2237772,0.9959512,1.755254,22,22,22,22,22,22,22,22,22,22,22,22,22,22,22,22
972,9720,-58.67437,-61.55128,-40.86898,-35.56468,-24.61258,-18.01918,-11.10472,-8.77984,-3.963105,-5.906486,-5.347515,-6.683142,-6.676365,-8.839618,-8.713639,0.2413794,23,23,23,23,23,23,23,23,23,23,23,23,23,23,23,23,972,9720,-9.950348,-10.01484,-9.163689,-7.886062,7.222103,-1.474883,-5.615872,-4.172172,-3.753998,-2.446624,-1.971332,-2.289657,-1.152111,-2.784586,-1.806839,-2.260853,23,23,23,23,23,23,23,23,23,23,23,23,23,23,23,23,972,9720,-2.642477,-4.860735,-4.087331,-2.708815,-1.422632,-1.020915,-2.070977,-70.00637,0.9887803,0.6058831,0.2383731,-0.6063871,-0.4393769,0.3349458,0.4426068,1.287113,22,22,22,22,22,22,22,22,22,22,22,22,22,22,22,22
973,9730,-60.47783,-61.06758,-40.49973,-31.78949,-22.44047,-14.56419,-9.190464,-7.400556,-4.706177,-5.168185,-6.534807,-5.800603,-6.795587,-7.765482,-7.998368,-0.1207274,23,23,23,23,23,23,23,23,23,23,23,23,23,23,23,23,973,9730,-9.412929,-10.01484,-9.163689,-7.627504,7.353456,-0.6157204,-5.48527,-4.563309,-4.012897,-2.704168,-2.49702,-2.020292,-2.048212,-2.784586,-1.927288,-2.939123,23,23,23,23,23,23,23,23,23,23,23,23,23,23,23,23,973,9730,-1.723347,-4.732822,-4.726303,-2.708815,-1.681677,-2.549633,-2.200281,-69.02211,0.2471658,0.1219683,0.3575743,-0.1212813,-0.4393769,0.1126086,0.1105995,0.9359993,22,22,22,22,22,22,22,22,22,22,22,22,22,22,22,22
974,9740,-58.43391,-61.55128,-39.63814,-31.30237,-21.35442,-12.34312,-8.169529,-6.522831,-3.839259,-5.291235,-5.585135,-5.92668,-6.795587,-8.123604,-8.475216,-0.4828327,23,23,23,23,23,23,23,23,23,23,23,23,23,23,23,23,974,9740,-10.48777,-10.14647,-8.509877,-8.273899,6.696691,0.2434936,-6.268878,-4.824067,-3.883447,-2.704168,-3.022711,-2.289657,-2.560242,-3.118735,-2.529536,-2.486942,23,23,23,23,23,23,23,23,23,23,23,23,23,23,23,23,974,9740,-3.102043,-4.860735,-3.959537,-2.708815,-2.199767,-1.912668,-2.588193,-68.91274,0.3707683,-0.1199906,-0.1192297,-0.7276652,-0.5494627,-0.3320659,-0.3320763,0.584892,22,22,22,22,22,22,22,22,22,22,22,22,22,22,22,22
975,9750,-54.70676,-61.1885,-38.53038,-30.44991,-19.06165,-10.12205,-6.255277,-6.898999,-2.972341,-5.906486,-5.585135,-6.557065,-5.722603,-8.004269,-7.759945,-0.2414292,23,23,23,23,23,23,23,23,23,23,23,23,23,23,23,23,975,9750,-10.48777,-9.619927,-8.902164,-8.015341,6.17133,-0.4929462,-5.877072,-4.302549,-3.624549,-2.446624,-3.94267,-1.88561,-2.688246,-2.561817,-1.806839,-1.921718,23,23,23,23,23,23,23,23,23,23,23,23,23,23,23,23,975,9750,-2.642477,-4.476996,-3.703948,-2.321846,-2.84738,-2.804419,-2.717497,-69.13146,0.3707683,0.3639241,-0.1192297,-0.4851122,-0.2192053,0.2237764,0.2213179,1.053039,22,22,22,22,22,22,22,22,22,22,22,22,22,22,22,22
976,9760,-57.95299,-60.22109,-38.65347,-31.78949,-20.63039,-12.46651,-7.914296,-7.776725,-3.839259,-5.414285,-6.060092,-6.304911,-6.199484,-8.958954,-7.521368,-1.810557,23,23,23,23,23,23,23,23,23,23,23,23,23,23,23,23,976,9760,-10.35341,-8.698471,-8.509877,-8.14462,6.565338,-0.6157204,-6.138276,-4.172172,-3.4951,-2.83294,-2.759867,-2.828387,-2.944261,-1.893519,-1.44549,-2.486942,23,23,23,23,23,23,23,23,23,23,23,23,23,23,23,23,976,9760,-2.297804,-3.965345,-3.44836,-2.063867,-2.070245,-2.167454,-2.070977,-67.8191,-3.933013E-05,-0.845861,-0.1192297,-0.7276652,0.5513955,0.4461136,0.442655,1.742097,22,22,22,22,22,22,22,22,22,22,22,22,22,22,22,22
977,9770,-60.83852,-61.06758,-40.13047,-34.59044,-24.85393,-11.72616,-6.255277,-6.648221,-3.467723,-4.799036,-5.109895,-5.800603,-6.199484,-8.958954,-8.713639,-0.4828327,23,23,23,23,23,23,23,23,23,23,23,23,23,23,23,23,977,9770,-10.75648,-10.27811,-9.294451,-8.403178,6.696691,-0.8611661,-5.877072,-4.563309,-3.753998,-3.605572,-2.891288,-2.828387,-2.560242,-2.450434,-2.168187,-2.599988,23,23,23,23,23,23,23,23,23,23,23,23,23,23,23,23,977,9770,-1.838242,-4.22117,-3.44836,-2.192857,-2.458812,-2.931812,-2.588193,-68.91274,0.2471658,0.6058831,-2.88956E-05,0.2425465,0.1110522,0.4461136,-0.1106894,0.9229834,22,22,22,22,22,22,22,22,22,22,22,22,22,22,22,22
978,9780,-64.68589,-61.4198,-44.19225,-38.73096,-30.76686,-14.4408,-9.956164,-6.898999,-3.839259,-3.445485,-5.228706,-4.791988,-5.722603,-7.407073,-8.236793,0.3620828,23,23,23,23,23,23,23,23,23,23,23,23,23,23,23,23,978,9780,-10.62212,-10.27811,-8.902164,-8.919572,7.353456,-1.72038,-5.615872,-4.824067,-3.883447,-3.476799,-2.234176,-2.693704,-2.944261,-2.895969,-1.44549,-2.599988,23,23,23,23,23,23,23,23,23,23,23,23,23,23,23,23,978,9780,-2.527592,-4.604959,-4.215126,-2.063867,-2.588335,-2.167454,-1.941672,-68.91274,0.3707683,-0.2409669,-0.5960336,-6.421245E-06,0.2211381,-0.2208973,0.442655,1.274033,22,22,22,22,22,22,22,22,22,22,22,22,22,22,22,22
979,9790,-64.20497,-62.62885,-43.94608,-39.94876,-32.3356,-15.92151,-10.08378,-7.275167,-3.839259,-4.183786,-4.753467,-5.54845,-4.888059,-6.451326,-7.521368,-0.4828327,23,23,23,23,23,23,23,23,23,23,23,23,23,23,23,23,979,9790,-9.950348,-10.14647,-9.294451,-9.306868,6.696691,-1.72038,-6.399479,-4.693686,-4.142344,-3.605572,-2.628444,-2.963069,-2.048212,-1.893519,-2.288637,-2.939123,23,23,23,23,23,23,23,23,23,23,23,23,23,23,23,23,979,9790,-2.297807,-4.349133,-4.470662,-2.837805,-3.235948,-2.549633,-2.070977,-68.58464,-3.933013E-05,0.4849035,-0.7152345,0.1212716,0.3312239,0.334945,-1.926374E-05,0.3378988,22,22,22,22,22,22,22,22,22,22,22,22,22,22,22,22
980,9800,-67.45119,-63.23338,-47.26936,-47.74271,-39.45526,-23.57185,-18.12364,-14.79853,-8.913475,-10.70218,-5.347515,-7.313526,-5.245721,-8.24294,-7.998368,0.4827845,23,23,23,23,23,23,23,23,23,23,23,23,23,23,23,23,980,9800,-9.547283,-9.751563,-10.47132,-9.306868,6.696691,-1.72038,-5.877072,-4.693686,-4.919037,-2.961712,-3.285559,-3.367116,-1.536185,-1.893519,-2.529536,-2.939123,23,23,23,23,23,23,23,23,23,23,23,23,23,23,23,23,980,9800,-2.068023,-4.732873,-3.959484,-2.321845,-2.458812,-2.549633,-1.553761,-68.91274,-3.933013E-05,-0.4829258,-0.2384309,-0.1212813,0.0009663975,0.334945,0.2213179,1.508062,22,22,22,22,22,22,22,22,22,22,22,22,22,22,22,22
981,9810,-64.44543,-64.92604,-45.79235,-42.38437,-33.78367,-21.22739,-14.42275,-13.92081,-8.047559,-9.841669,-5.822753,-7.313526,-6.437926,-8.958954,-8.236793,-0.7242378,23,23,23,23,23,23,23,23,23,23,23,23,23,23,23,23,981,9810,-10.48777,-10.80465,-10.47132,-9.306868,6.17133,-1.35216,-5.615872,-4.954447,-5.177933,-3.476799,-4.074088,-3.367116,-2.560242,-1.893519,-2.529536,-2.939123,23,23,23,23,23,23,23,23,23,23,23,23,23,23,23,23,981,9810,-2.297807,-3.453743,-3.83169,-2.579824,-2.976905,-2.804419,-2.458889,-69.3502,-0.247244,0.2429478,-0.4768329,0.3638245,0.2211381,-0.2208973,-0.3320265,0.6889483,22,22,22,22,22,22,22,22,22,22,22,22,22,22,22,22
982,9820,-67.33096,-64.80513,-46.77702,-43.60218,-33.30097,-18.63615,-11.10472,-11.16224,-7.429047,-8.243571,-5.466324,-7.187449,-5.961043,-8.123604,-8.952063,-0.3621309,23,23,23,23,23,23,23,23,23,23,23,23,23,23,23,23,982,9820,-10.62212,-10.40975,-10.34056,-9.048671,6.17133,-0.615669,-5.615872,-4.693686,-5.436831,-3.605572,-4.862623,-3.501799,-2.688246,-2.116285,-3.613581,-2.260853,23,23,23,23,23,23,23,23,23,23,23,23,23,23,23,23,982,9820,-2.297807,-4.349133,-4.215073,-2.063865,-2.71786,-2.040112,-0.9072401,-68.91274,-0.4944491,-0.845861,0.1191723,0.3638245,-0.2192053,0.001439162,-0.221358,0.3378988,22,22,22,22,22,22,22,22,22,22,22,22,22,22,22,22
983,9830,-65.28704,-63.23338,-44.80767,-39.70521,-30.40485,-16.53847,-9.445698,-9.406788,-6.439428,-7.136985,-6.178771,-6.430988,-5.961043,-7.526541,-9.071275,0.4827845,23,23,23,23,23,23,23,23,23,23,23,23,23,23,23,23,983,9830,-9.681639,-10.80465,-9.294451,-9.952358,6.17133,-0.615669,-4.832316,-5.345581,-4.53069,-5.022063,-4.994047,-3.097752,-2.944261,-2.6732,-2.770435,-1.582583,23,23,23,23,23,23,23,23,23,23,23,23,23,23,23,23,983,9830,-2.068023,-4.221221,-4.087278,-3.61174,-2.976905,-2.294897,-2.458838,-69.13146,-3.933013E-05,0.0009888718,-0.2384309,-0.1212813,0.2211381,-0.5544031,-0.885371,0.9229834,22,22,22,22,22,22,22,22,22,22,22,22,22,22,22,22
984,9840,-65.16681,-63.9588,-47.51553,-43.60218,-30.64618,-16.29169,-10.2114,-9.657566,-6.56313,-7.874779,-6.29745,-6.683142,-7.51091,-8.123604,-8.594428,-0.1207274,23,23,23,23,23,23,23,23,23,23,23,23,23,23,23,23,984,9840,-9.815992,-10.93629,-9.294451,-10.08146,6.039978,-0.8611147,-5.615923,-5.475961,-4.142344,-5.022063,-4.468359,-3.636481,-2.816254,-3.564266,-2.409086,-2.939123,23,23,23,23,23,23,23,23,23,23,23,23,23,23,23,23,984,9840,-2.527592,-4.477047,-3.703896,-2.837803,-2.588337,-2.167504,-2.20023,-69.02211,-0.1236419,-0.7248815,0.1191723,0.6063775,0.4413097,0.4461136,-1.926374E-05,1.039998,22,22,22,22,22,22,22,22,22,22,22,22,22,22,22,22
985,9850,-62.7622,-63.11246,-48.00787,-46.64668,-35.83509,-24.4356,-16.84747,-11.53841,-6.439428,-6.767835,-5.703944,-6.430988,-7.27247,-9.555632,-10.14418,0.724188,23,23,23,23,23,23,23,23,23,23,23,23,23,23,23,23,985,9850,-9.681639,-10.54138,-10.07903,-10.46875,6.565338,-0.370172,-5.485325,-4.954447,-4.53069,-5.537151,-3.679823,-4.309893,-3.968315,-2.561817,-1.927288,-2.599988,23,23,23,23,23,23,23,23,23,23,23,23,23,23,23,23,985,9850,-2.068023,-4.221221,-4.470662,-3.61174,-3.23595,-2.167504,-2.976055,-69.45956,-0.6181031,-0.3619463,0.1191723,0.1212716,-0.3292911,-0.6655709,-0.3320265,0.9229834,22,22,22,22,22,22,22,22,22,22,22,22,22,22,22,22
986,9860,-63.48359,-63.8379,-47.02319,-44.6982,-34.62837,-22.8315,-13.91229,-11.41302,-6.439428,-7.383031,-7.00952,-6.935295,-7.987792,-10.03297,-9.905758,-0.8449396,23,23,23,23,23,23,23,23,23,23,23,23,23,23,23,23,986,9860,-11.83132,-10.54138,-10.07903,-10.46875,6.959397,-0.370172,-6.530132,-4.693686,-4.919037,-4.764519,-3.811247,-3.771164,-3.456288,-2.116285,-2.047738,-2.373899,23,23,23,23,23,23,23,23,23,23,23,23,23,23,23,23,986,9860,-2.297807,-4.349133,-4.72625,-3.353761,-2.458814,-2.549683,-2.846751,-69.67828,-0.4945005,-0.1199842,-2.88956E-05,0.7276523,0.2211381,0.001439162,-0.221358,1.742097,22,22,22,22,22,22,22,22,22,22,22,22,22,22,22,22
987,9870,-64.56566,-63.71699,-47.51553,-42.62793,-33.1803,-19.74668,-11.99803,-9.782955,-5.449199,-6.275581,-6.416128,-5.92668,-6.437926,-9.436296,-9.667335,-0.8449396,23,23,23,23,23,23,23,23,23,23,23,23,23,23,23,23,987,9870,-10.75648,-9.883199,-10.99437,-10.08146,6.433985,0.1208222,-6.268932,-4.824067,-5.177933,-4.378203,-3.416976,-3.367116,-3.456288,-2.116285,-1.927288,-2.373899,23,23,23,23,23,23,23,23,23,23,23,23,23,23,23,23,987,9870,-1.953134,-5.244524,-4.72625,-3.224772,-2.070246,-1.912718,-2.458838,-68.91274,-0.7417052,0.0009920824,0.5960272,-0.4851122,-0.6595486,0.2237764,0.1106493,1.391047,22,22,22,22,22,22,22,22,22,22,22,22,22,22,22,22
988,9880,-58.31368,-62.14523,-43.33066,-35.56468,-27.02603,-15.79812,-9.956165,-8.027504,-6.56313,-6.767782,-7.246876,-7.56568,-8.822337,-9.31696,-10.14418,0.3620828,23,23,23,23,23,23,23,23,23,23,23,23,23,23,23,23,988,9880,-10.62212,-11.06793,-11.2559,-10.21056,6.565338,-0.370172,-7.705544,-5.736718,-5.825177,-4.249431,-3.285559,-3.36712,-3.456288,-2.561817,-2.168187,-2.713034,23,23,23,23,23,23,23,23,23,23,23,23,23,23,23,23,988,9880,-2.297807,-4.221221,-4.72625,-3.353761,-2.070246,-2.549683,-2.070926,-69.56892,-0.2472958,-0.7248784,0.1192233,0.6063261,0.3312239,0.1126086,-0.6640338,1.391047,22,22,22,22,22,22,22,22,22,22,22,22,22,22,22,22
989,9890,-59.39576,-62.87065,-46.1616,-39.94876,-30.88753,-20.98061,-12.63612,-8.905229,-6.439428,-7.751849,-7.602912,-8.196065,-9.060722,-9.674968,-10.02497,-0.2414292,23,23,23,23,23,23,23,23,23,23,23,23,23,23,23,23,989,9890,-11.42825,-11.59447,-10.8636,-10.33965,7.09075,0.243545,-5.09352,-6.388613,-5.695728,-3.605572,-2.759867,-3.905849,-2.944207,-2.6732,-1.927288,-2.939123,23,23,23,23,23,23,23,23,23,23,23,23,23,23,23,23,989,9890,-2.412699,-4.988698,-4.72625,-2.966793,-2.588337,-2.167504,-2.20023,-69.02211,-0.1236933,0.242951,0.238424,-0.1213326,-0.4393288,-0.5544031,0.1106493,1.508062,22,22,22,22,22,22,22,22,22,22,22,22,22,22,22,22
990,9900,-59.27552,-61.78251,-47.14628,-45.55066,-35.71442,-24.68239,-13.01897,-10.15912,-6.315725,-8.24357,-7.484234,-8.574295,-8.464619,-10.39098,-9.42891,0.3620828,23,23,23,23,23,23,23,23,23,23,23,23,23,23,23,23,990,9900,-10.75648,-11.46284,-10.73284,-10.33965,6.696691,-0.9838889,-5.615923,-7.039467,-5.695728,-4.249431,-3.811247,-3.905849,-3.072214,-3.230169,-2.649985,-2.939123,23,23,23,23,23,23,23,23,23,23,23,23,23,23,23,23,990,9900,-2.182915,-3.965394,-4.470662,-2.321845,-2.199769,-2.804469,-2.20023,-69.78765,-9.070009E-05,0.1219716,0.476826,0.9701539,0.1111004,-0.4432353,-0.4426951,1.742097,22,22,22,22,22,22,22,22,22,22,22,22,22,22,22,22
991,9910,-60.83852,-63.59608,-46.28469,-40.31411,-28.95678,-22.09114,-12.63612,-11.78919,-7.552749,-9.349947,-7.602912,-9.708987,-9.537604,-11.465,-10.02497,-1.327748,23,23,23,23,23,23,23,23,23,23,23,23,23,23,23,23,991,9910,-11.5626,-11.98938,-10.60208,-9.82326,6.565338,-0.615669,-6.13833,-7.820493,-5.566279,-3.219256,-3.94267,-3.905849,-2.944207,-3.007403,-2.649985,-3.052169,23,23,23,23,23,23,23,23,23,23,23,23,23,23,23,23,991,9910,-3.676507,-5.628263,-3.83169,-3.095782,-3.365473,-1.785325,-2.070926,-70.22511,-0.4945005,0.1219716,2.207303E-05,-0.8489914,-0.4393288,0.112607,0.1106493,1.742097,22,22,22,22,22,22,22,22,22,22,22,22,22,22,22,22
992,9920,-59.99691,-61.90342,-43.94608,-36.29536,-26.90535,-21.104,-13.01897,-9.908344,-7.552749,-8.24357,-7.721591,-9.330756,-8.941501,-10.51032,-11.21709,-2.407967E-05,23,23,23,23,23,23,23,23,23,23,23,23,23,23,23,23,992,9920,-10.48777,-12.12102,-10.60208,-10.08146,6.17133,-0.615669,-6.791336,-7.950661,-5.177933,-3.991887,-3.94267,-3.36712,-3.840256,-3.675701,-2.890884,-2.373899,23,23,23,23,23,23,23,23,23,23,23,23,23,23,23,23,992,9920,-2.297807,-4.988698,-4.598456,-2.321845,-1.940724,-2.294897,-2.976055,-70.11574,0.7415238,0.242951,0.715228,0.3637732,-0.3292429,-0.1097295,0.3319864,1.742097,22,22,22,22,22,22,22,22,22,22,22,22,22,22,22,22
993,9930,-60.83853,-61.5407,-46.53085,-39.82698,-30.04283,-22.70811,-14.42275,-9.657566,-8.542367,-8.858225,-9.145732,-10.08722,-10.37215,-10.86832,-10.85945,0.4827845,23,23,23,23,23,23,23,23,23,23,23,23,23,23,23,23,993,9930,-12.23438,-11.46284,-11.2559,-10.21056,6.17133,-0.9838889,-7.444341,-7.820493,-5.436831,-4.249431,-4.468359,-3.905849,-4.096268,-3.118786,-2.529536,-2.713034,23,23,23,23,23,23,23,23,23,23,23,23,23,23,23,23,993,9930,-3.446719,-5.50035,-4.470662,-3.095782,-2.847383,-2.294897,-2.588142,-69.67828,0.1235119,-0.1199842,-0.1191791,-1.091544,-1.099847,-0.4432353,-0.5533637,1.039998,22,22,22,22,22,22,22,22,22,22,22,22,22,22,22,22
994,9940,-60.35761,-62.50793,-45.66926,-37.51316,-28.35341,-20.11686,-13.01897,-10.66068,-9.160879,-10.08753,-9.145732,-10.08722,-10.13371,-11.107,-10.26339,-2.407967E-05,23,23,23,23,23,23,23,23,23,23,23,23,23,23,23,23,994,9940,-12.23438,-11.3312,-10.60208,-10.21056,6.959397,-0.1246749,-7.444341,-7.039467,-5.436831,-3.991887,-4.205511,-4.040532,-3.584241,-2.89602,-1.806839,-2.486942,23,23,23,23,23,23,23,23,23,23,23,23,23,23,23,23,994,9940,-2.412696,-4.988698,-3.576101,-1.934875,-2.329292,-2.167504,-4.010488,-70.11574,-0.3708984,0.1219716,0.3576248,0.485048,-0.4393288,0.4461128,0.2213179,1.508062,22,22,22,22,22,22,22,22,22,22,22,22,22,22,22,22
995,9950,-58.43392,-61.17798,-43.69992,-35.32112,-26.30199,-19.4999,-11.7428,-10.4099,-8.666071,-9.595807,-8.077626,-9.330756,-9.418383,-9.794303,-9.190487,0.1206777,23,23,23,23,23,23,23,23,23,23,23,23,23,23,23,23,995,9950,-12.63744,-11.3312,-10.20979,-11.24334,6.959397,-0.9838889,-7.836143,-6.648956,-5.695728,-4.506975,-4.468359,-4.579261,-4.224276,-2.89602,-2.047738,-2.939123,23,23,23,23,23,23,23,23,23,23,23,23,23,23,23,23,995,9950,-3.216935,-5.244524,-4.342868,-2.579824,-1.940724,-2.549683,-2.976055,-68.47529,-0.1236933,-0.1199842,-0.3575807,-0.7277165,0.1111004,-0.3320659,-0.1106894,1.274033,22,22,22,22,22,22,22,22,22,22,22,22,22,22,22,22
996,9960,-60.7183,-62.38703,-46.03852,-41.65369,-30.76686,-23.32507,-16.59224,-14.0462,-11.38752,-11.93149,-8.077626,-10.08722,-8.703061,-10.03297,-9.309698,-0.6035361,23,23,23,23,23,23,23,23,23,23,23,23,23,23,23,23,996,9960,-11.83132,-10.80466,-9.817507,-10.98515,7.616111,-1.229386,-7.183137,-6.779127,-5.566279,-4.635747,-4.205511,-4.579261,-4.480291,-2.784637,-2.409086,-2.939123,23,23,23,23,23,23,23,23,23,23,23,23,23,23,23,23,996,9960,-2.642477,-4.732873,-4.342868,-2.579877,-2.847383,-3.186648,-2.717447,-69.67828,0.7415238,0.4849068,0.238424,-0.6064385,0.1111004,0.7796187,0.2213179,0.5719339,22,22,22,22,22,22,22,22,22,22,22,22,22,22,22,22
997,9970,-55.66862,-60.33164,-43.82301,-38.12206,-28.95678,-23.44846,-17.86841,-15.55087,-11.14012,-10.70218,-7.602912,-8.952526,-7.630075,-9.197625,-9.548122,0.1206777,23,23,23,23,23,23,23,23,23,23,23,23,23,23,23,23,997,9970,-10.89083,-10.54138,-10.20979,-10.59785,7.353456,-1.965826,-7.183137,-6.779127,-5.177933,-4.378203,-4.074088,-5.252674,-3.328226,-2.450485,-2.890884,-3.504347,23,23,23,23,23,23,23,23,23,23,23,23,23,23,23,23,997,9970,-2.872262,-4.349133,-3.959484,-2.708866,-2.717858,-2.677077,-1.812318,-68.91274,0.1235119,-0.9668373,-0.7151839,-0.3638856,0.3312721,-0.1097295,0.5533235,1.274033,22,22,22,22,22,22,22,22,22,22,22,22,22,22,22,22
998,9980,-58.67438,-59.60622,-45.30001,-37.39138,-29.68081,-22.70811,-18.12364,-15.55087,-11.63493,-10.45632,-8.314983,-8.952526,-8.703061,-8.839618,-9.548122,-2.407967E-05,23,23,23,23,23,23,23,23,23,23,23,23,23,23,23,23,998,9980,-11.42825,-10.14647,-10.34056,-10.08146,6.565338,-1.965774,-6.660734,-6.388613,-5.436831,-4.120659,-4.468359,-4.983309,-3.072214,-2.561868,-2.770435,-3.278258,23,23,23,23,23,23,23,23,23,23,23,23,23,23,23,23,998,9980,-2.75737,-3.965394,-3.703896,-2.321897,-2.588335,-3.568829,-2.717447,-69.3502,0.1235119,0.242951,-0.1191791,-0.4851636,-0.1090713,-0.1097295,-0.7747024,0.6889483,22,22,22,22,22,22,22,22,22,22,22,22,22,22,22,22
999,9990,-56.75069,-60.81526,-46.53086,-41.41012,-32.21492,-25.05257,-18.12364,-14.92392,-10.76901,-10.21046,-8.077626,-9.204679,-8.226179,-8.362275,-8.11758,-0.4828327,23,23,23,23,23,23,23,23,23,23,23,23,23,23,23,23,999,9990,-10.48777,-10.40975,-10.60208,-9.435966,6.302683,-0.8610633,-6.791336,-5.084824,-5.566279,-3.734344,-4.862623,-5.117991,-3.840256,-3.341552,-3.011333,-2.713034,23,23,23,23,23,23,23,23,23,23,23,23,23,23,23,23,999,9990,-2.527585,-4.349133,-3.959484,-1.934928,-1.681677,-2.931863,-1.941671,-68.80338,0.4943195,-0.2409637,2.207303E-05,-0.1213326,-0.1090713,0.2237764,0.442655,1.274033,22,22,22,22,22,22,22,22,22,22,22,22,22,22,22,22
